Function,CPU Time,CPU Time:Effective Time,CPU Time:Spin Time,CPU Time:Overhead Time,Instructions Retired,Microarchitecture Usage(%),Microarchitecture Usage:Microarchitecture Usage(%),Microarchitecture Usage:CPI Rate,Module,Function (Full),Source File,Start Address
engine::TT::put,17.611828,17.611828,0.0,0.0,20662505000,4.3,4.3,4.495869,frankycpp_v1.5.exe,"engine::TT::put(unsigned __int64,enum chess::Depth,class chess::Move,class chess::Value,enum chess::ValueType,class chess::Value)",TT.cpp,0x14024a990
engine::TT::probe,17.298849,17.298849,0.0,0.0,21240540000,4.4,4.4,4.250564,frankycpp_v1.5.exe,engine::TT::probe(unsigned __int64 const &),TT.cpp,0x14024abd0
chess::Attacks::`anonymous namespace'::sliderLookup,6.053597,6.053597,0.0,0.0,85941525000,47.6,47.6,0.361248,frankycpp_v1.5.exe,"chess::Attacks::`anonymous namespace'::sliderLookup(const chess::PieceType, const class chess::Square, const class chess::Bitboard)",attacks.cpp,0x1401694e0
engine::Search::stopConditions,5.886608,5.886608,0.0,0.0,23762330000,15.5,15.5,1.284724,frankycpp_v1.5.exe,engine::Search::stopConditions(void),Search.cpp,0x14020edf0
chess::Attacks::attacks,4.279715,4.279715,0.0,0.0,62535600000,48.6,48.6,0.343774,frankycpp_v1.5.exe,"chess::Attacks::attacks(enum chess::PieceType,class chess::Square,class chess::Bitboard)",attacks.cpp,0x140169540
"std::_Atomic_storage<unsigned __int64,8>::load",2.867809,2.867809,0.0,0.0,1722125000,2.3,2.3,8.622609,frankycpp_v1.5.exe,"std::_Atomic_storage<unsigned __int64,8>::load",atomic,0x14024ac03
"std::_Atomic_storage<unsigned __int64,8>::store",2.854810,2.854810,0.0,0.0,2932105000,3.7,3.7,5.170582,frankycpp_v1.5.exe,"std::_Atomic_storage<unsigned __int64,8>::store",atomic,0x14024ab93
engine::Search::search,1.945871,1.945871,0.0,0.0,24337370000,42.4,42.4,0.417302,frankycpp_v1.5.exe,"engine::Search::search(class chess::Position &,enum chess::Depth,enum chess::Depth,class chess::Value,class chess::Value,enum engine::Search::NodeType,enum engine::Search::Do_Null)",Search.cpp,0x14020a770
engine::PawnTT::probe,1.890874,1.890874,0.0,0.0,8164370000,16.0,16.0,1.222304,frankycpp_v1.5.exe,engine::PawnTT::probe(unsigned __int64),PawnTT.cpp,0x140246e70
engine::Search::qsearch,1.807880,1.807880,0.0,0.0,15322420000,28.6,28.6,0.586787,frankycpp_v1.5.exe,"engine::Search::qsearch(class chess::Position &,enum chess::Depth,class chess::Value,class chess::Value,enum engine::Search::NodeType)",Search.cpp,0x14020c1a0
engine::Evaluator::pieceEval,1.426905,1.426905,0.0,0.0,14606615000,32.8,32.8,0.503998,frankycpp_v1.5.exe,"engine::Evaluator::pieceEval(class chess::Position const &,struct chess::Score &,class chess::Color,enum chess::PieceType)",Evaluator.cpp,0x140248ec0
engine::Search::thread,1.400907,1.400907,0.0,0.0,9829590000,26.2,26.2,0.695003,frankycpp_v1.5.exe,engine::Search::thread,Search.h,0x14020c783
chess::MoveGenerator::updateSortValues,1.333911,1.333911,0.0,0.0,15879490000,37.8,37.8,0.449642,frankycpp_v1.5.exe,"chess::MoveGenerator::updateSortValues(class chess::Position const &,class chess::StaticMoveList<256> *)",MoveGenerator.cpp,0x140242770
"std::ranges::_Insertion_sort_common<chess::Move *,chess::moveValueGreaterComparator,std::identity>",1.317912,1.317912,0.0,0.0,11791315000,28.6,28.6,0.562611,frankycpp_v1.5.exe,"std::ranges::_Insertion_sort_common<chess::Move *,chess::moveValueGreaterComparator,std::identity>(class chess::Move *, class chess::Move *, struct chess::moveValueGreaterComparator, struct std::identity)",algorithm,0x14021b100
"std::_Atomic_storage<unsigned __int64,8>::store",1.238918,1.238918,0.0,0.0,2258230000,5.8,5.8,2.728117,frankycpp_v1.5.exe,"std::_Atomic_storage<unsigned __int64,8>::store",atomic,0x14024aa78
chess::Position::givesCheck,1.169922,1.169922,0.0,0.0,16586310000,48.3,48.3,0.350307,frankycpp_v1.5.exe,chess::Position::givesCheck(class chess::Move),Position.cpp,0x14023bd10
chess::MoveGenerator::fillOnDemandMoveList,1.168922,1.168922,0.0,0.0,13815935000,40.1,40.1,0.431823,frankycpp_v1.5.exe,"chess::MoveGenerator::fillOnDemandMoveList(class chess::Position const &,enum chess::GenMode,bool)",MoveGenerator.cpp,0x140242420
chess::MoveGenerator::getNextPseudoLegalMove,1.168922,1.168922,0.0,0.0,15579990000,43.5,43.5,0.384660,frankycpp_v1.5.exe,"chess::MoveGenerator::getNextPseudoLegalMove(class chess::Position const &,enum chess::GenMode,bool)",MoveGenerator.cpp,0x1402406f0
chess::MoveGenerator::generateMoves,1.138924,1.138924,0.0,0.0,14091475000,42.9,42.9,0.401275,frankycpp_v1.5.exe,"chess::MoveGenerator::generateMoves(class chess::Position const &,class chess::StaticMoveList<256> *,enum chess::GenMode,bool,class chess::Bitboard)",MoveGenerator.cpp,0x1402433d0
engine::Search::thread,1.129925,1.129925,0.0,0.0,9841570000,29.9,29.9,0.600426,frankycpp_v1.5.exe,engine::Search::thread,Search.h,0x14020bb0c
chess::Position::removePiece,1.123925,1.123925,0.0,0.0,10482500000,33.8,33.8,0.493143,frankycpp_v1.5.exe,chess::Position::removePiece(class chess::Square),Position.cpp,0x14023cf20
chess::Position::doMove,1.053930,1.053930,0.0,0.0,11351050000,39.2,39.2,0.455409,frankycpp_v1.5.exe,chess::Position::doMove(class chess::Move),Position.cpp,0x14023b180
engine::Evaluator::kingEval,1.053930,1.053930,0.0,0.0,16211935000,49.3,49.3,0.313320,frankycpp_v1.5.exe,"engine::Evaluator::kingEval(class chess::Position const &,struct chess::Score &,class chess::Color)",Evaluator.cpp,0x140249710
engine::Evaluator::evaluate,0.893941,0.893941,0.0,0.0,11953045000,44.2,44.2,0.390378,frankycpp_v1.5.exe,engine::Evaluator::evaluate(class chess::Position const &),Evaluator.cpp,0x1402487a0
engine::Evaluator::rookEval,0.803946,0.803946,0.0,0.0,11042565000,44.7,44.7,0.382425,frankycpp_v1.5.exe,engine::Evaluator::rookEval,Evaluator.cpp,0x140249068
chess::Position::putPiece,0.740951,0.740951,0.0,0.0,8538745000,41.9,41.9,0.452122,frankycpp_v1.5.exe,"chess::Position::putPiece(enum chess::Piece,class chess::Square)",Position.cpp,0x14023ce10
chess::MoveGenerator::generatePawnMoves,0.733951,0.733951,0.0,0.0,6990330000,32.9,32.9,0.530848,frankycpp_v1.5.exe,"chess::MoveGenerator::generatePawnMoves(class chess::Position const &,class chess::StaticMoveList<256> *,enum chess::GenMode,bool,class chess::Bitboard)",MoveGenerator.cpp,0x1402429a0
chess::Position::isAttacked,0.732951,0.732951,0.0,0.0,9200640000,47.7,47.7,0.372721,frankycpp_v1.5.exe,"chess::Position::isAttacked(class chess::Square,class chess::Color)",Position.cpp,0x14023b9e0
std::_Checked_x86_x64_countr_zero<unsigned __int64>,0.597960,0.597960,0.0,0.0,9362370000,49.7,49.7,0.325336,frankycpp_v1.5.exe,std::_Checked_x86_x64_countr_zero<unsigned __int64>(unsigned __int64),__msvc_bit_utils.hpp,0x140244e80
engine::See::see,0.575962,0.575962,0.0,0.0,8964035000,53.1,53.1,0.326094,frankycpp_v1.5.exe,"engine::See::see(class chess::Position const &,class chess::Move)",See.cpp,0x14027b9f0
func@0x1800126c0,0.570962,0.570962,0.0,0.0,2995000,1.0,1.0,1026.000000,vcruntime140.dll,func@0x1800126c0,[Unknown],0x1800126c0
engine::Evaluator::queenEval,0.372975,0.372975,0.0,0.0,6280515000,53.2,53.2,0.316643,frankycpp_v1.5.exe,engine::Evaluator::queenEval,Evaluator.cpp,0x140248f48
"std::ranges::_Sort_fn::_Sort_common<chess::Move *,chess::moveValueGreaterComparator,std::identity>",0.351977,0.351977,0.0,0.0,3153735000,32.5,32.5,0.456790,frankycpp_v1.5.exe,"std::ranges::_Sort_fn::_Sort_common<chess::Move *,chess::moveValueGreaterComparator,std::identity>(class chess::Move *, class chess::Move *, __int64, struct chess::moveValueGreaterComparator, struct std::identity)",algorithm,0x140243be0
chess::Position::undoMove,0.344977,0.344977,0.0,0.0,4073200000,41.8,41.8,0.442647,frankycpp_v1.5.exe,chess::Position::undoMove(void),Position.cpp,0x14023b660
engine::Evaluator::bishopEval,0.342977,0.342977,0.0,0.0,5546740000,53.6,53.6,0.328834,frankycpp_v1.5.exe,engine::Evaluator::bishopEval,Evaluator.cpp,0x1402491b8
chess::Position::wasLegalMove,0.320979,0.320979,0.0,0.0,5190335000,52.6,52.6,0.320831,frankycpp_v1.5.exe,chess::Position::wasLegalMove(void),Position.cpp,0x14023bed0
chess::Move::encode,0.304980,0.304980,0.0,0.0,3144750000,42.0,42.0,0.446667,frankycpp_v1.5.exe,chess::Move::encode,move.h,0x140243525
std::_Checked_popcount<unsigned __int64>,0.302980,0.302980,0.0,0.0,4854895000,53.1,53.1,0.320790,frankycpp_v1.5.exe,std::_Checked_popcount<unsigned __int64>(unsigned __int64),__msvc_bit_utils.hpp,0x140220a90
"std::array<int,64>::operator[]",0.292981,0.292981,0.0,0.0,3758725000,40.9,40.9,0.383267,frankycpp_v1.5.exe,"std::array<int,64>::operator[]",array,0x140242837
engine::See::attacksTo,0.284981,0.284981,0.0,0.0,4660220000,57.8,57.8,0.276350,frankycpp_v1.5.exe,"engine::See::attacksTo(class chess::Position const &,class chess::Square,class chess::Color)",See.cpp,0x14027bd60
chess::moveValueGreaterComparator::operator(),0.280981,0.280981,0.0,0.0,3444250000,34.3,34.3,0.452174,frankycpp_v1.5.exe,chess::moveValueGreaterComparator::operator(),move.h,0x14021b120
engine::Evaluator::knightEval,0.247983,0.247983,0.0,0.0,3177695000,38.3,38.3,0.422243,frankycpp_v1.5.exe,engine::Evaluator::knightEval,Evaluator.cpp,0x140249270
chess::Bitboard::shifted,0.246984,0.246984,0.0,0.0,4007310000,50.6,50.6,0.327354,frankycpp_v1.5.exe,chess::Bitboard::shifted,bitboard.h,0x140242a9d
"std::_Atomic_address_as<__int64,std::_Atomic_padded<unsigned __int64> >",0.242984,0.242984,0.0,0.0,859565000,10.1,10.1,1.550523,frankycpp_v1.5.exe,"std::_Atomic_address_as<__int64,std::_Atomic_padded<unsigned __int64> >",xatomic.h,0x1402486e0
chess::Position::hasCheck,0.239984,0.239984,0.0,0.0,1548415000,20.5,20.5,0.866538,frankycpp_v1.5.exe,chess::Position::hasCheck(void),Position.cpp,0x14023bcc0
chess::MoveGenerator::generateKingMoves,0.228985,0.228985,0.0,0.0,2617630000,42.4,42.4,0.434783,frankycpp_v1.5.exe,"chess::MoveGenerator::generateKingMoves(class chess::Position const &,class chess::StaticMoveList<256> *,enum chess::GenMode,bool)",MoveGenerator.cpp,0x140243690
"std::_Atomic_storage<unsigned __int64,8>::load",0.216986,0.216986,0.0,0.0,449250000,10.0,10.0,2.413333,frankycpp_v1.5.exe,"std::_Atomic_storage<unsigned __int64,8>::load",atomic,0x140246ea2
engine::See::revealedAttacks,0.211986,0.211986,0.0,0.0,3177695000,57.3,57.3,0.321395,frankycpp_v1.5.exe,"engine::See::revealedAttacks(class chess::Position const &,class chess::Square,class chess::Bitboard,class chess::Color)",See.cpp,0x14027beb0
chess::Bitboard::operator bool,0.208986,0.208986,0.0,0.0,2980025000,42.7,42.7,0.372864,frankycpp_v1.5.exe,chess::Bitboard::operator bool,bitboard.h,0x1402434c4
chess::Move::operator==,0.198987,0.198987,0.0,0.0,2261225000,44.2,44.2,0.411921,frankycpp_v1.5.exe,chess::Move::operator==,PVTable.h,0x1402428a6
chess::Position::getPieceBb,0.198987,0.198987,0.0,0.0,2596665000,40.0,40.0,0.444060,frankycpp_v1.5.exe,chess::Position::getPieceBb,Position.h,0x140248ed2
engine::TT::prefetch,0.191987,0.191987,0.0,0.0,3333435000,57.6,57.6,0.256065,frankycpp_v1.5.exe,engine::TT::prefetch,TT.h,0x14020c771
engine::Evaluator::pawnEval,0.190987,0.190987,0.0,0.0,2686515000,56.7,56.7,0.354515,frankycpp_v1.5.exe,"engine::Evaluator::pawnEval(class chess::Position const &,struct chess::Score &)",Evaluator.cpp,0x140248ae0
"std::array<chess::Bitboard,64>::operator[]",0.184988,0.184988,0.0,0.0,2980025000,50.5,50.5,0.329648,frankycpp_v1.5.exe,"std::array<chess::Bitboard,64>::operator[]",array,0x1401695d0
chess::Position::movePiece,0.183988,0.183988,0.0,0.0,2363055000,43.5,43.5,0.444867,frankycpp_v1.5.exe,"chess::Position::movePiece(class chess::Square,class chess::Square)",Position.cpp,0x14023cde0
std::popcount,0.182988,0.182988,0.0,0.0,1785020000,35.8,35.8,0.411074,frankycpp_v1.5.exe,std::popcount,bit,0x1402490b1
func@0x1400e0a60,0.168989,0.168989,0.0,0.0,2995000,0.6,0.6,251.000000,nvlddmkm.sys,func@0x1400e0a60,[Unknown],0x1400e0a60
"std::array<unsigned __int64,64>::operator[]",0.164989,0.164989,0.0,0.0,2488845000,41.3,41.3,0.341757,frankycpp_v1.5.exe,"std::array<unsigned __int64,64>::operator[]",array,0x14023cf62
chess::Bitboard::operator^=,0.158989,0.158989,0.0,0.0,2306150000,39.0,39.0,0.388312,frankycpp_v1.5.exe,chess::Bitboard::operator^=,bitboard.h,0x14023cf75
chess::makePiece,0.158989,0.158989,0.0,0.0,2659560000,52.8,52.8,0.308559,frankycpp_v1.5.exe,chess::makePiece,piece.h,0x140249799
engine::Search::sendSearchUpdateToUci,0.155990,0.155990,0.0,0.0,440265000,10.9,10.9,2.006803,frankycpp_v1.5.exe,engine::Search::sendSearchUpdateToUci(void),Search.cpp,0x140212d00
chess::Square::{ctor},0.154990,0.154990,0.0,0.0,2303155000,46.2,46.2,0.379714,frankycpp_v1.5.exe,chess::Square::{ctor},square.h,0x14023bd45
std::_Unchecked_popcount<unsigned __int64>,0.141991,0.141991,0.0,0.0,2363055000,47.1,47.1,0.338403,frankycpp_v1.5.exe,std::_Unchecked_popcount<unsigned __int64>(unsigned __int64),__msvc_bit_utils.hpp,0x140220a80
engine::Search::storeTt,0.137991,0.137991,0.0,0.0,1985685000,42.7,42.7,0.407240,frankycpp_v1.5.exe,"engine::Search::storeTt(class chess::Position const &,enum chess::Depth,enum chess::Depth,class chess::Move,class chess::Value,enum chess::ValueType,class chess::Value)",Search.cpp,0x14020cbb0
chess::Position::getPieceBb,0.135991,0.135991,0.0,0.0,1030280000,22.0,22.0,0.773256,frankycpp_v1.5.exe,chess::Position::getPieceBb,Position.h,0x1402429d1
chess::Bitboard::shifted,0.130991,0.130991,0.0,0.0,1377700000,39.7,39.7,0.478261,frankycpp_v1.5.exe,chess::Bitboard::shifted(class chess::Direction),bitboard.h,0x140244c60
chess::Bitboard::operator|=,0.128991,0.128991,0.0,0.0,1434605000,41.3,41.3,0.463466,frankycpp_v1.5.exe,chess::Bitboard::operator|=,bitboard.h,0x14023ce62
chess::operator<,0.127991,0.127991,0.0,0.0,2228280000,50.7,50.7,0.282258,frankycpp_v1.5.exe,chess::operator<,rank.h,0x140249781
chess::Move::encode,0.126992,0.126992,0.0,0.0,1386685000,39.1,39.1,0.373650,frankycpp_v1.5.exe,chess::Move::encode,move.h,0x1402435fd
chess::operator*,0.123992,0.123992,0.0,0.0,2590675000,54.6,54.6,0.218497,frankycpp_v1.5.exe,chess::operator*,value.h,0x140248a05
chess::StaticMoveList<256>::push_back,0.119992,0.119992,0.0,0.0,1135105000,34.1,34.1,0.551451,frankycpp_v1.5.exe,chess::StaticMoveList<256>::push_back,staticmovelist.h,0x140243606
"std::array<chess::Value,25>::operator[]",0.115992,0.115992,0.0,0.0,1512475000,39.8,39.8,0.394059,frankycpp_v1.5.exe,"std::array<chess::Value,25>::operator[]",array,0x140243519
engine::TT::prefetch,0.113992,0.113992,0.0,0.0,1817965000,59.5,59.5,0.313015,frankycpp_v1.5.exe,engine::TT::prefetch,TT.h,0x14020baf6
chess::typeOf,0.112992,0.112992,0.0,0.0,1551410000,41.2,41.2,0.393822,frankycpp_v1.5.exe,chess::typeOf,piece.h,0x14023cf44
engine::See::getLeastValuablePiece,0.110993,0.110993,0.0,0.0,1889845000,72.3,72.3,0.278922,frankycpp_v1.5.exe,"engine::See::getLeastValuablePiece(class chess::Position const &,class chess::Bitboard,class chess::Color)",See.cpp,0x14027bce0
engine::TT::Entry::{ctor},0.108993,0.108993,0.0,0.0,62895000,3.3,3.3,9.571429,frankycpp_v1.5.exe,engine::TT::Entry::{ctor},TT.h,0x14024ac0f
std::atomic<bool>::operator bool,0.106993,0.106993,0.0,0.0,1386685000,46.3,46.3,0.449244,frankycpp_v1.5.exe,std::atomic<bool>::operator bool,atomic,0x14020edf4
std::countr_zero,0.104993,0.104993,0.0,0.0,1209980000,44.4,44.4,0.398515,frankycpp_v1.5.exe,std::countr_zero,bit,0x140243472
chess::MoveGenerator::resetOnDemand,0.103993,0.103993,0.0,0.0,670880000,26.1,26.1,0.781250,frankycpp_v1.5.exe,chess::MoveGenerator::resetOnDemand,MoveGenerator.h,0x14020c553
chess::Position::getPiece,0.103993,0.103993,0.0,0.0,1731110000,50.0,50.0,0.287197,frankycpp_v1.5.exe,chess::Position::getPiece,Position.h,0x140249792
std::atomic<bool>::operator bool,0.103993,0.103993,0.0,0.0,476205000,19.7,19.7,0.798742,frankycpp_v1.5.exe,std::atomic<bool>::operator bool,atomic,0x14020ee5b
std::_Countr_zero_tzcnt<unsigned __int64>,0.100993,0.100993,0.0,0.0,1045255000,39.2,39.2,0.515759,frankycpp_v1.5.exe,std::_Countr_zero_tzcnt<unsigned __int64>(unsigned __int64),__msvc_bit_utils.hpp,0x140244e70
chess::Position::attacksTo,0.097993,0.097993,0.0,0.0,1563390000,49.7,49.7,0.304598,frankycpp_v1.5.exe,"chess::Position::attacksTo(class chess::Square,class chess::Color)",Position.cpp,0x14023bb70
"std::_Atomic_storage<unsigned __int64,8>::load",0.095994,0.095994,0.0,0.0,83860000,3.0,3.0,5.892857,frankycpp_v1.5.exe,"std::_Atomic_storage<unsigned __int64,8>::load",atomic,0x140246ec6
chess::Position::checkRepetitions,0.090994,0.090994,0.0,0.0,290515000,7.7,7.7,1.628866,frankycpp_v1.5.exe,chess::Position::checkRepetitions(int),Position.cpp,0x14023c0d0
chess::Position::getLastMove,0.090994,0.090994,0.0,0.0,1353740000,43.2,43.2,0.336283,frankycpp_v1.5.exe,chess::Position::getLastMove,Position.h,0x140242870
engine::Search::goodCapture,0.087994,0.087994,0.0,0.0,1488515000,42.0,42.0,0.291751,frankycpp_v1.5.exe,"engine::Search::goodCapture(class chess::Position const &,class chess::Move,bool)",Search.cpp,0x14020ca70
std::popcount,0.085994,0.085994,0.0,0.0,1168050000,55.6,55.6,0.402564,frankycpp_v1.5.exe,std::popcount,bit,0x1402491fb
chess::operator<,0.084994,0.084994,0.0,0.0,1605320000,55.7,55.7,0.307836,frankycpp_v1.5.exe,chess::operator<,value.h,0x14027bb88
"std::_Atomic_storage<unsigned __int64,8>::store",0.084994,0.084994,0.0,0.0,266555000,6.9,6.9,2.056180,frankycpp_v1.5.exe,"std::_Atomic_storage<unsigned __int64,8>::store",atomic,0x14024aaf6
engine::Search::checkDrawRepAnd50,0.082994,0.082994,0.0,0.0,119800000,6.1,6.1,3.250000,frankycpp_v1.5.exe,"engine::Search::checkDrawRepAnd50(class chess::Position const &,int)",Search.cpp,0x14020ee70
"std::_Atomic_storage<unsigned __int64,8>::load",0.082994,0.082994,0.0,0.0,131780000,5.8,5.8,2.750000,frankycpp_v1.5.exe,"std::_Atomic_storage<unsigned __int64,8>::load",atomic,0x140246ccb
chess::Color::sign,0.078995,0.078995,0.0,0.0,1039265000,45.0,45.0,0.365994,frankycpp_v1.5.exe,chess::Color::sign,color.h,0x140242b58
chess::operator*,0.078995,0.078995,0.0,0.0,1620295000,48.2,48.2,0.247689,frankycpp_v1.5.exe,chess::operator*,value.h,0x1402489fd
chess::typeOf,0.078995,0.078995,0.0,0.0,1072210000,47.4,47.4,0.326816,frankycpp_v1.5.exe,chess::typeOf,piece.h,0x14024352e
chess::StaticMoveList<256>::push_back,0.074995,0.074995,0.0,0.0,775705000,45.0,45.0,0.436293,frankycpp_v1.5.exe,chess::StaticMoveList<256>::push_back,staticmovelist.h,0x14024354a
chess::Value::operator int,0.074995,0.074995,0.0,0.0,736770000,40.7,40.7,0.500000,frankycpp_v1.5.exe,chess::Value::operator int,value.h,0x14023cee6
"std::array<chess::Bitboard,64>::operator[]",0.074995,0.074995,0.0,0.0,542095000,34.4,34.4,0.580110,frankycpp_v1.5.exe,"std::array<chess::Bitboard,64>::operator[]",array,0x14023b9ff
"std::_Atomic_address_as<char,struct std::_Atomic_padded<bool> >",0.069995,0.069995,0.0,0.0,1060230000,33.1,33.1,0.403955,frankycpp_v1.5.exe,"std::_Atomic_address_as<char,struct std::_Atomic_padded<bool> >(struct std::_Atomic_padded<bool> const &)",xatomic.h,0x14015c970
chess::Move::stripped,0.068995,0.068995,0.0,0.0,898500000,36.6,36.6,0.336667,frankycpp_v1.5.exe,chess::Move::stripped,move.h,0x1402427c0
chess::Value::operator int,0.067995,0.067995,0.0,0.0,646920000,32.2,32.2,0.671296,frankycpp_v1.5.exe,chess::Value::operator int,value.h,0x14023cfe6
std::ranges::_Partition_by_median_guess_common,0.067995,0.067995,0.0,0.0,362395000,15.1,15.1,1.057851,frankycpp_v1.5.exe,std::ranges::_Partition_by_median_guess_common,algorithm,0x140243c3f
chess::operator&,0.066996,0.066996,0.0,0.0,694840000,53.5,53.5,0.422414,frankycpp_v1.5.exe,chess::operator&,bitboard.h,0x14023ba2c
"std::_Atomic_reinterpret_as<__int64,unsigned __int64>",0.066996,0.066996,0.0,0.0,254575000,10.5,10.5,1.505882,frankycpp_v1.5.exe,"std::_Atomic_reinterpret_as<__int64,unsigned __int64>(unsigned __int64 const & __ptr64)",atomic,0x140248600
"std::array<chess::Move,64>::operator[]",0.066996,0.066996,0.0,0.0,1105155000,44.5,44.5,0.336043,frankycpp_v1.5.exe,"std::array<chess::Move,64>::operator[]",array,0x1402428a4
chess::operator+=,0.065996,0.065996,0.0,0.0,967385000,,,0.380805,frankycpp_v1.5.exe,chess::operator+=,value.h,0x140249152
chess::operator&,0.064996,0.064996,0.0,0.0,1030280000,65.8,65.8,0.270349,frankycpp_v1.5.exe,chess::operator&,bitboard.h,0x14027be67
chess::operator&,0.063996,0.063996,0.0,0.0,1069215000,40.5,40.5,0.327731,frankycpp_v1.5.exe,chess::operator&,bitboard.h,0x14020b7a0
chess::Bitboard::operator|=,0.062996,0.062996,0.0,0.0,643925000,48.1,48.1,0.427907,frankycpp_v1.5.exe,chess::Bitboard::operator|=,bitboard.h,0x14023ce56
chess::Value::{ctor},0.062996,0.062996,0.0,0.0,988350000,39.8,39.8,0.378788,frankycpp_v1.5.exe,chess::Value::{ctor},value.h,0x14027bf50
chess::Bitboard::popLSB,0.061996,0.061996,0.0,0.0,1027285000,53.3,53.3,0.279883,frankycpp_v1.5.exe,chess::Bitboard::popLSB,bitboard.h,0x140243472
chess::operator&,0.060996,0.060996,0.0,0.0,991345000,62.1,62.1,0.326284,frankycpp_v1.5.exe,chess::operator&,bitboard.h,0x14023be2a
chess::operator++,0.060996,0.060996,0.0,0.0,931445000,44.9,44.9,0.366559,frankycpp_v1.5.exe,chess::operator++,piecetype.h,0x140243659
_security_check_cookie,0.059996,0.059996,0.0,0.0,506155000,29.6,29.6,0.692308,frankycpp_v1.5.exe,_security_check_cookie,amdsecgs.asm,0x1405f2350
chess::Value::operator int,0.059996,0.059996,0.0,0.0,637935000,27.3,27.3,0.666667,frankycpp_v1.5.exe,chess::Value::operator int,value.h,0x14023cff9
chess::Position::checkInsufficientMaterial,0.057996,0.057996,0.0,0.0,781695000,47.0,47.0,0.310345,frankycpp_v1.5.exe,chess::Position::checkInsufficientMaterial(void),Position.cpp,0x14023c1a0
chess::operator+,0.057996,0.057996,0.0,0.0,1311810000,45.6,45.6,0.264840,frankycpp_v1.5.exe,chess::operator+,value.h,0x140248a29
chess::MoveGenerator::isPseudoLegal,0.055996,0.055996,0.0,0.0,185690000,16.7,16.7,1.338710,frankycpp_v1.5.exe,"chess::MoveGenerator::isPseudoLegal(class chess::Position const &,class chess::Move)",MoveGenerator.cpp,0x140240980
chess::Position::getPieceBb,0.055996,0.055996,0.0,0.0,688850000,40.4,40.4,0.447826,frankycpp_v1.5.exe,chess::Position::getPieceBb,Position.h,0x140243440
chess::Bitboard::operator bool,0.054996,0.054996,0.0,0.0,1006320000,59.1,59.1,0.270833,frankycpp_v1.5.exe,chess::Bitboard::operator bool,bitboard.h,0x140243455
chess::typeOf,0.054996,0.054996,0.0,0.0,985355000,69.9,69.9,0.185410,frankycpp_v1.5.exe,chess::typeOf,piece.h,0x14027bae1
chess::Bitboard::operator bool,0.053996,0.053996,0.0,0.0,572045000,34.4,34.4,0.429319,frankycpp_v1.5.exe,chess::Bitboard::operator bool,bitboard.h,0x1402435b9
chess::MoveGenerator::getEvasionTargets,0.053996,0.053996,0.0,0.0,542095000,53.1,53.1,0.320442,frankycpp_v1.5.exe,chess::MoveGenerator::getEvasionTargets(class chess::Position const &),MoveGenerator.cpp,0x140242910
chess::Position::getNextPlayer,0.053996,0.053996,0.0,0.0,284525000,16.2,16.2,0.947368,frankycpp_v1.5.exe,chess::Position::getNextPlayer,Position.h,0x1402436ae
chess::operator<,0.053996,0.053996,0.0,0.0,874540000,62.3,62.3,0.291096,frankycpp_v1.5.exe,chess::operator<,file.h,0x140249770
chess::operator&,0.052996,0.052996,0.0,0.0,1009315000,53.8,53.8,0.296736,frankycpp_v1.5.exe,chess::operator&,bitboard.h,0x14023be88
chess::Value::operator int,0.051997,0.051997,0.0,0.0,616970000,36.6,36.6,0.456311,frankycpp_v1.5.exe,chess::Value::operator int,value.h,0x14023cef6
chess::operator&,0.051997,0.051997,0.0,0.0,862560000,,,0.277778,frankycpp_v1.5.exe,chess::operator&,bitboard.h,0x14023ba9b
std::popcount,0.051997,0.051997,0.0,0.0,709815000,45.8,45.8,0.341772,frankycpp_v1.5.exe,std::popcount,bit,0x140248f8e
chess::Move::operator==,0.050997,0.050997,0.0,0.0,925455000,52.3,52.3,0.336570,frankycpp_v1.5.exe,chess::Move::operator==,PVTable.h,0x14020b4cc
chess::operator&,0.049997,0.049997,0.0,0.0,826620000,50.1,50.1,0.344203,frankycpp_v1.5.exe,chess::operator&,bitboard.h,0x14023bab7
chess::operator&,0.048997,0.048997,0.0,0.0,694840000,44.7,44.7,0.431034,frankycpp_v1.5.exe,chess::operator&,bitboard.h,0x14023ba7c
chess::operator~,0.047997,0.047997,0.0,0.0,688850000,51.1,51.1,0.386957,frankycpp_v1.5.exe,chess::operator~,color.h,0x14023b5cb
chess::operator-,0.046997,0.046997,0.0,0.0,718800000,42.7,42.7,0.262500,frankycpp_v1.5.exe,chess::operator-,depth.h,0x14020b4f9
chess::Attacks::detail::Magic::index,0.045997,0.045997,0.0,0.0,572045000,38.6,38.6,0.465969,frankycpp_v1.5.exe,chess::Attacks::detail::Magic::index,attacks.h,0x140169515
chess::MoveGenerator::resetOnDemand,0.045997,0.045997,0.0,0.0,545090000,53.9,53.9,0.296703,frankycpp_v1.5.exe,chess::MoveGenerator::resetOnDemand,MoveGenerator.h,0x14020b3f9
std::atomic<unsigned __int64>::{ctor},0.044997,0.044997,0.0,0.0,2995000,1.6,1.6,87.000000,frankycpp_v1.5.exe,std::atomic<unsigned __int64>::{ctor},atomic,0x14024ac0f
chess::operator+=,0.043997,0.043997,0.0,0.0,32945000,4.5,4.5,6.909091,frankycpp_v1.5.exe,chess::operator+=,value.h,0x140248b3f
"std::_Atomic_storage<unsigned __int64,8>::load",0.043997,0.043997,0.0,0.0,167720000,17.4,17.4,1.053571,frankycpp_v1.5.exe,"std::_Atomic_storage<unsigned __int64,8>::load",atomic,0x14024a9e0
std::ranges::_Sort_fn::operator(),0.042997,0.042997,0.0,0.0,413310000,37.2,37.2,0.637681,frankycpp_v1.5.exe,std::ranges::_Sort_fn::operator(),algorithm,0x1402426ee
chess::operator+,0.041997,0.041997,0.0,0.0,781695000,52.1,52.1,0.340996,frankycpp_v1.5.exe,chess::operator+,value.h,0x14020c6c3
chess::operator+=,0.041997,0.041997,0.0,0.0,631945000,45.7,45.7,0.322275,frankycpp_v1.5.exe,chess::operator+=,value.h,0x14024922e
chess::Position::clearEnPassant,0.040997,0.040997,0.0,0.0,467220000,37.4,37.4,0.435897,frankycpp_v1.5.exe,chess::Position::clearEnPassant,Position.cpp,0x14023b51c
engine::PawnTT::prefetch,0.040997,0.040997,0.0,0.0,41930000,4.1,4.1,5.428571,frankycpp_v1.5.exe,engine::PawnTT::prefetch,PawnTT.h,0x14020c79e
"std::array<std::array<chess::Move,64>,64>::operator[]",0.040997,0.040997,0.0,0.0,715805000,45.4,45.4,0.355649,frankycpp_v1.5.exe,"std::array<std::array<chess::Move,64>,64>::operator[]",array,0x1402428a0
chess::Move::from,0.039997,0.039997,0.0,0.0,326455000,29.7,29.7,0.541284,frankycpp_v1.5.exe,chess::Move::from,move.h,0x14023b7ff
chess::Value::isCheckMate,0.039997,0.039997,0.0,0.0,575040000,44.8,44.8,0.468750,frankycpp_v1.5.exe,chess::Value::isCheckMate,value.h,0x14020cc14
"std::_Atomic_storage<unsigned __int64,8>::store",0.039997,0.039997,0.0,0.0,26955000,2.8,2.8,6.111111,frankycpp_v1.5.exe,"std::_Atomic_storage<unsigned __int64,8>::store",atomic,0x14024ac4f
chess::Position::getKingSquare,0.038997,0.038997,0.0,0.0,601995000,48.7,48.7,0.308458,frankycpp_v1.5.exe,chess::Position::getKingSquare,Position.h,0x140249759
chess::operator&,0.038997,0.038997,0.0,0.0,658900000,53.0,53.0,0.313636,frankycpp_v1.5.exe,chess::operator&,bitboard.h,0x14027bf03
engine::Search::evaluate,0.038997,0.038997,0.0,0.0,622960000,50.1,50.1,0.413462,frankycpp_v1.5.exe,engine::Search::evaluate,Search.cpp,0x14020c47a
"std::_Atomic_address_as<__int64,std::_Atomic_padded<unsigned __int64> >",0.038997,0.038997,0.0,0.0,215640000,10.6,10.6,0.972222,frankycpp_v1.5.exe,"std::_Atomic_address_as<__int64,std::_Atomic_padded<unsigned __int64> >",xatomic.h,0x140248610
chess::operator&,0.037997,0.037997,0.0,0.0,718800000,44.3,44.3,0.329167,frankycpp_v1.5.exe,chess::operator&,bitboard.h,0x14023be41
chess::operator&,0.037997,0.037997,0.0,0.0,314475000,39.2,39.2,0.342857,frankycpp_v1.5.exe,chess::operator&,bitboard.h,0x140242b65
chess::Position::isCapturingMove,0.036998,0.036998,0.0,0.0,664890000,55.6,55.6,0.301802,frankycpp_v1.5.exe,chess::Position::isCapturingMove,Position.h,0x14020b79c
chess::operator&,0.036998,0.036998,0.0,0.0,688850000,67.5,67.5,0.234783,frankycpp_v1.5.exe,chess::operator&,bitboard.h,0x14027bcfa
"std::array<chess::Value,25>::operator[]",0.036998,0.036998,0.0,0.0,305490000,37.3,37.3,0.343137,frankycpp_v1.5.exe,"std::array<chess::Value,25>::operator[]",array,0x140242d0a
"std::array<chess::Value,32>::operator[]",0.036998,0.036998,0.0,0.0,739765000,61.6,61.6,0.327935,frankycpp_v1.5.exe,"std::array<chess::Value,32>::operator[]",array,0x14027bb58
chess::operator&,0.035998,0.035998,0.0,0.0,572045000,49.3,49.3,0.361257,frankycpp_v1.5.exe,chess::operator&,bitboard.h,0x140249107
chess::StaticMoveList<256>::push_back,0.034998,0.034998,0.0,0.0,419300000,31.8,31.8,0.585714,frankycpp_v1.5.exe,chess::StaticMoveList<256>::push_back,staticmovelist.h,0x140242d46
chess::typeOf,0.034998,0.034998,0.0,0.0,356405000,50.9,50.9,0.521008,frankycpp_v1.5.exe,chess::typeOf,piece.h,0x140243513
func@0x1406ace80,0.034998,0.034998,0.0,0.0,38935000,9.2,9.2,4.000000,ntoskrnl.exe,func@0x1406ace80,[Unknown],0x1406ace80
chess::Bitboard::operator bool,0.033998,0.033998,0.0,0.0,440265000,46.6,46.6,0.374150,frankycpp_v1.5.exe,chess::Bitboard::operator bool,bitboard.h,0x14024924e
chess::Bitboard::operator bool,0.033998,0.033998,0.0,0.0,488185000,50.2,50.2,0.239264,frankycpp_v1.5.exe,chess::Bitboard::operator bool,bitboard.h,0x140242fe1
chess::Position::getPieceBb,0.033998,0.033998,0.0,0.0,461230000,35.2,35.2,0.415584,frankycpp_v1.5.exe,chess::Position::getPieceBb,Position.h,0x14024910e
chess::operator-,0.033998,0.033998,0.0,0.0,643925000,55.4,55.4,0.269767,frankycpp_v1.5.exe,chess::operator-,value.h,0x14027bc9d
chess::operator|,0.033998,0.033998,0.0,0.0,664890000,46.5,46.5,0.297297,frankycpp_v1.5.exe,chess::operator|,bitboard.h,0x14027bee6
chess::operator&,0.032998,0.032998,0.0,0.0,673875000,69.7,69.7,0.324444,frankycpp_v1.5.exe,chess::operator&,bitboard.h,0x1402490aa
engine::PawnTT::put,0.032998,0.032998,0.0,0.0,38935000,3.6,3.6,5.461538,frankycpp_v1.5.exe,"engine::PawnTT::put(struct engine::PawnTT::Entry *,unsigned __int64,struct chess::Score)",PawnTT.cpp,0x140246ca0
chess::Value::isCheckMate,0.031998,0.031998,0.0,0.0,59900000,17.8,17.8,1.800000,frankycpp_v1.5.exe,chess::Value::isCheckMate,value.h,0x14020cc54
chess::colorOf,0.031998,0.031998,0.0,0.0,434275000,55.1,55.1,0.393103,frankycpp_v1.5.exe,chess::colorOf,piece.h,0x14023ce22
chess::operator*,0.031998,0.031998,0.0,0.0,751745000,45.2,45.2,0.322709,frankycpp_v1.5.exe,chess::operator*,value.h,0x140248a4a
chess::operator+=,0.031998,0.031998,0.0,0.0,506155000,65.8,65.8,0.301775,frankycpp_v1.5.exe,chess::operator+=,value.h,0x14024923a
chess::operator|,0.031998,0.031998,0.0,0.0,455240000,67.8,67.8,0.276316,frankycpp_v1.5.exe,chess::operator|,bitboard.h,0x14027bdd8
engine::PawnTT::getHash,0.031998,0.031998,0.0,0.0,119800000,,,1.325000,frankycpp_v1.5.exe,engine::PawnTT::getHash,PawnTT.h,0x140248e77
func@0x1406b1de3,0.031998,0.031998,0.0,0.0,8985000,9.8,9.8,16.000000,ntoskrnl.exe,func@0x1406b1de3,[Unknown],0x1406b1de3
chess::Move::from,0.030998,0.030998,0.0,0.0,395340000,42.7,42.7,0.409091,frankycpp_v1.5.exe,chess::Move::from,move.h,0x14020b4dc
chess::Move::operator==,0.030998,0.030998,0.0,0.0,227620000,33.0,33.0,0.381579,frankycpp_v1.5.exe,chess::Move::operator==,PVTable.h,0x1402427e9
chess::Bitboard::operator bool,0.029998,0.029998,0.0,0.0,326455000,37.2,37.2,0.431193,frankycpp_v1.5.exe,chess::Bitboard::operator bool,bitboard.h,0x1402437c0
chess::Bitboard::operator^=,0.029998,0.029998,0.0,0.0,287520000,38.9,38.9,0.427083,frankycpp_v1.5.exe,chess::Bitboard::operator^=,bitboard.h,0x14023cf69
chess::Value::operator int,0.029998,0.029998,0.0,0.0,407320000,63.0,63.0,0.382353,frankycpp_v1.5.exe,chess::Value::operator int,value.h,0x14023cebe
chess::operator|,0.029998,0.029998,0.0,0.0,581030000,46.6,46.6,0.386598,frankycpp_v1.5.exe,chess::operator|,bitboard.h,0x14027bdf7
engine::Search::thread,0.029998,0.029998,0.0,0.0,251580000,16.6,16.6,0.702381,frankycpp_v1.5.exe,engine::Search::thread,Search.h,0x14020c54a
chess::operator+=,0.028998,0.028998,0.0,0.0,266555000,46.6,46.6,0.471910,frankycpp_v1.5.exe,chess::operator+=,value.h,0x140249816
engine::Search::thread,0.028998,0.028998,0.0,0.0,239600000,21.2,21.2,0.525000,frankycpp_v1.5.exe,engine::Search::thread,Search.h,0x14020a7b5
func@0x1406b2eff,0.028998,0.028998,0.0,0.0,14975000,5.1,5.1,10.400000,ntoskrnl.exe,func@0x1406b2eff,[Unknown],0x1406b2eff
std::popcount,0.028998,0.028998,0.0,0.0,380365000,40.8,40.8,0.527559,frankycpp_v1.5.exe,std::popcount,bit,0x1402492a9
chess::Move::to,0.027998,0.027998,0.0,0.0,368385000,40.8,40.8,0.560976,frankycpp_v1.5.exe,chess::Move::to,move.h,0x14020b7ab
chess::colorOf,0.027998,0.027998,0.0,0.0,272545000,31.2,31.2,0.626374,frankycpp_v1.5.exe,chess::colorOf,piece.h,0x14023cf49
chess::operator|,0.027998,0.027998,0.0,0.0,206655000,44.6,44.6,0.507246,frankycpp_v1.5.exe,chess::operator|,bitboard.h,0x140169596
chess::StaticMoveList<128>::pop_back,0.026998,0.026998,0.0,0.0,236605000,21.8,21.8,0.544304,frankycpp_v1.5.exe,chess::StaticMoveList<128>::pop_back,staticmovelist.h,0x14020bd2d
chess::operator*,0.026998,0.026998,0.0,0.0,395340000,55.0,55.0,0.318182,frankycpp_v1.5.exe,chess::operator*,value.h,0x140248863
chess::operator|,0.026998,0.026998,0.0,0.0,386355000,53.1,53.1,0.403101,frankycpp_v1.5.exe,chess::operator|,bitboard.h,0x14027bed3
engine::Search::valueToTt,0.026998,0.026998,0.0,0.0,473210000,48.8,48.8,0.474684,frankycpp_v1.5.exe,"engine::Search::valueToTt(class chess::Value,enum chess::Depth)",Search.cpp,0x14020cc10
std::popcount,0.026998,0.026998,0.0,0.0,646920000,59.4,59.4,0.254630,frankycpp_v1.5.exe,std::popcount,bit,0x14024918d
chess::Direction::operator int,0.025998,0.025998,0.0,0.0,446255000,53.1,53.1,0.375839,frankycpp_v1.5.exe,chess::Direction::operator int,direction.h,0x140244c60
chess::Move::operator==,0.025998,0.025998,0.0,0.0,359400000,37.7,37.7,0.466667,frankycpp_v1.5.exe,chess::Move::operator==,PVTable.h,0x140242808
chess::operator&,0.025998,0.025998,0.0,0.0,527120000,60.4,60.4,0.284091,frankycpp_v1.5.exe,chess::operator&,bitboard.h,0x1402434b5
chess::operator&,0.025998,0.025998,0.0,0.0,817635000,70.6,70.6,0.205128,frankycpp_v1.5.exe,chess::operator&,bitboard.h,0x14023be6f
engine::Search::search::__l2::<lambda_1>::operator(),0.025998,0.025998,0.0,0.0,317470000,70.9,70.9,0.339623,frankycpp_v1.5.exe,engine::Search::search::__l2::<lambda_1>::operator(),Search.cpp,0x14020ada9
func@0x140208120,0.025998,0.025998,0.0,0.0,8985000,2.5,2.5,15.666667,ntoskrnl.exe,func@0x140208120,[Unknown],0x140208120
chess::Move::type,0.024998,0.024998,0.0,0.0,476205000,51.0,51.0,0.308176,frankycpp_v1.5.exe,chess::Move::type,move.h,0x14020b788
chess::Position::getLastMove,0.024998,0.024998,0.0,0.0,604990000,43.4,43.4,0.316832,frankycpp_v1.5.exe,chess::Position::getLastMove,Position.h,0x14024287b
chess::operator-,0.024998,0.024998,0.0,0.0,200665000,,,0.447761,frankycpp_v1.5.exe,chess::operator-,value.h,0x14020c82d
"std::array<engine::PlyInfo,128>::operator[]",0.024998,0.024998,0.0,0.0,71880000,24.1,24.1,1.125000,frankycpp_v1.5.exe,"std::array<engine::PlyInfo,128>::operator[]",array,0x14020c556
"std::array<unsigned __int64,64>::operator[]",0.024998,0.024998,0.0,0.0,275540000,31.7,31.7,0.510870,frankycpp_v1.5.exe,"std::array<unsigned __int64,64>::operator[]",array,0x14023ce7a
chess::operator+=,0.023998,0.023998,0.0,0.0,275540000,46.3,46.3,0.260870,frankycpp_v1.5.exe,chess::operator+=,value.h,0x140249011
chess::operator-,0.023998,0.023998,0.0,0.0,44925000,10.6,10.6,2.866667,frankycpp_v1.5.exe,chess::operator-,value.h,0x14020c2a4
chess::operator~,0.023998,0.023998,0.0,0.0,407320000,49.9,49.9,0.360294,frankycpp_v1.5.exe,chess::operator~,color.h,0x1402434b0
chess::typeOf,0.023998,0.023998,0.0,0.0,350415000,38.7,38.7,0.427350,frankycpp_v1.5.exe,chess::typeOf,piece.h,0x14023bd4f
chess::typeOf,0.023998,0.023998,0.0,0.0,281530000,43.4,43.4,0.372340,frankycpp_v1.5.exe,chess::typeOf,piece.h,0x14020b7f8
chess::Direction::pawnPush,0.022998,0.022998,0.0,0.0,329450000,41.0,41.0,0.454545,frankycpp_v1.5.exe,chess::Direction::pawnPush,direction.h,0x140242cca
chess::Move::operator==,0.022998,0.022998,0.0,0.0,215640000,46.5,46.5,0.388889,frankycpp_v1.5.exe,chess::Move::operator==,PVTable.h,0x1402427ca
chess::Move::stripped,0.022998,0.022998,0.0,0.0,182695000,29.1,29.1,0.655738,frankycpp_v1.5.exe,chess::Move::stripped,move.h,0x140240822
chess::operator+,0.022998,0.022998,0.0,0.0,386355000,27.1,27.1,0.472868,frankycpp_v1.5.exe,chess::operator+,direction.h,0x140242a99
chess::operator|,0.022998,0.022998,0.0,0.0,365390000,50.4,50.4,0.303279,frankycpp_v1.5.exe,chess::operator|,bitboard.h,0x14027be0a
"std::array<chess::HistoryState,512>::operator[]",0.022998,0.022998,0.0,0.0,233610000,47.5,47.5,0.602564,frankycpp_v1.5.exe,"std::array<chess::HistoryState,512>::operator[]",array,0x14023b69a
std::countr_zero,0.022998,0.022998,0.0,0.0,155740000,26.9,26.9,0.673077,frankycpp_v1.5.exe,std::countr_zero,bit,0x140249060
chess::Bitboard::operator~,0.021999,0.021999,0.0,0.0,281530000,43.0,43.0,0.468085,frankycpp_v1.5.exe,chess::Bitboard::operator~,bitboard.h,0x140242cb2
chess::Bitboard::{ctor},0.021999,0.021999,0.0,0.0,521130000,51.9,51.9,0.281609,frankycpp_v1.5.exe,chess::Bitboard::{ctor},bitboard.h,0x14027bf17
chess::Position::getPieceBb,0.021999,0.021999,0.0,0.0,389350000,51.6,51.6,0.323077,frankycpp_v1.5.exe,chess::Position::getPieceBb,Position.h,0x14027bd2a
chess::operator+=,0.021999,0.021999,0.0,0.0,452245000,57.7,57.7,0.245033,frankycpp_v1.5.exe,chess::operator+=,value.h,0x1402491a2
chess::operator-,0.021999,0.021999,0.0,0.0,281530000,40.1,40.1,0.393617,frankycpp_v1.5.exe,chess::operator-,value.h,0x14027bb53
std::clamp,0.021999,0.021999,0.0,0.0,218635000,47.6,47.6,0.356164,frankycpp_v1.5.exe,std::clamp,algorithm,0x14020ba97
chess::StaticMoveList<128>::push_back,0.020999,0.020999,0.0,0.0,56905000,17.2,17.2,1.157895,frankycpp_v1.5.exe,chess::StaticMoveList<128>::push_back,staticmovelist.h,0x14020bb1d
engine::Search::valueFromTt,0.020999,0.020999,0.0,0.0,59900000,19.2,19.2,1.300000,frankycpp_v1.5.exe,"engine::Search::valueFromTt(class chess::Value,enum chess::Depth)",Search.cpp,0x14020cc50
std::countr_zero,0.020999,0.020999,0.0,0.0,341430000,45.2,45.2,0.421053,frankycpp_v1.5.exe,std::countr_zero,bit,0x1402491b0
"std::unique_ptr<engine::PawnTT::Entry [0],std::default_delete<engine::PawnTT::Entry [0]> >::operator[]",0.020999,0.020999,0.0,0.0,44925000,8.5,8.5,1.933333,frankycpp_v1.5.exe,"std::unique_ptr<engine::PawnTT::Entry [0],std::default_delete<engine::PawnTT::Entry [0]> >::operator[]",memory,0x14020c7a6
chess::Move::operator==,0.019999,0.019999,0.0,0.0,257570000,69.2,69.2,0.220930,frankycpp_v1.5.exe,chess::Move::operator==,PVTable.h,0x14020b5e3
chess::Move::to,0.019999,0.019999,0.0,0.0,335440000,58.7,58.7,0.321429,frankycpp_v1.5.exe,chess::Move::to,move.h,0x14020ca8d
chess::operator+,0.019999,0.019999,0.0,0.0,146755000,54.7,54.7,0.367347,frankycpp_v1.5.exe,chess::operator+,depth.h,0x14020b73f
"std::array<chess::Value,25>::operator[]",0.019999,0.019999,0.0,0.0,317470000,32.8,32.8,0.405660,frankycpp_v1.5.exe,"std::array<chess::Value,25>::operator[]",array,0x1402435f2
chess::Bitboard::popLSB,0.018999,0.018999,0.0,0.0,152745000,,,0.352941,frankycpp_v1.5.exe,chess::Bitboard::popLSB,bitboard.h,0x140243505
chess::Attacks::detail::Magic::index,0.017999,0.017999,0.0,0.0,236605000,39.4,39.4,0.405063,frankycpp_v1.5.exe,chess::Attacks::detail::Magic::index,attacks.h,0x1401694f4
chess::Direction::pawnPush,0.017999,0.017999,0.0,0.0,266555000,50.0,50.0,0.247191,frankycpp_v1.5.exe,chess::Direction::pawnPush,direction.h,0x140242fa0
chess::StaticMoveList<256>::empty,0.017999,0.017999,0.0,0.0,197670000,25.1,25.1,0.393939,frankycpp_v1.5.exe,chess::StaticMoveList<256>::empty,staticmovelist.h,0x14024242b
chess::StaticMoveList<256>::empty,0.017999,0.017999,0.0,0.0,209650000,28.2,28.2,0.442857,frankycpp_v1.5.exe,chess::StaticMoveList<256>::empty,staticmovelist.h,0x1402407d3
chess::typeOf,0.017999,0.017999,0.0,0.0,323460000,42.6,42.6,0.425926,frankycpp_v1.5.exe,chess::typeOf,piece.h,0x14023b551
engine::PawnTT::getHash,0.017999,0.017999,0.0,0.0,299500000,42.1,42.1,0.380000,frankycpp_v1.5.exe,engine::PawnTT::getHash,PawnTT.h,0x140246e93
func@0x14002706b,0.017999,0.017999,0.0,0.0,44925000,4.8,4.8,1.866667,dxgmms2.sys,func@0x14002706b,[Unknown],0x14002706b
func@0x140def930,0.017999,0.017999,0.0,0.0,0,0.7,0.7,,nvlddmkm.sys,func@0x140def930,[Unknown],0x140def930
"std::array<chess::Bitboard,64>::operator[]",0.017999,0.017999,0.0,0.0,215640000,43.3,43.3,0.569444,frankycpp_v1.5.exe,"std::array<chess::Bitboard,64>::operator[]",array,0x14023ce40
"std::array<std::array<unsigned __int64,64>,16>::operator[]",0.017999,0.017999,0.0,0.0,140765000,27.9,27.9,0.723404,frankycpp_v1.5.exe,"std::array<std::array<unsigned __int64,64>,16>::operator[]",array,0x14023cf5b
chess::Bitboard::operator bool,0.016999,0.016999,0.0,0.0,245590000,48.1,48.1,0.451220,frankycpp_v1.5.exe,chess::Bitboard::operator bool,bitboard.h,0x140249175
chess::operator~,0.016999,0.016999,0.0,0.0,17970000,8.9,8.9,1.500000,frankycpp_v1.5.exe,chess::operator~,color.h,0x14023bcdf
func@0x1400010e0,0.016999,0.016999,0.0,0.0,5990000,1.8,1.8,16.000000,intelppm.sys,func@0x1400010e0,[Unknown],0x1400010e0
func@0x1402e23fd,0.016999,0.016999,0.0,0.0,5990000,18.0,18.0,12.500000,ntoskrnl.exe,func@0x1402e23fd,[Unknown],0x1402e23fd
func@0x18001d480,0.016999,0.016999,0.0,0.0,221630000,62.1,62.1,0.310811,ntdll.dll,func@0x18001d480,[Unknown],0x18001d480
"std::array<chess::HistoryState,512>::operator[]",0.016999,0.016999,0.0,0.0,125790000,16.0,16.0,0.738095,frankycpp_v1.5.exe,"std::array<chess::HistoryState,512>::operator[]",array,0x14023b1f8
std::max,0.016999,0.016999,0.0,0.0,344425000,57.9,57.9,0.391304,frankycpp_v1.5.exe,std::max,utility,0x14027bb7f
chess::Bitboard::operator|=,0.015999,0.015999,0.0,0.0,215640000,78.7,78.7,0.250000,frankycpp_v1.5.exe,chess::Bitboard::operator|=,bitboard.h,0x14027bbf3
chess::Move::encode,0.015999,0.015999,0.0,0.0,236605000,47.5,47.5,0.405063,frankycpp_v1.5.exe,chess::Move::encode,move.h,0x140242d3d
chess::Position::getEndPosValue,0.015999,0.015999,0.0,0.0,500165000,66.2,66.2,0.137725,frankycpp_v1.5.exe,chess::Position::getEndPosValue,Position.h,0x14024883f
chess::Square::pawnPush,0.015999,0.015999,0.0,0.0,284525000,,,0.389474,frankycpp_v1.5.exe,chess::Square::pawnPush,square.h,0x14023b575
chess::StaticMoveList<256>::push_back,0.015999,0.015999,0.0,0.0,161730000,37.9,37.9,0.481481,frankycpp_v1.5.exe,chess::StaticMoveList<256>::push_back,staticmovelist.h,0x1402438ff
chess::moveValueGreaterComparator::operator(),0.015999,0.015999,0.0,0.0,80865000,7.6,7.6,1.074074,frankycpp_v1.5.exe,chess::moveValueGreaterComparator::operator(),move.h,0x140243d80
chess::operator+=,0.015999,0.015999,0.0,0.0,200665000,51.4,51.4,0.567164,frankycpp_v1.5.exe,chess::operator+=,value.h,0x14024919a
chess::operator-,0.015999,0.015999,0.0,0.0,146755000,57.8,57.8,0.469388,frankycpp_v1.5.exe,chess::operator-,value.h,0x1402432e4
chess::operator|,0.015999,0.015999,0.0,0.0,245590000,40.6,40.6,0.292683,frankycpp_v1.5.exe,chess::operator|,bitboard.h,0x14023bdcd
engine::TT::getClusterIndex,0.015999,0.015999,0.0,0.0,2995000,0.6,0.6,24.000000,frankycpp_v1.5.exe,engine::TT::getClusterIndex,TT.h,0x14024abe5
std::max,0.015999,0.015999,0.0,0.0,191680000,42.4,42.4,0.484375,frankycpp_v1.5.exe,std::max,utility,0x14027bc85
chess::CastlingRights::operator-=,0.014999,0.014999,0.0,0.0,263560000,48.7,48.7,0.465909,frankycpp_v1.5.exe,chess::CastlingRights::operator-=,castlingrights.h,0x14023b4ff
chess::Move::type,0.014999,0.014999,0.0,0.0,239600000,34.0,34.0,0.362500,frankycpp_v1.5.exe,chess::Move::type,move.h,0x14027ba0d
chess::Position::getNextPlayer,0.014999,0.014999,0.0,0.0,128785000,26.8,26.8,0.720930,frankycpp_v1.5.exe,chess::Position::getNextPlayer,Position.h,0x1402429c3
chess::StaticMoveList<128>::push_back,0.014999,0.014999,0.0,0.0,14975000,5.7,5.7,5.800000,frankycpp_v1.5.exe,chess::StaticMoveList<128>::push_back,staticmovelist.h,0x14020c7b5
chess::StaticMoveList<256>::end,0.014999,0.014999,0.0,0.0,143760000,41.8,41.8,0.291667,frankycpp_v1.5.exe,chess::StaticMoveList<256>::end,staticmovelist.h,0x1402426ee
chess::StaticMoveList<256>::push_back,0.014999,0.014999,0.0,0.0,191680000,63.7,63.7,0.250000,frankycpp_v1.5.exe,chess::StaticMoveList<256>::push_back,staticmovelist.h,0x14024320d
chess::operator&,0.014999,0.014999,0.0,0.0,242595000,,,0.308642,frankycpp_v1.5.exe,chess::operator&,bitboard.h,0x14023bc6d
chess::operator+=,0.014999,0.014999,0.0,0.0,218635000,52.9,52.9,0.205479,frankycpp_v1.5.exe,chess::operator+=,value.h,0x1402492f7
chess::operator-,0.014999,0.014999,0.0,0.0,176705000,73.9,73.9,0.508475,frankycpp_v1.5.exe,chess::operator-,value.h,0x14027bb65
chess::operator~,0.014999,0.014999,0.0,0.0,347420000,55.5,55.5,0.379310,frankycpp_v1.5.exe,chess::operator~,color.h,0x14020b79c
chess::typeOf,0.014999,0.014999,0.0,0.0,140765000,58.7,58.7,0.276596,frankycpp_v1.5.exe,chess::typeOf,piece.h,0x14023ce1a
chess::Bitboard::operator bool,0.013999,0.013999,0.0,0.0,146755000,57.1,57.1,0.448980,frankycpp_v1.5.exe,chess::Bitboard::operator bool,bitboard.h,0x14024930b
chess::Bitboard::{ctor},0.013999,0.013999,0.0,0.0,110815000,74.6,74.6,0.729730,frankycpp_v1.5.exe,chess::Bitboard::{ctor},bitboard.h,0x14023bc62
chess::Color::sign,0.013999,0.013999,0.0,0.0,56905000,38.3,38.3,1.210526,frankycpp_v1.5.exe,chess::Color::sign,color.h,0x14024973e
chess::Position::getPiece,0.013999,0.013999,0.0,0.0,83860000,27.1,27.1,0.285714,frankycpp_v1.5.exe,chess::Position::getPiece,Position.h,0x14027ba8a
chess::StaticMoveList<256>::push_back,0.013999,0.013999,0.0,0.0,311480000,48.0,48.0,0.307692,frankycpp_v1.5.exe,chess::StaticMoveList<256>::push_back,staticmovelist.h,0x14024389a
chess::operator&,0.013999,0.013999,0.0,0.0,769715000,71.8,71.8,0.167315,frankycpp_v1.5.exe,chess::operator&,bitboard.h,0x1402491f4
chess::operator&,0.013999,0.013999,0.0,0.0,266555000,76.5,76.5,0.280899,frankycpp_v1.5.exe,chess::operator&,bitboard.h,0x14027bd06
chess::operator+,0.013999,0.013999,0.0,0.0,284525000,53.3,53.3,0.273684,frankycpp_v1.5.exe,chess::operator+,value.h,0x14020b849
chess::operator+,0.013999,0.013999,0.0,0.0,137770000,56.0,56.0,0.478261,frankycpp_v1.5.exe,chess::operator+,value.h,0x14020c6da
chess::operator-,0.013999,0.013999,0.0,0.0,131780000,31.0,31.0,0.818182,frankycpp_v1.5.exe,chess::operator-,value.h,0x14020bbcb
engine::Search::thread,0.013999,0.013999,0.0,0.0,23960000,7.3,7.3,2.375000,frankycpp_v1.5.exe,engine::Search::thread,Search.h,0x140212d2e
"std::array<chess::Bitboard,8>::operator[]",0.013999,0.013999,0.0,0.0,149750000,40.0,40.0,0.440000,frankycpp_v1.5.exe,"std::array<chess::Bitboard,8>::operator[]",array,0x140242fba
std::countr_zero,0.013999,0.013999,0.0,0.0,122795000,35.1,35.1,0.512195,frankycpp_v1.5.exe,std::countr_zero,bit,0x140248f40
chess::Color::iterator::operator++,0.012999,0.012999,0.0,0.0,29950000,,,1.100000,frankycpp_v1.5.exe,chess::Color::iterator::operator++,color.h,0x140248dcc
chess::Move::operator==,0.012999,0.012999,0.0,0.0,365390000,51.9,51.9,0.221311,frankycpp_v1.5.exe,chess::Move::operator==,PVTable.h,0x14020c69a
chess::Move::type,0.012999,0.012999,0.0,0.0,98835000,37.0,37.0,0.636364,frankycpp_v1.5.exe,chess::Move::type,move.h,0x14023bd42
chess::Position::getPieceBb,0.012999,0.012999,0.0,0.0,116805000,31.0,31.0,0.358974,frankycpp_v1.5.exe,chess::Position::getPieceBb,Position.h,0x1402490f7
chess::Value::isValid,0.012999,0.012999,0.0,0.0,77870000,35.4,35.4,0.230769,frankycpp_v1.5.exe,chess::Value::isValid,value.h,0x14020c379
chess::Value::operator int,0.012999,0.012999,0.0,0.0,257570000,45.4,45.4,0.395349,frankycpp_v1.5.exe,chess::Value::operator int,value.h,0x14023cfbe
chess::operator-,0.012999,0.012999,0.0,0.0,26955000,8.3,8.3,2.444444,frankycpp_v1.5.exe,chess::operator-,value.h,0x14020c804
chess::operator|,0.012999,0.012999,0.0,0.0,101830000,25.9,25.9,0.529412,frankycpp_v1.5.exe,chess::operator|,bitboard.h,0x140249084
chess::operator|,0.012999,0.012999,0.0,0.0,134775000,,,0.311111,frankycpp_v1.5.exe,chess::operator|,bitboard.h,0x14023bbfd
chess::operator|,0.012999,0.012999,0.0,0.0,122795000,54.3,54.3,0.390244,frankycpp_v1.5.exe,chess::operator|,bitboard.h,0x14027bf11
chess::typeOf,0.012999,0.012999,0.0,0.0,119800000,37.3,37.3,0.425000,frankycpp_v1.5.exe,chess::typeOf,piece.h,0x14027bb46
func@0x140208780,0.012999,0.012999,0.0,0.0,23960000,12.7,12.7,2.375000,ntoskrnl.exe,func@0x140208780,[Unknown],0x140208780
"std::array<chess::Bitboard,64>::operator[]",0.012999,0.012999,0.0,0.0,80865000,33.8,33.8,0.518519,frankycpp_v1.5.exe,"std::array<chess::Bitboard,64>::operator[]",array,0x14023be3e
std::min,0.012999,0.012999,0.0,0.0,20965000,8.6,8.6,1.428571,frankycpp_v1.5.exe,std::min,utility,0x14020a870
boost::archive::detail::basic_iarchive_impl::register_type,0.011999,0.011999,0.0,0.0,164725000,60.6,60.6,0.418182,frankycpp_v1.5.exe,boost::archive::detail::basic_iarchive_impl::register_type(class boost::archive::detail::basic_iserializer const &),basic_iarchive.cpp,0x140287a90
chess::Bitboard::operator&=,0.011999,0.011999,0.0,0.0,98835000,44.4,44.4,0.484848,frankycpp_v1.5.exe,chess::Bitboard::operator&=,bitboard.h,0x140242cba
chess::Bitboard::operator|=,0.011999,0.011999,0.0,0.0,152745000,,,0.352941,frankycpp_v1.5.exe,chess::Bitboard::operator|=,bitboard.h,0x140248c8e
chess::Move::setValue,0.011999,0.011999,0.0,0.0,209650000,35.8,35.8,0.142857,frankycpp_v1.5.exe,chess::Move::setValue,move.h,0x1402428c4
chess::Position::getPieceBb,0.011999,0.011999,0.0,0.0,236605000,96.1,96.1,0.329114,frankycpp_v1.5.exe,chess::Position::getPieceBb,Position.h,0x14027be2c
chess::operator*,0.011999,0.011999,0.0,0.0,107820000,32.1,32.1,0.416667,frankycpp_v1.5.exe,chess::operator*,value.h,0x140248868
chess::operator+=,0.011999,0.011999,0.0,0.0,179700000,32.5,32.5,0.416667,frankycpp_v1.5.exe,chess::operator+=,value.h,0x1402489ec
chess::operator+=,0.011999,0.011999,0.0,0.0,143760000,,,0.270833,frankycpp_v1.5.exe,chess::operator+=,value.h,0x1402492eb
chess::operator-,0.011999,0.011999,0.0,0.0,80865000,39.6,39.6,0.296296,frankycpp_v1.5.exe,chess::operator-,direction.h,0x140242d03
chess::operator|,0.011999,0.011999,0.0,0.0,278535000,90.1,90.1,0.215054,frankycpp_v1.5.exe,chess::operator|,bitboard.h,0x14027be5c
chess::operator|,0.011999,0.011999,0.0,0.0,248585000,,,0.277108,frankycpp_v1.5.exe,chess::operator|,bitboard.h,0x14023bc10
engine::Evaluator::prefetch,0.011999,0.011999,0.0,0.0,17970000,9.5,9.5,2.500000,frankycpp_v1.5.exe,engine::Evaluator::prefetch,Evaluator.h,0x14020c792
engine::PVTable::clear,0.011999,0.011999,0.0,0.0,77870000,36.1,36.1,0.500000,frankycpp_v1.5.exe,engine::PVTable::clear,PVTable.h,0x14020c209
func@0x140250da0,0.011999,0.011999,0.0,0.0,59900000,11.0,11.0,1.050000,ntoskrnl.exe,func@0x140250da0,[Unknown],0x140250da0
func@0x1402dd890,0.011999,0.011999,0.0,0.0,8985000,3.1,3.1,2.000000,ntoskrnl.exe,func@0x1402dd890,[Unknown],0x1402dd890
func@0x1406b9dae,0.011999,0.011999,0.0,0.0,2995000,,,12.000000,ntoskrnl.exe,func@0x1406b9dae,[Unknown],0x1406b9dae
chess::Bitboard::operator bool,0.010999,0.010999,0.0,0.0,131780000,,,0.159091,frankycpp_v1.5.exe,chess::Bitboard::operator bool,bitboard.h,0x140243312
chess::Bitboard::popLSB,0.010999,0.010999,0.0,0.0,131780000,26.9,26.9,0.545455,frankycpp_v1.5.exe,chess::Bitboard::popLSB,bitboard.h,0x140249060
chess::Bitboard::shifted,0.010999,0.010999,0.0,0.0,77870000,20.9,20.9,0.500000,frankycpp_v1.5.exe,chess::Bitboard::shifted,bitboard.h,0x140242e37
chess::Move::encode,0.010999,0.010999,0.0,0.0,128785000,24.8,24.8,0.418605,frankycpp_v1.5.exe,chess::Move::encode,move.h,0x1402438a1
chess::Position::getNextPlayer,0.010999,0.010999,0.0,0.0,146755000,36.3,36.3,0.448980,frankycpp_v1.5.exe,chess::Position::getNextPlayer,Position.h,0x14024277e
chess::StaticMoveList<128>::pop_back,0.010999,0.010999,0.0,0.0,92845000,22.8,22.8,1.032258,frankycpp_v1.5.exe,chess::StaticMoveList<128>::pop_back,staticmovelist.h,0x14020c833
chess::StaticMoveList<256>::empty,0.010999,0.010999,0.0,0.0,209650000,36.7,36.7,0.585714,frankycpp_v1.5.exe,chess::StaticMoveList<256>::empty,staticmovelist.h,0x1402426e2
chess::operator&,0.010999,0.010999,0.0,0.0,152745000,58.1,58.1,0.352941,frankycpp_v1.5.exe,chess::operator&,bitboard.h,0x14023bad3
chess::operator+,0.010999,0.010999,0.0,0.0,185690000,38.4,38.4,0.403226,frankycpp_v1.5.exe,chess::operator+,castlingrights.h,0x14023b4e4
chess::operator~,0.010999,0.010999,0.0,0.0,110815000,21.0,21.0,0.945946,frankycpp_v1.5.exe,chess::operator~,color.h,0x14023b68c
chess::typeOf,0.010999,0.010999,0.0,0.0,176705000,,,0.372881,frankycpp_v1.5.exe,chess::typeOf,piece.h,0x140242d0e
func@0x1406acd40,0.010999,0.010999,0.0,0.0,5990000,8.8,8.8,5.000000,ntoskrnl.exe,func@0x1406acd40,[Unknown],0x1406acd40
std::countr_zero,0.010999,0.010999,0.0,0.0,158735000,36.9,36.9,0.509434,frankycpp_v1.5.exe,std::countr_zero,bit,0x140249268
chess::Bitboard::operator bool,0.009999,0.009999,0.0,0.0,131780000,56.6,56.6,0.295455,frankycpp_v1.5.exe,chess::Bitboard::operator bool,bitboard.h,0x140243954
chess::Move::encode,0.009999,0.009999,0.0,0.0,59900000,35.8,35.8,0.750000,frankycpp_v1.5.exe,chess::Move::encode,move.h,0x1402432db
chess::Move::operator==,0.009999,0.009999,0.0,0.0,80865000,38.4,38.4,0.629630,frankycpp_v1.5.exe,chess::Move::operator==,PVTable.h,0x1402407ff
chess::Move::stripped,0.009999,0.009999,0.0,0.0,146755000,29.3,29.3,0.244898,frankycpp_v1.5.exe,chess::Move::stripped,move.h,0x1402407fc
chess::Square::{ctor},0.009999,0.009999,0.0,0.0,113810000,28.1,28.1,0.578947,frankycpp_v1.5.exe,chess::Square::{ctor},square.h,0x14023b1c5
chess::Value::{ctor},0.009999,0.009999,0.0,0.0,164725000,32.4,32.4,0.309091,frankycpp_v1.5.exe,chess::Value::{ctor},value.h,0x14027bb75
chess::operator&,0.009999,0.009999,0.0,0.0,101830000,63.2,63.2,0.382353,frankycpp_v1.5.exe,chess::operator&,bitboard.h,0x14027be29
chess::operator&,0.009999,0.009999,0.0,0.0,53910000,,,0.388889,frankycpp_v1.5.exe,chess::operator&,bitboard.h,0x140248c71
chess::operator&,0.009999,0.009999,0.0,0.0,245590000,76.1,76.1,0.146341,frankycpp_v1.5.exe,chess::operator&,bitboard.h,0x14027bd12
chess::operator-,0.009999,0.009999,0.0,0.0,221630000,67.0,67.0,0.324324,frankycpp_v1.5.exe,chess::operator-,value.h,0x140243551
chess::operator>=,0.009999,0.009999,0.0,0.0,122795000,30.7,30.7,0.390244,frankycpp_v1.5.exe,chess::operator>=,value.h,0x14020caed
chess::typeOf,0.009999,0.009999,0.0,0.0,74875000,,,0.400000,frankycpp_v1.5.exe,chess::typeOf,piece.h,0x140242cff
engine::PawnTT::Entry::{ctor},0.009999,0.009999,0.0,0.0,5990000,3.2,3.2,8.000000,frankycpp_v1.5.exe,engine::PawnTT::Entry::{ctor},PawnTT.h,0x140246eae
func@0x1402ffdb0,0.009999,0.009999,0.0,0.0,29950000,6.0,6.0,1.000000,ntoskrnl.exe,func@0x1402ffdb0,[Unknown],0x1402ffdb0
"std::array<chess::Bitboard,64>::operator[]",0.009999,0.009999,0.0,0.0,107820000,46.9,46.9,0.305556,frankycpp_v1.5.exe,"std::array<chess::Bitboard,64>::operator[]",array,0x14023bdd4
"std::array<std::array<int,64>,64>::operator[]",0.009999,0.009999,0.0,0.0,182695000,47.9,47.9,0.442623,frankycpp_v1.5.exe,"std::array<std::array<int,64>,64>::operator[]",array,0x140242845
chess::Bitboard::operator^=,0.008999,0.008999,0.0,0.0,284525000,,,0.200000,frankycpp_v1.5.exe,chess::Bitboard::operator^=,bitboard.h,0x14027bbed
chess::Direction::{ctor},0.008999,0.008999,0.0,0.0,113810000,36.7,36.7,0.421053,frankycpp_v1.5.exe,chess::Direction::{ctor},direction.h,0x140242fcd
chess::Move::encode,0.008999,0.008999,0.0,0.0,149750000,36.1,36.1,0.260000,frankycpp_v1.5.exe,chess::Move::encode,move.h,0x140243228
chess::Move::to,0.008999,0.008999,0.0,0.0,0,,,,frankycpp_v1.5.exe,chess::Move::to,move.h,0x1402409a2
chess::Move::{ctor},0.008999,0.008999,0.0,0.0,98835000,51.6,51.6,0.484848,frankycpp_v1.5.exe,chess::Move::{ctor},move.h,0x140243906
chess::Position::doNullMove,0.008999,0.008999,0.0,0.0,194675000,61.1,61.1,0.261538,frankycpp_v1.5.exe,chess::Position::doNullMove(void),Position.cpp,0x14023b8a0
chess::moveValueGreaterComparator::operator(),0.008999,0.008999,0.0,0.0,41930000,11.1,11.1,1.500000,frankycpp_v1.5.exe,chess::moveValueGreaterComparator::operator(),move.h,0x140243d40
chess::operator+,0.008999,0.008999,0.0,0.0,134775000,42.9,42.9,0.600000,frankycpp_v1.5.exe,chess::operator+,value.h,0x14020b84d
chess::operator+,0.008999,0.008999,0.0,0.0,470215000,70.8,70.8,0.165605,frankycpp_v1.5.exe,chess::operator+,value.h,0x140248895
chess::operator+=,0.008999,0.008999,0.0,0.0,86855000,22.2,22.2,0.620690,frankycpp_v1.5.exe,chess::operator+=,value.h,0x140249829
"std::_Atomic_storage<unsigned __int64,8>::load",0.008999,0.008999,0.0,0.0,2995000,1.7,1.7,12.000000,frankycpp_v1.5.exe,"std::_Atomic_storage<unsigned __int64,8>::load",atomic,0x14024acb7
"std::array<int,64>::operator[]",0.008999,0.008999,0.0,0.0,92845000,33.9,33.9,0.258065,frankycpp_v1.5.exe,"std::array<int,64>::operator[]",array,0x14020b9e3
_std_type_info_compare,0.007999,0.007999,0.0,0.0,167720000,41.2,41.2,0.232143,vcruntime140.dll,_std_type_info_compare,[Unknown],0x180005030
chess::Bitboard::popLSB,0.007999,0.007999,0.0,0.0,119800000,37.6,37.6,0.550000,frankycpp_v1.5.exe,chess::Bitboard::popLSB,bitboard.h,0x1402491b0
chess::Bitboard::{ctor},0.007999,0.007999,0.0,0.0,101830000,100.0,100.0,0.117647,frankycpp_v1.5.exe,chess::Bitboard::{ctor},bitboard.h,0x14016959c
chess::Direction::pawnPush,0.007999,0.007999,0.0,0.0,68885000,32.5,32.5,0.565217,frankycpp_v1.5.exe,chess::Direction::pawnPush,direction.h,0x140242a44
chess::Move::to,0.007999,0.007999,0.0,0.0,110815000,,,0.216216,frankycpp_v1.5.exe,chess::Move::to,move.h,0x14020bdf9
chess::Position::getPiece,0.007999,0.007999,0.0,0.0,59900000,50.9,50.9,0.350000,frankycpp_v1.5.exe,chess::Position::getPiece,Position.h,0x14023cf2a
chess::Position::getPieceBb,0.007999,0.007999,0.0,0.0,56905000,42.6,42.6,0.631579,frankycpp_v1.5.exe,chess::Position::getPieceBb,Position.h,0x14027bded
chess::Square::rank,0.007999,0.007999,0.0,0.0,122795000,38.0,38.0,0.414634,frankycpp_v1.5.exe,chess::Square::rank,square.h,0x14024975c
chess::StaticMoveList<256>::push_back,0.007999,0.007999,0.0,0.0,233610000,46.5,46.5,0.346154,frankycpp_v1.5.exe,chess::StaticMoveList<256>::push_back,staticmovelist.h,0x1402432bc
chess::operator&,0.007999,0.007999,0.0,0.0,203660000,62.4,62.4,0.235294,frankycpp_v1.5.exe,chess::operator&,bitboard.h,0x14027bd1e
chess::operator-,0.007999,0.007999,0.0,0.0,74875000,43.7,43.7,0.840000,frankycpp_v1.5.exe,chess::operator-,value.h,0x14020bd23
chess::operator|,0.007999,0.007999,0.0,0.0,59900000,30.9,30.9,0.500000,frankycpp_v1.5.exe,chess::operator|,bitboard.h,0x140248f61
chess::operator|,0.007999,0.007999,0.0,0.0,92845000,68.4,68.4,0.322581,frankycpp_v1.5.exe,chess::operator|,bitboard.h,0x14023bc62
chess::valueOf,0.007999,0.007999,0.0,0.0,134775000,48.5,48.5,0.422222,frankycpp_v1.5.exe,chess::valueOf,value.h,0x14020b7f8
engine::TT::getClusterIndex,0.007999,0.007999,0.0,0.0,65890000,33.6,33.6,0.409091,frankycpp_v1.5.exe,engine::TT::getClusterIndex,TT.h,0x14024a9a1
func@0x140246b60,0.007999,0.007999,0.0,0.0,26955000,16.5,16.5,1.222222,ntoskrnl.exe,func@0x140246b60,[Unknown],0x140246b60
func@0x14035f860,0.007999,0.007999,0.0,0.0,26955000,7.0,7.0,1.333333,ntoskrnl.exe,func@0x14035f860,[Unknown],0x14035f860
func@0x140362c02,0.007999,0.007999,0.0,0.0,23960000,5.3,5.3,1.000000,ntoskrnl.exe,func@0x140362c02,[Unknown],0x140362c02
std::min,0.007999,0.007999,0.0,0.0,122795000,51.0,51.0,0.341463,frankycpp_v1.5.exe,std::min,utility,0x14020b955
"std::unique_ptr<engine::TT::TTCluster [0],std::default_delete<engine::TT::TTCluster [0]> >::operator[]",0.007999,0.007999,0.0,0.0,158735000,61.5,61.5,0.132075,frankycpp_v1.5.exe,"std::unique_ptr<engine::TT::TTCluster [0],std::default_delete<engine::TT::TTCluster [0]> >::operator[]",memory,0x14020bb01
RtlFreeHeap,0.007000,0.007000,0.0,0.0,68885000,43.6,43.6,0.608696,ntdll.dll,RtlFreeHeap,[Unknown],0x180078c30
chess::Bitboard::operator|=,0.007000,0.007000,0.0,0.0,116805000,43.8,43.8,0.333333,frankycpp_v1.5.exe,chess::Bitboard::operator|=,bitboard.h,0x140248cbe
chess::Move::encode,0.007000,0.007000,0.0,0.0,74875000,,,0.480000,frankycpp_v1.5.exe,chess::Move::encode,move.h,0x14024391e
chess::Position::getMidPosValue,0.007000,0.007000,0.0,0.0,92845000,,,0.290323,frankycpp_v1.5.exe,chess::Position::getMidPosValue,Position.h,0x14024882a
chess::Position::getOccupiedBb,0.007000,0.007000,0.0,0.0,20965000,30.1,30.1,0.857143,frankycpp_v1.5.exe,chess::Position::getOccupiedBb,Position.h,0x14024909b
chess::Square::file,0.007000,0.007000,0.0,0.0,71880000,,,0.416667,frankycpp_v1.5.exe,chess::Square::file,square.h,0x140249766
chess::operator&,0.007000,0.007000,0.0,0.0,95840000,73.0,73.0,0.312500,frankycpp_v1.5.exe,chess::operator&,bitboard.h,0x14027bd32
chess::operator&,0.007000,0.007000,0.0,0.0,56905000,65.7,65.7,0.421053,frankycpp_v1.5.exe,chess::operator&,bitboard.h,0x140248cc5
chess::operator+=,0.007000,0.007000,0.0,0.0,137770000,33.3,33.3,0.391304,frankycpp_v1.5.exe,chess::operator+=,value.h,0x140249164
chess::operator-,0.007000,0.007000,0.0,0.0,143760000,43.5,43.5,0.645833,frankycpp_v1.5.exe,chess::operator-,value.h,0x140243231
chess::operator|,0.007000,0.007000,0.0,0.0,128785000,51.1,51.1,0.395349,frankycpp_v1.5.exe,chess::operator|,bitboard.h,0x140242f85
chess::operator~,0.007000,0.007000,0.0,0.0,83860000,40.7,40.7,0.321429,frankycpp_v1.5.exe,chess::operator~,color.h,0x1402438d4
chess::valueOf,0.007000,0.007000,0.0,0.0,74875000,65.1,65.1,0.280000,frankycpp_v1.5.exe,chess::valueOf,value.h,0x14027bb2e
func@0x140246da0,0.007000,0.007000,0.0,0.0,41930000,45.0,45.0,0.857143,ntoskrnl.exe,func@0x140246da0,[Unknown],0x140246da0
func@0x1402e2ad0,0.007000,0.007000,0.0,0.0,0,0.0,0.0,,ntoskrnl.exe,func@0x1402e2ad0,[Unknown],0x1402e2ad0
func@0x140300e50,0.007000,0.007000,0.0,0.0,2995000,,,11.000000,ntoskrnl.exe,func@0x140300e50,[Unknown],0x140300e50
func@0x14032b040,0.007000,0.007000,0.0,0.0,26955000,24.0,24.0,0.666667,ntoskrnl.exe,func@0x14032b040,[Unknown],0x14032b040
func@0x140362160,0.007000,0.007000,0.0,0.0,23960000,7.0,7.0,2.250000,ntoskrnl.exe,func@0x140362160,[Unknown],0x140362160
func@0x140da8ef0,0.007000,0.007000,0.0,0.0,0,0.0,0.0,,nvlddmkm.sys,func@0x140da8ef0,[Unknown],0x140da8ef0
func@0x140e1c190,0.007000,0.007000,0.0,0.0,2995000,0.0,0.0,17.000000,nvlddmkm.sys,func@0x140e1c190,[Unknown],0x140e1c190
"std::array<chess::Bitboard,64>::operator[]",0.007000,0.007000,0.0,0.0,56905000,,,0.473684,frankycpp_v1.5.exe,"std::array<chess::Bitboard,64>::operator[]",array,0x140248c29
"std::array<int,64>::operator[]",0.007000,0.007000,0.0,0.0,47920000,27.7,27.7,0.562500,frankycpp_v1.5.exe,"std::array<int,64>::operator[]",array,0x14020be34
"std::array<int,64>::operator[]",0.007000,0.007000,0.0,0.0,176705000,59.1,59.1,0.271186,frankycpp_v1.5.exe,"std::array<int,64>::operator[]",array,0x140248fd7
"std::unique_ptr<engine::TT::TTCluster [0],std::default_delete<engine::TT::TTCluster [0]> >::operator[]",0.007000,0.007000,0.0,0.0,86855000,38.0,38.0,0.344828,frankycpp_v1.5.exe,"std::unique_ptr<engine::TT::TTCluster [0],std::default_delete<engine::TT::TTCluster [0]> >::operator[]",memory,0x14020c778
[ntoskrnl.exe],0.006000,0.006000,0.0,0.0,17970000,6.9,6.9,1.166667,ntoskrnl.exe,[ntoskrnl.exe],[Unknown],0x0
chess::Bitboard::popLSB,0.006000,0.006000,0.0,0.0,86855000,32.2,32.2,0.448276,frankycpp_v1.5.exe,chess::Bitboard::popLSB,bitboard.h,0x1402435e4
chess::CastlingRights::isEmpty,0.006000,0.006000,0.0,0.0,8985000,23.5,23.5,1.000000,frankycpp_v1.5.exe,chess::CastlingRights::isEmpty,castlingrights.h,0x14023b4d3
chess::Move::setValue,0.006000,0.006000,0.0,0.0,80865000,,,0.296296,frankycpp_v1.5.exe,chess::Move::setValue,move.h,0x1402427f1
chess::Move::to,0.006000,0.006000,0.0,0.0,152745000,73.3,73.3,0.294118,frankycpp_v1.5.exe,chess::Move::to,move.h,0x14027ba8f
chess::Move::value,0.006000,0.006000,0.0,0.0,56905000,,,0.421053,frankycpp_v1.5.exe,chess::Move::value,move.h,0x1402428c8
chess::Position::getKingSquare,0.006000,0.006000,0.0,0.0,35940000,91.3,91.3,0.416667,frankycpp_v1.5.exe,chess::Position::getKingSquare,Position.h,0x140248fc1
chess::Position::getPieceBb,0.006000,0.006000,0.0,0.0,14975000,38.3,38.3,0.400000,frankycpp_v1.5.exe,chess::Position::getPieceBb,Position.h,0x140248ba0
chess::Position::getPieceBb,0.006000,0.006000,0.0,0.0,47920000,35.0,35.0,0.625000,frankycpp_v1.5.exe,chess::Position::getPieceBb,Position.h,0x14027bebd
chess::Rank::promotionFor,0.006000,0.006000,0.0,0.0,128785000,45.2,45.2,0.511628,frankycpp_v1.5.exe,chess::Rank::promotionFor,rank.h,0x1402430ff
chess::colorOf,0.006000,0.006000,0.0,0.0,17970000,2.7,2.7,0.500000,frankycpp_v1.5.exe,chess::colorOf,piece.h,0x1402409f1
chess::operator&,0.006000,0.006000,0.0,0.0,53910000,71.6,71.6,0.333333,frankycpp_v1.5.exe,chess::operator&,bitboard.h,0x140248f87
chess::operator+,0.006000,0.006000,0.0,0.0,74875000,,,0.280000,frankycpp_v1.5.exe,chess::operator+,direction.h,0x140248cb2
chess::operator|,0.006000,0.006000,0.0,0.0,116805000,61.5,61.5,0.179487,frankycpp_v1.5.exe,chess::operator|,bitboard.h,0x14027ba77
chess::operator|,0.006000,0.006000,0.0,0.0,134775000,38.8,38.8,0.355556,frankycpp_v1.5.exe,chess::operator|,bitboard.h,0x1402491ce
chess::operator|,0.006000,0.006000,0.0,0.0,167720000,78.6,78.6,0.232143,frankycpp_v1.5.exe,chess::operator|,bitboard.h,0x14023bbde
chess::typeOf,0.006000,0.006000,0.0,0.0,35940000,,,0.083333,frankycpp_v1.5.exe,chess::typeOf,piece.h,0x14024295b
engine::Search::isTimeAlmostUp,0.006000,0.006000,0.0,0.0,11980000,8.1,8.1,1.500000,frankycpp_v1.5.exe,engine::Search::isTimeAlmostUp(void),Search.cpp,0x140210530
engine::TT::Entry::Entry,0.006000,0.006000,0.0,0.0,98835000,36.1,36.1,0.484848,frankycpp_v1.5.exe,engine::TT::Entry::Entry(void),TT.h,0x14024b370
func@0x1400e0af0,0.006000,0.006000,0.0,0.0,2995000,1.2,1.2,15.000000,nvlddmkm.sys,func@0x1400e0af0,[Unknown],0x1400e0af0
func@0x1401138e0,0.006000,0.006000,0.0,0.0,5990000,21.4,21.4,1.000000,nvlddmkm.sys,func@0x1401138e0,[Unknown],0x1401138e0
func@0x140247120,0.006000,0.006000,0.0,0.0,0,,,,ntoskrnl.exe,func@0x140247120,[Unknown],0x140247120
func@0x1402ffa90,0.006000,0.006000,0.0,0.0,2995000,8.7,8.7,5.000000,ntoskrnl.exe,func@0x1402ffa90,[Unknown],0x1402ffa90
func@0x1403996f0,0.006000,0.006000,0.0,0.0,11980000,1.7,1.7,2.750000,nvlddmkm.sys,func@0x1403996f0,[Unknown],0x1403996f0
"std::_Hash<std::_Umap_traits<unsigned __int64,book::BookEntry,std::_Uhash_compare<unsigned __int64,std::hash<unsigned __int64>,std::equal_to<unsigned __int64> >,std::allocator<std::pair<unsigned __int64 const ,book::BookEntry> >,0> >::_Find_last",0.006000,0.006000,0.0,0.0,20965000,,,4.714286,frankycpp_v1.5.exe,"std::_Hash<std::_Umap_traits<unsigned __int64,book::BookEntry,std::_Uhash_compare<unsigned __int64,std::hash<unsigned __int64>,std::equal_to<unsigned __int64> >,std::allocator<std::pair<unsigned __int64 const ,book::BookEntry> >,0> >::_Find_last",xhash,0x140265e90
"std::array<engine::PlyInfo,128>::operator[]",0.006000,0.006000,0.0,0.0,80865000,,,0.222222,frankycpp_v1.5.exe,"std::array<engine::PlyInfo,128>::operator[]",array,0x14020b402
"std::array<std::array<int,64>,64>::operator[]",0.006000,0.006000,0.0,0.0,56905000,,,0.684211,frankycpp_v1.5.exe,"std::array<std::array<int,64>,64>::operator[]",array,0x14023b55f
"std::array<std::array<unsigned __int64,64>,16>::operator[]",0.006000,0.006000,0.0,0.0,101830000,46.8,46.8,0.558824,frankycpp_v1.5.exe,"std::array<std::array<unsigned __int64,64>,16>::operator[]",array,0x14023ce76
std::atomic<unsigned __int64>::{ctor},0.006000,0.006000,0.0,0.0,0,0.0,0.0,,frankycpp_v1.5.exe,std::atomic<unsigned __int64>::{ctor},atomic,0x14024accb
std::countr_zero,0.006000,0.006000,0.0,0.0,47920000,32.5,32.5,0.437500,frankycpp_v1.5.exe,std::countr_zero,bit,0x140242cf8
std::popcount,0.006000,0.006000,0.0,0.0,98835000,42.1,42.1,0.575758,frankycpp_v1.5.exe,std::popcount,bit,0x14023c1b9
std::ranges::_Swap::_Cpo::operator(),0.006000,0.006000,0.0,0.0,23960000,9.8,9.8,0.875000,frankycpp_v1.5.exe,std::ranges::_Swap::_Cpo::operator(),concepts,0x140243dc8
KeSetEvent,0.005000,0.005000,0.0,0.0,2995000,16.9,16.9,6.000000,ntoskrnl.exe,KeSetEvent,[Unknown],0x140225a50
__builtin_array_init_helper<class chess::Value>,0.005000,0.005000,0.0,0.0,155740000,51.3,51.3,0.346154,frankycpp_v1.5.exe,"__builtin_array_init_helper<class chess::Value>(class chess::Value *,unsigned __int64)",[Unknown],0x14027bf50
chess::Bitboard::operator bool,0.005000,0.005000,0.0,0.0,119800000,48.9,48.9,0.325000,frankycpp_v1.5.exe,chess::Bitboard::operator bool,bitboard.h,0x140248bcb
chess::Bitboard::operator|=,0.005000,0.005000,0.0,0.0,50915000,,,0.529412,frankycpp_v1.5.exe,chess::Bitboard::operator|=,bitboard.h,0x140248cb7
chess::Bitboard::operator~,0.005000,0.005000,0.0,0.0,50915000,,,0.588235,frankycpp_v1.5.exe,chess::Bitboard::operator~,bitboard.h,0x1402435b4
chess::Bitboard::{ctor},0.005000,0.005000,0.0,0.0,53910000,68.0,68.0,0.388889,frankycpp_v1.5.exe,chess::Bitboard::{ctor},bitboard.h,0x14027be5c
chess::Move::encode,0.005000,0.005000,0.0,0.0,8985000,20.0,20.0,1.000000,frankycpp_v1.5.exe,chess::Move::encode,move.h,0x140242bb2
chess::Move::from,0.005000,0.005000,0.0,0.0,20965000,16.1,16.1,0.714286,frankycpp_v1.5.exe,chess::Move::from,move.h,0x14023b1bf
chess::Move::operator==,0.005000,0.005000,0.0,0.0,50915000,57.8,57.8,0.352941,frankycpp_v1.5.exe,chess::Move::operator==,PVTable.h,0x14020c68d
chess::Move::promotionType,0.005000,0.005000,0.0,0.0,59900000,48.2,48.2,0.400000,frankycpp_v1.5.exe,chess::Move::promotionType,move.h,0x14023bdbe
chess::Move::to,0.005000,0.005000,0.0,0.0,80865000,42.8,42.8,0.407407,frankycpp_v1.5.exe,chess::Move::to,move.h,0x14023bd5e
chess::Position::getOccupiedBb,0.005000,0.005000,0.0,0.0,80865000,48.8,48.8,0.222222,frankycpp_v1.5.exe,chess::Position::getOccupiedBb,Position.h,0x14023bdcd
chess::Position::getPiece,0.005000,0.005000,0.0,0.0,86855000,,,0.241379,frankycpp_v1.5.exe,chess::Position::getPiece,Position.h,0x14020c6c0
chess::Position::getPiece,0.005000,0.005000,0.0,0.0,128785000,100.0,100.0,0.232558,frankycpp_v1.5.exe,chess::Position::getPiece,Position.h,0x14027badd
chess::Position::getPieceBb,0.005000,0.005000,0.0,0.0,44925000,24.7,24.7,0.333333,frankycpp_v1.5.exe,chess::Position::getPieceBb,Position.h,0x1402436ce
chess::Position::undoNullMove,0.005000,0.005000,0.0,0.0,74875000,40.3,40.3,0.560000,frankycpp_v1.5.exe,chess::Position::undoNullMove(void),Position.cpp,0x14023b980
chess::Square::file,0.005000,0.005000,0.0,0.0,50915000,48.3,48.3,0.705882,frankycpp_v1.5.exe,chess::Square::file,square.h,0x14023b593
chess::Value::operator int,0.005000,0.005000,0.0,0.0,26955000,40.0,40.0,1.111111,frankycpp_v1.5.exe,chess::Value::operator int,value.h,0x14023cfd5
chess::operator&,0.005000,0.005000,0.0,0.0,107820000,56.3,56.3,0.277778,frankycpp_v1.5.exe,chess::operator&,bitboard.h,0x140248c53
chess::operator&,0.005000,0.005000,0.0,0.0,59900000,47.9,47.9,0.350000,frankycpp_v1.5.exe,chess::operator&,bitboard.h,0x14024372b
chess::operator&,0.005000,0.005000,0.0,0.0,38935000,35.8,35.8,0.307692,frankycpp_v1.5.exe,chess::operator&,bitboard.h,0x14020caa5
chess::operator&,0.005000,0.005000,0.0,0.0,62895000,18.9,18.9,1.095238,frankycpp_v1.5.exe,chess::operator&,bitboard.h,0x140248c19
chess::operator&,0.005000,0.005000,0.0,0.0,56905000,53.2,53.2,0.263158,frankycpp_v1.5.exe,chess::operator&,bitboard.h,0x140243274
chess::operator+,0.005000,0.005000,0.0,0.0,71880000,,,0.125000,frankycpp_v1.5.exe,chess::operator+,direction.h,0x14023bae5
chess::operator+=,0.005000,0.005000,0.0,0.0,77870000,42.4,42.4,0.153846,frankycpp_v1.5.exe,chess::operator+=,value.h,0x140249023
chess::operator+=,0.005000,0.005000,0.0,0.0,0,11.3,11.3,,frankycpp_v1.5.exe,chess::operator+=,value.h,0x140248b36
chess::operator-=,0.005000,0.005000,0.0,0.0,20965000,,,0.428571,frankycpp_v1.5.exe,chess::operator-=,depth.h,0x14020ba1a
chess::operator^=,0.005000,0.005000,0.0,0.0,107820000,71.7,71.7,0.194444,frankycpp_v1.5.exe,chess::operator^=,bitboards.h,0x14027bba2
chess::operator~,0.005000,0.005000,0.0,0.0,119800000,60.0,60.0,0.325000,frankycpp_v1.5.exe,chess::operator~,color.h,0x14023bd2f
chess::operator~,0.005000,0.005000,0.0,0.0,20965000,43.1,43.1,1.142857,frankycpp_v1.5.exe,chess::operator~,color.h,0x14023bee1
func@0x140250143,0.005000,0.005000,0.0,0.0,2995000,20.0,20.0,1.000000,ntoskrnl.exe,func@0x140250143,[Unknown],0x140250143
func@0x14030ee90,0.005000,0.005000,0.0,0.0,29950000,18.3,18.3,0.600000,ntoskrnl.exe,func@0x14030ee90,[Unknown],0x14030ee90
func@0x140361cc0,0.005000,0.005000,0.0,0.0,8985000,3.7,3.7,2.000000,ntoskrnl.exe,func@0x140361cc0,[Unknown],0x140361cc0
func@0x1403d50e0,0.005000,0.005000,0.0,0.0,8985000,0.0,0.0,2.000000,nvlddmkm.sys,func@0x1403d50e0,[Unknown],0x1403d50e0
func@0x1406b2290,0.005000,0.005000,0.0,0.0,11980000,18.6,18.6,2.500000,ntoskrnl.exe,func@0x1406b2290,[Unknown],0x1406b2290
func@0x1406b2af0,0.005000,0.005000,0.0,0.0,0,2.4,2.4,,ntoskrnl.exe,func@0x1406b2af0,[Unknown],0x1406b2af0
"std::array<chess::Bitboard,64>::operator[]",0.005000,0.005000,0.0,0.0,35940000,36.8,36.8,0.250000,frankycpp_v1.5.exe,"std::array<chess::Bitboard,64>::operator[]",array,0x14023cf2e
"std::array<chess::Bitboard,8>::operator[]",0.005000,0.005000,0.0,0.0,14975000,18.2,18.2,0.800000,frankycpp_v1.5.exe,"std::array<chess::Bitboard,8>::operator[]",array,0x140242a83
"std::array<chess::Move,128>::operator[]",0.005000,0.005000,0.0,0.0,38935000,40.0,40.0,0.461538,frankycpp_v1.5.exe,"std::array<chess::Move,128>::operator[]",array,0x14020a7ae
"std::array<std::array<int,64>,64>::operator[]",0.005000,0.005000,0.0,0.0,41930000,,,0.785714,frankycpp_v1.5.exe,"std::array<std::array<int,64>,64>::operator[]",array,0x14020be28
std::countr_zero,0.005000,0.005000,0.0,0.0,53910000,30.4,30.4,0.833333,frankycpp_v1.5.exe,std::countr_zero,bit,0x1402436e4
std::countr_zero,0.005000,0.005000,0.0,0.0,89850000,,,0.066667,frankycpp_v1.5.exe,std::countr_zero,bit,0x140243505
ExpInterlockedPopEntrySList,0.004000,0.004000,0.0,0.0,5990000,5.9,5.9,2.000000,ntoskrnl.exe,ExpInterlockedPopEntrySList,[Unknown],0x1406b3920
KeClockInterruptNotify,0.004000,0.004000,0.0,0.0,11980000,24.5,24.5,2.500000,ntoskrnl.exe,KeClockInterruptNotify,[Unknown],0x1402e2060
KeGetCurrentIrql,0.004000,0.004000,0.0,0.0,11980000,30.8,30.8,0.250000,ntoskrnl.exe,KeGetCurrentIrql,[Unknown],0x14041a2a0
KfRaiseIrql,0.004000,0.004000,0.0,0.0,23960000,47.1,47.1,0.750000,ntoskrnl.exe,KfRaiseIrql,[Unknown],0x1403fed00
RtlCopyMemory,0.004000,0.004000,0.0,0.0,14975000,,,1.200000,ntoskrnl.exe,RtlCopyMemory,[Unknown],0x1406bfc40
boost::archive::detail::basic_iarchive::load_object,0.004000,0.004000,0.0,0.0,56905000,,,0.0,frankycpp_v1.5.exe,"boost::archive::detail::basic_iarchive::load_object(void *,class boost::archive::detail::basic_iserializer const &)",basic_iarchive.cpp,0x140287250
chess::Bitboard::operator^=,0.004000,0.004000,0.0,0.0,116805000,54.3,54.3,0.153846,frankycpp_v1.5.exe,chess::Bitboard::operator^=,bitboard.h,0x14027bbbc
chess::Bitboard::operator^=,0.004000,0.004000,0.0,0.0,74875000,74.4,74.4,0.480000,frankycpp_v1.5.exe,chess::Bitboard::operator^=,bitboard.h,0x14023bde2
chess::Bitboard::operator|=,0.004000,0.004000,0.0,0.0,29950000,,,0.200000,frankycpp_v1.5.exe,chess::Bitboard::operator|=,bitboard.h,0x140248c5b
chess::Bitboard::operator|=,0.004000,0.004000,0.0,0.0,44925000,100.0,100.0,0.533333,frankycpp_v1.5.exe,chess::Bitboard::operator|=,bitboard.h,0x140248c7d
chess::Bitboard::operator~,0.004000,0.004000,0.0,0.0,92845000,,,0.419355,frankycpp_v1.5.exe,chess::Bitboard::operator~,bitboard.h,0x140248c48
chess::Bitboard::popLSB,0.004000,0.004000,0.0,0.0,32945000,19.7,19.7,0.818182,frankycpp_v1.5.exe,chess::Bitboard::popLSB,bitboard.h,0x1402436da
chess::Bitboard::popLSB,0.004000,0.004000,0.0,0.0,5990000,,,0.0,frankycpp_v1.5.exe,chess::Bitboard::popLSB,bitboard.h,0x140242cf3
chess::Direction::operator int,0.004000,0.004000,0.0,0.0,50915000,24.2,24.2,0.411765,frankycpp_v1.5.exe,chess::Direction::operator int,direction.h,0x140242a9d
chess::Move::type,0.004000,0.004000,0.0,0.0,77870000,57.2,57.2,0.230769,frankycpp_v1.5.exe,chess::Move::type,move.h,0x14020c6a2
chess::Move::{ctor},0.004000,0.004000,0.0,0.0,104825000,35.7,35.7,0.200000,frankycpp_v1.5.exe,chess::Move::{ctor},move.h,0x140243884
chess::Position::getEnPassantSquare,0.004000,0.004000,0.0,0.0,44925000,29.0,29.0,0.266667,frankycpp_v1.5.exe,chess::Position::getEnPassantSquare,Position.h,0x14027bd74
chess::Position::getLastMove,0.004000,0.004000,0.0,0.0,44925000,68.3,68.3,0.333333,frankycpp_v1.5.exe,chess::Position::getLastMove,Position.h,0x14020bf8c
chess::Position::getOccupiedBb,0.004000,0.004000,0.0,0.0,20965000,,,0.571429,frankycpp_v1.5.exe,chess::Position::getOccupiedBb,Position.h,0x1402491e5
chess::Value::operator int,0.004000,0.004000,0.0,0.0,5990000,,,6.500000,frankycpp_v1.5.exe,chess::Value::operator int,value.h,0x14020c379
chess::Value::{ctor},0.004000,0.004000,0.0,0.0,71880000,,,0.375000,frankycpp_v1.5.exe,chess::Value::{ctor},value.h,0x14027bc90
chess::operator&,0.004000,0.004000,0.0,0.0,44925000,,,0.400000,frankycpp_v1.5.exe,chess::operator&,bitboard.h,0x14023bc2f
chess::operator&,0.004000,0.004000,0.0,0.0,17970000,,,0.166667,frankycpp_v1.5.exe,chess::operator&,bitboard.h,0x14020ba4c
chess::operator&,0.004000,0.004000,0.0,0.0,32945000,100.0,100.0,0.090909,frankycpp_v1.5.exe,chess::operator&,bitboard.h,0x14027be50
chess::operator&,0.004000,0.004000,0.0,0.0,23960000,37.3,37.3,1.000000,frankycpp_v1.5.exe,chess::operator&,bitboard.h,0x14023bea1
chess::operator&,0.004000,0.004000,0.0,0.0,77870000,28.7,28.7,0.500000,frankycpp_v1.5.exe,chess::operator&,bitboard.h,0x140249115
chess::operator+,0.004000,0.004000,0.0,0.0,20965000,21.4,21.4,1.000000,frankycpp_v1.5.exe,chess::operator+,value.h,0x14020c296
chess::operator+=,0.004000,0.004000,0.0,0.0,38935000,13.2,13.2,1.307692,frankycpp_v1.5.exe,chess::operator+=,value.h,0x14024884d
chess::operator-,0.004000,0.004000,0.0,0.0,44925000,34.0,34.0,0.400000,frankycpp_v1.5.exe,chess::operator-,depth.h,0x14020b96a
chess::operator-,0.004000,0.004000,0.0,0.0,11980000,23.5,23.5,0.750000,frankycpp_v1.5.exe,chess::operator-,value.h,0x14020b105
chess::operator-=,0.004000,0.004000,0.0,0.0,8985000,,,0.333333,frankycpp_v1.5.exe,chess::operator-=,depth.h,0x14020b9c2
chess::operator|,0.004000,0.004000,0.0,0.0,95840000,61.0,61.0,0.406250,frankycpp_v1.5.exe,chess::operator|,bitboard.h,0x140248c7a
chess::operator~,0.004000,0.004000,0.0,0.0,92845000,42.2,42.2,0.290323,frankycpp_v1.5.exe,chess::operator~,color.h,0x14020ca9a
chess::operator~,0.004000,0.004000,0.0,0.0,32945000,,,0.818182,frankycpp_v1.5.exe,chess::operator~,color.h,0x14023ba17
chess::typeOf,0.004000,0.004000,0.0,0.0,53910000,100.0,100.0,0.444444,frankycpp_v1.5.exe,chess::typeOf,piece.h,0x14020c6ca
engine::PVTable::clear,0.004000,0.004000,0.0,0.0,44925000,30.6,30.6,0.800000,frankycpp_v1.5.exe,engine::PVTable::clear,PVTable.h,0x14020a79a
engine::PVTable::update,0.004000,0.004000,0.0,0.0,17970000,,,0.500000,frankycpp_v1.5.exe,"engine::PVTable::update(class chess::Move,enum chess::Depth)",PVTable.h,0x1401ffc00
engine::PawnTT::Entry::{ctor},0.004000,0.004000,0.0,0.0,0,33.3,33.3,0.0,frankycpp_v1.5.exe,engine::PawnTT::Entry::{ctor},PawnTT.h,0x140246ec6
engine::PawnTT::resize,0.004000,0.004000,0.0,0.0,23960000,19.6,19.6,0.625000,frankycpp_v1.5.exe,engine::PawnTT::resize(unsigned __int64),PawnTT.cpp,0x140245f90
engine::Search::evaluate,0.004000,0.004000,0.0,0.0,35940000,27.0,27.0,0.500000,frankycpp_v1.5.exe,engine::Search::evaluate,Search.cpp,0x14020acfa
engine::Search::thread,0.004000,0.004000,0.0,0.0,110815000,47.8,47.8,0.162162,frankycpp_v1.5.exe,engine::Search::thread,Search.h,0x14020b9d7
engine::Search::thread,0.004000,0.004000,0.0,0.0,59900000,32.8,32.8,0.500000,frankycpp_v1.5.exe,engine::Search::thread,Search.h,0x14020c8e1
func@0x140026fb0,0.004000,0.004000,0.0,0.0,11980000,7.7,7.7,1.000000,dxgmms2.sys,func@0x140026fb0,[Unknown],0x140026fb0
func@0x1402077c0,0.004000,0.004000,0.0,0.0,14975000,15.8,15.8,3.000000,ntoskrnl.exe,func@0x1402077c0,[Unknown],0x1402077c0
func@0x1402256c0,0.004000,0.004000,0.0,0.0,2995000,10.0,10.0,4.000000,ntoskrnl.exe,func@0x1402256c0,[Unknown],0x1402256c0
func@0x14024e4c0,0.004000,0.004000,0.0,0.0,14975000,23.5,23.5,0.600000,ntoskrnl.exe,func@0x14024e4c0,[Unknown],0x14024e4c0
func@0x14024f560,0.004000,0.004000,0.0,0.0,5990000,11.1,11.1,2.500000,ntoskrnl.exe,func@0x14024f560,[Unknown],0x14024f560
func@0x1402de1c6,0.004000,0.004000,0.0,0.0,11980000,0.0,0.0,3.500000,ntoskrnl.exe,func@0x1402de1c6,[Unknown],0x1402de1c6
func@0x1402fdf10,0.004000,0.004000,0.0,0.0,0,0.0,0.0,,ntoskrnl.exe,func@0x1402fdf10,[Unknown],0x1402fdf10
func@0x1403d6b90,0.004000,0.004000,0.0,0.0,0,0.0,0.0,0.0,ntoskrnl.exe,func@0x1403d6b90,[Unknown],0x1403d6b90
func@0x1403e7fe0,0.004000,0.004000,0.0,0.0,2995000,4.5,4.5,6.000000,ntoskrnl.exe,func@0x1403e7fe0,[Unknown],0x1403e7fe0
func@0x1406b2a10,0.004000,0.004000,0.0,0.0,5990000,,,3.500000,ntoskrnl.exe,func@0x1406b2a10,[Unknown],0x1406b2a10
func@0x140da8c2f,0.004000,0.004000,0.0,0.0,5990000,7.1,7.1,1.500000,nvlddmkm.sys,func@0x140da8c2f,[Unknown],0x140da8c2f
func@0x140dcbe50,0.004000,0.004000,0.0,0.0,0,0.0,0.0,,nvlddmkm.sys,func@0x140dcbe50,[Unknown],0x140dcbe50
func@0x18000b720,0.004000,0.004000,0.0,0.0,0,0.0,0.0,0.0,ntdll.dll,func@0x18000b720,[Unknown],0x18000b720
func@0x1800cfc10,0.004000,0.004000,0.0,0.0,20965000,10.1,10.1,1.571429,ntdll.dll,func@0x1800cfc10,[Unknown],0x1800cfc10
"std::array<chess::Bitboard,8>::operator[]",0.004000,0.004000,0.0,0.0,17970000,17.2,17.2,1.000000,frankycpp_v1.5.exe,"std::array<chess::Bitboard,8>::operator[]",array,0x14024311e
"std::array<int,64>::operator[]",0.004000,0.004000,0.0,0.0,74875000,36.0,36.0,0.400000,frankycpp_v1.5.exe,"std::array<int,64>::operator[]",array,0x14020b93d
std::atomic<unsigned __int64>::{ctor},0.004000,0.004000,0.0,0.0,38935000,,,0.307692,frankycpp_v1.5.exe,std::atomic<unsigned __int64>::{ctor},atomic,0x14024b370
std::atomic<unsigned __int64>::{ctor},0.004000,0.004000,0.0,0.0,0,0.0,0.0,,frankycpp_v1.5.exe,std::atomic<unsigned __int64>::{ctor},atomic,0x140246ed0
std::countr_zero,0.004000,0.004000,0.0,0.0,71880000,39.5,39.5,0.375000,frankycpp_v1.5.exe,std::countr_zero,bit,0x140243870
std::max,0.004000,0.004000,0.0,0.0,41930000,40.9,40.9,0.642857,frankycpp_v1.5.exe,std::max,utility,0x14020c29d
std::popcount,0.004000,0.004000,0.0,0.0,17970000,,,0.666667,frankycpp_v1.5.exe,std::popcount,bit,0x140248d08
"std::ranges::_Med3_common<chess::Move *,chess::moveValueGreaterComparator,std::identity>",0.004000,0.004000,0.0,0.0,20965000,20.6,20.6,1.000000,frankycpp_v1.5.exe,"std::ranges::_Med3_common<chess::Move *,chess::moveValueGreaterComparator,std::identity>(class chess::Move *, class chess::Move *, class chess::Move *, struct chess::moveValueGreaterComparator, struct std::identity)",algorithm,0x140244a00
"std::unique_ptr<engine::TT::TTCluster [0],std::default_delete<engine::TT::TTCluster [0]> >::operator[]",0.004000,0.004000,0.0,0.0,5990000,17.2,17.2,2.500000,frankycpp_v1.5.exe,"std::unique_ptr<engine::TT::TTCluster [0],std::default_delete<engine::TT::TTCluster [0]> >::operator[]",memory,0x14024abf2
KeAcquireInStackQueuedSpinLock,0.003000,0.003000,0.0,0.0,5990000,12.5,12.5,1.000000,ntoskrnl.exe,KeAcquireInStackQueuedSpinLock,[Unknown],0x1402866d0
KeLowerIrql,0.003000,0.003000,0.0,0.0,8985000,,,1.666667,ntoskrnl.exe,KeLowerIrql,[Unknown],0x1403fc360
chess::Bitboard::operator|=,0.003000,0.003000,0.0,0.0,77870000,,,0.076923,frankycpp_v1.5.exe,chess::Bitboard::operator|=,bitboard.h,0x140248c50
chess::Bitboard::operator|=,0.003000,0.003000,0.0,0.0,20965000,,,0.142857,frankycpp_v1.5.exe,chess::Bitboard::operator|=,bitboard.h,0x140242966
chess::Bitboard::operator|=,0.003000,0.003000,0.0,0.0,50915000,89.6,89.6,0.117647,frankycpp_v1.5.exe,chess::Bitboard::operator|=,bitboard.h,0x14023bded
chess::Direction::pawnPush,0.003000,0.003000,0.0,0.0,23960000,,,0.625000,frankycpp_v1.5.exe,chess::Direction::pawnPush,direction.h,0x140242b76
chess::Move::operator==,0.003000,0.003000,0.0,0.0,5990000,0.0,0.0,0.0,frankycpp_v1.5.exe,chess::Move::operator==,PVTable.h,0x1402408c3
chess::Move::setValue,0.003000,0.003000,0.0,0.0,74875000,31.6,31.6,0.560000,frankycpp_v1.5.exe,chess::Move::setValue,move.h,0x1402427d2
chess::Move::setValue,0.003000,0.003000,0.0,0.0,110815000,,,0.108108,frankycpp_v1.5.exe,chess::Move::setValue,move.h,0x140242810
chess::Move::to,0.003000,0.003000,0.0,0.0,59900000,60.2,60.2,0.300000,frankycpp_v1.5.exe,chess::Move::to,move.h,0x14020ba57
chess::Move::to,0.003000,0.003000,0.0,0.0,11980000,11.1,11.1,1.000000,frankycpp_v1.5.exe,chess::Move::to,move.h,0x14023b7c9
chess::Position::getNextPlayer,0.003000,0.003000,0.0,0.0,2995000,51.7,51.7,2.000000,frankycpp_v1.5.exe,chess::Position::getNextPlayer,Position.h,0x1402433f9
chess::Position::getNextPlayer,0.003000,0.003000,0.0,0.0,5990000,9.8,9.8,3.500000,frankycpp_v1.5.exe,chess::Position::getNextPlayer,Position.h,0x14020a8a6
chess::Position::getOccupiedBb,0.003000,0.003000,0.0,0.0,44925000,24.5,24.5,1.000000,frankycpp_v1.5.exe,chess::Position::getOccupiedBb,Position.h,0x14024928f
chess::Value::isValid,0.003000,0.003000,0.0,0.0,5990000,,,0.500000,frankycpp_v1.5.exe,chess::Value::isValid,value.h,0x14020a996
chess::operator&,0.003000,0.003000,0.0,0.0,14975000,35.6,35.6,0.600000,frankycpp_v1.5.exe,chess::operator&,bitboard.h,0x14027be1f
chess::operator&,0.003000,0.003000,0.0,0.0,44925000,,,0.133333,frankycpp_v1.5.exe,chess::operator&,bitboard.h,0x1402430d5
chess::operator&,0.003000,0.003000,0.0,0.0,92845000,28.1,28.1,0.258065,frankycpp_v1.5.exe,chess::operator&,bitboard.h,0x14023ba54
chess::operator&,0.003000,0.003000,0.0,0.0,38935000,,,0.307692,frankycpp_v1.5.exe,chess::operator&,bitboard.h,0x14027be6e
chess::operator&,0.003000,0.003000,0.0,0.0,14975000,20.5,20.5,1.200000,frankycpp_v1.5.exe,chess::operator&,bitboard.h,0x14020bdee
chess::operator+,0.003000,0.003000,0.0,0.0,5990000,12.7,12.7,1.500000,frankycpp_v1.5.exe,chess::operator+,direction.h,0x1402432d7
chess::operator+,0.003000,0.003000,0.0,0.0,65890000,53.0,53.0,0.181818,frankycpp_v1.5.exe,chess::operator+,direction.h,0x14023bb16
chess::operator+=,0.003000,0.003000,0.0,0.0,29950000,,,0.700000,frankycpp_v1.5.exe,chess::operator+=,value.h,0x140248838
chess::operator-,0.003000,0.003000,0.0,0.0,14975000,17.1,17.1,0.800000,frankycpp_v1.5.exe,chess::operator-,value.h,0x1402438b5
chess::operator-,0.003000,0.003000,0.0,0.0,8985000,21.6,21.6,1.666667,frankycpp_v1.5.exe,chess::operator-,value.h,0x14020bb85
chess::operator-,0.003000,0.003000,0.0,0.0,104825000,38.0,38.0,0.228571,frankycpp_v1.5.exe,chess::operator-,value.h,0x14027bc80
chess::operator-,0.003000,0.003000,0.0,0.0,29950000,,,0.500000,frankycpp_v1.5.exe,chess::operator-,value.h,0x140243932
chess::operator-,0.003000,0.003000,0.0,0.0,11980000,7.6,7.6,0.750000,frankycpp_v1.5.exe,chess::operator-,value.h,0x14020b0c8
chess::operator-=,0.003000,0.003000,0.0,0.0,35940000,29.0,29.0,0.666667,frankycpp_v1.5.exe,chess::operator-=,depth.h,0x14020b998
chess::operator>,0.003000,0.003000,0.0,0.0,20965000,51.1,51.1,0.571429,frankycpp_v1.5.exe,chess::operator>,value.h,0x14020aeaa
chess::operator|,0.003000,0.003000,0.0,0.0,62895000,88.1,88.1,0.238095,frankycpp_v1.5.exe,chess::operator|,bitboard.h,0x14023b9f8
chess::operator|,0.003000,0.003000,0.0,0.0,53910000,,,0.611111,frankycpp_v1.5.exe,chess::operator|,bitboard.h,0x140243980
chess::operator~,0.003000,0.003000,0.0,0.0,38935000,44.4,44.4,0.923077,frankycpp_v1.5.exe,chess::operator~,color.h,0x14024377d
func@0x140029970,0.003000,0.003000,0.0,0.0,5990000,0.0,0.0,1.500000,dxgmms2.sys,func@0x140029970,[Unknown],0x140029970
func@0x1400540ec,0.003000,0.003000,0.0,0.0,0,0.0,0.0,,dxgmms2.sys,func@0x1400540ec,[Unknown],0x1400540ec
func@0x140067c00,0.003000,0.003000,0.0,0.0,0,0.0,0.0,,e2fn.sys,func@0x140067c00,[Unknown],0x140067c00
func@0x140113a60,0.003000,0.003000,0.0,0.0,2995000,22.2,22.2,0.0,nvlddmkm.sys,func@0x140113a60,[Unknown],0x140113a60
func@0x14020801d,0.003000,0.003000,0.0,0.0,2995000,8.7,8.7,9.000000,ntoskrnl.exe,func@0x14020801d,[Unknown],0x14020801d
func@0x1402085a0,0.003000,0.003000,0.0,0.0,17970000,21.3,21.3,0.833333,ntoskrnl.exe,func@0x1402085a0,[Unknown],0x1402085a0
func@0x14024ec70,0.003000,0.003000,0.0,0.0,14975000,55.6,55.6,0.400000,ntoskrnl.exe,func@0x14024ec70,[Unknown],0x14024ec70
func@0x14024f2a0,0.003000,0.003000,0.0,0.0,0,13.6,13.6,,ntoskrnl.exe,func@0x14024f2a0,[Unknown],0x14024f2a0
func@0x140259e40,0.003000,0.003000,0.0,0.0,0,0.0,0.0,0.0,ntoskrnl.exe,func@0x140259e40,[Unknown],0x140259e40
func@0x1402b6550,0.003000,0.003000,0.0,0.0,5990000,0.0,0.0,0.0,ntoskrnl.exe,func@0x1402b6550,[Unknown],0x1402b6550
func@0x1402b9dc0,0.003000,0.003000,0.0,0.0,2995000,24.3,24.3,3.000000,ntoskrnl.exe,func@0x1402b9dc0,[Unknown],0x1402b9dc0
func@0x1402bae00,0.003000,0.003000,0.0,0.0,2995000,0.0,0.0,3.000000,ntoskrnl.exe,func@0x1402bae00,[Unknown],0x1402bae00
func@0x1402e3690,0.003000,0.003000,0.0,0.0,0,0.0,0.0,,ntoskrnl.exe,func@0x1402e3690,[Unknown],0x1402e3690
func@0x140308e60,0.003000,0.003000,0.0,0.0,8985000,,,5.000000,ntoskrnl.exe,func@0x140308e60,[Unknown],0x140308e60
func@0x14030eb90,0.003000,0.003000,0.0,0.0,23960000,7.8,7.8,1.000000,ntoskrnl.exe,func@0x14030eb90,[Unknown],0x14030eb90
func@0x140396000,0.003000,0.003000,0.0,0.0,0,0.0,0.0,,nvlddmkm.sys,func@0x140396000,[Unknown],0x140396000
func@0x140414cd0,0.003000,0.003000,0.0,0.0,5990000,10.9,10.9,1.500000,ntoskrnl.exe,func@0x140414cd0,[Unknown],0x140414cd0
func@0x140da5a70,0.003000,0.003000,0.0,0.0,0,0.0,0.0,,nvlddmkm.sys,func@0x140da5a70,[Unknown],0x140da5a70
func@0x18001cd80,0.003000,0.003000,0.0,0.0,14975000,52.8,52.8,0.400000,ntdll.dll,func@0x18001cd80,[Unknown],0x18001cd80
"std::array<chess::Bitboard,64>::operator[]",0.003000,0.003000,0.0,0.0,98835000,,,0.151515,frankycpp_v1.5.exe,"std::array<chess::Bitboard,64>::operator[]",array,0x14024296a
std::atomic<unsigned __int64>::{ctor},0.003000,0.003000,0.0,0.0,0,0.0,0.0,,frankycpp_v1.5.exe,std::atomic<unsigned __int64>::{ctor},atomic,0x140246eae
std::min,0.003000,0.003000,0.0,0.0,50915000,72.8,72.8,0.588235,frankycpp_v1.5.exe,std::min,utility,0x14020b942
std::popcount,0.003000,0.003000,0.0,0.0,14975000,57.2,57.2,0.200000,frankycpp_v1.5.exe,std::popcount,bit,0x14024293b
std::popcount,0.003000,0.003000,0.0,0.0,32945000,17.4,17.4,0.454545,frankycpp_v1.5.exe,std::popcount,bit,0x140248d28
std::popcount,0.003000,0.003000,0.0,0.0,101830000,62.4,62.4,0.647059,frankycpp_v1.5.exe,std::popcount,bit,0x140248d33
std::ranges::_Swap::_Cpo::operator(),0.003000,0.003000,0.0,0.0,20965000,15.4,15.4,1.000000,frankycpp_v1.5.exe,std::ranges::_Swap::_Cpo::operator(),concepts,0x140243d5e
"std::vector<unsigned __int64,std::allocator<unsigned __int64> >::_Tidy",0.003000,0.003000,0.0,0.0,0,0.0,0.0,,frankycpp_v1.5.exe,"std::vector<unsigned __int64,std::allocator<unsigned __int64> >::_Tidy",vector,0x140218499
KeAcquireSpinLockRaiseToDpc,0.002000,0.002000,0.0,0.0,2995000,31.6,31.6,2.000000,ntoskrnl.exe,KeAcquireSpinLockRaiseToDpc,[Unknown],0x140207fd0
MmUnlockPages,0.002000,0.002000,0.0,0.0,0,25.0,25.0,,ntoskrnl.exe,MmUnlockPages,[Unknown],0x14021b3e0
RtlGetNextExpiredTimerWheelEntry,0.002000,0.002000,0.0,0.0,5990000,20.0,20.0,0.500000,netio.sys,RtlGetNextExpiredTimerWheelEntry,[Unknown],0x1400346b0
WppAutoLogTrace,0.002000,0.002000,0.0,0.0,0,0.0,0.0,,wpprecorder.sys,WppAutoLogTrace,[Unknown],0x140002b00
[Import thunk memcpy],0.002000,0.002000,0.0,0.0,8985000,41.7,41.7,1.000000,frankycpp_v1.5.exe,[Import thunk memcpy],[Unknown],0x1405f3f22
`vector constructor iterator',0.002000,0.002000,0.0,0.0,32945000,,,0.363636,frankycpp_v1.5.exe,"`vector constructor iterator'(void *,unsigned __int64,unsigned __int64,void * (*)(void *))",[Unknown],0x14010f320
boost::archive::detail::basic_serializer::operator<,0.002000,0.002000,0.0,0.0,44925000,58.8,58.8,0.266667,frankycpp_v1.5.exe,boost::archive::detail::basic_serializer::operator<,basic_serializer.hpp,0x140287ae3
"boost::archive::detail::iserializer<class boost::archive::binary_iarchive,struct std::pair<unsigned __int64 const ,class book::BookEntry> >::load_object_data",0.002000,0.002000,0.0,0.0,17970000,0.0,0.0,0.166667,frankycpp_v1.5.exe,"boost::archive::detail::iserializer<class boost::archive::binary_iarchive,struct std::pair<unsigned __int64 const ,class book::BookEntry> >::load_object_data(class boost::archive::detail::basic_iarchive &,void *,unsigned int)",iserializer.hpp,0x140268af0
boost::serialization::extended_type_info::operator<,0.002000,0.002000,0.0,0.0,35940000,70.6,70.6,0.583333,frankycpp_v1.5.exe,boost::serialization::extended_type_info::operator<(class boost::serialization::extended_type_info const &),extended_type_info.cpp,0x1402924e0
"boost::serialization::load<class boost::archive::binary_iarchive,unsigned __int64,class std::allocator<unsigned __int64> >",0.002000,0.002000,0.0,0.0,5990000,0.0,0.0,0.0,frankycpp_v1.5.exe,"boost::serialization::load<class boost::archive::binary_iarchive,unsigned __int64,class std::allocator<unsigned __int64> >(class boost::archive::binary_iarchive &,class std::vector<unsigned __int64,class std::allocator<unsigned __int64> > &,unsigned int,struct boost::mpl::bool_<1>)",vector.hpp,0x140270750
chess::Bitboard::lsb,0.002000,0.002000,0.0,0.0,5990000,30.8,30.8,1.000000,frankycpp_v1.5.exe,chess::Bitboard::lsb,bitboard.h,0x14024294a
chess::Bitboard::popLSB,0.002000,0.002000,0.0,0.0,8985000,33.3,33.3,0.333333,frankycpp_v1.5.exe,chess::Bitboard::popLSB,bitboard.h,0x140243200
chess::CastlingRights::operator-=,0.002000,0.002000,0.0,0.0,11980000,88.9,88.9,0.0,frankycpp_v1.5.exe,chess::CastlingRights::operator-=,castlingrights.h,0x14023b466
chess::Direction::pawnPush,0.002000,0.002000,0.0,0.0,17970000,8.3,8.3,0.166667,frankycpp_v1.5.exe,chess::Direction::pawnPush,direction.h,0x140242ff8
chess::Move::encode,0.002000,0.002000,0.0,0.0,17970000,71.4,71.4,0.500000,frankycpp_v1.5.exe,chess::Move::encode,move.h,0x140243032
chess::Move::operator==,0.002000,0.002000,0.0,0.0,77870000,34.7,34.7,0.230769,frankycpp_v1.5.exe,chess::Move::operator==,PVTable.h,0x14020ba26
chess::Move::type,0.002000,0.002000,0.0,0.0,8985000,0.0,0.0,2.333333,frankycpp_v1.5.exe,chess::Move::type,move.h,0x140240a13
chess::Move::type,0.002000,0.002000,0.0,0.0,17970000,45.7,45.7,0.833333,frankycpp_v1.5.exe,chess::Move::type,move.h,0x14020be16
chess::Move::{ctor},0.002000,0.002000,0.0,0.0,8985000,100.0,100.0,0.666667,frankycpp_v1.5.exe,chess::Move::{ctor},move.h,0x1402432c3
chess::Move::{ctor},0.002000,0.002000,0.0,0.0,2995000,50.0,50.0,1.000000,frankycpp_v1.5.exe,chess::Move::{ctor},move.h,0x14024300d
chess::MoveGenerator::generateCastling,0.002000,0.002000,0.0,0.0,50915000,35.0,35.0,0.705882,frankycpp_v1.5.exe,"chess::MoveGenerator::generateCastling(class chess::Position const &,class chess::StaticMoveList<256> *,enum chess::GenMode)",MoveGenerator.cpp,0x140243980
chess::Position::clearEnPassant,0.002000,0.002000,0.0,0.0,2995000,25.0,25.0,0.0,frankycpp_v1.5.exe,chess::Position::clearEnPassant,Position.cpp,0x14023b924
chess::Position::getGamePhaseFactor,0.002000,0.002000,0.0,0.0,20965000,35.6,35.6,0.428571,frankycpp_v1.5.exe,chess::Position::getGamePhaseFactor,Position.h,0x1402487e3
chess::Position::getNextPlayer,0.002000,0.002000,0.0,0.0,0,0.0,0.0,0.0,frankycpp_v1.5.exe,chess::Position::getNextPlayer,Position.h,0x1402409b8
chess::Position::getPieceBb,0.002000,0.002000,0.0,0.0,8985000,0.0,0.0,0.666667,frankycpp_v1.5.exe,chess::Position::getPieceBb,Position.h,0x140248bb6
chess::StaticMoveList<256>::push_back,0.002000,0.002000,0.0,0.0,0,50.0,50.0,,frankycpp_v1.5.exe,chess::StaticMoveList<256>::push_back,staticmovelist.h,0x140242bfc
chess::StaticMoveList<256>::push_back,0.002000,0.002000,0.0,0.0,8985000,0.0,0.0,0.0,frankycpp_v1.5.exe,chess::StaticMoveList<256>::push_back,staticmovelist.h,0x140242c27
chess::Value::operator int,0.002000,0.002000,0.0,0.0,20965000,,,0.285714,frankycpp_v1.5.exe,chess::Value::operator int,value.h,0x14020ae3e
chess::operator&,0.002000,0.002000,0.0,0.0,2995000,,,0.0,frankycpp_v1.5.exe,chess::operator&,bitboard.h,0x140240c53
chess::operator&,0.002000,0.002000,0.0,0.0,11980000,,,0.750000,frankycpp_v1.5.exe,chess::operator&,bitboard.h,0x140240c9a
chess::operator&,0.002000,0.002000,0.0,0.0,56905000,65.4,65.4,0.157895,frankycpp_v1.5.exe,chess::operator&,bitboard.h,0x14027bcee
chess::operator*,0.002000,0.002000,0.0,0.0,44925000,38.8,38.8,0.266667,frankycpp_v1.5.exe,chess::operator*,direction.h,0x1402431d8
chess::operator+,0.002000,0.002000,0.0,0.0,2995000,0.0,0.0,3.000000,frankycpp_v1.5.exe,chess::operator+,direction.h,0x140242e33
chess::operator-,0.002000,0.002000,0.0,0.0,11980000,37.5,37.5,0.500000,frankycpp_v1.5.exe,chess::operator-,value.h,0x1402428cc
chess::operator-,0.002000,0.002000,0.0,0.0,17970000,77.5,77.5,0.500000,frankycpp_v1.5.exe,chess::operator-,value.h,0x14020ae72
chess::operator-,0.002000,0.002000,0.0,0.0,44925000,,,0.333333,frankycpp_v1.5.exe,chess::operator-,value.h,0x14020af9c
chess::operator-=,0.002000,0.002000,0.0,0.0,26955000,,,0.444444,frankycpp_v1.5.exe,chess::operator-=,depth.h,0x14020b96a
chess::operator|,0.002000,0.002000,0.0,0.0,0,,,,frankycpp_v1.5.exe,chess::operator|,bitboard.h,0x140240a02
chess::operator|,0.002000,0.002000,0.0,0.0,17970000,,,0.333333,frankycpp_v1.5.exe,chess::operator|,bitboard.h,0x14024384c
chess::operator~,0.002000,0.002000,0.0,0.0,11980000,,,0.250000,frankycpp_v1.5.exe,chess::operator~,color.h,0x14023b95d
chess::operator~,0.002000,0.002000,0.0,0.0,71880000,,,0.250000,frankycpp_v1.5.exe,chess::operator~,color.h,0x14024292d
chess::operator~,0.002000,0.002000,0.0,0.0,38935000,28.0,28.0,0.076923,frankycpp_v1.5.exe,chess::operator~,color.h,0x14020bdea
chess::typeOf,0.002000,0.002000,0.0,0.0,29950000,46.7,46.7,0.100000,frankycpp_v1.5.exe,chess::typeOf,piece.h,0x1402437b0
chess::typeOf,0.002000,0.002000,0.0,0.0,17970000,0.0,0.0,0.333333,frankycpp_v1.5.exe,chess::typeOf,piece.h,0x14024376d
chess::valueOf,0.002000,0.002000,0.0,0.0,5990000,22.9,22.9,0.500000,frankycpp_v1.5.exe,chess::valueOf,value.h,0x14027bad3
engine::Evaluator::valueFromScore,0.002000,0.002000,0.0,0.0,98835000,49.5,49.5,0.333333,frankycpp_v1.5.exe,engine::Evaluator::valueFromScore,Evaluator.cpp,0x140248863
engine::Search::thread,0.002000,0.002000,0.0,0.0,26955000,,,0.222222,frankycpp_v1.5.exe,engine::Search::thread,Search.h,0x14020be80
engine::Search::thread,0.002000,0.002000,0.0,0.0,17970000,45.1,45.1,0.500000,frankycpp_v1.5.exe,engine::Search::thread,Search.h,0x14020b3f4
engine::SearchThreadData::lmr_reduction_log,0.002000,0.002000,0.0,0.0,8985000,0.0,0.0,0.0,frankycpp_v1.5.exe,engine::SearchThreadData::lmr_reduction_log,SearchThreadData.h,0x140201796
engine::TT::resize,0.002000,0.002000,0.0,0.0,11980000,25.0,25.0,0.0,frankycpp_v1.5.exe,engine::TT::resize(unsigned __int64),TT.cpp,0x140249ed0
func@0x140001000,0.002000,0.002000,0.0,0.0,0,0.0,0.0,,winhvr.sys,func@0x140001000,[Unknown],0x140001000
func@0x140001ea0,0.002000,0.002000,0.0,0.0,0,0.0,0.0,,intelppm.sys,func@0x140001ea0,[Unknown],0x140001ea0
func@0x140002700,0.002000,0.002000,0.0,0.0,0,0.0,0.0,,intelppm.sys,func@0x140002700,[Unknown],0x140002700
func@0x140002700,0.002000,0.002000,0.0,0.0,8985000,60.0,60.0,0.333333,usbxhci.sys,func@0x140002700,[Unknown],0x140002700
func@0x140002b5e,0.002000,0.002000,0.0,0.0,17970000,35.0,35.0,0.666667,wpprecorder.sys,func@0x140002b5e,[Unknown],0x140002b5e
func@0x140002ff0,0.002000,0.002000,0.0,0.0,0,0.0,0.0,,winhvr.sys,func@0x140002ff0,[Unknown],0x140002ff0
func@0x140005900,0.002000,0.002000,0.0,0.0,14975000,40.0,40.0,0.200000,wpprecorder.sys,func@0x140005900,[Unknown],0x140005900
func@0x14000bd0a,0.002000,0.002000,0.0,0.0,0,0.0,0.0,,winhvr.sys,func@0x14000bd0a,[Unknown],0x14000bd0a
func@0x140010528,0.002000,0.002000,0.0,0.0,0,12.5,12.5,,usbxhci.sys,func@0x140010528,[Unknown],0x140010528
func@0x14002a240,0.002000,0.002000,0.0,0.0,8985000,25.0,25.0,1.000000,dxgmms2.sys,func@0x14002a240,[Unknown],0x14002a240
func@0x1400acc70,0.002000,0.002000,0.0,0.0,0,0.0,0.0,,tcpip.sys,func@0x1400acc70,[Unknown],0x1400acc70
func@0x1400e1c30,0.002000,0.002000,0.0,0.0,2995000,0.0,0.0,2.000000,nvlddmkm.sys,func@0x1400e1c30,[Unknown],0x1400e1c30
func@0x1400f7ad0,0.002000,0.002000,0.0,0.0,20965000,22.2,22.2,1.000000,nvlddmkm.sys,func@0x1400f7ad0,[Unknown],0x1400f7ad0
func@0x1400f7bd0,0.002000,0.002000,0.0,0.0,17970000,41.7,41.7,0.500000,nvlddmkm.sys,func@0x1400f7bd0,[Unknown],0x1400f7bd0
func@0x1400f9b50,0.002000,0.002000,0.0,0.0,0,33.3,33.3,0.0,nvlddmkm.sys,func@0x1400f9b50,[Unknown],0x1400f9b50
func@0x140119240,0.002000,0.002000,0.0,0.0,2995000,0.0,0.0,3.000000,nvlddmkm.sys,func@0x140119240,[Unknown],0x140119240
func@0x140209c40,0.002000,0.002000,0.0,0.0,2995000,20.0,20.0,4.000000,ntoskrnl.exe,func@0x140209c40,[Unknown],0x140209c40
func@0x14020a92a,0.002000,0.002000,0.0,0.0,8985000,14.8,14.8,1.000000,ntoskrnl.exe,func@0x14020a92a,[Unknown],0x14020a92a
func@0x140225ba6,0.002000,0.002000,0.0,0.0,2995000,0.0,0.0,3.000000,ntoskrnl.exe,func@0x140225ba6,[Unknown],0x140225ba6
func@0x140248eb0,0.002000,0.002000,0.0,0.0,0,10.6,10.6,,ntoskrnl.exe,func@0x140248eb0,[Unknown],0x140248eb0
func@0x14024c9fb,0.002000,0.002000,0.0,0.0,0,,,,ntoskrnl.exe,func@0x14024c9fb,[Unknown],0x14024c9fb
func@0x14024d900,0.002000,0.002000,0.0,0.0,8985000,0.0,0.0,0.666667,ntoskrnl.exe,func@0x14024d900,[Unknown],0x14024d900
func@0x14024d9f9,0.002000,0.002000,0.0,0.0,0,0.0,0.0,0.0,ntoskrnl.exe,func@0x14024d9f9,[Unknown],0x14024d9f9
func@0x14024e80c,0.002000,0.002000,0.0,0.0,5990000,,,1.000000,ntoskrnl.exe,func@0x14024e80c,[Unknown],0x14024e80c
func@0x14024ff90,0.002000,0.002000,0.0,0.0,2995000,0.0,0.0,3.000000,ntoskrnl.exe,func@0x14024ff90,[Unknown],0x14024ff90
func@0x140262ab2,0.002000,0.002000,0.0,0.0,2995000,12.5,12.5,0.0,ntoskrnl.exe,func@0x140262ab2,[Unknown],0x140262ab2
func@0x14026e160,0.002000,0.002000,0.0,0.0,0,0.0,0.0,0.0,ntoskrnl.exe,func@0x14026e160,[Unknown],0x14026e160
func@0x140284b20,0.002000,0.002000,0.0,0.0,0,0.0,0.0,0.0,ntoskrnl.exe,func@0x140284b20,[Unknown],0x140284b20
func@0x1402dc8e0,0.002000,0.002000,0.0,0.0,0,0.0,0.0,,ntoskrnl.exe,func@0x1402dc8e0,[Unknown],0x1402dc8e0
func@0x1402e2b20,0.002000,0.002000,0.0,0.0,2995000,17.8,17.8,7.000000,ntoskrnl.exe,func@0x1402e2b20,[Unknown],0x1402e2b20
func@0x1402e2c6d,0.002000,0.002000,0.0,0.0,8985000,17.4,17.4,2.333333,ntoskrnl.exe,func@0x1402e2c6d,[Unknown],0x1402e2c6d
func@0x14030d7f4,0.002000,0.002000,0.0,0.0,8985000,5.6,5.6,1.333333,ntoskrnl.exe,func@0x14030d7f4,[Unknown],0x14030d7f4
func@0x14030f095,0.002000,0.002000,0.0,0.0,2995000,30.8,30.8,5.000000,ntoskrnl.exe,func@0x14030f095,[Unknown],0x14030f095
func@0x1403b1610,0.002000,0.002000,0.0,0.0,8985000,,,1.333333,ntoskrnl.exe,func@0x1403b1610,[Unknown],0x1403b1610
func@0x1403fc525,0.002000,0.002000,0.0,0.0,0,11.1,11.1,,ntoskrnl.exe,func@0x1403fc525,[Unknown],0x1403fc525
func@0x140425398,0.002000,0.002000,0.0,0.0,2995000,0.0,0.0,3.000000,ntoskrnl.exe,func@0x140425398,[Unknown],0x140425398
func@0x14042e088,0.002000,0.002000,0.0,0.0,0,0.0,0.0,0.0,ntoskrnl.exe,func@0x14042e088,[Unknown],0x14042e088
func@0x140448690,0.002000,0.002000,0.0,0.0,0,0.0,0.0,,ntoskrnl.exe,func@0x140448690,[Unknown],0x140448690
func@0x14047dc67,0.002000,0.002000,0.0,0.0,0,0.0,0.0,,ntoskrnl.exe,func@0x14047dc67,[Unknown],0x14047dc67
func@0x1404e94c0,0.002000,0.002000,0.0,0.0,2995000,14.3,14.3,4.000000,ntoskrnl.exe,func@0x1404e94c0,[Unknown],0x1404e94c0
func@0x1404e9680,0.002000,0.002000,0.0,0.0,0,,,0.0,ntoskrnl.exe,func@0x1404e9680,[Unknown],0x1404e9680
func@0x1404e9700,0.002000,0.002000,0.0,0.0,0,,,,ntoskrnl.exe,func@0x1404e9700,[Unknown],0x1404e9700
func@0x1405e0e80,0.002000,0.002000,0.0,0.0,2995000,0.0,0.0,0.0,ntoskrnl.exe,func@0x1405e0e80,[Unknown],0x1405e0e80
func@0x140768b10,0.002000,0.002000,0.0,0.0,0,0.0,0.0,,nvlddmkm.sys,func@0x140768b10,[Unknown],0x140768b10
func@0x140b53e10,0.002000,0.002000,0.0,0.0,14975000,0.0,0.0,0.400000,nvlddmkm.sys,func@0x140b53e10,[Unknown],0x140b53e10
func@0x140e043b0,0.002000,0.002000,0.0,0.0,0,0.0,0.0,0.0,nvlddmkm.sys,func@0x140e043b0,[Unknown],0x140e043b0
func@0x140e0c630,0.002000,0.002000,0.0,0.0,0,0.0,0.0,0.0,nvlddmkm.sys,func@0x140e0c630,[Unknown],0x140e0c630
func@0x140e0fa7f,0.002000,0.002000,0.0,0.0,2995000,0.0,0.0,2.000000,nvlddmkm.sys,func@0x140e0fa7f,[Unknown],0x140e0fa7f
func@0x140e1c540,0.002000,0.002000,0.0,0.0,0,0.0,0.0,,nvlddmkm.sys,func@0x140e1c540,[Unknown],0x140e1c540
func@0x140e1e25c,0.002000,0.002000,0.0,0.0,2995000,0.0,0.0,0.0,nvlddmkm.sys,func@0x140e1e25c,[Unknown],0x140e1e25c
func@0x180010e40,0.002000,0.002000,0.0,0.0,0,6.4,6.4,,vcruntime140.dll,func@0x180010e40,[Unknown],0x180010e40
func@0x180011200,0.002000,0.002000,0.0,0.0,8985000,57.1,57.1,0.333333,vcruntime140.dll,func@0x180011200,[Unknown],0x180011200
lround,0.002000,0.002000,0.0,0.0,38935000,53.3,53.3,0.384615,ucrtbase.dll,lround,[Unknown],0x18002a0a0
std::_Fnv1a_append_bytes,0.002000,0.002000,0.0,0.0,17970000,,,0.0,frankycpp_v1.5.exe,std::_Fnv1a_append_bytes,type_traits,0x140260220
"std::array<chess::Bitboard,64>::operator[]",0.002000,0.002000,0.0,0.0,11980000,,,0.0,frankycpp_v1.5.exe,"std::array<chess::Bitboard,64>::operator[]",array,0x14020ca82
"std::array<chess::Bitboard,8>::operator[]",0.002000,0.002000,0.0,0.0,95840000,,,0.187500,frankycpp_v1.5.exe,"std::array<chess::Bitboard,8>::operator[]",array,0x1402430bb
"std::array<chess::Bitboard,8>::operator[]",0.002000,0.002000,0.0,0.0,35940000,,,0.333333,frankycpp_v1.5.exe,"std::array<chess::Bitboard,8>::operator[]",array,0x140243271
"std::array<chess::Value,25>::operator[]",0.002000,0.002000,0.0,0.0,44925000,,,0.200000,frankycpp_v1.5.exe,"std::array<chess::Value,25>::operator[]",array,0x140243890
std::countr_zero,0.002000,0.002000,0.0,0.0,62895000,71.3,71.3,0.285714,frankycpp_v1.5.exe,std::countr_zero,bit,0x14027bd38
std::countr_zero,0.002000,0.002000,0.0,0.0,32945000,28.2,28.2,0.454545,frankycpp_v1.5.exe,std::countr_zero,bit,0x1402435e4
std::countr_zero,0.002000,0.002000,0.0,0.0,38935000,,,0.153846,frankycpp_v1.5.exe,std::countr_zero,bit,0x140243200
std::countr_zero,0.002000,0.002000,0.0,0.0,26955000,27.9,27.9,0.222222,frankycpp_v1.5.exe,std::countr_zero,bit,0x140243750
std::countr_zero,0.002000,0.002000,0.0,0.0,26955000,,,0.555556,frankycpp_v1.5.exe,std::countr_zero,bit,0x140248c10
std::min,0.002000,0.002000,0.0,0.0,20965000,17.7,17.7,0.571429,frankycpp_v1.5.exe,std::min,utility,0x14020c2aa
std::optional<engine::TT::Entry>::{ctor},0.002000,0.002000,0.0,0.0,0,5.7,5.7,,frankycpp_v1.5.exe,std::optional<engine::TT::Entry>::{ctor},optional,0x14024ac3b
std::ranges::_Swap::_Cpo::operator(),0.002000,0.002000,0.0,0.0,2995000,0.0,0.0,5.000000,frankycpp_v1.5.exe,std::ranges::_Swap::_Cpo::operator(),concepts,0x140243e1b
"std::vector<chess::Move,std::allocator<chess::Move> >::reserve",0.002000,0.002000,0.0,0.0,8985000,,,0.0,frankycpp_v1.5.exe,"std::vector<chess::Move,std::allocator<chess::Move> >::reserve",vector,0x14026e0cf
"std::vector<unsigned __int64,class std::allocator<unsigned __int64> >::_Change_array",0.002000,0.002000,0.0,0.0,2995000,50.0,50.0,0.0,frankycpp_v1.5.exe,"std::vector<unsigned __int64,class std::allocator<unsigned __int64> >::_Change_array(unsigned __int64 * const,unsigned __int64,unsigned __int64)",vector,0x14025dca0
ExAcquireCacheAwarePushLockSharedEx,0.001000,0.001000,0.0,0.0,5990000,0.0,0.0,0.500000,ntoskrnl.exe,ExAcquireCacheAwarePushLockSharedEx,[Unknown],0x1402e7530
ExAcquireResourceExclusiveLite,0.001000,0.001000,0.0,0.0,0,0.0,0.0,0.0,ntoskrnl.exe,ExAcquireResourceExclusiveLite,[Unknown],0x140229e70
ExAcquireRundownProtectionCacheAwareEx,0.001000,0.001000,0.0,0.0,2995000,50.0,50.0,1.000000,ntoskrnl.exe,ExAcquireRundownProtectionCacheAwareEx,[Unknown],0x14040a220
ExReleaseResourceLite,0.001000,0.001000,0.0,0.0,5990000,100.0,100.0,0.500000,ntoskrnl.exe,ExReleaseResourceLite,[Unknown],0x14020d900
ExpInterlockedPushEntrySList,0.001000,0.001000,0.0,0.0,0,0.0,0.0,,ntoskrnl.exe,ExpInterlockedPushEntrySList,[Unknown],0x1406b3960
KeAcquireInStackQueuedSpinLockAtDpcLevel,0.001000,0.001000,0.0,0.0,0,0.0,0.0,,ntoskrnl.exe,KeAcquireInStackQueuedSpinLockAtDpcLevel,[Unknown],0x140286670
KeEnumerateNextProcessor,0.001000,0.001000,0.0,0.0,11980000,20.0,20.0,0.500000,ntoskrnl.exe,KeEnumerateNextProcessor,[Unknown],0x14040aa70
KeInsertQueueApc,0.001000,0.001000,0.0,0.0,0,0.0,0.0,,ntoskrnl.exe,KeInsertQueueApc,[Unknown],0x1402decc0
MmUnmapLockedPages,0.001000,0.001000,0.0,0.0,0,0.0,0.0,0.0,ntoskrnl.exe,MmUnmapLockedPages,[Unknown],0x140240e70
NtAllocateVirtualMemory,0.001000,0.001000,0.0,0.0,0,0.0,0.0,0.0,ntoskrnl.exe,NtAllocateVirtualMemory,[Unknown],0x1408de710
NtClose,0.001000,0.001000,0.0,0.0,0,0.0,0.0,0.0,ntdll.dll,NtClose,[Unknown],0x180161c60
NtQueryInformationThread,0.001000,0.001000,0.0,0.0,0,0.0,0.0,0.0,ntoskrnl.exe,NtQueryInformationThread,[Unknown],0x1409a7c80
NtQueryValueKey,0.001000,0.001000,0.0,0.0,0,0.0,0.0,0.0,ntdll.dll,NtQueryValueKey,[Unknown],0x180161d60
NtWaitForAlertByThreadId,0.001000,0.001000,0.0,0.0,0,0.0,0.0,0.0,ntdll.dll,NtWaitForAlertByThreadId,[Unknown],0x1801656d0
QueryPerformanceCounter,0.001000,0.001000,0.0,0.0,0,0.0,0.0,0.0,kernel32.dll,QueryPerformanceCounter,[Unknown],0x180023fb0
RtlAllocateHeap,0.001000,0.001000,0.0,0.0,23960000,60.0,60.0,0.750000,ntdll.dll,RtlAllocateHeap,[Unknown],0x18001c250
RtlEnterCriticalSection,0.001000,0.0,0.001000,0.0,0,0.0,0.0,,ntdll.dll,RtlEnterCriticalSection,[Unknown],0x18000d800
RtlNumberOfSetBitsEx,0.001000,0.001000,0.0,0.0,8985000,25.0,25.0,0.333333,ntoskrnl.exe,RtlNumberOfSetBitsEx,[Unknown],0x140415770
SeOpenObjectAuditAlarmWithTransaction,0.001000,0.001000,0.0,0.0,0,0.0,0.0,0.0,ntoskrnl.exe,SeOpenObjectAuditAlarmWithTransaction,[Unknown],0x1408508e0
WdLogSingleEntry1,0.001000,0.001000,0.0,0.0,0,100.0,100.0,0.0,watchdog.sys,WdLogSingleEntry1,[Unknown],0x140003440
[Outside any known module],0.001000,0.001000,0.0,0.0,2995000,44.4,44.4,1.000000,[Unknown],[Outside any known module],[Unknown],0x0
[dbghelp.dll],0.001000,0.001000,0.0,0.0,0,0.0,0.0,0.0,dbghelp.dll,[dbghelp.dll],[Unknown],0x0
[usbxhci.sys],0.001000,0.001000,0.0,0.0,0,0.0,0.0,0.0,usbxhci.sys,[usbxhci.sys],[Unknown],0x0
_dyn_tls_init,0.001000,0.001000,0.0,0.0,0,0.0,0.0,0.0,frankycpp_v1.5.exe,_dyn_tls_init,tlsdyn.cpp,0x1405f22a4
boost::archive::detail::basic_iarchive::get_library_version,0.001000,0.001000,0.0,0.0,11980000,0.0,0.0,0.0,frankycpp_v1.5.exe,boost::archive::detail::basic_iarchive::get_library_version(void),basic_iarchive.cpp,0x1402871f0
boost::archive::detail::basic_iarchive_impl::load_object,0.001000,0.001000,0.0,0.0,8985000,,,1.333333,frankycpp_v1.5.exe,boost::archive::detail::basic_iarchive_impl::load_object,basic_iarchive.cpp,0x140287271
boost::archive::detail::basic_serializer::operator<,0.001000,0.001000,0.0,0.0,2995000,50.0,50.0,0.0,frankycpp_v1.5.exe,boost::archive::detail::basic_serializer::operator<,basic_serializer.hpp,0x140287b37
boost::archive::detail::interface_iarchive<boost::archive::binary_iarchive>::This,0.001000,0.001000,0.0,0.0,0,,,0.0,frankycpp_v1.5.exe,boost::archive::detail::interface_iarchive<boost::archive::binary_iarchive>::This,interface_iarchive.hpp,0x140268b50
boost::archive::detail::interface_iarchive<class boost::archive::binary_iarchive>::operator>><unsigned int>,0.001000,0.001000,0.0,0.0,0,0.0,0.0,,frankycpp_v1.5.exe,boost::archive::detail::interface_iarchive<class boost::archive::binary_iarchive>::operator>><unsigned int>(unsigned int &),interface_iarchive.hpp,0x14025eea0
"boost::serialization::free_loader<boost::archive::binary_iarchive,boost::serialization::nvp<boost::serialization::item_version_type> >::invoke",0.001000,0.001000,0.0,0.0,2995000,100.0,100.0,0.0,frankycpp_v1.5.exe,"boost::serialization::free_loader<boost::archive::binary_iarchive,boost::serialization::nvp<boost::serialization::item_version_type> >::invoke",split_free.hpp,0x14026e0b9
"boost::serialization::free_loader<boost::archive::binary_iarchive,boost::serialization::nvp<unsigned int> >::invoke",0.001000,0.001000,0.0,0.0,0,0.0,0.0,0.0,frankycpp_v1.5.exe,"boost::serialization::free_loader<boost::archive::binary_iarchive,boost::serialization::nvp<unsigned int> >::invoke",split_free.hpp,0x140272bb8
boost::serialization::load,0.001000,0.001000,0.0,0.0,2995000,0.0,0.0,0.0,frankycpp_v1.5.exe,boost::serialization::load,vector.hpp,0x14026e03a
"boost::serialization::load<class boost::archive::binary_iarchive,class boost::serialization::item_version_type>",0.001000,0.001000,0.0,0.0,17970000,33.3,33.3,0.0,frankycpp_v1.5.exe,"boost::serialization::load<class boost::archive::binary_iarchive,class boost::serialization::item_version_type>(class boost::archive::binary_iarchive &,class boost::serialization::nvp<class boost::serialization::item_version_type> &,unsigned int)",nvp.hpp,0x140266a70
"boost::serialization::load<class boost::archive::binary_iarchive,unsigned __int64>",0.001000,0.001000,0.0,0.0,2995000,0.0,0.0,0.0,frankycpp_v1.5.exe,"boost::serialization::load<class boost::archive::binary_iarchive,unsigned __int64>(class boost::archive::binary_iarchive &,class boost::serialization::nvp<unsigned __int64> &,unsigned int)",nvp.hpp,0x140269eb0
"boost::serialization::load<class boost::archive::binary_iarchive,unsigned int>",0.001000,0.001000,0.0,0.0,0,,,0.0,frankycpp_v1.5.exe,"boost::serialization::load<class boost::archive::binary_iarchive,unsigned int>(class boost::archive::binary_iarchive &,class boost::serialization::nvp<unsigned int> &,unsigned int)",nvp.hpp,0x140271e30
"boost::serialization::singleton<class boost::archive::detail::iserializer<class boost::archive::binary_iarchive,struct std::pair<unsigned __int64 const ,class book::BookEntry> > >::get_instance",0.001000,0.001000,0.0,0.0,5990000,0.0,0.0,0.0,frankycpp_v1.5.exe,"boost::serialization::singleton<class boost::archive::detail::iserializer<class boost::archive::binary_iarchive,struct std::pair<unsigned __int64 const ,class book::BookEntry> > >::get_instance(void)",singleton.hpp,0x140268f60
chess::Bitboard::operator bool,0.001000,0.001000,0.0,0.0,2995000,66.7,66.7,2.000000,frankycpp_v1.5.exe,chess::Bitboard::operator bool,bitboard.h,0x140242d70
chess::Bitboard::popLSB,0.001000,0.001000,0.0,0.0,2995000,17.4,17.4,2.000000,frankycpp_v1.5.exe,chess::Bitboard::popLSB,bitboard.h,0x140243003
chess::Bitboard::popLSB,0.001000,0.001000,0.0,0.0,14975000,25.0,25.0,0.400000,frankycpp_v1.5.exe,chess::Bitboard::popLSB,bitboard.h,0x140243750
chess::Bitboard::popLSB,0.001000,0.001000,0.0,0.0,50915000,,,0.176471,frankycpp_v1.5.exe,chess::Bitboard::popLSB,bitboard.h,0x140243870
chess::Bitboard::{ctor},0.001000,0.001000,0.0,0.0,2995000,,,0.0,frankycpp_v1.5.exe,chess::Bitboard::{ctor},bitboard.h,0x1402430ef
chess::Direction::pawnPush,0.001000,0.001000,0.0,0.0,2995000,10.3,10.3,2.000000,frankycpp_v1.5.exe,chess::Direction::pawnPush,direction.h,0x140243093
chess::Direction::pawnPush,0.001000,0.001000,0.0,0.0,8985000,100.0,100.0,0.0,frankycpp_v1.5.exe,chess::Direction::pawnPush,direction.h,0x14023bda8
chess::Move::encode,0.001000,0.001000,0.0,0.0,2995000,0.0,0.0,3.000000,frankycpp_v1.5.exe,chess::Move::encode,move.h,0x140242c0e
chess::Move::encode,0.001000,0.001000,0.0,0.0,2995000,25.0,25.0,0.0,frankycpp_v1.5.exe,chess::Move::encode,move.h,0x140242c3d
chess::Move::from,0.001000,0.001000,0.0,0.0,0,0.0,0.0,0.0,frankycpp_v1.5.exe,chess::Move::from,move.h,0x14023b788
chess::Move::operator==,0.001000,0.001000,0.0,0.0,0,,,0.0,frankycpp_v1.5.exe,chess::Move::operator==,PVTable.h,0x140240997
chess::Move::operator==,0.001000,0.001000,0.0,0.0,5990000,19.4,19.4,1.000000,frankycpp_v1.5.exe,chess::Move::operator==,PVTable.h,0x14020ba21
chess::Move::promotionType,0.001000,0.001000,0.0,0.0,2995000,0.0,0.0,0.0,frankycpp_v1.5.exe,chess::Move::promotionType,move.h,0x14023b4ba
chess::Move::stripped,0.001000,0.001000,0.0,0.0,14975000,0.0,0.0,0.600000,frankycpp_v1.5.exe,chess::Move::stripped,move.h,0x1402408c0
chess::Move::to,0.001000,0.001000,0.0,0.0,20965000,100.0,100.0,0.142857,frankycpp_v1.5.exe,chess::Move::to,move.h,0x14020bf2d
chess::Move::type,0.001000,0.001000,0.0,0.0,2995000,,,1.000000,frankycpp_v1.5.exe,chess::Move::type,move.h,0x14020ba70
chess::Move::type,0.001000,0.001000,0.0,0.0,26955000,30.0,30.0,0.111111,frankycpp_v1.5.exe,chess::Move::type,move.h,0x14020cab7
chess::Move::{ctor},0.001000,0.001000,0.0,0.0,8985000,20.0,20.0,0.666667,frankycpp_v1.5.exe,chess::Move::{ctor},move.h,0x14019d0c0
chess::MoveGenerator::generateLegalMoves,0.001000,0.001000,0.0,0.0,0,0.0,0.0,0.0,frankycpp_v1.5.exe,"chess::MoveGenerator::generateLegalMoves(class chess::Position const &,enum chess::GenMode)",MoveGenerator.cpp,0x140240640
chess::MoveGenerator::reset,0.001000,0.001000,0.0,0.0,0,0.0,0.0,,frankycpp_v1.5.exe,chess::MoveGenerator::reset,MoveGenerator.h,0x140204e98
chess::MoveGenerator::reset,0.001000,0.001000,0.0,0.0,2995000,0.0,0.0,0.0,frankycpp_v1.5.exe,chess::MoveGenerator::reset,MoveGenerator.h,0x140202493
chess::MoveGenerator::resetOnDemand,0.001000,0.001000,0.0,0.0,0,0.0,0.0,,frankycpp_v1.5.exe,chess::MoveGenerator::resetOnDemand,MoveGenerator.h,0x1402024eb
chess::MoveGenerator::resetOnDemand,0.001000,0.001000,0.0,0.0,0,0.0,0.0,,frankycpp_v1.5.exe,chess::MoveGenerator::resetOnDemand,MoveGenerator.h,0x140204f00
chess::MoveGenerator::setPV,0.001000,0.001000,0.0,0.0,0,0.0,0.0,,frankycpp_v1.5.exe,chess::MoveGenerator::setPV(class chess::Move),MoveGenerator.cpp,0x1402408b0
chess::MoveGenerator::storeKiller,0.001000,0.001000,0.0,0.0,8985000,,,0.0,frankycpp_v1.5.exe,chess::MoveGenerator::storeKiller(class chess::Move),MoveGenerator.cpp,0x1402408c0
chess::Position::clearEnPassant,0.001000,0.001000,0.0,0.0,17970000,,,0.333333,frankycpp_v1.5.exe,chess::Position::clearEnPassant,Position.cpp,0x14023b35f
chess::Position::getEnPassantSquare,0.001000,0.001000,0.0,0.0,35940000,,,0.500000,frankycpp_v1.5.exe,chess::Position::getEnPassantSquare,Position.h,0x140242dd2
chess::Position::getPieceBb,0.001000,0.001000,0.0,0.0,44925000,100.0,100.0,0.200000,frankycpp_v1.5.exe,chess::Position::getPieceBb,Position.h,0x14027bce4
chess::Position::isCapturingMove,0.001000,0.001000,0.0,0.0,8985000,21.8,21.8,0.666667,frankycpp_v1.5.exe,chess::Position::isCapturingMove,Position.h,0x14020bdea
chess::Position::isCapturingMove,0.001000,0.001000,0.0,0.0,8985000,43.5,43.5,0.333333,frankycpp_v1.5.exe,chess::Position::isCapturingMove,Position.h,0x14020ca82
chess::Square::file,0.001000,0.001000,0.0,0.0,26955000,30.0,30.0,0.333333,frankycpp_v1.5.exe,chess::Square::file,square.h,0x14023b525
chess::StaticMoveList<128>::push_back,0.001000,0.001000,0.0,0.0,2995000,,,0.0,frankycpp_v1.5.exe,chess::StaticMoveList<128>::push_back,staticmovelist.h,0x14020a44e
chess::StaticMoveList<256>::push_back,0.001000,0.001000,0.0,0.0,0,,,,frankycpp_v1.5.exe,chess::StaticMoveList<256>::push_back,staticmovelist.h,0x140243a03
chess::Value::operator int,0.001000,0.001000,0.0,0.0,2995000,,,1.000000,frankycpp_v1.5.exe,chess::Value::operator int,value.h,0x14020a9de
chess::Value::operator int,0.001000,0.001000,0.0,0.0,53910000,,,0.222222,frankycpp_v1.5.exe,chess::Value::operator int,value.h,0x14023ced5
chess::Value::operator int,0.001000,0.001000,0.0,0.0,5990000,66.7,66.7,0.0,frankycpp_v1.5.exe,chess::Value::operator int,value.h,0x14020b5fb
chess::Value::{ctor},0.001000,0.001000,0.0,0.0,38935000,100.0,100.0,0.153846,frankycpp_v1.5.exe,chess::Value::{ctor},value.h,0x14020ae59
chess::Value::{ctor},0.001000,0.001000,0.0,0.0,8985000,14.3,14.3,0.666667,frankycpp_v1.5.exe,chess::Value::{ctor},value.h,0x14020ae83
chess::moveValueGreaterComparator::operator(),0.001000,0.001000,0.0,0.0,2995000,0.0,0.0,2.000000,frankycpp_v1.5.exe,chess::moveValueGreaterComparator::operator(),move.h,0x140243ce0
chess::moveValueGreaterComparator::operator(),0.001000,0.001000,0.0,0.0,2995000,,,5.000000,frankycpp_v1.5.exe,chess::moveValueGreaterComparator::operator(),move.h,0x140244a05
chess::operator!=,0.001000,0.001000,0.0,0.0,0,0.0,0.0,0.0,frankycpp_v1.5.exe,chess::operator!=,color.h,0x140248e2a
chess::operator&,0.001000,0.001000,0.0,0.0,8985000,,,0.0,frankycpp_v1.5.exe,chess::operator&,bitboard.h,0x14023bc25
chess::operator&,0.001000,0.001000,0.0,0.0,11980000,33.3,33.3,0.500000,frankycpp_v1.5.exe,chess::operator&,bitboard.h,0x14020bf34
chess::operator&,0.001000,0.001000,0.0,0.0,17970000,,,0.0,frankycpp_v1.5.exe,chess::operator&,bitboard.h,0x1402430c7
chess::operator&,0.001000,0.001000,0.0,0.0,5990000,,,0.0,frankycpp_v1.5.exe,chess::operator&,bitboard.h,0x1402439f4
chess::operator&,0.001000,0.001000,0.0,0.0,8985000,,,1.666667,frankycpp_v1.5.exe,chess::operator&,bitboard.h,0x140240c31
chess::operator&,0.001000,0.001000,0.0,0.0,29950000,70.0,70.0,0.200000,frankycpp_v1.5.exe,chess::operator&,bitboard.h,0x14024313b
chess::operator&,0.001000,0.001000,0.0,0.0,0,0.0,0.0,0.0,frankycpp_v1.5.exe,chess::operator&,bitboard.h,0x14024385a
chess::operator&,0.001000,0.001000,0.0,0.0,47920000,,,0.062500,frankycpp_v1.5.exe,chess::operator&,bitboard.h,0x14020beda
chess::operator&,0.001000,0.001000,0.0,0.0,23960000,34.8,34.8,0.250000,frankycpp_v1.5.exe,chess::operator&,bitboard.h,0x14027befb
chess::operator+,0.001000,0.001000,0.0,0.0,29950000,14.3,14.3,0.300000,frankycpp_v1.5.exe,chess::operator+,value.h,0x14020a85a
chess::operator+,0.001000,0.001000,0.0,0.0,29950000,,,0.100000,frankycpp_v1.5.exe,chess::operator+,value.h,0x14020afaf
chess::operator+,0.001000,0.001000,0.0,0.0,14975000,80.0,80.0,0.0,frankycpp_v1.5.exe,chess::operator+,direction.h,0x14024323d
chess::operator+=,0.001000,0.001000,0.0,0.0,2995000,16.7,16.7,3.000000,frankycpp_v1.5.exe,chess::operator+=,depth.h,0x14020ba41
chess::operator+=,0.001000,0.001000,0.0,0.0,5990000,0.0,0.0,0.0,frankycpp_v1.5.exe,chess::operator+=,value.h,0x140248ea4
chess::operator+=,0.001000,0.001000,0.0,0.0,0,0.0,0.0,,frankycpp_v1.5.exe,chess::operator+=,value.h,0x140248e93
chess::operator-,0.001000,0.001000,0.0,0.0,47920000,,,0.125000,frankycpp_v1.5.exe,chess::operator-,value.h,0x14027bb37
chess::operator-,0.001000,0.001000,0.0,0.0,11980000,,,0.0,frankycpp_v1.5.exe,chess::operator-,value.h,0x14020a86a
chess::operator-,0.001000,0.001000,0.0,0.0,11980000,6.7,6.7,1.250000,frankycpp_v1.5.exe,chess::operator-,value.h,0x14020bbb6
chess::operator-,0.001000,0.001000,0.0,0.0,8985000,,,0.666667,frankycpp_v1.5.exe,chess::operator-,value.h,0x14020bcf8
chess::operator-,0.001000,0.001000,0.0,0.0,2995000,8.8,8.8,4.000000,frankycpp_v1.5.exe,chess::operator-,value.h,0x14020c7f2
chess::operator/,0.001000,0.001000,0.0,0.0,0,0.0,0.0,0.0,frankycpp_v1.5.exe,chess::operator/,depth.h,0x14020b682
chess::operator==,0.001000,0.001000,0.0,0.0,5990000,0.0,0.0,0.0,frankycpp_v1.5.exe,chess::operator==,castlingrights.h,0x1402439a5
chess::operator|,0.001000,0.001000,0.0,0.0,41930000,29.8,29.8,0.714286,frankycpp_v1.5.exe,chess::operator|,bitboard.h,0x14024340c
chess::operator|,0.001000,0.001000,0.0,0.0,8985000,,,0.333333,frankycpp_v1.5.exe,chess::operator|,bitboard.h,0x140243080
chess::operator~,0.001000,0.001000,0.0,0.0,17970000,,,0.833333,frankycpp_v1.5.exe,chess::operator~,color.h,0x14020bf25
chess::operator~,0.001000,0.001000,0.0,0.0,5990000,,,0.500000,frankycpp_v1.5.exe,chess::operator~,color.h,0x14027be58
chess::operator~,0.001000,0.001000,0.0,0.0,2995000,11.1,11.1,1.000000,frankycpp_v1.5.exe,chess::operator~,color.h,0x14023b99d
chess::typeOf,0.001000,0.001000,0.0,0.0,0,0.0,0.0,,frankycpp_v1.5.exe,chess::typeOf,piece.h,0x140240a09
engine::PawnTT::Entry::{ctor},0.001000,0.001000,0.0,0.0,8985000,29.4,29.4,0.666667,frankycpp_v1.5.exe,engine::PawnTT::Entry::{ctor},PawnTT.h,0x1402465bc
engine::PlyInfo::resetSearchState,0.001000,0.001000,0.0,0.0,0,0.0,0.0,,frankycpp_v1.5.exe,engine::PlyInfo::resetSearchState,PlyInfo.h,0x140204e90
engine::Search::rootSearch,0.001000,0.001000,0.0,0.0,8985000,,,0.666667,frankycpp_v1.5.exe,"engine::Search::rootSearch(class chess::Position &,enum chess::Depth,class chess::Value,class chess::Value)",Search.cpp,0x14020a3a0
engine::Search::run,0.001000,0.001000,0.0,0.0,0,0.0,0.0,0.0,frankycpp_v1.5.exe,engine::Search::run(void),Search.cpp,0x1402047f0
engine::TT::Entry::{ctor},0.001000,0.001000,0.0,0.0,0,0.0,0.0,,frankycpp_v1.5.exe,engine::TT::Entry::{ctor},TT.h,0x14024acb7
func@0x140002053,0.001000,0.001000,0.0,0.0,0,0.0,0.0,,usbpcap.sys,func@0x140002053,[Unknown],0x140002053
func@0x140002070,0.001000,0.001000,0.0,0.0,0,0.0,0.0,0.0,wdfilter.sys,func@0x140002070,[Unknown],0x140002070
func@0x1400054d0,0.001000,0.001000,0.0,0.0,0,0.0,0.0,0.0,hidusb.sys,func@0x1400054d0,[Unknown],0x1400054d0
func@0x1400067d0,0.001000,0.001000,0.0,0.0,0,0.0,0.0,0.0,dxgmms2.sys,func@0x1400067d0,[Unknown],0x1400067d0
func@0x140007b70,0.001000,0.001000,0.0,0.0,0,0.0,0.0,0.0,usbxhci.sys,func@0x140007b70,[Unknown],0x140007b70
func@0x140009ed0,0.001000,0.001000,0.0,0.0,0,0.0,0.0,0.0,ksld.sys,func@0x140009ed0,[Unknown],0x140009ed0
func@0x14000bc50,0.001000,0.001000,0.0,0.0,0,0.0,0.0,0.0,wdf01000.sys,func@0x14000bc50,[Unknown],0x14000bc50
func@0x14000dc90,0.001000,0.001000,0.0,0.0,0,0.0,0.0,0.0,bthport.sys,func@0x14000dc90,[Unknown],0x14000dc90
func@0x140012190,0.001000,0.001000,0.0,0.0,0,0.0,0.0,0.0,ibtusb.sys,func@0x140012190,[Unknown],0x140012190
func@0x1400122b0,0.001000,0.001000,0.0,0.0,0,0.0,0.0,0.0,dxgmms2.sys,func@0x1400122b0,[Unknown],0x1400122b0
func@0x140012510,0.001000,0.001000,0.0,0.0,0,0.0,0.0,,dxgkrnl.sys,func@0x140012510,[Unknown],0x140012510
func@0x14001559f,0.001000,0.001000,0.0,0.0,0,0.0,0.0,0.0,win32k.sys,func@0x14001559f,[Unknown],0x14001559f
func@0x140015d90,0.001000,0.001000,0.0,0.0,0,0.0,0.0,,dxgmms2.sys,func@0x140015d90,[Unknown],0x140015d90
func@0x140018bb0,0.001000,0.001000,0.0,0.0,0,0.0,0.0,0.0,nvlddmkm.sys,func@0x140018bb0,[Unknown],0x140018bb0
func@0x1400190c0,0.001000,0.001000,0.0,0.0,0,0.0,0.0,0.0,nvlddmkm.sys,func@0x1400190c0,[Unknown],0x1400190c0
func@0x1400193d0,0.001000,0.001000,0.0,0.0,0,0.0,0.0,0.0,nvlddmkm.sys,func@0x1400193d0,[Unknown],0x1400193d0
func@0x14001ce6f,0.001000,0.001000,0.0,0.0,2995000,20.0,20.0,1.000000,nvlddmkm.sys,func@0x14001ce6f,[Unknown],0x14001ce6f
func@0x14001fa60,0.001000,0.001000,0.0,0.0,0,0.0,0.0,0.0,bindflt.sys,func@0x14001fa60,[Unknown],0x14001fa60
func@0x140020190,0.001000,0.001000,0.0,0.0,0,0.0,0.0,,nvlddmkm.sys,func@0x140020190,[Unknown],0x140020190
func@0x140020438,0.001000,0.001000,0.0,0.0,0,0.0,0.0,0.0,netadaptercx.sys,func@0x140020438,[Unknown],0x140020438
func@0x140025820,0.001000,0.001000,0.0,0.0,8985000,25.0,25.0,1.333333,usbxhci.sys,func@0x140025820,[Unknown],0x140025820
func@0x140027780,0.001000,0.001000,0.0,0.0,0,0.0,0.0,,dxgmms2.sys,func@0x140027780,[Unknown],0x140027780
func@0x140028980,0.001000,0.001000,0.0,0.0,0,0.0,0.0,,dxgmms2.sys,func@0x140028980,[Unknown],0x140028980
func@0x14002a460,0.001000,0.001000,0.0,0.0,0,0.0,0.0,0.0,dxgkrnl.sys,func@0x14002a460,[Unknown],0x14002a460
func@0x14002ab90,0.001000,0.001000,0.0,0.0,2995000,0.0,0.0,0.0,dxgmms2.sys,func@0x14002ab90,[Unknown],0x14002ab90
func@0x14002d6a0,0.001000,0.001000,0.0,0.0,0,0.0,0.0,0.0,dxgkrnl.sys,func@0x14002d6a0,[Unknown],0x14002d6a0
func@0x14002d850,0.001000,0.001000,0.0,0.0,0,0.0,0.0,0.0,dxgmms2.sys,func@0x14002d850,[Unknown],0x14002d850
func@0x1400386b0,0.001000,0.001000,0.0,0.0,0,0.0,0.0,,usbxhci.sys,func@0x1400386b0,[Unknown],0x1400386b0
func@0x14003bd30,0.001000,0.001000,0.0,0.0,0,0.0,0.0,0.0,dxgmms2.sys,func@0x14003bd30,[Unknown],0x14003bd30
func@0x14003e03c,0.001000,0.001000,0.0,0.0,0,0.0,0.0,0.0,dxgmms2.sys,func@0x14003e03c,[Unknown],0x14003e03c
func@0x140049b80,0.001000,0.001000,0.0,0.0,0,0.0,0.0,,e2fn.sys,func@0x140049b80,[Unknown],0x140049b80
func@0x14004b220,0.001000,0.001000,0.0,0.0,0,0.0,0.0,0.0,wdf01000.sys,func@0x14004b220,[Unknown],0x14004b220
func@0x1400535b0,0.001000,0.001000,0.0,0.0,0,0.0,0.0,,wdf01000.sys,func@0x1400535b0,[Unknown],0x1400535b0
func@0x140054600,0.001000,0.001000,0.0,0.0,0,0.0,0.0,,wdf01000.sys,func@0x140054600,[Unknown],0x140054600
func@0x1400987c0,0.001000,0.001000,0.0,0.0,0,0.0,0.0,0.0,nvlddmkm.sys,func@0x1400987c0,[Unknown],0x1400987c0
func@0x140098890,0.001000,0.001000,0.0,0.0,0,0.0,0.0,,nvlddmkm.sys,func@0x140098890,[Unknown],0x140098890
func@0x140099dd0,0.001000,0.001000,0.0,0.0,0,0.0,0.0,0.0,nvlddmkm.sys,func@0x140099dd0,[Unknown],0x140099dd0
func@0x14009bd0f,0.001000,0.001000,0.0,0.0,0,6.7,6.7,0.0,nvlddmkm.sys,func@0x14009bd0f,[Unknown],0x14009bd0f
func@0x14009dc84,0.001000,0.001000,0.0,0.0,0,0.0,0.0,,e2fn.sys,func@0x14009dc84,[Unknown],0x14009dc84
func@0x1400aca30,0.001000,0.001000,0.0,0.0,0,0.0,0.0,0.0,tcpip.sys,func@0x1400aca30,[Unknown],0x1400aca30
func@0x1400acec1,0.001000,0.001000,0.0,0.0,0,0.0,0.0,,tcpip.sys,func@0x1400acec1,[Unknown],0x1400acec1
func@0x1400d6de0,0.001000,0.001000,0.0,0.0,0,0.0,0.0,,nvlddmkm.sys,func@0x1400d6de0,[Unknown],0x1400d6de0
func@0x1400d90e0,0.001000,0.001000,0.0,0.0,0,66.7,66.7,0.0,nvlddmkm.sys,func@0x1400d90e0,[Unknown],0x1400d90e0
func@0x1400e29e0,0.001000,0.001000,0.0,0.0,0,0.0,0.0,0.0,nvlddmkm.sys,func@0x1400e29e0,[Unknown],0x1400e29e0
func@0x1400fa080,0.001000,0.001000,0.0,0.0,0,0.0,0.0,,nvlddmkm.sys,func@0x1400fa080,[Unknown],0x1400fa080
func@0x1400fc500,0.001000,0.001000,0.0,0.0,0,0.0,0.0,0.0,nvlddmkm.sys,func@0x1400fc500,[Unknown],0x1400fc500
func@0x1400fd610,0.001000,0.001000,0.0,0.0,0,0.0,0.0,0.0,nvlddmkm.sys,func@0x1400fd610,[Unknown],0x1400fd610
func@0x140108520,0.001000,0.001000,0.0,0.0,0,0.0,0.0,0.0,nvlddmkm.sys,func@0x140108520,[Unknown],0x140108520
func@0x14010c550,0.001000,0.001000,0.0,0.0,0,,,0.0,nvlddmkm.sys,func@0x14010c550,[Unknown],0x14010c550
func@0x140113d10,0.001000,0.001000,0.0,0.0,0,33.3,33.3,,nvlddmkm.sys,func@0x140113d10,[Unknown],0x140113d10
func@0x1401184e0,0.001000,0.001000,0.0,0.0,2995000,100.0,100.0,0.0,nvlddmkm.sys,func@0x1401184e0,[Unknown],0x1401184e0
func@0x140119170,0.001000,0.001000,0.0,0.0,0,33.3,33.3,0.0,nvlddmkm.sys,func@0x140119170,[Unknown],0x140119170
func@0x140119880,0.001000,0.001000,0.0,0.0,2995000,0.0,0.0,0.0,nvlddmkm.sys,func@0x140119880,[Unknown],0x140119880
func@0x14012d993,0.001000,0.001000,0.0,0.0,0,0.0,0.0,0.0,ntfs.sys,func@0x14012d993,[Unknown],0x14012d993
func@0x14013fc30,0.001000,0.001000,0.0,0.0,0,66.7,66.7,0.0,nvlddmkm.sys,func@0x14013fc30,[Unknown],0x14013fc30
func@0x140141d90,0.001000,0.001000,0.0,0.0,0,0.0,0.0,,nvlddmkm.sys,func@0x140141d90,[Unknown],0x140141d90
func@0x140162fb0,0.001000,0.001000,0.0,0.0,23960000,62.5,62.5,0.125000,nvlddmkm.sys,func@0x140162fb0,[Unknown],0x140162fb0
func@0x1401af030,0.001000,0.001000,0.0,0.0,0,0.0,0.0,0.0,nvlddmkm.sys,func@0x1401af030,[Unknown],0x1401af030
func@0x140204cd0,0.001000,0.001000,0.0,0.0,0,0.0,0.0,,ntoskrnl.exe,func@0x140204cd0,[Unknown],0x140204cd0
func@0x140208200,0.001000,0.001000,0.0,0.0,0,0.0,0.0,,ntoskrnl.exe,func@0x140208200,[Unknown],0x140208200
func@0x14020a630,0.001000,0.001000,0.0,0.0,2995000,,,2.000000,ntoskrnl.exe,func@0x14020a630,[Unknown],0x14020a630
func@0x14020b2d0,0.001000,0.001000,0.0,0.0,0,100.0,100.0,,ntoskrnl.exe,func@0x14020b2d0,[Unknown],0x14020b2d0
func@0x1402133dd,0.001000,0.001000,0.0,0.0,0,0.0,0.0,0.0,ntoskrnl.exe,func@0x1402133dd,[Unknown],0x1402133dd
func@0x14022c7b0,0.001000,0.001000,0.0,0.0,2995000,0.0,0.0,1.000000,ntoskrnl.exe,func@0x14022c7b0,[Unknown],0x14022c7b0
func@0x140238ba0,0.001000,0.001000,0.0,0.0,17970000,72.7,72.7,0.333333,ntoskrnl.exe,func@0x140238ba0,[Unknown],0x140238ba0
func@0x14023be50,0.001000,0.001000,0.0,0.0,14975000,6.7,6.7,0.800000,ntoskrnl.exe,func@0x14023be50,[Unknown],0x14023be50
func@0x1402400a0,0.001000,0.001000,0.0,0.0,0,0.0,0.0,,ntoskrnl.exe,func@0x1402400a0,[Unknown],0x1402400a0
func@0x140244e42,0.001000,0.001000,0.0,0.0,0,0.0,0.0,,ntoskrnl.exe,func@0x140244e42,[Unknown],0x140244e42
func@0x140248198,0.001000,0.001000,0.0,0.0,2995000,,,0.0,ntoskrnl.exe,func@0x140248198,[Unknown],0x140248198
func@0x140248470,0.001000,0.001000,0.0,0.0,0,0.0,0.0,,ntoskrnl.exe,func@0x140248470,[Unknown],0x140248470
func@0x14024b910,0.001000,0.001000,0.0,0.0,0,0.0,0.0,0.0,ntoskrnl.exe,func@0x14024b910,[Unknown],0x14024b910
func@0x14024c900,0.001000,0.001000,0.0,0.0,0,13.4,13.4,,ntoskrnl.exe,func@0x14024c900,[Unknown],0x14024c900
func@0x14024f9a9,0.001000,0.001000,0.0,0.0,0,0.0,0.0,0.0,ntoskrnl.exe,func@0x14024f9a9,[Unknown],0x14024f9a9
func@0x140260260,0.001000,0.001000,0.0,0.0,0,0.0,0.0,,ntoskrnl.exe,func@0x140260260,[Unknown],0x140260260
func@0x140268e60,0.001000,0.001000,0.0,0.0,0,0.0,0.0,0.0,nvlddmkm.sys,func@0x140268e60,[Unknown],0x140268e60
func@0x1402836a0,0.001000,0.001000,0.0,0.0,0,0.0,0.0,0.0,ntoskrnl.exe,func@0x1402836a0,[Unknown],0x1402836a0
func@0x140284b9f,0.001000,0.001000,0.0,0.0,0,0.0,0.0,,ntoskrnl.exe,func@0x140284b9f,[Unknown],0x140284b9f
func@0x140287270,0.001000,0.001000,0.0,0.0,8985000,14.3,14.3,0.666667,ntoskrnl.exe,func@0x140287270,[Unknown],0x140287270
func@0x140288fb0,0.001000,0.001000,0.0,0.0,2995000,0.0,0.0,6.000000,nvlddmkm.sys,func@0x140288fb0,[Unknown],0x140288fb0
func@0x14028b120,0.001000,0.001000,0.0,0.0,0,0.0,0.0,,nvlddmkm.sys,func@0x14028b120,[Unknown],0x14028b120
func@0x14028b170,0.001000,0.001000,0.0,0.0,2995000,33.3,33.3,4.000000,nvlddmkm.sys,func@0x14028b170,[Unknown],0x14028b170
func@0x14028e1a0,0.001000,0.001000,0.0,0.0,0,0.0,0.0,0.0,ntoskrnl.exe,func@0x14028e1a0,[Unknown],0x14028e1a0
func@0x14028eb10,0.001000,0.001000,0.0,0.0,14975000,25.0,25.0,0.0,ntoskrnl.exe,func@0x14028eb10,[Unknown],0x14028eb10
func@0x14028ef0e,0.001000,0.001000,0.0,0.0,0,0.0,0.0,,ntoskrnl.exe,func@0x14028ef0e,[Unknown],0x14028ef0e
func@0x14029afc0,0.001000,0.001000,0.0,0.0,0,0.0,0.0,0.0,ntoskrnl.exe,func@0x14029afc0,[Unknown],0x14029afc0
func@0x14029b400,0.001000,0.001000,0.0,0.0,2995000,0.0,0.0,2.000000,ntoskrnl.exe,func@0x14029b400,[Unknown],0x14029b400
func@0x14029b545,0.001000,0.001000,0.0,0.0,0,0.0,0.0,0.0,ntoskrnl.exe,func@0x14029b545,[Unknown],0x14029b545
func@0x14029b860,0.001000,0.001000,0.0,0.0,2995000,25.0,25.0,1.000000,ntoskrnl.exe,func@0x14029b860,[Unknown],0x14029b860
func@0x14029ec70,0.001000,0.001000,0.0,0.0,0,0.0,0.0,0.0,ntoskrnl.exe,func@0x14029ec70,[Unknown],0x14029ec70
func@0x1402a9fc0,0.001000,0.001000,0.0,0.0,0,0.0,0.0,,ntoskrnl.exe,func@0x1402a9fc0,[Unknown],0x1402a9fc0
func@0x1402aa200,0.001000,0.001000,0.0,0.0,0,0.0,0.0,0.0,ntoskrnl.exe,func@0x1402aa200,[Unknown],0x1402aa200
func@0x1402bba40,0.001000,0.001000,0.0,0.0,2995000,22.2,22.2,1.000000,ntoskrnl.exe,func@0x1402bba40,[Unknown],0x1402bba40
func@0x1402dc220,0.001000,0.001000,0.0,0.0,0,0.0,0.0,0.0,ntoskrnl.exe,func@0x1402dc220,[Unknown],0x1402dc220
func@0x1402dda6e,0.001000,0.001000,0.0,0.0,0,0.0,0.0,,ntoskrnl.exe,func@0x1402dda6e,[Unknown],0x1402dda6e
func@0x1402df220,0.001000,0.001000,0.0,0.0,0,0.0,0.0,,ntoskrnl.exe,func@0x1402df220,[Unknown],0x1402df220
func@0x1402e4710,0.001000,0.001000,0.0,0.0,0,0.0,0.0,,ntoskrnl.exe,func@0x1402e4710,[Unknown],0x1402e4710
func@0x1402e4892,0.001000,0.001000,0.0,0.0,11980000,23.1,23.1,0.500000,ntoskrnl.exe,func@0x1402e4892,[Unknown],0x1402e4892
func@0x1402e7a70,0.001000,0.001000,0.0,0.0,0,0.0,0.0,0.0,ntoskrnl.exe,func@0x1402e7a70,[Unknown],0x1402e7a70
func@0x1402ff810,0.001000,0.001000,0.0,0.0,2995000,0.0,0.0,0.0,ntoskrnl.exe,func@0x1402ff810,[Unknown],0x1402ff810
func@0x140304bd0,0.001000,0.001000,0.0,0.0,0,0.0,0.0,0.0,nvlddmkm.sys,func@0x140304bd0,[Unknown],0x140304bd0
func@0x1403053fd,0.001000,0.001000,0.0,0.0,0,0.0,0.0,0.0,ntoskrnl.exe,func@0x1403053fd,[Unknown],0x1403053fd
func@0x140312fb0,0.001000,0.001000,0.0,0.0,0,0.0,0.0,0.0,ntoskrnl.exe,func@0x140312fb0,[Unknown],0x140312fb0
func@0x14031c5b0,0.001000,0.001000,0.0,0.0,0,0.0,0.0,,ntoskrnl.exe,func@0x14031c5b0,[Unknown],0x14031c5b0
func@0x140326d80,0.001000,0.001000,0.0,0.0,0,0.0,0.0,0.0,ntoskrnl.exe,func@0x140326d80,[Unknown],0x140326d80
func@0x14032c4b0,0.001000,0.001000,0.0,0.0,2995000,0.0,0.0,0.0,ntoskrnl.exe,func@0x14032c4b0,[Unknown],0x14032c4b0
func@0x14032ed40,0.001000,0.001000,0.0,0.0,11980000,0.0,0.0,0.500000,ntoskrnl.exe,func@0x14032ed40,[Unknown],0x14032ed40
func@0x14033eaa0,0.001000,0.001000,0.0,0.0,2995000,0.0,0.0,2.000000,ntoskrnl.exe,func@0x14033eaa0,[Unknown],0x14033eaa0
func@0x140363300,0.001000,0.001000,0.0,0.0,2995000,0.0,0.0,1.000000,ntoskrnl.exe,func@0x140363300,[Unknown],0x140363300
func@0x1403636b0,0.001000,0.001000,0.0,0.0,0,33.3,33.3,0.0,ntoskrnl.exe,func@0x1403636b0,[Unknown],0x1403636b0
func@0x140364510,0.001000,0.001000,0.0,0.0,0,,,0.0,ntoskrnl.exe,func@0x140364510,[Unknown],0x140364510
func@0x140365750,0.001000,0.001000,0.0,0.0,0,0.0,0.0,,ntoskrnl.exe,func@0x140365750,[Unknown],0x140365750
func@0x1403659f0,0.001000,0.001000,0.0,0.0,0,0.0,0.0,0.0,ntoskrnl.exe,func@0x1403659f0,[Unknown],0x1403659f0
func@0x140366888,0.001000,0.001000,0.0,0.0,0,25.0,25.0,0.0,ntoskrnl.exe,func@0x140366888,[Unknown],0x140366888
func@0x1403b24fc,0.001000,0.001000,0.0,0.0,2995000,,,1.000000,ntoskrnl.exe,func@0x1403b24fc,[Unknown],0x1403b24fc
func@0x1403b26a0,0.001000,0.001000,0.0,0.0,5990000,0.0,0.0,0.500000,ntoskrnl.exe,func@0x1403b26a0,[Unknown],0x1403b26a0
func@0x1403bbe80,0.001000,0.001000,0.0,0.0,0,0.0,0.0,,nvlddmkm.sys,func@0x1403bbe80,[Unknown],0x1403bbe80
func@0x1403c41f0,0.001000,0.001000,0.0,0.0,0,0.0,0.0,,ntoskrnl.exe,func@0x1403c41f0,[Unknown],0x1403c41f0
func@0x1403c7470,0.001000,0.001000,0.0,0.0,0,0.0,0.0,0.0,ntoskrnl.exe,func@0x1403c7470,[Unknown],0x1403c7470
func@0x1403d96fb,0.001000,0.001000,0.0,0.0,0,0.0,0.0,0.0,ntoskrnl.exe,func@0x1403d96fb,[Unknown],0x1403d96fb
func@0x1403f42c0,0.001000,0.001000,0.0,0.0,0,0.0,0.0,0.0,nvlddmkm.sys,func@0x1403f42c0,[Unknown],0x1403f42c0
func@0x1403f6598,0.001000,0.001000,0.0,0.0,0,0.0,0.0,0.0,ntoskrnl.exe,func@0x1403f6598,[Unknown],0x1403f6598
func@0x14041a230,0.001000,0.001000,0.0,0.0,0,0.0,0.0,0.0,ntoskrnl.exe,func@0x14041a230,[Unknown],0x14041a230
func@0x14041a252,0.001000,0.001000,0.0,0.0,0,,,,ntoskrnl.exe,func@0x14041a252,[Unknown],0x14041a252
func@0x140424542,0.001000,0.001000,0.0,0.0,2995000,33.3,33.3,3.000000,ntoskrnl.exe,func@0x140424542,[Unknown],0x140424542
func@0x14042522f,0.001000,0.001000,0.0,0.0,0,0.0,0.0,0.0,nvlddmkm.sys,func@0x14042522f,[Unknown],0x14042522f
func@0x14042d200,0.001000,0.001000,0.0,0.0,0,0.0,0.0,,ntoskrnl.exe,func@0x14042d200,[Unknown],0x14042d200
func@0x14042eb90,0.001000,0.001000,0.0,0.0,0,7.7,7.7,,ntoskrnl.exe,func@0x14042eb90,[Unknown],0x14042eb90
func@0x14043e020,0.001000,0.001000,0.0,0.0,29950000,,,0.500000,ntoskrnl.exe,func@0x14043e020,[Unknown],0x14043e020
func@0x140466588,0.001000,0.001000,0.0,0.0,0,0.0,0.0,0.0,ntoskrnl.exe,func@0x140466588,[Unknown],0x140466588
func@0x1404ea188,0.001000,0.001000,0.0,0.0,5990000,15.9,15.9,3.000000,ntoskrnl.exe,func@0x1404ea188,[Unknown],0x1404ea188
func@0x1404ee7d0,0.001000,0.001000,0.0,0.0,0,0.0,0.0,0.0,ntoskrnl.exe,func@0x1404ee7d0,[Unknown],0x1404ee7d0
func@0x1404f1e50,0.001000,0.001000,0.0,0.0,0,0.0,0.0,0.0,ntoskrnl.exe,func@0x1404f1e50,[Unknown],0x1404f1e50
func@0x1404f2330,0.001000,0.001000,0.0,0.0,0,0.0,0.0,0.0,ntoskrnl.exe,func@0x1404f2330,[Unknown],0x1404f2330
func@0x1405de348,0.001000,0.001000,0.0,0.0,0,0.0,0.0,0.0,ntoskrnl.exe,func@0x1405de348,[Unknown],0x1405de348
func@0x1406af560,0.001000,0.001000,0.0,0.0,0,100.0,100.0,0.0,nvlddmkm.sys,func@0x1406af560,[Unknown],0x1406af560
func@0x1406b12c0,0.001000,0.001000,0.0,0.0,2995000,2.7,2.7,3.000000,ntoskrnl.exe,func@0x1406b12c0,[Unknown],0x1406b12c0
func@0x1406b2bd0,0.001000,0.001000,0.0,0.0,2995000,11.1,11.1,6.000000,ntoskrnl.exe,func@0x1406b2bd0,[Unknown],0x1406b2bd0
func@0x1406b77ff,0.001000,0.001000,0.0,0.0,0,0.0,0.0,0.0,nvlddmkm.sys,func@0x1406b77ff,[Unknown],0x1406b77ff
func@0x1406be083,0.001000,0.001000,0.0,0.0,2995000,16.7,16.7,2.000000,ntoskrnl.exe,func@0x1406be083,[Unknown],0x1406be083
func@0x1406c0940,0.001000,0.001000,0.0,0.0,11980000,,,0.500000,ntoskrnl.exe,func@0x1406c0940,[Unknown],0x1406c0940
func@0x1406c0a80,0.001000,0.001000,0.0,0.0,0,0.0,0.0,0.0,ntoskrnl.exe,func@0x1406c0a80,[Unknown],0x1406c0a80
func@0x1406d00a0,0.001000,0.001000,0.0,0.0,0,0.0,0.0,0.0,nvlddmkm.sys,func@0x1406d00a0,[Unknown],0x1406d00a0
func@0x1406ed2cf,0.001000,0.001000,0.0,0.0,0,0.0,0.0,,nvlddmkm.sys,func@0x1406ed2cf,[Unknown],0x1406ed2cf
func@0x14070d53f,0.001000,0.001000,0.0,0.0,2995000,0.0,0.0,2.000000,nvlddmkm.sys,func@0x14070d53f,[Unknown],0x14070d53f
func@0x14084bf30,0.001000,0.001000,0.0,0.0,0,0.0,0.0,0.0,ntoskrnl.exe,func@0x14084bf30,[Unknown],0x14084bf30
func@0x14084d02e,0.001000,0.001000,0.0,0.0,0,0.0,0.0,0.0,ntoskrnl.exe,func@0x14084d02e,[Unknown],0x14084d02e
func@0x1408a4758,0.001000,0.001000,0.0,0.0,0,0.0,0.0,,ntoskrnl.exe,func@0x1408a4758,[Unknown],0x1408a4758
func@0x14099ab60,0.001000,0.001000,0.0,0.0,0,0.0,0.0,0.0,nvlddmkm.sys,func@0x14099ab60,[Unknown],0x14099ab60
func@0x1409fb7f8,0.001000,0.001000,0.0,0.0,0,0.0,0.0,,ntoskrnl.exe,func@0x1409fb7f8,[Unknown],0x1409fb7f8
func@0x140ac3622,0.001000,0.001000,0.0,0.0,0,0.0,0.0,0.0,ntoskrnl.exe,func@0x140ac3622,[Unknown],0x140ac3622
func@0x140b4f430,0.001000,0.001000,0.0,0.0,0,0.0,0.0,0.0,nvlddmkm.sys,func@0x140b4f430,[Unknown],0x140b4f430
func@0x140b51550,0.001000,0.001000,0.0,0.0,8985000,40.0,40.0,0.333333,nvlddmkm.sys,func@0x140b51550,[Unknown],0x140b51550
func@0x140b51faf,0.001000,0.001000,0.0,0.0,0,0.0,0.0,0.0,nvlddmkm.sys,func@0x140b51faf,[Unknown],0x140b51faf
func@0x140b53a60,0.001000,0.001000,0.0,0.0,2995000,0.0,0.0,0.0,nvlddmkm.sys,func@0x140b53a60,[Unknown],0x140b53a60
func@0x140b55210,0.001000,0.001000,0.0,0.0,0,0.0,0.0,0.0,nvlddmkm.sys,func@0x140b55210,[Unknown],0x140b55210
func@0x140d3e880,0.001000,0.001000,0.0,0.0,8985000,5.6,5.6,0.666667,nvlddmkm.sys,func@0x140d3e880,[Unknown],0x140d3e880
func@0x140d3e8e0,0.001000,0.001000,0.0,0.0,5990000,0.0,0.0,0.500000,nvlddmkm.sys,func@0x140d3e8e0,[Unknown],0x140d3e8e0
func@0x140d846f0,0.001000,0.001000,0.0,0.0,0,0.0,0.0,0.0,nvlddmkm.sys,func@0x140d846f0,[Unknown],0x140d846f0
func@0x140d86550,0.001000,0.001000,0.0,0.0,0,0.0,0.0,0.0,nvlddmkm.sys,func@0x140d86550,[Unknown],0x140d86550
func@0x140d8aa60,0.001000,0.001000,0.0,0.0,0,0.0,0.0,0.0,nvlddmkm.sys,func@0x140d8aa60,[Unknown],0x140d8aa60
func@0x140d91710,0.001000,0.001000,0.0,0.0,0,0.0,0.0,0.0,nvlddmkm.sys,func@0x140d91710,[Unknown],0x140d91710
func@0x140da2c40,0.001000,0.001000,0.0,0.0,0,0.0,0.0,,nvlddmkm.sys,func@0x140da2c40,[Unknown],0x140da2c40
func@0x140da4960,0.001000,0.001000,0.0,0.0,0,0.0,0.0,0.0,nvlddmkm.sys,func@0x140da4960,[Unknown],0x140da4960
func@0x140dac1d0,0.001000,0.001000,0.0,0.0,0,0.0,0.0,0.0,nvlddmkm.sys,func@0x140dac1d0,[Unknown],0x140dac1d0
func@0x140daedc0,0.001000,0.001000,0.0,0.0,0,0.0,0.0,0.0,nvlddmkm.sys,func@0x140daedc0,[Unknown],0x140daedc0
func@0x140daf1ff,0.001000,0.001000,0.0,0.0,0,0.0,0.0,,nvlddmkm.sys,func@0x140daf1ff,[Unknown],0x140daf1ff
func@0x140dc28e0,0.001000,0.001000,0.0,0.0,0,0.0,0.0,,nvlddmkm.sys,func@0x140dc28e0,[Unknown],0x140dc28e0
func@0x140dc4a30,0.001000,0.001000,0.0,0.0,0,33.3,33.3,,nvlddmkm.sys,func@0x140dc4a30,[Unknown],0x140dc4a30
func@0x140dcaed0,0.001000,0.001000,0.0,0.0,0,0.0,0.0,0.0,nvlddmkm.sys,func@0x140dcaed0,[Unknown],0x140dcaed0
func@0x140dcd520,0.001000,0.001000,0.0,0.0,0,0.0,0.0,0.0,nvlddmkm.sys,func@0x140dcd520,[Unknown],0x140dcd520
func@0x140dd0060,0.001000,0.001000,0.0,0.0,0,0.0,0.0,0.0,nvlddmkm.sys,func@0x140dd0060,[Unknown],0x140dd0060
func@0x140dd0f30,0.001000,0.001000,0.0,0.0,0,100.0,100.0,0.0,nvlddmkm.sys,func@0x140dd0f30,[Unknown],0x140dd0f30
func@0x140dd3800,0.001000,0.001000,0.0,0.0,0,0.0,0.0,0.0,nvlddmkm.sys,func@0x140dd3800,[Unknown],0x140dd3800
func@0x140df4a30,0.001000,0.001000,0.0,0.0,0,0.0,0.0,,nvlddmkm.sys,func@0x140df4a30,[Unknown],0x140df4a30
func@0x140df6080,0.001000,0.001000,0.0,0.0,0,0.0,0.0,0.0,nvlddmkm.sys,func@0x140df6080,[Unknown],0x140df6080
func@0x140e11880,0.001000,0.001000,0.0,0.0,0,0.0,0.0,0.0,nvlddmkm.sys,func@0x140e11880,[Unknown],0x140e11880
func@0x140e1c7d0,0.001000,0.001000,0.0,0.0,0,0.0,0.0,0.0,nvlddmkm.sys,func@0x140e1c7d0,[Unknown],0x140e1c7d0
func@0x140e1ca60,0.001000,0.001000,0.0,0.0,0,0.0,0.0,0.0,nvlddmkm.sys,func@0x140e1ca60,[Unknown],0x140e1ca60
func@0x140e1dba0,0.001000,0.001000,0.0,0.0,0,0.0,0.0,0.0,nvlddmkm.sys,func@0x140e1dba0,[Unknown],0x140e1dba0
func@0x140e3b390,0.001000,0.001000,0.0,0.0,0,0.0,0.0,0.0,nvlddmkm.sys,func@0x140e3b390,[Unknown],0x140e3b390
func@0x140e3d8f0,0.001000,0.001000,0.0,0.0,0,0.0,0.0,0.0,nvlddmkm.sys,func@0x140e3d8f0,[Unknown],0x140e3d8f0
func@0x140e4729e,0.001000,0.001000,0.0,0.0,0,0.0,0.0,0.0,nvlddmkm.sys,func@0x140e4729e,[Unknown],0x140e4729e
func@0x18000bba0,0.001000,0.001000,0.0,0.0,0,0.0,0.0,,ntdll.dll,func@0x18000bba0,[Unknown],0x18000bba0
func@0x18000ed79,0.001000,0.001000,0.0,0.0,0,0.0,0.0,0.0,fltmgr.sys,func@0x18000ed79,[Unknown],0x18000ed79
func@0x180013230,0.001000,0.001000,0.0,0.0,0,0.0,0.0,0.0,ucrtbase.dll,func@0x180013230,[Unknown],0x180013230
func@0x18001a220,0.001000,0.001000,0.0,0.0,0,50.0,50.0,0.0,ucrtbase.dll,func@0x18001a220,[Unknown],0x18001a220
func@0x18001b730,0.001000,0.001000,0.0,0.0,0,0.0,0.0,0.0,fltmgr.sys,func@0x18001b730,[Unknown],0x18001b730
func@0x180030a10,0.001000,0.001000,0.0,0.0,0,0.0,0.0,0.0,ws2_32.dll,func@0x180030a10,[Unknown],0x180030a10
func@0x18005b350,0.001000,0.001000,0.0,0.0,0,0.0,0.0,,cng.sys,func@0x18005b350,[Unknown],0x18005b350
func@0x18007dc20,0.001000,0.001000,0.0,0.0,0,0.0,0.0,0.0,oleaut32.dll,func@0x18007dc20,[Unknown],0x18007dc20
func@0x180084741,0.001000,0.001000,0.0,0.0,0,0.0,0.0,0.0,ntdll.dll,func@0x180084741,[Unknown],0x180084741
func@0x180096970,0.001000,0.001000,0.0,0.0,0,,,0.0,ntdll.dll,func@0x180096970,[Unknown],0x180096970
func@0x18009c04f,0.001000,0.001000,0.0,0.0,0,50.0,50.0,,ntdll.dll,func@0x18009c04f,[Unknown],0x18009c04f
func@0x180178930,0.001000,0.001000,0.0,0.0,0,0.0,0.0,0.0,combase.dll,func@0x180178930,[Unknown],0x180178930
log,0.001000,0.001000,0.0,0.0,47920000,100.0,100.0,0.250000,ucrtbase.dll,log,[Unknown],0x1800a84b0
"log<int,0>",0.001000,0.001000,0.0,0.0,8985000,50.0,50.0,0.333333,frankycpp_v1.5.exe,"log<int,0>(int)",cmath,0x140215100
malloc,0.001000,0.001000,0.0,0.0,0,0.0,0.0,0.0,ucrtbase.dll,malloc,[Unknown],0x180015e00
memset,0.001000,0.001000,0.0,0.0,2995000,0.0,0.0,1.000000,vcruntime140.dll,memset,[Unknown],0x1800126e0
round,0.001000,0.001000,0.0,0.0,20965000,57.1,57.1,0.285714,ucrtbase.dll,round,[Unknown],0x1800ab240
"std::_Atomic_storage<unsigned __int64,8>::store",0.001000,0.001000,0.0,0.0,0,0.0,0.0,,frankycpp_v1.5.exe,"std::_Atomic_storage<unsigned __int64,8>::store",atomic,0x140246dfc
std::_Deque_val<std::_Deque_simple_types<char> >::_Getblock,0.001000,0.001000,0.0,0.0,0,0.0,0.0,0.0,frankycpp_v1.5.exe,std::_Deque_val<std::_Deque_simple_types<char> >::_Getblock,deque,0x1402d85cb
"std::_Uninitialized_backout<std::_List_unchecked_iterator<std::_List_val<std::_List_simple_types<std::pair<unsigned __int64 const ,book::BookEntry> > > > *>::_Emplace_back",0.001000,0.001000,0.0,0.0,2995000,25.0,25.0,0.0,frankycpp_v1.5.exe,"std::_Uninitialized_backout<std::_List_unchecked_iterator<std::_List_val<std::_List_simple_types<std::pair<unsigned __int64 const ,book::BookEntry> > > > *>::_Emplace_back",xmemory,0x14025ccf0
"std::array<chess::Bitboard,64>::operator[]",0.001000,0.001000,0.0,0.0,17970000,,,0.166667,frankycpp_v1.5.exe,"std::array<chess::Bitboard,64>::operator[]",array,0x14027be64
"std::array<chess::HistoryState,512>::operator[]",0.001000,0.001000,0.0,0.0,5990000,16.7,16.7,0.0,frankycpp_v1.5.exe,"std::array<chess::HistoryState,512>::operator[]",array,0x14023b9a0
"std::array<chess::HistoryState,512>::operator[]",0.001000,0.001000,0.0,0.0,8985000,0.0,0.0,0.0,frankycpp_v1.5.exe,"std::array<chess::HistoryState,512>::operator[]",array,0x14023b8d7
"std::array<chess::Move,256>::operator[]",0.001000,0.001000,0.0,0.0,0,0.0,0.0,,frankycpp_v1.5.exe,"std::array<chess::Move,256>::operator[]",array,0x14020a430
"std::array<chess::Move,64>::operator[]",0.001000,0.001000,0.0,0.0,8985000,,,1.000000,frankycpp_v1.5.exe,"std::array<chess::Move,64>::operator[]",array,0x14020bfa9
"std::array<chess::Value,25>::operator[]",0.001000,0.001000,0.0,0.0,5990000,6.5,6.5,1.000000,frankycpp_v1.5.exe,"std::array<chess::Value,25>::operator[]",array,0x1402437b4
"std::array<chess::Value,25>::operator[]",0.001000,0.001000,0.0,0.0,20965000,45.7,45.7,0.285714,frankycpp_v1.5.exe,"std::array<chess::Value,25>::operator[]",array,0x1402432c6
"std::array<chess::Value,25>::operator[]",0.001000,0.001000,0.0,0.0,14975000,39.2,39.2,0.800000,frankycpp_v1.5.exe,"std::array<chess::Value,25>::operator[]",array,0x140243771
"std::array<int,64>::operator[]",0.001000,0.001000,0.0,0.0,44925000,,,0.866667,frankycpp_v1.5.exe,"std::array<int,64>::operator[]",array,0x14023b563
"std::array<std::array<chess::Move,64>,64>::operator[]",0.001000,0.001000,0.0,0.0,41930000,,,0.285714,frankycpp_v1.5.exe,"std::array<std::array<chess::Move,64>,64>::operator[]",array,0x14020bfb3
"std::array<unsigned __int64,9>::operator[]",0.001000,0.001000,0.0,0.0,0,0.0,0.0,0.0,frankycpp_v1.5.exe,"std::array<unsigned __int64,9>::operator[]",array,0x14023b936
"std::basic_streambuf<char,std::char_traits<char> >::gbump",0.001000,0.001000,0.0,0.0,2995000,,,0.0,frankycpp_v1.5.exe,"std::basic_streambuf<char,std::char_traits<char> >::gbump",streambuf,0x14011ad0e
"std::basic_streambuf<char,struct std::char_traits<char> >::sgetn",0.001000,0.001000,0.0,0.0,17970000,60.0,60.0,0.333333,msvcp140.dll,"std::basic_streambuf<char,struct std::char_traits<char> >::sgetn(char * __ptr64,__int64)",[Unknown],0x180009110
std::countr_zero,0.001000,0.001000,0.0,0.0,11980000,38.3,38.3,2.000000,frankycpp_v1.5.exe,std::countr_zero,bit,0x1402432b7
std::countr_zero,0.001000,0.001000,0.0,0.0,2995000,0.0,0.0,0.0,frankycpp_v1.5.exe,std::countr_zero,bit,0x140243008
std::optional<engine::TT::Entry>::{ctor},0.001000,0.001000,0.0,0.0,0,0.0,0.0,,frankycpp_v1.5.exe,std::optional<engine::TT::Entry>::{ctor},optional,0x14024acb7
"std::pair<unsigned __int64 const ,book::BookEntry>::{ctor}",0.001000,0.001000,0.0,0.0,0,0.0,0.0,0.0,frankycpp_v1.5.exe,"std::pair<unsigned __int64 const ,book::BookEntry>::{ctor}",utility,0x1402653b7
std::popcount,0.001000,0.001000,0.0,0.0,32945000,,,0.272727,frankycpp_v1.5.exe,std::popcount,bit,0x140248d1d
std::ranges::_Guess_median_common,0.001000,0.001000,0.0,0.0,32945000,13.3,13.3,0.363636,frankycpp_v1.5.exe,std::ranges::_Guess_median_common,algorithm,0x140243c43
std::ranges::_Swap::_Cpo::operator(),0.001000,0.001000,0.0,0.0,5990000,0.0,0.0,1.000000,frankycpp_v1.5.exe,std::ranges::_Swap::_Cpo::operator(),concepts,0x140243dd2
std::ranges::_Swap::_Cpo::operator(),0.001000,0.001000,0.0,0.0,0,16.7,16.7,,frankycpp_v1.5.exe,std::ranges::_Swap::_Cpo::operator(),concepts,0x140243dfd
std::ranges::_Swap::_Cpo::operator(),0.001000,0.001000,0.0,0.0,8985000,28.6,28.6,0.333333,frankycpp_v1.5.exe,std::ranges::_Swap::_Cpo::operator(),concepts,0x140244a25
std::uncaught_exceptions,0.001000,0.001000,0.0,0.0,0,0.0,0.0,0.0,msvcp140.dll,std::uncaught_exceptions(void),[Unknown],0x180012d10
"std::unique_ptr<engine::TT::TTCluster [0],std::default_delete<engine::TT::TTCluster [0]> >::operator[]",0.001000,0.001000,0.0,0.0,17970000,42.7,42.7,0.500000,frankycpp_v1.5.exe,"std::unique_ptr<engine::TT::TTCluster [0],std::default_delete<engine::TT::TTCluster [0]> >::operator[]",memory,0x14024a9ad
"std::unique_ptr<tablebase::Tablebase,std::default_delete<tablebase::Tablebase> >::operator bool",0.001000,0.001000,0.0,0.0,2995000,25.0,25.0,1.000000,frankycpp_v1.5.exe,"std::unique_ptr<tablebase::Tablebase,std::default_delete<tablebase::Tablebase> >::operator bool",memory,0x14020aa87
"std::vector<class std::basic_string<char,struct std::char_traits<char>,class std::allocator<char> >,class std::allocator<class std::basic_string<char,struct std::char_traits<char>,class std::allocator<char> > > >::_Tidy",0.001000,0.001000,0.0,0.0,0,0.0,0.0,0.0,frankycpp_v1.5.exe,"std::vector<class std::basic_string<char,struct std::char_traits<char>,class std::allocator<char> >,class std::allocator<class std::basic_string<char,struct std::char_traits<char>,class std::allocator<char> > > >::_Tidy(void)",vector,0x14011d3d0
"std::vector<unsigned __int64,std::allocator<unsigned __int64> >::resize",0.001000,0.001000,0.0,0.0,5990000,0.0,0.0,0.500000,frankycpp_v1.5.exe,"std::vector<unsigned __int64,std::allocator<unsigned __int64> >::resize",vector,0x1402707bc
type_info::before,0.001000,0.001000,0.0,0.0,11980000,,,0.0,frankycpp_v1.5.exe,type_info::before,vcruntime_typeinfo.h,0x140291700
EtwEventEnabled,0.0,0.0,0.0,0.0,2995000,0.0,0.0,0.0,ntoskrnl.exe,EtwEventEnabled,[Unknown],0x140255080
ExAcquireAutoExpandPushLockShared,0.0,0.0,0.0,0.0,2995000,100.0,100.0,2.000000,ntoskrnl.exe,ExAcquireAutoExpandPushLockShared,[Unknown],0x1402e75e0
ExAcquirePushLockExclusiveEx,0.0,0.0,0.0,0.0,2995000,0.0,0.0,0.0,ntoskrnl.exe,ExAcquirePushLockExclusiveEx,[Unknown],0x1402e7700
ExReleaseRundownProtectionCacheAwareEx,0.0,0.0,0.0,0.0,0,50.0,50.0,0.0,ntoskrnl.exe,ExReleaseRundownProtectionCacheAwareEx,[Unknown],0x14020cab0
ExReleaseSpinLockSharedFromDpcLevel,0.0,0.0,0.0,0.0,2995000,0.0,0.0,0.0,ntoskrnl.exe,ExReleaseSpinLockSharedFromDpcLevel,[Unknown],0x14031d7b0
IoGetTransactionParameterBlock,0.0,0.0,0.0,0.0,2995000,0.0,0.0,0.0,ntoskrnl.exe,IoGetTransactionParameterBlock,[Unknown],0x14040b650
KeAndAffinityEx2,0.0,0.0,0.0,0.0,2995000,,,0.0,ntoskrnl.exe,KeAndAffinityEx2,[Unknown],0x140311e10
KeInsertQueueDpc,0.0,0.0,0.0,0.0,2995000,0.0,0.0,0.0,ntoskrnl.exe,KeInsertQueueDpc,[Unknown],0x1402077a0
KeIsEmptyAffinityEx,0.0,0.0,0.0,0.0,2995000,0.0,0.0,0.0,ntoskrnl.exe,KeIsEmptyAffinityEx,[Unknown],0x1403b54c0
KeQueryActiveProcessorCountEx,0.0,0.0,0.0,0.0,2995000,0.0,0.0,0.0,ntoskrnl.exe,KeQueryActiveProcessorCountEx,[Unknown],0x14031d110
KeReleaseInStackQueuedSpinLockFromDpcLevel,0.0,0.0,0.0,0.0,2995000,33.3,33.3,2.000000,ntoskrnl.exe,KeReleaseInStackQueuedSpinLockFromDpcLevel,[Unknown],0x1403023d0
KeReleaseSpinLock,0.0,0.0,0.0,0.0,17970000,21.6,21.6,1.166667,ntoskrnl.exe,KeReleaseSpinLock,[Unknown],0x1402d9570
LdrShutdownThread,0.0,0.0,0.0,0.0,2995000,,,2.000000,ntdll.dll,LdrShutdownThread,[Unknown],0x18008c7f0
NtDeviceIoControlFile,0.0,0.0,0.0,0.0,2995000,0.0,0.0,0.0,ntdll.dll,NtDeviceIoControlFile,[Unknown],0x180161b60
NtReadFile,0.0,0.0,0.0,0.0,2995000,0.0,0.0,0.0,ntdll.dll,NtReadFile,[Unknown],0x180161b40
RtlAcquireSRWLockShared,0.0,0.0,0.0,0.0,2995000,0.0,0.0,0.0,ntdll.dll,RtlAcquireSRWLockShared,[Unknown],0x18001afd0
RtlAnsiCharToUnicodeChar,0.0,0.0,0.0,0.0,0,33.3,33.3,0.0,ntdll.dll,RtlAnsiCharToUnicodeChar,[Unknown],0x1800cdde0
RtlDeactivateActivationContextUnsafeFast,0.0,0.0,0.0,0.0,2995000,0.0,0.0,0.0,ntdll.dll,RtlDeactivateActivationContextUnsafeFast,[Unknown],0x18001a320
RtlLeaveCriticalSection,0.0,0.0,0.0,0.0,2995000,,,0.0,ntdll.dll,RtlLeaveCriticalSection,[Unknown],0x18000d900
RtlRbInsertNodeEx,0.0,0.0,0.0,0.0,2995000,0.0,0.0,0.0,ntoskrnl.exe,RtlRbInsertNodeEx,[Unknown],0x140270c40
WdLogSingleEntry2,0.0,0.0,0.0,0.0,2995000,0.0,0.0,0.0,watchdog.sys,WdLogSingleEntry2,[Unknown],0x140001f80
WdLogSingleEntry3,0.0,0.0,0.0,0.0,2995000,0.0,0.0,0.0,watchdog.sys,WdLogSingleEntry3,[Unknown],0x1400018b0
YAML::RegEx::MatchUnchecked<class YAML::StreamCharSource>,0.0,0.0,0.0,0.0,2995000,0.0,0.0,1.000000,frankycpp_v1.5.exe,YAML::RegEx::MatchUnchecked<class YAML::StreamCharSource>(class YAML::StreamCharSource const &),regeximpl.h,0x1402cb630
YAML::Stream::_ReadAheadTo,0.0,0.0,0.0,0.0,5990000,0.0,0.0,0.0,frankycpp_v1.5.exe,YAML::Stream::_ReadAheadTo(unsigned __int64),stream.cpp,0x1402d8100
[Import thunk _std_type_info_compare],0.0,0.0,0.0,0.0,11980000,100.0,100.0,0.250000,frankycpp_v1.5.exe,[Import thunk _std_type_info_compare],[Unknown],0x1405f3efe
[Import thunk malloc],0.0,0.0,0.0,0.0,2995000,0.0,0.0,0.0,frankycpp_v1.5.exe,[Import thunk malloc],[Unknown],0x1405f40c6
[Import thunk memset],0.0,0.0,0.0,0.0,0,100.0,100.0,0.0,frankycpp_v1.5.exe,[Import thunk memset],[Unknown],0x1405f3f34
__builtin_array_init_helper<class chess::Move>,0.0,0.0,0.0,0.0,0,14.3,14.3,0.0,frankycpp_v1.5.exe,"__builtin_array_init_helper<class chess::Move>(class chess::Move *,unsigned __int64)",[Unknown],0x14019d0b0
"__builtin_array_init_helper<class std::array<class chess::Move,64> >",0.0,0.0,0.0,0.0,2995000,0.0,0.0,0.0,frankycpp_v1.5.exe,"__builtin_array_init_helper<class std::array<class chess::Move,64> >(class std::array<class chess::Move,64> *,unsigned __int64)",[Unknown],0x140214fe0
"boost::archive::basic_binary_iprimitive<class boost::archive::binary_iarchive,char,struct std::char_traits<char> >::load_binary",0.0,0.0,0.0,0.0,0,100.0,100.0,0.0,frankycpp_v1.5.exe,"boost::archive::basic_binary_iprimitive<class boost::archive::binary_iarchive,char,struct std::char_traits<char> >::load_binary(void *,unsigned __int64)",basic_binary_iprimitive.hpp,0x1402634e0
boost::archive::detail::basic_iarchive_impl::load_preamble,0.0,0.0,0.0,0.0,14975000,36.4,36.4,0.0,frankycpp_v1.5.exe,"boost::archive::detail::basic_iarchive_impl::load_preamble(class boost::archive::detail::basic_iarchive &,class boost::archive::detail::basic_iarchive_impl::cobject_id &)",basic_iarchive.cpp,0x1402878d0
"boost::archive::detail::iserializer<class boost::archive::binary_iarchive,class book::BookEntry>::load_object_data",0.0,0.0,0.0,0.0,20965000,100.0,100.0,0.142857,frankycpp_v1.5.exe,"boost::archive::detail::iserializer<class boost::archive::binary_iarchive,class book::BookEntry>::load_object_data(class boost::archive::detail::basic_iarchive &,void *,unsigned int)",iserializer.hpp,0x14026ade0
"boost::archive::detail::iserializer<class boost::archive::binary_iarchive,class chess::Move>::load_object_data",0.0,0.0,0.0,0.0,5990000,50.0,50.0,0.0,frankycpp_v1.5.exe,"boost::archive::detail::iserializer<class boost::archive::binary_iarchive,class chess::Move>::load_object_data(class boost::archive::detail::basic_iarchive &,void *,unsigned int)",iserializer.hpp,0x1402723c0
"boost::archive::detail::iserializer<class boost::archive::binary_iarchive,class std::vector<class chess::Move,class std::allocator<class chess::Move> > >::load_object_data",0.0,0.0,0.0,0.0,0,40.0,40.0,,frankycpp_v1.5.exe,"boost::archive::detail::iserializer<class boost::archive::binary_iarchive,class std::vector<class chess::Move,class std::allocator<class chess::Move> > >::load_object_data(class boost::archive::detail::basic_iarchive &,void *,unsigned int)",iserializer.hpp,0x14026dff0
"boost::archive::detail::iserializer<class boost::archive::binary_iarchive,class std::vector<unsigned __int64,class std::allocator<unsigned __int64> > >::load_object_data",0.0,0.0,0.0,0.0,2995000,0.0,0.0,0.0,frankycpp_v1.5.exe,"boost::archive::detail::iserializer<class boost::archive::binary_iarchive,class std::vector<unsigned __int64,class std::allocator<unsigned __int64> > >::load_object_data(class boost::archive::detail::basic_iarchive &,void *,unsigned int)",iserializer.hpp,0x14026e730
boost::archive::detail::load_non_pointer_type<boost::archive::binary_iarchive>::load_standard::invoke,0.0,0.0,0.0,0.0,2995000,0.0,0.0,0.0,frankycpp_v1.5.exe,boost::archive::detail::load_non_pointer_type<boost::archive::binary_iarchive>::load_standard::invoke,iserializer.hpp,0x1402671e6
boost::archive::object_id_type::operator<,0.0,0.0,0.0,0.0,2995000,0.0,0.0,0.0,frankycpp_v1.5.exe,boost::archive::object_id_type::operator<,basic_archive.hpp,0x140287c5a
boost::archive::object_id_type::operator=,0.0,0.0,0.0,0.0,5990000,,,0.0,frankycpp_v1.5.exe,boost::archive::object_id_type::operator=,basic_archive.hpp,0x140287230
boost::archive::object_id_type::{ctor},0.0,0.0,0.0,0.0,2995000,,,0.0,frankycpp_v1.5.exe,boost::archive::object_id_type::{ctor},basic_archive.hpp,0x1402872e6
boost::archive::version_type::{ctor},0.0,0.0,0.0,0.0,0,33.3,33.3,0.0,frankycpp_v1.5.exe,boost::archive::version_type::{ctor},basic_archive.hpp,0x14026af60
boost::archive::version_type::{ctor},0.0,0.0,0.0,0.0,2995000,0.0,0.0,0.0,frankycpp_v1.5.exe,boost::archive::version_type::{ctor},basic_archive.hpp,0x140272540
boost::archive::version_type::{ctor},0.0,0.0,0.0,0.0,5990000,50.0,50.0,0.500000,frankycpp_v1.5.exe,boost::archive::version_type::{ctor},basic_archive.hpp,0x140268c20
boost::serialization::collection_size_type::{ctor},0.0,0.0,0.0,0.0,0,100.0,100.0,0.0,frankycpp_v1.5.exe,boost::serialization::collection_size_type::{ctor},collection_size_type.hpp,0x14026e14a
"boost::serialization::free_loader<boost::archive::binary_iarchive,boost::serialization::nvp<std::vector<unsigned __int64,std::allocator<unsigned __int64> > > >::invoke",0.0,0.0,0.0,0.0,2995000,0.0,0.0,0.0,frankycpp_v1.5.exe,"boost::serialization::free_loader<boost::archive::binary_iarchive,boost::serialization::nvp<std::vector<unsigned __int64,std::allocator<unsigned __int64> > > >::invoke",split_free.hpp,0x14026aec4
"boost::serialization::free_loader<boost::archive::binary_iarchive,chess::Move>::invoke",0.0,0.0,0.0,0.0,0,100.0,100.0,0.0,frankycpp_v1.5.exe,"boost::serialization::free_loader<boost::archive::binary_iarchive,chess::Move>::invoke",split_free.hpp,0x140272750
"boost::serialization::load<class boost::archive::binary_iarchive,class book::BookEntry>",0.0,0.0,0.0,0.0,11980000,0.0,0.0,0.0,frankycpp_v1.5.exe,"boost::serialization::load<class boost::archive::binary_iarchive,class book::BookEntry>(class boost::archive::binary_iarchive &,class boost::serialization::nvp<class book::BookEntry> &,unsigned int)",nvp.hpp,0x140269e60
"boost::serialization::load<class boost::archive::binary_iarchive,class boost::serialization::collection_size_type>",0.0,0.0,0.0,0.0,8985000,0.0,0.0,0.666667,frankycpp_v1.5.exe,"boost::serialization::load<class boost::archive::binary_iarchive,class boost::serialization::collection_size_type>(class boost::archive::binary_iarchive &,class boost::serialization::nvp<class boost::serialization::collection_size_type> &,unsigned int)",nvp.hpp,0x140266b80
"boost::serialization::load<class boost::archive::binary_iarchive,class chess::Move>",0.0,0.0,0.0,0.0,2995000,0.0,0.0,0.0,frankycpp_v1.5.exe,"boost::serialization::load<class boost::archive::binary_iarchive,class chess::Move>(class boost::archive::binary_iarchive &,class boost::serialization::nvp<class chess::Move> &,unsigned int)",nvp.hpp,0x140271e40
"boost::serialization::load<class boost::archive::binary_iarchive,class std::vector<class chess::Move,class std::allocator<class chess::Move> > >",0.0,0.0,0.0,0.0,0,100.0,100.0,,frankycpp_v1.5.exe,"boost::serialization::load<class boost::archive::binary_iarchive,class std::vector<class chess::Move,class std::allocator<class chess::Move> > >(class boost::archive::binary_iarchive &,class boost::serialization::nvp<class std::vector<class chess::Move,class std::allocator<class chess::Move> > > &,unsigned int)",nvp.hpp,0x14026cbf0
"boost::serialization::load<class boost::archive::binary_iarchive,class std::vector<unsigned __int64,class std::allocator<unsigned __int64> > >",0.0,0.0,0.0,0.0,0,100.0,100.0,0.0,frankycpp_v1.5.exe,"boost::serialization::load<class boost::archive::binary_iarchive,class std::vector<unsigned __int64,class std::allocator<unsigned __int64> > >(class boost::archive::binary_iarchive &,class boost::serialization::nvp<class std::vector<unsigned __int64,class std::allocator<unsigned __int64> > > &,unsigned int)",nvp.hpp,0x14026cba0
boost::serialization::nvp<book::BookEntry>::{ctor},0.0,0.0,0.0,0.0,2995000,0.0,0.0,0.0,frankycpp_v1.5.exe,boost::serialization::nvp<book::BookEntry>::{ctor},nvp.hpp,0x140268b66
boost::serialization::nvp<boost::serialization::item_version_type>::{ctor},0.0,0.0,0.0,0.0,2995000,0.0,0.0,0.0,frankycpp_v1.5.exe,boost::serialization::nvp<boost::serialization::item_version_type>::{ctor},nvp.hpp,0x14026e096
"boost::serialization::singleton<class boost::archive::detail::iserializer<class boost::archive::binary_iarchive,class book::BookEntry> >::get_instance",0.0,0.0,0.0,0.0,5990000,0.0,0.0,0.500000,frankycpp_v1.5.exe,"boost::serialization::singleton<class boost::archive::detail::iserializer<class boost::archive::binary_iarchive,class book::BookEntry> >::get_instance(void)",singleton.hpp,0x14026b3d0
"boost::serialization::singleton<class boost::archive::detail::iserializer<class boost::archive::binary_iarchive,class chess::Move> >::get_instance",0.0,0.0,0.0,0.0,8985000,0.0,0.0,0.0,frankycpp_v1.5.exe,"boost::serialization::singleton<class boost::archive::detail::iserializer<class boost::archive::binary_iarchive,class chess::Move> >::get_instance(void)",singleton.hpp,0x1402726c0
"boost::serialization::singleton<class boost::archive::detail::iserializer<class boost::archive::binary_iarchive,class std::vector<class chess::Move,class std::allocator<class chess::Move> > > >::get_instance",0.0,0.0,0.0,0.0,0,100.0,100.0,0.0,frankycpp_v1.5.exe,"boost::serialization::singleton<class boost::archive::detail::iserializer<class boost::archive::binary_iarchive,class std::vector<class chess::Move,class std::allocator<class chess::Move> > > >::get_instance(void)",singleton.hpp,0x14026e8d0
"boost::serialization::singleton<class boost::archive::detail::iserializer<class boost::archive::binary_iarchive,class std::vector<unsigned __int64,class std::allocator<unsigned __int64> > > >::get_instance",0.0,0.0,0.0,0.0,8985000,,,0.0,frankycpp_v1.5.exe,"boost::serialization::singleton<class boost::archive::detail::iserializer<class boost::archive::binary_iarchive,class std::vector<unsigned __int64,class std::allocator<unsigned __int64> > > >::get_instance(void)",singleton.hpp,0x14026eea0
"boost::serialization::smart_cast_reference<boost::archive::binary_iarchive &,boost::archive::detail::basic_iarchive>",0.0,0.0,0.0,0.0,2995000,0.0,0.0,0.0,frankycpp_v1.5.exe,"boost::serialization::smart_cast_reference<boost::archive::binary_iarchive &,boost::archive::detail::basic_iarchive>(class boost::archive::detail::basic_iarchive & const)",smart_cast.hpp,0x140264470
"boost::serialization::stl::collection_load_impl<class boost::archive::binary_iarchive,class std::vector<class chess::Move,class std::allocator<class chess::Move> > >",0.0,0.0,0.0,0.0,8985000,100.0,100.0,0.666667,frankycpp_v1.5.exe,"boost::serialization::stl::collection_load_impl<class boost::archive::binary_iarchive,class std::vector<class chess::Move,class std::allocator<class chess::Move> > >(class boost::archive::binary_iarchive &,class std::vector<class chess::Move,class std::allocator<class chess::Move> > &,class boost::serialization::collection_size_type,class boost::serialization::item_version_type)",collections_load_imp.hpp,0x140270550
boost::serialization::typeid_system::extended_type_info_typeid_0::is_less_than,0.0,0.0,0.0,0.0,32945000,70.6,70.6,0.181818,frankycpp_v1.5.exe,boost::serialization::typeid_system::extended_type_info_typeid_0::is_less_than(class boost::serialization::extended_type_info const &),extended_type_info_typeid.cpp,0x1402916f0
chess::Attacks::detail::sliding_attack,0.0,0.0,0.0,0.0,8985000,0.0,0.0,0.333333,frankycpp_v1.5.exe,"chess::Attacks::detail::sliding_attack(class chess::Direction const * const,class chess::Square,class chess::Bitboard)",attacks.cpp,0x140169260
chess::Bitboard::operator bool,0.0,0.0,0.0,0.0,5990000,21.1,21.1,0.500000,frankycpp_v1.5.exe,chess::Bitboard::operator bool,bitboard.h,0x1402431c6
chess::Bitboard::operator bool,0.0,0.0,0.0,0.0,32945000,82.4,82.4,0.090909,frankycpp_v1.5.exe,chess::Bitboard::operator bool,bitboard.h,0x14024902d
chess::Bitboard::popLSB,0.0,0.0,0.0,0.0,29950000,37.5,37.5,0.200000,frankycpp_v1.5.exe,chess::Bitboard::popLSB,bitboard.h,0x1402432b2
chess::Bitboard::popLSB,0.0,0.0,0.0,0.0,29950000,72.5,72.5,0.200000,frankycpp_v1.5.exe,chess::Bitboard::popLSB,bitboard.h,0x140249268
chess::Bitboard::popLSB,0.0,0.0,0.0,0.0,17970000,,,0.0,frankycpp_v1.5.exe,chess::Bitboard::popLSB,bitboard.h,0x140248c10
chess::Bitboard::popLSB,0.0,0.0,0.0,0.0,11980000,13.4,13.4,0.250000,frankycpp_v1.5.exe,chess::Bitboard::popLSB,bitboard.h,0x140248f40
chess::Bitboard::popLSB,0.0,0.0,0.0,0.0,5990000,100.0,100.0,0.0,frankycpp_v1.5.exe,chess::Bitboard::popLSB,bitboard.h,0x140242ba5
chess::CastlingRights::isEmpty,0.0,0.0,0.0,0.0,5990000,0.0,0.0,0.0,frankycpp_v1.5.exe,chess::CastlingRights::isEmpty,castlingrights.h,0x14023b437
chess::Color::iterator::{ctor},0.0,0.0,0.0,0.0,5990000,100.0,100.0,0.0,frankycpp_v1.5.exe,chess::Color::iterator::{ctor},color.h,0x140248b7f
chess::Color::{ctor},0.0,0.0,0.0,0.0,2995000,0.0,0.0,0.0,frankycpp_v1.5.exe,chess::Color::{ctor},color.h,0x1402409f9
chess::Direction::pawnPush,0.0,0.0,0.0,0.0,5990000,33.3,33.3,1.000000,frankycpp_v1.5.exe,chess::Direction::pawnPush,direction.h,0x140248bd7
chess::Direction::pawnPush,0.0,0.0,0.0,0.0,14975000,57.2,57.2,0.200000,frankycpp_v1.5.exe,chess::Direction::pawnPush,direction.h,0x14024329d
chess::Direction::pawnPush,0.0,0.0,0.0,0.0,2995000,0.0,0.0,1.000000,frankycpp_v1.5.exe,chess::Direction::pawnPush,direction.h,0x140242df8
chess::Move::encode,0.0,0.0,0.0,0.0,2995000,,,1.000000,frankycpp_v1.5.exe,chess::Move::encode,move.h,0x140243014
chess::Move::encode,0.0,0.0,0.0,0.0,2995000,0.0,0.0,0.0,frankycpp_v1.5.exe,chess::Move::encode,move.h,0x140242c6a
chess::Move::from,0.0,0.0,0.0,0.0,0,50.0,50.0,,frankycpp_v1.5.exe,chess::Move::from,move.h,0x14023b7ed
chess::Move::from,0.0,0.0,0.0,0.0,8985000,5.9,5.9,0.666667,frankycpp_v1.5.exe,chess::Move::from,move.h,0x14024099f
chess::Move::operator==,0.0,0.0,0.0,0.0,26955000,,,0.0,frankycpp_v1.5.exe,chess::Move::operator==,PVTable.h,0x14020ba32
chess::Move::stripped,0.0,0.0,0.0,0.0,32945000,42.3,42.3,0.363636,frankycpp_v1.5.exe,chess::Move::stripped,move.h,0x1402408b0
chess::Move::type,0.0,0.0,0.0,0.0,5990000,0.0,0.0,0.0,frankycpp_v1.5.exe,chess::Move::type,move.h,0x14020bf46
chess::Move::type,0.0,0.0,0.0,0.0,2995000,0.0,0.0,0.0,frankycpp_v1.5.exe,chess::Move::type,move.h,0x140242520
chess::Move::type,0.0,0.0,0.0,0.0,8985000,0.0,0.0,0.0,frankycpp_v1.5.exe,chess::Move::type,move.h,0x14020bef5
chess::Move::{ctor},0.0,0.0,0.0,0.0,8985000,100.0,100.0,0.333333,frankycpp_v1.5.exe,chess::Move::{ctor},move.h,0x140243214
chess::MoveGenerator::MoveGenerator,0.0,0.0,0.0,0.0,2995000,0.0,0.0,0.0,frankycpp_v1.5.exe,chess::MoveGenerator::MoveGenerator(void),MoveGenerator.cpp,0x1402403f0
chess::MoveGenerator::generatePseudoLegalMoves,0.0,0.0,0.0,0.0,2995000,100.0,100.0,0.0,frankycpp_v1.5.exe,"chess::MoveGenerator::generatePseudoLegalMoves(class chess::Position const &,enum chess::GenMode,bool)",MoveGenerator.cpp,0x1402404d0
chess::MoveGenerator::resetOnDemand,0.0,0.0,0.0,0.0,0,16.7,16.7,0.0,frankycpp_v1.5.exe,chess::MoveGenerator::resetOnDemand,MoveGenerator.h,0x140204eb1
chess::Position::clearEnPassant,0.0,0.0,0.0,0.0,32945000,74.3,74.3,0.272727,frankycpp_v1.5.exe,chess::Position::clearEnPassant,Position.cpp,0x14023b483
chess::Position::getNextPlayer,0.0,0.0,0.0,0.0,2995000,0.0,0.0,0.0,frankycpp_v1.5.exe,chess::Position::getNextPlayer,Position.h,0x14024291a
chess::Position::getNextPlayer,0.0,0.0,0.0,0.0,2995000,,,1.000000,frankycpp_v1.5.exe,chess::Position::getNextPlayer,Position.h,0x14027ba8c
chess::Position::getOccupiedBb,0.0,0.0,0.0,0.0,14975000,,,0.0,frankycpp_v1.5.exe,chess::Position::getOccupiedBb,Position.h,0x140248f78
chess::Position::getPiece,0.0,0.0,0.0,0.0,14975000,100.0,100.0,0.200000,frankycpp_v1.5.exe,chess::Position::getPiece,Position.h,0x140242958
chess::Position::getPiece,0.0,0.0,0.0,0.0,2995000,50.0,50.0,0.0,frankycpp_v1.5.exe,chess::Position::getPiece,Position.h,0x140242baf
chess::Position::isCapturingMove,0.0,0.0,0.0,0.0,2995000,100.0,100.0,0.0,frankycpp_v1.5.exe,chess::Position::isCapturingMove,Position.h,0x14020bf25
chess::Position::isCapturingMove,0.0,0.0,0.0,0.0,5990000,7.4,7.4,0.500000,frankycpp_v1.5.exe,chess::Position::isCapturingMove,Position.h,0x14020ba48
chess::Position::isLegalMove,0.0,0.0,0.0,0.0,5990000,33.3,33.3,0.0,frankycpp_v1.5.exe,chess::Position::isLegalMove(class chess::Move),Position.cpp,0x14023c000
chess::Position::strFen,0.0,0.0,0.0,0.0,0,13.4,13.4,,frankycpp_v1.5.exe,chess::Position::strFen(void),Position.cpp,0x14023c8c0
chess::Rank::operator int,0.0,0.0,0.0,0.0,2995000,0.0,0.0,0.0,frankycpp_v1.5.exe,chess::Rank::operator int,rank.h,0x140240bfa
chess::Square::isValid,0.0,0.0,0.0,0.0,0,100.0,100.0,0.0,frankycpp_v1.5.exe,chess::Square::isValid,square.h,0x140169271
chess::Square::operator int,0.0,0.0,0.0,0.0,2995000,,,0.0,frankycpp_v1.5.exe,chess::Square::operator int,square.h,0x14023bf42
chess::Square::pawnPush,0.0,0.0,0.0,0.0,2995000,25.0,25.0,0.0,frankycpp_v1.5.exe,chess::Square::pawnPush,square.h,0x14023b3c1
chess::Square::pawnPush,0.0,0.0,0.0,0.0,2995000,0.0,0.0,0.0,frankycpp_v1.5.exe,chess::Square::pawnPush,square.h,0x14027bd93
chess::StaticMoveList<256>::push_back,0.0,0.0,0.0,0.0,2995000,0.0,0.0,1.000000,frankycpp_v1.5.exe,chess::StaticMoveList<256>::push_back,staticmovelist.h,0x1402439af
chess::StaticMoveList<256>::push_back,0.0,0.0,0.0,0.0,5990000,,,0.0,frankycpp_v1.5.exe,chess::StaticMoveList<256>::push_back,staticmovelist.h,0x140242bcf
chess::StaticMoveList<256>::push_back,0.0,0.0,0.0,0.0,2995000,100.0,100.0,0.0,frankycpp_v1.5.exe,chess::StaticMoveList<256>::push_back,staticmovelist.h,0x1402439d3
chess::StaticMoveList<256>::push_back,0.0,0.0,0.0,0.0,11980000,,,0.0,frankycpp_v1.5.exe,chess::StaticMoveList<256>::push_back,staticmovelist.h,0x140243018
chess::StaticMoveList<256>::push_back,0.0,0.0,0.0,0.0,2995000,0.0,0.0,0.0,frankycpp_v1.5.exe,chess::StaticMoveList<256>::push_back,staticmovelist.h,0x140243a32
chess::StaticMoveList<256>::push_back,0.0,0.0,0.0,0.0,14975000,40.0,40.0,0.400000,frankycpp_v1.5.exe,chess::StaticMoveList<256>::push_back,staticmovelist.h,0x140243048
chess::StaticMoveList<256>::push_back,0.0,0.0,0.0,0.0,5990000,0.0,0.0,0.500000,frankycpp_v1.5.exe,chess::StaticMoveList<256>::push_back,staticmovelist.h,0x140242c54
chess::StaticMoveList<256>::push_back,0.0,0.0,0.0,0.0,2995000,0.0,0.0,0.0,frankycpp_v1.5.exe,chess::StaticMoveList<256>::push_back,staticmovelist.h,0x1402406b0
chess::StaticMoveList<256>::push_back,0.0,0.0,0.0,0.0,2995000,0.0,0.0,0.0,frankycpp_v1.5.exe,chess::StaticMoveList<256>::push_back,staticmovelist.h,0x140242f32
chess::Value::operator int,0.0,0.0,0.0,0.0,11980000,0.0,0.0,0.250000,frankycpp_v1.5.exe,chess::Value::operator int,value.h,0x14020a996
chess::colorOf,0.0,0.0,0.0,0.0,2995000,0.0,0.0,0.0,frankycpp_v1.5.exe,chess::colorOf,piece.h,0x1402409ce
chess::makePiece,0.0,0.0,0.0,0.0,2995000,,,0.0,frankycpp_v1.5.exe,chess::makePiece,piece.h,0x14023b4ab
chess::makePiece,0.0,0.0,0.0,0.0,5990000,0.0,0.0,0.0,frankycpp_v1.5.exe,chess::makePiece,piece.h,0x14023b7e0
chess::moveValueGreaterComparator::operator(),0.0,0.0,0.0,0.0,2995000,18.8,18.8,4.000000,frankycpp_v1.5.exe,chess::moveValueGreaterComparator::operator(),move.h,0x140244a2b
chess::moveValueGreaterComparator::operator(),0.0,0.0,0.0,0.0,2995000,0.0,0.0,1.000000,frankycpp_v1.5.exe,chess::moveValueGreaterComparator::operator(),move.h,0x140244a4e
chess::operator&,0.0,0.0,0.0,0.0,5990000,0.0,0.0,0.0,frankycpp_v1.5.exe,chess::operator&,bitboard.h,0x1402439ab
chess::operator&,0.0,0.0,0.0,0.0,2995000,0.0,0.0,0.0,frankycpp_v1.5.exe,chess::operator&,bitboard.h,0x140169466
chess::operator&,0.0,0.0,0.0,0.0,5990000,35.9,35.9,1.000000,frankycpp_v1.5.exe,chess::operator&,bitboard.h,0x140248c62
chess::operator&,0.0,0.0,0.0,0.0,17970000,,,0.333333,frankycpp_v1.5.exe,chess::operator&,bitboard.h,0x140248c82
chess::operator&,0.0,0.0,0.0,0.0,2995000,,,0.0,frankycpp_v1.5.exe,chess::operator&,bitboard.h,0x140248c91
chess::operator&,0.0,0.0,0.0,0.0,8985000,,,0.333333,frankycpp_v1.5.exe,chess::operator&,bitboard.h,0x140242504
chess::operator&,0.0,0.0,0.0,0.0,23960000,46.2,46.2,0.500000,frankycpp_v1.5.exe,chess::operator&,bitboard.h,0x1402492a2
chess::operator&,0.0,0.0,0.0,0.0,8985000,19.1,19.1,0.666667,frankycpp_v1.5.exe,chess::operator&,bitboard.h,0x140243102
chess::operator&,0.0,0.0,0.0,0.0,2995000,0.0,0.0,0.0,frankycpp_v1.5.exe,chess::operator&,bitboard.h,0x140240c8d
chess::operator+,0.0,0.0,0.0,0.0,2995000,,,0.0,frankycpp_v1.5.exe,chess::operator+,depth.h,0x14020c7f5
chess::operator+,0.0,0.0,0.0,0.0,11980000,40.0,40.0,0.500000,frankycpp_v1.5.exe,chess::operator+,castlingrights.h,0x14023b448
chess::operator+,0.0,0.0,0.0,0.0,17970000,97.5,97.5,0.166667,frankycpp_v1.5.exe,chess::operator+,depth.h,0x14020b077
chess::operator+,0.0,0.0,0.0,0.0,8985000,2.7,2.7,1.666667,frankycpp_v1.5.exe,chess::operator+,depth.h,0x14020bce1
chess::operator+,0.0,0.0,0.0,0.0,2995000,100.0,100.0,0.0,frankycpp_v1.5.exe,chess::operator+,direction.h,0x14023bb23
chess::operator+,0.0,0.0,0.0,0.0,0,14.7,14.7,,frankycpp_v1.5.exe,chess::operator+,depth.h,0x14020bb89
chess::operator+=,0.0,0.0,0.0,0.0,5990000,25.0,25.0,0.500000,frankycpp_v1.5.exe,chess::operator+=,depth.h,0x14020b059
chess::operator+=,0.0,0.0,0.0,0.0,20965000,,,0.0,frankycpp_v1.5.exe,chess::operator+=,value.h,0x14020ae6b
chess::operator+=,0.0,0.0,0.0,0.0,5990000,,,0.0,frankycpp_v1.5.exe,chess::operator+=,value.h,0x140248dec
chess::operator-,0.0,0.0,0.0,0.0,32945000,81.6,81.6,0.363636,frankycpp_v1.5.exe,chess::operator-,value.h,0x14020af39
chess::operator-,0.0,0.0,0.0,0.0,2995000,0.0,0.0,3.000000,frankycpp_v1.5.exe,chess::operator-,direction.h,0x140242bbb
chess::operator-,0.0,0.0,0.0,0.0,2995000,0.0,0.0,0.0,frankycpp_v1.5.exe,chess::operator-,value.h,0x140242be1
chess::operator-,0.0,0.0,0.0,0.0,2995000,0.0,0.0,0.0,frankycpp_v1.5.exe,chess::operator-,direction.h,0x140242f05
chess::operator-,0.0,0.0,0.0,0.0,5990000,100.0,100.0,0.0,frankycpp_v1.5.exe,chess::operator-,value.h,0x14020b089
chess::operator-,0.0,0.0,0.0,0.0,14975000,51.7,51.7,0.400000,frankycpp_v1.5.exe,chess::operator-,value.h,0x140243618
chess::operator-,0.0,0.0,0.0,0.0,5990000,0.0,0.0,0.0,frankycpp_v1.5.exe,chess::operator-,value.h,0x140242f09
chess::operator-,0.0,0.0,0.0,0.0,2995000,0.0,0.0,3.000000,frankycpp_v1.5.exe,chess::operator-,value.h,0x14020bce7
chess::operator-,0.0,0.0,0.0,0.0,0,100.0,100.0,0.0,frankycpp_v1.5.exe,chess::operator-,value.h,0x14020a4f7
chess::operator-,0.0,0.0,0.0,0.0,2995000,0.0,0.0,0.0,frankycpp_v1.5.exe,chess::operator-,depth.h,0x14020b2f2
chess::operator-,0.0,0.0,0.0,0.0,2995000,100.0,100.0,0.0,frankycpp_v1.5.exe,chess::operator-,depth.h,0x14020b616
chess::operator==,0.0,0.0,0.0,0.0,0,33.3,33.3,,frankycpp_v1.5.exe,chess::operator==,castlingrights.h,0x1402439c9
chess::operator==,0.0,0.0,0.0,0.0,2995000,,,1.000000,frankycpp_v1.5.exe,chess::operator==,castlingrights.h,0x14020aa6f
chess::operator==,0.0,0.0,0.0,0.0,5990000,0.0,0.0,0.500000,frankycpp_v1.5.exe,chess::operator==,castlingrights.h,0x1402439ee
chess::operator==,0.0,0.0,0.0,0.0,0,22.9,22.9,,frankycpp_v1.5.exe,chess::operator==,castlingrights.h,0x140243a1d
chess::operator>,0.0,0.0,0.0,0.0,2995000,,,0.0,frankycpp_v1.5.exe,chess::operator>,value.h,0x14020aecf
chess::operator>=,0.0,0.0,0.0,0.0,5990000,10.5,10.5,1.500000,frankycpp_v1.5.exe,chess::operator>=,value.h,0x14020b563
chess::operator|,0.0,0.0,0.0,0.0,23960000,,,0.500000,frankycpp_v1.5.exe,chess::operator|,bitboard.h,0x1402430a8
chess::operator|,0.0,0.0,0.0,0.0,14975000,,,0.200000,frankycpp_v1.5.exe,chess::operator|,bitboard.h,0x14027bada
chess::operator~,0.0,0.0,0.0,0.0,26955000,,,0.222222,frankycpp_v1.5.exe,chess::operator~,color.h,0x14020ba48
chess::operator~,0.0,0.0,0.0,0.0,5990000,100.0,100.0,0.0,frankycpp_v1.5.exe,chess::operator~,color.h,0x140242500
chess::operator~,0.0,0.0,0.0,0.0,5990000,100.0,100.0,0.0,frankycpp_v1.5.exe,chess::operator~,color.h,0x140248ba9
chess::operator~,0.0,0.0,0.0,0.0,14975000,13.4,13.4,0.200000,frankycpp_v1.5.exe,chess::operator~,color.h,0x140243727
chess::operator~,0.0,0.0,0.0,0.0,20965000,,,0.142857,frankycpp_v1.5.exe,chess::operator~,color.h,0x14020bed6
chess::operator~,0.0,0.0,0.0,0.0,5990000,,,0.0,frankycpp_v1.5.exe,chess::operator~,color.h,0x14023bc5e
chess::typeOf,0.0,0.0,0.0,0.0,5990000,100.0,100.0,0.0,frankycpp_v1.5.exe,chess::typeOf,piece.h,0x140242bb5
chess::valueOf,0.0,0.0,0.0,0.0,0,100.0,100.0,0.0,frankycpp_v1.5.exe,chess::valueOf,value.h,0x14024316c
"common::trimFast<class std::basic_string<char,struct std::char_traits<char>,class std::allocator<char> > >",0.0,0.0,0.0,0.0,2995000,0.0,0.0,0.0,frankycpp_v1.5.exe,"common::trimFast<class std::basic_string<char,struct std::char_traits<char>,class std::allocator<char> > >(class std::basic_string<char,struct std::char_traits<char>,class std::allocator<char> > const &)",stringutil.h,0x140164db0
engine::Evaluator::valueFromScore,0.0,0.0,0.0,0.0,35940000,75.7,75.7,0.416667,frankycpp_v1.5.exe,engine::Evaluator::valueFromScore,Evaluator.cpp,0x1402489fd
engine::Search::thread,0.0,0.0,0.0,0.0,20965000,,,0.285714,frankycpp_v1.5.exe,engine::Search::thread,Search.h,0x14020c47a
engine::Search::thread,0.0,0.0,0.0,0.0,2995000,0.0,0.0,0.0,frankycpp_v1.5.exe,engine::Search::thread,Search.h,0x14020bfbe
engine::Search::thread,0.0,0.0,0.0,0.0,8985000,6.2,6.2,0.666667,frankycpp_v1.5.exe,engine::Search::thread,Search.h,0x14020c3c6
engine::Search::thread,0.0,0.0,0.0,0.0,2995000,37.1,37.1,2.000000,frankycpp_v1.5.exe,engine::Search::thread,Search.h,0x14020acfa
engine::Search::thread,0.0,0.0,0.0,0.0,2995000,0.0,0.0,0.0,frankycpp_v1.5.exe,engine::Search::thread,Search.h,0x14020c960
engine::SearchThreadData::regenerateLmrTable,0.0,0.0,0.0,0.0,5990000,0.0,0.0,0.500000,frankycpp_v1.5.exe,"engine::SearchThreadData::regenerateLmrTable(bool,double)",SearchThreadData.h,0x140201760
free_base,0.0,0.0,0.0,0.0,2995000,50.0,50.0,0.0,ucrtbase.dll,free_base,[Unknown],0x18001e0e0
func@0x140006c62,0.0,0.0,0.0,0.0,2995000,50.0,50.0,0.0,dxgmms2.sys,func@0x140006c62,[Unknown],0x140006c62
func@0x140008bd0,0.0,0.0,0.0,0.0,2995000,0.0,0.0,1.000000,dxgmms2.sys,func@0x140008bd0,[Unknown],0x140008bd0
func@0x140008f20,0.0,0.0,0.0,0.0,2995000,0.0,0.0,0.0,stornvme.sys,func@0x140008f20,[Unknown],0x140008f20
func@0x14000cf00,0.0,0.0,0.0,0.0,0,50.0,50.0,0.0,nvlddmkm.sys,func@0x14000cf00,[Unknown],0x14000cf00
func@0x14000e4e0,0.0,0.0,0.0,0.0,2995000,0.0,0.0,0.0,dxgmms2.sys,func@0x14000e4e0,[Unknown],0x14000e4e0
func@0x140011550,0.0,0.0,0.0,0.0,2995000,0.0,0.0,0.0,dxgmms2.sys,func@0x140011550,[Unknown],0x140011550
func@0x140011740,0.0,0.0,0.0,0.0,0,100.0,100.0,0.0,dxgmms2.sys,func@0x140011740,[Unknown],0x140011740
func@0x140011b00,0.0,0.0,0.0,0.0,0,100.0,100.0,,usbxhci.sys,func@0x140011b00,[Unknown],0x140011b00
func@0x140016970,0.0,0.0,0.0,0.0,2995000,0.0,0.0,0.0,wdf01000.sys,func@0x140016970,[Unknown],0x140016970
func@0x140018ce0,0.0,0.0,0.0,0.0,2995000,0.0,0.0,0.0,nvlddmkm.sys,func@0x140018ce0,[Unknown],0x140018ce0
func@0x14001e3f0,0.0,0.0,0.0,0.0,2995000,0.0,0.0,0.0,netadaptercx.sys,func@0x14001e3f0,[Unknown],0x14001e3f0
func@0x140020a60,0.0,0.0,0.0,0.0,0,25.0,25.0,0.0,nvlddmkm.sys,func@0x140020a60,[Unknown],0x140020a60
func@0x140021110,0.0,0.0,0.0,0.0,2995000,0.0,0.0,0.0,usbxhci.sys,func@0x140021110,[Unknown],0x140021110
func@0x140028da5,0.0,0.0,0.0,0.0,2995000,0.0,0.0,1.000000,dxgmms2.sys,func@0x140028da5,[Unknown],0x140028da5
func@0x14002d2a4,0.0,0.0,0.0,0.0,0,100.0,100.0,0.0,bthport.sys,func@0x14002d2a4,[Unknown],0x14002d2a4
func@0x14002d920,0.0,0.0,0.0,0.0,2995000,0.0,0.0,0.0,dxgmms2.sys,func@0x14002d920,[Unknown],0x14002d920
func@0x1400dbbc0,0.0,0.0,0.0,0.0,2995000,0.0,0.0,0.0,nvlddmkm.sys,func@0x1400dbbc0,[Unknown],0x1400dbbc0
func@0x1400e0b60,0.0,0.0,0.0,0.0,2995000,0.0,0.0,1.000000,nvlddmkm.sys,func@0x1400e0b60,[Unknown],0x1400e0b60
func@0x1400f21e0,0.0,0.0,0.0,0.0,2995000,0.0,0.0,0.0,nvlddmkm.sys,func@0x1400f21e0,[Unknown],0x1400f21e0
func@0x1400f7380,0.0,0.0,0.0,0.0,0,33.3,33.3,0.0,nvlddmkm.sys,func@0x1400f7380,[Unknown],0x1400f7380
func@0x1400f9cc0,0.0,0.0,0.0,0.0,2995000,0.0,0.0,0.0,nvlddmkm.sys,func@0x1400f9cc0,[Unknown],0x1400f9cc0
func@0x1400fa6c0,0.0,0.0,0.0,0.0,2995000,0.0,0.0,1.000000,nvlddmkm.sys,func@0x1400fa6c0,[Unknown],0x1400fa6c0
func@0x1400fb250,0.0,0.0,0.0,0.0,2995000,0.0,0.0,0.0,nvlddmkm.sys,func@0x1400fb250,[Unknown],0x1400fb250
func@0x1400fc0a0,0.0,0.0,0.0,0.0,2995000,0.0,0.0,1.000000,nvlddmkm.sys,func@0x1400fc0a0,[Unknown],0x1400fc0a0
func@0x140115380,0.0,0.0,0.0,0.0,2995000,25.0,25.0,2.000000,nvlddmkm.sys,func@0x140115380,[Unknown],0x140115380
func@0x140115d00,0.0,0.0,0.0,0.0,0,50.0,50.0,0.0,nvlddmkm.sys,func@0x140115d00,[Unknown],0x140115d00
func@0x140117ae0,0.0,0.0,0.0,0.0,0,100.0,100.0,,nvlddmkm.sys,func@0x140117ae0,[Unknown],0x140117ae0
func@0x140118a80,0.0,0.0,0.0,0.0,2995000,25.0,25.0,2.000000,nvlddmkm.sys,func@0x140118a80,[Unknown],0x140118a80
func@0x14013b3e0,0.0,0.0,0.0,0.0,0,50.0,50.0,0.0,nvlddmkm.sys,func@0x14013b3e0,[Unknown],0x14013b3e0
func@0x140141290,0.0,0.0,0.0,0.0,2995000,0.0,0.0,1.000000,nvlddmkm.sys,func@0x140141290,[Unknown],0x140141290
func@0x140165720,0.0,0.0,0.0,0.0,2995000,0.0,0.0,0.0,nvlddmkm.sys,func@0x140165720,[Unknown],0x140165720
func@0x140165870,0.0,0.0,0.0,0.0,2995000,100.0,100.0,0.0,nvlddmkm.sys,func@0x140165870,[Unknown],0x140165870
func@0x1401659b0,0.0,0.0,0.0,0.0,2995000,0.0,0.0,2.000000,nvlddmkm.sys,func@0x1401659b0,[Unknown],0x1401659b0
func@0x140169590,0.0,0.0,0.0,0.0,2995000,25.0,25.0,2.000000,nvlddmkm.sys,func@0x140169590,[Unknown],0x140169590
func@0x140204b80,0.0,0.0,0.0,0.0,2995000,0.0,0.0,0.0,ntoskrnl.exe,func@0x140204b80,[Unknown],0x140204b80
func@0x140204ebe,0.0,0.0,0.0,0.0,2995000,0.0,0.0,0.0,ntoskrnl.exe,func@0x140204ebe,[Unknown],0x140204ebe
func@0x140204fb0,0.0,0.0,0.0,0.0,2995000,0.0,0.0,0.0,ntoskrnl.exe,func@0x140204fb0,[Unknown],0x140204fb0
func@0x140205faf,0.0,0.0,0.0,0.0,2995000,0.0,0.0,1.000000,ntoskrnl.exe,func@0x140205faf,[Unknown],0x140205faf
func@0x140209289,0.0,0.0,0.0,0.0,2995000,25.0,25.0,0.0,ntoskrnl.exe,func@0x140209289,[Unknown],0x140209289
func@0x140210250,0.0,0.0,0.0,0.0,5990000,0.0,0.0,0.0,ntoskrnl.exe,func@0x140210250,[Unknown],0x140210250
func@0x140222a4d,0.0,0.0,0.0,0.0,2995000,0.0,0.0,0.0,ntoskrnl.exe,func@0x140222a4d,[Unknown],0x140222a4d
func@0x1402291d3,0.0,0.0,0.0,0.0,2995000,0.0,0.0,2.000000,ntoskrnl.exe,func@0x1402291d3,[Unknown],0x1402291d3
func@0x140229510,0.0,0.0,0.0,0.0,2995000,0.0,0.0,0.0,ntoskrnl.exe,func@0x140229510,[Unknown],0x140229510
func@0x1402333a0,0.0,0.0,0.0,0.0,0,100.0,100.0,0.0,ntoskrnl.exe,func@0x1402333a0,[Unknown],0x1402333a0
func@0x140234340,0.0,0.0,0.0,0.0,0,100.0,100.0,0.0,ntoskrnl.exe,func@0x140234340,[Unknown],0x140234340
func@0x14023c720,0.0,0.0,0.0,0.0,2995000,0.0,0.0,0.0,ntoskrnl.exe,func@0x14023c720,[Unknown],0x14023c720
func@0x140246640,0.0,0.0,0.0,0.0,2995000,0.0,0.0,4.000000,ntoskrnl.exe,func@0x140246640,[Unknown],0x140246640
func@0x1402467b0,0.0,0.0,0.0,0.0,0,40.0,40.0,,ntoskrnl.exe,func@0x1402467b0,[Unknown],0x1402467b0
func@0x140247e70,0.0,0.0,0.0,0.0,11980000,8.7,8.7,0.750000,ntoskrnl.exe,func@0x140247e70,[Unknown],0x140247e70
func@0x14024bb70,0.0,0.0,0.0,0.0,2995000,0.0,0.0,2.000000,ntoskrnl.exe,func@0x14024bb70,[Unknown],0x14024bb70
func@0x14024bf54,0.0,0.0,0.0,0.0,5990000,0.0,0.0,0.500000,ntoskrnl.exe,func@0x14024bf54,[Unknown],0x14024bf54
func@0x14024e0e4,0.0,0.0,0.0,0.0,14975000,100.0,100.0,0.800000,ntoskrnl.exe,func@0x14024e0e4,[Unknown],0x14024e0e4
func@0x14024f870,0.0,0.0,0.0,0.0,0,50.0,50.0,0.0,ntoskrnl.exe,func@0x14024f870,[Unknown],0x14024f870
func@0x1402506c8,0.0,0.0,0.0,0.0,2995000,33.3,33.3,1.000000,ntoskrnl.exe,func@0x1402506c8,[Unknown],0x1402506c8
func@0x140250c80,0.0,0.0,0.0,0.0,2995000,100.0,100.0,0.0,ntoskrnl.exe,func@0x140250c80,[Unknown],0x140250c80
func@0x1402599f0,0.0,0.0,0.0,0.0,2995000,0.0,0.0,0.0,nvlddmkm.sys,func@0x1402599f0,[Unknown],0x1402599f0
func@0x140259a80,0.0,0.0,0.0,0.0,8985000,16.7,16.7,1.000000,nvlddmkm.sys,func@0x140259a80,[Unknown],0x140259a80
func@0x14025a500,0.0,0.0,0.0,0.0,2995000,50.0,50.0,0.0,nvlddmkm.sys,func@0x14025a500,[Unknown],0x14025a500
func@0x14026d170,0.0,0.0,0.0,0.0,2995000,0.0,0.0,0.0,nvlddmkm.sys,func@0x14026d170,[Unknown],0x14026d170
func@0x14026d750,0.0,0.0,0.0,0.0,0,100.0,100.0,0.0,nvlddmkm.sys,func@0x14026d750,[Unknown],0x14026d750
func@0x14026dee0,0.0,0.0,0.0,0.0,2995000,0.0,0.0,0.0,nvlddmkm.sys,func@0x14026dee0,[Unknown],0x14026dee0
func@0x140288490,0.0,0.0,0.0,0.0,5990000,16.7,16.7,0.0,ntoskrnl.exe,func@0x140288490,[Unknown],0x140288490
func@0x140289910,0.0,0.0,0.0,0.0,8985000,0.0,0.0,0.333333,ntoskrnl.exe,func@0x140289910,[Unknown],0x140289910
func@0x1402899fc,0.0,0.0,0.0,0.0,2995000,,,0.0,ntoskrnl.exe,func@0x1402899fc,[Unknown],0x1402899fc
func@0x14028a5c0,0.0,0.0,0.0,0.0,2995000,0.0,0.0,0.0,ntoskrnl.exe,func@0x14028a5c0,[Unknown],0x14028a5c0
func@0x14028d000,0.0,0.0,0.0,0.0,2995000,0.0,0.0,0.0,ntoskrnl.exe,func@0x14028d000,[Unknown],0x14028d000
func@0x14028e5a0,0.0,0.0,0.0,0.0,5990000,60.0,60.0,0.0,ntoskrnl.exe,func@0x14028e5a0,[Unknown],0x14028e5a0
func@0x1402920b0,0.0,0.0,0.0,0.0,5990000,0.0,0.0,0.0,ntoskrnl.exe,func@0x1402920b0,[Unknown],0x1402920b0
func@0x140293520,0.0,0.0,0.0,0.0,2995000,100.0,100.0,0.0,ntoskrnl.exe,func@0x140293520,[Unknown],0x140293520
func@0x1402a1730,0.0,0.0,0.0,0.0,2995000,100.0,100.0,0.0,ntoskrnl.exe,func@0x1402a1730,[Unknown],0x1402a1730
func@0x1402a3b40,0.0,0.0,0.0,0.0,2995000,0.0,0.0,0.0,ntoskrnl.exe,func@0x1402a3b40,[Unknown],0x1402a3b40
func@0x1402a3d63,0.0,0.0,0.0,0.0,2995000,0.0,0.0,0.0,ntoskrnl.exe,func@0x1402a3d63,[Unknown],0x1402a3d63
func@0x1402aa105,0.0,0.0,0.0,0.0,2995000,0.0,0.0,0.0,ntoskrnl.exe,func@0x1402aa105,[Unknown],0x1402aa105
func@0x1402aaf50,0.0,0.0,0.0,0.0,2995000,66.7,66.7,0.0,ntoskrnl.exe,func@0x1402aaf50,[Unknown],0x1402aaf50
func@0x1402ab6f0,0.0,0.0,0.0,0.0,5990000,0.0,0.0,0.0,ntoskrnl.exe,func@0x1402ab6f0,[Unknown],0x1402ab6f0
func@0x1402dd360,0.0,0.0,0.0,0.0,2995000,25.0,25.0,1.000000,ntoskrnl.exe,func@0x1402dd360,[Unknown],0x1402dd360
func@0x1402e0db0,0.0,0.0,0.0,0.0,2995000,33.3,33.3,1.000000,ntoskrnl.exe,func@0x1402e0db0,[Unknown],0x1402e0db0
func@0x1402e7d81,0.0,0.0,0.0,0.0,2995000,100.0,100.0,0.0,ntoskrnl.exe,func@0x1402e7d81,[Unknown],0x1402e7d81
func@0x1402fe28c,0.0,0.0,0.0,0.0,2995000,0.0,0.0,0.0,ntoskrnl.exe,func@0x1402fe28c,[Unknown],0x1402fe28c
func@0x1402fe590,0.0,0.0,0.0,0.0,2995000,0.0,0.0,0.0,ntoskrnl.exe,func@0x1402fe590,[Unknown],0x1402fe590
func@0x1402ff7b0,0.0,0.0,0.0,0.0,2995000,33.3,33.3,0.0,ntoskrnl.exe,func@0x1402ff7b0,[Unknown],0x1402ff7b0
func@0x1402ffce8,0.0,0.0,0.0,0.0,0,50.0,50.0,,ntoskrnl.exe,func@0x1402ffce8,[Unknown],0x1402ffce8
func@0x140301350,0.0,0.0,0.0,0.0,5990000,0.0,0.0,2.000000,nvlddmkm.sys,func@0x140301350,[Unknown],0x140301350
func@0x140302ef0,0.0,0.0,0.0,0.0,5990000,0.0,0.0,0.0,ntoskrnl.exe,func@0x140302ef0,[Unknown],0x140302ef0
func@0x140304f78,0.0,0.0,0.0,0.0,0,14.3,14.3,,ntoskrnl.exe,func@0x140304f78,[Unknown],0x140304f78
func@0x14030d954,0.0,0.0,0.0,0.0,5990000,14.0,14.0,1.500000,ntoskrnl.exe,func@0x14030d954,[Unknown],0x14030d954
func@0x14030f170,0.0,0.0,0.0,0.0,0,50.0,50.0,0.0,ntoskrnl.exe,func@0x14030f170,[Unknown],0x14030f170
func@0x140311cb0,0.0,0.0,0.0,0.0,2995000,0.0,0.0,0.0,ntoskrnl.exe,func@0x140311cb0,[Unknown],0x140311cb0
func@0x140313470,0.0,0.0,0.0,0.0,2995000,0.0,0.0,0.0,ntoskrnl.exe,func@0x140313470,[Unknown],0x140313470
func@0x14031f450,0.0,0.0,0.0,0.0,2995000,0.0,0.0,0.0,ntoskrnl.exe,func@0x14031f450,[Unknown],0x14031f450
func@0x1403216e0,0.0,0.0,0.0,0.0,0,100.0,100.0,,ntoskrnl.exe,func@0x1403216e0,[Unknown],0x1403216e0
func@0x1403241d0,0.0,0.0,0.0,0.0,2995000,0.0,0.0,0.0,ntoskrnl.exe,func@0x1403241d0,[Unknown],0x1403241d0
func@0x140329e70,0.0,0.0,0.0,0.0,5990000,0.0,0.0,0.0,ntoskrnl.exe,func@0x140329e70,[Unknown],0x140329e70
func@0x14032f2fa,0.0,0.0,0.0,0.0,5990000,33.3,33.3,1.500000,ntoskrnl.exe,func@0x14032f2fa,[Unknown],0x14032f2fa
func@0x1403303e0,0.0,0.0,0.0,0.0,5990000,0.0,0.0,1.000000,ntoskrnl.exe,func@0x1403303e0,[Unknown],0x1403303e0
func@0x14034dad0,0.0,0.0,0.0,0.0,2995000,0.0,0.0,0.0,ntoskrnl.exe,func@0x14034dad0,[Unknown],0x14034dad0
func@0x140361450,0.0,0.0,0.0,0.0,2995000,50.0,50.0,3.000000,ntoskrnl.exe,func@0x140361450,[Unknown],0x140361450
func@0x140361670,0.0,0.0,0.0,0.0,8985000,16.7,16.7,0.666667,ntoskrnl.exe,func@0x140361670,[Unknown],0x140361670
func@0x140361fc4,0.0,0.0,0.0,0.0,2995000,0.0,0.0,2.000000,ntoskrnl.exe,func@0x140361fc4,[Unknown],0x140361fc4
func@0x140362bb0,0.0,0.0,0.0,0.0,0,25.0,25.0,0.0,ntoskrnl.exe,func@0x140362bb0,[Unknown],0x140362bb0
func@0x140364790,0.0,0.0,0.0,0.0,2995000,0.0,0.0,0.0,ntoskrnl.exe,func@0x140364790,[Unknown],0x140364790
func@0x140367104,0.0,0.0,0.0,0.0,2995000,0.0,0.0,0.0,ntoskrnl.exe,func@0x140367104,[Unknown],0x140367104
func@0x14039d870,0.0,0.0,0.0,0.0,11980000,100.0,100.0,0.0,nvlddmkm.sys,func@0x14039d870,[Unknown],0x14039d870
func@0x1403b1d50,0.0,0.0,0.0,0.0,2995000,,,0.0,ntoskrnl.exe,func@0x1403b1d50,[Unknown],0x1403b1d50
func@0x1403b54e2,0.0,0.0,0.0,0.0,2995000,0.0,0.0,0.0,ntoskrnl.exe,func@0x1403b54e2,[Unknown],0x1403b54e2
func@0x1403de6b0,0.0,0.0,0.0,0.0,2995000,,,0.0,ntoskrnl.exe,func@0x1403de6b0,[Unknown],0x1403de6b0
func@0x1403deed0,0.0,0.0,0.0,0.0,5990000,40.0,40.0,0.0,ntoskrnl.exe,func@0x1403deed0,[Unknown],0x1403deed0
func@0x1403e0cd0,0.0,0.0,0.0,0.0,2995000,0.0,0.0,0.0,ntoskrnl.exe,func@0x1403e0cd0,[Unknown],0x1403e0cd0
func@0x1403f2130,0.0,0.0,0.0,0.0,2995000,0.0,0.0,0.0,ntoskrnl.exe,func@0x1403f2130,[Unknown],0x1403f2130
func@0x1403f2264,0.0,0.0,0.0,0.0,2995000,20.0,20.0,2.000000,ntoskrnl.exe,func@0x1403f2264,[Unknown],0x1403f2264
func@0x1403fc4d0,0.0,0.0,0.0,0.0,2995000,0.0,0.0,0.0,ntoskrnl.exe,func@0x1403fc4d0,[Unknown],0x1403fc4d0
func@0x140403b60,0.0,0.0,0.0,0.0,2995000,0.0,0.0,0.0,ntoskrnl.exe,func@0x140403b60,[Unknown],0x140403b60
func@0x140404910,0.0,0.0,0.0,0.0,2995000,0.0,0.0,0.0,ntoskrnl.exe,func@0x140404910,[Unknown],0x140404910
func@0x1404068f0,0.0,0.0,0.0,0.0,2995000,,,1.000000,ntoskrnl.exe,func@0x1404068f0,[Unknown],0x1404068f0
func@0x14040aac1,0.0,0.0,0.0,0.0,2995000,,,0.0,ntoskrnl.exe,func@0x14040aac1,[Unknown],0x14040aac1
func@0x140414bc0,0.0,0.0,0.0,0.0,0,100.0,100.0,0.0,ntoskrnl.exe,func@0x140414bc0,[Unknown],0x140414bc0
func@0x140427d87,0.0,0.0,0.0,0.0,2995000,0.0,0.0,0.0,ntoskrnl.exe,func@0x140427d87,[Unknown],0x140427d87
func@0x14042d150,0.0,0.0,0.0,0.0,2995000,0.0,0.0,0.0,ntoskrnl.exe,func@0x14042d150,[Unknown],0x14042d150
func@0x14042e5b0,0.0,0.0,0.0,0.0,5990000,0.0,0.0,0.0,ntoskrnl.exe,func@0x14042e5b0,[Unknown],0x14042e5b0
func@0x140448cfc,0.0,0.0,0.0,0.0,2995000,0.0,0.0,0.0,ntoskrnl.exe,func@0x140448cfc,[Unknown],0x140448cfc
func@0x140449700,0.0,0.0,0.0,0.0,5990000,,,0.0,ntoskrnl.exe,func@0x140449700,[Unknown],0x140449700
func@0x1404e6dc0,0.0,0.0,0.0,0.0,2995000,0.0,0.0,0.0,ntoskrnl.exe,func@0x1404e6dc0,[Unknown],0x1404e6dc0
func@0x1404e9e10,0.0,0.0,0.0,0.0,2995000,0.0,0.0,0.0,ntoskrnl.exe,func@0x1404e9e10,[Unknown],0x1404e9e10
func@0x1404eb888,0.0,0.0,0.0,0.0,2995000,0.0,0.0,0.0,ntoskrnl.exe,func@0x1404eb888,[Unknown],0x1404eb888
func@0x1404f41b0,0.0,0.0,0.0,0.0,2995000,9.1,9.1,1.000000,ntoskrnl.exe,func@0x1404f41b0,[Unknown],0x1404f41b0
func@0x1405de8c0,0.0,0.0,0.0,0.0,2995000,0.0,0.0,0.0,ntoskrnl.exe,func@0x1405de8c0,[Unknown],0x1405de8c0
func@0x1405e25e4,0.0,0.0,0.0,0.0,2995000,29.7,29.7,1.000000,ntoskrnl.exe,func@0x1405e25e4,[Unknown],0x1405e25e4
func@0x1405e341c,0.0,0.0,0.0,0.0,2995000,0.0,0.0,0.0,ntoskrnl.exe,func@0x1405e341c,[Unknown],0x1405e341c
func@0x1406a59b0,0.0,0.0,0.0,0.0,2995000,,,1.000000,ntoskrnl.exe,func@0x1406a59b0,[Unknown],0x1406a59b0
func@0x1406b1570,0.0,0.0,0.0,0.0,2995000,0.0,0.0,2.000000,nvlddmkm.sys,func@0x1406b1570,[Unknown],0x1406b1570
func@0x1406bddc0,0.0,0.0,0.0,0.0,0,100.0,100.0,0.0,ntoskrnl.exe,func@0x1406bddc0,[Unknown],0x1406bddc0
func@0x14070d370,0.0,0.0,0.0,0.0,0,100.0,100.0,0.0,nvlddmkm.sys,func@0x14070d370,[Unknown],0x14070d370
func@0x140842070,0.0,0.0,0.0,0.0,2995000,0.0,0.0,0.0,ntoskrnl.exe,func@0x140842070,[Unknown],0x140842070
func@0x140865750,0.0,0.0,0.0,0.0,2995000,0.0,0.0,0.0,ntoskrnl.exe,func@0x140865750,[Unknown],0x140865750
func@0x14088e810,0.0,0.0,0.0,0.0,2995000,0.0,0.0,0.0,ntoskrnl.exe,func@0x14088e810,[Unknown],0x14088e810
func@0x1408a59bc,0.0,0.0,0.0,0.0,2995000,0.0,0.0,0.0,ntoskrnl.exe,func@0x1408a59bc,[Unknown],0x1408a59bc
func@0x1408dedfd,0.0,0.0,0.0,0.0,2995000,0.0,0.0,0.0,ntoskrnl.exe,func@0x1408dedfd,[Unknown],0x1408dedfd
func@0x1408df540,0.0,0.0,0.0,0.0,5990000,0.0,0.0,0.0,ntoskrnl.exe,func@0x1408df540,[Unknown],0x1408df540
func@0x1408e26c0,0.0,0.0,0.0,0.0,2995000,0.0,0.0,1.000000,ntoskrnl.exe,func@0x1408e26c0,[Unknown],0x1408e26c0
func@0x1408e3010,0.0,0.0,0.0,0.0,2995000,0.0,0.0,0.0,ntoskrnl.exe,func@0x1408e3010,[Unknown],0x1408e3010
func@0x14091a290,0.0,0.0,0.0,0.0,2995000,0.0,0.0,0.0,ntoskrnl.exe,func@0x14091a290,[Unknown],0x14091a290
func@0x140b53bf0,0.0,0.0,0.0,0.0,2995000,0.0,0.0,0.0,nvlddmkm.sys,func@0x140b53bf0,[Unknown],0x140b53bf0
func@0x140b55020,0.0,0.0,0.0,0.0,2995000,0.0,0.0,0.0,nvlddmkm.sys,func@0x140b55020,[Unknown],0x140b55020
func@0x140b5517f,0.0,0.0,0.0,0.0,0,50.0,50.0,0.0,nvlddmkm.sys,func@0x140b5517f,[Unknown],0x140b5517f
func@0x140bbe780,0.0,0.0,0.0,0.0,2995000,0.0,0.0,0.0,ntoskrnl.exe,func@0x140bbe780,[Unknown],0x140bbe780
func@0x140d3eb40,0.0,0.0,0.0,0.0,2995000,0.0,0.0,2.000000,nvlddmkm.sys,func@0x140d3eb40,[Unknown],0x140d3eb40
func@0x140d7b350,0.0,0.0,0.0,0.0,2995000,,,0.0,nvlddmkm.sys,func@0x140d7b350,[Unknown],0x140d7b350
func@0x140d7cbd0,0.0,0.0,0.0,0.0,2995000,0.0,0.0,1.000000,nvlddmkm.sys,func@0x140d7cbd0,[Unknown],0x140d7cbd0
func@0x140d84b30,0.0,0.0,0.0,0.0,2995000,0.0,0.0,1.000000,nvlddmkm.sys,func@0x140d84b30,[Unknown],0x140d84b30
func@0x140d8b050,0.0,0.0,0.0,0.0,2995000,0.0,0.0,0.0,nvlddmkm.sys,func@0x140d8b050,[Unknown],0x140d8b050
func@0x140d8b2b0,0.0,0.0,0.0,0.0,2995000,0.0,0.0,1.000000,nvlddmkm.sys,func@0x140d8b2b0,[Unknown],0x140d8b2b0
func@0x140d8eb40,0.0,0.0,0.0,0.0,2995000,0.0,0.0,0.0,nvlddmkm.sys,func@0x140d8eb40,[Unknown],0x140d8eb40
func@0x140d9b380,0.0,0.0,0.0,0.0,2995000,0.0,0.0,2.000000,nvlddmkm.sys,func@0x140d9b380,[Unknown],0x140d9b380
func@0x140d9dc20,0.0,0.0,0.0,0.0,0,50.0,50.0,,nvlddmkm.sys,func@0x140d9dc20,[Unknown],0x140d9dc20
func@0x140da2760,0.0,0.0,0.0,0.0,2995000,0.0,0.0,0.0,nvlddmkm.sys,func@0x140da2760,[Unknown],0x140da2760
func@0x140da56b0,0.0,0.0,0.0,0.0,2995000,14.3,14.3,0.0,nvlddmkm.sys,func@0x140da56b0,[Unknown],0x140da56b0
func@0x140dadc70,0.0,0.0,0.0,0.0,0,20.0,20.0,0.0,nvlddmkm.sys,func@0x140dadc70,[Unknown],0x140dadc70
func@0x140dc295f,0.0,0.0,0.0,0.0,5990000,30.0,30.0,0.0,nvlddmkm.sys,func@0x140dc295f,[Unknown],0x140dc295f
func@0x140dc8950,0.0,0.0,0.0,0.0,0,100.0,100.0,0.0,nvlddmkm.sys,func@0x140dc8950,[Unknown],0x140dc8950
func@0x140de5520,0.0,0.0,0.0,0.0,2995000,0.0,0.0,4.000000,nvlddmkm.sys,func@0x140de5520,[Unknown],0x140de5520
func@0x140df3140,0.0,0.0,0.0,0.0,0,33.3,33.3,,nvlddmkm.sys,func@0x140df3140,[Unknown],0x140df3140
func@0x140df34f0,0.0,0.0,0.0,0.0,2995000,0.0,0.0,1.000000,nvlddmkm.sys,func@0x140df34f0,[Unknown],0x140df34f0
func@0x140df4da0,0.0,0.0,0.0,0.0,2995000,0.0,0.0,1.000000,nvlddmkm.sys,func@0x140df4da0,[Unknown],0x140df4da0
func@0x140df7cb0,0.0,0.0,0.0,0.0,2995000,0.0,0.0,0.0,nvlddmkm.sys,func@0x140df7cb0,[Unknown],0x140df7cb0
func@0x140e0fb60,0.0,0.0,0.0,0.0,2995000,25.0,25.0,1.000000,nvlddmkm.sys,func@0x140e0fb60,[Unknown],0x140e0fb60
func@0x140e1bf50,0.0,0.0,0.0,0.0,2995000,0.0,0.0,0.0,nvlddmkm.sys,func@0x140e1bf50,[Unknown],0x140e1bf50
func@0x140e1e1f0,0.0,0.0,0.0,0.0,2995000,0.0,0.0,0.0,nvlddmkm.sys,func@0x140e1e1f0,[Unknown],0x140e1e1f0
func@0x140e378a0,0.0,0.0,0.0,0.0,2995000,0.0,0.0,2.000000,nvlddmkm.sys,func@0x140e378a0,[Unknown],0x140e378a0
func@0x180001bb0,0.0,0.0,0.0,0.0,2995000,0.0,0.0,0.0,symcryptk.dll,func@0x180001bb0,[Unknown],0x180001bb0
func@0x1800083e0,0.0,0.0,0.0,0.0,2995000,0.0,0.0,0.0,fltmgr.sys,func@0x1800083e0,[Unknown],0x1800083e0
func@0x18000b520,0.0,0.0,0.0,0.0,5990000,50.0,50.0,1.000000,fltmgr.sys,func@0x18000b520,[Unknown],0x18000b520
func@0x18000bf47,0.0,0.0,0.0,0.0,0,20.0,20.0,,ntdll.dll,func@0x18000bf47,[Unknown],0x18000bf47
func@0x180017715,0.0,0.0,0.0,0.0,0,100.0,100.0,0.0,ntdll.dll,func@0x180017715,[Unknown],0x180017715
func@0x180018090,0.0,0.0,0.0,0.0,0,33.3,33.3,0.0,ntdll.dll,func@0x180018090,[Unknown],0x180018090
func@0x180019e70,0.0,0.0,0.0,0.0,2995000,0.0,0.0,1.000000,ucrtbase.dll,func@0x180019e70,[Unknown],0x180019e70
func@0x1800248c0,0.0,0.0,0.0,0.0,2995000,0.0,0.0,1.000000,fltmgr.sys,func@0x1800248c0,[Unknown],0x1800248c0
func@0x18002c610,0.0,0.0,0.0,0.0,0,100.0,100.0,0.0,msvcrt.dll,func@0x18002c610,[Unknown],0x18002c610
func@0x18002d9a0,0.0,0.0,0.0,0.0,11980000,,,1.250000,cng.sys,func@0x18002d9a0,[Unknown],0x18002d9a0
func@0x18003d500,0.0,0.0,0.0,0.0,5990000,0.0,0.0,1.000000,ntdll.dll,func@0x18003d500,[Unknown],0x18003d500
func@0x18004d2a8,0.0,0.0,0.0,0.0,2995000,,,0.0,msvcp140.dll,func@0x18004d2a8,[Unknown],0x18004d2a8
func@0x18004d460,0.0,0.0,0.0,0.0,2995000,0.0,0.0,0.0,msvcp140.dll,func@0x18004d460,[Unknown],0x18004d460
func@0x18005d880,0.0,0.0,0.0,0.0,2995000,0.0,0.0,0.0,ucrtbase.dll,func@0x18005d880,[Unknown],0x18005d880
func@0x180078e31,0.0,0.0,0.0,0.0,23960000,50.0,50.0,0.0,ntdll.dll,func@0x180078e31,[Unknown],0x180078e31
func@0x1800be370,0.0,0.0,0.0,0.0,2995000,0.0,0.0,0.0,crypt32.dll,func@0x1800be370,[Unknown],0x1800be370
func@0x180128870,0.0,0.0,0.0,0.0,2995000,0.0,0.0,0.0,ntdll.dll,func@0x180128870,[Unknown],0x180128870
func@0x18012c478,0.0,0.0,0.0,0.0,2995000,0.0,0.0,0.0,ntdll.dll,func@0x18012c478,[Unknown],0x18012c478
func@0x18013634c,0.0,0.0,0.0,0.0,2995000,0.0,0.0,0.0,ntdll.dll,func@0x18013634c,[Unknown],0x18013634c
func@0x1c0001000,0.0,0.0,0.0,0.0,2995000,0.0,0.0,0.0,fileinfo.sys,func@0x1c0001000,[Unknown],0x1c0001000
func@0x1c0012a50,0.0,0.0,0.0,0.0,2995000,0.0,0.0,0.0,npfs.sys,func@0x1c0012a50,[Unknown],0x1c0012a50
malloc_base,0.0,0.0,0.0,0.0,0,33.3,33.3,0.0,ucrtbase.dll,malloc_base,[Unknown],0x180010100
memcpy,0.0,0.0,0.0,0.0,0,100.0,100.0,0.0,ucrtbase.dll,memcpy,[Unknown],0x1800edb00
memset,0.0,0.0,0.0,0.0,2995000,0.0,0.0,0.0,ntdll.dll,memset,[Unknown],0x180172030
operator delete,0.0,0.0,0.0,0.0,8985000,100.0,100.0,0.0,frankycpp_v1.5.exe,"operator delete(void *,unsigned __int64)",delete_scalar_size.cpp,0x1405f27e8
operator new,0.0,0.0,0.0,0.0,2995000,0.0,0.0,0.0,frankycpp_v1.5.exe,operator new(unsigned __int64),new_scalar.cpp,0x1405f2370
std::_Deallocate,0.0,0.0,0.0,0.0,5990000,0.0,0.0,0.0,frankycpp_v1.5.exe,std::_Deallocate,xmemory,0x14021851c
std::_Deallocate,0.0,0.0,0.0,0.0,2995000,0.0,0.0,0.0,frankycpp_v1.5.exe,std::_Deallocate,xmemory,0x14021cd05
"std::_Hash<class std::_Umap_traits<unsigned __int64,class book::BookEntry,class std::_Uhash_compare<unsigned __int64,struct std::hash<unsigned __int64>,struct std::equal_to<unsigned __int64> >,class std::allocator<struct std::pair<unsigned __int64 const ,class book::BookEntry> >,0> >::emplace<struct std::pair<unsigned __int64 const ,class book::BookEntry> >",0.0,0.0,0.0,0.0,2995000,25.0,25.0,1.000000,frankycpp_v1.5.exe,"std::_Hash<class std::_Umap_traits<unsigned __int64,class book::BookEntry,class std::_Uhash_compare<unsigned __int64,struct std::hash<unsigned __int64>,struct std::equal_to<unsigned __int64> >,class std::allocator<struct std::pair<unsigned __int64 const ,class book::BookEntry> >,0> >::emplace<struct std::pair<unsigned __int64 const ,class book::BookEntry> >(struct std::pair<unsigned __int64 const ,class book::BookEntry> &&)",xhash,0x140265e60
"std::_Hash<std::_Umap_traits<unsigned __int64,book::BookEntry,std::_Uhash_compare<unsigned __int64,std::hash<unsigned __int64>,std::equal_to<unsigned __int64> >,std::allocator<std::pair<unsigned __int64 const ,book::BookEntry> >,0> >::insert",0.0,0.0,0.0,0.0,2995000,100.0,100.0,1.000000,frankycpp_v1.5.exe,"std::_Hash<std::_Umap_traits<unsigned __int64,book::BookEntry,std::_Uhash_compare<unsigned __int64,std::hash<unsigned __int64>,std::equal_to<unsigned __int64> >,std::allocator<std::pair<unsigned __int64 const ,book::BookEntry> >,0> >::insert",xhash,0x140265400
std::_Hash_representation<unsigned __int64>,0.0,0.0,0.0,0.0,5990000,0.0,0.0,0.0,frankycpp_v1.5.exe,std::_Hash_representation<unsigned __int64>(unsigned __int64 const &),type_traits,0x14025f0a0
"std::_List_node<std::pair<unsigned __int64 const ,book::BookEntry>,void *>::_Freenode",0.0,0.0,0.0,0.0,5990000,0.0,0.0,2.000000,frankycpp_v1.5.exe,"std::_List_node<std::pair<unsigned __int64 const ,book::BookEntry>,void *>::_Freenode",list,0x14021ccf3
"std::_Tree<std::_Tset_traits<boost::archive::detail::basic_iarchive_impl::cobject_type,std::less<boost::archive::detail::basic_iarchive_impl::cobject_type>,std::allocator<boost::archive::detail::basic_iarchive_impl::cobject_type>,0> >::insert",0.0,0.0,0.0,0.0,8985000,,,0.0,frankycpp_v1.5.exe,"std::_Tree<std::_Tset_traits<boost::archive::detail::basic_iarchive_impl::cobject_type,std::less<boost::archive::detail::basic_iarchive_impl::cobject_type>,std::allocator<boost::archive::detail::basic_iarchive_impl::cobject_type>,0> >::insert",xtree,0x140287ac8
std::_Uninitialized_value_construct_n<class std::allocator<class chess::Move> >,0.0,0.0,0.0,0.0,5990000,0.0,0.0,0.0,frankycpp_v1.5.exe,"std::_Uninitialized_value_construct_n<class std::allocator<class chess::Move> >(class chess::Move *,unsigned __int64,class std::allocator<class chess::Move> &)",xmemory,0x140271890
std::_Zero_range<unsigned __int64 *>,0.0,0.0,0.0,0.0,2995000,0.0,0.0,0.0,frankycpp_v1.5.exe,"std::_Zero_range<unsigned __int64 *>(unsigned __int64 * const,unsigned __int64 * const)",xmemory,0x1402719b0
"std::array<chess::Bitboard,64>::operator[]",0.0,0.0,0.0,0.0,8985000,68.6,68.6,0.666667,frankycpp_v1.5.exe,"std::array<chess::Bitboard,64>::operator[]",array,0x140248c5e
"std::array<chess::Bitboard,64>::operator[]",0.0,0.0,0.0,0.0,11980000,0.0,0.0,0.500000,frankycpp_v1.5.exe,"std::array<chess::Bitboard,64>::operator[]",array,0x14023bc6a
"std::array<chess::Move,128>::operator[]",0.0,0.0,0.0,0.0,5990000,33.4,33.4,2.000000,frankycpp_v1.5.exe,"std::array<chess::Move,128>::operator[]",array,0x14020c20c
"std::array<chess::Move,128>::operator[]",0.0,0.0,0.0,0.0,2995000,0.0,0.0,0.0,frankycpp_v1.5.exe,"std::array<chess::Move,128>::operator[]",array,0x1401ffc76
"std::array<chess::Value,25>::operator[]",0.0,0.0,0.0,0.0,20965000,,,0.142857,frankycpp_v1.5.exe,"std::array<chess::Value,25>::operator[]",array,0x140243912
"std::array<chess::Value,25>::operator[]",0.0,0.0,0.0,0.0,5990000,,,0.0,frankycpp_v1.5.exe,"std::array<chess::Value,25>::operator[]",array,0x14024321a
"std::array<int,64>::operator[]",0.0,0.0,0.0,0.0,2995000,33.3,33.3,0.0,frankycpp_v1.5.exe,"std::array<int,64>::operator[]",array,0x1401692a5
"std::array<int,64>::operator[]",0.0,0.0,0.0,0.0,8985000,75.0,75.0,0.666667,frankycpp_v1.5.exe,"std::array<int,64>::operator[]",array,0x14020bf60
"std::array<std::array<chess::Move,128>,128>::operator[]",0.0,0.0,0.0,0.0,2995000,0.0,0.0,1.000000,frankycpp_v1.5.exe,"std::array<std::array<chess::Move,128>,128>::operator[]",array,0x1401ffca2
"std::array<std::array<int,64>,64>::operator[]",0.0,0.0,0.0,0.0,0,100.0,100.0,0.0,frankycpp_v1.5.exe,"std::array<std::array<int,64>,64>::operator[]",array,0x14016929f
"std::basic_filebuf<char,struct std::char_traits<char> >::xsgetn",0.0,0.0,0.0,0.0,23960000,,,1.000000,frankycpp_v1.5.exe,"std::basic_filebuf<char,struct std::char_traits<char> >::xsgetn(char * __ptr64,__int64)",__msvc_filebuf.hpp,0x14011ac80
"std::basic_ios<char,struct std::char_traits<char> >::setstate",0.0,0.0,0.0,0.0,2995000,0.0,0.0,0.0,msvcp140.dll,"std::basic_ios<char,struct std::char_traits<char> >::setstate(int,bool)",[Unknown],0x180008f10
"std::basic_ostream<char,struct std::char_traits<char> >::_Osfx",0.0,0.0,0.0,0.0,2995000,,,0.0,msvcp140.dll,"std::basic_ostream<char,struct std::char_traits<char> >::_Osfx(void)",[Unknown],0x18000b280
"std::basic_ostream<char,struct std::char_traits<char> >::operator<<",0.0,0.0,0.0,0.0,2995000,,,0.0,msvcp140.dll,"std::basic_ostream<char,struct std::char_traits<char> >::operator<<(int)",[Unknown],0x18003d320
"std::basic_streambuf<char,struct std::char_traits<char> >::xsputn",0.0,0.0,0.0,0.0,2995000,0.0,0.0,0.0,msvcp140.dll,"std::basic_streambuf<char,struct std::char_traits<char> >::xsputn(char const * __ptr64,__int64)",[Unknown],0x1800098c0
"std::basic_string<char,std::char_traits<char>,std::allocator<char> >::{dtor}",0.0,0.0,0.0,0.0,2995000,0.0,0.0,0.0,frankycpp_v1.5.exe,"std::basic_string<char,std::char_traits<char>,std::allocator<char> >::{dtor}",xstring,0x14011fa95
"std::basic_stringbuf<char,struct std::char_traits<char>,class std::allocator<char> >::overflow",0.0,0.0,0.0,0.0,2995000,,,0.0,frankycpp_v1.5.exe,"std::basic_stringbuf<char,struct std::char_traits<char>,class std::allocator<char> >::overflow(int)",sstream,0x140168890
std::countr_zero,0.0,0.0,0.0,0.0,8985000,,,0.333333,frankycpp_v1.5.exe,std::countr_zero,bit,0x140242953
std::equal_to<unsigned __int64>::operator(),0.0,0.0,0.0,0.0,0,25.0,25.0,0.0,frankycpp_v1.5.exe,std::equal_to<unsigned __int64>::operator(),xutility,0x140265eb4
std::locale::facet::_Incref,0.0,0.0,0.0,0.0,5990000,,,0.0,msvcp140.dll,std::locale::facet::_Incref(void),[Unknown],0x1800065f0
std::max,0.0,0.0,0.0,0.0,0,21.1,21.1,,frankycpp_v1.5.exe,std::max,utility,0x14020a861
std::min,0.0,0.0,0.0,0.0,2995000,0.0,0.0,0.0,frankycpp_v1.5.exe,std::min,utility,0x14011acf9
"std::num_put<char,class std::ostreambuf_iterator<char,struct std::char_traits<char> > >::_Iput",0.0,0.0,0.0,0.0,2995000,,,0.0,msvcp140.dll,"std::num_put<char,class std::ostreambuf_iterator<char,struct std::char_traits<char> > >::_Iput(class std::ostreambuf_iterator<char,struct std::char_traits<char> >,class std::ios_base & __ptr64,char,char * __ptr64,unsigned __int64)",[Unknown],0x18000e7c0
"std::num_put<char,class std::ostreambuf_iterator<char,struct std::char_traits<char> > >::_Put",0.0,0.0,0.0,0.0,2995000,0.0,0.0,0.0,msvcp140.dll,"std::num_put<char,class std::ostreambuf_iterator<char,struct std::char_traits<char> > >::_Put(class std::ostreambuf_iterator<char,struct std::char_traits<char> >,char const * __ptr64,unsigned __int64)",[Unknown],0x18000f380
"std::num_put<char,class std::ostreambuf_iterator<char,struct std::char_traits<char> > >::do_put",0.0,0.0,0.0,0.0,0,100.0,100.0,0.0,msvcp140.dll,"std::num_put<char,class std::ostreambuf_iterator<char,struct std::char_traits<char> > >::do_put(class std::ostreambuf_iterator<char,struct std::char_traits<char> >,class std::ios_base & __ptr64,char,long)",[Unknown],0x1800103f0
std::operator<<<struct std::char_traits<char> >,0.0,0.0,0.0,0.0,2995000,0.0,0.0,0.0,frankycpp_v1.5.exe,"std::operator<<<struct std::char_traits<char> >(class std::basic_ostream<char,struct std::char_traits<char> > &,char const *)",__msvc_ostream.hpp,0x14015fce0
std::popcount,0.0,0.0,0.0,0.0,0,100.0,100.0,0.0,frankycpp_v1.5.exe,std::popcount,bit,0x140248cfb
std::popcount,0.0,0.0,0.0,0.0,14975000,,,1.000000,frankycpp_v1.5.exe,std::popcount,bit,0x140248d13
std::ranges::_Insertion_sort_common,0.0,0.0,0.0,0.0,0,33.3,33.3,,frankycpp_v1.5.exe,std::ranges::_Insertion_sort_common,algorithm,0x14021d1ba
std::ranges::_Swap::_Cpo::operator(),0.0,0.0,0.0,0.0,5990000,25.0,25.0,0.0,frankycpp_v1.5.exe,std::ranges::_Swap::_Cpo::operator(),concepts,0x140243e07
std::ranges::_Swap::_Cpo::operator(),0.0,0.0,0.0,0.0,5990000,50.0,50.0,1.000000,frankycpp_v1.5.exe,std::ranges::_Swap::_Cpo::operator(),concepts,0x140244a48
std::ranges::_Swap::_Cpo::operator(),0.0,0.0,0.0,0.0,2995000,0.0,0.0,0.0,frankycpp_v1.5.exe,std::ranges::_Swap::_Cpo::operator(),concepts,0x140244a5e
"std::unique_ptr<engine::PawnTT::Entry [0],std::default_delete<engine::PawnTT::Entry [0]> >::operator[]",0.0,0.0,0.0,0.0,5990000,27.9,27.9,1.000000,frankycpp_v1.5.exe,"std::unique_ptr<engine::PawnTT::Entry [0],std::default_delete<engine::PawnTT::Entry [0]> >::operator[]",memory,0x140246e9a
"std::unique_ptr<engine::PawnTT::Entry [0],std::default_delete<engine::PawnTT::Entry [0]> >::operator[]",0.0,0.0,0.0,0.0,2995000,,,0.0,frankycpp_v1.5.exe,"std::unique_ptr<engine::PawnTT::Entry [0],std::default_delete<engine::PawnTT::Entry [0]> >::operator[]",memory,0x140248e86
"std::vector<boost::archive::detail::basic_iarchive_impl::cobject_id,std::allocator<boost::archive::detail::basic_iarchive_impl::cobject_id> >::operator[]",0.0,0.0,0.0,0.0,5990000,100.0,100.0,0.0,frankycpp_v1.5.exe,"std::vector<boost::archive::detail::basic_iarchive_impl::cobject_id,std::allocator<boost::archive::detail::basic_iarchive_impl::cobject_id> >::operator[]",vector,0x1402872c0
"std::vector<chess::Move,std::allocator<chess::Move> >::_Tidy",0.0,0.0,0.0,0.0,5990000,,,0.0,frankycpp_v1.5.exe,"std::vector<chess::Move,std::allocator<chess::Move> >::_Tidy",vector,0x140218509
"std::vector<class chess::Move,class std::allocator<class chess::Move> >::_Change_array",0.0,0.0,0.0,0.0,2995000,0.0,0.0,0.0,frankycpp_v1.5.exe,"std::vector<class chess::Move,class std::allocator<class chess::Move> >::_Change_array(class chess::Move * const,unsigned __int64,unsigned __int64)",vector,0x14025de30
"std::vector<unsigned __int64,class std::allocator<unsigned __int64> >::~vector<unsigned __int64,class std::allocator<unsigned __int64> >",0.0,0.0,0.0,0.0,5990000,0.0,0.0,0.0,frankycpp_v1.5.exe,"std::vector<unsigned __int64,class std::allocator<unsigned __int64> >::~vector<unsigned __int64,class std::allocator<unsigned __int64> >(void)",vector,0x140218490
wcsnicmp,0.0,0.0,0.0,0.0,8985000,0.0,0.0,0.0,ntoskrnl.exe,wcsnicmp,[Unknown],0x1404fe5e0
