Function,CPU Time,CPU Time:Effective Time,CPU Time:Spin Time,CPU Time:Overhead Time,Instructions Retired,Microarchitecture Usage(%),Microarchitecture Usage:Microarchitecture Usage(%),Microarchitecture Usage:CPI Rate,Module,Function (Full),Source File,Start Address
engine::TT::put,15.430976,15.430976,0.0,0.0,18598950000,4.5,4.5,4.375040,frankycpp_v1.8.exe,"engine::TT::put(unsigned __int64,enum chess::Depth,class chess::Move,class chess::Value,enum chess::ValueType,class chess::Value)",TT.cpp,0x14026d390
engine::TT::probe,14.167060,14.167060,0.0,0.0,17556690000,4.3,4.3,4.273627,frankycpp_v1.8.exe,engine::TT::probe(unsigned __int64 const &),TT.cpp,0x14026d5d0
chess::Attacks::`anonymous namespace'::sliderLookup,6.731553,6.731553,0.0,0.0,97864620000,45.0,45.0,0.357847,frankycpp_v1.8.exe,"chess::Attacks::`anonymous namespace'::sliderLookup(const chess::PieceType, const class chess::Square, const class chess::Bitboard)",attacks.cpp,0x14016c950
chess::Attacks::attacks,3.871743,3.871743,0.0,0.0,58459405000,49.0,49.0,0.347661,frankycpp_v1.8.exe,"chess::Attacks::attacks(enum chess::PieceType,class chess::Square,class chess::Bitboard)",attacks.cpp,0x14016c9b0
engine::Evaluator::kingEval,2.572829,2.572829,0.0,0.0,31288765000,36.4,36.4,0.420312,frankycpp_v1.8.exe,"engine::Evaluator::kingEval(class chess::Position const &,struct chess::Score &,class chess::Color)",Evaluator.cpp,0x14026ad90
engine::PawnTT::probe,2.552831,2.552831,0.0,0.0,11974010000,16.4,16.4,1.118059,frankycpp_v1.8.exe,engine::PawnTT::probe(unsigned __int64),PawnTT.cpp,0x140267540
"std::_Atomic_storage<unsigned __int64,8>::load",2.387842,2.387842,0.0,0.0,2884185000,4.2,4.2,4.410177,frankycpp_v1.8.exe,"std::_Atomic_storage<unsigned __int64,8>::load",atomic,0x14026d603
engine::Search::stopConditions,2.381842,2.381842,0.0,0.0,11605625000,16.9,16.9,1.067871,frankycpp_v1.8.exe,engine::Search::stopConditions(void),Search.cpp,0x140225a60
"std::_Atomic_storage<unsigned __int64,8>::store",2.253850,2.253850,0.0,0.0,3078860000,4.3,4.3,3.945525,frankycpp_v1.8.exe,"std::_Atomic_storage<unsigned __int64,8>::store",atomic,0x14026d593
engine::Search::search,2.180855,2.180855,0.0,0.0,28170970000,42.5,42.5,0.397300,frankycpp_v1.8.exe,"engine::Search::search(class chess::Position &,enum chess::Depth,enum chess::Depth,class chess::Value,class chess::Value,enum engine::Search::NodeType,enum engine::Search::Do_Null)",Search.cpp,0x14021f280
engine::PawnTT::prefetch,1.804880,1.804880,0.0,0.0,904490000,1.7,1.7,11.450331,frankycpp_v1.8.exe,engine::PawnTT::prefetch,PawnTT.h,0x1402212e0
engine::Search::qsearch,1.618893,1.618893,0.0,0.0,13354705000,25.7,25.7,0.636690,frankycpp_v1.8.exe,"engine::Search::qsearch(class chess::Position &,enum chess::Depth,class chess::Value,class chess::Value,enum engine::Search::NodeType)",Search.cpp,0x140220ca0
engine::Evaluator::pieceEval,1.600894,1.600894,0.0,0.0,19635220000,42.6,42.6,0.417023,frankycpp_v1.8.exe,"engine::Evaluator::pieceEval(class chess::Position const &,struct chess::Score &,class chess::Color,enum chess::PieceType)",Evaluator.cpp,0x14026a320
chess::MoveGenerator::getNextPseudoLegalMove,1.277915,1.277915,0.0,0.0,16769005000,44.8,44.8,0.388462,frankycpp_v1.8.exe,"chess::MoveGenerator::getNextPseudoLegalMove(class chess::Position const &,enum chess::GenMode,bool)",MoveGenerator.cpp,0x140260df0
chess::MoveGenerator::updateSortValues,1.239918,1.239918,0.0,0.0,14609610000,37.9,37.9,0.435424,frankycpp_v1.8.exe,"chess::MoveGenerator::updateSortValues(class chess::Position const &,class chess::StaticMoveList<256> *)",MoveGenerator.cpp,0x140262e70
"std::ranges::_Insertion_sort_common<chess::Move *,chess::moveValueGreaterComparator,std::identity>",1.194921,1.194921,0.0,0.0,11689485000,26.3,26.3,0.578273,frankycpp_v1.8.exe,"std::ranges::_Insertion_sort_common<chess::Move *,chess::moveValueGreaterComparator,std::identity>(class chess::Move *, class chess::Move *, struct chess::moveValueGreaterComparator, struct std::identity)",algorithm,0x140236d80
chess::Position::givesCheck,1.175922,1.175922,0.0,0.0,16900785000,47.3,47.3,0.344498,frankycpp_v1.8.exe,chess::Position::givesCheck(class chess::Move),Position.cpp,0x14025c510
engine::Evaluator::rookEval,1.135925,1.135925,0.0,0.0,17098455000,49.3,49.3,0.348923,frankycpp_v1.8.exe,"engine::Evaluator::rookEval(class chess::Position const &,struct chess::Score &,class chess::Color,class chess::Color,class chess::Square)",Evaluator.cpp,0x14026a9c0
chess::MoveGenerator::fillOnDemandMoveList,1.126925,1.126925,0.0,0.0,13884820000,37.4,37.4,0.437015,frankycpp_v1.8.exe,"chess::MoveGenerator::fillOnDemandMoveList(class chess::Position const &,enum chess::GenMode,bool)",MoveGenerator.cpp,0x140262b20
engine::Search::thread,1.114926,1.114926,0.0,0.0,7634255000,23.5,23.5,0.778344,frankycpp_v1.8.exe,engine::Search::thread,Search.h,0x1402212c6
chess::MoveGenerator::generateMoves,1.113926,1.113926,0.0,0.0,12977335000,39.9,39.9,0.433418,frankycpp_v1.8.exe,"chess::MoveGenerator::generateMoves(class chess::Position const &,class chess::StaticMoveList<256> *,enum chess::GenMode,bool,class chess::Bitboard)",MoveGenerator.cpp,0x140263ad0
"std::_Atomic_storage<unsigned __int64,8>::store",1.104927,1.104927,0.0,0.0,2168380000,5.4,5.4,2.679558,frankycpp_v1.8.exe,"std::_Atomic_storage<unsigned __int64,8>::store",atomic,0x14026d478
engine::Search::thread,1.048930,1.048930,0.0,0.0,7352725000,25.9,25.9,0.738900,frankycpp_v1.8.exe,engine::Search::thread,Search.h,0x140220604
std::_Checked_x86_x64_countr_zero<unsigned __int64>,0.994934,0.994934,0.0,0.0,17898120000,49.6,49.6,0.333835,frankycpp_v1.8.exe,std::_Checked_x86_x64_countr_zero<unsigned __int64>(unsigned __int64),__msvc_bit_utils.hpp,0x140265580
chess::Position::doMove,0.986935,0.986935,0.0,0.0,10964695000,33.2,33.2,0.499317,frankycpp_v1.8.exe,chess::Position::doMove(class chess::Move),Position.cpp,0x14025b980
engine::Evaluator::coordinationEval,0.927938,0.927938,0.0,0.0,9311455000,32.6,32.6,0.513670,frankycpp_v1.8.exe,"engine::Evaluator::coordinationEval(class chess::Position const &,struct chess::Score &,class chess::Color)",Evaluator.cpp,0x14026b380
engine::Evaluator::evaluate,0.911939,0.911939,0.0,0.0,12342395000,48.1,48.1,0.371026,frankycpp_v1.8.exe,engine::Evaluator::evaluate(class chess::Position const &),Evaluator.cpp,0x140269890
std::_Checked_popcount<unsigned __int64>,0.907940,0.907940,0.0,0.0,12357370000,42.7,42.7,0.403539,frankycpp_v1.8.exe,std::_Checked_popcount<unsigned __int64>(unsigned __int64),__msvc_bit_utils.hpp,0x140241510
engine::Evaluator::threatEval,0.773949,0.773949,0.0,0.0,10668190000,46.6,46.6,0.395845,frankycpp_v1.8.exe,"engine::Evaluator::threatEval(class chess::Position const &,struct chess::Score &,class chess::Color)",Evaluator.cpp,0x14026b1e0
"std::_Atomic_storage<unsigned __int64,8>::load",0.689954,0.689954,0.0,0.0,443260000,2.4,2.4,8.027027,frankycpp_v1.8.exe,"std::_Atomic_storage<unsigned __int64,8>::load",atomic,0x140267581
chess::Position::isAttacked,0.678955,0.678955,0.0,0.0,9302470000,47.1,47.1,0.393110,frankycpp_v1.8.exe,"chess::Position::isAttacked(class chess::Square,class chess::Color)",Position.cpp,0x14025c1e0
engine::Evaluator::pawnEval,0.674955,0.674955,0.0,0.0,4028275000,18.9,18.9,0.928625,frankycpp_v1.8.exe,"engine::Evaluator::pawnEval(class chess::Position const &,struct chess::Score &)",Evaluator.cpp,0x140269e60
chess::Position::removePiece,0.654957,0.654957,0.0,0.0,7772025000,38.9,38.9,0.441233,frankycpp_v1.8.exe,chess::Position::removePiece(class chess::Square),Position.cpp,0x14025d720
chess::Position::putPiece,0.629958,0.629958,0.0,0.0,6849565000,39.9,39.9,0.450809,frankycpp_v1.8.exe,"chess::Position::putPiece(enum chess::Piece,class chess::Square)",Position.cpp,0x14025d610
chess::MoveGenerator::generatePawnMoves,0.622959,0.622959,0.0,0.0,6714790000,34.1,34.1,0.534344,frankycpp_v1.8.exe,"chess::MoveGenerator::generatePawnMoves(class chess::Position const &,class chess::StaticMoveList<256> *,enum chess::GenMode,bool,class chess::Bitboard)",MoveGenerator.cpp,0x1402630a0
engine::See::see,0.549964,0.549964,0.0,0.0,7469530000,46.5,46.5,0.399358,frankycpp_v1.8.exe,"engine::See::see(class chess::Position const &,class chess::Move)",See.cpp,0x14029e620
engine::Evaluator::bishopEval,0.429971,0.429971,0.0,0.0,6388335000,48.8,48.8,0.354430,frankycpp_v1.8.exe,engine::Evaluator::bishopEval,Evaluator.cpp,0x14026a5b8
func@0x1800126c0,0.423972,0.423972,0.0,0.0,8985000,0.8,0.8,258.000000,vcruntime140.dll,func@0x1800126c0,[Unknown],0x1800126c0
std::optional<engine::PawnTT::Entry>::{ctor},0.411973,0.411973,0.0,0.0,512145000,3.8,3.8,4.362573,frankycpp_v1.8.exe,std::optional<engine::PawnTT::Entry>::{ctor},optional,0x1402675a0
engine::Evaluator::knightEval,0.402973,0.402973,0.0,0.0,5190335000,46.0,46.0,0.371610,frankycpp_v1.8.exe,"engine::Evaluator::knightEval(class chess::Position const &,struct chess::Score &,class chess::Color,class chess::Color,class chess::Square)",Evaluator.cpp,0x14026a6d0
engine::PawnTT::Entry::Entry,0.376975,0.376975,0.0,0.0,796670000,6.9,6.9,2.548872,frankycpp_v1.8.exe,engine::PawnTT::Entry::Entry(struct engine::PawnTT::Entry const &),PawnTT.cpp,0x1402665d0
engine::Evaluator::queenEval,0.347977,0.347977,0.0,0.0,5438920000,51.8,51.8,0.328194,frankycpp_v1.8.exe,engine::Evaluator::queenEval,Evaluator.cpp,0x14026a3b9
chess::Position::wasLegalMove,0.344977,0.344977,0.0,0.0,4983680000,48.4,48.4,0.371394,frankycpp_v1.8.exe,chess::Position::wasLegalMove(void),Position.cpp,0x14025c6d0
std::_Unchecked_popcount<unsigned __int64>,0.325978,0.325978,0.0,0.0,3429275000,39.0,39.0,0.452402,frankycpp_v1.8.exe,std::_Unchecked_popcount<unsigned __int64>(unsigned __int64),__msvc_bit_utils.hpp,0x140241500
"std::_Atomic_address_as<__int64,std::_Atomic_padded<unsigned __int64> >",0.304980,0.304980,0.0,0.0,1111145000,12.1,12.1,1.539084,frankycpp_v1.8.exe,"std::_Atomic_address_as<__int64,std::_Atomic_padded<unsigned __int64> >",xatomic.h,0x140268d20
chess::Position::undoMove,0.295980,0.295980,0.0,0.0,3435265000,37.9,37.9,0.413252,frankycpp_v1.8.exe,chess::Position::undoMove(void),Position.cpp,0x14025be60
"std::ranges::_Sort_fn::_Sort_common<chess::Move *,chess::moveValueGreaterComparator,std::identity>",0.288981,0.288981,0.0,0.0,2887180000,29.4,29.4,0.463693,frankycpp_v1.8.exe,"std::ranges::_Sort_fn::_Sort_common<chess::Move *,chess::moveValueGreaterComparator,std::identity>(class chess::Move *, class chess::Move *, __int64, struct chess::moveValueGreaterComparator, struct std::identity)",algorithm,0x1402642e0
chess::moveValueGreaterComparator::operator(),0.284981,0.284981,0.0,0.0,3201655000,33.2,33.2,0.484565,frankycpp_v1.8.exe,chess::moveValueGreaterComparator::operator(),move.h,0x140236da0
chess::Move::encode,0.277982,0.277982,0.0,0.0,2995000000,34.3,34.3,0.502000,frankycpp_v1.8.exe,chess::Move::encode,move.h,0x140263c25
chess::Bitboard::shifted,0.248983,0.248983,0.0,0.0,4390670000,50.8,50.8,0.329468,frankycpp_v1.8.exe,chess::Bitboard::shifted,bitboard.h,0x14026319d
chess::MoveGenerator::generateKingMoves,0.242984,0.242984,0.0,0.0,2650575000,41.3,41.3,0.475706,frankycpp_v1.8.exe,"chess::MoveGenerator::generateKingMoves(class chess::Position const &,class chess::StaticMoveList<256> *,enum chess::GenMode,bool)",MoveGenerator.cpp,0x140263d90
chess::Position::hasCheck,0.240984,0.240984,0.0,0.0,1542425000,18.2,18.2,0.819417,frankycpp_v1.8.exe,chess::Position::hasCheck(void),Position.cpp,0x14025c4c0
engine::See::attacksTo,0.240984,0.240984,0.0,0.0,3498160000,53.4,53.4,0.351884,frankycpp_v1.8.exe,"engine::See::attacksTo(class chess::Position const &,class chess::Square,class chess::Color)",See.cpp,0x14029e990
"std::array<int,64>::operator[]",0.226985,0.226985,0.0,0.0,3297495000,39.7,39.7,0.419619,frankycpp_v1.8.exe,"std::array<int,64>::operator[]",array,0x140262f37
engine::See::revealedAttacks,0.213986,0.213986,0.0,0.0,2638595000,49.9,49.9,0.382520,frankycpp_v1.8.exe,"engine::See::revealedAttacks(class chess::Position const &,class chess::Square,class chess::Bitboard,class chess::Color)",See.cpp,0x14029eae0
"std::array<chess::Bitboard,64>::operator[]",0.187988,0.187988,0.0,0.0,2416965000,49.9,49.9,0.338290,frankycpp_v1.8.exe,"std::array<chess::Bitboard,64>::operator[]",array,0x14016ca40
chess::Bitboard::operator bool,0.186988,0.186988,0.0,0.0,2578695000,37.2,37.2,0.430894,frankycpp_v1.8.exe,chess::Bitboard::operator bool,bitboard.h,0x140263bc4
chess::Bitboard::operator^=,0.173988,0.173988,0.0,0.0,2138430000,38.2,38.2,0.432773,frankycpp_v1.8.exe,chess::Bitboard::operator^=,bitboard.h,0x14025d775
chess::Position::movePiece,0.167989,0.167989,0.0,0.0,2021625000,42.2,42.2,0.434074,frankycpp_v1.8.exe,"chess::Position::movePiece(class chess::Square,class chess::Square)",Position.cpp,0x14025d5e0
chess::operator&,0.164989,0.164989,0.0,0.0,2069545000,36.3,36.3,0.435601,frankycpp_v1.8.exe,chess::operator&,bitboard.h,0x14026b296
"std::array<unsigned __int64,64>::operator[]",0.160989,0.160989,0.0,0.0,2174370000,39.6,39.6,0.444904,frankycpp_v1.8.exe,"std::array<unsigned __int64,64>::operator[]",array,0x14025d762
chess::makePiece,0.153990,0.153990,0.0,0.0,1593340000,32.9,32.9,0.620301,frankycpp_v1.8.exe,chess::makePiece,piece.h,0x14026ae4c
chess::Bitboard::shifted,0.150990,0.150990,0.0,0.0,1584355000,35.7,35.7,0.468809,frankycpp_v1.8.exe,chess::Bitboard::shifted(class chess::Direction),bitboard.h,0x140265360
engine::Search::sendSearchUpdateToUci,0.149990,0.149990,0.0,0.0,305490000,6.4,6.4,2.656863,frankycpp_v1.8.exe,engine::Search::sendSearchUpdateToUci(void),Search.cpp,0x14022aa80
chess::operator*,0.146990,0.146990,0.0,0.0,1638265000,39.4,39.4,0.396709,frankycpp_v1.8.exe,chess::operator*,value.h,0x140269d85
std::_Countr_zero_tzcnt<unsigned __int64>,0.143990,0.143990,0.0,0.0,1713140000,36.4,36.4,0.534965,frankycpp_v1.8.exe,std::_Countr_zero_tzcnt<unsigned __int64>(unsigned __int64),__msvc_bit_utils.hpp,0x140265570
chess::Move::operator==,0.142991,0.142991,0.0,0.0,2147415000,41.2,41.2,0.397490,frankycpp_v1.8.exe,chess::Move::operator==,PVTable.h,0x140262fa6
std::countr_zero,0.142991,0.142991,0.0,0.0,1761060000,41.2,41.2,0.409864,frankycpp_v1.8.exe,std::countr_zero,bit,0x140263b72
chess::operator<,0.141991,0.141991,0.0,0.0,1362725000,35.8,35.8,0.443956,frankycpp_v1.8.exe,chess::operator<,rank.h,0x14026ae34
std::popcount,0.140991,0.140991,0.0,0.0,2189345000,44.0,44.0,0.352941,frankycpp_v1.8.exe,std::popcount,bit,0x14026b2af
chess::Square::{ctor},0.139991,0.139991,0.0,0.0,2491840000,47.8,47.8,0.352163,frankycpp_v1.8.exe,chess::Square::{ctor},square.h,0x14025c545
engine::Search::storeTt,0.126992,0.126992,0.0,0.0,2054570000,50.5,50.5,0.373178,frankycpp_v1.8.exe,"engine::Search::storeTt(class chess::Position const &,enum chess::Depth,enum chess::Depth,class chess::Move,class chess::Value,enum chess::ValueType,class chess::Value)",Search.cpp,0x1402216f0
chess::StaticMoveList<256>::push_back,0.124992,0.124992,0.0,0.0,1248915000,34.6,34.6,0.486811,frankycpp_v1.8.exe,chess::StaticMoveList<256>::push_back,staticmovelist.h,0x140263d06
engine::TT::Entry::{ctor},0.123992,0.123992,0.0,0.0,119800000,4.3,4.3,4.425000,frankycpp_v1.8.exe,engine::TT::Entry::{ctor},TT.h,0x14026d60f
chess::Position::getPiece,0.122992,0.122992,0.0,0.0,1302825000,34.8,34.8,0.563218,frankycpp_v1.8.exe,chess::Position::getPiece,Position.h,0x14026ae45
chess::Move::encode,0.112993,0.112993,0.0,0.0,1215970000,38.1,38.1,0.435961,frankycpp_v1.8.exe,chess::Move::encode,move.h,0x140263cfd
engine::TT::prefetch,0.111993,0.111993,0.0,0.0,1680195000,48.4,48.4,0.326203,frankycpp_v1.8.exe,engine::TT::prefetch,TT.h,0x1402205ee
engine::See::getLeastValuablePiece,0.109993,0.109993,0.0,0.0,1847915000,54.7,54.7,0.303079,frankycpp_v1.8.exe,"engine::See::getLeastValuablePiece(class chess::Position const &,class chess::Bitboard,class chess::Color)",See.cpp,0x14029e910
chess::operator+=,0.096994,0.096994,0.0,0.0,272545000,14.4,14.4,1.450549,frankycpp_v1.8.exe,chess::operator+=,value.h,0x140269ecb
engine::Search::goodCapture,0.096994,0.096994,0.0,0.0,1296835000,41.6,41.6,0.424942,frankycpp_v1.8.exe,"engine::Search::goodCapture(class chess::Position const &,class chess::Move,bool)",Search.cpp,0x1402215b0
chess::Position::getPieceBb,0.094994,0.094994,0.0,0.0,1051245000,32.3,32.3,0.461538,frankycpp_v1.8.exe,chess::Position::getPieceBb,Position.h,0x14026b28b
chess::Bitboard::operator|=,0.092994,0.092994,0.0,0.0,1045255000,45.0,45.0,0.418338,frankycpp_v1.8.exe,chess::Bitboard::operator|=,bitboard.h,0x14025d662
chess::Position::attacksTo,0.091994,0.091994,0.0,0.0,1320795000,52.9,52.9,0.399093,frankycpp_v1.8.exe,"chess::Position::attacksTo(class chess::Square,class chess::Color)",Position.cpp,0x14025c370
"std::array<chess::Value,25>::operator[]",0.091994,0.091994,0.0,0.0,1239930000,41.8,41.8,0.420290,frankycpp_v1.8.exe,"std::array<chess::Value,25>::operator[]",array,0x140263c19
chess::Position::checkRepetitions,0.089994,0.089994,0.0,0.0,179700000,7.7,7.7,2.616667,frankycpp_v1.8.exe,chess::Position::checkRepetitions(int),Position.cpp,0x14025c8d0
"std::unique_ptr<engine::TT::TTCluster [0],std::default_delete<engine::TT::TTCluster [0]> >::operator[]",0.089994,0.089994,0.0,0.0,1398665000,52.5,52.5,0.346895,frankycpp_v1.8.exe,"std::unique_ptr<engine::TT::TTCluster [0],std::default_delete<engine::TT::TTCluster [0]> >::operator[]",memory,0x1402212bb
chess::operator<,0.088994,0.088994,0.0,0.0,1302825000,57.5,57.5,0.312644,frankycpp_v1.8.exe,chess::operator<,value.h,0x14029e7b8
func@0x1400e34a0,0.088994,0.088994,0.0,0.0,0,0.4,0.4,,nvlddmkm.sys,func@0x1400e34a0,[Unknown],0x1400e34a0
chess::typeOf,0.085994,0.085994,0.0,0.0,1198000000,39.2,39.2,0.485000,frankycpp_v1.8.exe,chess::typeOf,piece.h,0x14025d744
chess::Value::{ctor},0.081995,0.081995,0.0,0.0,1012310000,36.8,36.8,0.378698,frankycpp_v1.8.exe,chess::Value::{ctor},value.h,0x14029eb80
chess::Position::getLastMove,0.079995,0.079995,0.0,0.0,1230945000,42.2,42.2,0.401460,frankycpp_v1.8.exe,chess::Position::getLastMove,Position.h,0x140262f70
chess::operator++,0.079995,0.079995,0.0,0.0,943425000,39.5,39.5,0.374603,frankycpp_v1.8.exe,chess::operator++,piecetype.h,0x140263d59
chess::MoveGenerator::resetOnDemand,0.078995,0.078995,0.0,0.0,482195000,24.9,24.9,0.888199,frankycpp_v1.8.exe,chess::MoveGenerator::resetOnDemand,MoveGenerator.h,0x14022109e
chess::operator+,0.074995,0.074995,0.0,0.0,850580000,38.9,38.9,0.503521,frankycpp_v1.8.exe,chess::operator+,value.h,0x140269db1
_security_check_cookie,0.073995,0.073995,0.0,0.0,437270000,21.4,21.4,0.910959,frankycpp_v1.8.exe,_security_check_cookie,amdsecgs.asm,0x140619cf0
std::countr_zero,0.073995,0.073995,0.0,0.0,2297165000,100.0,100.0,0.187744,frankycpp_v1.8.exe,std::countr_zero,bit,0x140269a70
chess::StaticMoveList<256>::push_back,0.070995,0.070995,0.0,0.0,646920000,36.4,36.4,0.486111,frankycpp_v1.8.exe,chess::StaticMoveList<256>::push_back,staticmovelist.h,0x140263c4a
std::countr_zero,0.070995,0.070995,0.0,0.0,682860000,37.7,37.7,0.460526,frankycpp_v1.8.exe,std::countr_zero,bit,0x14026a3b1
std::ranges::_Partition_by_median_guess_common,0.069995,0.069995,0.0,0.0,380365000,14.9,14.9,0.968504,frankycpp_v1.8.exe,std::ranges::_Partition_by_median_guess_common,algorithm,0x14026433f
chess::Position::isCapturingMove,0.068995,0.068995,0.0,0.0,1024290000,45.1,45.1,0.309942,frankycpp_v1.8.exe,chess::Position::isCapturingMove,Position.h,0x140220264
chess::operator~,0.068995,0.068995,0.0,0.0,685855000,39.7,39.7,0.397380,frankycpp_v1.8.exe,chess::operator~,color.h,0x140220264
"std::array<chess::Move,64>::operator[]",0.068995,0.068995,0.0,0.0,1060230000,38.2,38.2,0.420904,frankycpp_v1.8.exe,"std::array<chess::Move,64>::operator[]",array,0x140262fa4
std::countr_zero,0.067995,0.067995,0.0,0.0,2378030000,92.9,92.9,0.130982,frankycpp_v1.8.exe,std::countr_zero,bit,0x140269a30
chess::Attacks::detail::Magic::index,0.066996,0.066996,0.0,0.0,572045000,42.3,42.3,0.345550,frankycpp_v1.8.exe,chess::Attacks::detail::Magic::index,attacks.h,0x14016c985
chess::operator&,0.066996,0.066996,0.0,0.0,1473540000,63.4,63.4,0.276423,frankycpp_v1.8.exe,chess::operator&,bitboard.h,0x14026aa85
chess::operator&,0.065996,0.065996,0.0,0.0,1470545000,71.5,71.5,0.250509,frankycpp_v1.8.exe,chess::operator&,bitboard.h,0x14029ea97
chess::operator&,0.064996,0.064996,0.0,0.0,569050000,28.0,28.0,0.573684,frankycpp_v1.8.exe,chess::operator&,bitboard.h,0x14026b27d
chess::operator|,0.064996,0.064996,0.0,0.0,1102160000,74.1,74.1,0.274457,frankycpp_v1.8.exe,chess::operator|,bitboard.h,0x14029ea8c
engine::Search::checkDrawRepAnd50,0.064996,0.064996,0.0,0.0,41930000,5.4,5.4,6.428571,frankycpp_v1.8.exe,"engine::Search::checkDrawRepAnd50(class chess::Position const &,int)",Search.cpp,0x140225ae0
chess::operator&,0.063996,0.063996,0.0,0.0,943425000,39.4,39.4,0.336508,frankycpp_v1.8.exe,chess::operator&,bitboard.h,0x140220268
chess::Move::stripped,0.062996,0.062996,0.0,0.0,850580000,38.8,38.8,0.411972,frankycpp_v1.8.exe,chess::Move::stripped,move.h,0x140262ec0
chess::Bitboard::operator|=,0.061996,0.061996,0.0,0.0,730780000,40.9,40.9,0.385246,frankycpp_v1.8.exe,chess::Bitboard::operator|=,bitboard.h,0x14026a70b
chess::Bitboard::popLSB,0.061996,0.061996,0.0,0.0,548085000,23.2,23.2,0.737705,frankycpp_v1.8.exe,chess::Bitboard::popLSB,bitboard.h,0x14026b3f0
chess::typeOf,0.061996,0.061996,0.0,0.0,856570000,36.5,36.5,0.465035,frankycpp_v1.8.exe,chess::typeOf,piece.h,0x140263c2e
chess::operator&,0.059996,0.059996,0.0,0.0,853575000,62.1,62.1,0.329825,frankycpp_v1.8.exe,chess::operator&,bitboard.h,0x14025c62a
func@0x140414020,0.058996,0.058996,0.0,0.0,0,0.8,0.8,,ntoskrnl.exe,func@0x140414020,[Unknown],0x140414020
engine::PawnTT::put,0.057996,0.057996,0.0,0.0,80865000,3.6,3.6,3.851852,frankycpp_v1.8.exe,"engine::PawnTT::put(struct engine::PawnTT::Entry *,unsigned __int64,struct chess::Score,class chess::Bitboard,class chess::Bitboard)",PawnTT.cpp,0x140267360
"std::array<int,64>::operator[]",0.057996,0.057996,0.0,0.0,1218965000,,,0.248157,frankycpp_v1.8.exe,"std::array<int,64>::operator[]",array,0x14026a45d
chess::Move::from,0.054996,0.054996,0.0,0.0,967385000,57.0,57.0,0.278638,frankycpp_v1.8.exe,chess::Move::from,move.h,0x14021ffed
chess::MoveGenerator::isPseudoLegal,0.054996,0.054996,0.0,0.0,248585000,14.8,14.8,1.108434,frankycpp_v1.8.exe,"chess::MoveGenerator::isPseudoLegal(class chess::Position const &,class chess::Move)",MoveGenerator.cpp,0x140261080
"std::array<std::array<chess::Move,64>,64>::operator[]",0.054996,0.054996,0.0,0.0,697835000,48.1,48.1,0.420601,frankycpp_v1.8.exe,"std::array<std::array<chess::Move,64>,64>::operator[]",array,0x140262fa0
chess::Position::getPieceBb,0.053996,0.053996,0.0,0.0,613975000,37.8,37.8,0.360976,frankycpp_v1.8.exe,chess::Position::getPieceBb,Position.h,0x140263b40
chess::operator&,0.052996,0.052996,0.0,0.0,910480000,36.8,36.8,0.342105,frankycpp_v1.8.exe,chess::operator&,bitboard.h,0x14026af5f
"std::array<chess::Bitboard,64>::operator[]",0.052996,0.052996,0.0,0.0,542095000,27.2,27.2,0.569061,frankycpp_v1.8.exe,"std::array<chess::Bitboard,64>::operator[]",array,0x14025c1ff
chess::operator<<,0.051997,0.051997,0.0,0.0,898500000,42.3,42.3,0.270000,frankycpp_v1.8.exe,chess::operator<<,bitboard.h,0x14026af5a
"std::_Atomic_reinterpret_as<__int64,unsigned __int64>",0.051997,0.051997,0.0,0.0,260565000,8.1,8.1,1.103448,frankycpp_v1.8.exe,"std::_Atomic_reinterpret_as<__int64,unsigned __int64>(unsigned __int64 const & __ptr64)",atomic,0x140268c00
chess::Value::isCheckMate,0.049997,0.049997,0.0,0.0,631945000,47.6,47.6,0.412322,frankycpp_v1.8.exe,chess::Value::isCheckMate,value.h,0x140221754
chess::operator&,0.049997,0.049997,0.0,0.0,599000000,30.8,30.8,0.410000,frankycpp_v1.8.exe,chess::operator&,bitboard.h,0x14026b116
chess::Bitboard::operator bool,0.048997,0.048997,0.0,0.0,1021295000,53.5,53.5,0.310850,frankycpp_v1.8.exe,chess::Bitboard::operator bool,bitboard.h,0x140263b55
chess::Bitboard::operator|=,0.048997,0.048997,0.0,0.0,631945000,41.1,41.1,0.459716,frankycpp_v1.8.exe,chess::Bitboard::operator|=,bitboard.h,0x14025d656
chess::Value::operator int,0.048997,0.048997,0.0,0.0,515140000,33.7,33.7,0.459302,frankycpp_v1.8.exe,chess::Value::operator int,value.h,0x14025d7f9
chess::operator&,0.048997,0.048997,0.0,0.0,667885000,61.7,61.7,0.475336,frankycpp_v1.8.exe,chess::operator&,bitboard.h,0x14025c22c
chess::typeOf,0.048997,0.048997,0.0,0.0,646920000,,,0.263889,frankycpp_v1.8.exe,chess::typeOf,piece.h,0x14022121b
engine::Search::thread,0.048997,0.048997,0.0,0.0,50915000,4.1,4.1,4.529412,frankycpp_v1.8.exe,engine::Search::thread,Search.h,0x140220e4f
engine::TT::prefetch,0.048997,0.048997,0.0,0.0,467220000,32.7,32.7,0.557692,frankycpp_v1.8.exe,engine::TT::prefetch,TT.h,0x1402212b3
std::min,0.048997,0.048997,0.0,0.0,533110000,36.8,36.8,0.432584,frankycpp_v1.8.exe,std::min,utility,0x14026b0c1
chess::Bitboard::popLSB,0.047997,0.047997,0.0,0.0,937435000,40.3,40.3,0.303514,frankycpp_v1.8.exe,chess::Bitboard::popLSB,bitboard.h,0x14026aee0
chess::Position::getPieceBb,0.047997,0.047997,0.0,0.0,410315000,33.1,33.1,0.591241,frankycpp_v1.8.exe,chess::Position::getPieceBb,Position.h,0x14026adcb
chess::operator&,0.047997,0.047997,0.0,0.0,449250000,36.5,36.5,0.573333,frankycpp_v1.8.exe,chess::operator&,bitboard.h,0x14026b4b8
engine::Search::evaluate,0.047997,0.047997,0.0,0.0,601995000,42.0,42.0,0.303483,frankycpp_v1.8.exe,engine::Search::evaluate,Search.cpp,0x140220fc7
engine::Search::thread,0.047997,0.047997,0.0,0.0,239600000,17.6,17.6,1.137500,frankycpp_v1.8.exe,engine::Search::thread,Search.h,0x140221095
chess::Bitboard::operator|=,0.046997,0.046997,0.0,0.0,823625000,69.9,69.9,0.298182,frankycpp_v1.8.exe,chess::Bitboard::operator|=,bitboard.h,0x14026a5db
std::countr_zero,0.046997,0.046997,0.0,0.0,721795000,33.8,33.8,0.319502,frankycpp_v1.8.exe,std::countr_zero,bit,0x14026aee0
chess::Bitboard::operator bool,0.045997,0.045997,0.0,0.0,521130000,34.3,34.3,0.362069,frankycpp_v1.8.exe,chess::Bitboard::operator bool,bitboard.h,0x140263cb9
chess::Color::sign,0.045997,0.045997,0.0,0.0,889515000,43.6,43.6,0.353535,frankycpp_v1.8.exe,chess::Color::sign,color.h,0x140263258
chess::operator&,0.045997,0.045997,0.0,0.0,470215000,33.3,33.3,0.464968,frankycpp_v1.8.exe,chess::operator&,bitboard.h,0x14026b14d
chess::operator|,0.044997,0.044997,0.0,0.0,560065000,43.9,43.9,0.486631,frankycpp_v1.8.exe,chess::operator|,bitboard.h,0x14026b215
chess::operator~,0.044997,0.044997,0.0,0.0,709815000,43.7,43.7,0.375527,frankycpp_v1.8.exe,chess::operator~,color.h,0x14025bdcb
chess::Bitboard::popLSB,0.043997,0.043997,0.0,0.0,727785000,41.1,41.1,0.308642,frankycpp_v1.8.exe,chess::Bitboard::popLSB,bitboard.h,0x140263b72
chess::Position::getPieceBb,0.043997,0.043997,0.0,0.0,248585000,19.2,19.2,0.843373,frankycpp_v1.8.exe,chess::Position::getPieceBb,Position.h,0x1402630d1
chess::operator&,0.043997,0.043997,0.0,0.0,757735000,46.8,46.8,0.383399,frankycpp_v1.8.exe,chess::operator&,bitboard.h,0x14025c641
chess::operator&,0.043997,0.043997,0.0,0.0,500165000,45.7,45.7,0.407186,frankycpp_v1.8.exe,chess::operator&,bitboard.h,0x14025c29b
engine::Search::valueToTt,0.043997,0.043997,0.0,0.0,584025000,47.2,47.2,0.348718,frankycpp_v1.8.exe,"engine::Search::valueToTt(class chess::Value,enum chess::Depth)",Search.cpp,0x140221750
std::atomic<bool>::operator bool,0.043997,0.043997,0.0,0.0,452245000,31.2,31.2,0.403974,frankycpp_v1.8.exe,std::atomic<bool>::operator bool,atomic,0x140225a64
chess::Move::operator==,0.042997,0.042997,0.0,0.0,1102160000,51.9,51.9,0.260870,frankycpp_v1.8.exe,chess::Move::operator==,PVTable.h,0x14021ffdb
chess::operator*,0.042997,0.042997,0.0,0.0,260565000,50.6,50.6,0.804598,frankycpp_v1.8.exe,chess::operator*,value.h,0x140269dc7
std::popcount,0.042997,0.042997,0.0,0.0,419300000,40.1,40.1,0.557143,frankycpp_v1.8.exe,std::popcount,bit,0x14026b247
std::ranges::_Sort_fn::operator(),0.042997,0.042997,0.0,0.0,464225000,30.7,30.7,0.374194,frankycpp_v1.8.exe,std::ranges::_Sort_fn::operator(),algorithm,0x140262dee
chess::Bitboard::operator|=,0.041997,0.041997,0.0,0.0,599000000,48.9,48.9,0.360000,frankycpp_v1.8.exe,chess::Bitboard::operator|=,bitboard.h,0x14026aa11
chess::operator|,0.041997,0.041997,0.0,0.0,575040000,37.2,37.2,0.432292,frankycpp_v1.8.exe,chess::operator|,bitboard.h,0x14029eb03
"std::array<chess::Bitboard,64>::operator[]",0.041997,0.041997,0.0,0.0,676870000,49.3,49.3,0.327434,frankycpp_v1.8.exe,"std::array<chess::Bitboard,64>::operator[]",array,0x14026a6ee
chess::Value::operator int,0.040997,0.040997,0.0,0.0,431280000,45.5,45.5,0.500000,frankycpp_v1.8.exe,chess::Value::operator int,value.h,0x14025d6e6
chess::operator&,0.040997,0.040997,0.0,0.0,622960000,45.6,45.6,0.466346,frankycpp_v1.8.exe,chess::operator&,bitboard.h,0x14025c27c
chess::operator-,0.040997,0.040997,0.0,0.0,521130000,49.2,49.2,0.385057,frankycpp_v1.8.exe,chess::operator-,depth.h,0x14022000a
chess::Position::getPieceBb,0.039997,0.039997,0.0,0.0,395340000,36.0,36.0,0.500000,frankycpp_v1.8.exe,chess::Position::getPieceBb,Position.h,0x14026b12f
chess::operator+=,0.039997,0.039997,0.0,0.0,416305000,37.3,37.3,0.474820,frankycpp_v1.8.exe,chess::operator+=,value.h,0x14026b1a5
chess::MoveGenerator::getEvasionTargets,0.038997,0.038997,0.0,0.0,530115000,52.9,52.9,0.282486,frankycpp_v1.8.exe,chess::MoveGenerator::getEvasionTargets(class chess::Position const &),MoveGenerator.cpp,0x140263010
chess::StaticMoveList<256>::push_back,0.038997,0.038997,0.0,0.0,419300000,38.0,38.0,0.342857,frankycpp_v1.8.exe,chess::StaticMoveList<256>::push_back,staticmovelist.h,0x140263446
std::popcount,0.038997,0.038997,0.0,0.0,706820000,,,0.283898,frankycpp_v1.8.exe,std::popcount,bit,0x14026a55d
chess::Position::getPieceBb,0.037997,0.037997,0.0,0.0,404325000,35.1,35.1,0.577778,frankycpp_v1.8.exe,chess::Position::getPieceBb,Position.h,0x14026a337
chess::operator&,0.037997,0.037997,0.0,0.0,572045000,76.7,76.7,0.293194,frankycpp_v1.8.exe,chess::operator&,bitboard.h,0x14029eb33
chess::Bitboard::operator|=,0.036998,0.036998,0.0,0.0,425290000,32.1,32.1,0.570423,frankycpp_v1.8.exe,chess::Bitboard::operator|=,bitboard.h,0x14026a5e5
chess::Position::clearEnPassant,0.036998,0.036998,0.0,0.0,482195000,40.1,40.1,0.565217,frankycpp_v1.8.exe,chess::Position::clearEnPassant,Position.cpp,0x14025bd1c
chess::operator&,0.036998,0.036998,0.0,0.0,341430000,80.1,80.1,0.333333,frankycpp_v1.8.exe,chess::operator&,bitboard.h,0x140263bb5
chess::operator&,0.036998,0.036998,0.0,0.0,721795000,32.9,32.9,0.244813,frankycpp_v1.8.exe,chess::operator&,bitboard.h,0x14025c2b7
chess::operator*,0.036998,0.036998,0.0,0.0,461230000,44.9,44.9,0.474026,frankycpp_v1.8.exe,chess::operator*,value.h,0x140269d8d
chess::operator+,0.036998,0.036998,0.0,0.0,419300000,31.9,31.9,0.392857,frankycpp_v1.8.exe,chess::operator+,direction.h,0x140263199
chess::Bitboard::{ctor},0.035998,0.035998,0.0,0.0,679865000,47.6,47.6,0.198238,frankycpp_v1.8.exe,chess::Bitboard::{ctor},bitboard.h,0x14029eb47
chess::Move::to,0.035998,0.035998,0.0,0.0,518135000,46.8,46.8,0.416185,frankycpp_v1.8.exe,chess::Move::to,move.h,0x140220273
chess::operator&,0.035998,0.035998,0.0,0.0,533110000,37.7,37.7,0.297753,frankycpp_v1.8.exe,chess::operator&,bitboard.h,0x14026ab03
chess::Bitboard::operator bool,0.034998,0.034998,0.0,0.0,368385000,32.8,32.8,0.577236,frankycpp_v1.8.exe,chess::Bitboard::operator bool,bitboard.h,0x14026b45c
chess::operator|,0.034998,0.034998,0.0,0.0,554075000,54.2,54.2,0.297297,frankycpp_v1.8.exe,chess::operator|,bitboard.h,0x14029eb16
chess::typeOf,0.034998,0.034998,0.0,0.0,326455000,28.2,28.2,0.440367,frankycpp_v1.8.exe,chess::typeOf,piece.h,0x140263c13
func@0x1406ac320,0.034998,0.034998,0.0,0.0,59900000,10.7,10.7,2.900000,ntoskrnl.exe,func@0x1406ac320,[Unknown],0x1406ac320
std::atomic<unsigned __int64>::{ctor},0.034998,0.034998,0.0,0.0,20965000,6.0,6.0,7.142857,frankycpp_v1.8.exe,std::atomic<unsigned __int64>::{ctor},atomic,0x14026d60f
std::popcount,0.034998,0.034998,0.0,0.0,509150000,,,0.364706,frankycpp_v1.8.exe,std::popcount,bit,0x14026a72d
chess::operator&,0.033998,0.033998,0.0,0.0,350415000,25.4,25.4,0.376068,frankycpp_v1.8.exe,chess::operator&,bitboard.h,0x14026b482
std::atomic<bool>::operator bool,0.033998,0.033998,0.0,0.0,74875000,8.4,8.4,2.640000,frankycpp_v1.8.exe,std::atomic<bool>::operator bool,atomic,0x140225acb
chess::colorOf,0.032998,0.032998,0.0,0.0,290515000,31.3,31.3,0.432990,frankycpp_v1.8.exe,chess::colorOf,piece.h,0x14025d749
chess::typeOf,0.032998,0.032998,0.0,0.0,374375000,44.6,44.6,0.464000,frankycpp_v1.8.exe,chess::typeOf,piece.h,0x14025c54f
chess::Bitboard::operator bool,0.031998,0.031998,0.0,0.0,377370000,33.3,33.3,0.373016,frankycpp_v1.8.exe,chess::Bitboard::operator bool,bitboard.h,0x140263ec0
chess::operator&,0.031998,0.031998,0.0,0.0,215640000,,,0.875000,frankycpp_v1.8.exe,chess::operator&,bitboard.h,0x14026b444
chess::operator&,0.031998,0.031998,0.0,0.0,850580000,54.9,54.9,0.313380,frankycpp_v1.8.exe,chess::operator&,bitboard.h,0x14025c688
chess::operator|,0.031998,0.031998,0.0,0.0,356405000,36.1,36.1,0.521008,frankycpp_v1.8.exe,chess::operator|,bitboard.h,0x14029ea27
"std::_Atomic_address_as<__int64,std::_Atomic_padded<unsigned __int64> >",0.031998,0.031998,0.0,0.0,230615000,9.0,9.0,1.012987,frankycpp_v1.8.exe,"std::_Atomic_address_as<__int64,std::_Atomic_padded<unsigned __int64> >",xatomic.h,0x140268c10
"std::_Atomic_storage<unsigned __int64,8>::store",0.031998,0.031998,0.0,0.0,74875000,4.1,4.1,2.280000,frankycpp_v1.8.exe,"std::_Atomic_storage<unsigned __int64,8>::store",atomic,0x14026d4f6
chess::Value::operator int,0.030998,0.030998,0.0,0.0,449250000,39.4,39.4,0.393333,frankycpp_v1.8.exe,chess::Value::operator int,value.h,0x14025d7e6
func@0x1406b239f,0.030998,0.030998,0.0,0.0,8985000,4.8,4.8,12.666667,ntoskrnl.exe,func@0x1406b239f,[Unknown],0x1406b239f
"std::_Atomic_address_as<char,struct std::_Atomic_padded<bool> >",0.030998,0.030998,0.0,0.0,170715000,11.9,11.9,1.140351,frankycpp_v1.8.exe,"std::_Atomic_address_as<char,struct std::_Atomic_padded<bool> >(struct std::_Atomic_padded<bool> const &)",xatomic.h,0x140160710
chess::Bitboard::operator bool,0.029998,0.029998,0.0,0.0,524125000,58.7,58.7,0.325714,frankycpp_v1.8.exe,chess::Bitboard::operator bool,bitboard.h,0x14026af1d
chess::Move::operator==,0.029998,0.029998,0.0,0.0,320465000,38.8,38.8,0.364486,frankycpp_v1.8.exe,chess::Move::operator==,PVTable.h,0x140262f08
chess::Position::checkInsufficientMaterial,0.029998,0.029998,0.0,0.0,518135000,70.1,70.1,0.248555,frankycpp_v1.8.exe,chess::Position::checkInsufficientMaterial(void),Position.cpp,0x14025c9a0
chess::operator~,0.029998,0.029998,0.0,0.0,308485000,29.3,29.3,0.466019,frankycpp_v1.8.exe,chess::operator~,color.h,0x14026adbf
func@0x1406b1283,0.029998,0.029998,0.0,0.0,5990000,9.8,9.8,21.500000,ntoskrnl.exe,func@0x1406b1283,[Unknown],0x1406b1283
"std::array<chess::Value,32>::operator[]",0.029998,0.029998,0.0,0.0,458235000,37.8,37.8,0.372549,frankycpp_v1.8.exe,"std::array<chess::Value,32>::operator[]",array,0x14029e788
std::atomic<unsigned __int64>::{ctor},0.029998,0.029998,0.0,0.0,176705000,28.2,28.2,0.644068,frankycpp_v1.8.exe,std::atomic<unsigned __int64>::{ctor},atomic,0x1402665df
chess::Move::from,0.028998,0.028998,0.0,0.0,317470000,42.1,42.1,0.433962,frankycpp_v1.8.exe,chess::Move::from,move.h,0x14025bfff
chess::operator&,0.028998,0.028998,0.0,0.0,784690000,77.9,77.9,0.236641,frankycpp_v1.8.exe,chess::operator&,bitboard.h,0x14025c66f
engine::Search::thread,0.028998,0.028998,0.0,0.0,173710000,18.7,18.7,0.879310,frankycpp_v1.8.exe,engine::Search::thread,Search.h,0x14021f2aa
"std::_Atomic_storage<unsigned __int64,8>::load",0.028998,0.028998,0.0,0.0,431280000,38.6,38.6,0.541667,frankycpp_v1.8.exe,"std::_Atomic_storage<unsigned __int64,8>::load",atomic,0x14026d3e0
chess::Bitboard::popLSB,0.027998,0.027998,0.0,0.0,790680000,62.1,62.1,0.219697,frankycpp_v1.8.exe,chess::Bitboard::popLSB,bitboard.h,0x14026a5b0
chess::Direction::operator int,0.027998,0.027998,0.0,0.0,434275000,42.4,42.4,0.379310,frankycpp_v1.8.exe,chess::Direction::operator int,direction.h,0x140265360
chess::MoveGenerator::resetOnDemand,0.027998,0.027998,0.0,0.0,434275000,58.0,58.0,0.255172,frankycpp_v1.8.exe,chess::MoveGenerator::resetOnDemand,MoveGenerator.h,0x14021ff2e
chess::Value::isCheckMate,0.027998,0.027998,0.0,0.0,83860000,10.8,10.8,1.142857,frankycpp_v1.8.exe,chess::Value::isCheckMate,value.h,0x140221794
chess::colorOf,0.027998,0.027998,0.0,0.0,284525000,49.2,49.2,0.252632,frankycpp_v1.8.exe,chess::colorOf,piece.h,0x14025d622
chess::operator|,0.027998,0.027998,0.0,0.0,296505000,44.1,44.1,0.373737,frankycpp_v1.8.exe,chess::operator|,bitboard.h,0x14029ea08
func@0x140cbc720,0.027998,0.027998,0.0,0.0,0,0.0,0.0,,nvlddmkm.sys,func@0x140cbc720,[Unknown],0x140cbc720
"std::array<chess::Value,25>::operator[]",0.027998,0.027998,0.0,0.0,344425000,32.5,32.5,0.443478,frankycpp_v1.8.exe,"std::array<chess::Value,25>::operator[]",array,0x140263cf2
chess::Bitboard::popLSB,0.026998,0.026998,0.0,0.0,164725000,20.0,20.0,0.781818,frankycpp_v1.8.exe,chess::Bitboard::popLSB,bitboard.h,0x14026b412
chess::operator&,0.026998,0.026998,0.0,0.0,715805000,67.8,67.8,0.209205,frankycpp_v1.8.exe,chess::operator&,bitboard.h,0x14029e92a
func@0x140255da0,0.026998,0.026998,0.0,0.0,5990000,1.4,1.4,24.500000,ntoskrnl.exe,func@0x140255da0,[Unknown],0x140255da0
std::popcount,0.026998,0.026998,0.0,0.0,317470000,35.7,35.7,0.556604,frankycpp_v1.8.exe,std::popcount,bit,0x14026b4b0
chess::Bitboard::operator~,0.025998,0.025998,0.0,0.0,146755000,35.1,35.1,0.795918,frankycpp_v1.8.exe,chess::Bitboard::operator~,bitboard.h,0x1402633b2
chess::Position::getLastMove,0.025998,0.025998,0.0,0.0,467220000,50.3,50.3,0.397436,frankycpp_v1.8.exe,chess::Position::getLastMove,Position.h,0x140262f7b
chess::Square::file,0.025998,0.025998,0.0,0.0,293510000,34.4,34.4,0.357143,frankycpp_v1.8.exe,chess::Square::file,square.h,0x14026ae06
chess::StaticMoveList<256>::push_back,0.025998,0.025998,0.0,0.0,257570000,40.8,40.8,0.476744,frankycpp_v1.8.exe,chess::StaticMoveList<256>::push_back,staticmovelist.h,0x140263f9a
chess::Value::operator int,0.025998,0.025998,0.0,0.0,329450000,39.1,39.1,0.527273,frankycpp_v1.8.exe,chess::Value::operator int,value.h,0x14025d6f6
chess::typeOf,0.025998,0.025998,0.0,0.0,338435000,31.4,31.4,0.442478,frankycpp_v1.8.exe,chess::typeOf,piece.h,0x14025bd51
chess::Bitboard::operator bool,0.024998,0.024998,0.0,0.0,398335000,41.6,41.6,0.270677,frankycpp_v1.8.exe,chess::Bitboard::operator bool,bitboard.h,0x1402636e1
chess::Value::{ctor},0.024998,0.024998,0.0,0.0,254575000,55.7,55.7,0.282353,frankycpp_v1.8.exe,chess::Value::{ctor},value.h,0x14029e7a5
chess::operator&,0.024998,0.024998,0.0,0.0,410315000,54.9,54.9,0.284672,frankycpp_v1.8.exe,chess::operator&,bitboard.h,0x14026af65
chess::operator&,0.024998,0.024998,0.0,0.0,425290000,44.4,44.4,0.359155,frankycpp_v1.8.exe,chess::operator&,bitboard.h,0x14026b4aa
chess::operator|,0.024998,0.024998,0.0,0.0,257570000,,,0.616279,frankycpp_v1.8.exe,chess::operator|,bitboard.h,0x14026b436
std::popcount,0.024998,0.024998,0.0,0.0,374375000,31.6,31.6,0.448000,frankycpp_v1.8.exe,std::popcount,bit,0x14026b498
chess::Bitboard::operator|=,0.023998,0.023998,0.0,0.0,766720000,60.5,60.5,0.285156,frankycpp_v1.8.exe,chess::Bitboard::operator|=,bitboard.h,0x140269a78
chess::Direction::pawnPush,0.023998,0.023998,0.0,0.0,326455000,44.0,44.0,0.321101,frankycpp_v1.8.exe,chess::Direction::pawnPush,direction.h,0x1402633ca
chess::Move::operator==,0.023998,0.023998,0.0,0.0,200665000,51.7,51.7,0.432836,frankycpp_v1.8.exe,chess::Move::operator==,PVTable.h,0x140262ee9
chess::Position::getKingSquare,0.023998,0.023998,0.0,0.0,299500000,34.6,34.6,0.450000,frankycpp_v1.8.exe,chess::Position::getKingSquare,Position.h,0x14026abd8
chess::Position::getPieceBb,0.023998,0.023998,0.0,0.0,230615000,28.5,28.5,0.506494,frankycpp_v1.8.exe,chess::Position::getPieceBb,Position.h,0x14026b471
chess::Position::getPieceBb,0.023998,0.023998,0.0,0.0,290515000,65.1,65.1,0.350515,frankycpp_v1.8.exe,chess::Position::getPieceBb,Position.h,0x14029e95a
chess::Value::operator int,0.023998,0.023998,0.0,0.0,281530000,49.6,49.6,0.351064,frankycpp_v1.8.exe,chess::Value::operator int,value.h,0x14025d6be
chess::operator&,0.023998,0.023998,0.0,0.0,275540000,51.2,51.2,0.434783,frankycpp_v1.8.exe,chess::operator&,bitboard.h,0x140263265
chess::operator+,0.023998,0.023998,0.0,0.0,284525000,37.0,37.0,0.442105,frankycpp_v1.8.exe,chess::operator+,depth.h,0x140220207
chess::operator+,0.023998,0.023998,0.0,0.0,266555000,53.9,53.9,0.213483,frankycpp_v1.8.exe,chess::operator+,value.h,0x140220311
"std::array<unsigned __int64,64>::operator[]",0.023998,0.023998,0.0,0.0,263560000,19.5,19.5,0.500000,frankycpp_v1.8.exe,"std::array<unsigned __int64,64>::operator[]",array,0x14025d67a
"std::unique_ptr<engine::PawnTT::Entry [0],std::default_delete<engine::PawnTT::Entry [0]> >::operator[]",0.023998,0.023998,0.0,0.0,8985000,1.9,1.9,20.000000,frankycpp_v1.8.exe,"std::unique_ptr<engine::PawnTT::Entry [0],std::default_delete<engine::PawnTT::Entry [0]> >::operator[]",memory,0x1402212e9
chess::operator-,0.022998,0.022998,0.0,0.0,137770000,45.3,45.3,0.630435,frankycpp_v1.8.exe,chess::operator-,value.h,0x140221375
chess::operator<,0.022998,0.022998,0.0,0.0,374375000,30.7,30.7,0.344000,frankycpp_v1.8.exe,chess::operator<,file.h,0x14026af4a
chess::operator~,0.022998,0.022998,0.0,0.0,485190000,60.0,60.0,0.209877,frankycpp_v1.8.exe,chess::operator~,color.h,0x14026a78c
chess::Position::getPieceBb,0.021999,0.021999,0.0,0.0,236605000,37.5,37.5,0.417722,frankycpp_v1.8.exe,chess::Position::getPieceBb,Position.h,0x14026b48d
chess::StaticMoveList<256>::empty,0.021999,0.021999,0.0,0.0,263560000,44.5,44.5,0.443182,frankycpp_v1.8.exe,chess::StaticMoveList<256>::empty,staticmovelist.h,0x140262de2
chess::operator~,0.021999,0.021999,0.0,0.0,530115000,83.4,83.4,0.175141,frankycpp_v1.8.exe,chess::operator~,color.h,0x14026a65f
std::countr_zero,0.021999,0.021999,0.0,0.0,215640000,23.5,23.5,0.680556,frankycpp_v1.8.exe,std::countr_zero,bit,0x14026b3f5
chess::Bitboard::popLSB,0.020999,0.020999,0.0,0.0,323460000,31.6,31.6,0.388889,frankycpp_v1.8.exe,chess::Bitboard::popLSB,bitboard.h,0x14026a6a0
chess::CastlingRights::operator-=,0.020999,0.020999,0.0,0.0,314475000,36.0,36.0,0.285714,frankycpp_v1.8.exe,chess::CastlingRights::operator-=,castlingrights.h,0x14025bcff
chess::Move::stripped,0.020999,0.020999,0.0,0.0,227620000,35.5,35.5,0.671053,frankycpp_v1.8.exe,chess::Move::stripped,move.h,0x140260f22
chess::Square::pawnPush,0.020999,0.020999,0.0,0.0,248585000,43.0,43.0,0.397590,frankycpp_v1.8.exe,chess::Square::pawnPush,square.h,0x14025bd75
chess::operator-,0.020999,0.020999,0.0,0.0,344425000,47.1,47.1,0.400000,frankycpp_v1.8.exe,chess::operator-,value.h,0x14029e8cd
chess::operator<,0.020999,0.020999,0.0,0.0,245590000,34.9,34.9,0.390244,frankycpp_v1.8.exe,chess::operator<,file.h,0x14026ae20
engine::Search::search::__l2::<lambda_1>::operator(),0.020999,0.020999,0.0,0.0,416305000,43.8,43.8,0.366906,frankycpp_v1.8.exe,engine::Search::search::__l2::<lambda_1>::operator(),Search.cpp,0x14021f973
"std::array<chess::HistoryState,1024>::operator[]",0.020999,0.020999,0.0,0.0,224625000,31.3,31.3,0.533333,frankycpp_v1.8.exe,"std::array<chess::HistoryState,1024>::operator[]",array,0x14025be9a
chess::Bitboard::operator^=,0.019999,0.019999,0.0,0.0,242595000,42.3,42.3,0.419753,frankycpp_v1.8.exe,chess::Bitboard::operator^=,bitboard.h,0x14025d769
chess::Bitboard::operator|=,0.019999,0.019999,0.0,0.0,482195000,39.3,39.3,0.403727,frankycpp_v1.8.exe,chess::Bitboard::operator|=,bitboard.h,0x14026aa1e
chess::Bitboard::popLSB,0.019999,0.019999,0.0,0.0,158735000,43.4,43.4,0.811321,frankycpp_v1.8.exe,chess::Bitboard::popLSB,bitboard.h,0x14026a1d4
chess::StaticMoveList<256>::empty,0.019999,0.019999,0.0,0.0,173710000,43.1,43.1,0.344828,frankycpp_v1.8.exe,chess::StaticMoveList<256>::empty,staticmovelist.h,0x140260ed3
chess::operator&,0.019999,0.019999,0.0,0.0,269550000,52.4,52.4,0.488889,frankycpp_v1.8.exe,chess::operator&,bitboard.h,0x14026aa36
chess::operator&,0.019999,0.019999,0.0,0.0,344425000,49.3,49.3,0.182609,frankycpp_v1.8.exe,chess::operator&,bitboard.h,0x14025c46d
chess::operator&,0.019999,0.019999,0.0,0.0,380365000,40.5,40.5,0.385827,frankycpp_v1.8.exe,chess::operator&,bitboard.h,0x14026abde
"std::array<chess::Value,25>::operator[]",0.019999,0.019999,0.0,0.0,287520000,33.1,33.1,0.375000,frankycpp_v1.8.exe,"std::array<chess::Value,25>::operator[]",array,0x14026340a
std::countr_zero,0.019999,0.019999,0.0,0.0,215640000,25.0,25.0,0.583333,frankycpp_v1.8.exe,std::countr_zero,bit,0x140263de4
std::popcount,0.019999,0.019999,0.0,0.0,68885000,15.6,15.6,1.521739,frankycpp_v1.8.exe,std::popcount,bit,0x14026b3cb
chess::Bitboard::operator~,0.018999,0.018999,0.0,0.0,164725000,,,0.345455,frankycpp_v1.8.exe,chess::Bitboard::operator~,bitboard.h,0x14026a00a
chess::Move::type,0.018999,0.018999,0.0,0.0,212645000,39.9,39.9,0.394366,frankycpp_v1.8.exe,chess::Move::type,move.h,0x14029e63d
chess::Position::getNextPlayer,0.018999,0.018999,0.0,0.0,107820000,34.3,34.3,0.583333,frankycpp_v1.8.exe,chess::Position::getNextPlayer,Position.h,0x140262e7e
chess::Position::getPiece,0.018999,0.018999,0.0,0.0,317470000,67.1,67.1,0.339623,frankycpp_v1.8.exe,chess::Position::getPiece,Position.h,0x14029e70d
chess::StaticMoveList<128>::pop_back,0.018999,0.018999,0.0,0.0,149750000,29.2,29.2,0.580000,frankycpp_v1.8.exe,chess::StaticMoveList<128>::pop_back,staticmovelist.h,0x14022137b
chess::moveValueGreaterComparator::operator(),0.018999,0.018999,0.0,0.0,68885000,10.5,10.5,1.260870,frankycpp_v1.8.exe,chess::moveValueGreaterComparator::operator(),move.h,0x140264480
std::countr_zero,0.018999,0.018999,0.0,0.0,242595000,41.2,41.2,0.456790,frankycpp_v1.8.exe,std::countr_zero,bit,0x14026a520
std::max,0.018999,0.018999,0.0,0.0,314475000,,,0.333333,frankycpp_v1.8.exe,std::max,utility,0x14029e7af
chess::Bitboard::operator bool,0.017999,0.017999,0.0,0.0,161730000,34.9,34.9,0.370370,frankycpp_v1.8.exe,chess::Bitboard::operator bool,bitboard.h,0x14026a68b
chess::Bitboard::popLSB,0.017999,0.017999,0.0,0.0,110815000,41.9,41.9,0.621622,frankycpp_v1.8.exe,chess::Bitboard::popLSB,bitboard.h,0x140263c05
chess::Move::stripped,0.017999,0.017999,0.0,0.0,83860000,37.4,37.4,0.857143,frankycpp_v1.8.exe,chess::Move::stripped,move.h,0x140260efc
chess::Move::to,0.017999,0.017999,0.0,0.0,284525000,,,0.410526,frankycpp_v1.8.exe,chess::Move::to,move.h,0x1402215cd
chess::Position::doNullMove,0.017999,0.017999,0.0,0.0,251580000,46.3,46.3,0.261905,frankycpp_v1.8.exe,chess::Position::doNullMove(void),Position.cpp,0x14025c0a0
chess::Position::getPieceBb,0.017999,0.017999,0.0,0.0,218635000,67.3,67.3,0.547945,frankycpp_v1.8.exe,chess::Position::getPieceBb,Position.h,0x14029ea5c
chess::StaticMoveList<256>::push_back,0.017999,0.017999,0.0,0.0,137770000,30.0,30.0,0.543478,frankycpp_v1.8.exe,chess::StaticMoveList<256>::push_back,staticmovelist.h,0x14026390d
chess::moveValueGreaterComparator::operator(),0.017999,0.017999,0.0,0.0,56905000,,,0.684211,frankycpp_v1.8.exe,chess::moveValueGreaterComparator::operator(),move.h,0x140264440
chess::operator&,0.017999,0.017999,0.0,0.0,395340000,65.0,65.0,0.363636,frankycpp_v1.8.exe,chess::operator&,bitboard.h,0x14026ab80
chess::operator+,0.017999,0.017999,0.0,0.0,305490000,41.6,41.6,0.421569,frankycpp_v1.8.exe,chess::operator+,value.h,0x140221228
chess::operator-,0.017999,0.017999,0.0,0.0,209650000,46.4,46.4,0.357143,frankycpp_v1.8.exe,chess::operator-,value.h,0x140263931
chess::operator-,0.017999,0.017999,0.0,0.0,35940000,9.4,9.4,3.250000,frankycpp_v1.8.exe,chess::operator-,value.h,0x140220d9a
chess::operator-,0.017999,0.017999,0.0,0.0,107820000,47.1,47.1,0.722222,frankycpp_v1.8.exe,chess::operator-,value.h,0x1402206d2
chess::operator|,0.017999,0.017999,0.0,0.0,200665000,44.3,44.3,0.343284,frankycpp_v1.8.exe,chess::operator|,bitboard.h,0x14026b0ec
chess::operator~,0.017999,0.017999,0.0,0.0,257570000,39.7,39.7,0.337209,frankycpp_v1.8.exe,chess::operator~,color.h,0x140263bb0
chess::typeOf,0.017999,0.017999,0.0,0.0,353410000,46.5,46.5,0.347458,frankycpp_v1.8.exe,chess::typeOf,piece.h,0x1402202c0
engine::Search::valueFromTt,0.017999,0.017999,0.0,0.0,29950000,13.0,13.0,4.100000,frankycpp_v1.8.exe,"engine::Search::valueFromTt(class chess::Value,enum chess::Depth)",Search.cpp,0x140221790
func@0x1406ac1e0,0.017999,0.017999,0.0,0.0,14975000,10.7,10.7,3.600000,ntoskrnl.exe,func@0x1406ac1e0,[Unknown],0x1406ac1e0
chess::Bitboard::operator bool,0.016999,0.016999,0.0,0.0,62895000,26.5,26.5,0.952381,frankycpp_v1.8.exe,chess::Bitboard::operator bool,bitboard.h,0x14026b3dc
chess::Move::operator==,0.016999,0.016999,0.0,0.0,218635000,46.9,46.9,0.342466,frankycpp_v1.8.exe,chess::Move::operator==,PVTable.h,0x1402211ce
chess::Move::type,0.016999,0.016999,0.0,0.0,263560000,65.5,65.5,0.272727,frankycpp_v1.8.exe,chess::Move::type,move.h,0x1402211e9
chess::Value::operator int,0.016999,0.016999,0.0,0.0,239600000,48.7,48.7,0.525000,frankycpp_v1.8.exe,chess::Value::operator int,value.h,0x14025d7be
chess::operator|,0.016999,0.016999,0.0,0.0,365390000,43.4,43.4,0.295082,frankycpp_v1.8.exe,chess::operator|,bitboard.h,0x14029ea3a
engine::Search::thread,0.016999,0.016999,0.0,0.0,149750000,31.2,31.2,0.420000,frankycpp_v1.8.exe,engine::Search::thread,Search.h,0x14021fef1
func@0x1400010e0,0.016999,0.016999,0.0,0.0,0,2.5,2.5,,intelppm.sys,func@0x1400010e0,[Unknown],0x1400010e0
"std::_Hash<std::_Umap_traits<unsigned __int64,book::BookEntry,std::_Uhash_compare<unsigned __int64,std::hash<unsigned __int64>,std::equal_to<unsigned __int64> >,std::allocator<std::pair<unsigned __int64 const ,book::BookEntry> >,0> >::_Find_last",0.016999,0.016999,0.0,0.0,20965000,2.8,2.8,4.285714,frankycpp_v1.8.exe,"std::_Hash<std::_Umap_traits<unsigned __int64,book::BookEntry,std::_Uhash_compare<unsigned __int64,std::hash<unsigned __int64>,std::equal_to<unsigned __int64> >,std::allocator<std::pair<unsigned __int64 const ,book::BookEntry> >,0> >::_Find_last",xhash,0x140288080
"std::array<chess::HistoryState,1024>::operator[]",0.016999,0.016999,0.0,0.0,146755000,26.5,26.5,0.591837,frankycpp_v1.8.exe,"std::array<chess::HistoryState,1024>::operator[]",array,0x14025b9f8
std::countr_zero,0.016999,0.016999,0.0,0.0,152745000,41.0,41.0,0.509804,frankycpp_v1.8.exe,std::countr_zero,bit,0x14026a5b0
chess::Bitboard::operator|=,0.015999,0.015999,0.0,0.0,158735000,63.7,63.7,0.283019,frankycpp_v1.8.exe,chess::Bitboard::operator|=,bitboard.h,0x14029e823
chess::Move::type,0.015999,0.015999,0.0,0.0,209650000,38.9,38.9,0.257143,frankycpp_v1.8.exe,chess::Move::type,move.h,0x140220250
chess::Position::getPieceBb,0.015999,0.015999,0.0,0.0,116805000,24.9,24.9,0.410256,frankycpp_v1.8.exe,chess::Position::getPieceBb,Position.h,0x14026b211
chess::StaticMoveList<128>::push_back,0.015999,0.015999,0.0,0.0,2995000,1.9,1.9,20.000000,frankycpp_v1.8.exe,chess::StaticMoveList<128>::push_back,staticmovelist.h,0x1402212f8
chess::operator+,0.015999,0.015999,0.0,0.0,197670000,40.1,40.1,0.333333,frankycpp_v1.8.exe,chess::operator+,value.h,0x140220315
chess::operator+,0.015999,0.015999,0.0,0.0,209650000,44.3,44.3,0.400000,frankycpp_v1.8.exe,chess::operator+,castlingrights.h,0x14025bce4
chess::operator+=,0.015999,0.015999,0.0,0.0,494175000,100.0,100.0,0.187879,frankycpp_v1.8.exe,chess::operator+=,value.h,0x14026996a
chess::operator-,0.015999,0.015999,0.0,0.0,101830000,34.7,34.7,0.617647,frankycpp_v1.8.exe,chess::operator-,value.h,0x1402639e4
chess::operator|,0.015999,0.015999,0.0,0.0,101830000,34.4,34.4,0.647059,frankycpp_v1.8.exe,chess::operator|,bitboard.h,0x14016ca06
func@0x14033c480,0.015999,0.015999,0.0,0.0,11980000,6.6,6.6,4.000000,ntoskrnl.exe,func@0x14033c480,[Unknown],0x14033c480
std::clamp,0.015999,0.015999,0.0,0.0,326455000,42.3,42.3,0.376147,frankycpp_v1.8.exe,std::clamp,algorithm,0x140220581
std::max,0.015999,0.015999,0.0,0.0,290515000,39.5,39.5,0.474227,frankycpp_v1.8.exe,std::max,utility,0x14029e8b5
chess::Bitboard::operator|=,0.014999,0.014999,0.0,0.0,161730000,71.5,71.5,0.370370,frankycpp_v1.8.exe,chess::Bitboard::operator|=,bitboard.h,0x14026a3f6
chess::Move::operator==,0.014999,0.014999,0.0,0.0,251580000,31.5,31.5,0.452381,frankycpp_v1.8.exe,chess::Move::operator==,PVTable.h,0x140262eca
chess::Move::setValue,0.014999,0.014999,0.0,0.0,155740000,36.6,36.6,0.519231,frankycpp_v1.8.exe,chess::Move::setValue,move.h,0x140262fc4
chess::Position::getKingSquare,0.014999,0.014999,0.0,0.0,149750000,57.4,57.4,0.280000,frankycpp_v1.8.exe,chess::Position::getKingSquare,Position.h,0x14026a448
chess::Position::getNextPlayer,0.014999,0.014999,0.0,0.0,89850000,28.6,28.6,0.466667,frankycpp_v1.8.exe,chess::Position::getNextPlayer,Position.h,0x140263dae
chess::Square::rank,0.014999,0.014999,0.0,0.0,281530000,52.5,52.5,0.276596,frankycpp_v1.8.exe,chess::Square::rank,square.h,0x14026aacd
chess::operator&,0.014999,0.014999,0.0,0.0,173710000,,,0.379310,frankycpp_v1.8.exe,chess::operator&,bitboard.h,0x14026b25a
chess::operator+=,0.014999,0.014999,0.0,0.0,239600000,,,0.237500,frankycpp_v1.8.exe,chess::operator+=,value.h,0x14026a4cf
chess::operator-,0.014999,0.014999,0.0,0.0,107820000,33.5,33.5,0.722222,frankycpp_v1.8.exe,chess::operator-,value.h,0x14029e783
func@0x1402eb8ad,0.014999,0.014999,0.0,0.0,44925000,10.0,10.0,2.000000,ntoskrnl.exe,func@0x1402eb8ad,[Unknown],0x1402eb8ad
"std::_Atomic_storage<unsigned __int64,8>::store",0.014999,0.014999,0.0,0.0,68885000,7.4,7.4,2.043478,frankycpp_v1.8.exe,"std::_Atomic_storage<unsigned __int64,8>::store",atomic,0x14026d64f
"std::array<chess::Move,128>::operator[]",0.014999,0.014999,0.0,0.0,26955000,4.1,4.1,3.666667,frankycpp_v1.8.exe,"std::array<chess::Move,128>::operator[]",array,0x140220cfb
chess::StaticMoveList<128>::pop_back,0.013999,0.013999,0.0,0.0,191680000,16.0,16.0,0.718750,frankycpp_v1.8.exe,chess::StaticMoveList<128>::pop_back,staticmovelist.h,0x140220818
chess::StaticMoveList<256>::empty,0.013999,0.013999,0.0,0.0,242595000,29.7,29.7,0.506173,frankycpp_v1.8.exe,chess::StaticMoveList<256>::empty,staticmovelist.h,0x140262b2b
chess::operator&,0.013999,0.013999,0.0,0.0,173710000,29.5,29.5,0.413793,frankycpp_v1.8.exe,chess::operator&,bitboard.h,0x14026a5fa
chess::operator+=,0.013999,0.013999,0.0,0.0,224625000,33.2,33.2,0.360000,frankycpp_v1.8.exe,chess::operator+=,value.h,0x14026a639
chess::operator+=,0.013999,0.013999,0.0,0.0,113810000,12.7,12.7,0.763158,frankycpp_v1.8.exe,chess::operator+=,value.h,0x140269ec3
chess::operator+=,0.013999,0.013999,0.0,0.0,242595000,60.9,60.9,0.308642,frankycpp_v1.8.exe,chess::operator+=,value.h,0x14026a4e2
chess::operator|,0.013999,0.013999,0.0,0.0,128785000,40.3,40.3,0.534884,frankycpp_v1.8.exe,chess::operator|,bitboard.h,0x14026aec7
chess::operator|,0.013999,0.013999,0.0,0.0,215640000,51.4,51.4,0.458333,frankycpp_v1.8.exe,chess::operator|,bitboard.h,0x14025c5cd
chess::operator~,0.013999,0.013999,0.0,0.0,26955000,12.0,12.0,1.000000,frankycpp_v1.8.exe,chess::operator~,color.h,0x14025c4df
chess::typeOf,0.013999,0.013999,0.0,0.0,131780000,73.2,73.2,0.340909,frankycpp_v1.8.exe,chess::typeOf,piece.h,0x14025d61a
engine::PVTable::clear,0.013999,0.013999,0.0,0.0,65890000,24.9,24.9,0.545455,frankycpp_v1.8.exe,engine::PVTable::clear,PVTable.h,0x140220cf9
engine::Search::thread,0.013999,0.013999,0.0,0.0,155740000,41.9,41.9,0.346154,frankycpp_v1.8.exe,engine::Search::thread,Search.h,0x1402204b9
std::popcount,0.013999,0.013999,0.0,0.0,128785000,22.9,22.9,0.930233,frankycpp_v1.8.exe,std::popcount,bit,0x14026b272
chess::Bitboard::operator|=,0.012999,0.012999,0.0,0.0,221630000,63.4,63.4,0.270270,frankycpp_v1.8.exe,chess::Bitboard::operator|=,bitboard.h,0x140269a38
chess::Bitboard::operator~,0.012999,0.012999,0.0,0.0,221630000,34.1,34.1,0.432432,frankycpp_v1.8.exe,chess::Bitboard::operator~,bitboard.h,0x14026b0e7
chess::Bitboard::{ctor},0.012999,0.012999,0.0,0.0,230615000,58.2,58.2,0.298701,frankycpp_v1.8.exe,chess::Bitboard::{ctor},bitboard.h,0x14026ab03
chess::Move::encode,0.012999,0.012999,0.0,0.0,131780000,40.0,40.0,0.386364,frankycpp_v1.8.exe,chess::Move::encode,move.h,0x14026401e
chess::Move::operator==,0.012999,0.012999,0.0,0.0,173710000,64.3,64.3,0.327586,frankycpp_v1.8.exe,chess::Move::operator==,PVTable.h,0x1402200fb
chess::Move::{ctor},0.012999,0.012999,0.0,0.0,125790000,20.1,20.1,0.285714,frankycpp_v1.8.exe,chess::Move::{ctor},move.h,0x140264006
chess::Position::getPieceBb,0.012999,0.012999,0.0,0.0,242595000,26.9,26.9,0.358025,frankycpp_v1.8.exe,chess::Position::getPieceBb,Position.h,0x14026b16a
chess::Square::file,0.012999,0.012999,0.0,0.0,140765000,44.8,44.8,0.489362,frankycpp_v1.8.exe,chess::Square::file,square.h,0x14026af35
chess::StaticMoveList<256>::push_back,0.012999,0.012999,0.0,0.0,215640000,43.1,43.1,0.375000,frankycpp_v1.8.exe,chess::StaticMoveList<256>::push_back,staticmovelist.h,0x140263fff
chess::operator*,0.012999,0.012999,0.0,0.0,703825000,100.0,100.0,0.085106,frankycpp_v1.8.exe,chess::operator*,value.h,0x14026998c
chess::operator-,0.012999,0.012999,0.0,0.0,143760000,45.8,45.8,0.312500,frankycpp_v1.8.exe,chess::operator-,depth.h,0x14022044c
chess::typeOf,0.012999,0.012999,0.0,0.0,386355000,,,0.232558,frankycpp_v1.8.exe,chess::typeOf,piece.h,0x14029e711
engine::PawnTT::getHash,0.012999,0.012999,0.0,0.0,20965000,6.8,6.8,1.428571,frankycpp_v1.8.exe,engine::PawnTT::getHash,PawnTT.h,0x140267572
func@0x140319000,0.012999,0.012999,0.0,0.0,50915000,16.0,16.0,1.058824,ntoskrnl.exe,func@0x140319000,[Unknown],0x140319000
"std::array<std::array<chess::Bitboard,64>,2>::operator[]",0.012999,0.012999,0.0,0.0,170715000,61.5,61.5,0.368421,frankycpp_v1.8.exe,"std::array<std::array<chess::Bitboard,64>,2>::operator[]",array,0x14026a7bb
"std::array<std::array<unsigned __int64,64>,16>::operator[]",0.012999,0.012999,0.0,0.0,182695000,25.9,25.9,0.606557,frankycpp_v1.8.exe,"std::array<std::array<unsigned __int64,64>,16>::operator[]",array,0x14025d75b
"std::unique_ptr<engine::TT::TTCluster [0],std::default_delete<engine::TT::TTCluster [0]> >::operator[]",0.012999,0.012999,0.0,0.0,245590000,58.9,58.9,0.353659,frankycpp_v1.8.exe,"std::unique_ptr<engine::TT::TTCluster [0],std::default_delete<engine::TT::TTCluster [0]> >::operator[]",memory,0x1402205f9
KeClockInterruptNotify,0.011999,0.011999,0.0,0.0,23960000,9.8,9.8,2.500000,ntoskrnl.exe,KeClockInterruptNotify,[Unknown],0x1402eb510
chess::Attacks::detail::Magic::index,0.011999,0.011999,0.0,0.0,209650000,40.1,40.1,0.442857,frankycpp_v1.8.exe,chess::Attacks::detail::Magic::index,attacks.h,0x14016c964
chess::Bitboard::operator bool,0.011999,0.011999,0.0,0.0,230615000,64.0,64.0,0.311688,frankycpp_v1.8.exe,chess::Bitboard::operator bool,bitboard.h,0x140269a64
chess::Bitboard::operator bool,0.011999,0.011999,0.0,0.0,128785000,48.4,48.4,0.325581,frankycpp_v1.8.exe,chess::Bitboard::operator bool,bitboard.h,0x14026b06b
chess::Bitboard::operator|=,0.011999,0.011999,0.0,0.0,116805000,44.4,44.4,0.384615,frankycpp_v1.8.exe,chess::Bitboard::operator|=,bitboard.h,0x14026a054
chess::Color::sign,0.011999,0.011999,0.0,0.0,53910000,55.5,55.5,0.611111,frankycpp_v1.8.exe,chess::Color::sign,color.h,0x14026adf4
chess::Direction::{ctor},0.011999,0.011999,0.0,0.0,77870000,34.8,34.8,0.615385,frankycpp_v1.8.exe,chess::Direction::{ctor},direction.h,0x1402636cd
chess::Move::operator==,0.011999,0.011999,0.0,0.0,152745000,46.3,46.3,0.254902,frankycpp_v1.8.exe,chess::Move::operator==,PVTable.h,0x140260eff
chess::Move::setValue,0.011999,0.011999,0.0,0.0,113810000,45.5,45.5,0.263158,frankycpp_v1.8.exe,chess::Move::setValue,move.h,0x140262ef1
chess::Position::getKingSquare,0.011999,0.011999,0.0,0.0,521130000,,,0.120690,frankycpp_v1.8.exe,chess::Position::getKingSquare,Position.h,0x140269a05
chess::Position::getPieceBb,0.011999,0.011999,0.0,0.0,143760000,73.3,73.3,0.312500,frankycpp_v1.8.exe,chess::Position::getPieceBb,Position.h,0x14026a7b8
chess::operator&,0.011999,0.011999,0.0,0.0,182695000,21.3,21.3,0.524590,frankycpp_v1.8.exe,chess::operator&,bitboard.h,0x14026b49d
chess::operator&,0.011999,0.011999,0.0,0.0,74875000,48.8,48.8,0.400000,frankycpp_v1.8.exe,chess::operator&,bitboard.h,0x14026aed7
chess::operator+=,0.011999,0.011999,0.0,0.0,113810000,32.3,32.3,0.605263,frankycpp_v1.8.exe,chess::operator+=,value.h,0x14026b348
chess::operator+=,0.011999,0.011999,0.0,0.0,140765000,36.5,36.5,0.702128,frankycpp_v1.8.exe,chess::operator+=,value.h,0x14026b4f9
chess::operator|,0.011999,0.011999,0.0,0.0,71880000,65.6,65.6,0.583333,frankycpp_v1.8.exe,chess::operator|,bitboard.h,0x14026a9e4
chess::operator~,0.011999,0.011999,0.0,0.0,131780000,45.0,45.0,0.295455,frankycpp_v1.8.exe,chess::operator~,color.h,0x14026a86a
engine::Evaluator::valueFromScore,0.011999,0.011999,0.0,0.0,299500000,,,0.230000,frankycpp_v1.8.exe,engine::Evaluator::valueFromScore,Evaluator.cpp,0x14026998c
engine::PVTable::clear,0.011999,0.011999,0.0,0.0,77870000,14.7,14.7,1.307692,frankycpp_v1.8.exe,engine::PVTable::clear,PVTable.h,0x14021f2b6
func@0x140256400,0.011999,0.011999,0.0,0.0,14975000,7.4,7.4,2.200000,ntoskrnl.exe,func@0x140256400,[Unknown],0x140256400
func@0x180010e40,0.011999,0.011999,0.0,0.0,0,3.5,3.5,,vcruntime140.dll,func@0x180010e40,[Unknown],0x180010e40
std::popcount,0.011999,0.011999,0.0,0.0,146755000,50.4,50.4,0.367347,frankycpp_v1.8.exe,std::popcount,bit,0x14026b4a5
std::popcount,0.011999,0.011999,0.0,0.0,251580000,,,0.333333,frankycpp_v1.8.exe,std::popcount,bit,0x14026a607
chess::Bitboard::operator bool,0.010999,0.010999,0.0,0.0,128785000,30.0,30.0,0.488372,frankycpp_v1.8.exe,chess::Bitboard::operator bool,bitboard.h,0x14026b018
chess::Bitboard::operator|=,0.010999,0.010999,0.0,0.0,173710000,58.9,58.9,0.206897,frankycpp_v1.8.exe,chess::Bitboard::operator|=,bitboard.h,0x140269a55
chess::Bitboard::operator|=,0.010999,0.010999,0.0,0.0,83860000,64.0,64.0,0.464286,frankycpp_v1.8.exe,chess::Bitboard::operator|=,bitboard.h,0x14026a706
chess::Bitboard::shifted,0.010999,0.010999,0.0,0.0,71880000,30.5,30.5,0.625000,frankycpp_v1.8.exe,chess::Bitboard::shifted,bitboard.h,0x140263537
chess::Position::getGamePhaseFactor,0.010999,0.010999,0.0,0.0,452245000,76.4,76.4,0.218543,frankycpp_v1.8.exe,chess::Position::getGamePhaseFactor,Position.h,0x14026991b
chess::StaticMoveList<128>::push_back,0.010999,0.010999,0.0,0.0,50915000,6.3,6.3,1.470588,frankycpp_v1.8.exe,chess::StaticMoveList<128>::push_back,staticmovelist.h,0x140220616
chess::operator&,0.010999,0.010999,0.0,0.0,74875000,,,0.960000,frankycpp_v1.8.exe,chess::operator&,bitboard.h,0x14026b26f
chess::operator+=,0.010999,0.010999,0.0,0.0,155740000,55.8,55.8,0.596154,frankycpp_v1.8.exe,chess::operator+=,value.h,0x14026a762
chess::operator~,0.010999,0.010999,0.0,0.0,83860000,47.2,47.2,0.285714,frankycpp_v1.8.exe,chess::operator~,color.h,0x14025c52f
chess::typeOf,0.010999,0.010999,0.0,0.0,137770000,,,0.413043,frankycpp_v1.8.exe,chess::typeOf,piece.h,0x14026340e
func@0x1404154d0,0.010999,0.010999,0.0,0.0,0,0.0,0.0,,ntoskrnl.exe,func@0x1404154d0,[Unknown],0x1404154d0
"std::array<chess::Bitboard,8>::operator[]",0.010999,0.010999,0.0,0.0,128785000,40.1,40.1,0.232558,frankycpp_v1.8.exe,"std::array<chess::Bitboard,8>::operator[]",array,0x1402636ba
"std::array<std::array<int,64>,64>::operator[]",0.010999,0.010999,0.0,0.0,95840000,,,0.437500,frankycpp_v1.8.exe,"std::array<std::array<int,64>,64>::operator[]",array,0x14025bd5f
std::countr_zero,0.010999,0.010999,0.0,0.0,146755000,38.9,38.9,0.346939,frankycpp_v1.8.exe,std::countr_zero,bit,0x14026a6a0
std::min,0.010999,0.010999,0.0,0.0,131780000,27.8,27.8,0.659091,frankycpp_v1.8.exe,std::min,utility,0x140220437
chess::Bitboard::operator^=,0.009999,0.009999,0.0,0.0,287520000,,,0.322917,frankycpp_v1.8.exe,chess::Bitboard::operator^=,bitboard.h,0x14029e81d
chess::Bitboard::operator|=,0.009999,0.009999,0.0,0.0,116805000,31.9,31.9,0.487179,frankycpp_v1.8.exe,chess::Bitboard::operator|=,bitboard.h,0x14026a078
chess::Direction::pawnPush,0.009999,0.009999,0.0,0.0,170715000,58.7,58.7,0.333333,frankycpp_v1.8.exe,chess::Direction::pawnPush,direction.h,0x1402636a0
chess::Move::encode,0.009999,0.009999,0.0,0.0,239600000,41.6,41.6,0.387500,frankycpp_v1.8.exe,chess::Move::encode,move.h,0x14026343d
chess::Position::getNextPlayer,0.009999,0.009999,0.0,0.0,92845000,16.7,16.7,0.741935,frankycpp_v1.8.exe,chess::Position::getNextPlayer,Position.h,0x1402630c3
chess::operator&,0.009999,0.009999,0.0,0.0,89850000,34.0,34.0,0.600000,frankycpp_v1.8.exe,chess::operator&,bitboard.h,0x14026a037
chess::operator&,0.009999,0.009999,0.0,0.0,131780000,37.7,37.7,0.545455,frankycpp_v1.8.exe,chess::operator&,bitboard.h,0x14026b188
chess::operator&,0.009999,0.009999,0.0,0.0,278535000,,,0.225806,frankycpp_v1.8.exe,chess::operator&,bitboard.h,0x14029e94e
chess::operator&,0.009999,0.009999,0.0,0.0,137770000,60.9,60.9,0.695652,frankycpp_v1.8.exe,chess::operator&,bitboard.h,0x14026a7c9
chess::operator+=,0.009999,0.009999,0.0,0.0,65890000,24.3,24.3,0.681818,frankycpp_v1.8.exe,chess::operator+=,value.h,0x14026a64a
chess::operator+=,0.009999,0.009999,0.0,0.0,236605000,52.8,52.8,0.367089,frankycpp_v1.8.exe,chess::operator+=,value.h,0x14026ac23
chess::operator>=,0.009999,0.009999,0.0,0.0,104825000,48.2,48.2,0.485714,frankycpp_v1.8.exe,chess::operator>=,value.h,0x14022162d
chess::operator|,0.009999,0.009999,0.0,0.0,158735000,45.3,45.3,0.301887,frankycpp_v1.8.exe,chess::operator|,bitboard.h,0x14025c3fd
chess::typeOf,0.009999,0.009999,0.0,0.0,89850000,,,0.433333,frankycpp_v1.8.exe,chess::typeOf,piece.h,0x1402633ff
chess::valueOf,0.009999,0.009999,0.0,0.0,284525000,45.2,45.2,0.210526,frankycpp_v1.8.exe,chess::valueOf,value.h,0x1402202c0
engine::Search::thread,0.009999,0.009999,0.0,0.0,2995000,8.2,8.2,10.000000,frankycpp_v1.8.exe,engine::Search::thread,Search.h,0x14022aaae
func@0x140255440,0.009999,0.009999,0.0,0.0,8985000,10.6,10.6,3.666667,ntoskrnl.exe,func@0x140255440,[Unknown],0x140255440
func@0x14031a0a0,0.009999,0.009999,0.0,0.0,14975000,16.7,16.7,1.800000,ntoskrnl.exe,func@0x14031a0a0,[Unknown],0x14031a0a0
"std::array<chess::Bitboard,64>::operator[]",0.009999,0.009999,0.0,0.0,119800000,36.5,36.5,0.625000,frankycpp_v1.8.exe,"std::array<chess::Bitboard,64>::operator[]",array,0x140269fe0
std::popcount,0.009999,0.009999,0.0,0.0,221630000,,,0.391892,frankycpp_v1.8.exe,std::popcount,bit,0x14026b155
chess::Bitboard::operator bool,0.008999,0.008999,0.0,0.0,167720000,66.2,66.2,0.285714,frankycpp_v1.8.exe,chess::Bitboard::operator bool,bitboard.h,0x14026a546
chess::Move::to,0.008999,0.008999,0.0,0.0,110815000,39.4,39.4,0.378378,frankycpp_v1.8.exe,chess::Move::to,move.h,0x14029e6bf
chess::Position::getKingSquare,0.008999,0.008999,0.0,0.0,110815000,,,0.432432,frankycpp_v1.8.exe,chess::Position::getKingSquare,Position.h,0x14026a48f
chess::Position::getPiece,0.008999,0.008999,0.0,0.0,47920000,70.2,70.2,0.437500,frankycpp_v1.8.exe,chess::Position::getPiece,Position.h,0x14025d72a
chess::Position::undoNullMove,0.008999,0.008999,0.0,0.0,65890000,20.6,20.6,0.409091,frankycpp_v1.8.exe,chess::Position::undoNullMove(void),Position.cpp,0x14025c180
chess::StaticMoveList<256>::end,0.008999,0.008999,0.0,0.0,155740000,35.7,35.7,0.346154,frankycpp_v1.8.exe,chess::StaticMoveList<256>::end,staticmovelist.h,0x140262dee
chess::operator&,0.008999,0.008999,0.0,0.0,338435000,,,0.203540,frankycpp_v1.8.exe,chess::operator&,bitboard.h,0x14026aa8d
chess::operator*,0.008999,0.008999,0.0,0.0,128785000,50.2,50.2,0.348837,frankycpp_v1.8.exe,chess::operator*,value.h,0x140269994
chess::operator-,0.008999,0.008999,0.0,0.0,137770000,47.7,47.7,0.217391,frankycpp_v1.8.exe,chess::operator-,value.h,0x14029e8b0
chess::operator|,0.008999,0.008999,0.0,0.0,176705000,,,0.152542,frankycpp_v1.8.exe,chess::operator|,bitboard.h,0x14025c410
chess::operator|,0.008999,0.008999,0.0,0.0,92845000,39.0,39.0,0.387097,frankycpp_v1.8.exe,chess::operator|,bitboard.h,0x140263685
engine::TT::getClusterIndex,0.008999,0.008999,0.0,0.0,50915000,37.3,37.3,0.588235,frankycpp_v1.8.exe,engine::TT::getClusterIndex,TT.h,0x14026d3a1
func@0x140018860,0.008999,0.008999,0.0,0.0,0,0.0,0.0,,acpi.sys,func@0x140018860,[Unknown],0x140018860
func@0x140339b80,0.008999,0.008999,0.0,0.0,20965000,9.7,9.7,1.428571,ntoskrnl.exe,func@0x140339b80,[Unknown],0x140339b80
func@0x18001d470,0.008999,0.008999,0.0,0.0,203660000,45.7,45.7,0.411765,ntdll.dll,func@0x18001d470,[Unknown],0x18001d470
"std::array<int,64>::operator[]",0.008999,0.008999,0.0,0.0,101830000,,,0.500000,frankycpp_v1.8.exe,"std::array<int,64>::operator[]",array,0x140220419
"std::array<std::array<chess::Bitboard,64>,8>::operator[]",0.008999,0.008999,0.0,0.0,74875000,47.0,47.0,0.440000,frankycpp_v1.8.exe,"std::array<std::array<chess::Bitboard,64>,8>::operator[]",array,0x14026ab2e
"std::array<std::array<chess::Bitboard,64>,8>::operator[]",0.008999,0.008999,0.0,0.0,47920000,22.4,22.4,0.437500,frankycpp_v1.8.exe,"std::array<std::array<chess::Bitboard,64>,8>::operator[]",array,0x14026ab90
std::popcount,0.008999,0.008999,0.0,0.0,125790000,39.3,39.3,0.285714,frankycpp_v1.8.exe,std::popcount,bit,0x14026a41c
chess::Bitboard::operator bool,0.007999,0.007999,0.0,0.0,122795000,42.9,42.9,0.219512,frankycpp_v1.8.exe,chess::Bitboard::operator bool,bitboard.h,0x14026a6c2
chess::Bitboard::operator bool,0.007999,0.007999,0.0,0.0,92845000,31.2,31.2,0.322581,frankycpp_v1.8.exe,chess::Bitboard::operator bool,bitboard.h,0x140264054
chess::Bitboard::operator|=,0.007999,0.007999,0.0,0.0,245590000,83.8,83.8,0.353659,frankycpp_v1.8.exe,chess::Bitboard::operator|=,bitboard.h,0x140269a95
chess::Bitboard::operator|=,0.007999,0.007999,0.0,0.0,158735000,87.0,87.0,0.320755,frankycpp_v1.8.exe,chess::Bitboard::operator|=,bitboard.h,0x14026a3e9
chess::Rank::promotionFor,0.007999,0.007999,0.0,0.0,140765000,36.2,36.2,0.382979,frankycpp_v1.8.exe,chess::Rank::promotionFor,rank.h,0x1402637ff
chess::operator&,0.007999,0.007999,0.0,0.0,65890000,,,0.363636,frankycpp_v1.8.exe,chess::operator&,bitboard.h,0x14026b102
chess::operator+=,0.007999,0.007999,0.0,0.0,137770000,38.9,38.9,0.282609,frankycpp_v1.8.exe,chess::operator+=,value.h,0x14026ac13
chess::operator-,0.007999,0.007999,0.0,0.0,80865000,,,0.666667,frankycpp_v1.8.exe,chess::operator-,value.h,0x14022080e
chess::operator-,0.007999,0.007999,0.0,0.0,122795000,51.9,51.9,0.585366,frankycpp_v1.8.exe,chess::operator-,value.h,0x140263c51
chess::operator|,0.007999,0.007999,0.0,0.0,116805000,39.4,39.4,0.666667,frankycpp_v1.8.exe,chess::operator|,bitboard.h,0x14026a5b8
chess::operator~,0.007999,0.007999,0.0,0.0,53910000,,,0.500000,frankycpp_v1.8.exe,chess::operator~,color.h,0x1402215da
chess::valueOf,0.007999,0.007999,0.0,0.0,86855000,79.3,79.3,0.379310,frankycpp_v1.8.exe,chess::valueOf,value.h,0x14029e75e
func@0x14029c8f0,0.007999,0.007999,0.0,0.0,5990000,14.6,14.6,4.500000,ntoskrnl.exe,func@0x14029c8f0,[Unknown],0x14029c8f0
func@0x1402e4c76,0.007999,0.007999,0.0,0.0,26955000,9.6,9.6,2.222222,ntoskrnl.exe,func@0x1402e4c76,[Unknown],0x1402e4c76
"std::_Atomic_storage<unsigned __int64,8>::load",0.007999,0.007999,0.0,0.0,11980000,4.0,4.0,6.000000,frankycpp_v1.8.exe,"std::_Atomic_storage<unsigned __int64,8>::load",atomic,0x14026d6b7
"std::array<chess::Bitboard,64>::operator[]",0.007999,0.007999,0.0,0.0,104825000,57.4,57.4,0.542857,frankycpp_v1.8.exe,"std::array<chess::Bitboard,64>::operator[]",array,0x14025c5d4
"std::array<std::array<int,64>,64>::operator[]",0.007999,0.007999,0.0,0.0,83860000,35.6,35.6,0.250000,frankycpp_v1.8.exe,"std::array<std::array<int,64>,64>::operator[]",array,0x14022090e
RtlFreeHeap,0.007000,0.007000,0.0,0.0,68885000,40.6,40.6,0.434783,ntdll.dll,RtlFreeHeap,[Unknown],0x180078ba0
chess::Bitboard::{ctor},0.007000,0.007000,0.0,0.0,140765000,,,0.382979,frankycpp_v1.8.exe,chess::Bitboard::{ctor},bitboard.h,0x14025c462
chess::Move::from,0.007000,0.007000,0.0,0.0,23960000,30.0,30.0,0.750000,frankycpp_v1.8.exe,chess::Move::from,move.h,0x14025b9bf
chess::Move::operator==,0.007000,0.007000,0.0,0.0,50915000,20.1,20.1,0.470588,frankycpp_v1.8.exe,chess::Move::operator==,PVTable.h,0x1402211e0
chess::Move::setValue,0.007000,0.007000,0.0,0.0,110815000,42.5,42.5,0.297297,frankycpp_v1.8.exe,chess::Move::setValue,move.h,0x140262f10
chess::Move::to,0.007000,0.007000,0.0,0.0,62895000,51.6,51.6,0.476190,frankycpp_v1.8.exe,chess::Move::to,move.h,0x14025c55e
chess::Move::type,0.007000,0.007000,0.0,0.0,86855000,49.1,49.1,0.344828,frankycpp_v1.8.exe,chess::Move::type,move.h,0x14025c542
chess::Move::{ctor},0.007000,0.007000,0.0,0.0,56905000,48.3,48.3,0.315789,frankycpp_v1.8.exe,chess::Move::{ctor},move.h,0x140263f84
chess::MoveGenerator::generateCastling,0.007000,0.007000,0.0,0.0,41930000,,,0.428571,frankycpp_v1.8.exe,"chess::MoveGenerator::generateCastling(class chess::Position const &,class chess::StaticMoveList<256> *,enum chess::GenMode)",MoveGenerator.cpp,0x140264080
chess::Position::getPieceBb,0.007000,0.007000,0.0,0.0,68885000,,,0.434783,frankycpp_v1.8.exe,chess::Position::getPieceBb,Position.h,0x14026b23f
chess::Position::getPieceBb,0.007000,0.007000,0.0,0.0,134775000,35.4,35.4,0.577778,frankycpp_v1.8.exe,chess::Position::getPieceBb,Position.h,0x14026b3bc
chess::Position::getPieceBb,0.007000,0.007000,0.0,0.0,65890000,49.1,49.1,0.363636,frankycpp_v1.8.exe,chess::Position::getPieceBb,Position.h,0x14026b107
chess::Square::rank,0.007000,0.007000,0.0,0.0,113810000,57.9,57.9,0.236842,frankycpp_v1.8.exe,chess::Square::rank,square.h,0x14026aac5
chess::Square::rank,0.007000,0.007000,0.0,0.0,32945000,31.7,31.7,1.545455,frankycpp_v1.8.exe,chess::Square::rank,square.h,0x14026a1ea
chess::Square::{ctor},0.007000,0.007000,0.0,0.0,158735000,24.2,24.2,0.433962,frankycpp_v1.8.exe,chess::Square::{ctor},square.h,0x14025b9c5
chess::operator&,0.007000,0.007000,0.0,0.0,104825000,39.9,39.9,0.514286,frankycpp_v1.8.exe,chess::operator&,bitboard.h,0x14026a088
chess::operator&,0.007000,0.007000,0.0,0.0,134775000,68.9,68.9,0.288889,frankycpp_v1.8.exe,chess::operator&,bitboard.h,0x14029e962
chess::operator-,0.007000,0.007000,0.0,0.0,14975000,8.6,8.6,2.200000,frankycpp_v1.8.exe,chess::operator-,value.h,0x14021f385
chess::operator-,0.007000,0.007000,0.0,0.0,194675000,35.2,35.2,0.307692,frankycpp_v1.8.exe,chess::operator-,value.h,0x14029e795
chess::operator-=,0.007000,0.007000,0.0,0.0,56905000,26.4,26.4,0.631579,frankycpp_v1.8.exe,chess::operator-=,depth.h,0x14022047a
chess::operator|,0.007000,0.007000,0.0,0.0,47920000,23.3,23.3,0.437500,frankycpp_v1.8.exe,chess::operator|,bitboard.h,0x140263b0c
chess::operator|,0.007000,0.007000,0.0,0.0,89850000,38.8,38.8,0.600000,frankycpp_v1.8.exe,chess::operator|,bitboard.h,0x14026a3b9
chess::operator~,0.007000,0.007000,0.0,0.0,65890000,25.5,25.5,1.045455,frankycpp_v1.8.exe,chess::operator~,color.h,0x14025be8c
engine::TT::getClusterIndex,0.007000,0.007000,0.0,0.0,0,5.8,5.8,,frankycpp_v1.8.exe,engine::TT::getClusterIndex,TT.h,0x14026d5e5
func@0x140002700,0.007000,0.007000,0.0,0.0,0,3.7,3.7,,intelppm.sys,func@0x140002700,[Unknown],0x140002700
func@0x1402947e0,0.007000,0.007000,0.0,0.0,29950000,,,1.500000,ntoskrnl.exe,func@0x1402947e0,[Unknown],0x1402947e0
func@0x14029ddc3,0.007000,0.007000,0.0,0.0,20965000,17.1,17.1,1.714286,ntoskrnl.exe,func@0x14029ddc3,[Unknown],0x14029ddc3
func@0x14029ea20,0.007000,0.007000,0.0,0.0,50915000,14.3,14.3,0.941176,ntoskrnl.exe,func@0x14029ea20,[Unknown],0x14029ea20
func@0x1402e6c70,0.007000,0.007000,0.0,0.0,5990000,3.2,3.2,10.000000,ntoskrnl.exe,func@0x1402e6c70,[Unknown],0x1402e6c70
func@0x14033cf22,0.007000,0.007000,0.0,0.0,32945000,,,0.636364,ntoskrnl.exe,func@0x14033cf22,[Unknown],0x14033cf22
func@0x14042b5d0,0.007000,0.007000,0.0,0.0,8985000,12.0,12.0,2.333333,ntoskrnl.exe,func@0x14042b5d0,[Unknown],0x14042b5d0
"std::_Atomic_storage<unsigned __int64,8>::load",0.007000,0.007000,0.0,0.0,11980000,,,5.000000,frankycpp_v1.8.exe,"std::_Atomic_storage<unsigned __int64,8>::load",atomic,0x14026738b
"std::array<chess::Bitboard,64>::operator[]",0.007000,0.007000,0.0,0.0,80865000,40.2,40.2,0.481481,frankycpp_v1.8.exe,"std::array<chess::Bitboard,64>::operator[]",array,0x14025c63e
"std::array<chess::Bitboard,64>::operator[]",0.007000,0.007000,0.0,0.0,29950000,17.3,17.3,0.900000,frankycpp_v1.8.exe,"std::array<chess::Bitboard,64>::operator[]",array,0x14026a7e4
"std::array<chess::Value,25>::operator[]",0.007000,0.007000,0.0,0.0,29950000,60.8,60.8,0.500000,frankycpp_v1.8.exe,"std::array<chess::Value,25>::operator[]",array,0x140263f90
"std::array<engine::PlyInfo,128>::operator[]",0.007000,0.007000,0.0,0.0,89850000,68.0,68.0,0.533333,frankycpp_v1.8.exe,"std::array<engine::PlyInfo,128>::operator[]",array,0x14021ff0c
"std::array<int,64>::operator[]",0.007000,0.007000,0.0,0.0,149750000,46.1,46.1,0.200000,frankycpp_v1.8.exe,"std::array<int,64>::operator[]",array,0x14022091a
"std::array<int,64>::operator[]",0.007000,0.007000,0.0,0.0,107820000,46.9,46.9,0.583333,frankycpp_v1.8.exe,"std::array<int,64>::operator[]",array,0x1402204c5
std::popcount,0.007000,0.007000,0.0,0.0,56905000,22.7,22.7,0.789474,frankycpp_v1.8.exe,std::popcount,bit,0x14026b263
__builtin_array_init_helper<class chess::Value>,0.006000,0.006000,0.0,0.0,86855000,34.7,34.7,0.551724,frankycpp_v1.8.exe,"__builtin_array_init_helper<class chess::Value>(class chess::Value *,unsigned __int64)",[Unknown],0x14029eb80
chess::Bitboard::operator bool,0.006000,0.006000,0.0,0.0,98835000,48.8,48.8,0.393939,frankycpp_v1.8.exe,chess::Bitboard::operator bool,bitboard.h,0x14026abbf
chess::Bitboard::operator&=,0.006000,0.006000,0.0,0.0,74875000,20.9,20.9,0.160000,frankycpp_v1.8.exe,chess::Bitboard::operator&=,bitboard.h,0x1402633ba
chess::Bitboard::operator|=,0.006000,0.006000,0.0,0.0,101830000,,,0.352941,frankycpp_v1.8.exe,chess::Bitboard::operator|=,bitboard.h,0x14026a007
chess::Bitboard::popLSB,0.006000,0.006000,0.0,0.0,35940000,42.4,42.4,0.833333,frankycpp_v1.8.exe,chess::Bitboard::popLSB,bitboard.h,0x140263dda
chess::Bitboard::popLSB,0.006000,0.006000,0.0,0.0,62895000,40.6,40.6,0.380952,frankycpp_v1.8.exe,chess::Bitboard::popLSB,bitboard.h,0x140263ce4
chess::Move::encode,0.006000,0.006000,0.0,0.0,80865000,27.0,27.0,0.333333,frankycpp_v1.8.exe,chess::Move::encode,move.h,0x140263fa1
chess::Move::encode,0.006000,0.006000,0.0,0.0,74875000,34.1,34.1,0.440000,frankycpp_v1.8.exe,chess::Move::encode,move.h,0x1402639db
chess::Move::encode,0.006000,0.006000,0.0,0.0,140765000,49.7,49.7,0.255319,frankycpp_v1.8.exe,chess::Move::encode,move.h,0x140263928
chess::Move::operator==,0.006000,0.006000,0.0,0.0,68885000,25.2,25.2,0.391304,frankycpp_v1.8.exe,chess::Move::operator==,PVTable.h,0x140220508
chess::Move::to,0.006000,0.006000,0.0,0.0,26955000,40.0,40.0,0.666667,frankycpp_v1.8.exe,chess::Move::to,move.h,0x1402208df
chess::Move::value,0.006000,0.006000,0.0,0.0,50915000,,,0.470588,frankycpp_v1.8.exe,chess::Move::value,move.h,0x140262fc8
chess::Position::getEnPassantSquare,0.006000,0.006000,0.0,0.0,17970000,32.0,32.0,1.000000,frankycpp_v1.8.exe,chess::Position::getEnPassantSquare,Position.h,0x14029e9a4
chess::Position::getOccupiedBb,0.006000,0.006000,0.0,0.0,74875000,27.1,27.1,0.760000,frankycpp_v1.8.exe,chess::Position::getOccupiedBb,Position.h,0x14026b3e5
chess::Position::getPiece,0.006000,0.006000,0.0,0.0,98835000,72.3,72.3,0.363636,frankycpp_v1.8.exe,chess::Position::getPiece,Position.h,0x14022120e
chess::Position::getPieceBb,0.006000,0.006000,0.0,0.0,50915000,28.9,28.9,0.529412,frankycpp_v1.8.exe,chess::Position::getPieceBb,Position.h,0x140263dce
chess::Square::file,0.006000,0.006000,0.0,0.0,47920000,,,0.687500,frankycpp_v1.8.exe,chess::Square::file,square.h,0x14025bd93
chess::StaticMoveList<256>::push_back,0.006000,0.006000,0.0,0.0,191680000,,,0.484375,frankycpp_v1.8.exe,chess::StaticMoveList<256>::push_back,staticmovelist.h,0x1402639bc
chess::colorOf,0.006000,0.006000,0.0,0.0,8985000,2.4,2.4,2.333333,frankycpp_v1.8.exe,chess::colorOf,piece.h,0x1402610f1
chess::operator&,0.006000,0.006000,0.0,0.0,44925000,23.5,23.5,0.600000,frankycpp_v1.8.exe,chess::operator&,bitboard.h,0x14026a048
chess::operator&,0.006000,0.006000,0.0,0.0,131780000,51.5,51.5,0.272727,frankycpp_v1.8.exe,chess::operator&,bitboard.h,0x1402208d4
chess::operator&,0.006000,0.006000,0.0,0.0,23960000,25.7,25.7,0.625000,frankycpp_v1.8.exe,chess::operator&,bitboard.h,0x14026b24c
chess::operator&,0.006000,0.006000,0.0,0.0,116805000,65.0,65.0,0.205128,frankycpp_v1.8.exe,chess::operator&,bitboard.h,0x14026a498
chess::operator-,0.006000,0.006000,0.0,0.0,56905000,,,0.789474,frankycpp_v1.8.exe,chess::operator-,direction.h,0x140263403
chess::operator-,0.006000,0.006000,0.0,0.0,83860000,31.3,31.3,0.357143,frankycpp_v1.8.exe,chess::operator-,value.h,0x14021fcd7
chess::operator|,0.006000,0.006000,0.0,0.0,89850000,62.6,62.6,0.400000,frankycpp_v1.8.exe,chess::operator|,bitboard.h,0x14029eb41
engine::TT::Entry::Entry,0.006000,0.006000,0.0,0.0,98835000,34.5,34.5,0.454545,frankycpp_v1.8.exe,engine::TT::Entry::Entry(void),TT.h,0x14026dd70
func@0x14002706b,0.006000,0.006000,0.0,0.0,26955000,6.5,6.5,1.111111,dxgmms2.sys,func@0x14002706b,[Unknown],0x14002706b
func@0x140295af0,0.006000,0.006000,0.0,0.0,56905000,,,0.736842,ntoskrnl.exe,func@0x140295af0,[Unknown],0x140295af0
func@0x140317160,0.006000,0.006000,0.0,0.0,2995000,2.0,2.0,7.000000,ntoskrnl.exe,func@0x140317160,[Unknown],0x140317160
func@0x1403220b0,0.006000,0.006000,0.0,0.0,2995000,12.6,12.6,11.000000,ntoskrnl.exe,func@0x1403220b0,[Unknown],0x1403220b0
func@0x1406b1730,0.006000,0.006000,0.0,0.0,17970000,,,1.500000,ntoskrnl.exe,func@0x1406b1730,[Unknown],0x1406b1730
"std::array<chess::Bitboard,64>::operator[]",0.006000,0.006000,0.0,0.0,26955000,,,0.444444,frankycpp_v1.8.exe,"std::array<chess::Bitboard,64>::operator[]",array,0x14026a871
"std::array<int,64>::operator[]",0.006000,0.006000,0.0,0.0,104825000,34.4,34.4,0.285714,frankycpp_v1.8.exe,"std::array<int,64>::operator[]",array,0x14025bd63
"std::array<std::array<chess::Bitboard,64>,2>::operator[]",0.006000,0.006000,0.0,0.0,68885000,,,0.260870,frankycpp_v1.8.exe,"std::array<std::array<chess::Bitboard,64>,2>::operator[]",array,0x14026a7e0
std::countr_zero,0.006000,0.006000,0.0,0.0,26955000,15.4,15.4,0.444444,frankycpp_v1.8.exe,std::countr_zero,bit,0x140263900
std::popcount,0.006000,0.006000,0.0,0.0,65890000,40.9,40.9,0.409091,frankycpp_v1.8.exe,std::popcount,bit,0x14026aa43
[Outside any known module],0.005000,0.005000,0.0,0.0,5990000,24.2,24.2,3.000000,[Unknown],[Outside any known module],[Unknown],0x0
chess::Bitboard::operator bool,0.005000,0.005000,0.0,0.0,53910000,24.7,24.7,0.555556,frankycpp_v1.8.exe,chess::Bitboard::operator bool,bitboard.h,0x14026a217
chess::Bitboard::{ctor},0.005000,0.005000,0.0,0.0,86855000,45.9,45.9,0.275862,frankycpp_v1.8.exe,chess::Bitboard::{ctor},bitboard.h,0x14029ea8c
chess::Color::iterator::operator++,0.005000,0.005000,0.0,0.0,65890000,31.4,31.4,0.863636,frankycpp_v1.8.exe,chess::Color::iterator::operator++,color.h,0x14026a21c
chess::Direction::operator int,0.005000,0.005000,0.0,0.0,32945000,48.0,48.0,0.363636,frankycpp_v1.8.exe,chess::Direction::operator int,direction.h,0x14026319d
chess::Direction::pawnPush,0.005000,0.005000,0.0,0.0,38935000,36.2,36.2,0.846154,frankycpp_v1.8.exe,chess::Direction::pawnPush,direction.h,0x140263144
chess::Move::setValue,0.005000,0.005000,0.0,0.0,77870000,32.3,32.3,0.538462,frankycpp_v1.8.exe,chess::Move::setValue,move.h,0x140262ed2
chess::Move::stripped,0.005000,0.005000,0.0,0.0,35940000,73.3,73.3,0.333333,frankycpp_v1.8.exe,chess::Move::stripped,move.h,0x140260fb0
chess::Position::getOccupiedBb,0.005000,0.005000,0.0,0.0,56905000,47.3,47.3,0.263158,frankycpp_v1.8.exe,chess::Position::getOccupiedBb,Position.h,0x14025c5cd
chess::Position::getPiece,0.005000,0.005000,0.0,0.0,41930000,29.1,29.1,0.428571,frankycpp_v1.8.exe,chess::Position::getPiece,Position.h,0x14029e6ba
chess::Position::getPieceBb,0.005000,0.005000,0.0,0.0,41930000,50.8,50.8,0.357143,frankycpp_v1.8.exe,chess::Position::getPieceBb,Position.h,0x14029e914
chess::Position::getPieceBb,0.005000,0.005000,0.0,0.0,41930000,37.2,37.2,0.214286,frankycpp_v1.8.exe,chess::Position::getPieceBb,Position.h,0x14026aa7d
chess::Square::rank,0.005000,0.005000,0.0,0.0,59900000,50.5,50.5,0.500000,frankycpp_v1.8.exe,chess::Square::rank,square.h,0x14026a79f
chess::Square::{ctor},0.005000,0.005000,0.0,0.0,65890000,38.2,38.2,0.454545,frankycpp_v1.8.exe,chess::Square::{ctor},square.h,0x14026a5cb
chess::Value::operator int,0.005000,0.005000,0.0,0.0,17970000,30.5,30.5,0.666667,frankycpp_v1.8.exe,chess::Value::operator int,value.h,0x14025d7d5
chess::operator&,0.005000,0.005000,0.0,0.0,32945000,,,0.636364,frankycpp_v1.8.exe,chess::operator&,bitboard.h,0x14025c42f
chess::operator&,0.005000,0.005000,0.0,0.0,59900000,43.2,43.2,0.500000,frankycpp_v1.8.exe,chess::operator&,bitboard.h,0x1402215e5
chess::operator&,0.005000,0.005000,0.0,0.0,59900000,,,0.400000,frankycpp_v1.8.exe,chess::operator&,bitboard.h,0x14026a876
chess::operator&,0.005000,0.005000,0.0,0.0,230615000,53.7,53.7,0.246753,frankycpp_v1.8.exe,chess::operator&,bitboard.h,0x14029e942
chess::operator&,0.005000,0.005000,0.0,0.0,41930000,29.0,29.0,0.428571,frankycpp_v1.8.exe,chess::operator&,bitboard.h,0x14025c6a1
chess::operator&,0.005000,0.005000,0.0,0.0,71880000,34.3,34.3,0.291667,frankycpp_v1.8.exe,chess::operator&,bitboard.h,0x14026a720
chess::operator+,0.005000,0.005000,0.0,0.0,53910000,100.0,100.0,0.388889,frankycpp_v1.8.exe,chess::operator+,value.h,0x140221211
chess::operator+,0.005000,0.005000,0.0,0.0,38935000,,,0.384615,frankycpp_v1.8.exe,chess::operator+,direction.h,0x14025c2e5
chess::operator+=,0.005000,0.005000,0.0,0.0,101830000,32.3,32.3,0.735294,frankycpp_v1.8.exe,chess::operator+=,value.h,0x140269d74
chess::operator+=,0.005000,0.005000,0.0,0.0,8985000,,,0.0,frankycpp_v1.8.exe,chess::operator+=,value.h,0x14026b35f
chess::operator^=,0.005000,0.005000,0.0,0.0,98835000,46.8,46.8,0.363636,frankycpp_v1.8.exe,chess::operator^=,bitboards.h,0x14029e7d2
chess::operator|,0.005000,0.005000,0.0,0.0,8985000,,,2.666667,frankycpp_v1.8.exe,chess::operator|,bitboard.h,0x140261102
chess::typeOf,0.005000,0.005000,0.0,0.0,62895000,40.4,40.4,0.476190,frankycpp_v1.8.exe,chess::typeOf,piece.h,0x14029e776
engine::Evaluator::prefetch,0.005000,0.005000,0.0,0.0,0,0.0,0.0,,frankycpp_v1.8.exe,engine::Evaluator::prefetch,Evaluator.h,0x1402212d4
engine::Search::evaluate,0.005000,0.005000,0.0,0.0,47920000,27.8,27.8,0.250000,frankycpp_v1.8.exe,engine::Search::evaluate,Search.cpp,0x14021f8aa
engine::Search::thread,0.005000,0.005000,0.0,0.0,32945000,40.0,40.0,0.727273,frankycpp_v1.8.exe,engine::Search::thread,Search.h,0x14021fca5
engine::Search::thread,0.005000,0.005000,0.0,0.0,17970000,,,0.500000,frankycpp_v1.8.exe,engine::Search::thread,Search.h,0x14021f9ba
func@0x1400e3530,0.005000,0.005000,0.0,0.0,2995000,10.0,10.0,9.000000,nvlddmkm.sys,func@0x1400e3530,[Unknown],0x1400e3530
func@0x140294a20,0.005000,0.005000,0.0,0.0,83860000,,,0.642857,ntoskrnl.exe,func@0x140294a20,[Unknown],0x140294a20
func@0x140296b30,0.005000,0.005000,0.0,0.0,0,4.4,4.4,,ntoskrnl.exe,func@0x140296b30,[Unknown],0x140296b30
func@0x1402ec11d,0.005000,0.005000,0.0,0.0,14975000,5.9,5.9,2.200000,ntoskrnl.exe,func@0x1402ec11d,[Unknown],0x1402ec11d
func@0x140318ce0,0.005000,0.005000,0.0,0.0,8985000,9.8,9.8,2.666667,ntoskrnl.exe,func@0x140318ce0,[Unknown],0x140318ce0
func@0x1403b2b10,0.005000,0.005000,0.0,0.0,2995000,37.3,37.3,5.000000,ntoskrnl.exe,func@0x1403b2b10,[Unknown],0x1403b2b10
func@0x18001cd70,0.005000,0.005000,0.0,0.0,32945000,35.3,35.3,0.090909,ntdll.dll,func@0x18001cd70,[Unknown],0x18001cd70
"std::array<chess::Bitboard,64>::operator[]",0.005000,0.005000,0.0,0.0,110815000,51.7,51.7,0.567568,frankycpp_v1.8.exe,"std::array<chess::Bitboard,64>::operator[]",array,0x14025d640
"std::array<chess::Bitboard,8>::operator[]",0.005000,0.005000,0.0,0.0,17970000,,,0.333333,frankycpp_v1.8.exe,"std::array<chess::Bitboard,8>::operator[]",array,0x140263183
"std::array<chess::Value,25>::operator[]",0.005000,0.005000,0.0,0.0,23960000,18.0,18.0,0.500000,frankycpp_v1.8.exe,"std::array<chess::Value,25>::operator[]",array,0x140263e71
"std::array<std::array<unsigned __int64,64>,16>::operator[]",0.005000,0.005000,0.0,0.0,113810000,48.6,48.6,0.263158,frankycpp_v1.8.exe,"std::array<std::array<unsigned __int64,64>,16>::operator[]",array,0x14025d676
std::countr_zero,0.005000,0.005000,0.0,0.0,53910000,,,0.222222,frankycpp_v1.8.exe,std::countr_zero,bit,0x14026b030
std::countr_zero,0.005000,0.005000,0.0,0.0,71880000,29.8,29.8,0.500000,frankycpp_v1.8.exe,std::countr_zero,bit,0x14026a1d4
std::countr_zero,0.005000,0.005000,0.0,0.0,32945000,,,0.636364,frankycpp_v1.8.exe,std::countr_zero,bit,0x140263f70
std::max,0.005000,0.005000,0.0,0.0,26955000,31.9,31.9,0.666667,frankycpp_v1.8.exe,std::max,utility,0x140220d93
"std::unique_ptr<engine::PawnTT::Entry [0],std::default_delete<engine::PawnTT::Entry [0]> >::operator[]",0.005000,0.005000,0.0,0.0,11980000,17.9,17.9,1.750000,frankycpp_v1.8.exe,"std::unique_ptr<engine::PawnTT::Entry [0],std::default_delete<engine::PawnTT::Entry [0]> >::operator[]",memory,0x14026a2d6
ExpInterlockedPopEntrySList,0.004000,0.004000,0.0,0.0,2995000,0.0,0.0,5.000000,ntoskrnl.exe,ExpInterlockedPopEntrySList,[Unknown],0x1406b2dc0
KeReleaseSpinLock,0.004000,0.004000,0.0,0.0,11980000,25.0,25.0,2.500000,ntoskrnl.exe,KeReleaseSpinLock,[Unknown],0x14024ee60
_std_type_info_compare,0.004000,0.004000,0.0,0.0,74875000,25.0,25.0,0.400000,vcruntime140.dll,_std_type_info_compare,[Unknown],0x180005030
boost::archive::detail::basic_iarchive::load_object,0.004000,0.004000,0.0,0.0,44925000,71.4,71.4,0.333333,frankycpp_v1.8.exe,"boost::archive::detail::basic_iarchive::load_object(void *,class boost::archive::detail::basic_iserializer const &)",basic_iarchive.cpp,0x1402aef00
chess::Bitboard::operator bool,0.004000,0.004000,0.0,0.0,56905000,100.0,100.0,0.157895,frankycpp_v1.8.exe,chess::Bitboard::operator bool,bitboard.h,0x140269a25
chess::Bitboard::operator~,0.004000,0.004000,0.0,0.0,26955000,25.7,25.7,0.666667,frankycpp_v1.8.exe,chess::Bitboard::operator~,bitboard.h,0x140263cb4
chess::Bitboard::popLSB,0.004000,0.004000,0.0,0.0,20965000,28.6,28.6,1.142857,frankycpp_v1.8.exe,chess::Bitboard::popLSB,bitboard.h,0x14026a520
chess::CastlingRights::isEmpty,0.004000,0.004000,0.0,0.0,23960000,10.7,10.7,0.250000,frankycpp_v1.8.exe,chess::CastlingRights::isEmpty,castlingrights.h,0x14025bcd3
chess::Move::promotionType,0.004000,0.004000,0.0,0.0,65890000,,,0.545455,frankycpp_v1.8.exe,chess::Move::promotionType,move.h,0x14025c5be
chess::Move::to,0.004000,0.004000,0.0,0.0,11980000,4.5,4.5,1.500000,frankycpp_v1.8.exe,chess::Move::to,move.h,0x1402610a2
chess::Position::getKingSquare,0.004000,0.004000,0.0,0.0,95840000,37.7,37.7,0.406250,frankycpp_v1.8.exe,chess::Position::getKingSquare,Position.h,0x14026adb9
chess::Position::getNextPlayer,0.004000,0.004000,0.0,0.0,8985000,12.7,12.7,2.000000,frankycpp_v1.8.exe,chess::Position::getNextPlayer,Position.h,0x140263af9
chess::Position::getPieceBb,0.004000,0.004000,0.0,0.0,56905000,96.7,96.7,0.368421,frankycpp_v1.8.exe,chess::Position::getPieceBb,Position.h,0x140269a5d
chess::Square::file,0.004000,0.004000,0.0,0.0,14975000,26.7,26.7,1.000000,frankycpp_v1.8.exe,chess::Square::file,square.h,0x14025bd25
chess::Square::rank,0.004000,0.004000,0.0,0.0,77870000,50.4,50.4,0.423077,frankycpp_v1.8.exe,chess::Square::rank,square.h,0x14026ae03
chess::Value::operator int,0.004000,0.004000,0.0,0.0,14975000,,,1.600000,frankycpp_v1.8.exe,chess::Value::operator int,value.h,0x140220edc
chess::operator&,0.004000,0.004000,0.0,0.0,38935000,35.8,35.8,0.230769,frankycpp_v1.8.exe,chess::operator&,bitboard.h,0x14026a028
chess::operator&,0.004000,0.004000,0.0,0.0,92845000,,,0.419355,frankycpp_v1.8.exe,chess::operator&,bitboard.h,0x14029ea59
chess::operator&,0.004000,0.004000,0.0,0.0,65890000,58.7,58.7,0.363636,frankycpp_v1.8.exe,chess::operator&,bitboard.h,0x140263e2b
chess::operator&,0.004000,0.004000,0.0,0.0,59900000,100.0,100.0,0.300000,frankycpp_v1.8.exe,chess::operator&,bitboard.h,0x14026a40f
chess::operator+,0.004000,0.004000,0.0,0.0,23960000,100.0,100.0,0.375000,frankycpp_v1.8.exe,chess::operator+,value.h,0x1402699c1
chess::operator-,0.004000,0.004000,0.0,0.0,44925000,,,0.466667,frankycpp_v1.8.exe,chess::operator-,value.h,0x14029e767
chess::operator-,0.004000,0.004000,0.0,0.0,62895000,45.1,45.1,0.142857,frankycpp_v1.8.exe,chess::operator-,value.h,0x14021fbbb
chess::operator-,0.004000,0.004000,0.0,0.0,20965000,3.0,3.0,0.428571,frankycpp_v1.8.exe,chess::operator-,value.h,0x14022068f
chess::operator>,0.004000,0.004000,0.0,0.0,80865000,61.5,61.5,0.259259,frankycpp_v1.8.exe,chess::operator>,value.h,0x14021faa1
chess::operator|,0.004000,0.004000,0.0,0.0,50915000,24.1,24.1,0.705882,frankycpp_v1.8.exe,chess::operator|,bitboard.h,0x14026b224
chess::operator|,0.004000,0.004000,0.0,0.0,119800000,46.7,46.7,0.225000,frankycpp_v1.8.exe,chess::operator|,bitboard.h,0x14025c462
chess::operator|,0.004000,0.004000,0.0,0.0,83860000,36.7,36.7,0.464286,frankycpp_v1.8.exe,chess::operator|,bitboard.h,0x14029e6a7
chess::operator|,0.004000,0.004000,0.0,0.0,128785000,57.1,57.1,0.441860,frankycpp_v1.8.exe,chess::operator|,bitboard.h,0x14025c3de
chess::operator|,0.004000,0.004000,0.0,0.0,95840000,24.7,24.7,0.312500,frankycpp_v1.8.exe,chess::operator|,bitboard.h,0x140264080
chess::operator~,0.004000,0.004000,0.0,0.0,56905000,,,0.315789,frankycpp_v1.8.exe,chess::operator~,color.h,0x140263fd4
chess::operator~,0.004000,0.004000,0.0,0.0,68885000,9.9,9.9,0.478261,frankycpp_v1.8.exe,chess::operator~,color.h,0x14026b20a
chess::typeOf,0.004000,0.004000,0.0,0.0,65890000,,,0.363636,frankycpp_v1.8.exe,chess::typeOf,piece.h,0x14026305b
engine::Evaluator::valueFromScore,0.004000,0.004000,0.0,0.0,71880000,48.3,48.3,0.500000,frankycpp_v1.8.exe,engine::Evaluator::valueFromScore,Evaluator.cpp,0x140269d85
engine::Search::thread,0.004000,0.004000,0.0,0.0,74875000,94.0,94.0,0.080000,frankycpp_v1.8.exe,engine::Search::thread,Search.h,0x140221418
engine::Search::thread,0.004000,0.004000,0.0,0.0,20965000,,,0.857143,frankycpp_v1.8.exe,engine::Search::thread,Search.h,0x140221133
func@0x140202060,0.004000,0.004000,0.0,0.0,41930000,17.1,17.1,0.142857,ntoskrnl.exe,func@0x140202060,[Unknown],0x140202060
func@0x140202360,0.004000,0.004000,0.0,0.0,68885000,19.1,19.1,0.391304,ntoskrnl.exe,func@0x140202360,[Unknown],0x140202360
func@0x140256f09,0.004000,0.004000,0.0,0.0,0,0.0,0.0,,ntoskrnl.exe,func@0x140256f09,[Unknown],0x140256f09
func@0x14029b580,0.004000,0.004000,0.0,0.0,14975000,7.5,7.5,1.600000,ntoskrnl.exe,func@0x14029b580,[Unknown],0x14029b580
func@0x1402f91f0,0.004000,0.004000,0.0,0.0,8985000,50.0,50.0,1.000000,ntoskrnl.exe,func@0x1402f91f0,[Unknown],0x1402f91f0
func@0x14040f6d0,0.004000,0.004000,0.0,0.0,26955000,16.6,16.6,1.000000,ntoskrnl.exe,func@0x14040f6d0,[Unknown],0x14040f6d0
func@0x1406b92ae,0.004000,0.004000,0.0,0.0,5990000,9.1,9.1,4.000000,ntoskrnl.exe,func@0x1406b92ae,[Unknown],0x1406b92ae
func@0x1800cfb60,0.004000,0.004000,0.0,0.0,11980000,10.0,10.0,1.000000,ntdll.dll,func@0x1800cfb60,[Unknown],0x1800cfb60
"std::array<chess::Bitboard,64>::operator[]",0.004000,0.004000,0.0,0.0,20965000,81.7,81.7,0.571429,frankycpp_v1.8.exe,"std::array<chess::Bitboard,64>::operator[]",array,0x1402699e4
"std::array<chess::Bitboard,64>::operator[]",0.004000,0.004000,0.0,0.0,14975000,25.8,25.8,0.800000,frankycpp_v1.8.exe,"std::array<chess::Bitboard,64>::operator[]",array,0x14029ea94
"std::array<chess::Bitboard,8>::operator[]",0.004000,0.004000,0.0,0.0,44925000,58.2,58.2,0.600000,frankycpp_v1.8.exe,"std::array<chess::Bitboard,8>::operator[]",array,0x14026381e
"std::array<int,64>::operator[]",0.004000,0.004000,0.0,0.0,8985000,17.0,17.0,0.666667,frankycpp_v1.8.exe,"std::array<int,64>::operator[]",array,0x140220a53
"std::array<std::array<int,64>,64>::operator[]",0.004000,0.004000,0.0,0.0,155740000,36.3,36.3,0.442308,frankycpp_v1.8.exe,"std::array<std::array<int,64>,64>::operator[]",array,0x140262f45
"std::basic_streambuf<char,struct std::char_traits<char> >::sgetn",0.004000,0.004000,0.0,0.0,23960000,70.0,70.0,0.625000,msvcp140.dll,"std::basic_streambuf<char,struct std::char_traits<char> >::sgetn(char * __ptr64,__int64)",[Unknown],0x180009110
std::countr_zero,0.004000,0.004000,0.0,0.0,41930000,100.0,100.0,0.571429,frankycpp_v1.8.exe,std::countr_zero,bit,0x140263c05
std::countr_zero,0.004000,0.004000,0.0,0.0,8985000,,,1.000000,frankycpp_v1.8.exe,std::countr_zero,bit,0x140269fc0
std::countr_zero,0.004000,0.004000,0.0,0.0,23960000,19.0,19.0,0.625000,frankycpp_v1.8.exe,std::countr_zero,bit,0x140263e50
std::popcount,0.004000,0.004000,0.0,0.0,65890000,45.5,45.5,0.545455,frankycpp_v1.8.exe,std::popcount,bit,0x14026b121
std::ranges::_Swap::_Cpo::operator(),0.004000,0.004000,0.0,0.0,11980000,15.9,15.9,0.250000,frankycpp_v1.8.exe,std::ranges::_Swap::_Cpo::operator(),concepts,0x14026451b
"std::unique_ptr<engine::PawnTT::Entry [0],std::default_delete<engine::PawnTT::Entry [0]> >::operator[]",0.004000,0.004000,0.0,0.0,50915000,26.8,26.8,0.588235,frankycpp_v1.8.exe,"std::unique_ptr<engine::PawnTT::Entry [0],std::default_delete<engine::PawnTT::Entry [0]> >::operator[]",memory,0x140267579
KeInsertQueueApc,0.003000,0.003000,0.0,0.0,2995000,0.0,0.0,1.000000,ntoskrnl.exe,KeInsertQueueApc,[Unknown],0x1402e7960
[ntoskrnl.exe],0.003000,0.003000,0.0,0.0,2995000,2.5,2.5,3.000000,ntoskrnl.exe,[ntoskrnl.exe],[Unknown],0x0
boost::archive::detail::basic_iarchive_impl::register_type,0.003000,0.003000,0.0,0.0,50915000,100.0,100.0,0.235294,frankycpp_v1.8.exe,boost::archive::detail::basic_iarchive_impl::register_type(class boost::archive::detail::basic_iserializer const &),basic_iarchive.cpp,0x1402af740
chess::Bitboard::operator bool,0.003000,0.003000,0.0,0.0,65890000,41.1,41.1,0.409091,frankycpp_v1.8.exe,chess::Bitboard::operator bool,bitboard.h,0x140263a12
chess::Bitboard::operator bool,0.003000,0.003000,0.0,0.0,59900000,22.2,22.2,0.300000,frankycpp_v1.8.exe,chess::Bitboard::operator bool,bitboard.h,0x14026a4ec
chess::Bitboard::operator|=,0.003000,0.003000,0.0,0.0,29950000,,,0.100000,frankycpp_v1.8.exe,chess::Bitboard::operator|=,bitboard.h,0x140263066
chess::Bitboard::popLSB,0.003000,0.003000,0.0,0.0,20965000,100.0,100.0,0.571429,frankycpp_v1.8.exe,chess::Bitboard::popLSB,bitboard.h,0x14026ab97
chess::Bitboard::{ctor},0.003000,0.003000,0.0,0.0,8985000,7.7,7.7,0.0,frankycpp_v1.8.exe,chess::Bitboard::{ctor},bitboard.h,0x1402637ef
chess::Bitboard::{ctor},0.003000,0.003000,0.0,0.0,56905000,27.7,27.7,0.684211,frankycpp_v1.8.exe,chess::Bitboard::{ctor},bitboard.h,0x14016ca0c
chess::Direction::pawnPush,0.003000,0.003000,0.0,0.0,35940000,,,0.500000,frankycpp_v1.8.exe,chess::Direction::pawnPush,direction.h,0x140263276
chess::Move::from,0.003000,0.003000,0.0,0.0,2995000,0.0,0.0,0.0,frankycpp_v1.8.exe,chess::Move::from,move.h,0x14026109f
chess::Move::type,0.003000,0.003000,0.0,0.0,14975000,33.3,33.3,0.800000,frankycpp_v1.8.exe,chess::Move::type,move.h,0x1402215f7
chess::MoveGenerator::reset,0.003000,0.003000,0.0,0.0,0,0.0,0.0,,frankycpp_v1.8.exe,chess::MoveGenerator::reset,MoveGenerator.h,0x140216286
chess::Position::clearEnPassant,0.003000,0.003000,0.0,0.0,26955000,11.9,11.9,0.333333,frankycpp_v1.8.exe,chess::Position::clearEnPassant,Position.cpp,0x14025bc83
chess::Position::getEnPassantSquare,0.003000,0.003000,0.0,0.0,20965000,55.4,55.4,0.285714,frankycpp_v1.8.exe,chess::Position::getEnPassantSquare,Position.h,0x1402634d2
chess::Position::getLastMove,0.003000,0.003000,0.0,0.0,44925000,63.3,63.3,0.200000,frankycpp_v1.8.exe,chess::Position::getLastMove,Position.h,0x140220a8f
chess::Position::getPiece,0.003000,0.003000,0.0,0.0,0,,,0.0,frankycpp_v1.8.exe,chess::Position::getPiece,Position.h,0x1402610e3
chess::Square::rank,0.003000,0.003000,0.0,0.0,11980000,,,1.250000,frankycpp_v1.8.exe,chess::Square::rank,square.h,0x14026a1e2
chess::StaticMoveList<256>::push_back,0.003000,0.003000,0.0,0.0,2995000,100.0,100.0,0.0,frankycpp_v1.8.exe,chess::StaticMoveList<256>::push_back,staticmovelist.h,0x140263632
chess::Value::isValid,0.003000,0.003000,0.0,0.0,11980000,51.2,51.2,0.750000,frankycpp_v1.8.exe,chess::Value::isValid,value.h,0x140220edc
chess::operator&,0.003000,0.003000,0.0,0.0,8985000,25.7,25.7,0.666667,frankycpp_v1.8.exe,chess::operator&,bitboard.h,0x14026b23c
chess::operator&,0.003000,0.003000,0.0,0.0,23960000,35.9,35.9,0.500000,frankycpp_v1.8.exe,chess::operator&,bitboard.h,0x14025c254
chess::operator&,0.003000,0.003000,0.0,0.0,182695000,78.8,78.8,0.278689,frankycpp_v1.8.exe,chess::operator&,bitboard.h,0x14029e936
chess::operator&,0.003000,0.003000,0.0,0.0,20965000,17.1,17.1,1.000000,frankycpp_v1.8.exe,chess::operator&,bitboard.h,0x14022052f
chess::operator&,0.003000,0.003000,0.0,0.0,8985000,51.9,51.9,0.333333,frankycpp_v1.8.exe,chess::operator&,bitboard.h,0x14029ea80
chess::operator&,0.003000,0.003000,0.0,0.0,0,0.0,0.0,0.0,frankycpp_v1.8.exe,chess::operator&,bitboard.h,0x140261370
chess::operator&,0.003000,0.003000,0.0,0.0,56905000,82.1,82.1,0.157895,frankycpp_v1.8.exe,chess::operator&,bitboard.h,0x14029ea9e
chess::operator&,0.003000,0.003000,0.0,0.0,68885000,65.2,65.2,0.304348,frankycpp_v1.8.exe,chess::operator&,bitboard.h,0x14025c2d3
chess::operator&,0.003000,0.003000,0.0,0.0,50915000,,,0.529412,frankycpp_v1.8.exe,chess::operator&,bitboard.h,0x140263974
chess::operator&,0.003000,0.003000,0.0,0.0,56905000,23.6,23.6,0.263158,frankycpp_v1.8.exe,chess::operator&,bitboard.h,0x14026a019
chess::operator+,0.003000,0.003000,0.0,0.0,38935000,,,0.461538,frankycpp_v1.8.exe,chess::operator+,direction.h,0x14026a07c
chess::operator+,0.003000,0.003000,0.0,0.0,44925000,10.5,10.5,0.533333,frankycpp_v1.8.exe,chess::operator+,value.h,0x140220d8c
chess::operator+=,0.003000,0.003000,0.0,0.0,26955000,21.0,21.0,0.666667,frankycpp_v1.8.exe,chess::operator+=,value.h,0x14026b1c7
chess::operator-,0.003000,0.003000,0.0,0.0,26955000,,,0.444444,frankycpp_v1.8.exe,chess::operator-,value.h,0x140262fcc
chess::operator-,0.003000,0.003000,0.0,0.0,2995000,0.0,0.0,8.000000,frankycpp_v1.8.exe,chess::operator-,value.h,0x140221354
chess::operator|,0.003000,0.003000,0.0,0.0,32945000,45.8,45.8,0.727273,frankycpp_v1.8.exe,chess::operator|,bitboard.h,0x14025c1f8
chess::operator~,0.003000,0.003000,0.0,0.0,110815000,86.8,86.8,0.216216,frankycpp_v1.8.exe,chess::operator~,color.h,0x1402208d0
chess::operator~,0.003000,0.003000,0.0,0.0,8985000,,,0.666667,frankycpp_v1.8.exe,chess::operator~,color.h,0x14025c15d
chess::operator~,0.003000,0.003000,0.0,0.0,44925000,43.9,43.9,0.266667,frankycpp_v1.8.exe,chess::operator~,color.h,0x14025c6e1
chess::typeOf,0.003000,0.003000,0.0,0.0,32945000,100.0,100.0,0.0,frankycpp_v1.8.exe,chess::typeOf,piece.h,0x140263e6d
engine::Search::rootSearch,0.003000,0.003000,0.0,0.0,11980000,,,0.0,frankycpp_v1.8.exe,"engine::Search::rootSearch(class chess::Position &,enum chess::Depth,class chess::Value,class chess::Value,int)",Search.cpp,0x14021ee80
engine::Search::thread,0.003000,0.003000,0.0,0.0,20965000,70.6,70.6,0.428571,frankycpp_v1.8.exe,engine::Search::thread,Search.h,0x14021faff
engine::Search::thread,0.003000,0.003000,0.0,0.0,38935000,24.0,24.0,0.461538,frankycpp_v1.8.exe,engine::Search::thread,Search.h,0x14021f932
engine::TT::Entry::{ctor},0.003000,0.003000,0.0,0.0,0,0.0,0.0,0.0,frankycpp_v1.8.exe,engine::TT::Entry::{ctor},TT.h,0x14026d6b7
engine::TT::resize,0.003000,0.003000,0.0,0.0,0,50.0,50.0,,frankycpp_v1.8.exe,engine::TT::resize(unsigned __int64),TT.cpp,0x14026c8d0
func@0x140002b5e,0.003000,0.003000,0.0,0.0,44925000,21.4,21.4,0.133333,wpprecorder.sys,func@0x140002b5e,[Unknown],0x140002b5e
func@0x140027040,0.003000,0.003000,0.0,0.0,17970000,16.7,16.7,0.666667,usbxhci.sys,func@0x140027040,[Unknown],0x140027040
func@0x140094a80,0.003000,0.003000,0.0,0.0,0,0.0,0.0,0.0,e2fn.sys,func@0x140094a80,[Unknown],0x140094a80
func@0x1400f9ec0,0.003000,0.003000,0.0,0.0,5990000,36.4,36.4,1.500000,nvlddmkm.sys,func@0x1400f9ec0,[Unknown],0x1400f9ec0
func@0x140255c9d,0.003000,0.003000,0.0,0.0,8985000,8.0,8.0,0.666667,ntoskrnl.exe,func@0x140255c9d,[Unknown],0x140255c9d
func@0x140256220,0.003000,0.003000,0.0,0.0,14975000,10.0,10.0,1.200000,ntoskrnl.exe,func@0x140256220,[Unknown],0x140256220
func@0x14029a67b,0.003000,0.003000,0.0,0.0,2995000,9.8,9.8,7.000000,ntoskrnl.exe,func@0x14029a67b,[Unknown],0x14029a67b
func@0x14029c48c,0.003000,0.003000,0.0,0.0,29950000,66.7,66.7,0.200000,ntoskrnl.exe,func@0x14029c48c,[Unknown],0x14029c48c
func@0x1402b00f0,0.003000,0.003000,0.0,0.0,0,4.8,4.8,,ntoskrnl.exe,func@0x1402b00f0,[Unknown],0x1402b00f0
func@0x1402e6740,0.003000,0.003000,0.0,0.0,8985000,66.7,66.7,1.333333,ntoskrnl.exe,func@0x1402e6740,[Unknown],0x1402e6740
func@0x1402ebfd0,0.003000,0.003000,0.0,0.0,5990000,6.7,6.7,3.000000,ntoskrnl.exe,func@0x1402ebfd0,[Unknown],0x1402ebfd0
func@0x1402ec8e8,0.003000,0.003000,0.0,0.0,0,0.0,0.0,,ntoskrnl.exe,func@0x1402ec8e8,[Unknown],0x1402ec8e8
func@0x140309300,0.003000,0.003000,0.0,0.0,0,18.2,18.2,,nvlddmkm.sys,func@0x140309300,[Unknown],0x140309300
func@0x14033b990,0.003000,0.003000,0.0,0.0,2995000,11.1,11.1,0.0,ntoskrnl.exe,func@0x14033b990,[Unknown],0x14033b990
func@0x14033ced0,0.003000,0.003000,0.0,0.0,2995000,0.0,0.0,4.000000,ntoskrnl.exe,func@0x14033ced0,[Unknown],0x14033ced0
func@0x1403993e0,0.003000,0.003000,0.0,0.0,8985000,17.4,17.4,1.000000,nvlddmkm.sys,func@0x1403993e0,[Unknown],0x1403993e0
func@0x1403ceb90,0.003000,0.003000,0.0,0.0,0,0.0,0.0,,ntoskrnl.exe,func@0x1403ceb90,[Unknown],0x1403ceb90
func@0x1403d6ed0,0.003000,0.003000,0.0,0.0,2995000,16.7,16.7,4.000000,ntoskrnl.exe,func@0x1403d6ed0,[Unknown],0x1403d6ed0
func@0x1403e1d50,0.003000,0.003000,0.0,0.0,0,3.5,3.5,,ntoskrnl.exe,func@0x1403e1d50,[Unknown],0x1403e1d50
func@0x1404e76a0,0.003000,0.003000,0.0,0.0,8985000,21.1,21.1,1.333333,ntoskrnl.exe,func@0x1404e76a0,[Unknown],0x1404e76a0
func@0x1406b1f90,0.003000,0.003000,0.0,0.0,0,3.6,3.6,,ntoskrnl.exe,func@0x1406b1f90,[Unknown],0x1406b1f90
func@0x1800509e0,0.003000,0.003000,0.0,0.0,0,0.0,0.0,,ntdll.dll,func@0x1800509e0,[Unknown],0x1800509e0
"std::_Atomic_storage<unsigned __int64,8>::load",0.003000,0.003000,0.0,0.0,11980000,0.0,0.0,0.250000,frankycpp_v1.8.exe,"std::_Atomic_storage<unsigned __int64,8>::load",atomic,0x1402665d7
"std::_List_node<std::pair<unsigned __int64 const ,book::BookEntry>,void *>::_Freenode",0.003000,0.003000,0.0,0.0,2995000,11.5,11.5,5.000000,frankycpp_v1.8.exe,"std::_List_node<std::pair<unsigned __int64 const ,book::BookEntry>,void *>::_Freenode",list,0x140239d73
"std::_Tree<std::_Tset_traits<boost::archive::detail::basic_iarchive_impl::cobject_type,std::less<boost::archive::detail::basic_iarchive_impl::cobject_type>,std::allocator<boost::archive::detail::basic_iarchive_impl::cobject_type>,0> >::insert",0.003000,0.003000,0.0,0.0,8985000,85.7,85.7,0.333333,frankycpp_v1.8.exe,"std::_Tree<std::_Tset_traits<boost::archive::detail::basic_iarchive_impl::cobject_type,std::less<boost::archive::detail::basic_iarchive_impl::cobject_type>,std::allocator<boost::archive::detail::basic_iarchive_impl::cobject_type>,0> >::insert",xtree,0x1402af778
"std::array<chess::Bitboard,64>::operator[]",0.003000,0.003000,0.0,0.0,68885000,44.0,44.0,0.260870,frankycpp_v1.8.exe,"std::array<chess::Bitboard,64>::operator[]",array,0x14026306a
"std::array<chess::Bitboard,8>::operator[]",0.003000,0.003000,0.0,0.0,62895000,,,0.238095,frankycpp_v1.8.exe,"std::array<chess::Bitboard,8>::operator[]",array,0x1402637bb
"std::array<chess::Bitboard,8>::operator[]",0.003000,0.003000,0.0,0.0,35940000,39.6,39.6,1.000000,frankycpp_v1.8.exe,"std::array<chess::Bitboard,8>::operator[]",array,0x140263971
std::atomic<unsigned __int64>::{ctor},0.003000,0.003000,0.0,0.0,2995000,5.6,5.6,4.000000,frankycpp_v1.8.exe,std::atomic<unsigned __int64>::{ctor},atomic,0x14026d6cb
std::countr_zero,0.003000,0.003000,0.0,0.0,38935000,34.6,34.6,0.846154,frankycpp_v1.8.exe,std::countr_zero,bit,0x14029e968
std::countr_zero,0.003000,0.003000,0.0,0.0,8985000,32.0,32.0,1.000000,frankycpp_v1.8.exe,std::countr_zero,bit,0x14026b412
std::min,0.003000,0.003000,0.0,0.0,50915000,58.8,58.8,0.529412,frankycpp_v1.8.exe,std::min,utility,0x14022041e
std::popcount,0.003000,0.003000,0.0,0.0,14975000,28.6,28.6,1.200000,frankycpp_v1.8.exe,std::popcount,bit,0x14026b283
"std::ranges::_Med3_common<chess::Move *,chess::moveValueGreaterComparator,std::identity>",0.003000,0.003000,0.0,0.0,8985000,,,0.666667,frankycpp_v1.8.exe,"std::ranges::_Med3_common<chess::Move *,chess::moveValueGreaterComparator,std::identity>(class chess::Move *, class chess::Move *, class chess::Move *, struct chess::moveValueGreaterComparator, struct std::identity)",algorithm,0x140265100
std::ranges::_Swap::_Cpo::operator(),0.003000,0.003000,0.0,0.0,14975000,,,0.200000,frankycpp_v1.8.exe,std::ranges::_Swap::_Cpo::operator(),concepts,0x14026445e
"std::unique_ptr<engine::TT::TTCluster [0],std::default_delete<engine::TT::TTCluster [0]> >::operator[]",0.003000,0.003000,0.0,0.0,20965000,25.8,25.8,0.428571,frankycpp_v1.8.exe,"std::unique_ptr<engine::TT::TTCluster [0],std::default_delete<engine::TT::TTCluster [0]> >::operator[]",memory,0x14026d5f2
FlsGetValue,0.002000,0.002000,0.0,0.0,0,0.0,0.0,0.0,kernel32.dll,FlsGetValue,[Unknown],0x180012a00
KeSetEvent,0.002000,0.002000,0.0,0.0,2995000,0.0,0.0,3.000000,ntoskrnl.exe,KeSetEvent,[Unknown],0x1402736d0
RtlNumberOfSetBitsEx,0.002000,0.002000,0.0,0.0,14975000,32.0,32.0,0.400000,ntoskrnl.exe,RtlNumberOfSetBitsEx,[Unknown],0x140410170
__builtin_array_init_helper<class chess::Move>,0.002000,0.002000,0.0,0.0,0,12.5,12.5,,frankycpp_v1.8.exe,"__builtin_array_init_helper<class chess::Move>(class chess::Move *,unsigned __int64)",[Unknown],0x1401a06a0
_chkstk,0.002000,0.002000,0.0,0.0,0,100.0,100.0,0.0,frankycpp_v1.8.exe,_chkstk,chkstk.asm,0x14061aa50
"boost::archive::basic_binary_iprimitive<class boost::archive::binary_iarchive,char,struct std::char_traits<char> >::load_binary",0.002000,0.002000,0.0,0.0,8985000,,,0.0,frankycpp_v1.8.exe,"boost::archive::basic_binary_iprimitive<class boost::archive::binary_iarchive,char,struct std::char_traits<char> >::load_binary(void *,unsigned __int64)",basic_binary_iprimitive.hpp,0x140285820
boost::archive::detail::basic_iarchive_impl::load_object,0.002000,0.002000,0.0,0.0,20965000,100.0,100.0,0.142857,frankycpp_v1.8.exe,boost::archive::detail::basic_iarchive_impl::load_object,basic_iarchive.cpp,0x1402aef21
boost::serialization::extended_type_info::operator<,0.002000,0.002000,0.0,0.0,26955000,100.0,100.0,0.444444,frankycpp_v1.8.exe,boost::serialization::extended_type_info::operator<(class boost::serialization::extended_type_info const &),extended_type_info.cpp,0x1402ba150
"boost::serialization::load<class boost::archive::binary_iarchive,unsigned __int64,class std::allocator<unsigned __int64> >",0.002000,0.002000,0.0,0.0,0,50.0,50.0,0.0,frankycpp_v1.8.exe,"boost::serialization::load<class boost::archive::binary_iarchive,unsigned __int64,class std::allocator<unsigned __int64> >(class boost::archive::binary_iarchive &,class std::vector<unsigned __int64,class std::allocator<unsigned __int64> > &,unsigned int,struct boost::mpl::bool_<1>)",vector.hpp,0x140292940
"boost::serialization::singleton<class boost::archive::detail::iserializer<class boost::archive::binary_iarchive,class chess::Move> >::get_instance",0.002000,0.002000,0.0,0.0,5990000,100.0,100.0,0.0,frankycpp_v1.8.exe,"boost::serialization::singleton<class boost::archive::detail::iserializer<class boost::archive::binary_iarchive,class chess::Move> >::get_instance(void)",singleton.hpp,0x140294890
"boost::serialization::singleton<class boost::archive::detail::iserializer<class boost::archive::binary_iarchive,class std::vector<class chess::Move,class std::allocator<class chess::Move> > > >::get_instance",0.002000,0.002000,0.0,0.0,11980000,33.3,33.3,0.0,frankycpp_v1.8.exe,"boost::serialization::singleton<class boost::archive::detail::iserializer<class boost::archive::binary_iarchive,class std::vector<class chess::Move,class std::allocator<class chess::Move> > > >::get_instance(void)",singleton.hpp,0x140290ac0
"boost::serialization::smart_cast_reference<boost::archive::binary_iarchive &,boost::archive::detail::basic_iarchive>",0.002000,0.002000,0.0,0.0,2995000,,,0.0,frankycpp_v1.8.exe,"boost::serialization::smart_cast_reference<boost::archive::binary_iarchive &,boost::archive::detail::basic_iarchive>(class boost::archive::detail::basic_iarchive & const)",smart_cast.hpp,0x140286660
"boost::serialization::stl::collection_load_impl<class boost::archive::binary_iarchive,class std::vector<class chess::Move,class std::allocator<class chess::Move> > >",0.002000,0.002000,0.0,0.0,8985000,20.0,20.0,0.333333,frankycpp_v1.8.exe,"boost::serialization::stl::collection_load_impl<class boost::archive::binary_iarchive,class std::vector<class chess::Move,class std::allocator<class chess::Move> > >(class boost::archive::binary_iarchive &,class std::vector<class chess::Move,class std::allocator<class chess::Move> > &,class boost::serialization::collection_size_type,class boost::serialization::item_version_type)",collections_load_imp.hpp,0x140292740
chess::Bitboard::operator bool,0.002000,0.002000,0.0,0.0,35940000,33.3,33.3,0.250000,frankycpp_v1.8.exe,chess::Bitboard::operator bool,bitboard.h,0x140269f78
chess::Bitboard::operator^=,0.002000,0.002000,0.0,0.0,38935000,67.2,67.2,0.461538,frankycpp_v1.8.exe,chess::Bitboard::operator^=,bitboard.h,0x14029e7ec
chess::Bitboard::operator|=,0.002000,0.002000,0.0,0.0,8985000,29.1,29.1,0.666667,frankycpp_v1.8.exe,chess::Bitboard::operator|=,bitboard.h,0x14026a021
chess::Bitboard::popLSB,0.002000,0.002000,0.0,0.0,2995000,50.0,50.0,0.0,frankycpp_v1.8.exe,chess::Bitboard::popLSB,bitboard.h,0x1402633f3
chess::Bitboard::popLSB,0.002000,0.002000,0.0,0.0,5990000,75.0,75.0,0.0,frankycpp_v1.8.exe,chess::Bitboard::popLSB,bitboard.h,0x140263703
chess::Bitboard::popLSB,0.002000,0.002000,0.0,0.0,26955000,16.8,16.8,0.444444,frankycpp_v1.8.exe,chess::Bitboard::popLSB,bitboard.h,0x14026a3b1
chess::Bitboard::popLSB,0.002000,0.002000,0.0,0.0,20965000,,,1.142857,frankycpp_v1.8.exe,chess::Bitboard::popLSB,bitboard.h,0x140269fc0
chess::Bitboard::popLSB,0.002000,0.002000,0.0,0.0,17970000,,,1.166667,frankycpp_v1.8.exe,chess::Bitboard::popLSB,bitboard.h,0x140263e50
chess::Bitboard::popLSB,0.002000,0.002000,0.0,0.0,35940000,,,0.083333,frankycpp_v1.8.exe,chess::Bitboard::popLSB,bitboard.h,0x140263f70
chess::Bitboard::popLSB,0.002000,0.002000,0.0,0.0,23960000,66.8,66.8,0.375000,frankycpp_v1.8.exe,chess::Bitboard::popLSB,bitboard.h,0x140269a30
chess::CastlingRights::operator-=,0.002000,0.002000,0.0,0.0,20965000,63.9,63.9,0.857143,frankycpp_v1.8.exe,chess::CastlingRights::operator-=,castlingrights.h,0x14025bc66
chess::Direction::operator int,0.002000,0.002000,0.0,0.0,0,0.0,0.0,0.0,frankycpp_v1.8.exe,chess::Direction::operator int,direction.h,0x140263537
chess::Direction::pawnPush,0.002000,0.002000,0.0,0.0,2995000,25.0,25.0,4.000000,frankycpp_v1.8.exe,chess::Direction::pawnPush,direction.h,0x1402636f8
chess::Move::encode,0.002000,0.002000,0.0,0.0,32945000,11.8,11.8,0.454545,frankycpp_v1.8.exe,chess::Move::encode,move.h,0x1402632b2
chess::Move::operator==,0.002000,0.002000,0.0,0.0,8985000,7.4,7.4,1.333333,frankycpp_v1.8.exe,chess::Move::operator==,PVTable.h,0x140260fc3
chess::Move::to,0.002000,0.002000,0.0,0.0,53910000,,,0.222222,frankycpp_v1.8.exe,chess::Move::to,move.h,0x14022053a
chess::Move::type,0.002000,0.002000,0.0,0.0,47920000,,,0.062500,frankycpp_v1.8.exe,chess::Move::type,move.h,0x1402208fc
chess::Move::{ctor},0.002000,0.002000,0.0,0.0,5990000,,,1.000000,frankycpp_v1.8.exe,chess::Move::{ctor},move.h,0x14026370d
chess::MoveGenerator::reset,0.002000,0.002000,0.0,0.0,0,0.0,0.0,,frankycpp_v1.8.exe,chess::MoveGenerator::reset,MoveGenerator.h,0x140216694
chess::MoveGenerator::reset,0.002000,0.002000,0.0,0.0,0,0.0,0.0,,frankycpp_v1.8.exe,chess::MoveGenerator::reset,MoveGenerator.h,0x140216243
chess::Position::getNextPlayer,0.002000,0.002000,0.0,0.0,11980000,5.9,5.9,1.750000,frankycpp_v1.8.exe,chess::Position::getNextPlayer,Position.h,0x14021f3c2
chess::Position::getPieceBb,0.002000,0.002000,0.0,0.0,44925000,34.7,34.7,0.333333,frankycpp_v1.8.exe,chess::Position::getPieceBb,Position.h,0x14029eaed
chess::Position::getPieceBb,0.002000,0.002000,0.0,0.0,53910000,34.6,34.6,0.444444,frankycpp_v1.8.exe,chess::Position::getPieceBb,Position.h,0x14029ea1d
chess::Position::getPieceBb,0.002000,0.002000,0.0,0.0,38935000,20.1,20.1,0.769231,frankycpp_v1.8.exe,chess::Position::getPieceBb,Position.h,0x14026adae
chess::StaticMoveList<256>::push_back,0.002000,0.002000,0.0,0.0,11980000,,,0.0,frankycpp_v1.8.exe,chess::StaticMoveList<256>::push_back,staticmovelist.h,0x140263748
chess::Value::operator int,0.002000,0.002000,0.0,0.0,62895000,52.8,52.8,0.190476,frankycpp_v1.8.exe,chess::Value::operator int,value.h,0x14025d6d5
chess::Value::{ctor},0.002000,0.002000,0.0,0.0,26955000,50.8,50.8,0.222222,frankycpp_v1.8.exe,chess::Value::{ctor},value.h,0x14021fa6f
chess::Value::{ctor},0.002000,0.002000,0.0,0.0,20965000,47.3,47.3,0.571429,frankycpp_v1.8.exe,chess::Value::{ctor},value.h,0x14029e8c0
chess::moveValueGreaterComparator::operator(),0.002000,0.002000,0.0,0.0,0,0.0,0.0,,frankycpp_v1.8.exe,chess::moveValueGreaterComparator::operator(),move.h,0x140264414
chess::operator&,0.002000,0.002000,0.0,0.0,14975000,88.4,88.4,0.600000,frankycpp_v1.8.exe,chess::operator&,bitboard.h,0x14029e91e
chess::operator&,0.002000,0.002000,0.0,0.0,32945000,39.6,39.6,0.545455,frankycpp_v1.8.exe,chess::operator&,bitboard.h,0x14026a66c
chess::operator&,0.002000,0.002000,0.0,0.0,17970000,,,0.166667,frankycpp_v1.8.exe,chess::operator&,bitboard.h,0x14029ea4f
chess::operator&,0.002000,0.002000,0.0,0.0,14975000,,,0.800000,frankycpp_v1.8.exe,chess::operator&,bitboard.h,0x140261331
chess::operator&,0.002000,0.002000,0.0,0.0,23960000,,,0.250000,frankycpp_v1.8.exe,chess::operator&,bitboard.h,0x14026a7eb
chess::operator&,0.002000,0.002000,0.0,0.0,23960000,10.9,10.9,0.375000,frankycpp_v1.8.exe,chess::operator&,bitboard.h,0x14026139a
chess::operator+,0.002000,0.002000,0.0,0.0,0,11.4,11.4,,frankycpp_v1.8.exe,chess::operator+,depth.h,0x1402207d0
chess::operator+,0.002000,0.002000,0.0,0.0,17970000,,,0.166667,frankycpp_v1.8.exe,chess::operator+,value.h,0x14021f374
chess::operator+,0.002000,0.002000,0.0,0.0,44925000,,,0.200000,frankycpp_v1.8.exe,chess::operator+,direction.h,0x14025c316
chess::operator+,0.002000,0.002000,0.0,0.0,0,0.0,0.0,,frankycpp_v1.8.exe,chess::operator+,depth.h,0x140220693
chess::operator+=,0.002000,0.002000,0.0,0.0,35940000,53.4,53.4,0.416667,frankycpp_v1.8.exe,chess::operator+=,value.h,0x14026a773
chess::operator+=,0.002000,0.002000,0.0,0.0,20965000,,,0.428571,frankycpp_v1.8.exe,chess::operator+=,value.h,0x14026a59d
chess::operator+=,0.002000,0.002000,0.0,0.0,0,,,,frankycpp_v1.8.exe,chess::operator+=,depth.h,0x14021fc8e
chess::operator+=,0.002000,0.002000,0.0,0.0,0,0.0,0.0,0.0,frankycpp_v1.8.exe,chess::operator+=,value.h,0x14026a2ed
chess::operator+=,0.002000,0.002000,0.0,0.0,5990000,39.2,39.2,0.500000,frankycpp_v1.8.exe,chess::operator+=,value.h,0x14026b50a
chess::operator-,0.002000,0.002000,0.0,0.0,32945000,12.5,12.5,0.363636,frankycpp_v1.8.exe,chess::operator-,value.h,0x140263fb5
chess::operator-,0.002000,0.002000,0.0,0.0,17970000,60.0,60.0,0.0,frankycpp_v1.8.exe,chess::operator-,value.h,0x14021fb4a
chess::operator-,0.002000,0.002000,0.0,0.0,2995000,12.3,12.3,3.000000,frankycpp_v1.8.exe,chess::operator-,value.h,0x140221342
chess::operator-,0.002000,0.002000,0.0,0.0,5990000,0.0,0.0,2.500000,frankycpp_v1.8.exe,chess::operator-,value.h,0x1402206bd
chess::operator-=,0.002000,0.002000,0.0,0.0,17970000,36.6,36.6,1.166667,frankycpp_v1.8.exe,chess::operator-=,depth.h,0x1402204a4
chess::operator>=,0.002000,0.002000,0.0,0.0,8985000,,,0.0,frankycpp_v1.8.exe,chess::operator>=,value.h,0x140220073
chess::operator~,0.002000,0.002000,0.0,0.0,8985000,66.8,66.8,0.666667,frankycpp_v1.8.exe,chess::operator~,color.h,0x14025c217
chess::operator~,0.002000,0.002000,0.0,0.0,26955000,75.0,75.0,0.111111,frankycpp_v1.8.exe,chess::operator~,color.h,0x140220a13
chess::operator~,0.002000,0.002000,0.0,0.0,8985000,,,0.0,frankycpp_v1.8.exe,chess::operator~,color.h,0x140263e27
chess::operator~,0.002000,0.002000,0.0,0.0,50915000,40.0,40.0,0.117647,frankycpp_v1.8.exe,chess::operator~,color.h,0x140263e7d
chess::operator~,0.002000,0.002000,0.0,0.0,23960000,,,0.125000,frankycpp_v1.8.exe,chess::operator~,color.h,0x1402209c8
engine::PVTable::update,0.002000,0.002000,0.0,0.0,8985000,29.8,29.8,0.666667,frankycpp_v1.8.exe,"engine::PVTable::update(class chess::Move,enum chess::Depth)",PVTable.h,0x140213c80
engine::PawnTT::getHash,0.002000,0.002000,0.0,0.0,5990000,0.0,0.0,0.500000,frankycpp_v1.8.exe,engine::PawnTT::getHash,PawnTT.h,0x14026a2bd
engine::Search::isTimeAlmostUp,0.002000,0.002000,0.0,0.0,26955000,11.1,11.1,0.444444,frankycpp_v1.8.exe,engine::Search::isTimeAlmostUp(void),Search.cpp,0x1402271e0
engine::Search::iterativeDeepening,0.002000,0.002000,0.0,0.0,0,0.0,0.0,0.0,frankycpp_v1.8.exe,engine::Search::iterativeDeepening(class chess::Position &),Search.cpp,0x14021bfc0
engine::Search::thread,0.002000,0.002000,0.0,0.0,0,0.0,0.0,0.0,frankycpp_v1.8.exe,engine::Search::thread,Search.h,0x140220a56
func@0x140001000,0.002000,0.002000,0.0,0.0,0,0.0,0.0,0.0,winhvr.sys,func@0x140001000,[Unknown],0x140001000
func@0x140001b60,0.002000,0.002000,0.0,0.0,0,0.0,0.0,0.0,intelppm.sys,func@0x140001b60,[Unknown],0x140001b60
func@0x140006080,0.002000,0.002000,0.0,0.0,0,0.0,0.0,,ucx01000.sys,func@0x140006080,[Unknown],0x140006080
func@0x140015d90,0.002000,0.002000,0.0,0.0,0,0.0,0.0,,dxgmms2.sys,func@0x140015d90,[Unknown],0x140015d90
func@0x140020340,0.002000,0.002000,0.0,0.0,0,0.0,0.0,0.0,netadaptercx.sys,func@0x140020340,[Unknown],0x140020340
func@0x140025370,0.002000,0.002000,0.0,0.0,0,0.0,0.0,0.0,wdf01000.sys,func@0x140025370,[Unknown],0x140025370
func@0x1400e4520,0.002000,0.002000,0.0,0.0,0,0.0,0.0,,nvlddmkm.sys,func@0x1400e4520,[Unknown],0x1400e4520
func@0x1400f9060,0.002000,0.002000,0.0,0.0,0,0.0,0.0,0.0,nvlddmkm.sys,func@0x1400f9060,[Unknown],0x1400f9060
func@0x140127260,0.002000,0.002000,0.0,0.0,11980000,100.0,100.0,0.0,nvlddmkm.sys,func@0x140127260,[Unknown],0x140127260
func@0x14020fa80,0.002000,0.002000,0.0,0.0,0,0.0,0.0,,ntoskrnl.exe,func@0x14020fa80,[Unknown],0x14020fa80
func@0x14021d340,0.002000,0.002000,0.0,0.0,2995000,100.0,100.0,1.000000,ntoskrnl.exe,func@0x14021d340,[Unknown],0x14021d340
func@0x140222210,0.002000,0.002000,0.0,0.0,5990000,75.0,75.0,1.000000,ntoskrnl.exe,func@0x140222210,[Unknown],0x140222210
func@0x1402582b0,0.002000,0.002000,0.0,0.0,8985000,20.0,20.0,0.333333,ntoskrnl.exe,func@0x1402582b0,[Unknown],0x1402582b0
func@0x1402585aa,0.002000,0.002000,0.0,0.0,2995000,0.0,0.0,1.000000,ntoskrnl.exe,func@0x1402585aa,[Unknown],0x1402585aa
func@0x14025dcc0,0.002000,0.002000,0.0,0.0,2995000,0.0,0.0,2.000000,nvlddmkm.sys,func@0x14025dcc0,[Unknown],0x14025dcc0
func@0x140273826,0.002000,0.002000,0.0,0.0,0,0.0,0.0,,ntoskrnl.exe,func@0x140273826,[Unknown],0x140273826
func@0x140279b30,0.002000,0.002000,0.0,0.0,5990000,20.0,20.0,0.500000,nvlddmkm.sys,func@0x140279b30,[Unknown],0x140279b30
func@0x140292ac2,0.002000,0.002000,0.0,0.0,0,25.0,25.0,0.0,ntoskrnl.exe,func@0x140292ac2,[Unknown],0x140292ac2
func@0x1402942c0,0.002000,0.002000,0.0,0.0,0,0.0,0.0,,ntoskrnl.exe,func@0x1402942c0,[Unknown],0x1402942c0
func@0x1402960f0,0.002000,0.002000,0.0,0.0,0,0.0,0.0,0.0,ntoskrnl.exe,func@0x1402960f0,[Unknown],0x1402960f0
func@0x14029c140,0.002000,0.002000,0.0,0.0,29950000,21.2,21.2,1.800000,ntoskrnl.exe,func@0x14029c140,[Unknown],0x14029c140
func@0x14029d1e0,0.002000,0.002000,0.0,0.0,14975000,22.2,22.2,0.600000,ntoskrnl.exe,func@0x14029d1e0,[Unknown],0x14029d1e0
func@0x14029e348,0.002000,0.002000,0.0,0.0,5990000,33.3,33.3,0.500000,ntoskrnl.exe,func@0x14029e348,[Unknown],0x14029e348
func@0x1402ea497,0.002000,0.002000,0.0,0.0,0,0.0,0.0,0.0,ntoskrnl.exe,func@0x1402ea497,[Unknown],0x1402ea497
func@0x140309a10,0.002000,0.002000,0.0,0.0,5990000,0.0,0.0,0.0,nvlddmkm.sys,func@0x140309a10,[Unknown],0x140309a10
func@0x14033bfe0,0.002000,0.002000,0.0,0.0,5990000,6.2,6.2,2.500000,ntoskrnl.exe,func@0x14033bfe0,[Unknown],0x14033bfe0
func@0x14033c2e4,0.002000,0.002000,0.0,0.0,2995000,25.0,25.0,0.0,ntoskrnl.exe,func@0x14033c2e4,[Unknown],0x14033c2e4
func@0x14033fa70,0.002000,0.002000,0.0,0.0,0,0.0,0.0,,ntoskrnl.exe,func@0x14033fa70,[Unknown],0x14033fa70
func@0x140342948,0.002000,0.002000,0.0,0.0,0,0.0,0.0,,ntoskrnl.exe,func@0x140342948,[Unknown],0x140342948
func@0x140343680,0.002000,0.002000,0.0,0.0,2995000,,,1.000000,ntoskrnl.exe,func@0x140343680,[Unknown],0x140343680
func@0x140395cef,0.002000,0.002000,0.0,0.0,5990000,0.0,0.0,0.500000,nvlddmkm.sys,func@0x140395cef,[Unknown],0x140395cef
func@0x1403c7560,0.002000,0.002000,0.0,0.0,2995000,0.0,0.0,0.0,ntoskrnl.exe,func@0x1403c7560,[Unknown],0x1403c7560
func@0x1403c8fb0,0.002000,0.002000,0.0,0.0,0,0.0,0.0,,ntoskrnl.exe,func@0x1403c8fb0,[Unknown],0x1403c8fb0
func@0x1403ea474,0.002000,0.002000,0.0,0.0,26955000,9.1,9.1,0.555556,ntoskrnl.exe,func@0x1403ea474,[Unknown],0x1403ea474
func@0x1404063e0,0.002000,0.002000,0.0,0.0,0,0.0,0.0,,ntoskrnl.exe,func@0x1404063e0,[Unknown],0x1404063e0
func@0x1404f2aa0,0.002000,0.002000,0.0,0.0,8985000,0.0,0.0,0.666667,ntoskrnl.exe,func@0x1404f2aa0,[Unknown],0x1404f2aa0
func@0x1405e1574,0.002000,0.002000,0.0,0.0,5990000,6.9,6.9,1.500000,ntoskrnl.exe,func@0x1405e1574,[Unknown],0x1405e1574
func@0x1406a4e50,0.002000,0.002000,0.0,0.0,2995000,32.7,32.7,4.000000,ntoskrnl.exe,func@0x1406a4e50,[Unknown],0x1406a4e50
func@0x1406b2070,0.002000,0.002000,0.0,0.0,8985000,8.9,8.9,2.333333,ntoskrnl.exe,func@0x1406b2070,[Unknown],0x1406b2070
func@0x1406bfe40,0.002000,0.002000,0.0,0.0,35940000,,,0.166667,ntoskrnl.exe,func@0x1406bfe40,[Unknown],0x1406bfe40
func@0x140c9b32f,0.002000,0.002000,0.0,0.0,2995000,0.0,0.0,0.0,nvlddmkm.sys,func@0x140c9b32f,[Unknown],0x140c9b32f
func@0x140cd6550,0.002000,0.002000,0.0,0.0,0,0.0,0.0,,nvlddmkm.sys,func@0x140cd6550,[Unknown],0x140cd6550
func@0x140ce0a50,0.002000,0.002000,0.0,0.0,0,0.0,0.0,,nvlddmkm.sys,func@0x140ce0a50,[Unknown],0x140ce0a50
func@0x140d0e350,0.002000,0.002000,0.0,0.0,2995000,0.0,0.0,6.000000,nvlddmkm.sys,func@0x140d0e350,[Unknown],0x140d0e350
func@0x140d103d0,0.002000,0.002000,0.0,0.0,2995000,0.0,0.0,0.0,nvlddmkm.sys,func@0x140d103d0,[Unknown],0x140d103d0
func@0x180011200,0.002000,0.002000,0.0,0.0,53910000,57.1,57.1,0.222222,vcruntime140.dll,func@0x180011200,[Unknown],0x180011200
log,0.002000,0.002000,0.0,0.0,77870000,88.2,88.2,0.153846,ucrtbase.dll,log,[Unknown],0x1800a84d0
"log<int,0>",0.002000,0.002000,0.0,0.0,2995000,100.0,100.0,1.000000,frankycpp_v1.8.exe,"log<int,0>(int)",cmath,0x14022e8b0
lround,0.002000,0.002000,0.0,0.0,20965000,26.7,26.7,0.0,ucrtbase.dll,lround,[Unknown],0x18002a0a0
memset,0.002000,0.002000,0.0,0.0,0,14.3,14.3,,vcruntime140.dll,memset,[Unknown],0x1800126e0
std::_Fnv1a_append_bytes,0.002000,0.002000,0.0,0.0,20965000,60.0,60.0,0.285714,frankycpp_v1.8.exe,std::_Fnv1a_append_bytes,type_traits,0x140282960
"std::array<chess::Bitboard,64>::operator[]",0.002000,0.002000,0.0,0.0,8985000,0.0,0.0,0.333333,frankycpp_v1.8.exe,"std::array<chess::Bitboard,64>::operator[]",array,0x14026b44c
"std::array<chess::Bitboard,64>::operator[]",0.002000,0.002000,0.0,0.0,20965000,,,0.428571,frankycpp_v1.8.exe,"std::array<chess::Bitboard,64>::operator[]",array,0x14025d72e
"std::array<chess::Bitboard,64>::operator[]",0.002000,0.002000,0.0,0.0,8985000,,,0.0,frankycpp_v1.8.exe,"std::array<chess::Bitboard,64>::operator[]",array,0x14025c46a
"std::array<chess::Bitboard,64>::operator[]",0.002000,0.002000,0.0,0.0,20965000,,,0.571429,frankycpp_v1.8.exe,"std::array<chess::Bitboard,64>::operator[]",array,0x14026a7c2
"std::array<chess::HistoryState,1024>::operator[]",0.002000,0.002000,0.0,0.0,5990000,3.7,3.7,2.000000,frankycpp_v1.8.exe,"std::array<chess::HistoryState,1024>::operator[]",array,0x14025c1a0
"std::array<chess::Move,64>::operator[]",0.002000,0.002000,0.0,0.0,50915000,,,0.176471,frankycpp_v1.8.exe,"std::array<chess::Move,64>::operator[]",array,0x140220aac
"std::array<int,64>::operator[]",0.002000,0.002000,0.0,0.0,5990000,,,1.000000,frankycpp_v1.8.exe,"std::array<int,64>::operator[]",array,0x14026b03d
"std::array<int,64>::operator[]",0.002000,0.002000,0.0,0.0,14975000,,,0.800000,frankycpp_v1.8.exe,"std::array<int,64>::operator[]",array,0x14026b08d
"std::array<std::array<chess::Bitboard,64>,8>::operator[]",0.002000,0.002000,0.0,0.0,2995000,100.0,100.0,0.0,frankycpp_v1.8.exe,"std::array<std::array<chess::Bitboard,64>,8>::operator[]",array,0x140269f81
std::atomic<unsigned __int64>::{ctor},0.002000,0.002000,0.0,0.0,26955000,63.2,63.2,0.333333,frankycpp_v1.8.exe,std::atomic<unsigned __int64>::{ctor},atomic,0x14026dd70
"std::basic_filebuf<char,struct std::char_traits<char> >::xsgetn",0.002000,0.002000,0.0,0.0,32945000,64.3,64.3,0.090909,frankycpp_v1.8.exe,"std::basic_filebuf<char,struct std::char_traits<char> >::xsgetn(char * __ptr64,__int64)",__msvc_filebuf.hpp,0x14011a550
"std::basic_streambuf<char,std::char_traits<char> >::gbump",0.002000,0.002000,0.0,0.0,14975000,100.0,100.0,0.200000,frankycpp_v1.8.exe,"std::basic_streambuf<char,std::char_traits<char> >::gbump",streambuf,0x14011a5de
std::countr_zero,0.002000,0.002000,0.0,0.0,23960000,,,0.375000,frankycpp_v1.8.exe,std::countr_zero,bit,0x140263ce4
std::countr_zero,0.002000,0.002000,0.0,0.0,56905000,20.5,20.5,0.526316,frankycpp_v1.8.exe,std::countr_zero,bit,0x1402633f8
std::countr_zero,0.002000,0.002000,0.0,0.0,5990000,12.5,12.5,0.0,frankycpp_v1.8.exe,std::countr_zero,bit,0x14026ab97
std::min,0.002000,0.002000,0.0,0.0,8985000,22.2,22.2,1.333333,frankycpp_v1.8.exe,std::min,utility,0x14021f38c
std::min,0.002000,0.002000,0.0,0.0,29950000,35.6,35.6,0.300000,frankycpp_v1.8.exe,std::min,utility,0x140220da0
std::optional<engine::TT::Entry>::{ctor},0.002000,0.002000,0.0,0.0,0,0.0,0.0,,frankycpp_v1.8.exe,std::optional<engine::TT::Entry>::{ctor},optional,0x14026d63b
std::popcount,0.002000,0.002000,0.0,0.0,41930000,27.6,27.6,0.214286,frankycpp_v1.8.exe,std::popcount,bit,0x14026a172
std::popcount,0.002000,0.002000,0.0,0.0,11980000,46.5,46.5,0.250000,frankycpp_v1.8.exe,std::popcount,bit,0x14026b190
std::popcount,0.002000,0.002000,0.0,0.0,38935000,,,0.230769,frankycpp_v1.8.exe,std::popcount,bit,0x14026a0c8
std::popcount,0.002000,0.002000,0.0,0.0,26955000,26.3,26.3,0.333333,frankycpp_v1.8.exe,std::popcount,bit,0x14026b4bd
std::popcount,0.002000,0.002000,0.0,0.0,17970000,45.7,45.7,0.500000,frankycpp_v1.8.exe,std::popcount,bit,0x14025c9b9
std::ranges::_Guess_median_common,0.002000,0.002000,0.0,0.0,14975000,,,1.000000,frankycpp_v1.8.exe,std::ranges::_Guess_median_common,algorithm,0x140264343
std::ranges::_Swap::_Cpo::operator(),0.002000,0.002000,0.0,0.0,20965000,26.7,26.7,0.857143,frankycpp_v1.8.exe,std::ranges::_Swap::_Cpo::operator(),concepts,0x1402644c8
std::ranges::_Swap::_Cpo::operator(),0.002000,0.002000,0.0,0.0,11980000,28.6,28.6,0.750000,frankycpp_v1.8.exe,std::ranges::_Swap::_Cpo::operator(),concepts,0x1402644d2
"std::unique_ptr<engine::TT::TTCluster [0],std::default_delete<engine::TT::TTCluster [0]> >::operator[]",0.002000,0.002000,0.0,0.0,11980000,47.6,47.6,0.750000,frankycpp_v1.8.exe,"std::unique_ptr<engine::TT::TTCluster [0],std::default_delete<engine::TT::TTCluster [0]> >::operator[]",memory,0x14026d3ad
EntropyProvideData,0.001000,0.001000,0.0,0.0,0,0.0,0.0,0.0,cng.sys,EntropyProvideData,[Unknown],0x18002d0e0
EtwEventEnabled,0.001000,0.001000,0.0,0.0,0,0.0,0.0,0.0,ntoskrnl.exe,EtwEventEnabled,[Unknown],0x140322d70
ExReleaseResourceLite,0.001000,0.001000,0.0,0.0,0,0.0,0.0,,ntoskrnl.exe,ExReleaseResourceLite,[Unknown],0x14025b580
ExpInterlockedPushEntrySList,0.001000,0.001000,0.0,0.0,5990000,0.0,0.0,0.0,ntoskrnl.exe,ExpInterlockedPushEntrySList,[Unknown],0x1406b2e00
FlsSetValue,0.001000,0.001000,0.0,0.0,0,0.0,0.0,0.0,kernel32.dll,FlsSetValue,[Unknown],0x180037b50
IoGetRelatedDeviceObject,0.001000,0.001000,0.0,0.0,0,0.0,0.0,0.0,ntoskrnl.exe,IoGetRelatedDeviceObject,[Unknown],0x1403a8fb0
IoReleaseRemoveLockEx,0.001000,0.001000,0.0,0.0,0,0.0,0.0,0.0,ntoskrnl.exe,IoReleaseRemoveLockEx,[Unknown],0x140271740
KeAcquireSpinLockRaiseToDpc,0.001000,0.001000,0.0,0.0,20965000,20.0,20.0,0.428571,ntoskrnl.exe,KeAcquireSpinLockRaiseToDpc,[Unknown],0x140255c50
KeAndAffinityEx2,0.001000,0.001000,0.0,0.0,5990000,,,0.0,ntoskrnl.exe,KeAndAffinityEx2,[Unknown],0x1402052e0
KeGetCurrentProcessorNumberEx,0.001000,0.001000,0.0,0.0,0,0.0,0.0,0.0,ntoskrnl.exe,KeGetCurrentProcessorNumberEx,[Unknown],0x1403f94a0
KeIsEmptyAffinityEx,0.001000,0.001000,0.0,0.0,2995000,0.0,0.0,0.0,ntoskrnl.exe,KeIsEmptyAffinityEx,[Unknown],0x1403baf40
KfRaiseIrql,0.001000,0.001000,0.0,0.0,11980000,22.2,22.2,1.000000,ntoskrnl.exe,KfRaiseIrql,[Unknown],0x1403f9650
MmUnmapLockedPages,0.001000,0.001000,0.0,0.0,0,0.0,0.0,0.0,ntoskrnl.exe,MmUnmapLockedPages,[Unknown],0x14028eaf0
ObfDereferenceObject,0.001000,0.001000,0.0,0.0,0,0.0,0.0,,ntoskrnl.exe,ObfDereferenceObject,[Unknown],0x14031f940
PfFileInfoNotify,0.001000,0.001000,0.0,0.0,0,0.0,0.0,,ntoskrnl.exe,PfFileInfoNotify,[Unknown],0x140276350
Query_perf_frequency,0.001000,0.001000,0.0,0.0,0,0.0,0.0,,msvcp140.dll,Query_perf_frequency,[Unknown],0x180012980
RtlAcquireSRWLockShared,0.001000,0.001000,0.0,0.0,0,0.0,0.0,0.0,ntdll.dll,RtlAcquireSRWLockShared,[Unknown],0x18001afc0
RtlCopyMemory,0.001000,0.001000,0.0,0.0,20965000,14.4,14.4,1.285714,ntoskrnl.exe,RtlCopyMemory,[Unknown],0x1406bf140
RtlEnterCriticalSection,0.001000,0.0,0.001000,0.0,0,0.0,0.0,0.0,ntdll.dll,RtlEnterCriticalSection,[Unknown],0x18000d7f0
RtlGetNextExpiredTimerWheelEntry,0.001000,0.001000,0.0,0.0,2995000,0.0,0.0,0.0,netio.sys,RtlGetNextExpiredTimerWheelEntry,[Unknown],0x140033b90
RtlQueryPerformanceCounter,0.001000,0.001000,0.0,0.0,0,0.0,0.0,,ntdll.dll,RtlQueryPerformanceCounter,[Unknown],0x180084670
RtlRbRemoveNode,0.001000,0.001000,0.0,0.0,0,0.0,0.0,,ntoskrnl.exe,RtlRbRemoveNode,[Unknown],0x140304310
RtlUnicodeToMultiByteN,0.001000,0.001000,0.0,0.0,0,0.0,0.0,,ntdll.dll,RtlUnicodeToMultiByteN,[Unknown],0x1800b69f0
YAML::Stream::operator bool,0.001000,0.001000,0.0,0.0,2995000,,,0.0,frankycpp_v1.8.exe,YAML::Stream::operator bool(void),stream.cpp,0x1402ff570
[Import thunk memcpy],0.001000,0.001000,0.0,0.0,5990000,100.0,100.0,1.000000,frankycpp_v1.8.exe,[Import thunk memcpy],[Unknown],0x14061b8c2
[dbghelp.dll],0.001000,0.001000,0.0,0.0,0,0.0,0.0,0.0,dbghelp.dll,[dbghelp.dll],[Unknown],0x0
`vector constructor iterator',0.001000,0.001000,0.0,0.0,47920000,76.5,76.5,0.187500,frankycpp_v1.8.exe,"`vector constructor iterator'(void *,unsigned __int64,unsigned __int64,void * (*)(void *))",[Unknown],0x14010f320
"boost::archive::basic_binary_iprimitive<boost::archive::binary_iarchive,char,std::char_traits<char> >::load_binary",0.001000,0.001000,0.0,0.0,5990000,66.7,66.7,0.0,frankycpp_v1.8.exe,"boost::archive::basic_binary_iprimitive<boost::archive::binary_iarchive,char,std::char_traits<char> >::load_binary",basic_binary_iprimitive.hpp,0x140281724
"boost::archive::basic_binary_iprimitive<boost::archive::binary_iarchive,char,std::char_traits<char> >::load_binary",0.001000,0.001000,0.0,0.0,0,0.0,0.0,0.0,frankycpp_v1.8.exe,"boost::archive::basic_binary_iprimitive<boost::archive::binary_iarchive,char,std::char_traits<char> >::load_binary",basic_binary_iprimitive.hpp,0x140288dca
boost::archive::detail::basic_iarchive_impl::load_preamble,0.001000,0.001000,0.0,0.0,41930000,9.1,9.1,0.142857,frankycpp_v1.8.exe,"boost::archive::detail::basic_iarchive_impl::load_preamble(class boost::archive::detail::basic_iarchive &,class boost::archive::detail::basic_iarchive_impl::cobject_id &)",basic_iarchive.cpp,0x1402af580
boost::archive::detail::common_iarchive<boost::archive::binary_iarchive>::load_override,0.001000,0.001000,0.0,0.0,0,0.0,0.0,0.0,frankycpp_v1.8.exe,boost::archive::detail::common_iarchive<boost::archive::binary_iarchive>::load_override,common_iarchive.hpp,0x1402893c2
"boost::archive::detail::iserializer<class boost::archive::binary_iarchive,class book::BookEntry>::load_object_data",0.001000,0.001000,0.0,0.0,8985000,100.0,100.0,0.0,frankycpp_v1.8.exe,"boost::archive::detail::iserializer<class boost::archive::binary_iarchive,class book::BookEntry>::load_object_data(class boost::archive::detail::basic_iarchive &,void *,unsigned int)",iserializer.hpp,0x14028cfd0
"boost::serialization::load<class boost::archive::binary_iarchive,class book::BookEntry>",0.001000,0.001000,0.0,0.0,11980000,0.0,0.0,0.0,frankycpp_v1.8.exe,"boost::serialization::load<class boost::archive::binary_iarchive,class book::BookEntry>(class boost::archive::binary_iarchive &,class boost::serialization::nvp<class book::BookEntry> &,unsigned int)",nvp.hpp,0x14028c050
"boost::serialization::load<class boost::archive::binary_iarchive,class boost::serialization::collection_size_type>",0.001000,0.001000,0.0,0.0,20965000,100.0,100.0,0.285714,frankycpp_v1.8.exe,"boost::serialization::load<class boost::archive::binary_iarchive,class boost::serialization::collection_size_type>(class boost::archive::binary_iarchive &,class boost::serialization::nvp<class boost::serialization::collection_size_type> &,unsigned int)",nvp.hpp,0x140288d70
"boost::serialization::load<class boost::archive::binary_iarchive,class boost::serialization::item_version_type>",0.001000,0.001000,0.0,0.0,5990000,,,0.500000,frankycpp_v1.8.exe,"boost::serialization::load<class boost::archive::binary_iarchive,class boost::serialization::item_version_type>(class boost::archive::binary_iarchive &,class boost::serialization::nvp<class boost::serialization::item_version_type> &,unsigned int)",nvp.hpp,0x140288c60
"boost::serialization::nvp<std::vector<chess::Move,std::allocator<chess::Move> > >::{ctor}",0.001000,0.001000,0.0,0.0,0,0.0,0.0,0.0,frankycpp_v1.8.exe,"boost::serialization::nvp<std::vector<chess::Move,std::allocator<chess::Move> > >::{ctor}",nvp.hpp,0x14028d06f
boost::serialization::typeid_system::extended_type_info_typeid_0::is_less_than,0.001000,0.001000,0.0,0.0,20965000,80.0,80.0,0.285714,frankycpp_v1.8.exe,boost::serialization::typeid_system::extended_type_info_typeid_0::is_less_than(class boost::serialization::extended_type_info const &),extended_type_info_typeid.cpp,0x1402b9360
chess::Bitboard::lsb,0.001000,0.001000,0.0,0.0,8985000,100.0,100.0,0.0,frankycpp_v1.8.exe,chess::Bitboard::lsb,bitboard.h,0x14026304a
chess::Bitboard::operator bool,0.001000,0.001000,0.0,0.0,44925000,54.9,54.9,0.333333,frankycpp_v1.8.exe,chess::Bitboard::operator bool,bitboard.h,0x14026a100
chess::Bitboard::operator bool,0.001000,0.001000,0.0,0.0,8985000,14.0,14.0,0.333333,frankycpp_v1.8.exe,chess::Bitboard::operator bool,bitboard.h,0x1402638c6
chess::Bitboard::operator bool,0.001000,0.001000,0.0,0.0,8985000,,,0.0,frankycpp_v1.8.exe,chess::Bitboard::operator bool,bitboard.h,0x140263470
chess::Bitboard::operator|=,0.001000,0.001000,0.0,0.0,56905000,,,0.157895,frankycpp_v1.8.exe,chess::Bitboard::operator|=,bitboard.h,0x14026a043
chess::Bitboard::operator|=,0.001000,0.001000,0.0,0.0,8985000,33.3,33.3,0.333333,frankycpp_v1.8.exe,chess::Bitboard::operator|=,bitboard.h,0x14026a0a8
chess::Bitboard::operator|=,0.001000,0.001000,0.0,0.0,29950000,100.0,100.0,0.100000,frankycpp_v1.8.exe,chess::Bitboard::operator|=,bitboard.h,0x14025c5ed
chess::Bitboard::popLSB,0.001000,0.001000,0.0,0.0,11980000,,,0.500000,frankycpp_v1.8.exe,chess::Bitboard::popLSB,bitboard.h,0x14026b030
chess::Bitboard::popLSB,0.001000,0.001000,0.0,0.0,14975000,49.1,49.1,0.600000,frankycpp_v1.8.exe,chess::Bitboard::popLSB,bitboard.h,0x140269a70
chess::Bitboard::popLSB,0.001000,0.001000,0.0,0.0,17970000,10.0,10.0,0.333333,frankycpp_v1.8.exe,chess::Bitboard::popLSB,bitboard.h,0x14026a110
chess::Color::{ctor},0.001000,0.001000,0.0,0.0,2995000,,,1.000000,frankycpp_v1.8.exe,chess::Color::{ctor},color.h,0x1402610f9
chess::Direction::pawnPush,0.001000,0.001000,0.0,0.0,8985000,100.0,100.0,0.333333,frankycpp_v1.8.exe,chess::Direction::pawnPush,direction.h,0x14025c5a8
chess::Direction::pawnPush,0.001000,0.001000,0.0,0.0,14975000,40.0,40.0,0.400000,frankycpp_v1.8.exe,chess::Direction::pawnPush,direction.h,0x14026399d
chess::Move::encode,0.001000,0.001000,0.0,0.0,0,33.3,33.3,,frankycpp_v1.8.exe,chess::Move::encode,move.h,0x140263714
chess::Move::operator==,0.001000,0.001000,0.0,0.0,5990000,,,1.000000,frankycpp_v1.8.exe,chess::Move::operator==,PVTable.h,0x140220503
chess::Move::operator==,0.001000,0.001000,0.0,0.0,8985000,5.3,5.3,0.666667,frankycpp_v1.8.exe,chess::Move::operator==,PVTable.h,0x140220515
chess::Move::to,0.001000,0.001000,0.0,0.0,11980000,100.0,100.0,0.250000,frankycpp_v1.8.exe,chess::Move::to,move.h,0x140220a1b
chess::Move::to,0.001000,0.001000,0.0,0.0,29950000,33.3,33.3,0.400000,frankycpp_v1.8.exe,chess::Move::to,move.h,0x14025bfc9
chess::Move::type,0.001000,0.001000,0.0,0.0,2995000,40.0,40.0,1.000000,frankycpp_v1.8.exe,chess::Move::type,move.h,0x1402209e9
chess::Move::type,0.001000,0.001000,0.0,0.0,11980000,0.0,0.0,1.750000,frankycpp_v1.8.exe,chess::Move::type,move.h,0x140261113
chess::Move::type,0.001000,0.001000,0.0,0.0,5990000,,,1.000000,frankycpp_v1.8.exe,chess::Move::type,move.h,0x140220553
chess::Move::{ctor},0.001000,0.001000,0.0,0.0,17970000,,,0.333333,frankycpp_v1.8.exe,chess::Move::{ctor},move.h,0x1402639c3
chess::MoveGenerator::generateLegalMoves,0.001000,0.001000,0.0,0.0,2995000,,,0.0,frankycpp_v1.8.exe,"chess::MoveGenerator::generateLegalMoves(class chess::Position const &,enum chess::GenMode)",MoveGenerator.cpp,0x140260d40
chess::MoveGenerator::resetOnDemand,0.001000,0.001000,0.0,0.0,0,0.0,0.0,,frankycpp_v1.8.exe,chess::MoveGenerator::resetOnDemand,MoveGenerator.h,0x1402166a9
chess::MoveGenerator::resetOnDemand,0.001000,0.001000,0.0,0.0,0,0.0,0.0,0.0,frankycpp_v1.8.exe,chess::MoveGenerator::resetOnDemand,MoveGenerator.h,0x140216258
chess::Position::getNextPlayer,0.001000,0.001000,0.0,0.0,0,0.0,0.0,,frankycpp_v1.8.exe,chess::Position::getNextPlayer,Position.h,0x1402610b8
chess::Position::getPiece,0.001000,0.001000,0.0,0.0,14975000,,,0.200000,frankycpp_v1.8.exe,chess::Position::getPiece,Position.h,0x140263058
chess::Position::getPiece,0.001000,0.001000,0.0,0.0,0,0.0,0.0,0.0,frankycpp_v1.8.exe,chess::Position::getPiece,Position.h,0x1402610bc
chess::Position::getPieceBb,0.001000,0.001000,0.0,0.0,86855000,44.3,44.3,0.275862,frankycpp_v1.8.exe,chess::Position::getPieceBb,Position.h,0x14026aa81
chess::Position::getPieceBb,0.001000,0.001000,0.0,0.0,26955000,100.0,100.0,0.333333,frankycpp_v1.8.exe,chess::Position::getPieceBb,Position.h,0x1402699f5
chess::Position::isCapturingMove,0.001000,0.001000,0.0,0.0,14975000,60.9,60.9,0.800000,frankycpp_v1.8.exe,chess::Position::isCapturingMove,Position.h,0x1402215c2
chess::Position::isCapturingMove,0.001000,0.001000,0.0,0.0,17970000,36.4,36.4,0.333333,frankycpp_v1.8.exe,chess::Position::isCapturingMove,Position.h,0x1402208d0
chess::Position::isCapturingMove,0.001000,0.001000,0.0,0.0,8985000,,,0.0,frankycpp_v1.8.exe,chess::Position::isCapturingMove,Position.h,0x14022052b
chess::Rank::operator int,0.001000,0.001000,0.0,0.0,2995000,,,0.0,frankycpp_v1.8.exe,chess::Rank::operator int,rank.h,0x14026123c
chess::Rank::operator int,0.001000,0.001000,0.0,0.0,2995000,0.0,0.0,0.0,frankycpp_v1.8.exe,chess::Rank::operator int,rank.h,0x1402612fa
chess::Square::rank,0.001000,0.001000,0.0,0.0,32945000,37.1,37.1,0.181818,frankycpp_v1.8.exe,chess::Square::rank,square.h,0x14026a797
chess::StaticMoveList<256>::push_back,0.001000,0.001000,0.0,0.0,0,66.7,66.7,,frankycpp_v1.8.exe,chess::StaticMoveList<256>::push_back,staticmovelist.h,0x1402632fc
chess::StaticMoveList<256>::push_back,0.001000,0.001000,0.0,0.0,5990000,44.4,44.4,0.0,frankycpp_v1.8.exe,chess::StaticMoveList<256>::push_back,staticmovelist.h,0x140263718
chess::StaticMoveList<256>::push_back,0.001000,0.001000,0.0,0.0,0,,,,frankycpp_v1.8.exe,chess::StaticMoveList<256>::push_back,staticmovelist.h,0x140264132
chess::StaticMoveList<256>::push_back,0.001000,0.001000,0.0,0.0,14975000,0.0,0.0,0.200000,frankycpp_v1.8.exe,chess::StaticMoveList<256>::push_back,staticmovelist.h,0x140263354
chess::Value::isValid,0.001000,0.001000,0.0,0.0,29950000,,,0.100000,frankycpp_v1.8.exe,chess::Value::isValid,value.h,0x14021f4f7
chess::Value::operator int,0.001000,0.001000,0.0,0.0,0,33.3,33.3,0.0,frankycpp_v1.8.exe,chess::Value::operator int,value.h,0x140220115
chess::Value::operator int,0.001000,0.001000,0.0,0.0,20965000,100.0,100.0,0.0,frankycpp_v1.8.exe,chess::Value::operator int,value.h,0x14021fa1e
chess::colorOf,0.001000,0.001000,0.0,0.0,0,0.0,0.0,,frankycpp_v1.8.exe,chess::colorOf,piece.h,0x1402610ce
chess::makePiece,0.001000,0.001000,0.0,0.0,5990000,100.0,100.0,1.000000,frankycpp_v1.8.exe,chess::makePiece,piece.h,0x14025bcab
chess::moveValueGreaterComparator::operator(),0.001000,0.001000,0.0,0.0,5990000,,,1.500000,frankycpp_v1.8.exe,chess::moveValueGreaterComparator::operator(),move.h,0x14026512b
chess::moveValueGreaterComparator::operator(),0.001000,0.001000,0.0,0.0,0,10.2,10.2,,frankycpp_v1.8.exe,chess::moveValueGreaterComparator::operator(),move.h,0x1402643e0
chess::operator&,0.001000,0.001000,0.0,0.0,14975000,,,0.0,frankycpp_v1.8.exe,chess::operator&,bitboard.h,0x1402209d7
chess::operator&,0.001000,0.001000,0.0,0.0,26955000,,,0.444444,frankycpp_v1.8.exe,chess::operator&,bitboard.h,0x14026ab45
chess::operator&,0.001000,0.001000,0.0,0.0,11980000,,,0.250000,frankycpp_v1.8.exe,chess::operator&,bitboard.h,0x1402637c7
chess::operator&,0.001000,0.001000,0.0,0.0,41930000,,,0.214286,frankycpp_v1.8.exe,chess::operator&,bitboard.h,0x1402637d5
chess::operator&,0.001000,0.001000,0.0,0.0,0,0.0,0.0,,frankycpp_v1.8.exe,chess::operator&,bitboard.h,0x1402635ef
chess::operator&,0.001000,0.001000,0.0,0.0,14975000,11.3,11.3,0.800000,frankycpp_v1.8.exe,chess::operator&,bitboard.h,0x140220a22
chess::operator&,0.001000,0.001000,0.0,0.0,0,0.0,0.0,0.0,frankycpp_v1.8.exe,chess::operator&,bitboard.h,0x140263802
chess::operator&,0.001000,0.001000,0.0,0.0,38935000,44.4,44.4,0.384615,frankycpp_v1.8.exe,chess::operator&,bitboard.h,0x14026ab9c
chess::operator&,0.001000,0.001000,0.0,0.0,2995000,33.3,33.3,0.0,frankycpp_v1.8.exe,chess::operator&,bitboard.h,0x140264123
chess::operator&,0.001000,0.001000,0.0,0.0,2995000,0.0,0.0,1.000000,frankycpp_v1.8.exe,chess::operator&,bitboard.h,0x140261353
chess::operator&,0.001000,0.001000,0.0,0.0,8985000,44.0,44.0,1.333333,frankycpp_v1.8.exe,chess::operator&,bitboard.h,0x140269fc9
chess::operator*,0.001000,0.001000,0.0,0.0,23960000,30.6,30.6,0.500000,frankycpp_v1.8.exe,chess::operator*,direction.h,0x1402638d8
chess::operator+,0.001000,0.001000,0.0,0.0,17970000,,,0.833333,frankycpp_v1.8.exe,chess::operator+,castlingrights.h,0x14025bc48
chess::operator+,0.001000,0.001000,0.0,0.0,0,100.0,100.0,0.0,frankycpp_v1.8.exe,chess::operator+,direction.h,0x14016c6f0
chess::operator+,0.001000,0.001000,0.0,0.0,2995000,0.0,0.0,0.0,frankycpp_v1.8.exe,chess::operator+,direction.h,0x140263533
chess::operator+,0.001000,0.001000,0.0,0.0,38935000,83.3,83.3,0.076923,frankycpp_v1.8.exe,chess::operator+,direction.h,0x14026393d
chess::operator+,0.001000,0.001000,0.0,0.0,2995000,0.0,0.0,1.000000,frankycpp_v1.8.exe,chess::operator+,depth.h,0x140221345
chess::operator+,0.001000,0.001000,0.0,0.0,8985000,,,0.333333,frankycpp_v1.8.exe,chess::operator+,value.h,0x14021fbd2
chess::operator+,0.001000,0.001000,0.0,0.0,0,0.0,0.0,0.0,frankycpp_v1.8.exe,chess::operator+,direction.h,0x1402612e6
chess::operator+=,0.001000,0.001000,0.0,0.0,20965000,44.5,44.5,0.142857,frankycpp_v1.8.exe,chess::operator+=,value.h,0x14026a57e
chess::operator+=,0.001000,0.001000,0.0,0.0,5990000,,,1.000000,frankycpp_v1.8.exe,chess::operator+=,value.h,0x14026a2fd
chess::operator-,0.001000,0.001000,0.0,0.0,2995000,0.0,0.0,0.0,frankycpp_v1.8.exe,chess::operator-,value.h,0x14021efee
chess::operator-,0.001000,0.001000,0.0,0.0,17970000,55.0,55.0,0.833333,frankycpp_v1.8.exe,chess::operator-,value.h,0x140264032
chess::operator-=,0.001000,0.001000,0.0,0.0,11980000,12.7,12.7,2.000000,frankycpp_v1.8.exe,chess::operator-=,depth.h,0x1402204fc
chess::operator==,0.001000,0.001000,0.0,0.0,2995000,33.3,33.3,0.0,frankycpp_v1.8.exe,chess::operator==,castlingrights.h,0x1402640ee
chess::operator==,0.001000,0.001000,0.0,0.0,2995000,0.0,0.0,1.000000,frankycpp_v1.8.exe,chess::operator==,castlingrights.h,0x14026411d
chess::operator|,0.001000,0.001000,0.0,0.0,14975000,,,0.600000,frankycpp_v1.8.exe,chess::operator|,bitboard.h,0x14029e70a
chess::operator|,0.001000,0.001000,0.0,0.0,32945000,82.1,82.1,0.636364,frankycpp_v1.8.exe,chess::operator|,bitboard.h,0x140263f4c
chess::operator~,0.001000,0.001000,0.0,0.0,41930000,27.8,27.8,0.357143,frankycpp_v1.8.exe,chess::operator~,color.h,0x14026302d
chess::operator~,0.001000,0.001000,0.0,0.0,44925000,25.7,25.7,0.333333,frankycpp_v1.8.exe,chess::operator~,color.h,0x14029ea88
chess::operator~,0.001000,0.001000,0.0,0.0,0,0.0,0.0,0.0,frankycpp_v1.8.exe,chess::operator~,color.h,0x140269f56
chess::valueOf,0.001000,0.001000,0.0,0.0,8985000,100.0,100.0,1.000000,frankycpp_v1.8.exe,chess::valueOf,value.h,0x14029e703
config::ConfigManager::instance,0.001000,0.001000,0.0,0.0,0,0.0,0.0,0.0,frankycpp_v1.8.exe,config::ConfigManager::instance(void),ConfigManager.cpp,0x140190ee0
engine::PawnTT::Entry::{ctor},0.001000,0.001000,0.0,0.0,5990000,7.7,7.7,0.500000,frankycpp_v1.8.exe,engine::PawnTT::Entry::{ctor},PawnTT.h,0x1402677f0
engine::Search::thread,0.001000,0.001000,0.0,0.0,44925000,49.2,49.2,0.333333,frankycpp_v1.8.exe,engine::Search::thread,Search.h,0x14022095c
engine::Search::thread,0.001000,0.001000,0.0,0.0,5990000,0.0,0.0,1.500000,frankycpp_v1.8.exe,engine::Search::thread,Search.h,0x140220ac1
engine::Search::thread,0.001000,0.001000,0.0,0.0,0,,,0.0,frankycpp_v1.8.exe,engine::Search::thread,Search.h,0x14021fed0
engine::SearchResult::operator=,0.001000,0.001000,0.0,0.0,0,0.0,0.0,0.0,frankycpp_v1.8.exe,engine::SearchResult::operator=(struct engine::SearchResult &&),[Unknown],0x14021b3b0
fread_nolock_s,0.001000,0.001000,0.0,0.0,0,0.0,0.0,,ucrtbase.dll,fread_nolock_s,[Unknown],0x180038810
free_base,0.001000,0.001000,0.0,0.0,2995000,33.3,33.3,1.000000,ucrtbase.dll,free_base,[Unknown],0x18001e0e0
func@0x140001ea0,0.001000,0.001000,0.0,0.0,0,0.0,0.0,,intelppm.sys,func@0x140001ea0,[Unknown],0x140001ea0
func@0x1400040c0,0.001000,0.001000,0.0,0.0,0,0.0,0.0,,usbxhci.sys,func@0x1400040c0,[Unknown],0x1400040c0
func@0x140005720,0.001000,0.001000,0.0,0.0,0,0.0,0.0,,dxgmms2.sys,func@0x140005720,[Unknown],0x140005720
func@0x140006c62,0.001000,0.001000,0.0,0.0,0,0.0,0.0,0.0,dxgmms2.sys,func@0x140006c62,[Unknown],0x140006c62
func@0x140008000,0.001000,0.001000,0.0,0.0,0,0.0,0.0,0.0,usbxhci.sys,func@0x140008000,[Unknown],0x140008000
func@0x140009e30,0.001000,0.001000,0.0,0.0,0,0.0,0.0,0.0,ksld.sys,func@0x140009e30,[Unknown],0x140009e30
func@0x14000a8f8,0.001000,0.001000,0.0,0.0,0,0.0,0.0,0.0,dxgmms2.sys,func@0x14000a8f8,[Unknown],0x14000a8f8
func@0x14000ad10,0.001000,0.001000,0.0,0.0,0,0.0,0.0,0.0,netio.sys,func@0x14000ad10,[Unknown],0x14000ad10
func@0x14000d5e0,0.001000,0.001000,0.0,0.0,0,12.5,12.5,,dxgmms2.sys,func@0x14000d5e0,[Unknown],0x14000d5e0
func@0x140019150,0.001000,0.001000,0.0,0.0,2995000,0.0,0.0,3.000000,usbxhci.sys,func@0x140019150,[Unknown],0x140019150
func@0x14001d38f,0.001000,0.001000,0.0,0.0,0,0.0,0.0,0.0,nvlddmkm.sys,func@0x14001d38f,[Unknown],0x14001d38f
func@0x14001e3f0,0.001000,0.001000,0.0,0.0,0,0.0,0.0,0.0,netadaptercx.sys,func@0x14001e3f0,[Unknown],0x14001e3f0
func@0x140020680,0.001000,0.001000,0.0,0.0,0,0.0,0.0,,nvlddmkm.sys,func@0x140020680,[Unknown],0x140020680
func@0x1400223c0,0.001000,0.001000,0.0,0.0,0,,,0.0,usbxhci.sys,func@0x1400223c0,[Unknown],0x1400223c0
func@0x1400249c0,0.001000,0.001000,0.0,0.0,0,0.0,0.0,,usbxhci.sys,func@0x1400249c0,[Unknown],0x1400249c0
func@0x140025000,0.001000,0.001000,0.0,0.0,0,0.0,0.0,0.0,wdf01000.sys,func@0x140025000,[Unknown],0x140025000
func@0x140026fb0,0.001000,0.001000,0.0,0.0,2995000,0.0,0.0,9.000000,dxgmms2.sys,func@0x140026fb0,[Unknown],0x140026fb0
func@0x140027020,0.001000,0.001000,0.0,0.0,2995000,0.0,0.0,0.0,usbxhci.sys,func@0x140027020,[Unknown],0x140027020
func@0x140028748,0.001000,0.001000,0.0,0.0,0,0.0,0.0,0.0,dxgmms2.sys,func@0x140028748,[Unknown],0x140028748
func@0x14002a1a0,0.001000,0.001000,0.0,0.0,0,0.0,0.0,0.0,dxgkrnl.sys,func@0x14002a1a0,[Unknown],0x14002a1a0
func@0x14002d3e0,0.001000,0.001000,0.0,0.0,0,100.0,100.0,,dxgkrnl.sys,func@0x14002d3e0,[Unknown],0x14002d3e0
func@0x14002de50,0.001000,0.001000,0.0,0.0,0,0.0,0.0,0.0,tcpip.sys,func@0x14002de50,[Unknown],0x14002de50
func@0x140035354,0.001000,0.001000,0.0,0.0,0,0.0,0.0,0.0,dxgmms2.sys,func@0x140035354,[Unknown],0x140035354
func@0x140039100,0.001000,0.001000,0.0,0.0,0,0.0,0.0,,usbxhci.sys,func@0x140039100,[Unknown],0x140039100
func@0x14004641f,0.001000,0.001000,0.0,0.0,0,0.0,0.0,0.0,rtusba64.sys,func@0x14004641f,[Unknown],0x14004641f
func@0x140049b80,0.001000,0.001000,0.0,0.0,0,0.0,0.0,,e2fn.sys,func@0x140049b80,[Unknown],0x140049b80
func@0x14004b760,0.001000,0.001000,0.0,0.0,0,0.0,0.0,,wdf01000.sys,func@0x14004b760,[Unknown],0x14004b760
func@0x1400535b0,0.001000,0.001000,0.0,0.0,0,0.0,0.0,0.0,wdf01000.sys,func@0x1400535b0,[Unknown],0x1400535b0
func@0x140054600,0.001000,0.001000,0.0,0.0,0,0.0,0.0,,wdf01000.sys,func@0x140054600,[Unknown],0x140054600
func@0x140067b60,0.001000,0.001000,0.0,0.0,0,0.0,0.0,0.0,e2fn.sys,func@0x140067b60,[Unknown],0x140067b60
func@0x1400de010,0.001000,0.001000,0.0,0.0,0,0.0,0.0,0.0,nvlddmkm.sys,func@0x1400de010,[Unknown],0x1400de010
func@0x1400f9dc0,0.001000,0.001000,0.0,0.0,14975000,9.5,9.5,0.600000,nvlddmkm.sys,func@0x1400f9dc0,[Unknown],0x1400f9dc0
func@0x1400f9f40,0.001000,0.001000,0.0,0.0,0,0.0,0.0,0.0,nvlddmkm.sys,func@0x1400f9f40,[Unknown],0x1400f9f40
func@0x140106140,0.001000,0.001000,0.0,0.0,0,0.0,0.0,0.0,nvlddmkm.sys,func@0x140106140,[Unknown],0x140106140
func@0x140114830,0.001000,0.001000,0.0,0.0,0,0.0,0.0,0.0,nvlddmkm.sys,func@0x140114830,[Unknown],0x140114830
func@0x14011f200,0.001000,0.001000,0.0,0.0,0,33.3,33.3,,nvlddmkm.sys,func@0x14011f200,[Unknown],0x14011f200
func@0x14011fad0,0.001000,0.001000,0.0,0.0,0,0.0,0.0,0.0,nvlddmkm.sys,func@0x14011fad0,[Unknown],0x14011fad0
func@0x140122140,0.001000,0.001000,0.0,0.0,0,50.0,50.0,0.0,nvlddmkm.sys,func@0x140122140,[Unknown],0x140122140
func@0x140122fc0,0.001000,0.001000,0.0,0.0,0,0.0,0.0,0.0,nvlddmkm.sys,func@0x140122fc0,[Unknown],0x140122fc0
func@0x140123590,0.001000,0.001000,0.0,0.0,5990000,0.0,0.0,0.0,nvlddmkm.sys,func@0x140123590,[Unknown],0x140123590
func@0x140123ca0,0.001000,0.001000,0.0,0.0,0,0.0,0.0,0.0,nvlddmkm.sys,func@0x140123ca0,[Unknown],0x140123ca0
func@0x140124030,0.001000,0.001000,0.0,0.0,0,0.0,0.0,0.0,nvlddmkm.sys,func@0x140124030,[Unknown],0x140124030
func@0x140124f20,0.001000,0.001000,0.0,0.0,0,0.0,0.0,,nvlddmkm.sys,func@0x140124f20,[Unknown],0x140124f20
func@0x140125790,0.001000,0.001000,0.0,0.0,0,0.0,0.0,0.0,nvlddmkm.sys,func@0x140125790,[Unknown],0x140125790
func@0x140163ef0,0.001000,0.001000,0.0,0.0,0,0.0,0.0,0.0,nvlddmkm.sys,func@0x140163ef0,[Unknown],0x140163ef0
func@0x140167670,0.001000,0.001000,0.0,0.0,0,0.0,0.0,0.0,nvlddmkm.sys,func@0x140167670,[Unknown],0x140167670
func@0x1401b0140,0.001000,0.001000,0.0,0.0,0,0.0,0.0,0.0,nvlddmkm.sys,func@0x1401b0140,[Unknown],0x1401b0140
func@0x140200e20,0.001000,0.001000,0.0,0.0,5990000,,,1.500000,ntoskrnl.exe,func@0x140200e20,[Unknown],0x140200e20
func@0x1402018d0,0.001000,0.001000,0.0,0.0,0,0.0,0.0,0.0,ntoskrnl.exe,func@0x1402018d0,[Unknown],0x1402018d0
func@0x140202565,0.001000,0.001000,0.0,0.0,5990000,8.3,8.3,0.0,ntoskrnl.exe,func@0x140202565,[Unknown],0x140202565
func@0x1402026a4,0.001000,0.001000,0.0,0.0,2995000,0.0,0.0,0.0,ntoskrnl.exe,func@0x1402026a4,[Unknown],0x1402026a4
func@0x140214bb0,0.001000,0.001000,0.0,0.0,0,50.0,50.0,0.0,ntoskrnl.exe,func@0x140214bb0,[Unknown],0x140214bb0
func@0x14021e510,0.001000,0.001000,0.0,0.0,20965000,15.8,15.8,0.571429,ntoskrnl.exe,func@0x14021e510,[Unknown],0x14021e510
func@0x14022cb10,0.001000,0.001000,0.0,0.0,0,0.0,0.0,0.0,ntoskrnl.exe,func@0x14022cb10,[Unknown],0x14022cb10
func@0x1402351c0,0.001000,0.001000,0.0,0.0,0,0.0,0.0,0.0,ntoskrnl.exe,func@0x1402351c0,[Unknown],0x1402351c0
func@0x140244410,0.001000,0.001000,0.0,0.0,0,0.0,0.0,0.0,ntoskrnl.exe,func@0x140244410,[Unknown],0x140244410
func@0x14024dfb4,0.001000,0.001000,0.0,0.0,0,0.0,0.0,0.0,ntoskrnl.exe,func@0x14024dfb4,[Unknown],0x14024dfb4
func@0x140255e80,0.001000,0.001000,0.0,0.0,0,0.0,0.0,,ntoskrnl.exe,func@0x140255e80,[Unknown],0x140255e80
func@0x14025ad00,0.001000,0.001000,0.0,0.0,2995000,0.0,0.0,0.0,ntoskrnl.exe,func@0x14025ad00,[Unknown],0x14025ad00
func@0x140265a98,0.001000,0.001000,0.0,0.0,0,0.0,0.0,,ntoskrnl.exe,func@0x140265a98,[Unknown],0x140265a98
func@0x140275020,0.001000,0.001000,0.0,0.0,0,0.0,0.0,0.0,ntoskrnl.exe,func@0x140275020,[Unknown],0x140275020
func@0x140279aa0,0.001000,0.001000,0.0,0.0,0,0.0,0.0,0.0,nvlddmkm.sys,func@0x140279aa0,[Unknown],0x140279aa0
func@0x14027c7cc,0.001000,0.001000,0.0,0.0,0,0.0,0.0,0.0,ntoskrnl.exe,func@0x14027c7cc,[Unknown],0x14027c7cc
func@0x140289ad0,0.001000,0.001000,0.0,0.0,2995000,42.9,42.9,7.000000,ntoskrnl.exe,func@0x140289ad0,[Unknown],0x140289ad0
func@0x1402900b0,0.001000,0.001000,0.0,0.0,0,100.0,100.0,0.0,ntoskrnl.exe,func@0x1402900b0,[Unknown],0x1402900b0
func@0x140291040,0.001000,0.001000,0.0,0.0,0,0.0,0.0,0.0,ntoskrnl.exe,func@0x140291040,[Unknown],0x140291040
func@0x140294430,0.001000,0.001000,0.0,0.0,0,5.9,5.9,,ntoskrnl.exe,func@0x140294430,[Unknown],0x140294430
func@0x140298fa0,0.001000,0.001000,0.0,0.0,0,0.0,0.0,0.0,nvlddmkm.sys,func@0x140298fa0,[Unknown],0x140298fa0
func@0x1402997f0,0.001000,0.001000,0.0,0.0,2995000,3.1,3.1,4.000000,ntoskrnl.exe,func@0x1402997f0,[Unknown],0x1402997f0
func@0x14029bd64,0.001000,0.001000,0.0,0.0,38935000,11.5,11.5,0.461538,ntoskrnl.exe,func@0x14029bd64,[Unknown],0x14029bd64
func@0x14029bfad,0.001000,0.001000,0.0,0.0,2995000,0.0,0.0,0.0,ntoskrnl.exe,func@0x14029bfad,[Unknown],0x14029bfad
func@0x14029cf20,0.001000,0.001000,0.0,0.0,5990000,10.3,10.3,2.000000,ntoskrnl.exe,func@0x14029cf20,[Unknown],0x14029cf20
func@0x14029d629,0.001000,0.001000,0.0,0.0,0,0.0,0.0,0.0,ntoskrnl.exe,func@0x14029d629,[Unknown],0x14029d629
func@0x14029dc10,0.001000,0.001000,0.0,0.0,2995000,27.3,27.3,1.000000,ntoskrnl.exe,func@0x14029dc10,[Unknown],0x14029dc10
func@0x1402b2840,0.001000,0.001000,0.0,0.0,8985000,16.7,16.7,0.333333,ntoskrnl.exe,func@0x1402b2840,[Unknown],0x1402b2840
func@0x1402b4fcc,0.001000,0.001000,0.0,0.0,2995000,0.0,0.0,0.0,ntoskrnl.exe,func@0x1402b4fcc,[Unknown],0x1402b4fcc
func@0x1402b9770,0.001000,0.001000,0.0,0.0,0,0.0,0.0,0.0,ntoskrnl.exe,func@0x1402b9770,[Unknown],0x1402b9770
func@0x1402ba0e0,0.001000,0.001000,0.0,0.0,17970000,21.8,21.8,0.166667,ntoskrnl.exe,func@0x1402ba0e0,[Unknown],0x1402ba0e0
func@0x1402bafb0,0.001000,0.001000,0.0,0.0,2995000,0.0,0.0,1.000000,ntoskrnl.exe,func@0x1402bafb0,[Unknown],0x1402bafb0
func@0x1402c6e30,0.001000,0.001000,0.0,0.0,0,0.0,0.0,0.0,ntoskrnl.exe,func@0x1402c6e30,[Unknown],0x1402c6e30
func@0x1402d57d0,0.001000,0.001000,0.0,0.0,0,0.0,0.0,,ntoskrnl.exe,func@0x1402d57d0,[Unknown],0x1402d57d0
func@0x1402d6cc0,0.001000,0.001000,0.0,0.0,0,14.8,14.8,,ntoskrnl.exe,func@0x1402d6cc0,[Unknown],0x1402d6cc0
func@0x1402e1b20,0.001000,0.001000,0.0,0.0,2995000,0.0,0.0,1.000000,ntoskrnl.exe,func@0x1402e1b20,[Unknown],0x1402e1b20
func@0x1402e6300,0.001000,0.001000,0.0,0.0,0,9.1,9.1,,ntoskrnl.exe,func@0x1402e6300,[Unknown],0x1402e6300
func@0x1402e8030,0.001000,0.001000,0.0,0.0,0,0.0,0.0,0.0,ntoskrnl.exe,func@0x1402e8030,[Unknown],0x1402e8030
func@0x1402ea260,0.001000,0.001000,0.0,0.0,5990000,40.0,40.0,0.500000,ntoskrnl.exe,func@0x1402ea260,[Unknown],0x1402ea260
func@0x1402ebf80,0.001000,0.001000,0.0,0.0,0,0.0,0.0,,ntoskrnl.exe,func@0x1402ebf80,[Unknown],0x1402ebf80
func@0x1402ecb40,0.001000,0.001000,0.0,0.0,0,0.0,0.0,,ntoskrnl.exe,func@0x1402ecb40,[Unknown],0x1402ecb40
func@0x1402edbc0,0.001000,0.001000,0.0,0.0,0,0.0,0.0,,ntoskrnl.exe,func@0x1402edbc0,[Unknown],0x1402edbc0
func@0x1402edd42,0.001000,0.001000,0.0,0.0,0,,,,ntoskrnl.exe,func@0x1402edd42,[Unknown],0x1402edd42
func@0x140303180,0.001000,0.001000,0.0,0.0,0,0.0,0.0,,ntoskrnl.exe,func@0x140303180,[Unknown],0x140303180
func@0x14030acb0,0.001000,0.001000,0.0,0.0,2995000,0.0,0.0,4.000000,ntoskrnl.exe,func@0x14030acb0,[Unknown],0x14030acb0
func@0x140316870,0.001000,0.001000,0.0,0.0,0,0.0,0.0,0.0,nvlddmkm.sys,func@0x140316870,[Unknown],0x140316870
func@0x140316a10,0.001000,0.001000,0.0,0.0,0,0.0,0.0,0.0,nvlddmkm.sys,func@0x140316a10,[Unknown],0x140316a10
func@0x140318f38,0.001000,0.001000,0.0,0.0,0,0.0,0.0,0.0,ntoskrnl.exe,func@0x140318f38,[Unknown],0x140318f38
func@0x14031e1c8,0.001000,0.001000,0.0,0.0,0,0.0,0.0,0.0,ntoskrnl.exe,func@0x14031e1c8,[Unknown],0x14031e1c8
func@0x14031ef00,0.001000,0.001000,0.0,0.0,0,0.0,0.0,0.0,ntoskrnl.exe,func@0x14031ef00,[Unknown],0x14031ef00
func@0x140323208,0.001000,0.001000,0.0,0.0,0,0.0,0.0,0.0,ntoskrnl.exe,func@0x140323208,[Unknown],0x140323208
func@0x14033d620,0.001000,0.001000,0.0,0.0,0,0.0,0.0,0.0,ntoskrnl.exe,func@0x14033d620,[Unknown],0x14033d620
func@0x14033e0f0,0.001000,0.001000,0.0,0.0,5990000,6.5,6.5,0.500000,ntoskrnl.exe,func@0x14033e0f0,[Unknown],0x14033e0f0
func@0x140345300,0.001000,0.001000,0.0,0.0,2995000,,,1.000000,ntoskrnl.exe,func@0x140345300,[Unknown],0x140345300
func@0x14038528c,0.001000,0.001000,0.0,0.0,0,0.0,0.0,0.0,ntoskrnl.exe,func@0x14038528c,[Unknown],0x14038528c
func@0x1403b39fc,0.001000,0.001000,0.0,0.0,2995000,0.0,0.0,2.000000,ntoskrnl.exe,func@0x1403b39fc,[Unknown],0x1403b39fc
func@0x1403b5a80,0.001000,0.001000,0.0,0.0,0,0.0,0.0,0.0,ntoskrnl.exe,func@0x1403b5a80,[Unknown],0x1403b5a80
func@0x1403b64b0,0.001000,0.001000,0.0,0.0,0,0.0,0.0,0.0,ntoskrnl.exe,func@0x1403b64b0,[Unknown],0x1403b64b0
func@0x1403c61e0,0.001000,0.001000,0.0,0.0,2995000,0.0,0.0,1.000000,ntoskrnl.exe,func@0x1403c61e0,[Unknown],0x1403c61e0
func@0x1403c6bd0,0.001000,0.001000,0.0,0.0,0,0.0,0.0,,ntoskrnl.exe,func@0x1403c6bd0,[Unknown],0x1403c6bd0
func@0x1403d1190,0.001000,0.001000,0.0,0.0,0,0.0,0.0,0.0,ntoskrnl.exe,func@0x1403d1190,[Unknown],0x1403d1190
func@0x1403df260,0.001000,0.001000,0.0,0.0,0,0.0,0.0,,ntoskrnl.exe,func@0x1403df260,[Unknown],0x1403df260
func@0x1403eac51,0.001000,0.001000,0.0,0.0,5990000,,,0.0,ntoskrnl.exe,func@0x1403eac51,[Unknown],0x1403eac51
func@0x1403f2289,0.001000,0.001000,0.0,0.0,0,0.0,0.0,0.0,ntoskrnl.exe,func@0x1403f2289,[Unknown],0x1403f2289
func@0x1403f5655,0.001000,0.001000,0.0,0.0,0,0.0,0.0,0.0,ntoskrnl.exe,func@0x1403f5655,[Unknown],0x1403f5655
func@0x14040f5c0,0.001000,0.001000,0.0,0.0,0,,,0.0,ntoskrnl.exe,func@0x14040f5c0,[Unknown],0x14040f5c0
func@0x140415102,0.001000,0.001000,0.0,0.0,0,0.0,0.0,,ntoskrnl.exe,func@0x140415102,[Unknown],0x140415102
func@0x1404206c0,0.001000,0.001000,0.0,0.0,0,0.0,0.0,0.0,ntoskrnl.exe,func@0x1404206c0,[Unknown],0x1404206c0
func@0x140421538,0.001000,0.001000,0.0,0.0,0,11.1,11.1,,ntoskrnl.exe,func@0x140421538,[Unknown],0x140421538
func@0x140425a67,0.001000,0.001000,0.0,0.0,0,0.0,0.0,0.0,ntoskrnl.exe,func@0x140425a67,[Unknown],0x140425a67
func@0x140438770,0.001000,0.001000,0.0,0.0,26955000,23.9,23.9,0.555556,ntoskrnl.exe,func@0x140438770,[Unknown],0x140438770
func@0x140444600,0.001000,0.001000,0.0,0.0,0,0.0,0.0,0.0,ntoskrnl.exe,func@0x140444600,[Unknown],0x140444600
func@0x140444d54,0.001000,0.001000,0.0,0.0,0,0.0,0.0,0.0,ntoskrnl.exe,func@0x140444d54,[Unknown],0x140444d54
func@0x14047ac87,0.001000,0.001000,0.0,0.0,0,0.0,0.0,,ntoskrnl.exe,func@0x14047ac87,[Unknown],0x14047ac87
func@0x14047fc94,0.001000,0.001000,0.0,0.0,0,0.0,0.0,0.0,ntoskrnl.exe,func@0x14047fc94,[Unknown],0x14047fc94
func@0x1404e579c,0.001000,0.001000,0.0,0.0,0,0.0,0.0,0.0,ntoskrnl.exe,func@0x1404e579c,[Unknown],0x1404e579c
func@0x1404e8368,0.001000,0.001000,0.0,0.0,17970000,13.1,13.1,1.000000,ntoskrnl.exe,func@0x1404e8368,[Unknown],0x1404e8368
func@0x1404e9a08,0.001000,0.001000,0.0,0.0,0,0.0,0.0,0.0,ntoskrnl.exe,func@0x1404e9a08,[Unknown],0x1404e9a08
func@0x1404f0740,0.001000,0.001000,0.0,0.0,0,0.0,0.0,0.0,ntoskrnl.exe,func@0x1404f0740,[Unknown],0x1404f0740
func@0x1406b1540,0.001000,0.001000,0.0,0.0,0,0.0,0.0,0.0,nvlddmkm.sys,func@0x1406b1540,[Unknown],0x1406b1540
func@0x1406b38a0,0.001000,0.001000,0.0,0.0,0,20.0,20.0,,ntoskrnl.exe,func@0x1406b38a0,[Unknown],0x1406b38a0
func@0x1406bd583,0.001000,0.001000,0.0,0.0,5990000,14.3,14.3,0.0,ntoskrnl.exe,func@0x1406bd583,[Unknown],0x1406bd583
func@0x1406d4f70,0.001000,0.001000,0.0,0.0,0,0.0,0.0,0.0,nvlddmkm.sys,func@0x1406d4f70,[Unknown],0x1406d4f70
func@0x14073cbd0,0.001000,0.001000,0.0,0.0,0,0.0,0.0,,nvlddmkm.sys,func@0x14073cbd0,[Unknown],0x14073cbd0
func@0x140846520,0.001000,0.001000,0.0,0.0,0,0.0,0.0,0.0,ntoskrnl.exe,func@0x140846520,[Unknown],0x140846520
func@0x1408487e0,0.001000,0.001000,0.0,0.0,0,,,0.0,ntoskrnl.exe,func@0x1408487e0,[Unknown],0x1408487e0
func@0x1408a2126,0.001000,0.001000,0.0,0.0,0,0.0,0.0,0.0,ntoskrnl.exe,func@0x1408a2126,[Unknown],0x1408a2126
func@0x1408da5a0,0.001000,0.001000,0.0,0.0,0,0.0,0.0,0.0,ntoskrnl.exe,func@0x1408da5a0,[Unknown],0x1408da5a0
func@0x140982680,0.001000,0.001000,0.0,0.0,0,0.0,0.0,0.0,ntoskrnl.exe,func@0x140982680,[Unknown],0x140982680
func@0x1409e2ee0,0.001000,0.001000,0.0,0.0,0,0.0,0.0,0.0,ntoskrnl.exe,func@0x1409e2ee0,[Unknown],0x1409e2ee0
func@0x140a45670,0.001000,0.001000,0.0,0.0,0,0.0,0.0,0.0,nvlddmkm.sys,func@0x140a45670,[Unknown],0x140a45670
func@0x140c6f900,0.001000,0.001000,0.0,0.0,0,0.0,0.0,0.0,nvlddmkm.sys,func@0x140c6f900,[Unknown],0x140c6f900
func@0x140c75580,0.001000,0.001000,0.0,0.0,0,0.0,0.0,0.0,nvlddmkm.sys,func@0x140c75580,[Unknown],0x140c75580
func@0x140c81b30,0.001000,0.001000,0.0,0.0,0,0.0,0.0,0.0,nvlddmkm.sys,func@0x140c81b30,[Unknown],0x140c81b30
func@0x140c888a0,0.001000,0.001000,0.0,0.0,0,0.0,0.0,0.0,nvlddmkm.sys,func@0x140c888a0,[Unknown],0x140c888a0
func@0x140c97f30,0.001000,0.001000,0.0,0.0,0,0.0,0.0,0.0,nvlddmkm.sys,func@0x140c97f30,[Unknown],0x140c97f30
func@0x140c9b5f0,0.001000,0.001000,0.0,0.0,0,0.0,0.0,,nvlddmkm.sys,func@0x140c9b5f0,[Unknown],0x140c9b5f0
func@0x140c9e7df,0.001000,0.001000,0.0,0.0,0,0.0,0.0,0.0,nvlddmkm.sys,func@0x140c9e7df,[Unknown],0x140c9e7df
func@0x140cba490,0.001000,0.001000,0.0,0.0,0,0.0,0.0,0.0,nvlddmkm.sys,func@0x140cba490,[Unknown],0x140cba490
func@0x140ce4720,0.001000,0.001000,0.0,0.0,5990000,0.0,0.0,0.0,nvlddmkm.sys,func@0x140ce4720,[Unknown],0x140ce4720
func@0x140ce5c60,0.001000,0.001000,0.0,0.0,0,0.0,0.0,0.0,nvlddmkm.sys,func@0x140ce5c60,[Unknown],0x140ce5c60
func@0x140d29b40,0.001000,0.001000,0.0,0.0,0,0.0,0.0,0.0,nvlddmkm.sys,func@0x140d29b40,[Unknown],0x140d29b40
func@0x140d3166f,0.001000,0.001000,0.0,0.0,0,0.0,0.0,0.0,nvlddmkm.sys,func@0x140d3166f,[Unknown],0x140d3166f
func@0x18000bb90,0.001000,0.001000,0.0,0.0,0,0.0,0.0,0.0,ntdll.dll,func@0x18000bb90,[Unknown],0x18000bb90
func@0x180010d40,0.001000,0.001000,0.0,0.0,0,0.0,0.0,0.0,ntdll.dll,func@0x180010d40,[Unknown],0x180010d40
func@0x180021190,0.001000,0.001000,0.0,0.0,0,0.0,0.0,0.0,advapi32.dll,func@0x180021190,[Unknown],0x180021190
func@0x180078da1,0.001000,0.001000,0.0,0.0,20965000,60.0,60.0,0.571429,ntdll.dll,func@0x180078da1,[Unknown],0x180078da1
func@0x1800899c0,0.001000,0.001000,0.0,0.0,0,0.0,0.0,0.0,gdi32full.dll,func@0x1800899c0,[Unknown],0x1800899c0
func@0x18009bfbf,0.001000,0.001000,0.0,0.0,0,0.0,0.0,,ntdll.dll,func@0x18009bfbf,[Unknown],0x18009bfbf
func@0x180128650,0.001000,0.001000,0.0,0.0,0,0.0,0.0,0.0,ntdll.dll,func@0x180128650,[Unknown],0x180128650
func@0x1c000bbd0,0.001000,0.001000,0.0,0.0,0,0.0,0.0,0.0,condrv.sys,func@0x1c000bbd0,[Unknown],0x1c000bbd0
malloc_base,0.001000,0.001000,0.0,0.0,2995000,0.0,0.0,1.000000,ucrtbase.dll,malloc_base,[Unknown],0x180010100
memcmp,0.001000,0.001000,0.0,0.0,0,0.0,0.0,0.0,ntoskrnl.exe,memcmp,[Unknown],0x1406bf410
operator delete,0.001000,0.001000,0.0,0.0,0,50.0,50.0,0.0,frankycpp_v1.8.exe,"operator delete(void *,unsigned __int64)",delete_scalar_size.cpp,0x14061a188
operator new,0.001000,0.001000,0.0,0.0,0,0.0,0.0,,frankycpp_v1.8.exe,operator new(unsigned __int64),new_scalar.cpp,0x140619d10
round,0.001000,0.001000,0.0,0.0,20965000,16.7,16.7,0.857143,ucrtbase.dll,round,[Unknown],0x1800ab260
"std::_Hash<class std::_Umap_traits<unsigned __int64,class book::BookEntry,class std::_Uhash_compare<unsigned __int64,struct std::hash<unsigned __int64>,struct std::equal_to<unsigned __int64> >,class std::allocator<struct std::pair<unsigned __int64 const ,class book::BookEntry> >,0> >::emplace<struct std::pair<unsigned __int64 const ,class book::BookEntry> >",0.001000,0.001000,0.0,0.0,2995000,0.0,0.0,1.000000,frankycpp_v1.8.exe,"std::_Hash<class std::_Umap_traits<unsigned __int64,class book::BookEntry,class std::_Uhash_compare<unsigned __int64,struct std::hash<unsigned __int64>,struct std::equal_to<unsigned __int64> >,class std::allocator<struct std::pair<unsigned __int64 const ,class book::BookEntry> >,0> >::emplace<struct std::pair<unsigned __int64 const ,class book::BookEntry> >(struct std::pair<unsigned __int64 const ,class book::BookEntry> &&)",xhash,0x140288050
"std::_Uninitialized_backout<std::_List_unchecked_iterator<std::_List_val<std::_List_simple_types<std::pair<unsigned __int64 const ,book::BookEntry> > > > *>::_Emplace_back",0.001000,0.001000,0.0,0.0,2995000,0.0,0.0,2.000000,frankycpp_v1.8.exe,"std::_Uninitialized_backout<std::_List_unchecked_iterator<std::_List_val<std::_List_simple_types<std::pair<unsigned __int64 const ,book::BookEntry> > > > *>::_Emplace_back",xmemory,0x14027f4c0
"std::array<chess::Bitboard,64>::operator[]",0.001000,0.001000,0.0,0.0,14975000,23.8,23.8,0.600000,frankycpp_v1.8.exe,"std::array<chess::Bitboard,64>::operator[]",array,0x1402215c2
"std::array<chess::Move,128>::operator[]",0.001000,0.001000,0.0,0.0,11980000,73.8,73.8,0.250000,frankycpp_v1.8.exe,"std::array<chess::Move,128>::operator[]",array,0x14021f2d3
"std::array<chess::Value,25>::operator[]",0.001000,0.001000,0.0,0.0,2995000,,,0.0,frankycpp_v1.8.exe,"std::array<chess::Value,25>::operator[]",array,0x140264012
"std::array<chess::Value,25>::operator[]",0.001000,0.001000,0.0,0.0,14975000,22.2,22.2,0.200000,frankycpp_v1.8.exe,"std::array<chess::Value,25>::operator[]",array,0x14026391a
"std::array<std::array<chess::Move,64>,64>::operator[]",0.001000,0.001000,0.0,0.0,2995000,83.3,83.3,1.000000,frankycpp_v1.8.exe,"std::array<std::array<chess::Move,64>,64>::operator[]",array,0x140220ab6
"std::basic_ios<char,struct std::char_traits<char> >::init",0.001000,0.001000,0.0,0.0,0,0.0,0.0,0.0,msvcp140.dll,"std::basic_ios<char,struct std::char_traits<char> >::init(class std::basic_streambuf<char,struct std::char_traits<char> > * __ptr64,bool)",[Unknown],0x1800085b0
"std::basic_streambuf<char,struct std::char_traits<char> >::xsputn",0.001000,0.001000,0.0,0.0,0,0.0,0.0,0.0,msvcp140.dll,"std::basic_streambuf<char,struct std::char_traits<char> >::xsputn(char const * __ptr64,__int64)",[Unknown],0x1800098c0
std::countr_zero,0.001000,0.001000,0.0,0.0,0,100.0,100.0,0.0,frankycpp_v1.8.exe,std::countr_zero,bit,0x1402632aa
std::countr_zero,0.001000,0.001000,0.0,0.0,20965000,5.2,5.2,0.714286,frankycpp_v1.8.exe,std::countr_zero,bit,0x1402639b7
std::countr_zero,0.001000,0.001000,0.0,0.0,35940000,,,0.250000,frankycpp_v1.8.exe,std::countr_zero,bit,0x14026b080
std::countr_zero,0.001000,0.001000,0.0,0.0,2995000,0.0,0.0,0.0,frankycpp_v1.8.exe,std::countr_zero,bit,0x140263708
std::max,0.001000,0.001000,0.0,0.0,26955000,23.3,23.3,0.111111,frankycpp_v1.8.exe,std::max,utility,0x14021f37c
std::min,0.001000,0.001000,0.0,0.0,0,0.0,0.0,0.0,frankycpp_v1.8.exe,std::min,utility,0x14021d29e
std::popcount,0.001000,0.001000,0.0,0.0,20965000,57.2,57.2,0.285714,frankycpp_v1.8.exe,std::popcount,bit,0x14026b255
std::popcount,0.001000,0.001000,0.0,0.0,26955000,100.0,100.0,0.333333,frankycpp_v1.8.exe,std::popcount,bit,0x14026a168
std::popcount,0.001000,0.001000,0.0,0.0,80865000,,,0.333333,frankycpp_v1.8.exe,std::popcount,bit,0x14026a0dd
"std::ranges::_Stable_sort_fn::_Buffered_merge_sort_common<chess::Move *,chess::moveValueGreaterComparator,std::identity>",0.001000,0.001000,0.0,0.0,0,0.0,0.0,0.0,frankycpp_v1.8.exe,"std::ranges::_Stable_sort_fn::_Buffered_merge_sort_common<chess::Move *,chess::moveValueGreaterComparator,std::identity>(class chess::Move *, class chess::Move *, const __int64, class chess::Move *, struct chess::moveValueGreaterComparator, struct std::identity)",algorithm,0x14023a190
std::ranges::_Swap::_Cpo::operator(),0.001000,0.001000,0.0,0.0,0,0.0,0.0,,frankycpp_v1.8.exe,std::ranges::_Swap::_Cpo::operator(),concepts,0x1402644a5
std::ranges::_Swap::_Cpo::operator(),0.001000,0.001000,0.0,0.0,2995000,,,2.000000,frankycpp_v1.8.exe,std::ranges::_Swap::_Cpo::operator(),concepts,0x140264507
std::ranges::_Swap::_Cpo::operator(),0.001000,0.001000,0.0,0.0,11980000,,,0.250000,frankycpp_v1.8.exe,std::ranges::_Swap::_Cpo::operator(),concepts,0x140265148
std::ranges::_Swap::_Cpo::operator(),0.001000,0.001000,0.0,0.0,5990000,14.3,14.3,2.000000,frankycpp_v1.8.exe,std::ranges::_Swap::_Cpo::operator(),concepts,0x1402644fd
"std::unique_ptr<tablebase::Tablebase,std::default_delete<tablebase::Tablebase> >::operator bool",0.001000,0.001000,0.0,0.0,5990000,,,0.500000,frankycpp_v1.8.exe,"std::unique_ptr<tablebase::Tablebase,std::default_delete<tablebase::Tablebase> >::operator bool",memory,0x14021f631
"std::vector<class chess::Move,class std::allocator<class chess::Move> >::~vector<class chess::Move,class std::allocator<class chess::Move> >",0.001000,0.001000,0.0,0.0,2995000,,,0.0,frankycpp_v1.8.exe,"std::vector<class chess::Move,class std::allocator<class chess::Move> >::~vector<class chess::Move,class std::allocator<class chess::Move> >(void)",vector,0x140233110
EtwWriteEx,0.0,0.0,0.0,0.0,2995000,0.0,0.0,2.000000,ntoskrnl.exe,EtwWriteEx,[Unknown],0x14025a7b0
ExAcquireAutoExpandPushLockShared,0.0,0.0,0.0,0.0,0,25.0,25.0,,ntoskrnl.exe,ExAcquireAutoExpandPushLockShared,[Unknown],0x1402f0a90
ExAcquireRundownProtectionCacheAwareEx,0.0,0.0,0.0,0.0,0,100.0,100.0,0.0,ntoskrnl.exe,ExAcquireRundownProtectionCacheAwareEx,[Unknown],0x140404ce0
ExFreeToNPagedLookasideList,0.0,0.0,0.0,0.0,2995000,0.0,0.0,0.0,ntoskrnl.exe,ExFreeToNPagedLookasideList,[Unknown],0x14024baf0
ExReleaseSpinLockSharedFromDpcLevel,0.0,0.0,0.0,0.0,2995000,0.0,0.0,2.000000,ntoskrnl.exe,ExReleaseSpinLockSharedFromDpcLevel,[Unknown],0x140210c80
IoAllocateWorkItem,0.0,0.0,0.0,0.0,0,100.0,100.0,0.0,ntoskrnl.exe,IoAllocateWorkItem,[Unknown],0x140439d70
IoGetCurrentProcess,0.0,0.0,0.0,0.0,2995000,0.0,0.0,0.0,ntoskrnl.exe,IoGetCurrentProcess,[Unknown],0x1404129e0
KeAcquireInStackQueuedSpinLock,0.0,0.0,0.0,0.0,5990000,22.2,22.2,1.000000,ntoskrnl.exe,KeAcquireInStackQueuedSpinLock,[Unknown],0x1402b1ca0
KeAddProcessorAffinityEx,0.0,0.0,0.0,0.0,2995000,0.0,0.0,0.0,ntoskrnl.exe,KeAddProcessorAffinityEx,[Unknown],0x140258260
KeEnumerateNextProcessor,0.0,0.0,0.0,0.0,2995000,,,2.000000,ntoskrnl.exe,KeEnumerateNextProcessor,[Unknown],0x140405530
KeGetCurrentIrql,0.0,0.0,0.0,0.0,2995000,16.7,16.7,3.000000,ntoskrnl.exe,KeGetCurrentIrql,[Unknown],0x140415150
KeInsertQueueDpc,0.0,0.0,0.0,0.0,2995000,0.0,0.0,0.0,ntoskrnl.exe,KeInsertQueueDpc,[Unknown],0x140255420
KeLowerIrql,0.0,0.0,0.0,0.0,8985000,57.1,57.1,0.666667,ntoskrnl.exe,KeLowerIrql,[Unknown],0x1403f5490
KeReleaseInStackQueuedSpinLock,0.0,0.0,0.0,0.0,0,33.3,33.3,,ntoskrnl.exe,KeReleaseInStackQueuedSpinLock,[Unknown],0x140276e00
MmUnlockPages,0.0,0.0,0.0,0.0,0,20.0,20.0,,ntoskrnl.exe,MmUnlockPages,[Unknown],0x140269060
NtAllocateVirtualMemory,0.0,0.0,0.0,0.0,2995000,0.0,0.0,0.0,ntoskrnl.exe,NtAllocateVirtualMemory,[Unknown],0x1408d8ee0
ObfReferenceObjectWithTag,0.0,0.0,0.0,0.0,2995000,0.0,0.0,1.000000,ntoskrnl.exe,ObfReferenceObjectWithTag,[Unknown],0x1402f1310
ReadFile,0.0,0.0,0.0,0.0,0,100.0,100.0,0.0,kernelbase.dll,ReadFile,[Unknown],0x180041db0
RtlActivateActivationContextUnsafeFast,0.0,0.0,0.0,0.0,2995000,0.0,0.0,0.0,ntdll.dll,RtlActivateActivationContextUnsafeFast,[Unknown],0x18000a5c0
RtlAllocateHeap,0.0,0.0,0.0,0.0,17970000,10.0,10.0,0.333333,ntdll.dll,RtlAllocateHeap,[Unknown],0x18001c240
RtlLeaveCriticalSection,0.0,0.0,0.0,0.0,5990000,0.0,0.0,0.0,ntdll.dll,RtlLeaveCriticalSection,[Unknown],0x18000d8f0
RtlRestoreLastWin32Error,0.0,0.0,0.0,0.0,2995000,0.0,0.0,0.0,ntdll.dll,RtlRestoreLastWin32Error,[Unknown],0x180060700
SetLastError,0.0,0.0,0.0,0.0,2995000,0.0,0.0,0.0,kernel32.dll,SetLastError,[Unknown],0x180028db0
WdLogSingleEntry2,0.0,0.0,0.0,0.0,2995000,0.0,0.0,0.0,watchdog.sys,WdLogSingleEntry2,[Unknown],0x140001f80
YAML::RegEx::MatchUnchecked<class YAML::StreamCharSource>,0.0,0.0,0.0,0.0,5990000,0.0,0.0,0.500000,frankycpp_v1.8.exe,YAML::RegEx::MatchUnchecked<class YAML::StreamCharSource>(class YAML::StreamCharSource const &),regeximpl.h,0x1402f3050
YAML::Stream::_ReadAheadTo,0.0,0.0,0.0,0.0,0,100.0,100.0,0.0,frankycpp_v1.8.exe,YAML::Stream::_ReadAheadTo(unsigned __int64),stream.cpp,0x1402ffb20
[Import thunk _std_type_info_compare],0.0,0.0,0.0,0.0,23960000,33.3,33.3,0.250000,frankycpp_v1.8.exe,[Import thunk _std_type_info_compare],[Unknown],0x14061b89e
[Import thunk malloc],0.0,0.0,0.0,0.0,0,100.0,100.0,,frankycpp_v1.8.exe,[Import thunk malloc],[Unknown],0x14061ba6c
[Import thunk memmove],0.0,0.0,0.0,0.0,2995000,100.0,100.0,0.0,frankycpp_v1.8.exe,[Import thunk memmove],[Unknown],0x14061b8e0
[usbxhci.sys],0.0,0.0,0.0,0.0,0,50.0,50.0,0.0,usbxhci.sys,[usbxhci.sys],[Unknown],0x0
_stdio_common_vsprintf_s,0.0,0.0,0.0,0.0,2995000,0.0,0.0,0.0,ucrtbase.dll,_stdio_common_vsprintf_s,[Unknown],0x1800187f0
book::BookEntry::serialize,0.0,0.0,0.0,0.0,5990000,100.0,100.0,0.0,frankycpp_v1.8.exe,book::BookEntry::serialize,bookentry.h,0x14028d01b
boost::archive::basic_binary_iarchive<boost::archive::binary_iarchive>::load_override,0.0,0.0,0.0,0.0,2995000,0.0,0.0,0.0,frankycpp_v1.8.exe,boost::archive::basic_binary_iarchive<boost::archive::binary_iarchive>::load_override,basic_binary_iarchive.hpp,0x140288c8f
boost::archive::basic_binary_iarchive<boost::archive::binary_iarchive>::load_override,0.0,0.0,0.0,0.0,17970000,100.0,100.0,0.0,frankycpp_v1.8.exe,boost::archive::basic_binary_iarchive<boost::archive::binary_iarchive>::load_override,basic_binary_iarchive.hpp,0x140288d9f
"boost::archive::basic_binary_iprimitive<boost::archive::binary_iarchive,char,std::char_traits<char> >::load_binary",0.0,0.0,0.0,0.0,2995000,0.0,0.0,0.0,frankycpp_v1.8.exe,"boost::archive::basic_binary_iprimitive<boost::archive::binary_iarchive,char,std::char_traits<char> >::load_binary",basic_binary_iprimitive.hpp,0x14028ee64
"boost::archive::basic_binary_iprimitive<boost::archive::binary_iarchive,char,std::char_traits<char> >::load_binary",0.0,0.0,0.0,0.0,8985000,0.0,0.0,0.333333,frankycpp_v1.8.exe,"boost::archive::basic_binary_iprimitive<boost::archive::binary_iarchive,char,std::char_traits<char> >::load_binary",basic_binary_iprimitive.hpp,0x14028c0d4
boost::archive::detail::basic_iarchive::get_library_version,0.0,0.0,0.0,0.0,14975000,45.5,45.5,0.800000,frankycpp_v1.8.exe,boost::archive::detail::basic_iarchive::get_library_version(void),basic_iarchive.cpp,0x1402aeea0
boost::archive::detail::basic_iarchive_impl::reset_object_address,0.0,0.0,0.0,0.0,2995000,0.0,0.0,0.0,frankycpp_v1.8.exe,boost::archive::detail::basic_iarchive_impl::reset_object_address,basic_iarchive.cpp,0x1402af8ff
boost::archive::detail::basic_serializer::operator<,0.0,0.0,0.0,0.0,5990000,66.7,66.7,1.000000,frankycpp_v1.8.exe,boost::archive::detail::basic_serializer::operator<,basic_serializer.hpp,0x1402af7d8
boost::archive::detail::basic_serializer::operator<,0.0,0.0,0.0,0.0,41930000,75.0,75.0,0.214286,frankycpp_v1.8.exe,boost::archive::detail::basic_serializer::operator<,basic_serializer.hpp,0x1402af793
boost::archive::detail::common_iarchive<boost::archive::binary_iarchive>::load_override,0.0,0.0,0.0,0.0,0,33.3,33.3,0.0,frankycpp_v1.8.exe,boost::archive::detail::common_iarchive<boost::archive::binary_iarchive>::load_override,common_iarchive.hpp,0x14028170b
boost::archive::detail::common_iarchive<boost::archive::binary_iarchive>::load_override,0.0,0.0,0.0,0.0,2995000,100.0,100.0,0.0,frankycpp_v1.8.exe,boost::archive::detail::common_iarchive<boost::archive::binary_iarchive>::load_override,common_iarchive.hpp,0x14028c062
boost::archive::detail::common_iarchive<boost::archive::binary_iarchive>::load_override,0.0,0.0,0.0,0.0,2995000,0.0,0.0,0.0,frankycpp_v1.8.exe,boost::archive::detail::common_iarchive<boost::archive::binary_iarchive>::load_override,common_iarchive.hpp,0x14028ee50
boost::archive::detail::common_iarchive<boost::archive::binary_iarchive>::load_override,0.0,0.0,0.0,0.0,2995000,0.0,0.0,0.0,frankycpp_v1.8.exe,boost::archive::detail::common_iarchive<boost::archive::binary_iarchive>::load_override,common_iarchive.hpp,0x140294022
boost::archive::detail::interface_iarchive<boost::archive::binary_iarchive>::This,0.0,0.0,0.0,0.0,0,100.0,100.0,,frankycpp_v1.8.exe,boost::archive::detail::interface_iarchive<boost::archive::binary_iarchive>::This,interface_iarchive.hpp,0x14028edff
boost::archive::detail::interface_iarchive<boost::archive::binary_iarchive>::This,0.0,0.0,0.0,0.0,2995000,0.0,0.0,0.0,frankycpp_v1.8.exe,boost::archive::detail::interface_iarchive<boost::archive::binary_iarchive>::This,interface_iarchive.hpp,0x140288cbb
boost::archive::detail::interface_iarchive<boost::archive::binary_iarchive>::This,0.0,0.0,0.0,0.0,0,100.0,100.0,,frankycpp_v1.8.exe,boost::archive::detail::interface_iarchive<boost::archive::binary_iarchive>::This,interface_iarchive.hpp,0x140288dc3
boost::archive::detail::interface_iarchive<boost::archive::binary_iarchive>::This,0.0,0.0,0.0,0.0,2995000,0.0,0.0,0.0,frankycpp_v1.8.exe,boost::archive::detail::interface_iarchive<boost::archive::binary_iarchive>::This,interface_iarchive.hpp,0x14028c0cd
boost::archive::detail::interface_iarchive<boost::archive::binary_iarchive>::operator&,0.0,0.0,0.0,0.0,2995000,,,0.0,frankycpp_v1.8.exe,boost::archive::detail::interface_iarchive<boost::archive::binary_iarchive>::operator&,interface_iarchive.hpp,0x140294d6c
"boost::archive::detail::iserializer<class boost::archive::binary_iarchive,class chess::Move>::load_object_data",0.0,0.0,0.0,0.0,0,100.0,100.0,0.0,frankycpp_v1.8.exe,"boost::archive::detail::iserializer<class boost::archive::binary_iarchive,class chess::Move>::load_object_data(class boost::archive::detail::basic_iarchive &,void *,unsigned int)",iserializer.hpp,0x140294590
"boost::archive::detail::iserializer<class boost::archive::binary_iarchive,class std::vector<class chess::Move,class std::allocator<class chess::Move> > >::load_object_data",0.0,0.0,0.0,0.0,5990000,100.0,100.0,0.500000,frankycpp_v1.8.exe,"boost::archive::detail::iserializer<class boost::archive::binary_iarchive,class std::vector<class chess::Move,class std::allocator<class chess::Move> > >::load_object_data(class boost::archive::detail::basic_iarchive &,void *,unsigned int)",iserializer.hpp,0x1402901e0
"boost::archive::detail::iserializer<class boost::archive::binary_iarchive,struct std::pair<unsigned __int64 const ,class book::BookEntry> >::load_object_data",0.0,0.0,0.0,0.0,8985000,33.3,33.3,0.333333,frankycpp_v1.8.exe,"boost::archive::detail::iserializer<class boost::archive::binary_iarchive,struct std::pair<unsigned __int64 const ,class book::BookEntry> >::load_object_data(class boost::archive::detail::basic_iarchive &,void *,unsigned int)",iserializer.hpp,0x14028ace0
boost::archive::detail::load_non_pointer_type<boost::archive::binary_iarchive>::load_standard::invoke,0.0,0.0,0.0,0.0,2995000,0.0,0.0,1.000000,frankycpp_v1.8.exe,boost::archive::detail::load_non_pointer_type<boost::archive::binary_iarchive>::load_standard::invoke,iserializer.hpp,0x14028ee06
boost::archive::detail::load_non_pointer_type<boost::archive::binary_iarchive>::load_standard::invoke,0.0,0.0,0.0,0.0,2995000,0.0,0.0,0.0,frankycpp_v1.8.exe,boost::archive::detail::load_non_pointer_type<boost::archive::binary_iarchive>::load_standard::invoke,iserializer.hpp,0x1402893d6
boost::archive::detail::load_non_pointer_type<boost::archive::binary_iarchive>::load_standard::invoke,0.0,0.0,0.0,0.0,5990000,0.0,0.0,0.0,frankycpp_v1.8.exe,boost::archive::detail::load_non_pointer_type<boost::archive::binary_iarchive>::load_standard::invoke,iserializer.hpp,0x140294036
boost::archive::object_id_type::operator=,0.0,0.0,0.0,0.0,0,100.0,100.0,0.0,frankycpp_v1.8.exe,boost::archive::object_id_type::operator=,basic_archive.hpp,0x1402af057
boost::archive::object_id_type::operator=,0.0,0.0,0.0,0.0,5990000,50.0,50.0,0.500000,frankycpp_v1.8.exe,boost::archive::object_id_type::operator=,basic_archive.hpp,0x1402aeee0
boost::archive::object_id_type::{ctor},0.0,0.0,0.0,0.0,2995000,50.0,50.0,0.0,frankycpp_v1.8.exe,boost::archive::object_id_type::{ctor},basic_archive.hpp,0x1402aef96
boost::archive::version_type::{ctor},0.0,0.0,0.0,0.0,2995000,0.0,0.0,0.0,frankycpp_v1.8.exe,boost::archive::version_type::{ctor},basic_archive.hpp,0x14028d150
boost::archive::version_type::{ctor},0.0,0.0,0.0,0.0,5990000,0.0,0.0,0.0,frankycpp_v1.8.exe,boost::archive::version_type::{ctor},basic_archive.hpp,0x140294710
boost::archive::version_type::{ctor},0.0,0.0,0.0,0.0,8985000,100.0,100.0,0.0,frankycpp_v1.8.exe,boost::archive::version_type::{ctor},basic_archive.hpp,0x14028ae10
"boost::serialization::free_loader<boost::archive::binary_iarchive,boost::serialization::nvp<book::BookEntry> >::invoke",0.0,0.0,0.0,0.0,2995000,,,1.000000,frankycpp_v1.8.exe,"boost::serialization::free_loader<boost::archive::binary_iarchive,boost::serialization::nvp<book::BookEntry> >::invoke",split_free.hpp,0x14028ad72
"boost::serialization::free_loader<boost::archive::binary_iarchive,boost::serialization::nvp<boost::serialization::collection_size_type> >::invoke",0.0,0.0,0.0,0.0,0,100.0,100.0,0.0,frankycpp_v1.8.exe,"boost::serialization::free_loader<boost::archive::binary_iarchive,boost::serialization::nvp<boost::serialization::collection_size_type> >::invoke",split_free.hpp,0x140290269
"boost::serialization::free_loader<boost::archive::binary_iarchive,boost::serialization::nvp<boost::serialization::collection_size_type> >::invoke",0.0,0.0,0.0,0.0,8985000,,,0.0,frankycpp_v1.8.exe,"boost::serialization::free_loader<boost::archive::binary_iarchive,boost::serialization::nvp<boost::serialization::collection_size_type> >::invoke",split_free.hpp,0x1402929a3
"boost::serialization::free_loader<boost::archive::binary_iarchive,boost::serialization::nvp<int> >::invoke",0.0,0.0,0.0,0.0,5990000,50.0,50.0,0.0,frankycpp_v1.8.exe,"boost::serialization::free_loader<boost::archive::binary_iarchive,boost::serialization::nvp<int> >::invoke",split_free.hpp,0x14028d065
boost::serialization::load,0.0,0.0,0.0,0.0,0,66.7,66.7,0.0,frankycpp_v1.8.exe,boost::serialization::load,vector.hpp,0x14029022a
"boost::serialization::load<class boost::archive::binary_iarchive,class chess::Move>",0.0,0.0,0.0,0.0,2995000,0.0,0.0,0.0,frankycpp_v1.8.exe,"boost::serialization::load<class boost::archive::binary_iarchive,class chess::Move>(class boost::archive::binary_iarchive &,class boost::serialization::nvp<class chess::Move> &,unsigned int)",nvp.hpp,0x140294010
"boost::serialization::load<class boost::archive::binary_iarchive,class std::vector<class chess::Move,class std::allocator<class chess::Move> > >",0.0,0.0,0.0,0.0,2995000,100.0,100.0,0.0,frankycpp_v1.8.exe,"boost::serialization::load<class boost::archive::binary_iarchive,class std::vector<class chess::Move,class std::allocator<class chess::Move> > >(class boost::archive::binary_iarchive &,class boost::serialization::nvp<class std::vector<class chess::Move,class std::allocator<class chess::Move> > > &,unsigned int)",nvp.hpp,0x14028ede0
"boost::serialization::load<class boost::archive::binary_iarchive,int>",0.0,0.0,0.0,0.0,2995000,0.0,0.0,1.000000,frankycpp_v1.8.exe,"boost::serialization::load<class boost::archive::binary_iarchive,int>(class boost::archive::binary_iarchive &,class boost::serialization::nvp<int> &,unsigned int)",nvp.hpp,0x14028ee30
"boost::serialization::load<class boost::archive::binary_iarchive,unsigned __int64>",0.0,0.0,0.0,0.0,8985000,,,0.333333,frankycpp_v1.8.exe,"boost::serialization::load<class boost::archive::binary_iarchive,unsigned __int64>(class boost::archive::binary_iarchive &,class boost::serialization::nvp<unsigned __int64> &,unsigned int)",nvp.hpp,0x14028c0a0
"boost::serialization::load<class boost::archive::binary_iarchive,unsigned int>",0.0,0.0,0.0,0.0,0,100.0,100.0,0.0,frankycpp_v1.8.exe,"boost::serialization::load<class boost::archive::binary_iarchive,unsigned int>(class boost::archive::binary_iarchive &,class boost::serialization::nvp<unsigned int> &,unsigned int)",nvp.hpp,0x140294000
boost::serialization::nvp<book::BookEntry>::{ctor},0.0,0.0,0.0,0.0,2995000,0.0,0.0,0.0,frankycpp_v1.8.exe,boost::serialization::nvp<book::BookEntry>::{ctor},nvp.hpp,0x14028ad56
"boost::serialization::singleton<boost::archive::detail::iserializer<boost::archive::binary_iarchive,book::BookEntry> >::get_const_instance",0.0,0.0,0.0,0.0,2995000,,,0.0,frankycpp_v1.8.exe,"boost::serialization::singleton<boost::archive::detail::iserializer<boost::archive::binary_iarchive,book::BookEntry> >::get_const_instance",singleton.hpp,0x14028c076
"boost::serialization::singleton<boost::archive::detail::iserializer<boost::archive::binary_iarchive,std::vector<chess::Move,std::allocator<chess::Move> > > >::get_const_instance",0.0,0.0,0.0,0.0,2995000,0.0,0.0,0.0,frankycpp_v1.8.exe,"boost::serialization::singleton<boost::archive::detail::iserializer<boost::archive::binary_iarchive,std::vector<chess::Move,std::allocator<chess::Move> > > >::get_const_instance",singleton.hpp,0x14028ee06
"boost::serialization::singleton<class boost::archive::detail::iserializer<class boost::archive::binary_iarchive,class book::BookEntry> >::get_instance",0.0,0.0,0.0,0.0,5990000,,,0.0,frankycpp_v1.8.exe,"boost::serialization::singleton<class boost::archive::detail::iserializer<class boost::archive::binary_iarchive,class book::BookEntry> >::get_instance(void)",singleton.hpp,0x14028d5c0
"boost::serialization::singleton<class boost::archive::detail::iserializer<class boost::archive::binary_iarchive,class std::vector<unsigned __int64,class std::allocator<unsigned __int64> > > >::get_instance",0.0,0.0,0.0,0.0,11980000,75.0,75.0,0.0,frankycpp_v1.8.exe,"boost::serialization::singleton<class boost::archive::detail::iserializer<class boost::archive::binary_iarchive,class std::vector<unsigned __int64,class std::allocator<unsigned __int64> > > >::get_instance(void)",singleton.hpp,0x140291090
"boost::serialization::singleton<class boost::archive::detail::iserializer<class boost::archive::binary_iarchive,struct std::pair<unsigned __int64 const ,class book::BookEntry> > >::get_instance",0.0,0.0,0.0,0.0,2995000,0.0,0.0,0.0,frankycpp_v1.8.exe,"boost::serialization::singleton<class boost::archive::detail::iserializer<class boost::archive::binary_iarchive,struct std::pair<unsigned __int64 const ,class book::BookEntry> > >::get_instance(void)",singleton.hpp,0x14028b150
chess::Attacks::detail::fill,0.0,0.0,0.0,0.0,2995000,0.0,0.0,1.000000,frankycpp_v1.8.exe,"chess::Attacks::detail::fill(class chess::Bitboard * const,class std::array<struct chess::Attacks::detail::Magic,64> const &,class chess::Direction const * const)",attacks.cpp,0x14016c870
chess::Attacks::detail::sliding_attack,0.0,0.0,0.0,0.0,8985000,60.0,60.0,0.0,frankycpp_v1.8.exe,"chess::Attacks::detail::sliding_attack(class chess::Direction const * const,class chess::Square,class chess::Bitboard)",attacks.cpp,0x14016c6d0
chess::Bitboard::operator bool,0.0,0.0,0.0,0.0,5990000,75.0,75.0,0.0,frankycpp_v1.8.exe,chess::Bitboard::operator bool,bitboard.h,0x14026ab69
chess::Bitboard::operator^=,0.0,0.0,0.0,0.0,50915000,57.2,57.2,0.294118,frankycpp_v1.8.exe,chess::Bitboard::operator^=,bitboard.h,0x14025c5e2
chess::Bitboard::popLSB,0.0,0.0,0.0,0.0,5990000,66.7,66.7,0.500000,frankycpp_v1.8.exe,chess::Bitboard::popLSB,bitboard.h,0x1402632a5
chess::Bitboard::popLSB,0.0,0.0,0.0,0.0,14975000,,,0.400000,frankycpp_v1.8.exe,chess::Bitboard::popLSB,bitboard.h,0x1402639b2
chess::Bitboard::popLSB,0.0,0.0,0.0,0.0,5990000,,,0.0,frankycpp_v1.8.exe,chess::Bitboard::popLSB,bitboard.h,0x14026ab40
chess::Bitboard::popLSB,0.0,0.0,0.0,0.0,5990000,41.1,41.1,1.000000,frankycpp_v1.8.exe,chess::Bitboard::popLSB,bitboard.h,0x14026b080
chess::Bitboard::popLSB,0.0,0.0,0.0,0.0,0,100.0,100.0,0.0,frankycpp_v1.8.exe,chess::Bitboard::popLSB,bitboard.h,0x140263900
chess::CastlingRights::isEmpty,0.0,0.0,0.0,0.0,8985000,20.0,20.0,0.333333,frankycpp_v1.8.exe,chess::CastlingRights::isEmpty,castlingrights.h,0x14025bc37
chess::CastlingRights::operator-=,0.0,0.0,0.0,0.0,2995000,0.0,0.0,0.0,frankycpp_v1.8.exe,chess::CastlingRights::operator-=,castlingrights.h,0x14025bad7
chess::Color::iterator::{ctor},0.0,0.0,0.0,0.0,2995000,,,1.000000,frankycpp_v1.8.exe,chess::Color::iterator::{ctor},color.h,0x140269f21
chess::Direction::pawnPush,0.0,0.0,0.0,0.0,11980000,,,0.500000,frankycpp_v1.8.exe,chess::Direction::pawnPush,direction.h,0x140263793
chess::Direction::pawnPush,0.0,0.0,0.0,0.0,2995000,38.7,38.7,2.000000,frankycpp_v1.8.exe,chess::Direction::pawnPush,direction.h,0x140269f9d
chess::Direction::pawnPush,0.0,0.0,0.0,0.0,2995000,,,1.000000,frankycpp_v1.8.exe,chess::Direction::pawnPush,direction.h,0x1402634f8
chess::Direction::pawnPush,0.0,0.0,0.0,0.0,0,25.0,25.0,0.0,frankycpp_v1.8.exe,chess::Direction::pawnPush,direction.h,0x1402635fc
chess::Direction::{ctor},0.0,0.0,0.0,0.0,2995000,,,0.0,frankycpp_v1.8.exe,chess::Direction::{ctor},direction.h,0x1402637c0
chess::Move::encode,0.0,0.0,0.0,0.0,0,25.0,25.0,,frankycpp_v1.8.exe,chess::Move::encode,move.h,0x14026330e
chess::Move::encode,0.0,0.0,0.0,0.0,17970000,,,0.0,frankycpp_v1.8.exe,chess::Move::encode,move.h,0x140263732
chess::Move::encode,0.0,0.0,0.0,0.0,8985000,,,0.0,frankycpp_v1.8.exe,chess::Move::encode,move.h,0x14026333d
chess::Move::encode,0.0,0.0,0.0,0.0,2995000,33.3,33.3,0.0,frankycpp_v1.8.exe,chess::Move::encode,move.h,0x14026336a
chess::Move::from,0.0,0.0,0.0,0.0,0,100.0,100.0,,frankycpp_v1.8.exe,chess::Move::from,move.h,0x14025bed9
chess::Move::isNone,0.0,0.0,0.0,0.0,0,33.3,33.3,,frankycpp_v1.8.exe,chess::Move::isNone,move.h,0x14021f0f0
chess::Move::operator==,0.0,0.0,0.0,0.0,2995000,0.0,0.0,1.000000,frankycpp_v1.8.exe,chess::Move::operator==,PVTable.h,0x14022144b
chess::Move::operator==,0.0,0.0,0.0,0.0,5990000,25.0,25.0,0.0,frankycpp_v1.8.exe,chess::Move::operator==,PVTable.h,0x14022099d
chess::Move::promotionType,0.0,0.0,0.0,0.0,2995000,0.0,0.0,1.000000,frankycpp_v1.8.exe,chess::Move::promotionType,move.h,0x14025bcba
chess::Move::stripped,0.0,0.0,0.0,0.0,8985000,,,0.0,frankycpp_v1.8.exe,chess::Move::stripped,move.h,0x140260fc0
chess::Move::to,0.0,0.0,0.0,0.0,23960000,45.7,45.7,0.375000,frankycpp_v1.8.exe,chess::Move::to,move.h,0x1402209d0
chess::Move::type,0.0,0.0,0.0,0.0,0,25.8,25.8,,frankycpp_v1.8.exe,chess::Move::type,move.h,0x140220a34
chess::Move::{ctor},0.0,0.0,0.0,0.0,5990000,,,0.0,frankycpp_v1.8.exe,chess::Move::{ctor},move.h,0x140263914
chess::Move::{ctor},0.0,0.0,0.0,0.0,11980000,33.3,33.3,0.750000,frankycpp_v1.8.exe,chess::Move::{ctor},move.h,0x1401a06b0
chess::MoveGenerator::generatePseudoLegalMoves,0.0,0.0,0.0,0.0,8985000,0.0,0.0,0.0,frankycpp_v1.8.exe,"chess::MoveGenerator::generatePseudoLegalMoves(class chess::Position const &,enum chess::GenMode,bool)",MoveGenerator.cpp,0x140260bd0
chess::MoveGenerator::storeKiller,0.0,0.0,0.0,0.0,14975000,8.5,8.5,0.400000,frankycpp_v1.8.exe,chess::MoveGenerator::storeKiller(class chess::Move),MoveGenerator.cpp,0x140260fc0
chess::MoveGenerator::validateMove,0.0,0.0,0.0,0.0,5990000,,,0.0,frankycpp_v1.8.exe,"chess::MoveGenerator::validateMove(class chess::Position const &,class chess::Move)",MoveGenerator.cpp,0x140260ff0
chess::Position::clearEnPassant,0.0,0.0,0.0,0.0,5990000,18.2,18.2,0.0,frankycpp_v1.8.exe,chess::Position::clearEnPassant,Position.cpp,0x14025c124
chess::Position::clearEnPassant,0.0,0.0,0.0,0.0,14975000,,,0.200000,frankycpp_v1.8.exe,chess::Position::clearEnPassant,Position.cpp,0x14025bb5f
chess::Position::getCastlingRights,0.0,0.0,0.0,0.0,0,50.0,50.0,0.0,frankycpp_v1.8.exe,chess::Position::getCastlingRights,Position.h,0x140264091
chess::Position::getKingSquare,0.0,0.0,0.0,0.0,11980000,26.5,26.5,0.750000,frankycpp_v1.8.exe,chess::Position::getKingSquare,Position.h,0x14026a666
chess::Position::getNextPlayer,0.0,0.0,0.0,0.0,5990000,,,0.0,frankycpp_v1.8.exe,chess::Position::getNextPlayer,Position.h,0x14029e6bc
chess::Position::getNextPlayer,0.0,0.0,0.0,0.0,5990000,0.0,0.0,0.0,frankycpp_v1.8.exe,chess::Position::getNextPlayer,Position.h,0x14026301a
chess::Position::getPiece,0.0,0.0,0.0,0.0,0,100.0,100.0,0.0,frankycpp_v1.8.exe,chess::Position::getPiece,Position.h,0x1402632af
chess::Position::getPieceBb,0.0,0.0,0.0,0.0,0,16.7,16.7,,frankycpp_v1.8.exe,chess::Position::getPieceBb,Position.h,0x140269f63
chess::Position::getPieceBb,0.0,0.0,0.0,0.0,2995000,31.6,31.6,1.000000,frankycpp_v1.8.exe,chess::Position::getPieceBb,Position.h,0x14026a7e7
chess::Position::getPieceBb,0.0,0.0,0.0,0.0,2995000,33.3,33.3,0.0,frankycpp_v1.8.exe,chess::Position::getPieceBb,Position.h,0x140269f50
chess::Position::isCapturingMove,0.0,0.0,0.0,0.0,2995000,,,0.0,frankycpp_v1.8.exe,chess::Position::isCapturingMove,Position.h,0x1402209c8
chess::Position::isCapturingMove,0.0,0.0,0.0,0.0,2995000,0.0,0.0,1.000000,frankycpp_v1.8.exe,chess::Position::isCapturingMove,Position.h,0x140220a13
chess::Position::isLegalMove,0.0,0.0,0.0,0.0,53910000,37.4,37.4,0.166667,frankycpp_v1.8.exe,chess::Position::isLegalMove(class chess::Move),Position.cpp,0x14025c800
chess::Square::file,0.0,0.0,0.0,0.0,5990000,100.0,100.0,0.500000,frankycpp_v1.8.exe,chess::Square::file,square.h,0x14026b41b
chess::Square::file,0.0,0.0,0.0,0.0,0,100.0,100.0,0.0,frankycpp_v1.8.exe,chess::Square::file,square.h,0x14025c133
chess::Square::isValid,0.0,0.0,0.0,0.0,2995000,0.0,0.0,0.0,frankycpp_v1.8.exe,chess::Square::isValid,square.h,0x14016c6e1
chess::Square::pawnPush,0.0,0.0,0.0,0.0,2995000,33.3,33.3,0.0,frankycpp_v1.8.exe,chess::Square::pawnPush,square.h,0x14025bbc1
chess::Square::pawnPush,0.0,0.0,0.0,0.0,5990000,0.0,0.0,0.0,frankycpp_v1.8.exe,chess::Square::pawnPush,square.h,0x14029e9c3
chess::StaticMoveList<128>::pop_back,0.0,0.0,0.0,0.0,2995000,100.0,100.0,0.0,frankycpp_v1.8.exe,chess::StaticMoveList<128>::pop_back,staticmovelist.h,0x14021f0cc
chess::StaticMoveList<128>::push_back,0.0,0.0,0.0,0.0,2995000,0.0,0.0,0.0,frankycpp_v1.8.exe,chess::StaticMoveList<128>::push_back,staticmovelist.h,0x14021ef31
chess::StaticMoveList<256>::empty,0.0,0.0,0.0,0.0,2995000,0.0,0.0,0.0,frankycpp_v1.8.exe,chess::StaticMoveList<256>::empty,staticmovelist.h,0x140260f78
chess::StaticMoveList<256>::end,0.0,0.0,0.0,0.0,0,100.0,100.0,0.0,frankycpp_v1.8.exe,chess::StaticMoveList<256>::end,staticmovelist.h,0x14026100b
chess::StaticMoveList<256>::push_back,0.0,0.0,0.0,0.0,8985000,,,0.333333,frankycpp_v1.8.exe,chess::StaticMoveList<256>::push_back,staticmovelist.h,0x1402632cf
chess::StaticMoveList<256>::push_back,0.0,0.0,0.0,0.0,8985000,25.0,25.0,0.333333,frankycpp_v1.8.exe,chess::StaticMoveList<256>::push_back,staticmovelist.h,0x1402640d3
chess::StaticMoveList<256>::push_back,0.0,0.0,0.0,0.0,5990000,16.7,16.7,1.000000,frankycpp_v1.8.exe,chess::StaticMoveList<256>::push_back,staticmovelist.h,0x140263327
chess::StaticMoveList<256>::push_back,0.0,0.0,0.0,0.0,8985000,0.0,0.0,0.333333,frankycpp_v1.8.exe,chess::StaticMoveList<256>::push_back,staticmovelist.h,0x140264103
chess::StaticMoveList<256>::push_back,0.0,0.0,0.0,0.0,5990000,0.0,0.0,0.0,frankycpp_v1.8.exe,chess::StaticMoveList<256>::push_back,staticmovelist.h,0x140260db0
chess::Value::operator int,0.0,0.0,0.0,0.0,2995000,,,0.0,frankycpp_v1.8.exe,chess::Value::operator int,value.h,0x14021f548
chess::Value::operator int,0.0,0.0,0.0,0.0,2995000,,,0.0,frankycpp_v1.8.exe,chess::Value::operator int,value.h,0x14021f4f7
chess::Value::{ctor},0.0,0.0,0.0,0.0,14975000,,,0.600000,frankycpp_v1.8.exe,chess::Value::{ctor},value.h,0x14021fa3d
chess::Value::{ctor},0.0,0.0,0.0,0.0,2995000,0.0,0.0,4.000000,frankycpp_v1.8.exe,chess::Value::{ctor},value.h,0x140221778
chess::Value::{ctor},0.0,0.0,0.0,0.0,0,100.0,100.0,0.0,frankycpp_v1.8.exe,chess::Value::{ctor},value.h,0x14022149b
chess::makePiece,0.0,0.0,0.0,0.0,2995000,0.0,0.0,0.0,frankycpp_v1.8.exe,chess::makePiece,piece.h,0x14025dc2d
chess::makePiece,0.0,0.0,0.0,0.0,2995000,0.0,0.0,0.0,frankycpp_v1.8.exe,chess::makePiece,piece.h,0x14025bfe0
chess::moveValueGreaterComparator::operator(),0.0,0.0,0.0,0.0,0,19.4,19.4,,frankycpp_v1.8.exe,chess::moveValueGreaterComparator::operator(),move.h,0x140265105
chess::operator!=,0.0,0.0,0.0,0.0,5990000,,,1.000000,frankycpp_v1.8.exe,chess::operator!=,color.h,0x14026a283
chess::operator&,0.0,0.0,0.0,0.0,5990000,100.0,100.0,0.500000,frankycpp_v1.8.exe,chess::operator&,bitboard.h,0x1402640ab
chess::operator&,0.0,0.0,0.0,0.0,8985000,,,0.333333,frankycpp_v1.8.exe,chess::operator&,bitboard.h,0x14026a057
chess::operator&,0.0,0.0,0.0,0.0,5990000,11.8,11.8,1.000000,frankycpp_v1.8.exe,chess::operator&,bitboard.h,0x14025c456
chess::operator&,0.0,0.0,0.0,0.0,5990000,15.8,15.8,1.500000,frankycpp_v1.8.exe,chess::operator&,bitboard.h,0x14029eb2b
chess::operator&,0.0,0.0,0.0,0.0,2995000,0.0,0.0,2.000000,frankycpp_v1.8.exe,chess::operator&,bitboard.h,0x140262c04
chess::operator&,0.0,0.0,0.0,0.0,0,75.0,75.0,0.0,frankycpp_v1.8.exe,chess::operator&,bitboard.h,0x1402640f4
chess::operator&,0.0,0.0,0.0,0.0,2995000,,,0.0,frankycpp_v1.8.exe,chess::operator&,bitboard.h,0x14025c474
chess::operator&,0.0,0.0,0.0,0.0,2995000,,,0.0,frankycpp_v1.8.exe,chess::operator&,bitboard.h,0x14016c730
chess::operator&,0.0,0.0,0.0,0.0,17970000,28.6,28.6,0.333333,frankycpp_v1.8.exe,chess::operator&,bitboard.h,0x14026383b
chess::operator&,0.0,0.0,0.0,0.0,2995000,,,0.0,frankycpp_v1.8.exe,chess::operator&,bitboard.h,0x140263f5a
chess::operator*,0.0,0.0,0.0,0.0,5990000,,,0.0,frankycpp_v1.8.exe,chess::operator*,value.h,0x1402699d5
chess::operator+,0.0,0.0,0.0,0.0,2995000,14.8,14.8,1.000000,frankycpp_v1.8.exe,chess::operator+,direction.h,0x14025c323
chess::operator+,0.0,0.0,0.0,0.0,2995000,100.0,100.0,0.0,frankycpp_v1.8.exe,chess::operator+,direction.h,0x1402639d7
chess::operator+,0.0,0.0,0.0,0.0,2995000,,,0.0,frankycpp_v1.8.exe,chess::operator+,direction.h,0x14025c5b9
chess::operator+,0.0,0.0,0.0,0.0,2995000,,,0.0,frankycpp_v1.8.exe,chess::operator+,value.h,0x14021fce3
chess::operator+,0.0,0.0,0.0,0.0,5990000,50.0,50.0,0.0,frankycpp_v1.8.exe,chess::operator+,depth.h,0x14021fcb1
chess::operator+=,0.0,0.0,0.0,0.0,5990000,,,0.0,frankycpp_v1.8.exe,chess::operator+=,value.h,0x14026a836
chess::operator+=,0.0,0.0,0.0,0.0,47920000,100.0,100.0,0.250000,frankycpp_v1.8.exe,chess::operator+=,value.h,0x140269956
chess::operator+=,0.0,0.0,0.0,0.0,14975000,28.6,28.6,0.0,frankycpp_v1.8.exe,chess::operator+=,depth.h,0x140220524
chess::operator+=,0.0,0.0,0.0,0.0,5990000,,,1.000000,frankycpp_v1.8.exe,chess::operator+=,value.h,0x14026a242
chess::operator+=,0.0,0.0,0.0,0.0,2995000,20.0,20.0,1.000000,frankycpp_v1.8.exe,chess::operator+=,value.h,0x14026a257
chess::operator+=,0.0,0.0,0.0,0.0,2995000,100.0,100.0,1.000000,frankycpp_v1.8.exe,chess::operator+=,value.h,0x14021fa4d
chess::operator-,0.0,0.0,0.0,0.0,2995000,2.6,2.6,8.000000,frankycpp_v1.8.exe,chess::operator-,value.h,0x1402207e3
chess::operator-,0.0,0.0,0.0,0.0,5990000,0.0,0.0,0.0,frankycpp_v1.8.exe,chess::operator-,value.h,0x1402632c6
chess::operator-,0.0,0.0,0.0,0.0,5990000,0.0,0.0,0.0,frankycpp_v1.8.exe,chess::operator-,value.h,0x1402632e1
chess::operator-,0.0,0.0,0.0,0.0,2995000,0.0,0.0,1.000000,frankycpp_v1.8.exe,chess::operator-,value.h,0x14021fd23
chess::operator-,0.0,0.0,0.0,0.0,2995000,,,0.0,frankycpp_v1.8.exe,chess::operator-,value.h,0x14026330e
chess::operator-,0.0,0.0,0.0,0.0,26955000,87.2,87.2,0.555556,frankycpp_v1.8.exe,chess::operator-,value.h,0x14021fa54
chess::operator-,0.0,0.0,0.0,0.0,11980000,51.9,51.9,0.500000,frankycpp_v1.8.exe,chess::operator-,value.h,0x140263d18
chess::operator-,0.0,0.0,0.0,0.0,2995000,10.5,10.5,2.000000,frankycpp_v1.8.exe,chess::operator-,value.h,0x1402207d3
chess::operator-,0.0,0.0,0.0,0.0,5990000,0.0,0.0,0.500000,frankycpp_v1.8.exe,chess::operator-,value.h,0x14021fd0f
chess::operator-,0.0,0.0,0.0,0.0,2995000,0.0,0.0,0.0,frankycpp_v1.8.exe,chess::operator-,value.h,0x140263609
chess::operator-,0.0,0.0,0.0,0.0,0,100.0,100.0,0.0,frankycpp_v1.8.exe,chess::operator-,value.h,0x14021fd76
chess::operator-,0.0,0.0,0.0,0.0,2995000,0.0,0.0,0.0,frankycpp_v1.8.exe,chess::operator-,depth.h,0x14021fec6
chess::operator-=,0.0,0.0,0.0,0.0,0,89.0,89.0,,frankycpp_v1.8.exe,chess::operator-=,depth.h,0x14022044c
chess::operator==,0.0,0.0,0.0,0.0,2995000,25.0,25.0,0.0,frankycpp_v1.8.exe,chess::operator==,castlingrights.h,0x1402640c9
chess::operator==,0.0,0.0,0.0,0.0,14975000,,,0.200000,frankycpp_v1.8.exe,chess::operator==,castlingrights.h,0x14021f619
chess::operator>,0.0,0.0,0.0,0.0,8985000,14.8,14.8,0.666667,frankycpp_v1.8.exe,chess::operator>,value.h,0x14021fac6
chess::operator|,0.0,0.0,0.0,0.0,8985000,,,1.000000,frankycpp_v1.8.exe,chess::operator|,bitboard.h,0x1402637a8
chess::operator|,0.0,0.0,0.0,0.0,23960000,,,0.250000,frankycpp_v1.8.exe,chess::operator|,bitboard.h,0x14026a040
chess::operator|,0.0,0.0,0.0,0.0,5990000,31.6,31.6,1.500000,frankycpp_v1.8.exe,chess::operator|,bitboard.h,0x140263780
chess::operator~,0.0,0.0,0.0,0.0,8985000,40.1,40.1,0.333333,frankycpp_v1.8.exe,chess::operator~,color.h,0x14025c45e
chess::operator~,0.0,0.0,0.0,0.0,0,50.0,50.0,,frankycpp_v1.8.exe,chess::operator~,color.h,0x140262c00
chess::operator~,0.0,0.0,0.0,0.0,20965000,,,0.0,frankycpp_v1.8.exe,chess::operator~,color.h,0x14022052b
chess::operator~,0.0,0.0,0.0,0.0,8985000,100.0,100.0,1.666667,frankycpp_v1.8.exe,chess::operator~,color.h,0x14025c19d
chess::typeOf,0.0,0.0,0.0,0.0,41930000,42.9,42.9,0.285714,frankycpp_v1.8.exe,chess::typeOf,piece.h,0x140263eb0
chess::typeOf,0.0,0.0,0.0,0.0,2995000,0.0,0.0,0.0,frankycpp_v1.8.exe,chess::typeOf,piece.h,0x1402632b5
chess::typeOf,0.0,0.0,0.0,0.0,2995000,33.3,33.3,4.000000,frankycpp_v1.8.exe,chess::typeOf,piece.h,0x140261109
chess::valueOf,0.0,0.0,0.0,0.0,2995000,50.0,50.0,0.0,frankycpp_v1.8.exe,chess::valueOf,value.h,0x14026386c
engine::Search::extractPvWithTT,0.0,0.0,0.0,0.0,0,100.0,100.0,0.0,frankycpp_v1.8.exe,engine::Search::extractPvWithTT(class chess::Position &),Search.cpp,0x14022b860
engine::Search::thread,0.0,0.0,0.0,0.0,2995000,0.0,0.0,0.0,frankycpp_v1.8.exe,engine::Search::thread,Search.h,0x14021d44f
engine::Search::thread,0.0,0.0,0.0,0.0,8985000,25.0,25.0,0.333333,frankycpp_v1.8.exe,engine::Search::thread,Search.h,0x14021fb5b
engine::Search::thread,0.0,0.0,0.0,0.0,17970000,,,0.333333,frankycpp_v1.8.exe,engine::Search::thread,Search.h,0x14021fa66
engine::Search::thread,0.0,0.0,0.0,0.0,5990000,,,0.0,frankycpp_v1.8.exe,engine::Search::thread,Search.h,0x14021f8aa
engine::Search::thread,0.0,0.0,0.0,0.0,17970000,58.0,58.0,0.833333,frankycpp_v1.8.exe,engine::Search::thread,Search.h,0x140220fc7
engine::SearchThreadData::lmr_reduction_log,0.0,0.0,0.0,0.0,8985000,,,0.0,frankycpp_v1.8.exe,engine::SearchThreadData::lmr_reduction_log,SearchThreadData.h,0x140216826
engine::SearchThreadData::regenerateLmrTable,0.0,0.0,0.0,0.0,8985000,0.0,0.0,0.333333,frankycpp_v1.8.exe,"engine::SearchThreadData::regenerateLmrTable(bool,double)",SearchThreadData.h,0x1402167f0
func@0x140003490,0.0,0.0,0.0,0.0,2995000,0.0,0.0,0.0,stornvme.sys,func@0x140003490,[Unknown],0x140003490
func@0x140004850,0.0,0.0,0.0,0.0,2995000,0.0,0.0,0.0,ucpd.sys,func@0x140004850,[Unknown],0x140004850
func@0x140004f80,0.0,0.0,0.0,0.0,5990000,37.5,37.5,0.0,wpprecorder.sys,func@0x140004f80,[Unknown],0x140004f80
func@0x140006110,0.0,0.0,0.0,0.0,2995000,0.0,0.0,0.0,nvlddmkm.sys,func@0x140006110,[Unknown],0x140006110
func@0x140006390,0.0,0.0,0.0,0.0,2995000,0.0,0.0,0.0,ntfs.sys,func@0x140006390,[Unknown],0x140006390
func@0x14000a0ec,0.0,0.0,0.0,0.0,2995000,0.0,0.0,0.0,dxgmms2.sys,func@0x14000a0ec,[Unknown],0x14000a0ec
func@0x14000cc40,0.0,0.0,0.0,0.0,2995000,0.0,0.0,0.0,nvlddmkm.sys,func@0x14000cc40,[Unknown],0x14000cc40
func@0x14000d410,0.0,0.0,0.0,0.0,2995000,0.0,0.0,0.0,ntfs.sys,func@0x14000d410,[Unknown],0x14000d410
func@0x14000da8d,0.0,0.0,0.0,0.0,0,100.0,100.0,,dxgmms2.sys,func@0x14000da8d,[Unknown],0x14000da8d
func@0x14000dc70,0.0,0.0,0.0,0.0,0,100.0,100.0,0.0,dxgmms2.sys,func@0x14000dc70,[Unknown],0x14000dc70
func@0x14000e060,0.0,0.0,0.0,0.0,8985000,100.0,100.0,0.333333,netio.sys,func@0x14000e060,[Unknown],0x14000e060
func@0x14000f9a9,0.0,0.0,0.0,0.0,0,50.0,50.0,0.0,dxgmms2.sys,func@0x14000f9a9,[Unknown],0x14000f9a9
func@0x140012948,0.0,0.0,0.0,0.0,5990000,7.7,7.7,2.000000,usbxhci.sys,func@0x140012948,[Unknown],0x140012948
func@0x1400137f0,0.0,0.0,0.0,0.0,0,50.0,50.0,0.0,usbxhci.sys,func@0x1400137f0,[Unknown],0x1400137f0
func@0x140013f80,0.0,0.0,0.0,0.0,2995000,0.0,0.0,0.0,usbxhci.sys,func@0x140013f80,[Unknown],0x140013f80
func@0x14001bfd0,0.0,0.0,0.0,0.0,2995000,0.0,0.0,0.0,usbxhci.sys,func@0x14001bfd0,[Unknown],0x14001bfd0
func@0x14001f850,0.0,0.0,0.0,0.0,2995000,100.0,100.0,0.0,nvlddmkm.sys,func@0x14001f850,[Unknown],0x14001f850
func@0x140022442,0.0,0.0,0.0,0.0,2995000,0.0,0.0,1.000000,usbxhci.sys,func@0x140022442,[Unknown],0x140022442
func@0x1400251e0,0.0,0.0,0.0,0.0,2995000,0.0,0.0,0.0,wdf01000.sys,func@0x1400251e0,[Unknown],0x1400251e0
func@0x140026780,0.0,0.0,0.0,0.0,2995000,0.0,0.0,2.000000,wdf01000.sys,func@0x140026780,[Unknown],0x140026780
func@0x14002dcf0,0.0,0.0,0.0,0.0,2995000,0.0,0.0,0.0,tcpip.sys,func@0x14002dcf0,[Unknown],0x14002dcf0
func@0x140047730,0.0,0.0,0.0,0.0,2995000,0.0,0.0,1.000000,e2fn.sys,func@0x140047730,[Unknown],0x140047730
func@0x14009e61f,0.0,0.0,0.0,0.0,0,12.5,12.5,,nvlddmkm.sys,func@0x14009e61f,[Unknown],0x14009e61f
func@0x1400b3250,0.0,0.0,0.0,0.0,2995000,0.0,0.0,0.0,nvlddmkm.sys,func@0x1400b3250,[Unknown],0x1400b3250
func@0x1400d9bc0,0.0,0.0,0.0,0.0,0,100.0,100.0,0.0,nvlddmkm.sys,func@0x1400d9bc0,[Unknown],0x1400d9bc0
func@0x1400f9200,0.0,0.0,0.0,0.0,0,100.0,100.0,,nvlddmkm.sys,func@0x1400f9200,[Unknown],0x1400f9200
func@0x1400f9670,0.0,0.0,0.0,0.0,2995000,0.0,0.0,0.0,nvlddmkm.sys,func@0x1400f9670,[Unknown],0x1400f9670
func@0x1401024b0,0.0,0.0,0.0,0.0,2995000,0.0,0.0,1.000000,nvlddmkm.sys,func@0x1401024b0,[Unknown],0x1401024b0
func@0x140103210,0.0,0.0,0.0,0.0,0,16.7,16.7,,nvlddmkm.sys,func@0x140103210,[Unknown],0x140103210
func@0x1401169e0,0.0,0.0,0.0,0.0,2995000,0.0,0.0,0.0,nvlddmkm.sys,func@0x1401169e0,[Unknown],0x1401169e0
func@0x14011e010,0.0,0.0,0.0,0.0,2995000,0.0,0.0,0.0,nvlddmkm.sys,func@0x14011e010,[Unknown],0x14011e010
func@0x140122450,0.0,0.0,0.0,0.0,0,100.0,100.0,,nvlddmkm.sys,func@0x140122450,[Unknown],0x140122450
func@0x140122720,0.0,0.0,0.0,0.0,2995000,0.0,0.0,0.0,nvlddmkm.sys,func@0x140122720,[Unknown],0x140122720
func@0x140122800,0.0,0.0,0.0,0.0,0,20.0,20.0,,nvlddmkm.sys,func@0x140122800,[Unknown],0x140122800
func@0x1401245fa,0.0,0.0,0.0,0.0,2995000,0.0,0.0,1.000000,ntfs.sys,func@0x1401245fa,[Unknown],0x1401245fa
func@0x1401262a0,0.0,0.0,0.0,0.0,0,100.0,100.0,0.0,nvlddmkm.sys,func@0x1401262a0,[Unknown],0x1401262a0
func@0x140127100,0.0,0.0,0.0,0.0,0,100.0,100.0,,nvlddmkm.sys,func@0x140127100,[Unknown],0x140127100
func@0x140128400,0.0,0.0,0.0,0.0,0,100.0,100.0,0.0,nvlddmkm.sys,func@0x140128400,[Unknown],0x140128400
func@0x14013ca70,0.0,0.0,0.0,0.0,2995000,0.0,0.0,0.0,nvlddmkm.sys,func@0x14013ca70,[Unknown],0x14013ca70
func@0x1401421f0,0.0,0.0,0.0,0.0,2995000,0.0,0.0,0.0,nvlddmkm.sys,func@0x1401421f0,[Unknown],0x1401421f0
func@0x140144a50,0.0,0.0,0.0,0.0,2995000,0.0,0.0,1.000000,nvlddmkm.sys,func@0x140144a50,[Unknown],0x140144a50
func@0x140144c60,0.0,0.0,0.0,0.0,0,100.0,100.0,0.0,nvlddmkm.sys,func@0x140144c60,[Unknown],0x140144c60
func@0x140164db0,0.0,0.0,0.0,0.0,14975000,14.3,14.3,0.400000,nvlddmkm.sys,func@0x140164db0,[Unknown],0x140164db0
func@0x1401677c0,0.0,0.0,0.0,0.0,5990000,50.0,50.0,0.0,nvlddmkm.sys,func@0x1401677c0,[Unknown],0x1401677c0
func@0x140167ee0,0.0,0.0,0.0,0.0,2995000,0.0,0.0,1.000000,nvlddmkm.sys,func@0x140167ee0,[Unknown],0x140167ee0
func@0x14017bd80,0.0,0.0,0.0,0.0,0,50.0,50.0,0.0,nvlddmkm.sys,func@0x14017bd80,[Unknown],0x14017bd80
func@0x140200cc0,0.0,0.0,0.0,0.0,8985000,,,0.333333,ntoskrnl.exe,func@0x140200cc0,[Unknown],0x140200cc0
func@0x140201130,0.0,0.0,0.0,0.0,0,33.3,33.3,0.0,ntoskrnl.exe,func@0x140201130,[Unknown],0x140201130
func@0x140202192,0.0,0.0,0.0,0.0,0,100.0,100.0,,ntoskrnl.exe,func@0x140202192,[Unknown],0x140202192
func@0x1402022c0,0.0,0.0,0.0,0.0,0,50.0,50.0,0.0,ntoskrnl.exe,func@0x1402022c0,[Unknown],0x1402022c0
func@0x140202640,0.0,0.0,0.0,0.0,2995000,40.0,40.0,3.000000,ntoskrnl.exe,func@0x140202640,[Unknown],0x140202640
func@0x140205180,0.0,0.0,0.0,0.0,5990000,0.0,0.0,0.500000,ntoskrnl.exe,func@0x140205180,[Unknown],0x140205180
func@0x140206940,0.0,0.0,0.0,0.0,0,100.0,100.0,0.0,ntoskrnl.exe,func@0x140206940,[Unknown],0x140206940
func@0x140213020,0.0,0.0,0.0,0.0,2995000,0.0,0.0,1.000000,ntoskrnl.exe,func@0x140213020,[Unknown],0x140213020
func@0x140216750,0.0,0.0,0.0,0.0,2995000,0.0,0.0,0.0,ntoskrnl.exe,func@0x140216750,[Unknown],0x140216750
func@0x14021a250,0.0,0.0,0.0,0.0,0,100.0,100.0,,ntoskrnl.exe,func@0x14021a250,[Unknown],0x14021a250
func@0x14021e8c9,0.0,0.0,0.0,0.0,2995000,,,0.0,ntoskrnl.exe,func@0x14021e8c9,[Unknown],0x14021e8c9
func@0x1402213e0,0.0,0.0,0.0,0.0,5990000,0.0,0.0,0.500000,ntoskrnl.exe,func@0x1402213e0,[Unknown],0x1402213e0
func@0x1402227ca,0.0,0.0,0.0,0.0,5990000,0.0,0.0,0.0,ntoskrnl.exe,func@0x1402227ca,[Unknown],0x1402227ca
func@0x140231af0,0.0,0.0,0.0,0.0,8985000,33.3,33.3,0.333333,ntoskrnl.exe,func@0x140231af0,[Unknown],0x140231af0
func@0x140232320,0.0,0.0,0.0,0.0,2995000,0.0,0.0,0.0,ntoskrnl.exe,func@0x140232320,[Unknown],0x140232320
func@0x140237b20,0.0,0.0,0.0,0.0,2995000,0.0,0.0,0.0,ntoskrnl.exe,func@0x140237b20,[Unknown],0x140237b20
func@0x14024c650,0.0,0.0,0.0,0.0,5990000,0.0,0.0,0.0,ntoskrnl.exe,func@0x14024c650,[Unknown],0x14024c650
func@0x14025377f,0.0,0.0,0.0,0.0,5990000,10.0,10.0,1.000000,ntoskrnl.exe,func@0x14025377f,[Unknown],0x14025377f
func@0x1402578c0,0.0,0.0,0.0,0.0,5990000,16.7,16.7,0.500000,ntoskrnl.exe,func@0x1402578c0,[Unknown],0x1402578c0
func@0x14025ded0,0.0,0.0,0.0,0.0,2995000,100.0,100.0,2.000000,ntoskrnl.exe,func@0x14025ded0,[Unknown],0x14025ded0
func@0x14025e090,0.0,0.0,0.0,0.0,2995000,100.0,100.0,1.000000,nvlddmkm.sys,func@0x14025e090,[Unknown],0x14025e090
func@0x14025e120,0.0,0.0,0.0,0.0,17970000,33.3,33.3,0.166667,nvlddmkm.sys,func@0x14025e120,[Unknown],0x14025e120
func@0x14025f8ab,0.0,0.0,0.0,0.0,5990000,33.3,33.3,0.0,ntoskrnl.exe,func@0x14025f8ab,[Unknown],0x14025f8ab
func@0x1402615ac,0.0,0.0,0.0,0.0,2995000,0.0,0.0,0.0,ntoskrnl.exe,func@0x1402615ac,[Unknown],0x1402615ac
func@0x140266330,0.0,0.0,0.0,0.0,0,100.0,100.0,0.0,nvlddmkm.sys,func@0x140266330,[Unknown],0x140266330
func@0x14026efa0,0.0,0.0,0.0,0.0,2995000,50.0,50.0,0.0,ntoskrnl.exe,func@0x14026efa0,[Unknown],0x14026efa0
func@0x1402702c0,0.0,0.0,0.0,0.0,2995000,0.0,0.0,0.0,ntoskrnl.exe,func@0x1402702c0,[Unknown],0x1402702c0
func@0x140273340,0.0,0.0,0.0,0.0,0,12.5,12.5,0.0,ntoskrnl.exe,func@0x140273340,[Unknown],0x140273340
func@0x140276e53,0.0,0.0,0.0,0.0,0,100.0,100.0,,ntoskrnl.exe,func@0x140276e53,[Unknown],0x140276e53
func@0x14027a430,0.0,0.0,0.0,0.0,5990000,50.0,50.0,0.0,ntoskrnl.exe,func@0x14027a430,[Unknown],0x14027a430
func@0x140285070,0.0,0.0,0.0,0.0,2995000,0.0,0.0,0.0,ntoskrnl.exe,func@0x140285070,[Unknown],0x140285070
func@0x140286820,0.0,0.0,0.0,0.0,29950000,0.0,0.0,0.300000,ntoskrnl.exe,func@0x140286820,[Unknown],0x140286820
func@0x140289430,0.0,0.0,0.0,0.0,2995000,0.0,0.0,0.0,ntoskrnl.exe,func@0x140289430,[Unknown],0x140289430
func@0x14028b2b0,0.0,0.0,0.0,0.0,2995000,0.0,0.0,0.0,ntoskrnl.exe,func@0x14028b2b0,[Unknown],0x14028b2b0
func@0x140291b60,0.0,0.0,0.0,0.0,2995000,0.0,0.0,0.0,ntoskrnl.exe,func@0x140291b60,[Unknown],0x140291b60
func@0x140294d20,0.0,0.0,0.0,0.0,2995000,0.0,0.0,0.0,ntoskrnl.exe,func@0x140294d20,[Unknown],0x140294d20
func@0x140295e18,0.0,0.0,0.0,0.0,8985000,11.1,11.1,3.000000,ntoskrnl.exe,func@0x140295e18,[Unknown],0x140295e18
func@0x140296150,0.0,0.0,0.0,0.0,2995000,0.0,0.0,0.0,ntoskrnl.exe,func@0x140296150,[Unknown],0x140296150
func@0x14029839c,0.0,0.0,0.0,0.0,0,100.0,100.0,0.0,ntoskrnl.exe,func@0x14029839c,[Unknown],0x14029839c
func@0x140299590,0.0,0.0,0.0,0.0,5990000,0.0,0.0,0.500000,ntoskrnl.exe,func@0x140299590,[Unknown],0x140299590
func@0x140299bd4,0.0,0.0,0.0,0.0,0,66.7,66.7,,ntoskrnl.exe,func@0x140299bd4,[Unknown],0x140299bd4
func@0x14029bb80,0.0,0.0,0.0,0.0,2995000,0.0,0.0,0.0,ntoskrnl.exe,func@0x14029bb80,[Unknown],0x14029bb80
func@0x14029bc90,0.0,0.0,0.0,0.0,0,50.0,50.0,,ntoskrnl.exe,func@0x14029bc90,[Unknown],0x14029bc90
func@0x14029c7cc,0.0,0.0,0.0,0.0,29950000,57.1,57.1,0.200000,ntoskrnl.exe,func@0x14029c7cc,[Unknown],0x14029c7cc
func@0x14029ef7c,0.0,0.0,0.0,0.0,5990000,100.0,100.0,1.000000,ntoskrnl.exe,func@0x14029ef7c,[Unknown],0x14029ef7c
func@0x1402ace70,0.0,0.0,0.0,0.0,2995000,0.0,0.0,1.000000,nvlddmkm.sys,func@0x1402ace70,[Unknown],0x1402ace70
func@0x1402b3a60,0.0,0.0,0.0,0.0,8985000,100.0,100.0,0.0,ntoskrnl.exe,func@0x1402b3a60,[Unknown],0x1402b3a60
func@0x1402b4ee0,0.0,0.0,0.0,0.0,2995000,33.3,33.3,0.0,ntoskrnl.exe,func@0x1402b4ee0,[Unknown],0x1402b4ee0
func@0x1402b90d0,0.0,0.0,0.0,0.0,5990000,,,0.0,ntoskrnl.exe,func@0x1402b90d0,[Unknown],0x1402b90d0
func@0x1402b9b70,0.0,0.0,0.0,0.0,2995000,80.0,80.0,2.000000,ntoskrnl.exe,func@0x1402b9b70,[Unknown],0x1402b9b70
func@0x1402bd680,0.0,0.0,0.0,0.0,2995000,0.0,0.0,0.0,ntoskrnl.exe,func@0x1402bd680,[Unknown],0x1402bd680
func@0x1402beaf0,0.0,0.0,0.0,0.0,2995000,0.0,0.0,0.0,ntoskrnl.exe,func@0x1402beaf0,[Unknown],0x1402beaf0
func@0x1402c6b15,0.0,0.0,0.0,0.0,2995000,0.0,0.0,0.0,ntoskrnl.exe,func@0x1402c6b15,[Unknown],0x1402c6b15
func@0x1402cbed0,0.0,0.0,0.0,0.0,2995000,0.0,0.0,0.0,ntoskrnl.exe,func@0x1402cbed0,[Unknown],0x1402cbed0
func@0x1402ccd00,0.0,0.0,0.0,0.0,2995000,0.0,0.0,0.0,ntoskrnl.exe,func@0x1402ccd00,[Unknown],0x1402ccd00
func@0x1402cd910,0.0,0.0,0.0,0.0,5990000,0.0,0.0,0.0,ntoskrnl.exe,func@0x1402cd910,[Unknown],0x1402cd910
func@0x1402cf110,0.0,0.0,0.0,0.0,2995000,0.0,0.0,0.0,ntoskrnl.exe,func@0x1402cf110,[Unknown],0x1402cf110
func@0x1402d5fda,0.0,0.0,0.0,0.0,5990000,0.0,0.0,0.500000,ntoskrnl.exe,func@0x1402d5fda,[Unknown],0x1402d5fda
func@0x1402d6520,0.0,0.0,0.0,0.0,8985000,100.0,100.0,0.0,ntoskrnl.exe,func@0x1402d6520,[Unknown],0x1402d6520
func@0x1402d77d0,0.0,0.0,0.0,0.0,0,50.0,50.0,0.0,ntoskrnl.exe,func@0x1402d77d0,[Unknown],0x1402d77d0
func@0x1402d7ba7,0.0,0.0,0.0,0.0,2995000,0.0,0.0,1.000000,ntoskrnl.exe,func@0x1402d7ba7,[Unknown],0x1402d7ba7
func@0x1402d7e5c,0.0,0.0,0.0,0.0,2995000,0.0,0.0,1.000000,ntoskrnl.exe,func@0x1402d7e5c,[Unknown],0x1402d7e5c
func@0x1402d81b0,0.0,0.0,0.0,0.0,0,100.0,100.0,,ntoskrnl.exe,func@0x1402d81b0,[Unknown],0x1402d81b0
func@0x1402ea400,0.0,0.0,0.0,0.0,0,50.0,50.0,,ntoskrnl.exe,func@0x1402ea400,[Unknown],0x1402ea400
func@0x1402f1231,0.0,0.0,0.0,0.0,2995000,0.0,0.0,1.000000,ntoskrnl.exe,func@0x1402f1231,[Unknown],0x1402f1231
func@0x1402f3230,0.0,0.0,0.0,0.0,2995000,33.3,33.3,0.0,ntoskrnl.exe,func@0x1402f3230,[Unknown],0x1402f3230
func@0x14030471c,0.0,0.0,0.0,0.0,2995000,0.0,0.0,1.000000,ntoskrnl.exe,func@0x14030471c,[Unknown],0x14030471c
func@0x14030c7a0,0.0,0.0,0.0,0.0,2995000,0.0,0.0,0.0,ntoskrnl.exe,func@0x14030c7a0,[Unknown],0x14030c7a0
func@0x140315620,0.0,0.0,0.0,0.0,0,100.0,100.0,0.0,ntoskrnl.exe,func@0x140315620,[Unknown],0x140315620
func@0x140318a00,0.0,0.0,0.0,0.0,0,50.0,50.0,0.0,ntoskrnl.exe,func@0x140318a00,[Unknown],0x140318a00
func@0x14031a15b,0.0,0.0,0.0,0.0,0,14.8,14.8,,ntoskrnl.exe,func@0x14031a15b,[Unknown],0x14031a15b
func@0x14031c140,0.0,0.0,0.0,0.0,2995000,0.0,0.0,0.0,ntoskrnl.exe,func@0x14031c140,[Unknown],0x14031c140
func@0x14031ebb0,0.0,0.0,0.0,0.0,5990000,0.0,0.0,1.000000,ntoskrnl.exe,func@0x14031ebb0,[Unknown],0x14031ebb0
func@0x1403231d0,0.0,0.0,0.0,0.0,2995000,0.0,0.0,0.0,ntoskrnl.exe,func@0x1403231d0,[Unknown],0x1403231d0
func@0x140327b30,0.0,0.0,0.0,0.0,0,50.0,50.0,0.0,ntoskrnl.exe,func@0x140327b30,[Unknown],0x140327b30
func@0x14032df50,0.0,0.0,0.0,0.0,8985000,6.7,6.7,1.000000,ntoskrnl.exe,func@0x14032df50,[Unknown],0x14032df50
func@0x14033b770,0.0,0.0,0.0,0.0,2995000,0.0,0.0,0.0,ntoskrnl.exe,func@0x14033b770,[Unknown],0x14033b770
func@0x14033d9d0,0.0,0.0,0.0,0.0,2995000,4.8,4.8,3.000000,ntoskrnl.exe,func@0x14033d9d0,[Unknown],0x14033d9d0
func@0x14033eab0,0.0,0.0,0.0,0.0,0,100.0,100.0,0.0,ntoskrnl.exe,func@0x14033eab0,[Unknown],0x14033eab0
func@0x140340ba8,0.0,0.0,0.0,0.0,8985000,,,0.666667,ntoskrnl.exe,func@0x140340ba8,[Unknown],0x140340ba8
func@0x140341424,0.0,0.0,0.0,0.0,5990000,0.0,0.0,0.500000,ntoskrnl.exe,func@0x140341424,[Unknown],0x140341424
func@0x1403446c0,0.0,0.0,0.0,0.0,2995000,0.0,0.0,1.000000,ntoskrnl.exe,func@0x1403446c0,[Unknown],0x1403446c0
func@0x14034cb58,0.0,0.0,0.0,0.0,2995000,0.0,0.0,0.0,ntoskrnl.exe,func@0x14034cb58,[Unknown],0x14034cb58
func@0x14039d4e0,0.0,0.0,0.0,0.0,14975000,50.0,50.0,0.0,nvlddmkm.sys,func@0x14039d4e0,[Unknown],0x14039d4e0
func@0x1403b5b08,0.0,0.0,0.0,0.0,5990000,100.0,100.0,0.0,ntoskrnl.exe,func@0x1403b5b08,[Unknown],0x1403b5b08
func@0x1403b8378,0.0,0.0,0.0,0.0,0,100.0,100.0,,ntoskrnl.exe,func@0x1403b8378,[Unknown],0x1403b8378
func@0x1403c76eb,0.0,0.0,0.0,0.0,2995000,0.0,0.0,1.000000,ntoskrnl.exe,func@0x1403c76eb,[Unknown],0x1403c76eb
func@0x1403d1820,0.0,0.0,0.0,0.0,0,6.2,6.2,0.0,nvlddmkm.sys,func@0x1403d1820,[Unknown],0x1403d1820
func@0x1403ea340,0.0,0.0,0.0,0.0,2995000,100.0,100.0,0.0,ntoskrnl.exe,func@0x1403ea340,[Unknown],0x1403ea340
func@0x1403eadf0,0.0,0.0,0.0,0.0,2995000,0.0,0.0,1.000000,nvlddmkm.sys,func@0x1403eadf0,[Unknown],0x1403eadf0
func@0x1403f2040,0.0,0.0,0.0,0.0,2995000,0.0,0.0,0.0,ntoskrnl.exe,func@0x1403f2040,[Unknown],0x1403f2040
func@0x1403ff130,0.0,0.0,0.0,0.0,2995000,0.0,0.0,0.0,ntoskrnl.exe,func@0x1403ff130,[Unknown],0x1403ff130
func@0x140401000,0.0,0.0,0.0,0.0,2995000,0.0,0.0,1.000000,ntoskrnl.exe,func@0x140401000,[Unknown],0x140401000
func@0x1404150e0,0.0,0.0,0.0,0.0,2995000,0.0,0.0,0.0,ntoskrnl.exe,func@0x1404150e0,[Unknown],0x1404150e0
func@0x1404154e1,0.0,0.0,0.0,0.0,2995000,0.0,0.0,0.0,ntoskrnl.exe,func@0x1404154e1,[Unknown],0x1404154e1
func@0x1404206e2,0.0,0.0,0.0,0.0,5990000,,,2.000000,ntoskrnl.exe,func@0x1404206e2,[Unknown],0x1404206e2
func@0x140432540,0.0,0.0,0.0,0.0,2995000,0.0,0.0,0.0,ntoskrnl.exe,func@0x140432540,[Unknown],0x140432540
func@0x140437dc0,0.0,0.0,0.0,0.0,0,100.0,100.0,0.0,ntoskrnl.exe,func@0x140437dc0,[Unknown],0x140437dc0
func@0x140445670,0.0,0.0,0.0,0.0,2995000,,,1.000000,ntoskrnl.exe,func@0x140445670,[Unknown],0x140445670
func@0x14044fd9c,0.0,0.0,0.0,0.0,2995000,14.8,14.8,1.000000,ntoskrnl.exe,func@0x14044fd9c,[Unknown],0x14044fd9c
func@0x140461aa8,0.0,0.0,0.0,0.0,2995000,0.0,0.0,0.0,ntoskrnl.exe,func@0x140461aa8,[Unknown],0x140461aa8
func@0x1404e7969,0.0,0.0,0.0,0.0,2995000,0.0,0.0,0.0,ntoskrnl.exe,func@0x1404e7969,[Unknown],0x1404e7969
func@0x1405dd850,0.0,0.0,0.0,0.0,2995000,0.0,0.0,0.0,ntoskrnl.exe,func@0x1405dd850,[Unknown],0x1405dd850
func@0x1405dfe10,0.0,0.0,0.0,0.0,23960000,14.0,14.0,0.250000,ntoskrnl.exe,func@0x1405dfe10,[Unknown],0x1405dfe10
func@0x1406a8ea0,0.0,0.0,0.0,0.0,2995000,0.0,0.0,0.0,nvlddmkm.sys,func@0x1406a8ea0,[Unknown],0x1406a8ea0
func@0x1406b0760,0.0,0.0,0.0,0.0,5990000,16.7,16.7,1.500000,ntoskrnl.exe,func@0x1406b0760,[Unknown],0x1406b0760
func@0x1406b1eb0,0.0,0.0,0.0,0.0,0,4.1,4.1,,ntoskrnl.exe,func@0x1406b1eb0,[Unknown],0x1406b1eb0
func@0x1406b4460,0.0,0.0,0.0,0.0,2995000,0.0,0.0,0.0,ntoskrnl.exe,func@0x1406b4460,[Unknown],0x1406b4460
func@0x1406d6b2b,0.0,0.0,0.0,0.0,0,50.0,50.0,0.0,ntoskrnl.exe,func@0x1406d6b2b,[Unknown],0x1406d6b2b
func@0x140837ad0,0.0,0.0,0.0,0.0,2995000,0.0,0.0,0.0,ntoskrnl.exe,func@0x140837ad0,[Unknown],0x140837ad0
func@0x14088b650,0.0,0.0,0.0,0.0,2995000,0.0,0.0,0.0,ntoskrnl.exe,func@0x14088b650,[Unknown],0x14088b650
func@0x1408bb0a2,0.0,0.0,0.0,0.0,0,100.0,100.0,0.0,ntoskrnl.exe,func@0x1408bb0a2,[Unknown],0x1408bb0a2
func@0x1408bcaff,0.0,0.0,0.0,0.0,2995000,0.0,0.0,0.0,ntoskrnl.exe,func@0x1408bcaff,[Unknown],0x1408bcaff
func@0x1408d93e0,0.0,0.0,0.0,0.0,2995000,0.0,0.0,0.0,ntoskrnl.exe,func@0x1408d93e0,[Unknown],0x1408d93e0
func@0x1408dd0ad,0.0,0.0,0.0,0.0,0,100.0,100.0,0.0,ntoskrnl.exe,func@0x1408dd0ad,[Unknown],0x1408dd0ad
func@0x140914a60,0.0,0.0,0.0,0.0,2995000,0.0,0.0,0.0,ntoskrnl.exe,func@0x140914a60,[Unknown],0x140914a60
func@0x140951770,0.0,0.0,0.0,0.0,2995000,0.0,0.0,0.0,ntoskrnl.exe,func@0x140951770,[Unknown],0x140951770
func@0x140a20914,0.0,0.0,0.0,0.0,2995000,0.0,0.0,0.0,ntoskrnl.exe,func@0x140a20914,[Unknown],0x140a20914
func@0x140c31d30,0.0,0.0,0.0,0.0,2995000,100.0,100.0,3.000000,nvlddmkm.sys,func@0x140c31d30,[Unknown],0x140c31d30
func@0x140c31d90,0.0,0.0,0.0,0.0,0,16.7,16.7,,nvlddmkm.sys,func@0x140c31d90,[Unknown],0x140c31d90
func@0x140c6d350,0.0,0.0,0.0,0.0,2995000,0.0,0.0,0.0,nvlddmkm.sys,func@0x140c6d350,[Unknown],0x140c6d350
func@0x140caab00,0.0,0.0,0.0,0.0,0,100.0,100.0,0.0,nvlddmkm.sys,func@0x140caab00,[Unknown],0x140caab00
func@0x140d01f60,0.0,0.0,0.0,0.0,0,20.0,20.0,,nvlddmkm.sys,func@0x140d01f60,[Unknown],0x140d01f60
func@0x140d0e700,0.0,0.0,0.0,0.0,0,100.0,100.0,,nvlddmkm.sys,func@0x140d0e700,[Unknown],0x140d0e700
func@0x180001b80,0.0,0.0,0.0,0.0,0,100.0,100.0,0.0,symcryptk.dll,func@0x180001b80,[Unknown],0x180001b80
func@0x18000b520,0.0,0.0,0.0,0.0,2995000,50.0,50.0,1.000000,fltmgr.sys,func@0x18000b520,[Unknown],0x18000b520
func@0x18000b710,0.0,0.0,0.0,0.0,0,14.3,14.3,0.0,ntdll.dll,func@0x18000b710,[Unknown],0x18000b710
func@0x180018080,0.0,0.0,0.0,0.0,2995000,0.0,0.0,0.0,ntdll.dll,func@0x180018080,[Unknown],0x180018080
func@0x18001cf4a,0.0,0.0,0.0,0.0,0,50.0,50.0,0.0,ntdll.dll,func@0x18001cf4a,[Unknown],0x18001cf4a
func@0x18001dc17,0.0,0.0,0.0,0.0,2995000,100.0,100.0,1.000000,ntdll.dll,func@0x18001dc17,[Unknown],0x18001dc17
func@0x180021ff0,0.0,0.0,0.0,0.0,2995000,0.0,0.0,1.000000,ntdll.dll,func@0x180021ff0,[Unknown],0x180021ff0
func@0x18002d9a0,0.0,0.0,0.0,0.0,5990000,100.0,100.0,0.500000,cng.sys,func@0x18002d9a0,[Unknown],0x18002d9a0
func@0x18003d4f0,0.0,0.0,0.0,0.0,2995000,12.5,12.5,0.0,ntdll.dll,func@0x18003d4f0,[Unknown],0x18003d4f0
func@0x18003e7f4,0.0,0.0,0.0,0.0,2995000,0.0,0.0,0.0,ntdll.dll,func@0x18003e7f4,[Unknown],0x18003e7f4
func@0x180044310,0.0,0.0,0.0,0.0,5990000,,,0.0,ucrtbase.dll,func@0x180044310,[Unknown],0x180044310
func@0x18004d740,0.0,0.0,0.0,0.0,0,50.0,50.0,0.0,msvcp140.dll,func@0x18004d740,[Unknown],0x18004d740
func@0x1800846b1,0.0,0.0,0.0,0.0,0,50.0,50.0,,ntdll.dll,func@0x1800846b1,[Unknown],0x1800846b1
func@0x1800aabd0,0.0,0.0,0.0,0.0,2995000,0.0,0.0,0.0,ntdll.dll,func@0x1800aabd0,[Unknown],0x1800aabd0
func@0x18013635c,0.0,0.0,0.0,0.0,0,100.0,100.0,0.0,ntdll.dll,func@0x18013635c,[Unknown],0x18013635c
func@0x1801365a8,0.0,0.0,0.0,0.0,2995000,0.0,0.0,0.0,ntdll.dll,func@0x1801365a8,[Unknown],0x1801365a8
func@0x18013bdfc,0.0,0.0,0.0,0.0,2995000,0.0,0.0,0.0,dbghelp.dll,func@0x18013bdfc,[Unknown],0x18013bdfc
lock_locales,0.0,0.0,0.0,0.0,2995000,0.0,0.0,0.0,ucrtbase.dll,lock_locales,[Unknown],0x18003f7d0
memcpy,0.0,0.0,0.0,0.0,2995000,0.0,0.0,1.000000,vcruntime140.dll,memcpy,[Unknown],0x180013010
memmove,0.0,0.0,0.0,0.0,2995000,0.0,0.0,1.000000,vcruntime140.dll,memmove,[Unknown],0x180012030
"std::_Atomic_storage<unsigned __int64,8>::store",0.0,0.0,0.0,0.0,8985000,,,1.333333,frankycpp_v1.8.exe,"std::_Atomic_storage<unsigned __int64,8>::store",atomic,0x1402674d4
"std::_Char_traits<char,int>::copy",0.0,0.0,0.0,0.0,2995000,100.0,100.0,0.0,frankycpp_v1.8.exe,"std::_Char_traits<char,int>::copy",__msvc_string_view.hpp,0x14011a5cf
std::_Deallocate,0.0,0.0,0.0,0.0,5990000,,,0.0,frankycpp_v1.8.exe,std::_Deallocate,xmemory,0x1402330bc
std::_Deallocate,0.0,0.0,0.0,0.0,5990000,0.0,0.0,0.0,frankycpp_v1.8.exe,std::_Deallocate,xmemory,0x14023312c
"std::_Hash<std::_Umap_traits<unsigned __int64,book::BookEntry,std::_Uhash_compare<unsigned __int64,std::hash<unsigned __int64>,std::equal_to<unsigned __int64> >,std::allocator<std::pair<unsigned __int64 const ,book::BookEntry> >,0> >::_Check_max_size",0.0,0.0,0.0,0.0,2995000,0.0,0.0,0.0,frankycpp_v1.8.exe,"std::_Hash<std::_Umap_traits<unsigned __int64,book::BookEntry,std::_Uhash_compare<unsigned __int64,std::hash<unsigned __int64>,std::equal_to<unsigned __int64> >,std::allocator<std::pair<unsigned __int64 const ,book::BookEntry> >,0> >::_Check_max_size",xhash,0x1402880ea
"std::_Hash<std::_Umap_traits<unsigned __int64,book::BookEntry,std::_Uhash_compare<unsigned __int64,std::hash<unsigned __int64>,std::equal_to<unsigned __int64> >,std::allocator<std::pair<unsigned __int64 const ,book::BookEntry> >,0> >::_Insert_new_node_before",0.0,0.0,0.0,0.0,0,50.0,50.0,0.0,frankycpp_v1.8.exe,"std::_Hash<std::_Umap_traits<unsigned __int64,book::BookEntry,std::_Uhash_compare<unsigned __int64,std::hash<unsigned __int64>,std::equal_to<unsigned __int64> >,std::allocator<std::pair<unsigned __int64 const ,book::BookEntry> >,0> >::_Insert_new_node_before",xhash,0x140288226
std::_Uninitialized_value_construct_n<class std::allocator<class chess::Move> >,0.0,0.0,0.0,0.0,2995000,0.0,0.0,0.0,frankycpp_v1.8.exe,"std::_Uninitialized_value_construct_n<class std::allocator<class chess::Move> >(class chess::Move *,unsigned __int64,class std::allocator<class chess::Move> &)",xmemory,0x140293a60
"std::array<chess::Bitboard,64>::operator[]",0.0,0.0,0.0,0.0,2995000,100.0,100.0,1.000000,frankycpp_v1.8.exe,"std::array<chess::Bitboard,64>::operator[]",array,0x14026ab49
"std::array<chess::Bitboard,64>::operator[]",0.0,0.0,0.0,0.0,26955000,,,0.222222,frankycpp_v1.8.exe,"std::array<chess::Bitboard,64>::operator[]",array,0x14026a024
"std::array<chess::HistoryState,1024>::operator[]",0.0,0.0,0.0,0.0,5990000,,,0.0,frankycpp_v1.8.exe,"std::array<chess::HistoryState,1024>::operator[]",array,0x14025c0d7
"std::array<chess::Value,25>::operator[]",0.0,0.0,0.0,0.0,2995000,5.7,5.7,4.000000,frankycpp_v1.8.exe,"std::array<chess::Value,25>::operator[]",array,0x140263eb4
"std::array<chess::Value,25>::operator[]",0.0,0.0,0.0,0.0,11980000,31.6,31.6,0.750000,frankycpp_v1.8.exe,"std::array<chess::Value,25>::operator[]",array,0x1402639c6
"std::array<chess::Value,25>::operator[]",0.0,0.0,0.0,0.0,2995000,,,0.0,frankycpp_v1.8.exe,"std::array<chess::Value,25>::operator[]",array,0x140263619
"std::array<engine::PlyInfo,128>::operator[]",0.0,0.0,0.0,0.0,20965000,25.7,25.7,0.142857,frankycpp_v1.8.exe,"std::array<engine::PlyInfo,128>::operator[]",array,0x14021f966
"std::array<std::array<int,64>,64>::operator[]",0.0,0.0,0.0,0.0,8985000,,,0.0,frankycpp_v1.8.exe,"std::array<std::array<int,64>,64>::operator[]",array,0x140220a42
"std::array<unsigned __int64,9>::operator[]",0.0,0.0,0.0,0.0,5990000,50.0,50.0,0.500000,frankycpp_v1.8.exe,"std::array<unsigned __int64,9>::operator[]",array,0x14025c136
"std::basic_filebuf<char,std::char_traits<char> >::_Reset_back",0.0,0.0,0.0,0.0,2995000,0.0,0.0,1.000000,frankycpp_v1.8.exe,"std::basic_filebuf<char,std::char_traits<char> >::_Reset_back",__msvc_filebuf.hpp,0x14011a607
"std::basic_streambuf<char,std::char_traits<char> >::_Gnavail",0.0,0.0,0.0,0.0,14975000,66.7,66.7,0.0,frankycpp_v1.8.exe,"std::basic_streambuf<char,std::char_traits<char> >::_Gnavail",streambuf,0x14011a59f
std::countr_zero,0.0,0.0,0.0,0.0,11980000,14.3,14.3,0.0,frankycpp_v1.8.exe,std::countr_zero,bit,0x14026ab40
std::countr_zero,0.0,0.0,0.0,0.0,2995000,,,0.0,frankycpp_v1.8.exe,std::countr_zero,bit,0x140263053
std::countr_zero,0.0,0.0,0.0,0.0,5990000,20.0,20.0,0.0,frankycpp_v1.8.exe,std::countr_zero,bit,0x14026a110
"std::deque<char,std::allocator<char> >::operator[]",0.0,0.0,0.0,0.0,0,50.0,50.0,0.0,frankycpp_v1.8.exe,"std::deque<char,std::allocator<char> >::operator[]",deque,0x1402f30ca
"std::deque<char,std::allocator<char> >::pop_front",0.0,0.0,0.0,0.0,2995000,0.0,0.0,0.0,frankycpp_v1.8.exe,"std::deque<char,std::allocator<char> >::pop_front",deque,0x1402ffc82
std::equal_to<unsigned __int64>::operator(),0.0,0.0,0.0,0.0,8985000,0.0,0.0,0.0,frankycpp_v1.8.exe,std::equal_to<unsigned __int64>::operator(),xutility,0x1402880a4
std::ios_base::good,0.0,0.0,0.0,0.0,0,100.0,100.0,0.0,msvcp140.dll,std::ios_base::good(void),[Unknown],0x180008430
std::locale::facet::_Decref,0.0,0.0,0.0,0.0,2995000,0.0,0.0,0.0,msvcp140.dll,std::locale::facet::_Decref(void),[Unknown],0x180005a00
std::locale::facet::_Incref,0.0,0.0,0.0,0.0,8985000,0.0,0.0,0.0,msvcp140.dll,std::locale::facet::_Incref(void),[Unknown],0x1800065f0
std::min,0.0,0.0,0.0,0.0,8985000,100.0,100.0,0.333333,frankycpp_v1.8.exe,std::min,utility,0x14011a5c9
std::operator<<<struct std::char_traits<char> >,0.0,0.0,0.0,0.0,2995000,0.0,0.0,0.0,frankycpp_v1.8.exe,"std::operator<<<struct std::char_traits<char> >(class std::basic_ostream<char,struct std::char_traits<char> > &,char)",__msvc_ostream.hpp,0x1401a3a90
std::popcount,0.0,0.0,0.0,0.0,26955000,,,0.777778,frankycpp_v1.8.exe,std::popcount,bit,0x14026a160
std::popcount,0.0,0.0,0.0,0.0,26955000,58.1,58.1,0.111111,frankycpp_v1.8.exe,std::popcount,bit,0x14026303b
std::popcount,0.0,0.0,0.0,0.0,0,100.0,100.0,0.0,frankycpp_v1.8.exe,std::popcount,bit,0x14025c9ca
"std::ranges::_Buffered_inplace_merge_common<chess::Move *,chess::moveValueGreaterComparator,std::identity>",0.0,0.0,0.0,0.0,2995000,0.0,0.0,0.0,frankycpp_v1.8.exe,"std::ranges::_Buffered_inplace_merge_common<chess::Move *,chess::moveValueGreaterComparator,std::identity>(class chess::Move *, class chess::Move *, class chess::Move *, __int64, __int64, class chess::Move *, const __int64, struct chess::moveValueGreaterComparator, struct std::identity)",algorithm,0x14023a590
std::ranges::_Insertion_sort_common,0.0,0.0,0.0,0.0,5990000,0.0,0.0,0.0,frankycpp_v1.8.exe,std::ranges::_Insertion_sort_common,algorithm,0x14023a26a
std::ranges::_Swap::_Cpo::operator(),0.0,0.0,0.0,0.0,5990000,0.0,0.0,2.000000,frankycpp_v1.8.exe,std::ranges::_Swap::_Cpo::operator(),concepts,0x140265125
std::ranges::_Swap::_Cpo::operator(),0.0,0.0,0.0,0.0,2995000,20.0,20.0,0.0,frankycpp_v1.8.exe,std::ranges::_Swap::_Cpo::operator(),concepts,0x14026515e
"std::vector<boost::archive::detail::basic_iarchive_impl::cobject_id,std::allocator<boost::archive::detail::basic_iarchive_impl::cobject_id> >::operator[]",0.0,0.0,0.0,0.0,2995000,75.0,75.0,3.000000,frankycpp_v1.8.exe,"std::vector<boost::archive::detail::basic_iarchive_impl::cobject_id,std::allocator<boost::archive::detail::basic_iarchive_impl::cobject_id> >::operator[]",vector,0x1402aef70
"std::vector<chess::Move,std::allocator<chess::Move> >::_Tidy",0.0,0.0,0.0,0.0,2995000,0.0,0.0,0.0,frankycpp_v1.8.exe,"std::vector<chess::Move,std::allocator<chess::Move> >::_Tidy",vector,0x140233119
"std::vector<chess::Move,std::allocator<chess::Move> >::reserve",0.0,0.0,0.0,0.0,8985000,,,0.0,frankycpp_v1.8.exe,"std::vector<chess::Move,std::allocator<chess::Move> >::reserve",vector,0x1402902bf
"std::vector<unsigned __int64,class std::allocator<unsigned __int64> >::_Change_array",0.0,0.0,0.0,0.0,2995000,100.0,100.0,1.000000,frankycpp_v1.8.exe,"std::vector<unsigned __int64,class std::allocator<unsigned __int64> >::_Change_array(unsigned __int64 * const,unsigned __int64,unsigned __int64)",vector,0x140280630
"std::vector<unsigned __int64,class std::allocator<unsigned __int64> >::~vector<unsigned __int64,class std::allocator<unsigned __int64> >",0.0,0.0,0.0,0.0,2995000,0.0,0.0,0.0,frankycpp_v1.8.exe,"std::vector<unsigned __int64,class std::allocator<unsigned __int64> >::~vector<unsigned __int64,class std::allocator<unsigned __int64> >(void)",vector,0x1402330a0
"std::vector<unsigned __int64,std::allocator<unsigned __int64> >::_Tidy",0.0,0.0,0.0,0.0,0,11.1,11.1,,frankycpp_v1.8.exe,"std::vector<unsigned __int64,std::allocator<unsigned __int64> >::_Tidy",vector,0x1402330a9
"std::vector<unsigned __int64,std::allocator<unsigned __int64> >::resize",0.0,0.0,0.0,0.0,2995000,0.0,0.0,0.0,frankycpp_v1.8.exe,"std::vector<unsigned __int64,std::allocator<unsigned __int64> >::resize",vector,0x1402929ac
"std::vector<unsigned __int64,std::allocator<unsigned __int64> >::size",0.0,0.0,0.0,0.0,5990000,0.0,0.0,0.0,frankycpp_v1.8.exe,"std::vector<unsigned __int64,std::allocator<unsigned __int64> >::size",vector,0x14029295e
type_info::before,0.0,0.0,0.0,0.0,5990000,75.0,75.0,0.0,frankycpp_v1.8.exe,type_info::before,vcruntime_typeinfo.h,0x1402b9370
wcsnicmp,0.0,0.0,0.0,0.0,2995000,0.0,0.0,0.0,ntoskrnl.exe,wcsnicmp,[Unknown],0x1404fce90
