Function,CPU Time,CPU Time:Effective Time,CPU Time:Spin Time,CPU Time:Overhead Time,Memory Bound(%),Memory Bound:Performance-core (P-core):Memory Bound(%),Memory Bound:Performance-core (P-core):Memory Bound:L1 Bound(%),Memory Bound:Performance-core (P-core):Memory Bound:L2 Bound(%),Memory Bound:Performance-core (P-core):Memory Bound:L3 Bound(%),Memory Bound:Performance-core (P-core):Memory Bound:DRAM Bound(%),Memory Bound:Efficient-core (E-core):Memory Bound(%),Memory Bound:Efficient-core (E-core):Memory Bound:L1 Bound(%),Memory Bound:Efficient-core (E-core):Memory Bound:L2 Bound(%),Memory Bound:Efficient-core (E-core):Memory Bound:L3 Bound(%),Memory Bound:Efficient-core (E-core):Memory Bound:DRAM Bound(%),Vectorization(%),Vectorization:% of FP Ops(%),Vectorization:FP Ops: Packed(%),Vectorization:FP Ops: Scalar(%),Vectorization:Vector Instruction Set,Vectorization:Loop Type,Instructions Retired,CPI Rate,Average CPU Frequency
engine::TT::probe,26.002276,26.002276,0.0,0.0,60.2,60.2,0.4,0.0,62.5,5.8,66.2,0.2,0.6,23.3,0.0,0.0,0.0,0.0,0.0,,,17116425000,7.957305,5238026949.966467
engine::TT::put,24.331386,24.331386,0.0,0.0,62.3,62.3,0.0,0.4,70.3,0.0,42.5,0.3,1.1,17.9,0.0,0.0,0.3,0.0,100.0,AVX(128),,22261835000,5.832235,5336163059.319772
engine::TT::prefetch,9.106396,9.106396,0.0,0.0,62.7,62.7,0.0,0.3,70.9,0.0,74.3,0.1,2.2,13.0,0.0,0.0,0.0,0.0,0.0,,,10545395000,4.479409,5187248573.714286
engine::TT::prefetch,8.238454,8.238454,0.0,0.0,62.4,62.4,2.6,0.8,67.3,0.0,67.0,0.6,2.4,17.1,0.0,0.0,0.0,0.0,0.0,,,9823600000,4.414939,5264409677.396286
chess::Attacks::`anonymous namespace'::sliderLookup,7.609495,7.609495,0.0,0.0,4.7,4.7,7.5,0.6,1.5,1.4,9.5,3.0,6.3,1.1,0.0,0.0,0.0,0.0,0.0,,,108781395000,0.370557,5297290188.469382
"std::_Atomic_storage<unsigned __int64,8>::store",6.180590,6.180590,0.0,0.0,97.5,97.5,75.9,0.6,18.9,0.0,57.8,51.2,1.0,10.0,0.0,0.0,0.0,0.0,0.0,,,2830275000,11.415873,5227665879.123767
chess::Attacks::attacks,4.222720,4.222720,0.0,0.0,8.5,8.5,5.4,0.0,4.1,0.3,8.4,0.8,1.5,2.6,0.1,0.0,0.0,0.0,0.0,,,62730275000,0.361566,5371214589.117689
"std::_Atomic_storage<unsigned __int64,8>::load",3.722753,3.722753,0.0,0.0,66.8,66.8,6.9,0.7,15.5,56.5,66.4,6.0,1.8,65.1,0.0,0.0,0.0,0.0,0.0,,,9913450000,2.046224,5448960598.292775
engine::Search::stopConditions,2.445838,2.445838,0.0,0.0,17.1,17.1,0.0,0.0,27.0,8.4,38.2,0.0,0.3,0.5,0.0,0.0,0.0,0.0,0.0,,,9592985000,1.329379,5214045690.116108
engine::PawnTT::probe,2.417840,2.417840,0.0,0.0,34.2,34.2,1.6,3.6,26.6,0.8,29.3,0.0,1.6,0.7,0.4,0.0,1.8,0.0,100.0,,,15301455000,0.879428,5565520031.267162
[Loop at line 1661 in engine::Search::search],1.843878,1.843878,0.0,0.0,16.3,16.3,9.1,1.1,2.8,0.1,10.2,3.5,0.9,1.0,0.0,0.0,0.0,0.0,0.0,,,23771315000,0.398891,5142515648.724512
"std::_Atomic_storage<unsigned __int64,8>::store",1.683888,1.683888,0.0,0.0,57.9,57.9,62.4,0.0,18.1,0.1,75.8,69.1,1.5,29.9,0.0,0.0,0.0,0.0,0.0,,,3495165000,2.644387,5488825989.315914
[Loop at line 149 in engine::TT::put],1.655890,1.655890,0.0,0.0,54.6,54.6,7.7,3.1,48.5,0.1,32.9,1.3,1.3,53.3,0.0,0.0,0.0,0.0,0.0,,,2593670000,3.467667,5431510555.485507
engine::Evaluator::kingEval,1.606893,1.606893,0.0,0.0,0.3,0.3,7.6,0.2,0.0,0.1,2.0,0.7,1.7,0.1,0.0,0.0,0.0,0.0,0.0,,,20662505000,0.420641,5408877671.721220
engine::Search::thread,1.501900,1.501900,0.0,0.0,75.7,75.7,12.0,9.5,52.9,0.6,90.5,70.0,0.4,11.4,0.0,0.0,0.0,0.0,0.0,,,302495000,26.415842,5320366138.151797
chess::MoveGenerator::getNextPseudoLegalMove,1.417906,1.417906,0.0,0.0,15.7,15.7,8.0,0.1,2.8,0.3,10.3,1.3,1.9,1.3,0.2,0.0,0.1,0.0,100.0,,,18008935000,0.394479,5010304051.915374
engine::Search::thread,1.400907,1.400907,0.0,0.0,79.4,79.4,16.1,5.7,50.7,0.6,89.1,59.8,0.5,15.2,0.0,0.0,0.0,0.0,0.0,,,449250000,16.220000,5201511964.256959
engine::Evaluator::pieceEval,1.308913,1.308913,0.0,0.0,8.6,8.6,3.0,0.1,2.3,0.1,7.1,1.4,0.4,0.5,0.1,0.0,0.0,0.0,0.0,,,18802610000,0.409844,5887430152.669213
chess::Position::givesCheck,1.296914,1.296914,0.0,0.0,10.1,10.1,6.3,0.0,1.1,0.1,5.8,0.4,4.6,1.0,0.1,0.0,0.0,0.0,0.0,,,17397955000,0.381133,5112852553.887433
chess::Position::doMove,1.267916,1.267916,0.0,0.0,32.8,32.8,3.8,0.8,2.0,0.3,7.9,0.9,6.0,1.2,0.0,0.0,0.0,0.0,0.0,,,11749385000,0.586796,5437655553.356467
std::_Checked_x86_x64_countr_zero<unsigned __int64>,1.218919,1.218919,0.0,0.0,5.9,5.9,8.9,1.3,1.7,0.2,2.2,0.9,1.8,0.1,0.0,0.0,0.2,0.0,100.0,,,19233890000,0.324198,5115671487.691550
chess::MoveGenerator::fillOnDemandMoveList,1.181922,1.181922,0.0,0.0,27.6,27.6,7.1,0.6,1.7,0.0,7.4,0.0,0.6,0.4,0.1,0.0,0.2,0.0,100.0,,,12743725000,0.495417,5341690954.165821
engine::Evaluator::rookEval,1.115926,1.115926,0.0,0.0,2.6,2.6,6.6,0.0,0.5,0.1,3.9,0.6,4.0,0.9,0.2,0.0,0.0,0.0,0.0,,,19018250000,0.304882,5195971813.448029
engine::Search::qsearch,1.079928,1.079928,0.0,0.0,44.5,44.5,20.0,0.0,14.3,1.2,20.7,3.1,0.3,7.2,0.0,0.0,0.6,0.0,100.0,,,8448895000,0.722439,5652050744.318519
chess::Position::removePiece,1.033931,1.033931,0.0,0.0,15.4,15.4,9.4,0.4,9.4,0.2,20.6,4.3,3.4,5.8,0.0,0.0,0.0,0.0,0.0,,,8676515000,0.624784,5243045954.235977
[Loop at line 803 in chess::MoveGenerator::updateSortValues],1.026932,1.026932,0.0,0.0,5.1,5.1,4.1,0.6,5.5,5.0,13.3,2.4,12.7,5.9,1.2,0.0,0.0,0.0,0.0,,,11497805000,0.450899,5048382497.631938
engine::Evaluator::evaluate,1.024932,1.024932,0.0,0.0,9.8,9.8,11.4,0.3,2.4,0.0,44.0,4.9,0.8,0.5,0.3,0.0,0.0,0.0,0.0,AVX(128); AVX(256),,13225920000,0.435236,5616362695.625365
engine::PawnTT::Entry::Entry,0.938938,0.938938,0.0,0.0,78.8,78.8,3.3,0.0,11.0,0.4,59.4,0.0,2.0,20.8,45.5,0.0,0.0,0.0,0.0,AVX(128),,599000000,8.645000,5515120796.391906
std::_Checked_popcount<unsigned __int64>,0.929938,0.929938,0.0,0.0,1.1,1.1,11.2,0.6,0.7,0.0,3.5,3.9,0.0,0.0,0.0,0.0,0.0,0.0,0.0,,,13887815000,0.375243,5603920013.677419
engine::Evaluator::threatEval,0.869942,0.869942,0.0,0.0,0.9,0.9,18.2,0.1,0.1,0.0,0.0,0.0,0.9,0.2,0.0,0.0,0.0,0.0,0.0,,,11392980000,0.441115,5776946319.291954
engine::Evaluator::coordinationEval,0.855943,0.855943,0.0,0.0,1.0,1.0,17.5,0.2,0.1,0.0,2.5,3.6,0.0,0.0,0.0,0.0,0.0,0.0,0.0,,,9314450000,0.486495,5294083556.266356
engine::Search::search,0.798947,0.798947,0.0,0.0,42.5,42.5,25.0,0.9,14.5,0.3,47.0,38.1,0.5,6.3,0.0,0.0,0.0,0.0,0.0,,,5729435000,0.740721,5311885426.628285
chess::MoveGenerator::generatePawnMoves,0.742951,0.742951,0.0,0.0,64.2,64.2,3.0,0.0,2.0,0.1,11.7,1.2,1.5,0.3,0.0,0.0,0.0,0.0,0.0,,,4717125000,0.858413,5450213385.001347
chess::Position::isAttacked,0.733951,0.733951,0.0,0.0,12.2,12.2,5.7,0.0,11.2,0.8,6.3,2.7,0.2,1.8,0.1,0.0,0.0,0.0,0.0,,,9356380000,0.408451,5206912056.305177
[Loop at line 1029 in chess::MoveGenerator::generateMoves],0.710953,0.710953,0.0,0.0,6.5,6.5,3.3,1.6,0.5,0.0,3.0,2.3,3.2,0.5,0.1,0.0,0.0,0.0,0.0,,,8233255000,0.489996,5674448033.637131
chess::Position::putPiece,0.700954,0.700954,0.0,0.0,20.4,20.4,18.2,2.6,9.7,0.2,21.0,0.0,3.3,4.3,0.0,0.0,0.0,0.0,0.0,,,7277850000,0.488477,5071755736.713266
[Loop at line 818 in engine::Evaluator::kingEval],0.689954,0.689954,0.0,0.0,1.2,1.2,9.1,0.1,0.1,0.0,0.0,0.0,0.8,0.3,0.0,0.0,0.0,0.0,0.0,,,7870860000,0.464231,5295858443.710145
engine::Evaluator::pawnEval,0.689954,0.689954,0.0,0.0,78.6,78.6,3.4,1.4,1.7,0.1,22.6,0.0,0.2,12.9,0.3,0.0,1.0,0.0,100.0,,,3513135000,1.059676,5395698397.976811
"[Loop at line 8440 in std::ranges::_Insertion_sort_common<chess::Move *,chess::moveValueGreaterComparator,std::identity>]",0.686954,0.686954,0.0,0.0,0.3,0.3,9.1,0.0,0.8,0.0,0.0,0.0,0.4,0.1,0.0,0.0,0.0,0.0,0.0,,,5124445000,0.708942,5288465699.802037
"[Loop at line 8440 in std::ranges::_Insertion_sort_common<chess::Move *,chess::moveValueGreaterComparator,std::identity>]",0.586961,0.586961,0.0,0.0,2.2,2.2,8.7,0.0,0.0,0.0,0.0,1.1,0.0,0.0,0.0,0.0,0.0,0.0,0.0,,,5594660000,0.607602,5791397687.870528
[Loop at line 2212 in engine::Search::qsearch],0.516966,0.516966,0.0,0.0,18.9,18.9,11.1,0.9,6.2,0.6,8.5,4.7,0.2,0.4,0.0,0.0,0.0,0.0,0.0,,,6313460000,0.491461,6001984097.887814
"std::_Atomic_storage<unsigned __int64,8>::load",0.471969,0.471969,0.0,0.0,71.8,71.8,0.0,5.3,16.5,51.3,87.1,17.5,3.2,44.2,0.0,0.0,0.0,0.0,0.0,,,287520000,9.812500,5977705736.389831
"std::_Atomic_address_as<__int64,std::_Atomic_padded<unsigned __int64> >",0.458970,0.458970,0.0,0.0,64.9,64.9,10.9,0.0,36.3,6.7,24.9,0.0,1.3,31.1,0.3,0.0,0.0,0.0,0.0,,,1009315000,2.350148,5168185867.921569
chess::Position::wasLegalMove,0.422972,0.422972,0.0,0.0,3.3,3.3,6.8,0.5,0.9,0.0,2.6,0.0,12.2,1.3,0.0,0.0,0.0,0.0,0.0,,,6927435000,0.351924,5763810125.749409
func@0x1800126c0,0.410973,0.410973,0.0,0.0,91.7,91.7,0.0,0.0,0.0,0.0,13.4,0.0,0.0,0.0,0.0,0.0,0.0,0.0,0.0,,,0,,5611442685.060827
engine::Evaluator::bishopEval,0.405973,0.405973,0.0,0.0,5.8,5.8,10.5,0.0,0.5,0.0,4.5,0.0,2.4,0.2,0.0,0.0,0.0,0.0,0.0,,,7331760000,0.313725,5665794449.024631
engine::Evaluator::queenEval,0.385974,0.385974,0.0,0.0,0.5,0.5,5.4,0.5,0.0,0.7,2.0,7.2,5.2,2.6,0.3,0.0,0.0,0.0,0.0,,,6544075000,0.343249,5819686453.367876
engine::Evaluator::knightEval,0.384974,0.384974,0.0,0.0,26.8,26.8,7.0,0.0,7.0,0.0,3.3,1.2,0.0,0.0,0.0,0.0,0.0,0.0,0.0,,,5585675000,0.402145,5834802522.077922
chess::MoveGenerator::updateSortValues,0.372975,0.372975,0.0,0.0,7.6,7.6,7.0,0.2,1.2,0.0,2.7,0.0,4.7,1.3,0.3,0.0,0.0,0.0,0.0,,,4513465000,0.491042,5942217117.211796
engine::See::see,0.330978,0.330978,0.0,0.0,27.4,27.4,1.7,0.8,0.3,0.0,3.7,0.0,4.4,2.5,0.2,0.0,0.0,0.0,0.0,,,3815630000,0.521193,6008495132.906345
std::_Unchecked_popcount<unsigned __int64>,0.329978,0.329978,0.0,0.0,0.5,0.5,15.4,0.0,0.3,0.0,1.7,0.0,0.0,0.0,0.0,0.0,0.0,0.0,0.0,,,3614965000,0.445733,4883081399.587879
"std::ranges::_Sort_fn::_Sort_common<chess::Move *,chess::moveValueGreaterComparator,std::identity>",0.329978,0.329978,0.0,0.0,27.1,27.1,6.9,0.9,0.6,0.3,4.7,0.0,6.1,1.9,0.3,0.0,0.0,0.0,0.0,,,3012970000,0.583499,5327823014.048485
chess::moveValueGreaterComparator::operator(),0.327978,0.327978,0.0,0.0,2.1,2.1,14.7,0.7,0.0,0.4,0.0,0.0,1.4,0.6,0.0,0.0,0.0,0.0,0.0,,,3378360000,0.457447,4711958817.219512
[Loop at line 1025 in chess::MoveGenerator::generateMoves],0.306980,0.306980,0.0,0.0,13.3,13.3,6.4,1.5,0.3,0.0,2.4,0.0,3.6,0.4,0.0,0.0,0.0,0.0,0.0,,,3297495000,0.564941,6068448034.579804
chess::Move::encode,0.301980,0.301980,0.0,0.0,2.2,2.2,8.4,3.1,0.7,0.3,2.8,6.3,5.1,1.0,0.0,0.0,0.0,0.0,0.0,,,3180690000,0.524482,5524257072.172185
chess::Bitboard::shifted,0.295980,0.295980,0.0,0.0,9.6,9.6,7.2,0.8,4.4,0.4,7.3,0.0,5.5,1.8,0.0,0.0,0.3,0.0,100.0,,,4393665000,0.315610,4685057313.391892
[Loop at line 55 in engine::See::see],0.288981,0.288981,0.0,0.0,0.6,0.6,5.4,0.3,0.0,0.0,2.3,0.0,0.0,0.0,0.0,0.0,0.0,0.0,0.0,,,4109140000,0.408163,5803845092.318339
chess::Position::undoMove,0.288981,0.288981,0.0,0.0,46.1,46.1,21.4,0.0,22.9,0.0,24.1,9.5,0.9,3.3,0.0,0.0,0.0,0.0,0.0,,,2818295000,0.569607,5555108874.076124
engine::See::attacksTo,0.281981,0.281981,0.0,0.0,8.2,8.2,2.4,0.0,1.2,0.0,7.4,0.0,6.7,1.9,0.7,0.0,0.0,0.0,0.0,,,4085180000,0.347507,5034482800.255320
"std::array<int,64>::operator[]",0.273982,0.273982,0.0,0.0,1.3,1.3,9.3,2.3,0.3,0.0,2.6,2.6,7.9,2.2,0.3,0.0,0.0,0.0,0.0,,,3579025000,0.451883,5902946201.167883
[Loop at line 700 in chess::MoveGenerator::fillOnDemandMoveList],0.250983,0.250983,0.0,0.0,6.2,6.2,4.9,1.5,1.5,0.0,4.0,0.0,4.5,0.5,0.0,0.0,0.0,0.0,0.0,,,2524785000,0.453144,4558429784.446215
chess::MoveGenerator::generateKingMoves,0.245984,0.245984,0.0,0.0,16.9,16.9,11.1,0.0,1.6,0.0,1.9,0.0,3.9,2.2,0.6,0.0,0.0,0.0,0.0,,,2327115000,0.454311,4297988275.138211
chess::MoveGenerator::generateMoves,0.244984,0.244984,0.0,0.0,31.9,31.9,2.1,2.9,2.5,0.0,3.6,0.0,1.8,0.0,0.0,0.0,0.0,0.0,0.0,,,2650575000,0.502825,5440258732.489796
engine::Search::sendSearchUpdateToUci,0.222985,0.222985,0.0,0.0,76.9,76.9,50.4,10.5,44.6,0.5,36.2,46.9,0.0,0.0,0.0,0.0,0.0,0.0,0.0,,,29950000,36.500000,4902455153.452915
std::optional<engine::PawnTT::Entry>::{ctor},0.216986,0.216986,0.0,0.0,37.0,37.0,5.2,2.6,26.7,4.6,61.6,0.0,0.0,7.7,1.5,0.0,0.0,0.0,0.0,,,68885000,11.695652,3712942078.027650
"std::array<unsigned __int64,64>::operator[]",0.209986,0.209986,0.0,0.0,8.5,8.5,16.8,0.0,6.2,0.0,1.8,0.0,0.0,0.0,0.0,0.0,0.0,0.0,0.0,,,2279195000,0.462549,5020523414.552382
[Loop at line 894 in chess::MoveGenerator::generatePawnMoves],0.207986,0.207986,0.0,0.0,33.9,33.9,7.2,0.0,7.7,0.0,8.0,4.0,2.9,2.9,0.0,0.0,0.5,0.0,100.0,,,2363055000,0.442332,5025597697.942307
engine::See::revealedAttacks,0.204986,0.204986,0.0,0.0,1.0,1.0,5.5,0.0,0.5,0.0,0.0,0.0,1.4,0.0,0.0,0.0,0.0,0.0,0.0,,,2761390000,0.427332,5756625655.765854
chess::Bitboard::operator bool,0.202987,0.202987,0.0,0.0,0.7,0.7,9.3,0.4,1.3,0.0,2.4,5.9,1.2,0.0,0.0,0.0,0.0,0.0,0.0,,,3042920000,0.406496,6093679967.310345
"std::ranges::_Insertion_sort_common<chess::Move *,chess::moveValueGreaterComparator,std::identity>",0.201987,0.201987,0.0,0.0,12.0,12.0,8.2,2.3,0.0,0.6,5.0,0.0,4.3,0.8,0.0,0.0,0.0,0.0,0.0,,,1605320000,0.591418,4700385965.722773
chess::Position::movePiece,0.199987,0.199987,0.0,0.0,30.2,30.2,28.2,0.0,11.5,0.0,18.4,10.0,1.8,2.9,0.0,0.0,0.0,0.0,0.0,,,1749080000,0.582192,5091837667.599999
chess::Square::{ctor},0.199987,0.199987,0.0,0.0,0.8,0.8,8.3,0.5,0.5,0.0,0.0,0.0,0.0,0.0,0.0,0.0,0.0,0.0,0.0,,,2875200000,0.337500,4852221777.360001
chess::operator&,0.198987,0.198987,0.0,0.0,1.0,1.0,8.0,0.0,0.0,0.0,0.0,0.0,0.0,0.0,0.0,0.0,0.0,0.0,0.0,,,2291175000,0.416993,4801348554.432160
chess::Bitboard::operator^=,0.194987,0.194987,0.0,0.0,8.8,8.8,8.8,1.5,0.5,0.0,3.5,0.0,0.0,0.0,0.0,0.0,0.0,0.0,0.0,,,2431940000,0.465517,5806077340.430769
chess::Position::hasCheck,0.194987,0.194987,0.0,0.0,34.3,34.3,7.1,0.0,43.7,2.9,25.0,6.3,0.5,15.2,0.0,0.0,0.0,0.0,0.0,,,1063225000,0.842254,4592637896.266667
[Loop at line 839 in engine::Evaluator::kingEval],0.191987,0.191987,0.0,0.0,1.0,1.0,3.4,0.0,0.5,0.0,0.0,0.0,2.3,0.0,0.0,0.0,0.0,0.0,0.0,,,3387345000,0.334218,5896797298.875000
engine::Search::storeTt,0.186988,0.186988,0.0,0.0,31.0,31.0,16.0,0.0,12.9,0.0,18.6,5.7,1.6,13.1,0.0,0.0,0.0,0.0,0.0,,,2270210000,0.405013,4917251223.508021
"std::array<chess::Bitboard,64>::operator[]",0.183988,0.183988,0.0,0.0,13.2,13.2,3.8,2.2,7.6,0.5,13.3,0.0,1.9,1.1,0.0,0.0,0.0,0.0,0.0,,,2587680000,0.381944,5371823626.304348
chess::Move::operator==,0.181988,0.181988,0.0,0.0,0.0,0.0,0.8,1.6,2.4,0.0,20.6,1.5,6.1,2.1,0.6,0.0,0.0,0.0,0.0,,,2138430000,0.382353,4492797942.000000
std::_Countr_zero_tzcnt<unsigned __int64>,0.181988,0.181988,0.0,0.0,0.0,0.0,8.5,0.9,0.9,0.0,6.6,10.5,5.8,0.5,0.0,0.0,0.0,0.0,0.0,,,1677200000,0.417857,3850969664.571429
engine::TT::Entry::{ctor},0.177988,0.177988,0.0,0.0,75.8,75.8,1.7,0.6,48.6,22.3,28.0,4.0,0.0,8.5,19.9,0.0,0.0,0.0,0.0,,,242595000,3.913580,5334145871.213483
chess::Bitboard::shifted,0.169989,0.169989,0.0,0.0,7.0,7.0,14.2,2.0,1.4,0.0,3.8,3.1,10.6,0.0,0.0,0.0,0.0,0.0,0.0,,,1802990000,0.463455,4915649513.011765
[Loop at line 245 in engine::TT::probe],0.167989,0.167989,0.0,0.0,64.3,64.3,5.6,4.2,44.0,18.9,47.5,0.0,2.3,21.6,0.6,0.0,0.0,0.0,0.0,,,176705000,5.101695,5366397541.833334
chess::makePiece,0.162989,0.162989,0.0,0.0,0.0,0.0,16.5,0.0,0.0,0.0,0.0,0.0,0.0,0.0,0.0,0.0,0.0,0.0,0.0,,,1776035000,0.610455,6651913517.398773
func@0x1400e34a0,0.159989,0.159989,0.0,0.0,92.0,92.0,13.9,95.6,0.0,0.6,0.0,0.0,0.0,0.0,0.0,0.0,0.0,0.0,0.0,,,11980000,72.000000,5391357530.400001
chess::Position::getPieceBb,0.153990,0.153990,0.0,0.0,59.7,59.7,0.0,0.0,13.7,0.0,15.0,0.0,1.3,0.0,0.0,0.0,0.0,0.0,0.0,,,1027285000,0.755102,5037379510.727273
engine::Search::thread,0.148990,0.148990,0.0,0.0,16.7,16.7,0.0,0.0,62.6,0.0,76.0,100.0,0.1,1.1,0.0,0.0,0.0,0.0,0.0,,,110815000,5.945946,4422440927.248322
chess::operator<,0.143990,0.143990,0.0,0.0,0.0,0.0,10.9,0.0,0.0,0.0,0.0,0.0,0.0,0.0,0.0,0.0,0.0,0.0,0.0,,,1632275000,0.412844,4679997856.250000
std::popcount,0.143990,0.143990,0.0,0.0,1.9,1.9,4.6,0.7,0.0,0.0,0.0,0.0,0.0,0.0,0.0,0.0,0.0,0.0,0.0,,,2530775000,0.315976,5553597456.083334
std::countr_zero,0.142991,0.142991,0.0,0.0,9.7,9.7,5.6,0.0,0.6,0.6,3.3,0.0,4.6,0.9,0.0,0.0,0.0,0.0,0.0,,,1874870000,0.445687,5843779141.342657
"std::_Atomic_storage<unsigned __int64,8>::store",0.141991,0.141991,0.0,0.0,51.6,51.6,60.6,0.0,23.2,0.0,60.1,87.6,1.6,7.8,0.0,0.0,0.0,0.0,0.0,,,371380000,2.153226,5631817138.563380
chess::StaticMoveList<256>::push_back,0.138991,0.138991,0.0,0.0,5.8,5.8,8.9,3.6,0.9,2.7,10.5,0.0,17.6,1.9,0.0,0.0,0.0,0.0,0.0,,,1120130000,0.614973,4956084060.719424
chess::operator*,0.135991,0.135991,0.0,0.0,0.0,0.0,3.1,0.0,0.0,0.0,0.0,0.0,1.8,1.8,0.0,0.0,0.0,0.0,0.0,,,2024620000,0.501479,7465973050.676471
chess::MoveGenerator::isPseudoLegal,0.132991,0.132991,0.0,0.0,37.0,37.0,21.1,0.0,21.1,0.8,22.2,0.0,0.4,15.8,0.1,0.0,0.0,0.0,0.0,,,838600000,0.910714,5742674061.203008
chess::Position::getPiece,0.130991,0.130991,0.0,0.0,0.0,0.0,23.7,0.0,0.0,0.0,0.0,0.0,1.0,2.0,0.0,0.0,0.0,0.0,0.0,,,1455570000,0.532922,5921804921.007634
chess::Move::encode,0.127992,0.127992,0.0,0.0,10.0,10.0,10.4,1.2,2.3,0.0,0.0,0.0,30.1,0.0,0.0,0.0,0.0,0.0,0.0,,,1087185000,0.413223,3509998392.187500
chess::typeOf,0.125992,0.125992,0.0,0.0,14.7,14.7,16.1,0.9,8.0,0.0,1.2,0.0,0.0,0.0,0.0,0.0,0.0,0.0,0.0,,,1314805000,0.462415,4825597789.555555
chess::Position::attacksTo,0.121992,0.121992,0.0,0.0,29.5,29.5,6.4,0.0,3.2,1.1,8.9,3.7,2.8,1.2,0.0,0.0,0.0,0.0,0.0,,,1398665000,0.391863,4492797942.000000
engine::See::getLeastValuablePiece,0.120992,0.120992,0.0,0.0,1.8,1.8,5.2,0.0,0.0,0.0,0.0,0.0,0.0,0.0,0.0,0.0,0.0,0.0,0.0,,,1829945000,0.345336,5223032318.247933
chess::Value::{ctor},0.119992,0.119992,0.0,0.0,25.0,25.0,7.1,0.0,2.9,0.0,1.2,5.9,0.0,0.0,0.0,0.0,0.0,0.0,0.0,,,1183025000,0.339241,3344638467.933333
chess::Position::checkRepetitions,0.116992,0.116992,0.0,0.0,96.4,96.4,71.8,26.4,25.4,1.1,37.8,40.8,0.0,0.0,0.0,0.0,0.0,0.0,0.0,,,26955000,20.555556,4735997830.598290
[Loop at line 546 in engine::Evaluator::pieceEval],0.110993,0.110993,0.0,0.0,3.4,3.4,10.3,0.0,1.0,0.0,0.0,4.4,0.0,0.0,0.0,0.0,0.0,0.0,0.0,,,1503490000,0.368526,4991997713.333334
chess::Bitboard::operator|=,0.107993,0.107993,0.0,0.0,21.3,21.3,16.4,0.0,6.3,0.0,7.2,0.0,0.0,0.0,0.0,0.0,0.0,0.0,0.0,,,1174040000,0.372449,4049064811.925926
[Loop at line 881 in engine::Evaluator::kingEval],0.106993,0.106993,0.0,0.0,0.0,0.0,3.1,0.0,1.0,0.0,1.7,0.0,1.7,0.0,0.0,0.0,0.0,0.0,0.0,,,1419630000,0.360759,4786719302.691589
"std::array<chess::Value,25>::operator[]",0.104993,0.104993,0.0,0.0,0.0,0.0,11.8,2.0,0.0,0.0,0.0,0.0,0.0,0.0,0.0,0.0,0.0,0.0,0.0,,,1341760000,0.399554,5106100518.209523
chess::operator++,0.103993,0.103993,0.0,0.0,1.9,1.9,13.0,1.4,0.0,0.0,0.0,0.0,0.0,0.0,0.0,0.0,0.0,0.0,0.0,,,973375000,0.387692,3628798337.769230
engine::Search::goodCapture,0.101993,0.101993,0.0,0.0,4.2,4.2,10.6,1.0,0.0,0.0,1.1,0.0,0.7,0.0,0.0,0.0,0.0,0.0,0.0,,,1467550000,0.408163,5872938486.274509
chess::Color::sign,0.100993,0.100993,0.0,0.0,28.1,28.1,1.4,0.0,5.5,0.0,3.8,0.0,0.0,0.0,0.0,0.0,0.0,0.0,0.0,,,766720000,0.539062,4092449610.534654
chess::operator<,0.100993,0.100993,0.0,0.0,2.0,2.0,2.4,0.0,1.2,0.0,0.0,0.0,0.0,0.0,0.0,0.0,0.0,0.0,0.0,,,1299830000,0.354839,4566936521.900990
chess::Bitboard::popLSB,0.097994,0.097994,0.0,0.0,1.6,1.6,29.9,0.0,0.0,0.0,0.0,0.0,5.0,0.0,0.0,0.0,0.0,0.0,0.0,,,661895000,0.674208,4553924444.612245
chess::Position::getLastMove,0.097994,0.097994,0.0,0.0,0.0,0.0,0.0,1.0,3.8,0.0,7.7,3.9,7.5,1.3,0.4,0.0,0.0,0.0,0.0,,,1236935000,0.486683,6143213512.530612
chess::Position::getPieceBb,0.094994,0.094994,0.0,0.0,0.0,0.0,3.4,0.0,0.0,0.0,0.0,0.0,0.0,0.0,0.0,0.0,0.0,0.0,0.0,,,1069215000,0.568627,6400266541.936842
[Loop at line 891 in engine::Evaluator::kingEval],0.092994,0.092994,0.0,0.0,0.0,0.0,3.3,1.1,0.0,0.0,1.7,0.0,0.0,0.0,0.0,0.0,0.0,0.0,0.0,,,1072210000,0.460894,5314062081.935484
chess::MoveGenerator::resetOnDemand,0.091994,0.091994,0.0,0.0,0.0,0.0,0.0,0.0,27.5,1.1,5.8,9.1,0.0,0.0,0.0,0.0,2.4,0.0,100.0,,,524125000,0.994286,5664832187.739130
chess::operator+,0.088994,0.088994,0.0,0.0,0.0,0.0,22.1,0.0,0.0,0.0,0.0,0.0,0.0,0.0,0.0,0.0,0.0,0.0,0.0,,,667885000,0.578475,4341355314.741573
_security_check_cookie,0.086994,0.086994,0.0,0.0,64.0,64.0,41.4,1.3,32.1,0.0,28.4,16.7,0.0,3.3,0.0,0.0,0.0,0.0,0.0,,,446255000,0.919463,4716577149.839081
engine::Search::checkDrawRepAnd50,0.086994,0.086994,0.0,0.0,88.1,88.1,55.1,17.8,42.1,1.6,41.3,43.8,0.0,0.0,0.0,0.0,0.0,0.0,0.0,,,11980000,29.750000,4096880881.977012
std::countr_zero,0.086994,0.086994,0.0,0.0,3.4,3.4,18.2,1.0,3.0,0.0,1.2,0.0,2.4,1.2,0.0,0.0,0.0,0.0,0.0,,,2407980000,0.226368,6265817819.494252
func@0x140414020,0.085994,0.085994,0.0,0.0,0.0,0.0,0.0,0.0,0.0,0.0,0.0,0.0,0.0,0.0,0.0,0.0,0.0,0.0,0.0,,,0,,6338676166.232559
chess::operator&,0.084994,0.084994,0.0,0.0,1.7,1.7,4.6,0.9,0.0,0.0,0.0,0.0,0.0,0.0,0.0,0.0,0.0,0.0,0.0,,,2216300000,0.256757,6695149874.352942
chess::Move::stripped,0.081995,0.081995,0.0,0.0,0.0,0.0,0.0,0.0,2.1,1.1,7.2,0.0,8.7,1.6,0.0,0.0,0.0,0.0,0.0,,,1021295000,0.501466,6246084943.756098
chess::StaticMoveList<256>::push_back,0.081995,0.081995,0.0,0.0,20.0,20.0,15.0,0.0,2.3,0.0,1.7,0.0,0.0,0.0,0.0,0.0,0.0,0.0,0.0,,,670880000,0.700893,5734709568.243902
"std::array<chess::Move,64>::operator[]",0.081995,0.081995,0.0,0.0,0.0,0.0,25.0,0.0,0.0,1.4,0.0,0.0,10.0,10.0,0.0,0.0,0.0,0.0,0.0,,,1105155000,0.336043,4529324754.536586
chess::operator&,0.079995,0.079995,0.0,0.0,2.9,2.9,3.0,0.0,0.0,0.0,0.0,0.0,2.2,0.0,0.0,0.0,0.0,0.0,0.0,,,1021295000,0.351906,4492797942.000000
chess::Move::from,0.078995,0.078995,0.0,0.0,11.1,11.1,3.0,3.0,0.0,0.0,0.0,20.0,8.0,0.0,0.0,0.0,0.0,0.0,0.0,,,1218965000,0.289926,4473840988.658228
std::atomic<bool>::operator bool,0.078995,0.078995,0.0,0.0,44.1,44.1,23.6,0.0,20.5,0.0,17.4,0.0,1.3,0.0,0.0,0.0,0.0,0.0,0.0,,,844590000,0.429078,4587582708.708860
"std::_Atomic_storage<unsigned __int64,8>::store",0.077995,0.077995,0.0,0.0,68.6,68.6,1.3,0.0,82.1,4.0,38.2,0.0,2.0,31.4,2.0,0.0,0.0,0.0,0.0,,,143760000,2.812500,5183997625.384616
chess::operator&,0.076995,0.076995,0.0,0.0,4.0,4.0,16.6,2.8,0.0,0.0,4.0,0.0,0.0,0.0,0.0,0.0,0.0,0.0,0.0,,,1811975000,0.208264,4901234118.545455
std::countr_zero,0.076995,0.076995,0.0,0.0,4.4,4.4,31.4,1.7,0.0,0.0,6.7,0.0,0.0,0.0,0.0,0.0,0.0,0.0,0.0,,,2243255000,0.142857,4162159132.415584
chess::Position::isCapturingMove,0.075995,0.075995,0.0,0.0,0.0,0.0,7.5,0.0,0.0,0.0,0.0,0.0,0.0,0.0,0.0,0.0,0.0,0.0,0.0,,,1138100000,0.284211,4256334892.421052
"std::array<chess::Bitboard,64>::operator[]",0.073995,0.073995,0.0,0.0,40.5,40.5,0.0,2.9,23.4,1.5,20.0,0.0,3.3,3.3,0.0,0.0,0.0,0.0,0.0,,,646920000,0.550926,4816603199.081081
chess::Move::operator==,0.072995,0.072995,0.0,0.0,3.7,3.7,0.0,3.5,0.0,0.0,0.0,0.0,2.1,5.3,0.0,0.0,0.0,0.0,0.0,,,1165055000,0.293059,4677433473.863014
chess::Value::operator int,0.072995,0.072995,0.0,0.0,18.8,18.8,23.1,6.6,9.9,0.0,37.8,0.0,2.2,0.0,0.0,0.0,0.0,0.0,0.0,,,530115000,0.621469,4513313001.095890
engine::PawnTT::prefetch,0.071995,0.071995,0.0,0.0,33.3,33.3,0.0,0.0,25.3,4.6,33.1,3.9,3.9,1.5,0.0,0.0,0.0,0.0,0.0,,,47920000,10.687500,7113596741.500000
chess::Value::isCheckMate,0.068995,0.068995,0.0,0.0,34.5,34.5,9.1,4.6,7.6,0.0,0.0,0.0,3.6,1.8,0.0,0.0,0.0,0.0,0.0,,,733775000,0.493878,5252449767.942029
chess::Value::operator int,0.068995,0.068995,0.0,0.0,34.9,34.9,22.8,0.0,27.1,0.0,29.0,0.0,2.5,2.5,0.0,0.0,0.0,0.0,0.0,,,434275000,0.862069,5426084471.014493
chess::typeOf,0.067995,0.067995,0.0,0.0,0.0,0.0,5.8,2.9,0.0,0.0,0.0,0.0,0.0,0.0,0.0,0.0,0.0,0.0,0.0,,,952410000,0.399371,5593973908.176471
chess::operator&,0.066996,0.066996,0.0,0.0,0.0,0.0,15.3,0.0,0.0,0.0,0.0,0.0,0.0,20.0,0.0,0.0,0.0,0.0,0.0,,,673875000,0.488889,4917490284.776119
std::countr_zero,0.066996,0.066996,0.0,0.0,0.0,0.0,1.9,0.0,1.9,0.0,0.0,0.0,0.0,0.0,0.0,0.0,0.0,0.0,0.0,,,715805000,0.380753,4068105599.223880
chess::operator&,0.065996,0.065996,0.0,0.0,7.1,7.1,9.3,0.0,4.6,0.0,10.0,0.0,5.2,3.1,0.0,0.0,0.0,0.0,0.0,,,563060000,0.617021,5264288497.696970
chess::operator&,0.065996,0.065996,0.0,0.0,55.6,55.6,0.0,0.0,24.1,0.0,0.0,0.0,0.0,0.0,0.0,0.0,0.0,0.0,0.0,,,625955000,0.545455,5173524902.909091
chess::operator~,0.065996,0.065996,0.0,0.0,0.0,0.0,7.7,0.0,0.0,0.0,0.0,0.0,0.0,0.0,0.0,0.0,0.0,0.0,0.0,,,757735000,0.533597,6126542648.181818
"std::_Atomic_reinterpret_as<__int64,unsigned __int64>",0.065996,0.065996,0.0,0.0,100.0,100.0,18.3,0.0,40.7,2.0,39.9,9.1,0.0,14.1,0.0,0.0,0.0,0.0,0.0,,,176705000,1.576271,4220507157.636364
"std::_Atomic_storage<unsigned __int64,8>::load",0.065996,0.065996,0.0,0.0,11.4,11.4,0.0,6.0,28.6,0.0,7.2,0.0,2.9,0.0,0.0,0.0,0.0,0.0,0.0,,,134775000,2.777778,5672724674.242425
chess::operator&,0.064996,0.064996,0.0,0.0,2.2,2.2,6.4,0.0,0.0,0.0,0.0,0.0,0.0,0.0,0.0,0.0,0.0,0.0,0.0,,,1215970000,0.273399,5114877657.046154
std::atomic<bool>::operator bool,0.062996,0.062996,0.0,0.0,20.0,20.0,12.3,0.0,24.6,7.4,59.4,3.3,0.0,4.7,0.0,0.0,0.0,0.0,0.0,,,239600000,1.225000,4659197865.777778
"std::array<int,64>::operator[]",0.061996,0.061996,0.0,0.0,0.0,0.0,4.3,0.0,0.0,0.0,0.0,0.0,20.0,0.0,0.0,0.0,0.0,0.0,0.0,,,1392675000,0.339785,7632925535.870968
"std::array<std::array<chess::Move,64>,64>::operator[]",0.061996,0.061996,0.0,0.0,0.0,0.0,15.0,0.0,0.0,2.5,0.0,0.0,0.0,0.0,0.0,0.0,0.0,0.0,0.0,,,1000330000,0.221557,3574914491.483871
chess::Bitboard::popLSB,0.060996,0.060996,0.0,0.0,3.3,3.3,2.6,0.0,0.0,0.0,0.0,0.0,4.0,0.0,0.0,0.0,0.0,0.0,0.0,,,958400000,0.415625,6530515041.377049
chess::Position::getPieceBb,0.060996,0.060996,0.0,0.0,5.9,5.9,3.4,0.0,1.7,0.0,0.0,0.0,0.0,0.0,0.0,0.0,0.0,0.0,0.0,,,613975000,0.541463,5450279470.622951
chess::operator<<,0.059996,0.059996,0.0,0.0,3.3,3.3,19.1,0.0,0.0,0.0,0.0,0.0,10.0,0.0,0.0,0.0,0.0,0.0,0.0,,,763725000,0.427451,5441277507.533333
[Loop at line 1011 in engine::Evaluator::coordinationEval],0.058996,0.058996,0.0,0.0,10.7,10.7,20.9,0.0,0.0,0.0,4.6,4.6,0.9,0.0,0.0,0.0,0.0,0.0,0.0,,,419300000,0.728571,5178140000.949153
"std::_Atomic_address_as<char,struct std::_Atomic_padded<bool> >",0.057996,0.057996,0.0,0.0,41.9,41.9,48.5,16.2,16.2,0.0,12.0,0.0,0.0,0.0,0.0,0.0,0.0,0.0,0.0,,,437270000,0.458904,3459970828.896552
chess::Position::clearEnPassant,0.056996,0.056996,0.0,0.0,7.4,7.4,6.0,2.0,0.0,0.0,0.0,0.0,0.0,0.0,0.0,0.0,0.0,0.0,0.0,,,575040000,0.489583,4939450368.982456
chess::Value::operator int,0.056996,0.056996,0.0,0.0,4.2,4.2,18.4,5.7,4.2,0.0,25.0,0.0,0.0,0.0,0.0,0.0,0.0,0.0,0.0,,,784690000,0.480916,6620965388.210527
std::countr_zero,0.056996,0.056996,0.0,0.0,0.0,0.0,0.0,0.0,0.0,0.0,0.0,0.0,0.0,0.0,0.0,0.0,0.0,0.0,0.0,,,850580000,0.330986,4939450368.982456
chess::operator|,0.055996,0.055996,0.0,0.0,0.0,0.0,1.7,1.7,0.0,0.0,0.0,0.0,0.0,0.0,0.0,0.0,0.0,0.0,0.0,,,1251910000,0.248804,5562511737.714286
chess::Attacks::detail::Magic::index,0.054996,0.054996,0.0,0.0,8.3,8.3,4.8,0.0,2.4,0.0,7.0,0.0,0.0,0.0,0.0,0.0,0.0,0.0,0.0,,,518135000,0.531792,5010150432.290909
chess::operator&,0.054996,0.054996,0.0,0.0,0.0,0.0,7.3,0.0,3.6,0.0,0.0,0.0,0.0,0.0,0.0,0.0,0.0,0.0,0.0,,,739765000,0.408907,5500273844.145454
chess::operator&,0.054996,0.054996,0.0,0.0,0.0,0.0,5.7,1.9,0.0,0.0,0.0,0.0,0.0,0.0,0.0,0.0,0.0,0.0,0.0,,,1290845000,0.211137,4955692275.418181
std::ranges::_Sort_fn::operator(),0.054996,0.054996,0.0,0.0,12.5,12.5,0.0,2.2,0.0,2.2,0.0,0.0,10.0,0.0,0.0,0.0,0.0,0.0,0.0,,,320465000,0.766355,4465568863.563637
chess::Bitboard::operator|=,0.053996,0.053996,0.0,0.0,5.6,5.6,7.2,0.0,0.0,0.0,1.5,0.0,4.6,0.0,0.0,0.0,5.3,0.0,100.0,,,593010000,0.535354,5879463973.481482
chess::operator-,0.053996,0.053996,0.0,0.0,12.5,12.5,0.0,0.0,0.0,0.0,0.0,0.0,0.0,0.0,0.0,0.0,0.0,0.0,0.0,,,619965000,0.299517,3438931758.074074
chess::operator|,0.053996,0.053996,0.0,0.0,3.3,3.3,28.4,0.0,0.0,0.0,0.0,0.0,,,,0.0,0.0,0.0,0.0,,,524125000,0.537143,5213864278.370370
"std::_Atomic_address_as<__int64,std::_Atomic_padded<unsigned __int64> >",0.053996,0.053996,0.0,0.0,96.2,96.2,4.7,8.3,24.9,0.0,34.4,25.0,0.0,25.0,0.0,0.0,0.0,0.0,0.0,,,116805000,3.717949,8042662982.592592
[Loop at line 391 in engine::Evaluator::pawnEval],0.052996,0.052996,0.0,0.0,0.0,0.0,28.5,4.1,0.0,0.0,7.3,0.0,0.0,0.0,0.0,0.0,0.0,0.0,0.0,,,661895000,0.420814,5255725894.415094
func@0x1406b1283,0.052996,0.052996,0.0,0.0,26.9,26.9,18.5,7.7,10.8,0.0,33.4,28.6,11.4,13.4,0.0,0.0,0.0,0.0,0.0,SSE(128),,17970000,21.500000,7290200434.188680
"std::unique_ptr<engine::TT::TTCluster [0],std::default_delete<engine::TT::TTCluster [0]> >::operator[]",0.052996,0.052996,0.0,0.0,45.5,45.5,4.1,0.0,38.7,0.0,80.1,0.0,2.4,11.8,0.0,0.0,0.0,0.0,0.0,,,236605000,1.253165,5594804984.377358
[Loop@0x140255db0 in func@0x140255da0],0.050997,0.050997,0.0,0.0,6.2,6.2,3.1,12.6,3.1,0.0,37.6,0.0,0.0,2.5,0.0,0.0,0.0,0.0,0.0,,,11980000,15.250000,3582492476.627451
engine::Search::evaluate,0.050997,0.050997,0.0,0.0,38.5,38.5,6.0,0.0,6.0,0.0,53.4,0.0,0.0,0.0,0.0,0.0,0.0,0.0,0.0,,,596005000,0.251256,2936469243.137255
chess::Bitboard::popLSB,0.049997,0.049997,0.0,0.0,2.8,2.8,3.9,0.0,2.0,0.0,0.0,0.0,0.0,0.0,0.0,0.0,0.0,0.0,0.0,,,730780000,0.364754,5331453557.840000
chess::MoveGenerator::getEvasionTargets,0.049997,0.049997,0.0,0.0,22.7,22.7,12.2,4.1,14.3,2.0,32.4,23.8,1.0,0.0,0.0,0.0,0.0,0.0,0.0,,,599000000,0.515000,6170109173.680000
chess::Position::getPieceBb,0.049997,0.049997,0.0,0.0,20.0,20.0,2.4,2.4,0.0,0.0,12.4,33.4,10.5,6.2,0.6,0.0,0.0,0.0,0.0,,,392345000,0.603053,4732413832.240000
chess::operator&,0.049997,0.049997,0.0,0.0,7.4,7.4,9.8,0.0,3.9,0.0,0.0,0.0,0.0,0.0,0.0,0.0,0.0,0.0,0.0,,,1042260000,0.258621,5391357530.400001
chess::operator~,0.049997,0.049997,0.0,0.0,0.0,0.0,2.9,0.0,0.0,0.0,0.0,0.0,0.0,0.0,0.0,0.0,0.0,0.0,0.0,,,739765000,0.497976,7368188624.880000
engine::Search::valueToTt,0.049997,0.049997,0.0,0.0,50.0,50.0,0.0,7.3,9.2,0.0,0.0,0.0,0.0,0.0,0.0,0.0,0.0,0.0,0.0,,,521130000,0.551724,5750781365.760000
func@0x1406b239f,0.049997,0.049997,0.0,0.0,55.0,55.0,48.3,0.0,48.3,0.0,60.7,33.4,1.8,22.5,0.0,0.0,0.0,0.0,0.0,,,38935000,5.461538,4253182051.760000
chess::Bitboard::operator bool,0.048997,0.048997,0.0,0.0,7.1,7.1,11.9,1.7,0.0,0.0,0.0,0.0,0.0,0.0,0.0,0.0,0.0,0.0,0.0,,,1066220000,0.300562,6540535779.510204
chess::Position::checkInsufficientMaterial,0.048997,0.048997,0.0,0.0,10.0,10.0,29.0,0.0,12.1,0.0,4.0,0.0,2.0,0.0,0.0,0.0,0.0,0.0,0.0,,,622960000,0.379808,4828993706.367347
func@0x140cbc720,0.048997,0.048997,0.0,0.0,100.0,100.0,41.7,61.6,0.0,0.0,0.0,0.0,0.0,0.0,0.0,0.0,0.0,0.0,0.0,SSE(128),,17970000,14.000000,5134626219.428571
chess::operator&,0.047997,0.047997,0.0,0.0,3.6,3.6,9.2,0.0,0.0,0.0,0.0,0.0,0.0,0.0,0.0,0.0,0.0,0.0,0.0,,,581030000,0.592784,7175996712.916667
chess::operator&,0.047997,0.047997,0.0,0.0,0.0,0.0,5.4,0.0,0.0,0.0,0.0,0.0,12.0,4.0,0.0,0.0,0.0,0.0,0.0,,,637935000,0.605634,8049596312.750000
chess::operator|,0.047997,0.047997,0.0,0.0,3.8,3.8,11.3,0.0,0.0,0.0,0.0,0.0,0.0,0.0,0.0,0.0,0.0,0.0,0.0,,,566055000,0.370370,4367997999.166666
chess::Bitboard::operator|=,0.046997,0.046997,0.0,0.0,18.5,18.5,44.1,0.0,9.6,0.0,8.0,0.0,0.0,2.0,0.0,0.0,0.0,0.0,0.0,,,536105000,0.541899,6181580147.148936
chess::Bitboard::operator|=,0.046997,0.046997,0.0,0.0,12.5,12.5,20.2,0.0,13.5,0.0,0.0,0.0,0.0,0.0,0.0,0.0,0.0,0.0,0.0,,,709815000,0.421941,6372763038.297873
chess::operator&,0.046997,0.046997,0.0,0.0,0.0,0.0,0.0,0.0,0.0,0.0,0.0,0.0,0.0,0.0,0.0,0.0,0.0,0.0,0.0,,,757735000,0.268775,4333478866.042554
chess::operator&,0.046997,0.046997,0.0,0.0,0.0,0.0,32.7,0.0,0.0,0.0,0.0,0.0,0.0,0.0,0.0,0.0,0.0,0.0,0.0,,,536105000,0.575419,6563945929.446809
chess::Bitboard::operator bool,0.045997,0.045997,0.0,0.0,0.0,0.0,17.6,0.0,0.0,0.0,0.0,0.0,0.0,0.0,0.0,0.0,0.0,0.0,0.0,,,395340000,0.462121,3971893832.782609
chess::operator&,0.045997,0.045997,0.0,0.0,42.3,42.3,30.4,0.0,25.3,0.0,0.0,0.0,0.0,0.0,0.0,0.0,0.0,0.0,0.0,,,599000000,0.340000,4427684928.347826
[Loop at line 1008 in engine::Evaluator::coordinationEval],0.044997,0.044997,0.0,0.0,0.0,0.0,38.2,0.0,0.0,0.0,0.0,0.0,0.0,6.7,0.0,0.0,0.0,0.0,0.0,,,389350000,0.561538,4858877774.311111
chess::Position::getPieceBb,0.044997,0.044997,0.0,0.0,0.0,0.0,21.3,0.0,0.0,0.0,0.0,0.0,0.0,0.0,0.0,0.0,0.0,0.0,0.0,,,509150000,0.305882,3461118414.577777
chess::Bitboard::operator bool,0.043997,0.043997,0.0,0.0,7.1,7.1,0.0,2.6,2.6,0.0,0.0,0.0,28.0,0.0,0.0,0.0,0.0,0.0,0.0,,,512145000,0.409357,4765088726.363636
chess::Move::to,0.043997,0.043997,0.0,0.0,0.0,0.0,0.0,1.9,0.0,0.0,,0.0,0.0,0.0,0.0,0.0,0.0,0.0,0.0,,,640930000,0.439252,6398833432.545454
chess::StaticMoveList<256>::push_back,0.043997,0.043997,0.0,0.0,6.7,6.7,8.7,0.0,7.0,0.0,1.4,0.0,4.3,0.0,0.0,0.0,0.0,0.0,0.0,,,317470000,1.037736,7487996570.000000
chess::operator&,0.043997,0.043997,0.0,0.0,5.3,5.3,0.0,0.0,0.0,0.0,0.0,0.0,0.0,0.0,0.0,0.0,0.0,0.0,0.0,,,422295000,0.304965,2927125931.909091
chess::operator&,0.043997,0.043997,0.0,0.0,11.4,11.4,6.5,6.5,15.2,2.2,,0.0,0.0,0.0,0.0,0.0,0.0,0.0,0.0,,,700830000,0.337607,5377742991.181818
engine::Evaluator::prefetch,0.043997,0.043997,0.0,0.0,62.5,62.5,43.9,35.1,26.4,0.0,43.5,38.8,1.2,0.6,0.0,0.0,0.0,0.0,0.0,,,8985000,22.666667,4628943334.181818
std::popcount,0.043997,0.043997,0.0,0.0,0.0,0.0,26.7,0.0,0.0,0.0,0.0,0.0,0.0,0.0,0.0,0.0,0.0,0.0,0.0,,,446255000,0.342282,3471707500.636364
chess::Bitboard::operator|=,0.042997,0.042997,0.0,0.0,2.9,2.9,0.0,2.1,0.0,0.0,0.0,0.0,0.0,0.0,0.0,0.0,0.0,0.0,0.0,,,1030280000,0.247093,5920741473.953488
chess::colorOf,0.042997,0.042997,0.0,0.0,0.0,0.0,8.3,4.2,4.2,0.0,1.0,0.0,0.0,0.0,0.0,0.0,0.0,0.0,0.0,,,281530000,0.500000,3273821756.186046
chess::typeOf,0.042997,0.042997,0.0,0.0,0.0,0.0,4.4,0.0,0.0,0.0,,0.0,20.0,0.0,0.0,0.0,0.0,0.0,0.0,,,700830000,0.329060,5363495217.581395
chess::Bitboard::popLSB,0.041997,0.041997,0.0,0.0,36.8,36.8,0.0,0.0,32.1,0.0,,0.0,,,,0.0,0.0,0.0,0.0,,,287520000,0.541667,3708341158.476191
chess::Bitboard::{ctor},0.041997,0.041997,0.0,0.0,0.0,0.0,6.3,0.0,0.0,0.0,0.0,0.0,0.0,0.0,0.0,0.0,0.0,0.0,0.0,,,790680000,0.215909,4064912423.714286
chess::operator&,0.041997,0.041997,0.0,0.0,0.0,0.0,44.1,0.0,0.0,0.0,0.0,0.0,0.0,0.0,0.0,0.0,0.0,0.0,0.0,,,227620000,0.710526,3850969664.571429
"std::_Atomic_storage<unsigned __int64,8>::load",0.041997,0.041997,0.0,0.0,21.4,21.4,0.0,62.6,34.8,0.0,60.1,0.0,0.0,70.4,0.0,0.0,0.0,0.0,0.0,,,251580000,0.630952,3779655411.523809
chess::operator&,0.040997,0.040997,0.0,0.0,0.0,0.0,8.5,0.0,0.0,0.0,0.0,0.0,0.0,0.0,0.0,0.0,0.0,0.0,0.0,,,664890000,0.378378,6136504506.146341
chess::operator&,0.040997,0.040997,0.0,0.0,70.0,70.0,12.1,2.4,0.0,0.0,0.0,0.0,0.0,0.0,0.0,0.0,0.0,0.0,0.0,,,275540000,0.847826,5698182755.707316
chess::operator<,0.040997,0.040997,0.0,0.0,0.0,0.0,9.8,0.0,0.0,0.0,0.0,0.0,0.0,0.0,0.0,0.0,0.0,0.0,0.0,,,416305000,0.273381,2776037752.780488
engine::Search::thread,0.040997,0.040997,0.0,0.0,6.2,6.2,13.1,0.0,6.5,0.0,0.0,0.0,0.0,0.0,0.0,0.0,9.1,0.0,100.0,,,335440000,0.482143,3944895753.951220
std::atomic<unsigned __int64>::{ctor},0.040997,0.040997,0.0,0.0,65.4,65.4,2.0,20.1,8.0,26.1,34.7,0.0,1.0,27.1,4.2,0.0,0.0,0.0,0.0,,,17970000,16.333333,7159255257.170732
chess::Position::getLastMove,0.039997,0.039997,0.0,0.0,0.0,0.0,5.8,0.0,2.9,0.0,12.5,0.0,5.0,2.5,0.0,0.0,0.0,0.0,0.0,,,601995000,0.328358,4942077736.200000
chess::operator&,0.039997,0.039997,0.0,0.0,4.0,4.0,15.4,0.0,0.0,0.0,,0.0,20.0,0.0,0.0,0.0,0.0,0.0,0.0,,,859565000,0.306620,6589436981.600000
"std::array<chess::Bitboard,64>::operator[]",0.038997,0.038997,0.0,0.0,15.6,15.6,14.8,6.3,14.8,2.1,0.0,0.0,0.0,,0.0,0.0,0.0,0.0,0.0,,,413310000,0.572464,6067197220.820513
std::min,0.038997,0.038997,0.0,0.0,0.0,0.0,14.3,0.0,0.0,0.0,0.0,0.0,2.9,0.0,0.0,0.0,0.0,0.0,0.0,,,649915000,0.354839,5913597291.179487
[Loop at line 404 in engine::Evaluator::pawnEval],0.037997,0.037997,0.0,0.0,5.9,5.9,0.0,0.0,9.0,0.0,0.0,0.0,0.0,17.6,5.6,0.0,0.0,0.0,0.0,,,272545000,0.450549,3231661677.578948
chess::Bitboard::operator|=,0.037997,0.037997,0.0,0.0,3.4,3.4,0.0,0.0,2.2,0.0,0.0,0.0,0.0,5.0,0.0,0.0,0.0,0.0,0.0,,,721795000,0.336100,6384502338.631579
chess::operator&,0.037997,0.037997,0.0,0.0,4.2,4.2,0.0,0.0,0.0,0.0,2.5,12.5,0.0,0.0,0.0,0.0,0.0,0.0,0.0,,,599000000,0.310000,4886903024.631578
func@0x1406ac320,0.037997,0.037997,0.0,0.0,25.0,25.0,22.6,0.0,22.6,0.0,16.7,16.7,10.0,3.3,13.4,0.0,0.0,0.0,0.0,,,23960000,8.125000,5123366074.210526
chess::Value::operator int,0.035998,0.035998,0.0,0.0,25.0,25.0,8.5,5.7,14.1,0.0,14.3,0.0,5.7,5.7,1.4,0.0,0.0,0.0,0.0,,,542095000,0.403315,6073597217.888888
chess::operator*,0.035998,0.035998,0.0,0.0,0.0,0.0,0.0,0.0,0.0,0.0,0.0,0.0,3.3,0.0,0.0,0.0,0.0,0.0,0.0,,,191680000,1.031250,5491197484.666666
engine::PVTable::clear,0.035998,0.035998,0.0,0.0,76.2,76.2,60.0,0.0,13.0,0.0,0.0,0.0,0.0,0.0,0.0,0.0,0.0,0.0,0.0,,,179700000,1.100000,5491197484.666666
std::popcount,0.035998,0.035998,0.0,0.0,20.0,20.0,0.0,0.0,0.0,0.0,0.0,0.0,0.0,0.0,0.0,0.0,0.0,0.0,0.0,,,940430000,0.270701,7071996760.555555
chess::Bitboard::operator|=,0.034998,0.034998,0.0,0.0,37.5,37.5,15.7,0.0,0.0,0.0,,0.0,20.0,0.0,0.0,0.0,0.0,0.0,0.0,,,323460000,0.601852,5562511737.714286
chess::Position::getNextPlayer,0.034998,0.034998,0.0,0.0,72.2,72.2,0.0,4.7,0.0,0.0,13.4,0.0,0.0,0.0,0.0,0.0,0.0,0.0,0.0,,,80865000,2.851852,6589436981.600000
chess::operator+=,0.034998,0.034998,0.0,0.0,0.0,0.0,3.8,0.0,0.0,0.0,0.0,0.0,2.9,0.0,0.0,0.0,0.0,0.0,0.0,,,473210000,0.594937,8044247743.771428
chess::operator|,0.034998,0.034998,0.0,0.0,0.0,0.0,26.7,0.0,0.0,0.0,0.0,0.0,0.0,0.0,0.0,0.0,0.0,0.0,0.0,,,320465000,0.495327,4535586493.828571
chess::operator~,0.034998,0.034998,0.0,0.0,0.0,0.0,17.6,0.0,0.0,0.0,0.0,0.0,3.3,0.0,0.0,0.0,0.0,0.0,0.0,,,359400000,0.208333,2139427591.428571
engine::PawnTT::put,0.034998,0.034998,0.0,0.0,27.8,27.8,0.0,25.7,44.9,0.0,16.0,0.0,0.0,0.0,0.0,0.0,0.0,0.0,0.0,AVX(128),,59900000,1.550000,2652890213.371428
chess::Bitboard::popLSB,0.033998,0.033998,0.0,0.0,4.3,4.3,5.4,0.0,2.7,0.0,0.0,0.0,0.0,0.0,0.0,0.0,0.0,0.0,0.0,,,766720000,0.246094,5549926869.529412
chess::Move::operator==,0.033998,0.033998,0.0,0.0,0.0,0.0,7.9,0.0,15.9,7.9,8.0,0.0,0.0,0.0,0.0,0.0,0.0,0.0,0.0,,,359400000,0.216667,2290446009.647058
chess::operator+=,0.033998,0.033998,0.0,0.0,33.3,33.3,9.0,0.0,27.1,9.0,58.8,17.7,0.4,40.4,1.6,0.0,0.0,0.0,0.0,,,89850000,1.800000,4757080173.882353
chess::operator~,0.033998,0.033998,0.0,0.0,4.5,4.5,17.3,0.0,0.0,0.0,0.0,0.0,10.0,0.0,0.0,0.0,0.0,0.0,0.0,,,326455000,0.550459,5285644637.647058
"std::array<unsigned __int64,64>::operator[]",0.033998,0.033998,0.0,0.0,33.3,33.3,26.4,4.4,4.4,0.0,10.0,0.0,0.0,0.0,0.0,0.0,0.0,0.0,0.0,,,194675000,0.646154,3699951246.352942
chess::Bitboard::popLSB,0.032998,0.032998,0.0,0.0,0.0,0.0,30.4,0.0,0.0,0.0,0.0,0.0,0.0,6.7,0.0,0.0,0.0,0.0,0.0,,,197670000,0.878788,5264288497.696970
chess::Position::getNextPlayer,0.032998,0.032998,0.0,0.0,7.1,7.1,5.7,0.0,10.0,0.0,10.0,0.0,2.0,0.0,0.0,0.0,0.0,0.0,0.0,,,257570000,1.476744,11526976538.060606
chess::Value::operator int,0.032998,0.032998,0.0,0.0,10.0,10.0,0.0,6.0,6.0,0.0,20.0,0.0,0.0,0.0,0.0,0.0,0.0,0.0,0.0,,,386355000,0.240310,2813671438.424242
chess::operator*,0.032998,0.032998,0.0,0.0,0.0,0.0,0.0,0.0,0.0,0.0,0.0,0.0,2.0,0.0,0.0,0.0,0.0,0.0,0.0,,,569050000,0.505263,8713305099.636364
chess::operator|,0.032998,0.032998,0.0,0.0,4.5,4.5,11.5,0.0,0.0,0.0,0.0,0.0,0.0,0.0,0.0,0.0,0.0,0.0,0.0,,,643925000,0.279070,5445815687.272727
[Loop at line 524 in engine::Evaluator::pieceEval],0.031998,0.031998,0.0,0.0,27.3,27.3,5.2,5.2,0.0,0.0,19.2,0.0,5.0,5.0,0.0,0.0,0.0,0.0,0.0,,,281530000,0.425532,3743998285.000000
chess::Bitboard::operator bool,0.031998,0.031998,0.0,0.0,6.7,6.7,0.0,0.0,0.0,0.0,0.0,20.0,0.0,0.0,0.0,0.0,0.0,0.0,0.0,,,371380000,0.314516,3650398327.875000
chess::Move::to,0.031998,0.031998,0.0,0.0,0.0,0.0,0.0,0.0,0.0,0.0,0.0,0.0,33.4,13.4,0.0,0.0,0.0,0.0,0.0,,,353410000,0.423729,4679997856.250000
chess::Position::getPieceBb,0.031998,0.031998,0.0,0.0,0.0,0.0,9.5,0.0,0.0,0.0,0.0,0.0,6.7,0.0,0.0,0.0,0.0,0.0,0.0,,,254575000,0.858824,6832796870.125000
chess::operator&,0.031998,0.031998,0.0,0.0,0.0,0.0,20.4,0.0,0.0,0.0,0.0,0.0,0.0,0.0,0.0,0.0,0.0,0.0,0.0,,,479200000,0.318750,4773597813.375000
chess::operator+,0.031998,0.031998,0.0,0.0,16.7,16.7,7.5,1.9,1.9,0.0,0.0,0.0,0.0,0.0,0.0,0.0,3.3,0.0,100.0,,,350415000,0.769231,8423996141.250000
chess::operator|,0.031998,0.031998,0.0,0.0,4.2,4.2,0.0,0.0,2.5,0.0,0.0,0.0,20.0,0.0,0.0,0.0,0.0,0.0,0.0,,,401330000,0.522388,6551996998.750000
std::ranges::_Partition_by_median_guess_common,0.031998,0.031998,0.0,0.0,0.0,0.0,11.3,0.0,0.0,0.0,0.0,0.0,0.0,0.0,0.0,0.0,0.0,0.0,0.0,,,143760000,1.354167,6083997213.125000
chess::CastlingRights::operator-=,0.030998,0.030998,0.0,0.0,0.0,0.0,0.0,0.0,0.0,0.0,,0.0,0.0,0.0,0.0,0.0,0.0,0.0,0.0,,,287520000,0.489583,4541107597.290322
chess::Move::stripped,0.030998,0.030998,0.0,0.0,10.0,10.0,0.0,0.0,0.0,0.0,0.0,0.0,0.0,0.0,0.0,0.0,0.0,0.0,0.0,,,296505000,0.484848,4637726907.870968
chess::typeOf,0.030998,0.030998,0.0,0.0,0.0,0.0,9.3,0.0,0.0,0.0,,0.0,0.0,0.0,0.0,0.0,0.0,0.0,0.0,,,401330000,0.276119,3574914491.483871
"std::array<chess::Value,25>::operator[]",0.030998,0.030998,0.0,0.0,4.5,4.5,4.2,4.2,0.0,0.0,0.0,0.0,28.6,0.0,0.0,0.0,0.0,0.0,0.0,,,395340000,0.333333,4251249665.548388
std::popcount,0.030998,0.030998,0.0,0.0,25.0,25.0,11.9,0.0,19.9,0.0,0.0,0.0,0.0,0.0,0.0,0.0,0.0,0.0,0.0,,,449250000,0.586667,8502499331.096775
[Loop at line 80 in engine::See::see],0.029998,0.029998,0.0,0.0,0.0,0.0,8.1,0.0,0.0,0.0,0.0,0.0,0.0,0.0,0.0,0.0,0.0,0.0,0.0,,,557070000,0.236559,4392957987.733333
chess::Bitboard::operator^=,0.029998,0.029998,0.0,0.0,16.7,16.7,0.0,0.0,6.4,0.0,2.0,0.0,0.0,0.0,0.0,0.0,0.0,0.0,0.0,,,221630000,0.581081,4293118033.466667
chess::Move::operator==,0.029998,0.029998,0.0,0.0,7.1,7.1,0.0,6.2,0.0,0.0,5.0,0.0,5.8,1.7,0.0,0.0,0.0,0.0,0.0,,,212645000,0.492958,3494398399.333333
chess::Position::getPiece,0.029998,0.029998,0.0,0.0,12.5,12.5,7.4,0.0,0.0,0.0,0.0,0.0,0.0,0.0,0.0,0.0,0.0,0.0,0.0,,,344425000,0.400000,4592637896.266667
chess::Position::getPieceBb,0.029998,0.029998,0.0,0.0,0.0,0.0,0.0,0.0,0.0,0.0,0.0,0.0,0.0,0.0,0.0,0.0,0.0,0.0,0.0,,,437270000,0.308219,4492797942.000000
chess::Square::file,0.029998,0.029998,0.0,0.0,0.0,0.0,12.8,0.0,0.0,0.0,0.0,0.0,0.0,0.0,0.0,0.0,0.0,0.0,0.0,,,314475000,0.266667,2795518719.466667
chess::StaticMoveList<128>::push_back,0.029998,0.029998,0.0,0.0,100.0,100.0,12.8,25.7,34.2,4.3,95.2,75.1,15.0,5.0,0.0,0.0,0.0,0.0,0.0,,,2995000,43.000000,4293118033.466667
chess::operator-,0.029998,0.029998,0.0,0.0,58.3,58.3,43.1,0.0,43.1,0.0,20.0,0.0,0.0,0.0,0.0,0.0,0.0,0.0,0.0,,,59900000,1.650000,3294718490.800000
chess::operator~,0.029998,0.029998,0.0,0.0,4.3,4.3,16.2,0.0,10.8,0.0,0.0,0.0,0.0,0.0,0.0,0.0,0.0,0.0,0.0,,,494175000,0.387879,6389757073.066667
engine::Search::search::__l2::<lambda_1>::operator(),0.029998,0.029998,0.0,0.0,11.1,11.1,0.0,3.4,3.4,0.0,8.6,0.0,0.0,0.0,0.0,0.0,0.0,0.0,0.0,,,434275000,0.386207,5591037438.933333
std::popcount,0.029998,0.029998,0.0,0.0,0.0,0.0,17.6,0.0,0.0,0.0,0.0,0.0,0.0,0.0,0.0,0.0,0.0,0.0,0.0,,,464225000,0.251613,3893758216.400000
chess::Bitboard::operator|=,0.028998,0.028998,0.0,0.0,0.0,0.0,6.5,0.0,0.0,0.0,0.0,0.0,0.0,0.0,0.0,0.0,0.0,0.0,0.0,,,500165000,0.335329,5783831833.379311
chess::Direction::operator int,0.028998,0.028998,0.0,0.0,0.0,0.0,0.0,5.4,0.0,0.0,0.0,0.0,0.0,0.0,0.0,0.0,0.0,0.0,0.0,,,479200000,0.387500,6403528101.241379
chess::Position::getKingSquare,0.028998,0.028998,0.0,0.0,0.0,0.0,32.6,0.0,0.0,0.0,0.0,0.0,6.7,0.0,0.0,0.0,0.0,0.0,0.0,,,371380000,0.354839,4544439297.655172
chess::Value::isCheckMate,0.028998,0.028998,0.0,0.0,30.0,30.0,0.0,0.0,87.4,0.0,42.1,20.0,1.1,29.0,0.0,0.0,0.0,0.0,0.0,,,128785000,0.720930,3201764050.620689
chess::typeOf,0.028998,0.028998,0.0,0.0,0.0,0.0,0.0,0.0,2.5,0.0,0.0,0.0,0.0,0.0,0.0,0.0,0.0,0.0,0.0,,,365390000,0.557377,7023224369.103448
std::countr_zero,0.028998,0.028998,0.0,0.0,0.0,0.0,4.5,0.0,0.0,0.0,0.0,0.0,0.0,0.0,0.0,0.0,0.0,0.0,0.0,,,161730000,1.444444,8056051482.206897
chess::Direction::pawnPush,0.027998,0.027998,0.0,0.0,0.0,0.0,0.0,4.9,4.9,0.0,0.0,0.0,0.0,0.0,0.0,0.0,0.0,0.0,0.0,,,317470000,0.358491,4064912423.714286
chess::StaticMoveList<128>::pop_back,0.027998,0.027998,0.0,0.0,50.0,50.0,50.1,0.0,12.5,8.3,26.5,25.0,0.0,0.0,0.0,0.0,0.0,0.0,0.0,,,176705000,0.813559,5134626219.428571
chess::operator|,0.027998,0.027998,0.0,0.0,0.0,0.0,14.1,0.0,2.8,0.0,0.0,0.0,0.0,0.0,0.0,0.0,0.0,0.0,0.0,,,299500000,0.610000,6525254153.857142
engine::PawnTT::getHash,0.027998,0.027998,0.0,0.0,53.8,53.8,24.3,10.4,13.9,7.0,100.0,0.0,0.0,90.2,0.0,0.0,0.0,0.0,0.0,,,23960000,6.250000,5348568978.571429
chess::Attacks::detail::Magic::index,0.026998,0.026998,0.0,0.0,0.0,0.0,100.0,0.0,0.0,0.0,0.0,0.0,2.0,0.7,0.0,0.0,0.0,0.0,0.0,,,191680000,0.500000,3549865040.592592
chess::Move::from,0.026998,0.026998,0.0,0.0,63.2,63.2,76.4,0.0,22.6,0.0,22.8,100.0,0.0,0.0,0.0,0.0,0.0,0.0,0.0,,,164725000,1.090909,6655996951.111112
chess::Position::getGamePhaseFactor,0.026998,0.026998,0.0,0.0,12.5,12.5,0.0,0.0,18.0,0.0,14.3,0.0,0.0,2.9,0.0,0.0,0.0,0.0,0.0,,,500165000,0.263473,4881064430.814815
chess::StaticMoveList<256>::push_back,0.026998,0.026998,0.0,0.0,0.0,0.0,20.2,0.0,10.1,0.0,0.0,10.0,5.0,0.0,0.0,0.0,0.0,0.0,0.0,,,236605000,0.544304,4770131148.296296
engine::PVTable::clear,0.026998,0.026998,0.0,0.0,46.7,46.7,100.0,22.0,8.8,0.0,100.0,0.0,0.0,0.0,0.0,0.0,0.0,0.0,0.0,,,86855000,1.379310,4437331300.740741
std::countr_zero,0.026998,0.026998,0.0,0.0,10.0,10.0,0.0,0.0,0.0,0.0,0.0,0.0,10.0,0.0,0.0,0.0,0.0,0.0,0.0,,,257570000,0.500000,4770131148.296296
[Loop at line 1093 in chess::MoveGenerator::generateKingMoves],0.025998,0.025998,0.0,0.0,23.5,23.5,0.0,4.2,0.0,0.0,0.0,0.0,0.0,0.0,0.0,0.0,0.0,0.0,0.0,,,191680000,0.687500,5068797678.153846
chess::Bitboard::operator bool,0.025998,0.025998,0.0,0.0,0.0,0.0,0.0,0.0,0.0,0.0,0.0,0.0,5.0,0.0,0.0,0.0,0.0,0.0,0.0,,,434275000,0.379310,6335997097.692307
chess::operator+,0.025998,0.025998,0.0,0.0,61.5,61.5,0.0,0.0,2.9,0.0,0.0,0.0,10.0,0.0,0.0,0.0,0.0,0.0,0.0,,,362395000,0.528926,7372796622.769231
func@0x1402eb8ad,0.025998,0.025998,0.0,0.0,0.0,0.0,3.8,0.0,3.8,0.0,,40.1,20.0,12.0,0.0,0.0,0.0,0.0,0.0,,,29950000,4.900000,5644797414.307693
std::max,0.025998,0.025998,0.0,0.0,0.0,0.0,27.8,9.3,0.0,0.0,0.0,0.0,0.0,0.0,0.0,0.0,0.0,0.0,0.0,,,329450000,0.181818,2303998944.615385
std::popcount,0.025998,0.025998,0.0,0.0,0.0,0.0,18.0,0.0,0.0,0.0,0.0,0.0,0.0,0.0,0.0,0.0,0.0,0.0,0.0,,,317470000,0.349057,4262398047.538462
chess::StaticMoveList<128>::push_back,0.024998,0.024998,0.0,0.0,76.9,76.9,64.9,0.0,51.0,0.0,0.0,16.7,0.0,0.0,0.0,0.0,0.0,0.0,0.0,,,14975000,8.400000,5031933695.040000
chess::Value::operator int,0.024998,0.024998,0.0,0.0,0.0,0.0,0.0,20.9,7.0,0.0,0.0,0.0,0.0,0.0,0.0,0.0,0.0,0.0,0.0,,,233610000,0.371795,3474430408.480000
std::popcount,0.024998,0.024998,0.0,0.0,0.0,0.0,8.1,0.0,0.0,0.0,0.0,0.0,0.0,0.0,0.0,0.0,0.0,0.0,0.0,,,329450000,0.409091,5391357530.400001
chess::Move::operator==,0.023998,0.023998,0.0,0.0,0.0,0.0,3.6,3.6,0.0,0.0,0.0,0.0,5.6,2.8,0.0,0.0,0.0,0.0,0.0,,,290515000,0.597938,7238396684.333333
chess::MoveGenerator::resetOnDemand,0.023998,0.023998,0.0,0.0,0.0,0.0,30.0,4.3,0.0,0.0,0.0,0.0,0.0,0.0,0.0,0.0,0.0,0.0,0.0,,,374375000,0.384000,5990397256.000000
chess::StaticMoveList<128>::pop_back,0.023998,0.023998,0.0,0.0,100.0,100.0,42.9,4.8,19.1,0.0,3.3,25.0,0.0,0.0,0.0,0.0,0.0,0.0,0.0,,,89850000,1.300000,4867197770.500000
chess::colorOf,0.023998,0.023998,0.0,0.0,31.2,31.2,14.5,3.6,3.6,0.0,4.0,0.0,0.0,0.0,0.0,0.0,0.0,0.0,0.0,,,362395000,0.479339,7238396684.333333
chess::operator*,0.023998,0.023998,0.0,0.0,5.3,5.3,21.8,0.0,7.3,0.0,0.0,0.0,5.0,0.0,0.0,0.0,0.0,0.0,0.0,,,790680000,0.102273,3369598456.500000
"std::array<std::array<unsigned __int64,64>,16>::operator[]",0.023998,0.023998,0.0,0.0,0.0,0.0,18.5,0.0,6.2,0.0,60.1,0.0,0.0,0.0,0.0,0.0,0.0,0.0,0.0,,,158735000,0.547170,3619198342.166667
"std::unique_ptr<engine::TT::TTCluster [0],std::default_delete<engine::TT::TTCluster [0]> >::operator[]",0.023998,0.023998,0.0,0.0,38.9,38.9,0.0,23.8,47.7,0.0,100.0,0.0,4.5,20.0,0.0,0.0,0.0,0.0,0.0,,,23960000,6.375000,6364797084.500000
chess::Position::doNullMove,0.022998,0.022998,0.0,0.0,0.0,0.0,39.3,0.0,9.8,0.0,0.0,0.0,8.0,0.0,0.0,0.0,0.0,0.0,0.0,,,296505000,0.222222,2864972600.695652
engine::Search::valueFromTt,0.022998,0.022998,0.0,0.0,25.0,25.0,38.5,0.0,77.1,0.0,40.1,20.0,0.0,0.0,0.0,0.0,0.0,0.0,0.0,,,143760000,0.645833,4037006846.434783
"std::array<chess::HistoryState,1024>::operator[]",0.022998,0.022998,0.0,0.0,52.9,52.9,0.0,0.0,2.1,0.0,0.0,0.0,0.0,0.0,0.0,0.0,0.0,0.0,0.0,,,167720000,1.482143,10808760266.260870
std::atomic<unsigned __int64>::{ctor},0.022998,0.022998,0.0,0.0,100.0,100.0,18.5,0.0,18.5,0.0,39.9,0.0,3.3,13.4,6.7,0.0,0.0,0.0,0.0,,,26955000,2.666667,3125424655.304348
std::popcount,0.022998,0.022998,0.0,0.0,0.0,0.0,7.3,0.0,0.0,0.0,0.0,0.0,0.0,0.0,0.0,0.0,0.0,0.0,0.0,,,251580000,0.547619,5990397256.000000
chess::Bitboard::operator~,0.021999,0.021999,0.0,0.0,0.0,0.0,0.0,0.0,8.3,0.0,0.0,0.0,0.0,0.0,0.0,0.0,0.0,0.0,0.0,,,161730000,0.388889,2859053235.818182
chess::operator&,0.021999,0.021999,0.0,0.0,0.0,0.0,4.3,0.0,0.0,0.0,0.0,0.0,0.0,0.0,0.0,0.0,0.0,0.0,0.0,,,380365000,0.622047,10755485982.363636
chess::operator&,0.021999,0.021999,0.0,0.0,0.0,0.0,15.5,0.0,0.0,0.0,10.0,0.0,0.0,10.0,0.0,0.0,0.0,0.0,0.0,,,344425000,0.391304,6126542648.181818
chess::operator+=,0.021999,0.021999,0.0,0.0,0.0,0.0,8.1,0.0,0.0,0.0,0.0,100.0,0.0,0.0,0.0,0.0,0.0,0.0,0.0,,,335440000,0.375000,5718106471.636364
chess::operator-,0.021999,0.021999,0.0,0.0,100.0,100.0,100.0,22.3,11.1,0.0,14.8,14.3,1.5,76.3,0.0,0.0,0.0,0.0,0.0,,,68885000,0.956522,2995198628.000000
chess::operator|,0.021999,0.021999,0.0,0.0,0.0,0.0,0.0,0.0,2.9,0.0,2.9,0.0,0.0,0.0,0.0,0.0,0.0,0.0,0.0,,,341430000,0.526316,8168723530.909090
"std::array<chess::Value,32>::operator[]",0.021999,0.021999,0.0,0.0,0.0,0.0,5.1,0.0,0.0,0.0,0.0,0.0,5.0,0.0,0.0,0.0,0.0,0.0,0.0,,,440265000,0.503401,10074759021.454546
chess::Bitboard::operator bool,0.020999,0.020999,0.0,0.0,14.3,14.3,5.7,0.0,5.7,0.0,0.0,0.0,0.0,0.0,0.0,0.0,0.0,0.0,0.0,,,338435000,0.557522,8985595884.000000
chess::Bitboard::operator~,0.020999,0.020999,0.0,0.0,0.0,0.0,0.0,0.0,0.0,0.0,0.0,0.0,0.0,0.0,0.0,0.0,0.0,0.0,0.0,,,260565000,0.218391,2709941615.809524
chess::Move::setValue,0.020999,0.020999,0.0,0.0,0.0,0.0,11.1,0.0,0.0,0.0,0.0,0.0,22.3,0.0,0.0,0.0,0.0,0.0,0.0,,,146755000,0.673469,4706740701.142857
chess::Move::type,0.020999,0.020999,0.0,0.0,11.1,11.1,18.5,0.0,0.0,0.0,0.0,0.0,0.0,0.0,0.0,0.0,0.0,0.0,0.0,,,341430000,0.333333,5419883231.619048
chess::Position::getPieceBb,0.020999,0.020999,0.0,0.0,0.0,0.0,0.0,0.0,0.0,0.0,0.0,0.0,0.0,0.0,0.0,0.0,0.0,0.0,0.0,,,236605000,0.620253,6988796798.666667
chess::Square::rank,0.020999,0.020999,0.0,0.0,0.0,0.0,9.8,0.0,0.0,0.0,0.0,0.0,0.0,0.0,0.0,0.0,0.0,0.0,0.0,,,329450000,0.327273,5134626219.428571
chess::StaticMoveList<256>::push_back,0.020999,0.020999,0.0,0.0,0.0,0.0,0.0,6.2,0.0,0.0,0.0,0.0,0.0,0.0,0.0,0.0,0.0,0.0,0.0,,,191680000,0.437500,3993598170.666667
chess::Value::{ctor},0.020999,0.020999,0.0,0.0,0.0,0.0,23.8,0.0,0.0,0.0,0.0,0.0,0.0,0.0,0.0,0.0,0.0,0.0,0.0,,,434275000,0.200000,4136226676.761905
chess::operator-,0.020999,0.020999,0.0,0.0,0.0,0.0,2.9,2.9,0.0,0.0,0.0,0.0,0.0,0.0,0.0,0.0,0.0,0.0,0.0,,,257570000,0.744186,9128224390.095238
func@0x140256400,0.020999,0.020999,0.0,0.0,50.0,50.0,11.5,28.8,11.5,5.8,20.0,0.0,0.0,0.0,0.0,0.0,0.0,0.0,0.0,SSE(128),,14975000,6.400000,4564112195.047619
"std::array<chess::Value,25>::operator[]",0.020999,0.020999,0.0,0.0,0.0,0.0,6.2,0.0,6.2,0.0,0.0,0.0,0.0,0.0,0.0,0.0,0.0,0.0,0.0,,,242595000,0.407407,4706740701.142857
std::clamp,0.020999,0.020999,0.0,0.0,11.1,11.1,14.5,0.0,0.0,0.0,0.0,0.0,0.0,0.0,0.0,0.0,0.0,0.0,0.0,,,356405000,0.403361,6846168292.571428
chess::operator&,0.019999,0.019999,0.0,0.0,0.0,0.0,0.0,0.0,0.0,0.0,0.0,0.0,0.0,0.0,0.0,0.0,0.0,0.0,0.0,,,293510000,0.397959,5840637324.599999
chess::operator&,0.019999,0.019999,0.0,0.0,11.1,11.1,0.0,0.0,0.0,0.0,0.0,0.0,0.0,0.0,0.0,0.0,0.0,0.0,0.0,,,326455000,0.275229,4492797942.000000
chess::operator~,0.019999,0.019999,0.0,0.0,0.0,0.0,0.0,0.0,7.9,0.0,20.0,0.0,4.0,0.0,0.0,0.0,0.0,0.0,0.0,,,101830000,1.382353,7038716775.800000
chess::typeOf,0.019999,0.019999,0.0,0.0,0.0,0.0,0.0,0.0,0.0,0.0,,0.0,2.2,0.0,0.0,0.0,0.0,0.0,0.0,,,509150000,0.335294,8536316089.800000
chess::valueOf,0.019999,0.019999,0.0,0.0,0.0,0.0,0.0,0.0,0.0,0.0,0.0,0.0,0.0,0.0,0.0,0.0,0.0,0.0,0.0,,,215640000,0.319444,3444478422.200000
engine::Search::thread,0.019999,0.019999,0.0,0.0,80.0,80.0,50.4,0.0,31.5,0.0,31.5,71.5,0.0,0.0,0.0,0.0,0.0,0.0,0.0,,,2995000,60.000000,8985595884.000000
func@0x14002706b,0.019999,0.019999,0.0,0.0,66.7,66.7,0.0,13.1,0.0,58.9,0.0,0.0,0.0,0.0,0.0,0.0,0.0,0.0,0.0,,,23960000,6.375000,7637756501.400000
func@0x140339b80,0.019999,0.019999,0.0,0.0,16.7,16.7,8.8,0.0,8.8,0.0,7.2,14.3,6.6,3.3,1.1,0.0,0.0,0.0,0.0,,,35940000,2.750000,4942077736.200000
"std::_Hash<std::_Umap_traits<unsigned __int64,book::BookEntry,std::_Uhash_compare<unsigned __int64,std::hash<unsigned __int64>,std::equal_to<unsigned __int64> >,std::allocator<std::pair<unsigned __int64 const ,book::BookEntry> >,0> >::_Find_last",0.019999,0.019999,0.0,0.0,100.0,100.0,27.8,0.0,10.4,38.3,0.0,0.0,0.0,0.0,0.0,0.0,0.0,0.0,0.0,,,11980000,12.000000,7188476707.200000
chess::Bitboard::popLSB,0.018999,0.018999,0.0,0.0,0.0,0.0,29.5,0.0,0.0,0.0,0.0,0.0,0.0,0.0,0.0,0.0,0.0,0.0,0.0,,,311480000,0.326923,5359829123.789474
chess::Position::getPieceBb,0.018999,0.018999,0.0,0.0,0.0,0.0,0.0,0.0,0.0,0.0,0.0,0.0,0.0,0.0,0.0,0.0,0.0,0.0,0.0,,,263560000,0.477273,6620965388.210527
chess::StaticMoveList<256>::empty,0.018999,0.018999,0.0,0.0,7.7,7.7,12.2,4.1,0.0,0.0,0.0,0.0,0.0,5.5,0.0,0.0,0.0,0.0,0.0,,,197670000,0.787879,8197385718.736842
chess::operator+,0.018999,0.018999,0.0,0.0,0.0,0.0,0.0,0.0,0.0,0.0,0.0,0.0,20.0,0.0,0.0,0.0,0.0,0.0,0.0,,,194675000,0.369231,3783408793.263158
chess::operator<,0.018999,0.018999,0.0,0.0,0.0,0.0,9.5,0.0,0.0,0.0,0.0,0.0,0.0,0.0,0.0,0.0,0.0,0.0,0.0,,,191680000,0.640625,6463323355.157895
[Loop at line 476 in engine::Evaluator::pawnEval],0.017999,0.017999,0.0,0.0,0.0,0.0,13.9,4.6,0.0,0.0,0.0,0.0,0.0,0.0,0.0,0.0,0.0,0.0,0.0,,,185690000,0.693548,7155196722.444445
chess::Bitboard::operator|=,0.017999,0.017999,0.0,0.0,40.0,40.0,8.3,25.0,0.0,0.0,0.0,0.0,,,,0.0,0.0,0.0,0.0,,,110815000,0.540541,3327998475.555556
chess::Bitboard::operator~,0.017999,0.017999,0.0,0.0,0.0,0.0,0.0,0.0,19.3,0.0,0.0,0.0,0.0,0.0,0.0,0.0,0.0,0.0,0.0,,,230615000,0.337662,4326398018.222222
chess::Direction::{ctor},0.017999,0.017999,0.0,0.0,0.0,0.0,46.4,9.3,0.0,0.0,0.0,0.0,0.0,0.0,0.0,0.0,0.0,0.0,0.0,,,131780000,0.477273,3494398399.333333
chess::Position::getPieceBb,0.017999,0.017999,0.0,0.0,9.1,9.1,0.0,0.0,0.0,0.0,0.0,0.0,0.0,0.0,0.0,0.0,0.0,0.0,0.0,,,296505000,0.353535,5823997332.222222
chess::StaticMoveList<256>::empty,0.017999,0.017999,0.0,0.0,11.1,11.1,36.5,0.0,10.4,0.0,,0.0,0.0,0.0,0.0,0.0,0.0,0.0,0.0,,,239600000,0.437500,5823997332.222222
chess::operator+,0.017999,0.017999,0.0,0.0,0.0,0.0,11.1,0.0,0.0,0.0,0.0,0.0,0.0,0.0,0.0,0.0,0.0,0.0,0.0,,,221630000,0.445946,5491197484.666666
chess::operator+,0.017999,0.017999,0.0,0.0,0.0,0.0,7.1,0.0,0.0,0.0,0.0,0.0,40.1,0.0,0.0,0.0,0.0,0.0,0.0,,,341430000,0.421053,7987196341.333333
chess::operator-,0.017999,0.017999,0.0,0.0,0.0,0.0,0.0,11.9,0.0,0.0,0.0,0.0,0.0,0.0,0.0,0.0,0.0,0.0,0.0,,,116805000,0.435897,2828798704.222222
chess::operator-,0.017999,0.017999,0.0,0.0,0.0,0.0,22.3,0.0,0.0,0.0,0.0,0.0,0.0,0.0,0.0,0.0,0.0,0.0,0.0,,,395340000,0.257576,5657597408.444445
chess::typeOf,0.017999,0.017999,0.0,0.0,0.0,0.0,11.1,0.0,0.0,0.0,0.0,0.0,0.0,0.0,0.0,0.0,0.0,0.0,0.0,,,353410000,0.288136,5657597408.444445
engine::Search::thread,0.017999,0.017999,0.0,0.0,100.0,100.0,65.8,10.1,15.2,0.0,34.4,0.0,0.0,0.0,0.0,0.0,0.0,0.0,0.0,,,110815000,1.054054,6489597027.333333
std::countr_zero,0.017999,0.017999,0.0,0.0,5.6,5.6,0.0,0.0,0.0,0.0,8.0,0.0,0.0,0.0,0.0,0.0,0.0,0.0,0.0,,,206655000,0.347826,3993598170.666667
"std::unique_ptr<engine::PawnTT::Entry [0],std::default_delete<engine::PawnTT::Entry [0]> >::operator[]",0.017999,0.017999,0.0,0.0,27.3,27.3,100.0,0.0,70.3,0.0,53.4,0.0,0.0,0.0,0.0,0.0,0.0,0.0,0.0,,,2995000,22.000000,3660798323.111112
[Loop at line 554 in engine::Evaluator::pieceEval],0.016999,0.016999,0.0,0.0,0.0,0.0,0.0,18.5,0.0,0.0,0.0,0.0,0.0,6.7,0.0,0.0,0.0,0.0,0.0,,,176705000,0.203390,2114257855.058824
chess::Bitboard::{ctor},0.016999,0.016999,0.0,0.0,50.0,50.0,0.0,7.3,0.0,0.0,20.0,100.0,0.0,0.0,0.0,0.0,0.0,0.0,0.0,,,155740000,0.461538,4228515710.117647
chess::operator&,0.016999,0.016999,0.0,0.0,0.0,0.0,0.0,0.0,0.0,0.0,0.0,0.0,0.0,0.0,0.0,0.0,0.0,0.0,0.0,,,389350000,0.392308,8985595884.000000
chess::operator-,0.016999,0.016999,0.0,0.0,0.0,0.0,0.0,0.0,0.0,0.0,0.0,0.0,0.0,0.0,0.0,0.0,0.0,0.0,0.0,,,158735000,0.698113,6518961719.764706
chess::operator|,0.016999,0.016999,0.0,0.0,62.5,62.5,0.0,0.0,0.0,0.0,0.0,0.0,2.2,0.0,0.0,0.0,0.0,0.0,0.0,,,149750000,0.420000,3699951246.352942
"std::_Atomic_storage<unsigned __int64,8>::load",0.016999,0.016999,0.0,0.0,77.8,77.8,0.0,36.3,43.6,0.0,50.1,0.0,0.0,3.3,0.0,0.0,0.0,0.0,0.0,,,35940000,2.416667,5109456483.058824
std::popcount,0.016999,0.016999,0.0,0.0,0.0,0.0,7.6,0.0,0.0,0.0,0.0,0.0,0.0,0.0,0.0,0.0,0.0,0.0,0.0,,,140765000,1.021277,8457031420.235294
chess::Bitboard::operator bool,0.015999,0.015999,0.0,0.0,0.0,0.0,0.0,0.0,0.0,0.0,0.0,0.0,0.0,0.0,0.0,0.0,0.0,0.0,0.0,,,59900000,1.100000,4118398113.500000
chess::Bitboard::operator|=,0.015999,0.015999,0.0,0.0,0.0,0.0,0.0,0.0,5.6,0.0,0.0,0.0,0.0,0.0,0.0,0.0,0.0,0.0,0.0,,,167720000,0.589286,6177597170.250000
chess::Position::getPieceBb,0.015999,0.015999,0.0,0.0,0.0,0.0,33.4,0.0,0.0,0.0,0.0,0.0,0.0,0.0,0.0,0.0,0.0,0.0,0.0,,,140765000,0.702128,6177597170.250000
chess::Square::pawnPush,0.015999,0.015999,0.0,0.0,0.0,0.0,0.0,12.8,0.0,0.0,10.0,0.0,0.0,0.0,0.0,0.0,0.0,0.0,0.0,,,401330000,0.208955,5241597599.000000
chess::Square::{ctor},0.015999,0.015999,0.0,0.0,16.7,16.7,0.0,0.0,0.0,0.0,2.9,0.0,5.7,2.9,0.0,0.0,0.0,0.0,0.0,,,143760000,0.354167,3182398542.250000
chess::StaticMoveList<256>::push_back,0.015999,0.015999,0.0,0.0,9.1,9.1,0.0,0.0,4.8,0.0,5.0,0.0,31.3,9.4,0.0,0.0,0.0,0.0,0.0,,,266555000,0.438202,7300796655.750000
chess::operator&,0.015999,0.015999,0.0,0.0,0.0,0.0,47.7,0.0,0.0,0.0,0.0,0.0,0.0,0.0,0.0,0.0,0.0,0.0,0.0,,,137770000,0.521739,4492797942.000000
chess::operator+=,0.015999,0.015999,0.0,0.0,7.1,7.1,23.8,0.0,6.0,0.0,13.4,0.0,0.0,0.0,0.0,0.0,0.0,0.0,0.0,,,464225000,0.200000,5803197341.750000
chess::operator+=,0.015999,0.015999,0.0,0.0,0.0,0.0,0.0,0.0,0.0,0.0,0.0,0.0,5.7,0.0,0.0,0.0,0.0,0.0,0.0,,,98835000,0.848485,5241597599.000000
chess::operator+=,0.015999,0.015999,0.0,0.0,0.0,0.0,11.9,0.0,0.0,0.0,,0.0,,,,0.0,0.0,0.0,0.0,,,296505000,0.282828,5241597599.000000
chess::operator+=,0.015999,0.015999,0.0,0.0,0.0,0.0,23.0,0.0,0.0,0.0,0.0,0.0,0.0,0.0,0.0,0.0,0.0,0.0,0.0,,,176705000,0.508475,5615997427.500000
chess::operator|,0.015999,0.015999,0.0,0.0,0.0,0.0,15.9,0.0,0.0,0.0,0.0,0.0,,,,0.0,0.0,0.0,0.0,,,164725000,0.381818,3931198199.250000
engine::Evaluator::valueFromScore,0.015999,0.015999,0.0,0.0,0.0,0.0,18.5,0.0,0.0,0.0,,0.0,0.0,0.0,0.0,0.0,0.0,0.0,0.0,,,284525000,0.378947,6739196913.000000
"std::array<chess::Bitboard,64>::operator[]",0.015999,0.015999,0.0,0.0,12.5,12.5,27.8,27.8,0.0,0.0,7.2,0.0,0.0,0.0,0.0,0.0,0.0,0.0,0.0,,,239600000,0.125000,1871999142.500000
"[Loop at line 8602 in std::ranges::_Sort_fn::_Sort_common<chess::Move *,chess::moveValueGreaterComparator,std::identity>]",0.014999,0.014999,0.0,0.0,0.0,0.0,47.7,0.0,0.0,0.0,0.0,0.0,0.0,0.0,0.0,0.0,0.0,0.0,0.0,,,26955000,0.888889,1597439268.266667
[Loop@0x14000115b in func@0x1400010e0],0.014999,0.014999,0.0,0.0,75.0,75.0,71.5,0.0,0.0,4.8,100.0,0.0,0.0,0.0,40.1,0.0,0.0,0.0,0.0,,,0,,7188476707.200000
chess::Bitboard::operator bool,0.014999,0.014999,0.0,0.0,0.0,0.0,0.0,0.0,0.0,0.0,0.0,0.0,0.0,0.0,0.0,0.0,0.0,0.0,0.0,,,209650000,0.285714,3993598170.666667
chess::Bitboard::operator|=,0.014999,0.014999,0.0,0.0,0.0,0.0,41.7,0.0,0.0,0.0,0.0,0.0,0.0,0.0,0.0,0.0,0.0,0.0,0.0,,,149750000,0.320000,3194878536.533333
chess::Bitboard::operator|=,0.014999,0.014999,0.0,0.0,20.0,20.0,0.0,7.3,0.0,0.0,0.0,25.0,0.0,0.0,0.0,0.0,0.0,0.0,0.0,,,176705000,0.457627,5391357530.400001
chess::Move::encode,0.014999,0.014999,0.0,0.0,0.0,0.0,0.0,0.0,7.0,0.0,0.0,0.0,0.0,0.0,0.0,0.0,0.0,0.0,0.0,,,173710000,0.896552,10383355243.733334
chess::Position::getPieceBb,0.014999,0.014999,0.0,0.0,0.0,0.0,0.0,0.0,0.0,0.0,0.0,0.0,0.0,0.0,0.0,0.0,0.0,0.0,0.0,,,116805000,0.589744,4592637896.266667
chess::StaticMoveList<256>::empty,0.014999,0.014999,0.0,0.0,7.1,7.1,0.0,0.0,0.0,0.0,0.0,0.0,0.0,0.0,0.0,0.0,0.0,0.0,0.0,,,290515000,0.484536,9384955701.066666
chess::moveValueGreaterComparator::operator(),0.014999,0.014999,0.0,0.0,6.7,6.7,27.8,0.0,0.0,0.0,0.0,0.0,0.0,0.0,0.0,0.0,0.0,0.0,0.0,,,77870000,1.000000,5191677621.866667
chess::operator&,0.014999,0.014999,0.0,0.0,7.1,7.1,0.0,0.0,0.0,0.0,0.0,0.0,0.0,0.0,0.0,0.0,0.0,0.0,0.0,,,437270000,0.239726,6988796798.666667
chess::operator&,0.014999,0.014999,0.0,0.0,0.0,0.0,0.0,0.0,0.0,0.0,0.0,0.0,0.0,0.0,0.0,0.0,0.0,0.0,0.0,,,284525000,0.357895,6789116890.133333
chess::operator&,0.014999,0.014999,0.0,0.0,0.0,0.0,15.2,0.0,0.0,0.0,0.0,0.0,0.0,0.0,0.0,0.0,0.0,0.0,0.0,,,80865000,0.851852,4592637896.266667
chess::operator+=,0.014999,0.014999,0.0,0.0,0.0,0.0,10.1,0.0,0.0,0.0,0.0,0.0,0.0,0.0,0.0,0.0,0.0,0.0,0.0,,,272545000,0.362637,6589436981.600000
chess::operator-,0.014999,0.014999,0.0,0.0,100.0,100.0,73.0,0.0,10.4,0.0,20.0,0.0,4.0,100.0,0.0,0.0,0.0,0.0,0.0,,,38935000,1.461538,3793918262.133333
chess::operator-,0.014999,0.014999,0.0,0.0,0.0,0.0,5.4,5.4,0.0,5.4,0.0,0.0,0.0,0.0,0.0,0.0,0.0,0.0,0.0,,,152745000,0.705882,7188476707.200000
chess::operator~,0.014999,0.014999,0.0,0.0,0.0,0.0,0.0,6.0,0.0,0.0,0.0,0.0,0.0,0.0,0.0,0.0,0.0,0.0,0.0,,,137770000,0.695652,6389757073.066667
chess::typeOf,0.014999,0.014999,0.0,0.0,0.0,0.0,0.0,0.0,0.0,0.0,0.0,0.0,0.0,0.0,0.0,0.0,0.0,0.0,0.0,,,428285000,0.230769,6589436981.600000
func@0x1406ac1e0,0.014999,0.014999,0.0,0.0,33.3,33.3,100.0,16.7,16.7,0.0,0.0,0.0,0.0,0.0,0.0,0.0,0.0,0.0,0.0,,,5990000,5.000000,1996799085.333333
"std::array<chess::Bitboard,8>::operator[]",0.014999,0.014999,0.0,0.0,0.0,0.0,15.7,5.2,0.0,0.0,0.0,0.0,0.0,0.0,0.0,0.0,0.0,0.0,0.0,,,137770000,0.760870,6988796798.666667
"std::array<chess::HistoryState,1024>::operator[]",0.014999,0.014999,0.0,0.0,66.7,66.7,15.9,0.0,63.6,0.0,40.1,50.1,0.0,0.0,0.0,0.0,0.0,0.0,0.0,,,173710000,0.431034,4991997713.333334
[Loop at line 1076 in chess::MoveGenerator::generateKingMoves],0.013999,0.013999,0.0,0.0,0.0,0.0,19.6,0.0,0.0,0.0,,0.0,,,0.0,0.0,0.0,0.0,0.0,,,74875000,0.680000,3637026905.428571
[Loop at line 8518 in std::ranges::_Partition_by_median_guess_common],0.013999,0.013999,0.0,0.0,0.0,0.0,0.0,0.0,0.0,0.0,0.0,0.0,0.0,0.0,0.0,0.0,0.0,0.0,0.0,,,74875000,1.280000,6846168292.571428
[Loop@0x140294b30 in func@0x140294a20],0.013999,0.013999,0.0,0.0,0.0,0.0,15.9,0.0,0.0,0.0,0.0,0.0,0.0,0.0,0.0,0.0,0.0,0.0,0.0,SSE(128),,83860000,0.750000,4492797942.000000
chess::Position::getPieceBb,0.013999,0.013999,0.0,0.0,0.0,0.0,55.6,0.0,0.0,0.0,0.0,0.0,0.0,0.0,0.0,0.0,0.0,0.0,0.0,,,170715000,0.421053,5134626219.428571
chess::Square::file,0.013999,0.013999,0.0,0.0,0.0,0.0,0.0,0.0,0.0,0.0,0.0,0.0,0.0,0.0,0.0,0.0,0.0,0.0,0.0,,,251580000,0.130952,2353370350.571428
chess::operator&,0.013999,0.013999,0.0,0.0,0.0,0.0,0.0,0.0,0.0,0.0,0.0,0.0,10.0,0.0,0.0,0.0,0.0,0.0,0.0,,,173710000,0.517241,6418282774.285714
chess::operator&,0.013999,0.013999,0.0,0.0,0.0,0.0,0.0,0.0,0.0,0.0,0.0,0.0,0.0,0.0,0.0,0.0,0.0,0.0,0.0,,,227620000,0.447368,7274053810.857142
chess::operator+=,0.013999,0.013999,0.0,0.0,28.6,28.6,0.0,0.0,0.0,0.0,0.0,0.0,0.0,0.0,0.0,0.0,0.0,0.0,0.0,,,263560000,0.284091,5348568978.571429
chess::operator~,0.013999,0.013999,0.0,0.0,0.0,0.0,11.1,0.0,0.0,0.0,0.0,0.0,40.1,0.0,0.0,0.0,0.0,0.0,0.0,,,257570000,0.360465,6632225533.428572
engine::Search::thread,0.013999,0.013999,0.0,0.0,0.0,0.0,19.6,0.0,4.9,0.0,0.0,0.0,0.0,0.0,0.0,0.0,0.0,0.0,0.0,,,200665000,0.537313,7701939329.142858
"std::array<chess::Bitboard,64>::operator[]",0.013999,0.013999,0.0,0.0,28.6,28.6,0.0,41.7,0.0,0.0,0.0,0.0,0.0,0.0,0.0,0.0,0.0,0.0,0.0,,,209650000,0.071429,1069713795.714286
std::countr_zero,0.013999,0.013999,0.0,0.0,75.0,75.0,0.0,30.4,45.5,0.0,0.0,0.0,0.0,0.0,0.0,0.0,0.0,0.0,0.0,,,179700000,0.250000,3209141387.142857
std::max,0.013999,0.013999,0.0,0.0,0.0,0.0,9.5,0.0,0.0,0.0,0.0,0.0,0.0,0.0,0.0,0.0,0.0,0.0,0.0,,,302495000,0.366337,7915882088.285714
std::popcount,0.013999,0.013999,0.0,0.0,0.0,0.0,22.3,0.0,0.0,0.0,0.0,0.0,0.0,0.0,0.0,0.0,0.0,0.0,0.0,,,122795000,0.414634,3637026905.428571
std::popcount,0.013999,0.013999,0.0,0.0,0.0,0.0,0.0,4.6,0.0,0.0,0.0,0.0,0.0,0.0,0.0,0.0,0.0,0.0,0.0,,,20965000,5.142857,7701939329.142858
[Loop at line 8531 in std::ranges::_Partition_by_median_guess_common],0.012999,0.012999,0.0,0.0,0.0,0.0,40.1,0.0,0.0,0.0,0.0,0.0,0.0,0.0,0.0,0.0,0.0,0.0,0.0,,,68885000,1.173913,6220797150.461539
[Loop at line 919 in chess::MoveGenerator::generatePawnMoves],0.012999,0.012999,0.0,0.0,0.0,0.0,0.0,0.0,18.5,0.0,0.0,0.0,,,,0.0,0.0,0.0,0.0,,,140765000,0.191489,2073599050.153846
[Loop@0x1400188d0 in func@0x140018860],0.012999,0.012999,0.0,0.0,100.0,100.0,41.7,0.0,0.0,0.0,0.0,0.0,0.0,0.0,0.0,0.0,0.0,0.0,0.0,,,0,,3686398311.384615
chess::Bitboard::operator bool,0.012999,0.012999,0.0,0.0,0.0,0.0,0.0,0.0,0.0,0.0,0.0,0.0,0.0,0.0,0.0,0.0,0.0,0.0,0.0,,,77870000,0.153846,921599577.846154
chess::Bitboard::operator^=,0.012999,0.012999,0.0,0.0,0.0,0.0,0.0,0.0,0.0,0.0,0.0,0.0,0.0,0.0,0.0,0.0,0.0,0.0,0.0,,,413310000,0.224638,7142396728.307693
chess::Bitboard::operator|=,0.012999,0.012999,0.0,0.0,0.0,0.0,0.0,9.3,0.0,0.0,12.0,10.0,0.0,0.0,0.0,0.0,66.7,0.0,100.0,,,113810000,0.736842,6451197044.923077
chess::Direction::pawnPush,0.012999,0.012999,0.0,0.0,33.3,33.3,20.9,0.0,0.0,0.0,0.0,0.0,0.0,0.0,0.0,0.0,0.0,0.0,0.0,,,278535000,0.225806,4838397783.692307
chess::Position::getPiece,0.012999,0.012999,0.0,0.0,16.7,16.7,0.0,0.0,0.0,0.0,0.0,0.0,0.0,0.0,0.0,0.0,0.0,0.0,0.0,,,80865000,0.518519,3225598522.461538
chess::operator&,0.012999,0.012999,0.0,0.0,0.0,0.0,0.0,0.0,0.0,0.0,0.0,0.0,0.0,2.9,0.0,0.0,0.0,0.0,0.0,,,86855000,0.413793,2764798733.538462
chess::operator&,0.012999,0.012999,0.0,0.0,0.0,0.0,0.0,0.0,0.0,0.0,0.0,0.0,0.0,0.0,0.0,0.0,0.0,0.0,0.0,,,131780000,0.681818,6911996833.846153
chess::operator-,0.012999,0.012999,0.0,0.0,100.0,100.0,60.7,0.0,21.2,0.0,26.7,0.0,0.0,0.0,0.0,0.0,0.0,0.0,0.0,,,62895000,2.761905,13363193878.769232
func@0x1400e3530,0.012999,0.012999,0.0,0.0,37.5,37.5,100.0,0.0,18.5,0.0,0.0,0.0,0.0,0.0,0.0,0.0,0.0,0.0,0.0,,,8985000,3.000000,2073599050.153846
func@0x1402947e0,0.012999,0.012999,0.0,0.0,28.6,28.6,0.0,66.8,0.0,0.0,46.7,0.0,3.3,23.4,0.0,0.0,0.0,0.0,0.0,,,44925000,0.866667,2995198628.000000
func@0x14033c480,0.012999,0.012999,0.0,0.0,61.5,61.5,0.0,53.7,0.0,35.8,30.1,0.0,0.0,0.0,20.0,0.0,0.0,0.0,0.0,,,17970000,5.000000,6911996833.846153
func@0x1406b1730,0.012999,0.012999,0.0,0.0,20.0,20.0,33.4,0.0,0.0,0.0,100.0,0.0,0.0,0.0,0.0,0.0,0.0,0.0,0.0,,,32945000,1.000000,2534398839.076923
"std::array<chess::Bitboard,64>::operator[]",0.012999,0.012999,0.0,0.0,33.3,33.3,0.0,0.0,0.0,0.0,0.0,0.0,0.0,0.0,0.0,0.0,0.0,0.0,0.0,,,107820000,0.472222,3916798205.846154
"std::array<chess::Move,128>::operator[]",0.012999,0.012999,0.0,0.0,50.0,50.0,31.3,52.2,20.9,0.0,0.0,0.0,0.0,0.0,0.0,0.0,0.0,0.0,0.0,,,8985000,6.666667,4607997889.230769
"std::array<std::array<chess::Bitboard,64>,2>::operator[]",0.012999,0.012999,0.0,0.0,0.0,0.0,14.5,0.0,0.0,0.0,0.0,0.0,0.0,0.0,0.0,0.0,0.0,0.0,0.0,,,173710000,0.396552,5299197572.615384
chess::Bitboard::popLSB,0.011999,0.011999,0.0,0.0,0.0,0.0,0.0,0.0,41.7,0.0,0.0,0.0,30.1,10.0,0.0,0.0,0.0,0.0,0.0,,,68885000,0.260870,1497599314.000000
chess::Move::operator==,0.011999,0.011999,0.0,0.0,0.0,0.0,0.0,0.0,0.0,0.0,0.0,0.0,0.0,0.0,0.0,0.0,0.0,0.0,0.0,,,140765000,0.297872,3494398399.333333
chess::Move::type,0.011999,0.011999,0.0,0.0,23.1,23.1,0.0,0.0,0.0,0.0,0.0,0.0,0.0,0.0,0.0,0.0,0.0,0.0,0.0,,,326455000,0.256881,6988796798.666667
chess::Position::getPieceBb,0.011999,0.011999,0.0,0.0,0.0,0.0,0.0,0.0,0.0,0.0,0.0,0.0,0.0,0.0,0.0,0.0,0.0,0.0,0.0,,,218635000,0.287671,5241597599.000000
chess::Rank::promotionFor,0.011999,0.011999,0.0,0.0,25.0,25.0,3.5,3.5,0.0,0.0,0.0,0.0,0.0,0.0,0.0,0.0,0.0,0.0,0.0,,,194675000,0.800000,12979194054.666666
chess::StaticMoveList<256>::push_back,0.011999,0.011999,0.0,0.0,0.0,0.0,0.0,0.0,0.0,0.0,20.0,0.0,20.0,0.0,0.0,0.0,0.0,0.0,0.0,,,128785000,0.139535,1497599314.000000
chess::moveValueGreaterComparator::operator(),0.011999,0.011999,0.0,0.0,0.0,0.0,13.4,0.0,0.0,0.0,0.0,0.0,0.0,0.0,0.0,0.0,0.0,0.0,0.0,,,47920000,1.812500,7238396684.333333
chess::operator>,0.011999,0.011999,0.0,0.0,0.0,0.0,23.8,23.8,0.0,0.0,0.0,50.1,0.0,0.0,0.0,0.0,0.0,0.0,0.0,,,140765000,0.191489,2246398971.000000
chess::operator>=,0.011999,0.011999,0.0,0.0,0.0,0.0,0.0,0.0,0.0,0.0,0.0,0.0,0.0,0.0,0.0,0.0,0.0,0.0,0.0,,,113810000,0.552632,5241597599.000000
chess::operator|,0.011999,0.011999,0.0,0.0,0.0,0.0,0.0,0.0,0.0,0.0,0.0,0.0,0.0,0.0,0.0,0.0,0.0,0.0,0.0,,,176705000,0.203390,2995198628.000000
chess::operator~,0.011999,0.011999,0.0,0.0,60.0,60.0,0.0,0.0,100.0,0.0,,0.0,0.0,0.0,0.0,0.0,0.0,0.0,0.0,,,11980000,1.500000,1497599314.000000
chess::valueOf,0.011999,0.011999,0.0,0.0,0.0,0.0,0.0,0.0,0.0,0.0,0.0,0.0,0.0,0.0,0.0,0.0,0.0,0.0,0.0,,,107820000,0.277778,2495998856.666667
func@0x1404154d0,0.011999,0.011999,0.0,0.0,66.7,66.7,87.1,0.0,0.0,0.0,0.0,0.0,0.0,0.0,0.0,0.0,0.0,0.0,0.0,,,0,,5740797370.333334
"std::array<std::array<int,64>,64>::operator[]",0.011999,0.011999,0.0,0.0,0.0,0.0,6.2,6.2,0.0,0.0,0.0,0.0,0.0,0.0,0.0,0.0,0.0,0.0,0.0,,,152745000,0.588235,7487996570.000000
std::atomic<unsigned __int64>::{ctor},0.011999,0.011999,0.0,0.0,50.0,50.0,0.0,0.0,23.8,0.0,,0.0,,,,0.0,0.0,0.0,0.0,,,17970000,5.833333,8735995998.333332
std::countr_zero,0.011999,0.011999,0.0,0.0,14.3,14.3,17.6,0.0,0.0,0.0,0.0,0.0,0.0,0.0,0.0,0.0,0.0,0.0,0.0,,,116805000,0.589744,5740797370.333334
std::countr_zero,0.011999,0.011999,0.0,0.0,0.0,0.0,0.0,0.0,0.0,0.0,0.0,0.0,0.0,0.0,0.0,0.0,0.0,0.0,0.0,,,137770000,0.456522,5241597599.000000
[Loop at line 1005 in chess::MoveGenerator::generatePawnMoves],0.010999,0.010999,0.0,0.0,0.0,0.0,16.7,16.7,0.0,0.0,0.0,0.0,0.0,0.0,0.0,0.0,0.0,0.0,0.0,,,59900000,0.550000,2995198628.000000
chess::Bitboard::operator bool,0.010999,0.010999,0.0,0.0,0.0,0.0,0.0,0.0,0.0,0.0,0.0,0.0,5.0,0.0,0.0,0.0,0.0,0.0,0.0,,,167720000,0.571429,8713305099.636364
chess::Move::setValue,0.010999,0.010999,0.0,0.0,16.7,16.7,0.0,0.0,0.0,0.0,0.0,0.0,0.0,0.0,0.0,0.0,0.0,0.0,0.0,,,128785000,0.325581,3812070981.090909
chess::Move::to,0.010999,0.010999,0.0,0.0,0.0,0.0,0.0,0.0,0.0,0.0,0.0,0.0,0.0,0.0,0.0,0.0,0.0,0.0,0.0,,,56905000,0.526316,2722907843.636364
chess::Move::type,0.010999,0.010999,0.0,0.0,0.0,0.0,0.0,0.0,0.0,0.0,0.0,0.0,0.0,0.0,0.0,0.0,0.0,0.0,0.0,,,56905000,0.842105,4356652549.818182
chess::Move::type,0.010999,0.010999,0.0,0.0,0.0,0.0,0.0,0.0,11.1,0.0,0.0,0.0,0.0,0.0,0.0,0.0,0.0,0.0,0.0,,,263560000,0.227273,5445815687.272727
chess::Position::getKingSquare,0.010999,0.010999,0.0,0.0,0.0,0.0,26.7,0.0,0.0,0.0,0.0,0.0,0.0,0.0,0.0,0.0,0.0,0.0,0.0,,,646920000,0.120370,7079560393.454546
chess::Position::getNextPlayer,0.010999,0.010999,0.0,0.0,0.0,0.0,0.0,0.0,0.0,0.0,0.0,0.0,0.0,0.0,0.0,0.0,0.0,0.0,0.0,,,119800000,0.300000,3267489412.363636
chess::Position::undoNullMove,0.010999,0.010999,0.0,0.0,100.0,100.0,41.7,0.0,0.0,0.0,80.1,0.0,0.0,0.0,0.0,0.0,0.0,0.0,0.0,,,50915000,0.529412,2450617059.272727
chess::operator&,0.010999,0.010999,0.0,0.0,0.0,0.0,22.3,0.0,0.0,0.0,,0.0,0.0,0.0,0.0,0.0,0.0,0.0,0.0,,,242595000,0.246914,5445815687.272727
chess::operator&,0.010999,0.010999,0.0,0.0,0.0,0.0,0.0,18.5,0.0,0.0,0.0,0.0,0.0,6.7,0.0,0.0,0.0,0.0,0.0,,,77870000,0.807692,5718106471.636364
chess::operator&,0.010999,0.010999,0.0,0.0,0.0,0.0,35.1,17.6,0.0,0.0,,0.0,0.0,0.0,0.0,0.0,0.0,0.0,0.0,,,143760000,0.395833,5173524902.909091
chess::operator|,0.010999,0.010999,0.0,0.0,0.0,0.0,0.0,0.0,0.0,0.0,0.0,0.0,5.7,0.0,0.0,0.0,0.0,0.0,0.0,,,110815000,0.432432,4356652549.818182
chess::operator|,0.010999,0.010999,0.0,0.0,0.0,0.0,0.0,0.0,0.0,0.0,0.0,0.0,0.0,0.0,0.0,0.0,0.0,0.0,0.0,,,149750000,0.240000,3267489412.363636
engine::Search::thread,0.010999,0.010999,0.0,0.0,0.0,0.0,0.0,0.0,0.0,0.0,,0.0,0.0,0.0,0.0,0.0,0.0,0.0,0.0,,,152745000,0.333333,4628943334.181818
"std::array<int,64>::operator[]",0.010999,0.010999,0.0,0.0,0.0,0.0,25.7,12.8,12.8,0.0,0.0,0.0,0.0,0.0,0.0,0.0,0.0,0.0,0.0,,,107820000,0.388889,3812070981.090909
"std::array<int,64>::operator[]",0.010999,0.010999,0.0,0.0,0.0,0.0,20.9,0.0,0.0,0.0,0.0,100.0,0.0,0.0,0.0,0.0,0.0,0.0,0.0,,,104825000,0.485714,4628943334.181818
std::ranges::_Swap::_Cpo::operator(),0.010999,0.010999,0.0,0.0,0.0,0.0,0.0,0.0,0.0,0.0,0.0,0.0,0.0,0.0,0.0,0.0,0.0,0.0,0.0,,,29950000,0.100000,272290784.363636
chess::Bitboard::operator bool,0.009999,0.009999,0.0,0.0,0.0,0.0,0.0,0.0,0.0,0.0,0.0,0.0,10.0,0.0,0.0,0.0,0.0,0.0,0.0,,,194675000,0.461538,8985595884.000000
chess::Bitboard::operator bool,0.009999,0.009999,0.0,0.0,0.0,0.0,0.0,0.0,0.0,0.0,0.0,0.0,,,,0.0,0.0,0.0,0.0,,,26955000,1.444444,3893758216.400000
chess::Bitboard::operator|=,0.009999,0.009999,0.0,0.0,0.0,0.0,0.0,0.0,0.0,0.0,0.0,0.0,0.0,0.0,0.0,0.0,0.0,0.0,0.0,,,131780000,0.181818,2396158902.400000
chess::Bitboard::popLSB,0.009999,0.009999,0.0,0.0,0.0,0.0,17.6,0.0,0.0,0.0,0.0,0.0,0.0,0.0,0.0,0.0,0.0,0.0,0.0,,,128785000,0.627907,8087036295.600000
chess::Bitboard::{ctor},0.009999,0.009999,0.0,0.0,0.0,0.0,0.0,0.0,0.0,0.0,10.0,0.0,0.0,0.0,0.0,0.0,0.0,0.0,0.0,,,128785000,0.418605,5391357530.400001
chess::Move::encode,0.009999,0.009999,0.0,0.0,11.1,11.1,0.0,0.0,0.0,33.4,,0.0,,,,0.0,0.0,0.0,0.0,,,77870000,0.192308,1497599314.000000
chess::Move::operator==,0.009999,0.009999,0.0,0.0,0.0,0.0,0.0,0.0,0.0,0.0,0.0,0.0,3.3,0.0,0.0,0.0,0.0,0.0,0.0,,,218635000,0.315068,6888956844.400000
chess::Move::{ctor},0.009999,0.009999,0.0,0.0,0.0,0.0,20.9,20.9,0.0,0.0,0.0,0.0,,,,0.0,0.0,0.0,0.0,,,104825000,0.228571,2396158902.400000
chess::operator&,0.009999,0.009999,0.0,0.0,0.0,0.0,0.0,0.0,0.0,0.0,0.0,0.0,0.0,0.0,0.0,0.0,0.0,0.0,0.0,,,131780000,0.340909,4492797942.000000
chess::operator&,0.009999,0.009999,0.0,0.0,0.0,0.0,0.0,0.0,0.0,0.0,0.0,0.0,0.0,0.0,0.0,0.0,0.0,0.0,0.0,,,185690000,0.145161,2695678765.200000
chess::operator&,0.009999,0.009999,0.0,0.0,0.0,0.0,0.0,10.4,0.0,0.0,0.0,0.0,0.0,0.0,0.0,0.0,0.0,0.0,0.0,,,185690000,0.258065,4792317804.800000
chess::operator&,0.009999,0.009999,0.0,0.0,0.0,0.0,0.0,0.0,0.0,0.0,0.0,0.0,0.0,0.0,0.0,0.0,0.0,0.0,0.0,,,65890000,0.500000,3294718490.800000
chess::operator+,0.009999,0.009999,0.0,0.0,0.0,0.0,0.0,0.0,0.0,0.0,0.0,0.0,0.0,0.0,0.0,0.0,0.0,0.0,0.0,,,134775000,0.288889,3893758216.400000
chess::operator+=,0.009999,0.009999,0.0,0.0,0.0,0.0,23.8,0.0,0.0,0.0,0.0,0.0,0.0,0.0,0.0,0.0,0.0,0.0,0.0,,,155740000,0.346154,5391357530.400001
chess::operator+=,0.009999,0.009999,0.0,0.0,44.4,44.4,35.8,35.8,0.0,11.9,0.0,0.0,0.0,100.0,0.0,0.0,0.0,0.0,0.0,,,44925000,1.000000,4492797942.000000
chess::operator^=,0.009999,0.009999,0.0,0.0,0.0,0.0,0.0,0.0,0.0,0.0,0.0,0.0,0.0,0.0,0.0,0.0,0.0,0.0,0.0,,,119800000,0.175000,2096639039.600000
chess::operator|,0.009999,0.009999,0.0,0.0,0.0,0.0,0.0,0.0,0.0,0.0,0.0,0.0,0.0,0.0,0.0,0.0,0.0,0.0,0.0,,,212645000,0.338028,7188476707.200000
chess::operator|,0.009999,0.009999,0.0,0.0,0.0,0.0,0.0,0.0,0.0,0.0,15.6,0.0,2.2,6.7,0.0,0.0,0.0,0.0,0.0,,,41930000,0.642857,2695678765.200000
chess::typeOf,0.009999,0.009999,0.0,0.0,0.0,0.0,0.0,10.4,0.0,0.0,0.0,0.0,0.0,0.0,0.0,0.0,0.0,0.0,0.0,,,110815000,0.459459,5091837667.599999
engine::TT::Entry::Entry,0.009999,0.009999,0.0,0.0,20.0,20.0,0.0,0.0,31.3,20.9,0.0,0.0,0.0,0.0,0.0,0.0,0.0,0.0,0.0,,,113810000,0.447368,5091837667.599999
func@0x1402ec11d,0.009999,0.009999,0.0,0.0,25.0,25.0,100.0,0.0,100.0,0.0,0.0,0.0,0.0,0.0,0.0,0.0,0.0,0.0,0.0,,,5990000,2.500000,1497599314.000000
func@0x1406b92ae,0.009999,0.009999,0.0,0.0,0.0,0.0,0.0,0.0,83.5,0.0,,0.0,0.0,0.0,0.0,0.0,0.0,0.0,0.0,SSE(128),,8985000,0.666667,599039725.600000
"std::unique_ptr<engine::TT::TTCluster [0],std::default_delete<engine::TT::TTCluster [0]> >::operator[]",0.009999,0.009999,0.0,0.0,62.5,62.5,0.0,37.1,74.2,0.0,16.7,0.0,0.0,3.3,0.0,0.0,0.0,0.0,0.0,,,5990000,12.000000,7188476707.200000
[Loop at line 621 in chess::Position::checkRepetitions],0.008999,0.008999,0.0,0.0,100.0,100.0,100.0,0.0,100.0,0.0,60.1,80.1,0.0,0.0,0.0,0.0,0.0,0.0,0.0,,,5990000,7.500000,4991997713.333334
[Loop@0x140296ba0 in func@0x140296b30],0.008999,0.008999,0.0,0.0,33.3,33.3,0.0,15.9,23.8,0.0,12.0,0.0,0.0,4.0,0.0,0.0,0.0,0.0,0.0,,,2995000,26.000000,8652796036.444445
chess::Bitboard::operator|=,0.008999,0.008999,0.0,0.0,0.0,0.0,22.3,0.0,0.0,0.0,0.0,0.0,0.0,0.0,0.0,0.0,0.0,0.0,0.0,,,74875000,0.760000,6323197103.555555
chess::Move::encode,0.008999,0.008999,0.0,0.0,0.0,0.0,0.0,0.0,0.0,0.0,20.0,0.0,80.1,0.0,0.0,0.0,0.0,0.0,0.0,,,44925000,1.066667,5324797560.888888
chess::Move::operator==,0.008999,0.008999,0.0,0.0,0.0,0.0,41.7,0.0,13.9,0.0,0.0,0.0,0.0,0.0,0.0,0.0,0.0,0.0,0.0,,,131780000,0.363636,5324797560.888888
chess::Position::getPieceBb,0.008999,0.008999,0.0,0.0,0.0,0.0,0.0,0.0,0.0,0.0,0.0,0.0,40.1,0.0,0.0,0.0,0.0,0.0,0.0,,,101830000,0.294118,3327998475.555556
chess::StaticMoveList<256>::end,0.008999,0.008999,0.0,0.0,11.1,11.1,0.0,0.0,0.0,0.0,0.0,0.0,0.0,0.0,0.0,0.0,0.0,0.0,0.0,,,137770000,0.630435,9651195579.111111
chess::operator&,0.008999,0.008999,0.0,0.0,100.0,100.0,0.0,0.0,0.0,6.4,0.0,0.0,0.0,0.0,0.0,0.0,0.0,0.0,0.0,,,80865000,1.037037,9318395731.555555
chess::operator*,0.008999,0.008999,0.0,0.0,0.0,0.0,74.2,0.0,9.3,0.0,0.0,0.0,0.0,6.7,0.0,0.0,0.0,0.0,0.0,,,116805000,0.538462,6988796798.666667
chess::operator+=,0.008999,0.008999,0.0,0.0,25.0,25.0,22.3,0.0,0.0,0.0,0.0,0.0,0.0,0.0,0.0,0.0,0.0,0.0,0.0,,,266555000,0.191011,5657597408.444445
chess::operator-,0.008999,0.008999,0.0,0.0,50.0,50.0,0.0,13.9,13.9,13.9,0.0,0.0,0.0,0.0,0.0,0.0,0.0,0.0,0.0,,,38935000,1.076923,4659197865.777778
chess::operator|,0.008999,0.008999,0.0,0.0,0.0,0.0,0.0,0.0,0.0,0.0,0.0,0.0,6.7,6.7,0.0,0.0,0.0,0.0,0.0,,,83860000,0.178571,1663999237.777778
chess::operator|,0.008999,0.008999,0.0,0.0,0.0,0.0,0.0,0.0,0.0,0.0,0.0,0.0,0.0,0.0,0.0,0.0,0.0,0.0,0.0,,,98835000,0.575758,6323197103.555555
chess::operator|,0.008999,0.008999,0.0,0.0,33.3,33.3,0.0,0.0,83.5,0.0,,0.0,,,,0.0,0.0,0.0,0.0,,,182695000,0.032787,665599695.111111
chess::operator~,0.008999,0.008999,0.0,0.0,0.0,0.0,0.0,0.0,0.0,0.0,0.0,0.0,0.0,0.0,0.0,0.0,0.0,0.0,0.0,,,110815000,0.324324,3993598170.666667
chess::typeOf,0.008999,0.008999,0.0,0.0,0.0,0.0,0.0,0.0,0.0,0.0,14.7,0.0,0.0,0.0,0.0,0.0,0.0,0.0,0.0,,,170715000,0.192982,3660798323.111112
chess::typeOf,0.008999,0.008999,0.0,0.0,0.0,0.0,18.5,18.5,0.0,0.0,0.0,0.0,0.0,0.0,0.0,0.0,0.0,0.0,0.0,,,125790000,0.238095,3327998475.555556
engine::Search::thread,0.008999,0.008999,0.0,0.0,0.0,0.0,15.9,0.0,0.0,0.0,0.0,0.0,0.0,0.0,0.0,0.0,0.0,0.0,0.0,,,29950000,2.100000,6988796798.666667
func@0x1404e8368,0.008999,0.008999,0.0,0.0,50.0,50.0,0.0,0.0,55.6,0.0,0.0,50.1,0.0,0.0,0.0,0.0,0.0,0.0,0.0,,,32945000,0.727273,2662398780.444444
func@0x180010e40,0.008999,0.008999,0.0,0.0,100.0,100.0,35.8,100.0,0.0,59.6,100.0,0.0,0.0,6.7,100.0,0.0,0.0,0.0,0.0,,,2995000,17.000000,5657597408.444445
"std::array<chess::Bitboard,8>::operator[]",0.008999,0.008999,0.0,0.0,57.1,57.1,0.0,0.0,0.0,0.0,0.0,0.0,0.0,0.0,0.0,0.0,0.0,0.0,0.0,,,8985000,5.000000,4991997713.333334
"std::array<engine::PlyInfo,128>::operator[]",0.008999,0.008999,0.0,0.0,0.0,0.0,0.0,0.0,0.0,0.0,0.0,0.0,0.0,0.0,0.0,0.0,0.0,0.0,0.0,,,56905000,0.263158,1663999237.777778
"std::array<int,64>::operator[]",0.008999,0.008999,0.0,0.0,0.0,0.0,0.0,0.0,0.0,0.0,0.0,0.0,0.0,0.0,0.0,0.0,0.0,0.0,0.0,,,77870000,1.076923,9318395731.555555
std::min,0.008999,0.008999,0.0,0.0,0.0,0.0,18.5,0.0,0.0,0.0,,0.0,0.0,0.0,0.0,0.0,0.0,0.0,0.0,,,182695000,0.360656,7321596646.222223
[Loop at line 447 in engine::Evaluator::pawnEval],0.007999,0.007999,0.0,0.0,0.0,0.0,0.0,0.0,0.0,0.0,0.0,0.0,0.0,0.0,0.0,0.0,0.0,0.0,0.0,,,44925000,0.533333,2995198628.000000
chess::Bitboard::operator bool,0.007999,0.007999,0.0,0.0,0.0,0.0,0.0,23.8,0.0,0.0,,0.0,,,,0.0,0.0,0.0,0.0,,,86855000,0.241379,2620798799.500000
chess::Bitboard::shifted,0.007999,0.007999,0.0,0.0,0.0,0.0,32.3,0.0,0.0,0.0,0.0,0.0,0.0,0.0,0.0,0.0,0.0,0.0,0.0,,,83860000,1.142857,11980794512.000000
chess::Direction::pawnPush,0.007999,0.007999,0.0,0.0,100.0,100.0,14.5,0.0,7.3,0.0,0.0,0.0,0.0,0.0,0.0,0.0,0.0,0.0,0.0,,,41930000,1.785714,9359995712.500000
chess::Move::operator==,0.007999,0.007999,0.0,0.0,0.0,0.0,0.0,55.6,0.0,0.0,0.0,0.0,0.0,0.0,0.0,0.0,0.0,0.0,0.0,,,98835000,0.121212,1497599314.000000
chess::Move::promotionType,0.007999,0.007999,0.0,0.0,0.0,0.0,0.0,0.0,0.0,0.0,0.0,0.0,0.0,0.0,0.0,0.0,0.0,0.0,0.0,,,77870000,0.730769,7113596741.500000
chess::Move::stripped,0.007999,0.007999,0.0,0.0,10.0,10.0,0.0,0.0,0.0,0.0,0.0,0.0,0.0,0.0,0.0,0.0,0.0,0.0,0.0,,,146755000,0.571429,10483195198.000000
chess::Position::getKingSquare,0.007999,0.007999,0.0,0.0,0.0,0.0,0.0,0.0,0.0,0.0,0.0,0.0,0.0,0.0,0.0,0.0,0.0,0.0,0.0,,,149750000,0.600000,11231994855.000000
chess::Position::getOccupiedBb,0.007999,0.007999,0.0,0.0,0.0,0.0,74.2,0.0,0.0,0.0,0.0,0.0,0.0,0.0,0.0,0.0,0.0,0.0,0.0,,,122795000,0.268293,4118398113.500000
chess::Position::getOccupiedBb,0.007999,0.007999,0.0,0.0,0.0,0.0,0.0,0.0,23.8,0.0,0.0,0.0,0.0,0.0,0.0,0.0,0.0,0.0,0.0,,,71880000,0.583333,5241597599.000000
chess::Position::getPiece,0.007999,0.007999,0.0,0.0,100.0,100.0,0.0,0.0,0.0,0.0,0.0,0.0,0.0,0.0,0.0,0.0,0.0,0.0,0.0,,,26955000,0.888889,2995198628.000000
chess::Position::getPieceBb,0.007999,0.007999,0.0,0.0,0.0,0.0,0.0,5.2,0.0,0.0,0.0,0.0,0.0,0.0,0.0,0.0,0.0,0.0,0.0,,,68885000,1.478261,12729594169.000000
chess::operator&,0.007999,0.007999,0.0,0.0,0.0,0.0,0.0,0.0,0.0,33.4,0.0,0.0,0.0,0.0,0.0,0.0,0.0,0.0,0.0,,,80865000,0.222222,2246398971.000000
chess::operator+,0.007999,0.007999,0.0,0.0,57.1,57.1,59.6,0.0,23.8,23.8,0.0,0.0,0.0,0.0,0.0,0.0,0.0,0.0,0.0,,,203660000,0.250000,6364797084.500000
chess::operator+=,0.007999,0.007999,0.0,0.0,0.0,0.0,0.0,0.0,0.0,0.0,0.0,0.0,0.0,0.0,0.0,0.0,0.0,0.0,0.0,,,95840000,1.031250,12355194340.500000
chess::operator-,0.007999,0.007999,0.0,0.0,100.0,100.0,83.5,0.0,62.6,0.0,0.0,0.0,0.0,10.0,0.0,0.0,0.0,0.0,0.0,,,0,,3743998285.000000
chess::operator-,0.007999,0.007999,0.0,0.0,0.0,0.0,8.8,8.8,0.0,0.0,0.0,50.1,0.0,0.0,0.0,0.0,0.0,0.0,0.0,,,230615000,0.272727,7862396398.500000
chess::operator|,0.007999,0.007999,0.0,0.0,100.0,100.0,0.0,22.3,0.0,0.0,0.0,0.0,0.0,0.0,0.0,0.0,0.0,0.0,0.0,,,137770000,0.347826,5990397256.000000
chess::operator|,0.007999,0.007999,0.0,0.0,0.0,0.0,0.0,0.0,0.0,0.0,,0.0,0.0,0.0,0.0,0.0,0.0,0.0,0.0,,,119800000,0.175000,2620798799.500000
chess::operator|,0.007999,0.007999,0.0,0.0,0.0,0.0,0.0,0.0,0.0,0.0,0.0,0.0,10.0,0.0,0.0,0.0,0.0,0.0,0.0,,,116805000,0.435897,6364797084.500000
chess::operator|,0.007999,0.007999,0.0,0.0,0.0,0.0,0.0,23.8,0.0,0.0,0.0,0.0,0.0,0.0,0.0,0.0,0.0,0.0,0.0,,,113810000,0.263158,3743998285.000000
engine::TT::getClusterIndex,0.007999,0.007999,0.0,0.0,50.0,50.0,0.0,0.0,83.5,0.0,0.0,0.0,0.0,0.0,0.0,0.0,0.0,0.0,0.0,,,23960000,0.625000,1871999142.500000
func@0x14029ea20,0.007999,0.007999,0.0,0.0,100.0,100.0,0.0,37.1,37.1,0.0,0.0,0.0,0.0,0.0,0.0,0.0,0.0,0.0,0.0,SSE(128),,65890000,0.545455,4492797942.000000
func@0x1406b2070,0.007999,0.007999,0.0,0.0,25.0,25.0,47.7,0.0,23.8,23.8,16.7,0.0,3.3,23.4,0.0,0.0,0.0,0.0,0.0,,,14975000,3.800000,7113596741.500000
"std::array<chess::Bitboard,64>::operator[]",0.007999,0.007999,0.0,0.0,0.0,0.0,0.0,0.0,0.0,0.0,0.0,0.0,0.0,0.0,0.0,0.0,0.0,0.0,0.0,,,47920000,1.062500,6364797084.500000
std::popcount,0.007999,0.007999,0.0,0.0,0.0,0.0,0.0,0.0,0.0,0.0,,0.0,0.0,0.0,0.0,0.0,0.0,0.0,0.0,,,110815000,0.270270,3743998285.000000
__builtin_array_init_helper<class chess::Value>,0.007000,0.007000,0.0,0.0,0.0,0.0,0.0,0.0,0.0,0.0,0.0,0.0,0.0,0.0,0.0,0.0,0.0,0.0,0.0,,,128785000,0.302326,5562511737.714286
chess::Bitboard::operator bool,0.007000,0.007000,0.0,0.0,0.0,0.0,0.0,0.0,0.0,0.0,0.0,0.0,6.7,0.0,0.0,0.0,0.0,0.0,0.0,,,134775000,0.355556,6846168292.571428
chess::Bitboard::operator bool,0.007000,0.007000,0.0,0.0,0.0,0.0,10.4,10.4,0.0,0.0,0.0,20.0,0.0,0.0,0.0,0.0,0.0,0.0,0.0,,,158735000,0.396226,8985595884.000000
chess::Bitboard::operator|=,0.007000,0.007000,0.0,0.0,0.0,0.0,0.0,0.0,0.0,0.0,0.0,0.0,0.0,0.0,0.0,0.0,0.0,0.0,0.0,,,194675000,0.200000,5562511737.714286
chess::Move::encode,0.007000,0.007000,0.0,0.0,12.5,12.5,0.0,0.0,0.0,0.0,0.0,0.0,0.0,0.0,0.0,0.0,0.0,0.0,0.0,,,47920000,0.750000,5134626219.428571
chess::Move::operator==,0.007000,0.007000,0.0,0.0,0.0,0.0,0.0,0.0,0.0,0.0,,0.0,0.0,0.0,0.0,0.0,0.0,0.0,0.0,,,86855000,0.344828,4278855182.857143
chess::Position::getKingSquare,0.007000,0.007000,0.0,0.0,0.0,0.0,22.3,0.0,0.0,0.0,0.0,0.0,0.0,0.0,0.0,0.0,0.0,0.0,0.0,,,56905000,0.842105,6846168292.571428
chess::Position::getNextPlayer,0.007000,0.007000,0.0,0.0,42.9,42.9,0.0,27.8,13.9,0.0,0.0,0.0,0.0,0.0,0.0,0.0,0.0,0.0,0.0,,,14975000,2.600000,5562511737.714286
chess::Position::getPiece,0.007000,0.007000,0.0,0.0,0.0,0.0,0.0,0.0,0.0,0.0,0.0,0.0,,,,0.0,0.0,0.0,0.0,,,83860000,0.035714,427885518.285714
chess::Square::rank,0.007000,0.007000,0.0,0.0,0.0,0.0,0.0,0.0,0.0,0.0,0.0,0.0,0.0,0.0,0.0,0.0,0.0,0.0,0.0,,,83860000,0.571429,6846168292.571428
chess::Value::operator int,0.007000,0.007000,0.0,0.0,75.0,75.0,0.0,41.7,0.0,0.0,,0.0,,,,0.0,0.0,0.0,0.0,,,29950000,0.800000,3423084146.285714
chess::Value::{ctor},0.007000,0.007000,0.0,0.0,0.0,0.0,41.7,0.0,0.0,0.0,,0.0,0.0,0.0,0.0,0.0,0.0,0.0,0.0,,,29950000,0.800000,3423084146.285714
chess::operator&,0.007000,0.007000,0.0,0.0,0.0,0.0,0.0,16.7,0.0,0.0,0.0,0.0,0.0,0.0,0.0,0.0,0.0,0.0,0.0,,,68885000,0.478261,4706740701.142857
chess::operator-=,0.007000,0.007000,0.0,0.0,100.0,100.0,0.0,0.0,0.0,0.0,0.0,0.0,0.0,0.0,0.0,0.0,0.0,0.0,0.0,,,53910000,0.166667,1283656554.857143
engine::Search::isTimeAlmostUp,0.007000,0.007000,0.0,0.0,25.0,25.0,0.0,0.0,100.0,0.0,0.0,100.0,20.0,80.1,0.0,0.0,0.0,0.0,0.0,,,5990000,2.000000,1711542073.142857
func@0x140002700,0.007000,0.007000,0.0,0.0,25.0,25.0,0.0,11.5,0.0,0.0,0.0,0.0,0.0,0.0,0.0,0.0,0.0,0.0,0.0,,,0,,12836565548.571428
func@0x140255440,0.007000,0.007000,0.0,0.0,80.0,80.0,0.0,0.0,78.6,9.8,,0.0,,,,0.0,0.0,0.0,0.0,,,20965000,2.428571,7274053810.857142
func@0x14029b580,0.007000,0.007000,0.0,0.0,50.0,50.0,0.0,0.0,100.0,100.0,0.0,0.0,0.0,40.1,0.0,0.0,0.0,0.0,0.0,,,8985000,0.666667,855771036.571429
func@0x140319000,0.007000,0.007000,0.0,0.0,20.0,20.0,31.3,20.9,0.0,52.2,0.0,0.0,,,,0.0,0.0,0.0,0.0,SSE(128),,0,,6846168292.571428
func@0x1403b2b10,0.007000,0.007000,0.0,0.0,,,0.0,55.6,0.0,55.6,0.0,0.0,0.0,0.0,0.0,0.0,0.0,0.0,0.0,,,5990000,3.500000,2995198628.000000
func@0x140ce0a50,0.007000,0.007000,0.0,0.0,57.1,57.1,41.7,100.0,0.0,0.0,0.0,0.0,0.0,0.0,0.0,0.0,0.0,0.0,0.0,,,0,,3423084146.285714
"std::array<int,64>::operator[]",0.007000,0.007000,0.0,0.0,100.0,100.0,27.8,0.0,0.0,0.0,0.0,0.0,0.0,0.0,0.0,0.0,0.0,0.0,0.0,,,77870000,0.461538,5134626219.428571
"std::array<std::array<int,64>,64>::operator[]",0.007000,0.007000,0.0,0.0,100.0,100.0,30.4,0.0,15.2,0.0,,0.0,,0.0,0.0,0.0,0.0,0.0,0.0,,,32945000,1.000000,4706740701.142857
std::min,0.007000,0.007000,0.0,0.0,50.0,50.0,0.0,0.0,0.0,0.0,0.0,0.0,0.0,0.0,0.0,0.0,0.0,0.0,0.0,,,89850000,0.266667,3423084146.285714
std::popcount,0.007000,0.007000,0.0,0.0,0.0,0.0,0.0,0.0,0.0,0.0,0.0,0.0,0.0,0.0,0.0,0.0,0.0,0.0,0.0,,,47920000,0.500000,3423084146.285714
KeReleaseSpinLock,0.006000,0.006000,0.0,0.0,0.0,0.0,0.0,0.0,0.0,83.5,0.0,0.0,0.0,0.0,0.0,0.0,0.0,0.0,0.0,,,5990000,1.000000,998399542.666667
RtlCopyMemory,0.006000,0.006000,0.0,0.0,0.0,0.0,0.0,0.0,18.5,18.5,0.0,0.0,0.0,5.0,0.0,0.0,0.0,0.0,0.0,SSE(128),,35940000,1.083333,6489597027.333333
[Loop@0x1402024c0 in func@0x140202360],0.006000,0.006000,0.0,0.0,0.0,0.0,0.0,0.0,0.0,0.0,0.0,0.0,,,,0.0,0.0,0.0,0.0,,,14975000,0.800000,1996799085.333333
[Loop@0x14029ed80 in func@0x14029ea20],0.006000,0.006000,0.0,0.0,0.0,0.0,0.0,0.0,0.0,0.0,,0.0,0.0,0.0,0.0,0.0,0.0,0.0,0.0,,,8985000,0.666667,998399542.666667
[Loop@0x1402e6d0b in func@0x1402e6c70],0.006000,0.006000,0.0,0.0,0.0,0.0,47.7,23.8,0.0,47.7,0.0,0.0,0.0,0.0,0.0,0.0,0.0,0.0,0.0,,,0,,3494398399.333333
[Loop@0x18001d592 in func@0x18001d470],0.006000,0.006000,0.0,0.0,0.0,0.0,12.8,12.8,0.0,0.0,,0.0,0.0,0.0,0.0,0.0,0.0,0.0,0.0,,,80865000,0.481481,6489597027.333333
[Outside any known module],0.006000,0.006000,0.0,0.0,0.0,0.0,0.0,33.4,0.0,0.0,0.0,0.0,0.0,0.0,0.0,0.0,0.0,0.0,0.0,,,0,,2495998856.666667
chess::Bitboard::operator bool,0.006000,0.006000,0.0,0.0,0.0,0.0,0.0,0.0,0.0,0.0,,0.0,2.9,0.0,0.0,0.0,0.0,0.0,0.0,,,140765000,0.276596,6489597027.333333
chess::Bitboard::operator&=,0.006000,0.006000,0.0,0.0,0.0,0.0,0.0,0.0,23.8,0.0,0.0,0.0,0.0,0.0,0.0,0.0,0.0,0.0,0.0,,,89850000,0.500000,7487996570.000000
chess::Bitboard::operator|=,0.006000,0.006000,0.0,0.0,0.0,0.0,0.0,0.0,0.0,0.0,0.0,0.0,,,,0.0,0.0,0.0,0.0,,,74875000,0.320000,3993598170.666667
chess::Bitboard::operator~,0.006000,0.006000,0.0,0.0,0.0,0.0,0.0,0.0,0.0,0.0,0.0,0.0,0.0,0.0,0.0,0.0,0.0,0.0,0.0,,,32945000,0.909091,4991997713.333334
chess::Color::sign,0.006000,0.006000,0.0,0.0,0.0,0.0,0.0,0.0,0.0,0.0,0.0,0.0,0.0,0.0,0.0,0.0,0.0,0.0,0.0,,,65890000,0.500000,5491197484.666666
chess::Move::encode,0.006000,0.006000,0.0,0.0,0.0,0.0,0.0,0.0,0.0,0.0,20.0,0.0,20.0,0.0,0.0,0.0,0.0,0.0,0.0,,,140765000,0.234043,5491197484.666666
chess::Move::to,0.006000,0.006000,0.0,0.0,0.0,0.0,0.0,0.0,0.0,0.0,,0.0,0.0,0.0,0.0,0.0,0.0,0.0,0.0,,,59900000,0.100000,998399542.666667
chess::Square::rank,0.006000,0.006000,0.0,0.0,0.0,0.0,0.0,0.0,0.0,0.0,0.0,0.0,0.0,0.0,0.0,0.0,0.0,0.0,0.0,,,77870000,0.423077,5491197484.666666
chess::operator&,0.006000,0.006000,0.0,0.0,0.0,0.0,0.0,0.0,0.0,0.0,0.0,0.0,0.0,0.0,0.0,0.0,0.0,0.0,0.0,,,50915000,0.470588,3993598170.666667
chess::operator&,0.006000,0.006000,0.0,0.0,50.0,50.0,66.8,0.0,16.7,0.0,,0.0,0.0,0.0,0.0,0.0,0.0,0.0,0.0,,,80865000,0.370370,4991997713.333334
chess::operator&,0.006000,0.006000,0.0,0.0,0.0,0.0,0.0,0.0,0.0,0.0,0.0,0.0,0.0,0.0,0.0,0.0,0.0,0.0,0.0,,,110815000,0.405405,7487996570.000000
chess::operator&,0.006000,0.006000,0.0,0.0,0.0,0.0,0.0,0.0,0.0,0.0,0.0,0.0,20.0,0.0,0.0,0.0,0.0,0.0,0.0,,,26955000,0.444444,1996799085.333333
chess::operator+=,0.006000,0.006000,0.0,0.0,0.0,0.0,0.0,0.0,0.0,0.0,0.0,0.0,0.0,0.0,0.0,0.0,0.0,0.0,0.0,,,26955000,0.222222,998399542.666667
chess::operator-,0.006000,0.006000,0.0,0.0,0.0,0.0,0.0,0.0,0.0,0.0,0.0,0.0,0.0,0.0,0.0,0.0,0.0,0.0,0.0,,,71880000,0.416667,4991997713.333334
chess::operator-=,0.006000,0.006000,0.0,0.0,75.0,75.0,47.7,0.0,0.0,0.0,,0.0,,,,0.0,0.0,0.0,0.0,,,14975000,1.400000,3494398399.333333
chess::operator|,0.006000,0.006000,0.0,0.0,0.0,0.0,0.0,0.0,0.0,0.0,0.0,0.0,0.0,0.0,0.0,0.0,0.0,0.0,0.0,,,53910000,1.222222,10982394969.333332
chess::operator|,0.006000,0.006000,0.0,0.0,14.3,14.3,0.0,12.8,0.0,0.0,0.0,0.0,0.0,0.0,0.0,0.0,0.0,0.0,0.0,,,95840000,0.468750,7487996570.000000
chess::operator~,0.006000,0.006000,0.0,0.0,0.0,0.0,0.0,0.0,0.0,0.0,0.0,0.0,0.0,0.0,0.0,0.0,0.0,0.0,0.0,,,77870000,0.307692,3993598170.666667
chess::operator~,0.006000,0.006000,0.0,0.0,100.0,100.0,0.0,0.0,0.0,0.0,0.0,0.0,0.0,0.0,0.0,0.0,0.0,0.0,0.0,,,80865000,0.555556,7487996570.000000
chess::typeOf,0.006000,0.006000,0.0,0.0,0.0,0.0,0.0,0.0,0.0,0.0,0.0,0.0,0.0,0.0,0.0,0.0,0.0,0.0,0.0,,,65890000,0.454545,4991997713.333334
chess::typeOf,0.006000,0.006000,0.0,0.0,0.0,0.0,0.0,0.0,0.0,0.0,0.0,0.0,,0.0,0.0,0.0,0.0,0.0,0.0,,,116805000,0.076923,1497599314.000000
engine::Evaluator::valueFromScore,0.006000,0.006000,0.0,0.0,0.0,0.0,0.0,0.0,0.0,0.0,0.0,0.0,0.0,0.0,0.0,0.0,0.0,0.0,0.0,,,86855000,0.275862,3993598170.666667
engine::Search::thread,0.006000,0.006000,0.0,0.0,33.3,33.3,0.0,37.1,0.0,0.0,0.0,0.0,6.7,0.0,0.0,0.0,0.0,0.0,0.0,,,86855000,0.413793,5990397256.000000
func@0x140256220,0.006000,0.006000,0.0,0.0,75.0,75.0,0.0,0.0,100.0,55.6,0.0,0.0,0.0,0.0,0.0,0.0,0.0,0.0,0.0,,,26955000,0.444444,1996799085.333333
func@0x140295af0,0.006000,0.006000,0.0,0.0,66.7,66.7,0.0,0.0,66.8,0.0,,0.0,0.0,0.0,0.0,0.0,0.0,0.0,0.0,,,20965000,0.714286,2495998856.666667
func@0x1402e4c76,0.006000,0.006000,0.0,0.0,0.0,0.0,55.6,0.0,27.8,0.0,0.0,0.0,0.0,0.0,0.0,0.0,0.0,0.0,0.0,,,5990000,3.000000,2995198628.000000
func@0x1403e1d50,0.006000,0.006000,0.0,0.0,0.0,0.0,0.0,0.0,12.8,12.8,5.0,25.0,0.0,0.0,0.0,0.0,0.0,0.0,0.0,SSE(128),,2995000,17.000000,8486396112.666667
func@0x1406b1eb0,0.006000,0.006000,0.0,0.0,0.0,0.0,0.0,12.8,0.0,0.0,0.0,0.0,0.0,0.0,0.0,0.0,0.0,0.0,0.0,,,0,,6988796798.666667
"std::array<chess::Bitboard,64>::operator[]",0.006000,0.006000,0.0,0.0,0.0,0.0,27.8,0.0,0.0,0.0,0.0,0.0,0.0,0.0,0.0,0.0,0.0,0.0,0.0,,,17970000,2.166667,6489597027.333333
"std::array<chess::Bitboard,8>::operator[]",0.006000,0.006000,0.0,0.0,100.0,100.0,0.0,0.0,0.0,0.0,,0.0,,,,0.0,0.0,0.0,0.0,,,68885000,0.956522,10982394969.333332
std::countr_zero,0.006000,0.006000,0.0,0.0,0.0,0.0,0.0,0.0,0.0,0.0,0.0,0.0,13.4,6.7,0.0,0.0,0.0,0.0,0.0,,,29950000,1.300000,6489597027.333333
std::popcount,0.006000,0.006000,0.0,0.0,0.0,0.0,0.0,0.0,0.0,0.0,0.0,0.0,,,,0.0,0.0,0.0,0.0,,,92845000,0.096774,1497599314.000000
"std::unique_ptr<engine::PawnTT::Entry [0],std::default_delete<engine::PawnTT::Entry [0]> >::operator[]",0.006000,0.006000,0.0,0.0,0.0,0.0,,,,0.0,40.1,0.0,0.0,0.0,0.0,0.0,0.0,0.0,0.0,,,0,,499199771.333333
[Loop at line 721 in engine::Evaluator::rookEval],0.005000,0.005000,0.0,0.0,0.0,0.0,0.0,0.0,0.0,0.0,,0.0,,,,0.0,0.0,0.0,0.0,,,47920000,0.312500,2995198628.000000
[Loop@0x1402e4d21 in func@0x1402e4c76],0.005000,0.005000,0.0,0.0,42.9,42.9,0.0,0.0,63.6,0.0,0.0,0.0,0.0,0.0,0.0,0.0,0.0,0.0,0.0,,,0,,12579834237.600000
[Loop@0x1402e6d32 in func@0x1402e6c70],0.005000,0.005000,0.0,0.0,100.0,100.0,0.0,0.0,17.9,29.8,0.0,0.0,0.0,0.0,0.0,0.0,0.0,0.0,0.0,,,2995000,28.000000,16773112316.799999
[Loop@0x14030acd8 in func@0x14030acb0],0.005000,0.005000,0.0,0.0,0.0,0.0,100.0,0.0,0.0,0.0,0.0,0.0,0.0,0.0,0.0,0.0,0.0,0.0,0.0,,,2995000,2.000000,1198079451.200000
[Loop@0x1406b26d0 in func@0x1406b239f],0.005000,0.005000,0.0,0.0,0.0,0.0,0.0,0.0,0.0,0.0,0.0,0.0,0.0,0.0,0.0,0.0,0.0,0.0,0.0,,,2995000,9.000000,5391357530.400001
[Loop@0x180005040 in _std_type_info_compare],0.005000,0.005000,0.0,0.0,0.0,0.0,0.0,0.0,0.0,0.0,0.0,0.0,0.0,0.0,0.0,0.0,0.0,0.0,0.0,,,89850000,0.533333,9584635609.600000
[Loop@0x1800cfc21 in func@0x1800cfb60],0.005000,0.005000,0.0,0.0,50.0,50.0,0.0,66.8,0.0,16.7,0.0,0.0,0.0,0.0,0.0,0.0,0.0,0.0,0.0,,,5990000,5.000000,5990397256.000000
boost::archive::detail::basic_iarchive_impl::register_type,0.005000,0.005000,0.0,0.0,0.0,0.0,0.0,0.0,0.0,0.0,0.0,0.0,0.0,0.0,0.0,0.0,0.0,0.0,0.0,SSE(128),,29950000,0.0,0.0
boost::serialization::extended_type_info::operator<,0.005000,0.005000,0.0,0.0,100.0,100.0,0.0,0.0,0.0,0.0,0.0,0.0,0.0,0.0,0.0,0.0,0.0,0.0,0.0,,,29950000,0.400000,2396158902.400000
chess::Bitboard::operator^=,0.005000,0.005000,0.0,0.0,0.0,0.0,0.0,0.0,0.0,0.0,0.0,0.0,20.0,20.0,0.0,0.0,0.0,0.0,0.0,,,50915000,0.176471,1797119176.800000
chess::Bitboard::popLSB,0.005000,0.005000,0.0,0.0,0.0,0.0,0.0,41.7,0.0,0.0,,0.0,0.0,0.0,0.0,0.0,0.0,0.0,0.0,,,14975000,1.400000,4193278079.200000
chess::Bitboard::popLSB,0.005000,0.005000,0.0,0.0,0.0,0.0,0.0,0.0,0.0,0.0,0.0,0.0,0.0,0.0,0.0,0.0,0.0,0.0,0.0,,,50915000,0.588235,5990397256.000000
chess::Move::type,0.005000,0.005000,0.0,0.0,0.0,0.0,,,0.0,0.0,,0.0,,,,0.0,0.0,0.0,0.0,,,2995000,0.0,0.0
chess::Move::{ctor},0.005000,0.005000,0.0,0.0,0.0,0.0,12.4,0.0,6.2,0.0,0.0,0.0,0.0,0.0,0.0,0.0,0.0,0.0,0.0,,,83860000,1.000000,16773112316.799999
chess::MoveGenerator::generateCastling,0.005000,0.005000,0.0,0.0,0.0,0.0,0.0,0.0,0.0,0.0,,0.0,0.0,0.0,0.0,0.0,0.0,0.0,0.0,,,68885000,0.652174,8985595884.000000
chess::Position::getKingSquare,0.005000,0.005000,0.0,0.0,0.0,0.0,0.0,0.0,0.0,0.0,0.0,0.0,0.0,4.0,0.0,0.0,0.0,0.0,0.0,,,188685000,0.222222,8386556158.400000
chess::Position::getNextPlayer,0.005000,0.005000,0.0,0.0,100.0,100.0,0.0,0.0,0.0,0.0,0.0,0.0,0.0,0.0,0.0,0.0,0.0,0.0,0.0,,,17970000,0.666667,2396158902.400000
chess::Position::getPiece,0.005000,0.005000,0.0,0.0,0.0,0.0,,0.0,,,30.1,0.0,0.0,0.0,0.0,0.0,0.0,0.0,0.0,,,5990000,1.000000,1198079451.200000
chess::Position::isLegalMove,0.005000,0.005000,0.0,0.0,0.0,0.0,0.0,0.0,0.0,0.0,0.0,0.0,0.0,0.0,0.0,0.0,0.0,0.0,0.0,,,77870000,0.307692,4792317804.800000
chess::Value::operator int,0.005000,0.005000,0.0,0.0,0.0,0.0,0.0,0.0,0.0,0.0,0.0,0.0,0.0,0.0,0.0,0.0,0.0,0.0,0.0,,,68885000,0.304348,4193278079.200000
chess::operator&,0.005000,0.005000,0.0,0.0,0.0,0.0,0.0,0.0,0.0,0.0,0.0,0.0,0.0,0.0,0.0,0.0,0.0,0.0,0.0,,,26955000,0.444444,2396158902.400000
chess::operator&,0.005000,0.005000,0.0,0.0,33.3,33.3,0.0,0.0,0.0,0.0,0.0,0.0,0.0,0.0,0.0,0.0,0.0,0.0,0.0,,,80865000,0.111111,1797119176.800000
chess::operator&,0.005000,0.005000,0.0,0.0,0.0,0.0,55.6,55.6,0.0,0.0,0.0,0.0,0.0,0.0,0.0,0.0,0.0,0.0,0.0,,,53910000,0.333333,3594238353.600000
chess::operator&,0.005000,0.005000,0.0,0.0,50.0,50.0,0.0,0.0,0.0,0.0,0.0,0.0,0.0,0.0,0.0,0.0,0.0,0.0,0.0,,,8985000,0.666667,1198079451.200000
chess::operator&,0.005000,0.005000,0.0,0.0,0.0,0.0,0.0,0.0,0.0,0.0,0.0,0.0,20.0,0.0,0.0,0.0,0.0,0.0,0.0,,,56905000,0.210526,2396158902.400000
chess::operator+,0.005000,0.005000,0.0,0.0,0.0,0.0,0.0,0.0,0.0,0.0,0.0,0.0,0.0,0.0,0.0,0.0,0.0,0.0,0.0,,,35940000,0.583333,4193278079.200000
chess::operator+=,0.005000,0.005000,0.0,0.0,20.0,20.0,0.0,15.2,0.0,0.0,,0.0,0.0,6.7,0.0,0.0,0.0,0.0,0.0,,,32945000,1.272727,8386556158.400000
chess::operator-,0.005000,0.005000,0.0,0.0,0.0,0.0,0.0,0.0,0.0,0.0,0.0,0.0,,,,0.0,0.0,0.0,0.0,,,8985000,2.000000,3594238353.600000
chess::operator-,0.005000,0.005000,0.0,0.0,0.0,0.0,0.0,0.0,0.0,0.0,0.0,0.0,0.0,0.0,0.0,0.0,0.0,0.0,0.0,,,119800000,0.200000,4792317804.800000
chess::operator-,0.005000,0.005000,0.0,0.0,100.0,100.0,100.0,41.7,0.0,0.0,,0.0,,0.0,0.0,0.0,0.0,0.0,0.0,,,14975000,0.800000,2396158902.400000
chess::operator~,0.005000,0.005000,0.0,0.0,0.0,0.0,0.0,0.0,0.0,0.0,0.0,0.0,0.0,0.0,0.0,0.0,0.0,0.0,0.0,,,80865000,0.481481,7787516432.800000
chess::operator~,0.005000,0.005000,0.0,0.0,0.0,0.0,0.0,0.0,0.0,0.0,0.0,0.0,0.0,0.0,0.0,0.0,0.0,0.0,0.0,,,62895000,0.428571,5391357530.400001
chess::typeOf,0.005000,0.005000,0.0,0.0,0.0,0.0,0.0,0.0,0.0,0.0,0.0,0.0,0.0,0.0,0.0,0.0,0.0,0.0,0.0,,,8985000,3.000000,5391357530.400001
engine::Search::thread,0.005000,0.005000,0.0,0.0,0.0,0.0,0.0,0.0,0.0,0.0,0.0,0.0,0.0,0.0,0.0,0.0,0.0,0.0,0.0,,,5990000,0.500000,599039725.600000
func@0x140202060,0.005000,0.005000,0.0,0.0,25.0,25.0,0.0,0.0,0.0,0.0,0.0,0.0,,,,0.0,0.0,0.0,0.0,SSE(128),,44925000,1.200000,10782715060.800001
func@0x14020fa80,0.005000,0.005000,0.0,0.0,33.3,33.3,83.5,100.0,0.0,0.0,8.6,0.0,0.0,0.0,0.0,0.0,0.0,0.0,0.0,SSE(128),,0,,6589436981.600000
func@0x14029c8f0,0.005000,0.005000,0.0,0.0,100.0,100.0,0.0,0.0,23.8,0.0,0.0,0.0,0.0,0.0,0.0,0.0,0.0,0.0,0.0,,,17970000,1.166667,4193278079.200000
func@0x1402e6c70,0.005000,0.005000,0.0,0.0,50.0,50.0,0.0,0.0,0.0,33.4,0.0,0.0,0.0,0.0,0.0,0.0,0.0,0.0,0.0,SSE(128),,0,,5990397256.000000
func@0x1402ebf80,0.005000,0.005000,0.0,0.0,,,100.0,0.0,62.6,0.0,60.1,50.1,0.0,0.0,0.0,0.0,0.0,0.0,0.0,,,0,,5990397256.000000
func@0x1402ec8e8,0.005000,0.005000,0.0,0.0,0.0,0.0,0.0,0.0,0.0,0.0,0.0,0.0,0.0,0.0,0.0,0.0,0.0,0.0,0.0,,,0,,5990397256.000000
func@0x140317160,0.005000,0.005000,0.0,0.0,,,0.0,0.0,100.0,83.5,0.0,0.0,0.0,0.0,0.0,0.0,0.0,0.0,0.0,,,0,,3594238353.600000
func@0x140318ce0,0.005000,0.005000,0.0,0.0,20.0,20.0,0.0,0.0,0.0,100.0,,0.0,0.0,0.0,0.0,0.0,0.0,0.0,0.0,,,11980000,2.000000,4792317804.800000
func@0x14031a0a0,0.005000,0.005000,0.0,0.0,0.0,0.0,9.8,0.0,9.8,0.0,,0.0,0.0,0.0,0.0,0.0,0.0,0.0,0.0,SSE(128),,5990000,8.500000,10183675335.199999
func@0x14033cf22,0.005000,0.005000,0.0,0.0,20.0,20.0,0.0,100.0,83.5,27.8,0.0,0.0,0.0,,0.0,0.0,0.0,0.0,0.0,SSE(128),,2995000,6.000000,3594238353.600000
func@0x140438770,0.005000,0.005000,0.0,0.0,100.0,100.0,0.0,,,0.0,,0.0,,0.0,0.0,0.0,0.0,0.0,0.0,SSE(128),,8985000,0.0,0.0
std::countr_zero,0.005000,0.005000,0.0,0.0,0.0,0.0,0.0,0.0,0.0,0.0,0.0,0.0,0.0,0.0,0.0,0.0,0.0,0.0,0.0,,,71880000,0.208333,2995198628.000000
std::countr_zero,0.005000,0.005000,0.0,0.0,0.0,0.0,0.0,0.0,0.0,0.0,0.0,0.0,0.0,0.0,0.0,0.0,0.0,0.0,0.0,,,128785000,0.116279,2995198628.000000
std::popcount,0.005000,0.005000,0.0,0.0,50.0,50.0,100.0,0.0,0.0,0.0,0.0,0.0,0.0,0.0,0.0,0.0,0.0,0.0,0.0,,,47920000,0.187500,1797119176.800000
std::ranges::_Swap::_Cpo::operator(),0.005000,0.005000,0.0,0.0,0.0,0.0,0.0,0.0,0.0,0.0,0.0,0.0,0.0,0.0,0.0,0.0,0.0,0.0,0.0,,,2995000,4.000000,2396158902.400000
"std::unique_ptr<engine::PawnTT::Entry [0],std::default_delete<engine::PawnTT::Entry [0]> >::operator[]",0.005000,0.005000,0.0,0.0,0.0,0.0,0.0,19.6,0.0,0.0,0.0,0.0,0.0,0.0,0.0,0.0,0.0,0.0,0.0,,,29950000,1.700000,10183675335.199999
[Loop@0x140001240 in func@0x1400010e0],0.004000,0.004000,0.0,0.0,33.3,33.3,100.0,0.0,0.0,83.5,0.0,0.0,0.0,0.0,0.0,0.0,0.0,0.0,0.0,,,0,,5241597599.000000
[Loop@0x140295d5f in func@0x140295af0],0.004000,0.004000,0.0,0.0,0.0,0.0,,,0.0,0.0,0.0,0.0,0.0,0.0,0.0,0.0,0.0,0.0,0.0,,,0,0.0,0.0
[Loop@0x14029ebf0 in func@0x14029ea20],0.004000,0.004000,0.0,0.0,0.0,0.0,0.0,55.6,0.0,0.0,,0.0,,,,0.0,0.0,0.0,0.0,,,11980000,0.750000,2246398971.000000
[Loop@0x14029ec70 in func@0x14029ea20],0.004000,0.004000,0.0,0.0,0.0,0.0,0.0,0.0,100.0,0.0,,,0.0,0.0,0.0,0.0,0.0,0.0,0.0,,,0,,748799657.000000
[Loop@0x1402e4cba in func@0x1402e4c76],0.004000,0.004000,0.0,0.0,50.0,50.0,,,0.0,0.0,0.0,0.0,0.0,0.0,0.0,0.0,0.0,0.0,0.0,,,0,0.0,0.0
[Loop@0x1402e4cf0 in func@0x1402e4c76],0.004000,0.004000,0.0,0.0,0.0,0.0,0.0,83.5,0.0,0.0,0.0,0.0,0.0,0.0,0.0,0.0,0.0,0.0,0.0,,,17970000,0.333333,1497599314.000000
[Loop@0x1402edd9d in func@0x1402edd42],0.004000,0.004000,0.0,0.0,,,0.0,0.0,16.7,0.0,0.0,0.0,0.0,0.0,0.0,0.0,0.0,0.0,0.0,,,38935000,0.846154,8236796227.000000
[Loop@0x140d0e460 in func@0x140d0e350],0.004000,0.004000,0.0,0.0,57.1,57.1,10.4,73.0,0.0,10.4,0.0,0.0,0.0,0.0,0.0,0.0,0.0,0.0,0.0,,,0,,11980794512.000000
[Loop@0x180078d00 in RtlFreeHeap],0.004000,0.004000,0.0,0.0,100.0,100.0,0.0,0.0,0.0,0.0,0.0,0.0,0.0,0.0,0.0,0.0,0.0,0.0,0.0,,,5990000,6.000000,8985595884.000000
[ntoskrnl.exe],0.004000,0.004000,0.0,0.0,100.0,100.0,0.0,55.6,100.0,0.0,0.0,0.0,0.0,0.0,0.0,0.0,0.0,0.0,0.0,,,0,,2246398971.000000
chess::Bitboard::operator bool,0.004000,0.004000,0.0,0.0,0.0,0.0,0.0,0.0,0.0,0.0,0.0,0.0,0.0,0.0,0.0,0.0,0.0,0.0,0.0,,,11980000,1.250000,3743998285.000000
chess::Bitboard::operator|=,0.004000,0.004000,0.0,0.0,0.0,0.0,0.0,0.0,0.0,0.0,0.0,50.1,10.0,0.0,0.0,0.0,0.0,0.0,0.0,,,95840000,0.250000,5990397256.000000
chess::Bitboard::operator|=,0.004000,0.004000,0.0,0.0,0.0,0.0,51.4,12.8,12.8,0.0,0.0,0.0,0.0,0.0,0.0,0.0,0.0,0.0,0.0,,,140765000,0.297872,10483195198.000000
chess::Bitboard::popLSB,0.004000,0.004000,0.0,0.0,0.0,0.0,0.0,0.0,0.0,0.0,0.0,0.0,0.0,0.0,0.0,0.0,0.0,0.0,0.0,,,2995000,12.000000,8985595884.000000
chess::Bitboard::popLSB,0.004000,0.004000,0.0,0.0,0.0,0.0,0.0,0.0,0.0,0.0,0.0,0.0,0.0,0.0,0.0,0.0,0.0,0.0,0.0,,,20965000,2.000000,10483195198.000000
chess::Bitboard::{ctor},0.004000,0.004000,0.0,0.0,0.0,0.0,0.0,0.0,0.0,0.0,0.0,0.0,0.0,0.0,0.0,0.0,0.0,0.0,0.0,,,65890000,0.181818,2995198628.000000
chess::CastlingRights::isEmpty,0.004000,0.004000,0.0,0.0,0.0,0.0,0.0,0.0,0.0,0.0,0.0,0.0,,0.0,0.0,0.0,0.0,0.0,0.0,,,41930000,0.142857,1497599314.000000
chess::Color::iterator::operator++,0.004000,0.004000,0.0,0.0,0.0,0.0,0.0,0.0,0.0,0.0,0.0,0.0,0.0,0.0,0.0,0.0,0.0,0.0,0.0,,,56905000,0.421053,5990397256.000000
chess::Color::iterator::{ctor},0.004000,0.004000,0.0,0.0,0.0,0.0,0.0,23.8,0.0,0.0,0.0,0.0,0.0,0.0,0.0,0.0,0.0,0.0,0.0,,,0,,5241597599.000000
chess::Move::operator==,0.004000,0.004000,0.0,0.0,0.0,0.0,,,0.0,0.0,0.0,0.0,0.0,0.0,0.0,0.0,0.0,0.0,0.0,,,20965000,0.285714,1497599314.000000
chess::Move::operator==,0.004000,0.004000,0.0,0.0,0.0,0.0,0.0,0.0,0.0,0.0,0.0,0.0,,,,0.0,0.0,0.0,0.0,,,8985000,0.333333,748799657.000000
chess::Move::setValue,0.004000,0.004000,0.0,0.0,0.0,0.0,0.0,0.0,0.0,0.0,0.0,0.0,0.0,0.0,0.0,0.0,0.0,0.0,0.0,,,101830000,0.411765,10483195198.000000
chess::Move::setValue,0.004000,0.004000,0.0,0.0,0.0,0.0,16.7,0.0,0.0,0.0,0.0,0.0,,,,0.0,0.0,0.0,0.0,,,47920000,1.250000,14975993140.000000
chess::Move::stripped,0.004000,0.004000,0.0,0.0,0.0,0.0,0.0,0.0,0.0,0.0,0.0,0.0,0.0,0.0,0.0,0.0,0.0,0.0,0.0,,,65890000,0.181818,2995198628.000000
chess::Move::to,0.004000,0.004000,0.0,0.0,0.0,0.0,95.4,0.0,23.8,0.0,,0.0,,0.0,0.0,0.0,0.0,0.0,0.0,,,44925000,0.466667,5241597599.000000
chess::Position::getKingSquare,0.004000,0.004000,0.0,0.0,0.0,0.0,0.0,0.0,0.0,0.0,0.0,0.0,6.7,0.0,0.0,0.0,0.0,0.0,0.0,,,14975000,0.600000,2246398971.000000
chess::Position::getLastMove,0.004000,0.004000,0.0,0.0,0.0,0.0,0.0,0.0,0.0,0.0,0.0,0.0,0.0,0.0,0.0,0.0,0.0,0.0,0.0,,,23960000,0.375000,2246398971.000000
chess::Position::getPieceBb,0.004000,0.004000,0.0,0.0,0.0,0.0,100.0,0.0,0.0,0.0,0.0,0.0,20.0,0.0,0.0,0.0,0.0,0.0,0.0,,,71880000,0.166667,2995198628.000000
chess::Position::getPieceBb,0.004000,0.004000,0.0,0.0,0.0,0.0,0.0,0.0,0.0,0.0,0.0,0.0,0.0,0.0,0.0,0.0,0.0,0.0,0.0,,,29950000,0.500000,3743998285.000000
chess::Square::file,0.004000,0.004000,0.0,0.0,0.0,0.0,0.0,0.0,0.0,0.0,0.0,0.0,0.0,0.0,0.0,0.0,0.0,0.0,0.0,,,47920000,0.250000,2995198628.000000
chess::Square::rank,0.004000,0.004000,0.0,0.0,0.0,0.0,0.0,0.0,0.0,0.0,0.0,0.0,0.0,0.0,0.0,0.0,0.0,0.0,0.0,,,32945000,0.818182,6739196913.000000
chess::Square::{ctor},0.004000,0.004000,0.0,0.0,0.0,0.0,0.0,0.0,0.0,0.0,0.0,0.0,0.0,0.0,0.0,0.0,0.0,0.0,0.0,,,116805000,0.051282,1497599314.000000
chess::colorOf,0.004000,0.004000,0.0,0.0,0.0,0.0,0.0,0.0,25.7,0.0,0.0,0.0,0.0,0.0,0.0,0.0,0.0,0.0,0.0,,,35940000,1.250000,11231994855.000000
chess::operator&,0.004000,0.004000,0.0,0.0,0.0,0.0,0.0,0.0,0.0,0.0,0.0,0.0,0.0,0.0,0.0,0.0,0.0,0.0,0.0,,,23960000,0.250000,1497599314.000000
chess::operator&,0.004000,0.004000,0.0,0.0,0.0,0.0,0.0,0.0,0.0,0.0,,0.0,0.0,0.0,0.0,0.0,0.0,0.0,0.0,,,23960000,0.375000,2246398971.000000
chess::operator&,0.004000,0.004000,0.0,0.0,0.0,0.0,0.0,0.0,13.9,0.0,0.0,0.0,20.0,0.0,0.0,0.0,0.0,0.0,0.0,,,98835000,0.393939,9734395541.000000
chess::operator&,0.004000,0.004000,0.0,0.0,,,0.0,0.0,0.0,0.0,0.0,0.0,0.0,0.0,0.0,0.0,0.0,0.0,0.0,,,32945000,0.636364,5241597599.000000
chess::operator-,0.004000,0.004000,0.0,0.0,0.0,0.0,0.0,0.0,0.0,0.0,,0.0,,0.0,0.0,0.0,0.0,0.0,0.0,,,41930000,0.357143,3743998285.000000
chess::operator-=,0.004000,0.004000,0.0,0.0,100.0,100.0,0.0,0.0,0.0,0.0,0.0,0.0,40.1,0.0,0.0,0.0,0.0,0.0,0.0,,,29950000,4.500000,33695984565.000000
chess::operator~,0.004000,0.004000,0.0,0.0,0.0,0.0,0.0,0.0,0.0,0.0,0.0,20.0,0.0,0.0,0.0,0.0,0.0,0.0,0.0,,,11980000,1.250000,3743998285.000000
chess::operator~,0.004000,0.004000,0.0,0.0,0.0,0.0,0.0,0.0,0.0,0.0,,0.0,,,,0.0,0.0,0.0,0.0,,,26955000,0.222222,1497599314.000000
chess::operator~,0.004000,0.004000,0.0,0.0,0.0,0.0,0.0,0.0,0.0,0.0,0.0,0.0,0.0,0.0,0.0,0.0,0.0,0.0,0.0,,,17970000,0.500000,2246398971.000000
chess::typeOf,0.004000,0.004000,0.0,0.0,0.0,0.0,0.0,0.0,0.0,0.0,,0.0,0.0,0.0,0.0,0.0,0.0,0.0,0.0,,,11980000,0.250000,748799657.000000
engine::TT::Entry::{ctor},0.004000,0.004000,0.0,0.0,0.0,0.0,0.0,0.0,0.0,0.0,100.0,0.0,0.0,50.1,0.0,0.0,0.0,0.0,0.0,,,2995000,2.000000,1497599314.000000
func@0x14017bd80,0.004000,0.004000,0.0,0.0,0.0,0.0,0.0,0.0,0.0,0.0,0.0,0.0,0.0,0.0,0.0,0.0,0.0,0.0,0.0,,,11980000,3.500000,10483195198.000000
func@0x140202360,0.004000,0.004000,0.0,0.0,0.0,0.0,66.8,0.0,0.0,0.0,0.0,0.0,0.0,0.0,0.0,0.0,0.0,0.0,0.0,SSE(128),,50915000,0.294118,3743998285.000000
func@0x140289ad0,0.004000,0.004000,0.0,0.0,50.0,50.0,0.0,0.0,,,0.0,0.0,0.0,0.0,0.0,0.0,0.0,0.0,0.0,,,5990000,0.0,0.0
func@0x1402b00f0,0.004000,0.004000,0.0,0.0,0.0,0.0,0.0,0.0,16.7,0.0,0.0,0.0,0.0,0.0,0.0,0.0,0.0,0.0,0.0,SSE(128),,0,,7487996570.000000
func@0x140309300,0.004000,0.004000,0.0,0.0,50.0,50.0,,,0.0,0.0,0.0,0.0,0.0,0.0,0.0,0.0,0.0,0.0,0.0,,,14975000,0.0,0.0
func@0x140343680,0.004000,0.004000,0.0,0.0,0.0,0.0,0.0,0.0,18.5,0.0,30.1,0.0,0.0,0.0,0.0,0.0,0.0,0.0,0.0,,,2995000,11.000000,8236796227.000000
func@0x1404206e2,0.004000,0.004000,0.0,0.0,0.0,0.0,100.0,0.0,0.0,0.0,0.0,0.0,0.0,0.0,0.0,0.0,0.0,0.0,0.0,,,0,,2246398971.000000
func@0x1406b1f90,0.004000,0.004000,0.0,0.0,33.3,33.3,83.5,83.5,0.0,0.0,26.7,0.0,0.0,20.0,0.0,0.0,0.0,0.0,0.0,SSE(128),,0,,3743998285.000000
func@0x18001d470,0.004000,0.004000,0.0,0.0,0.0,0.0,0.0,0.0,0.0,0.0,0.0,0.0,0.0,20.0,0.0,0.0,0.0,0.0,0.0,,,29950000,0.100000,748799657.000000
"std::array<chess::Bitboard,64>::operator[]",0.004000,0.004000,0.0,0.0,0.0,0.0,83.5,0.0,0.0,0.0,,0.0,0.0,0.0,0.0,0.0,0.0,0.0,0.0,,,44925000,0.266667,2995198628.000000
"std::array<chess::Bitboard,64>::operator[]",0.004000,0.004000,0.0,0.0,0.0,0.0,,,0.0,0.0,0.0,0.0,0.0,0.0,0.0,0.0,0.0,0.0,0.0,,,68885000,0.086957,1497599314.000000
"std::array<chess::Bitboard,64>::operator[]",0.004000,0.004000,0.0,0.0,0.0,0.0,0.0,0.0,0.0,0.0,,0.0,0.0,0.0,0.0,0.0,0.0,0.0,0.0,,,23960000,1.250000,7487996570.000000
"std::array<chess::Bitboard,8>::operator[]",0.004000,0.004000,0.0,0.0,0.0,0.0,0.0,0.0,33.4,0.0,0.0,0.0,0.0,0.0,0.0,0.0,0.0,0.0,0.0,,,32945000,0.545455,4492797942.000000
"std::array<std::array<chess::Bitboard,64>,8>::operator[]",0.004000,0.004000,0.0,0.0,0.0,0.0,0.0,0.0,0.0,0.0,0.0,0.0,0.0,0.0,0.0,0.0,0.0,0.0,0.0,,,44925000,0.533333,5990397256.000000
"std::array<std::array<chess::Bitboard,64>,8>::operator[]",0.004000,0.004000,0.0,0.0,0.0,0.0,22.3,0.0,0.0,0.0,0.0,0.0,0.0,0.0,0.0,0.0,0.0,0.0,0.0,,,68885000,0.652174,11231994855.000000
"std::array<std::array<unsigned __int64,64>,16>::operator[]",0.004000,0.004000,0.0,0.0,0.0,0.0,0.0,0.0,0.0,0.0,8.8,0.0,10.0,0.0,0.0,0.0,0.0,0.0,0.0,,,80865000,0.370370,7487996570.000000
std::countr_zero,0.004000,0.004000,0.0,0.0,33.3,33.3,0.0,0.0,0.0,0.0,0.0,0.0,0.0,0.0,0.0,0.0,0.0,0.0,0.0,,,83860000,0.464286,9734395541.000000
std::countr_zero,0.004000,0.004000,0.0,0.0,0.0,0.0,0.0,0.0,0.0,0.0,0.0,0.0,20.0,0.0,0.0,0.0,0.0,0.0,0.0,,,47920000,0.375000,4492797942.000000
std::countr_zero,0.004000,0.004000,0.0,0.0,0.0,0.0,0.0,0.0,100.0,0.0,0.0,0.0,0.0,0.0,0.0,0.0,0.0,0.0,0.0,,,29950000,0.100000,748799657.000000
std::countr_zero,0.004000,0.004000,0.0,0.0,0.0,0.0,0.0,0.0,0.0,0.0,,0.0,,,,0.0,0.0,0.0,0.0,,,47920000,0.750000,8985595884.000000
std::popcount,0.004000,0.004000,0.0,0.0,0.0,0.0,0.0,0.0,0.0,0.0,0.0,0.0,2.9,0.0,2.9,0.0,0.0,0.0,0.0,,,11980000,1.250000,3743998285.000000
std::popcount,0.004000,0.004000,0.0,0.0,0.0,0.0,0.0,0.0,0.0,0.0,0.0,0.0,0.0,0.0,0.0,0.0,0.0,0.0,0.0,,,17970000,0.500000,2246398971.000000
std::popcount,0.004000,0.004000,0.0,0.0,0.0,0.0,0.0,0.0,0.0,0.0,0.0,0.0,0.0,0.0,0.0,0.0,0.0,0.0,0.0,,,14975000,0.600000,2246398971.000000
std::popcount,0.004000,0.004000,0.0,0.0,0.0,0.0,0.0,0.0,0.0,0.0,0.0,0.0,0.0,0.0,0.0,0.0,0.0,0.0,0.0,,,71880000,0.166667,2995198628.000000
KeAcquireInStackQueuedSpinLock,0.003000,0.003000,0.0,0.0,100.0,100.0,0.0,0.0,83.5,0.0,0.0,0.0,,,,0.0,0.0,0.0,0.0,,,0,,3993598170.666667
KeLowerIrql,0.003000,0.003000,0.0,0.0,100.0,100.0,0.0,0.0,0.0,0.0,0.0,0.0,0.0,0.0,0.0,0.0,0.0,0.0,0.0,,,0,,5990397256.000000
[Loop at line 1177 in engine::Search::rootSearch],0.003000,0.003000,0.0,0.0,50.0,50.0,,,0.0,0.0,,0.0,0.0,0.0,0.0,0.0,0.0,0.0,0.0,,,0,0.0,0.0
[Loop at line 278 in engine::Evaluator::evaluate],0.003000,0.003000,0.0,0.0,0.0,0.0,0.0,0.0,0.0,0.0,,0.0,0.0,0.0,0.0,0.0,0.0,0.0,0.0,,,8985000,1.333333,3993598170.666667
[Loop@0x140001115 in func@0x1400010e0],0.003000,0.003000,0.0,0.0,0.0,0.0,83.5,0.0,0.0,100.0,,0.0,,,,0.0,0.0,0.0,0.0,,,0,,1996799085.333333
[Loop@0x140027206 in func@0x140027040],0.003000,0.003000,0.0,0.0,100.0,100.0,0.0,66.8,0.0,0.0,0.0,0.0,0.0,0.0,0.0,0.0,0.0,0.0,0.0,SSE(128),,5990000,2.500000,4991997713.333334
[Loop@0x140028d10 in func@0x140028980],0.003000,0.003000,0.0,0.0,0.0,0.0,0.0,0.0,33.4,0.0,0.0,0.0,0.0,0.0,0.0,0.0,0.0,0.0,0.0,,,0,,4991997713.333334
[Loop@0x14010f345 in `vector constructor iterator'],0.003000,0.003000,0.0,0.0,0.0,0.0,0.0,0.0,0.0,0.0,0.0,0.0,0.0,0.0,0.0,0.0,0.0,0.0,0.0,,,17970000,0.333333,1996799085.333333
[Loop@0x140202440 in func@0x140202360],0.003000,0.003000,0.0,0.0,0.0,0.0,0.0,0.0,0.0,0.0,0.0,0.0,0.0,0.0,0.0,0.0,0.0,0.0,0.0,,,8985000,0.333333,998399542.666667
[Loop@0x140319ac7 in func@0x140319000],0.003000,0.003000,0.0,0.0,100.0,100.0,0.0,83.5,83.5,0.0,,0.0,0.0,0.0,0.0,0.0,0.0,0.0,0.0,,,0,,1996799085.333333
[Loop@0x14033ba03 in func@0x14033b990],0.003000,0.003000,0.0,0.0,0.0,0.0,23.8,0.0,23.8,0.0,0.0,0.0,0.0,0.0,0.0,0.0,0.0,0.0,0.0,,,8985000,2.333333,6988796798.666667
[Loop@0x1403d19b0 in func@0x1403d1820],0.003000,0.003000,0.0,0.0,66.7,66.7,0.0,27.8,0.0,55.6,0.0,0.0,0.0,0.0,0.0,0.0,0.0,0.0,0.0,,,0,,5990397256.000000
[Loop@0x14042b67c in func@0x14042b5d0],0.003000,0.003000,0.0,0.0,0.0,0.0,0.0,0.0,0.0,0.0,0.0,0.0,0.0,0.0,0.0,0.0,0.0,0.0,0.0,,,0,,6988796798.666667
chess::Bitboard::operator bool,0.003000,0.003000,0.0,0.0,33.3,33.3,23.8,0.0,0.0,0.0,0.0,0.0,0.0,0.0,0.0,0.0,0.0,0.0,0.0,,,116805000,0.410256,15974392682.666666
chess::Bitboard::popLSB,0.003000,0.003000,0.0,0.0,0.0,0.0,0.0,0.0,0.0,0.0,,0.0,,,0.0,0.0,0.0,0.0,0.0,,,14975000,0.0,0.0
chess::Bitboard::{ctor},0.003000,0.003000,0.0,0.0,0.0,0.0,0.0,0.0,0.0,0.0,0.0,0.0,0.0,0.0,0.0,0.0,0.0,0.0,0.0,,,131780000,0.250000,10982394969.333332
chess::Direction::operator int,0.003000,0.003000,0.0,0.0,0.0,0.0,0.0,0.0,0.0,0.0,,0.0,0.0,0.0,0.0,0.0,0.0,0.0,0.0,,,71880000,0.166667,3993598170.666667
chess::Move::from,0.003000,0.003000,0.0,0.0,,,,,0.0,0.0,0.0,0.0,,,,0.0,0.0,0.0,0.0,,,0,0.0,0.0
chess::Move::stripped,0.003000,0.003000,0.0,0.0,0.0,0.0,0.0,0.0,0.0,0.0,0.0,0.0,0.0,0.0,0.0,0.0,0.0,0.0,0.0,,,8985000,0.666667,1996799085.333333
chess::Move::to,0.003000,0.003000,0.0,0.0,0.0,0.0,0.0,0.0,0.0,0.0,0.0,0.0,0.0,0.0,0.0,0.0,0.0,0.0,0.0,,,101830000,0.264706,8985595884.000000
chess::Move::to,0.003000,0.003000,0.0,0.0,100.0,100.0,16.7,0.0,100.0,0.0,20.0,0.0,0.0,30.1,0.0,0.0,0.0,0.0,0.0,,,29950000,1.200000,11980794512.000000
chess::Move::type,0.003000,0.003000,0.0,0.0,0.0,0.0,0.0,0.0,0.0,0.0,,0.0,0.0,0.0,0.0,0.0,0.0,0.0,0.0,,,41930000,0.071429,998399542.666667
chess::Move::{ctor},0.003000,0.003000,0.0,0.0,0.0,0.0,0.0,0.0,0.0,0.0,0.0,0.0,0.0,0.0,0.0,0.0,0.0,0.0,0.0,,,8985000,0.333333,998399542.666667
chess::Position::getEnPassantSquare,0.003000,0.003000,0.0,0.0,0.0,0.0,0.0,0.0,0.0,0.0,0.0,0.0,0.0,0.0,0.0,0.0,0.0,0.0,0.0,,,20965000,0.142857,998399542.666667
chess::Position::getPieceBb,0.003000,0.003000,0.0,0.0,0.0,0.0,0.0,0.0,0.0,0.0,0.0,0.0,0.0,0.0,0.0,0.0,0.0,0.0,0.0,,,41930000,0.642857,8985595884.000000
chess::Position::getPieceBb,0.003000,0.003000,0.0,0.0,0.0,0.0,0.0,0.0,83.5,0.0,0.0,0.0,0.0,0.0,0.0,0.0,0.0,0.0,0.0,,,44925000,0.266667,3993598170.666667
chess::Position::getPieceBb,0.003000,0.003000,0.0,0.0,0.0,0.0,0.0,0.0,0.0,0.0,0.0,0.0,6.7,0.0,0.0,0.0,0.0,0.0,0.0,,,62895000,0.238095,4991997713.333334
chess::Square::rank,0.003000,0.003000,0.0,0.0,0.0,0.0,0.0,0.0,0.0,0.0,0.0,0.0,0.0,0.0,0.0,0.0,0.0,0.0,0.0,,,14975000,0.600000,2995198628.000000
chess::Value::isValid,0.003000,0.003000,0.0,0.0,0.0,0.0,55.6,0.0,13.9,0.0,39.3,66.8,0.0,0.0,0.0,0.0,0.0,0.0,0.0,,,32945000,1.363636,14975993140.000000
chess::operator&,0.003000,0.003000,0.0,0.0,0.0,0.0,0.0,0.0,0.0,0.0,0.0,0.0,0.0,0.0,0.0,0.0,0.0,0.0,0.0,,,11980000,1.500000,5990397256.000000
chess::operator&,0.003000,0.003000,0.0,0.0,,,0.0,0.0,55.6,0.0,0.0,0.0,0.0,0.0,0.0,0.0,0.0,0.0,0.0,,,32945000,0.727273,7987196341.333333
chess::operator&,0.003000,0.003000,0.0,0.0,0.0,0.0,0.0,0.0,0.0,0.0,0.0,0.0,0.0,0.0,0.0,0.0,0.0,0.0,0.0,,,8985000,1.666667,4991997713.333334
chess::operator+,0.003000,0.003000,0.0,0.0,100.0,100.0,100.0,0.0,83.5,0.0,0.0,0.0,0.0,0.0,0.0,0.0,0.0,0.0,0.0,,,47920000,0.187500,2995198628.000000
chess::operator+,0.003000,0.003000,0.0,0.0,0.0,0.0,0.0,0.0,0.0,0.0,0.0,0.0,0.0,0.0,0.0,0.0,0.0,0.0,0.0,,,35940000,0.666667,7987196341.333333
chess::operator+=,0.003000,0.003000,0.0,0.0,0.0,0.0,0.0,0.0,0.0,0.0,0.0,0.0,0.0,0.0,0.0,0.0,0.0,0.0,0.0,,,17970000,0.333333,1996799085.333333
chess::operator-,0.003000,0.003000,0.0,0.0,33.3,33.3,0.0,100.0,0.0,0.0,,0.0,,,,0.0,0.0,0.0,0.0,,,0,,1996799085.333333
chess::operator-,0.003000,0.003000,0.0,0.0,0.0,0.0,0.0,0.0,0.0,0.0,0.0,0.0,0.0,0.0,0.0,0.0,0.0,0.0,0.0,,,50915000,0.117647,1996799085.333333
chess::operator-,0.003000,0.003000,0.0,0.0,100.0,100.0,0.0,0.0,0.0,0.0,0.0,0.0,0.0,0.0,0.0,0.0,0.0,0.0,0.0,,,74875000,0.120000,2995198628.000000
chess::operator-,0.003000,0.003000,0.0,0.0,0.0,0.0,0.0,0.0,0.0,0.0,0.0,0.0,0.0,0.0,0.0,0.0,0.0,0.0,0.0,,,62895000,0.714286,14975993140.000000
chess::operator|,0.003000,0.003000,0.0,0.0,0.0,0.0,0.0,0.0,0.0,0.0,0.0,0.0,,,,0.0,0.0,0.0,0.0,,,59900000,0.050000,998399542.666667
chess::operator|,0.003000,0.003000,0.0,0.0,0.0,0.0,0.0,100.0,41.7,0.0,40.1,0.0,0.0,0.0,0.0,0.0,0.0,0.0,0.0,,,14975000,1.000000,4991997713.333334
chess::operator|,0.003000,0.003000,0.0,0.0,100.0,100.0,0.0,0.0,0.0,0.0,0.0,0.0,0.0,0.0,0.0,0.0,0.0,0.0,0.0,,,32945000,0.727273,7987196341.333333
chess::operator|,0.003000,0.003000,0.0,0.0,0.0,0.0,0.0,0.0,0.0,0.0,0.0,0.0,0.0,0.0,0.0,0.0,0.0,0.0,0.0,,,71880000,0.625000,14975993140.000000
chess::operator~,0.003000,0.003000,0.0,0.0,50.0,50.0,0.0,0.0,0.0,0.0,0.0,0.0,0.0,0.0,0.0,0.0,0.0,0.0,0.0,,,26955000,0.444444,3993598170.666667
chess::operator~,0.003000,0.003000,0.0,0.0,0.0,0.0,0.0,0.0,0.0,0.0,0.0,0.0,0.0,0.0,0.0,0.0,0.0,0.0,0.0,,,5990000,0.500000,998399542.666667
engine::Search::thread,0.003000,0.003000,0.0,0.0,0.0,0.0,0.0,0.0,0.0,0.0,0.0,0.0,0.0,,0.0,0.0,0.0,0.0,0.0,,,35940000,0.666667,7987196341.333333
engine::Search::thread,0.003000,0.003000,0.0,0.0,,,100.0,0.0,33.4,0.0,0.0,0.0,0.0,0.0,0.0,0.0,0.0,0.0,0.0,,,29950000,0.700000,6988796798.666667
engine::Search::thread,0.003000,0.003000,0.0,0.0,0.0,0.0,0.0,27.8,27.8,0.0,0.0,0.0,10.0,0.0,0.0,0.0,0.0,0.0,0.0,,,50915000,0.470588,7987196341.333333
engine::TT::getClusterIndex,0.003000,0.003000,0.0,0.0,0.0,0.0,0.0,0.0,100.0,0.0,43.3,0.0,2.6,41.8,0.0,0.0,0.0,0.0,0.0,,,8985000,2.000000,5990397256.000000
func@0x14011e010,0.003000,0.003000,0.0,0.0,0.0,0.0,0.0,0.0,0.0,0.0,0.0,0.0,0.0,0.0,0.0,0.0,0.0,0.0,0.0,,,2995000,0.0,0.0
func@0x140294430,0.003000,0.003000,0.0,0.0,0.0,0.0,55.6,0.0,0.0,0.0,0.0,0.0,0.0,0.0,0.0,0.0,0.0,0.0,0.0,,,20965000,0.857143,5990397256.000000
func@0x14029a67b,0.003000,0.003000,0.0,0.0,0.0,0.0,0.0,0.0,0.0,0.0,0.0,0.0,0.0,20.0,0.0,0.0,0.0,0.0,0.0,,,17970000,0.333333,1996799085.333333
func@0x14029d1e0,0.003000,0.003000,0.0,0.0,100.0,100.0,0.0,0.0,18.5,0.0,,0.0,,,,0.0,0.0,0.0,0.0,SSE2(128),,23960000,1.125000,8985595884.000000
func@0x14029ddc3,0.003000,0.003000,0.0,0.0,0.0,0.0,0.0,0.0,0.0,0.0,0.0,0.0,0.0,0.0,0.0,0.0,0.0,0.0,0.0,SSE2(128),,5990000,0.0,0.0
func@0x1402ecb40,0.003000,0.003000,0.0,0.0,0.0,0.0,0.0,15.2,22.8,0.0,0.0,0.0,20.0,0.0,20.0,0.0,0.0,0.0,0.0,,,0,,22963189481.333336
func@0x14033bfe0,0.003000,0.003000,0.0,0.0,25.0,25.0,0.0,23.8,95.4,23.8,0.0,0.0,0.0,0.0,0.0,0.0,0.0,0.0,0.0,SSE(128),,20965000,1.142857,7987196341.333333
func@0x140340670,0.003000,0.003000,0.0,0.0,0.0,0.0,0.0,0.0,0.0,0.0,0.0,0.0,0.0,0.0,0.0,0.0,0.0,0.0,0.0,,,0,,2995198628.000000
func@0x140401110,0.003000,0.003000,0.0,0.0,0.0,0.0,0.0,100.0,0.0,0.0,0.0,0.0,,,,0.0,0.0,0.0,0.0,,,2995000,1.000000,998399542.666667
func@0x14040f6d0,0.003000,0.003000,0.0,0.0,0.0,0.0,0.0,0.0,33.4,33.4,20.0,0.0,0.0,0.0,0.0,0.0,0.0,0.0,0.0,SSE(128),,11980000,1.500000,5990397256.000000
func@0x1404e76a0,0.003000,0.003000,0.0,0.0,0.0,0.0,0.0,0.0,0.0,0.0,0.0,0.0,0.0,0.0,0.0,0.0,0.0,0.0,0.0,SSE(128),,8985000,2.333333,6988796798.666667
func@0x140c9b5f0,0.003000,0.003000,0.0,0.0,0.0,0.0,0.0,83.5,0.0,0.0,0.0,0.0,0.0,0.0,0.0,0.0,0.0,0.0,0.0,,,0,,3993598170.666667
func@0x180011200,0.003000,0.003000,0.0,0.0,0.0,0.0,0.0,0.0,0.0,0.0,0.0,0.0,0.0,0.0,0.0,0.0,0.0,0.0,0.0,AVX(256); SSE2(128),,41930000,0.428571,5990397256.000000
func@0x1d194,0.003000,0.003000,0.0,0.0,100.0,100.0,83.5,83.5,0.0,41.7,0.0,0.0,0.0,0.0,0.0,0.0,0.0,0.0,0.0,,,0,,3993598170.666667
"std::_Tree<std::_Tset_traits<boost::archive::detail::basic_iarchive_impl::cobject_type,std::less<boost::archive::detail::basic_iarchive_impl::cobject_type>,std::allocator<boost::archive::detail::basic_iarchive_impl::cobject_type>,0> >::insert",0.003000,0.003000,0.0,0.0,0.0,0.0,0.0,0.0,0.0,0.0,0.0,0.0,0.0,0.0,0.0,0.0,0.0,0.0,0.0,SSE(128),,41930000,0.428571,5990397256.000000
"std::array<chess::Bitboard,64>::operator[]",0.003000,0.003000,0.0,0.0,0.0,0.0,0.0,0.0,0.0,0.0,8.6,0.0,0.0,0.0,0.0,0.0,0.0,0.0,0.0,,,26955000,1.000000,8985595884.000000
"std::array<chess::Bitboard,64>::operator[]",0.003000,0.003000,0.0,0.0,100.0,100.0,0.0,0.0,0.0,0.0,0.0,0.0,0.0,20.0,0.0,0.0,0.0,0.0,0.0,,,65890000,0.545455,11980794512.000000
"std::array<int,64>::operator[]",0.003000,0.003000,0.0,0.0,0.0,0.0,0.0,0.0,0.0,0.0,0.0,0.0,0.0,0.0,0.0,0.0,0.0,0.0,0.0,,,38935000,0.846154,10982394969.333332
"std::array<int,64>::operator[]",0.003000,0.003000,0.0,0.0,0.0,0.0,0.0,0.0,0.0,0.0,0.0,0.0,,0.0,0.0,0.0,0.0,0.0,0.0,,,14975000,0.0,0.0
"std::array<std::array<chess::Bitboard,64>,2>::operator[]",0.003000,0.003000,0.0,0.0,0.0,0.0,0.0,0.0,0.0,0.0,0.0,0.0,0.0,0.0,0.0,0.0,0.0,0.0,0.0,,,80865000,0.333333,8985595884.000000
"std::array<std::array<int,64>,64>::operator[]",0.003000,0.003000,0.0,0.0,0.0,0.0,18.5,0.0,0.0,0.0,0.0,0.0,0.0,0.0,0.0,0.0,0.0,0.0,0.0,,,59900000,0.900000,17971191768.000000
std::countr_zero,0.003000,0.003000,0.0,0.0,0.0,0.0,0.0,0.0,0.0,0.0,0.0,0.0,0.0,0.0,0.0,0.0,0.0,0.0,0.0,,,38935000,0.307692,3993598170.666667
std::popcount,0.003000,0.003000,0.0,0.0,0.0,0.0,0.0,0.0,0.0,0.0,0.0,0.0,0.0,0.0,0.0,0.0,0.0,0.0,0.0,,,38935000,0.307692,3993598170.666667
std::ranges::_Swap::_Cpo::operator(),0.003000,0.003000,0.0,0.0,0.0,0.0,0.0,0.0,0.0,0.0,0.0,0.0,0.0,0.0,0.0,0.0,0.0,0.0,0.0,,,8985000,0.333333,998399542.666667
IoQueueWorkItemEx,0.002000,0.002000,0.0,0.0,0.0,0.0,0.0,0.0,0.0,0.0,0.0,0.0,0.0,0.0,0.0,0.0,0.0,0.0,0.0,SSE(128),,0,0.0,0.0
KeAcquireSpinLockRaiseToDpc,0.002000,0.002000,0.0,0.0,0.0,0.0,27.8,27.8,0.0,0.0,,0.0,,,,0.0,0.0,0.0,0.0,,,29950000,0.600000,8985595884.000000
KeAndAffinityEx2,0.002000,0.002000,0.0,0.0,0.0,0.0,0.0,0.0,0.0,0.0,0.0,0.0,0.0,0.0,0.0,0.0,0.0,0.0,0.0,,,2995000,2.000000,2995198628.000000
KeClockInterruptNotify,0.002000,0.002000,0.0,0.0,,,0.0,62.6,0.0,0.0,,0.0,,,,0.0,0.0,0.0,0.0,,,2995000,8.000000,11980794512.000000
KfRaiseIrql,0.002000,0.002000,0.0,0.0,0.0,0.0,30.4,0.0,0.0,0.0,0.0,0.0,0.0,0.0,0.0,0.0,0.0,0.0,0.0,,,5990000,5.500000,16473592454.000000
RtlFreeHeap,0.002000,0.002000,0.0,0.0,66.7,66.7,71.5,23.8,0.0,47.7,0.0,0.0,,,,0.0,0.0,0.0,0.0,,,77870000,0.269231,10483195198.000000
RtlRbRemoveNode,0.002000,0.002000,0.0,0.0,0.0,0.0,0.0,0.0,0.0,0.0,0.0,0.0,0.0,0.0,0.0,0.0,0.0,0.0,0.0,,,14975000,1.000000,7487996570.000000
WdLogSingleEntry1,0.002000,0.002000,0.0,0.0,0.0,0.0,0.0,0.0,0.0,0.0,0.0,0.0,0.0,0.0,0.0,0.0,0.0,0.0,0.0,,,8985000,0.666667,2995198628.000000
[Loop at line 8510 in std::ranges::_Partition_by_median_guess_common],0.002000,0.002000,0.0,0.0,0.0,0.0,0.0,0.0,0.0,0.0,0.0,0.0,0.0,0.0,0.0,0.0,0.0,0.0,0.0,,,2995000,3.000000,4492797942.000000
[Loop@0x140026ff0 in func@0x140026fb0],0.002000,0.002000,0.0,0.0,,,,,0.0,0.0,0.0,0.0,0.0,0.0,0.0,0.0,0.0,0.0,0.0,SSE(128),,0,0.0,0.0
[Loop@0x140256c89 in func@0x140256400],0.002000,0.002000,0.0,0.0,0.0,0.0,0.0,0.0,0.0,0.0,0.0,0.0,0.0,0.0,0.0,0.0,0.0,0.0,0.0,,,0,,2995198628.000000
[Loop@0x140294310 in func@0x1402942c0],0.002000,0.002000,0.0,0.0,0.0,0.0,,0.0,0.0,0.0,0.0,0.0,0.0,40.1,0.0,0.0,0.0,0.0,0.0,,,0,,1497599314.000000
[Loop@0x140295d56 in func@0x140295af0],0.002000,0.002000,0.0,0.0,0.0,0.0,,,0.0,0.0,0.0,0.0,0.0,0.0,0.0,0.0,0.0,0.0,0.0,,,0,0.0,0.0
[Loop@0x1402e67d1 in func@0x1402e6740],0.002000,0.002000,0.0,0.0,100.0,100.0,,0.0,0.0,0.0,0.0,0.0,0.0,0.0,0.0,0.0,0.0,0.0,0.0,,,20965000,0.0,0.0
[Loop@0x1402f94b0 in func@0x1402f91f0],0.002000,0.002000,0.0,0.0,0.0,0.0,0.0,0.0,0.0,0.0,0.0,0.0,0.0,0.0,0.0,0.0,0.0,0.0,0.0,SSE(128),,8985000,0.666667,2995198628.000000
[Loop@0x140317180 in func@0x140317160],0.002000,0.002000,0.0,0.0,,,0.0,83.5,83.5,83.5,0.0,0.0,0.0,0.0,0.0,0.0,0.0,0.0,0.0,,,0,,2995198628.000000
[Loop@0x14033d302 in func@0x14033cf22],0.002000,0.002000,0.0,0.0,0.0,0.0,0.0,0.0,0.0,0.0,0.0,0.0,0.0,0.0,0.0,0.0,0.0,0.0,0.0,,,2995000,0.0,0.0
[Loop@0x140344860 in func@0x1403446c0],0.002000,0.002000,0.0,0.0,0.0,0.0,0.0,0.0,,,6.3,0.0,0.0,0.0,0.0,0.0,0.0,0.0,0.0,SSE(128),,14975000,0.400000,2995198628.000000
[Loop@0x1403b2b3f in func@0x1403b2b10],0.002000,0.002000,0.0,0.0,0.0,0.0,0.0,0.0,,,,0.0,,,,0.0,0.0,0.0,0.0,,,14975000,0.0,0.0
[Loop@0x1403baf46 in KeIsEmptyAffinityEx],0.002000,0.002000,0.0,0.0,0.0,0.0,0.0,0.0,0.0,0.0,0.0,0.0,0.0,0.0,0.0,0.0,0.0,0.0,0.0,,,2995000,0.0,0.0
[Loop@0x140415110 in func@0x140415102],0.002000,0.002000,0.0,0.0,0.0,0.0,0.0,0.0,0.0,0.0,0.0,0.0,0.0,0.0,0.0,0.0,0.0,0.0,0.0,,,0,,1497599314.000000
[Loop@0x1405e1c45 in func@0x1405e1574],0.002000,0.002000,0.0,0.0,0.0,0.0,0.0,0.0,0.0,0.0,,0.0,0.0,0.0,0.0,0.0,0.0,0.0,0.0,,,2995000,0.0,0.0
[Loop@0x1406ab181 in func@0x1406ab160],0.002000,0.002000,0.0,0.0,0.0,0.0,0.0,0.0,0.0,0.0,0.0,0.0,0.0,0.0,0.0,0.0,0.0,0.0,0.0,,,0,0.0,0.0
[Loop@0x1406b2dc7 in ExpInterlockedPopEntrySList],0.002000,0.002000,0.0,0.0,50.0,50.0,0.0,66.8,0.0,66.8,,0.0,0.0,0.0,0.0,0.0,0.0,0.0,0.0,,,17970000,0.833333,7487996570.000000
[Loop@0x14073cd10 in func@0x14073cbd0],0.002000,0.002000,0.0,0.0,,,100.0,41.7,0.0,0.0,0.0,0.0,0.0,0.0,0.0,0.0,0.0,0.0,0.0,SSE(128),,0,,5990397256.000000
[Loop@0x18001d610 in func@0x18001d470],0.002000,0.002000,0.0,0.0,0.0,0.0,0.0,83.5,83.5,0.0,0.0,0.0,0.0,0.0,0.0,0.0,0.0,0.0,0.0,,,65890000,0.090909,2995198628.000000
[Loop@0x18009c050 in func@0x18009bfbf],0.002000,0.002000,0.0,0.0,0.0,0.0,0.0,0.0,0.0,0.0,0.0,0.0,0.0,0.0,0.0,0.0,0.0,0.0,0.0,,,0,0.0,0.0
"boost::serialization::free_loader<boost::archive::binary_iarchive,boost::serialization::nvp<int> >::invoke",0.002000,0.002000,0.0,0.0,0.0,0.0,0.0,0.0,0.0,0.0,0.0,0.0,0.0,0.0,0.0,0.0,0.0,0.0,0.0,,,5990000,0.0,0.0
boost::serialization::typeid_system::extended_type_info_typeid_0::is_less_than,0.002000,0.002000,0.0,0.0,0.0,0.0,0.0,0.0,0.0,0.0,0.0,0.0,0.0,0.0,0.0,0.0,0.0,0.0,0.0,,,17970000,0.0,0.0
chess::Bitboard::operator bool,0.002000,0.002000,0.0,0.0,0.0,0.0,100.0,0.0,0.0,0.0,0.0,0.0,,0.0,0.0,0.0,0.0,0.0,0.0,,,8985000,1.000000,4492797942.000000
chess::Bitboard::operator^=,0.002000,0.002000,0.0,0.0,0.0,0.0,0.0,0.0,0.0,0.0,0.0,0.0,0.0,0.0,0.0,0.0,0.0,0.0,0.0,,,44925000,0.200000,4492797942.000000
chess::Bitboard::operator|=,0.002000,0.002000,0.0,0.0,0.0,0.0,0.0,0.0,0.0,0.0,0.0,0.0,0.0,0.0,0.0,0.0,0.0,0.0,0.0,,,14975000,0.600000,4492797942.000000
chess::Bitboard::operator|=,0.002000,0.002000,0.0,0.0,0.0,0.0,0.0,0.0,0.0,0.0,,0.0,0.0,0.0,0.0,0.0,0.0,0.0,0.0,,,17970000,0.166667,1497599314.000000
chess::Bitboard::operator|=,0.002000,0.002000,0.0,0.0,0.0,0.0,0.0,0.0,0.0,0.0,0.0,0.0,0.0,0.0,0.0,0.0,0.0,0.0,0.0,,,2995000,14.000000,20966390396.000000
chess::Bitboard::popLSB,0.002000,0.002000,0.0,0.0,0.0,0.0,0.0,0.0,0.0,0.0,,33.4,0.0,0.0,0.0,0.0,0.0,0.0,0.0,,,20965000,0.428571,4492797942.000000
chess::Bitboard::popLSB,0.002000,0.002000,0.0,0.0,0.0,0.0,0.0,0.0,0.0,0.0,0.0,0.0,0.0,0.0,0.0,0.0,0.0,0.0,0.0,,,14975000,1.200000,8985595884.000000
chess::Bitboard::popLSB,0.002000,0.002000,0.0,0.0,0.0,0.0,0.0,0.0,0.0,0.0,0.0,0.0,0.0,0.0,0.0,0.0,0.0,0.0,0.0,,,35940000,0.500000,8985595884.000000
chess::Direction::pawnPush,0.002000,0.002000,0.0,0.0,0.0,0.0,0.0,0.0,0.0,0.0,0.0,0.0,0.0,0.0,0.0,0.0,0.0,0.0,0.0,,,23960000,0.250000,2995198628.000000
chess::Direction::pawnPush,0.002000,0.002000,0.0,0.0,0.0,0.0,0.0,0.0,0.0,0.0,0.0,0.0,,,,0.0,0.0,0.0,0.0,,,2995000,0.0,0.0
chess::Move::encode,0.002000,0.002000,0.0,0.0,0.0,0.0,0.0,100.0,0.0,0.0,0.0,0.0,0.0,0.0,0.0,0.0,0.0,0.0,0.0,,,8985000,0.666667,2995198628.000000
chess::Move::isNone,0.002000,0.002000,0.0,0.0,0.0,0.0,0.0,0.0,,,0.0,0.0,0.0,,0.0,0.0,0.0,0.0,0.0,,,0,0.0,0.0
chess::Move::operator==,0.002000,0.002000,0.0,0.0,0.0,0.0,0.0,0.0,0.0,0.0,0.0,0.0,10.0,0.0,0.0,0.0,0.0,0.0,0.0,,,11980000,0.500000,2995198628.000000
chess::Move::to,0.002000,0.002000,0.0,0.0,,,0.0,0.0,0.0,0.0,0.0,0.0,,,,0.0,0.0,0.0,0.0,,,20965000,0.142857,1497599314.000000
chess::Move::type,0.002000,0.002000,0.0,0.0,0.0,0.0,100.0,0.0,0.0,0.0,0.0,0.0,0.0,0.0,0.0,0.0,0.0,0.0,0.0,,,32945000,0.181818,2995198628.000000
chess::Move::type,0.002000,0.002000,0.0,0.0,0.0,0.0,,0.0,0.0,0.0,,0.0,,0.0,0.0,0.0,0.0,0.0,0.0,,,2995000,0.0,0.0
chess::Move::value,0.002000,0.002000,0.0,0.0,0.0,0.0,0.0,0.0,0.0,0.0,0.0,0.0,0.0,0.0,0.0,0.0,0.0,0.0,0.0,,,86855000,0.482759,20966390396.000000
chess::Move::{ctor},0.002000,0.002000,0.0,0.0,0.0,0.0,0.0,0.0,0.0,0.0,0.0,0.0,0.0,0.0,0.0,0.0,0.0,0.0,0.0,,,23960000,0.125000,1497599314.000000
chess::MoveGenerator::reset,0.002000,0.002000,0.0,0.0,0.0,0.0,0.0,0.0,0.0,0.0,0.0,0.0,0.0,0.0,0.0,0.0,0.0,0.0,0.0,,,0,,2995198628.000000
chess::MoveGenerator::reset,0.002000,0.002000,0.0,0.0,0.0,0.0,0.0,0.0,0.0,0.0,0.0,0.0,0.0,0.0,0.0,0.0,0.0,0.0,0.0,,,0,,1497599314.000000
chess::MoveGenerator::resetOnDemand,0.002000,0.002000,0.0,0.0,,,0.0,0.0,0.0,0.0,0.0,0.0,0.0,0.0,0.0,0.0,0.0,0.0,0.0,,,0,,2995198628.000000
chess::Position::getEnPassantSquare,0.002000,0.002000,0.0,0.0,0.0,0.0,0.0,0.0,0.0,0.0,,0.0,0.0,0.0,0.0,0.0,0.0,0.0,0.0,,,38935000,0.461538,8985595884.000000
chess::Position::getPieceBb,0.002000,0.002000,0.0,0.0,0.0,0.0,0.0,0.0,0.0,0.0,0.0,0.0,0.0,0.0,0.0,0.0,0.0,0.0,0.0,,,35940000,0.0,0.0
chess::Position::getPieceBb,0.002000,0.002000,0.0,0.0,0.0,0.0,0.0,0.0,0.0,0.0,0.0,0.0,0.0,0.0,0.0,0.0,0.0,0.0,0.0,,,74875000,0.280000,10483195198.000000
chess::Position::getPieceBb,0.002000,0.002000,0.0,0.0,0.0,0.0,0.0,100.0,0.0,0.0,0.0,0.0,0.0,0.0,0.0,0.0,0.0,0.0,0.0,,,11980000,0.500000,2995198628.000000
chess::Position::isCapturingMove,0.002000,0.002000,0.0,0.0,0.0,0.0,0.0,0.0,0.0,0.0,0.0,0.0,0.0,0.0,0.0,0.0,0.0,0.0,0.0,,,0,0.0,0.0
chess::Square::rank,0.002000,0.002000,0.0,0.0,0.0,0.0,66.8,0.0,0.0,0.0,0.0,0.0,,0.0,0.0,0.0,0.0,0.0,0.0,,,62895000,0.238095,7487996570.000000
chess::StaticMoveList<256>::push_back,0.002000,0.002000,0.0,0.0,0.0,0.0,0.0,0.0,0.0,0.0,0.0,0.0,0.0,0.0,0.0,0.0,0.0,0.0,0.0,,,8985000,0.0,0.0
chess::StaticMoveList<256>::push_back,0.002000,0.002000,0.0,0.0,0.0,0.0,0.0,0.0,0.0,0.0,0.0,0.0,0.0,0.0,0.0,0.0,0.0,0.0,0.0,,,23960000,0.0,0.0
chess::StaticMoveList<256>::push_back,0.002000,0.002000,0.0,0.0,0.0,0.0,0.0,0.0,0.0,0.0,0.0,0.0,0.0,0.0,0.0,0.0,0.0,0.0,0.0,,,0,0.0,0.0
chess::Value::isValid,0.002000,0.002000,0.0,0.0,0.0,0.0,0.0,0.0,0.0,0.0,,0.0,0.0,0.0,0.0,0.0,0.0,0.0,0.0,,,8985000,0.0,0.0
chess::Value::operator int,0.002000,0.002000,0.0,0.0,0.0,0.0,0.0,0.0,0.0,0.0,0.0,0.0,4.0,0.0,0.0,0.0,0.0,0.0,0.0,,,23960000,1.000000,11980794512.000000
chess::Value::{ctor},0.002000,0.002000,0.0,0.0,50.0,50.0,0.0,0.0,0.0,0.0,0.0,0.0,0.0,0.0,0.0,0.0,0.0,0.0,0.0,,,35940000,0.166667,2995198628.000000
chess::operator&,0.002000,0.002000,0.0,0.0,0.0,0.0,0.0,0.0,0.0,0.0,0.0,0.0,0.0,0.0,0.0,0.0,0.0,0.0,0.0,,,11980000,0.0,0.0
chess::operator&,0.002000,0.002000,0.0,0.0,0.0,0.0,0.0,0.0,0.0,0.0,0.0,0.0,0.0,0.0,0.0,0.0,0.0,0.0,0.0,,,2995000,3.000000,4492797942.000000
chess::operator&,0.002000,0.002000,0.0,0.0,0.0,0.0,0.0,0.0,0.0,0.0,0.0,0.0,0.0,0.0,0.0,0.0,0.0,0.0,0.0,,,35940000,0.083333,1497599314.000000
chess::operator&,0.002000,0.002000,0.0,0.0,0.0,0.0,0.0,100.0,0.0,0.0,0.0,0.0,0.0,0.0,0.0,0.0,0.0,0.0,0.0,,,38935000,0.076923,1497599314.000000
chess::operator&,0.002000,0.002000,0.0,0.0,0.0,0.0,0.0,0.0,0.0,0.0,0.0,0.0,0.0,0.0,0.0,0.0,0.0,0.0,0.0,,,14975000,0.400000,2995198628.000000
chess::operator&,0.002000,0.002000,0.0,0.0,0.0,0.0,23.8,0.0,0.0,0.0,0.0,0.0,0.0,10.0,0.0,0.0,0.0,0.0,0.0,,,83860000,0.571429,23961589024.000000
chess::operator*,0.002000,0.002000,0.0,0.0,0.0,0.0,0.0,0.0,0.0,0.0,0.0,0.0,,0.0,0.0,0.0,0.0,0.0,0.0,,,14975000,0.200000,1497599314.000000
chess::operator+,0.002000,0.002000,0.0,0.0,0.0,0.0,55.6,55.6,0.0,0.0,8.8,0.0,0.0,0.0,0.0,0.0,0.0,0.0,0.0,,,0,,5990397256.000000
chess::operator+,0.002000,0.002000,0.0,0.0,0.0,0.0,0.0,0.0,0.0,0.0,,0.0,0.0,0.0,0.0,0.0,0.0,0.0,0.0,,,8985000,0.0,0.0
chess::operator+,0.002000,0.002000,0.0,0.0,0.0,0.0,0.0,0.0,0.0,0.0,0.0,0.0,0.0,0.0,0.0,0.0,0.0,0.0,0.0,,,44925000,0.466667,10483195198.000000
chess::operator+=,0.002000,0.002000,0.0,0.0,0.0,0.0,0.0,0.0,0.0,0.0,0.0,0.0,6.7,0.0,0.0,0.0,0.0,0.0,0.0,,,14975000,1.400000,10483195198.000000
chess::operator+=,0.002000,0.002000,0.0,0.0,0.0,0.0,0.0,0.0,0.0,0.0,,0.0,,,,0.0,0.0,0.0,0.0,,,11980000,0.250000,1497599314.000000
chess::operator+=,0.002000,0.002000,0.0,0.0,0.0,0.0,0.0,0.0,0.0,0.0,0.0,0.0,0.0,0.0,0.0,0.0,0.0,0.0,0.0,,,5990000,0.0,0.0
chess::operator+=,0.002000,0.002000,0.0,0.0,0.0,0.0,0.0,0.0,0.0,0.0,0.0,0.0,0.0,0.0,0.0,0.0,0.0,0.0,0.0,,,23960000,0.625000,7487996570.000000
chess::operator+=,0.002000,0.002000,0.0,0.0,0.0,0.0,0.0,0.0,0.0,0.0,0.0,0.0,0.0,0.0,0.0,0.0,0.0,0.0,0.0,,,8985000,0.0,0.0
chess::operator-,0.002000,0.002000,0.0,0.0,0.0,0.0,0.0,0.0,0.0,0.0,0.0,0.0,0.0,0.0,0.0,0.0,0.0,0.0,0.0,,,0,,2995198628.000000
chess::operator-,0.002000,0.002000,0.0,0.0,0.0,0.0,0.0,0.0,0.0,0.0,0.0,0.0,0.0,0.0,0.0,0.0,0.0,0.0,0.0,,,35940000,1.166667,20966390396.000000
chess::operator-,0.002000,0.002000,0.0,0.0,0.0,0.0,0.0,0.0,0.0,0.0,0.0,0.0,0.0,0.0,0.0,0.0,0.0,0.0,0.0,,,5990000,1.500000,4492797942.000000
chess::operator~,0.002000,0.002000,0.0,0.0,0.0,0.0,0.0,0.0,0.0,0.0,0.0,0.0,,0.0,0.0,0.0,0.0,0.0,0.0,,,5990000,0.0,0.0
chess::operator~,0.002000,0.002000,0.0,0.0,0.0,0.0,0.0,0.0,0.0,0.0,0.0,0.0,0.0,0.0,0.0,0.0,0.0,0.0,0.0,,,5990000,0.500000,1497599314.000000
chess::operator~,0.002000,0.002000,0.0,0.0,100.0,100.0,0.0,0.0,0.0,0.0,,0.0,0.0,0.0,0.0,0.0,0.0,0.0,0.0,,,0,,8985595884.000000
chess::operator~,0.002000,0.002000,0.0,0.0,0.0,0.0,100.0,0.0,0.0,0.0,0.0,0.0,,,,0.0,0.0,0.0,0.0,,,80865000,0.037037,1497599314.000000
engine::PawnTT::getHash,0.002000,0.002000,0.0,0.0,0.0,0.0,0.0,0.0,0.0,0.0,0.0,0.0,0.0,0.0,0.0,0.0,0.0,0.0,0.0,,,0,,7487996570.000000
engine::Search::thread,0.002000,0.002000,0.0,0.0,0.0,0.0,0.0,0.0,100.0,0.0,0.0,0.0,0.0,0.0,0.0,0.0,0.0,0.0,0.0,,,32945000,0.363636,5990397256.000000
func@0x1400040c0,0.002000,0.002000,0.0,0.0,0.0,0.0,100.0,0.0,0.0,0.0,0.0,0.0,0.0,0.0,0.0,0.0,0.0,0.0,0.0,,,0,,1497599314.000000
func@0x14000a8f8,0.002000,0.002000,0.0,0.0,0.0,0.0,0.0,0.0,0.0,27.8,0.0,0.0,0.0,0.0,0.0,0.0,0.0,0.0,0.0,,,0,,8985595884.000000
func@0x140012948,0.002000,0.002000,0.0,0.0,0.0,0.0,0.0,0.0,,,0.0,0.0,0.0,0.0,0.0,0.0,0.0,0.0,0.0,,,2995000,0.0,0.0
func@0x14001e3f0,0.002000,0.002000,0.0,0.0,0.0,0.0,0.0,0.0,0.0,0.0,0.0,0.0,0.0,0.0,0.0,0.0,0.0,0.0,0.0,,,0,0.0,0.0
func@0x14001ff3f,0.002000,0.002000,0.0,0.0,0.0,0.0,0.0,0.0,0.0,0.0,0.0,0.0,0.0,0.0,0.0,0.0,0.0,0.0,0.0,,,0,0.0,0.0
func@0x14009dc84,0.002000,0.002000,0.0,0.0,0.0,0.0,0.0,0.0,0.0,0.0,0.0,0.0,0.0,0.0,0.0,0.0,0.0,0.0,0.0,,,0,0.0,0.0
func@0x14009e61f,0.002000,0.002000,0.0,0.0,0.0,0.0,0.0,0.0,0.0,0.0,0.0,0.0,0.0,0.0,0.0,0.0,0.0,0.0,0.0,,,0,0.0,0.0
func@0x1400dff70,0.002000,0.002000,0.0,0.0,0.0,0.0,0.0,0.0,0.0,0.0,0.0,0.0,0.0,0.0,0.0,0.0,0.0,0.0,0.0,,,0,0.0,0.0
func@0x1400f9ec0,0.002000,0.002000,0.0,0.0,40.0,40.0,0.0,0.0,55.6,0.0,0.0,0.0,0.0,0.0,0.0,0.0,0.0,0.0,0.0,,,8985000,1.000000,4492797942.000000
func@0x140216750,0.002000,0.002000,0.0,0.0,0.0,0.0,0.0,0.0,0.0,0.0,0.0,0.0,0.0,0.0,0.0,0.0,0.0,0.0,0.0,SSE(128); SSE2(128),,0,,2995198628.000000
func@0x14021e510,0.002000,0.002000,0.0,0.0,0.0,0.0,0.0,0.0,27.8,0.0,0.0,0.0,0.0,0.0,0.0,0.0,0.0,0.0,0.0,,,11980000,1.500000,8985595884.000000
func@0x140253af0,0.002000,0.002000,0.0,0.0,0.0,0.0,55.6,55.6,0.0,0.0,0.0,0.0,0.0,0.0,0.0,0.0,0.0,0.0,0.0,,,11980000,0.750000,4492797942.000000
func@0x1402582b0,0.002000,0.002000,0.0,0.0,0.0,0.0,100.0,0.0,0.0,0.0,0.0,0.0,0.0,0.0,0.0,0.0,0.0,0.0,0.0,SSE(128),,11980000,0.500000,2995198628.000000
func@0x140279b30,0.002000,0.002000,0.0,0.0,0.0,0.0,0.0,0.0,0.0,0.0,0.0,0.0,0.0,0.0,0.0,0.0,0.0,0.0,0.0,,,17970000,0.0,0.0
func@0x140286820,0.002000,0.002000,0.0,0.0,0.0,0.0,0.0,0.0,0.0,0.0,0.0,0.0,0.0,0.0,0.0,0.0,0.0,0.0,0.0,,,17970000,1.166667,10483195198.000000
func@0x140294da0,0.002000,0.002000,0.0,0.0,0.0,0.0,0.0,0.0,0.0,0.0,0.0,0.0,0.0,0.0,0.0,0.0,0.0,0.0,0.0,SSE(128),,0,,7487996570.000000
func@0x1402960f0,0.002000,0.002000,0.0,0.0,0.0,0.0,0.0,100.0,0.0,0.0,,,,,,0.0,0.0,0.0,0.0,,,2995000,1.000000,1497599314.000000
func@0x14029d4f0,0.002000,0.002000,0.0,0.0,0.0,0.0,0.0,0.0,0.0,0.0,0.0,0.0,,,,0.0,0.0,0.0,0.0,,,2995000,1.000000,1497599314.000000
func@0x14029d629,0.002000,0.002000,0.0,0.0,0.0,0.0,0.0,0.0,0.0,0.0,0.0,0.0,0.0,0.0,0.0,0.0,0.0,0.0,0.0,,,8985000,0.333333,1497599314.000000
func@0x1402b9b70,0.002000,0.002000,0.0,0.0,0.0,0.0,,0.0,0.0,0.0,0.0,0.0,0.0,0.0,0.0,0.0,0.0,0.0,0.0,,,0,0.0,0.0
func@0x1402ebfd0,0.002000,0.002000,0.0,0.0,0.0,0.0,0.0,100.0,0.0,41.7,,0.0,0.0,0.0,0.0,0.0,0.0,0.0,0.0,,,2995000,4.000000,5990397256.000000
func@0x140318f38,0.002000,0.002000,0.0,0.0,,,0.0,0.0,,,0.0,0.0,0.0,0.0,0.0,0.0,0.0,0.0,0.0,,,0,0.0,0.0
func@0x14031a15b,0.002000,0.002000,0.0,0.0,0.0,0.0,0.0,41.7,0.0,0.0,0.0,0.0,,,,0.0,0.0,0.0,0.0,SSE(128),,0,,5990397256.000000
func@0x1403c7560,0.002000,0.002000,0.0,0.0,0.0,0.0,0.0,0.0,0.0,0.0,0.0,0.0,0.0,0.0,0.0,0.0,0.0,0.0,0.0,SSE(128),,0,,17971191768.000000
func@0x1403d1190,0.002000,0.002000,0.0,0.0,0.0,0.0,0.0,0.0,0.0,0.0,0.0,0.0,0.0,0.0,0.0,0.0,0.0,0.0,0.0,SSE(128),,0,0.0,0.0
func@0x1403ea474,0.002000,0.002000,0.0,0.0,33.3,33.3,100.0,0.0,0.0,0.0,0.0,0.0,0.0,0.0,0.0,0.0,0.0,0.0,0.0,SSE(128),,5990000,1.500000,4492797942.000000
func@0x1404063e0,0.002000,0.002000,0.0,0.0,0.0,0.0,0.0,0.0,0.0,0.0,0.0,0.0,0.0,0.0,0.0,0.0,0.0,0.0,0.0,SSE(128),,8985000,0.0,0.0
func@0x140421538,0.002000,0.002000,0.0,0.0,0.0,0.0,0.0,0.0,0.0,0.0,0.0,0.0,0.0,0.0,0.0,0.0,0.0,0.0,0.0,,,0,0.0,0.0
func@0x14047ac87,0.002000,0.002000,0.0,0.0,0.0,0.0,100.0,100.0,0.0,100.0,40.1,50.1,0.0,0.0,0.0,0.0,0.0,0.0,0.0,,,0,,4492797942.000000
func@0x1404e78e0,0.002000,0.002000,0.0,0.0,0.0,0.0,55.6,55.6,0.0,0.0,0.0,0.0,,,,0.0,0.0,0.0,0.0,,,2995000,3.000000,4492797942.000000
func@0x1406b0760,0.002000,0.002000,0.0,0.0,0.0,0.0,0.0,0.0,0.0,0.0,0.0,0.0,0.0,0.0,0.0,0.0,0.0,0.0,0.0,,,0,,1497599314.000000
func@0x1406bd583,0.002000,0.002000,0.0,0.0,0.0,0.0,0.0,0.0,0.0,0.0,0.0,0.0,0.0,0.0,0.0,0.0,0.0,0.0,0.0,SSE(128),,0,,2995198628.000000
func@0x1406bfe40,0.002000,0.002000,0.0,0.0,0.0,0.0,0.0,83.5,0.0,0.0,0.0,0.0,0.0,0.0,0.0,0.0,0.0,0.0,0.0,SSE(128); SSE2(128),,20965000,0.428571,4492797942.000000
func@0x140965c00,0.002000,0.002000,0.0,0.0,0.0,0.0,0.0,0.0,,,0.0,0.0,0.0,0.0,0.0,0.0,0.0,0.0,0.0,,,0,0.0,0.0
func@0x140c31d30,0.002000,0.002000,0.0,0.0,100.0,100.0,0.0,0.0,0.0,0.0,0.0,0.0,0.0,0.0,0.0,0.0,0.0,0.0,0.0,,,0,,2995198628.000000
func@0x140c31d90,0.002000,0.002000,0.0,0.0,,,0.0,0.0,0.0,0.0,0.0,0.0,0.0,0.0,0.0,0.0,0.0,0.0,0.0,,,0,,4492797942.000000
func@0x140d0e700,0.002000,0.002000,0.0,0.0,,,0.0,0.0,0.0,0.0,0.0,0.0,0.0,0.0,0.0,0.0,0.0,0.0,0.0,,,0,0.0,0.0
func@0x140d103d0,0.002000,0.002000,0.0,0.0,0.0,0.0,,,0.0,0.0,0.0,0.0,0.0,0.0,0.0,0.0,0.0,0.0,0.0,,,0,0.0,0.0
func@0x14198fe80,0.002000,0.002000,0.0,0.0,0.0,0.0,0.0,0.0,0.0,0.0,0.0,0.0,0.0,0.0,0.0,0.0,0.0,0.0,0.0,,,0,0.0,0.0
func@0x18001cd70,0.002000,0.002000,0.0,0.0,0.0,0.0,0.0,0.0,0.0,0.0,0.0,0.0,0.0,0.0,0.0,0.0,0.0,0.0,0.0,,,47920000,0.062500,1497599314.000000
lround,0.002000,0.002000,0.0,0.0,0.0,0.0,0.0,0.0,0.0,0.0,0.0,0.0,0.0,0.0,0.0,0.0,0.0,0.0,0.0,SSE2(128),,26955000,0.222222,2995198628.000000
"std::_Atomic_storage<unsigned __int64,8>::load",0.002000,0.002000,0.0,0.0,0.0,0.0,0.0,0.0,0.0,0.0,33.4,0.0,0.0,0.0,0.0,0.0,0.0,0.0,0.0,,,0,,4492797942.000000
"std::_List_node<std::pair<unsigned __int64 const ,book::BookEntry>,void *>::_Freenode",0.002000,0.002000,0.0,0.0,,,0.0,83.5,0.0,100.0,0.0,0.0,0.0,0.0,0.0,0.0,0.0,0.0,0.0,,,5990000,2.000000,5990397256.000000
"std::array<chess::Bitboard,64>::operator[]",0.002000,0.002000,0.0,0.0,,,100.0,0.0,0.0,0.0,0.0,0.0,0.0,0.0,0.0,0.0,0.0,0.0,0.0,,,59900000,0.150000,4492797942.000000
"std::array<chess::Bitboard,64>::operator[]",0.002000,0.002000,0.0,0.0,0.0,0.0,0.0,0.0,0.0,0.0,20.0,0.0,40.1,0.0,0.0,0.0,0.0,0.0,0.0,,,65890000,0.227273,7487996570.000000
"std::array<chess::Move,128>::operator[]",0.002000,0.002000,0.0,0.0,0.0,0.0,0.0,0.0,0.0,0.0,40.1,0.0,0.0,10.0,0.0,0.0,0.0,0.0,0.0,,,2995000,2.000000,2995198628.000000
"std::array<chess::Value,25>::operator[]",0.002000,0.002000,0.0,0.0,0.0,0.0,0.0,0.0,0.0,0.0,0.0,0.0,0.0,0.0,0.0,0.0,0.0,0.0,0.0,,,47920000,0.437500,10483195198.000000
"std::array<int,64>::operator[]",0.002000,0.002000,0.0,0.0,0.0,0.0,0.0,0.0,33.4,0.0,0.0,0.0,0.0,0.0,0.0,0.0,0.0,0.0,0.0,,,2995000,5.000000,7487996570.000000
"std::basic_streambuf<char,struct std::char_traits<char> >::sgetn",0.002000,0.002000,0.0,0.0,0.0,0.0,0.0,0.0,0.0,0.0,0.0,0.0,0.0,0.0,0.0,0.0,0.0,0.0,0.0,,,11980000,1.000000,5990397256.000000
std::countr_zero,0.002000,0.002000,0.0,0.0,0.0,0.0,0.0,0.0,0.0,0.0,0.0,0.0,0.0,0.0,0.0,0.0,0.0,0.0,0.0,,,50915000,0.0,0.0
std::min,0.002000,0.002000,0.0,0.0,0.0,0.0,0.0,0.0,0.0,0.0,0.0,0.0,0.0,0.0,0.0,0.0,0.0,0.0,0.0,,,5990000,0.0,0.0
std::min,0.002000,0.002000,0.0,0.0,100.0,100.0,0.0,0.0,0.0,0.0,0.0,0.0,0.0,0.0,0.0,0.0,0.0,0.0,0.0,,,2995000,1.000000,1497599314.000000
std::popcount,0.002000,0.002000,0.0,0.0,0.0,0.0,,0.0,0.0,0.0,0.0,0.0,0.0,0.0,0.0,0.0,0.0,0.0,0.0,,,47920000,0.125000,2995198628.000000
std::popcount,0.002000,0.002000,0.0,0.0,0.0,0.0,0.0,0.0,0.0,0.0,0.0,0.0,,,,0.0,0.0,0.0,0.0,,,14975000,0.600000,4492797942.000000
std::popcount,0.002000,0.002000,0.0,0.0,,,0.0,0.0,0.0,0.0,0.0,0.0,,0.0,0.0,0.0,0.0,0.0,0.0,,,8985000,0.333333,1497599314.000000
"std::ranges::_Med3_common<chess::Move *,chess::moveValueGreaterComparator,std::identity>",0.002000,0.002000,0.0,0.0,0.0,0.0,47.7,0.0,0.0,0.0,0.0,0.0,0.0,0.0,0.0,0.0,0.0,0.0,0.0,,,11980000,2.250000,13478393826.000000
std::ranges::_Swap::_Cpo::operator(),0.002000,0.002000,0.0,0.0,0.0,0.0,0.0,0.0,0.0,0.0,0.0,0.0,0.0,0.0,0.0,0.0,0.0,0.0,0.0,,,2995000,7.000000,10483195198.000000
"std::unique_ptr<engine::TT::TTCluster [0],std::default_delete<engine::TT::TTCluster [0]> >::operator[]",0.002000,0.002000,0.0,0.0,0.0,0.0,0.0,0.0,0.0,0.0,6.7,0.0,0.0,0.0,0.0,0.0,0.0,0.0,0.0,,,14975000,1.800000,13478393826.000000
"std::vector<unsigned __int64,std::allocator<unsigned __int64> >::_Tidy",0.002000,0.002000,0.0,0.0,0.0,0.0,0.0,0.0,0.0,0.0,0.0,0.0,0.0,0.0,0.0,0.0,0.0,0.0,0.0,,,5990000,0.0,0.0
EntropyProvideData,0.001000,0.001000,0.0,0.0,0.0,0.0,0.0,0.0,0.0,0.0,,0.0,,,0.0,0.0,0.0,0.0,0.0,,,0,0.0,0.0
EtwEventEnabled,0.001000,0.001000,0.0,0.0,0.0,0.0,0.0,,,0.0,0.0,0.0,0.0,0.0,0.0,0.0,0.0,0.0,0.0,,,0,0.0,0.0
EtwWriteEx,0.001000,0.001000,0.0,0.0,,,,,,,0.0,0.0,0.0,0.0,0.0,0.0,0.0,0.0,0.0,SSE(128),,0,0.0,0.0
ExReleaseResourceLite,0.001000,0.001000,0.0,0.0,0.0,0.0,0.0,0.0,0.0,0.0,0.0,0.0,0.0,0.0,0.0,0.0,0.0,0.0,0.0,SSE(128),,0,0.0,0.0
IoAllocateWorkItem,0.001000,0.001000,0.0,0.0,0.0,0.0,0.0,0.0,0.0,0.0,0.0,0.0,0.0,0.0,0.0,0.0,0.0,0.0,0.0,,,0,0.0,0.0
KeAcquireInStackQueuedSpinLockAtDpcLevel,0.001000,0.001000,0.0,0.0,0.0,0.0,0.0,0.0,0.0,0.0,0.0,0.0,0.0,0.0,0.0,0.0,0.0,0.0,0.0,,,0,0.0,0.0
KeClearEvent,0.001000,0.001000,0.0,0.0,0.0,0.0,0.0,0.0,0.0,0.0,0.0,0.0,0.0,0.0,0.0,0.0,0.0,0.0,0.0,,,0,0.0,0.0
KeEnumerateNextProcessor,0.001000,0.001000,0.0,0.0,0.0,0.0,0.0,0.0,0.0,0.0,0.0,0.0,0.0,0.0,0.0,0.0,0.0,0.0,0.0,,,8985000,0.333333,2995198628.000000
KeReleaseInStackQueuedSpinLock,0.001000,0.001000,0.0,0.0,0.0,0.0,0.0,0.0,0.0,0.0,0.0,0.0,0.0,0.0,0.0,0.0,0.0,0.0,0.0,,,0,0.0,0.0
KeSetEvent,0.001000,0.001000,0.0,0.0,33.3,33.3,100.0,0.0,33.4,0.0,0.0,50.1,0.0,0.0,0.0,0.0,0.0,0.0,0.0,,,0,,20966390396.000000
ORD_1001,0.001000,0.001000,0.0,0.0,0.0,0.0,,0.0,0.0,0.0,0.0,0.0,0.0,0.0,0.0,0.0,0.0,0.0,0.0,,,0,0.0,0.0
Query_perf_frequency,0.001000,0.001000,0.0,0.0,0.0,0.0,,,0.0,0.0,0.0,0.0,0.0,0.0,0.0,0.0,0.0,0.0,0.0,,,0,0.0,0.0
RtlAllocateHeap,0.001000,0.001000,0.0,0.0,0.0,0.0,0.0,0.0,0.0,0.0,0.0,0.0,0.0,0.0,0.0,0.0,0.0,0.0,0.0,,,0,0.0,0.0
RtlDeactivateActivationContextUnsafeFast,0.001000,0.001000,0.0,0.0,0.0,0.0,0.0,0.0,0.0,0.0,0.0,0.0,0.0,0.0,0.0,0.0,0.0,0.0,0.0,SSE(128),,0,0.0,0.0
RtlEnterCriticalSection,0.001000,0.0,0.001000,0.0,0.0,0.0,0.0,0.0,0.0,0.0,0.0,0.0,,,,0.0,0.0,0.0,0.0,,,0,,5990397256.000000
RtlFlsGetValue,0.001000,0.001000,0.0,0.0,0.0,0.0,0.0,0.0,0.0,0.0,0.0,0.0,0.0,0.0,0.0,0.0,0.0,0.0,0.0,,,0,0.0,0.0
RtlNtStatusToDosError,0.001000,0.001000,0.0,0.0,0.0,0.0,0.0,0.0,0.0,0.0,0.0,0.0,0.0,0.0,0.0,0.0,0.0,0.0,0.0,,,0,0.0,0.0
RtlQueryPerformanceCounter,0.001000,0.001000,0.0,0.0,0.0,0.0,0.0,0.0,0.0,0.0,0.0,0.0,0.0,0.0,0.0,0.0,0.0,0.0,0.0,,,0,,2995198628.000000
RtlRestoreLastWin32Error,0.001000,0.001000,0.0,0.0,0.0,0.0,0.0,0.0,0.0,0.0,0.0,0.0,0.0,0.0,0.0,0.0,0.0,0.0,0.0,,,0,0.0,0.0
[Loop at line 1039 in chess::MoveGenerator::generateMoves],0.001000,0.001000,0.0,0.0,0.0,0.0,0.0,0.0,0.0,0.0,0.0,0.0,0.0,0.0,0.0,0.0,0.0,0.0,0.0,,,2995000,2.000000,5990397256.000000
[Loop at line 108 in _chkstk],0.001000,0.001000,0.0,0.0,0.0,0.0,0.0,0.0,0.0,0.0,0.0,0.0,0.0,0.0,0.0,0.0,0.0,0.0,0.0,,,0,0.0,0.0
[Loop at line 516 in engine::Search::joinHelperThreads],0.001000,0.001000,0.0,0.0,0.0,0.0,0.0,0.0,0.0,0.0,0.0,0.0,0.0,0.0,0.0,0.0,0.0,0.0,0.0,AVX(128),,0,0.0,0.0
[Loop at line 538 in engine::Evaluator::pieceEval],0.001000,0.001000,0.0,0.0,0.0,0.0,0.0,0.0,0.0,0.0,6.7,0.0,0.0,0.0,0.0,0.0,0.0,0.0,0.0,,,23960000,0.375000,8985595884.000000
[Loop at line 700 in engine::Search::iterativeDeepening],0.001000,0.001000,0.0,0.0,0.0,0.0,0.0,0.0,0.0,0.0,0.0,0.0,0.0,0.0,0.0,0.0,0.0,0.0,0.0,AVX(128); AVX(256),,0,,8985595884.000000
[Loop at line 734 in engine::Evaluator::rookEval],0.001000,0.001000,0.0,0.0,0.0,0.0,0.0,0.0,0.0,0.0,0.0,0.0,0.0,0.0,0.0,0.0,0.0,0.0,0.0,,,35940000,0.666667,23961589024.000000
[Loop at line 85 in chess::MoveGenerator::generateLegalMoves],0.001000,0.001000,0.0,0.0,0.0,0.0,0.0,0.0,0.0,0.0,0.0,0.0,0.0,0.0,0.0,0.0,0.0,0.0,0.0,,,0,,8985595884.000000
[Loop at line 8505 in std::ranges::_Partition_by_median_guess_common],0.001000,0.001000,0.0,0.0,0.0,0.0,0.0,0.0,0.0,0.0,0.0,0.0,0.0,0.0,0.0,0.0,0.0,0.0,0.0,,,2995000,1.000000,2995198628.000000
[Loop at line 931 in chess::MoveGenerator::generatePawnMoves],0.001000,0.001000,0.0,0.0,0.0,0.0,0.0,0.0,0.0,0.0,0.0,0.0,,,,0.0,0.0,0.0,0.0,,,5990000,1.000000,5990397256.000000
[Loop@0x1331b in func@0x1328c],0.001000,0.001000,0.0,0.0,0.0,0.0,0.0,0.0,0.0,0.0,0.0,0.0,0.0,0.0,0.0,0.0,0.0,0.0,0.0,,,0,0.0,0.0
[Loop@0x140001f60 in func@0x140001eda],0.001000,0.001000,0.0,0.0,0.0,0.0,0.0,0.0,0.0,0.0,0.0,0.0,0.0,0.0,0.0,0.0,0.0,0.0,0.0,,,0,0.0,0.0
[Loop@0x140004fca in func@0x140004f80],0.001000,0.001000,0.0,0.0,0.0,0.0,0.0,0.0,0.0,0.0,0.0,0.0,0.0,0.0,0.0,0.0,0.0,0.0,0.0,,,8985000,0.0,0.0
[Loop@0x140005e80 in func@0x140005e27],0.001000,0.001000,0.0,0.0,0.0,0.0,0.0,0.0,0.0,0.0,0.0,0.0,0.0,0.0,0.0,0.0,0.0,0.0,0.0,SSE(128),,0,0.0,0.0
[Loop@0x1400225a0 in func@0x140022520],0.001000,0.001000,0.0,0.0,0.0,0.0,0.0,0.0,0.0,0.0,0.0,0.0,0.0,0.0,0.0,0.0,0.0,0.0,0.0,,,0,0.0,0.0
[Loop@0x14002701b in func@0x140026fb0],0.001000,0.001000,0.0,0.0,100.0,100.0,23.8,0.0,71.5,0.0,0.0,0.0,0.0,0.0,0.0,0.0,0.0,0.0,0.0,,,5990000,3.500000,20966390396.000000
[Loop@0x1400270ad in func@0x14002706b],0.001000,0.001000,0.0,0.0,0.0,0.0,0.0,,,0.0,0.0,0.0,0.0,0.0,0.0,0.0,0.0,0.0,0.0,,,0,0.0,0.0
[Loop@0x140029167 in func@0x140028ffe],0.001000,0.001000,0.0,0.0,0.0,0.0,0.0,0.0,0.0,0.0,0.0,0.0,0.0,0.0,0.0,0.0,0.0,0.0,0.0,,,0,0.0,0.0
[Loop@0x140033bf1 in RtlGetNextExpiredTimerWheelEntry],0.001000,0.001000,0.0,0.0,0.0,0.0,0.0,0.0,0.0,0.0,0.0,0.0,0.0,0.0,0.0,0.0,0.0,0.0,0.0,,,0,0.0,0.0
[Loop@0x1400541af in func@0x14005411c],0.001000,0.001000,0.0,0.0,0.0,0.0,0.0,0.0,0.0,0.0,0.0,0.0,0.0,0.0,0.0,0.0,0.0,0.0,0.0,,,0,0.0,0.0
[Loop@0x1400fa520 in func@0x1400fa320],0.001000,0.001000,0.0,0.0,0.0,0.0,0.0,,,0.0,0.0,0.0,0.0,0.0,0.0,0.0,0.0,0.0,0.0,,,0,0.0,0.0
[Loop@0x1400fae32 in func@0x1400fab80],0.001000,0.001000,0.0,0.0,0.0,0.0,0.0,0.0,0.0,0.0,0.0,0.0,0.0,0.0,0.0,0.0,0.0,0.0,0.0,,,0,0.0,0.0
[Loop@0x140123200 in func@0x140122fc0],0.001000,0.001000,0.0,0.0,0.0,0.0,,,0.0,0.0,0.0,0.0,0.0,0.0,0.0,0.0,0.0,0.0,0.0,,,0,0.0,0.0
[Loop@0x140123630 in func@0x140123590],0.001000,0.001000,0.0,0.0,0.0,0.0,0.0,0.0,0.0,0.0,0.0,0.0,0.0,0.0,0.0,0.0,0.0,0.0,0.0,,,2995000,0.0,0.0
[Loop@0x1401274d0 in func@0x140127260],0.001000,0.001000,0.0,0.0,0.0,0.0,0.0,0.0,0.0,0.0,0.0,0.0,0.0,0.0,0.0,0.0,0.0,0.0,0.0,,,11980000,0.750000,8985595884.000000
[Loop@0x140168020 in func@0x140167ee0],0.001000,0.001000,0.0,0.0,0.0,0.0,0.0,0.0,0.0,0.0,0.0,0.0,0.0,0.0,0.0,0.0,0.0,0.0,0.0,,,0,0.0,0.0
[Loop@0x140168700 in func@0x140168640],0.001000,0.001000,0.0,0.0,0.0,0.0,0.0,0.0,0.0,0.0,0.0,0.0,0.0,0.0,0.0,0.0,0.0,0.0,0.0,,,0,0.0,0.0
[Loop@0x14016cd61 in func@0x14016cd10],0.001000,0.001000,0.0,0.0,0.0,0.0,0.0,0.0,0.0,0.0,0.0,0.0,0.0,0.0,0.0,0.0,0.0,0.0,0.0,,,0,0.0,0.0
[Loop@0x140200dc9 in func@0x140200cc0],0.001000,0.001000,0.0,0.0,0.0,0.0,0.0,0.0,0.0,0.0,0.0,0.0,0.0,0.0,0.0,0.0,0.0,0.0,0.0,,,0,0.0,0.0
[Loop@0x140202402 in func@0x140202360],0.001000,0.001000,0.0,0.0,0.0,0.0,0.0,0.0,0.0,0.0,0.0,0.0,0.0,0.0,0.0,0.0,0.0,0.0,0.0,,,8985000,0.0,0.0
[Loop@0x1402051e7 in func@0x140205180],0.001000,0.001000,0.0,0.0,0.0,0.0,0.0,0.0,0.0,0.0,0.0,0.0,0.0,0.0,0.0,0.0,0.0,0.0,0.0,,,0,,5990397256.000000
[Loop@0x140205341 in KeAndAffinityEx2],0.001000,0.001000,0.0,0.0,0.0,0.0,0.0,0.0,0.0,0.0,0.0,0.0,0.0,0.0,0.0,0.0,0.0,0.0,0.0,,,2995000,2.000000,5990397256.000000
[Loop@0x140255f11 in func@0x140255e80],0.001000,0.001000,0.0,0.0,0.0,0.0,100.0,0.0,0.0,0.0,,0.0,0.0,0.0,0.0,0.0,0.0,0.0,0.0,SSE(128),,0,,11980794512.000000
[Loop@0x140257978 in func@0x1402578c0],0.001000,0.001000,0.0,0.0,0.0,0.0,0.0,0.0,0.0,0.0,0.0,0.0,0.0,0.0,0.0,0.0,0.0,0.0,0.0,SSE(128),,0,0.0,0.0
[Loop@0x140257d40 in func@0x1402578c0],0.001000,0.001000,0.0,0.0,0.0,0.0,,,,0.0,0.0,0.0,0.0,0.0,0.0,0.0,0.0,0.0,0.0,,,0,0.0,0.0
[Loop@0x140258830 in func@0x1402585aa],0.001000,0.001000,0.0,0.0,100.0,100.0,0.0,0.0,0.0,0.0,0.0,0.0,0.0,0.0,0.0,0.0,0.0,0.0,0.0,,,5990000,0.0,0.0
[Loop@0x140260d50 in func@0x140260c70],0.001000,0.001000,0.0,0.0,0.0,0.0,0.0,0.0,0.0,0.0,0.0,0.0,0.0,0.0,0.0,0.0,0.0,0.0,0.0,,,0,0.0,0.0
[Loop@0x1402729a0 in func@0x140272630],0.001000,0.001000,0.0,0.0,0.0,0.0,0.0,0.0,0.0,0.0,0.0,0.0,0.0,0.0,0.0,0.0,0.0,0.0,0.0,,,0,0.0,0.0
[Loop@0x14027c7f8 in func@0x14027c7cc],0.001000,0.001000,0.0,0.0,0.0,0.0,0.0,0.0,0.0,0.0,0.0,0.0,0.0,0.0,0.0,0.0,0.0,0.0,0.0,,,0,,2995198628.000000
[Loop@0x14028ec69 in MmUnmapLockedPages],0.001000,0.001000,0.0,0.0,0.0,0.0,0.0,0.0,0.0,0.0,0.0,0.0,0.0,0.0,0.0,0.0,0.0,0.0,0.0,,,0,,5990397256.000000
[Loop@0x1402945a5 in func@0x140294430],0.001000,0.001000,0.0,0.0,100.0,100.0,0.0,0.0,100.0,0.0,0.0,0.0,0.0,0.0,0.0,0.0,0.0,0.0,0.0,,,0,,2995198628.000000
[Loop@0x1402948b3 in func@0x1402947e0],0.001000,0.001000,0.0,0.0,0.0,0.0,0.0,0.0,0.0,0.0,,,0.0,0.0,0.0,0.0,0.0,0.0,0.0,,,2995000,0.0,0.0
[Loop@0x140295ff0 in func@0x140295e18],0.001000,0.001000,0.0,0.0,0.0,0.0,0.0,0.0,55.6,0.0,0.0,0.0,0.0,0.0,0.0,0.0,0.0,0.0,0.0,,,2995000,3.000000,8985595884.000000
[Loop@0x140299840 in func@0x1402997f0],0.001000,0.001000,0.0,0.0,0.0,0.0,0.0,0.0,0.0,0.0,0.0,0.0,0.0,,0.0,0.0,0.0,0.0,0.0,,,0,,5990397256.000000
[Loop@0x140299ad0 in func@0x1402997f0],0.001000,0.001000,0.0,0.0,0.0,0.0,0.0,0.0,0.0,0.0,0.0,0.0,0.0,0.0,0.0,0.0,0.0,0.0,0.0,,,0,,2995198628.000000
[Loop@0x14029bdd2 in func@0x14029bd64],0.001000,0.001000,0.0,0.0,0.0,0.0,0.0,0.0,8.8,0.0,0.0,0.0,0.0,0.0,0.0,0.0,0.0,0.0,0.0,,,8985000,6.333333,56908773932.000000
[Loop@0x14029c369 in func@0x14029c140],0.001000,0.001000,0.0,0.0,0.0,0.0,0.0,0.0,0.0,0.0,0.0,0.0,0.0,0.0,0.0,0.0,0.0,0.0,0.0,,,0,0.0,0.0
[Loop@0x14029c381 in func@0x14029c140],0.001000,0.001000,0.0,0.0,0.0,0.0,0.0,0.0,0.0,0.0,0.0,0.0,0.0,0.0,0.0,0.0,0.0,0.0,0.0,,,0,0.0,0.0
[Loop@0x14029c561 in func@0x14029c48c],0.001000,0.001000,0.0,0.0,0.0,0.0,0.0,0.0,0.0,0.0,0.0,0.0,0.0,0.0,0.0,0.0,0.0,0.0,0.0,,,0,0.0,0.0
[Loop@0x14029de77 in func@0x14029ddc3],0.001000,0.001000,0.0,0.0,0.0,0.0,0.0,0.0,0.0,0.0,0.0,0.0,0.0,0.0,0.0,0.0,0.0,0.0,0.0,,,5990000,0.0,0.0
[Loop@0x1402acf80 in func@0x1402ace70],0.001000,0.001000,0.0,0.0,0.0,0.0,,0.0,0.0,0.0,0.0,0.0,0.0,0.0,0.0,0.0,0.0,0.0,0.0,,,0,0.0,0.0
[Loop@0x1402b3ce1 in func@0x1402b3a60],0.001000,0.001000,0.0,0.0,0.0,0.0,0.0,0.0,0.0,0.0,0.0,0.0,0.0,0.0,0.0,0.0,0.0,0.0,0.0,,,8985000,1.000000,8985595884.000000
[Loop@0x1402c6ba0 in func@0x1402c6b15],0.001000,0.001000,0.0,0.0,0.0,0.0,0.0,0.0,0.0,0.0,0.0,0.0,0.0,0.0,0.0,0.0,0.0,0.0,0.0,,,5990000,0.0,0.0
[Loop@0x1402e1ba1 in func@0x1402e1b20],0.001000,0.001000,0.0,0.0,0.0,0.0,0.0,0.0,0.0,0.0,0.0,0.0,0.0,0.0,0.0,0.0,0.0,0.0,0.0,,,0,,11980794512.000000
[Loop@0x1402e4c80 in func@0x1402e4c76],0.001000,0.001000,0.0,0.0,0.0,0.0,0.0,0.0,0.0,0.0,0.0,0.0,0.0,0.0,0.0,0.0,0.0,0.0,0.0,,,0,,5990397256.000000
[Loop@0x1402e4cf8 in func@0x1402e4c76],0.001000,0.001000,0.0,0.0,0.0,0.0,0.0,0.0,0.0,0.0,0.0,0.0,0.0,0.0,0.0,0.0,0.0,0.0,0.0,,,0,0.0,0.0
[Loop@0x1402f0d90 in func@0x1402f0c30],0.001000,0.001000,0.0,0.0,0.0,0.0,0.0,0.0,0.0,0.0,0.0,0.0,0.0,0.0,0.0,0.0,0.0,0.0,0.0,,,0,0.0,0.0
[Loop@0x1402fab13 in func@0x1402f91f0],0.001000,0.001000,0.0,0.0,0.0,0.0,0.0,0.0,0.0,0.0,0.0,0.0,0.0,0.0,0.0,0.0,0.0,0.0,0.0,,,8985000,0.0,0.0
[Loop@0x1402ff293 in func@0x1402ff1f0],0.001000,0.001000,0.0,0.0,0.0,0.0,0.0,0.0,0.0,0.0,0.0,0.0,0.0,0.0,0.0,0.0,0.0,0.0,0.0,,,0,,5990397256.000000
[Loop@0x140309ae6 in func@0x140309a10],0.001000,0.001000,0.0,0.0,0.0,0.0,0.0,0.0,0.0,0.0,0.0,0.0,0.0,0.0,0.0,0.0,0.0,0.0,0.0,,,0,,20966390396.000000
[Loop@0x140309c90 in func@0x140309bb0],0.001000,0.001000,0.0,0.0,0.0,0.0,0.0,0.0,,,0.0,0.0,0.0,0.0,0.0,0.0,0.0,0.0,0.0,,,0,0.0,0.0
[Loop@0x140318d54 in func@0x140318ce0],0.001000,0.001000,0.0,0.0,0.0,0.0,,,0.0,0.0,0.0,0.0,0.0,0.0,0.0,0.0,0.0,0.0,0.0,,,0,0.0,0.0
[Loop@0x140319081 in func@0x140319000],0.001000,0.001000,0.0,0.0,0.0,0.0,37.1,0.0,0.0,18.5,0.0,0.0,0.0,0.0,0.0,0.0,0.0,0.0,0.0,,,14975000,1.800000,26956787652.000000
[Loop@0x1403199c0 in func@0x140319000],0.001000,0.001000,0.0,0.0,0.0,0.0,0.0,0.0,0.0,0.0,,0.0,0.0,0.0,0.0,0.0,0.0,0.0,0.0,,,0,0.0,0.0
[Loop@0x14031ebdf in func@0x14031ebb0],0.001000,0.001000,0.0,0.0,50.0,50.0,0.0,0.0,0.0,0.0,0.0,0.0,0.0,0.0,0.0,0.0,0.0,0.0,0.0,,,0,0.0,0.0
[Loop@0x1403220fe in func@0x1403220b0],0.001000,0.001000,0.0,0.0,,,0.0,0.0,100.0,55.6,,0.0,0.0,0.0,0.0,0.0,0.0,0.0,0.0,SSE(128),,26955000,0.333333,8985595884.000000
[Loop@0x14033c275 in func@0x14033bfe0],0.001000,0.001000,0.0,0.0,0.0,0.0,0.0,0.0,0.0,0.0,0.0,0.0,0.0,0.0,0.0,0.0,0.0,0.0,0.0,,,0,0.0,0.0
[Loop@0x14033c38f in func@0x14033c2e4],0.001000,0.001000,0.0,0.0,0.0,0.0,83.5,0.0,0.0,83.5,0.0,0.0,0.0,0.0,0.0,0.0,0.0,0.0,0.0,,,5990000,2.000000,11980794512.000000
[Loop@0x14033d160 in func@0x14033cf22],0.001000,0.001000,0.0,0.0,,,0.0,0.0,0.0,83.5,0.0,0.0,0.0,0.0,0.0,0.0,0.0,0.0,0.0,,,0,,5990397256.000000
[Loop@0x14033da60 in func@0x14033d9d0],0.001000,0.001000,0.0,0.0,0.0,0.0,0.0,47.7,0.0,23.8,0.0,0.0,0.0,0.0,0.0,0.0,0.0,0.0,0.0,,,0,,20966390396.000000
[Loop@0x14033dcdc in func@0x14033d9d0],0.001000,0.001000,0.0,0.0,0.0,0.0,0.0,0.0,0.0,0.0,0.0,0.0,0.0,0.0,0.0,0.0,0.0,0.0,0.0,,,5990000,0.0,0.0
[Loop@0x14033fad0 in func@0x14033fa70],0.001000,0.001000,0.0,0.0,,,,0.0,,,,0.0,,,,0.0,0.0,0.0,0.0,,,0,0.0,0.0
[Loop@0x14033fec0 in func@0x14033fd10],0.001000,0.001000,0.0,0.0,0.0,0.0,0.0,0.0,0.0,0.0,0.0,0.0,0.0,0.0,0.0,0.0,0.0,0.0,0.0,,,0,0.0,0.0
[Loop@0x140345340 in func@0x140345300],0.001000,0.001000,0.0,0.0,0.0,0.0,0.0,0.0,0.0,0.0,0.0,0.0,0.0,0.0,0.0,0.0,0.0,0.0,0.0,,,0,0.0,0.0
[Loop@0x140399460 in func@0x1403993e0],0.001000,0.001000,0.0,0.0,,,16.7,0.0,16.7,25.0,0.0,0.0,0.0,0.0,0.0,0.0,0.0,0.0,0.0,,,5990000,10.000000,59903972560.000000
[Loop@0x1403b3b1f in func@0x1403b39fc],0.001000,0.001000,0.0,0.0,0.0,0.0,0.0,0.0,0.0,0.0,0.0,0.0,0.0,0.0,0.0,0.0,0.0,0.0,0.0,,,0,,2995198628.000000
[Loop@0x1403cebc5 in func@0x1403ceb90],0.001000,0.001000,0.0,0.0,0.0,0.0,0.0,0.0,0.0,0.0,0.0,0.0,0.0,0.0,0.0,0.0,0.0,0.0,0.0,,,0,,2995198628.000000
[Loop@0x1403f56c7 in func@0x1403f5655],0.001000,0.001000,0.0,0.0,0.0,0.0,0.0,,,0.0,,0.0,,,,0.0,0.0,0.0,0.0,SSE(128),,2995000,0.0,0.0
[Loop@0x14040f670 in func@0x14040f5c0],0.001000,0.001000,0.0,0.0,0.0,0.0,0.0,0.0,0.0,0.0,0.0,0.0,0.0,,0.0,0.0,0.0,0.0,0.0,,,0,0.0,0.0
[Loop@0x14040f91b in func@0x14040f6d0],0.001000,0.001000,0.0,0.0,,,0.0,0.0,0.0,0.0,,0.0,0.0,0.0,0.0,0.0,0.0,0.0,0.0,,,8985000,0.333333,2995198628.000000
[Loop@0x1404206f0 in func@0x1404206e2],0.001000,0.001000,0.0,0.0,0.0,0.0,0.0,,,0.0,0.0,0.0,0.0,,0.0,0.0,0.0,0.0,0.0,,,5990000,0.0,0.0
[Loop@0x14042a7f0 in func@0x14042a6f0],0.001000,0.001000,0.0,0.0,0.0,0.0,0.0,0.0,0.0,0.0,0.0,0.0,0.0,0.0,0.0,0.0,0.0,0.0,0.0,,,0,0.0,0.0
[Loop@0x1406b2e14 in ExpInterlockedPushEntrySList],0.001000,0.001000,0.0,0.0,0.0,0.0,0.0,0.0,0.0,0.0,0.0,0.0,0.0,0.0,0.0,0.0,0.0,0.0,0.0,,,0,0.0,0.0
[Loop@0x1406bf240 in RtlCopyMemory],0.001000,0.001000,0.0,0.0,0.0,0.0,,0.0,0.0,0.0,0.0,0.0,0.0,0.0,0.0,0.0,0.0,0.0,0.0,SSE(128),,2995000,0.0,0.0
[Loop@0x1406bf280 in RtlCopyMemory],0.001000,0.001000,0.0,0.0,0.0,0.0,0.0,0.0,0.0,0.0,0.0,0.0,0.0,0.0,0.0,0.0,0.0,0.0,0.0,SSE(128),,0,0.0,0.0
[Loop@0x1409a0f73 in func@0x1409a0f00],0.001000,0.001000,0.0,0.0,0.0,0.0,0.0,0.0,0.0,0.0,0.0,0.0,0.0,0.0,0.0,0.0,0.0,0.0,0.0,,,0,0.0,0.0
[Loop@0x1409d6bb1 in func@0x1409d69d0],0.001000,0.001000,0.0,0.0,0.0,0.0,0.0,0.0,0.0,0.0,0.0,0.0,0.0,0.0,0.0,0.0,0.0,0.0,0.0,,,0,0.0,0.0
[Loop@0x140d01ec0 in func@0x140d01e7f],0.001000,0.001000,0.0,0.0,0.0,0.0,0.0,0.0,0.0,0.0,0.0,0.0,0.0,0.0,0.0,0.0,0.0,0.0,0.0,,,0,0.0,0.0
[Loop@0x140d01fa0 in func@0x140d01f60],0.001000,0.001000,0.0,0.0,0.0,0.0,0.0,0.0,0.0,0.0,0.0,0.0,0.0,0.0,0.0,0.0,0.0,0.0,0.0,,,0,0.0,0.0
[Loop@0x14198ff10 in func@0x14198fe80],0.001000,0.001000,0.0,0.0,0.0,0.0,0.0,0.0,0.0,0.0,0.0,0.0,,,,0.0,0.0,0.0,0.0,,,0,0.0,0.0
[Loop@0x180001544 in func@0x180001510],0.001000,0.001000,0.0,0.0,0.0,0.0,0.0,0.0,0.0,0.0,0.0,0.0,0.0,0.0,0.0,0.0,0.0,0.0,0.0,,,0,0.0,0.0
[Loop@0x180003c34 in func@0x180003b9a],0.001000,0.001000,0.0,0.0,0.0,0.0,0.0,0.0,0.0,0.0,0.0,0.0,0.0,0.0,0.0,0.0,0.0,0.0,0.0,,,0,0.0,0.0
[Loop@0x18000b805 in func@0x18000b710],0.001000,0.001000,0.0,0.0,0.0,0.0,0.0,0.0,0.0,0.0,0.0,0.0,0.0,0.0,0.0,0.0,0.0,0.0,0.0,SSE(128),,0,0.0,0.0
[Loop@0x18000c070 in func@0x18000bf37],0.001000,0.001000,0.0,0.0,0.0,0.0,0.0,0.0,0.0,0.0,0.0,0.0,0.0,0.0,0.0,0.0,0.0,0.0,0.0,,,0,0.0,0.0
[Loop@0x180010e30 in func@0x180010d40],0.001000,0.001000,0.0,0.0,0.0,0.0,0.0,0.0,0.0,0.0,0.0,0.0,0.0,0.0,0.0,0.0,0.0,0.0,0.0,,,0,0.0,0.0
[Loop@0x18002da89 in func@0x18002d9a0],0.001000,0.001000,0.0,0.0,0.0,0.0,0.0,0.0,0.0,0.0,0.0,0.0,0.0,,0.0,0.0,0.0,0.0,0.0,,,0,0.0,0.0
[Loop@0x18008cb40 in func@0x18008cae0],0.001000,0.001000,0.0,0.0,0.0,0.0,0.0,0.0,0.0,0.0,0.0,0.0,0.0,0.0,0.0,0.0,0.0,0.0,0.0,,,0,0.0,0.0
[Loop@0x18013bda5 in func@0x18013bd50],0.001000,0.001000,0.0,0.0,0.0,0.0,0.0,0.0,0.0,0.0,0.0,0.0,0.0,0.0,0.0,0.0,0.0,0.0,0.0,,,0,0.0,0.0
[Loop@0x1801672c0 in RtlCopyMemory],0.001000,0.001000,0.0,0.0,0.0,0.0,0.0,0.0,0.0,0.0,0.0,0.0,0.0,0.0,0.0,0.0,0.0,0.0,0.0,SSE(128),,0,0.0,0.0
_std_type_info_compare,0.001000,0.001000,0.0,0.0,0.0,0.0,0.0,0.0,0.0,0.0,0.0,0.0,0.0,0.0,0.0,0.0,0.0,0.0,0.0,,,11980000,0.0,0.0
"boost::archive::basic_binary_iprimitive<boost::archive::binary_iarchive,char,std::char_traits<char> >::load_binary",0.001000,0.001000,0.0,0.0,0.0,0.0,0.0,0.0,0.0,0.0,0.0,0.0,0.0,0.0,0.0,0.0,0.0,0.0,0.0,,,11980000,0.0,0.0
boost::archive::detail::basic_iarchive_impl::load_object,0.001000,0.001000,0.0,0.0,0.0,0.0,0.0,0.0,0.0,0.0,0.0,0.0,0.0,0.0,0.0,0.0,0.0,0.0,0.0,,,29950000,0.0,0.0
boost::archive::detail::basic_serializer::operator<,0.001000,0.001000,0.0,0.0,0.0,0.0,0.0,0.0,0.0,0.0,0.0,0.0,0.0,0.0,0.0,0.0,0.0,0.0,0.0,,,65890000,0.272727,17971191768.000000
"boost::archive::detail::iserializer<class boost::archive::binary_iarchive,class std::vector<class chess::Move,class std::allocator<class chess::Move> > >::load_object_data",0.001000,0.001000,0.0,0.0,0.0,0.0,0.0,0.0,0.0,0.0,0.0,0.0,0.0,0.0,0.0,0.0,0.0,0.0,0.0,,,0,0.0,0.0
boost::archive::object_id_type::operator=,0.001000,0.001000,0.0,0.0,0.0,0.0,0.0,0.0,0.0,0.0,0.0,0.0,0.0,0.0,0.0,0.0,0.0,0.0,0.0,,,0,,5990397256.000000
boost::archive::version_type::{ctor},0.001000,0.001000,0.0,0.0,0.0,0.0,0.0,0.0,0.0,0.0,0.0,0.0,0.0,0.0,0.0,0.0,0.0,0.0,0.0,,,0,0.0,0.0
boost::serialization::load,0.001000,0.001000,0.0,0.0,0.0,0.0,0.0,0.0,0.0,0.0,0.0,0.0,0.0,0.0,0.0,0.0,0.0,0.0,0.0,,,0,0.0,0.0
"boost::serialization::load<class boost::archive::binary_iarchive,class boost::serialization::item_version_type>",0.001000,0.001000,0.0,0.0,0.0,0.0,0.0,0.0,0.0,0.0,0.0,0.0,0.0,0.0,0.0,0.0,0.0,0.0,0.0,,,0,,5990397256.000000
"boost::serialization::load<class boost::archive::binary_iarchive,unsigned __int64,class std::allocator<unsigned __int64> >",0.001000,0.001000,0.0,0.0,0.0,0.0,0.0,0.0,0.0,0.0,0.0,0.0,0.0,0.0,0.0,0.0,0.0,0.0,0.0,,,5990000,1.000000,5990397256.000000
"boost::serialization::nvp<std::vector<chess::Move,std::allocator<chess::Move> > >::{ctor}",0.001000,0.001000,0.0,0.0,0.0,0.0,0.0,0.0,0.0,0.0,0.0,0.0,0.0,0.0,0.0,0.0,0.0,0.0,0.0,,,5990000,0.0,0.0
"boost::serialization::singleton<boost::archive::detail::iserializer<boost::archive::binary_iarchive,std::vector<chess::Move,std::allocator<chess::Move> > > >::get_const_instance",0.001000,0.001000,0.0,0.0,0.0,0.0,0.0,0.0,0.0,0.0,0.0,0.0,0.0,0.0,0.0,0.0,0.0,0.0,0.0,,,11980000,0.0,0.0
"boost::serialization::singleton<class boost::archive::detail::iserializer<class boost::archive::binary_iarchive,class chess::Move> >::get_instance",0.001000,0.001000,0.0,0.0,0.0,0.0,0.0,0.0,0.0,0.0,0.0,0.0,0.0,0.0,0.0,0.0,0.0,0.0,0.0,,,0,0.0,0.0
"boost::serialization::singleton<class boost::archive::detail::iserializer<class boost::archive::binary_iarchive,class std::vector<class chess::Move,class std::allocator<class chess::Move> > > >::get_instance",0.001000,0.001000,0.0,0.0,0.0,0.0,0.0,0.0,0.0,0.0,0.0,0.0,0.0,0.0,0.0,0.0,0.0,0.0,0.0,,,5990000,0.0,0.0
chess::Bitboard::lsb,0.001000,0.001000,0.0,0.0,0.0,0.0,0.0,0.0,0.0,0.0,0.0,0.0,0.0,0.0,0.0,0.0,0.0,0.0,0.0,,,2995000,7.000000,20966390396.000000
chess::Bitboard::operator bool,0.001000,0.001000,0.0,0.0,0.0,0.0,0.0,,,0.0,0.0,0.0,3.3,0.0,0.0,0.0,0.0,0.0,0.0,,,32945000,0.545455,17971191768.000000
chess::Bitboard::operator bool,0.001000,0.001000,0.0,0.0,0.0,0.0,,0.0,0.0,0.0,0.0,0.0,0.0,0.0,0.0,0.0,0.0,0.0,0.0,,,8985000,1.000000,8985595884.000000
chess::Bitboard::operator bool,0.001000,0.001000,0.0,0.0,0.0,0.0,0.0,0.0,0.0,0.0,0.0,0.0,0.0,0.0,0.0,0.0,0.0,0.0,0.0,,,5990000,0.0,0.0
chess::Bitboard::operator bool,0.001000,0.001000,0.0,0.0,0.0,0.0,0.0,0.0,0.0,0.0,0.0,0.0,0.0,0.0,0.0,0.0,0.0,0.0,0.0,,,56905000,0.368421,20966390396.000000
chess::Bitboard::operator bool,0.001000,0.001000,0.0,0.0,0.0,0.0,0.0,0.0,0.0,0.0,0.0,0.0,0.0,0.0,0.0,0.0,0.0,0.0,0.0,,,0,,8985595884.000000
chess::Bitboard::operator|=,0.001000,0.001000,0.0,0.0,0.0,0.0,0.0,0.0,0.0,0.0,0.0,0.0,5.0,0.0,0.0,0.0,0.0,0.0,0.0,,,17970000,0.666667,11980794512.000000
chess::Bitboard::popLSB,0.001000,0.001000,0.0,0.0,0.0,0.0,0.0,0.0,0.0,0.0,0.0,0.0,0.0,0.0,0.0,0.0,0.0,0.0,0.0,,,8985000,1.000000,8985595884.000000
chess::Bitboard::popLSB,0.001000,0.001000,0.0,0.0,0.0,0.0,0.0,0.0,0.0,0.0,0.0,0.0,0.0,0.0,0.0,0.0,0.0,0.0,0.0,,,8985000,0.0,0.0
chess::Bitboard::popLSB,0.001000,0.001000,0.0,0.0,0.0,0.0,0.0,0.0,0.0,0.0,0.0,0.0,,,,0.0,0.0,0.0,0.0,,,32945000,0.0,0.0
chess::Bitboard::{ctor},0.001000,0.001000,0.0,0.0,,,0.0,0.0,0.0,0.0,0.0,0.0,0.0,0.0,0.0,0.0,0.0,0.0,0.0,,,23960000,0.375000,8985595884.000000
chess::Direction::pawnPush,0.001000,0.001000,0.0,0.0,0.0,0.0,,0.0,0.0,0.0,0.0,0.0,0.0,0.0,0.0,0.0,0.0,0.0,0.0,,,8985000,0.0,0.0
chess::Direction::pawnPush,0.001000,0.001000,0.0,0.0,0.0,0.0,,,0.0,0.0,0.0,0.0,0.0,0.0,0.0,0.0,0.0,0.0,0.0,,,14975000,0.200000,2995198628.000000
chess::Direction::pawnPush,0.001000,0.001000,0.0,0.0,0.0,0.0,0.0,0.0,0.0,0.0,0.0,0.0,0.0,0.0,0.0,0.0,0.0,0.0,0.0,,,5990000,0.0,0.0
chess::Direction::{ctor},0.001000,0.001000,0.0,0.0,0.0,0.0,0.0,0.0,0.0,0.0,0.0,0.0,0.0,0.0,0.0,0.0,0.0,0.0,0.0,,,8985000,0.0,0.0
chess::Move::encode,0.001000,0.001000,0.0,0.0,0.0,0.0,0.0,0.0,0.0,0.0,0.0,0.0,0.0,0.0,0.0,0.0,0.0,0.0,0.0,,,29950000,0.0,0.0
chess::Move::encode,0.001000,0.001000,0.0,0.0,0.0,0.0,0.0,0.0,0.0,0.0,0.0,0.0,0.0,0.0,0.0,0.0,0.0,0.0,0.0,,,2995000,1.000000,2995198628.000000
chess::Move::encode,0.001000,0.001000,0.0,0.0,0.0,0.0,0.0,0.0,0.0,0.0,0.0,0.0,0.0,0.0,0.0,0.0,0.0,0.0,0.0,,,0,0.0,0.0
chess::Move::from,0.001000,0.001000,0.0,0.0,0.0,0.0,0.0,0.0,0.0,0.0,0.0,0.0,0.0,0.0,0.0,0.0,0.0,0.0,0.0,,,20965000,0.428571,8985595884.000000
chess::Move::operator==,0.001000,0.001000,0.0,0.0,0.0,0.0,0.0,0.0,0.0,0.0,0.0,0.0,0.0,0.0,0.0,0.0,0.0,0.0,0.0,,,14975000,0.0,0.0
chess::Move::to,0.001000,0.001000,0.0,0.0,0.0,0.0,0.0,0.0,0.0,0.0,0.0,0.0,0.0,0.0,0.0,0.0,0.0,0.0,0.0,,,20965000,0.285714,5990397256.000000
chess::Move::to,0.001000,0.001000,0.0,0.0,0.0,0.0,0.0,0.0,0.0,0.0,0.0,0.0,,,,0.0,0.0,0.0,0.0,,,2995000,3.000000,8985595884.000000
chess::Move::type,0.001000,0.001000,0.0,0.0,0.0,0.0,,0.0,0.0,0.0,0.0,0.0,0.0,0.0,0.0,0.0,0.0,0.0,0.0,,,14975000,0.0,0.0
chess::Move::{ctor},0.001000,0.001000,0.0,0.0,100.0,100.0,0.0,0.0,0.0,0.0,0.0,0.0,0.0,0.0,0.0,0.0,0.0,0.0,0.0,,,0,0.0,0.0
chess::MoveGenerator::reset,0.001000,0.001000,0.0,0.0,0.0,0.0,0.0,0.0,0.0,0.0,0.0,0.0,0.0,0.0,0.0,0.0,0.0,0.0,0.0,,,0,,5990397256.000000
chess::MoveGenerator::resetOnDemand,0.001000,0.001000,0.0,0.0,0.0,0.0,0.0,0.0,0.0,0.0,0.0,0.0,0.0,0.0,0.0,0.0,0.0,0.0,0.0,,,0,0.0,0.0
chess::MoveGenerator::storeKiller,0.001000,0.001000,0.0,0.0,0.0,0.0,,0.0,0.0,0.0,0.0,0.0,0.0,0.0,0.0,0.0,0.0,0.0,0.0,,,5990000,0.500000,2995198628.000000
chess::Position::clearEnPassant,0.001000,0.001000,0.0,0.0,0.0,0.0,0.0,0.0,0.0,0.0,,0.0,0.0,0.0,0.0,0.0,0.0,0.0,0.0,,,14975000,0.800000,11980794512.000000
chess::Position::clearEnPassant,0.001000,0.001000,0.0,0.0,0.0,0.0,0.0,0.0,0.0,0.0,,0.0,0.0,0.0,0.0,0.0,0.0,0.0,0.0,,,5990000,0.0,0.0
chess::Position::getPiece,0.001000,0.001000,0.0,0.0,0.0,0.0,,,0.0,0.0,0.0,0.0,0.0,,0.0,0.0,0.0,0.0,0.0,,,2995000,0.0,0.0
chess::Position::getPieceBb,0.001000,0.001000,0.0,0.0,0.0,0.0,0.0,0.0,0.0,0.0,0.0,0.0,0.0,0.0,0.0,0.0,0.0,0.0,0.0,,,0,,14975993140.000000
chess::Position::getPieceBb,0.001000,0.001000,0.0,0.0,0.0,0.0,0.0,0.0,0.0,0.0,0.0,0.0,10.0,0.0,0.0,0.0,0.0,0.0,0.0,,,32945000,0.454545,14975993140.000000
chess::Position::getPieceBb,0.001000,0.001000,0.0,0.0,0.0,0.0,0.0,0.0,0.0,0.0,,0.0,0.0,0.0,0.0,0.0,0.0,0.0,0.0,,,5990000,0.0,0.0
chess::Position::isCapturingMove,0.001000,0.001000,0.0,0.0,0.0,0.0,0.0,0.0,0.0,0.0,,0.0,,0.0,0.0,0.0,0.0,0.0,0.0,,,29950000,0.400000,11980794512.000000
chess::Position::isCapturingMove,0.001000,0.001000,0.0,0.0,0.0,0.0,0.0,0.0,0.0,0.0,,0.0,0.0,,0.0,0.0,0.0,0.0,0.0,,,17970000,0.0,0.0
chess::Square::file,0.001000,0.001000,0.0,0.0,100.0,100.0,0.0,0.0,0.0,0.0,,0.0,0.0,0.0,0.0,0.0,0.0,0.0,0.0,,,17970000,0.0,0.0
chess::Square::file,0.001000,0.001000,0.0,0.0,0.0,0.0,0.0,0.0,0.0,0.0,0.0,0.0,0.0,0.0,0.0,0.0,0.0,0.0,0.0,,,17970000,0.333333,5990397256.000000
chess::Square::rank,0.001000,0.001000,0.0,0.0,0.0,0.0,0.0,0.0,0.0,0.0,0.0,0.0,0.0,0.0,0.0,0.0,0.0,0.0,0.0,,,0,0.0,0.0
chess::StaticMoveList<128>::pop_back,0.001000,0.001000,0.0,0.0,0.0,0.0,0.0,,,0.0,0.0,0.0,0.0,0.0,0.0,0.0,0.0,0.0,0.0,,,0,0.0,0.0
chess::StaticMoveList<256>::push_back,0.001000,0.001000,0.0,0.0,0.0,0.0,0.0,0.0,0.0,0.0,0.0,0.0,0.0,0.0,0.0,0.0,0.0,0.0,0.0,,,2995000,0.0,0.0
chess::Value::operator int,0.001000,0.001000,0.0,0.0,0.0,0.0,,0.0,0.0,0.0,0.0,0.0,0.0,0.0,0.0,0.0,0.0,0.0,0.0,,,17970000,0.0,0.0
chess::Value::operator int,0.001000,0.001000,0.0,0.0,0.0,0.0,0.0,0.0,0.0,0.0,0.0,0.0,0.0,0.0,0.0,0.0,0.0,0.0,0.0,,,2995000,0.0,0.0
chess::Value::{ctor},0.001000,0.001000,0.0,0.0,0.0,0.0,0.0,0.0,0.0,0.0,0.0,0.0,,,,0.0,0.0,0.0,0.0,,,5990000,2.000000,11980794512.000000
chess::Value::{ctor},0.001000,0.001000,0.0,0.0,0.0,0.0,0.0,0.0,0.0,0.0,0.0,0.0,0.0,0.0,0.0,0.0,0.0,0.0,0.0,,,0,0.0,0.0
chess::colorOf,0.001000,0.001000,0.0,0.0,0.0,0.0,0.0,0.0,0.0,0.0,0.0,0.0,0.0,40.1,0.0,0.0,0.0,0.0,0.0,,,2995000,3.000000,8985595884.000000
chess::moveValueGreaterComparator::operator(),0.001000,0.001000,0.0,0.0,0.0,0.0,100.0,0.0,0.0,0.0,0.0,0.0,0.0,0.0,0.0,0.0,0.0,0.0,0.0,,,2995000,1.000000,2995198628.000000
chess::moveValueGreaterComparator::operator(),0.001000,0.001000,0.0,0.0,0.0,0.0,0.0,0.0,0.0,0.0,0.0,0.0,0.0,0.0,0.0,0.0,0.0,0.0,0.0,,,0,,5990397256.000000
chess::moveValueGreaterComparator::operator(),0.001000,0.001000,0.0,0.0,0.0,0.0,0.0,0.0,0.0,0.0,0.0,0.0,0.0,0.0,0.0,0.0,0.0,0.0,0.0,,,0,,5990397256.000000
chess::operator&,0.001000,0.001000,0.0,0.0,0.0,0.0,0.0,0.0,0.0,0.0,0.0,0.0,0.0,0.0,0.0,0.0,0.0,0.0,0.0,,,38935000,0.461538,17971191768.000000
chess::operator&,0.001000,0.001000,0.0,0.0,0.0,0.0,0.0,0.0,0.0,0.0,,0.0,,,,0.0,0.0,0.0,0.0,,,5990000,1.000000,5990397256.000000
chess::operator&,0.001000,0.001000,0.0,0.0,0.0,0.0,0.0,,,0.0,0.0,0.0,0.0,0.0,0.0,0.0,0.0,0.0,0.0,,,0,0.0,0.0
chess::operator&,0.001000,0.001000,0.0,0.0,0.0,0.0,0.0,0.0,0.0,0.0,0.0,0.0,0.0,0.0,0.0,0.0,0.0,0.0,0.0,,,11980000,0.750000,8985595884.000000
chess::operator&,0.001000,0.001000,0.0,0.0,0.0,0.0,100.0,0.0,0.0,0.0,0.0,0.0,,0.0,0.0,0.0,0.0,0.0,0.0,,,5990000,0.500000,2995198628.000000
chess::operator&,0.001000,0.001000,0.0,0.0,0.0,0.0,0.0,0.0,0.0,0.0,0.0,0.0,0.0,0.0,0.0,0.0,0.0,0.0,0.0,,,0,0.0,0.0
chess::operator&,0.001000,0.001000,0.0,0.0,0.0,0.0,0.0,0.0,100.0,0.0,0.0,0.0,,,,0.0,0.0,0.0,0.0,,,0,,5990397256.000000
chess::operator&,0.001000,0.001000,0.0,0.0,0.0,0.0,0.0,0.0,0.0,0.0,0.0,0.0,0.0,0.0,0.0,0.0,0.0,0.0,0.0,,,32945000,0.0,0.0
chess::operator&,0.001000,0.001000,0.0,0.0,100.0,100.0,0.0,0.0,0.0,0.0,0.0,0.0,0.0,0.0,0.0,0.0,0.0,0.0,0.0,,,44925000,0.0,0.0
chess::operator&,0.001000,0.001000,0.0,0.0,100.0,100.0,0.0,37.1,0.0,0.0,93.5,0.0,0.0,0.0,0.0,0.0,0.0,0.0,0.0,,,47920000,0.625000,29951986280.000000
chess::operator&,0.001000,0.001000,0.0,0.0,0.0,0.0,0.0,0.0,0.0,0.0,20.0,0.0,0.0,0.0,0.0,0.0,0.0,0.0,0.0,,,14975000,0.600000,8985595884.000000
chess::operator+,0.001000,0.001000,0.0,0.0,0.0,0.0,0.0,0.0,0.0,0.0,0.0,0.0,20.0,0.0,0.0,0.0,0.0,0.0,0.0,,,0,,2995198628.000000
chess::operator+,0.001000,0.001000,0.0,0.0,0.0,0.0,66.8,0.0,0.0,0.0,0.0,0.0,0.0,0.0,0.0,0.0,0.0,0.0,0.0,,,38935000,0.384615,14975993140.000000
chess::operator+,0.001000,0.001000,0.0,0.0,0.0,0.0,0.0,0.0,0.0,0.0,0.0,0.0,0.0,0.0,0.0,0.0,0.0,0.0,0.0,,,0,0.0,0.0
chess::operator++,0.001000,0.001000,0.0,0.0,0.0,0.0,0.0,0.0,0.0,0.0,,0.0,0.0,0.0,0.0,0.0,0.0,0.0,0.0,,,0,,8985595884.000000
chess::operator+=,0.001000,0.001000,0.0,0.0,0.0,0.0,0.0,0.0,0.0,0.0,0.0,0.0,0.0,0.0,0.0,0.0,0.0,0.0,0.0,,,8985000,0.666667,5990397256.000000
chess::operator+=,0.001000,0.001000,0.0,0.0,0.0,0.0,0.0,0.0,0.0,0.0,0.0,0.0,,,,0.0,0.0,0.0,0.0,,,0,0.0,0.0
chess::operator+=,0.001000,0.001000,0.0,0.0,0.0,0.0,0.0,0.0,0.0,0.0,0.0,0.0,0.0,0.0,0.0,0.0,0.0,0.0,0.0,,,14975000,0.200000,2995198628.000000
chess::operator+=,0.001000,0.001000,0.0,0.0,0.0,0.0,0.0,0.0,0.0,0.0,0.0,0.0,0.0,0.0,0.0,0.0,0.0,0.0,0.0,,,20965000,0.571429,11980794512.000000
chess::operator-,0.001000,0.001000,0.0,0.0,33.3,33.3,100.0,0.0,0.0,0.0,,0.0,,0.0,0.0,0.0,0.0,0.0,0.0,,,2995000,2.000000,5990397256.000000
chess::operator-,0.001000,0.001000,0.0,0.0,0.0,0.0,0.0,0.0,0.0,0.0,,0.0,,,,0.0,0.0,0.0,0.0,,,0,0.0,0.0
chess::operator-,0.001000,0.001000,0.0,0.0,0.0,0.0,,0.0,0.0,0.0,0.0,0.0,0.0,0.0,0.0,0.0,0.0,0.0,0.0,,,2995000,0.0,0.0
chess::operator-,0.001000,0.001000,0.0,0.0,0.0,0.0,0.0,0.0,0.0,0.0,20.0,0.0,0.0,0.0,0.0,0.0,0.0,0.0,0.0,,,2995000,1.000000,2995198628.000000
chess::operator-,0.001000,0.001000,0.0,0.0,0.0,0.0,0.0,0.0,0.0,0.0,0.0,0.0,0.0,0.0,0.0,0.0,0.0,0.0,0.0,,,0,0.0,0.0
chess::operator-,0.001000,0.001000,0.0,0.0,0.0,0.0,0.0,0.0,0.0,0.0,0.0,0.0,0.0,0.0,0.0,0.0,0.0,0.0,0.0,,,0,0.0,0.0
chess::operator-,0.001000,0.001000,0.0,0.0,0.0,0.0,0.0,0.0,0.0,0.0,0.0,0.0,0.0,0.0,0.0,0.0,0.0,0.0,0.0,,,0,0.0,0.0
chess::operator==,0.001000,0.001000,0.0,0.0,0.0,0.0,0.0,0.0,0.0,0.0,0.0,0.0,0.0,0.0,0.0,0.0,0.0,0.0,0.0,,,0,0.0,0.0
chess::operator==,0.001000,0.001000,0.0,0.0,,,83.5,0.0,100.0,0.0,40.1,0.0,0.0,0.0,0.0,0.0,0.0,0.0,0.0,,,0,,8985595884.000000
chess::operator|,0.001000,0.001000,0.0,0.0,0.0,0.0,0.0,0.0,0.0,0.0,0.0,0.0,,,,0.0,0.0,0.0,0.0,,,11980000,0.500000,5990397256.000000
chess::operator|,0.001000,0.001000,0.0,0.0,0.0,0.0,0.0,0.0,0.0,0.0,0.0,0.0,0.0,0.0,0.0,0.0,0.0,0.0,0.0,,,35940000,0.083333,2995198628.000000
chess::operator|,0.001000,0.001000,0.0,0.0,0.0,0.0,0.0,0.0,0.0,0.0,0.0,0.0,0.0,0.0,0.0,0.0,0.0,0.0,0.0,,,2995000,0.0,0.0
chess::operator~,0.001000,0.001000,0.0,0.0,0.0,0.0,0.0,0.0,0.0,0.0,0.0,0.0,0.0,0.0,0.0,0.0,0.0,0.0,0.0,,,14975000,0.600000,8985595884.000000
chess::operator~,0.001000,0.001000,0.0,0.0,0.0,0.0,0.0,0.0,0.0,0.0,0.0,0.0,,0.0,0.0,0.0,0.0,0.0,0.0,,,0,0.0,0.0
chess::typeOf,0.001000,0.001000,0.0,0.0,0.0,0.0,0.0,0.0,0.0,0.0,0.0,0.0,0.0,0.0,0.0,0.0,0.0,0.0,0.0,,,35940000,0.166667,5990397256.000000
chess::valueOf,0.001000,0.001000,0.0,0.0,0.0,0.0,0.0,0.0,0.0,0.0,0.0,0.0,0.0,0.0,0.0,0.0,0.0,0.0,0.0,,,11980000,1.250000,14975993140.000000
chess::valueOf,0.001000,0.001000,0.0,0.0,0.0,0.0,0.0,0.0,0.0,0.0,0.0,0.0,0.0,0.0,0.0,0.0,0.0,0.0,0.0,,,0,0.0,0.0
engine::PawnTT::Entry::{ctor},0.001000,0.001000,0.0,0.0,0.0,0.0,0.0,0.0,0.0,0.0,0.0,0.0,0.0,0.0,0.0,0.0,0.0,0.0,0.0,,,0,,5990397256.000000
engine::PlyInfo::resetSearchState,0.001000,0.001000,0.0,0.0,0.0,0.0,0.0,0.0,0.0,0.0,0.0,0.0,0.0,0.0,0.0,0.0,0.0,0.0,0.0,,,0,0.0,0.0
engine::Search::evaluate,0.001000,0.001000,0.0,0.0,0.0,0.0,0.0,0.0,0.0,0.0,,0.0,0.0,0.0,0.0,0.0,0.0,0.0,0.0,,,41930000,0.0,0.0
engine::Search::rootSearch,0.001000,0.001000,0.0,0.0,0.0,0.0,0.0,0.0,0.0,0.0,0.0,0.0,0.0,0.0,0.0,0.0,0.0,0.0,0.0,,,0,0.0,0.0
engine::Search::thread,0.001000,0.001000,0.0,0.0,0.0,0.0,0.0,0.0,0.0,0.0,0.0,0.0,0.0,0.0,0.0,0.0,0.0,0.0,0.0,,,0,,11980794512.000000
engine::Search::thread,0.001000,0.001000,0.0,0.0,0.0,0.0,0.0,0.0,0.0,0.0,0.0,0.0,0.0,0.0,0.0,0.0,0.0,0.0,0.0,,,0,,2995198628.000000
engine::Search::thread,0.001000,0.001000,0.0,0.0,0.0,0.0,0.0,0.0,0.0,0.0,0.0,0.0,0.0,0.0,0.0,0.0,0.0,0.0,0.0,,,2995000,0.0,0.0
engine::SearchThreadData::lmr_reduction_log,0.001000,0.001000,0.0,0.0,0.0,0.0,0.0,0.0,0.0,0.0,0.0,0.0,0.0,0.0,0.0,0.0,,0.0,100.0,,,2995000,1.000000,2995198628.000000
fread_s,0.001000,0.001000,0.0,0.0,0.0,0.0,0.0,0.0,0.0,0.0,0.0,0.0,0.0,0.0,0.0,0.0,0.0,0.0,0.0,,,0,0.0,0.0
free,0.001000,0.001000,0.0,0.0,0.0,0.0,0.0,0.0,0.0,0.0,0.0,0.0,,0.0,0.0,0.0,0.0,0.0,0.0,,,0,,5990397256.000000
func@0x140004e50,0.001000,0.001000,0.0,0.0,0.0,0.0,0.0,0.0,0.0,0.0,0.0,0.0,0.0,0.0,0.0,0.0,0.0,0.0,0.0,,,0,0.0,0.0
func@0x140005720,0.001000,0.001000,0.0,0.0,0.0,0.0,0.0,0.0,0.0,0.0,0.0,0.0,0.0,0.0,0.0,0.0,0.0,0.0,0.0,,,0,0.0,0.0
func@0x1400079e0,0.001000,0.001000,0.0,0.0,0.0,0.0,0.0,0.0,0.0,0.0,0.0,0.0,0.0,0.0,0.0,0.0,0.0,0.0,0.0,SSE(128),,0,0.0,0.0
func@0x140007d68,0.001000,0.001000,0.0,0.0,0.0,0.0,0.0,0.0,0.0,0.0,0.0,0.0,0.0,0.0,0.0,0.0,0.0,0.0,0.0,SSE(128),,0,0.0,0.0
func@0x14000a292,0.001000,0.001000,0.0,0.0,0.0,0.0,0.0,0.0,0.0,0.0,0.0,0.0,0.0,0.0,0.0,0.0,0.0,0.0,0.0,,,0,0.0,0.0
func@0x14000bb10,0.001000,0.001000,0.0,0.0,0.0,0.0,,,0.0,0.0,0.0,0.0,0.0,0.0,0.0,0.0,0.0,0.0,0.0,,,0,0.0,0.0
func@0x14000cc40,0.001000,0.001000,0.0,0.0,0.0,0.0,0.0,0.0,0.0,0.0,0.0,0.0,0.0,0.0,0.0,0.0,0.0,0.0,0.0,,,0,0.0,0.0
func@0x14000d928,0.001000,0.001000,0.0,0.0,100.0,100.0,0.0,41.7,0.0,0.0,0.0,0.0,0.0,0.0,0.0,0.0,0.0,0.0,0.0,,,8985000,2.666667,23961589024.000000
func@0x14000d936,0.001000,0.001000,0.0,0.0,0.0,0.0,0.0,0.0,0.0,0.0,0.0,0.0,0.0,0.0,0.0,0.0,0.0,0.0,0.0,,,0,0.0,0.0
func@0x140011550,0.001000,0.001000,0.0,0.0,0.0,0.0,0.0,0.0,0.0,0.0,0.0,0.0,0.0,0.0,0.0,0.0,0.0,0.0,0.0,,,2995000,0.0,0.0
func@0x1400122b0,0.001000,0.001000,0.0,0.0,0.0,0.0,0.0,0.0,0.0,0.0,0.0,0.0,0.0,0.0,0.0,0.0,0.0,0.0,0.0,,,0,0.0,0.0
func@0x140012860,0.001000,0.001000,0.0,0.0,0.0,0.0,0.0,0.0,0.0,0.0,0.0,0.0,0.0,0.0,0.0,0.0,0.0,0.0,0.0,,,2995000,0.0,0.0
func@0x140013c80,0.001000,0.001000,0.0,0.0,0.0,0.0,0.0,0.0,0.0,0.0,0.0,0.0,0.0,0.0,0.0,0.0,0.0,0.0,0.0,SSE(128),,0,0.0,0.0
func@0x14001544c,0.001000,0.001000,0.0,0.0,0.0,0.0,0.0,0.0,0.0,0.0,0.0,0.0,0.0,0.0,0.0,0.0,0.0,0.0,0.0,,,0,0.0,0.0
func@0x14001581f,0.001000,0.001000,0.0,0.0,0.0,0.0,0.0,0.0,0.0,0.0,0.0,0.0,0.0,0.0,0.0,0.0,0.0,0.0,0.0,,,0,0.0,0.0
func@0x140015d83,0.001000,0.001000,0.0,0.0,0.0,0.0,0.0,0.0,0.0,0.0,0.0,0.0,0.0,0.0,0.0,0.0,0.0,0.0,0.0,,,0,0.0,0.0
func@0x140015d90,0.001000,0.001000,0.0,0.0,0.0,0.0,0.0,27.8,0.0,0.0,0.0,0.0,0.0,0.0,0.0,0.0,0.0,0.0,0.0,,,0,,17971191768.000000
func@0x14001672d,0.001000,0.001000,0.0,0.0,0.0,0.0,0.0,,,,,0.0,,,,0.0,0.0,0.0,0.0,,,0,0.0,0.0
func@0x140019150,0.001000,0.001000,0.0,0.0,0.0,0.0,0.0,0.0,0.0,0.0,0.0,0.0,0.0,0.0,0.0,0.0,0.0,0.0,0.0,SSE(128),,0,,2995198628.000000
func@0x14001caa4,0.001000,0.001000,0.0,0.0,0.0,0.0,0.0,0.0,0.0,0.0,0.0,0.0,0.0,0.0,0.0,0.0,0.0,0.0,0.0,,,0,0.0,0.0
func@0x14001d38f,0.001000,0.001000,0.0,0.0,0.0,0.0,0.0,0.0,0.0,0.0,0.0,0.0,0.0,0.0,0.0,0.0,0.0,0.0,0.0,,,0,0.0,0.0
func@0x1400203d0,0.001000,0.001000,0.0,0.0,0.0,0.0,0.0,0.0,0.0,0.0,0.0,0.0,0.0,0.0,0.0,0.0,0.0,0.0,0.0,,,0,0.0,0.0
func@0x140020680,0.001000,0.001000,0.0,0.0,0.0,0.0,0.0,0.0,0.0,0.0,0.0,0.0,0.0,0.0,0.0,0.0,0.0,0.0,0.0,,,0,0.0,0.0
func@0x140022442,0.001000,0.001000,0.0,0.0,0.0,0.0,,0.0,0.0,0.0,0.0,0.0,0.0,0.0,0.0,0.0,0.0,0.0,0.0,,,0,0.0,0.0
func@0x1400251e0,0.001000,0.001000,0.0,0.0,0.0,0.0,0.0,0.0,0.0,0.0,0.0,0.0,0.0,0.0,0.0,0.0,0.0,0.0,0.0,,,0,0.0,0.0
func@0x140025370,0.001000,0.001000,0.0,0.0,0.0,0.0,0.0,0.0,0.0,0.0,0.0,0.0,0.0,0.0,0.0,0.0,0.0,0.0,0.0,SSE(128),,0,0.0,0.0
func@0x140026fb0,0.001000,0.001000,0.0,0.0,0.0,0.0,0.0,0.0,100.0,0.0,0.0,0.0,0.0,0.0,0.0,0.0,0.0,0.0,0.0,SSE(128),,0,,2995198628.000000
func@0x140027040,0.001000,0.001000,0.0,0.0,,,0.0,,,0.0,0.0,0.0,0.0,0.0,0.0,0.0,0.0,0.0,0.0,SSE(128),,8985000,0.0,0.0
func@0x140028980,0.001000,0.001000,0.0,0.0,0.0,0.0,0.0,0.0,0.0,0.0,0.0,0.0,0.0,0.0,0.0,0.0,0.0,0.0,0.0,SSE(128),,0,0.0,0.0
func@0x140034bb0,0.001000,0.001000,0.0,0.0,0.0,0.0,0.0,0.0,0.0,0.0,0.0,0.0,0.0,0.0,0.0,0.0,0.0,0.0,0.0,,,0,0.0,0.0
func@0x140039100,0.001000,0.001000,0.0,0.0,0.0,0.0,0.0,0.0,33.4,0.0,0.0,0.0,0.0,0.0,0.0,0.0,0.0,0.0,0.0,,,0,,14975993140.000000
func@0x14004647c,0.001000,0.001000,0.0,0.0,0.0,0.0,0.0,0.0,,,0.0,0.0,0.0,0.0,0.0,0.0,0.0,0.0,0.0,,,0,0.0,0.0
func@0x140049b80,0.001000,0.001000,0.0,0.0,0.0,0.0,100.0,83.5,0.0,83.5,0.0,0.0,0.0,0.0,0.0,0.0,0.0,0.0,0.0,,,0,,5990397256.000000
func@0x140066358,0.001000,0.001000,0.0,0.0,0.0,0.0,0.0,0.0,0.0,0.0,0.0,0.0,0.0,0.0,0.0,0.0,0.0,0.0,0.0,,,0,0.0,0.0
func@0x140067c00,0.001000,0.001000,0.0,0.0,,,,,,0.0,0.0,0.0,0.0,0.0,0.0,0.0,0.0,0.0,0.0,,,0,0.0,0.0
func@0x14009b050,0.001000,0.001000,0.0,0.0,0.0,0.0,0.0,0.0,0.0,0.0,0.0,0.0,0.0,0.0,0.0,0.0,0.0,0.0,0.0,,,0,0.0,0.0
func@0x14009b120,0.001000,0.001000,0.0,0.0,0.0,0.0,0.0,83.5,0.0,0.0,0.0,0.0,0.0,0.0,0.0,0.0,0.0,0.0,0.0,,,0,,5990397256.000000
func@0x1400b34ef,0.001000,0.001000,0.0,0.0,0.0,0.0,0.0,0.0,0.0,0.0,0.0,0.0,0.0,0.0,0.0,0.0,0.0,0.0,0.0,,,0,0.0,0.0
func@0x1400d9bc0,0.001000,0.001000,0.0,0.0,0.0,0.0,0.0,0.0,0.0,0.0,0.0,0.0,0.0,0.0,0.0,0.0,0.0,0.0,0.0,,,0,0.0,0.0
func@0x1400e35a0,0.001000,0.001000,0.0,0.0,0.0,0.0,0.0,0.0,0.0,0.0,0.0,0.0,0.0,0.0,0.0,0.0,0.0,0.0,0.0,,,0,0.0,0.0
func@0x1400f9060,0.001000,0.001000,0.0,0.0,0.0,0.0,0.0,0.0,0.0,0.0,0.0,0.0,0.0,0.0,0.0,0.0,0.0,0.0,0.0,,,0,0.0,0.0
func@0x1400fb4f0,0.001000,0.001000,0.0,0.0,0.0,0.0,,0.0,0.0,0.0,0.0,0.0,0.0,0.0,0.0,0.0,0.0,0.0,0.0,,,0,0.0,0.0
func@0x140100e60,0.001000,0.001000,0.0,0.0,0.0,0.0,0.0,0.0,0.0,0.0,0.0,0.0,0.0,0.0,0.0,0.0,0.0,0.0,0.0,,,0,0.0,0.0
func@0x140103210,0.001000,0.001000,0.0,0.0,0.0,0.0,0.0,0.0,0.0,0.0,0.0,0.0,0.0,0.0,0.0,0.0,0.0,0.0,0.0,,,0,,14975993140.000000
func@0x1401076a0,0.001000,0.001000,0.0,0.0,0.0,0.0,0.0,0.0,0.0,0.0,0.0,0.0,0.0,0.0,0.0,0.0,0.0,0.0,0.0,,,0,0.0,0.0
func@0x14010e520,0.001000,0.001000,0.0,0.0,0.0,0.0,0.0,0.0,0.0,0.0,0.0,0.0,0.0,0.0,0.0,0.0,0.0,0.0,0.0,,,0,0.0,0.0
func@0x1401168d0,0.001000,0.001000,0.0,0.0,0.0,0.0,0.0,0.0,0.0,0.0,0.0,0.0,0.0,0.0,0.0,0.0,0.0,0.0,0.0,,,0,0.0,0.0
func@0x14011f200,0.001000,0.001000,0.0,0.0,0.0,0.0,,,0.0,0.0,0.0,0.0,0.0,0.0,0.0,0.0,0.0,0.0,0.0,,,0,0.0,0.0
func@0x140122140,0.001000,0.001000,0.0,0.0,0.0,0.0,,0.0,0.0,0.0,0.0,0.0,0.0,0.0,0.0,0.0,0.0,0.0,0.0,,,0,0.0,0.0
func@0x140122800,0.001000,0.001000,0.0,0.0,0.0,0.0,0.0,0.0,33.4,0.0,0.0,0.0,0.0,0.0,0.0,0.0,0.0,0.0,0.0,,,0,,14975993140.000000
func@0x140122fc0,0.001000,0.001000,0.0,0.0,0.0,0.0,0.0,0.0,0.0,0.0,0.0,0.0,0.0,0.0,0.0,0.0,0.0,0.0,0.0,SSE(128),,0,0.0,0.0
func@0x140124f20,0.001000,0.001000,0.0,0.0,0.0,0.0,55.6,55.6,0.0,55.6,0.0,0.0,0.0,0.0,0.0,0.0,0.0,0.0,0.0,,,0,,8985595884.000000
func@0x1401262a0,0.001000,0.001000,0.0,0.0,0.0,0.0,,,,,0.0,0.0,0.0,0.0,0.0,0.0,0.0,0.0,0.0,,,0,0.0,0.0
func@0x14012719f,0.001000,0.001000,0.0,0.0,0.0,0.0,0.0,0.0,0.0,0.0,0.0,0.0,0.0,0.0,0.0,0.0,0.0,0.0,0.0,,,0,0.0,0.0
func@0x140128400,0.001000,0.001000,0.0,0.0,0.0,0.0,0.0,0.0,0.0,0.0,0.0,0.0,0.0,0.0,0.0,0.0,0.0,0.0,0.0,,,0,0.0,0.0
func@0x14012e620,0.001000,0.001000,0.0,0.0,0.0,0.0,0.0,0.0,0.0,0.0,0.0,0.0,0.0,0.0,0.0,0.0,0.0,0.0,0.0,SSE(128),,0,,5990397256.000000
func@0x140164db0,0.001000,0.001000,0.0,0.0,0.0,0.0,0.0,0.0,0.0,100.0,0.0,0.0,0.0,0.0,0.0,0.0,0.0,0.0,0.0,,,47920000,0.062500,2995198628.000000
func@0x140167520,0.001000,0.001000,0.0,0.0,0.0,0.0,0.0,0.0,0.0,0.0,0.0,0.0,0.0,0.0,0.0,0.0,0.0,0.0,0.0,,,14975000,0.0,0.0
func@0x140168320,0.001000,0.001000,0.0,0.0,0.0,0.0,0.0,0.0,0.0,0.0,0.0,0.0,0.0,0.0,0.0,0.0,0.0,0.0,0.0,,,0,0.0,0.0
func@0x140169e80,0.001000,0.001000,0.0,0.0,0.0,0.0,0.0,0.0,0.0,0.0,0.0,0.0,0.0,0.0,0.0,0.0,0.0,0.0,0.0,,,0,0.0,0.0
func@0x14016d3a0,0.001000,0.001000,0.0,0.0,0.0,0.0,0.0,0.0,0.0,0.0,0.0,0.0,0.0,0.0,0.0,0.0,0.0,0.0,0.0,,,0,0.0,0.0
func@0x1401869a0,0.001000,0.001000,0.0,0.0,0.0,0.0,0.0,0.0,0.0,0.0,0.0,0.0,0.0,0.0,0.0,0.0,0.0,0.0,0.0,SSE(128),,0,0.0,0.0
func@0x140200cc0,0.001000,0.001000,0.0,0.0,0.0,0.0,0.0,0.0,83.5,0.0,,0.0,,,,0.0,0.0,0.0,0.0,,,5990000,1.000000,5990397256.000000
func@0x140200e20,0.001000,0.001000,0.0,0.0,0.0,0.0,20.9,20.9,0.0,0.0,0.0,0.0,0.0,0.0,0.0,0.0,0.0,0.0,0.0,,,5990000,4.000000,23961589024.000000
func@0x14020119c,0.001000,0.001000,0.0,0.0,0.0,0.0,0.0,0.0,0.0,0.0,0.0,0.0,0.0,0.0,0.0,0.0,0.0,0.0,0.0,,,0,0.0,0.0
func@0x1402026a4,0.001000,0.001000,0.0,0.0,0.0,0.0,0.0,0.0,27.8,0.0,0.0,0.0,,,,0.0,0.0,0.0,0.0,,,2995000,6.000000,17971191768.000000
func@0x1402121c0,0.001000,0.001000,0.0,0.0,0.0,0.0,0.0,0.0,0.0,0.0,0.0,0.0,0.0,0.0,0.0,0.0,0.0,0.0,0.0,,,0,0.0,0.0
func@0x14021e8c9,0.001000,0.001000,0.0,0.0,0.0,0.0,0.0,0.0,0.0,0.0,0.0,0.0,0.0,0.0,0.0,0.0,0.0,0.0,0.0,,,0,0.0,0.0
func@0x14021f980,0.001000,0.001000,0.0,0.0,0.0,0.0,0.0,0.0,0.0,0.0,0.0,0.0,0.0,0.0,0.0,0.0,0.0,0.0,0.0,SSE(128),,0,0.0,0.0
func@0x140222210,0.001000,0.001000,0.0,0.0,0.0,0.0,0.0,0.0,,,0.0,0.0,0.0,0.0,,0.0,0.0,0.0,0.0,SSE(128); SSE2(128),,0,0.0,0.0
func@0x1402227ca,0.001000,0.001000,0.0,0.0,0.0,0.0,0.0,,,0.0,0.0,0.0,0.0,0.0,0.0,0.0,0.0,0.0,0.0,,,11980000,0.0,0.0
func@0x1402236d0,0.001000,0.001000,0.0,0.0,0.0,0.0,0.0,0.0,0.0,0.0,0.0,0.0,0.0,0.0,0.0,0.0,0.0,0.0,0.0,,,0,0.0,0.0
func@0x140243620,0.001000,0.001000,0.0,0.0,0.0,0.0,0.0,0.0,0.0,0.0,0.0,0.0,0.0,0.0,0.0,0.0,0.0,0.0,0.0,,,0,0.0,0.0
func@0x140251369,0.001000,0.001000,0.0,0.0,0.0,0.0,0.0,0.0,0.0,0.0,0.0,0.0,0.0,0.0,0.0,0.0,0.0,0.0,0.0,,,0,0.0,0.0
func@0x140255c9d,0.001000,0.001000,0.0,0.0,0.0,0.0,41.7,0.0,20.9,20.9,0.0,0.0,0.0,0.0,0.0,0.0,0.0,0.0,0.0,,,14975000,1.600000,23961589024.000000
func@0x140255e80,0.001000,0.001000,0.0,0.0,0.0,0.0,0.0,0.0,0.0,0.0,0.0,0.0,0.0,,0.0,0.0,0.0,0.0,0.0,SSE(128),,0,0.0,0.0
func@0x14025ded0,0.001000,0.001000,0.0,0.0,0.0,0.0,0.0,0.0,0.0,0.0,0.0,0.0,0.0,0.0,0.0,0.0,0.0,0.0,0.0,,,0,,11980794512.000000
func@0x14025e120,0.001000,0.001000,0.0,0.0,,,0.0,0.0,23.8,0.0,0.0,0.0,0.0,0.0,0.0,0.0,0.0,0.0,0.0,,,5990000,3.500000,20966390396.000000
func@0x14025fd10,0.001000,0.001000,0.0,0.0,0.0,0.0,0.0,0.0,0.0,0.0,0.0,0.0,0.0,0.0,0.0,0.0,0.0,0.0,0.0,,,0,0.0,0.0
func@0x140295e18,0.001000,0.001000,0.0,0.0,0.0,0.0,0.0,0.0,0.0,0.0,0.0,0.0,0.0,0.0,0.0,0.0,0.0,0.0,0.0,,,0,0.0,0.0
func@0x1402963be,0.001000,0.001000,0.0,0.0,0.0,0.0,0.0,0.0,0.0,0.0,0.0,0.0,0.0,0.0,0.0,0.0,0.0,0.0,0.0,SSE(128),,0,,2995198628.000000
func@0x1402987c0,0.001000,0.001000,0.0,0.0,0.0,0.0,0.0,0.0,0.0,0.0,0.0,0.0,0.0,0.0,0.0,0.0,0.0,0.0,0.0,,,0,0.0,0.0
func@0x140299590,0.001000,0.001000,0.0,0.0,0.0,0.0,0.0,0.0,0.0,0.0,0.0,0.0,0.0,0.0,0.0,0.0,0.0,0.0,0.0,,,5990000,0.500000,2995198628.000000
func@0x140299bd4,0.001000,0.001000,0.0,0.0,0.0,0.0,0.0,0.0,0.0,0.0,0.0,0.0,0.0,0.0,0.0,0.0,0.0,0.0,0.0,,,0,0.0,0.0
func@0x14029bb80,0.001000,0.001000,0.0,0.0,0.0,0.0,0.0,0.0,0.0,0.0,0.0,0.0,0.0,0.0,0.0,0.0,0.0,0.0,0.0,,,14975000,0.0,0.0
func@0x14029cf20,0.001000,0.001000,0.0,0.0,0.0,0.0,0.0,100.0,0.0,100.0,0.0,0.0,0.0,0.0,0.0,0.0,0.0,0.0,0.0,,,23960000,0.250000,5990397256.000000
func@0x1402b1d25,0.001000,0.001000,0.0,0.0,0.0,0.0,0.0,0.0,0.0,0.0,0.0,0.0,0.0,0.0,0.0,0.0,0.0,0.0,0.0,,,0,0.0,0.0
func@0x1402b2840,0.001000,0.001000,0.0,0.0,0.0,0.0,,,0.0,0.0,0.0,0.0,0.0,0.0,0.0,0.0,0.0,0.0,0.0,,,2995000,0.0,0.0
func@0x1402b821f,0.001000,0.001000,0.0,0.0,0.0,0.0,0.0,0.0,0.0,0.0,0.0,0.0,0.0,0.0,0.0,0.0,0.0,0.0,0.0,,,0,0.0,0.0
func@0x1402b877e,0.001000,0.001000,0.0,0.0,0.0,0.0,0.0,0.0,0.0,0.0,0.0,0.0,0.0,0.0,0.0,0.0,0.0,0.0,0.0,,,0,0.0,0.0
func@0x1402b9184,0.001000,0.001000,0.0,0.0,,,0.0,0.0,0.0,0.0,0.0,0.0,0.0,0.0,0.0,0.0,0.0,0.0,0.0,,,0,0.0,0.0
func@0x1402b92f0,0.001000,0.001000,0.0,0.0,0.0,0.0,0.0,0.0,0.0,0.0,0.0,0.0,0.0,0.0,0.0,0.0,0.0,0.0,0.0,SSE2(128),,0,0.0,0.0
func@0x1402ba0e0,0.001000,0.001000,0.0,0.0,0.0,0.0,0.0,0.0,83.5,0.0,0.0,0.0,0.0,0.0,0.0,0.0,0.0,0.0,0.0,SSE(128),,23960000,0.250000,5990397256.000000
func@0x1402c5968,0.001000,0.001000,0.0,0.0,0.0,0.0,0.0,0.0,0.0,0.0,0.0,0.0,0.0,0.0,0.0,0.0,0.0,0.0,0.0,,,0,0.0,0.0
func@0x1402c6e30,0.001000,0.001000,0.0,0.0,0.0,0.0,0.0,0.0,0.0,0.0,0.0,0.0,0.0,0.0,0.0,0.0,0.0,0.0,0.0,SSE(128); SSE2(128),,0,,5990397256.000000
func@0x1402d90f7,0.001000,0.001000,0.0,0.0,0.0,0.0,0.0,0.0,0.0,0.0,0.0,0.0,0.0,0.0,0.0,0.0,0.0,0.0,0.0,,,0,0.0,0.0
func@0x1402e6e4e,0.001000,0.001000,0.0,0.0,0.0,0.0,0.0,0.0,0.0,0.0,0.0,0.0,0.0,0.0,0.0,0.0,0.0,0.0,0.0,,,2995000,0.0,0.0
func@0x1402e8030,0.001000,0.001000,0.0,0.0,50.0,50.0,,,,,0.0,0.0,0.0,0.0,0.0,0.0,0.0,0.0,0.0,,,0,0.0,0.0
func@0x1402e8069,0.001000,0.001000,0.0,0.0,0.0,0.0,,,0.0,0.0,0.0,0.0,0.0,0.0,0.0,0.0,0.0,0.0,0.0,,,0,0.0,0.0
func@0x1402edbc0,0.001000,0.001000,0.0,0.0,0.0,0.0,,0.0,0.0,0.0,0.0,0.0,0.0,,0.0,0.0,0.0,0.0,0.0,,,0,0.0,0.0
func@0x1402efbb4,0.001000,0.001000,0.0,0.0,0.0,0.0,0.0,0.0,0.0,0.0,0.0,0.0,0.0,0.0,0.0,0.0,0.0,0.0,0.0,SSE(128),,0,0.0,0.0
func@0x1402f91f0,0.001000,0.001000,0.0,0.0,100.0,100.0,0.0,0.0,55.6,0.0,0.0,0.0,0.0,0.0,0.0,0.0,0.0,0.0,0.0,SSE(128),,8985000,1.000000,8985595884.000000
func@0x140309a10,0.001000,0.001000,0.0,0.0,0.0,0.0,0.0,0.0,0.0,0.0,0.0,0.0,0.0,0.0,0.0,0.0,0.0,0.0,0.0,,,5990000,0.500000,2995198628.000000
func@0x14030dae0,0.001000,0.001000,0.0,0.0,0.0,0.0,100.0,0.0,100.0,0.0,0.0,0.0,0.0,0.0,0.0,0.0,0.0,0.0,0.0,,,0,,2995198628.000000
func@0x140312df0,0.001000,0.001000,0.0,0.0,0.0,0.0,0.0,0.0,0.0,0.0,0.0,0.0,0.0,0.0,0.0,0.0,0.0,0.0,0.0,,,0,0.0,0.0
func@0x140316990,0.001000,0.001000,0.0,0.0,0.0,0.0,0.0,0.0,0.0,0.0,0.0,0.0,0.0,0.0,0.0,0.0,0.0,0.0,0.0,,,0,0.0,0.0
func@0x140316aa0,0.001000,0.001000,0.0,0.0,0.0,0.0,0.0,0.0,0.0,0.0,0.0,0.0,0.0,0.0,0.0,0.0,0.0,0.0,0.0,,,0,0.0,0.0
func@0x140318b33,0.001000,0.001000,0.0,0.0,0.0,0.0,0.0,0.0,0.0,0.0,0.0,0.0,0.0,0.0,0.0,0.0,0.0,0.0,0.0,,,0,0.0,0.0
func@0x140318e40,0.001000,0.001000,0.0,0.0,0.0,0.0,0.0,0.0,0.0,0.0,0.0,0.0,0.0,0.0,0.0,0.0,0.0,0.0,0.0,,,0,,5990397256.000000
func@0x140319f90,0.001000,0.001000,0.0,0.0,0.0,0.0,0.0,0.0,0.0,0.0,0.0,0.0,0.0,0.0,0.0,0.0,0.0,0.0,0.0,,,0,0.0,0.0
func@0x14031b330,0.001000,0.001000,0.0,0.0,0.0,0.0,0.0,0.0,0.0,0.0,0.0,0.0,0.0,0.0,0.0,0.0,0.0,0.0,0.0,,,0,0.0,0.0
func@0x1403220b0,0.001000,0.001000,0.0,0.0,0.0,0.0,100.0,0.0,0.0,0.0,0.0,0.0,0.0,0.0,0.0,0.0,0.0,0.0,0.0,SSE(128),,2995000,3.000000,8985595884.000000
func@0x1403231d0,0.001000,0.001000,0.0,0.0,0.0,0.0,0.0,0.0,0.0,0.0,,0.0,0.0,0.0,0.0,0.0,0.0,0.0,0.0,,,0,0.0,0.0
func@0x14033ced0,0.001000,0.001000,0.0,0.0,0.0,0.0,0.0,0.0,100.0,0.0,0.0,0.0,0.0,0.0,0.0,0.0,0.0,0.0,0.0,,,20965000,0.285714,5990397256.000000
func@0x14033e0f0,0.001000,0.001000,0.0,0.0,,,0.0,,,0.0,0.0,0.0,0.0,0.0,0.0,0.0,0.0,0.0,0.0,,,0,0.0,0.0
func@0x14033e76c,0.001000,0.001000,0.0,0.0,0.0,0.0,0.0,0.0,0.0,0.0,0.0,0.0,0.0,0.0,0.0,0.0,0.0,0.0,0.0,,,0,0.0,0.0
func@0x1403419a0,0.001000,0.001000,0.0,0.0,0.0,0.0,0.0,0.0,0.0,0.0,0.0,0.0,0.0,0.0,0.0,0.0,0.0,0.0,0.0,,,5990000,0.0,0.0
func@0x140345300,0.001000,0.001000,0.0,0.0,0.0,0.0,0.0,0.0,0.0,0.0,0.0,0.0,0.0,0.0,0.0,0.0,0.0,0.0,0.0,,,2995000,0.0,0.0
func@0x1403a94e0,0.001000,0.001000,0.0,0.0,0.0,0.0,0.0,0.0,0.0,0.0,0.0,0.0,0.0,0.0,0.0,0.0,0.0,0.0,0.0,,,0,0.0,0.0
func@0x1403b8378,0.001000,0.001000,0.0,0.0,0.0,0.0,0.0,0.0,0.0,0.0,0.0,0.0,0.0,0.0,0.0,0.0,0.0,0.0,0.0,,,0,0.0,0.0
func@0x1403c7a40,0.001000,0.001000,0.0,0.0,0.0,0.0,0.0,0.0,0.0,0.0,0.0,0.0,0.0,0.0,0.0,0.0,0.0,0.0,0.0,,,0,0.0,0.0
func@0x1403c7b1e,0.001000,0.001000,0.0,0.0,0.0,0.0,0.0,100.0,0.0,0.0,0.0,0.0,0.0,0.0,0.0,0.0,0.0,0.0,0.0,,,0,,2995198628.000000
func@0x1403c8760,0.001000,0.001000,0.0,0.0,0.0,0.0,0.0,0.0,0.0,0.0,0.0,0.0,0.0,0.0,0.0,0.0,0.0,0.0,0.0,,,0,0.0,0.0
func@0x1403c8fb0,0.001000,0.001000,0.0,0.0,0.0,0.0,0.0,0.0,20.9,0.0,0.0,0.0,0.0,0.0,0.0,0.0,0.0,0.0,0.0,,,8985000,2.666667,23961589024.000000
func@0x1403ceb90,0.001000,0.001000,0.0,0.0,,,83.5,100.0,0.0,83.5,0.0,0.0,0.0,0.0,0.0,0.0,0.0,0.0,0.0,,,0,,5990397256.000000
func@0x1403d66b0,0.001000,0.001000,0.0,0.0,0.0,0.0,0.0,0.0,0.0,0.0,0.0,0.0,0.0,0.0,0.0,0.0,0.0,0.0,0.0,,,0,0.0,0.0
func@0x1403d6ed0,0.001000,0.001000,0.0,0.0,0.0,0.0,0.0,0.0,,,0.0,0.0,0.0,0.0,0.0,0.0,0.0,0.0,0.0,SSE(128),,0,0.0,0.0
func@0x1403df260,0.001000,0.001000,0.0,0.0,0.0,0.0,0.0,0.0,0.0,0.0,0.0,0.0,0.0,0.0,0.0,0.0,0.0,0.0,0.0,,,2995000,0.0,0.0
func@0x1403f2040,0.001000,0.001000,0.0,0.0,0.0,0.0,0.0,0.0,55.6,0.0,0.0,0.0,0.0,0.0,0.0,0.0,0.0,0.0,0.0,,,0,,17971191768.000000
func@0x14040683c,0.001000,0.001000,0.0,0.0,0.0,0.0,0.0,0.0,0.0,0.0,0.0,0.0,0.0,0.0,0.0,0.0,0.0,0.0,0.0,,,0,0.0,0.0
func@0x140415102,0.001000,0.001000,0.0,0.0,0.0,0.0,0.0,0.0,0.0,0.0,0.0,0.0,0.0,0.0,0.0,0.0,0.0,0.0,0.0,,,11980000,0.0,0.0
func@0x1404154e1,0.001000,0.001000,0.0,0.0,0.0,0.0,0.0,0.0,0.0,0.0,0.0,0.0,0.0,0.0,0.0,0.0,0.0,0.0,0.0,,,0,0.0,0.0
func@0x14042159d,0.001000,0.001000,0.0,0.0,0.0,0.0,0.0,0.0,0.0,0.0,0.0,0.0,0.0,0.0,0.0,0.0,0.0,0.0,0.0,,,0,0.0,0.0
func@0x140434aa0,0.001000,0.001000,0.0,0.0,0.0,0.0,0.0,0.0,0.0,0.0,0.0,0.0,0.0,0.0,0.0,0.0,0.0,0.0,0.0,,,0,0.0,0.0
func@0x1404350b0,0.001000,0.001000,0.0,0.0,0.0,0.0,,0.0,0.0,0.0,,0.0,,,,0.0,0.0,0.0,0.0,,,0,0.0,0.0
func@0x140445670,0.001000,0.001000,0.0,0.0,0.0,0.0,0.0,,,0.0,0.0,0.0,0.0,0.0,0.0,0.0,0.0,0.0,0.0,,,2995000,0.0,0.0
func@0x140461d10,0.001000,0.001000,0.0,0.0,0.0,0.0,0.0,0.0,0.0,0.0,0.0,0.0,0.0,0.0,0.0,0.0,0.0,0.0,0.0,SSE(128),,0,0.0,0.0
func@0x1404634c8,0.001000,0.001000,0.0,0.0,0.0,0.0,0.0,0.0,0.0,0.0,0.0,0.0,0.0,0.0,0.0,0.0,0.0,0.0,0.0,,,0,0.0,0.0
func@0x1404ec930,0.001000,0.001000,0.0,0.0,0.0,0.0,0.0,0.0,0.0,0.0,0.0,0.0,0.0,0.0,0.0,0.0,0.0,0.0,0.0,,,0,0.0,0.0
func@0x1405d1bf0,0.001000,0.001000,0.0,0.0,0.0,0.0,0.0,0.0,0.0,0.0,0.0,0.0,0.0,0.0,0.0,0.0,0.0,0.0,0.0,,,0,0.0,0.0
func@0x1405dfe10,0.001000,0.001000,0.0,0.0,0.0,0.0,0.0,0.0,0.0,0.0,0.0,0.0,0.0,0.0,0.0,0.0,0.0,0.0,0.0,,,0,,11980794512.000000
func@0x1405e0bcc,0.001000,0.001000,0.0,0.0,0.0,0.0,0.0,0.0,,,0.0,0.0,0.0,0.0,0.0,0.0,0.0,0.0,0.0,SSE(128),,0,0.0,0.0
func@0x1406ef9b0,0.001000,0.001000,0.0,0.0,0.0,0.0,0.0,0.0,0.0,0.0,0.0,0.0,0.0,0.0,0.0,0.0,0.0,0.0,0.0,,,0,0.0,0.0
func@0x140841f00,0.001000,0.001000,0.0,0.0,0.0,0.0,0.0,0.0,0.0,0.0,0.0,0.0,0.0,0.0,0.0,0.0,0.0,0.0,0.0,,,0,0.0,0.0
func@0x1408a2560,0.001000,0.001000,0.0,0.0,0.0,0.0,0.0,0.0,0.0,0.0,0.0,0.0,0.0,0.0,0.0,0.0,0.0,0.0,0.0,SSE(128),,0,0.0,0.0
func@0x1408d6408,0.001000,0.001000,0.0,0.0,0.0,0.0,0.0,0.0,0.0,0.0,0.0,0.0,0.0,0.0,0.0,0.0,0.0,0.0,0.0,,,0,0.0,0.0
func@0x140903590,0.001000,0.001000,0.0,0.0,0.0,0.0,0.0,0.0,0.0,0.0,0.0,0.0,0.0,0.0,0.0,0.0,0.0,0.0,0.0,,,0,0.0,0.0
func@0x140c7e320,0.001000,0.001000,0.0,0.0,0.0,0.0,0.0,0.0,0.0,0.0,0.0,0.0,0.0,0.0,0.0,0.0,0.0,0.0,0.0,SSE(128); SSE2(128),,0,0.0,0.0
func@0x140c97cd0,0.001000,0.001000,0.0,0.0,0.0,0.0,0.0,0.0,55.6,0.0,0.0,0.0,0.0,0.0,0.0,0.0,0.0,0.0,0.0,,,0,,8985595884.000000
func@0x140c97d40,0.001000,0.001000,0.0,0.0,0.0,0.0,0.0,,,0.0,0.0,0.0,0.0,0.0,0.0,0.0,0.0,0.0,0.0,,,0,0.0,0.0
func@0x140c9fda0,0.001000,0.001000,0.0,0.0,0.0,0.0,0.0,0.0,0.0,0.0,0.0,0.0,0.0,0.0,0.0,0.0,0.0,0.0,0.0,,,0,0.0,0.0
func@0x140ca05af,0.001000,0.001000,0.0,0.0,0.0,0.0,0.0,0.0,0.0,0.0,0.0,0.0,0.0,0.0,0.0,0.0,0.0,0.0,0.0,,,0,0.0,0.0
func@0x140cbb800,0.001000,0.001000,0.0,0.0,0.0,0.0,0.0,0.0,0.0,83.5,0.0,0.0,0.0,0.0,0.0,0.0,0.0,0.0,0.0,SSE(128),,0,,11980794512.000000
func@0x140cc61f0,0.001000,0.001000,0.0,0.0,0.0,0.0,0.0,0.0,0.0,0.0,0.0,0.0,0.0,0.0,0.0,0.0,0.0,0.0,0.0,,,0,0.0,0.0
func@0x140cd6550,0.001000,0.001000,0.0,0.0,0.0,0.0,0.0,,,0.0,0.0,0.0,0.0,0.0,0.0,0.0,0.0,0.0,0.0,,,0,0.0,0.0
func@0x140cde380,0.001000,0.001000,0.0,0.0,0.0,0.0,0.0,0.0,0.0,0.0,0.0,0.0,0.0,0.0,0.0,0.0,0.0,0.0,0.0,,,0,,5990397256.000000
func@0x140ce4390,0.001000,0.001000,0.0,0.0,0.0,0.0,0.0,0.0,0.0,0.0,0.0,0.0,0.0,0.0,0.0,0.0,0.0,0.0,0.0,,,2995000,0.0,0.0
func@0x140ce4430,0.001000,0.001000,0.0,0.0,0.0,0.0,0.0,0.0,0.0,0.0,0.0,0.0,0.0,0.0,0.0,0.0,0.0,0.0,0.0,,,0,0.0,0.0
func@0x140ce4720,0.001000,0.001000,0.0,0.0,0.0,0.0,0.0,0.0,55.6,0.0,0.0,0.0,0.0,0.0,0.0,0.0,0.0,0.0,0.0,,,0,,8985595884.000000
func@0x140cfad60,0.001000,0.001000,0.0,0.0,0.0,0.0,0.0,0.0,0.0,0.0,0.0,0.0,0.0,0.0,0.0,0.0,0.0,0.0,0.0,,,0,0.0,0.0
func@0x140d0dc70,0.001000,0.001000,0.0,0.0,0.0,0.0,0.0,0.0,0.0,0.0,0.0,0.0,0.0,0.0,0.0,0.0,0.0,0.0,0.0,,,0,0.0,0.0
func@0x140d0ddc0,0.001000,0.001000,0.0,0.0,0.0,0.0,0.0,0.0,0.0,0.0,0.0,0.0,0.0,0.0,0.0,0.0,0.0,0.0,0.0,,,0,,2995198628.000000
func@0x140d29640,0.001000,0.001000,0.0,0.0,0.0,0.0,0.0,0.0,0.0,0.0,0.0,0.0,0.0,0.0,0.0,0.0,0.0,0.0,0.0,,,0,0.0,0.0
func@0x140d29b40,0.001000,0.001000,0.0,0.0,0.0,0.0,100.0,0.0,0.0,0.0,0.0,0.0,0.0,0.0,0.0,0.0,0.0,0.0,0.0,,,0,,2995198628.000000
func@0x140d2fba0,0.001000,0.001000,0.0,0.0,0.0,0.0,0.0,0.0,0.0,0.0,0.0,0.0,0.0,0.0,0.0,0.0,0.0,0.0,0.0,,,0,0.0,0.0
func@0x140d38eb0,0.001000,0.001000,0.0,0.0,0.0,0.0,0.0,0.0,0.0,0.0,0.0,0.0,0.0,0.0,0.0,0.0,0.0,0.0,0.0,,,0,0.0,0.0
func@0x140d3bfe0,0.001000,0.001000,0.0,0.0,0.0,0.0,0.0,0.0,0.0,0.0,0.0,0.0,0.0,0.0,0.0,0.0,0.0,0.0,0.0,,,0,0.0,0.0
func@0x180007fa0,0.001000,0.001000,0.0,0.0,0.0,0.0,0.0,0.0,0.0,0.0,0.0,0.0,0.0,0.0,0.0,0.0,0.0,0.0,0.0,,,5990000,0.0,0.0
func@0x180008044,0.001000,0.001000,0.0,0.0,0.0,0.0,0.0,0.0,0.0,0.0,0.0,0.0,0.0,0.0,0.0,0.0,0.0,0.0,0.0,,,5990000,0.0,0.0
func@0x1800350c8,0.001000,0.001000,0.0,0.0,0.0,0.0,0.0,0.0,0.0,0.0,0.0,0.0,0.0,0.0,0.0,0.0,0.0,0.0,0.0,SSE(128); SSE2(128),,0,0.0,0.0
func@0x180050860,0.001000,0.001000,0.0,0.0,0.0,0.0,0.0,0.0,0.0,0.0,0.0,0.0,0.0,0.0,0.0,0.0,0.0,0.0,0.0,SSE(128),,0,0.0,0.0
func@0x180058e00,0.001000,0.001000,0.0,0.0,0.0,0.0,0.0,0.0,0.0,0.0,0.0,0.0,0.0,0.0,0.0,0.0,0.0,0.0,0.0,,,0,0.0,0.0
func@0x18005bb00,0.001000,0.001000,0.0,0.0,0.0,0.0,0.0,0.0,0.0,0.0,0.0,0.0,0.0,0.0,0.0,0.0,0.0,0.0,0.0,,,0,0.0,0.0
func@0x180078da1,0.001000,0.001000,0.0,0.0,0.0,0.0,0.0,0.0,0.0,0.0,0.0,0.0,0.0,0.0,0.0,0.0,0.0,0.0,0.0,SSE(128),,17970000,0.666667,11980794512.000000
func@0x18008cdaa,0.001000,0.001000,0.0,0.0,0.0,0.0,0.0,0.0,0.0,0.0,0.0,0.0,0.0,0.0,0.0,0.0,0.0,0.0,0.0,SSE2(128),,0,0.0,0.0
func@0x180097db0,0.001000,0.001000,0.0,0.0,0.0,0.0,0.0,0.0,0.0,0.0,0.0,0.0,0.0,0.0,0.0,0.0,0.0,0.0,0.0,,,0,0.0,0.0
func@0x18013bdfc,0.001000,0.001000,0.0,0.0,0.0,0.0,0.0,0.0,0.0,0.0,0.0,0.0,0.0,0.0,0.0,0.0,0.0,0.0,0.0,,,0,0.0,0.0
func@0x29740,0.001000,0.001000,0.0,0.0,0.0,0.0,0.0,0.0,0.0,0.0,0.0,0.0,0.0,0.0,0.0,0.0,0.0,0.0,0.0,,,0,0.0,0.0
func@0x29a20,0.001000,0.001000,0.0,0.0,0.0,0.0,0.0,,,0.0,0.0,0.0,0.0,0.0,0.0,0.0,0.0,0.0,0.0,,,0,0.0,0.0
lock_locales,0.001000,0.001000,0.0,0.0,0.0,0.0,0.0,0.0,0.0,0.0,0.0,0.0,0.0,0.0,0.0,0.0,0.0,0.0,0.0,,,0,0.0,0.0
log,0.001000,0.001000,0.0,0.0,0.0,0.0,0.0,0.0,0.0,0.0,0.0,0.0,0.0,0.0,0.0,0.0,28.6,0.0,100.0,AVX(128); SSE2(128),,29950000,0.300000,8985595884.000000
spdlog::logger::flush,0.001000,0.001000,0.0,0.0,0.0,0.0,0.0,0.0,0.0,0.0,0.0,0.0,0.0,0.0,0.0,0.0,0.0,0.0,0.0,,,0,,2995198628.000000
"std::_Atomic_storage<unsigned __int64,8>::store",0.001000,0.001000,0.0,0.0,0.0,0.0,0.0,41.7,0.0,0.0,,0.0,,,,0.0,0.0,0.0,0.0,,,0,,11980794512.000000
std::_Fnv1a_append_bytes,0.001000,0.001000,0.0,0.0,0.0,0.0,0.0,0.0,0.0,0.0,0.0,0.0,0.0,0.0,0.0,0.0,0.0,0.0,0.0,,,17970000,1.000000,17971191768.000000
std::_Hash_representation<unsigned __int64>,0.001000,0.001000,0.0,0.0,0.0,0.0,0.0,0.0,0.0,0.0,0.0,0.0,0.0,0.0,0.0,0.0,0.0,0.0,0.0,,,0,0.0,0.0
"std::array<chess::Bitboard,64>::operator[]",0.001000,0.001000,0.0,0.0,0.0,0.0,0.0,0.0,0.0,0.0,0.0,0.0,0.0,0.0,0.0,0.0,0.0,0.0,0.0,,,2995000,0.0,0.0
"std::array<chess::Bitboard,8>::operator[]",0.001000,0.001000,0.0,0.0,0.0,0.0,0.0,0.0,0.0,0.0,0.0,0.0,20.0,0.0,0.0,0.0,0.0,0.0,0.0,,,35940000,0.333333,11980794512.000000
"std::array<chess::HistoryState,1024>::operator[]",0.001000,0.001000,0.0,0.0,0.0,0.0,,,0.0,0.0,0.0,0.0,,,,0.0,0.0,0.0,0.0,,,8985000,0.0,0.0
"std::array<chess::HistoryState,1024>::operator[]",0.001000,0.001000,0.0,0.0,0.0,0.0,0.0,0.0,0.0,0.0,0.0,0.0,0.0,0.0,0.0,0.0,0.0,0.0,0.0,,,11980000,0.0,0.0
"std::array<chess::Value,25>::operator[]",0.001000,0.001000,0.0,0.0,0.0,0.0,0.0,0.0,0.0,0.0,0.0,0.0,40.1,0.0,0.0,0.0,0.0,0.0,0.0,,,23960000,0.375000,8985595884.000000
"std::array<chess::Value,25>::operator[]",0.001000,0.001000,0.0,0.0,0.0,0.0,0.0,0.0,0.0,0.0,0.0,0.0,0.0,0.0,0.0,0.0,0.0,0.0,0.0,,,14975000,0.600000,8985595884.000000
"std::array<chess::Value,25>::operator[]",0.001000,0.001000,0.0,0.0,0.0,0.0,0.0,0.0,0.0,0.0,0.0,0.0,20.0,0.0,0.0,0.0,0.0,0.0,0.0,,,2995000,1.000000,2995198628.000000
"std::array<chess::Value,25>::operator[]",0.001000,0.001000,0.0,0.0,0.0,0.0,0.0,0.0,0.0,0.0,0.0,0.0,0.0,0.0,0.0,0.0,0.0,0.0,0.0,,,2995000,0.0,0.0
"std::array<engine::PlyInfo,128>::operator[]",0.001000,0.001000,0.0,0.0,0.0,0.0,0.0,0.0,0.0,0.0,0.0,0.0,0.0,0.0,0.0,0.0,0.0,0.0,0.0,,,8985000,0.666667,5990397256.000000
"std::array<std::array<chess::Bitboard,64>,8>::operator[]",0.001000,0.001000,0.0,0.0,0.0,0.0,0.0,0.0,0.0,0.0,,0.0,0.0,0.0,0.0,0.0,0.0,0.0,0.0,,,0,,11980794512.000000
"std::array<std::array<chess::Move,64>,64>::operator[]",0.001000,0.001000,0.0,0.0,0.0,0.0,0.0,0.0,0.0,0.0,0.0,0.0,0.0,,0.0,0.0,0.0,0.0,0.0,,,26955000,0.111111,2995198628.000000
std::atomic<unsigned __int64>::{ctor},0.001000,0.001000,0.0,0.0,0.0,0.0,0.0,0.0,0.0,0.0,0.0,0.0,0.0,0.0,0.0,0.0,0.0,0.0,0.0,,,17970000,0.333333,5990397256.000000
"std::basic_streambuf<char,std::char_traits<char> >::_Gnavail",0.001000,0.001000,0.0,0.0,0.0,0.0,0.0,0.0,0.0,0.0,0.0,0.0,0.0,0.0,0.0,0.0,0.0,0.0,0.0,,,5990000,0.0,0.0
"std::basic_streambuf<char,std::char_traits<char> >::gbump",0.001000,0.001000,0.0,0.0,0.0,0.0,0.0,0.0,0.0,0.0,0.0,0.0,0.0,0.0,0.0,0.0,0.0,0.0,0.0,,,5990000,0.0,0.0
std::countr_zero,0.001000,0.001000,0.0,0.0,0.0,0.0,0.0,0.0,0.0,0.0,0.0,0.0,0.0,0.0,0.0,0.0,0.0,0.0,0.0,,,14975000,0.800000,11980794512.000000
std::equal_to<unsigned __int64>::operator(),0.001000,0.001000,0.0,0.0,0.0,0.0,0.0,0.0,0.0,0.0,0.0,0.0,0.0,0.0,0.0,0.0,0.0,0.0,0.0,,,0,0.0,0.0
std::hash<unsigned __int64>::_Do_hash,0.001000,0.001000,0.0,0.0,0.0,0.0,0.0,0.0,0.0,0.0,0.0,0.0,0.0,0.0,0.0,0.0,0.0,0.0,0.0,,,5990000,0.0,0.0
std::max,0.001000,0.001000,0.0,0.0,0.0,0.0,0.0,0.0,0.0,0.0,,0.0,0.0,0.0,0.0,0.0,0.0,0.0,0.0,,,23960000,0.0,0.0
std::min,0.001000,0.001000,0.0,0.0,0.0,0.0,0.0,0.0,0.0,0.0,30.1,0.0,0.0,0.0,0.0,0.0,0.0,0.0,0.0,,,8985000,0.666667,5990397256.000000
std::optional<engine::TT::Entry>::{ctor},0.001000,0.001000,0.0,0.0,0.0,0.0,0.0,0.0,0.0,0.0,,0.0,,,,0.0,0.0,0.0,0.0,,,0,0.0,0.0
std::popcount,0.001000,0.001000,0.0,0.0,0.0,0.0,0.0,0.0,0.0,0.0,0.0,0.0,0.0,0.0,0.0,0.0,0.0,0.0,0.0,,,47920000,0.437500,20966390396.000000
std::popcount,0.001000,0.001000,0.0,0.0,0.0,0.0,0.0,0.0,0.0,0.0,0.0,0.0,0.0,0.0,0.0,0.0,0.0,0.0,0.0,,,17970000,0.0,0.0
"std::ranges::_Stable_sort_fn::_Buffered_merge_sort_common<chess::Move *,chess::moveValueGreaterComparator,std::identity>",0.001000,0.001000,0.0,0.0,0.0,0.0,0.0,0.0,0.0,0.0,0.0,0.0,0.0,,0.0,0.0,0.0,0.0,0.0,,,0,0.0,0.0
std::ranges::_Swap::_Cpo::operator(),0.001000,0.001000,0.0,0.0,0.0,0.0,0.0,0.0,0.0,0.0,0.0,0.0,0.0,0.0,0.0,0.0,0.0,0.0,0.0,,,17970000,0.500000,8985595884.000000
std::ranges::_Swap::_Cpo::operator(),0.001000,0.001000,0.0,0.0,0.0,0.0,0.0,0.0,0.0,0.0,0.0,0.0,0.0,0.0,0.0,0.0,0.0,0.0,0.0,,,5990000,2.000000,11980794512.000000
std::ranges::_Swap::_Cpo::operator(),0.001000,0.001000,0.0,0.0,0.0,0.0,0.0,0.0,0.0,0.0,0.0,0.0,0.0,0.0,0.0,0.0,0.0,0.0,0.0,,,0,,5990397256.000000
"std::unique_ptr<tablebase::Tablebase,std::default_delete<tablebase::Tablebase> >::operator bool",0.001000,0.001000,0.0,0.0,0.0,0.0,0.0,0.0,0.0,0.0,0.0,0.0,,,,0.0,0.0,0.0,0.0,,,2995000,4.000000,11980794512.000000
"std::vector<unsigned __int64,class std::allocator<unsigned __int64> >::_Change_array",0.001000,0.001000,0.0,0.0,0.0,0.0,0.0,0.0,0.0,0.0,0.0,0.0,0.0,0.0,0.0,0.0,0.0,0.0,0.0,,,0,0.0,0.0
type_info::before,0.001000,0.001000,0.0,0.0,0.0,0.0,0.0,0.0,0.0,0.0,0.0,0.0,0.0,0.0,0.0,0.0,0.0,0.0,0.0,,,5990000,0.0,0.0
BaseThreadInitThunk,0.0,0.0,0.0,0.0,0.0,0.0,0.0,0.0,0.0,0.0,0.0,0.0,0.0,0.0,0.0,0.0,0.0,0.0,0.0,,,2995000,0.0,0.0
ExAcquireCacheAwarePushLockSharedEx,0.0,0.0,0.0,0.0,0.0,0.0,0.0,0.0,0.0,0.0,0.0,0.0,0.0,0.0,0.0,0.0,0.0,0.0,0.0,,,11980000,0.0,0.0
ExAcquireResourceExclusiveLite,0.0,0.0,0.0,0.0,0.0,0.0,0.0,0.0,0.0,0.0,0.0,0.0,0.0,0.0,0.0,0.0,0.0,0.0,0.0,SSE(128),,0,0.0,0.0
ExFreeToNPagedLookasideList,0.0,0.0,0.0,0.0,0.0,0.0,0.0,0.0,0.0,0.0,0.0,0.0,0.0,0.0,0.0,0.0,0.0,0.0,0.0,,,2995000,0.0,0.0
ExIsResourceAcquiredSharedLite,0.0,0.0,0.0,0.0,0.0,0.0,0.0,0.0,0.0,0.0,0.0,0.0,0.0,0.0,0.0,0.0,0.0,0.0,0.0,SSE(128),,0,0.0,0.0
ExReleaseSpinLockSharedFromDpcLevel,0.0,0.0,0.0,0.0,0.0,0.0,,,0.0,0.0,0.0,0.0,0.0,0.0,0.0,0.0,0.0,0.0,0.0,,,5990000,0.0,0.0
IofCompleteRequest,0.0,0.0,0.0,0.0,0.0,0.0,0.0,0.0,0.0,0.0,0.0,0.0,0.0,0.0,0.0,0.0,0.0,0.0,0.0,,,2995000,0.0,0.0
KeGetCurrentIrql,0.0,0.0,0.0,0.0,0.0,0.0,0.0,0.0,0.0,0.0,0.0,0.0,0.0,0.0,0.0,0.0,0.0,0.0,0.0,,,29950000,0.200000,
KeInsertQueueApc,0.0,0.0,0.0,0.0,0.0,0.0,0.0,0.0,100.0,0.0,0.0,0.0,0.0,0.0,0.0,0.0,0.0,0.0,0.0,,,0,,
KeReleaseInStackQueuedSpinLockFromDpcLevel,0.0,0.0,0.0,0.0,0.0,0.0,0.0,0.0,0.0,0.0,0.0,0.0,0.0,0.0,0.0,0.0,0.0,0.0,0.0,,,5990000,0.0,0.0
KfdClassify,0.0,0.0,0.0,0.0,0.0,0.0,0.0,0.0,0.0,0.0,0.0,0.0,0.0,0.0,0.0,0.0,0.0,0.0,0.0,SSE(128),,0,0.0,0.0
MmUnlockPages,0.0,0.0,0.0,0.0,0.0,0.0,100.0,0.0,100.0,0.0,0.0,0.0,0.0,0.0,0.0,0.0,0.0,0.0,0.0,,,0,,
MultiByteToWideChar,0.0,0.0,0.0,0.0,0.0,0.0,0.0,0.0,0.0,0.0,0.0,0.0,0.0,0.0,0.0,0.0,0.0,0.0,0.0,,,5990000,0.0,0.0
NtQueryInformationThread,0.0,0.0,0.0,0.0,0.0,0.0,0.0,0.0,0.0,0.0,0.0,0.0,0.0,0.0,0.0,0.0,0.0,0.0,0.0,SSE(128); SSE2(128),,0,,
ObfReferenceObjectWithTag,0.0,0.0,0.0,0.0,,,,0.0,0.0,0.0,0.0,0.0,0.0,0.0,0.0,0.0,0.0,0.0,0.0,,,5990000,0.0,0.0
ReadFile,0.0,0.0,0.0,0.0,0.0,0.0,0.0,0.0,0.0,0.0,0.0,0.0,0.0,0.0,0.0,0.0,0.0,0.0,0.0,SSE(128),,0,0.0,0.0
RtlNumberOfSetBitsEx,0.0,0.0,0.0,0.0,0.0,0.0,0.0,0.0,0.0,0.0,0.0,0.0,0.0,0.0,0.0,0.0,0.0,0.0,0.0,,,5990000,0.500000,
RtlPcToFileHeader,0.0,0.0,0.0,0.0,0.0,0.0,0.0,0.0,0.0,0.0,0.0,0.0,0.0,0.0,0.0,0.0,0.0,0.0,0.0,SSE(128),,0,0.0,0.0
RtlReleaseSRWLockShared,0.0,0.0,0.0,0.0,0.0,0.0,,,0.0,0.0,0.0,0.0,0.0,0.0,0.0,0.0,0.0,0.0,0.0,,,5990000,0.0,0.0
RtlUnicodeToMultiByteN,0.0,0.0,0.0,0.0,0.0,0.0,,0.0,0.0,0.0,0.0,0.0,0.0,0.0,0.0,0.0,0.0,0.0,0.0,,,5990000,0.0,0.0
YAML::RegEx::MatchUnchecked<class YAML::StreamCharSource>,0.0,0.0,0.0,0.0,0.0,0.0,0.0,0.0,0.0,0.0,0.0,0.0,0.0,0.0,0.0,0.0,0.0,0.0,0.0,SSE(128); SSE2(128),,0,,
[Import thunk _std_type_info_compare],0.0,0.0,0.0,0.0,0.0,0.0,0.0,0.0,0.0,0.0,0.0,0.0,0.0,0.0,0.0,0.0,0.0,0.0,0.0,,,17970000,0.333333,
[Import thunk memcpy],0.0,0.0,0.0,0.0,0.0,0.0,0.0,0.0,0.0,0.0,0.0,0.0,0.0,0.0,0.0,0.0,0.0,0.0,0.0,,,11980000,0.500000,
[Import thunk memset],0.0,0.0,0.0,0.0,0.0,0.0,0.0,0.0,0.0,0.0,0.0,0.0,0.0,0.0,0.0,0.0,0.0,0.0,0.0,,,5990000,0.0,0.0
[Loop at line 1052 in chess::MoveGenerator::generateMoves],0.0,0.0,0.0,0.0,0.0,0.0,0.0,0.0,0.0,0.0,,0.0,,,,0.0,0.0,0.0,0.0,,,2995000,0.0,0.0
[Loop at line 1090 in engine::Search::aspirationSearch],0.0,0.0,0.0,0.0,0.0,0.0,0.0,0.0,0.0,0.0,0.0,0.0,0.0,0.0,0.0,0.0,0.0,0.0,0.0,AVX(128),,0,,
[Loop at line 216 in engine::SearchThreadData::regenerateLmrTable],0.0,0.0,0.0,0.0,0.0,0.0,0.0,0.0,0.0,0.0,0.0,0.0,0.0,0.0,0.0,0.0,0.0,0.0,0.0,,,2995000,0.0,0.0
[Loop at line 275 in engine::Evaluator::evaluate],0.0,0.0,0.0,0.0,0.0,0.0,0.0,0.0,0.0,0.0,0.0,0.0,20.0,0.0,0.0,0.0,0.0,0.0,0.0,,,23960000,0.375000,
[Loop at line 3329 in engine::Search::sendMultiPvResultsToUci],0.0,0.0,0.0,0.0,0.0,0.0,0.0,0.0,0.0,0.0,0.0,0.0,0.0,0.0,0.0,0.0,0.0,0.0,0.0,AVX(128); AVX(256),,0,,
[Loop at line 35 in chess::Attacks::detail::sliding_attack],0.0,0.0,0.0,0.0,0.0,0.0,0.0,0.0,0.0,0.0,0.0,0.0,0.0,0.0,0.0,0.0,0.0,0.0,0.0,,,5990000,0.0,0.0
[Loop at line 35 in chess::Attacks::detail::sliding_attack],0.0,0.0,0.0,0.0,0.0,0.0,0.0,0.0,0.0,0.0,0.0,0.0,0.0,0.0,0.0,0.0,0.0,0.0,0.0,,,5990000,0.0,0.0
[Loop at line 538 in engine::Search::iterativeDeepening],0.0,0.0,0.0,0.0,0.0,0.0,0.0,0.0,0.0,0.0,0.0,0.0,0.0,0.0,0.0,0.0,0.0,0.0,0.0,AVX(128); AVX(256),,0,0.0,0.0
"[Loop at line 69 in boost::serialization::stl::load_unordered_collection<class boost::archive::binary_iarchive,class std::unordered_map<unsigned __int64,class book::BookEntry,struct std::hash<unsigned __int64>,struct std::equal_to<unsigned __int64>,class std::allocator<struct std::pair<unsigned __int64 const ,class book::BookEntry> > >,struct boost::serialization::stl::archive_input_unordered_map<class boost::archive::binary_iarchive,class std::unordered_map<unsigned __int64,class book::BookEntry,struct std::hash<unsigned __int64>,struct std::equal_to<unsigned __int64>,class std::allocator<struct std::pair<unsigned __int64 const ,class book::BookEntry> > > > >]",0.0,0.0,0.0,0.0,0.0,0.0,0.0,0.0,0.0,0.0,0.0,0.0,0.0,0.0,0.0,0.0,0.0,0.0,0.0,AVX(128); AVX(256),,0,0.0,0.0
[Loop at line 78 in engine::TT::resize],0.0,0.0,0.0,0.0,0.0,0.0,0.0,0.0,0.0,0.0,0.0,0.0,0.0,0.0,0.0,0.0,0.0,0.0,0.0,,,11980000,0.0,0.0
[Loop at line 818 in engine::Search::iterativeDeepening],0.0,0.0,0.0,0.0,0.0,0.0,0.0,0.0,0.0,0.0,0.0,0.0,0.0,0.0,0.0,0.0,0.0,0.0,0.0,AVX(128); AVX(256),,0,0.0,0.0
"[Loop at line 8614 in std::ranges::_Sort_fn::_Sort_common<chess::Move *,chess::moveValueGreaterComparator,std::identity>]",0.0,0.0,0.0,0.0,0.0,0.0,0.0,0.0,0.0,0.0,0.0,0.0,0.0,0.0,0.0,0.0,0.0,0.0,0.0,,,2995000,3.000000,
[Loop at line 996 in chess::MoveGenerator::generatePawnMoves],0.0,0.0,0.0,0.0,0.0,0.0,0.0,0.0,0.0,0.0,0.0,0.0,20.0,0.0,0.0,0.0,0.0,0.0,0.0,,,0,,
[Loop@0x140002ba0 in func@0x140002b5e],0.0,0.0,0.0,0.0,0.0,0.0,0.0,0.0,0.0,0.0,0.0,0.0,0.0,0.0,0.0,0.0,0.0,0.0,0.0,,,2995000,0.0,0.0
[Loop@0x140002c30 in func@0x140002b5e],0.0,0.0,0.0,0.0,0.0,0.0,0.0,0.0,0.0,100.0,0.0,0.0,0.0,0.0,0.0,0.0,0.0,0.0,0.0,,,2995000,1.000000,
[Loop@0x140004fe3 in func@0x140004f80],0.0,0.0,0.0,0.0,0.0,0.0,0.0,0.0,0.0,0.0,0.0,0.0,0.0,0.0,0.0,0.0,0.0,0.0,0.0,,,8985000,0.0,0.0
[Loop@0x1400052a9 in func@0x140005250],0.0,0.0,0.0,0.0,0.0,0.0,0.0,0.0,83.5,0.0,0.0,0.0,0.0,0.0,0.0,0.0,0.0,0.0,0.0,SSE2(128),,0,,
[Loop@0x14000d410 in func@0x14000d330],0.0,0.0,0.0,0.0,0.0,0.0,0.0,0.0,0.0,0.0,0.0,0.0,0.0,0.0,0.0,0.0,0.0,0.0,0.0,SSE(128); SSE2(128),,0,0.0,0.0
[Loop@0x14000e100 in func@0x14000e060],0.0,0.0,0.0,0.0,0.0,0.0,100.0,0.0,0.0,0.0,0.0,0.0,0.0,0.0,0.0,0.0,0.0,0.0,0.0,,,0,,
[Loop@0x140012ed0 in func@0x140012948],0.0,0.0,0.0,0.0,,,0.0,33.4,0.0,0.0,0.0,0.0,0.0,0.0,0.0,0.0,0.0,0.0,0.0,,,0,,
[Loop@0x140025431 in func@0x140025370],0.0,0.0,0.0,0.0,0.0,0.0,0.0,0.0,0.0,0.0,0.0,0.0,0.0,0.0,0.0,0.0,0.0,0.0,0.0,,,20965000,0.0,0.0
[Loop@0x14002681a in func@0x140026780],0.0,0.0,0.0,0.0,0.0,0.0,,0.0,,0.0,0.0,0.0,0.0,0.0,0.0,0.0,0.0,0.0,0.0,SSE(128),,0,0.0,0.0
[Loop@0x140026ffd in func@0x140026fb0],0.0,0.0,0.0,0.0,0.0,0.0,,,,0.0,0.0,0.0,0.0,0.0,0.0,0.0,0.0,0.0,0.0,SSE(128),,0,0.0,0.0
[Loop@0x140029443 in func@0x1400293d9],0.0,0.0,0.0,0.0,0.0,0.0,0.0,0.0,0.0,0.0,0.0,0.0,0.0,0.0,0.0,0.0,0.0,0.0,0.0,SSE(128),,0,0.0,0.0
[Loop@0x140029a37 in func@0x140029970],0.0,0.0,0.0,0.0,0.0,0.0,0.0,0.0,0.0,0.0,0.0,0.0,0.0,0.0,0.0,0.0,0.0,0.0,0.0,SSE(128),,8985000,1.666667,
[Loop@0x1400f9df1 in func@0x1400f9dc0],0.0,0.0,0.0,0.0,0.0,0.0,0.0,0.0,0.0,0.0,0.0,0.0,0.0,0.0,0.0,0.0,0.0,0.0,0.0,,,20965000,2.285714,
[Loop@0x1400f9e00 in func@0x1400f9dc0],0.0,0.0,0.0,0.0,0.0,0.0,0.0,0.0,0.0,0.0,0.0,0.0,0.0,0.0,0.0,0.0,0.0,0.0,0.0,,,5990000,0.0,0.0
[Loop@0x140167890 in func@0x140167818],0.0,0.0,0.0,0.0,0.0,0.0,0.0,,,0.0,0.0,0.0,0.0,0.0,0.0,0.0,0.0,0.0,0.0,SSE(128),,0,0.0,0.0
[Loop@0x140167971 in func@0x1401677c0],0.0,0.0,0.0,0.0,0.0,0.0,0.0,0.0,0.0,0.0,0.0,0.0,0.0,0.0,0.0,0.0,0.0,0.0,0.0,,,2995000,11.000000,
[Loop@0x14016d090 in func@0x14016cf90],0.0,0.0,0.0,0.0,0.0,0.0,0.0,0.0,0.0,0.0,0.0,0.0,0.0,0.0,0.0,0.0,0.0,0.0,0.0,SSE(128); SSE2(128),,0,0.0,0.0
[Loop@0x1401a06b0 in __builtin_array_init_helper<class chess::Move>],0.0,0.0,0.0,0.0,50.0,50.0,0.0,0.0,0.0,0.0,0.0,0.0,0.0,0.0,0.0,0.0,0.0,0.0,0.0,,,0,,
[Loop@0x140200d6f in func@0x140200cc0],0.0,0.0,0.0,0.0,0.0,0.0,0.0,0.0,0.0,0.0,0.0,0.0,0.0,0.0,0.0,0.0,0.0,0.0,0.0,,,8985000,0.0,0.0
[Loop@0x140200f45 in func@0x140200e20],0.0,0.0,0.0,0.0,0.0,0.0,0.0,0.0,0.0,0.0,0.0,0.0,0.0,0.0,0.0,0.0,0.0,0.0,0.0,,,23960000,0.0,0.0
[Loop@0x1402019e5 in func@0x1402019bc],0.0,0.0,0.0,0.0,0.0,0.0,0.0,0.0,0.0,0.0,0.0,0.0,0.0,0.0,0.0,0.0,0.0,0.0,0.0,,,5990000,0.0,0.0
[Loop@0x140202660 in func@0x140202640],0.0,0.0,0.0,0.0,0.0,0.0,0.0,0.0,0.0,0.0,0.0,0.0,0.0,0.0,0.0,0.0,0.0,0.0,0.0,,,8985000,0.333333,
[Loop@0x1402026c3 in func@0x1402026a4],0.0,0.0,0.0,0.0,0.0,0.0,0.0,0.0,0.0,0.0,0.0,0.0,0.0,0.0,0.0,0.0,0.0,0.0,0.0,,,2995000,0.0,0.0
[Loop@0x140231cf0 in func@0x140231af0],0.0,0.0,0.0,0.0,0.0,0.0,0.0,0.0,0.0,0.0,0.0,0.0,0.0,0.0,0.0,0.0,0.0,0.0,0.0,,,5990000,0.0,0.0
[Loop@0x1402587b8 in func@0x1402585aa],0.0,0.0,0.0,0.0,0.0,0.0,0.0,0.0,0.0,0.0,0.0,0.0,0.0,0.0,0.0,0.0,0.0,0.0,0.0,,,2995000,3.000000,
[Loop@0x14026f1a8 in func@0x14026efa0],0.0,0.0,0.0,0.0,0.0,0.0,0.0,0.0,0.0,0.0,0.0,0.0,0.0,0.0,0.0,0.0,0.0,0.0,0.0,,,2995000,0.0,0.0
[Loop@0x1402945ae in func@0x140294430],0.0,0.0,0.0,0.0,0.0,0.0,0.0,55.6,0.0,0.0,0.0,0.0,0.0,0.0,0.0,0.0,0.0,0.0,0.0,,,0,,
[Loop@0x140294ae0 in func@0x140294a20],0.0,0.0,0.0,0.0,0.0,0.0,0.0,0.0,0.0,0.0,0.0,0.0,0.0,0.0,0.0,0.0,0.0,0.0,0.0,SSE(128); SSE2(128),,8985000,0.0,0.0
[Loop@0x140294af0 in func@0x140294a20],0.0,0.0,0.0,0.0,0.0,0.0,0.0,0.0,0.0,0.0,0.0,0.0,0.0,0.0,0.0,0.0,0.0,0.0,0.0,SSE(128); SSE2(128),,2995000,0.0,0.0
[Loop@0x140294b70 in func@0x140294a20],0.0,0.0,0.0,0.0,0.0,0.0,0.0,0.0,0.0,0.0,0.0,0.0,0.0,0.0,0.0,0.0,0.0,0.0,0.0,,,5990000,1.000000,
[Loop@0x140296076 in func@0x140295e18],0.0,0.0,0.0,0.0,,,0.0,0.0,0.0,0.0,0.0,0.0,0.0,0.0,0.0,0.0,0.0,0.0,0.0,,,2995000,1.000000,
[Loop@0x140299ae5 in func@0x1402997f0],0.0,0.0,0.0,0.0,0.0,0.0,0.0,0.0,0.0,0.0,0.0,0.0,0.0,0.0,0.0,0.0,0.0,0.0,0.0,,,2995000,4.000000,
[Loop@0x14029be2f in func@0x14029bd64],0.0,0.0,0.0,0.0,,,0.0,0.0,0.0,0.0,0.0,0.0,0.0,0.0,0.0,0.0,0.0,0.0,0.0,,,5990000,0.500000,
[Loop@0x14029bf11 in func@0x14029bd64],0.0,0.0,0.0,0.0,0.0,0.0,0.0,0.0,0.0,0.0,0.0,0.0,0.0,0.0,0.0,0.0,0.0,0.0,0.0,,,17970000,0.0,0.0
[Loop@0x14029c2b0 in func@0x14029c140],0.0,0.0,0.0,0.0,0.0,0.0,0.0,0.0,0.0,0.0,0.0,0.0,0.0,0.0,0.0,0.0,0.0,0.0,0.0,,,2995000,0.0,0.0
[Loop@0x14029c416 in func@0x14029c140],0.0,0.0,0.0,0.0,0.0,0.0,0.0,0.0,0.0,0.0,0.0,0.0,0.0,0.0,0.0,0.0,0.0,0.0,0.0,,,2995000,0.0,0.0
[Loop@0x14029c500 in func@0x14029c48c],0.0,0.0,0.0,0.0,0.0,0.0,0.0,0.0,0.0,0.0,0.0,0.0,0.0,0.0,0.0,0.0,0.0,0.0,0.0,,,2995000,0.0,0.0
[Loop@0x14029c580 in func@0x14029c48c],0.0,0.0,0.0,0.0,0.0,0.0,0.0,0.0,0.0,0.0,0.0,0.0,0.0,0.0,0.0,0.0,0.0,0.0,0.0,,,5990000,0.0,0.0
[Loop@0x14029de90 in func@0x14029ddc3],0.0,0.0,0.0,0.0,0.0,0.0,0.0,0.0,83.5,0.0,0.0,0.0,0.0,0.0,0.0,0.0,0.0,0.0,0.0,,,0,,
[Loop@0x1402ba3b0 in func@0x1402ba0e0],0.0,0.0,0.0,0.0,0.0,0.0,0.0,0.0,0.0,0.0,0.0,0.0,0.0,0.0,0.0,0.0,0.0,0.0,0.0,,,5990000,0.0,0.0
[Loop@0x1402c6a4e in func@0x1402c69d0],0.0,0.0,0.0,0.0,0.0,0.0,0.0,0.0,0.0,0.0,0.0,0.0,0.0,0.0,0.0,0.0,0.0,0.0,0.0,,,5990000,0.0,0.0
[Loop@0x1402e64a0 in func@0x1402e6300],0.0,0.0,0.0,0.0,100.0,100.0,0.0,,,0.0,0.0,0.0,0.0,0.0,0.0,0.0,0.0,0.0,0.0,,,0,0.0,0.0
[Loop@0x1402ea2a0 in func@0x1402ea260],0.0,0.0,0.0,0.0,0.0,0.0,0.0,0.0,83.5,83.5,0.0,0.0,0.0,,,0.0,0.0,0.0,0.0,,,0,,
[Loop@0x1402f949b in func@0x1402f91f0],0.0,0.0,0.0,0.0,0.0,0.0,0.0,0.0,0.0,0.0,0.0,0.0,0.0,0.0,0.0,0.0,0.0,0.0,0.0,SSE(128),,0,,
[Loop@0x1402fa711 in func@0x1402f91f0],0.0,0.0,0.0,0.0,0.0,0.0,0.0,0.0,0.0,0.0,0.0,0.0,0.0,0.0,0.0,0.0,0.0,0.0,0.0,,,2995000,2.000000,
[Loop@0x1402fab43 in func@0x1402f91f0],0.0,0.0,0.0,0.0,0.0,0.0,0.0,0.0,0.0,0.0,0.0,0.0,0.0,0.0,0.0,0.0,0.0,0.0,0.0,,,5990000,0.0,0.0
[Loop@0x14030f750 in func@0x14030f5f0],0.0,0.0,0.0,0.0,0.0,0.0,0.0,0.0,0.0,0.0,0.0,0.0,0.0,0.0,0.0,0.0,0.0,0.0,0.0,,,2995000,0.0,0.0
[Loop@0x140318d1f in func@0x140318ce0],0.0,0.0,0.0,0.0,100.0,100.0,0.0,0.0,0.0,83.5,0.0,0.0,0.0,0.0,0.0,0.0,0.0,0.0,0.0,,,2995000,4.000000,
[Loop@0x140318dcf in func@0x140318ce0],0.0,0.0,0.0,0.0,0.0,0.0,0.0,0.0,0.0,0.0,0.0,0.0,0.0,0.0,0.0,0.0,0.0,0.0,0.0,,,2995000,0.0,0.0
[Loop@0x140319ad0 in func@0x140319000],0.0,0.0,0.0,0.0,0.0,0.0,0.0,55.6,0.0,0.0,0.0,0.0,0.0,0.0,0.0,0.0,0.0,0.0,0.0,,,0,,
[Loop@0x140322300 in func@0x1403220b0],0.0,0.0,0.0,0.0,0.0,0.0,0.0,0.0,0.0,0.0,0.0,0.0,0.0,0.0,0.0,0.0,0.0,0.0,0.0,SSE(128),,0,0.0,0.0
[Loop@0x140327f30 in func@0x140327b30],0.0,0.0,0.0,0.0,0.0,0.0,0.0,0.0,0.0,0.0,,0.0,,0.0,0.0,0.0,0.0,0.0,0.0,,,17970000,0.0,0.0
[Loop@0x14032e7ed in func@0x14032df50],0.0,0.0,0.0,0.0,0.0,0.0,0.0,0.0,0.0,0.0,0.0,0.0,0.0,0.0,0.0,0.0,0.0,0.0,0.0,,,5990000,0.0,0.0
[Loop@0x14033c535 in func@0x14033c480],0.0,0.0,0.0,0.0,0.0,0.0,0.0,100.0,0.0,100.0,0.0,0.0,0.0,0.0,0.0,0.0,0.0,0.0,0.0,,,0,,
[Loop@0x14033d2f0 in func@0x14033cf22],0.0,0.0,0.0,0.0,0.0,0.0,0.0,0.0,0.0,0.0,0.0,0.0,0.0,0.0,0.0,0.0,0.0,0.0,0.0,,,2995000,0.0,0.0
[Loop@0x14033da45 in func@0x14033d9d0],0.0,0.0,0.0,0.0,0.0,0.0,33.4,0.0,50.1,0.0,0.0,0.0,0.0,0.0,0.0,0.0,0.0,0.0,0.0,,,0,,
[Loop@0x14033db20 in func@0x14033d9d0],0.0,0.0,0.0,0.0,0.0,0.0,0.0,0.0,0.0,0.0,0.0,0.0,0.0,0.0,0.0,0.0,0.0,0.0,0.0,,,5990000,0.0,0.0
[Loop@0x14033fef0 in func@0x14033fd10],0.0,0.0,0.0,0.0,,,0.0,0.0,100.0,0.0,0.0,0.0,0.0,0.0,20.0,0.0,0.0,0.0,0.0,,,0,,
[Loop@0x140340c42 in func@0x140340ba8],0.0,0.0,0.0,0.0,0.0,0.0,0.0,,,0.0,0.0,0.0,0.0,0.0,0.0,0.0,0.0,0.0,0.0,,,5990000,0.0,0.0
[Loop@0x1403454e0 in func@0x140345300],0.0,0.0,0.0,0.0,0.0,0.0,0.0,0.0,0.0,0.0,0.0,0.0,0.0,0.0,0.0,0.0,0.0,0.0,0.0,,,2995000,0.0,0.0
[Loop@0x1403b2b61 in func@0x1403b2b52],0.0,0.0,0.0,0.0,0.0,0.0,0.0,0.0,0.0,0.0,0.0,0.0,0.0,0.0,0.0,0.0,0.0,0.0,0.0,,,8985000,0.0,0.0
[Loop@0x1403c6ca2 in func@0x1403c6bd0],0.0,0.0,0.0,0.0,100.0,100.0,0.0,0.0,23.8,0.0,0.0,0.0,0.0,0.0,0.0,0.0,0.0,0.0,0.0,,,0,,
[Loop@0x1403c7790 in func@0x1403c76eb],0.0,0.0,0.0,0.0,0.0,0.0,0.0,0.0,0.0,0.0,0.0,0.0,0.0,0.0,0.0,0.0,0.0,0.0,0.0,,,2995000,0.0,0.0
[Loop@0x1403d17e5 in func@0x1403d17db],0.0,0.0,0.0,0.0,0.0,0.0,0.0,0.0,0.0,0.0,0.0,0.0,0.0,0.0,0.0,0.0,0.0,0.0,0.0,,,2995000,0.0,0.0
[Loop@0x1403d6877 in func@0x1403d66b0],0.0,0.0,0.0,0.0,0.0,0.0,0.0,0.0,0.0,0.0,0.0,0.0,,,,0.0,0.0,0.0,0.0,,,2995000,0.0,0.0
[Loop@0x1403d6fd0 in func@0x1403d6ed0],0.0,0.0,0.0,0.0,0.0,0.0,0.0,0.0,0.0,0.0,0.0,0.0,0.0,0.0,0.0,0.0,0.0,0.0,0.0,SSE(128),,8985000,0.0,0.0
[Loop@0x14040f67a in func@0x14040f5c0],0.0,0.0,0.0,0.0,0.0,0.0,0.0,,,0.0,,0.0,0.0,0.0,0.0,0.0,0.0,0.0,0.0,,,2995000,0.0,0.0
[Loop@0x1404101f0 in RtlNumberOfSetBitsEx],0.0,0.0,0.0,0.0,0.0,0.0,0.0,0.0,0.0,0.0,0.0,0.0,0.0,0.0,0.0,0.0,0.0,0.0,0.0,,,5990000,1.000000,
[Loop@0x14042b670 in func@0x14042b5d0],0.0,0.0,0.0,0.0,0.0,0.0,0.0,0.0,83.5,0.0,0.0,0.0,0.0,0.0,0.0,0.0,0.0,0.0,0.0,,,0,,
[Loop@0x140437f13 in func@0x140437dc0],0.0,0.0,0.0,0.0,0.0,0.0,0.0,0.0,0.0,0.0,0.0,0.0,0.0,0.0,0.0,0.0,0.0,0.0,0.0,,,2995000,0.0,0.0
[Loop@0x1404e9b5a in func@0x1404e9a08],0.0,0.0,0.0,0.0,50.0,50.0,0.0,0.0,0.0,0.0,0.0,0.0,0.0,20.0,0.0,0.0,0.0,0.0,0.0,,,2995000,5.000000,
[Loop@0x1404f2cec in func@0x1404f2aa0],0.0,0.0,0.0,0.0,0.0,0.0,0.0,100.0,0.0,83.5,0.0,0.0,,0.0,0.0,0.0,0.0,0.0,0.0,,,0,,
[Loop@0x1405dfee1 in func@0x1405dfe10],0.0,0.0,0.0,0.0,0.0,0.0,0.0,0.0,0.0,0.0,0.0,0.0,0.0,0.0,0.0,0.0,0.0,0.0,0.0,,,2995000,0.0,0.0
[Loop@0x1405dff7a in func@0x1405dfe10],0.0,0.0,0.0,0.0,0.0,0.0,0.0,0.0,0.0,0.0,0.0,0.0,0.0,0.0,0.0,0.0,0.0,0.0,0.0,,,8985000,0.0,0.0
[Loop@0x1405e24c7 in func@0x1405e23ac],0.0,0.0,0.0,0.0,0.0,0.0,0.0,0.0,0.0,0.0,0.0,0.0,0.0,0.0,0.0,0.0,0.0,0.0,0.0,,,2995000,0.0,0.0
[Loop@0x1406b448c in func@0x1406b447d],0.0,0.0,0.0,0.0,0.0,0.0,0.0,0.0,0.0,0.0,0.0,0.0,0.0,0.0,0.0,0.0,0.0,0.0,0.0,SSE(128),,0,,
[Loop@0x1406bf1a3 in RtlCopyMemory],0.0,0.0,0.0,0.0,0.0,0.0,0.0,0.0,0.0,0.0,0.0,0.0,0.0,0.0,0.0,0.0,0.0,0.0,0.0,,,8985000,1.000000,
[Loop@0x1406bfe98 in func@0x1406bfe40],0.0,0.0,0.0,0.0,0.0,0.0,0.0,0.0,0.0,0.0,0.0,0.0,0.0,0.0,0.0,0.0,0.0,0.0,0.0,SSE(128),,2995000,5.000000,
[Loop@0x1406efc30 in func@0x1406efb7f],0.0,0.0,0.0,0.0,0.0,0.0,0.0,0.0,100.0,0.0,0.0,0.0,0.0,0.0,0.0,0.0,0.0,0.0,0.0,,,8985000,0.333333,
[Loop@0x140c9b3f2 in func@0x140c9b32f],0.0,0.0,0.0,0.0,0.0,0.0,100.0,100.0,0.0,100.0,0.0,0.0,0.0,0.0,0.0,0.0,0.0,0.0,0.0,,,0,,
[Loop@0x140cbbec0 in func@0x140cbb800],0.0,0.0,0.0,0.0,0.0,0.0,0.0,0.0,0.0,27.8,0.0,0.0,0.0,0.0,0.0,0.0,0.0,0.0,0.0,SSE(128),,0,,
[Loop@0x140cc2990 in func@0x140cc2930],0.0,0.0,0.0,0.0,0.0,0.0,0.0,0.0,0.0,0.0,0.0,0.0,0.0,0.0,0.0,0.0,0.0,0.0,0.0,SSE(128),,0,,
[Loop@0x140cc4250 in func@0x140cc40b0],0.0,0.0,0.0,0.0,0.0,0.0,,0.0,0.0,0.0,0.0,0.0,0.0,0.0,0.0,0.0,0.0,0.0,0.0,SSE(128),,0,0.0,0.0
[Loop@0x140d0e400 in func@0x140d0e350],0.0,0.0,0.0,0.0,0.0,0.0,0.0,0.0,100.0,0.0,0.0,0.0,0.0,0.0,0.0,0.0,0.0,0.0,0.0,,,11980000,0.250000,
[Loop@0x18000b660 in func@0x18000b520],0.0,0.0,0.0,0.0,0.0,0.0,0.0,0.0,0.0,0.0,0.0,0.0,0.0,0.0,0.0,0.0,0.0,0.0,0.0,SSE(128),,5990000,0.0,0.0
[Loop@0x180012810 in memset],0.0,0.0,0.0,0.0,0.0,0.0,0.0,0.0,0.0,0.0,0.0,0.0,0.0,0.0,0.0,0.0,0.0,0.0,0.0,AVX(256),,5990000,0.0,0.0
[Loop@0x18003d822 in func@0x18003d4f0],0.0,0.0,0.0,0.0,0.0,0.0,0.0,0.0,0.0,0.0,0.0,0.0,0.0,0.0,0.0,0.0,0.0,0.0,0.0,,,5990000,1.500000,
[Loop@0x180050890 in func@0x180050860],0.0,0.0,0.0,0.0,0.0,0.0,0.0,0.0,0.0,0.0,0.0,0.0,0.0,0.0,0.0,0.0,0.0,0.0,0.0,SSE(128),,0,0.0,0.0
[Loop@0x18008c808 in LdrShutdownThread],0.0,0.0,0.0,0.0,0.0,0.0,0.0,0.0,0.0,0.0,,0.0,0.0,,0.0,0.0,0.0,0.0,0.0,SSE(128),,0,0.0,0.0
`vector constructor iterator',0.0,0.0,0.0,0.0,0.0,0.0,0.0,0.0,0.0,0.0,0.0,0.0,0.0,0.0,0.0,0.0,0.0,0.0,0.0,,,5990000,1.000000,
book::BookEntry::{ctor},0.0,0.0,0.0,0.0,0.0,0.0,0.0,0.0,0.0,0.0,0.0,0.0,0.0,0.0,0.0,0.0,0.0,0.0,0.0,AVX(128),,0,,
boost::archive::basic_binary_iarchive<boost::archive::binary_iarchive>::load_override,0.0,0.0,0.0,0.0,0.0,0.0,0.0,0.0,0.0,0.0,0.0,0.0,0.0,0.0,0.0,0.0,0.0,0.0,0.0,,,23960000,0.250000,
"boost::archive::basic_binary_iprimitive<boost::archive::binary_iarchive,char,std::char_traits<char> >::load_binary",0.0,0.0,0.0,0.0,0.0,0.0,0.0,0.0,0.0,0.0,0.0,0.0,0.0,0.0,0.0,0.0,0.0,0.0,0.0,,,11980000,0.0,0.0
"boost::archive::basic_binary_iprimitive<class boost::archive::binary_iarchive,char,struct std::char_traits<char> >::load_binary",0.0,0.0,0.0,0.0,0.0,0.0,0.0,0.0,0.0,0.0,0.0,0.0,0.0,0.0,0.0,0.0,0.0,0.0,0.0,,,5990000,0.0,0.0
boost::archive::detail::basic_iarchive::get_library_version,0.0,0.0,0.0,0.0,0.0,0.0,0.0,0.0,0.0,0.0,0.0,0.0,0.0,0.0,0.0,0.0,0.0,0.0,0.0,,,35940000,0.333333,
boost::archive::detail::basic_iarchive::load_object,0.0,0.0,0.0,0.0,0.0,0.0,0.0,0.0,0.0,0.0,0.0,0.0,0.0,0.0,0.0,0.0,0.0,0.0,0.0,,,5990000,1.000000,
boost::archive::detail::basic_iarchive_impl::load_preamble,0.0,0.0,0.0,0.0,0.0,0.0,0.0,0.0,0.0,0.0,0.0,0.0,0.0,0.0,0.0,0.0,0.0,0.0,0.0,,,35940000,0.0,0.0
boost::archive::detail::common_iarchive<boost::archive::binary_iarchive>::load_override,0.0,0.0,0.0,0.0,0.0,0.0,0.0,0.0,0.0,0.0,0.0,0.0,0.0,0.0,0.0,0.0,0.0,0.0,0.0,,,11980000,0.0,0.0
boost::archive::detail::interface_iarchive<boost::archive::binary_iarchive>::This,0.0,0.0,0.0,0.0,0.0,0.0,0.0,0.0,0.0,0.0,0.0,0.0,0.0,0.0,0.0,0.0,0.0,0.0,0.0,,,5990000,0.0,0.0
boost::archive::detail::interface_iarchive<boost::archive::binary_iarchive>::This,0.0,0.0,0.0,0.0,0.0,0.0,0.0,0.0,0.0,0.0,0.0,0.0,0.0,0.0,0.0,0.0,0.0,0.0,0.0,,,5990000,0.0,0.0
boost::archive::detail::interface_iarchive<boost::archive::binary_iarchive>::This,0.0,0.0,0.0,0.0,0.0,0.0,0.0,0.0,0.0,0.0,0.0,0.0,0.0,0.0,0.0,0.0,0.0,0.0,0.0,,,5990000,0.0,0.0
boost::archive::detail::interface_iarchive<boost::archive::binary_iarchive>::This,0.0,0.0,0.0,0.0,0.0,0.0,0.0,0.0,0.0,0.0,0.0,0.0,0.0,0.0,0.0,0.0,0.0,0.0,0.0,,,5990000,0.0,0.0
boost::archive::detail::interface_iarchive<boost::archive::binary_iarchive>::operator&,0.0,0.0,0.0,0.0,0.0,0.0,0.0,0.0,0.0,0.0,0.0,0.0,0.0,0.0,0.0,0.0,0.0,0.0,0.0,,,5990000,0.0,0.0
"boost::archive::detail::iserializer<class boost::archive::binary_iarchive,class book::BookEntry>::load_object_data",0.0,0.0,0.0,0.0,0.0,0.0,0.0,0.0,0.0,0.0,0.0,0.0,0.0,0.0,0.0,0.0,0.0,0.0,0.0,,,5990000,1.000000,
"boost::archive::detail::iserializer<class boost::archive::binary_iarchive,class chess::Move>::load_object_data",0.0,0.0,0.0,0.0,0.0,0.0,0.0,0.0,0.0,0.0,0.0,0.0,0.0,0.0,0.0,0.0,0.0,0.0,0.0,,,5990000,0.0,0.0
"boost::archive::detail::iserializer<class boost::archive::binary_iarchive,class std::vector<unsigned __int64,class std::allocator<unsigned __int64> > >::load_object_data",0.0,0.0,0.0,0.0,0.0,0.0,0.0,0.0,0.0,0.0,0.0,0.0,0.0,0.0,0.0,0.0,0.0,0.0,0.0,,,11980000,0.0,0.0
"boost::archive::detail::iserializer<class boost::archive::binary_iarchive,struct std::pair<unsigned __int64 const ,class book::BookEntry> >::load_object_data",0.0,0.0,0.0,0.0,0.0,0.0,0.0,0.0,0.0,0.0,0.0,0.0,0.0,0.0,0.0,0.0,0.0,0.0,0.0,,,17970000,0.0,0.0
boost::archive::object_id_type::{ctor},0.0,0.0,0.0,0.0,0.0,0.0,0.0,0.0,0.0,0.0,0.0,0.0,0.0,0.0,0.0,0.0,0.0,0.0,0.0,,,5990000,0.0,0.0
boost::archive::version_type::{ctor},0.0,0.0,0.0,0.0,0.0,0.0,0.0,0.0,0.0,0.0,0.0,0.0,0.0,0.0,0.0,0.0,0.0,0.0,0.0,,,11980000,0.0,0.0
boost::archive::version_type::{ctor},0.0,0.0,0.0,0.0,0.0,0.0,0.0,0.0,0.0,0.0,0.0,0.0,0.0,0.0,0.0,0.0,0.0,0.0,0.0,,,5990000,0.0,0.0
"boost::serialization::load<class boost::archive::binary_iarchive,class book::BookEntry>",0.0,0.0,0.0,0.0,0.0,0.0,0.0,0.0,0.0,0.0,0.0,0.0,0.0,0.0,0.0,0.0,0.0,0.0,0.0,,,11980000,0.0,0.0
"boost::serialization::load<class boost::archive::binary_iarchive,class boost::serialization::collection_size_type>",0.0,0.0,0.0,0.0,0.0,0.0,0.0,0.0,0.0,0.0,0.0,0.0,0.0,0.0,0.0,0.0,0.0,0.0,0.0,,,5990000,0.0,0.0
"boost::serialization::load<class boost::archive::binary_iarchive,class std::vector<unsigned __int64,class std::allocator<unsigned __int64> > >",0.0,0.0,0.0,0.0,0.0,0.0,0.0,0.0,0.0,0.0,0.0,0.0,0.0,0.0,0.0,0.0,0.0,0.0,0.0,,,5990000,0.0,0.0
"boost::serialization::load<class boost::archive::binary_iarchive,unsigned __int64>",0.0,0.0,0.0,0.0,0.0,0.0,0.0,0.0,0.0,0.0,0.0,0.0,0.0,0.0,0.0,0.0,0.0,0.0,0.0,,,5990000,0.0,0.0
"boost::serialization::load<class boost::archive::binary_iarchive,unsigned int>",0.0,0.0,0.0,0.0,0.0,0.0,0.0,0.0,0.0,0.0,0.0,0.0,0.0,0.0,0.0,0.0,0.0,0.0,0.0,,,5990000,0.0,0.0
boost::serialization::nvp<boost::serialization::item_version_type>::{ctor},0.0,0.0,0.0,0.0,0.0,0.0,0.0,0.0,0.0,0.0,0.0,0.0,0.0,0.0,0.0,0.0,0.0,0.0,0.0,,,5990000,0.0,0.0
"boost::serialization::singleton<class boost::archive::detail::iserializer<class boost::archive::binary_iarchive,class book::BookEntry> >::get_instance",0.0,0.0,0.0,0.0,0.0,0.0,0.0,0.0,0.0,0.0,0.0,0.0,0.0,0.0,0.0,0.0,0.0,0.0,0.0,,,5990000,0.0,0.0
"boost::serialization::singleton<class boost::archive::detail::iserializer<class boost::archive::binary_iarchive,class std::vector<unsigned __int64,class std::allocator<unsigned __int64> > > >::get_instance",0.0,0.0,0.0,0.0,0.0,0.0,0.0,0.0,0.0,0.0,0.0,0.0,0.0,0.0,0.0,0.0,0.0,0.0,0.0,,,17970000,0.0,0.0
"boost::serialization::smart_cast_reference<boost::archive::binary_iarchive &,boost::archive::detail::basic_iarchive>",0.0,0.0,0.0,0.0,0.0,0.0,0.0,0.0,0.0,0.0,0.0,0.0,0.0,0.0,0.0,0.0,0.0,0.0,0.0,,,11980000,0.0,0.0
"boost::serialization::stl::collection_load_impl<class boost::archive::binary_iarchive,class std::vector<class chess::Move,class std::allocator<class chess::Move> > >",0.0,0.0,0.0,0.0,0.0,0.0,0.0,0.0,0.0,0.0,0.0,0.0,0.0,0.0,0.0,0.0,0.0,0.0,0.0,,,11980000,0.500000,
chess::Bitboard::popLSB,0.0,0.0,0.0,0.0,0.0,0.0,0.0,0.0,0.0,0.0,0.0,0.0,0.0,0.0,0.0,0.0,0.0,0.0,0.0,,,5990000,1.000000,
chess::Bitboard::popLSB,0.0,0.0,0.0,0.0,0.0,0.0,0.0,0.0,0.0,0.0,0.0,0.0,,0.0,0.0,0.0,0.0,0.0,0.0,,,14975000,0.0,0.0
chess::Bitboard::popLSB,0.0,0.0,0.0,0.0,0.0,0.0,0.0,0.0,0.0,0.0,0.0,0.0,0.0,0.0,0.0,0.0,0.0,0.0,0.0,,,5990000,0.500000,
chess::Bitboard::popLSB,0.0,0.0,0.0,0.0,0.0,0.0,100.0,0.0,0.0,0.0,0.0,0.0,0.0,0.0,0.0,0.0,0.0,0.0,0.0,,,5990000,0.500000,
chess::Bitboard::popLSB,0.0,0.0,0.0,0.0,0.0,0.0,0.0,0.0,0.0,0.0,0.0,0.0,0.0,0.0,0.0,0.0,0.0,0.0,0.0,,,5990000,0.500000,
chess::CastlingRights::isEmpty,0.0,0.0,0.0,0.0,0.0,0.0,0.0,0.0,0.0,0.0,0.0,0.0,0.0,0.0,0.0,0.0,0.0,0.0,0.0,,,8985000,0.0,0.0
chess::CastlingRights::operator-=,0.0,0.0,0.0,0.0,0.0,0.0,0.0,0.0,0.0,0.0,0.0,0.0,0.0,0.0,0.0,0.0,0.0,0.0,0.0,,,14975000,0.400000,
chess::Color::{ctor},0.0,0.0,0.0,0.0,0.0,0.0,0.0,0.0,0.0,0.0,20.0,0.0,0.0,0.0,0.0,0.0,0.0,0.0,0.0,,,0,,
chess::Direction::operator int,0.0,0.0,0.0,0.0,0.0,0.0,0.0,0.0,0.0,0.0,0.0,0.0,0.0,0.0,0.0,0.0,0.0,0.0,0.0,,,2995000,0.0,0.0
chess::Direction::pawnPush,0.0,0.0,0.0,0.0,0.0,0.0,0.0,0.0,0.0,0.0,0.0,0.0,20.0,0.0,0.0,0.0,0.0,0.0,0.0,,,14975000,0.400000,
chess::Direction::pawnPush,0.0,0.0,0.0,0.0,0.0,0.0,0.0,0.0,0.0,0.0,0.0,0.0,0.0,0.0,0.0,0.0,0.0,0.0,0.0,,,2995000,0.0,0.0
chess::Move::from,0.0,0.0,0.0,0.0,0.0,0.0,0.0,0.0,0.0,0.0,0.0,0.0,0.0,0.0,0.0,0.0,0.0,0.0,0.0,,,2995000,0.0,0.0
chess::Move::operator==,0.0,0.0,0.0,0.0,0.0,0.0,0.0,0.0,0.0,0.0,40.1,0.0,0.0,40.1,0.0,0.0,0.0,0.0,0.0,,,0,,
chess::Move::operator==,0.0,0.0,0.0,0.0,0.0,0.0,0.0,0.0,0.0,0.0,0.0,0.0,0.0,0.0,0.0,0.0,0.0,0.0,0.0,,,2995000,0.0,0.0
chess::Move::type,0.0,0.0,0.0,0.0,0.0,0.0,0.0,0.0,0.0,0.0,0.0,0.0,0.0,0.0,0.0,0.0,0.0,0.0,0.0,,,5990000,0.0,0.0
chess::Move::{ctor},0.0,0.0,0.0,0.0,0.0,0.0,0.0,0.0,0.0,0.0,0.0,0.0,0.0,0.0,0.0,0.0,0.0,0.0,0.0,,,2995000,2.000000,
chess::MoveGenerator::MoveGenerator,0.0,0.0,0.0,0.0,0.0,0.0,0.0,0.0,0.0,0.0,0.0,0.0,0.0,0.0,0.0,0.0,0.0,0.0,0.0,,,5990000,0.0,0.0
chess::MoveGenerator::generatePseudoLegalMoves,0.0,0.0,0.0,0.0,0.0,0.0,0.0,,,0.0,0.0,0.0,0.0,0.0,0.0,0.0,0.0,0.0,0.0,,,2995000,0.0,0.0
chess::MoveGenerator::validateMove,0.0,0.0,0.0,0.0,0.0,0.0,0.0,0.0,0.0,0.0,0.0,0.0,0.0,0.0,0.0,0.0,0.0,0.0,0.0,,,14975000,0.0,0.0
chess::Position::clearEnPassant,0.0,0.0,0.0,0.0,0.0,0.0,0.0,0.0,0.0,0.0,0.0,0.0,0.0,0.0,0.0,0.0,0.0,0.0,0.0,,,23960000,0.0,0.0
chess::Position::getCastlingRights,0.0,0.0,0.0,0.0,0.0,0.0,0.0,0.0,0.0,0.0,0.0,0.0,0.0,0.0,0.0,0.0,0.0,0.0,0.0,,,2995000,0.0,0.0
chess::Position::getNextPlayer,0.0,0.0,0.0,0.0,0.0,0.0,0.0,0.0,0.0,0.0,,0.0,0.0,0.0,0.0,0.0,0.0,0.0,0.0,,,2995000,0.0,0.0
chess::Position::getNextPlayer,0.0,0.0,0.0,0.0,0.0,0.0,0.0,0.0,0.0,0.0,,0.0,0.0,0.0,0.0,0.0,0.0,0.0,0.0,,,2995000,2.000000,
chess::Position::getNextPlayer,0.0,0.0,0.0,0.0,0.0,0.0,0.0,0.0,0.0,0.0,0.0,0.0,0.0,10.0,0.0,0.0,0.0,0.0,0.0,,,0,,
chess::Position::getPiece,0.0,0.0,0.0,0.0,0.0,0.0,0.0,0.0,0.0,0.0,0.0,0.0,0.0,0.0,0.0,0.0,0.0,0.0,0.0,,,17970000,0.0,0.0
chess::Position::getPieceBb,0.0,0.0,0.0,0.0,33.3,33.3,0.0,0.0,0.0,0.0,,0.0,0.0,0.0,0.0,0.0,0.0,0.0,0.0,,,0,0.0,0.0
chess::Position::isCapturingMove,0.0,0.0,0.0,0.0,0.0,0.0,0.0,0.0,0.0,0.0,0.0,0.0,0.0,0.0,0.0,0.0,0.0,0.0,0.0,,,2995000,0.0,0.0
chess::Position::isCapturingMove,0.0,0.0,0.0,0.0,0.0,0.0,0.0,0.0,0.0,0.0,0.0,0.0,,0.0,0.0,0.0,0.0,0.0,0.0,,,11980000,0.0,0.0
chess::Square::rank,0.0,0.0,0.0,0.0,0.0,0.0,0.0,0.0,0.0,0.0,0.0,0.0,0.0,0.0,0.0,0.0,0.0,0.0,0.0,,,2995000,1.000000,
chess::StaticMoveList<256>::at,0.0,0.0,0.0,0.0,0.0,0.0,0.0,0.0,0.0,0.0,,0.0,0.0,0.0,0.0,0.0,0.0,0.0,0.0,,,2995000,0.0,0.0
chess::StaticMoveList<256>::end,0.0,0.0,0.0,0.0,0.0,0.0,0.0,0.0,0.0,0.0,0.0,0.0,0.0,0.0,0.0,0.0,0.0,0.0,0.0,,,5990000,0.0,0.0
chess::StaticMoveList<256>::push_back,0.0,0.0,0.0,0.0,0.0,0.0,0.0,0.0,0.0,0.0,0.0,0.0,0.0,0.0,0.0,0.0,0.0,0.0,0.0,,,2995000,1.000000,
chess::StaticMoveList<256>::push_back,0.0,0.0,0.0,0.0,0.0,0.0,0.0,0.0,0.0,0.0,0.0,0.0,0.0,0.0,0.0,0.0,0.0,0.0,0.0,,,5990000,0.0,0.0
chess::StaticMoveList<256>::push_back,0.0,0.0,0.0,0.0,0.0,0.0,0.0,0.0,0.0,0.0,0.0,0.0,0.0,0.0,0.0,0.0,0.0,0.0,0.0,,,2995000,1.000000,
chess::StaticMoveList<256>::push_back,0.0,0.0,0.0,0.0,0.0,0.0,0.0,0.0,0.0,0.0,0.0,0.0,0.0,0.0,0.0,0.0,0.0,0.0,0.0,,,41930000,0.0,0.0
chess::StaticMoveList<256>::push_back,0.0,0.0,0.0,0.0,0.0,0.0,0.0,0.0,0.0,0.0,,0.0,0.0,0.0,0.0,0.0,0.0,0.0,0.0,,,5990000,0.0,0.0
chess::Value::operator int,0.0,0.0,0.0,0.0,0.0,0.0,0.0,0.0,0.0,0.0,0.0,0.0,0.0,0.0,0.0,0.0,0.0,0.0,0.0,,,5990000,0.500000,
chess::makePiece,0.0,0.0,0.0,0.0,0.0,0.0,0.0,0.0,0.0,0.0,0.0,0.0,0.0,0.0,0.0,0.0,0.0,0.0,0.0,,,2995000,0.0,0.0
chess::operator!=,0.0,0.0,0.0,0.0,50.0,50.0,0.0,0.0,0.0,0.0,0.0,0.0,0.0,0.0,0.0,0.0,0.0,0.0,0.0,,,5990000,0.0,0.0
chess::operator&,0.0,0.0,0.0,0.0,0.0,0.0,,,0.0,0.0,0.0,0.0,0.0,0.0,0.0,0.0,0.0,0.0,0.0,,,17970000,0.0,0.0
chess::operator&,0.0,0.0,0.0,0.0,0.0,0.0,0.0,0.0,0.0,0.0,0.0,0.0,0.0,0.0,0.0,0.0,0.0,0.0,0.0,,,26955000,0.666667,
chess::operator&,0.0,0.0,0.0,0.0,0.0,0.0,0.0,0.0,0.0,0.0,,0.0,0.0,0.0,0.0,0.0,0.0,0.0,0.0,,,8985000,0.333333,
chess::operator&,0.0,0.0,0.0,0.0,0.0,0.0,0.0,0.0,0.0,0.0,0.0,0.0,0.0,0.0,0.0,0.0,0.0,0.0,0.0,,,5990000,1.500000,
chess::operator&,0.0,0.0,0.0,0.0,0.0,0.0,0.0,0.0,0.0,0.0,0.0,0.0,0.0,0.0,0.0,0.0,0.0,0.0,0.0,,,14975000,0.400000,
chess::operator&,0.0,0.0,0.0,0.0,0.0,0.0,0.0,0.0,0.0,0.0,0.0,0.0,0.0,0.0,0.0,0.0,0.0,0.0,0.0,,,53910000,0.111111,
chess::operator&,0.0,0.0,0.0,0.0,0.0,0.0,0.0,0.0,0.0,0.0,0.0,0.0,0.0,0.0,0.0,0.0,0.0,0.0,0.0,,,14975000,0.0,0.0
chess::operator&,0.0,0.0,0.0,0.0,0.0,0.0,0.0,0.0,0.0,0.0,,0.0,0.0,0.0,0.0,0.0,0.0,0.0,0.0,,,2995000,1.000000,
chess::operator&,0.0,0.0,0.0,0.0,0.0,0.0,0.0,0.0,0.0,0.0,0.0,0.0,0.0,0.0,0.0,0.0,0.0,0.0,0.0,,,8985000,0.666667,
chess::operator&,0.0,0.0,0.0,0.0,,,0.0,0.0,13.9,0.0,0.0,0.0,,,,0.0,0.0,0.0,0.0,,,0,,
chess::operator*,0.0,0.0,0.0,0.0,0.0,0.0,0.0,0.0,0.0,0.0,0.0,0.0,0.0,0.0,0.0,0.0,0.0,0.0,0.0,,,2995000,2.000000,
chess::operator+,0.0,0.0,0.0,0.0,50.0,50.0,0.0,0.0,0.0,0.0,0.0,0.0,0.0,0.0,0.0,0.0,0.0,0.0,0.0,,,59900000,0.750000,
chess::operator+,0.0,0.0,0.0,0.0,0.0,0.0,100.0,0.0,0.0,0.0,0.0,0.0,,,,0.0,0.0,0.0,0.0,,,17970000,0.166667,
chess::operator+,0.0,0.0,0.0,0.0,0.0,0.0,0.0,0.0,0.0,0.0,0.0,0.0,0.0,0.0,0.0,0.0,0.0,0.0,0.0,,,23960000,0.0,0.0
chess::operator+,0.0,0.0,0.0,0.0,0.0,0.0,0.0,0.0,0.0,0.0,60.1,100.0,0.0,0.0,0.0,0.0,0.0,0.0,0.0,,,5990000,0.500000,
chess::operator+,0.0,0.0,0.0,0.0,0.0,0.0,0.0,0.0,0.0,0.0,0.0,0.0,0.0,0.0,0.0,0.0,0.0,0.0,0.0,,,8985000,0.0,0.0
chess::operator+,0.0,0.0,0.0,0.0,0.0,0.0,0.0,0.0,0.0,0.0,0.0,0.0,0.0,0.0,0.0,0.0,0.0,0.0,0.0,,,14975000,0.0,0.0
chess::operator+,0.0,0.0,0.0,0.0,0.0,0.0,0.0,0.0,0.0,0.0,0.0,0.0,0.0,0.0,0.0,0.0,0.0,0.0,0.0,,,2995000,0.0,0.0
chess::operator+,0.0,0.0,0.0,0.0,0.0,0.0,0.0,0.0,0.0,0.0,0.0,0.0,0.0,0.0,0.0,0.0,0.0,0.0,0.0,,,17970000,0.0,0.0
chess::operator+=,0.0,0.0,0.0,0.0,0.0,0.0,0.0,0.0,0.0,0.0,0.0,0.0,0.0,0.0,0.0,0.0,0.0,0.0,0.0,,,8985000,0.666667,
chess::operator+=,0.0,0.0,0.0,0.0,0.0,0.0,0.0,0.0,0.0,0.0,0.0,0.0,0.0,0.0,0.0,0.0,0.0,0.0,0.0,,,26955000,1.222222,
chess::operator+=,0.0,0.0,0.0,0.0,0.0,0.0,0.0,0.0,0.0,0.0,0.0,0.0,0.0,0.0,0.0,0.0,0.0,0.0,0.0,,,14975000,0.200000,
chess::operator-,0.0,0.0,0.0,0.0,0.0,0.0,0.0,0.0,0.0,0.0,0.0,0.0,0.0,0.0,0.0,0.0,0.0,0.0,0.0,,,5990000,0.0,0.0
chess::operator-,0.0,0.0,0.0,0.0,0.0,0.0,0.0,0.0,0.0,0.0,0.0,0.0,0.0,0.0,0.0,0.0,0.0,0.0,0.0,,,2995000,1.000000,
chess::operator-,0.0,0.0,0.0,0.0,0.0,0.0,0.0,0.0,0.0,0.0,0.0,0.0,0.0,0.0,0.0,0.0,0.0,0.0,0.0,,,2995000,0.0,0.0
chess::operator-,0.0,0.0,0.0,0.0,0.0,0.0,0.0,0.0,0.0,0.0,0.0,0.0,0.0,0.0,0.0,0.0,0.0,0.0,0.0,,,2995000,0.0,0.0
chess::operator-,0.0,0.0,0.0,0.0,0.0,0.0,0.0,0.0,0.0,0.0,0.0,0.0,,,,0.0,0.0,0.0,0.0,,,38935000,0.153846,
chess::operator-,0.0,0.0,0.0,0.0,0.0,0.0,0.0,0.0,0.0,0.0,,0.0,0.0,0.0,0.0,0.0,0.0,0.0,0.0,,,2995000,0.0,0.0
chess::operator-,0.0,0.0,0.0,0.0,0.0,0.0,0.0,0.0,0.0,0.0,0.0,0.0,0.0,0.0,0.0,0.0,0.0,0.0,0.0,,,2995000,0.0,0.0
chess::operator-,0.0,0.0,0.0,0.0,0.0,0.0,0.0,0.0,0.0,0.0,0.0,0.0,0.0,0.0,0.0,0.0,0.0,0.0,0.0,,,2995000,0.0,0.0
chess::operator-=,0.0,0.0,0.0,0.0,0.0,0.0,0.0,0.0,0.0,0.0,,0.0,0.0,0.0,0.0,0.0,0.0,0.0,0.0,,,2995000,1.000000,
chess::operator>=,0.0,0.0,0.0,0.0,0.0,0.0,0.0,0.0,0.0,0.0,0.0,0.0,0.0,0.0,0.0,0.0,0.0,0.0,0.0,,,2995000,0.0,0.0
chess::operator|,0.0,0.0,0.0,0.0,0.0,0.0,0.0,0.0,0.0,0.0,0.0,0.0,0.0,0.0,0.0,0.0,0.0,0.0,0.0,,,5990000,3.000000,
chess::operator~,0.0,0.0,0.0,0.0,0.0,0.0,0.0,0.0,0.0,0.0,0.0,0.0,10.0,0.0,0.0,0.0,0.0,0.0,0.0,,,29950000,0.200000,
engine::Search::addExtraTime,0.0,0.0,0.0,0.0,0.0,0.0,0.0,0.0,0.0,0.0,0.0,0.0,0.0,0.0,0.0,0.0,0.0,0.0,0.0,AVX(128),,0,,
engine::Search::aspirationSearch,0.0,0.0,0.0,0.0,0.0,0.0,0.0,0.0,0.0,0.0,0.0,0.0,0.0,0.0,0.0,0.0,0.0,0.0,0.0,AVX(128),,0,0.0,0.0
engine::Search::thread,0.0,0.0,0.0,0.0,0.0,0.0,0.0,0.0,0.0,0.0,0.0,0.0,0.0,0.0,0.0,0.0,0.0,0.0,0.0,,,29950000,0.900000,
engine::Search::thread,0.0,0.0,0.0,0.0,0.0,0.0,0.0,0.0,0.0,0.0,0.0,0.0,0.0,0.0,0.0,0.0,0.0,0.0,0.0,,,11980000,0.500000,
engine::SearchThreadData::reset,0.0,0.0,0.0,0.0,0.0,0.0,0.0,0.0,0.0,0.0,0.0,0.0,0.0,0.0,0.0,0.0,0.0,0.0,0.0,AVX(128); AVX(256),,0,0.0,0.0
engine::TT::clear,0.0,0.0,0.0,0.0,0.0,0.0,0.0,0.0,0.0,0.0,0.0,0.0,0.0,0.0,0.0,0.0,0.0,0.0,0.0,AVX(128),,0,0.0,0.0
free_base,0.0,0.0,0.0,0.0,0.0,0.0,0.0,0.0,0.0,0.0,0.0,0.0,0.0,0.0,0.0,0.0,0.0,0.0,0.0,,,5990000,0.0,0.0
func@0x140002b5e,0.0,0.0,0.0,0.0,0.0,0.0,0.0,0.0,0.0,0.0,0.0,0.0,0.0,0.0,0.0,0.0,0.0,0.0,0.0,,,20965000,0.857143,
func@0x140003a1c,0.0,0.0,0.0,0.0,0.0,0.0,0.0,0.0,0.0,0.0,0.0,0.0,0.0,0.0,0.0,0.0,0.0,0.0,0.0,SSE(128),,2995000,0.0,0.0
func@0x140003cec,0.0,0.0,0.0,0.0,0.0,0.0,0.0,83.5,0.0,0.0,0.0,0.0,0.0,0.0,0.0,0.0,0.0,0.0,0.0,,,0,,
func@0x140004f80,0.0,0.0,0.0,0.0,0.0,0.0,0.0,,0.0,,0.0,0.0,0.0,0.0,0.0,0.0,0.0,0.0,0.0,SSE(128),,0,0.0,0.0
func@0x140006960,0.0,0.0,0.0,0.0,0.0,0.0,0.0,83.5,0.0,0.0,0.0,0.0,0.0,0.0,0.0,0.0,0.0,0.0,0.0,SSE(128),,0,,
func@0x140008bd0,0.0,0.0,0.0,0.0,0.0,0.0,0.0,0.0,0.0,0.0,0.0,0.0,0.0,0.0,0.0,0.0,0.0,0.0,0.0,SSE(128),,0,,
func@0x14000d5e0,0.0,0.0,0.0,0.0,0.0,0.0,0.0,0.0,0.0,0.0,0.0,0.0,0.0,0.0,0.0,0.0,0.0,0.0,0.0,,,2995000,2.000000,
func@0x14000d857,0.0,0.0,0.0,0.0,0.0,0.0,0.0,0.0,0.0,0.0,0.0,0.0,0.0,0.0,0.0,0.0,0.0,0.0,0.0,,,5990000,0.0,0.0
func@0x14000e8b0,0.0,0.0,0.0,0.0,0.0,0.0,0.0,0.0,0.0,0.0,0.0,0.0,0.0,0.0,0.0,0.0,0.0,0.0,0.0,SSE(128),,0,0.0,0.0
func@0x14000f9a9,0.0,0.0,0.0,0.0,0.0,0.0,0.0,0.0,0.0,0.0,0.0,0.0,0.0,0.0,0.0,0.0,0.0,0.0,0.0,SSE(128),,5990000,0.0,0.0
func@0x140012780,0.0,0.0,0.0,0.0,0.0,0.0,0.0,0.0,83.5,0.0,0.0,0.0,0.0,0.0,0.0,0.0,0.0,0.0,0.0,,,5990000,1.000000,
func@0x140016aa0,0.0,0.0,0.0,0.0,0.0,0.0,0.0,0.0,0.0,0.0,0.0,0.0,0.0,0.0,0.0,0.0,0.0,0.0,0.0,SSE(128),,0,0.0,0.0
func@0x140019fb0,0.0,0.0,0.0,0.0,0.0,0.0,0.0,0.0,0.0,0.0,0.0,0.0,0.0,0.0,0.0,0.0,0.0,0.0,0.0,SSE(128),,0,0.0,0.0
func@0x14001bfd0,0.0,0.0,0.0,0.0,0.0,0.0,0.0,0.0,0.0,0.0,0.0,0.0,0.0,0.0,0.0,0.0,0.0,0.0,0.0,SSE(128),,0,,
func@0x14001d190,0.0,0.0,0.0,0.0,0.0,0.0,0.0,0.0,0.0,0.0,0.0,0.0,0.0,0.0,0.0,0.0,0.0,0.0,0.0,SSE(128),,0,0.0,0.0
func@0x1400223c0,0.0,0.0,0.0,0.0,0.0,0.0,0.0,,,0.0,0.0,0.0,0.0,0.0,0.0,0.0,0.0,0.0,0.0,,,2995000,0.0,0.0
func@0x140022470,0.0,0.0,0.0,0.0,0.0,0.0,0.0,0.0,0.0,0.0,0.0,0.0,0.0,0.0,0.0,0.0,0.0,0.0,0.0,SSE(128),,0,0.0,0.0
func@0x140024310,0.0,0.0,0.0,0.0,0.0,0.0,0.0,0.0,0.0,0.0,0.0,0.0,0.0,0.0,0.0,0.0,0.0,0.0,0.0,SSE(128),,0,0.0,0.0
func@0x140024440,0.0,0.0,0.0,0.0,0.0,0.0,0.0,0.0,0.0,0.0,0.0,0.0,0.0,0.0,0.0,0.0,0.0,0.0,0.0,,,8985000,0.0,0.0
func@0x1400258b4,0.0,0.0,0.0,0.0,0.0,0.0,0.0,0.0,0.0,0.0,0.0,0.0,0.0,0.0,0.0,0.0,0.0,0.0,0.0,,,5990000,0.0,0.0
func@0x140026104,0.0,0.0,0.0,0.0,0.0,0.0,,,0.0,0.0,0.0,0.0,0.0,0.0,0.0,0.0,0.0,0.0,0.0,SSE(128),,0,0.0,0.0
func@0x140026780,0.0,0.0,0.0,0.0,0.0,0.0,0.0,0.0,0.0,0.0,0.0,0.0,0.0,0.0,0.0,0.0,0.0,0.0,0.0,SSE(128),,0,0.0,0.0
func@0x140028ffe,0.0,0.0,0.0,0.0,0.0,0.0,0.0,0.0,0.0,0.0,0.0,0.0,0.0,0.0,0.0,0.0,0.0,0.0,0.0,SSE(128),,0,0.0,0.0
func@0x140029970,0.0,0.0,0.0,0.0,0.0,0.0,0.0,100.0,0.0,0.0,0.0,0.0,0.0,0.0,0.0,0.0,0.0,0.0,0.0,SSE(128),,0,,
func@0x14002a8e0,0.0,0.0,0.0,0.0,0.0,0.0,,,0.0,0.0,0.0,0.0,0.0,0.0,0.0,0.0,0.0,0.0,0.0,SSE(128),,0,0.0,0.0
func@0x14002d3e0,0.0,0.0,0.0,0.0,0.0,0.0,100.0,0.0,0.0,0.0,0.0,0.0,0.0,0.0,0.0,0.0,0.0,0.0,0.0,,,0,,
func@0x14002f478,0.0,0.0,0.0,0.0,0.0,0.0,0.0,0.0,0.0,0.0,0.0,0.0,0.0,0.0,0.0,0.0,0.0,0.0,0.0,SSE(128),,0,,
func@0x140030a20,0.0,0.0,0.0,0.0,0.0,0.0,0.0,0.0,0.0,0.0,0.0,0.0,0.0,0.0,0.0,0.0,0.0,0.0,0.0,SSE(128),,0,0.0,0.0
func@0x140031680,0.0,0.0,0.0,0.0,0.0,0.0,,,0.0,0.0,0.0,0.0,0.0,0.0,0.0,0.0,0.0,0.0,0.0,SSE(128),,0,0.0,0.0
func@0x140033110,0.0,0.0,0.0,0.0,0.0,0.0,0.0,0.0,,,0.0,0.0,0.0,0.0,0.0,0.0,0.0,0.0,0.0,,,2995000,0.0,0.0
func@0x140036c4c,0.0,0.0,0.0,0.0,0.0,0.0,0.0,0.0,0.0,0.0,0.0,0.0,0.0,0.0,0.0,0.0,0.0,0.0,0.0,SSE(128),,0,0.0,0.0
func@0x14004641f,0.0,0.0,0.0,0.0,0.0,0.0,83.5,0.0,0.0,83.5,0.0,0.0,0.0,0.0,0.0,0.0,0.0,0.0,0.0,,,0,,
func@0x140047750,0.0,0.0,0.0,0.0,0.0,0.0,0.0,83.5,0.0,0.0,0.0,0.0,0.0,0.0,0.0,0.0,0.0,0.0,0.0,,,0,,
func@0x140048214,0.0,0.0,0.0,0.0,0.0,0.0,0.0,0.0,0.0,0.0,0.0,0.0,0.0,0.0,0.0,0.0,0.0,0.0,0.0,,,2995000,0.0,0.0
func@0x140048e00,0.0,0.0,0.0,0.0,0.0,0.0,0.0,0.0,0.0,0.0,0.0,0.0,0.0,0.0,0.0,0.0,0.0,0.0,0.0,SSE(128); SSE2(128),,0,,
func@0x14004bc00,0.0,0.0,0.0,0.0,0.0,0.0,,,0.0,0.0,0.0,0.0,0.0,0.0,0.0,0.0,0.0,0.0,0.0,,,2995000,0.0,0.0
func@0x14004c800,0.0,0.0,0.0,0.0,0.0,0.0,47.7,0.0,0.0,0.0,0.0,0.0,0.0,0.0,0.0,0.0,0.0,0.0,0.0,,,0,,
func@0x14004c950,0.0,0.0,0.0,0.0,0.0,0.0,0.0,0.0,0.0,0.0,0.0,0.0,0.0,0.0,0.0,0.0,0.0,0.0,0.0,SSE(128),,0,0.0,0.0
func@0x1400535b0,0.0,0.0,0.0,0.0,0.0,0.0,0.0,41.7,0.0,41.7,0.0,0.0,0.0,0.0,0.0,0.0,0.0,0.0,0.0,,,0,,
func@0x140094a80,0.0,0.0,0.0,0.0,0.0,0.0,0.0,0.0,0.0,100.0,0.0,0.0,0.0,0.0,0.0,0.0,0.0,0.0,0.0,,,0,,
func@0x1400dbec0,0.0,0.0,0.0,0.0,100.0,100.0,0.0,83.5,0.0,0.0,0.0,0.0,0.0,0.0,0.0,0.0,0.0,0.0,0.0,,,0,,
func@0x1400e4520,0.0,0.0,0.0,0.0,0.0,0.0,,0.0,0.0,0.0,0.0,0.0,0.0,0.0,0.0,0.0,0.0,0.0,0.0,,,14975000,0.0,0.0
func@0x1400fa320,0.0,0.0,0.0,0.0,0.0,0.0,0.0,0.0,83.5,0.0,0.0,0.0,0.0,0.0,0.0,0.0,0.0,0.0,0.0,,,0,,
func@0x1400fd320,0.0,0.0,0.0,0.0,0.0,0.0,0.0,0.0,23.8,0.0,0.0,0.0,0.0,0.0,0.0,0.0,0.0,0.0,0.0,,,0,,
func@0x140115330,0.0,0.0,0.0,0.0,0.0,0.0,0.0,0.0,0.0,0.0,0.0,0.0,0.0,0.0,0.0,0.0,0.0,0.0,0.0,SSE(128),,0,0.0,0.0
func@0x14011fad0,0.0,0.0,0.0,0.0,0.0,0.0,0.0,,,0.0,0.0,0.0,0.0,0.0,0.0,0.0,0.0,0.0,0.0,,,14975000,0.0,0.0
func@0x140127260,0.0,0.0,0.0,0.0,0.0,0.0,,0.0,0.0,0.0,0.0,0.0,0.0,0.0,0.0,0.0,0.0,0.0,0.0,SSE(128),,2995000,0.0,0.0
func@0x140139e20,0.0,0.0,0.0,0.0,0.0,0.0,0.0,0.0,0.0,0.0,0.0,0.0,0.0,0.0,0.0,0.0,0.0,0.0,0.0,SSE(128),,0,,
func@0x1401421f0,0.0,0.0,0.0,0.0,0.0,0.0,0.0,0.0,0.0,0.0,0.0,0.0,0.0,0.0,0.0,0.0,0.0,0.0,0.0,,,2995000,0.0,0.0
func@0x140144a50,0.0,0.0,0.0,0.0,0.0,0.0,0.0,0.0,0.0,0.0,0.0,0.0,0.0,0.0,0.0,0.0,0.0,0.0,0.0,,,2995000,0.0,0.0
func@0x1401677c0,0.0,0.0,0.0,0.0,0.0,0.0,0.0,0.0,0.0,0.0,0.0,0.0,0.0,0.0,0.0,0.0,0.0,0.0,0.0,SSE(128),,0,0.0,0.0
func@0x140168940,0.0,0.0,0.0,0.0,0.0,0.0,,,0.0,0.0,0.0,0.0,0.0,0.0,0.0,0.0,0.0,0.0,0.0,,,2995000,0.0,0.0
func@0x14016cf90,0.0,0.0,0.0,0.0,0.0,0.0,0.0,0.0,0.0,0.0,0.0,0.0,0.0,0.0,0.0,0.0,0.0,0.0,0.0,SSE(128); SSE2(128),,0,,
func@0x14017e990,0.0,0.0,0.0,0.0,0.0,0.0,0.0,0.0,0.0,0.0,0.0,0.0,0.0,0.0,0.0,0.0,0.0,0.0,0.0,SSE(128); SSE2(128),,0,0.0,0.0
func@0x14018155d,0.0,0.0,0.0,0.0,0.0,0.0,0.0,0.0,0.0,0.0,0.0,0.0,0.0,0.0,0.0,0.0,0.0,0.0,0.0,SSE(128),,0,0.0,0.0
func@0x1401b1fe0,0.0,0.0,0.0,0.0,0.0,0.0,0.0,0.0,83.5,0.0,0.0,0.0,0.0,0.0,0.0,0.0,0.0,0.0,0.0,,,0,,
func@0x140202565,0.0,0.0,0.0,0.0,0.0,0.0,0.0,0.0,0.0,0.0,0.0,0.0,0.0,0.0,0.0,0.0,0.0,0.0,0.0,,,2995000,6.000000,
func@0x140213020,0.0,0.0,0.0,0.0,0.0,0.0,0.0,0.0,0.0,0.0,,0.0,0.0,0.0,0.0,0.0,0.0,0.0,0.0,SSE(128),,0,0.0,0.0
func@0x1402142b0,0.0,0.0,0.0,0.0,0.0,0.0,0.0,0.0,0.0,0.0,0.0,0.0,0.0,0.0,0.0,0.0,0.0,0.0,0.0,SSE(128); SSE2(128),,0,0.0,0.0
func@0x1402145f1,0.0,0.0,0.0,0.0,0.0,0.0,0.0,0.0,0.0,0.0,0.0,0.0,0.0,0.0,0.0,0.0,0.0,0.0,0.0,,,2995000,0.0,0.0
func@0x140215a80,0.0,0.0,0.0,0.0,0.0,0.0,0.0,0.0,0.0,0.0,0.0,0.0,0.0,0.0,0.0,0.0,0.0,0.0,0.0,,,5990000,0.0,0.0
func@0x1402176a0,0.0,0.0,0.0,0.0,0.0,0.0,0.0,0.0,0.0,0.0,0.0,0.0,0.0,0.0,0.0,0.0,0.0,0.0,0.0,SSE(128),,0,,
func@0x14021fd17,0.0,0.0,0.0,0.0,0.0,0.0,0.0,0.0,0.0,0.0,0.0,0.0,0.0,0.0,0.0,0.0,0.0,0.0,0.0,SSE(128),,0,0.0,0.0
func@0x1402213e0,0.0,0.0,0.0,0.0,,,0.0,0.0,0.0,0.0,0.0,0.0,0.0,0.0,0.0,0.0,0.0,0.0,0.0,,,5990000,0.0,0.0
func@0x1402218bd,0.0,0.0,0.0,0.0,0.0,0.0,0.0,0.0,0.0,0.0,0.0,0.0,0.0,0.0,0.0,0.0,0.0,0.0,0.0,,,5990000,0.0,0.0
func@0x140256f09,0.0,0.0,0.0,0.0,0.0,0.0,0.0,0.0,0.0,0.0,0.0,0.0,0.0,0.0,0.0,0.0,0.0,0.0,0.0,,,2995000,0.0,0.0
func@0x1402578c0,0.0,0.0,0.0,0.0,0.0,0.0,0.0,0.0,0.0,0.0,0.0,0.0,0.0,0.0,0.0,0.0,0.0,0.0,0.0,SSE(128),,0,0.0,0.0
func@0x1402585aa,0.0,0.0,0.0,0.0,0.0,0.0,0.0,0.0,0.0,0.0,0.0,0.0,0.0,0.0,0.0,0.0,0.0,0.0,0.0,SSE(128); SSE2(128),,0,0.0,0.0
func@0x14025dcc0,0.0,0.0,0.0,0.0,0.0,0.0,0.0,55.6,0.0,55.6,0.0,0.0,0.0,0.0,0.0,0.0,0.0,0.0,0.0,,,0,,
func@0x14025e010,0.0,0.0,0.0,0.0,0.0,0.0,0.0,0.0,0.0,0.0,0.0,,0.0,0.0,0.0,0.0,0.0,0.0,0.0,SSE(128),,0,0.0,0.0
func@0x14025e090,0.0,0.0,0.0,0.0,0.0,0.0,0.0,0.0,0.0,0.0,0.0,0.0,0.0,0.0,0.0,0.0,0.0,0.0,0.0,,,11980000,0.0,0.0
func@0x14026f460,0.0,0.0,0.0,0.0,0.0,0.0,0.0,0.0,0.0,0.0,0.0,0.0,0.0,0.0,0.0,0.0,0.0,0.0,0.0,SSE2(128),,0,0.0,0.0
func@0x140273340,0.0,0.0,0.0,0.0,,,0.0,0.0,0.0,0.0,0.0,0.0,0.0,0.0,0.0,0.0,0.0,0.0,0.0,,,14975000,0.0,0.0
func@0x140276ff0,0.0,0.0,0.0,0.0,0.0,0.0,0.0,0.0,0.0,0.0,0.0,0.0,0.0,0.0,0.0,0.0,0.0,0.0,0.0,SSE(128),,0,0.0,0.0
func@0x140277190,0.0,0.0,0.0,0.0,0.0,0.0,0.0,0.0,0.0,0.0,0.0,0.0,0.0,0.0,0.0,0.0,0.0,0.0,0.0,,,5990000,0.0,0.0
func@0x1402778c0,0.0,0.0,0.0,0.0,0.0,0.0,0.0,0.0,0.0,0.0,0.0,0.0,0.0,0.0,0.0,0.0,0.0,0.0,0.0,,,5990000,0.0,0.0
func@0x140285b50,0.0,0.0,0.0,0.0,0.0,0.0,0.0,0.0,0.0,0.0,0.0,0.0,0.0,0.0,0.0,0.0,0.0,0.0,0.0,,,2995000,0.0,0.0
func@0x14028b4e0,0.0,0.0,0.0,0.0,0.0,0.0,0.0,0.0,0.0,0.0,0.0,0.0,0.0,0.0,0.0,0.0,0.0,0.0,0.0,,,11980000,0.0,0.0
func@0x140294a20,0.0,0.0,0.0,0.0,0.0,0.0,,,0.0,0.0,0.0,0.0,0.0,,0.0,0.0,0.0,0.0,0.0,SSE(128); SSE2(128),,11980000,0.0,0.0
func@0x140296b30,0.0,0.0,0.0,0.0,100.0,100.0,,,0.0,0.0,0.0,0.0,0.0,0.0,0.0,0.0,0.0,0.0,0.0,,,0,,
func@0x1402997f0,0.0,0.0,0.0,0.0,0.0,0.0,0.0,0.0,0.0,0.0,0.0,0.0,0.0,20.0,0.0,0.0,0.0,0.0,0.0,,,0,,
func@0x14029a580,0.0,0.0,0.0,0.0,0.0,0.0,0.0,0.0,0.0,0.0,0.0,0.0,0.0,0.0,0.0,0.0,0.0,0.0,0.0,,,2995000,0.0,0.0
func@0x14029a640,0.0,0.0,0.0,0.0,0.0,0.0,0.0,0.0,0.0,0.0,0.0,0.0,0.0,0.0,0.0,0.0,0.0,0.0,0.0,,,2995000,0.0,0.0
func@0x14029bd64,0.0,0.0,0.0,0.0,0.0,0.0,0.0,0.0,0.0,0.0,0.0,0.0,0.0,0.0,0.0,0.0,0.0,0.0,0.0,SSE(128),,0,,
func@0x14029bfad,0.0,0.0,0.0,0.0,0.0,0.0,,,0.0,0.0,0.0,0.0,0.0,0.0,0.0,0.0,0.0,0.0,0.0,SSE(128),,0,0.0,0.0
func@0x14029c140,0.0,0.0,0.0,0.0,100.0,100.0,0.0,0.0,0.0,100.0,0.0,0.0,0.0,0.0,0.0,0.0,0.0,0.0,0.0,,,17970000,0.166667,
func@0x14029c48c,0.0,0.0,0.0,0.0,0.0,0.0,0.0,0.0,0.0,0.0,0.0,0.0,0.0,0.0,0.0,0.0,0.0,0.0,0.0,,,5990000,0.500000,
func@0x14029c7cc,0.0,0.0,0.0,0.0,0.0,0.0,0.0,0.0,0.0,0.0,0.0,0.0,0.0,0.0,0.0,0.0,0.0,0.0,0.0,,,2995000,0.0,0.0
func@0x14029dc10,0.0,0.0,0.0,0.0,0.0,0.0,0.0,0.0,0.0,0.0,,0.0,,,,0.0,0.0,0.0,0.0,SSE(128),,2995000,0.0,0.0
func@0x1402ace70,0.0,0.0,0.0,0.0,0.0,0.0,0.0,0.0,0.0,0.0,0.0,0.0,0.0,0.0,0.0,0.0,0.0,0.0,0.0,SSE(128),,0,0.0,0.0
func@0x1402b4ee0,0.0,0.0,0.0,0.0,0.0,0.0,0.0,0.0,0.0,0.0,0.0,0.0,0.0,0.0,0.0,0.0,0.0,0.0,0.0,,,5990000,1.000000,
func@0x1402b8634,0.0,0.0,0.0,0.0,0.0,0.0,0.0,0.0,0.0,0.0,0.0,0.0,0.0,0.0,0.0,0.0,0.0,0.0,0.0,,,5990000,0.0,0.0
func@0x1402b8930,0.0,0.0,0.0,0.0,0.0,0.0,0.0,0.0,0.0,0.0,0.0,0.0,0.0,0.0,0.0,0.0,0.0,0.0,0.0,SSE2(128),,0,0.0,0.0
func@0x1402bb260,0.0,0.0,0.0,0.0,0.0,0.0,0.0,0.0,0.0,0.0,0.0,0.0,0.0,0.0,0.0,0.0,0.0,0.0,0.0,,,5990000,0.0,0.0
func@0x1402ccd00,0.0,0.0,0.0,0.0,0.0,0.0,0.0,0.0,0.0,0.0,0.0,0.0,0.0,0.0,0.0,0.0,0.0,0.0,0.0,SSE(128),,0,0.0,0.0
func@0x1402cd910,0.0,0.0,0.0,0.0,0.0,0.0,100.0,0.0,0.0,0.0,0.0,0.0,0.0,0.0,0.0,0.0,0.0,0.0,0.0,SSE(128),,0,,
func@0x1402d5d60,0.0,0.0,0.0,0.0,0.0,0.0,0.0,0.0,0.0,0.0,0.0,0.0,0.0,0.0,0.0,0.0,0.0,0.0,0.0,,,5990000,0.0,0.0
func@0x1402d6520,0.0,0.0,0.0,0.0,0.0,0.0,0.0,0.0,0.0,0.0,0.0,0.0,0.0,0.0,0.0,0.0,0.0,0.0,0.0,,,8985000,0.333333,
func@0x1402d6cc0,0.0,0.0,0.0,0.0,0.0,0.0,0.0,0.0,0.0,0.0,0.0,0.0,,,,0.0,0.0,0.0,0.0,,,5990000,0.0,0.0
func@0x1402d7ba7,0.0,0.0,0.0,0.0,0.0,0.0,0.0,0.0,0.0,0.0,0.0,0.0,0.0,0.0,0.0,0.0,0.0,0.0,0.0,SSE(128),,2995000,0.0,0.0
func@0x1402d81b0,0.0,0.0,0.0,0.0,0.0,0.0,0.0,0.0,0.0,0.0,0.0,0.0,0.0,0.0,0.0,0.0,0.0,0.0,0.0,SSE2(128),,17970000,0.0,0.0
func@0x1402e4940,0.0,0.0,0.0,0.0,0.0,0.0,0.0,0.0,0.0,0.0,0.0,0.0,0.0,0.0,0.0,0.0,0.0,0.0,0.0,SSE(128),,0,0.0,0.0
func@0x1402f1231,0.0,0.0,0.0,0.0,0.0,0.0,0.0,0.0,0.0,0.0,0.0,0.0,0.0,0.0,0.0,0.0,0.0,0.0,0.0,,,5990000,0.0,0.0
func@0x1402f3230,0.0,0.0,0.0,0.0,0.0,0.0,0.0,0.0,0.0,0.0,0.0,0.0,0.0,0.0,0.0,0.0,0.0,0.0,0.0,SSE(128),,0,,
func@0x14030e510,0.0,0.0,0.0,0.0,,,0.0,0.0,0.0,100.0,0.0,0.0,0.0,0.0,0.0,0.0,0.0,0.0,0.0,,,0,,
func@0x140318a00,0.0,0.0,0.0,0.0,0.0,0.0,0.0,0.0,0.0,0.0,0.0,0.0,0.0,0.0,0.0,0.0,0.0,0.0,0.0,,,5990000,0.0,0.0
func@0x14031dfd0,0.0,0.0,0.0,0.0,0.0,0.0,0.0,0.0,0.0,0.0,0.0,0.0,0.0,0.0,0.0,0.0,0.0,0.0,0.0,,,5990000,0.500000,
func@0x14031e1c8,0.0,0.0,0.0,0.0,0.0,0.0,0.0,27.8,0.0,0.0,0.0,0.0,0.0,0.0,0.0,0.0,0.0,0.0,0.0,,,0,,
func@0x14031e48c,0.0,0.0,0.0,0.0,0.0,0.0,0.0,0.0,0.0,0.0,0.0,0.0,0.0,0.0,0.0,0.0,0.0,0.0,0.0,,,2995000,2.000000,
func@0x14032df50,0.0,0.0,0.0,0.0,0.0,0.0,0.0,0.0,83.5,83.5,0.0,0.0,0.0,0.0,0.0,0.0,0.0,0.0,0.0,SSE(128),,17970000,0.333333,
func@0x14033d620,0.0,0.0,0.0,0.0,0.0,0.0,,0.0,0.0,0.0,0.0,0.0,,,,0.0,0.0,0.0,0.0,,,2995000,0.0,0.0
func@0x14033f113,0.0,0.0,0.0,0.0,0.0,0.0,0.0,0.0,0.0,0.0,0.0,0.0,0.0,0.0,0.0,0.0,0.0,0.0,0.0,SSE(128),,0,,
func@0x14033f374,0.0,0.0,0.0,0.0,0.0,0.0,0.0,0.0,0.0,0.0,0.0,0.0,0.0,0.0,0.0,0.0,0.0,0.0,0.0,SSE(128),,0,0.0,0.0
func@0x140340ba8,0.0,0.0,0.0,0.0,0.0,0.0,0.0,0.0,0.0,0.0,0.0,0.0,0.0,0.0,0.0,0.0,0.0,0.0,0.0,,,8985000,0.0,0.0
func@0x140342948,0.0,0.0,0.0,0.0,0.0,0.0,0.0,0.0,0.0,0.0,,0.0,0.0,0.0,0.0,0.0,0.0,0.0,0.0,,,2995000,2.000000,
func@0x140395cf0,0.0,0.0,0.0,0.0,100.0,100.0,20.9,0.0,0.0,20.9,0.0,0.0,0.0,0.0,0.0,0.0,0.0,0.0,0.0,,,0,,
func@0x1403993e0,0.0,0.0,0.0,0.0,0.0,0.0,0.0,0.0,0.0,0.0,0.0,0.0,0.0,0.0,0.0,0.0,0.0,0.0,0.0,,,2995000,0.0,0.0
func@0x14039d4e0,0.0,0.0,0.0,0.0,0.0,0.0,0.0,0.0,0.0,0.0,0.0,0.0,0.0,0.0,0.0,0.0,0.0,0.0,0.0,,,8985000,0.333333,
func@0x1403b3250,0.0,0.0,0.0,0.0,0.0,0.0,0.0,0.0,0.0,0.0,0.0,0.0,10.0,0.0,0.0,0.0,0.0,0.0,0.0,,,0,,
func@0x1403b3ba0,0.0,0.0,0.0,0.0,0.0,0.0,0.0,0.0,0.0,0.0,0.0,0.0,0.0,0.0,0.0,0.0,0.0,0.0,0.0,,,2995000,0.0,0.0
func@0x1403b5b08,0.0,0.0,0.0,0.0,0.0,0.0,0.0,0.0,0.0,0.0,,0.0,,,,0.0,0.0,0.0,0.0,,,14975000,0.200000,
func@0x1403b6002,0.0,0.0,0.0,0.0,0.0,0.0,0.0,0.0,0.0,0.0,0.0,0.0,0.0,0.0,0.0,0.0,0.0,0.0,0.0,,,5990000,0.0,0.0
func@0x1403baf62,0.0,0.0,0.0,0.0,0.0,0.0,0.0,,,0.0,0.0,0.0,0.0,0.0,0.0,0.0,0.0,0.0,0.0,,,2995000,0.0,0.0
func@0x1403c61e0,0.0,0.0,0.0,0.0,0.0,0.0,0.0,0.0,0.0,0.0,0.0,0.0,0.0,0.0,0.0,0.0,0.0,0.0,0.0,,,11980000,0.0,0.0
func@0x1403c6bd0,0.0,0.0,0.0,0.0,0.0,0.0,0.0,0.0,0.0,0.0,0.0,0.0,0.0,0.0,0.0,0.0,0.0,0.0,0.0,SSE(128),,0,0.0,0.0
func@0x1403ced4b,0.0,0.0,0.0,0.0,0.0,0.0,0.0,0.0,0.0,0.0,0.0,0.0,0.0,0.0,0.0,0.0,0.0,0.0,0.0,SSE(128),,0,0.0,0.0
func@0x1403dc480,0.0,0.0,0.0,0.0,0.0,0.0,0.0,0.0,0.0,0.0,0.0,0.0,0.0,0.0,0.0,0.0,0.0,0.0,0.0,SSE(128); SSE2(128),,0,0.0,0.0
func@0x1403e3070,0.0,0.0,0.0,0.0,0.0,0.0,0.0,0.0,0.0,0.0,0.0,0.0,0.0,0.0,0.0,0.0,0.0,0.0,0.0,SSE(128),,0,0.0,0.0
func@0x1403eac51,0.0,0.0,0.0,0.0,0.0,0.0,0.0,100.0,0.0,0.0,0.0,0.0,0.0,0.0,0.0,0.0,0.0,0.0,0.0,,,0,,
func@0x1403eb31f,0.0,0.0,0.0,0.0,0.0,0.0,55.6,55.6,0.0,55.6,0.0,0.0,0.0,0.0,0.0,0.0,0.0,0.0,0.0,,,0,,
func@0x1403f49c0,0.0,0.0,0.0,0.0,0.0,0.0,0.0,0.0,0.0,0.0,0.0,0.0,0.0,0.0,0.0,0.0,0.0,0.0,0.0,SSE(128),,0,0.0,0.0
func@0x1403f5655,0.0,0.0,0.0,0.0,0.0,0.0,0.0,0.0,0.0,0.0,0.0,0.0,0.0,,0.0,0.0,0.0,0.0,0.0,SSE(128),,0,0.0,0.0
func@0x1403fb681,0.0,0.0,0.0,0.0,0.0,0.0,0.0,0.0,0.0,0.0,0.0,0.0,0.0,0.0,0.0,0.0,0.0,0.0,0.0,,,2995000,0.0,0.0
func@0x1403ff130,0.0,0.0,0.0,0.0,0.0,0.0,0.0,0.0,0.0,0.0,0.0,0.0,0.0,0.0,0.0,0.0,0.0,0.0,0.0,SSE(128),,0,0.0,0.0
func@0x1404216fc,0.0,0.0,0.0,0.0,0.0,0.0,,0.0,,0.0,0.0,0.0,0.0,0.0,0.0,0.0,0.0,0.0,0.0,SSE(128),,0,0.0,0.0
func@0x14042b5d0,0.0,0.0,0.0,0.0,0.0,0.0,,,0.0,0.0,0.0,0.0,0.0,0.0,0.0,0.0,0.0,0.0,0.0,SSE(128),,2995000,0.0,0.0
func@0x14042b74c,0.0,0.0,0.0,0.0,0.0,0.0,0.0,0.0,0.0,0.0,0.0,0.0,0.0,0.0,0.0,0.0,0.0,0.0,0.0,,,11980000,0.0,0.0
func@0x1404e579c,0.0,0.0,0.0,0.0,0.0,0.0,0.0,0.0,0.0,0.0,0.0,0.0,0.0,0.0,0.0,0.0,0.0,0.0,0.0,,,2995000,0.0,0.0
func@0x1404e7969,0.0,0.0,0.0,0.0,0.0,0.0,,0.0,0.0,0.0,0.0,0.0,0.0,0.0,0.0,0.0,0.0,0.0,0.0,,,2995000,1.000000,
func@0x1404f0c20,0.0,0.0,0.0,0.0,0.0,0.0,0.0,0.0,0.0,0.0,0.0,0.0,0.0,0.0,0.0,0.0,0.0,0.0,0.0,SSE(128),,0,0.0,0.0
func@0x1404f2aa0,0.0,0.0,0.0,0.0,0.0,0.0,0.0,0.0,0.0,0.0,0.0,0.0,0.0,0.0,0.0,0.0,0.0,0.0,0.0,SSE(128),,0,0.0,0.0
func@0x1405de2fc,0.0,0.0,0.0,0.0,0.0,0.0,0.0,0.0,0.0,0.0,0.0,0.0,0.0,0.0,0.0,0.0,0.0,0.0,0.0,,,2995000,0.0,0.0
func@0x1405e1574,0.0,0.0,0.0,0.0,0.0,0.0,0.0,0.0,0.0,0.0,0.0,0.0,0.0,0.0,0.0,0.0,0.0,0.0,0.0,,,5990000,0.0,0.0
func@0x1406a4e50,0.0,0.0,0.0,0.0,0.0,0.0,0.0,83.5,0.0,0.0,0.0,0.0,0.0,0.0,0.0,0.0,0.0,0.0,0.0,,,17970000,0.500000,
func@0x1406ab6a0,0.0,0.0,0.0,0.0,0.0,0.0,0.0,0.0,0.0,0.0,0.0,0.0,0.0,0.0,0.0,0.0,0.0,0.0,0.0,SSE(128),,0,0.0,0.0
func@0x1406bff80,0.0,0.0,0.0,0.0,0.0,0.0,0.0,0.0,0.0,0.0,0.0,0.0,0.0,0.0,0.0,0.0,0.0,0.0,0.0,SSE(128); SSE2(128),,0,,
func@0x1406cef20,0.0,0.0,0.0,0.0,0.0,0.0,0.0,0.0,83.5,0.0,0.0,0.0,0.0,0.0,0.0,0.0,0.0,0.0,0.0,,,0,,
func@0x140846773,0.0,0.0,0.0,0.0,0.0,0.0,0.0,0.0,0.0,0.0,0.0,0.0,0.0,0.0,0.0,0.0,0.0,0.0,0.0,SSE(128),,0,0.0,0.0
func@0x140846ce0,0.0,0.0,0.0,0.0,0.0,0.0,0.0,0.0,0.0,0.0,0.0,0.0,0.0,0.0,0.0,0.0,0.0,0.0,0.0,SSE(128),,0,,
func@0x14084a8a0,0.0,0.0,0.0,0.0,0.0,0.0,0.0,0.0,0.0,0.0,0.0,0.0,0.0,0.0,0.0,0.0,0.0,0.0,0.0,SSE(128),,0,0.0,0.0
func@0x14086f0d0,0.0,0.0,0.0,0.0,0.0,0.0,0.0,0.0,0.0,0.0,0.0,0.0,0.0,0.0,0.0,0.0,0.0,0.0,0.0,SSE(128),,0,0.0,0.0
func@0x1408a147c,0.0,0.0,0.0,0.0,0.0,0.0,0.0,0.0,0.0,0.0,0.0,0.0,0.0,0.0,0.0,0.0,0.0,0.0,0.0,,,2995000,0.0,0.0
func@0x1408a3798,0.0,0.0,0.0,0.0,0.0,0.0,0.0,0.0,0.0,0.0,0.0,0.0,,,,0.0,0.0,0.0,0.0,SSE(128),,0,0.0,0.0
func@0x1408bcaff,0.0,0.0,0.0,0.0,0.0,0.0,0.0,0.0,0.0,0.0,0.0,0.0,0.0,0.0,0.0,0.0,0.0,0.0,0.0,SSE(128),,2995000,0.0,0.0
func@0x1408bdcf7,0.0,0.0,0.0,0.0,0.0,0.0,0.0,0.0,0.0,0.0,0.0,0.0,0.0,0.0,0.0,0.0,0.0,0.0,0.0,SSE(128),,0,0.0,0.0
func@0x1408d9d10,0.0,0.0,0.0,0.0,0.0,0.0,0.0,0.0,0.0,0.0,0.0,0.0,0.0,0.0,0.0,0.0,0.0,0.0,0.0,SSE(128),,0,0.0,0.0
func@0x1408dfb60,0.0,0.0,0.0,0.0,0.0,0.0,0.0,0.0,0.0,0.0,0.0,0.0,0.0,0.0,0.0,0.0,0.0,0.0,0.0,SSE(128),,5990000,0.0,0.0
func@0x1409beac4,0.0,0.0,0.0,0.0,0.0,0.0,0.0,0.0,0.0,0.0,0.0,0.0,0.0,0.0,0.0,0.0,0.0,0.0,0.0,SSE(128),,0,0.0,0.0
func@0x140bbd780,0.0,0.0,0.0,0.0,0.0,0.0,0.0,0.0,83.5,0.0,0.0,0.0,0.0,,0.0,0.0,0.0,0.0,0.0,,,0,,
func@0x140c7d700,0.0,0.0,0.0,0.0,0.0,0.0,0.0,0.0,0.0,0.0,0.0,0.0,0.0,0.0,0.0,0.0,0.0,0.0,0.0,SSE2(128),,0,0.0,0.0
func@0x140c842d0,0.0,0.0,0.0,0.0,0.0,0.0,0.0,0.0,0.0,0.0,0.0,0.0,0.0,0.0,0.0,0.0,0.0,0.0,0.0,SSE(128),,0,,
func@0x140c88010,0.0,0.0,0.0,0.0,0.0,0.0,0.0,0.0,0.0,0.0,0.0,0.0,0.0,0.0,0.0,0.0,0.0,0.0,0.0,SSE(128),,0,0.0,0.0
func@0x140c882f0,0.0,0.0,0.0,0.0,0.0,0.0,,,0.0,0.0,0.0,0.0,0.0,0.0,0.0,0.0,0.0,0.0,0.0,SSE(128),,2995000,0.0,0.0
func@0x140c95380,0.0,0.0,0.0,0.0,0.0,0.0,100.0,0.0,0.0,0.0,0.0,0.0,0.0,0.0,0.0,0.0,0.0,0.0,0.0,SSE(128); SSE2(128),,0,,
func@0x140c9da00,0.0,0.0,0.0,0.0,0.0,0.0,0.0,0.0,0.0,0.0,0.0,0.0,0.0,0.0,0.0,0.0,0.0,0.0,0.0,SSE(128),,0,0.0,0.0
func@0x140cf50d0,0.0,0.0,0.0,0.0,0.0,0.0,0.0,0.0,0.0,0.0,0.0,0.0,0.0,0.0,0.0,0.0,0.0,0.0,0.0,SSE2(128),,0,0.0,0.0
func@0x140cfe9d0,0.0,0.0,0.0,0.0,0.0,0.0,0.0,0.0,0.0,0.0,0.0,0.0,0.0,0.0,0.0,0.0,0.0,0.0,0.0,,,11980000,0.0,0.0
func@0x140cff090,0.0,0.0,0.0,0.0,0.0,0.0,100.0,0.0,0.0,0.0,0.0,0.0,0.0,0.0,0.0,0.0,0.0,0.0,0.0,,,0,,
func@0x140d0a490,0.0,0.0,0.0,0.0,0.0,0.0,,0.0,0.0,0.0,0.0,0.0,0.0,0.0,0.0,0.0,0.0,0.0,0.0,SSE(128),,0,0.0,0.0
func@0x140d24e60,0.0,0.0,0.0,0.0,0.0,0.0,,,,0.0,0.0,0.0,0.0,0.0,0.0,0.0,0.0,0.0,0.0,SSE(128),,0,0.0,0.0
func@0x180003b00,0.0,0.0,0.0,0.0,0.0,0.0,0.0,100.0,0.0,0.0,0.0,0.0,0.0,0.0,0.0,0.0,0.0,0.0,0.0,,,0,,
func@0x1800060f0,0.0,0.0,0.0,0.0,0.0,0.0,0.0,0.0,0.0,0.0,0.0,0.0,0.0,0.0,0.0,0.0,0.0,0.0,0.0,SSE(128),,5990000,0.0,0.0
func@0x1800083e0,0.0,0.0,0.0,0.0,0.0,0.0,0.0,0.0,0.0,0.0,0.0,0.0,0.0,0.0,0.0,0.0,0.0,0.0,0.0,SSE(128),,0,0.0,0.0
func@0x18000b520,0.0,0.0,0.0,0.0,0.0,0.0,0.0,0.0,0.0,0.0,0.0,0.0,0.0,0.0,0.0,0.0,0.0,0.0,0.0,SSE(128),,0,,
func@0x18000b710,0.0,0.0,0.0,0.0,0.0,0.0,0.0,0.0,0.0,0.0,0.0,0.0,0.0,0.0,0.0,0.0,0.0,0.0,0.0,SSE(128),,0,0.0,0.0
func@0x18000d860,0.0,0.0,0.0,0.0,0.0,0.0,0.0,0.0,0.0,0.0,0.0,0.0,0.0,0.0,0.0,0.0,0.0,0.0,0.0,SSE2(128),,0,0.0,0.0
func@0x18000e4e0,0.0,0.0,0.0,0.0,0.0,0.0,0.0,0.0,0.0,0.0,0.0,0.0,0.0,0.0,0.0,0.0,0.0,0.0,0.0,SSE(128),,2995000,0.0,0.0
func@0x18000ff34,0.0,0.0,0.0,0.0,0.0,0.0,0.0,0.0,0.0,0.0,0.0,0.0,0.0,0.0,0.0,0.0,0.0,0.0,0.0,SSE(128); SSE2(128),,0,0.0,0.0
func@0x1800103b0,0.0,0.0,0.0,0.0,0.0,0.0,,,0.0,0.0,0.0,0.0,0.0,0.0,0.0,0.0,0.0,0.0,0.0,SSE(128),,0,0.0,0.0
func@0x180016f80,0.0,0.0,0.0,0.0,0.0,0.0,0.0,0.0,0.0,0.0,0.0,0.0,0.0,0.0,0.0,0.0,0.0,0.0,0.0,,,2995000,0.0,0.0
func@0x1800192a0,0.0,0.0,0.0,0.0,0.0,0.0,0.0,0.0,0.0,0.0,0.0,0.0,0.0,0.0,0.0,0.0,0.0,0.0,0.0,,,2995000,0.0,0.0
func@0x180019e70,0.0,0.0,0.0,0.0,0.0,0.0,0.0,0.0,0.0,0.0,0.0,0.0,0.0,0.0,0.0,0.0,0.0,0.0,0.0,,,2995000,0.0,0.0
func@0x18001a220,0.0,0.0,0.0,0.0,0.0,0.0,0.0,0.0,0.0,0.0,0.0,0.0,0.0,0.0,0.0,0.0,0.0,0.0,0.0,,,2995000,0.0,0.0
func@0x180021ff0,0.0,0.0,0.0,0.0,0.0,0.0,0.0,0.0,0.0,0.0,0.0,0.0,0.0,0.0,0.0,0.0,0.0,0.0,0.0,SSE(128),,0,,
func@0x180034e55,0.0,0.0,0.0,0.0,0.0,0.0,0.0,0.0,0.0,0.0,0.0,0.0,0.0,0.0,0.0,0.0,0.0,0.0,0.0,SSE(128),,0,,
func@0x180039fb4,0.0,0.0,0.0,0.0,0.0,0.0,0.0,,,0.0,0.0,0.0,0.0,0.0,0.0,0.0,0.0,0.0,0.0,SSE(128),,0,0.0,0.0
func@0x1800455f0,0.0,0.0,0.0,0.0,0.0,0.0,0.0,0.0,0.0,0.0,0.0,0.0,0.0,0.0,0.0,0.0,0.0,0.0,0.0,,,5990000,0.500000,
func@0x1800509e0,0.0,0.0,0.0,0.0,0.0,0.0,0.0,0.0,0.0,0.0,0.0,0.0,0.0,0.0,0.0,0.0,0.0,0.0,0.0,SSE(128); SSE2(128),,0,0.0,0.0
func@0x180058080,0.0,0.0,0.0,0.0,0.0,0.0,0.0,0.0,0.0,0.0,0.0,0.0,0.0,0.0,0.0,0.0,0.0,0.0,0.0,SSE(128),,0,0.0,0.0
func@0x18005d3a0,0.0,0.0,0.0,0.0,0.0,0.0,0.0,,,0.0,0.0,0.0,0.0,0.0,0.0,0.0,0.0,0.0,0.0,SSE2(128),,0,0.0,0.0
func@0x18006f010,0.0,0.0,0.0,0.0,0.0,0.0,0.0,0.0,0.0,0.0,0.0,0.0,0.0,0.0,0.0,0.0,0.0,0.0,0.0,,,5990000,0.0,0.0
func@0x1800a1840,0.0,0.0,0.0,0.0,0.0,0.0,0.0,0.0,0.0,0.0,0.0,0.0,0.0,0.0,0.0,0.0,0.0,0.0,0.0,SSE(128),,0,,
func@0x1800cfb60,0.0,0.0,0.0,0.0,0.0,0.0,0.0,0.0,0.0,0.0,0.0,0.0,0.0,0.0,0.0,0.0,0.0,0.0,0.0,SSE(128),,0,0.0,0.0
func@0x1800ec3b0,0.0,0.0,0.0,0.0,0.0,0.0,0.0,0.0,0.0,0.0,0.0,0.0,0.0,0.0,0.0,0.0,0.0,0.0,0.0,SSE(128),,0,0.0,0.0
func@0x1c000bbd0,0.0,0.0,0.0,0.0,0.0,0.0,0.0,0.0,0.0,0.0,0.0,0.0,0.0,0.0,0.0,0.0,0.0,0.0,0.0,SSE(128),,0,0.0,0.0
memcpy,0.0,0.0,0.0,0.0,0.0,0.0,0.0,0.0,0.0,0.0,0.0,0.0,0.0,0.0,0.0,0.0,0.0,0.0,0.0,AVX(256); SSE(128); SSE2(128),,0,,
memmove,0.0,0.0,0.0,0.0,0.0,0.0,,,0.0,0.0,0.0,0.0,0.0,0.0,0.0,0.0,0.0,0.0,0.0,AVX(256); SSE(128); SSE2(128),,0,0.0,0.0
memset,0.0,0.0,0.0,0.0,0.0,0.0,0.0,0.0,,,0.0,0.0,0.0,,0.0,0.0,0.0,0.0,0.0,AVX(256); SSE2(128),,5990000,0.0,0.0
operator delete,0.0,0.0,0.0,0.0,0.0,0.0,0.0,0.0,0.0,0.0,0.0,0.0,0.0,0.0,0.0,0.0,0.0,0.0,0.0,,,11980000,0.0,0.0
round,0.0,0.0,0.0,0.0,0.0,0.0,0.0,0.0,0.0,0.0,0.0,0.0,0.0,0.0,0.0,0.0,0.0,0.0,0.0,SSE2(128),,0,,
"std::_Copy_memmove<unsigned __int64 *,unsigned __int64 *>",0.0,0.0,0.0,0.0,0.0,0.0,0.0,0.0,0.0,0.0,0.0,0.0,0.0,0.0,0.0,0.0,0.0,0.0,0.0,,,5990000,0.0,0.0
"std::_Uninitialized_backout<std::_List_unchecked_iterator<std::_List_val<std::_List_simple_types<std::pair<unsigned __int64 const ,book::BookEntry> > > > *>::_Emplace_back",0.0,0.0,0.0,0.0,,,0.0,0.0,0.0,0.0,0.0,0.0,0.0,0.0,0.0,0.0,0.0,0.0,0.0,,,5990000,1.000000,
"std::array<chess::Bitboard,64>::operator[]",0.0,0.0,0.0,0.0,0.0,0.0,0.0,0.0,0.0,0.0,0.0,0.0,0.0,0.0,0.0,0.0,0.0,0.0,0.0,,,5990000,0.500000,
"std::array<chess::Bitboard,64>::operator[]",0.0,0.0,0.0,0.0,0.0,0.0,0.0,0.0,0.0,0.0,0.0,0.0,,,,0.0,0.0,0.0,0.0,,,5990000,0.500000,
"std::array<chess::Move,64>::operator[]",0.0,0.0,0.0,0.0,0.0,0.0,0.0,0.0,0.0,0.0,0.0,0.0,,,,0.0,0.0,0.0,0.0,,,68885000,0.347826,
"std::array<chess::Value,25>::operator[]",0.0,0.0,0.0,0.0,0.0,0.0,0.0,0.0,0.0,0.0,0.0,0.0,0.0,0.0,0.0,0.0,0.0,0.0,0.0,,,26955000,0.444444,
"std::array<std::array<int,64>,64>::operator[]",0.0,0.0,0.0,0.0,0.0,0.0,0.0,0.0,0.0,0.0,0.0,0.0,0.0,0.0,0.0,0.0,0.0,0.0,0.0,,,2995000,0.0,0.0
"std::basic_filebuf<char,struct std::char_traits<char> >::xsgetn",0.0,0.0,0.0,0.0,0.0,0.0,0.0,0.0,0.0,0.0,0.0,0.0,0.0,0.0,0.0,0.0,0.0,0.0,0.0,,,23960000,0.250000,
"std::basic_ostream<char,struct std::char_traits<char> >::_Osfx",0.0,0.0,0.0,0.0,0.0,0.0,0.0,0.0,0.0,0.0,0.0,0.0,0.0,0.0,0.0,0.0,0.0,0.0,0.0,,,2995000,0.0,0.0
"std::basic_ostream<char,struct std::char_traits<char> >::operator<<",0.0,0.0,0.0,0.0,0.0,0.0,0.0,0.0,0.0,0.0,0.0,0.0,0.0,0.0,0.0,0.0,0.0,0.0,0.0,SSE(128); SSE2(128),,0,0.0,0.0
"std::basic_streambuf<char,std::char_traits<char> >::eback",0.0,0.0,0.0,0.0,0.0,0.0,0.0,0.0,0.0,0.0,0.0,0.0,0.0,0.0,0.0,0.0,0.0,0.0,0.0,,,5990000,0.0,0.0
std::countr_zero,0.0,0.0,0.0,0.0,100.0,100.0,0.0,0.0,0.0,0.0,0.0,0.0,0.0,,0.0,0.0,0.0,0.0,0.0,,,8985000,0.0,0.0
std::countr_zero,0.0,0.0,0.0,0.0,0.0,0.0,0.0,0.0,0.0,0.0,0.0,0.0,20.0,0.0,0.0,0.0,0.0,0.0,0.0,,,62895000,0.238095,
std::countr_zero,0.0,0.0,0.0,0.0,0.0,0.0,100.0,0.0,0.0,0.0,0.0,0.0,0.0,0.0,0.0,0.0,0.0,0.0,0.0,,,5990000,1.000000,
std::countr_zero,0.0,0.0,0.0,0.0,0.0,0.0,0.0,0.0,0.0,0.0,0.0,0.0,0.0,0.0,0.0,0.0,0.0,0.0,0.0,,,11980000,0.0,0.0
"std::deque<char,std::allocator<char> >::operator[]",0.0,0.0,0.0,0.0,0.0,0.0,0.0,0.0,0.0,0.0,0.0,0.0,0.0,0.0,0.0,0.0,0.0,0.0,0.0,,,11980000,0.0,0.0
std::ios_base::good,0.0,0.0,0.0,0.0,0.0,0.0,0.0,0.0,0.0,0.0,0.0,0.0,0.0,0.0,0.0,0.0,0.0,0.0,0.0,,,5990000,0.0,0.0
std::max,0.0,0.0,0.0,0.0,0.0,0.0,0.0,0.0,0.0,0.0,0.0,0.0,20.0,0.0,0.0,0.0,0.0,0.0,0.0,,,5990000,1.000000,
"std::num_put<char,class std::ostreambuf_iterator<char,struct std::char_traits<char> > >::_Iput",0.0,0.0,0.0,0.0,0.0,0.0,0.0,0.0,0.0,0.0,0.0,0.0,0.0,0.0,0.0,0.0,0.0,0.0,0.0,SSE(128); SSE2(128),,0,0.0,0.0
"std::num_put<char,class std::ostreambuf_iterator<char,struct std::char_traits<char> > >::do_put",0.0,0.0,0.0,0.0,0.0,0.0,0.0,0.0,0.0,0.0,0.0,0.0,0.0,0.0,0.0,0.0,0.0,0.0,0.0,SSE(128); SSE2(128),,0,0.0,0.0
std::optional<engine::PawnTT::Entry>::{ctor},0.0,0.0,0.0,0.0,0.0,0.0,0.0,0.0,0.0,0.0,0.0,0.0,0.0,0.0,0.0,0.0,0.0,0.0,0.0,,,5990000,1.500000,
std::optional<engine::TT::Entry>::{ctor},0.0,0.0,0.0,0.0,0.0,0.0,0.0,0.0,0.0,0.0,,0.0,0.0,0.0,0.0,0.0,0.0,0.0,0.0,,,2995000,1.000000,
std::popcount,0.0,0.0,0.0,0.0,0.0,0.0,0.0,0.0,0.0,0.0,0.0,0.0,0.0,0.0,0.0,0.0,0.0,0.0,0.0,,,11980000,1.500000,
std::ranges::_Guess_median_common,0.0,0.0,0.0,0.0,0.0,0.0,0.0,0.0,0.0,0.0,0.0,0.0,0.0,0.0,0.0,0.0,0.0,0.0,0.0,,,8985000,3.000000,
std::ranges::_Swap::_Cpo::operator(),0.0,0.0,0.0,0.0,0.0,0.0,0.0,0.0,0.0,0.0,0.0,0.0,0.0,0.0,0.0,0.0,0.0,0.0,0.0,,,8985000,0.666667,
"std::vector<boost::archive::detail::basic_iarchive_impl::cobject_id,std::allocator<boost::archive::detail::basic_iarchive_impl::cobject_id> >::operator[]",0.0,0.0,0.0,0.0,0.0,0.0,0.0,0.0,0.0,0.0,0.0,0.0,0.0,0.0,0.0,0.0,0.0,0.0,0.0,,,11980000,0.0,0.0
"std::vector<chess::Move,std::allocator<chess::Move> >::_Tidy",0.0,0.0,0.0,0.0,0.0,0.0,0.0,0.0,0.0,0.0,0.0,0.0,0.0,0.0,0.0,0.0,0.0,0.0,0.0,,,5990000,0.0,0.0
"std::vector<chess::Move,std::allocator<chess::Move> >::reserve",0.0,0.0,0.0,0.0,0.0,0.0,0.0,0.0,0.0,0.0,0.0,0.0,0.0,0.0,0.0,0.0,0.0,0.0,0.0,,,5990000,0.0,0.0
"std::vector<chess::Move,std::allocator<chess::Move> >::{dtor}",0.0,0.0,0.0,0.0,0.0,0.0,0.0,0.0,0.0,0.0,0.0,0.0,0.0,0.0,0.0,0.0,0.0,0.0,0.0,,,5990000,0.0,0.0
"std::vector<unsigned __int64,class std::allocator<unsigned __int64> >::~vector<unsigned __int64,class std::allocator<unsigned __int64> >",0.0,0.0,0.0,0.0,0.0,0.0,0.0,0.0,0.0,0.0,0.0,0.0,0.0,0.0,0.0,0.0,0.0,0.0,0.0,,,5990000,0.0,0.0
"std::vector<unsigned __int64,std::allocator<unsigned __int64> >::resize",0.0,0.0,0.0,0.0,0.0,0.0,0.0,0.0,0.0,0.0,0.0,0.0,0.0,0.0,0.0,0.0,0.0,0.0,0.0,,,5990000,0.0,0.0
wcslen,0.0,0.0,0.0,0.0,0.0,0.0,0.0,0.0,0.0,0.0,0.0,0.0,0.0,0.0,0.0,0.0,0.0,0.0,0.0,AVX(128); AVX2(256); SSE2(128),,0,0.0,0.0
