Function,CPU Time,Performance-core (P-core):Memory Bound(%),Performance-core (P-core):Memory Bound:L1 Bound(%),Performance-core (P-core):Memory Bound:L2 Bound(%),Performance-core (P-core):Memory Bound:L3 Bound(%),Performance-core (P-core):Memory Bound:DRAM Bound(%),Performance-core (P-core):Memory Bound:Store Bound(%),Efficient-core (E-core):Memory Bound(%),Efficient-core (E-core):Memory Bound:L1 Bound(%),Efficient-core (E-core):Memory Bound:L2 Bound(%),Efficient-core (E-core):Memory Bound:L3 Bound(%),Efficient-core (E-core):Memory Bound:DRAM Bound(%),Loads,Stores,LLC Miss Count,Module,Function (Full),Source File,Start Address
engine::TT::probe,23.140465,58.4,1.0,0.0,59.5,6.8,0.2,70.7,0.8,0.2,5.2,0.0,4489134670,3776713298,1650693,frankycpp_v1.8.exe,engine::TT::probe(unsigned __int64 const &),TT.cpp,0x14026d5d0
engine::TT::put,22.427513,60.4,1.0,0.6,66.8,0.0,0.5,47.2,1.4,0.3,5.3,0.0,6790603712,4387931634,0,frankycpp_v1.8.exe,"engine::TT::put(unsigned __int64,enum chess::Depth,class chess::Move,class chess::Value,enum chess::ValueType,class chess::Value)",TT.cpp,0x14026d390
engine::TT::prefetch,7.745486,64.6,0.0,0.0,71.2,0.0,0.1,73.8,1.1,0.7,3.0,0.0,3414102420,1037331119,0,frankycpp_v1.8.exe,engine::TT::prefetch,TT.h,0x1402205ee
chess::Attacks::`anonymous namespace'::sliderLookup,7.321514,4.4,5.3,0.8,1.6,1.2,1.4,9.0,5.6,0.2,0.0,0.0,27667129989,14557836722,400012,frankycpp_v1.8.exe,"chess::Attacks::`anonymous namespace'::sliderLookup(const chess::PieceType, const class chess::Square, const class chess::Bitboard)",attacks.cpp,0x14016c950
engine::TT::prefetch,7.201522,58.3,0.0,0.0,67.1,0.1,0.4,69.2,1.5,0.5,3.7,0.0,2774983247,982329469,0,frankycpp_v1.8.exe,engine::TT::prefetch,TT.h,0x1402212b3
"std::_Atomic_storage<unsigned __int64,8>::store",5.076663,80.9,65.9,1.5,20.3,0.0,0.4,60.0,46.2,0.0,0.3,0.0,737022110,417412522,0,frankycpp_v1.8.exe,"std::_Atomic_storage<unsigned __int64,8>::store",atomic,0x14026d593
chess::Attacks::attacks,4.036732,7.5,5.2,0.7,3.7,0.3,3.0,10.2,1.3,0.2,0.3,0.0,16595497850,9436283080,400012,frankycpp_v1.8.exe,"chess::Attacks::attacks(enum chess::PieceType,class chess::Square,class chess::Bitboard)",attacks.cpp,0x14016c9b0
"std::_Atomic_storage<unsigned __int64,8>::load",3.528766,74.2,4.7,1.0,19.5,57.0,0.1,70.0,7.5,0.4,12.9,0.0,2576777301,1995259856,0,frankycpp_v1.8.exe,"std::_Atomic_storage<unsigned __int64,8>::load",atomic,0x14026d603
engine::Search::search,2.609827,22.8,11.3,0.0,6.1,0.7,6.7,24.7,16.7,0.0,0.2,0.0,8854765635,3452203563,0,frankycpp_v1.8.exe,"engine::Search::search(class chess::Position &,enum chess::Depth,enum chess::Depth,class chess::Value,class chess::Value,enum engine::Search::NodeType,enum engine::Search::Do_Null)",Search.cpp,0x14021f280
engine::Search::stopConditions,2.486835,16.6,0.0,5.5,24.8,8.9,1.0,45.5,0.0,0.1,0.1,0.0,2799283976,2232266966,0,frankycpp_v1.8.exe,engine::Search::stopConditions(void),Search.cpp,0x140225a60
engine::PawnTT::probe,2.457837,38.8,2.6,0.0,29.0,0.4,12.5,31.5,0.7,0.2,0.3,0.1,3699410979,3507505222,1100462,frankycpp_v1.8.exe,engine::PawnTT::probe(unsigned __int64),PawnTT.cpp,0x140267540
engine::Evaluator::kingEval,2.442838,0.2,6.4,0.0,0.0,0.2,0.0,1.9,1.5,0.0,0.0,0.0,5512165360,2152464572,0,frankycpp_v1.8.exe,"engine::Evaluator::kingEval(class chess::Position const &,struct chess::Score &,class chess::Color)",Evaluator.cpp,0x14026ad90
engine::Search::qsearch,1.602894,36.8,16.2,5.1,10.5,1.6,4.6,16.2,4.4,0.1,1.2,0.0,4507035207,2007360219,0,frankycpp_v1.8.exe,"engine::Search::qsearch(class chess::Position &,enum chess::Depth,class chess::Value,class chess::Value,enum engine::Search::NodeType)",Search.cpp,0x140220ca0
"std::ranges::_Insertion_sort_common<chess::Move *,chess::moveValueGreaterComparator,std::identity>",1.485901,3.6,9.3,0.0,0.5,0.0,1.3,0.9,1.4,0.0,0.0,0.0,1891756751,1239437182,0,frankycpp_v1.8.exe,"std::ranges::_Insertion_sort_common<chess::Move *,chess::moveValueGreaterComparator,std::identity>(class chess::Move *, class chess::Move *, struct chess::moveValueGreaterComparator, struct std::identity)",algorithm,0x140236d80
chess::MoveGenerator::getNextPseudoLegalMove,1.430905,12.5,7.0,1.9,2.1,0.4,14.0,16.4,2.4,0.0,0.0,0.0,5371061127,2276568295,550231,frankycpp_v1.8.exe,"chess::MoveGenerator::getNextPseudoLegalMove(class chess::Position const &,enum chess::GenMode,bool)",MoveGenerator.cpp,0x140260df0
chess::MoveGenerator::fillOnDemandMoveList,1.407907,23.4,4.7,1.0,1.6,0.0,17.7,7.7,2.1,0.0,0.0,0.0,3766813001,2499974997,550231,frankycpp_v1.8.exe,"chess::MoveGenerator::fillOnDemandMoveList(class chess::Position const &,enum chess::GenMode,bool)",MoveGenerator.cpp,0x140262b20
"std::_Atomic_storage<unsigned __int64,8>::store",1.402907,61.9,61.5,2.8,16.0,0.0,0.6,62.1,51.0,0.0,1.6,0.0,555616668,307609228,0,frankycpp_v1.8.exe,"std::_Atomic_storage<unsigned __int64,8>::store",atomic,0x14026d478
engine::Evaluator::pieceEval,1.358910,10.3,9.6,0.0,1.6,0.2,8.4,7.9,6.4,0.1,0.0,0.0,5359960794,3475404259,0,frankycpp_v1.8.exe,"engine::Evaluator::pieceEval(class chess::Position const &,struct chess::Score &,class chess::Color,enum chess::PieceType)",Evaluator.cpp,0x14026a320
engine::Search::thread,1.358910,73.9,16.4,3.7,60.9,1.0,1.2,99.8,73.1,0.3,4.3,0.0,135504065,18800564,0,frankycpp_v1.8.exe,engine::Search::thread,Search.h,0x140220604
engine::Search::thread,1.290914,80.9,13.1,0.2,56.6,0.9,1.1,91.3,65.4,0.2,3.5,0.0,151504545,27300819,0,frankycpp_v1.8.exe,engine::Search::thread,Search.h,0x1402212c6
chess::MoveGenerator::updateSortValues,1.249917,10.4,2.8,2.5,0.3,7.4,1.0,10.5,2.0,0.7,0.3,0.1,3517105510,1298938967,0,frankycpp_v1.8.exe,"chess::MoveGenerator::updateSortValues(class chess::Position const &,class chess::StaticMoveList<256> *)",MoveGenerator.cpp,0x140262e70
chess::MoveGenerator::generateMoves,1.243918,12.8,3.5,0.6,1.6,0.0,11.2,3.4,1.0,0.1,0.0,0.0,3038391149,2027560825,0,frankycpp_v1.8.exe,"chess::MoveGenerator::generateMoves(class chess::Position const &,class chess::StaticMoveList<256> *,enum chess::GenMode,bool,class chess::Bitboard)",MoveGenerator.cpp,0x140263ad0
chess::Position::givesCheck,1.186921,7.1,6.5,1.0,0.8,0.0,6.3,6.1,2.3,0.1,0.0,0.0,5110753318,2259267776,0,frankycpp_v1.8.exe,chess::Position::givesCheck(class chess::Move),Position.cpp,0x14025c510
chess::Position::doMove,1.184921,28.9,6.2,0.0,2.3,0.4,28.0,6.9,1.7,0.1,0.0,0.0,3587307616,1558146743,0,frankycpp_v1.8.exe,chess::Position::doMove(class chess::Move),Position.cpp,0x14025b980
engine::Evaluator::rookEval,1.092928,3.3,6.4,0.0,0.4,0.0,2.4,2.8,2.8,0.1,0.0,0.0,4467834031,3098892964,0,frankycpp_v1.8.exe,"engine::Evaluator::rookEval(class chess::Position const &,struct chess::Score &,class chess::Color,class chess::Color,class chess::Square)",Evaluator.cpp,0x14026a9c0
std::_Checked_x86_x64_countr_zero<unsigned __int64>,1.072929,2.5,8.0,1.1,0.6,0.2,1.7,3.0,1.2,0.0,0.0,0.0,4055921674,2479874394,0,frankycpp_v1.8.exe,std::_Checked_x86_x64_countr_zero<unsigned __int64>(unsigned __int64),__msvc_bit_utils.hpp,0x140265580
chess::Position::removePiece,0.988934,20.7,9.6,1.7,8.9,0.0,7.9,18.8,0.6,0.2,0.4,0.0,2635179053,1608648258,0,frankycpp_v1.8.exe,chess::Position::removePiece(class chess::Square),Position.cpp,0x14025d720
std::_Checked_popcount<unsigned __int64>,0.955937,2.4,10.9,0.0,1.9,0.0,2.1,4.0,4.0,0.0,0.0,0.0,3388801661,1761652848,0,frankycpp_v1.8.exe,std::_Checked_popcount<unsigned __int64>(unsigned __int64),__msvc_bit_utils.hpp,0x140241510
engine::Evaluator::evaluate,0.938938,8.4,7.5,0.0,3.0,0.6,8.8,46.4,3.6,0.0,0.0,0.0,3538506152,1718851564,0,frankycpp_v1.8.exe,engine::Evaluator::evaluate(class chess::Position const &),Evaluator.cpp,0x140269890
chess::MoveGenerator::generatePawnMoves,0.875942,48.8,4.8,0.0,2.4,0.3,57.8,12.1,0.0,0.2,0.1,0.0,1459843794,1450743521,0,frankycpp_v1.8.exe,"chess::MoveGenerator::generatePawnMoves(class chess::Position const &,class chess::StaticMoveList<256> *,enum chess::GenMode,bool,class chess::Bitboard)",MoveGenerator.cpp,0x1402630a0
engine::PawnTT::Entry::Entry,0.853943,91.9,0.0,0.0,13.7,0.9,81.8,100.0,0.0,0.1,4.7,5.7,232306969,152704581,0,frankycpp_v1.8.exe,engine::PawnTT::Entry::Entry(struct engine::PawnTT::Entry const &),PawnTT.cpp,0x1402665d0
engine::Evaluator::coordinationEval,0.824945,0.0,17.8,0.7,0.0,0.0,0.0,2.1,0.8,0.0,0.0,0.0,2008560255,942528275,0,frankycpp_v1.8.exe,"engine::Evaluator::coordinationEval(class chess::Position const &,struct chess::Score &,class chess::Color)",Evaluator.cpp,0x14026b380
engine::Evaluator::threatEval,0.760950,0.5,21.6,0.6,0.0,0.0,0.0,1.1,0.0,0.1,0.0,0.0,3558006737,1844955347,0,frankycpp_v1.8.exe,"engine::Evaluator::threatEval(class chess::Position const &,struct chess::Score &,class chess::Color)",Evaluator.cpp,0x14026b1e0
engine::See::see,0.750950,15.1,7.3,0.0,0.4,0.0,21.9,2.6,0.0,0.0,0.0,0.0,2065061950,1030430912,0,frankycpp_v1.8.exe,"engine::See::see(class chess::Position const &,class chess::Move)",See.cpp,0x14029e620
engine::Evaluator::pawnEval,0.730952,47.8,2.4,0.7,3.8,0.0,79.2,18.8,5.2,0.0,3.3,0.0,960128803,717321519,550231,frankycpp_v1.8.exe,"engine::Evaluator::pawnEval(class chess::Position const &,struct chess::Score &)",Evaluator.cpp,0x140269e60
chess::Position::putPiece,0.686954,27.3,21.6,5.4,8.5,0.0,1.5,17.8,1.2,0.1,0.1,0.0,2061961857,1442543275,0,frankycpp_v1.8.exe,"chess::Position::putPiece(enum chess::Piece,class chess::Square)",Position.cpp,0x14025d610
chess::Position::isAttacked,0.678955,9.0,9.0,0.0,13.7,1.2,0.8,11.8,3.3,0.1,1.2,0.1,2835685068,1804454132,0,frankycpp_v1.8.exe,"chess::Position::isAttacked(class chess::Square,class chess::Color)",Position.cpp,0x14025c1e0
engine::Evaluator::bishopEval,0.460969,4.2,5.9,1.2,0.0,0.0,8.9,8.7,2.4,0.0,0.0,0.0,2023460702,1169635088,0,frankycpp_v1.8.exe,engine::Evaluator::bishopEval,Evaluator.cpp,0x14026a5b8
chess::Position::wasLegalMove,0.457970,4.4,1.1,0.0,1.6,0.0,1.1,5.1,0.0,0.2,0.1,0.0,1429742891,902527075,550231,frankycpp_v1.8.exe,chess::Position::wasLegalMove(void),Position.cpp,0x14025c6d0
"std::_Atomic_address_as<__int64,std::_Atomic_padded<unsigned __int64> >",0.454970,51.7,4.1,6.7,25.9,3.6,30.0,54.4,0.0,0.2,7.0,0.2,215206456,132503975,0,frankycpp_v1.8.exe,"std::_Atomic_address_as<__int64,std::_Atomic_padded<unsigned __int64> >",xatomic.h,0x140268d20
func@0x1800126c0,0.412973,100.0,0.5,0.5,0.0,0.0,100.0,,0.0,0.0,0.0,0.0,1100033,0,0,vcruntime140.dll,func@0x1800126c0,[Unknown],0x1800126c0
engine::Evaluator::queenEval,0.405973,0.0,5.2,0.7,0.7,0.7,0.0,2.3,2.3,0.1,0.0,0.0,1183235496,924527735,0,frankycpp_v1.8.exe,engine::Evaluator::queenEval,Evaluator.cpp,0x14026a3b9
engine::Evaluator::knightEval,0.402973,25.7,2.1,0.0,7.5,0.0,30.1,10.1,1.9,0.0,0.0,0.0,1257337719,1155034650,0,frankycpp_v1.8.exe,"engine::Evaluator::knightEval(class chess::Position const &,struct chess::Score &,class chess::Color,class chess::Color,class chess::Square)",Evaluator.cpp,0x14026a6d0
"std::_Atomic_storage<unsigned __int64,8>::load",0.366976,55.0,13.8,0.0,17.6,63.4,1.1,100.0,7.2,0.4,9.1,0.0,70402112,41901257,0,frankycpp_v1.8.exe,"std::_Atomic_storage<unsigned __int64,8>::load",atomic,0x140267581
chess::Move::encode,0.333978,1.6,6.9,0.0,1.0,2.0,2.0,1.9,2.7,0.1,0.0,0.0,707421222,504315129,0,frankycpp_v1.8.exe,chess::Move::encode,move.h,0x140263c25
"std::ranges::_Sort_fn::_Sort_common<chess::Move *,chess::moveValueGreaterComparator,std::identity>",0.329978,24.0,10.2,1.7,0.0,0.0,38.4,8.4,3.8,0.2,0.1,0.0,604018120,283208496,0,frankycpp_v1.8.exe,"std::ranges::_Sort_fn::_Sort_common<chess::Move *,chess::moveValueGreaterComparator,std::identity>(class chess::Move *, class chess::Move *, __int64, struct chess::moveValueGreaterComparator, struct std::identity)",algorithm,0x1402642e0
"std::_Atomic_storage<unsigned __int64,8>::store",0.327978,67.8,80.3,0.0,14.0,0.0,0.0,65.6,84.2,0.0,0.2,0.0,60601818,46801404,0,frankycpp_v1.8.exe,"std::_Atomic_storage<unsigned __int64,8>::store",atomic,0x14026d4f6
chess::Position::undoMove,0.320979,44.2,10.7,0.0,18.9,0.0,4.1,22.2,5.1,0.1,0.5,0.0,711021330,458113743,0,frankycpp_v1.8.exe,chess::Position::undoMove(void),Position.cpp,0x14025be60
std::_Unchecked_popcount<unsigned __int64>,0.317979,1.4,20.0,0.0,0.0,0.0,0.0,1.5,0.0,0.0,0.0,0.0,907827234,448313449,0,frankycpp_v1.8.exe,std::_Unchecked_popcount<unsigned __int64>(unsigned __int64),__msvc_bit_utils.hpp,0x140241500
chess::moveValueGreaterComparator::operator(),0.288981,1.1,13.6,0.0,1.5,0.0,0.0,1.4,2.4,0.0,0.0,0.0,468214046,279208376,0,frankycpp_v1.8.exe,chess::moveValueGreaterComparator::operator(),move.h,0x140236da0
chess::Bitboard::shifted,0.268982,6.3,11.3,0.0,4.0,0.0,6.4,3.5,0.0,0.1,0.0,0.0,727321819,992529775,0,frankycpp_v1.8.exe,chess::Bitboard::shifted,bitboard.h,0x14026319d
engine::See::attacksTo,0.258983,10.7,5.1,3.1,0.0,0.0,10.2,9.5,0.0,0.1,0.0,0.0,840525215,702621078,0,frankycpp_v1.8.exe,"engine::See::attacksTo(class chess::Position const &,class chess::Square,class chess::Color)",See.cpp,0x14029e990
"std::array<int,64>::operator[]",0.240984,0.0,4.7,2.8,0.0,0.0,0.0,4.5,4.5,0.4,0.3,0.0,737722131,193405802,0,frankycpp_v1.8.exe,"std::array<int,64>::operator[]",array,0x140262f37
chess::MoveGenerator::generateKingMoves,0.233984,8.2,1.9,0.9,0.9,0.0,11.2,6.5,0.0,0.1,0.1,0.0,652419572,547516425,0,frankycpp_v1.8.exe,"chess::MoveGenerator::generateKingMoves(class chess::Position const &,class chess::StaticMoveList<256> *,enum chess::GenMode,bool)",MoveGenerator.cpp,0x140263d90
engine::Search::sendSearchUpdateToUci,0.226985,92.7,16.2,19.4,36.6,1.1,1.1,46.6,57.6,0.0,0.0,0.0,9000270,7300219,0,frankycpp_v1.8.exe,engine::Search::sendSearchUpdateToUci(void),Search.cpp,0x14022aa80
std::optional<engine::PawnTT::Entry>::{ctor},0.226985,41.8,0.0,7.7,23.2,1.1,26.5,53.4,0.0,0.3,0.8,0.0,14800444,35401062,1100462,frankycpp_v1.8.exe,std::optional<engine::PawnTT::Entry>::{ctor},optional,0x1402675a0
"std::array<chess::Bitboard,64>::operator[]",0.225985,14.0,1.4,4.2,11.2,0.0,2.8,,0.0,0.5,0.3,0.0,720321609,540116203,0,frankycpp_v1.8.exe,"std::array<chess::Bitboard,64>::operator[]",array,0x14016ca40
chess::Bitboard::operator^=,0.206986,7.3,4.2,0.0,0.0,0.0,6.2,4.2,0.0,0.1,0.1,0.0,783423502,425412762,0,frankycpp_v1.8.exe,chess::Bitboard::operator^=,bitboard.h,0x14025d775
chess::Position::movePiece,0.205986,55.6,19.5,6.0,7.5,0.0,7.5,19.1,7.2,0.0,0.1,0.0,531515945,272508175,0,frankycpp_v1.8.exe,"chess::Position::movePiece(class chess::Square,class chess::Square)",Position.cpp,0x14025d5e0
engine::See::revealedAttacks,0.204986,0.0,4.7,0.0,1.2,0.0,0.0,2.7,13.4,0.0,0.0,0.0,810524315,306309189,550231,frankycpp_v1.8.exe,"engine::See::revealedAttacks(class chess::Position const &,class chess::Square,class chess::Bitboard,class chess::Color)",See.cpp,0x14029eae0
chess::makePiece,0.196987,0.0,6.7,0.0,0.0,0.0,0.0,4.1,0.0,0.0,0.0,0.0,362010860,175205256,0,frankycpp_v1.8.exe,chess::makePiece,piece.h,0x14026ae4c
chess::Bitboard::operator bool,0.188987,2.3,1.8,0.9,0.9,0.0,1.8,6.2,0.0,0.0,0.0,0.0,629418882,355410662,0,frankycpp_v1.8.exe,chess::Bitboard::operator bool,bitboard.h,0x140263bc4
"std::array<unsigned __int64,64>::operator[]",0.187988,8.0,22.7,0.0,9.3,0.0,6.7,38.0,0.0,0.0,0.0,0.0,647219416,296708901,0,frankycpp_v1.8.exe,"std::array<unsigned __int64,64>::operator[]",array,0x14025d762
std::countr_zero,0.176988,15.4,0.0,1.6,1.6,0.0,3.3,2.8,0.0,0.0,0.0,0.0,368711061,258307749,0,frankycpp_v1.8.exe,std::countr_zero,bit,0x140263b72
std::_Countr_zero_tzcnt<unsigned __int64>,0.174988,2.2,14.5,0.0,1.8,0.0,1.8,6.4,4.6,0.1,0.0,0.0,397311919,221906657,0,frankycpp_v1.8.exe,std::_Countr_zero_tzcnt<unsigned __int64>(unsigned __int64),__msvc_bit_utils.hpp,0x140265570
chess::StaticMoveList<256>::push_back,0.171989,12.5,0.0,7.6,0.0,0.0,5.7,11.2,0.0,1.3,0.0,0.0,278508355,203606108,0,frankycpp_v1.8.exe,chess::StaticMoveList<256>::push_back,staticmovelist.h,0x140263d06
engine::TT::Entry::{ctor},0.165989,68.9,10.5,0.0,55.2,22.4,0.0,24.7,4.0,0.1,5.8,12.0,95102853,69802094,0,frankycpp_v1.8.exe,engine::TT::Entry::{ctor},TT.h,0x14026d60f
chess::operator&,0.163989,0.0,10.5,0.0,0.0,0.0,0.0,0.0,5.8,0.0,0.0,0.0,771723151,252907587,0,frankycpp_v1.8.exe,chess::operator&,bitboard.h,0x14026b296
engine::Search::thread,0.163989,100.0,0.0,0.0,0.0,0.0,0.0,86.6,83.7,0.0,0.1,0.0,38101143,21000630,0,frankycpp_v1.8.exe,engine::Search::thread,Search.h,0x140220e4f
engine::Search::storeTt,0.161989,42.2,2.8,12.7,7.1,0.0,12.7,16.4,12.5,0.1,0.7,0.0,693020790,337810134,0,frankycpp_v1.8.exe,"engine::Search::storeTt(class chess::Position const &,enum chess::Depth,enum chess::Depth,class chess::Move,class chess::Value,enum chess::ValueType,class chess::Value)",Search.cpp,0x1402216f0
chess::Move::operator==,0.158989,0.0,8.5,1.7,0.0,3.4,0.0,25.9,7.6,0.6,0.2,0.0,500215006,108303249,0,frankycpp_v1.8.exe,chess::Move::operator==,PVTable.h,0x140262fa6
chess::Bitboard::shifted,0.155990,0.0,1.7,0.0,1.7,0.0,11.7,3.1,3.8,0.1,0.0,0.0,350110503,307409222,0,frankycpp_v1.8.exe,chess::Bitboard::shifted(class chess::Direction),bitboard.h,0x140265360
chess::Square::{ctor},0.153990,0.0,6.4,3.9,0.0,0.0,1.3,0.0,0.0,0.0,0.0,0.0,798923967,311509345,0,frankycpp_v1.8.exe,chess::Square::{ctor},square.h,0x14025c545
engine::See::getLeastValuablePiece,0.153990,0.0,0.0,3.4,0.0,0.0,0.0,0.0,13.4,0.0,0.0,0.0,523015690,263707911,0,frankycpp_v1.8.exe,"engine::See::getLeastValuablePiece(class chess::Position const &,class chess::Bitboard,class chess::Color)",See.cpp,0x14029e910
chess::Position::hasCheck,0.141991,19.1,2.6,5.3,39.6,2.6,0.0,10.3,5.1,0.2,4.2,0.0,245507365,151304539,0,frankycpp_v1.8.exe,chess::Position::hasCheck(void),Position.cpp,0x14025c4c0
chess::operator<,0.139991,0.0,14.8,0.0,0.0,0.0,0.0,0.0,0.0,0.0,0.0,0.0,313309399,164504935,0,frankycpp_v1.8.exe,chess::operator<,rank.h,0x14026ae34
chess::MoveGenerator::isPseudoLegal,0.128991,31.2,8.3,0.0,24.8,2.1,0.0,19.4,2.4,0.2,6.2,0.0,198205946,138404152,0,frankycpp_v1.8.exe,"chess::MoveGenerator::isPseudoLegal(class chess::Position const &,class chess::Move)",MoveGenerator.cpp,0x140261080
chess::Position::checkRepetitions,0.125992,92.3,52.2,46.6,14.9,1.9,0.0,53.4,24.3,0.1,0.9,0.0,19100573,11800354,0,frankycpp_v1.8.exe,chess::Position::checkRepetitions(int),Position.cpp,0x14025c8d0
"std::array<chess::Value,25>::operator[]",0.121992,0.0,11.1,2.2,0.0,0.0,0.0,5.3,0.0,0.0,0.0,0.0,383711511,173205196,0,frankycpp_v1.8.exe,"std::array<chess::Value,25>::operator[]",array,0x140263c19
chess::Position::getPiece,0.120992,0.0,8.4,0.0,0.0,0.0,0.0,0.0,0.0,0.0,0.0,0.0,230306909,134704041,0,frankycpp_v1.8.exe,chess::Position::getPiece,Position.h,0x14026ae45
chess::Bitboard::operator|=,0.116992,33.3,14.2,0.0,7.1,2.4,4.7,5.9,0.0,0.0,0.0,0.0,327609828,258807764,0,frankycpp_v1.8.exe,chess::Bitboard::operator|=,bitboard.h,0x14025d662
engine::Search::goodCapture,0.114992,3.7,11.1,0.0,2.2,0.0,6.6,9.3,0.0,0.0,0.0,0.0,434213026,161704851,0,frankycpp_v1.8.exe,"engine::Search::goodCapture(class chess::Position const &,class chess::Move,bool)",Search.cpp,0x1402215b0
std::popcount,0.113992,0.0,7.1,0.0,0.0,0.0,0.0,0.0,0.0,0.0,0.0,0.0,679820394,242907287,0,frankycpp_v1.8.exe,std::popcount,bit,0x14026b2af
chess::operator*,0.112993,0.0,8.1,0.0,0.0,0.0,0.0,0.0,0.0,0.0,0.0,0.0,357810734,174805244,0,frankycpp_v1.8.exe,chess::operator*,value.h,0x140269d85
chess::Position::getPieceBb,0.104993,58.8,10.7,0.0,22.8,0.0,17.4,19.4,0.0,0.0,0.1,0.0,162404872,313109393,0,frankycpp_v1.8.exe,chess::Position::getPieceBb,Position.h,0x1402630d1
func@0x1400e349f,0.103993,82.9,0.0,77.3,1.4,0.0,0.0,0.0,0.0,0.0,0.0,0.0,0,0,0,nvlddmkm.sys,func@0x1400e349f,[Unknown],0x1400e349f
chess::operator&,0.102993,0.0,17.5,0.0,0.0,2.9,0.0,0.0,0.0,0.0,0.0,0.0,286008580,121203636,0,frankycpp_v1.8.exe,chess::operator&,bitboard.h,0x140220268
chess::Move::encode,0.099993,3.2,16.4,4.1,0.0,0.0,4.1,4.2,7.0,1.4,0.3,0.0,206006180,180905427,0,frankycpp_v1.8.exe,chess::Move::encode,move.h,0x140263cfd
chess::Value::operator int,0.098993,25.0,0.0,0.0,15.1,0.0,2.2,15.6,0.0,0.3,0.0,0.0,196805904,145204356,0,frankycpp_v1.8.exe,chess::Value::operator int,value.h,0x14025d7f9
std::countr_zero,0.097994,0.0,16.1,2.7,2.7,0.0,0.0,0.0,11.1,0.0,0.0,0.0,576317289,290808724,0,frankycpp_v1.8.exe,std::countr_zero,bit,0x140269a70
chess::Position::getLastMove,0.094994,9.5,13.7,2.3,2.3,0.0,0.0,10.7,0.0,0.4,0.0,0.1,351210536,81202436,0,frankycpp_v1.8.exe,chess::Position::getLastMove,Position.h,0x140262f70
chess::typeOf,0.094994,7.7,1.9,0.0,11.7,0.0,0.0,9.7,7.4,0.0,0.0,0.0,316109483,158504755,0,frankycpp_v1.8.exe,chess::typeOf,piece.h,0x14025d744
chess::Position::getPieceBb,0.092994,0.0,12.5,0.0,0.0,0.0,0.0,0.0,0.0,0.0,0.0,0.0,451613548,129903897,0,frankycpp_v1.8.exe,chess::Position::getPieceBb,Position.h,0x14026b28b
chess::Color::sign,0.089994,13.0,0.0,2.7,0.0,0.0,21.8,0.0,0.0,0.1,0.1,0.0,147904437,219506585,0,frankycpp_v1.8.exe,chess::Color::sign,color.h,0x140263258
std::atomic<bool>::operator bool,0.089994,23.5,37.5,0.0,15.0,2.5,2.5,25.3,0.0,0.0,0.0,0.0,247607428,140504215,0,frankycpp_v1.8.exe,std::atomic<bool>::operator bool,atomic,0x140225a64
chess::Value::{ctor},0.088994,33.3,0.0,2.2,0.0,0.0,28.9,6.2,0.0,0.0,0.0,0.0,301409042,100703021,0,frankycpp_v1.8.exe,chess::Value::{ctor},value.h,0x14029eb80
std::ranges::_Partition_by_median_guess_common,0.088994,0.0,0.0,0.0,0.0,0.0,0.0,0.0,0.0,0.0,0.0,0.0,65601968,30800924,0,frankycpp_v1.8.exe,std::ranges::_Partition_by_median_guess_common,algorithm,0x14026433f
chess::operator<,0.086994,0.0,14.3,0.0,0.0,0.0,0.0,0.0,11.1,0.0,0.0,0.0,336110083,170905127,0,frankycpp_v1.8.exe,chess::operator<,value.h,0x14029e7b8
_security_check_cookie,0.085994,43.3,11.0,4.4,19.8,0.0,0.0,43.0,8.9,0.0,0.0,0.0,80702421,68602058,0,frankycpp_v1.8.exe,_security_check_cookie,amdsecgs.asm,0x140619cf0
chess::operator&,0.085994,0.0,22.1,4.4,0.0,0.0,0.0,4.5,11.1,0.5,0.2,0.0,352210566,276108283,0,frankycpp_v1.8.exe,chess::operator&,bitboard.h,0x14029ea97
chess::Move::operator==,0.084994,0.0,16.0,0.0,0.0,0.0,0.0,,0.0,0.1,0.0,0.0,398811964,144104323,0,frankycpp_v1.8.exe,chess::Move::operator==,PVTable.h,0x14021ffdb
chess::Move::stripped,0.081995,4.8,3.8,3.8,0.0,0.0,0.0,,0.0,0.4,0.2,0.0,176605298,47901437,0,frankycpp_v1.8.exe,chess::Move::stripped,move.h,0x140262ec0
chess::operator&,0.081995,0.0,12.0,0.0,0.0,0.0,2.0,13.4,0.0,0.0,0.0,0.0,567717031,241807254,0,frankycpp_v1.8.exe,chess::operator&,bitboard.h,0x14026aa85
"std::_Atomic_storage<unsigned __int64,8>::store",0.081995,100.0,13.5,10.1,37.1,6.7,0.0,13.4,0.0,0.1,1.8,0.0,67402022,28200846,0,frankycpp_v1.8.exe,"std::_Atomic_storage<unsigned __int64,8>::store",atomic,0x14026d64f
chess::MoveGenerator::resetOnDemand,0.079995,5.9,6.5,0.0,32.5,0.0,0.0,3.0,7.2,0.0,0.1,0.0,243307299,50101503,0,frankycpp_v1.8.exe,chess::MoveGenerator::resetOnDemand,MoveGenerator.h,0x14022109e
chess::Position::attacksTo,0.078995,14.3,2.7,2.7,0.0,2.7,8.0,8.6,0.0,0.4,0.1,0.1,265007950,259807794,0,frankycpp_v1.8.exe,"chess::Position::attacksTo(class chess::Square,class chess::Color)",Position.cpp,0x14025c370
func@0x140414020,0.076995,0.0,0.0,0.0,0.0,0.0,0.0,0.0,0.0,0.0,0.0,0.0,0,1100033,0,ntoskrnl.exe,func@0x140414020,[Unknown],0x140414020
std::countr_zero,0.075995,9.1,13.2,0.0,3.3,0.0,0.0,10.7,26.7,0.0,0.0,0.0,349410482,271608148,0,frankycpp_v1.8.exe,std::countr_zero,bit,0x140269a30
chess::Position::getNextPlayer,0.073995,8.3,0.0,14.5,24.2,0.0,0.0,11.4,0.0,0.0,0.0,0.0,41301239,56001680,0,frankycpp_v1.8.exe,chess::Position::getNextPlayer,Position.h,0x140263dae
chess::Position::isCapturingMove,0.073995,0.0,0.0,0.0,0.0,0.0,0.0,1.5,0.0,0.0,0.0,0.0,211706351,110203306,0,frankycpp_v1.8.exe,chess::Position::isCapturingMove,Position.h,0x140220264
chess::operator++,0.073995,18.8,9.6,3.2,0.0,0.0,6.4,0.0,0.0,0.0,0.0,0.0,248907467,110103303,0,frankycpp_v1.8.exe,chess::operator++,piecetype.h,0x140263d59
"std::_Atomic_storage<unsigned __int64,8>::load",0.072995,10.0,0.0,4.3,34.6,0.0,0.0,10.7,0.0,0.2,0.2,0.0,28300849,16400492,0,frankycpp_v1.8.exe,"std::_Atomic_storage<unsigned __int64,8>::load",atomic,0x14026738b
chess::Bitboard::popLSB,0.070995,0.0,48.5,0.0,0.0,0.0,0.0,0.0,0.0,0.0,0.0,0.0,125203756,60501815,0,frankycpp_v1.8.exe,chess::Bitboard::popLSB,bitboard.h,0x14026b3f0
chess::Attacks::detail::Magic::index,0.069995,0.0,14.1,4.7,0.0,0.0,0.0,5.9,0.0,0.6,0.1,0.0,111303339,79202376,0,frankycpp_v1.8.exe,chess::Attacks::detail::Magic::index,attacks.h,0x14016c985
chess::Value::operator int,0.066996,23.1,0.0,0.0,29.4,0.0,4.9,50.5,0.0,0.6,0.3,0.0,147704431,98402952,0,frankycpp_v1.8.exe,chess::Value::operator int,value.h,0x14025d6f6
chess::operator+,0.065996,0.0,15.5,0.0,0.0,0.0,0.0,0.0,0.0,0.0,0.0,0.0,224906747,121703651,0,frankycpp_v1.8.exe,chess::operator+,value.h,0x140269db1
"std::array<int,64>::operator[]",0.065996,0.0,6.4,0.0,0.0,0.0,0.0,0.0,0.0,,,,286008580,179105373,0,frankycpp_v1.8.exe,"std::array<int,64>::operator[]",array,0x14026a45d
engine::Search::checkDrawRepAnd50,0.064996,71.4,51.4,0.0,23.1,0.0,0.0,41.4,53.4,0.0,0.0,0.0,17500525,5100153,0,frankycpp_v1.8.exe,"engine::Search::checkDrawRepAnd50(class chess::Position const &,int)",Search.cpp,0x140225ae0
"std::_Atomic_address_as<__int64,std::_Atomic_padded<unsigned __int64> >",0.064996,84.6,34.4,0.0,100.0,0.0,0.0,46.7,0.0,0.0,0.5,0.0,19000570,24200726,0,frankycpp_v1.8.exe,"std::_Atomic_address_as<__int64,std::_Atomic_padded<unsigned __int64> >",xatomic.h,0x140268c10
std::countr_zero,0.064996,0.0,6.0,0.0,0.0,0.0,0.0,0.0,0.0,0.0,0.0,0.0,259307779,132503975,0,frankycpp_v1.8.exe,std::countr_zero,bit,0x14026a3b1
chess::Bitboard::operator|=,0.061996,6.7,0.0,10.1,0.0,0.0,0.0,15.3,0.0,0.0,0.0,0.0,128703861,100403012,0,frankycpp_v1.8.exe,chess::Bitboard::operator|=,bitboard.h,0x14025d656
chess::Bitboard::popLSB,0.060996,0.0,17.5,0.0,2.9,0.0,0.0,6.7,0.0,0.0,0.0,0.0,175905277,109903297,0,frankycpp_v1.8.exe,chess::Bitboard::popLSB,bitboard.h,0x140263b72
chess::Position::getGamePhaseFactor,0.059996,16.7,15.1,10.1,25.2,0.0,0.0,31.2,0.0,2.2,0.6,0.0,198505955,105103153,0,frankycpp_v1.8.exe,chess::Position::getGamePhaseFactor,Position.h,0x14026991b
chess::operator&,0.059996,50.0,0.0,5.2,0.0,0.0,41.4,,0.0,0.0,0.0,0.0,87102613,64201926,0,frankycpp_v1.8.exe,chess::operator&,bitboard.h,0x140263265
chess::operator~,0.059996,0.0,0.0,0.0,0.0,0.0,5.2,,0.0,0.0,0.0,0.0,215106453,148404452,0,frankycpp_v1.8.exe,chess::operator~,color.h,0x14025bdcb
"std::array<chess::Move,64>::operator[]",0.059996,0.0,8.8,2.9,0.0,0.0,0.0,14.6,0.0,0.0,0.0,0.0,253407602,54401632,0,frankycpp_v1.8.exe,"std::array<chess::Move,64>::operator[]",array,0x140262fa4
chess::operator&,0.058996,55.6,0.0,0.0,35.3,0.0,0.0,2.7,0.0,0.0,0.0,0.0,144404332,98002940,0,frankycpp_v1.8.exe,chess::operator&,bitboard.h,0x14025c29b
"std::_Atomic_reinterpret_as<__int64,unsigned __int64>",0.058996,100.0,63.5,0.0,40.8,4.5,0.0,57.2,57.2,0.0,12.1,0.5,24100723,19700591,0,frankycpp_v1.8.exe,"std::_Atomic_reinterpret_as<__int64,unsigned __int64>(unsigned __int64 const & __ptr64)",atomic,0x140268c00
chess::operator&,0.056996,6.2,0.0,0.0,6.4,0.0,9.6,23.7,0.0,0.0,0.0,0.0,316409492,188705661,0,frankycpp_v1.8.exe,chess::operator&,bitboard.h,0x14025c22c
chess::operator~,0.056996,0.0,0.0,0.0,0.0,0.0,0.0,0.0,0.0,0.0,0.0,0.0,148204446,69102073,0,frankycpp_v1.8.exe,chess::operator~,color.h,0x140220264
chess::MoveGenerator::getEvasionTargets,0.055996,71.4,0.0,0.0,32.4,0.0,0.0,31.2,0.0,0.0,0.0,0.0,112303369,87502625,0,frankycpp_v1.8.exe,chess::MoveGenerator::getEvasionTargets(class chess::Position const &),MoveGenerator.cpp,0x140263010
chess::operator&,0.055996,0.0,8.6,0.0,0.0,0.0,0.0,2.4,0.0,0.0,0.0,0.0,210806324,126403792,0,frankycpp_v1.8.exe,chess::operator&,bitboard.h,0x14025c641
chess::operator&,0.055996,0.0,32.4,0.0,0.0,0.0,0.0,0.0,0.0,0.0,0.0,0.0,133303999,2300069,0,frankycpp_v1.8.exe,chess::operator&,bitboard.h,0x14026b116
chess::operator&,0.054996,0.0,0.0,0.0,0.0,0.0,0.0,0.0,0.0,0.0,0.0,0.0,118503555,37501125,0,frankycpp_v1.8.exe,chess::operator&,bitboard.h,0x14026af5f
std::min,0.054996,0.0,18.8,0.0,0.0,0.0,0.0,0.0,0.0,0.0,0.0,0.0,81402442,14300429,0,frankycpp_v1.8.exe,std::min,utility,0x14026b0c1
chess::operator-,0.053996,33.3,11.5,0.0,0.0,0.0,45.9,,0.0,0.0,0.0,0.0,114003420,83902517,0,frankycpp_v1.8.exe,chess::operator-,depth.h,0x14022000a
chess::typeOf,0.053996,0.0,0.0,6.2,0.0,0.0,0.0,1.5,0.0,0.2,0.1,0.0,192905787,139404182,0,frankycpp_v1.8.exe,chess::typeOf,piece.h,0x140263c2e
"std::array<chess::Bitboard,64>::operator[]",0.053996,20.0,0.0,0.0,39.1,3.9,0.0,13.4,0.0,1.2,3.5,0.0,129103873,94702841,0,frankycpp_v1.8.exe,"std::array<chess::Bitboard,64>::operator[]",array,0x14025c1ff
chess::typeOf,0.052996,0.0,0.0,0.0,4.2,0.0,0.0,0.0,0.0,0.0,0.0,0.0,125503765,76302289,0,frankycpp_v1.8.exe,chess::typeOf,piece.h,0x14022121b
func@0x1406b239f,0.052996,40.0,88.7,12.7,25.3,0.0,0.0,51.7,12.9,0.0,0.7,0.0,4000120,1100033,0,ntoskrnl.exe,func@0x1406b239f,[Unknown],0x1406b239f
std::ranges::_Sort_fn::operator(),0.052996,7.7,0.0,0.0,0.0,0.0,5.7,0.0,0.0,0.3,0.6,0.0,105403162,23300699,0,frankycpp_v1.8.exe,std::ranges::_Sort_fn::operator(),algorithm,0x140262dee
chess::StaticMoveList<256>::push_back,0.051997,10.5,8.3,0.0,0.0,0.0,4.2,1.9,19.1,0.5,0.0,0.0,174305229,100903027,0,frankycpp_v1.8.exe,chess::StaticMoveList<256>::push_back,staticmovelist.h,0x140263c4a
chess::operator&,0.051997,0.0,13.9,0.0,0.0,0.0,0.0,0.0,0.0,0.0,0.0,0.0,84702541,12100363,0,frankycpp_v1.8.exe,chess::operator&,bitboard.h,0x14026b14d
chess::operator|,0.051997,0.0,0.0,0.0,0.0,0.0,0.0,0.0,0.0,0.0,0.0,0.0,381011430,217906537,0,frankycpp_v1.8.exe,chess::operator|,bitboard.h,0x14029ea8c
engine::Evaluator::prefetch,0.051997,0.0,0.0,0.0,61.2,0.0,0.0,61.4,58.8,0.0,0.0,0.0,4800144,0,0,frankycpp_v1.8.exe,engine::Evaluator::prefetch,Evaluator.h,0x1402212d4
chess::Value::isCheckMate,0.050997,41.7,0.0,9.0,4.5,0.0,58.2,1.6,0.0,0.0,0.0,0.0,379011370,104603138,0,frankycpp_v1.8.exe,chess::Value::isCheckMate,value.h,0x140221754
std::popcount,0.050997,4.8,14.4,0.0,0.0,0.0,0.0,0.0,0.0,0.0,0.0,0.0,191805754,97402922,0,frankycpp_v1.8.exe,std::popcount,bit,0x14026a55d
chess::Bitboard::operator bool,0.049997,0.0,7.7,0.0,0.0,0.0,3.9,0.0,0.0,0.0,0.0,0.0,188905667,139004170,0,frankycpp_v1.8.exe,chess::Bitboard::operator bool,bitboard.h,0x140263b55
chess::Move::to,0.049997,0.0,25.8,0.0,0.0,0.0,0.0,0.0,0.0,0.0,0.0,0.0,136004080,77002310,0,frankycpp_v1.8.exe,chess::Move::to,move.h,0x140220273
chess::Position::getPieceBb,0.049997,0.0,27.2,0.0,0.0,0.0,0.0,0.0,0.0,0.0,0.0,0.0,87802634,31700951,0,frankycpp_v1.8.exe,chess::Position::getPieceBb,Position.h,0x14026adcb
engine::PVTable::clear,0.049997,100.0,100.0,0.0,14.7,0.0,7.3,0.0,0.0,0.0,0.0,0.0,71502145,67402022,0,frankycpp_v1.8.exe,engine::PVTable::clear,PVTable.h,0x140220cf9
chess::Bitboard::operator bool,0.048997,0.0,13.4,4.5,0.0,0.0,0.0,,0.0,0.2,0.0,0.0,120103603,60801824,0,frankycpp_v1.8.exe,chess::Bitboard::operator bool,bitboard.h,0x140263cb9
chess::Bitboard::operator|=,0.048997,14.3,30.6,0.0,0.0,0.0,23.0,0.0,0.0,0.0,0.0,0.0,146504395,115803474,0,frankycpp_v1.8.exe,chess::Bitboard::operator|=,bitboard.h,0x140269a78
chess::Move::from,0.048997,5.6,10.0,0.0,5.0,0.0,2.5,0.0,0.0,0.0,0.0,0.0,381111433,124503735,0,frankycpp_v1.8.exe,chess::Move::from,move.h,0x14021ffed
chess::MoveGenerator::resetOnDemand,0.048997,25.0,0.0,6.9,0.0,0.0,0.0,0.0,0.0,0.0,0.0,0.0,108203246,32100963,0,frankycpp_v1.8.exe,chess::MoveGenerator::resetOnDemand,MoveGenerator.h,0x14021ff2e
chess::Value::operator int,0.048997,83.3,0.0,13.4,6.7,0.0,6.7,12.1,12.1,0.0,0.0,0.0,122403672,64701941,0,frankycpp_v1.8.exe,chess::Value::operator int,value.h,0x14025d7e6
chess::operator&,0.048997,0.0,31.6,0.0,0.0,0.0,0.0,0.0,0.0,0.0,0.0,0.0,135004050,112203366,0,frankycpp_v1.8.exe,chess::operator&,bitboard.h,0x14026b4b8
"std::array<chess::Bitboard,64>::operator[]",0.048997,0.0,5.7,0.0,17.2,0.0,0.0,0.0,0.0,0.0,0.0,0.0,136604098,115103453,0,frankycpp_v1.8.exe,"std::array<chess::Bitboard,64>::operator[]",array,0x14026a6ee
chess::Bitboard::popLSB,0.047997,0.0,0.0,0.0,3.9,0.0,0.0,0.0,0.0,0.0,0.0,0.0,196105883,150704521,0,frankycpp_v1.8.exe,chess::Bitboard::popLSB,bitboard.h,0x14026aee0
chess::operator&,0.047997,0.0,3.6,3.6,0.0,0.0,0.0,0.0,19.1,0.2,0.0,0.0,241207236,153204596,0,frankycpp_v1.8.exe,chess::operator&,bitboard.h,0x14025c62a
chess::operator&,0.045997,0.0,0.0,0.0,0.0,0.0,0.0,8.9,0.0,0.0,0.0,0.0,118303549,45601368,0,frankycpp_v1.8.exe,chess::operator&,bitboard.h,0x14026aa36
chess::operator&,0.045997,0.0,0.0,0.0,0.0,0.0,0.0,0.0,0.0,0.0,0.0,0.0,210506315,70102103,0,frankycpp_v1.8.exe,chess::operator&,bitboard.h,0x14026b27d
chess::operator|,0.045997,0.0,7.9,0.0,0.0,0.0,0.0,3.8,19.1,0.0,0.0,0.0,151004530,70702121,0,frankycpp_v1.8.exe,chess::operator|,bitboard.h,0x14029eb03
engine::Search::valueToTt,0.045997,26.7,4.4,22.1,0.0,0.0,26.6,0.0,0.0,0.0,0.0,0.0,285908577,97002910,0,frankycpp_v1.8.exe,"engine::Search::valueToTt(class chess::Value,enum chess::Depth)",Search.cpp,0x140221750
std::atomic<bool>::operator bool,0.045997,46.2,71.4,0.0,20.4,0.0,0.0,57.2,0.0,0.0,2.7,0.0,92802784,39201176,0,frankycpp_v1.8.exe,std::atomic<bool>::operator bool,atomic,0x140225acb
std::popcount,0.045997,0.0,17.9,0.0,0.0,0.0,0.0,0.0,0.0,0.0,0.0,0.0,100503015,15300459,0,frankycpp_v1.8.exe,std::popcount,bit,0x14026b498
chess::StaticMoveList<128>::pop_back,0.044997,50.0,100.0,0.0,63.3,0.0,0.0,15.0,0.0,0.3,1.8,0.0,53101593,20900627,0,frankycpp_v1.8.exe,chess::StaticMoveList<128>::pop_back,staticmovelist.h,0x140220818
chess::operator&,0.044997,0.0,28.3,0.0,0.0,0.0,0.0,0.0,0.0,0.0,0.0,0.0,57701731,23500705,0,frankycpp_v1.8.exe,chess::operator&,bitboard.h,0x14026b444
chess::Position::getPieceBb,0.043997,16.7,33.8,0.0,4.2,0.0,4.2,0.0,0.0,0.0,0.0,0.0,131603948,83802514,0,frankycpp_v1.8.exe,chess::Position::getPieceBb,Position.h,0x140263b40
chess::operator<<,0.043997,0.0,12.5,0.0,0.0,0.0,0.0,0.0,0.0,0.0,0.0,0.0,102003060,18800564,0,frankycpp_v1.8.exe,chess::operator<<,bitboard.h,0x14026af5a
"std::_Atomic_storage<unsigned __int64,8>::load",0.043997,57.1,0.0,0.0,66.1,0.0,0.0,40.1,13.4,1.6,5.8,0.0,22000660,42301269,0,frankycpp_v1.8.exe,"std::_Atomic_storage<unsigned __int64,8>::load",atomic,0x14026d3e0
"std::array<std::array<chess::Move,64>,64>::operator[]",0.042997,0.0,71.9,8.0,0.0,8.0,0.0,0.0,0.0,1.6,0.0,0.5,219606588,36001080,0,frankycpp_v1.8.exe,"std::array<std::array<chess::Move,64>,64>::operator[]",array,0x140262fa0
"std::unique_ptr<engine::TT::TTCluster [0],std::default_delete<engine::TT::TTCluster [0]> >::operator[]",0.042997,36.4,0.0,15.7,15.7,0.0,0.0,81.9,8.9,0.0,5.3,0.0,81402442,36701101,0,frankycpp_v1.8.exe,"std::unique_ptr<engine::TT::TTCluster [0],std::default_delete<engine::TT::TTCluster [0]> >::operator[]",memory,0x1402212bb
chess::operator&,0.041997,7.7,23.7,0.0,0.0,0.0,0.0,0.0,0.0,0.0,0.0,0.0,326209786,164404932,0,frankycpp_v1.8.exe,chess::operator&,bitboard.h,0x14025c688
chess::operator|,0.041997,0.0,18.4,0.0,0.0,0.0,0.0,0.0,0.0,0.0,0.0,0.0,172105163,65701971,0,frankycpp_v1.8.exe,chess::operator|,bitboard.h,0x14029eb16
engine::PVTable::clear,0.041997,71.4,15.5,0.0,10.3,0.0,0.0,100.0,0.0,0.0,0.0,0.0,20100603,14200426,0,frankycpp_v1.8.exe,engine::PVTable::clear,PVTable.h,0x14021f2b6
chess::Bitboard::operator bool,0.040997,0.0,16.4,5.5,0.0,0.0,0.0,66.8,0.0,0.0,0.0,0.0,82502475,22600678,0,frankycpp_v1.8.exe,chess::Bitboard::operator bool,bitboard.h,0x14026b45c
chess::Value::operator int,0.040997,25.0,4.0,4.0,0.0,0.0,4.0,19.4,0.0,0.0,0.0,0.0,139804194,95402862,0,frankycpp_v1.8.exe,chess::Value::operator int,value.h,0x14025d6e6
chess::colorOf,0.040997,71.4,26.9,0.0,35.8,0.0,26.9,10.7,0.0,0.1,0.1,0.0,88302649,88902667,0,frankycpp_v1.8.exe,chess::colorOf,piece.h,0x14025d622
chess::operator&,0.040997,0.0,0.0,0.0,0.0,0.0,0.0,0.0,0.0,,,,149904497,72402172,0,frankycpp_v1.8.exe,chess::operator&,bitboard.h,0x14029eb33
chess::operator|,0.040997,0.0,0.0,0.0,0.0,0.0,0.0,0.0,0.0,0.0,0.0,0.0,68302049,32000960,0,frankycpp_v1.8.exe,chess::operator|,bitboard.h,0x14026b436
engine::Search::search::__l2::<lambda_1>::operator(),0.039997,0.0,0.0,0.0,13.1,0.0,0.0,0.0,0.0,0.0,0.1,0.0,91402742,37201116,0,frankycpp_v1.8.exe,engine::Search::search::__l2::<lambda_1>::operator(),Search.cpp,0x14021f973
chess::Position::getPieceBb,0.037997,0.0,34.2,0.0,0.0,0.0,0.0,0.0,0.0,0.0,0.0,0.0,55601668,20500615,0,frankycpp_v1.8.exe,chess::Position::getPieceBb,Position.h,0x14026b471
chess::operator&,0.037997,0.0,0.0,0.0,0.0,0.0,0.0,0.0,0.0,0.0,0.0,0.0,110503315,86602598,0,frankycpp_v1.8.exe,chess::operator&,bitboard.h,0x14026ab80
chess::operator*,0.037997,0.0,0.0,0.0,0.0,0.0,0.0,0.0,26.7,0.0,0.0,0.0,164604938,64301929,0,frankycpp_v1.8.exe,chess::operator*,value.h,0x140269dc7
chess::Position::getNextPlayer,0.036998,100.0,0.0,17.5,0.0,0.0,100.0,26.7,0.0,0.0,0.0,0.0,18700561,29300879,0,frankycpp_v1.8.exe,chess::Position::getNextPlayer,Position.h,0x1402630c3
chess::operator&,0.036998,25.0,0.0,3.4,6.8,6.8,0.0,0.0,0.0,0.0,0.0,0.0,243607308,139504185,0,frankycpp_v1.8.exe,chess::operator&,bitboard.h,0x14025c27c
chess::typeOf,0.036998,0.0,0.0,0.0,0.0,0.0,0.0,0.0,0.0,0.0,0.0,0.0,108303249,76102283,0,frankycpp_v1.8.exe,chess::typeOf,piece.h,0x14029e711
engine::Search::thread,0.036998,16.7,96.7,19.3,38.7,0.0,0.0,42.0,0.0,0.0,0.0,0.0,27300819,26700801,0,frankycpp_v1.8.exe,engine::Search::thread,Search.h,0x14021f2aa
std::atomic<unsigned __int64>::{ctor},0.036998,100.0,0.0,10.2,61.2,51.0,0.0,60.7,0.0,1.5,9.0,3.0,41301239,9200276,0,frankycpp_v1.8.exe,std::atomic<unsigned __int64>::{ctor},atomic,0x14026d60f
chess::StaticMoveList<256>::push_back,0.035998,14.3,23.0,0.0,15.3,0.0,7.7,3.0,0.0,0.1,0.1,0.0,42501275,62101863,0,frankycpp_v1.8.exe,chess::StaticMoveList<256>::push_back,staticmovelist.h,0x140263446
chess::operator&,0.034998,22.2,0.0,0.0,15.3,3.8,0.0,0.0,0.0,0.0,0.0,0.0,178005340,113103393,0,frankycpp_v1.8.exe,chess::operator&,bitboard.h,0x14025c2b7
std::popcount,0.034998,27.3,5.6,11.1,5.6,0.0,0.0,0.0,0.0,0.0,0.0,0.0,138104143,110103303,0,frankycpp_v1.8.exe,std::popcount,bit,0x14026a72d
chess::Bitboard::operator|=,0.033998,8.3,0.0,0.0,0.0,0.0,7.5,0.0,0.0,0.0,0.0,0.0,274708241,164804944,0,frankycpp_v1.8.exe,chess::Bitboard::operator|=,bitboard.h,0x14026a5db
chess::Bitboard::popLSB,0.033998,25.0,0.0,0.0,24.5,8.2,0.0,0.0,0.0,0.0,0.0,0.0,73902217,67002010,0,frankycpp_v1.8.exe,chess::Bitboard::popLSB,bitboard.h,0x14026a6a0
chess::operator-,0.033998,0.0,0.0,9.7,0.0,0.0,0.0,0.0,0.0,0.0,0.0,0.0,95402862,49001470,0,frankycpp_v1.8.exe,chess::operator-,value.h,0x14029e8cd
func@0x140255da0,0.033998,0.0,12.9,0.0,25.8,0.0,0.0,0.0,0.0,0.1,0.3,0.0,400012,0,0,ntoskrnl.exe,func@0x140255da0,[Unknown],0x140255da0
func@0x1406ac320,0.033998,33.3,89.3,0.0,0.0,29.8,0.0,80.1,0.0,2.1,0.0,2.1,5200156,7000210,0,ntoskrnl.exe,func@0x1406ac320,[Unknown],0x1406ac320
"std::array<std::array<unsigned __int64,64>,16>::operator[]",0.033998,0.0,0.0,0.0,0.0,0.0,0.0,1.6,0.0,0.0,0.0,0.0,72902187,20200606,0,frankycpp_v1.8.exe,"std::array<std::array<unsigned __int64,64>,16>::operator[]",array,0x14025d75b
chess::Bitboard::operator bool,0.032998,11.1,0.0,0.0,7.7,0.0,0.0,0.0,0.0,0.0,0.0,0.0,78302349,64601938,0,frankycpp_v1.8.exe,chess::Bitboard::operator bool,bitboard.h,0x1402636e1
chess::Direction::operator int,0.032998,12.5,0.0,0.0,13.6,0.0,6.8,0.0,0.0,0.0,0.0,0.0,88402652,75602268,0,frankycpp_v1.8.exe,chess::Direction::operator int,direction.h,0x140265360
chess::Value::isCheckMate,0.032998,22.2,11.5,0.0,11.5,0.0,0.0,69.4,19.1,1.5,27.8,0.0,49601488,16900507,0,frankycpp_v1.8.exe,chess::Value::isCheckMate,value.h,0x140221794
chess::operator|,0.032998,0.0,19.6,0.0,0.0,0.0,0.0,0.0,0.0,0.0,0.0,0.0,197205916,101303039,0,frankycpp_v1.8.exe,chess::operator|,bitboard.h,0x14026b215
chess::operator~,0.032998,0.0,0.0,0.0,31.9,0.0,0.0,0.0,0.0,0.0,0.0,0.0,84802544,87202616,550231,frankycpp_v1.8.exe,chess::operator~,color.h,0x14026a78c
chess::Move::operator==,0.031998,14.3,0.0,0.0,0.0,0.0,0.0,13.4,0.0,0.0,0.0,0.0,89302679,32500975,0,frankycpp_v1.8.exe,chess::Move::operator==,PVTable.h,0x140262f08
chess::Position::clearEnPassant,0.031998,0.0,18.7,0.0,6.2,0.0,6.2,3.3,0.0,0.0,0.0,0.0,171505145,68002040,0,frankycpp_v1.8.exe,chess::Position::clearEnPassant,Position.cpp,0x14025bd1c
chess::Position::getLastMove,0.031998,0.0,0.0,0.0,0.0,0.0,0.0,3.3,8.3,0.3,0.1,0.0,106803204,18800564,0,frankycpp_v1.8.exe,chess::Position::getLastMove,Position.h,0x140262f7b
chess::Position::getPieceBb,0.031998,0.0,0.0,4.6,0.0,0.0,0.0,0.0,0.0,0.0,0.0,0.0,45001350,7700231,0,frankycpp_v1.8.exe,chess::Position::getPieceBb,Position.h,0x14026b12f
std::popcount,0.031998,0.0,0.0,0.0,0.0,0.0,0.0,0.0,0.0,0.0,0.0,0.0,161804854,73002190,0,frankycpp_v1.8.exe,std::popcount,bit,0x14026b247
chess::Bitboard::operator|=,0.030998,8.3,0.0,0.0,0.0,0.0,0.0,0.0,66.8,0.0,0.0,0.0,222906687,75602268,0,frankycpp_v1.8.exe,chess::Bitboard::operator|=,bitboard.h,0x14026aa11
chess::Bitboard::{ctor},0.030998,0.0,0.0,0.0,0.0,0.0,0.0,0.0,0.0,,,,131503945,77902337,0,frankycpp_v1.8.exe,chess::Bitboard::{ctor},bitboard.h,0x14029eb47
chess::Move::stripped,0.030998,16.7,19.9,0.0,0.0,0.0,39.7,4.5,22.3,0.0,0.0,0.0,48701461,34101023,0,frankycpp_v1.8.exe,chess::Move::stripped,move.h,0x140260f22
chess::Attacks::detail::Magic::index,0.029998,0.0,0.0,0.0,0.0,0.0,0.0,4.0,0.0,0.2,0.0,0.0,44301329,33401002,0,frankycpp_v1.8.exe,chess::Attacks::detail::Magic::index,attacks.h,0x14016c964
chess::Bitboard::popLSB,0.029998,0.0,5.6,5.6,0.0,0.0,0.0,0.0,0.0,0.0,0.0,0.0,236707101,131903957,0,frankycpp_v1.8.exe,chess::Bitboard::popLSB,bitboard.h,0x14026a5b0
chess::operator&,0.029998,0.0,0.0,0.0,0.0,0.0,0.0,5.3,0.0,0.5,0.0,0.0,105403162,63401902,0,frankycpp_v1.8.exe,chess::operator&,bitboard.h,0x140263bb5
chess::operator|,0.029998,0.0,14.1,0.0,0.0,0.0,0.0,0.0,0.0,0.0,0.0,0.0,43501305,61901857,0,frankycpp_v1.8.exe,chess::operator|,bitboard.h,0x14029ea3a
chess::operator~,0.029998,0.0,62.5,0.0,0.0,0.0,0.0,0.0,0.0,0.0,0.0,0.0,112603378,21700651,0,frankycpp_v1.8.exe,chess::operator~,color.h,0x14026adbf
engine::Search::thread,0.029998,12.5,13.1,26.2,0.0,0.0,0.0,0.0,0.0,0.0,0.0,0.0,101403042,17700531,0,frankycpp_v1.8.exe,engine::Search::thread,Search.h,0x140221095
"std::array<chess::Value,32>::operator[]",0.029998,0.0,0.0,0.0,0.0,0.0,0.0,0.0,0.0,0.0,0.0,0.0,87902637,46101383,0,frankycpp_v1.8.exe,"std::array<chess::Value,32>::operator[]",array,0x14029e788
chess::Bitboard::operator|=,0.028998,37.5,0.0,24.2,0.0,0.0,4.0,0.0,0.0,0.0,0.0,0.0,146504395,134004020,0,frankycpp_v1.8.exe,chess::Bitboard::operator|=,bitboard.h,0x14026a70b
chess::Position::getPieceBb,0.028998,0.0,0.0,0.0,0.0,0.0,0.0,10.5,0.0,0.5,0.3,0.0,138104143,79402382,0,frankycpp_v1.8.exe,chess::Position::getPieceBb,Position.h,0x14026a337
chess::Rank::promotionFor,0.028998,0.0,0.0,0.0,0.0,0.0,0.0,0.0,0.0,0.0,0.0,0.0,34901047,18800564,0,frankycpp_v1.8.exe,chess::Rank::promotionFor,rank.h,0x1402637ff
"std::array<chess::Value,25>::operator[]",0.028998,16.7,0.0,0.0,0.0,0.0,6.9,5.9,0.0,0.0,0.0,0.0,64101923,50001500,0,frankycpp_v1.8.exe,"std::array<chess::Value,25>::operator[]",array,0x140263cf2
std::countr_zero,0.028998,0.0,0.0,0.0,0.0,0.0,0.0,0.0,0.0,0.0,0.0,0.0,107703231,58801764,0,frankycpp_v1.8.exe,std::countr_zero,bit,0x14026aee0
"std::unique_ptr<engine::TT::TTCluster [0],std::default_delete<engine::TT::TTCluster [0]> >::operator[]",0.028998,40.0,0.0,8.5,34.2,0.0,8.5,72.5,0.0,2.0,4.6,0.0,17100513,7000210,0,frankycpp_v1.8.exe,"std::unique_ptr<engine::TT::TTCluster [0],std::default_delete<engine::TT::TTCluster [0]> >::operator[]",memory,0x1402205f9
chess::Bitboard::popLSB,0.027998,0.0,9.7,0.0,0.0,0.0,0.0,0.0,0.0,0.0,0.0,0.0,42301269,27200816,0,frankycpp_v1.8.exe,chess::Bitboard::popLSB,bitboard.h,0x14026b412
chess::Position::checkInsufficientMaterial,0.027998,16.7,10.5,31.5,0.0,0.0,10.5,3.8,0.0,0.1,0.0,0.0,148804464,83502505,0,frankycpp_v1.8.exe,chess::Position::checkInsufficientMaterial(void),Position.cpp,0x14025c9a0
chess::Position::doNullMove,0.027998,0.0,45.9,45.9,0.0,0.0,0.0,10.7,0.0,0.0,0.0,0.0,66601998,21700651,0,frankycpp_v1.8.exe,chess::Position::doNullMove(void),Position.cpp,0x14025c0a0
chess::Bitboard::operator~,0.026998,0.0,0.0,0.0,0.0,0.0,0.0,0.0,0.0,0.0,0.0,0.0,17300519,4400132,0,frankycpp_v1.8.exe,chess::Bitboard::operator~,bitboard.h,0x14026b0e7
chess::Move::to,0.026998,0.0,40.8,0.0,10.2,0.0,0.0,0.0,0.0,,,,68802064,45401362,0,frankycpp_v1.8.exe,chess::Move::to,move.h,0x1402215cd
chess::Square::file,0.026998,0.0,16.7,0.0,0.0,0.0,0.0,0.0,0.0,0.0,0.0,0.0,62101863,21400642,0,frankycpp_v1.8.exe,chess::Square::file,square.h,0x14026ae06
chess::colorOf,0.026998,33.3,0.0,21.6,0.0,0.0,10.8,10.3,0.0,0.0,0.0,0.0,84402532,68802064,0,frankycpp_v1.8.exe,chess::colorOf,piece.h,0x14025d749
chess::operator&,0.026998,0.0,10.5,0.0,0.0,0.0,0.0,0.0,0.0,0.0,0.0,0.0,184805544,103603108,0,frankycpp_v1.8.exe,chess::operator&,bitboard.h,0x14029e92a
chess::operator+,0.026998,28.6,0.0,0.0,0.0,0.0,12.5,,,,,,73702211,83302499,0,frankycpp_v1.8.exe,chess::operator+,direction.h,0x140263199
chess::operator+=,0.026998,0.0,0.0,0.0,0.0,0.0,0.0,0.0,0.0,0.0,0.0,0.0,82002460,30200906,0,frankycpp_v1.8.exe,chess::operator+=,value.h,0x14026b1a5
func@0x1406b1283,0.026998,6.7,24.1,0.0,12.0,0.0,0.0,27.8,0.0,0.0,0.0,0.0,3000090,2700081,0,ntoskrnl.exe,func@0x1406b1283,[Unknown],0x1406b1283
"std::array<chess::HistoryState,1024>::operator[]",0.026998,10.0,0.0,0.0,0.0,0.0,24.5,0.0,0.0,0.0,0.0,0.0,76202286,9600288,0,frankycpp_v1.8.exe,"std::array<chess::HistoryState,1024>::operator[]",array,0x14025b9f8
std::max,0.026998,0.0,0.0,0.0,0.0,0.0,0.0,0.0,0.0,0.0,0.0,0.0,86302589,46401392,0,frankycpp_v1.8.exe,std::max,utility,0x14029e8b5
chess::Bitboard::operator|=,0.025998,22.2,13.9,0.0,0.0,0.0,41.6,0.0,0.0,0.0,0.0,0.0,83502505,52701581,0,frankycpp_v1.8.exe,chess::Bitboard::operator|=,bitboard.h,0x14026a5e5
chess::Move::type,0.025998,16.7,0.0,0.0,0.0,0.0,0.0,0.0,0.0,0.0,0.0,0.0,35501065,21000630,0,frankycpp_v1.8.exe,chess::Move::type,move.h,0x14029e63d
chess::operator&,0.025998,0.0,33.4,0.0,0.0,0.0,0.0,0.0,0.0,0.0,0.0,0.0,97002910,26100783,0,frankycpp_v1.8.exe,chess::operator&,bitboard.h,0x14026b482
chess::typeOf,0.025998,0.0,0.0,0.0,0.0,0.0,0.0,,0.0,0.0,0.0,0.0,138204146,30600918,0,frankycpp_v1.8.exe,chess::typeOf,piece.h,0x14025c54f
func@0x1403993e0,0.025998,100.0,100.0,0.0,0.0,0.0,0.0,0.0,0.0,0.0,0.0,0.0,11000330,2200066,0,nvlddmkm.sys,func@0x1403993e0,[Unknown],0x1403993e0
chess::Position::getPieceBb,0.024998,0.0,0.0,0.0,0.0,0.0,0.0,0.0,0.0,0.0,0.0,0.0,37801134,77402322,0,frankycpp_v1.8.exe,chess::Position::getPieceBb,Position.h,0x14029ea5c
chess::operator&,0.024998,50.0,0.0,0.0,0.0,0.0,0.0,0.0,0.0,0.0,0.0,0.0,27600828,40401212,0,frankycpp_v1.8.exe,chess::operator&,bitboard.h,0x14025c46d
chess::operator|,0.024998,0.0,0.0,0.0,0.0,20.4,0.0,0.0,0.0,0.0,0.0,0.0,7800234,5900177,0,frankycpp_v1.8.exe,chess::operator|,bitboard.h,0x14026aec7
engine::Search::evaluate,0.024998,25.0,0.0,0.0,17.5,0.0,0.0,46.5,0.0,0.0,0.0,0.0,133804014,75002250,0,frankycpp_v1.8.exe,engine::Search::evaluate,Search.cpp,0x140220fc7
engine::Search::valueFromTt,0.024998,66.7,23.7,82.9,11.8,0.0,0.0,70.8,0.0,0.0,0.0,0.0,20400612,15300459,0,frankycpp_v1.8.exe,"engine::Search::valueFromTt(class chess::Value,enum chess::Depth)",Search.cpp,0x140221790
std::popcount,0.024998,0.0,68.9,0.0,0.0,0.0,0.0,0.0,0.0,0.0,0.0,0.0,39701191,4100123,0,frankycpp_v1.8.exe,std::popcount,bit,0x14026b155
chess::Bitboard::operator bool,0.023998,0.0,0.0,0.0,0.0,0.0,0.0,0.0,0.0,0.3,0.0,0.0,77402322,30800924,0,frankycpp_v1.8.exe,chess::Bitboard::operator bool,bitboard.h,0x14026af1d
chess::CastlingRights::operator-=,0.023998,0.0,0.0,0.0,0.0,0.0,15.3,,0.0,0.0,0.0,0.0,104403132,56701701,0,frankycpp_v1.8.exe,chess::CastlingRights::operator-=,castlingrights.h,0x14025bcff
chess::Move::encode,0.023998,0.0,0.0,0.0,20.4,0.0,0.0,0.0,0.0,0.3,0.0,0.0,35001050,42901287,0,frankycpp_v1.8.exe,chess::Move::encode,move.h,0x14026343d
chess::Value::{ctor},0.023998,0.0,0.0,0.0,0.0,0.0,0.0,0.0,0.0,0.0,0.0,0.0,66001980,30500915,0,frankycpp_v1.8.exe,chess::Value::{ctor},value.h,0x14029e7a5
chess::operator&,0.023998,0.0,0.0,0.0,0.0,0.0,0.0,0.0,0.0,0.0,0.0,0.0,55501665,42101263,0,frankycpp_v1.8.exe,chess::operator&,bitboard.h,0x14029e942
chess::operator&,0.023998,0.0,12.5,0.0,0.0,0.0,0.0,0.0,0.0,0.0,0.0,0.0,128303849,82902487,0,frankycpp_v1.8.exe,chess::operator&,bitboard.h,0x14026b4aa
chess::operator+,0.023998,0.0,0.0,0.0,0.0,0.0,0.0,0.0,0.0,0.0,0.0,0.0,98902967,38901167,0,frankycpp_v1.8.exe,chess::operator+,value.h,0x140220311
chess::operator-,0.023998,0.0,16.3,0.0,0.0,0.0,0.0,0.0,0.0,0.6,0.1,0.0,33401002,49501485,0,frankycpp_v1.8.exe,chess::operator-,value.h,0x140263931
"std::array<chess::Value,25>::operator[]",0.023998,0.0,32.6,0.0,0.0,0.0,0.0,0.0,19.1,0.0,0.0,0.0,49101473,48801464,0,frankycpp_v1.8.exe,"std::array<chess::Value,25>::operator[]",array,0x14026340a
chess::Square::pawnPush,0.022998,0.0,0.0,0.0,0.0,0.0,0.0,0.0,0.0,0.0,0.0,0.0,105703171,37901137,0,frankycpp_v1.8.exe,chess::Square::pawnPush,square.h,0x14025bd75
std::clamp,0.022998,14.3,0.0,0.0,0.0,0.0,8.7,0.0,0.0,0.0,0.0,0.0,121503645,9900297,0,frankycpp_v1.8.exe,std::clamp,algorithm,0x140220581
std::min,0.022998,0.0,0.0,0.0,0.0,0.0,10.5,0.0,0.0,0.0,0.0,0.0,44701341,15500465,0,frankycpp_v1.8.exe,std::min,utility,0x140220437
RtlCopyMemory,0.021999,100.0,23.0,0.0,23.0,0.0,0.0,0.0,0.0,1.8,7.0,0.0,8900267,4800144,0,ntoskrnl.exe,RtlCopyMemory,[Unknown],0x1406bf140
chess::StaticMoveList<128>::push_back,0.021999,83.3,56.5,37.7,37.7,0.0,0.0,100.0,44.5,0.0,0.0,0.0,2600078,0,0,frankycpp_v1.8.exe,chess::StaticMoveList<128>::push_back,staticmovelist.h,0x140220616
chess::operator&,0.021999,0.0,15.0,0.0,0.0,0.0,0.0,0.0,0.0,0.0,0.0,0.0,44601338,20600618,0,frankycpp_v1.8.exe,chess::operator&,bitboard.h,0x14026b25a
chess::operator&,0.021999,0.0,9.7,0.0,0.0,0.0,0.0,5.3,0.0,2.4,0.0,0.0,213206396,128503855,0,frankycpp_v1.8.exe,chess::operator&,bitboard.h,0x14025c66f
chess::operator&,0.021999,0.0,0.0,0.0,0.0,0.0,0.0,0.0,0.0,0.0,0.0,0.0,101603048,32700981,0,frankycpp_v1.8.exe,chess::operator&,bitboard.h,0x14026abde
chess::operator+,0.021999,37.5,0.0,0.0,0.0,0.0,45.9,,0.0,0.0,0.0,0.0,96602898,43401302,0,frankycpp_v1.8.exe,chess::operator+,depth.h,0x140220207
engine::PawnTT::put,0.021999,30.0,0.0,38.3,7.7,0.0,0.0,17.8,0.0,0.0,0.0,0.0,6300189,10100303,0,frankycpp_v1.8.exe,"engine::PawnTT::put(struct engine::PawnTT::Entry *,unsigned __int64,struct chess::Score,class chess::Bitboard,class chess::Bitboard)",PawnTT.cpp,0x140267360
func@0x1402eb8ad,0.021999,0.0,0.0,13.6,13.6,0.0,0.0,,38.2,0.7,0.4,0.2,12900387,9800294,0,ntoskrnl.exe,func@0x1402eb8ad,[Unknown],0x1402eb8ad
std::countr_zero,0.021999,0.0,0.0,0.0,0.0,0.0,0.0,0.0,0.0,0.0,0.0,0.0,46501395,28400852,0,frankycpp_v1.8.exe,std::countr_zero,bit,0x14026b3f5
chess::Bitboard::operator|=,0.020999,0.0,0.0,0.0,0.0,0.0,0.0,0.0,0.0,0.0,0.0,0.0,88302649,48801464,0,frankycpp_v1.8.exe,chess::Bitboard::operator|=,bitboard.h,0x140269a95
chess::StaticMoveList<256>::empty,0.020999,0.0,13.1,13.1,0.0,0.0,0.0,,0.0,0.0,0.0,0.0,41601248,17600528,0,frankycpp_v1.8.exe,chess::StaticMoveList<256>::empty,staticmovelist.h,0x140260ed3
chess::operator&,0.020999,100.0,0.0,0.0,0.0,0.0,0.0,0.0,0.0,0.0,0.7,0.0,16300489,11600348,0,frankycpp_v1.8.exe,chess::operator&,bitboard.h,0x140261331
chess::operator+=,0.020999,16.7,0.0,0.0,43.7,0.0,8.7,89.0,6.4,0.2,8.6,0.4,17800534,10200306,0,frankycpp_v1.8.exe,chess::operator+=,value.h,0x140269ecb
chess::operator<,0.020999,0.0,17.1,0.0,0.0,0.0,0.0,2.7,0.0,0.0,0.0,0.0,51501545,30500915,0,frankycpp_v1.8.exe,chess::operator<,file.h,0x14026af4a
func@0x1400e3530,0.020999,,100.0,0.0,0.0,0.0,0.0,0.0,0.0,0.0,0.0,0.0,7700231,3300099,0,nvlddmkm.sys,func@0x1400e3530,[Unknown],0x1400e3530
func@0x140cbc720,0.020999,62.5,38.4,47.0,0.0,0.0,0.0,0.0,0.0,0.0,0.0,0.0,0,0,0,nvlddmkm.sys,func@0x140cbc720,[Unknown],0x140cbc720
"std::_Atomic_address_as<char,struct std::_Atomic_padded<bool> >",0.020999,87.5,26.2,61.2,17.5,0.0,0.0,9.2,0.0,0.0,0.0,0.0,162304869,39001170,0,frankycpp_v1.8.exe,"std::_Atomic_address_as<char,struct std::_Atomic_padded<bool> >(struct std::_Atomic_padded<bool> const &)",xatomic.h,0x140160710
chess::Bitboard::popLSB,0.019999,0.0,0.0,0.0,0.0,0.0,0.0,0.0,0.0,0.0,0.0,0.0,27200816,9200276,0,frankycpp_v1.8.exe,chess::Bitboard::popLSB,bitboard.h,0x14026a1d4
chess::StaticMoveList<256>::empty,0.019999,0.0,0.0,0.0,0.0,0.0,0.0,5.5,0.0,0.0,0.0,0.0,45001350,46201386,0,frankycpp_v1.8.exe,chess::StaticMoveList<256>::empty,staticmovelist.h,0x140262b2b
chess::operator&,0.019999,0.0,26.2,0.0,0.0,0.0,0.0,0.0,0.0,0.0,0.0,0.0,42801284,23800714,0,frankycpp_v1.8.exe,chess::operator&,bitboard.h,0x14026b49d
chess::operator&,0.019999,0.0,9.0,0.0,0.0,0.0,0.0,0.0,0.0,0.0,0.0,0.0,174705241,83502505,0,frankycpp_v1.8.exe,chess::operator&,bitboard.h,0x14026ab03
chess::operator-,0.019999,40.0,56.5,0.0,28.3,9.4,0.0,0.0,0.0,0.0,0.0,0.0,67202016,73502205,0,frankycpp_v1.8.exe,chess::operator-,value.h,0x140220d9a
func@0x1402e6c70,0.019999,50.0,0.0,100.0,33.4,66.8,0.0,0.0,0.0,0.0,0.0,0.0,9900297,1100033,0,ntoskrnl.exe,func@0x1402e6c70,[Unknown],0x1402e6c70
"std::array<chess::Bitboard,64>::operator[]",0.019999,0.0,0.0,73.5,0.0,0.0,0.0,1.7,0.0,3.2,12.7,0.0,52101563,36201086,0,frankycpp_v1.8.exe,"std::array<chess::Bitboard,64>::operator[]",array,0x14025d640
std::countr_zero,0.019999,0.0,0.0,0.0,0.0,0.0,0.0,0.0,0.0,0.0,0.0,0.0,39201176,38201146,0,frankycpp_v1.8.exe,std::countr_zero,bit,0x14026a520
std::popcount,0.019999,0.0,40.8,0.0,0.0,0.0,0.0,0.0,0.0,0.0,0.0,0.0,110003300,68202046,0,frankycpp_v1.8.exe,std::popcount,bit,0x14026b4b0
chess::Bitboard::operator bool,0.018999,0.0,0.0,0.0,0.0,0.0,0.0,0.0,0.0,0.3,0.8,0.0,68602058,48501455,0,frankycpp_v1.8.exe,chess::Bitboard::operator bool,bitboard.h,0x140263ec0
chess::Bitboard::operator bool,0.018999,0.0,22.3,0.0,0.0,0.0,0.0,0.0,0.0,0.0,0.0,0.0,15500465,1100033,0,frankycpp_v1.8.exe,chess::Bitboard::operator bool,bitboard.h,0x14026b018
chess::Bitboard::operator~,0.018999,0.0,0.0,0.0,0.0,0.0,0.0,0.0,0.0,0.0,0.0,0.0,36801104,57101713,0,frankycpp_v1.8.exe,chess::Bitboard::operator~,bitboard.h,0x1402633b2
chess::Move::operator==,0.018999,0.0,14.7,14.7,0.0,0.0,0.0,2.1,0.0,0.5,0.0,0.0,41801254,18300549,0,frankycpp_v1.8.exe,chess::Move::operator==,PVTable.h,0x140262ee9
chess::Position::getPiece,0.018999,0.0,0.0,0.0,0.0,0.0,0.0,0.0,0.0,,,,78502355,80702421,0,frankycpp_v1.8.exe,chess::Position::getPiece,Position.h,0x14029e70d
chess::StaticMoveList<128>::pop_back,0.018999,25.0,0.0,0.0,65.6,0.0,0.0,4.2,0.0,0.0,0.0,0.0,12700381,7000210,0,frankycpp_v1.8.exe,chess::StaticMoveList<128>::pop_back,staticmovelist.h,0x14022137b
chess::StaticMoveList<256>::push_back,0.018999,22.2,0.0,36.7,0.0,0.0,0.0,2.2,0.0,0.0,0.0,0.0,30300909,45801374,0,frankycpp_v1.8.exe,chess::StaticMoveList<256>::push_back,staticmovelist.h,0x140263f9a
chess::operator+,0.018999,0.0,0.0,0.0,0.0,0.0,0.0,0.0,0.0,0.0,0.0,0.0,59601788,20000600,0,frankycpp_v1.8.exe,chess::operator+,value.h,0x140221228
chess::operator+,0.018999,66.7,0.0,29.4,14.7,14.7,0.0,0.0,0.0,0.0,0.0,0.0,36401092,48901467,0,frankycpp_v1.8.exe,chess::operator+,value.h,0x140220d8c
"std::array<int,64>::operator[]",0.018999,0.0,0.0,0.0,0.0,0.0,0.0,0.0,0.0,0.0,0.0,0.0,15600468,9300279,0,frankycpp_v1.8.exe,"std::array<int,64>::operator[]",array,0x14025bd63
chess::Bitboard::{ctor},0.017999,0.0,0.0,0.0,0.0,0.0,0.0,0.0,0.0,0.0,0.0,0.0,41401242,49501485,0,frankycpp_v1.8.exe,chess::Bitboard::{ctor},bitboard.h,0x14026ab03
chess::Move::operator==,0.017999,0.0,0.0,12.7,0.0,0.0,0.0,0.0,0.0,1.6,0.4,0.0,34701041,11900357,0,frankycpp_v1.8.exe,chess::Move::operator==,PVTable.h,0x140262eca
chess::Position::getKingSquare,0.017999,0.0,11.0,0.0,0.0,0.0,0.0,0.0,0.0,0.0,0.0,0.0,78402352,34901047,0,frankycpp_v1.8.exe,chess::Position::getKingSquare,Position.h,0x14026abd8
chess::Position::getPieceBb,0.017999,0.0,0.0,0.0,0.0,0.0,0.0,0.0,0.0,0.4,0.0,0.0,35901077,1100033,0,frankycpp_v1.8.exe,chess::Position::getPieceBb,Position.h,0x14026b16a
chess::StaticMoveList<128>::push_back,0.017999,33.3,50.7,0.0,63.3,0.0,0.0,5.3,0.0,0.0,0.0,0.0,2200066,0,0,frankycpp_v1.8.exe,chess::StaticMoveList<128>::push_back,staticmovelist.h,0x1402212f8
chess::Value::operator int,0.017999,0.0,42.0,0.0,10.5,0.0,0.0,35.1,0.0,0.0,0.0,0.0,49301479,35101053,0,frankycpp_v1.8.exe,chess::Value::operator int,value.h,0x14025d7be
chess::operator&,0.017999,0.0,0.0,0.0,0.0,0.0,0.0,0.0,0.0,0.0,0.0,0.0,23500705,11000330,0,frankycpp_v1.8.exe,chess::operator&,bitboard.h,0x14026af65
chess::operator|,0.017999,0.0,0.0,0.0,0.0,0.0,0.0,0.0,0.0,0.0,0.0,0.0,127103813,58201746,0,frankycpp_v1.8.exe,chess::operator|,bitboard.h,0x14029ea27
chess::typeOf,0.017999,0.0,29.4,0.0,7.3,0.0,0.0,0.0,0.0,0.0,0.0,0.0,95402862,39101173,0,frankycpp_v1.8.exe,chess::typeOf,piece.h,0x140263c13
engine::Search::thread,0.017999,0.0,0.0,0.0,0.0,0.0,0.0,0.0,0.0,,,,50701521,19800594,0,frankycpp_v1.8.exe,engine::Search::thread,Search.h,0x14021fef1
"std::array<chess::Bitboard,64>::operator[]",0.017999,0.0,0.0,0.0,0.0,0.0,0.0,0.0,0.0,0.0,0.0,0.0,22200666,17500525,0,frankycpp_v1.8.exe,"std::array<chess::Bitboard,64>::operator[]",array,0x14025c63e
"std::array<chess::HistoryState,1024>::operator[]",0.017999,100.0,0.0,0.0,33.4,0.0,0.0,100.0,100.0,2.7,2.7,0.0,27100813,15000450,0,frankycpp_v1.8.exe,"std::array<chess::HistoryState,1024>::operator[]",array,0x14025be9a
std::popcount,0.017999,0.0,0.0,0.0,0.0,0.0,0.0,0.0,0.0,0.0,0.0,0.0,48901467,2300069,0,frankycpp_v1.8.exe,std::popcount,bit,0x14026b3cb
chess::Bitboard::operator bool,0.016999,0.0,0.0,0.0,0.0,0.0,0.0,0.0,0.0,0.0,0.0,0.0,51801554,28800864,0,frankycpp_v1.8.exe,chess::Bitboard::operator bool,bitboard.h,0x14026a68b
chess::Bitboard::operator^=,0.016999,50.0,0.0,0.0,8.3,0.0,8.3,5.5,0.0,0.0,0.0,0.0,66902007,48101443,0,frankycpp_v1.8.exe,chess::Bitboard::operator^=,bitboard.h,0x14025d769
chess::Bitboard::operator|=,0.016999,0.0,0.0,14.7,0.0,0.0,0.0,0.0,0.0,0.0,0.0,0.0,11000330,11800354,0,frankycpp_v1.8.exe,chess::Bitboard::operator|=,bitboard.h,0x14026a078
chess::Move::encode,0.016999,0.0,0.0,0.0,0.0,0.0,0.0,0.0,0.0,6.3,0.0,0.0,8700261,7800234,0,frankycpp_v1.8.exe,chess::Move::encode,move.h,0x1402639db
chess::moveValueGreaterComparator::operator(),0.016999,0.0,0.0,10.2,0.0,0.0,0.0,0.0,0.0,0.0,0.0,0.0,20900627,8500255,0,frankycpp_v1.8.exe,chess::moveValueGreaterComparator::operator(),move.h,0x140264480
chess::operator*,0.016999,0.0,0.0,0.0,0.0,0.0,0.0,0.0,26.7,0.0,0.0,0.0,111803354,42801284,0,frankycpp_v1.8.exe,chess::operator*,value.h,0x140269d8d
chess::operator+=,0.016999,0.0,0.0,15.3,0.0,0.0,0.0,13.4,0.0,5.3,0.0,0.0,97802934,54101623,0,frankycpp_v1.8.exe,chess::operator+=,value.h,0x14026996a
chess::operator+=,0.016999,,0.0,20.4,0.0,0.0,81.6,,0.0,,,,8800264,7700231,0,frankycpp_v1.8.exe,chess::operator+=,value.h,0x140269ec3
chess::operator-,0.016999,50.0,0.0,0.0,36.7,0.0,0.0,26.7,0.0,0.0,0.0,0.0,1200036,0,0,frankycpp_v1.8.exe,chess::operator-,value.h,0x140221354
chess::operator|,0.016999,0.0,0.0,0.0,0.0,0.0,0.0,,0.0,0.0,0.0,0.0,34301029,30600918,0,frankycpp_v1.8.exe,chess::operator|,bitboard.h,0x14026a5b8
chess::operator~,0.016999,0.0,0.0,0.0,0.0,0.0,0.0,0.0,0.0,0.0,0.0,0.0,132203966,80502415,0,frankycpp_v1.8.exe,chess::operator~,color.h,0x14026a65f
chess::typeOf,0.016999,0.0,0.0,0.0,0.0,0.0,0.0,,0.0,0.0,0.0,0.0,80402412,35301059,0,frankycpp_v1.8.exe,chess::typeOf,piece.h,0x1402202c0
chess::valueOf,0.016999,33.3,61.2,61.2,0.0,0.0,0.0,0.0,0.0,0.0,0.0,0.0,38801164,14400432,0,frankycpp_v1.8.exe,chess::valueOf,value.h,0x1402202c0
func@0x140319000,0.016999,,0.0,0.0,10.2,30.6,0.0,,0.0,,,,11000330,9900297,0,ntoskrnl.exe,func@0x140319000,[Unknown],0x140319000
"std::array<unsigned __int64,64>::operator[]",0.016999,40.0,0.0,0.0,38.7,0.0,19.3,20.0,0.0,0.0,0.0,0.0,46501395,45201356,0,frankycpp_v1.8.exe,"std::array<unsigned __int64,64>::operator[]",array,0x14025d67a
std::popcount,0.016999,0.0,0.0,0.0,0.0,0.0,0.0,0.0,0.0,0.0,0.0,0.0,79702391,36501095,0,frankycpp_v1.8.exe,std::popcount,bit,0x14026a607
std::popcount,0.016999,0.0,0.0,0.0,0.0,0.0,0.0,0.0,0.0,0.0,0.0,0.0,35201056,21500645,0,frankycpp_v1.8.exe,std::popcount,bit,0x14026a41c
chess::Color::iterator::{ctor},0.015999,,0.0,0.0,73.5,0.0,100.0,0.0,0.0,,,,2200066,0,0,frankycpp_v1.8.exe,chess::Color::iterator::{ctor},color.h,0x140269f21
chess::Move::from,0.015999,100.0,0.0,28.3,28.3,0.0,0.0,15.2,0.0,1.0,4.3,0.0,24100723,25400762,0,frankycpp_v1.8.exe,chess::Move::from,move.h,0x14025bfff
chess::Move::operator==,0.015999,0.0,0.0,0.0,0.0,0.0,0.0,13.4,0.0,0.0,0.0,0.0,63501905,27800834,0,frankycpp_v1.8.exe,chess::Move::operator==,PVTable.h,0x1402211ce
chess::Position::getNextPlayer,0.015999,100.0,0.0,0.0,36.7,0.0,55.1,,0.0,,,,18400552,3700111,0,frankycpp_v1.8.exe,chess::Position::getNextPlayer,Position.h,0x14021f3c2
chess::StaticMoveList<256>::empty,0.015999,20.0,0.0,0.0,0.0,0.0,17.5,20.0,33.4,0.0,0.0,0.0,70902127,37701131,0,frankycpp_v1.8.exe,chess::StaticMoveList<256>::empty,staticmovelist.h,0x140262de2
chess::StaticMoveList<256>::push_back,0.015999,0.0,0.0,0.0,0.0,0.0,0.0,0.0,0.0,,,,26900807,28000840,0,frankycpp_v1.8.exe,chess::StaticMoveList<256>::push_back,staticmovelist.h,0x14026390d
chess::operator|,0.015999,0.0,0.0,0.0,0.0,0.0,0.0,,0.0,,,,22400672,39901197,0,frankycpp_v1.8.exe,chess::operator|,bitboard.h,0x14025c410
chess::operator|,0.015999,0.0,0.0,0.0,0.0,0.0,0.0,0.0,0.0,0.0,0.0,0.0,82102463,38701161,0,frankycpp_v1.8.exe,chess::operator|,bitboard.h,0x14029ea08
chess::operator|,0.015999,0.0,0.0,0.0,0.0,0.0,0.0,0.0,0.0,0.0,0.0,0.0,52601578,14000420,0,frankycpp_v1.8.exe,chess::operator|,bitboard.h,0x14026a3b9
chess::operator~,0.015999,0.0,0.0,0.0,0.0,0.0,0.0,0.0,0.0,0.0,0.0,0.0,45801374,31200936,0,frankycpp_v1.8.exe,chess::operator~,color.h,0x140263bb0
chess::operator~,0.015999,0.0,100.0,0.0,100.0,0.0,0.0,0.0,0.0,0.0,0.0,0.0,8400252,400012,0,frankycpp_v1.8.exe,chess::operator~,color.h,0x14025c4df
func@0x140202360,0.015999,0.0,0.0,0.0,0.0,0.0,0.0,0.0,0.0,,,,1100033,6600198,0,ntoskrnl.exe,func@0x140202360,[Unknown],0x140202360
func@0x14029ea20,0.015999,20.0,0.0,0.0,47.4,0.0,0.0,0.0,100.0,0.0,0.0,0.0,7400222,1500045,0,ntoskrnl.exe,func@0x14029ea20,[Unknown],0x14029ea20
std::atomic<unsigned __int64>::{ctor},0.015999,57.1,43.2,0.0,43.2,0.0,86.4,100.0,0.0,0.0,1.6,0.0,800024,5900177,0,frankycpp_v1.8.exe,std::atomic<unsigned __int64>::{ctor},atomic,0x1402665df
chess::Bitboard::operator|=,0.014999,0.0,0.0,0.0,9.4,0.0,0.0,0.0,0.0,0.0,0.0,0.0,127903837,51601548,0,frankycpp_v1.8.exe,chess::Bitboard::operator|=,bitboard.h,0x14026aa1e
chess::StaticMoveList<256>::push_back,0.014999,0.0,12.2,12.2,0.0,12.2,0.0,0.0,0.0,1.7,2.1,0.0,61301839,30000900,0,frankycpp_v1.8.exe,chess::StaticMoveList<256>::push_back,staticmovelist.h,0x140263fff
chess::operator&,0.014999,0.0,0.0,0.0,0.0,0.0,0.0,0.0,0.0,0.0,0.0,0.0,21600648,15400462,0,frankycpp_v1.8.exe,chess::operator&,bitboard.h,0x14026a876
chess::operator*,0.014999,0.0,55.6,11.1,0.0,0.0,0.0,,0.0,0.0,0.0,0.0,43301299,281408442,0,frankycpp_v1.8.exe,chess::operator*,value.h,0x14026998c
chess::operator>=,0.014999,0.0,0.0,0.0,0.0,0.0,0.0,0.0,0.0,0.0,0.0,0.0,31200936,9900297,0,frankycpp_v1.8.exe,chess::operator>=,value.h,0x14022162d
chess::typeOf,0.014999,0.0,0.0,0.0,0.0,0.0,0.0,0.0,0.0,0.0,0.0,0.0,11400342,7100213,0,frankycpp_v1.8.exe,chess::typeOf,piece.h,0x1402633ff
func@0x14002706b,0.014999,33.3,0.0,0.0,9.9,59.6,0.0,0.0,0.0,0.0,0.0,0.0,18700561,5500165,0,dxgmms2.sys,func@0x14002706b,[Unknown],0x14002706b
"std::array<int,64>::operator[]",0.014999,100.0,91.8,30.6,0.0,0.0,0.0,,0.0,,,,40501215,16200486,0,frankycpp_v1.8.exe,"std::array<int,64>::operator[]",array,0x14022091a
chess::Bitboard::operator bool,0.013999,0.0,73.5,73.5,0.0,0.0,0.0,0.0,19.1,0.4,0.0,0.0,33300999,40501215,0,frankycpp_v1.8.exe,chess::Bitboard::operator bool,bitboard.h,0x140269a64
chess::Bitboard::shifted,0.013999,0.0,56.5,0.0,0.0,0.0,0.0,0.0,0.0,0.0,0.0,0.0,14600438,8800264,0,frankycpp_v1.8.exe,chess::Bitboard::shifted,bitboard.h,0x140263537
chess::Move::encode,0.013999,100.0,43.2,0.0,21.6,0.0,0.0,0.0,0.0,,,,12600378,10400312,0,frankycpp_v1.8.exe,chess::Move::encode,move.h,0x140263fa1
chess::Position::getPieceBb,0.013999,0.0,35.0,0.0,0.0,0.0,0.0,0.0,0.0,0.0,0.0,0.0,65201956,13400402,0,frankycpp_v1.8.exe,chess::Position::getPieceBb,Position.h,0x14026b211
chess::Position::getPieceBb,0.013999,0.0,0.0,0.0,0.0,0.0,0.0,0.0,0.0,0.0,0.0,0.0,99002970,18800564,0,frankycpp_v1.8.exe,chess::Position::getPieceBb,Position.h,0x14026b48d
chess::operator*,0.013999,0.0,0.0,26.2,0.0,0.0,0.0,0.0,0.0,0.0,0.0,0.0,39301179,24200726,0,frankycpp_v1.8.exe,chess::operator*,value.h,0x140269994
chess::operator+,0.013999,0.0,0.0,0.0,0.0,0.0,0.0,0.0,0.0,0.0,0.0,0.0,53001590,24900747,0,frankycpp_v1.8.exe,chess::operator+,value.h,0x140220315
chess::operator-,0.013999,0.0,0.0,0.0,0.0,0.0,0.0,3.0,0.0,0.0,0.0,0.0,22200666,14800444,0,frankycpp_v1.8.exe,chess::operator-,value.h,0x1402639e4
chess::operator|,0.013999,0.0,35.0,0.0,0.0,0.0,0.0,0.0,66.8,0.0,0.0,0.0,23300699,2200066,0,frankycpp_v1.8.exe,chess::operator|,bitboard.h,0x14026b0ec
chess::operator~,0.013999,0.0,36.7,0.0,73.5,0.0,0.0,8.9,14.8,0.0,0.0,0.0,33701011,17000510,0,frankycpp_v1.8.exe,chess::operator~,color.h,0x14025be8c
chess::typeOf,0.013999,0.0,0.0,0.0,0.0,0.0,0.0,15.1,0.0,0.1,0.1,0.0,18900567,28200846,0,frankycpp_v1.8.exe,chess::typeOf,piece.h,0x14025d61a
"std::_Hash<std::_Umap_traits<unsigned __int64,book::BookEntry,std::_Uhash_compare<unsigned __int64,std::hash<unsigned __int64>,std::equal_to<unsigned __int64> >,std::allocator<std::pair<unsigned __int64 const ,book::BookEntry> >,0> >::_Find_last",0.013999,100.0,0.0,0.0,61.2,61.2,0.0,0.0,0.0,0.0,0.0,0.0,2200066,3300099,0,frankycpp_v1.8.exe,"std::_Hash<std::_Umap_traits<unsigned __int64,book::BookEntry,std::_Uhash_compare<unsigned __int64,std::hash<unsigned __int64>,std::equal_to<unsigned __int64> >,std::allocator<std::pair<unsigned __int64 const ,book::BookEntry> >,0> >::_Find_last",xhash,0x140288080
"std::array<chess::Bitboard,64>::operator[]",0.013999,0.0,0.0,0.0,0.0,0.0,0.0,0.0,0.0,0.0,0.0,0.0,21600648,11300339,0,frankycpp_v1.8.exe,"std::array<chess::Bitboard,64>::operator[]",array,0x14025c5d4
"std::array<chess::Move,128>::operator[]",0.013999,50.0,0.0,0.0,66.8,0.0,0.0,0.0,0.0,0.0,0.0,0.0,2000060,3100093,0,frankycpp_v1.8.exe,"std::array<chess::Move,128>::operator[]",array,0x140220cfb
"std::array<std::array<chess::Bitboard,64>,2>::operator[]",0.013999,33.3,0.0,0.0,0.0,0.0,0.0,0.0,0.0,0.0,0.0,0.0,68602058,45201356,0,frankycpp_v1.8.exe,"std::array<std::array<chess::Bitboard,64>,2>::operator[]",array,0x14026a7bb
std::countr_zero,0.013999,0.0,0.0,0.0,0.0,0.0,7.5,0.0,0.0,,,,48701461,27700831,0,frankycpp_v1.8.exe,std::countr_zero,bit,0x140263de4
std::max,0.013999,0.0,23.0,0.0,0.0,0.0,0.0,0.0,0.0,0.0,0.0,0.0,47701431,33501005,0,frankycpp_v1.8.exe,std::max,utility,0x14029e7af
std::ranges::_Swap::_Cpo::operator(),0.013999,0.0,0.0,0.0,0.0,0.0,0.0,0.0,0.0,,,,0,0,0,frankycpp_v1.8.exe,std::ranges::_Swap::_Cpo::operator(),concepts,0x14026515e
chess::Bitboard::operator^=,0.012999,0.0,0.0,0.0,0.0,0.0,0.0,0.0,0.0,0.0,0.0,0.0,54701641,50701521,0,frankycpp_v1.8.exe,chess::Bitboard::operator^=,bitboard.h,0x14029e81d
chess::Bitboard::operator|=,0.012999,0.0,0.0,0.0,0.0,0.0,0.0,14.6,0.0,0.0,0.0,0.0,42101263,31600948,0,frankycpp_v1.8.exe,chess::Bitboard::operator|=,bitboard.h,0x140269a38
chess::Move::type,0.012999,0.0,0.0,0.0,0.0,0.0,0.0,0.0,0.0,0.0,0.0,0.0,69102073,33200996,0,frankycpp_v1.8.exe,chess::Move::type,move.h,0x140220250
chess::Move::{ctor},0.012999,25.0,0.0,0.0,0.0,0.0,0.0,0.0,0.0,0.0,0.0,0.0,6600198,11000330,0,frankycpp_v1.8.exe,chess::Move::{ctor},move.h,0x140263f84
chess::Value::operator int,0.012999,0.0,0.0,0.0,13.1,0.0,0.0,5.7,0.0,0.0,0.0,0.0,119003570,63401902,0,frankycpp_v1.8.exe,chess::Value::operator int,value.h,0x14025d6be
chess::operator&,0.012999,0.0,81.6,0.0,0.0,0.0,20.4,0.0,0.0,,,,23200696,3000090,0,frankycpp_v1.8.exe,chess::operator&,bitboard.h,0x1402215e5
chess::operator&,0.012999,0.0,0.0,0.0,0.0,0.0,0.0,0.0,0.0,0.0,0.0,0.0,12300369,8800264,0,frankycpp_v1.8.exe,chess::operator&,bitboard.h,0x14026139a
chess::operator-,0.012999,0.0,0.0,0.0,0.0,0.0,0.0,0.0,0.0,0.0,0.0,0.0,38401152,11400342,0,frankycpp_v1.8.exe,chess::operator-,depth.h,0x14022044c
chess::operator-,0.012999,0.0,0.0,0.0,0.0,0.0,0.0,0.0,0.0,,,,76302289,19500585,0,frankycpp_v1.8.exe,chess::operator-,value.h,0x14029e783
chess::operator-,0.012999,100.0,0.0,30.6,0.0,0.0,0.0,22.3,22.3,1.0,60.4,0.0,14700441,11500345,0,frankycpp_v1.8.exe,chess::operator-,value.h,0x140221375
chess::operator-,0.012999,0.0,0.0,0.0,0.0,0.0,0.0,,0.0,,,,29400882,31900957,0,frankycpp_v1.8.exe,chess::operator-,value.h,0x140263c51
chess::operator-=,0.012999,100.0,0.0,0.0,0.0,0.0,84.8,,0.0,0.0,0.0,0.0,25300759,8800264,0,frankycpp_v1.8.exe,chess::operator-=,depth.h,0x14022047a
chess::operator^=,0.012999,0.0,0.0,0.0,0.0,0.0,0.0,0.0,0.0,0.0,0.0,0.0,26200786,12100363,0,frankycpp_v1.8.exe,chess::operator^=,bitboards.h,0x14029e7d2
engine::Search::thread,0.012999,0.0,0.0,0.0,0.0,0.0,0.0,0.0,0.0,0.0,0.0,0.0,49501485,11800354,0,frankycpp_v1.8.exe,engine::Search::thread,Search.h,0x1402204b9
func@0x140317160,0.012999,50.0,0.0,23.0,91.8,0.0,0.0,0.0,0.0,0.0,0.0,0.0,0,0,0,ntoskrnl.exe,func@0x140317160,[Unknown],0x140317160
func@0x14033c480,0.012999,100.0,0.0,0.0,0.0,54.4,0.0,16.0,26.7,0.0,0.0,0.0,12500375,3000090,0,ntoskrnl.exe,func@0x14033c480,[Unknown],0x14033c480
func@0x1406b1eb0,0.012999,0.0,0.0,0.0,0.0,0.0,0.0,0.0,0.0,0.0,0.0,0.0,0,0,0,ntoskrnl.exe,func@0x1406b1eb0,[Unknown],0x1406b1eb0
"std::array<std::array<int,64>,64>::operator[]",0.012999,50.0,100.0,0.0,0.0,0.0,61.2,0.0,0.0,,,,46201386,12900387,0,frankycpp_v1.8.exe,"std::array<std::array<int,64>,64>::operator[]",array,0x14025bd5f
std::popcount,0.012999,0.0,61.2,0.0,0.0,0.0,0.0,0.0,0.0,0.0,0.0,0.0,54701641,25200756,0,frankycpp_v1.8.exe,std::popcount,bit,0x14026b4a5
chess::Bitboard::operator bool,0.011999,0.0,66.8,0.0,0.0,0.0,0.0,0.0,0.0,0.0,0.0,0.0,60501815,12200366,0,frankycpp_v1.8.exe,chess::Bitboard::operator bool,bitboard.h,0x140264054
chess::Bitboard::operator|=,0.011999,0.0,0.0,0.0,0.0,0.0,0.0,0.0,0.0,0.0,0.0,0.0,42201266,30200906,0,frankycpp_v1.8.exe,chess::Bitboard::operator|=,bitboard.h,0x14026a3e9
chess::Bitboard::operator|=,0.011999,0.0,0.0,0.0,0.0,0.0,0.0,0.0,0.0,,,,25300759,10300309,0,frankycpp_v1.8.exe,chess::Bitboard::operator|=,bitboard.h,0x14026a007
chess::Bitboard::{ctor},0.011999,100.0,100.0,0.0,0.0,0.0,52.5,0.0,0.0,0.0,0.0,0.0,38301149,32400972,0,frankycpp_v1.8.exe,chess::Bitboard::{ctor},bitboard.h,0x14025c462
chess::Position::getPieceBb,0.011999,0.0,0.0,0.0,0.0,0.0,0.0,0.0,0.0,,,,28200846,10100303,0,frankycpp_v1.8.exe,chess::Position::getPieceBb,Position.h,0x14026b3bc
chess::Square::{ctor},0.011999,0.0,0.0,0.0,0.0,0.0,0.0,0.0,0.0,1.4,0.2,0.0,31000930,15200456,0,frankycpp_v1.8.exe,chess::Square::{ctor},square.h,0x14025b9c5
chess::StaticMoveList<256>::end,0.011999,0.0,0.0,0.0,0.0,0.0,14.1,,0.0,0.0,0.0,0.0,25800774,17300519,0,frankycpp_v1.8.exe,chess::StaticMoveList<256>::end,staticmovelist.h,0x140262dee
chess::StaticMoveList<256>::push_back,0.011999,0.0,44.5,0.0,0.0,0.0,11.1,0.0,0.0,0.0,0.0,0.0,21700651,18100543,0,frankycpp_v1.8.exe,chess::StaticMoveList<256>::push_back,staticmovelist.h,0x1402639bc
chess::moveValueGreaterComparator::operator(),0.011999,0.0,24.5,0.0,0.0,0.0,0.0,0.0,0.0,0.0,0.0,0.0,6400192,4800144,0,frankycpp_v1.8.exe,chess::moveValueGreaterComparator::operator(),move.h,0x140264440
chess::operator&,0.011999,,100.0,0.0,0.0,0.0,0.0,13.4,0.0,0.0,0.0,0.0,35001050,19800594,0,frankycpp_v1.8.exe,chess::operator&,bitboard.h,0x1402208d4
chess::operator&,0.011999,0.0,0.0,0.0,0.0,0.0,0.0,0.0,0.0,0.0,0.0,0.0,47801434,15500465,0,frankycpp_v1.8.exe,chess::operator&,bitboard.h,0x14026b188
chess::operator&,0.011999,50.0,33.4,0.0,0.0,0.0,0.0,0.0,0.0,0.0,0.0,0.0,10700321,4800144,0,frankycpp_v1.8.exe,chess::operator&,bitboard.h,0x140263974
chess::operator+=,0.011999,0.0,0.0,0.0,0.0,0.0,0.0,,0.0,,,,43401302,22400672,0,frankycpp_v1.8.exe,chess::operator+=,value.h,0x14026a4cf
chess::operator-,0.011999,50.0,0.0,0.0,40.8,0.0,0.0,4.5,22.3,0.5,10.8,0.0,25200756,14100423,0,frankycpp_v1.8.exe,chess::operator-,value.h,0x1402206d2
chess::operator<,0.011999,0.0,23.0,0.0,0.0,0.0,0.0,0.0,0.0,0.0,0.0,0.0,62301869,30000900,0,frankycpp_v1.8.exe,chess::operator<,file.h,0x14026ae20
func@0x1400010e0,0.011999,50.0,100.0,0.0,0.0,33.4,0.0,80.1,0.0,0.0,0.0,1.2,1100033,0,0,intelppm.sys,func@0x1400010e0,[Unknown],0x1400010e0
func@0x140339b80,0.011999,0.0,0.0,36.7,36.7,0.0,0.0,26.7,13.4,1.0,0.2,0.0,7900237,4500135,0,ntoskrnl.exe,func@0x140339b80,[Unknown],0x140339b80
func@0x1406b92ae,0.011999,0.0,0.0,0.0,0.0,0.0,0.0,0.0,0.0,,,,2200066,0,0,ntoskrnl.exe,func@0x1406b92ae,[Unknown],0x1406b92ae
"std::_Atomic_storage<unsigned __int64,8>::load",0.011999,100.0,0.0,0.0,68.0,0.0,0.0,44.5,0.0,0.0,3.7,0.0,12900387,7400222,0,frankycpp_v1.8.exe,"std::_Atomic_storage<unsigned __int64,8>::load",atomic,0x14026d6b7
"std::array<std::array<unsigned __int64,64>,16>::operator[]",0.011999,0.0,0.0,0.0,0.0,0.0,0.0,1.3,0.0,0.0,0.4,0.0,34801044,23600708,0,frankycpp_v1.8.exe,"std::array<std::array<unsigned __int64,64>,16>::operator[]",array,0x14025d676
std::ranges::_Swap::_Cpo::operator(),0.011999,0.0,0.0,0.0,0.0,0.0,0.0,0.0,0.0,0.0,0.0,0.0,4100123,1100033,0,frankycpp_v1.8.exe,std::ranges::_Swap::_Cpo::operator(),concepts,0x1402644c8
"std::unique_ptr<engine::PawnTT::Entry [0],std::default_delete<engine::PawnTT::Entry [0]> >::operator[]",0.011999,0.0,100.0,100.0,0.0,0.0,0.0,0.0,0.0,,,,5500165,3700111,0,frankycpp_v1.8.exe,"std::unique_ptr<engine::PawnTT::Entry [0],std::default_delete<engine::PawnTT::Entry [0]> >::operator[]",memory,0x14026a2d6
chess::Bitboard::operator|=,0.010999,0.0,0.0,0.0,52.5,0.0,0.0,0.0,0.0,,,,16400492,9600288,0,frankycpp_v1.8.exe,chess::Bitboard::operator|=,bitboard.h,0x14026a054
chess::Move::operator==,0.010999,0.0,100.0,0.0,0.0,0.0,0.0,0.0,0.0,0.0,0.0,0.0,73702211,13300399,0,frankycpp_v1.8.exe,chess::Move::operator==,PVTable.h,0x140260eff
chess::Move::setValue,0.010999,0.0,30.6,0.0,0.0,0.0,0.0,0.0,0.0,0.0,0.0,0.0,33901017,8500255,0,frankycpp_v1.8.exe,chess::Move::setValue,move.h,0x140262fc4
chess::Position::getNextPlayer,0.010999,0.0,0.0,0.0,0.0,0.0,0.0,0.0,0.0,0.0,0.0,0.0,45701371,15600468,0,frankycpp_v1.8.exe,chess::Position::getNextPlayer,Position.h,0x140262e7e
chess::colorOf,0.010999,0.0,0.0,40.8,81.6,0.0,0.0,0.0,0.0,,,,10700321,7000210,0,frankycpp_v1.8.exe,chess::colorOf,piece.h,0x1402610f1
chess::operator&,0.010999,0.0,0.0,0.0,0.0,0.0,0.0,0.0,0.0,,,,1100033,7000210,0,frankycpp_v1.8.exe,chess::operator&,bitboard.h,0x14025c42f
chess::operator&,0.010999,0.0,0.0,0.0,0.0,0.0,0.0,0.0,0.0,0.0,0.0,0.0,62301869,37301119,0,frankycpp_v1.8.exe,chess::operator&,bitboard.h,0x14026a7c9
chess::operator+,0.010999,0.0,17.1,0.0,0.0,0.0,0.0,,0.0,,,,46801404,23600708,0,frankycpp_v1.8.exe,chess::operator+,castlingrights.h,0x14025bce4
chess::operator-,0.010999,100.0,0.0,0.0,0.0,0.0,0.0,13.4,22.3,0.0,0.0,0.0,23500705,8900267,0,frankycpp_v1.8.exe,chess::operator-,value.h,0x14022080e
chess::operator-,0.010999,0.0,0.0,0.0,0.0,0.0,0.0,0.0,0.0,0.0,0.0,0.0,2200066,4800144,0,frankycpp_v1.8.exe,chess::operator-,value.h,0x14029e767
chess::operator|,0.010999,50.0,0.0,0.0,0.0,0.0,91.8,5.3,0.0,0.2,0.1,0.0,36201086,13300399,0,frankycpp_v1.8.exe,chess::operator|,bitboard.h,0x14016ca06
engine::Search::isTimeAlmostUp,0.010999,,0.0,0.0,100.0,0.0,0.0,0.0,0.0,0.7,0.0,0.0,3500105,5300159,0,frankycpp_v1.8.exe,engine::Search::isTimeAlmostUp(void),Search.cpp,0x1402271e0
engine::Search::thread,0.010999,22.2,50.1,33.4,83.5,0.0,0.0,75.7,100.0,0.0,0.0,0.0,2800084,2600078,0,frankycpp_v1.8.exe,engine::Search::thread,Search.h,0x14022aaae
func@0x140002700,0.010999,,0.0,0.0,100.0,0.0,0.0,0.0,0.0,0.0,26.7,0.0,0,0,0,intelppm.sys,func@0x140002700,[Unknown],0x140002700
func@0x14073cbd0,0.010999,0.0,0.0,0.0,0.0,0.0,0.0,0.0,0.0,0.0,0.0,0.0,0,0,0,nvlddmkm.sys,func@0x14073cbd0,[Unknown],0x14073cbd0
func@0x140ce0a50,0.010999,50.0,30.6,30.6,0.0,30.6,0.0,0.0,0.0,0.0,0.0,0.0,0,0,0,nvlddmkm.sys,func@0x140ce0a50,[Unknown],0x140ce0a50
func@0x140d0e350,0.010999,100.0,91.8,100.0,91.8,0.0,0.0,0.0,0.0,0.0,0.0,0.0,0,0,0,nvlddmkm.sys,func@0x140d0e350,[Unknown],0x140d0e350
std::countr_zero,0.010999,0.0,0.0,0.0,0.0,0.0,0.0,0.0,0.0,,,,11800354,2200066,0,frankycpp_v1.8.exe,std::countr_zero,bit,0x14026a1d4
std::popcount,0.010999,0.0,25.3,0.0,0.0,0.0,0.0,0.0,0.0,0.0,0.0,0.0,66702001,11400342,0,frankycpp_v1.8.exe,std::popcount,bit,0x14026b272
"std::unique_ptr<engine::TT::TTCluster [0],std::default_delete<engine::TT::TTCluster [0]> >::operator[]",0.010999,0.0,0.0,50.1,0.0,33.4,0.0,0.0,0.0,0.0,0.0,0.0,800024,400012,0,frankycpp_v1.8.exe,"std::unique_ptr<engine::TT::TTCluster [0],std::default_delete<engine::TT::TTCluster [0]> >::operator[]",memory,0x14026d5f2
chess::Bitboard::operator bool,0.009999,0.0,0.0,0.0,0.0,0.0,0.0,26.7,0.0,0.0,0.0,0.0,44501335,40501215,0,frankycpp_v1.8.exe,chess::Bitboard::operator bool,bitboard.h,0x14026a546
chess::Bitboard::operator bool,0.009999,0.0,0.0,0.0,0.0,0.0,0.0,0.0,0.0,0.0,0.0,0.0,1900057,3300099,0,frankycpp_v1.8.exe,chess::Bitboard::operator bool,bitboard.h,0x14026a4ec
chess::Bitboard::operator|=,0.009999,0.0,0.0,0.0,0.0,0.0,0.0,0.0,0.0,0.0,0.0,0.0,11900357,3300099,0,frankycpp_v1.8.exe,chess::Bitboard::operator|=,bitboard.h,0x14026a043
chess::Bitboard::operator|=,0.009999,0.0,0.0,0.0,0.0,0.0,0.0,,0.0,0.0,0.0,0.0,4400132,4700141,0,frankycpp_v1.8.exe,chess::Bitboard::operator|=,bitboard.h,0x14025c5ed
chess::Bitboard::operator~,0.009999,0.0,0.0,0.0,0.0,0.0,0.0,0.0,0.0,0.0,0.0,0.0,3300099,4900147,0,frankycpp_v1.8.exe,chess::Bitboard::operator~,bitboard.h,0x140263cb4
chess::Bitboard::popLSB,0.009999,100.0,30.6,0.0,0.0,0.0,0.0,0.0,0.0,,,,56401692,26400792,0,frankycpp_v1.8.exe,chess::Bitboard::popLSB,bitboard.h,0x140263c05
chess::Direction::{ctor},0.009999,0.0,56.5,0.0,0.0,0.0,0.0,0.0,0.0,0.0,0.0,0.0,26700801,16200486,0,frankycpp_v1.8.exe,chess::Direction::{ctor},direction.h,0x1402636cd
chess::Position::getPieceBb,0.009999,0.0,0.0,0.0,0.0,0.0,0.0,,0.0,,,,5200156,1100033,0,frankycpp_v1.8.exe,chess::Position::getPieceBb,Position.h,0x14026b107
chess::Square::rank,0.009999,0.0,0.0,0.0,0.0,0.0,0.0,0.0,0.0,0.0,0.0,0.0,36301089,19800594,0,frankycpp_v1.8.exe,chess::Square::rank,square.h,0x14026aac5
chess::operator&,0.009999,0.0,49.0,0.0,0.0,0.0,24.5,0.0,0.0,0.0,0.0,0.0,23700711,12300369,0,frankycpp_v1.8.exe,chess::operator&,bitboard.h,0x14026a5fa
chess::operator-,0.009999,100.0,0.0,0.0,0.0,0.0,0.0,,0.0,,,,0,0,0,frankycpp_v1.8.exe,chess::operator-,value.h,0x1402207e3
chess::operator|,0.009999,0.0,0.0,0.0,0.0,0.0,0.0,,0.0,,,,41801254,26400792,0,frankycpp_v1.8.exe,chess::operator|,bitboard.h,0x14025c3fd
engine::TT::Entry::Entry,0.009999,100.0,0.0,0.0,100.0,20.4,0.0,0.0,0.0,0.0,0.0,0.0,0,1100033,0,frankycpp_v1.8.exe,engine::TT::Entry::Entry(void),TT.h,0x14026dd70
func@0x1402e4c76,0.009999,25.0,86.4,0.0,32.4,0.0,0.0,0.0,0.0,0.0,0.0,0.0,20900627,5500165,0,ntoskrnl.exe,func@0x1402e4c76,[Unknown],0x1402e4c76
func@0x140318ce0,0.009999,100.0,24.5,0.0,73.5,24.5,0.0,0.0,0.0,0.0,0.0,0.0,4900147,1100033,0,ntoskrnl.exe,func@0x140318ce0,[Unknown],0x140318ce0
func@0x1404154d0,0.009999,100.0,50.7,0.0,0.0,0.0,0.0,0.0,0.0,0.0,0.0,0.0,0,0,0,ntoskrnl.exe,func@0x1404154d0,[Unknown],0x1404154d0
"std::array<chess::Bitboard,64>::operator[]",0.009999,50.0,0.0,0.0,0.0,0.0,91.8,0.0,0.0,,,,12900387,21700651,0,frankycpp_v1.8.exe,"std::array<chess::Bitboard,64>::operator[]",array,0x14026306a
chess::Bitboard::operator|=,0.008999,0.0,0.0,0.0,0.0,0.0,0.0,53.4,0.0,0.0,0.0,0.0,79802394,33601008,0,frankycpp_v1.8.exe,chess::Bitboard::operator|=,bitboard.h,0x14026a3f6
chess::Bitboard::popLSB,0.008999,0.0,0.0,0.0,0.0,0.0,0.0,0.0,0.0,6.8,0.0,0.0,9300279,8200246,0,frankycpp_v1.8.exe,chess::Bitboard::popLSB,bitboard.h,0x140263ce4
chess::Direction::pawnPush,0.008999,0.0,0.0,19.3,0.0,0.0,19.3,0.0,66.8,0.0,0.0,0.0,28500855,31300939,0,frankycpp_v1.8.exe,chess::Direction::pawnPush,direction.h,0x1402636a0
chess::Direction::pawnPush,0.008999,0.0,0.0,10.8,0.0,0.0,0.0,0.0,0.0,0.2,0.0,0.0,60701821,75402262,0,frankycpp_v1.8.exe,chess::Direction::pawnPush,direction.h,0x1402633ca
chess::Direction::pawnPush,0.008999,,0.0,0.0,0.0,0.0,45.9,0.0,0.0,0.0,0.0,0.0,3000090,20600618,0,frankycpp_v1.8.exe,chess::Direction::pawnPush,direction.h,0x140263144
chess::Move::encode,0.008999,0.0,81.6,0.0,0.0,0.0,40.8,0.0,0.0,0.0,0.0,0.0,62001860,19900597,0,frankycpp_v1.8.exe,chess::Move::encode,move.h,0x140263928
chess::Move::promotionType,0.008999,0.0,0.0,0.0,0.0,0.0,0.0,0.0,0.0,,,,7700231,9700291,0,frankycpp_v1.8.exe,chess::Move::promotionType,move.h,0x14025c5be
chess::Move::type,0.008999,0.0,0.0,0.0,0.0,0.0,0.0,,0.0,0.0,0.0,0.0,51901557,39701191,0,frankycpp_v1.8.exe,chess::Move::type,move.h,0x1402211e9
chess::MoveGenerator::generateCastling,0.008999,0.0,0.0,0.0,0.0,0.0,0.0,0.0,0.0,,,,8500255,8900267,0,frankycpp_v1.8.exe,"chess::MoveGenerator::generateCastling(class chess::Position const &,class chess::StaticMoveList<256> *,enum chess::GenMode)",MoveGenerator.cpp,0x140264080
chess::Position::getKingSquare,0.008999,0.0,0.0,0.0,0.0,0.0,0.0,0.0,0.0,0.0,0.0,0.0,25700771,28500855,0,frankycpp_v1.8.exe,chess::Position::getKingSquare,Position.h,0x14026a448
chess::Position::getPieceBb,0.008999,0.0,0.0,0.0,0.0,0.0,0.0,0.0,0.0,,,,33300999,8800264,0,frankycpp_v1.8.exe,chess::Position::getPieceBb,Position.h,0x14026b23f
chess::Position::getPieceBb,0.008999,0.0,15.6,0.0,0.0,0.0,0.0,0.0,0.0,0.0,0.0,0.0,101203036,41501245,0,frankycpp_v1.8.exe,chess::Position::getPieceBb,Position.h,0x14029e95a
chess::Square::file,0.008999,0.0,0.0,0.0,0.0,0.0,0.0,6.7,0.0,0.0,0.0,0.0,23600708,5900177,0,frankycpp_v1.8.exe,chess::Square::file,square.h,0x14026af35
chess::Value::isValid,0.008999,0.0,0.0,0.0,100.0,0.0,0.0,17.8,0.0,0.0,0.0,0.0,4100123,5300159,0,frankycpp_v1.8.exe,chess::Value::isValid,value.h,0x140220edc
chess::operator&,0.008999,0.0,0.0,0.0,0.0,0.0,0.0,,0.0,,,,51401542,34301029,0,frankycpp_v1.8.exe,chess::operator&,bitboard.h,0x14026aa8d
chess::operator+=,0.008999,0.0,0.0,0.0,0.0,0.0,0.0,0.0,0.0,0.0,0.0,0.0,32700981,56601698,0,frankycpp_v1.8.exe,chess::operator+=,value.h,0x14026a4e2
chess::operator|,0.008999,0.0,0.0,0.0,0.0,0.0,0.0,0.0,0.0,,,,37101113,15200456,0,frankycpp_v1.8.exe,chess::operator|,bitboard.h,0x14026a9e4
chess::operator~,0.008999,100.0,0.0,0.0,0.0,0.0,0.0,0.0,0.0,,,,21700651,8800264,0,frankycpp_v1.8.exe,chess::operator~,color.h,0x140263fd4
func@0x140200cc0,0.008999,0.0,0.0,0.0,100.0,0.0,0.0,0.0,0.0,0.0,0.0,0.0,3300099,0,0,ntoskrnl.exe,func@0x140200cc0,[Unknown],0x140200cc0
func@0x1402947e0,0.008999,0.0,100.0,0.0,30.6,0.0,0.0,80.1,100.0,0.0,0.0,0.0,11300339,8200246,0,ntoskrnl.exe,func@0x1402947e0,[Unknown],0x1402947e0
func@0x140294a20,0.008999,0.0,27.2,0.0,0.0,0.0,0.0,0.0,0.0,,,,20900627,7700231,0,ntoskrnl.exe,func@0x140294a20,[Unknown],0x140294a20
func@0x14029cf20,0.008999,0.0,0.0,0.0,0.0,0.0,0.0,0.0,0.0,0.0,0.0,0.0,2200066,1100033,0,ntoskrnl.exe,func@0x14029cf20,[Unknown],0x14029cf20
func@0x18001d470,0.008999,0.0,0.0,26.2,0.0,26.2,0.0,0.0,0.0,0.0,0.0,0.0,26400792,31900957,0,ntdll.dll,func@0x18001d470,[Unknown],0x18001d470
"std::array<chess::Bitboard,8>::operator[]",0.008999,0.0,22.3,0.0,0.0,0.0,0.0,0.0,0.0,0.0,0.0,0.0,26200786,24400732,0,frankycpp_v1.8.exe,"std::array<chess::Bitboard,8>::operator[]",array,0x1402636ba
"std::array<int,64>::operator[]",0.008999,75.0,0.0,0.0,0.0,0.0,24.5,0.0,0.0,0.0,0.0,0.0,42001260,11000330,0,frankycpp_v1.8.exe,"std::array<int,64>::operator[]",array,0x140220419
std::countr_zero,0.008999,66.7,28.3,28.3,0.0,0.0,28.3,0.0,0.0,0.0,0.0,0.0,39101173,38001140,0,frankycpp_v1.8.exe,std::countr_zero,bit,0x14026a6a0
KfRaiseIrql,0.007999,0.0,0.0,0.0,0.0,0.0,0.0,0.0,0.0,0.0,0.0,0.0,5500165,3300099,0,ntoskrnl.exe,KfRaiseIrql,[Unknown],0x1403f9650
RtlFreeHeap,0.007999,0.0,100.0,0.0,0.0,91.8,0.0,0.0,0.0,,,,0,0,0,ntdll.dll,RtlFreeHeap,[Unknown],0x180078ba0
boost::archive::detail::basic_iarchive_impl::register_type,0.007999,0.0,0.0,0.0,0.0,0.0,0.0,0.0,0.0,0.0,0.0,0.0,22000660,2200066,0,frankycpp_v1.8.exe,boost::archive::detail::basic_iarchive_impl::register_type(class boost::archive::detail::basic_iserializer const &),basic_iarchive.cpp,0x1402af740
chess::Bitboard::operator bool,0.007999,0.0,0.0,0.0,0.0,0.0,0.0,0.0,0.0,,,,3300099,1100033,0,frankycpp_v1.8.exe,chess::Bitboard::operator bool,bitboard.h,0x14026a100
chess::Bitboard::operator|=,0.007999,0.0,0.0,0.0,0.0,0.0,0.0,0.0,0.0,0.0,0.0,0.0,41801254,22900687,0,frankycpp_v1.8.exe,chess::Bitboard::operator|=,bitboard.h,0x14029e823
chess::Bitboard::{ctor},0.007999,0.0,0.0,0.0,0.0,0.0,0.0,3.8,0.0,0.0,0.0,0.0,15600468,8000240,0,frankycpp_v1.8.exe,chess::Bitboard::{ctor},bitboard.h,0x14016ca0c
chess::Direction::pawnPush,0.007999,0.0,0.0,0.0,0.0,0.0,0.0,0.0,0.0,0.0,0.0,0.0,0,1100033,0,frankycpp_v1.8.exe,chess::Direction::pawnPush,direction.h,0x1402636f8
chess::Move::operator==,0.007999,0.0,0.0,0.0,0.0,0.0,0.0,0.0,0.0,0.0,0.0,0.0,47801434,35801074,0,frankycpp_v1.8.exe,chess::Move::operator==,PVTable.h,0x1402200fb
chess::Move::stripped,0.007999,0.0,45.9,0.0,0.0,0.0,0.0,0.0,0.0,0.0,0.0,0.0,33901017,18900567,0,frankycpp_v1.8.exe,chess::Move::stripped,move.h,0x140260efc
chess::Move::to,0.007999,0.0,40.8,0.0,0.0,0.0,0.0,,0.0,,,,31000930,12200366,0,frankycpp_v1.8.exe,chess::Move::to,move.h,0x14029e6bf
chess::Position::getKingSquare,0.007999,0.0,0.0,0.0,0.0,0.0,0.0,0.0,0.0,0.0,0.0,0.0,144104323,13200396,0,frankycpp_v1.8.exe,chess::Position::getKingSquare,Position.h,0x140269a05
chess::Square::rank,0.007999,0.0,0.0,0.0,0.0,0.0,0.0,0.0,0.0,,,,13000390,8700261,0,frankycpp_v1.8.exe,chess::Square::rank,square.h,0x14026a79f
chess::operator+=,0.007999,0.0,100.0,0.0,0.0,0.0,0.0,0.0,0.0,0.0,0.0,0.0,58101743,20700621,0,frankycpp_v1.8.exe,chess::operator+=,value.h,0x14026b348
chess::operator+=,0.007999,0.0,0.0,0.0,0.0,0.0,0.0,0.0,100.0,0.0,0.0,0.0,800024,1100033,0,frankycpp_v1.8.exe,chess::operator+=,depth.h,0x14021fc8e
chess::operator+=,0.007999,0.0,0.0,0.0,0.0,0.0,0.0,0.0,0.0,0.0,0.0,0.0,57301719,39101173,0,frankycpp_v1.8.exe,chess::operator+=,value.h,0x14026ac23
chess::operator-,0.007999,,100.0,0.0,0.0,0.0,0.0,17.8,44.5,0.0,0.0,0.0,0,0,0,frankycpp_v1.8.exe,chess::operator-,value.h,0x14022068f
chess::operator|,0.007999,0.0,0.0,40.8,0.0,0.0,0.0,0.0,0.0,,,,26500795,7400222,0,frankycpp_v1.8.exe,chess::operator|,bitboard.h,0x14029e6a7
chess::operator~,0.007999,0.0,0.0,0.0,0.0,0.0,0.0,0.0,0.0,0.0,0.0,0.0,58601758,28400852,0,frankycpp_v1.8.exe,chess::operator~,color.h,0x14026a86a
chess::operator~,0.007999,0.0,0.0,0.0,0.0,0.0,0.0,4.5,0.0,0.0,0.0,0.0,15100453,7800234,0,frankycpp_v1.8.exe,chess::operator~,color.h,0x14025c6e1
chess::typeOf,0.007999,20.0,0.0,11.1,0.0,0.0,0.0,,0.0,0.0,0.0,0.0,84602538,57301719,0,frankycpp_v1.8.exe,chess::typeOf,piece.h,0x14025bd51
func@0x140256220,0.007999,0.0,,,0.0,0.0,0.0,0.0,0.0,0.0,0.0,0.0,0,4400132,0,ntoskrnl.exe,func@0x140256220,[Unknown],0x140256220
func@0x14030acb0,0.007999,0.0,0.0,45.9,0.0,0.0,0.0,0.0,0.0,0.0,0.0,0.0,0,0,0,ntoskrnl.exe,func@0x14030acb0,[Unknown],0x14030acb0
func@0x1403ceb90,0.007999,100.0,0.0,0.0,73.5,73.5,0.0,0.0,0.0,0.0,0.0,0.0,0,0,0,ntoskrnl.exe,func@0x1403ceb90,[Unknown],0x1403ceb90
func@0x1403e1d50,0.007999,100.0,0.0,0.0,73.5,0.0,0.0,0.0,0.0,0.0,0.0,0.0,26800804,1900057,0,ntoskrnl.exe,func@0x1403e1d50,[Unknown],0x1403e1d50
func@0x1406b1730,0.007999,0.0,0.0,24.5,0.0,0.0,0.0,16.7,0.0,0.0,0.0,0.0,4600138,5300159,0,ntoskrnl.exe,func@0x1406b1730,[Unknown],0x1406b1730
func@0x1406b2070,0.007999,100.0,100.0,100.0,0.0,0.0,0.0,33.4,0.0,0.0,1.0,0.3,400012,2700081,0,ntoskrnl.exe,func@0x1406b2070,[Unknown],0x1406b2070
chess::Bitboard::operator bool,0.007000,0.0,0.0,0.0,0.0,0.0,0.0,0.0,0.0,0.0,0.0,0.0,23900717,9200276,0,frankycpp_v1.8.exe,chess::Bitboard::operator bool,bitboard.h,0x14026b3dc
chess::Bitboard::operator~,0.007000,0.0,0.0,0.0,0.0,0.0,0.0,0.0,0.0,0.0,0.0,0.0,32600978,20900627,0,frankycpp_v1.8.exe,chess::Bitboard::operator~,bitboard.h,0x14026a00a
chess::Move::encode,0.007000,0.0,0.0,0.0,0.0,0.0,0.0,0.0,0.0,0.0,0.0,0.0,0,1100033,0,frankycpp_v1.8.exe,chess::Move::encode,move.h,0x140263732
chess::Move::setValue,0.007000,0.0,0.0,0.0,0.0,0.0,0.0,0.0,0.0,0.0,0.0,0.0,19200576,10300309,0,frankycpp_v1.8.exe,chess::Move::setValue,move.h,0x140262ed2
chess::Move::setValue,0.007000,0.0,0.0,0.0,0.0,0.0,0.0,0.0,0.0,,,,7700231,3700111,0,frankycpp_v1.8.exe,chess::Move::setValue,move.h,0x140262ef1
chess::Move::to,0.007000,0.0,0.0,0.0,0.0,0.0,0.0,0.0,0.0,,,,6000180,4800144,0,frankycpp_v1.8.exe,chess::Move::to,move.h,0x14022053a
chess::Move::type,0.007000,0.0,0.0,0.0,0.0,0.0,0.0,0.0,0.0,0.0,0.0,0.0,29800894,6300189,0,frankycpp_v1.8.exe,chess::Move::type,move.h,0x14025c542
chess::Move::value,0.007000,0.0,0.0,0.0,0.0,0.0,0.0,0.0,0.0,0.0,0.0,0.0,12600378,3300099,0,frankycpp_v1.8.exe,chess::Move::value,move.h,0x140262fc8
chess::Position::getPiece,0.007000,100.0,0.0,0.0,0.0,0.0,,1.0,0.0,0.0,0.0,0.0,15900477,6300189,0,frankycpp_v1.8.exe,chess::Position::getPiece,Position.h,0x14025d72a
chess::Square::file,0.007000,0.0,0.0,0.0,0.0,0.0,0.0,,0.0,0.0,0.0,0.0,28800864,21700651,0,frankycpp_v1.8.exe,chess::Square::file,square.h,0x14025bd93
chess::Value::operator int,0.007000,0.0,0.0,0.0,0.0,0.0,0.0,0.0,0.0,0.0,0.0,0.0,18900567,15600468,0,frankycpp_v1.8.exe,chess::Value::operator int,value.h,0x14025d6d5
chess::operator&,0.007000,0.0,0.0,0.0,0.0,0.0,0.0,,0.0,0.0,0.0,0.0,25100753,6100183,0,frankycpp_v1.8.exe,chess::operator&,bitboard.h,0x14025c254
chess::operator&,0.007000,0.0,0.0,0.0,0.0,0.0,0.0,0.0,0.0,,,,16900507,20400612,0,frankycpp_v1.8.exe,chess::operator&,bitboard.h,0x14029ea59
chess::operator&,0.007000,0.0,0.0,0.0,0.0,0.0,0.0,0.0,0.0,0.0,0.0,0.0,7900237,1100033,0,frankycpp_v1.8.exe,chess::operator&,bitboard.h,0x14026b102
chess::operator&,0.007000,0.0,0.0,0.0,0.0,0.0,0.0,0.0,0.0,0.0,0.0,0.0,14700441,7000210,0,frankycpp_v1.8.exe,chess::operator&,bitboard.h,0x14026a720
chess::operator+=,0.007000,0.0,0.0,100.0,0.0,0.0,0.0,8.9,0.0,0.0,0.0,0.0,5900177,3800114,0,frankycpp_v1.8.exe,chess::operator+=,value.h,0x140269956
chess::operator+=,0.007000,0.0,0.0,0.0,0.0,0.0,0.0,0.0,0.0,0.0,0.0,0.0,24300729,14800444,0,frankycpp_v1.8.exe,chess::operator+=,value.h,0x14026ac13
engine::PawnTT::prefetch,0.007000,0.0,0.0,0.0,0.0,0.0,0.0,66.8,0.0,2.5,0.6,0.0,6000180,0,0,frankycpp_v1.8.exe,engine::PawnTT::prefetch,PawnTT.h,0x1402212e0
engine::TT::getClusterIndex,0.007000,0.0,0.0,0.0,0.0,0.0,0.0,44.5,0.0,0.1,3.3,0.0,1600048,400012,0,frankycpp_v1.8.exe,engine::TT::getClusterIndex,TT.h,0x14026d5e5
func@0x1400b34ef,0.007000,0.0,0.0,100.0,0.0,0.0,0.0,0.0,0.0,0.0,0.0,0.0,0,0,0,nvlddmkm.sys,func@0x1400b34ef,[Unknown],0x1400b34ef
func@0x140256400,0.007000,0.0,27.2,0.0,13.6,0.0,0.0,0.0,0.0,0.0,0.0,0.0,20900627,6400192,0,ntoskrnl.exe,func@0x140256400,[Unknown],0x140256400
func@0x140295af0,0.007000,100.0,0.0,0.0,43.2,0.0,0.0,,0.0,0.0,0.0,0.0,24200726,5500165,0,ntoskrnl.exe,func@0x140295af0,[Unknown],0x140295af0
func@0x14029c140,0.007000,0.0,0.0,0.0,91.8,0.0,0.0,0.0,0.0,,,,4400132,8800264,0,ntoskrnl.exe,func@0x14029c140,[Unknown],0x14029c140
func@0x1403c6bd0,0.007000,0.0,0.0,100.0,0.0,0.0,0.0,0.0,0.0,0.0,0.0,0.0,0,0,0,ntoskrnl.exe,func@0x1403c6bd0,[Unknown],0x1403c6bd0
"std::array<chess::Bitboard,8>::operator[]",0.007000,0.0,0.0,0.0,0.0,0.0,0.0,0.0,0.0,0.0,0.0,0.0,3300099,2200066,0,frankycpp_v1.8.exe,"std::array<chess::Bitboard,8>::operator[]",array,0x140263971
std::popcount,0.007000,0.0,0.0,0.0,0.0,0.0,0.0,0.0,0.0,0.0,0.0,0.0,9300279,7000210,0,frankycpp_v1.8.exe,std::popcount,bit,0x14026aa43
"std::unique_ptr<engine::PawnTT::Entry [0],std::default_delete<engine::PawnTT::Entry [0]> >::operator[]",0.007000,60.0,24.5,36.7,12.2,0.0,0.0,100.0,0.0,0.0,0.0,0.0,2000060,0,0,frankycpp_v1.8.exe,"std::unique_ptr<engine::PawnTT::Entry [0],std::default_delete<engine::PawnTT::Entry [0]> >::operator[]",memory,0x1402212e9
IoFreeMdl,0.006000,0.0,0.0,0.0,0.0,0.0,0.0,0.0,0.0,0.0,0.0,0.0,0,0,0,ntoskrnl.exe,IoFreeMdl,[Unknown],0x140268880
RtlExitUserThread,0.006000,0.0,0.0,0.0,0.0,0.0,0.0,0.0,0.0,0.0,0.0,0.0,0,0,0,ntdll.dll,RtlExitUserThread,[Unknown],0x18008c440
_std_type_info_compare,0.006000,0.0,0.0,0.0,0.0,0.0,0.0,0.0,0.0,0.0,0.0,0.0,15400462,19800594,0,vcruntime140.dll,_std_type_info_compare,[Unknown],0x180005030
boost::serialization::extended_type_info::operator<,0.006000,0.0,0.0,0.0,0.0,0.0,0.0,0.0,0.0,0.0,0.0,0.0,8800264,11000330,0,frankycpp_v1.8.exe,boost::serialization::extended_type_info::operator<(class boost::serialization::extended_type_info const &),extended_type_info.cpp,0x1402ba150
chess::Bitboard::operator bool,0.006000,0.0,0.0,0.0,0.0,0.0,0.0,0.0,0.0,0.0,0.0,0.0,9500285,10400312,0,frankycpp_v1.8.exe,chess::Bitboard::operator bool,bitboard.h,0x140269a25
chess::Bitboard::popLSB,0.006000,0.0,0.0,0.0,0.0,0.0,0.0,0.0,0.0,,,,5500165,3300099,0,frankycpp_v1.8.exe,chess::Bitboard::popLSB,bitboard.h,0x140263f70
chess::Move::to,0.006000,50.0,0.0,0.0,66.8,0.0,0.0,13.4,0.0,0.0,0.0,0.0,3100093,9200276,0,frankycpp_v1.8.exe,chess::Move::to,move.h,0x1402610a2
chess::Position::getKingSquare,0.006000,0.0,0.0,0.0,0.0,0.0,0.0,0.0,0.0,0.0,0.0,0.0,17700531,6000180,0,frankycpp_v1.8.exe,chess::Position::getKingSquare,Position.h,0x14026adb9
chess::Position::getPiece,0.006000,0.0,0.0,0.0,0.0,0.0,0.0,,0.0,,,,6000180,7000210,0,frankycpp_v1.8.exe,chess::Position::getPiece,Position.h,0x14022120e
chess::Position::getPiece,0.006000,0.0,100.0,0.0,0.0,0.0,0.0,0.0,0.0,0.0,0.0,0.0,8700261,4600138,0,frankycpp_v1.8.exe,chess::Position::getPiece,Position.h,0x14029e6ba
chess::Square::rank,0.006000,0.0,100.0,0.0,0.0,0.0,0.0,0.0,0.0,0.0,0.0,0.0,12000360,7400222,0,frankycpp_v1.8.exe,chess::Square::rank,square.h,0x14026ae03
chess::operator+,0.006000,0.0,0.0,0.0,0.0,0.0,0.0,0.0,0.0,,,,27300819,9200276,0,frankycpp_v1.8.exe,chess::operator+,direction.h,0x14025c316
chess::operator+=,0.006000,20.0,0.0,0.0,0.0,0.0,0.0,0.0,0.0,0.0,0.0,0.0,74402232,17400522,0,frankycpp_v1.8.exe,chess::operator+=,value.h,0x14026a639
chess::operator+=,0.006000,25.0,0.0,0.0,0.0,0.0,0.0,,0.0,,,,55601668,33801014,0,frankycpp_v1.8.exe,chess::operator+=,value.h,0x14026a762
chess::operator|,0.006000,0.0,0.0,0.0,0.0,0.0,0.0,1.2,0.0,0.2,0.0,0.0,15200456,12000360,0,frankycpp_v1.8.exe,chess::operator|,bitboard.h,0x14025c1f8
chess::operator~,0.006000,0.0,0.0,0.0,0.0,0.0,0.0,0.0,0.0,,,,5200156,800024,0,frankycpp_v1.8.exe,chess::operator~,color.h,0x14025c15d
chess::typeOf,0.006000,0.0,23.0,23.0,0.0,0.0,0.0,0.0,0.0,,,,15500465,26900807,0,frankycpp_v1.8.exe,chess::typeOf,piece.h,0x14026340e
func@0x140255440,0.006000,33.3,0.0,45.9,0.0,68.9,0.0,13.4,0.0,0.0,0.0,0.0,5500165,1100033,0,ntoskrnl.exe,func@0x140255440,[Unknown],0x140255440
func@0x14029c8f0,0.006000,0.0,,0.0,,,0.0,0.0,0.0,0.0,0.0,0.0,2200066,1100033,0,ntoskrnl.exe,func@0x14029c8f0,[Unknown],0x14029c8f0
func@0x1402ec11d,0.006000,50.0,0.0,100.0,0.0,0.0,0.0,0.0,0.0,11.1,0.0,11.1,0,1500045,0,ntoskrnl.exe,func@0x1402ec11d,[Unknown],0x1402ec11d
func@0x14031a0a0,0.006000,0.0,38.7,0.0,0.0,0.0,0.0,,0.0,,,,0,4400132,0,ntoskrnl.exe,func@0x14031a0a0,[Unknown],0x14031a0a0
func@0x14033cf22,0.006000,,0.0,100.0,0.0,100.0,0.0,0.0,0.0,0.0,0.0,0.0,2200066,1100033,0,ntoskrnl.exe,func@0x14033cf22,[Unknown],0x14033cf22
func@0x1406ac1e0,0.006000,0.0,0.0,49.0,0.0,24.5,0.0,0.0,0.0,0.0,0.0,0.0,4400132,4400132,0,ntoskrnl.exe,func@0x1406ac1e0,[Unknown],0x1406ac1e0
func@0x1406bfe40,0.006000,0.0,0.0,0.0,0.0,0.0,100.0,,0.0,0.0,0.0,0.0,4400132,7000210,0,ntoskrnl.exe,func@0x1406bfe40,[Unknown],0x1406bfe40
func@0x180010e40,0.006000,100.0,0.0,49.0,73.5,24.5,0.0,21.8,0.0,0.0,0.0,0.0,800024,1600048,0,vcruntime140.dll,func@0x180010e40,[Unknown],0x180010e40
func@0x1800cfb60,0.006000,0.0,0.0,91.8,0.0,100.0,0.0,0.0,0.0,,,,4400132,1100033,0,ntdll.dll,func@0x1800cfb60,[Unknown],0x1800cfb60
"std::array<chess::Bitboard,64>::operator[]",0.006000,0.0,0.0,0.0,0.0,0.0,0.0,0.0,0.0,0.0,0.0,0.0,0,0,0,frankycpp_v1.8.exe,"std::array<chess::Bitboard,64>::operator[]",array,0x14026125f
"std::array<chess::Bitboard,8>::operator[]",0.006000,0.0,0.0,0.0,0.0,0.0,0.0,0.0,0.0,0.0,0.0,0.0,12900387,14700441,0,frankycpp_v1.8.exe,"std::array<chess::Bitboard,8>::operator[]",array,0x1402637bb
"std::array<chess::Bitboard,8>::operator[]",0.006000,100.0,0.0,0.0,0.0,0.0,100.0,0.0,0.0,0.0,0.0,0.0,4900147,8600258,0,frankycpp_v1.8.exe,"std::array<chess::Bitboard,8>::operator[]",array,0x140263183
"std::array<std::array<chess::Bitboard,64>,8>::operator[]",0.006000,0.0,0.0,0.0,0.0,0.0,0.0,0.0,0.0,0.0,0.0,0.0,13800414,14800444,0,frankycpp_v1.8.exe,"std::array<std::array<chess::Bitboard,64>,8>::operator[]",array,0x14026ab2e
std::atomic<unsigned __int64>::{ctor},0.006000,33.3,36.7,18.4,18.4,0.0,0.0,0.0,0.0,0.0,0.0,0.0,1900057,2600078,0,frankycpp_v1.8.exe,std::atomic<unsigned __int64>::{ctor},atomic,0x14026d6cb
std::min,0.006000,0.0,0.0,0.0,0.0,0.0,0.0,0.0,0.0,0.0,0.0,0.0,27700831,10300309,0,frankycpp_v1.8.exe,std::min,utility,0x14022041e
std::popcount,0.006000,33.3,0.0,0.0,0.0,0.0,0.0,0.0,0.0,0.0,0.0,0.0,15100453,7700231,0,frankycpp_v1.8.exe,std::popcount,bit,0x14026a0dd
KeAcquireSpinLockRaiseToDpc,0.005000,50.0,0.0,0.0,0.0,0.0,0.0,,0.0,0.0,,0.0,2200066,3300099,0,ntoskrnl.exe,KeAcquireSpinLockRaiseToDpc,[Unknown],0x140255c50
RtlNumberOfSetBitsEx,0.005000,0.0,0.0,0.0,0.0,0.0,0.0,0.0,0.0,0.0,0.0,0.0,6600198,2200066,0,ntoskrnl.exe,RtlNumberOfSetBitsEx,[Unknown],0x140410170
__builtin_array_init_helper<class chess::Value>,0.005000,0.0,0.0,0.0,0.0,0.0,0.0,0.0,0.0,0.0,0.0,0.0,26400792,8800264,0,frankycpp_v1.8.exe,"__builtin_array_init_helper<class chess::Value>(class chess::Value *,unsigned __int64)",[Unknown],0x14029eb80
chess::Bitboard::operator bool,0.005000,0.0,0.0,19.3,0.0,0.0,0.0,0.0,26.7,0.0,0.0,0.0,6700201,3700111,0,frankycpp_v1.8.exe,chess::Bitboard::operator bool,bitboard.h,0x14026b06b
chess::Bitboard::operator bool,0.005000,100.0,0.0,0.0,0.0,0.0,16.7,0.0,0.0,0.0,0.0,0.0,44301329,24600738,0,frankycpp_v1.8.exe,chess::Bitboard::operator bool,bitboard.h,0x14026a6c2
chess::Direction::operator int,0.005000,0.0,0.0,0.0,0.0,0.0,0.0,0.0,0.0,0.0,0.0,0.0,6600198,12700381,0,frankycpp_v1.8.exe,chess::Direction::operator int,direction.h,0x14026319d
chess::Direction::{ctor},0.005000,0.0,0.0,0.0,0.0,0.0,0.0,0.0,0.0,,,,800024,400012,0,frankycpp_v1.8.exe,chess::Direction::{ctor},direction.h,0x1402637c0
chess::Move::encode,0.005000,33.3,0.0,0.0,0.0,0.0,26.2,0.0,0.0,0.0,0.0,0.0,11400342,10300309,0,frankycpp_v1.8.exe,chess::Move::encode,move.h,0x14026401e
chess::Move::setValue,0.005000,0.0,0.0,0.0,0.0,0.0,0.0,0.0,0.0,,,,14800444,9200276,0,frankycpp_v1.8.exe,chess::Move::setValue,move.h,0x140262f10
chess::Position::getOccupiedBb,0.005000,0.0,0.0,0.0,0.0,0.0,0.0,0.0,0.0,0.0,0.0,0.0,30600918,2200066,0,frankycpp_v1.8.exe,chess::Position::getOccupiedBb,Position.h,0x14026b3e5
chess::Position::getPieceBb,0.005000,0.0,0.0,0.0,0.0,0.0,0.0,0.0,0.0,0.0,0.0,0.0,9200276,7600228,0,frankycpp_v1.8.exe,chess::Position::getPieceBb,Position.h,0x14026aa81
chess::Position::getPieceBb,0.005000,0.0,91.8,0.0,0.0,0.0,0.0,0.0,0.0,0.0,0.0,0.0,2200066,3000090,0,frankycpp_v1.8.exe,chess::Position::getPieceBb,Position.h,0x14026adae
chess::Square::rank,0.005000,0.0,0.0,0.0,0.0,0.0,0.0,0.0,0.0,0.0,0.0,0.0,165904977,42901287,0,frankycpp_v1.8.exe,chess::Square::rank,square.h,0x14026aacd
chess::Square::{ctor},0.005000,0.0,0.0,0.0,0.0,0.0,0.0,0.0,0.0,0.0,0.0,0.0,30500915,20500615,0,frankycpp_v1.8.exe,chess::Square::{ctor},square.h,0x14026a5cb
chess::operator&,0.005000,50.0,0.0,0.0,0.0,23.0,0.0,0.0,0.0,0.0,0.0,0.0,36501095,8800264,0,frankycpp_v1.8.exe,chess::operator&,bitboard.h,0x14026a037
chess::operator&,0.005000,0.0,0.0,0.0,0.0,0.0,0.0,0.0,0.0,0.0,0.0,0.0,60501815,40301209,0,frankycpp_v1.8.exe,chess::operator&,bitboard.h,0x14029e94e
chess::operator&,0.005000,33.3,0.0,0.0,0.0,0.0,0.0,0.0,0.0,0.0,0.0,0.0,23100693,30600918,0,frankycpp_v1.8.exe,chess::operator&,bitboard.h,0x140263e2b
chess::operator&,0.005000,0.0,100.0,0.0,0.0,0.0,0.0,0.0,0.0,0.0,0.0,0.0,9400282,7400222,0,frankycpp_v1.8.exe,chess::operator&,bitboard.h,0x14029ea9e
chess::operator-,0.005000,0.0,0.0,0.0,0.0,0.0,0.0,0.0,0.0,0.0,0.0,0.0,10000300,7800234,0,frankycpp_v1.8.exe,chess::operator-,direction.h,0x140263403
chess::operator-,0.005000,0.0,0.0,0.0,0.0,0.0,0.0,,0.0,,,,2600078,2600078,0,frankycpp_v1.8.exe,chess::operator-,value.h,0x14021fa54
chess::operator-,0.005000,0.0,0.0,0.0,0.0,0.0,0.0,0.0,0.0,,,,20900627,9200276,0,frankycpp_v1.8.exe,chess::operator-,value.h,0x14021fcd7
chess::operator-=,0.005000,0.0,0.0,0.0,61.2,0.0,100.0,0.0,0.0,0.9,0.0,0.0,8900267,4800144,0,frankycpp_v1.8.exe,chess::operator-=,depth.h,0x1402204fc
chess::operator|,0.005000,0.0,0.0,0.0,0.0,0.0,0.0,0.0,0.0,0.0,0.0,0.0,34401032,12900387,0,frankycpp_v1.8.exe,chess::operator|,bitboard.h,0x14029eb41
chess::operator|,0.005000,100.0,0.0,0.0,0.0,0.0,0.0,0.0,0.0,0.0,0.0,0.0,4800144,5600168,0,frankycpp_v1.8.exe,chess::operator|,bitboard.h,0x140263b0c
chess::operator~,0.005000,0.0,0.0,0.0,0.0,0.0,0.0,0.0,0.0,0.0,0.0,0.0,13700411,5000150,0,frankycpp_v1.8.exe,chess::operator~,color.h,0x1402215da
chess::operator~,0.005000,,0.0,0.0,0.0,0.0,0.0,0.0,0.0,,,,5200156,1100033,0,frankycpp_v1.8.exe,chess::operator~,color.h,0x14025c19d
engine::Evaluator::valueFromScore,0.005000,0.0,9.0,0.0,9.0,0.0,0.0,0.0,0.0,0.0,0.0,0.0,97202916,53201596,0,frankycpp_v1.8.exe,engine::Evaluator::valueFromScore,Evaluator.cpp,0x14026998c
engine::PVTable::update,0.005000,0.0,0.0,0.0,0.0,0.0,0.0,,0.0,,,,1100033,800024,0,frankycpp_v1.8.exe,"engine::PVTable::update(class chess::Move,enum chess::Depth)",PVTable.h,0x140213c80
engine::Search::thread,0.005000,0.0,97.9,0.0,0.0,0.0,0.0,0.0,100.0,0.0,0.0,0.0,14000420,14900447,0,frankycpp_v1.8.exe,engine::Search::thread,Search.h,0x14022095c
func@0x14029c48c,0.005000,0.0,0.0,0.0,0.0,0.0,0.0,0.0,0.0,0.0,0.0,0.0,20900627,5500165,0,ntoskrnl.exe,func@0x14029c48c,[Unknown],0x14029c48c
func@0x1402ace70,0.005000,,,,,,0.0,0.0,0.0,0.0,0.0,0.0,0,0,0,nvlddmkm.sys,func@0x1402ace70,[Unknown],0x1402ace70
func@0x1402e6300,0.005000,0.0,0.0,0.0,0.0,0.0,0.0,,0.0,,,,0,0,0,ntoskrnl.exe,func@0x1402e6300,[Unknown],0x1402e6300
func@0x18000bf37,0.005000,0.0,0.0,0.0,,,0.0,,0.0,0.0,0.0,0.0,0,0,0,ntdll.dll,func@0x18000bf37,[Unknown],0x18000bf37
"std::array<chess::Value,25>::operator[]",0.005000,0.0,0.0,0.0,0.0,0.0,0.0,0.0,0.0,,,,2200066,2200066,0,frankycpp_v1.8.exe,"std::array<chess::Value,25>::operator[]",array,0x14026391a
"std::array<std::array<int,64>,64>::operator[]",0.005000,0.0,0.0,0.0,0.0,0.0,0.0,0.0,0.0,0.0,0.0,0.0,46801404,6000180,0,frankycpp_v1.8.exe,"std::array<std::array<int,64>,64>::operator[]",array,0x140262f45
std::countr_zero,0.005000,0.0,0.0,0.0,0.0,0.0,0.0,0.0,0.0,4.5,0.0,0.0,11400342,2600078,0,frankycpp_v1.8.exe,std::countr_zero,bit,0x140263c05
std::countr_zero,0.005000,0.0,0.0,0.0,0.0,0.0,0.0,0.0,0.0,0.0,0.0,0.0,48001440,25700771,0,frankycpp_v1.8.exe,std::countr_zero,bit,0x14026a5b0
std::countr_zero,0.005000,66.7,100.0,0.0,0.0,0.0,0.0,0.0,0.0,,,,7700231,6300189,0,frankycpp_v1.8.exe,std::countr_zero,bit,0x140263f70
DpiGetDxgAdapter,0.004000,0.0,0.0,0.0,0.0,0.0,0.0,0.0,0.0,0.0,0.0,0.0,0,0,0,dxgkrnl.sys,DpiGetDxgAdapter,[Unknown],0x140007e20
KeClockInterruptNotify,0.004000,50.0,73.5,0.0,36.7,0.0,0.0,0.0,0.0,0.0,0.0,0.0,0,1500045,0,ntoskrnl.exe,KeClockInterruptNotify,[Unknown],0x1402eb510
[dbghelp.dll],0.004000,0.0,0.0,0.0,0.0,0.0,0.0,0.0,0.0,0.0,0.0,0.0,0,1100033,0,dbghelp.dll,[dbghelp.dll],[Unknown],0x0
boost::archive::detail::basic_serializer::operator<,0.004000,0.0,0.0,0.0,0.0,0.0,0.0,0.0,0.0,0.0,0.0,0.0,8800264,4400132,0,frankycpp_v1.8.exe,boost::archive::detail::basic_serializer::operator<,basic_serializer.hpp,0x1402af793
chess::Bitboard::operator bool,0.004000,0.0,0.0,0.0,0.0,0.0,0.0,0.0,0.0,0.0,0.0,0.0,24200726,7000210,0,frankycpp_v1.8.exe,chess::Bitboard::operator bool,bitboard.h,0x140263a12
chess::Bitboard::operator bool,0.004000,0.0,0.0,0.0,0.0,0.0,100.0,,0.0,,,,12200366,12100363,0,frankycpp_v1.8.exe,chess::Bitboard::operator bool,bitboard.h,0x14026abbf
chess::Bitboard::operator&=,0.004000,0.0,0.0,0.0,0.0,0.0,0.0,,0.0,0.0,0.0,0.0,13200396,13600408,0,frankycpp_v1.8.exe,chess::Bitboard::operator&=,bitboard.h,0x1402633ba
chess::Bitboard::operator|=,0.004000,0.0,0.0,0.0,0.0,0.0,0.0,0.0,0.0,0.0,0.0,0.0,37801134,25100753,0,frankycpp_v1.8.exe,chess::Bitboard::operator|=,bitboard.h,0x140269a55
chess::Bitboard::operator|=,0.004000,0.0,0.0,0.0,0.0,0.0,0.0,0.0,0.0,,,,10000300,400012,0,frankycpp_v1.8.exe,chess::Bitboard::operator|=,bitboard.h,0x140263066
chess::Bitboard::popLSB,0.004000,0.0,0.0,0.0,0.0,0.0,0.0,0.0,0.0,,,,6600198,4400132,0,frankycpp_v1.8.exe,chess::Bitboard::popLSB,bitboard.h,0x140269fc0
chess::Bitboard::{ctor},0.004000,0.0,0.0,0.0,0.0,0.0,0.0,0.0,0.0,0.0,0.0,0.0,1100033,2600078,0,frankycpp_v1.8.exe,chess::Bitboard::{ctor},bitboard.h,0x1402637ef
chess::Color::sign,0.004000,0.0,0.0,0.0,0.0,0.0,0.0,0.0,0.0,0.0,0.0,0.0,24400732,10400312,0,frankycpp_v1.8.exe,chess::Color::sign,color.h,0x14026adf4
chess::Direction::pawnPush,0.004000,0.0,0.0,0.0,0.0,0.0,0.0,0.0,0.0,0.0,0.0,0.0,0,0,0,frankycpp_v1.8.exe,chess::Direction::pawnPush,direction.h,0x140269f9d
chess::Move::operator==,0.004000,0.0,0.0,0.0,0.0,0.0,0.0,,0.0,,,,0,800024,0,frankycpp_v1.8.exe,chess::Move::operator==,PVTable.h,0x140261097
chess::Move::operator==,0.004000,0.0,0.0,0.0,0.0,0.0,0.0,,0.0,,,,4500135,0,0,frankycpp_v1.8.exe,chess::Move::operator==,PVTable.h,0x140220515
chess::Move::to,0.004000,0.0,0.0,0.0,0.0,0.0,0.0,0.0,0.0,0.0,0.0,0.0,22200666,8600258,0,frankycpp_v1.8.exe,chess::Move::to,move.h,0x14025c55e
chess::Move::type,0.004000,0.0,0.0,0.0,0.0,0.0,0.0,0.0,0.0,0.0,0.0,0.0,2200066,3300099,0,frankycpp_v1.8.exe,chess::Move::type,move.h,0x140261113
chess::MoveGenerator::storeKiller,0.004000,0.0,0.0,0.0,0.0,0.0,0.0,0.0,0.0,,,,7500225,2200066,0,frankycpp_v1.8.exe,chess::MoveGenerator::storeKiller(class chess::Move),MoveGenerator.cpp,0x140260fc0
chess::Position::getOccupiedBb,0.004000,0.0,0.0,0.0,0.0,0.0,0.0,0.0,0.0,0.0,0.0,0.0,28800864,8900267,0,frankycpp_v1.8.exe,chess::Position::getOccupiedBb,Position.h,0x14025c5cd
chess::Position::getPieceBb,0.004000,0.0,100.0,0.0,0.0,0.0,0.0,,0.0,,,,29400882,40101203,0,frankycpp_v1.8.exe,chess::Position::getPieceBb,Position.h,0x14026a7b8
chess::Position::undoNullMove,0.004000,0.0,0.0,24.5,0.0,0.0,0.0,13.4,0.0,7.0,7.0,0.0,18300549,7000210,0,frankycpp_v1.8.exe,chess::Position::undoNullMove(void),Position.cpp,0x14025c180
chess::Square::rank,0.004000,0.0,0.0,0.0,0.0,0.0,0.0,0.0,0.0,,,,8500255,1500045,0,frankycpp_v1.8.exe,chess::Square::rank,square.h,0x14026a1e2
chess::StaticMoveList<256>::push_back,0.004000,0.0,0.0,0.0,0.0,0.0,0.0,0.0,0.0,0.0,0.0,0.0,4200126,1100033,0,frankycpp_v1.8.exe,chess::StaticMoveList<256>::push_back,staticmovelist.h,0x140263748
chess::operator&,0.004000,0.0,0.0,0.0,0.0,0.0,0.0,0.0,0.0,0.0,0.0,0.0,8900267,3700111,0,frankycpp_v1.8.exe,chess::operator&,bitboard.h,0x14026ab45
chess::operator&,0.004000,0.0,0.0,0.0,0.0,0.0,0.0,0.0,0.0,0.0,0.0,0.0,32500975,7400222,0,frankycpp_v1.8.exe,chess::operator&,bitboard.h,0x14026b26f
chess::operator&,0.004000,0.0,0.0,0.0,0.0,0.0,0.0,0.0,0.0,0.0,0.0,0.0,34701041,29300879,0,frankycpp_v1.8.exe,chess::operator&,bitboard.h,0x14029e936
chess::operator&,0.004000,0.0,0.0,0.0,0.0,0.0,0.0,0.0,0.0,0.0,0.0,0.0,55201656,12600378,0,frankycpp_v1.8.exe,chess::operator&,bitboard.h,0x14029e962
chess::operator&,0.004000,0.0,0.0,0.0,0.0,0.0,0.0,0.0,0.0,0.4,0.0,0.0,17600528,1900057,0,frankycpp_v1.8.exe,chess::operator&,bitboard.h,0x14026aed7
chess::operator+,0.004000,0.0,0.0,0.0,0.0,0.0,0.0,0.0,0.0,,,,5200156,2600078,0,frankycpp_v1.8.exe,chess::operator+,direction.h,0x14026a07c
chess::operator+=,0.004000,0.0,0.0,0.0,0.0,0.0,0.0,0.0,0.0,0.0,0.0,0.0,14200426,5700171,0,frankycpp_v1.8.exe,chess::operator+=,value.h,0x140269d74
chess::operator-,0.004000,0.0,100.0,0.0,0.0,0.0,36.7,,0.0,0.0,0.0,0.0,0,400012,0,frankycpp_v1.8.exe,chess::operator-,value.h,0x1402207d3
chess::operator-,0.004000,0.0,0.0,0.0,0.0,0.0,0.0,0.0,0.0,0.0,0.0,0.0,21000630,16500495,0,frankycpp_v1.8.exe,chess::operator-,value.h,0x14029e795
chess::operator|,0.004000,0.0,0.0,0.0,0.0,0.0,0.0,0.0,0.0,0.0,0.0,0.0,6800204,6400192,0,frankycpp_v1.8.exe,chess::operator|,bitboard.h,0x14026b224
chess::operator|,0.004000,0.0,0.0,0.0,0.0,0.0,0.0,0.0,0.0,0.0,0.0,0.0,55801674,17300519,0,frankycpp_v1.8.exe,chess::operator|,bitboard.h,0x14025c462
chess::operator|,0.004000,33.3,0.0,0.0,0.0,0.0,0.0,0.0,0.0,0.0,0.0,0.0,67802034,24600738,0,frankycpp_v1.8.exe,chess::operator|,bitboard.h,0x14025c5cd
chess::operator|,0.004000,0.0,0.0,0.0,0.0,0.0,0.0,0.0,0.0,0.0,0.0,0.0,3000090,8900267,0,frankycpp_v1.8.exe,chess::operator|,bitboard.h,0x140263f4c
chess::operator|,0.004000,0.0,0.0,0.0,0.0,0.0,91.8,,0.0,,,,20600618,24100723,0,frankycpp_v1.8.exe,chess::operator|,bitboard.h,0x140264080
chess::operator~,0.004000,0.0,0.0,0.0,0.0,0.0,0.0,33.4,33.4,0.0,0.0,0.0,22000660,3200096,0,frankycpp_v1.8.exe,chess::operator~,color.h,0x14025c217
chess::operator~,0.004000,0.0,0.0,0.0,0.0,0.0,0.0,0.0,0.0,0.0,0.0,0.0,30500915,11500345,0,frankycpp_v1.8.exe,chess::operator~,color.h,0x14025c52f
chess::operator~,0.004000,0.0,0.0,0.0,0.0,0.0,0.0,0.0,0.0,0.0,0.0,0.0,16000480,3600108,0,frankycpp_v1.8.exe,chess::operator~,color.h,0x14026b20a
chess::operator~,0.004000,0.0,0.0,0.0,0.0,0.0,0.0,,0.0,,,,4100123,3700111,0,frankycpp_v1.8.exe,chess::operator~,color.h,0x1402209c8
chess::typeOf,0.004000,0.0,0.0,0.0,0.0,0.0,0.0,0.0,0.0,0.0,0.0,0.0,33501005,12100363,0,frankycpp_v1.8.exe,chess::typeOf,piece.h,0x14029e776
engine::PawnTT::getHash,0.004000,0.0,0.0,0.0,0.0,0.0,0.0,0.0,0.0,0.0,0.0,0.0,0,0,0,frankycpp_v1.8.exe,engine::PawnTT::getHash,PawnTT.h,0x14026a2bd
engine::Search::thread,0.004000,0.0,0.0,0.0,0.0,0.0,0.0,0.0,0.0,0.0,0.0,0.0,6100183,2200066,0,frankycpp_v1.8.exe,engine::Search::thread,Search.h,0x140221133
engine::Search::thread,0.004000,0.0,0.0,45.9,0.0,0.0,0.0,0.0,0.0,0.0,0.0,0.0,5000150,6300189,0,frankycpp_v1.8.exe,engine::Search::thread,Search.h,0x14021f932
func@0x140006da0,0.004000,0.0,0.0,0.0,0.0,0.0,0.0,0.0,0.0,0.0,0.0,0.0,0,0,0,executioncontext.sys,func@0x140006da0,[Unknown],0x140006da0
func@0x140094a80,0.004000,0.0,0.0,,,0.0,0.0,0.0,0.0,0.0,0.0,0.0,0,0,0,e2fn.sys,func@0x140094a80,[Unknown],0x140094a80
func@0x14020fa80,0.004000,0.0,100.0,0.0,0.0,100.0,0.0,26.7,0.0,0.0,0.0,0.0,0,400012,0,ntoskrnl.exe,func@0x14020fa80,[Unknown],0x14020fa80
func@0x140222210,0.004000,0.0,0.0,0.0,0.0,45.9,0.0,0.0,0.0,0.0,0.0,0.0,0,0,0,ntoskrnl.exe,func@0x140222210,[Unknown],0x140222210
func@0x140231af0,0.004000,0.0,0.0,0.0,0.0,0.0,0.0,0.0,0.0,0.0,0.0,0.0,2200066,0,0,ntoskrnl.exe,func@0x140231af0,[Unknown],0x140231af0
func@0x1402578c0,0.004000,0.0,0.0,0.0,100.0,0.0,0.0,0.0,0.0,,,,0,1100033,0,ntoskrnl.exe,func@0x1402578c0,[Unknown],0x1402578c0
func@0x14029a580,0.004000,0.0,0.0,0.0,0.0,0.0,0.0,0.0,0.0,,,,0,1100033,0,ntoskrnl.exe,func@0x14029a580,[Unknown],0x14029a580
func@0x14029a67b,0.004000,0.0,0.0,0.0,52.5,0.0,0.0,0.0,0.0,0.0,0.0,0.0,800024,2600078,0,ntoskrnl.exe,func@0x14029a67b,[Unknown],0x14029a67b
func@0x14029d1e0,0.004000,100.0,0.0,0.0,73.5,0.0,0.0,0.0,0.0,0.0,0.0,0.0,2200066,400012,0,ntoskrnl.exe,func@0x14029d1e0,[Unknown],0x14029d1e0
func@0x1402b3a60,0.004000,0.0,0.0,0.0,0.0,0.0,0.0,0.0,0.0,0.0,0.0,0.0,800024,2200066,0,ntoskrnl.exe,func@0x1402b3a60,[Unknown],0x1402b3a60
func@0x1402edd42,0.004000,0.0,0.0,0.0,0.0,0.0,0.0,0.0,0.0,0.0,0.0,0.0,3300099,3700111,0,ntoskrnl.exe,func@0x1402edd42,[Unknown],0x1402edd42
func@0x1403220b0,0.004000,,15.3,61.2,15.3,0.0,0.0,26.7,0.0,0.0,0.0,11.1,4100123,0,0,ntoskrnl.exe,func@0x1403220b0,[Unknown],0x1403220b0
func@0x14033bfe0,0.004000,0.0,0.0,91.8,0.0,45.9,0.0,,0.0,,,,3800114,2200066,0,ntoskrnl.exe,func@0x14033bfe0,[Unknown],0x14033bfe0
func@0x14047ac87,0.004000,0.0,100.0,0.0,0.0,0.0,0.0,0.0,0.0,0.0,0.0,0.0,0,0,0,ntoskrnl.exe,func@0x14047ac87,[Unknown],0x14047ac87
func@0x1406a4e50,0.004000,0.0,0.0,0.0,0.0,0.0,0.0,0.0,0.0,0.0,0.0,0.0,5500165,0,0,ntoskrnl.exe,func@0x1406a4e50,[Unknown],0x1406a4e50
"std::array<chess::Bitboard,64>::operator[]",0.004000,0.0,0.0,0.0,0.0,0.0,0.0,0.0,44.5,0.0,0.0,0.0,9200276,3900117,0,frankycpp_v1.8.exe,"std::array<chess::Bitboard,64>::operator[]",array,0x14025d72e
"std::array<chess::Bitboard,64>::operator[]",0.004000,0.0,0.0,0.0,26.2,0.0,0.0,0.0,0.0,0.0,0.0,0.0,40101203,8100243,0,frankycpp_v1.8.exe,"std::array<chess::Bitboard,64>::operator[]",array,0x140269fe0
"std::array<std::array<int,64>,64>::operator[]",0.004000,0.0,0.0,91.8,0.0,0.0,0.0,0.0,66.8,0.0,0.0,0.0,10800324,7200216,0,frankycpp_v1.8.exe,"std::array<std::array<int,64>,64>::operator[]",array,0x14022090e
std::max,0.004000,0.0,100.0,0.0,100.0,0.0,0.0,0.0,0.0,0.0,0.0,0.0,400012,1600048,0,frankycpp_v1.8.exe,std::max,utility,0x140220d93
std::popcount,0.004000,0.0,0.0,0.0,0.0,0.0,0.0,0.0,0.0,0.0,0.0,0.0,2200066,800024,0,frankycpp_v1.8.exe,std::popcount,bit,0x14026b121
std::ranges::_Guess_median_common,0.004000,0.0,0.0,0.0,0.0,0.0,0.0,0.0,0.0,0.0,0.0,0.0,3000090,3700111,0,frankycpp_v1.8.exe,std::ranges::_Guess_median_common,algorithm,0x140264343
KeLowerIrql,0.003000,0.0,0.0,0.0,0.0,0.0,0.0,0.0,0.0,0.0,0.0,0.0,5200156,3300099,0,ntoskrnl.exe,KeLowerIrql,[Unknown],0x1403f5490
[Outside any known module],0.003000,0.0,0.0,0.0,0.0,0.0,0.0,0.0,0.0,0.0,0.0,0.0,0,3300099,0,[Unknown],[Outside any known module],[Unknown],0x0
chess::Bitboard::operator bool,0.003000,0.0,0.0,0.0,0.0,0.0,0.0,0.0,0.0,,,,5600168,0,0,frankycpp_v1.8.exe,chess::Bitboard::operator bool,bitboard.h,0x14026a217
chess::Bitboard::operator^=,0.003000,0.0,0.0,73.5,0.0,0.0,0.0,0.0,0.0,0.0,0.0,0.0,14700441,12900387,0,frankycpp_v1.8.exe,chess::Bitboard::operator^=,bitboard.h,0x14025c5e2
chess::Bitboard::popLSB,0.003000,0.0,0.0,0.0,0.0,0.0,0.0,,0.0,0.0,0.0,0.0,10900327,10900327,0,frankycpp_v1.8.exe,chess::Bitboard::popLSB,bitboard.h,0x140263dda
chess::Color::iterator::operator++,0.003000,0.0,0.0,0.0,0.0,0.0,0.0,,0.0,,,,12100363,7700231,0,frankycpp_v1.8.exe,chess::Color::iterator::operator++,color.h,0x14026a21c
chess::Move::operator==,0.003000,0.0,0.0,0.0,0.0,0.0,0.0,0.0,0.0,0.0,0.0,0.0,18600558,9000270,0,frankycpp_v1.8.exe,chess::Move::operator==,PVTable.h,0x1402211e0
chess::Move::stripped,0.003000,0.0,0.0,0.0,0.0,0.0,0.0,0.0,0.0,,,,10400312,1100033,0,frankycpp_v1.8.exe,chess::Move::stripped,move.h,0x140260fb0
chess::Move::type,0.003000,0.0,0.0,0.0,0.0,0.0,0.0,0.0,0.0,,,,3300099,0,0,frankycpp_v1.8.exe,chess::Move::type,move.h,0x140220a34
chess::Move::{ctor},0.003000,0.0,0.0,0.0,0.0,0.0,0.0,0.0,0.0,0.0,0.0,0.0,7000210,1100033,0,frankycpp_v1.8.exe,chess::Move::{ctor},move.h,0x1402639c3
chess::Move::{ctor},0.003000,0.0,0.0,0.0,30.6,0.0,0.0,0.0,0.0,5.1,5.1,5.1,20900627,15400462,0,frankycpp_v1.8.exe,chess::Move::{ctor},move.h,0x140264006
chess::MoveGenerator::reset,0.003000,0.0,0.0,0.0,0.0,0.0,,0.0,0.0,0.0,0.0,0.0,0,0,0,frankycpp_v1.8.exe,chess::MoveGenerator::reset,MoveGenerator.h,0x140216286
chess::Position::getKingSquare,0.003000,0.0,0.0,0.0,0.0,0.0,0.0,0.0,0.0,0.0,0.0,0.0,4000120,2700081,0,frankycpp_v1.8.exe,chess::Position::getKingSquare,Position.h,0x14026a666
chess::Position::getKingSquare,0.003000,0.0,0.0,0.0,0.0,0.0,0.0,0.0,0.0,0.0,0.0,0.0,13000390,21800654,0,frankycpp_v1.8.exe,chess::Position::getKingSquare,Position.h,0x14026a48f
chess::Position::getPieceBb,0.003000,0.0,0.0,0.0,0.0,0.0,0.0,0.0,0.0,0.0,0.0,0.0,8400252,8400252,0,frankycpp_v1.8.exe,chess::Position::getPieceBb,Position.h,0x14029e914
chess::Position::getPieceBb,0.003000,,0.0,0.0,0.0,0.0,0.0,0.0,0.0,0.0,0.0,0.0,7800234,9900297,0,frankycpp_v1.8.exe,chess::Position::getPieceBb,Position.h,0x14029ea1d
chess::Value::{ctor},0.003000,0.0,0.0,0.0,0.0,0.0,0.0,0.0,0.0,,,,15100453,3000090,0,frankycpp_v1.8.exe,chess::Value::{ctor},value.h,0x14029e8c0
chess::operator&,0.003000,0.0,0.0,0.0,0.0,0.0,0.0,,0.0,,,,800024,2200066,0,frankycpp_v1.8.exe,chess::operator&,bitboard.h,0x14026a057
chess::operator&,0.003000,0.0,0.0,0.0,0.0,0.0,0.0,0.0,0.0,,,,22000660,9200276,0,frankycpp_v1.8.exe,chess::operator&,bitboard.h,0x14026a498
chess::operator&,0.003000,33.3,0.0,0.0,26.2,0.0,0.0,0.0,0.0,0.0,0.0,0.0,18900567,12200366,0,frankycpp_v1.8.exe,chess::operator&,bitboard.h,0x14026a088
chess::operator&,0.003000,0.0,0.0,0.0,0.0,0.0,61.2,0.0,0.0,0.0,0.0,0.0,10900327,800024,0,frankycpp_v1.8.exe,chess::operator&,bitboard.h,0x14025c6a1
chess::operator+,0.003000,0.0,0.0,0.0,0.0,0.0,0.0,0.0,0.0,,,,3000090,0,0,frankycpp_v1.8.exe,chess::operator+,castlingrights.h,0x14025bc48
chess::operator+,0.003000,50.0,0.0,100.0,0.0,0.0,0.0,0.0,0.0,0.0,0.0,0.0,26800804,2200066,0,frankycpp_v1.8.exe,chess::operator+,value.h,0x14021f374
chess::operator+=,0.003000,0.0,0.0,0.0,0.0,0.0,0.0,0.0,0.0,0.0,0.0,0.0,0,0,0,frankycpp_v1.8.exe,chess::operator+=,value.h,0x14026a242
chess::operator+=,0.003000,0.0,0.0,0.0,0.0,0.0,0.0,0.0,0.0,0.0,0.0,0.0,2700081,0,0,frankycpp_v1.8.exe,chess::operator+=,value.h,0x14026b1c7
chess::operator+=,0.003000,0.0,0.0,0.0,0.0,0.0,0.0,0.0,0.0,0.0,0.0,0.0,30800924,15100453,0,frankycpp_v1.8.exe,chess::operator+=,value.h,0x14026b4f9
chess::operator-,0.003000,0.0,0.0,0.0,0.0,0.0,0.0,,0.0,,,,0,0,0,frankycpp_v1.8.exe,chess::operator-,value.h,0x1402206bd
chess::operator~,0.003000,0.0,0.0,0.0,0.0,0.0,0.0,,0.0,0.0,0.0,0.0,15800474,7700231,0,frankycpp_v1.8.exe,chess::operator~,color.h,0x14026302d
engine::TT::getClusterIndex,0.003000,0.0,100.0,0.0,0.0,0.0,0.0,80.1,0.0,0.8,2.5,0.0,7200216,3500105,0,frankycpp_v1.8.exe,engine::TT::getClusterIndex,TT.h,0x14026d3a1
func@0x140001000,0.003000,0.0,0.0,0.0,,,0.0,0.0,0.0,0.0,0.0,0.0,0,0,0,winhvr.sys,func@0x140001000,[Unknown],0x140001000
func@0x140018860,0.003000,100.0,73.5,0.0,0.0,0.0,0.0,0.0,0.0,0.0,0.0,0.0,0,0,0,acpi.sys,func@0x140018860,[Unknown],0x140018860
func@0x1400276ac,0.003000,0.0,0.0,0.0,0.0,0.0,0.0,0.0,0.0,0.0,0.0,0.0,0,0,0,dxgmms2.sys,func@0x1400276ac,[Unknown],0x1400276ac
func@0x1400fa320,0.003000,0.0,0.0,0.0,0.0,0.0,0.0,0.0,0.0,0.0,0.0,0.0,0,0,0,nvlddmkm.sys,func@0x1400fa320,[Unknown],0x1400fa320
func@0x140168760,0.003000,0.0,0.0,0.0,0.0,0.0,0.0,0.0,0.0,0.0,0.0,0.0,0,0,0,nvlddmkm.sys,func@0x140168760,[Unknown],0x140168760
func@0x140273826,0.003000,0.0,0.0,0.0,100.0,0.0,0.0,0.0,0.0,0.0,0.0,0.0,0,0,0,ntoskrnl.exe,func@0x140273826,[Unknown],0x140273826
func@0x140294da0,0.003000,0.0,0.0,0.0,0.0,100.0,0.0,0.0,0.0,0.0,0.0,0.0,3000090,1500045,0,ntoskrnl.exe,func@0x140294da0,[Unknown],0x140294da0
func@0x140296b30,0.003000,0.0,100.0,0.0,73.5,0.0,0.0,13.4,44.5,0.0,0.0,0.0,400012,1500045,0,ntoskrnl.exe,func@0x140296b30,[Unknown],0x140296b30
func@0x1402ea260,0.003000,,0.0,,,0.0,0.0,0.0,0.0,0.0,0.0,0.0,0,4400132,0,ntoskrnl.exe,func@0x1402ea260,[Unknown],0x1402ea260
func@0x1402f91f0,0.003000,0.0,0.0,0.0,0.0,0.0,0.0,0.0,0.0,0.0,0.0,0.0,1100033,2200066,0,ntoskrnl.exe,func@0x1402f91f0,[Unknown],0x1402f91f0
func@0x140309300,0.003000,0.0,0.0,0.0,0.0,0.0,0.0,0.0,0.0,0.0,0.0,0.0,0,1100033,0,nvlddmkm.sys,func@0x140309300,[Unknown],0x140309300
func@0x14031a15b,0.003000,0.0,100.0,0.0,0.0,0.0,0.0,0.0,0.0,,,,4400132,400012,0,ntoskrnl.exe,func@0x14031a15b,[Unknown],0x14031a15b
func@0x140395cf0,0.003000,0.0,45.9,0.0,45.9,0.0,0.0,0.0,0.0,0.0,0.0,0.0,4400132,0,0,nvlddmkm.sys,func@0x140395cf0,[Unknown],0x140395cf0
func@0x140438770,0.003000,0.0,81.6,0.0,0.0,0.0,0.0,0.0,0.0,0.0,0.0,0.0,7700231,4400132,0,ntoskrnl.exe,func@0x140438770,[Unknown],0x140438770
func@0x1404e76a0,0.003000,0.0,0.0,0.0,100.0,0.0,0.0,0.0,0.0,,,,2200066,1100033,0,ntoskrnl.exe,func@0x1404e76a0,[Unknown],0x1404e76a0
func@0x1406b1f90,0.003000,,0.0,0.0,0.0,0.0,0.0,0.0,0.0,0.0,0.0,0.0,800024,0,0,ntoskrnl.exe,func@0x1406b1f90,[Unknown],0x1406b1f90
func@0x140d01f60,0.003000,0.0,0.0,0.0,0.0,0.0,0.0,0.0,0.0,0.0,0.0,0.0,2200066,0,0,nvlddmkm.sys,func@0x140d01f60,[Unknown],0x140d01f60
func@0x140d0ec20,0.003000,,0.0,0.0,0.0,0.0,0.0,0.0,0.0,0.0,0.0,0.0,0,0,0,nvlddmkm.sys,func@0x140d0ec20,[Unknown],0x140d0ec20
func@0x180177d60,0.003000,0.0,0.0,0.0,0.0,0.0,0.0,0.0,0.0,0.0,0.0,0.0,0,0,0,combase.dll,func@0x180177d60,[Unknown],0x180177d60
"std::array<chess::Bitboard,64>::operator[]",0.003000,0.0,0.0,0.0,0.0,0.0,0.0,,0.0,0.0,0.0,0.0,16000480,9000270,0,frankycpp_v1.8.exe,"std::array<chess::Bitboard,64>::operator[]",array,0x1402699e4
std::countr_zero,0.003000,0.0,0.0,0.0,0.0,0.0,0.0,0.0,0.0,0.0,0.0,0.0,1500045,1500045,0,frankycpp_v1.8.exe,std::countr_zero,bit,0x14026b030
std::countr_zero,0.003000,0.0,0.0,0.0,0.0,0.0,84.8,,0.0,,,,8800264,21300639,0,frankycpp_v1.8.exe,std::countr_zero,bit,0x1402633f8
std::countr_zero,0.003000,0.0,0.0,0.0,0.0,0.0,0.0,0.0,0.0,0.0,0.0,0.0,7700231,9900297,0,frankycpp_v1.8.exe,std::countr_zero,bit,0x14029e968
std::min,0.003000,0.0,0.0,0.0,0.0,0.0,0.0,,0.0,,,,2800084,2300069,0,frankycpp_v1.8.exe,std::min,utility,0x140220da0
std::optional<engine::TT::Entry>::{ctor},0.003000,0.0,0.0,0.0,0.0,0.0,0.0,,0.0,0.0,0.0,0.0,0,0,0,frankycpp_v1.8.exe,std::optional<engine::TT::Entry>::{ctor},optional,0x14026d63b
std::popcount,0.003000,0.0,0.0,0.0,0.0,0.0,0.0,0.0,0.0,0.0,0.0,0.0,16600498,1200036,0,frankycpp_v1.8.exe,std::popcount,bit,0x14026b283
"std::ranges::_Stable_sort_fn::_Stable_sort_common<chess::Move *,chess::moveValueGreaterComparator,std::identity>",0.003000,0.0,0.0,0.0,0.0,0.0,0.0,0.0,0.0,0.0,0.0,0.0,0,0,0,frankycpp_v1.8.exe,"std::ranges::_Stable_sort_fn::_Stable_sort_common<chess::Move *,chess::moveValueGreaterComparator,std::identity>(class chess::Move *, class chess::Move *, const __int64, struct chess::moveValueGreaterComparator, struct std::identity)",algorithm,0x140233b30
std::ranges::_Swap::_Cpo::operator(),0.003000,0.0,0.0,0.0,0.0,0.0,0.0,0.0,0.0,,,,5500165,1100033,0,frankycpp_v1.8.exe,std::ranges::_Swap::_Cpo::operator(),concepts,0x14026445e
std::ranges::_Swap::_Cpo::operator(),0.003000,0.0,0.0,0.0,0.0,0.0,0.0,0.0,0.0,0.0,0.0,0.0,1100033,1100033,0,frankycpp_v1.8.exe,std::ranges::_Swap::_Cpo::operator(),concepts,0x1402644d2
ExReleaseFastMutex,0.002000,0.0,0.0,0.0,0.0,0.0,0.0,0.0,0.0,0.0,0.0,0.0,0,0,0,ntoskrnl.exe,ExReleaseFastMutex,[Unknown],0x140318730
KeGetCurrentProcessorNumberEx,0.002000,0.0,,0.0,0.0,0.0,0.0,0.0,0.0,0.0,0.0,0.0,0,1100033,0,ntoskrnl.exe,KeGetCurrentProcessorNumberEx,[Unknown],0x1403f94a0
LdrGetProcedureAddressForCaller,0.002000,0.0,0.0,0.0,0.0,0.0,0.0,0.0,0.0,0.0,0.0,0.0,0,0,0,ntdll.dll,LdrGetProcedureAddressForCaller,[Unknown],0x180096a90
ReadFile,0.002000,0.0,0.0,0.0,0.0,0.0,0.0,0.0,0.0,0.0,0.0,0.0,0,0,0,kernelbase.dll,ReadFile,[Unknown],0x180041db0
RtlInitializeCriticalSectionEx,0.002000,0.0,0.0,0.0,0.0,0.0,0.0,0.0,0.0,0.0,0.0,0.0,0,0,0,ntdll.dll,RtlInitializeCriticalSectionEx,[Unknown],0x180066af0
RtlPcToFileHeader,0.002000,0.0,0.0,0.0,0.0,0.0,0.0,0.0,0.0,0.0,0.0,0.0,0,0,0,ntdll.dll,RtlPcToFileHeader,[Unknown],0x18006da20
_chkstk,0.002000,0.0,0.0,0.0,0.0,0.0,0.0,0.0,0.0,0.0,0.0,0.0,0,0,0,frankycpp_v1.8.exe,_chkstk,chkstk.asm,0x14061aa50
`vector constructor iterator',0.002000,0.0,0.0,0.0,0.0,0.0,0.0,0.0,0.0,0.0,0.0,0.0,0,0,0,frankycpp_v1.8.exe,"`vector constructor iterator'(void *,unsigned __int64,unsigned __int64,void * (*)(void *))",[Unknown],0x14010f320
"boost::archive::basic_binary_iprimitive<boost::archive::binary_iarchive,char,std::char_traits<char> >::load_binary",0.002000,0.0,0.0,0.0,0.0,0.0,0.0,0.0,0.0,0.0,0.0,0.0,4400132,0,0,frankycpp_v1.8.exe,"boost::archive::basic_binary_iprimitive<boost::archive::binary_iarchive,char,std::char_traits<char> >::load_binary",basic_binary_iprimitive.hpp,0x140281724
"boost::archive::basic_binary_iprimitive<class boost::archive::binary_iarchive,char,struct std::char_traits<char> >::load_binary",0.002000,0.0,0.0,0.0,0.0,0.0,0.0,0.0,0.0,0.0,0.0,0.0,4400132,0,0,frankycpp_v1.8.exe,"boost::archive::basic_binary_iprimitive<class boost::archive::binary_iarchive,char,struct std::char_traits<char> >::load_binary(void *,unsigned __int64)",basic_binary_iprimitive.hpp,0x140285820
boost::archive::detail::basic_iarchive::get_library_version,0.002000,0.0,0.0,0.0,0.0,0.0,0.0,0.0,0.0,0.0,0.0,0.0,6600198,4400132,0,frankycpp_v1.8.exe,boost::archive::detail::basic_iarchive::get_library_version(void),basic_iarchive.cpp,0x1402aeea0
boost::archive::detail::basic_iarchive::load_object,0.002000,0.0,0.0,0.0,0.0,0.0,0.0,0.0,0.0,0.0,0.0,0.0,13200396,4400132,0,frankycpp_v1.8.exe,"boost::archive::detail::basic_iarchive::load_object(void *,class boost::archive::detail::basic_iserializer const &)",basic_iarchive.cpp,0x1402aef00
boost::archive::detail::common_iarchive<boost::archive::binary_iarchive>::load_override,0.002000,0.0,0.0,0.0,0.0,0.0,0.0,0.0,0.0,0.0,0.0,0.0,0,0,0,frankycpp_v1.8.exe,boost::archive::detail::common_iarchive<boost::archive::binary_iarchive>::load_override,common_iarchive.hpp,0x140290265
"boost::archive::detail::iserializer<class boost::archive::binary_iarchive,class book::BookEntry>::load_object_data",0.002000,0.0,0.0,0.0,0.0,0.0,0.0,0.0,0.0,0.0,0.0,0.0,0,2200066,0,frankycpp_v1.8.exe,"boost::archive::detail::iserializer<class boost::archive::binary_iarchive,class book::BookEntry>::load_object_data(class boost::archive::detail::basic_iarchive &,void *,unsigned int)",iserializer.hpp,0x14028cfd0
"boost::archive::detail::iserializer<class boost::archive::binary_iarchive,class chess::Move>::load_object_data",0.002000,0.0,0.0,0.0,0.0,0.0,0.0,0.0,0.0,0.0,0.0,0.0,0,1100033,0,frankycpp_v1.8.exe,"boost::archive::detail::iserializer<class boost::archive::binary_iarchive,class chess::Move>::load_object_data(class boost::archive::detail::basic_iarchive &,void *,unsigned int)",iserializer.hpp,0x140294590
"boost::serialization::free_loader<boost::archive::binary_iarchive,boost::serialization::nvp<boost::serialization::collection_size_type> >::invoke",0.002000,0.0,0.0,0.0,0.0,0.0,0.0,0.0,0.0,0.0,0.0,0.0,2200066,0,0,frankycpp_v1.8.exe,"boost::serialization::free_loader<boost::archive::binary_iarchive,boost::serialization::nvp<boost::serialization::collection_size_type> >::invoke",split_free.hpp,0x1402929a3
"boost::serialization::load<class boost::archive::binary_iarchive,class boost::serialization::item_version_type>",0.002000,0.0,0.0,0.0,0.0,0.0,0.0,0.0,0.0,0.0,0.0,0.0,2200066,0,0,frankycpp_v1.8.exe,"boost::serialization::load<class boost::archive::binary_iarchive,class boost::serialization::item_version_type>(class boost::archive::binary_iarchive &,class boost::serialization::nvp<class boost::serialization::item_version_type> &,unsigned int)",nvp.hpp,0x140288c60
boost::serialization::typeid_system::extended_type_info_typeid_0::is_less_than,0.002000,0.0,0.0,0.0,0.0,0.0,0.0,0.0,0.0,0.0,0.0,0.0,0,1100033,0,frankycpp_v1.8.exe,boost::serialization::typeid_system::extended_type_info_typeid_0::is_less_than(class boost::serialization::extended_type_info const &),extended_type_info_typeid.cpp,0x1402b9360
chess::Bitboard::operator bool,0.002000,0.0,0.0,0.0,0.0,0.0,0.0,0.0,0.0,0.0,0.0,0.0,6700201,2600078,0,frankycpp_v1.8.exe,chess::Bitboard::operator bool,bitboard.h,0x140269f78
chess::Bitboard::operator^=,0.002000,0.0,0.0,0.0,0.0,0.0,0.0,0.0,0.0,0.0,0.0,0.0,18800564,14300429,0,frankycpp_v1.8.exe,chess::Bitboard::operator^=,bitboard.h,0x14029e7ec
chess::Bitboard::operator|=,0.002000,0.0,0.0,0.0,0.0,0.0,40.8,,0.0,0.0,0.0,0.0,19500585,26600798,0,frankycpp_v1.8.exe,chess::Bitboard::operator|=,bitboard.h,0x14026a706
chess::Bitboard::popLSB,0.002000,0.0,0.0,0.0,0.0,0.0,0.0,26.7,0.0,0.0,0.0,0.0,2800084,9600288,0,frankycpp_v1.8.exe,chess::Bitboard::popLSB,bitboard.h,0x140269a30
chess::CastlingRights::operator-=,0.002000,0.0,0.0,0.0,0.0,0.0,0.0,0.0,0.0,0.0,0.0,0.0,5200156,1600048,0,frankycpp_v1.8.exe,chess::CastlingRights::operator-=,castlingrights.h,0x14025bc66
chess::Move::from,0.002000,0.0,0.0,0.0,0.0,0.0,0.0,0.0,0.0,0.0,0.0,0.0,2000060,1200036,0,frankycpp_v1.8.exe,chess::Move::from,move.h,0x14025b9bf
chess::Move::operator==,0.002000,0.0,0.0,0.0,0.0,0.0,0.0,,0.0,0.0,0.0,0.0,50501515,5500165,0,frankycpp_v1.8.exe,chess::Move::operator==,PVTable.h,0x140220508
chess::Move::operator==,0.002000,100.0,100.0,0.0,0.0,0.0,0.0,,,,,,3300099,2600078,0,frankycpp_v1.8.exe,chess::Move::operator==,PVTable.h,0x140260fc3
chess::Move::operator==,0.002000,0.0,0.0,0.0,0.0,0.0,0.0,0.0,0.0,0.0,0.0,0.0,0,0,0,frankycpp_v1.8.exe,chess::Move::operator==,PVTable.h,0x140261023
chess::Move::stripped,0.002000,0.0,0.0,0.0,0.0,0.0,0.0,0.0,0.0,,,,3800114,0,0,frankycpp_v1.8.exe,chess::Move::stripped,move.h,0x140260fc0
chess::Move::to,0.002000,,0.0,100.0,0.0,0.0,0.0,,0.0,,,,15300459,7600228,0,frankycpp_v1.8.exe,chess::Move::to,move.h,0x1402208df
chess::Move::to,0.002000,0.0,0.0,0.0,0.0,0.0,0.0,0.0,0.0,0.0,0.0,0.0,4400132,1100033,0,frankycpp_v1.8.exe,chess::Move::to,move.h,0x1402209d0
chess::Move::type,0.002000,0.0,0.0,0.0,0.0,0.0,0.0,,0.0,,,,16200486,8600258,0,frankycpp_v1.8.exe,chess::Move::type,move.h,0x1402208fc
chess::Move::type,0.002000,0.0,0.0,0.0,0.0,0.0,0.0,0.0,0.0,,,,5500165,2200066,0,frankycpp_v1.8.exe,chess::Move::type,move.h,0x1402215f7
chess::MoveGenerator::generateLegalMoves,0.002000,0.0,0.0,0.0,0.0,0.0,0.0,0.0,0.0,0.0,0.0,0.0,800024,1900057,0,frankycpp_v1.8.exe,"chess::MoveGenerator::generateLegalMoves(class chess::Position const &,enum chess::GenMode)",MoveGenerator.cpp,0x140260d40
chess::Position::clearEnPassant,0.002000,0.0,0.0,0.0,0.0,0.0,0.0,0.0,0.0,0.0,0.0,0.0,2200066,0,0,frankycpp_v1.8.exe,chess::Position::clearEnPassant,Position.cpp,0x14025c124
chess::Position::getLastMove,0.002000,0.0,,0.0,0.0,0.0,0.0,0.0,0.0,0.0,0.0,0.0,27000810,11400342,0,frankycpp_v1.8.exe,chess::Position::getLastMove,Position.h,0x140220a8f
chess::Position::getNextPlayer,0.002000,0.0,0.0,0.0,0.0,0.0,0.0,,0.0,0.0,0.0,0.0,7500225,2200066,0,frankycpp_v1.8.exe,chess::Position::getNextPlayer,Position.h,0x140263af9
chess::Position::getPiece,0.002000,0.0,0.0,0.0,0.0,0.0,0.0,0.0,0.0,0.0,0.0,0.0,0,1100033,0,frankycpp_v1.8.exe,chess::Position::getPiece,Position.h,0x1402610e3
chess::Position::getPieceBb,0.002000,0.0,0.0,0.0,0.0,0.0,0.0,0.0,0.0,0.0,0.0,0.0,11600348,3900117,0,frankycpp_v1.8.exe,chess::Position::getPieceBb,Position.h,0x140269a5d
chess::Position::getPieceBb,0.002000,,0.0,0.0,0.0,0.0,0.0,0.0,0.0,0.0,0.0,0.0,13400402,19300579,0,frankycpp_v1.8.exe,chess::Position::getPieceBb,Position.h,0x14026aa7d
chess::Position::isCapturingMove,0.002000,0.0,0.0,0.0,0.0,0.0,0.0,13.4,0.0,0.0,0.0,0.0,8800264,3600108,0,frankycpp_v1.8.exe,chess::Position::isCapturingMove,Position.h,0x1402208d0
chess::Value::operator int,0.002000,0.0,0.0,0.0,0.0,0.0,0.0,5.3,0.0,0.0,0.0,0.0,8100243,6100183,0,frankycpp_v1.8.exe,chess::Value::operator int,value.h,0x14025d7d5
chess::makePiece,0.002000,0.0,0.0,0.0,0.0,0.0,0.0,0.0,0.0,0.0,0.0,0.0,0,0,0,frankycpp_v1.8.exe,chess::makePiece,piece.h,0x14025dc2d
chess::moveValueGreaterComparator::operator(),0.002000,0.0,0.0,0.0,0.0,0.0,0.0,0.0,0.0,26.7,0.0,0.0,2200066,0,0,frankycpp_v1.8.exe,chess::moveValueGreaterComparator::operator(),move.h,0x14026512b
chess::operator&,0.002000,100.0,0.0,0.0,0.0,0.0,0.0,0.0,0.0,0.0,0.0,0.0,1900057,1200036,0,frankycpp_v1.8.exe,chess::operator&,bitboard.h,0x14026a048
chess::operator&,0.002000,0.0,0.0,0.0,0.0,0.0,0.0,0.0,0.0,0.0,0.0,0.0,7600228,2000060,0,frankycpp_v1.8.exe,chess::operator&,bitboard.h,0x14026b24c
chess::operator&,0.002000,0.0,0.0,0.0,0.0,0.0,0.0,0.0,0.0,0.0,0.0,0.0,2400072,2800084,0,frankycpp_v1.8.exe,chess::operator&,bitboard.h,0x14029eb2b
chess::operator&,0.002000,0.0,0.0,0.0,0.0,0.0,0.0,0.0,0.0,,,,0,7100213,0,frankycpp_v1.8.exe,chess::operator&,bitboard.h,0x14026383b
chess::operator&,0.002000,0.0,0.0,0.0,0.0,0.0,0.0,0.0,0.0,0.0,0.0,0.0,0,0,0,frankycpp_v1.8.exe,chess::operator&,bitboard.h,0x14016c8d6
chess::operator&,0.002000,0.0,0.0,0.0,0.0,0.0,0.0,0.0,0.0,0.0,0.0,0.0,21600648,7400222,0,frankycpp_v1.8.exe,chess::operator&,bitboard.h,0x14025c2d3
chess::operator&,0.002000,0.0,0.0,0.0,0.0,0.0,0.0,0.0,0.0,,,,1100033,1100033,0,frankycpp_v1.8.exe,chess::operator&,bitboard.h,0x1402637c7
chess::operator*,0.002000,0.0,0.0,0.0,0.0,0.0,0.0,0.0,0.0,,,,13200396,8900267,0,frankycpp_v1.8.exe,chess::operator*,direction.h,0x1402638d8
chess::operator+,0.002000,0.0,0.0,0.0,0.0,0.0,0.0,,0.0,0.0,0.0,0.0,8500255,1900057,0,frankycpp_v1.8.exe,chess::operator+,value.h,0x140221211
chess::operator+,0.002000,0.0,0.0,0.0,0.0,0.0,0.0,0.0,0.0,0.0,0.0,0.0,0,400012,0,frankycpp_v1.8.exe,chess::operator+,direction.h,0x14026393d
chess::operator+=,0.002000,0.0,0.0,0.0,0.0,0.0,45.9,0.0,0.0,0.0,0.0,0.0,14900447,5200156,0,frankycpp_v1.8.exe,chess::operator+=,value.h,0x14026a64a
chess::operator-,0.002000,0.0,73.5,0.0,36.7,0.0,36.7,0.0,0.0,0.0,0.0,0.0,15900477,7000210,0,frankycpp_v1.8.exe,chess::operator-,value.h,0x14021f385
chess::operator-,0.002000,0.0,0.0,0.0,0.0,0.0,0.0,0.0,0.0,,,,37601128,12500375,0,frankycpp_v1.8.exe,chess::operator-,value.h,0x14029e8b0
chess::operator-=,0.002000,50.0,0.0,0.0,0.0,0.0,0.0,0.0,0.0,0.0,0.0,0.0,4900147,0,0,frankycpp_v1.8.exe,chess::operator-=,depth.h,0x1402204a4
chess::operator|,0.002000,0.0,0.0,0.0,0.0,0.0,0.0,0.0,0.0,,,,22900687,14000420,0,frankycpp_v1.8.exe,chess::operator|,bitboard.h,0x14025c3de
chess::operator~,0.002000,0.0,0.0,0.0,0.0,0.0,0.0,0.0,0.0,0.0,0.0,0.0,30200906,13100393,0,frankycpp_v1.8.exe,chess::operator~,color.h,0x1402208d0
chess::operator~,0.002000,0.0,0.0,0.0,0.0,0.0,0.0,0.0,0.0,0.0,0.0,0.0,7700231,2200066,0,frankycpp_v1.8.exe,chess::operator~,color.h,0x140263e7d
engine::PawnTT::getHash,0.002000,,0.0,0.0,0.0,0.0,0.0,12.6,0.0,0.0,0.0,0.0,0,1100033,0,frankycpp_v1.8.exe,engine::PawnTT::getHash,PawnTT.h,0x140267572
engine::Search::thread,0.002000,0.0,0.0,0.0,0.0,0.0,0.0,0.0,0.0,0.0,0.0,0.0,6800204,9300279,0,frankycpp_v1.8.exe,engine::Search::thread,Search.h,0x14021fca5
engine::TT::resize,0.002000,0.0,0.0,0.0,0.0,0.0,0.0,0.0,0.0,0.0,0.0,0.0,0,0,0,frankycpp_v1.8.exe,engine::TT::resize(unsigned __int64),TT.cpp,0x14026c8d0
func@0x140002c48,0.002000,0.0,0.0,0.0,0.0,0.0,0.0,0.0,0.0,0.0,0.0,0.0,0,0,0,prjflt.sys,func@0x140002c48,[Unknown],0x140002c48
func@0x140008dc8,0.002000,0.0,0.0,0.0,0.0,0.0,0.0,0.0,0.0,0.0,0.0,0.0,0,0,0,executioncontext.sys,func@0x140008dc8,[Unknown],0x140008dc8
func@0x140012780,0.002000,0.0,,0.0,,0.0,0.0,0.0,0.0,0.0,0.0,0.0,0,0,0,dxgkrnl.sys,func@0x140012780,[Unknown],0x140012780
func@0x14001ba00,0.002000,0.0,0.0,0.0,0.0,0.0,0.0,0.0,0.0,0.0,0.0,0.0,0,0,0,usbxhci.sys,func@0x14001ba00,[Unknown],0x14001ba00
func@0x140026fb0,0.002000,0.0,0.0,0.0,0.0,100.0,0.0,0.0,0.0,0.0,0.0,0.0,9900297,1100033,0,dxgmms2.sys,func@0x140026fb0,[Unknown],0x140026fb0
func@0x140049abf,0.002000,0.0,0.0,0.0,,,0.0,0.0,0.0,0.0,0.0,0.0,0,0,0,e2fn.sys,func@0x140049abf,[Unknown],0x140049abf
func@0x140049b80,0.002000,0.0,100.0,100.0,0.0,0.0,0.0,0.0,0.0,0.0,0.0,0.0,2200066,0,0,e2fn.sys,func@0x140049b80,[Unknown],0x140049b80
func@0x14009e61f,0.002000,0.0,0.0,0.0,0.0,0.0,0.0,0.0,0.0,0.0,0.0,0.0,1100033,0,0,nvlddmkm.sys,func@0x14009e61f,[Unknown],0x14009e61f
func@0x1400d3710,0.002000,0.0,0.0,0.0,0.0,0.0,0.0,0.0,0.0,0.0,0.0,0.0,0,0,0,tcpip.sys,func@0x1400d3710,[Unknown],0x1400d3710
func@0x1400e4520,0.002000,0.0,0.0,0.0,0.0,0.0,0.0,0.0,0.0,0.0,0.0,0.0,0,0,0,nvlddmkm.sys,func@0x1400e4520,[Unknown],0x1400e4520
func@0x1400f9060,0.002000,0.0,0.0,0.0,0.0,0.0,0.0,0.0,0.0,0.0,0.0,0.0,0,0,0,nvlddmkm.sys,func@0x1400f9060,[Unknown],0x1400f9060
func@0x14011f200,0.002000,,,,0.0,0.0,0.0,0.0,0.0,0.0,0.0,0.0,0,0,0,nvlddmkm.sys,func@0x14011f200,[Unknown],0x14011f200
func@0x140125790,0.002000,0.0,0.0,0.0,0.0,0.0,0.0,0.0,0.0,0.0,0.0,0.0,0,0,0,nvlddmkm.sys,func@0x140125790,[Unknown],0x140125790
func@0x140202060,0.002000,0.0,100.0,0.0,0.0,0.0,0.0,0.0,0.0,0.0,0.0,0.0,0,8800264,0,ntoskrnl.exe,func@0x140202060,[Unknown],0x140202060
func@0x1402227ca,0.002000,0.0,0.0,0.0,0.0,0.0,0.0,0.0,0.0,0.0,0.0,0.0,0,0,0,ntoskrnl.exe,func@0x1402227ca,[Unknown],0x1402227ca
func@0x1402585aa,0.002000,0.0,0.0,0.0,0.0,0.0,0.0,0.0,0.0,0.0,0.0,0.0,1100033,2200066,0,ntoskrnl.exe,func@0x1402585aa,[Unknown],0x1402585aa
func@0x14025f8ab,0.002000,0.0,0.0,0.0,0.0,0.0,0.0,0.0,0.0,0.0,0.0,0.0,0,0,0,ntoskrnl.exe,func@0x14025f8ab,[Unknown],0x14025f8ab
func@0x14026efa0,0.002000,0.0,0.0,0.0,0.0,0.0,0.0,0.0,0.0,0.0,0.0,0.0,0,0,0,ntoskrnl.exe,func@0x14026efa0,[Unknown],0x14026efa0
func@0x140289ad0,0.002000,,0.0,100.0,0.0,91.8,0.0,0.0,0.0,0.0,0.0,0.0,0,0,0,ntoskrnl.exe,func@0x140289ad0,[Unknown],0x140289ad0
func@0x14029b679,0.002000,0.0,0.0,0.0,0.0,0.0,0.0,0.0,0.0,0.0,0.0,0.0,0,1100033,0,ntoskrnl.exe,func@0x14029b679,[Unknown],0x14029b679
func@0x14029c7cc,0.002000,0.0,0.0,0.0,0.0,0.0,0.0,0.0,0.0,0.0,0.0,0.0,2200066,4400132,0,ntoskrnl.exe,func@0x14029c7cc,[Unknown],0x14029c7cc
func@0x1402b8658,0.002000,0.0,0.0,0.0,0.0,0.0,0.0,0.0,0.0,0.0,0.0,0.0,2200066,0,0,ntoskrnl.exe,func@0x1402b8658,[Unknown],0x1402b8658
func@0x1402ebf80,0.002000,0.0,,,,0.0,0.0,44.5,0.0,0.0,0.0,0.0,0,0,0,ntoskrnl.exe,func@0x1402ebf80,[Unknown],0x1402ebf80
func@0x1402ec8e8,0.002000,0.0,0.0,0.0,0.0,0.0,0.0,0.0,0.0,0.0,0.0,0.0,0,0,0,ntoskrnl.exe,func@0x1402ec8e8,[Unknown],0x1402ec8e8
func@0x14030e510,0.002000,0.0,0.0,0.0,0.0,0.0,0.0,0.0,0.0,0.0,0.0,0.0,0,0,0,nvlddmkm.sys,func@0x14030e510,[Unknown],0x14030e510
func@0x14033b990,0.002000,0.0,0.0,0.0,0.0,0.0,0.0,0.0,0.0,,,,7700231,1100033,0,ntoskrnl.exe,func@0x14033b990,[Unknown],0x14033b990
func@0x14033e9c1,0.002000,0.0,0.0,0.0,0.0,0.0,0.0,0.0,0.0,0.0,0.0,0.0,0,0,0,ntoskrnl.exe,func@0x14033e9c1,[Unknown],0x14033e9c1
func@0x140345300,0.002000,0.0,0.0,0.0,,,0.0,0.0,0.0,0.0,0.0,0.0,1100033,0,0,ntoskrnl.exe,func@0x140345300,[Unknown],0x140345300
func@0x1403b39fc,0.002000,0.0,0.0,0.0,0.0,0.0,0.0,,0.0,,,,800024,400012,0,ntoskrnl.exe,func@0x1403b39fc,[Unknown],0x1403b39fc
func@0x1403c61e0,0.002000,0.0,0.0,0.0,0.0,0.0,0.0,0.0,0.0,0.0,0.0,0.0,0,0,0,ntoskrnl.exe,func@0x1403c61e0,[Unknown],0x1403c61e0
func@0x1403c8760,0.002000,0.0,0.0,0.0,0.0,0.0,0.0,0.0,0.0,0.0,0.0,0.0,0,0,0,ntoskrnl.exe,func@0x1403c8760,[Unknown],0x1403c8760
func@0x1403d66b0,0.002000,0.0,0.0,0.0,0.0,0.0,0.0,,0.0,0.0,0.0,0.0,0,400012,0,ntoskrnl.exe,func@0x1403d66b0,[Unknown],0x1403d66b0
func@0x1404e8368,0.002000,,0.0,0.0,0.0,0.0,0.0,0.0,0.0,0.0,0.0,0.0,3300099,2200066,0,ntoskrnl.exe,func@0x1404e8368,[Unknown],0x1404e8368
func@0x1408d9d10,0.002000,0.0,0.0,0.0,0.0,0.0,0.0,0.0,0.0,0.0,0.0,0.0,0,0,0,ntoskrnl.exe,func@0x1408d9d10,[Unknown],0x1408d9d10
func@0x140c97c50,0.002000,0.0,0.0,100.0,0.0,0.0,0.0,0.0,0.0,0.0,0.0,0.0,0,0,0,nvlddmkm.sys,func@0x140c97c50,[Unknown],0x140c97c50
func@0x140cbb800,0.002000,0.0,0.0,0.0,0.0,0.0,0.0,0.0,0.0,0.0,0.0,0.0,0,0,0,nvlddmkm.sys,func@0x140cbb800,[Unknown],0x140cbb800
func@0x140cc2080,0.002000,0.0,0.0,0.0,0.0,0.0,0.0,0.0,0.0,0.0,0.0,0.0,0,0,0,nvlddmkm.sys,func@0x140cc2080,[Unknown],0x140cc2080
func@0x140ce48c0,0.002000,0.0,0.0,0.0,0.0,0.0,0.0,0.0,0.0,0.0,0.0,0.0,0,0,0,nvlddmkm.sys,func@0x140ce48c0,[Unknown],0x140ce48c0
func@0x18000b520,0.002000,0.0,0.0,0.0,0.0,0.0,0.0,0.0,0.0,0.0,0.0,0.0,0,1100033,0,fltmgr.sys,func@0x18000b520,[Unknown],0x18000b520
func@0x180011200,0.002000,0.0,0.0,0.0,0.0,0.0,0.0,0.0,0.0,,,,26400792,7700231,0,vcruntime140.dll,func@0x180011200,[Unknown],0x180011200
func@0x180078da1,0.002000,0.0,0.0,0.0,0.0,0.0,0.0,,0.0,,,,1100033,0,0,ntdll.dll,func@0x180078da1,[Unknown],0x180078da1
func@0x1d194,0.002000,0.0,0.0,100.0,91.8,0.0,0.0,0.0,0.0,0.0,0.0,0.0,0,0,0,sepdrv5.sys,func@0x1d194,[Unknown],0x1d194
func@0x24f60,0.002000,0.0,0.0,0.0,0.0,0.0,0.0,0.0,0.0,0.0,0.0,0.0,0,0,0,vtss.sys,func@0x24f60,[Unknown],0x24f60
memset,0.002000,,0.0,0.0,0.0,0.0,,0.0,0.0,,,,2200066,1100033,0,vcruntime140.dll,memset,[Unknown],0x1800126e0
round,0.002000,0.0,0.0,0.0,0.0,0.0,0.0,0.0,0.0,0.0,0.0,0.0,2200066,0,0,ucrtbase.dll,round,[Unknown],0x1800ab260
std::_Fnv1a_append_bytes,0.002000,0.0,0.0,0.0,0.0,0.0,0.0,0.0,0.0,0.0,0.0,0.0,13200396,2200066,0,frankycpp_v1.8.exe,std::_Fnv1a_append_bytes,type_traits,0x140282960
"std::_List_node<std::pair<unsigned __int64 const ,book::BookEntry>,void *>::_Freenode",0.002000,0.0,100.0,0.0,0.0,0.0,0.0,0.0,0.0,,,,0,0,0,frankycpp_v1.8.exe,"std::_List_node<std::pair<unsigned __int64 const ,book::BookEntry>,void *>::_Freenode",list,0x140239d73
"std::_Uninitialized_backout<std::_List_unchecked_iterator<std::_List_val<std::_List_simple_types<std::pair<unsigned __int64 const ,book::BookEntry> > > > *>::_Emplace_back",0.002000,0.0,0.0,0.0,0.0,0.0,0.0,0.0,0.0,0.0,0.0,0.0,0,0,0,frankycpp_v1.8.exe,"std::_Uninitialized_backout<std::_List_unchecked_iterator<std::_List_val<std::_List_simple_types<std::pair<unsigned __int64 const ,book::BookEntry> > > > *>::_Emplace_back",xmemory,0x14027f4c0
"std::array<chess::Bitboard,8>::operator[]",0.002000,0.0,0.0,0.0,0.0,0.0,0.0,0.0,0.0,0.0,0.0,0.0,5200156,1900057,0,frankycpp_v1.8.exe,"std::array<chess::Bitboard,8>::operator[]",array,0x14026381e
"std::array<chess::Move,128>::operator[]",0.002000,0.0,0.0,0.0,0.0,0.0,0.0,44.7,0.0,0.0,0.0,0.0,8000240,4400132,0,frankycpp_v1.8.exe,"std::array<chess::Move,128>::operator[]",array,0x14021f2d3
"std::array<chess::Value,25>::operator[]",0.002000,0.0,0.0,0.0,0.0,0.0,0.0,0.0,0.0,0.0,0.0,0.0,16500495,3400102,0,frankycpp_v1.8.exe,"std::array<chess::Value,25>::operator[]",array,0x140263f90
"std::array<chess::Value,25>::operator[]",0.002000,0.0,0.0,0.0,0.0,0.0,0.0,0.0,0.0,0.0,0.0,0.0,0,0,0,frankycpp_v1.8.exe,"std::array<chess::Value,25>::operator[]",array,0x140263eb4
"std::array<engine::PlyInfo,128>::operator[]",0.002000,0.0,100.0,0.0,73.5,0.0,0.0,0.0,0.0,0.0,0.0,0.0,25800774,7400222,0,frankycpp_v1.8.exe,"std::array<engine::PlyInfo,128>::operator[]",array,0x14021ff0c
"std::array<int,64>::operator[]",0.002000,0.0,0.0,0.0,0.0,0.0,0.0,,0.0,,,,4100123,1100033,0,frankycpp_v1.8.exe,"std::array<int,64>::operator[]",array,0x14026b08d
"std::array<int,64>::operator[]",0.002000,0.0,0.0,0.0,0.0,0.0,0.0,0.0,0.0,0.0,0.0,0.0,38001140,5900177,0,frankycpp_v1.8.exe,"std::array<int,64>::operator[]",array,0x1402204c5
"std::array<int,64>::operator[]",0.002000,0.0,0.0,0.0,0.0,0.0,0.0,0.0,0.0,0.0,0.0,0.0,0,4800144,0,frankycpp_v1.8.exe,"std::array<int,64>::operator[]",array,0x140220a53
"std::basic_streambuf<char,std::char_traits<char> >::_Gnavail",0.002000,0.0,0.0,0.0,0.0,0.0,0.0,0.0,0.0,0.0,0.0,0.0,6600198,3300099,0,frankycpp_v1.8.exe,"std::basic_streambuf<char,std::char_traits<char> >::_Gnavail",streambuf,0x14011a59f
std::countr_zero,0.002000,0.0,0.0,0.0,0.0,0.0,0.0,0.0,0.0,0.0,0.0,0.0,10800324,9800294,0,frankycpp_v1.8.exe,std::countr_zero,bit,0x140263ce4
std::countr_zero,0.002000,0.0,0.0,0.0,0.0,0.0,0.0,0.0,0.0,,,,6400192,1100033,0,frankycpp_v1.8.exe,std::countr_zero,bit,0x14026b080
std::min,0.002000,0.0,0.0,0.0,0.0,0.0,0.0,0.0,0.0,0.0,0.0,0.0,3400102,800024,0,frankycpp_v1.8.exe,std::min,utility,0x14021f38c
std::popcount,0.002000,0.0,0.0,0.0,0.0,0.0,0.0,0.0,0.0,0.0,0.0,0.0,2600078,2200066,0,frankycpp_v1.8.exe,std::popcount,bit,0x14026a168
std::popcount,0.002000,0.0,0.0,0.0,0.0,0.0,0.0,0.0,0.0,0.0,0.0,0.0,12000360,1500045,0,frankycpp_v1.8.exe,std::popcount,bit,0x14026b263
"std::unique_ptr<engine::PawnTT::Entry [0],std::default_delete<engine::PawnTT::Entry [0]> >::operator[]",0.002000,100.0,0.0,0.0,91.8,0.0,0.0,,0.0,,,,1100033,0,0,frankycpp_v1.8.exe,"std::unique_ptr<engine::PawnTT::Entry [0],std::default_delete<engine::PawnTT::Entry [0]> >::operator[]",memory,0x140267579
"std::vector<chess::Move,std::allocator<chess::Move> >::reserve",0.002000,0.0,0.0,0.0,0.0,0.0,0.0,0.0,0.0,0.0,0.0,0.0,4400132,0,0,frankycpp_v1.8.exe,"std::vector<chess::Move,std::allocator<chess::Move> >::reserve",vector,0x1402902bf
"std::vector<unsigned __int64,std::allocator<unsigned __int64> >::resize",0.002000,0.0,0.0,0.0,0.0,0.0,0.0,0.0,0.0,0.0,0.0,0.0,2200066,4400132,0,frankycpp_v1.8.exe,"std::vector<unsigned __int64,std::allocator<unsigned __int64> >::resize",vector,0x1402929ac
EntropyProvideData,0.001000,0.0,0.0,0.0,0.0,0.0,0.0,,0.0,,,,0,0,0,cng.sys,EntropyProvideData,[Unknown],0x18002d0e0
ExFreePoolWithTag,0.001000,100.0,0.0,100.0,0.0,100.0,0.0,0.0,0.0,0.0,0.0,0.0,2200066,1100033,0,ntoskrnl.exe,ExFreePoolWithTag,[Unknown],0x140b71cd0
KeGetCurrentIrql,0.001000,0.0,0.0,0.0,0.0,0.0,0.0,0.0,0.0,0.0,0.0,0.0,5500165,1100033,0,ntoskrnl.exe,KeGetCurrentIrql,[Unknown],0x140415150
KeReleaseSpinLock,0.001000,50.0,0.0,61.2,0.0,0.0,0.0,,0.0,,,,6300189,6600198,0,ntoskrnl.exe,KeReleaseSpinLock,[Unknown],0x14024ee60
KeSetEvent,0.001000,0.0,0.0,0.0,100.0,0.0,0.0,0.0,0.0,,,,13200396,1500045,0,ntoskrnl.exe,KeSetEvent,[Unknown],0x1402736d0
MmUnlockPages,0.001000,,0.0,0.0,100.0,0.0,0.0,0.0,0.0,0.0,0.0,0.0,0,0,0,ntoskrnl.exe,MmUnlockPages,[Unknown],0x140269060
QueryPerformanceCounter,0.001000,0.0,0.0,0.0,0.0,0.0,0.0,0.0,0.0,0.0,,0.0,0,0,0,kernel32.dll,QueryPerformanceCounter,[Unknown],0x180023fb0
Query_perf_frequency,0.001000,0.0,0.0,0.0,0.0,0.0,0.0,0.0,0.0,0.0,0.0,0.0,0,0,0,msvcp140.dll,Query_perf_frequency,[Unknown],0x180012980
SleepConditionVariableSRW,0.001000,0.0,0.0,0.0,0.0,0.0,0.0,0.0,0.0,0.0,0.0,0.0,0,0,0,kernelbase.dll,SleepConditionVariableSRW,[Unknown],0x180041d40
__builtin_array_init_helper<class chess::Move>,0.001000,0.0,0.0,0.0,0.0,0.0,0.0,0.0,0.0,0.0,0.0,0.0,0,3300099,0,frankycpp_v1.8.exe,"__builtin_array_init_helper<class chess::Move>(class chess::Move *,unsigned __int64)",[Unknown],0x1401a06a0
chess::Bitboard::operator|=,0.001000,0.0,0.0,0.0,0.0,0.0,0.0,0.0,0.0,0.0,0.0,0.0,0,1900057,0,frankycpp_v1.8.exe,chess::Bitboard::operator|=,bitboard.h,0x14026a021
chess::Bitboard::popLSB,0.001000,0.0,0.0,0.0,0.0,0.0,0.0,0.0,0.0,0.0,0.0,0.0,0,0,0,frankycpp_v1.8.exe,chess::Bitboard::popLSB,bitboard.h,0x14026ab40
chess::Bitboard::popLSB,0.001000,0.0,0.0,0.0,0.0,0.0,0.0,0.0,0.0,0.0,0.0,0.0,2200066,1500045,0,frankycpp_v1.8.exe,chess::Bitboard::popLSB,bitboard.h,0x1402639b2
chess::Bitboard::popLSB,0.001000,0.0,0.0,0.0,0.0,0.0,0.0,0.0,0.0,0.0,0.0,0.0,15600468,3200096,0,frankycpp_v1.8.exe,chess::Bitboard::popLSB,bitboard.h,0x140269a70
chess::Bitboard::popLSB,0.001000,0.0,0.0,0.0,0.0,0.0,0.0,0.0,0.0,0.0,0.0,0.0,3200096,0,0,frankycpp_v1.8.exe,chess::Bitboard::popLSB,bitboard.h,0x14026a520
chess::Bitboard::{ctor},0.001000,0.0,100.0,0.0,0.0,0.0,0.0,20.0,0.0,0.0,0.0,0.0,10600318,7300219,0,frankycpp_v1.8.exe,chess::Bitboard::{ctor},bitboard.h,0x14029ea8c
chess::Color::{ctor},0.001000,0.0,0.0,0.0,0.0,0.0,0.0,,0.0,,,,0,400012,0,frankycpp_v1.8.exe,chess::Color::{ctor},color.h,0x1402610d6
chess::Direction::pawnPush,0.001000,0.0,0.0,0.0,0.0,0.0,0.0,0.0,0.0,53.4,0.0,0.0,0,2200066,0,frankycpp_v1.8.exe,chess::Direction::pawnPush,direction.h,0x14026399d
chess::Direction::pawnPush,0.001000,0.0,0.0,0.0,0.0,0.0,0.0,0.0,0.0,,,,5600168,400012,0,frankycpp_v1.8.exe,chess::Direction::pawnPush,direction.h,0x140263793
chess::Direction::pawnPush,0.001000,0.0,0.0,0.0,0.0,0.0,0.0,0.0,0.0,0.0,0.0,0.0,0,0,0,frankycpp_v1.8.exe,chess::Direction::pawnPush,direction.h,0x1402635fc
chess::Move::encode,0.001000,0.0,0.0,0.0,0.0,0.0,0.0,0.0,0.0,0.0,0.0,0.0,3000090,5500165,0,frankycpp_v1.8.exe,chess::Move::encode,move.h,0x1402632b2
chess::Move::from,0.001000,0.0,0.0,0.0,0.0,0.0,0.0,0.0,0.0,0.0,0.0,0.0,0,0,0,frankycpp_v1.8.exe,chess::Move::from,move.h,0x14025bed9
chess::Move::{ctor},0.001000,0.0,0.0,0.0,0.0,0.0,0.0,0.0,0.0,,,,3000090,3000090,0,frankycpp_v1.8.exe,chess::Move::{ctor},move.h,0x140263914
chess::MoveGenerator::generatePseudoLegalMoves,0.001000,0.0,0.0,0.0,0.0,0.0,0.0,0.0,0.0,,,,0,1100033,0,frankycpp_v1.8.exe,"chess::MoveGenerator::generatePseudoLegalMoves(class chess::Position const &,enum chess::GenMode,bool)",MoveGenerator.cpp,0x140260bd0
chess::Position::getEnPassantSquare,0.001000,0.0,0.0,0.0,0.0,0.0,0.0,0.0,0.0,0.0,0.0,0.0,2200066,8500255,0,frankycpp_v1.8.exe,chess::Position::getEnPassantSquare,Position.h,0x1402634d2
chess::Position::getEnPassantSquare,0.001000,0.0,0.0,0.0,0.0,0.0,0.0,,0.0,0.0,0.0,0.0,9600288,1500045,0,frankycpp_v1.8.exe,chess::Position::getEnPassantSquare,Position.h,0x14029e9a4
chess::Position::getPiece,0.001000,0.0,0.0,0.0,0.0,0.0,0.0,0.0,0.0,0.0,0.0,0.0,4500135,5500165,0,frankycpp_v1.8.exe,chess::Position::getPiece,Position.h,0x140263058
chess::Position::getPieceBb,0.001000,0.0,0.0,0.0,0.0,0.0,0.0,0.0,0.0,0.0,0.0,0.0,11600348,3200096,0,frankycpp_v1.8.exe,chess::Position::getPieceBb,Position.h,0x14029eaed
chess::Position::getPieceBb,0.001000,0.0,0.0,0.0,0.0,0.0,0.0,0.0,100.0,0.0,0.0,0.0,800024,4900147,0,frankycpp_v1.8.exe,chess::Position::getPieceBb,Position.h,0x1402699f5
chess::Position::isCapturingMove,0.001000,0.0,0.0,0.0,0.0,0.0,0.0,,0.0,0.0,0.0,0.0,1600048,400012,0,frankycpp_v1.8.exe,chess::Position::isCapturingMove,Position.h,0x14022052b
chess::Position::isLegalMove,0.001000,0.0,0.0,0.0,0.0,0.0,0.0,0.0,0.0,0.0,0.0,0.0,6600198,8800264,0,frankycpp_v1.8.exe,chess::Position::isLegalMove(class chess::Move),Position.cpp,0x14025c800
chess::Square::rank,0.001000,0.0,0.0,0.0,0.0,0.0,0.0,0.0,0.0,0.0,0.0,0.0,1600048,3600108,0,frankycpp_v1.8.exe,chess::Square::rank,square.h,0x14026a797
chess::StaticMoveList<256>::push_back,0.001000,0.0,0.0,0.0,0.0,0.0,0.0,,0.0,0.0,0.0,0.0,0,0,0,frankycpp_v1.8.exe,chess::StaticMoveList<256>::push_back,staticmovelist.h,0x1402640af
chess::StaticMoveList<256>::push_back,0.001000,0.0,0.0,0.0,0.0,0.0,0.0,0.0,0.0,0.0,0.0,0.0,0,1100033,0,frankycpp_v1.8.exe,chess::StaticMoveList<256>::push_back,staticmovelist.h,0x140263354
chess::Value::isValid,0.001000,0.0,0.0,0.0,0.0,0.0,0.0,0.0,0.0,0.0,0.0,0.0,1600048,800024,0,frankycpp_v1.8.exe,chess::Value::isValid,value.h,0x14021f4f7
chess::Value::operator int,0.001000,,0.0,100.0,61.2,0.0,0.0,0.0,0.0,0.0,0.0,0.0,8500255,2600078,0,frankycpp_v1.8.exe,chess::Value::operator int,value.h,0x140220edc
chess::Value::{ctor},0.001000,50.0,0.0,0.0,0.0,0.0,0.0,0.0,0.0,0.0,0.0,0.0,1900057,3300099,0,frankycpp_v1.8.exe,chess::Value::{ctor},value.h,0x14021fa3d
chess::Value::{ctor},0.001000,0.0,0.0,0.0,0.0,0.0,0.0,0.0,0.0,,,,0,0,0,frankycpp_v1.8.exe,chess::Value::{ctor},value.h,0x1402217c0
chess::Value::{ctor},0.001000,0.0,0.0,0.0,0.0,0.0,0.0,0.0,0.0,0.0,0.0,0.0,0,0,0,frankycpp_v1.8.exe,chess::Value::{ctor},value.h,0x140220b1f
chess::operator!=,0.001000,0.0,0.0,0.0,0.0,0.0,0.0,0.0,0.0,,,,0,400012,0,frankycpp_v1.8.exe,chess::operator!=,color.h,0x14026a283
chess::operator&,0.001000,0.0,0.0,0.0,0.0,0.0,0.0,0.0,0.0,0.0,0.0,0.0,5500165,5700171,0,frankycpp_v1.8.exe,chess::operator&,bitboard.h,0x14029e91e
chess::operator&,0.001000,0.0,0.0,100.0,0.0,0.0,0.0,0.0,0.0,0.0,0.0,0.0,17000510,2700081,0,frankycpp_v1.8.exe,chess::operator&,bitboard.h,0x14026a66c
chess::operator&,0.001000,0.0,0.0,0.0,0.0,0.0,0.0,0.0,0.0,,,,12900387,3300099,0,frankycpp_v1.8.exe,chess::operator&,bitboard.h,0x140220a22
chess::operator&,0.001000,0.0,0.0,0.0,0.0,0.0,0.0,0.0,0.0,0.0,0.0,0.0,1600048,2400072,0,frankycpp_v1.8.exe,chess::operator&,bitboard.h,0x14029ea4f
chess::operator&,0.001000,0.0,0.0,0.0,0.0,0.0,0.0,0.0,0.0,0.0,0.0,0.0,3800114,800024,0,frankycpp_v1.8.exe,chess::operator&,bitboard.h,0x14022052f
chess::operator&,0.001000,0.0,0.0,0.0,0.0,0.0,0.0,0.0,0.0,0.0,0.0,0.0,4400132,5300159,0,frankycpp_v1.8.exe,chess::operator&,bitboard.h,0x14029ea80
chess::operator&,0.001000,0.0,0.0,0.0,0.0,0.0,0.0,0.0,0.0,0.0,0.0,0.0,24800744,8200246,0,frankycpp_v1.8.exe,chess::operator&,bitboard.h,0x14026a40f
chess::operator&,0.001000,0.0,0.0,0.0,0.0,0.0,0.0,0.0,0.0,0.0,0.0,0.0,0,1100033,0,frankycpp_v1.8.exe,chess::operator&,bitboard.h,0x140264123
chess::operator&,0.001000,,0.0,,,0.0,0.0,0.0,0.0,,,,0,0,0,frankycpp_v1.8.exe,chess::operator&,bitboard.h,0x140261353
chess::operator+,0.001000,0.0,0.0,0.0,0.0,0.0,0.0,0.0,0.0,0.0,0.0,0.0,0,1100033,0,frankycpp_v1.8.exe,chess::operator+,direction.h,0x14025c323
chess::operator+,0.001000,0.0,0.0,0.0,0.0,0.0,0.0,,0.0,,,,7300219,6000180,0,frankycpp_v1.8.exe,chess::operator+,value.h,0x1402699c1
chess::operator+,0.001000,0.0,0.0,0.0,0.0,0.0,0.0,53.4,0.0,0.0,0.0,0.0,0,0,0,frankycpp_v1.8.exe,chess::operator+,depth.h,0x140220693
chess::operator+,0.001000,0.0,0.0,0.0,0.0,0.0,0.0,,0.0,,,,5500165,1100033,0,frankycpp_v1.8.exe,chess::operator+,value.h,0x14021fbd2
chess::operator+,0.001000,0.0,0.0,0.0,0.0,0.0,0.0,0.0,0.0,0.0,0.0,0.0,0,1100033,0,frankycpp_v1.8.exe,chess::operator+,direction.h,0x1402612ef
chess::operator++,0.001000,0.0,0.0,0.0,0.0,0.0,0.0,0.0,0.0,0.0,0.0,0.0,0,0,0,frankycpp_v1.8.exe,chess::operator++,depth.h,0x14021fc78
chess::operator+=,0.001000,0.0,0.0,0.0,0.0,0.0,0.0,0.0,0.0,,,,9500285,3000090,0,frankycpp_v1.8.exe,chess::operator+=,value.h,0x14026a773
chess::operator+=,0.001000,0.0,0.0,0.0,0.0,0.0,0.0,0.0,0.0,,,,4400132,2200066,0,frankycpp_v1.8.exe,chess::operator+=,value.h,0x14026a57e
chess::operator+=,0.001000,,0.0,0.0,0.0,0.0,0.0,0.0,0.0,,,,3300099,0,0,frankycpp_v1.8.exe,chess::operator+=,depth.h,0x140220524
chess::operator+=,0.001000,0.0,0.0,0.0,0.0,0.0,0.0,0.0,0.0,0.0,0.0,0.0,3000090,3000090,0,frankycpp_v1.8.exe,chess::operator+=,value.h,0x14026a2fd
chess::operator+=,0.001000,0.0,0.0,0.0,0.0,0.0,0.0,0.0,0.0,,,,400012,2600078,0,frankycpp_v1.8.exe,chess::operator+=,value.h,0x14026b50a
chess::operator-,0.001000,0.0,0.0,0.0,0.0,0.0,0.0,0.0,0.0,0.0,0.0,0.0,7700231,1100033,0,frankycpp_v1.8.exe,chess::operator-,value.h,0x140262fcc
chess::operator-,0.001000,0.0,0.0,0.0,0.0,0.0,0.0,0.0,0.0,0.0,0.0,0.0,1900057,4900147,0,frankycpp_v1.8.exe,chess::operator-,value.h,0x140263d18
chess::operator-,0.001000,0.0,0.0,0.0,0.0,0.0,0.0,0.0,0.0,0.0,0.0,0.0,0,0,0,frankycpp_v1.8.exe,chess::operator-,value.h,0x14021fd76
chess::operator==,0.001000,0.0,0.0,0.0,0.0,0.0,0.0,,0.0,,,,800024,1900057,0,frankycpp_v1.8.exe,chess::operator==,castlingrights.h,0x14021f619
chess::operator>,0.001000,33.3,0.0,0.0,0.0,0.0,0.0,0.0,0.0,0.0,0.0,0.0,20600618,13600408,0,frankycpp_v1.8.exe,chess::operator>,value.h,0x14021faa1
chess::operator|,0.001000,0.0,0.0,0.0,0.0,0.0,0.0,0.0,0.0,0.0,0.0,0.0,7800234,23200696,0,frankycpp_v1.8.exe,chess::operator|,bitboard.h,0x140263685
chess::operator|,0.001000,0.0,0.0,0.0,0.0,0.0,0.0,0.0,0.0,0.0,0.0,0.0,3000090,1200036,0,frankycpp_v1.8.exe,chess::operator|,bitboard.h,0x14029e70a
chess::operator~,0.001000,0.0,0.0,0.0,0.0,0.0,0.0,0.0,0.0,0.0,0.0,0.0,0,0,0,frankycpp_v1.8.exe,chess::operator~,color.h,0x140269f56
chess::typeOf,0.001000,0.0,0.0,0.0,0.0,0.0,0.0,0.0,0.0,,,,25300759,14700441,0,frankycpp_v1.8.exe,chess::typeOf,piece.h,0x14026305b
engine::Evaluator::valueFromScore,0.001000,0.0,0.0,17.5,0.0,0.0,0.0,0.0,0.0,0.0,0.0,0.0,10700321,4100123,0,frankycpp_v1.8.exe,engine::Evaluator::valueFromScore,Evaluator.cpp,0x140269d85
engine::PVTable::update,0.001000,0.0,0.0,0.0,0.0,0.0,0.0,0.0,0.0,,,,0,0,0,frankycpp_v1.8.exe,engine::PVTable::update,PVTable.h,0x14021f13c
engine::Search::drawScore,0.001000,0.0,0.0,0.0,0.0,0.0,0.0,0.0,0.0,,,,0,0,0,frankycpp_v1.8.exe,engine::Search::drawScore(class chess::Position const &),Search.cpp,0x140225b00
engine::Search::rootSearch,0.001000,0.0,0.0,0.0,0.0,0.0,0.0,0.0,0.0,0.0,,0.0,15400462,2200066,0,frankycpp_v1.8.exe,"engine::Search::rootSearch(class chess::Position &,enum chess::Depth,class chess::Value,class chess::Value,int)",Search.cpp,0x14021ee80
engine::Search::thread,0.001000,0.0,0.0,0.0,0.0,0.0,0.0,0.0,0.0,,,,6600198,6600198,0,frankycpp_v1.8.exe,engine::Search::thread,Search.h,0x14021faff
engine::Search::thread,0.001000,0.0,0.0,0.0,0.0,0.0,0.0,0.0,0.0,0.0,0.0,0.0,0,1100033,0,frankycpp_v1.8.exe,engine::Search::thread,Search.h,0x14021fb5b
engine::TT::Entry::{ctor},0.001000,0.0,0.0,0.0,0.0,0.0,0.0,53.4,0.0,0.0,0.0,0.0,2000060,0,0,frankycpp_v1.8.exe,engine::TT::Entry::{ctor},TT.h,0x14026d6b7
func@0x1328c,0.001000,0.0,0.0,,0.0,,0.0,0.0,0.0,0.0,0.0,0.0,0,0,0,sepdrv5.sys,func@0x1328c,[Unknown],0x1328c
func@0x140002b5e,0.001000,0.0,0.0,0.0,0.0,0.0,0.0,0.0,0.0,0.0,0.0,0.0,13200396,6600198,0,wpprecorder.sys,func@0x140002b5e,[Unknown],0x140002b5e
func@0x1400061fb,0.001000,0.0,0.0,0.0,0.0,0.0,0.0,0.0,0.0,0.0,0.0,0.0,0,0,0,ucx01000.sys,func@0x1400061fb,[Unknown],0x1400061fb
func@0x140006780,0.001000,0.0,0.0,,,0.0,0.0,0.0,0.0,0.0,0.0,0.0,0,0,0,wdf01000.sys,func@0x140006780,[Unknown],0x140006780
func@0x14000acc0,0.001000,0.0,0.0,0.0,0.0,0.0,0.0,0.0,0.0,0.0,0.0,0.0,0,0,0,nvlddmkm.sys,func@0x14000acc0,[Unknown],0x14000acc0
func@0x14000c1a0,0.001000,0.0,0.0,0.0,0.0,0.0,0.0,0.0,0.0,0.0,0.0,0.0,0,0,0,stornvme.sys,func@0x14000c1a0,[Unknown],0x14000c1a0
func@0x140012948,0.001000,0.0,0.0,100.0,0.0,0.0,0.0,0.0,0.0,0.0,0.0,0.0,1100033,0,0,usbxhci.sys,func@0x140012948,[Unknown],0x140012948
func@0x14001581f,0.001000,0.0,0.0,0.0,0.0,0.0,0.0,0.0,0.0,0.0,0.0,0.0,0,0,0,wdf01000.sys,func@0x14001581f,[Unknown],0x14001581f
func@0x140015d90,0.001000,0.0,0.0,0.0,0.0,0.0,0.0,0.0,0.0,0.0,0.0,0.0,4400132,0,0,dxgmms2.sys,func@0x140015d90,[Unknown],0x140015d90
func@0x14001ca30,0.001000,0.0,0.0,0.0,0.0,0.0,0.0,0.0,0.0,0.0,0.0,0.0,0,1100033,0,wdf01000.sys,func@0x14001ca30,[Unknown],0x14001ca30
func@0x140021430,0.001000,0.0,0.0,0.0,,,0.0,0.0,0.0,0.0,0.0,0.0,0,0,0,nvlddmkm.sys,func@0x140021430,[Unknown],0x140021430
func@0x140025370,0.001000,0.0,100.0,0.0,0.0,0.0,0.0,0.0,0.0,0.0,0.0,0.0,0,1100033,0,wdf01000.sys,func@0x140025370,[Unknown],0x140025370
func@0x140026780,0.001000,0.0,0.0,0.0,0.0,0.0,0.0,0.0,0.0,0.0,0.0,0.0,1100033,1100033,0,wdf01000.sys,func@0x140026780,[Unknown],0x140026780
func@0x140028980,0.001000,0.0,0.0,100.0,0.0,100.0,0.0,0.0,0.0,0.0,0.0,0.0,0,0,0,dxgmms2.sys,func@0x140028980,[Unknown],0x140028980
func@0x14002d210,0.001000,0.0,0.0,0.0,0.0,0.0,0.0,0.0,0.0,0.0,0.0,0.0,0,0,0,acpi.sys,func@0x14002d210,[Unknown],0x14002d210
func@0x1400b3250,0.001000,0.0,0.0,0.0,0.0,0.0,0.0,0.0,0.0,0.0,0.0,0.0,0,0,0,nvlddmkm.sys,func@0x1400b3250,[Unknown],0x1400b3250
func@0x1400dbec0,0.001000,0.0,0.0,0.0,0.0,0.0,0.0,0.0,0.0,0.0,0.0,0.0,0,0,0,nvlddmkm.sys,func@0x1400dbec0,[Unknown],0x1400dbec0
func@0x1400f91d0,0.001000,0.0,0.0,0.0,0.0,0.0,0.0,0.0,0.0,0.0,0.0,0.0,0,0,0,nvlddmkm.sys,func@0x1400f91d0,[Unknown],0x1400f91d0
func@0x1400f9dc0,0.001000,50.0,0.0,0.0,0.0,0.0,0.0,0.0,0.0,0.0,0.0,0.0,3300099,1100033,0,nvlddmkm.sys,func@0x1400f9dc0,[Unknown],0x1400f9dc0
func@0x1400f9ec0,0.001000,0.0,0.0,0.0,0.0,0.0,0.0,0.0,0.0,0.0,0.0,0.0,5500165,0,0,nvlddmkm.sys,func@0x1400f9ec0,[Unknown],0x1400f9ec0
func@0x140100e60,0.001000,0.0,0.0,0.0,0.0,0.0,0.0,0.0,0.0,0.0,0.0,0.0,2200066,0,0,nvlddmkm.sys,func@0x140100e60,[Unknown],0x140100e60
func@0x140102710,0.001000,0.0,0.0,100.0,0.0,0.0,0.0,0.0,0.0,0.0,0.0,0.0,0,5500165,0,nvlddmkm.sys,func@0x140102710,[Unknown],0x140102710
func@0x140103210,0.001000,0.0,0.0,0.0,0.0,0.0,0.0,0.0,0.0,0.0,0.0,0.0,0,1100033,0,nvlddmkm.sys,func@0x140103210,[Unknown],0x140103210
func@0x140122800,0.001000,0.0,0.0,0.0,,,0.0,0.0,0.0,0.0,0.0,0.0,0,1100033,0,nvlddmkm.sys,func@0x140122800,[Unknown],0x140122800
func@0x140128400,0.001000,0.0,0.0,0.0,0.0,0.0,0.0,0.0,0.0,0.0,0.0,0.0,0,0,0,nvlddmkm.sys,func@0x140128400,[Unknown],0x140128400
func@0x140202565,0.001000,0.0,0.0,0.0,0.0,0.0,0.0,0.0,0.0,0.0,0.0,0.0,0,0,0,ntoskrnl.exe,func@0x140202565,[Unknown],0x140202565
func@0x140255e80,0.001000,0.0,0.0,0.0,0.0,0.0,0.0,,0.0,0.0,0.0,0.0,0,800024,0,ntoskrnl.exe,func@0x140255e80,[Unknown],0x140255e80
func@0x140276e53,0.001000,0.0,0.0,0.0,0.0,0.0,0.0,0.0,0.0,0.0,0.0,0.0,0,0,0,ntoskrnl.exe,func@0x140276e53,[Unknown],0x140276e53
func@0x14028b2b0,0.001000,0.0,0.0,0.0,0.0,0.0,0.0,0.0,0.0,0.0,0.0,0.0,3300099,0,0,ntoskrnl.exe,func@0x14028b2b0,[Unknown],0x14028b2b0
func@0x1402942c0,0.001000,0.0,0.0,0.0,0.0,0.0,0.0,,0.0,,,,0,0,0,ntoskrnl.exe,func@0x1402942c0,[Unknown],0x1402942c0
func@0x1402960f0,0.001000,0.0,,,0.0,0.0,0.0,0.0,0.0,,,,9900297,0,0,ntoskrnl.exe,func@0x1402960f0,[Unknown],0x1402960f0
func@0x140299530,0.001000,0.0,0.0,0.0,0.0,0.0,0.0,0.0,0.0,0.0,0.0,0.0,0,0,0,nvlddmkm.sys,func@0x140299530,[Unknown],0x140299530
func@0x1402997f0,0.001000,0.0,0.0,0.0,0.0,0.0,0.0,0.0,0.0,0.0,0.0,0.0,800024,1500045,0,ntoskrnl.exe,func@0x1402997f0,[Unknown],0x1402997f0
func@0x14029b580,0.001000,,0.0,0.0,0.0,100.0,0.0,0.0,0.0,0.0,0.0,0.0,0,2600078,0,ntoskrnl.exe,func@0x14029b580,[Unknown],0x14029b580
func@0x14029bd64,0.001000,0.0,0.0,0.0,0.0,0.0,0.0,0.0,0.0,0.0,0.0,0.0,15400462,3300099,0,ntoskrnl.exe,func@0x14029bd64,[Unknown],0x14029bd64
func@0x14029d4f0,0.001000,0.0,0.0,0.0,0.0,0.0,0.0,0.0,0.0,,,,0,2200066,0,ntoskrnl.exe,func@0x14029d4f0,[Unknown],0x14029d4f0
func@0x14029dc10,0.001000,0.0,100.0,100.0,0.0,0.0,0.0,,0.0,,,,1100033,400012,0,ntoskrnl.exe,func@0x14029dc10,[Unknown],0x14029dc10
func@0x14029ddc3,0.001000,50.0,0.0,0.0,0.0,0.0,0.0,0.0,0.0,0.0,0.0,0.0,0,2200066,0,ntoskrnl.exe,func@0x14029ddc3,[Unknown],0x14029ddc3
func@0x14029e900,0.001000,0.0,0.0,0.0,0.0,0.0,0.0,0.0,0.0,0.0,0.0,0.0,0,0,0,ntoskrnl.exe,func@0x14029e900,[Unknown],0x14029e900
func@0x1402d5d60,0.001000,0.0,0.0,0.0,0.0,0.0,0.0,0.0,0.0,0.0,0.0,0.0,0,0,0,ntoskrnl.exe,func@0x1402d5d60,[Unknown],0x1402d5d60
func@0x1402e4940,0.001000,0.0,100.0,0.0,0.0,0.0,0.0,0.0,0.0,0.0,0.0,0.0,0,0,0,ntoskrnl.exe,func@0x1402e4940,[Unknown],0x1402e4940
func@0x1402e6740,0.001000,0.0,0.0,45.9,0.0,0.0,0.0,0.0,0.0,0.0,0.0,0.0,9900297,1100033,0,ntoskrnl.exe,func@0x1402e6740,[Unknown],0x1402e6740
func@0x1402e6e4e,0.001000,0.0,0.0,0.0,0.0,0.0,0.0,0.0,0.0,0.0,0.0,0.0,0,0,0,ntoskrnl.exe,func@0x1402e6e4e,[Unknown],0x1402e6e4e
func@0x1402e720f,0.001000,0.0,0.0,,,0.0,0.0,0.0,0.0,0.0,0.0,0.0,0,0,0,nvlddmkm.sys,func@0x1402e720f,[Unknown],0x1402e720f
func@0x1402e8030,0.001000,,,,,,0.0,0.0,0.0,0.0,0.0,0.0,2200066,0,0,ntoskrnl.exe,func@0x1402e8030,[Unknown],0x1402e8030
func@0x1402ebfd0,0.001000,0.0,,,0.0,0.0,0.0,,0.0,,,,6600198,2600078,0,ntoskrnl.exe,func@0x1402ebfd0,[Unknown],0x1402ebfd0
func@0x14030471c,0.001000,0.0,,,,,0.0,0.0,0.0,0.0,0.0,0.0,0,0,0,ntoskrnl.exe,func@0x14030471c,[Unknown],0x14030471c
func@0x140309bb0,0.001000,0.0,0.0,0.0,0.0,0.0,0.0,0.0,0.0,0.0,0.0,0.0,2200066,3300099,0,nvlddmkm.sys,func@0x140309bb0,[Unknown],0x140309bb0
func@0x14030dae0,0.001000,,0.0,0.0,0.0,0.0,0.0,0.0,0.0,0.0,0.0,0.0,0,0,0,nvlddmkm.sys,func@0x14030dae0,[Unknown],0x14030dae0
func@0x140318a60,0.001000,0.0,0.0,0.0,0.0,0.0,0.0,0.0,0.0,,0.0,0.0,0,0,0,ntoskrnl.exe,func@0x140318a60,[Unknown],0x140318a60
func@0x140327b30,0.001000,0.0,0.0,0.0,0.0,0.0,0.0,0.0,0.0,0.0,0.0,0.0,0,0,0,ntoskrnl.exe,func@0x140327b30,[Unknown],0x140327b30
func@0x14033d620,0.001000,0.0,0.0,0.0,0.0,0.0,0.0,0.0,0.0,0.0,0.0,0.0,0,0,0,ntoskrnl.exe,func@0x14033d620,[Unknown],0x14033d620
func@0x14033d9d0,0.001000,,16.7,0.0,0.0,16.7,0.0,0.0,0.0,0.0,0.0,0.0,1100033,0,0,ntoskrnl.exe,func@0x14033d9d0,[Unknown],0x14033d9d0
func@0x14033fa70,0.001000,0.0,0.0,0.0,0.0,0.0,0.0,0.0,0.0,0.0,0.0,0.0,1200036,0,0,ntoskrnl.exe,func@0x14033fa70,[Unknown],0x14033fa70
func@0x140340ba8,0.001000,0.0,0.0,0.0,0.0,0.0,0.0,,0.0,,,,1200036,0,0,ntoskrnl.exe,func@0x140340ba8,[Unknown],0x140340ba8
func@0x140342948,0.001000,0.0,0.0,0.0,0.0,0.0,0.0,0.0,0.0,,,,0,0,0,ntoskrnl.exe,func@0x140342948,[Unknown],0x140342948
func@0x140343680,0.001000,0.0,0.0,0.0,0.0,0.0,0.0,35.6,0.0,0.0,1.5,0.0,3500105,2300069,0,ntoskrnl.exe,func@0x140343680,[Unknown],0x140343680
func@0x14039c630,0.001000,0.0,0.0,0.0,0.0,0.0,0.0,0.0,0.0,0.0,0.0,0.0,0,0,0,nvlddmkm.sys,func@0x14039c630,[Unknown],0x14039c630
func@0x14039d4e0,0.001000,0.0,,0.0,0.0,0.0,0.0,0.0,0.0,0.0,0.0,0.0,0,0,0,nvlddmkm.sys,func@0x14039d4e0,[Unknown],0x14039d4e0
func@0x1403b5b08,0.001000,0.0,,,0.0,0.0,0.0,,0.0,,,,400012,0,0,ntoskrnl.exe,func@0x1403b5b08,[Unknown],0x1403b5b08
func@0x1403b71f0,0.001000,0.0,0.0,0.0,0.0,0.0,0.0,,0.0,0.0,0.0,0.0,0,0,0,ntoskrnl.exe,func@0x1403b71f0,[Unknown],0x1403b71f0
func@0x1403ba0ac,0.001000,0.0,0.0,0.0,0.0,0.0,0.0,0.0,0.0,0.0,0.0,0.0,0,0,0,ntoskrnl.exe,func@0x1403ba0ac,[Unknown],0x1403ba0ac
func@0x1403d68d4,0.001000,0.0,0.0,0.0,0.0,0.0,0.0,0.0,0.0,0.0,0.0,0.0,0,0,0,ntoskrnl.exe,func@0x1403d68d4,[Unknown],0x1403d68d4
func@0x1403ea474,0.001000,0.0,0.0,0.0,91.8,0.0,0.0,0.0,0.0,0.0,0.0,0.0,6600198,3300099,0,ntoskrnl.exe,func@0x1403ea474,[Unknown],0x1403ea474
func@0x14040f6d0,0.001000,0.0,100.0,0.0,0.0,0.0,0.0,0.0,0.0,0.0,2.8,0.0,0,0,0,ntoskrnl.exe,func@0x14040f6d0,[Unknown],0x14040f6d0
func@0x140415102,0.001000,0.0,0.0,0.0,0.0,0.0,0.0,,0.0,0.0,0.0,0.0,0,0,0,ntoskrnl.exe,func@0x140415102,[Unknown],0x140415102
func@0x1404e7969,0.001000,0.0,0.0,0.0,0.0,0.0,0.0,0.0,0.0,0.0,26.7,0.0,0,0,0,ntoskrnl.exe,func@0x1404e7969,[Unknown],0x1404e7969
func@0x1405e281c,0.001000,0.0,0.0,0.0,0.0,0.0,0.0,0.0,0.0,,,,0,0,0,ntoskrnl.exe,func@0x1405e281c,[Unknown],0x1405e281c
func@0x1406b0760,0.001000,0.0,0.0,0.0,0.0,0.0,0.0,,0.0,0.0,0.0,0.0,0,0,0,ntoskrnl.exe,func@0x1406b0760,[Unknown],0x1406b0760
func@0x1406b2990,0.001000,0.0,0.0,0.0,0.0,0.0,0.0,0.0,0.0,0.0,0.0,0.0,0,0,0,ntoskrnl.exe,func@0x1406b2990,[Unknown],0x1406b2990
func@0x14073d240,0.001000,0.0,0.0,0.0,0.0,0.0,0.0,0.0,0.0,0.0,0.0,0.0,0,0,0,nvlddmkm.sys,func@0x14073d240,[Unknown],0x14073d240
func@0x140c31d30,0.001000,0.0,0.0,0.0,0.0,0.0,0.0,0.0,0.0,0.0,0.0,0.0,1100033,0,0,nvlddmkm.sys,func@0x140c31d30,[Unknown],0x140c31d30
func@0x140c32000,0.001000,0.0,0.0,0.0,0.0,100.0,0.0,0.0,0.0,0.0,0.0,0.0,0,0,0,nvlddmkm.sys,func@0x140c32000,[Unknown],0x140c32000
func@0x140c8e240,0.001000,0.0,0.0,0.0,0.0,0.0,0.0,0.0,0.0,0.0,0.0,0.0,0,0,0,nvlddmkm.sys,func@0x140c8e240,[Unknown],0x140c8e240
func@0x140cc40b0,0.001000,0.0,0.0,0.0,0.0,0.0,0.0,0.0,0.0,0.0,0.0,0.0,0,0,0,nvlddmkm.sys,func@0x140cc40b0,[Unknown],0x140cc40b0
func@0x140ce4390,0.001000,0.0,0.0,0.0,0.0,0.0,0.0,0.0,0.0,0.0,0.0,0.0,0,0,0,nvlddmkm.sys,func@0x140ce4390,[Unknown],0x140ce4390
func@0x140cfe9d0,0.001000,0.0,0.0,0.0,0.0,0.0,0.0,0.0,0.0,0.0,0.0,0.0,0,0,0,nvlddmkm.sys,func@0x140cfe9d0,[Unknown],0x140cfe9d0
func@0x180007850,0.001000,0.0,0.0,0.0,0.0,0.0,0.0,0.0,0.0,0.0,0.0,0.0,0,1100033,0,dbghelp.dll,func@0x180007850,[Unknown],0x180007850
func@0x180007a54,0.001000,0.0,0.0,0.0,0.0,0.0,0.0,0.0,0.0,0.0,0.0,0.0,0,0,0,msvcrt.dll,func@0x180007a54,[Unknown],0x180007a54
func@0x18000b710,0.001000,0.0,0.0,0.0,0.0,0.0,0.0,0.0,0.0,0.0,0.0,0.0,0,0,0,ntdll.dll,func@0x18000b710,[Unknown],0x18000b710
func@0x180010d40,0.001000,0.0,0.0,0.0,0.0,0.0,0.0,0.0,0.0,0.0,0.0,0.0,0,0,0,ntdll.dll,func@0x180010d40,[Unknown],0x180010d40
func@0x1800192a0,0.001000,0.0,0.0,0.0,0.0,0.0,0.0,0.0,0.0,0.0,0.0,0.0,0,0,0,ucrtbase.dll,func@0x1800192a0,[Unknown],0x1800192a0
isatty,0.001000,0.0,0.0,0.0,0.0,0.0,0.0,0.0,0.0,0.0,0.0,0.0,0,0,0,ucrtbase.dll,isatty,[Unknown],0x1800ecc50
spdlog::logger::flush,0.001000,0.0,0.0,0.0,0.0,0.0,0.0,0.0,0.0,0.0,0.0,0.0,0,0,0,frankycpp_v1.8.exe,spdlog::logger::flush,logger-inl.h,0x14019a8c4
"std::array<chess::Bitboard,64>::operator[]",0.001000,0.0,0.0,,,0.0,0.0,0.0,0.0,0.0,0.0,0.0,10500315,2300069,0,frankycpp_v1.8.exe,"std::array<chess::Bitboard,64>::operator[]",array,0x14026a871
"std::array<chess::Bitboard,64>::operator[]",0.001000,0.0,100.0,0.0,0.0,0.0,0.0,0.0,0.0,0.0,0.0,0.0,14800444,14700441,0,frankycpp_v1.8.exe,"std::array<chess::Bitboard,64>::operator[]",array,0x14026a7e4
"std::array<chess::Bitboard,64>::operator[]",0.001000,0.0,0.0,0.0,0.0,0.0,0.0,,0.0,,,,3300099,1100033,0,frankycpp_v1.8.exe,"std::array<chess::Bitboard,64>::operator[]",array,0x14026a024
"std::array<chess::Bitboard,64>::operator[]",0.001000,0.0,0.0,0.0,0.0,0.0,0.0,0.0,0.0,,,,400012,0,0,frankycpp_v1.8.exe,"std::array<chess::Bitboard,64>::operator[]",array,0x1402215c2
"std::array<chess::HistoryState,1024>::operator[]",0.001000,0.0,0.0,0.0,0.0,0.0,0.0,,0.0,,,,0,2200066,0,frankycpp_v1.8.exe,"std::array<chess::HistoryState,1024>::operator[]",array,0x14025c1a0
"std::array<chess::Move,256>::operator[]",0.001000,0.0,,,0.0,0.0,0.0,,0.0,0.0,0.0,0.0,0,0,0,frankycpp_v1.8.exe,"std::array<chess::Move,256>::operator[]",array,0x14021ef12
"std::array<chess::Move,64>::operator[]",0.001000,0.0,0.0,0.0,0.0,0.0,0.0,0.0,0.0,,,,35701071,8500255,0,frankycpp_v1.8.exe,"std::array<chess::Move,64>::operator[]",array,0x140220aac
"std::array<chess::Value,25>::operator[]",0.001000,0.0,0.0,0.0,0.0,0.0,0.0,0.0,0.0,0.0,0.0,0.0,8800264,5500165,0,frankycpp_v1.8.exe,"std::array<chess::Value,25>::operator[]",array,0x140263e71
"std::array<std::array<chess::Bitboard,64>,2>::operator[]",0.001000,,0.0,0.0,0.0,0.0,0.0,0.0,0.0,,,,34901047,14000420,0,frankycpp_v1.8.exe,"std::array<std::array<chess::Bitboard,64>,2>::operator[]",array,0x14026a7e0
"std::basic_ostream<char,struct std::char_traits<char> >::operator<<",0.001000,0.0,0.0,0.0,0.0,0.0,0.0,0.0,0.0,0.0,0.0,0.0,400012,0,0,msvcp140.dll,"std::basic_ostream<char,struct std::char_traits<char> >::operator<<(int)",[Unknown],0x18003d320
std::countr_zero,0.001000,0.0,0.0,0.0,0.0,0.0,0.0,0.0,0.0,0.0,0.0,0.0,4400132,0,0,frankycpp_v1.8.exe,std::countr_zero,bit,0x14026a110
std::max,0.001000,0.0,0.0,0.0,0.0,0.0,0.0,,0.0,,,,0,1900057,0,frankycpp_v1.8.exe,std::max,utility,0x14021f37c
std::operator<<<struct std::char_traits<char> >,0.001000,0.0,0.0,0.0,0.0,0.0,0.0,0.0,0.0,0.0,0.0,0.0,0,1100033,0,frankycpp_v1.8.exe,"std::operator<<<struct std::char_traits<char> >(class std::basic_ostream<char,struct std::char_traits<char> > &,char const *)",__msvc_ostream.hpp,0x140162570
std::optional<engine::TT::Entry>::{ctor},0.001000,0.0,0.0,0.0,0.0,0.0,0.0,26.7,0.0,0.0,0.0,0.0,0,0,0,frankycpp_v1.8.exe,std::optional<engine::TT::Entry>::{ctor},optional,0x14026d6b7
std::popcount,0.001000,0.0,0.0,0.0,0.0,0.0,0.0,0.0,0.0,0.0,0.0,0.0,2200066,400012,0,frankycpp_v1.8.exe,std::popcount,bit,0x14026a172
std::popcount,0.001000,0.0,0.0,0.0,0.0,0.0,0.0,0.0,0.0,0.0,0.0,0.0,1900057,3300099,0,frankycpp_v1.8.exe,std::popcount,bit,0x14026a0c8
std::popcount,0.001000,0.0,0.0,0.0,0.0,0.0,0.0,0.0,,,,,4100123,3200096,0,frankycpp_v1.8.exe,std::popcount,bit,0x14026303b
std::popcount,0.001000,0.0,0.0,,,0.0,0.0,0.0,0.0,0.0,0.0,0.0,5500165,400012,0,frankycpp_v1.8.exe,std::popcount,bit,0x14025c9b9
"std::ranges::_Med3_common<chess::Move *,chess::moveValueGreaterComparator,std::identity>",0.001000,0.0,0.0,0.0,0.0,0.0,0.0,0.0,0.0,,,,3700111,1500045,0,frankycpp_v1.8.exe,"std::ranges::_Med3_common<chess::Move *,chess::moveValueGreaterComparator,std::identity>(class chess::Move *, class chess::Move *, class chess::Move *, struct chess::moveValueGreaterComparator, struct std::identity)",algorithm,0x140265100
std::ranges::_Swap::_Cpo::operator(),0.001000,0.0,0.0,0.0,0.0,0.0,0.0,0.0,0.0,0.0,0.0,0.0,0,0,0,frankycpp_v1.8.exe,std::ranges::_Swap::_Cpo::operator(),concepts,0x14026451b
std::ranges::_Swap::_Cpo::operator(),0.001000,0.0,0.0,0.0,0.0,0.0,0.0,0.0,0.0,0.0,0.0,0.0,0,2200066,0,frankycpp_v1.8.exe,std::ranges::_Swap::_Cpo::operator(),concepts,0x140265125
std::ranges::_Swap::_Cpo::operator(),0.001000,0.0,0.0,0.0,0.0,0.0,0.0,0.0,0.0,0.0,0.0,0.0,0,0,0,frankycpp_v1.8.exe,std::ranges::_Swap::_Cpo::operator(),concepts,0x1402644a5
EtwWrite,0.0,0.0,0.0,0.0,0.0,0.0,0.0,0.0,0.0,0.0,0.0,0.0,0,1100033,0,ntoskrnl.exe,EtwWrite,[Unknown],0x140413fe0
ExAcquireAutoExpandPushLockShared,0.0,0.0,0.0,0.0,0.0,0.0,0.0,0.0,0.0,0.0,0.0,0.0,0,1100033,0,ntoskrnl.exe,ExAcquireAutoExpandPushLockShared,[Unknown],0x1402f0a90
ExReleaseResourceLite,0.0,0.0,0.0,0.0,0.0,0.0,0.0,0.0,0.0,0.0,0.0,0.0,0,1100033,0,ntoskrnl.exe,ExReleaseResourceLite,[Unknown],0x14025b580
ExReleaseRundownProtectionCacheAwareEx,0.0,0.0,0.0,0.0,0.0,0.0,0.0,0.0,0.0,0.0,0.0,0.0,2200066,1100033,0,ntoskrnl.exe,ExReleaseRundownProtectionCacheAwareEx,[Unknown],0x14025a730
ExpInterlockedPopEntrySList,0.0,100.0,0.0,45.9,0.0,91.8,0.0,0.0,0.0,0.0,0.0,0.0,0,2200066,0,ntoskrnl.exe,ExpInterlockedPopEntrySList,[Unknown],0x1406b2dc0
ExpInterlockedPushEntrySList,0.0,0.0,0.0,0.0,0.0,28.3,0.0,0.0,0.0,0.0,0.0,0.0,0,1100033,0,ntoskrnl.exe,ExpInterlockedPushEntrySList,[Unknown],0x1406b2e00
IoGetCurrentProcess,0.0,0.0,0.0,0.0,0.0,0.0,0.0,0.0,0.0,0.0,0.0,0.0,0,1100033,0,ntoskrnl.exe,IoGetCurrentProcess,[Unknown],0x1404129e0
IoGetRelatedDeviceObject,0.0,0.0,0.0,0.0,0.0,0.0,0.0,0.0,0.0,0.0,0.0,0.0,0,1100033,0,ntoskrnl.exe,IoGetRelatedDeviceObject,[Unknown],0x1403a8fb0
IoGetTransactionParameterBlock,0.0,0.0,0.0,0.0,0.0,0.0,0.0,0.0,0.0,0.0,0.0,0.0,2200066,0,0,ntoskrnl.exe,IoGetTransactionParameterBlock,[Unknown],0x140406110
IoReleaseRemoveLockEx,0.0,0.0,0.0,0.0,0.0,0.0,0.0,0.0,0.0,0.0,0.0,0.0,1100033,0,0,ntoskrnl.exe,IoReleaseRemoveLockEx,[Unknown],0x140271740
KeAcquireInStackQueuedSpinLock,0.0,0.0,0.0,0.0,0.0,91.8,0.0,0.0,0.0,0.0,0.0,0.0,0,1100033,0,ntoskrnl.exe,KeAcquireInStackQueuedSpinLock,[Unknown],0x1402b1ca0
KeAddProcessorAffinityEx,0.0,0.0,0.0,0.0,0.0,0.0,0.0,0.0,0.0,0.0,0.0,0.0,800024,0,0,ntoskrnl.exe,KeAddProcessorAffinityEx,[Unknown],0x140258260
KeAndAffinityEx2,0.0,0.0,0.0,0.0,0.0,0.0,0.0,0.0,0.0,0.0,0.0,0.0,1200036,1500045,0,ntoskrnl.exe,KeAndAffinityEx2,[Unknown],0x1402052e0
KeEnumerateNextProcessor,0.0,0.0,0.0,0.0,0.0,0.0,0.0,0.0,0.0,,,,47001410,0,0,ntoskrnl.exe,KeEnumerateNextProcessor,[Unknown],0x140405530
KeFindFirstSetRightAffinityEx,0.0,0.0,0.0,0.0,0.0,0.0,0.0,0.0,0.0,0.0,0.0,0.0,2200066,0,0,ntoskrnl.exe,KeFindFirstSetRightAffinityEx,[Unknown],0x140202700
KeQueryTimeIncrement,0.0,0.0,0.0,0.0,0.0,0.0,0.0,0.0,0.0,0.0,0.0,0.0,0,1100033,0,ntoskrnl.exe,KeQueryTimeIncrement,[Unknown],0x140444aa0
KeReleaseInStackQueuedSpinLockFromDpcLevel,0.0,0.0,0.0,0.0,0.0,0.0,0.0,0.0,0.0,0.0,0.0,0.0,2200066,0,0,ntoskrnl.exe,KeReleaseInStackQueuedSpinLockFromDpcLevel,[Unknown],0x14031b620
KeWaitForMutexObject,0.0,0.0,0.0,0.0,0.0,0.0,0.0,0.0,0.0,0.0,0.0,0.0,0,1100033,0,ntoskrnl.exe,KeWaitForMutexObject,[Unknown],0x1402ef890
MmUnmapLockedPages,0.0,0.0,0.0,0.0,0.0,0.0,0.0,0.0,0.0,0.0,0.0,0.0,0,1100033,0,ntoskrnl.exe,MmUnmapLockedPages,[Unknown],0x14028eaf0
Mtx_unlock,0.0,0.0,0.0,0.0,0.0,0.0,0.0,0.0,0.0,0.0,0.0,0.0,0,400012,0,msvcp140.dll,Mtx_unlock,[Unknown],0x180012300
RtlAllocateHeap,0.0,0.0,0.0,0.0,0.0,100.0,0.0,0.0,0.0,0.0,0.0,0.0,2200066,0,0,ntdll.dll,RtlAllocateHeap,[Unknown],0x18001c240
RtlEnterCriticalSection,0.0,0.0,0.0,0.0,0.0,0.0,0.0,0.0,0.0,0.0,0.0,0.0,0,1100033,0,ntdll.dll,RtlEnterCriticalSection,[Unknown],0x18000d7f0
RtlFlsGetValue,0.0,0.0,0.0,0.0,0.0,0.0,0.0,0.0,0.0,0.0,0.0,0.0,0,1100033,0,ntdll.dll,RtlFlsGetValue,[Unknown],0x1800dc3b0
RtlGetNextExpiredTimerWheelEntry,0.0,0.0,0.0,0.0,0.0,100.0,0.0,0.0,0.0,0.0,0.0,0.0,0,0,0,netio.sys,RtlGetNextExpiredTimerWheelEntry,[Unknown],0x140033b90
RtlLeaveCriticalSection,0.0,0.0,0.0,0.0,0.0,0.0,0.0,0.0,0.0,0.0,0.0,0.0,2200066,400012,0,ntdll.dll,RtlLeaveCriticalSection,[Unknown],0x18000d8f0
RtlRbRemoveNode,0.0,0.0,100.0,0.0,91.8,0.0,0.0,0.0,0.0,0.0,0.0,0.0,0,1100033,0,ntoskrnl.exe,RtlRbRemoveNode,[Unknown],0x140304310
[Import thunk _std_type_info_compare],0.0,0.0,0.0,0.0,0.0,0.0,0.0,0.0,0.0,0.0,0.0,0.0,2200066,2200066,0,frankycpp_v1.8.exe,[Import thunk _std_type_info_compare],[Unknown],0x14061b89e
[Import thunk memcpy],0.0,0.0,0.0,0.0,0.0,0.0,0.0,0.0,0.0,0.0,0.0,0.0,2200066,0,0,frankycpp_v1.8.exe,[Import thunk memcpy],[Unknown],0x14061b8c2
_stdio_common_vsprintf_s,0.0,0.0,0.0,0.0,0.0,0.0,0.0,0.0,0.0,0.0,0.0,0.0,0,400012,0,ucrtbase.dll,_stdio_common_vsprintf_s,[Unknown],0x1800187f0
book::BookEntry::serialize,0.0,0.0,0.0,0.0,0.0,0.0,0.0,0.0,0.0,0.0,0.0,0.0,4400132,0,0,frankycpp_v1.8.exe,book::BookEntry::serialize,bookentry.h,0x14028d01b
boost::archive::basic_binary_iarchive<boost::archive::binary_iarchive>::load_override,0.0,0.0,0.0,0.0,0.0,0.0,0.0,0.0,0.0,0.0,0.0,0.0,8800264,1100033,0,frankycpp_v1.8.exe,boost::archive::basic_binary_iarchive<boost::archive::binary_iarchive>::load_override,basic_binary_iarchive.hpp,0x140288d9f
"boost::archive::basic_binary_iprimitive<boost::archive::binary_iarchive,char,std::char_traits<char> >::load_binary",0.0,0.0,0.0,0.0,0.0,0.0,0.0,0.0,0.0,0.0,0.0,0.0,0,1100033,0,frankycpp_v1.8.exe,"boost::archive::basic_binary_iprimitive<boost::archive::binary_iarchive,char,std::char_traits<char> >::load_binary",basic_binary_iprimitive.hpp,0x14028ee64
"boost::archive::basic_binary_iprimitive<boost::archive::binary_iarchive,char,std::char_traits<char> >::load_binary",0.0,0.0,0.0,0.0,0.0,0.0,0.0,0.0,0.0,0.0,0.0,0.0,2200066,1100033,0,frankycpp_v1.8.exe,"boost::archive::basic_binary_iprimitive<boost::archive::binary_iarchive,char,std::char_traits<char> >::load_binary",basic_binary_iprimitive.hpp,0x14028c0d4
boost::archive::detail::basic_iarchive_impl::load_object,0.0,0.0,0.0,0.0,0.0,0.0,0.0,0.0,0.0,0.0,0.0,0.0,0,2200066,0,frankycpp_v1.8.exe,boost::archive::detail::basic_iarchive_impl::load_object,basic_iarchive.cpp,0x1402aef21
boost::archive::detail::basic_iarchive_impl::load_preamble,0.0,0.0,0.0,0.0,0.0,0.0,0.0,0.0,0.0,0.0,0.0,0.0,13200396,3300099,0,frankycpp_v1.8.exe,"boost::archive::detail::basic_iarchive_impl::load_preamble(class boost::archive::detail::basic_iarchive &,class boost::archive::detail::basic_iarchive_impl::cobject_id &)",basic_iarchive.cpp,0x1402af580
boost::archive::detail::basic_serializer::operator<,0.0,0.0,0.0,0.0,0.0,0.0,0.0,0.0,0.0,0.0,0.0,0.0,2200066,3300099,0,frankycpp_v1.8.exe,boost::archive::detail::basic_serializer::operator<,basic_serializer.hpp,0x1402af7d8
boost::archive::detail::common_iarchive<boost::archive::binary_iarchive>::load_override,0.0,0.0,0.0,0.0,0.0,0.0,0.0,0.0,0.0,0.0,0.0,0.0,4400132,0,0,frankycpp_v1.8.exe,boost::archive::detail::common_iarchive<boost::archive::binary_iarchive>::load_override,common_iarchive.hpp,0x14028170b
boost::archive::detail::common_iarchive<boost::archive::binary_iarchive>::load_override,0.0,0.0,0.0,0.0,0.0,0.0,0.0,0.0,0.0,0.0,0.0,0.0,0,1100033,0,frankycpp_v1.8.exe,boost::archive::detail::common_iarchive<boost::archive::binary_iarchive>::load_override,common_iarchive.hpp,0x14028ee50
boost::archive::detail::common_iarchive<boost::archive::binary_iarchive>::load_override,0.0,0.0,0.0,0.0,0.0,0.0,0.0,0.0,0.0,0.0,0.0,0.0,2200066,0,0,frankycpp_v1.8.exe,boost::archive::detail::common_iarchive<boost::archive::binary_iarchive>::load_override,common_iarchive.hpp,0x14028c0c0
boost::archive::detail::interface_iarchive<class boost::archive::binary_iarchive>::operator>><unsigned int>,0.0,0.0,0.0,0.0,0.0,0.0,0.0,0.0,0.0,0.0,0.0,0.0,0,1100033,0,frankycpp_v1.8.exe,boost::archive::detail::interface_iarchive<class boost::archive::binary_iarchive>::operator>><unsigned int>(unsigned int &),interface_iarchive.hpp,0x1402816f0
"boost::archive::detail::iserializer<class boost::archive::binary_iarchive,class std::vector<unsigned __int64,class std::allocator<unsigned __int64> > >::load_object_data",0.0,0.0,0.0,0.0,0.0,0.0,0.0,0.0,0.0,0.0,0.0,0.0,2200066,0,0,frankycpp_v1.8.exe,"boost::archive::detail::iserializer<class boost::archive::binary_iarchive,class std::vector<unsigned __int64,class std::allocator<unsigned __int64> > >::load_object_data(class boost::archive::detail::basic_iarchive &,void *,unsigned int)",iserializer.hpp,0x140290920
"boost::archive::detail::iserializer<class boost::archive::binary_iarchive,struct std::pair<unsigned __int64 const ,class book::BookEntry> >::load_object_data",0.0,0.0,0.0,0.0,0.0,0.0,0.0,0.0,0.0,0.0,0.0,0.0,2200066,2200066,0,frankycpp_v1.8.exe,"boost::archive::detail::iserializer<class boost::archive::binary_iarchive,struct std::pair<unsigned __int64 const ,class book::BookEntry> >::load_object_data(class boost::archive::detail::basic_iarchive &,void *,unsigned int)",iserializer.hpp,0x14028ace0
"boost::archive::detail::iserializer<class boost::archive::binary_iarchive,struct std::pair<unsigned __int64 const ,class book::BookEntry> >::version",0.0,0.0,0.0,0.0,0.0,0.0,0.0,0.0,0.0,0.0,0.0,0.0,2200066,0,0,frankycpp_v1.8.exe,"boost::archive::detail::iserializer<class boost::archive::binary_iarchive,struct std::pair<unsigned __int64 const ,class book::BookEntry> >::version(void)",iserializer.hpp,0x14028ae10
boost::archive::object_id_type::{ctor},0.0,0.0,0.0,0.0,0.0,0.0,0.0,0.0,0.0,0.0,0.0,0.0,2200066,1100033,0,frankycpp_v1.8.exe,boost::archive::object_id_type::{ctor},basic_archive.hpp,0x1402aef96
boost::archive::version_type::{ctor},0.0,0.0,0.0,0.0,0.0,0.0,0.0,0.0,0.0,0.0,0.0,0.0,2200066,0,0,frankycpp_v1.8.exe,boost::archive::version_type::{ctor},basic_archive.hpp,0x140290a60
boost::archive::version_type::{ctor},0.0,0.0,0.0,0.0,0.0,0.0,0.0,0.0,0.0,0.0,0.0,0.0,2200066,1100033,0,frankycpp_v1.8.exe,boost::archive::version_type::{ctor},basic_archive.hpp,0x14028ae10
"boost::serialization::free_loader<boost::archive::binary_iarchive,boost::serialization::nvp<boost::serialization::item_version_type> >::invoke",0.0,0.0,0.0,0.0,0.0,0.0,0.0,0.0,0.0,0.0,0.0,0.0,0,1100033,0,frankycpp_v1.8.exe,"boost::serialization::free_loader<boost::archive::binary_iarchive,boost::serialization::nvp<boost::serialization::item_version_type> >::invoke",split_free.hpp,0x1402902a9
"boost::serialization::free_loader<boost::archive::binary_iarchive,boost::serialization::nvp<int> >::invoke",0.0,0.0,0.0,0.0,0.0,0.0,0.0,0.0,0.0,0.0,0.0,0.0,2200066,0,0,frankycpp_v1.8.exe,"boost::serialization::free_loader<boost::archive::binary_iarchive,boost::serialization::nvp<int> >::invoke",split_free.hpp,0x14028d065
"boost::serialization::load<class boost::archive::binary_iarchive,class book::BookEntry>",0.0,0.0,0.0,0.0,0.0,0.0,0.0,0.0,0.0,0.0,0.0,0.0,0,1100033,0,frankycpp_v1.8.exe,"boost::serialization::load<class boost::archive::binary_iarchive,class book::BookEntry>(class boost::archive::binary_iarchive &,class boost::serialization::nvp<class book::BookEntry> &,unsigned int)",nvp.hpp,0x14028c050
"boost::serialization::load<class boost::archive::binary_iarchive,class boost::serialization::collection_size_type>",0.0,0.0,0.0,0.0,0.0,0.0,0.0,0.0,0.0,0.0,0.0,0.0,6600198,2200066,0,frankycpp_v1.8.exe,"boost::serialization::load<class boost::archive::binary_iarchive,class boost::serialization::collection_size_type>(class boost::archive::binary_iarchive &,class boost::serialization::nvp<class boost::serialization::collection_size_type> &,unsigned int)",nvp.hpp,0x140288d70
"boost::serialization::load<class boost::archive::binary_iarchive,int>",0.0,0.0,,0.0,0.0,0.0,0.0,0.0,0.0,0.0,0.0,0.0,2200066,0,0,frankycpp_v1.8.exe,"boost::serialization::load<class boost::archive::binary_iarchive,int>(class boost::archive::binary_iarchive &,class boost::serialization::nvp<int> &,unsigned int)",nvp.hpp,0x14028ee30
"boost::serialization::load<class boost::archive::binary_iarchive,struct std::pair<unsigned __int64 const ,class book::BookEntry> >",0.0,0.0,0.0,0.0,0.0,0.0,0.0,0.0,0.0,0.0,0.0,0.0,0,1100033,0,frankycpp_v1.8.exe,"boost::serialization::load<class boost::archive::binary_iarchive,struct std::pair<unsigned __int64 const ,class book::BookEntry> >(class boost::archive::binary_iarchive &,class boost::serialization::nvp<struct std::pair<unsigned __int64 const ,class book::BookEntry> > &,unsigned int)",nvp.hpp,0x1402893b0
"boost::serialization::load<class boost::archive::binary_iarchive,unsigned __int64,class std::allocator<unsigned __int64> >",0.0,0.0,0.0,0.0,0.0,0.0,0.0,0.0,0.0,0.0,0.0,0.0,0,1100033,0,frankycpp_v1.8.exe,"boost::serialization::load<class boost::archive::binary_iarchive,unsigned __int64,class std::allocator<unsigned __int64> >(class boost::archive::binary_iarchive &,class std::vector<unsigned __int64,class std::allocator<unsigned __int64> > &,unsigned int,struct boost::mpl::bool_<1>)",vector.hpp,0x140292940
"boost::serialization::load<class boost::archive::binary_iarchive,unsigned __int64>",0.0,0.0,0.0,0.0,0.0,0.0,0.0,0.0,0.0,0.0,0.0,0.0,2200066,3300099,0,frankycpp_v1.8.exe,"boost::serialization::load<class boost::archive::binary_iarchive,unsigned __int64>(class boost::archive::binary_iarchive &,class boost::serialization::nvp<unsigned __int64> &,unsigned int)",nvp.hpp,0x14028c0a0
"boost::serialization::load<class boost::archive::binary_iarchive,unsigned int>",0.0,0.0,0.0,0.0,0.0,0.0,0.0,0.0,0.0,0.0,0.0,0.0,2200066,0,0,frankycpp_v1.8.exe,"boost::serialization::load<class boost::archive::binary_iarchive,unsigned int>(class boost::archive::binary_iarchive &,class boost::serialization::nvp<unsigned int> &,unsigned int)",nvp.hpp,0x140294000
boost::serialization::serialize,0.0,0.0,0.0,0.0,0.0,0.0,0.0,0.0,0.0,0.0,0.0,0.0,2200066,1100033,0,frankycpp_v1.8.exe,boost::serialization::serialize,utility.hpp,0x14028ad2b
"boost::serialization::singleton<boost::archive::detail::iserializer<boost::archive::binary_iarchive,book::BookEntry> >::get_const_instance",0.0,0.0,0.0,0.0,0.0,0.0,0.0,0.0,0.0,0.0,0.0,0.0,0,1100033,0,frankycpp_v1.8.exe,"boost::serialization::singleton<boost::archive::detail::iserializer<boost::archive::binary_iarchive,book::BookEntry> >::get_const_instance",singleton.hpp,0x14028c076
"boost::serialization::singleton<boost::archive::detail::iserializer<boost::archive::binary_iarchive,std::vector<chess::Move,std::allocator<chess::Move> > > >::get_const_instance",0.0,0.0,0.0,0.0,0.0,0.0,0.0,0.0,0.0,0.0,0.0,0.0,2200066,0,0,frankycpp_v1.8.exe,"boost::serialization::singleton<boost::archive::detail::iserializer<boost::archive::binary_iarchive,std::vector<chess::Move,std::allocator<chess::Move> > > >::get_const_instance",singleton.hpp,0x14028ee06
"boost::serialization::singleton<class boost::archive::detail::iserializer<class boost::archive::binary_iarchive,class book::BookEntry> >::get_instance",0.0,0.0,0.0,0.0,0.0,0.0,0.0,0.0,0.0,0.0,0.0,0.0,2200066,2200066,0,frankycpp_v1.8.exe,"boost::serialization::singleton<class boost::archive::detail::iserializer<class boost::archive::binary_iarchive,class book::BookEntry> >::get_instance(void)",singleton.hpp,0x14028d5c0
"boost::serialization::singleton<class boost::archive::detail::iserializer<class boost::archive::binary_iarchive,class chess::Move> >::get_instance",0.0,0.0,0.0,0.0,0.0,0.0,0.0,0.0,0.0,0.0,0.0,0.0,4400132,2200066,0,frankycpp_v1.8.exe,"boost::serialization::singleton<class boost::archive::detail::iserializer<class boost::archive::binary_iarchive,class chess::Move> >::get_instance(void)",singleton.hpp,0x140294890
"boost::serialization::singleton<class boost::archive::detail::iserializer<class boost::archive::binary_iarchive,class std::vector<class chess::Move,class std::allocator<class chess::Move> > > >::get_instance",0.0,0.0,0.0,0.0,0.0,0.0,0.0,0.0,0.0,0.0,0.0,0.0,4400132,1100033,0,frankycpp_v1.8.exe,"boost::serialization::singleton<class boost::archive::detail::iserializer<class boost::archive::binary_iarchive,class std::vector<class chess::Move,class std::allocator<class chess::Move> > > >::get_instance(void)",singleton.hpp,0x140290ac0
"boost::serialization::singleton<class boost::archive::detail::iserializer<class boost::archive::binary_iarchive,class std::vector<unsigned __int64,class std::allocator<unsigned __int64> > > >::get_instance",0.0,0.0,0.0,0.0,0.0,0.0,0.0,0.0,0.0,0.0,0.0,0.0,2200066,1100033,0,frankycpp_v1.8.exe,"boost::serialization::singleton<class boost::archive::detail::iserializer<class boost::archive::binary_iarchive,class std::vector<unsigned __int64,class std::allocator<unsigned __int64> > > >::get_instance(void)",singleton.hpp,0x140291090
"boost::serialization::smart_cast_reference<boost::archive::binary_iarchive &,boost::archive::detail::basic_iarchive>",0.0,0.0,0.0,0.0,0.0,0.0,0.0,0.0,0.0,0.0,0.0,0.0,2200066,0,0,frankycpp_v1.8.exe,"boost::serialization::smart_cast_reference<boost::archive::binary_iarchive &,boost::archive::detail::basic_iarchive>(class boost::archive::detail::basic_iarchive & const)",smart_cast.hpp,0x140286660
"boost::serialization::stl::collection_load_impl<class boost::archive::binary_iarchive,class std::vector<class chess::Move,class std::allocator<class chess::Move> > >",0.0,0.0,0.0,0.0,0.0,0.0,0.0,0.0,0.0,0.0,0.0,0.0,4400132,2200066,0,frankycpp_v1.8.exe,"boost::serialization::stl::collection_load_impl<class boost::archive::binary_iarchive,class std::vector<class chess::Move,class std::allocator<class chess::Move> > >(class boost::archive::binary_iarchive &,class std::vector<class chess::Move,class std::allocator<class chess::Move> > &,class boost::serialization::collection_size_type,class boost::serialization::item_version_type)",collections_load_imp.hpp,0x140292740
chess::Bitboard::lsb,0.0,0.0,0.0,0.0,0.0,0.0,0.0,0.0,0.0,0.0,0.0,0.0,3400102,4800144,0,frankycpp_v1.8.exe,chess::Bitboard::lsb,bitboard.h,0x14026304a
chess::Bitboard::operator bool,0.0,0.0,0.0,0.0,0.0,0.0,0.0,0.0,0.0,0.0,0.0,0.0,0,1100033,0,frankycpp_v1.8.exe,chess::Bitboard::operator bool,bitboard.h,0x1402638c6
chess::Bitboard::operator bool,0.0,0.0,0.0,0.0,0.0,0.0,0.0,0.0,0.0,,,,0,3000090,0,frankycpp_v1.8.exe,chess::Bitboard::operator bool,bitboard.h,0x14026ab69
chess::Bitboard::operator bool,0.0,0.0,0.0,0.0,0.0,0.0,0.0,,0.0,,,,0,1100033,0,frankycpp_v1.8.exe,chess::Bitboard::operator bool,bitboard.h,0x140263470
chess::Bitboard::operator|=,0.0,0.0,0.0,0.0,0.0,0.0,0.0,0.0,0.0,0.0,0.0,0.0,0,1500045,0,frankycpp_v1.8.exe,chess::Bitboard::operator|=,bitboard.h,0x14026a0a8
chess::Bitboard::popLSB,0.0,0.0,0.0,0.0,0.0,0.0,0.0,0.0,0.0,0.0,0.0,0.0,1200036,1100033,0,frankycpp_v1.8.exe,chess::Bitboard::popLSB,bitboard.h,0x14026b030
chess::Bitboard::popLSB,0.0,0.0,0.0,0.0,0.0,0.0,0.0,0.0,0.0,0.0,0.0,0.0,2200066,800024,0,frankycpp_v1.8.exe,chess::Bitboard::popLSB,bitboard.h,0x1402633f3
chess::Bitboard::popLSB,0.0,0.0,0.0,0.0,0.0,0.0,0.0,0.0,0.0,0.0,0.0,0.0,800024,0,0,frankycpp_v1.8.exe,chess::Bitboard::popLSB,bitboard.h,0x14026b080
chess::Bitboard::popLSB,0.0,0.0,0.0,0.0,0.0,0.0,0.0,0.0,0.0,,,,3000090,2600078,0,frankycpp_v1.8.exe,chess::Bitboard::popLSB,bitboard.h,0x140263900
chess::Bitboard::popLSB,0.0,0.0,0.0,0.0,0.0,0.0,0.0,0.0,0.0,,,,5500165,2200066,0,frankycpp_v1.8.exe,chess::Bitboard::popLSB,bitboard.h,0x14026ab97
chess::Bitboard::popLSB,0.0,0.0,0.0,0.0,0.0,0.0,0.0,0.0,0.0,,,,15600468,4400132,0,frankycpp_v1.8.exe,chess::Bitboard::popLSB,bitboard.h,0x14026a3b1
chess::Bitboard::popLSB,0.0,0.0,0.0,0.0,0.0,0.0,0.0,0.0,0.0,0.0,0.0,0.0,5500165,5500165,0,frankycpp_v1.8.exe,chess::Bitboard::popLSB,bitboard.h,0x140263e50
chess::Bitboard::popLSB,0.0,0.0,0.0,100.0,0.0,0.0,0.0,0.0,0.0,0.0,0.0,0.0,3300099,400012,0,frankycpp_v1.8.exe,chess::Bitboard::popLSB,bitboard.h,0x1402632a5
chess::Bitboard::popLSB,0.0,0.0,0.0,0.0,0.0,0.0,0.0,0.0,0.0,0.0,0.0,0.0,2200066,0,0,frankycpp_v1.8.exe,chess::Bitboard::popLSB,bitboard.h,0x14026a110
chess::CastlingRights::isEmpty,0.0,0.0,0.0,0.0,0.0,0.0,0.0,0.0,0.0,0.0,0.0,0.0,0,2200066,0,frankycpp_v1.8.exe,chess::CastlingRights::isEmpty,castlingrights.h,0x14025bc37
chess::CastlingRights::isEmpty,0.0,0.0,0.0,0.0,0.0,0.0,0.0,0.0,0.0,0.0,0.0,0.0,10500315,400012,0,frankycpp_v1.8.exe,chess::CastlingRights::isEmpty,castlingrights.h,0x14025bcd3
chess::Color::{ctor},0.0,0.0,0.0,0.0,0.0,0.0,0.0,0.0,0.0,,,,2800084,0,0,frankycpp_v1.8.exe,chess::Color::{ctor},color.h,0x1402610f9
chess::Direction::pawnPush,0.0,0.0,0.0,0.0,0.0,0.0,0.0,0.0,0.0,0.0,0.0,0.0,0,400012,0,frankycpp_v1.8.exe,chess::Direction::pawnPush,direction.h,0x1402634f8
chess::Direction::pawnPush,0.0,0.0,0.0,0.0,0.0,0.0,0.0,0.0,0.0,0.0,0.0,0.0,7700231,6400192,0,frankycpp_v1.8.exe,chess::Direction::pawnPush,direction.h,0x140263276
chess::Direction::pawnPush,0.0,0.0,0.0,0.0,0.0,0.0,0.0,0.0,0.0,0.0,0.0,0.0,0,1100033,0,frankycpp_v1.8.exe,chess::Direction::pawnPush,direction.h,0x140263853
chess::Direction::pawnPush,0.0,0.0,0.0,0.0,0.0,0.0,0.0,0.0,0.0,0.0,0.0,0.0,3300099,0,0,frankycpp_v1.8.exe,chess::Direction::pawnPush,direction.h,0x14025c5a8
chess::Move::encode,0.0,0.0,0.0,0.0,0.0,0.0,0.0,0.0,0.0,0.0,0.0,0.0,800024,0,0,frankycpp_v1.8.exe,chess::Move::encode,move.h,0x14026330e
chess::Move::encode,0.0,0.0,0.0,0.0,0.0,0.0,0.0,0.0,0.0,,,,0,1100033,0,frankycpp_v1.8.exe,chess::Move::encode,move.h,0x140263714
chess::Move::encode,0.0,,0.0,0.0,0.0,0.0,0.0,0.0,0.0,0.0,0.0,0.0,0,1100033,0,frankycpp_v1.8.exe,chess::Move::encode,move.h,0x14026333d
chess::Move::encode,0.0,0.0,0.0,0.0,0.0,0.0,0.0,0.0,0.0,0.0,0.0,0.0,0,1100033,0,frankycpp_v1.8.exe,chess::Move::encode,move.h,0x140263873
chess::Move::from,0.0,0.0,0.0,0.0,0.0,0.0,0.0,,0.0,,,,0,800024,0,frankycpp_v1.8.exe,chess::Move::from,move.h,0x14026109f
chess::Move::isNone,0.0,0.0,0.0,0.0,0.0,0.0,0.0,0.0,0.0,0.0,0.0,0.0,0,2600078,0,frankycpp_v1.8.exe,chess::Move::isNone,move.h,0x14021f0f0
chess::Move::operator==,0.0,0.0,0.0,0.0,0.0,0.0,0.0,0.0,0.0,0.0,0.0,0.0,1200036,1100033,0,frankycpp_v1.8.exe,chess::Move::operator==,PVTable.h,0x140220503
chess::Move::operator==,0.0,0.0,0.0,0.0,0.0,0.0,0.0,0.0,0.0,,,,800024,0,0,frankycpp_v1.8.exe,chess::Move::operator==,PVTable.h,0x14022144b
chess::Move::operator==,0.0,0.0,0.0,0.0,0.0,0.0,0.0,,0.0,,,,4200126,2600078,0,frankycpp_v1.8.exe,chess::Move::operator==,PVTable.h,0x14022099d
chess::Move::operator==,0.0,0.0,0.0,0.0,0.0,0.0,0.0,0.0,0.0,,,,3300099,0,0,frankycpp_v1.8.exe,chess::Move::operator==,PVTable.h,0x14022b919
chess::Move::promotionType,0.0,0.0,0.0,0.0,0.0,0.0,0.0,,0.0,0.0,0.0,0.0,0,400012,0,frankycpp_v1.8.exe,chess::Move::promotionType,move.h,0x14025bcba
chess::Move::to,0.0,0.0,0.0,0.0,0.0,0.0,0.0,0.0,0.0,0.0,0.0,0.0,7700231,3700111,0,frankycpp_v1.8.exe,chess::Move::to,move.h,0x140220a1b
chess::Move::to,0.0,0.0,0.0,0.0,0.0,0.0,0.0,0.0,0.0,0.0,0.0,0.0,4100123,4100123,0,frankycpp_v1.8.exe,chess::Move::to,move.h,0x14025bfc9
chess::Move::type,0.0,0.0,0.0,0.0,0.0,0.0,0.0,0.0,0.0,0.0,0.0,0.0,0,2200066,0,frankycpp_v1.8.exe,chess::Move::type,move.h,0x1402209e9
chess::Move::type,0.0,0.0,0.0,0.0,0.0,0.0,0.0,0.0,0.0,,,,4800144,0,0,frankycpp_v1.8.exe,chess::Move::type,move.h,0x140220553
chess::Move::type,0.0,0.0,0.0,0.0,0.0,0.0,0.0,0.0,0.0,0.0,0.0,0.0,0,400012,0,frankycpp_v1.8.exe,chess::Move::type,move.h,0x14025c80a
chess::Move::type,0.0,0.0,0.0,0.0,0.0,0.0,0.0,0.0,0.0,0.0,0.0,0.0,0,1100033,0,frankycpp_v1.8.exe,chess::Move::type,move.h,0x140262c20
chess::Move::{ctor},0.0,0.0,0.0,0.0,0.0,0.0,0.0,0.0,0.0,0.0,0.0,0.0,2200066,1100033,0,frankycpp_v1.8.exe,chess::Move::{ctor},move.h,0x14026370d
chess::Move::{ctor},0.0,0.0,0.0,0.0,0.0,0.0,100.0,0.0,0.0,0.0,0.0,0.0,0,0,0,frankycpp_v1.8.exe,chess::Move::{ctor},move.h,0x1401a06b0
chess::MoveGenerator::reset,0.0,0.0,0.0,0.0,0.0,0.0,0.0,0.0,0.0,0.0,0.0,0.0,0,1100033,0,frankycpp_v1.8.exe,chess::MoveGenerator::reset,MoveGenerator.h,0x140216694
chess::MoveGenerator::resetOnDemand,0.0,,0.0,0.0,0.0,0.0,100.0,0.0,0.0,0.0,0.0,0.0,0,0,0,frankycpp_v1.8.exe,chess::MoveGenerator::resetOnDemand,MoveGenerator.h,0x14021629b
chess::MoveGenerator::resetOnDemand,0.0,,0.0,0.0,0.0,0.0,100.0,0.0,0.0,0.0,0.0,0.0,0,0,0,frankycpp_v1.8.exe,chess::MoveGenerator::resetOnDemand,MoveGenerator.h,0x140216258
chess::MoveGenerator::setPV,0.0,0.0,0.0,0.0,0.0,0.0,0.0,0.0,0.0,,,,0,400012,0,frankycpp_v1.8.exe,chess::MoveGenerator::setPV(class chess::Move),MoveGenerator.cpp,0x140260fb0
chess::MoveGenerator::validateMove,0.0,0.0,0.0,0.0,0.0,0.0,0.0,0.0,0.0,0.0,0.0,0.0,0,1100033,0,frankycpp_v1.8.exe,"chess::MoveGenerator::validateMove(class chess::Position const &,class chess::Move)",MoveGenerator.cpp,0x140260ff0
chess::Position::clearEnPassant,0.0,0.0,0.0,0.0,0.0,0.0,0.0,0.0,0.0,0.0,0.0,0.0,2200066,4800144,0,frankycpp_v1.8.exe,chess::Position::clearEnPassant,Position.cpp,0x14025bb5f
chess::Position::clearEnPassant,0.0,0.0,0.0,0.0,0.0,0.0,0.0,0.0,0.0,0.0,0.0,0.0,2400072,8500255,0,frankycpp_v1.8.exe,chess::Position::clearEnPassant,Position.cpp,0x14025bc83
chess::Position::getCastlingRights,0.0,0.0,0.0,0.0,0.0,0.0,0.0,0.0,0.0,0.0,0.0,0.0,800024,0,0,frankycpp_v1.8.exe,chess::Position::getCastlingRights,Position.h,0x140264091
chess::Position::getKingSquare,0.0,0.0,0.0,0.0,0.0,0.0,0.0,0.0,0.0,0.0,0.0,0.0,2200066,800024,0,frankycpp_v1.8.exe,chess::Position::getKingSquare,Position.h,0x140263027
chess::Position::getNextPlayer,0.0,0.0,0.0,0.0,0.0,0.0,0.0,0.0,0.0,0.0,0.0,0.0,0,400012,0,frankycpp_v1.8.exe,chess::Position::getNextPlayer,Position.h,0x14026301a
chess::Position::getNextPlayer,0.0,0.0,0.0,0.0,0.0,0.0,0.0,,0.0,,,,2800084,0,0,frankycpp_v1.8.exe,chess::Position::getNextPlayer,Position.h,0x14029e6bc
chess::Position::getNextPlayer,0.0,0.0,0.0,0.0,0.0,0.0,0.0,0.0,0.0,0.0,0.0,0.0,0,1500045,0,frankycpp_v1.8.exe,chess::Position::getNextPlayer,Position.h,0x1402610b8
chess::Position::getPiece,0.0,0.0,0.0,0.0,0.0,0.0,0.0,,0.0,0.0,,0.0,1600048,400012,0,frankycpp_v1.8.exe,chess::Position::getPiece,Position.h,0x1402610bc
chess::Position::getPieceBb,0.0,0.0,0.0,0.0,0.0,0.0,0.0,0.0,0.0,0.0,0.0,0.0,7000210,6400192,0,frankycpp_v1.8.exe,chess::Position::getPieceBb,Position.h,0x140263dce
chess::Position::getPieceBb,0.0,0.0,0.0,0.0,0.0,0.0,0.0,0.0,0.0,0.0,0.0,0.0,3800114,1200036,0,frankycpp_v1.8.exe,chess::Position::getPieceBb,Position.h,0x14026a7e7
chess::Position::isCapturingMove,0.0,0.0,0.0,0.0,0.0,0.0,0.0,0.0,0.0,,,,4200126,1600048,0,frankycpp_v1.8.exe,chess::Position::isCapturingMove,Position.h,0x1402215c2
chess::Position::isCapturingMove,0.0,0.0,0.0,0.0,0.0,0.0,0.0,0.0,0.0,0.0,0.0,0.0,1100033,400012,0,frankycpp_v1.8.exe,chess::Position::isCapturingMove,Position.h,0x1402209c8
chess::Position::isCapturingMove,0.0,0.0,0.0,0.0,0.0,0.0,0.0,0.0,0.0,0.0,0.0,0.0,800024,0,0,frankycpp_v1.8.exe,chess::Position::isCapturingMove,Position.h,0x140220a13
chess::Rank::{ctor},0.0,0.0,0.0,0.0,0.0,0.0,0.0,0.0,0.0,0.0,0.0,0.0,1100033,0,0,frankycpp_v1.8.exe,chess::Rank::{ctor},rank.h,0x140261303
chess::Square::file,0.0,0.0,0.0,0.0,0.0,0.0,0.0,0.0,0.0,0.0,0.0,0.0,7700231,2200066,0,frankycpp_v1.8.exe,chess::Square::file,square.h,0x14025bd25
chess::Square::file,0.0,0.0,0.0,0.0,0.0,0.0,0.0,0.0,0.0,0.0,0.0,0.0,800024,800024,0,frankycpp_v1.8.exe,chess::Square::file,square.h,0x14026b41b
chess::Square::pawnPush,0.0,0.0,0.0,0.0,0.0,0.0,0.0,0.0,0.0,0.0,0.0,0.0,0,2200066,0,frankycpp_v1.8.exe,chess::Square::pawnPush,square.h,0x14025bbc1
chess::Square::rank,0.0,0.0,0.0,0.0,0.0,0.0,0.0,0.0,0.0,0.0,0.0,0.0,6700201,2200066,0,frankycpp_v1.8.exe,chess::Square::rank,square.h,0x14026a1ea
chess::StaticMoveList<256>::push_back,0.0,0.0,0.0,0.0,0.0,0.0,0.0,0.0,0.0,0.0,0.0,0.0,800024,1100033,0,frankycpp_v1.8.exe,chess::StaticMoveList<256>::push_back,staticmovelist.h,0x1402632cf
chess::StaticMoveList<256>::push_back,0.0,0.0,0.0,0.0,0.0,0.0,0.0,0.0,0.0,0.0,0.0,0.0,0,1100033,0,frankycpp_v1.8.exe,chess::StaticMoveList<256>::push_back,staticmovelist.h,0x1402640d3
chess::StaticMoveList<256>::push_back,0.0,0.0,0.0,0.0,0.0,0.0,0.0,0.0,0.0,0.0,0.0,0.0,2200066,3300099,0,frankycpp_v1.8.exe,chess::StaticMoveList<256>::push_back,staticmovelist.h,0x140263718
chess::StaticMoveList<256>::push_back,0.0,0.0,0.0,0.0,0.0,0.0,0.0,0.0,0.0,,,,2200066,0,0,frankycpp_v1.8.exe,chess::StaticMoveList<256>::push_back,staticmovelist.h,0x140263327
chess::StaticMoveList<256>::push_back,0.0,0.0,0.0,0.0,0.0,0.0,0.0,0.0,0.0,0.0,0.0,0.0,1100033,0,0,frankycpp_v1.8.exe,chess::StaticMoveList<256>::push_back,staticmovelist.h,0x140264132
chess::StaticMoveList<256>::push_back,0.0,0.0,0.0,0.0,0.0,0.0,0.0,0.0,0.0,0.0,0.0,0.0,0,1100033,0,frankycpp_v1.8.exe,chess::StaticMoveList<256>::push_back,staticmovelist.h,0x140260db0
chess::Value::operator int,0.0,0.0,0.0,0.0,0.0,0.0,0.0,0.0,0.0,0.0,0.0,0.0,0,400012,0,frankycpp_v1.8.exe,chess::Value::operator int,value.h,0x14021f4f7
chess::Value::operator int,0.0,0.0,0.0,0.0,0.0,0.0,0.0,0.0,0.0,0.0,0.0,0.0,1100033,0,0,frankycpp_v1.8.exe,chess::Value::operator int,value.h,0x140220115
chess::Value::operator int,0.0,0.0,0.0,0.0,0.0,0.0,0.0,0.0,0.0,,,,4400132,1500045,0,frankycpp_v1.8.exe,chess::Value::operator int,value.h,0x14021fa1e
chess::Value::operator int,0.0,0.0,0.0,0.0,0.0,0.0,0.0,,0.0,0.0,0.0,0.0,800024,0,0,frankycpp_v1.8.exe,chess::Value::operator int,value.h,0x14021f548
chess::Value::{ctor},0.0,0.0,0.0,0.0,0.0,0.0,0.0,0.0,0.0,,,,3000090,2300069,0,frankycpp_v1.8.exe,chess::Value::{ctor},value.h,0x14021fa6f
chess::Value::{ctor},0.0,0.0,0.0,0.0,0.0,0.0,0.0,0.0,0.0,,0.0,0.0,2200066,1500045,0,frankycpp_v1.8.exe,chess::Value::{ctor},value.h,0x140221778
chess::Value::{ctor},0.0,0.0,0.0,0.0,0.0,0.0,0.0,0.0,0.0,0.0,0.0,0.0,800024,0,0,frankycpp_v1.8.exe,chess::Value::{ctor},value.h,0x14022149b
chess::colorOf,0.0,,0.0,0.0,0.0,0.0,0.0,0.0,0.0,0.0,0.0,0.0,2200066,1900057,0,frankycpp_v1.8.exe,chess::colorOf,piece.h,0x1402610ce
chess::makePiece,0.0,0.0,0.0,0.0,0.0,0.0,0.0,0.0,0.0,,,,3300099,1100033,0,frankycpp_v1.8.exe,chess::makePiece,piece.h,0x14025bcab
chess::makePiece,0.0,0.0,,,0.0,0.0,0.0,,0.0,,,,0,1500045,0,frankycpp_v1.8.exe,chess::makePiece,piece.h,0x14025bfe0
chess::moveValueGreaterComparator::operator(),0.0,0.0,0.0,0.0,0.0,0.0,0.0,0.0,0.0,0.0,0.0,0.0,0,400012,0,frankycpp_v1.8.exe,chess::moveValueGreaterComparator::operator(),move.h,0x14026514e
chess::moveValueGreaterComparator::operator(),0.0,0.0,0.0,0.0,0.0,0.0,0.0,0.0,0.0,0.0,0.0,0.0,800024,0,0,frankycpp_v1.8.exe,chess::moveValueGreaterComparator::operator(),move.h,0x14023a280
chess::moveValueGreaterComparator::operator(),0.0,0.0,0.0,0.0,0.0,0.0,0.0,0.0,0.0,0.0,0.0,0.0,2200066,0,0,frankycpp_v1.8.exe,chess::moveValueGreaterComparator::operator(),move.h,0x1402643e0
chess::moveValueGreaterComparator::operator(),0.0,0.0,0.0,0.0,0.0,0.0,0.0,0.0,0.0,,,,2200066,0,0,frankycpp_v1.8.exe,chess::moveValueGreaterComparator::operator(),move.h,0x140265105
chess::operator&,0.0,0.0,0.0,0.0,0.0,0.0,0.0,0.0,0.0,,,,0,1600048,0,frankycpp_v1.8.exe,chess::operator&,bitboard.h,0x14025c425
chess::operator&,0.0,0.0,0.0,0.0,0.0,0.0,0.0,0.0,0.0,,,,4400132,8500255,0,frankycpp_v1.8.exe,chess::operator&,bitboard.h,0x1402637d5
chess::operator&,0.0,0.0,0.0,0.0,0.0,0.0,0.0,0.0,0.0,0.0,0.0,0.0,1600048,1500045,0,frankycpp_v1.8.exe,chess::operator&,bitboard.h,0x14025c456
chess::operator&,0.0,0.0,0.0,0.0,0.0,0.0,0.0,,0.0,0.0,0.0,0.0,1900057,1900057,0,frankycpp_v1.8.exe,chess::operator&,bitboard.h,0x140262c04
chess::operator&,0.0,0.0,0.0,0.0,0.0,0.0,0.0,0.0,0.0,,,,6600198,1100033,0,frankycpp_v1.8.exe,chess::operator&,bitboard.h,0x14026ab9c
chess::operator&,0.0,0.0,0.0,0.0,0.0,0.0,0.0,0.0,0.0,0.0,0.0,0.0,1200036,1100033,0,frankycpp_v1.8.exe,chess::operator&,bitboard.h,0x140269fc9
chess::operator&,0.0,0.0,0.0,0.0,0.0,0.0,0.0,0.0,0.0,0.0,0.0,0.0,5600168,4200126,0,frankycpp_v1.8.exe,chess::operator&,bitboard.h,0x14026a7eb
chess::operator&,0.0,0.0,0.0,0.0,0.0,0.0,0.0,0.0,0.0,0.0,0.0,0.0,8500255,400012,0,frankycpp_v1.8.exe,chess::operator&,bitboard.h,0x14026a019
chess::operator&,0.0,0.0,0.0,0.0,0.0,0.0,0.0,0.0,0.0,,,,1900057,3700111,0,frankycpp_v1.8.exe,chess::operator&,bitboard.h,0x14026a028
chess::operator&,0.0,0.0,0.0,0.0,0.0,0.0,0.0,0.0,0.0,0.0,0.0,0.0,4500135,0,0,frankycpp_v1.8.exe,chess::operator&,bitboard.h,0x14026b23c
chess::operator&,0.0,0.0,,0.0,0.0,0.0,0.0,0.0,0.0,,,,1900057,400012,0,frankycpp_v1.8.exe,chess::operator&,bitboard.h,0x1402209d7
chess::operator&,0.0,0.0,,,0.0,0.0,0.0,0.0,0.0,,,,8800264,0,0,frankycpp_v1.8.exe,chess::operator&,bitboard.h,0x140261370
chess::operator&,0.0,0.0,0.0,0.0,0.0,0.0,0.0,0.0,0.0,,,,400012,0,0,frankycpp_v1.8.exe,chess::operator&,bitboard.h,0x14026a1cd
chess::operator*,0.0,0.0,0.0,0.0,0.0,0.0,0.0,0.0,0.0,0.0,0.0,0.0,12100363,2600078,0,frankycpp_v1.8.exe,chess::operator*,value.h,0x1402699d5
chess::operator+,0.0,0.0,0.0,0.0,0.0,0.0,0.0,0.0,0.0,0.0,0.0,0.0,0,1500045,0,frankycpp_v1.8.exe,chess::operator+,direction.h,0x1402639d7
chess::operator+,0.0,0.0,0.0,0.0,0.0,0.0,0.0,,0.0,,,,6100183,7100213,0,frankycpp_v1.8.exe,chess::operator+,direction.h,0x14025c2e5
chess::operator+,0.0,0.0,100.0,0.0,0.0,0.0,0.0,0.0,0.0,0.0,0.0,0.0,2600078,0,0,frankycpp_v1.8.exe,chess::operator+,depth.h,0x1402207d0
chess::operator+,0.0,0.0,0.0,0.0,0.0,0.0,0.0,0.0,0.0,0.0,0.0,0.0,1100033,1100033,0,frankycpp_v1.8.exe,chess::operator+,value.h,0x140221774
chess::operator+,0.0,0.0,0.0,0.0,0.0,0.0,0.0,0.0,0.0,,,,9900297,0,0,frankycpp_v1.8.exe,chess::operator+,depth.h,0x14021fcb1
chess::operator+=,0.0,0.0,0.0,0.0,0.0,0.0,0.0,0.0,0.0,0.0,0.0,0.0,3000090,2300069,0,frankycpp_v1.8.exe,chess::operator+=,value.h,0x14026b35f
chess::operator+=,0.0,0.0,0.0,0.0,0.0,0.0,0.0,0.0,0.0,0.0,0.0,0.0,5500165,3100093,0,frankycpp_v1.8.exe,chess::operator+=,value.h,0x14026a59d
chess::operator+=,0.0,0.0,0.0,0.0,0.0,0.0,0.0,,0.0,,,,0,1100033,0,frankycpp_v1.8.exe,chess::operator+=,value.h,0x14026a2ed
chess::operator+=,0.0,0.0,0.0,0.0,0.0,0.0,0.0,0.0,0.0,0.0,0.0,0.0,1100033,0,0,frankycpp_v1.8.exe,chess::operator+=,value.h,0x14026a836
chess::operator+=,0.0,0.0,0.0,0.0,0.0,0.0,0.0,0.0,0.0,0.0,0.0,0.0,2200066,0,0,frankycpp_v1.8.exe,chess::operator+=,value.h,0x14026a80e
chess::operator+=,0.0,0.0,0.0,0.0,0.0,0.0,0.0,0.0,0.0,0.0,0.0,0.0,2200066,400012,0,frankycpp_v1.8.exe,chess::operator+=,value.h,0x14026a257
chess::operator-,0.0,0.0,0.0,0.0,0.0,0.0,0.0,0.0,0.0,0.0,0.0,0.0,800024,1100033,0,frankycpp_v1.8.exe,chess::operator-,value.h,0x14021efee
chess::operator-,0.0,0.0,0.0,0.0,0.0,0.0,0.0,0.0,0.0,,,,800024,0,0,frankycpp_v1.8.exe,chess::operator-,value.h,0x1402632e1
chess::operator-,0.0,0.0,0.0,0.0,0.0,0.0,0.0,0.0,0.0,0.0,0.0,0.0,800024,0,0,frankycpp_v1.8.exe,chess::operator-,value.h,0x14022071a
chess::operator-,0.0,0.0,0.0,0.0,0.0,0.0,0.0,0.0,0.0,,,,1100033,0,0,frankycpp_v1.8.exe,chess::operator-,value.h,0x14021fb4a
chess::operator-,0.0,0.0,0.0,0.0,0.0,0.0,0.0,0.0,0.0,0.0,0.0,0.0,4000120,400012,0,frankycpp_v1.8.exe,chess::operator-,value.h,0x140221342
chess::operator-,0.0,100.0,0.0,100.0,0.0,0.0,0.0,0.0,0.0,,,,5500165,2200066,0,frankycpp_v1.8.exe,chess::operator-,value.h,0x140264032
chess::operator-,0.0,0.0,56.5,0.0,0.0,0.0,0.0,,0.0,,,,9600288,3700111,0,frankycpp_v1.8.exe,chess::operator-,value.h,0x14021fbbb
chess::operator-,0.0,0.0,0.0,0.0,0.0,0.0,0.0,0.0,0.0,0.0,0.0,0.0,2200066,6300189,0,frankycpp_v1.8.exe,chess::operator-,value.h,0x140263fb5
chess::operator-,0.0,0.0,0.0,0.0,0.0,0.0,0.0,0.0,0.0,0.0,0.0,0.0,2200066,0,0,frankycpp_v1.8.exe,chess::operator-,direction.h,0x1402632bb
chess::operator-,0.0,0.0,0.0,0.0,0.0,0.0,0.0,0.0,0.0,0.0,0.0,0.0,0,1100033,0,frankycpp_v1.8.exe,chess::operator-,depth.h,0x14021fec6
chess::operator-=,0.0,0.0,0.0,0.0,0.0,0.0,0.0,0.0,0.0,,,,400012,0,0,frankycpp_v1.8.exe,chess::operator-=,depth.h,0x14022044c
chess::operator==,0.0,0.0,0.0,0.0,0.0,0.0,0.0,0.0,0.0,0.0,0.0,0.0,0,1500045,0,frankycpp_v1.8.exe,chess::operator==,castlingrights.h,0x1402640a5
chess::operator==,0.0,0.0,0.0,0.0,0.0,0.0,0.0,0.0,0.0,0.0,0.0,0.0,0,1900057,0,frankycpp_v1.8.exe,chess::operator==,castlingrights.h,0x1402640c9
chess::operator==,0.0,0.0,0.0,0.0,0.0,0.0,0.0,0.0,0.0,0.0,0.0,0.0,3300099,1100033,0,frankycpp_v1.8.exe,chess::operator==,castlingrights.h,0x14026411d
chess::operator>,0.0,0.0,0.0,0.0,0.0,0.0,0.0,0.0,0.0,0.0,0.0,0.0,4200126,0,0,frankycpp_v1.8.exe,chess::operator>,value.h,0x14021fac6
chess::operator>=,0.0,0.0,0.0,0.0,0.0,0.0,0.0,0.0,0.0,,,,19800594,1500045,0,frankycpp_v1.8.exe,chess::operator>=,value.h,0x140220073
chess::operator|,0.0,0.0,0.0,0.0,0.0,0.0,0.0,0.0,0.0,,,,7400222,3300099,0,frankycpp_v1.8.exe,chess::operator|,bitboard.h,0x1402637a8
chess::operator|,0.0,0.0,0.0,0.0,0.0,0.0,0.0,0.0,0.0,0.0,0.0,0.0,20600618,3000090,0,frankycpp_v1.8.exe,chess::operator|,bitboard.h,0x14026a040
chess::operator|,0.0,0.0,73.5,73.5,0.0,0.0,0.0,,0.0,,,,3200096,2600078,0,frankycpp_v1.8.exe,chess::operator|,bitboard.h,0x140261102
chess::operator|,0.0,0.0,0.0,0.0,0.0,0.0,0.0,0.0,0.0,,,,0,400012,0,frankycpp_v1.8.exe,chess::operator|,bitboard.h,0x140263780
chess::operator~,0.0,0.0,,,0.0,0.0,0.0,0.0,0.0,,,,8200246,1100033,0,frankycpp_v1.8.exe,chess::operator~,color.h,0x140220a13
chess::operator~,0.0,0.0,0.0,0.0,0.0,0.0,0.0,0.0,0.0,,,,6800204,1500045,0,frankycpp_v1.8.exe,chess::operator~,color.h,0x14022052b
chess::operator~,0.0,0.0,0.0,0.0,0.0,0.0,0.0,0.0,0.0,,,,800024,0,0,frankycpp_v1.8.exe,chess::operator~,color.h,0x140263e27
chess::operator~,0.0,0.0,0.0,0.0,0.0,0.0,0.0,,0.0,,,,1600048,3000090,0,frankycpp_v1.8.exe,chess::operator~,color.h,0x14029ea88
chess::operator~,0.0,0.0,0.0,0.0,0.0,0.0,0.0,0.0,0.0,0.0,0.0,0.0,0,400012,0,frankycpp_v1.8.exe,chess::operator~,color.h,0x14025c45e
chess::operator~,0.0,0.0,0.0,0.0,0.0,0.0,0.0,0.0,0.0,0.0,0.0,0.0,800024,400012,0,frankycpp_v1.8.exe,chess::operator~,color.h,0x140262c00
chess::typeOf,0.0,0.0,0.0,0.0,0.0,0.0,0.0,0.0,0.0,0.0,0.0,0.0,6600198,2200066,0,frankycpp_v1.8.exe,chess::typeOf,piece.h,0x140263eb0
chess::typeOf,0.0,0.0,0.0,0.0,0.0,0.0,0.0,0.0,0.0,0.0,0.0,0.0,2200066,0,0,frankycpp_v1.8.exe,chess::typeOf,piece.h,0x1402632b5
chess::typeOf,0.0,0.0,0.0,0.0,0.0,0.0,0.0,0.0,0.0,0.0,0.0,0.0,6600198,6400192,0,frankycpp_v1.8.exe,chess::typeOf,piece.h,0x140261109
chess::typeOf,0.0,0.0,0.0,0.0,0.0,0.0,0.0,0.0,0.0,0.0,0.0,0.0,11000330,1100033,0,frankycpp_v1.8.exe,chess::typeOf,piece.h,0x140263e6d
chess::valueOf,0.0,0.0,0.0,0.0,0.0,0.0,0.0,0.0,0.0,,,,2200066,2200066,0,frankycpp_v1.8.exe,chess::valueOf,value.h,0x14029e703
chess::valueOf,0.0,0.0,0.0,0.0,0.0,0.0,0.0,0.0,0.0,0.0,0.0,0.0,16700501,11900357,0,frankycpp_v1.8.exe,chess::valueOf,value.h,0x14029e75e
engine::Search::evaluate,0.0,0.0,0.0,0.0,0.0,0.0,0.0,53.4,0.0,0.0,0.0,0.0,15000450,4500135,0,frankycpp_v1.8.exe,engine::Search::evaluate,Search.cpp,0x14021f8aa
engine::Search::iterativeDeepening,0.0,0.0,,,0.0,0.0,0.0,,0.0,,,,1100033,0,0,frankycpp_v1.8.exe,engine::Search::iterativeDeepening(class chess::Position &),Search.cpp,0x14021bfc0
engine::Search::thread,0.0,,0.0,0.0,0.0,0.0,0.0,,0.0,,0.0,0.0,24400732,7800234,0,frankycpp_v1.8.exe,engine::Search::thread,Search.h,0x140221418
engine::Search::thread,0.0,0.0,0.0,0.0,0.0,0.0,0.0,0.0,0.0,0.0,0.0,0.0,6600198,0,0,frankycpp_v1.8.exe,engine::Search::thread,Search.h,0x14021fa66
engine::Search::thread,0.0,0.0,0.0,0.0,0.0,0.0,0.0,0.0,0.0,0.0,0.0,0.0,2200066,0,0,frankycpp_v1.8.exe,engine::Search::thread,Search.h,0x14021f8aa
engine::Search::thread,0.0,0.0,0.0,0.0,0.0,0.0,0.0,0.0,0.0,,,,16500495,3300099,0,frankycpp_v1.8.exe,engine::Search::thread,Search.h,0x14021f9ba
engine::Search::thread,0.0,0.0,0.0,0.0,0.0,0.0,0.0,0.0,0.0,0.0,0.0,0.0,0,400012,0,frankycpp_v1.8.exe,engine::Search::thread,Search.h,0x140220ac1
engine::Search::thread,0.0,0.0,0.0,0.0,0.0,0.0,0.0,,0.0,,,,2400072,1200036,0,frankycpp_v1.8.exe,engine::Search::thread,Search.h,0x140220fc7
engine::Search::thread,0.0,0.0,0.0,0.0,0.0,0.0,0.0,0.0,0.0,0.0,0.0,0.0,6600198,0,0,frankycpp_v1.8.exe,engine::Search::thread,Search.h,0x140220a56
engine::Search::thread,0.0,0.0,0.0,0.0,0.0,0.0,0.0,0.0,0.0,0.0,0.0,0.0,2200066,0,0,frankycpp_v1.8.exe,engine::Search::thread,Search.h,0x14021d4b8
engine::SearchThreadData::lmr_reduction_log,0.0,0.0,0.0,0.0,0.0,0.0,0.0,0.0,0.0,0.0,0.0,0.0,2200066,0,0,frankycpp_v1.8.exe,engine::SearchThreadData::lmr_reduction_log,SearchThreadData.h,0x140216826
func@0x140001ea0,0.0,100.0,0.0,0.0,0.0,0.0,0.0,0.0,0.0,0.0,0.0,0.0,0,0,0,intelppm.sys,func@0x140001ea0,[Unknown],0x140001ea0
func@0x1400030d0,0.0,0.0,0.0,0.0,0.0,0.0,0.0,0.0,0.0,0.0,0.0,0.0,0,1100033,0,cldflt.sys,func@0x1400030d0,[Unknown],0x1400030d0
func@0x1400040c0,0.0,0.0,0.0,0.0,0.0,100.0,0.0,0.0,0.0,0.0,0.0,0.0,0,0,0,usbxhci.sys,func@0x1400040c0,[Unknown],0x1400040c0
func@0x140004f80,0.0,0.0,0.0,0.0,0.0,0.0,0.0,0.0,0.0,0.0,0.0,0.0,1100033,0,0,wpprecorder.sys,func@0x140004f80,[Unknown],0x140004f80
func@0x14000d330,0.0,0.0,0.0,0.0,0.0,0.0,0.0,0.0,0.0,0.0,0.0,0.0,400012,0,0,stornvme.sys,func@0x14000d330,[Unknown],0x14000d330
func@0x14000d5e0,0.0,0.0,0.0,0.0,100.0,0.0,0.0,0.0,0.0,0.0,0.0,0.0,0,0,0,dxgmms2.sys,func@0x14000d5e0,[Unknown],0x14000d5e0
func@0x14000d928,0.0,0.0,0.0,0.0,100.0,0.0,0.0,0.0,0.0,0.0,0.0,0.0,0,0,0,dxgmms2.sys,func@0x14000d928,[Unknown],0x14000d928
func@0x14000da8d,0.0,0.0,0.0,0.0,0.0,0.0,0.0,0.0,0.0,0.0,0.0,0.0,0,1100033,0,dxgmms2.sys,func@0x14000da8d,[Unknown],0x14000da8d
func@0x14000e4e0,0.0,0.0,0.0,,,0.0,0.0,0.0,0.0,0.0,0.0,0.0,1100033,0,0,dxgmms2.sys,func@0x14000e4e0,[Unknown],0x14000e4e0
func@0x1400117d4,0.0,0.0,0.0,0.0,0.0,0.0,0.0,0.0,0.0,0.0,0.0,0.0,0,1100033,0,dxgmms2.sys,func@0x1400117d4,[Unknown],0x1400117d4
func@0x140012860,0.0,0.0,100.0,0.0,0.0,0.0,0.0,0.0,0.0,0.0,0.0,0.0,0,1100033,0,usbxhci.sys,func@0x140012860,[Unknown],0x140012860
func@0x140013c80,0.0,0.0,0.0,0.0,100.0,0.0,0.0,0.0,0.0,0.0,0.0,0.0,0,0,0,dxgmms2.sys,func@0x140013c80,[Unknown],0x140013c80
func@0x140013f80,0.0,0.0,0.0,0.0,0.0,0.0,0.0,0.0,0.0,0.0,0.0,0.0,2200066,0,0,usbxhci.sys,func@0x140013f80,[Unknown],0x140013f80
func@0x14001672d,0.0,,0.0,100.0,0.0,0.0,0.0,0.0,0.0,0.0,0.0,0.0,0,0,0,wdf01000.sys,func@0x14001672d,[Unknown],0x14001672d
func@0x140018d60,0.0,0.0,0.0,0.0,0.0,0.0,0.0,0.0,0.0,0.0,0.0,0.0,0,1100033,0,usbxhci.sys,func@0x140018d60,[Unknown],0x140018d60
func@0x14001ac80,0.0,0.0,0.0,0.0,0.0,0.0,0.0,0.0,0.0,0.0,0.0,0.0,0,1100033,0,dxgmms2.sys,func@0x14001ac80,[Unknown],0x14001ac80
func@0x14001faff,0.0,0.0,0.0,0.0,0.0,100.0,0.0,0.0,0.0,0.0,0.0,0.0,0,0,0,nvlddmkm.sys,func@0x14001faff,[Unknown],0x14001faff
func@0x140022442,0.0,0.0,0.0,0.0,0.0,0.0,0.0,0.0,0.0,0.0,0.0,0.0,3300099,0,0,usbxhci.sys,func@0x140022442,[Unknown],0x140022442
func@0x140025748,0.0,0.0,0.0,0.0,0.0,0.0,0.0,0.0,0.0,0.0,0.0,0.0,28600858,0,0,dxgmms2.sys,func@0x140025748,[Unknown],0x140025748
func@0x1400258c0,0.0,0.0,0.0,0.0,0.0,0.0,0.0,0.0,0.0,0.0,0.0,0.0,0,1100033,0,wdf01000.sys,func@0x1400258c0,[Unknown],0x1400258c0
func@0x140027040,0.0,0.0,0.0,0.0,0.0,0.0,0.0,0.0,0.0,0.0,0.0,0.0,1100033,3300099,0,usbxhci.sys,func@0x140027040,[Unknown],0x140027040
func@0x140029970,0.0,0.0,100.0,0.0,0.0,0.0,0.0,0.0,0.0,0.0,0.0,0.0,1100033,0,0,dxgmms2.sys,func@0x140029970,[Unknown],0x140029970
func@0x14002d3e0,0.0,0.0,100.0,0.0,0.0,0.0,0.0,0.0,0.0,0.0,0.0,0.0,0,0,0,dxgkrnl.sys,func@0x14002d3e0,[Unknown],0x14002d3e0
func@0x14002de50,0.0,0.0,0.0,0.0,0.0,0.0,0.0,0.0,0.0,0.0,26.7,0.0,0,0,0,tcpip.sys,func@0x14002de50,[Unknown],0x14002de50
func@0x140031490,0.0,0.0,0.0,0.0,0.0,0.0,0.0,0.0,0.0,0.0,0.0,0.0,0,1100033,0,wdfilter.sys,func@0x140031490,[Unknown],0x140031490
func@0x140035354,0.0,0.0,0.0,0.0,0.0,0.0,0.0,0.0,0.0,0.0,0.0,0.0,2200066,0,0,dxgmms2.sys,func@0x140035354,[Unknown],0x140035354
func@0x14003af88,0.0,0.0,0.0,0.0,0.0,0.0,0.0,0.0,0.0,0.0,0.0,0.0,1100033,0,0,dxgmms2.sys,func@0x14003af88,[Unknown],0x14003af88
func@0x140048214,0.0,0.0,0.0,0.0,0.0,0.0,0.0,0.0,0.0,0.0,0.0,0.0,0,1100033,0,dxgmms2.sys,func@0x140048214,[Unknown],0x140048214
func@0x14004bc00,0.0,0.0,0.0,0.0,0.0,0.0,0.0,0.0,0.0,0.0,0.0,0.0,0,1100033,0,wdf01000.sys,func@0x14004bc00,[Unknown],0x14004bc00
func@0x1400535b0,0.0,0.0,0.0,52.5,0.0,0.0,0.0,0.0,0.0,0.0,0.0,0.0,0,0,0,wdf01000.sys,func@0x1400535b0,[Unknown],0x1400535b0
func@0x14005411c,0.0,0.0,100.0,0.0,0.0,0.0,0.0,0.0,0.0,0.0,0.0,0.0,0,0,0,dxgmms2.sys,func@0x14005411c,[Unknown],0x14005411c
func@0x140056040,0.0,0.0,0.0,0.0,0.0,0.0,0.0,0.0,0.0,0.0,0.0,0.0,1100033,0,0,dxgmms2.sys,func@0x140056040,[Unknown],0x140056040
func@0x140067c00,0.0,100.0,0.0,0.0,0.0,0.0,0.0,0.0,0.0,0.0,0.0,0.0,0,0,0,e2fn.sys,func@0x140067c00,[Unknown],0x140067c00
func@0x14009dc84,0.0,0.0,0.0,0.0,36.7,0.0,0.0,0.0,0.0,0.0,0.0,0.0,0,0,0,e2fn.sys,func@0x14009dc84,[Unknown],0x14009dc84
func@0x1400fab80,0.0,0.0,0.0,0.0,0.0,0.0,0.0,0.0,0.0,0.0,0.0,0.0,2200066,0,0,nvlddmkm.sys,func@0x1400fab80,[Unknown],0x1400fab80
func@0x140116100,0.0,0.0,0.0,0.0,0.0,0.0,0.0,0.0,0.0,0.0,0.0,0.0,2200066,0,0,ntfs.sys,func@0x140116100,[Unknown],0x140116100
func@0x1401169e0,0.0,0.0,0.0,0.0,0.0,0.0,0.0,0.0,0.0,0.0,0.0,0.0,0,1100033,0,nvlddmkm.sys,func@0x1401169e0,[Unknown],0x1401169e0
func@0x14011e010,0.0,0.0,0.0,0.0,0.0,0.0,0.0,0.0,0.0,0.0,0.0,0.0,2200066,0,0,nvlddmkm.sys,func@0x14011e010,[Unknown],0x14011e010
func@0x14011fad0,0.0,,0.0,100.0,0.0,0.0,0.0,0.0,0.0,0.0,0.0,0.0,2200066,1100033,0,nvlddmkm.sys,func@0x14011fad0,[Unknown],0x14011fad0
func@0x140122140,0.0,0.0,0.0,0.0,0.0,0.0,0.0,0.0,0.0,0.0,0.0,0.0,2200066,0,0,nvlddmkm.sys,func@0x140122140,[Unknown],0x140122140
func@0x140122ef0,0.0,0.0,100.0,100.0,0.0,0.0,0.0,0.0,0.0,0.0,0.0,0.0,0,0,0,nvlddmkm.sys,func@0x140122ef0,[Unknown],0x140122ef0
func@0x140124f20,0.0,,,0.0,,,0.0,0.0,0.0,0.0,0.0,0.0,1100033,0,0,nvlddmkm.sys,func@0x140124f20,[Unknown],0x140124f20
func@0x140127260,0.0,0.0,0.0,0.0,0.0,0.0,0.0,0.0,0.0,0.0,0.0,0.0,0,1100033,0,nvlddmkm.sys,func@0x140127260,[Unknown],0x140127260
func@0x140144a50,0.0,0.0,0.0,0.0,0.0,0.0,0.0,0.0,0.0,0.0,0.0,0.0,4400132,1100033,0,nvlddmkm.sys,func@0x140144a50,[Unknown],0x140144a50
func@0x140164db0,0.0,0.0,0.0,0.0,0.0,0.0,0.0,0.0,0.0,0.0,0.0,0.0,1100033,6600198,0,nvlddmkm.sys,func@0x140164db0,[Unknown],0x140164db0
func@0x140167670,0.0,0.0,0.0,0.0,0.0,91.8,0.0,0.0,0.0,0.0,0.0,0.0,0,1100033,0,nvlddmkm.sys,func@0x140167670,[Unknown],0x140167670
func@0x140168640,0.0,,0.0,0.0,100.0,0.0,0.0,0.0,0.0,0.0,0.0,0.0,0,0,0,nvlddmkm.sys,func@0x140168640,[Unknown],0x140168640
func@0x14017bd80,0.0,0.0,0.0,100.0,0.0,100.0,0.0,0.0,0.0,0.0,0.0,0.0,0,0,0,nvlddmkm.sys,func@0x14017bd80,[Unknown],0x14017bd80
func@0x14017e990,0.0,0.0,0.0,0.0,0.0,0.0,0.0,0.0,0.0,0.0,0.0,0.0,1100033,0,0,ntfs.sys,func@0x14017e990,[Unknown],0x14017e990
func@0x140200e20,0.0,0.0,0.0,0.0,0.0,0.0,0.0,,0.0,,,,0,1500045,0,ntoskrnl.exe,func@0x140200e20,[Unknown],0x140200e20
func@0x140202640,0.0,0.0,0.0,0.0,0.0,0.0,0.0,0.0,0.0,0.0,0.0,0.0,0,1100033,0,ntoskrnl.exe,func@0x140202640,[Unknown],0x140202640
func@0x140202680,0.0,0.0,0.0,0.0,0.0,0.0,0.0,0.0,0.0,0.0,0.0,0.0,2200066,0,0,ntoskrnl.exe,func@0x140202680,[Unknown],0x140202680
func@0x1402026a4,0.0,0.0,0.0,0.0,0.0,0.0,0.0,,0.0,0.0,0.0,0.0,2200066,1100033,0,ntoskrnl.exe,func@0x1402026a4,[Unknown],0x1402026a4
func@0x140213020,0.0,0.0,,0.0,0.0,0.0,0.0,0.0,0.0,0.0,0.0,0.0,2200066,0,0,ntoskrnl.exe,func@0x140213020,[Unknown],0x140213020
func@0x1402142b0,0.0,0.0,0.0,0.0,0.0,0.0,0.0,0.0,0.0,0.0,0.0,0.0,2200066,0,0,ntoskrnl.exe,func@0x1402142b0,[Unknown],0x1402142b0
func@0x140214bb0,0.0,0.0,0.0,0.0,0.0,0.0,0.0,0.0,0.0,0.0,0.0,0.0,0,1100033,0,ntoskrnl.exe,func@0x140214bb0,[Unknown],0x140214bb0
func@0x140216750,0.0,0.0,0.0,0.0,0.0,0.0,0.0,0.0,0.0,,,,0,2200066,0,ntoskrnl.exe,func@0x140216750,[Unknown],0x140216750
func@0x1402176a0,0.0,0.0,0.0,0.0,0.0,0.0,0.0,0.0,0.0,0.0,0.0,0.0,1100033,0,0,ntoskrnl.exe,func@0x1402176a0,[Unknown],0x1402176a0
func@0x14021d340,0.0,0.0,0.0,0.0,0.0,0.0,0.0,0.0,0.0,0.0,0.0,0.0,2200066,0,0,ntoskrnl.exe,func@0x14021d340,[Unknown],0x14021d340
func@0x14021e510,0.0,100.0,0.0,0.0,0.0,0.0,0.0,0.0,0.0,0.0,0.0,0.0,6600198,2200066,0,ntoskrnl.exe,func@0x14021e510,[Unknown],0x14021e510
func@0x14021f980,0.0,0.0,0.0,0.0,0.0,0.0,0.0,0.0,0.0,0.0,0.0,0.0,2600078,0,0,ntoskrnl.exe,func@0x14021f980,[Unknown],0x14021f980
func@0x1402213e0,0.0,0.0,100.0,0.0,0.0,0.0,0.0,0.0,0.0,0.0,0.0,0.0,0,0,0,ntoskrnl.exe,func@0x1402213e0,[Unknown],0x1402213e0
func@0x1402238b0,0.0,0.0,100.0,0.0,100.0,0.0,0.0,0.0,0.0,,,,0,0,0,ntoskrnl.exe,func@0x1402238b0,[Unknown],0x1402238b0
func@0x14024242f,0.0,0.0,0.0,0.0,0.0,0.0,0.0,0.0,0.0,0.0,0.0,0.0,0,1100033,0,ntoskrnl.exe,func@0x14024242f,[Unknown],0x14024242f
func@0x140244835,0.0,0.0,0.0,0.0,0.0,0.0,0.0,0.0,0.0,0.0,0.0,0.0,0,1100033,0,ntoskrnl.exe,func@0x140244835,[Unknown],0x140244835
func@0x14025377f,0.0,0.0,0.0,0.0,0.0,0.0,0.0,0.0,0.0,0.0,0.0,0.0,7700231,2200066,0,ntoskrnl.exe,func@0x14025377f,[Unknown],0x14025377f
func@0x140254f40,0.0,0.0,0.0,0.0,0.0,0.0,0.0,0.0,0.0,0.0,0.0,0.0,0,1100033,0,ntoskrnl.exe,func@0x140254f40,[Unknown],0x140254f40
func@0x140255c9d,0.0,0.0,0.0,0.0,0.0,0.0,0.0,0.0,0.0,0.0,0.0,0.0,1100033,3300099,0,ntoskrnl.exe,func@0x140255c9d,[Unknown],0x140255c9d
func@0x140256f09,0.0,0.0,0.0,0.0,0.0,0.0,0.0,0.0,0.0,0.0,0.0,0.0,0,1100033,0,ntoskrnl.exe,func@0x140256f09,[Unknown],0x140256f09
func@0x1402582b0,0.0,0.0,100.0,100.0,0.0,0.0,0.0,0.0,0.0,,,,0,1100033,0,ntoskrnl.exe,func@0x1402582b0,[Unknown],0x1402582b0
func@0x140258f50,0.0,0.0,0.0,0.0,0.0,0.0,0.0,0.0,0.0,0.0,0.0,0.0,0,1100033,0,ntoskrnl.exe,func@0x140258f50,[Unknown],0x140258f50
func@0x14025df72,0.0,0.0,0.0,0.0,0.0,0.0,0.0,0.0,0.0,0.0,0.0,0.0,0,400012,0,ntoskrnl.exe,func@0x14025df72,[Unknown],0x14025df72
func@0x14025e2c0,0.0,0.0,0.0,0.0,0.0,0.0,0.0,0.0,0.0,0.0,0.0,0.0,2200066,0,0,nvlddmkm.sys,func@0x14025e2c0,[Unknown],0x14025e2c0
func@0x140265760,0.0,0.0,0.0,0.0,0.0,0.0,0.0,0.0,0.0,0.0,0.0,0.0,2200066,0,0,nvlddmkm.sys,func@0x140265760,[Unknown],0x140265760
func@0x140273340,0.0,0.0,0.0,0.0,0.0,0.0,0.0,0.0,0.0,0.0,0.0,0.0,0,2200066,0,ntoskrnl.exe,func@0x140273340,[Unknown],0x140273340
func@0x1402778c0,0.0,0.0,0.0,0.0,0.0,0.0,0.0,0.0,0.0,0.0,0.0,0.0,0,1100033,0,ntoskrnl.exe,func@0x1402778c0,[Unknown],0x1402778c0
func@0x140279b30,0.0,0.0,0.0,0.0,0.0,0.0,0.0,0.0,0.0,0.0,0.0,0.0,4400132,4400132,0,nvlddmkm.sys,func@0x140279b30,[Unknown],0x140279b30
func@0x14028ad99,0.0,0.0,0.0,0.0,0.0,0.0,0.0,0.0,0.0,0.0,0.0,0.0,0,400012,0,ntoskrnl.exe,func@0x14028ad99,[Unknown],0x14028ad99
func@0x1402900b0,0.0,0.0,0.0,0.0,0.0,0.0,0.0,0.0,0.0,0.0,0.0,0.0,0,400012,0,ntoskrnl.exe,func@0x1402900b0,[Unknown],0x1402900b0
func@0x140294430,0.0,0.0,0.0,0.0,0.0,0.0,0.0,0.0,0.0,0.0,0.0,0.0,0,1100033,0,ntoskrnl.exe,func@0x140294430,[Unknown],0x140294430
func@0x140295e18,0.0,0.0,0.0,0.0,91.8,0.0,0.0,0.0,0.0,0.0,0.0,0.0,16500495,2200066,0,ntoskrnl.exe,func@0x140295e18,[Unknown],0x140295e18
func@0x14029839c,0.0,0.0,0.0,0.0,0.0,0.0,0.0,0.0,0.0,0.0,0.0,0.0,0,1100033,0,ntoskrnl.exe,func@0x14029839c,[Unknown],0x14029839c
func@0x140298bcd,0.0,0.0,0.0,0.0,0.0,0.0,0.0,0.0,0.0,0.0,0.0,0.0,2200066,0,0,ntoskrnl.exe,func@0x140298bcd,[Unknown],0x140298bcd
func@0x140299590,0.0,0.0,0.0,0.0,0.0,0.0,0.0,0.0,0.0,0.0,0.0,0.0,2200066,0,0,ntoskrnl.exe,func@0x140299590,[Unknown],0x140299590
func@0x1402999c0,0.0,0.0,0.0,0.0,0.0,0.0,0.0,0.0,0.0,0.0,0.0,0.0,0,1100033,0,nvlddmkm.sys,func@0x1402999c0,[Unknown],0x1402999c0
func@0x140299bd4,0.0,0.0,0.0,0.0,0.0,0.0,0.0,0.0,0.0,0.0,0.0,0.0,0,1100033,0,ntoskrnl.exe,func@0x140299bd4,[Unknown],0x140299bd4
func@0x14029a640,0.0,0.0,0.0,0.0,0.0,0.0,0.0,0.0,0.0,0.0,0.0,0.0,0,400012,0,ntoskrnl.exe,func@0x14029a640,[Unknown],0x14029a640
func@0x14029b980,0.0,0.0,0.0,0.0,0.0,0.0,0.0,0.0,0.0,0.0,0.0,0.0,2200066,2200066,0,ntoskrnl.exe,func@0x14029b980,[Unknown],0x14029b980
func@0x14029bb80,0.0,0.0,0.0,0.0,0.0,0.0,0.0,0.0,0.0,0.0,0.0,0.0,0,1100033,0,ntoskrnl.exe,func@0x14029bb80,[Unknown],0x14029bb80
func@0x14029bfad,0.0,0.0,0.0,0.0,0.0,0.0,0.0,0.0,0.0,0.0,0.0,0.0,0,1100033,0,ntoskrnl.exe,func@0x14029bfad,[Unknown],0x14029bfad
func@0x14029d629,0.0,0.0,0.0,100.0,0.0,0.0,0.0,0.0,0.0,0.0,0.0,0.0,1100033,0,0,ntoskrnl.exe,func@0x14029d629,[Unknown],0x14029d629
func@0x1402b2840,0.0,0.0,0.0,0.0,0.0,0.0,0.0,,0.0,,,,2200066,1100033,0,ntoskrnl.exe,func@0x1402b2840,[Unknown],0x1402b2840
func@0x1402b92f0,0.0,0.0,0.0,0.0,0.0,0.0,0.0,,0.0,0.0,0.0,0.0,1100033,0,0,ntoskrnl.exe,func@0x1402b92f0,[Unknown],0x1402b92f0
func@0x1402b9d50,0.0,0.0,0.0,0.0,0.0,0.0,0.0,0.0,0.0,0.0,0.0,0.0,2200066,0,0,ntoskrnl.exe,func@0x1402b9d50,[Unknown],0x1402b9d50
func@0x1402ba0e0,0.0,0.0,0.0,0.0,0.0,0.0,0.0,0.0,0.0,,,,6600198,3300099,0,ntoskrnl.exe,func@0x1402ba0e0,[Unknown],0x1402ba0e0
func@0x1402c5480,0.0,0.0,0.0,0.0,0.0,0.0,0.0,0.0,0.0,0.0,0.0,0.0,2200066,0,0,ntoskrnl.exe,func@0x1402c5480,[Unknown],0x1402c5480
func@0x1402c6e30,0.0,0.0,100.0,0.0,0.0,0.0,100.0,0.0,0.0,0.0,0.0,0.0,0,0,0,ntoskrnl.exe,func@0x1402c6e30,[Unknown],0x1402c6e30
func@0x1402d6520,0.0,0.0,0.0,0.0,0.0,0.0,0.0,,0.0,,,,0,4400132,0,ntoskrnl.exe,func@0x1402d6520,[Unknown],0x1402d6520
func@0x1402d6cc0,0.0,,0.0,0.0,0.0,0.0,0.0,0.0,0.0,,,,0,1100033,0,ntoskrnl.exe,func@0x1402d6cc0,[Unknown],0x1402d6cc0
func@0x1402d71ff,0.0,0.0,0.0,,,0.0,0.0,0.0,0.0,0.0,0.0,0.0,2200066,0,0,ntoskrnl.exe,func@0x1402d71ff,[Unknown],0x1402d71ff
func@0x1402d77d0,0.0,0.0,0.0,0.0,0.0,0.0,0.0,0.0,0.0,0.0,0.0,0.0,2200066,0,0,ntoskrnl.exe,func@0x1402d77d0,[Unknown],0x1402d77d0
func@0x1402d7ba7,0.0,0.0,0.0,0.0,0.0,0.0,0.0,0.0,0.0,26.7,0.0,0.0,0,0,0,ntoskrnl.exe,func@0x1402d7ba7,[Unknown],0x1402d7ba7
func@0x1402ea304,0.0,0.0,0.0,0.0,0.0,0.0,0.0,0.0,0.0,0.0,0.0,0.0,0,1100033,0,ntoskrnl.exe,func@0x1402ea304,[Unknown],0x1402ea304
func@0x1402ecb40,0.0,0.0,100.0,0.0,100.0,0.0,0.0,0.0,0.0,,,,0,0,0,ntoskrnl.exe,func@0x1402ecb40,[Unknown],0x1402ecb40
func@0x1402edbc0,0.0,0.0,,0.0,0.0,0.0,0.0,0.0,0.0,0.0,0.0,0.0,0,1100033,0,ntoskrnl.exe,func@0x1402edbc0,[Unknown],0x1402edbc0
func@0x1402f1231,0.0,0.0,0.0,0.0,0.0,0.0,0.0,0.0,0.0,0.0,0.0,0.0,2200066,0,0,ntoskrnl.exe,func@0x1402f1231,[Unknown],0x1402f1231
func@0x140300ef0,0.0,0.0,0.0,0.0,0.0,0.0,0.0,0.0,0.0,0.0,0.0,0.0,0,1100033,0,ntoskrnl.exe,func@0x140300ef0,[Unknown],0x140300ef0
func@0x140301510,0.0,0.0,0.0,0.0,0.0,0.0,0.0,0.0,0.0,0.0,0.0,0.0,2200066,0,0,ntoskrnl.exe,func@0x140301510,[Unknown],0x140301510
func@0x140309a10,0.0,0.0,0.0,0.0,0.0,0.0,0.0,0.0,0.0,0.0,0.0,0.0,4400132,1100033,0,nvlddmkm.sys,func@0x140309a10,[Unknown],0x140309a10
func@0x14030ef30,0.0,0.0,0.0,0.0,0.0,0.0,0.0,0.0,0.0,0.0,0.0,0.0,4400132,0,0,nvlddmkm.sys,func@0x14030ef30,[Unknown],0x14030ef30
func@0x140316aa0,0.0,0.0,0.0,0.0,0.0,0.0,0.0,0.0,0.0,0.0,0.0,0.0,3300099,0,0,nvlddmkm.sys,func@0x140316aa0,[Unknown],0x140316aa0
func@0x140328300,0.0,0.0,0.0,0.0,0.0,0.0,0.0,0.0,0.0,0.0,0.0,0.0,0,1100033,0,ntoskrnl.exe,func@0x140328300,[Unknown],0x140328300
func@0x14032df50,0.0,0.0,0.0,0.0,100.0,0.0,0.0,0.0,0.0,0.0,0.0,0.0,0,1100033,0,ntoskrnl.exe,func@0x14032df50,[Unknown],0x14032df50
func@0x140337f8c,0.0,0.0,0.0,0.0,0.0,0.0,0.0,0.0,0.0,0.0,0.0,0.0,0,1100033,0,ntoskrnl.exe,func@0x140337f8c,[Unknown],0x140337f8c
func@0x14033b770,0.0,0.0,100.0,0.0,0.0,0.0,0.0,0.0,0.0,0.0,0.0,0.0,0,0,0,ntoskrnl.exe,func@0x14033b770,[Unknown],0x14033b770
func@0x14033c2e4,0.0,0.0,0.0,0.0,0.0,0.0,0.0,0.0,0.0,0.0,0.0,0.0,9900297,0,0,ntoskrnl.exe,func@0x14033c2e4,[Unknown],0x14033c2e4
func@0x14033d4e0,0.0,0.0,100.0,0.0,0.0,0.0,0.0,0.0,0.0,0.0,,0.0,0,0,0,ntoskrnl.exe,func@0x14033d4e0,[Unknown],0x14033d4e0
func@0x14033eb20,0.0,0.0,0.0,0.0,0.0,0.0,0.0,0.0,0.0,0.0,0.0,0.0,0,0,400012,ntoskrnl.exe,func@0x14033eb20,[Unknown],0x14033eb20
func@0x140340c90,0.0,0.0,0.0,0.0,0.0,0.0,0.0,0.0,0.0,,,,0,1100033,0,ntoskrnl.exe,func@0x140340c90,[Unknown],0x140340c90
func@0x1403446c0,0.0,0.0,,,0.0,0.0,0.0,,0.0,,,,0,2300069,0,ntoskrnl.exe,func@0x1403446c0,[Unknown],0x1403446c0
func@0x1403455ab,0.0,0.0,0.0,0.0,0.0,0.0,0.0,0.0,0.0,0.0,0.0,0.0,0,1100033,0,ntoskrnl.exe,func@0x1403455ab,[Unknown],0x1403455ab
func@0x1403b2b10,0.0,0.0,,,0.0,0.0,0.0,0.0,0.0,0.0,0.0,0.0,4600138,1900057,0,ntoskrnl.exe,func@0x1403b2b10,[Unknown],0x1403b2b10
func@0x1403b3250,0.0,0.0,0.0,0.0,0.0,0.0,0.0,0.0,0.0,,,,0,400012,0,ntoskrnl.exe,func@0x1403b3250,[Unknown],0x1403b3250
func@0x1403b3ba0,0.0,0.0,,0.0,0.0,0.0,0.0,,0.0,,,,0,1100033,0,ntoskrnl.exe,func@0x1403b3ba0,[Unknown],0x1403b3ba0
func@0x1403c7560,0.0,,,0.0,0.0,0.0,0.0,0.0,0.0,0.0,0.0,0.0,2200066,0,0,ntoskrnl.exe,func@0x1403c7560,[Unknown],0x1403c7560
func@0x1403c76eb,0.0,0.0,0.0,100.0,0.0,0.0,0.0,0.0,0.0,0.0,0.0,0.0,0,0,0,ntoskrnl.exe,func@0x1403c76eb,[Unknown],0x1403c76eb
func@0x1403c8fb0,0.0,0.0,0.0,0.0,0.0,0.0,0.0,0.0,0.0,0.0,0.0,0.0,1100033,0,0,ntoskrnl.exe,func@0x1403c8fb0,[Unknown],0x1403c8fb0
func@0x1403d1190,0.0,0.0,0.0,,,0.0,0.0,0.0,0.0,0.0,0.0,0.0,2200066,1100033,0,ntoskrnl.exe,func@0x1403d1190,[Unknown],0x1403d1190
func@0x1403d1820,0.0,0.0,0.0,0.0,0.0,91.8,0.0,0.0,0.0,0.0,0.0,0.0,0,0,0,nvlddmkm.sys,func@0x1403d1820,[Unknown],0x1403d1820
func@0x1403d6ed0,0.0,0.0,0.0,0.0,100.0,0.0,0.0,0.0,0.0,0.0,0.0,0.0,2200066,4400132,0,ntoskrnl.exe,func@0x1403d6ed0,[Unknown],0x1403d6ed0
func@0x1403e45d0,0.0,0.0,0.0,0.0,0.0,0.0,0.0,0.0,0.0,0.0,0.0,0.0,2200066,0,0,ntoskrnl.exe,func@0x1403e45d0,[Unknown],0x1403e45d0
func@0x1403eac51,0.0,0.0,100.0,0.0,0.0,0.0,0.0,0.0,0.0,0.0,0.0,0.0,2200066,2200066,0,ntoskrnl.exe,func@0x1403eac51,[Unknown],0x1403eac51
func@0x1403f2040,0.0,0.0,0.0,0.0,0.0,0.0,0.0,0.0,0.0,0.0,0.0,0.0,2200066,0,0,ntoskrnl.exe,func@0x1403f2040,[Unknown],0x1403f2040
func@0x1403f5600,0.0,0.0,0.0,0.0,0.0,0.0,0.0,0.0,0.0,0.0,0.0,0.0,2200066,0,0,ntoskrnl.exe,func@0x1403f5600,[Unknown],0x1403f5600
func@0x1403ff130,0.0,0.0,0.0,0.0,0.0,0.0,0.0,0.0,0.0,0.0,0.0,0.0,0,400012,0,ntoskrnl.exe,func@0x1403ff130,[Unknown],0x1403ff130
func@0x140401110,0.0,0.0,0.0,0.0,0.0,0.0,0.0,26.7,0.0,0.0,0.0,0.0,0,0,0,ntoskrnl.exe,func@0x140401110,[Unknown],0x140401110
func@0x140405581,0.0,0.0,0.0,0.0,0.0,0.0,0.0,0.0,0.0,,,,2200066,400012,0,ntoskrnl.exe,func@0x140405581,[Unknown],0x140405581
func@0x1404063e0,0.0,0.0,0.0,0.0,0.0,0.0,0.0,0.0,0.0,0.0,0.0,0.0,4400132,1100033,0,ntoskrnl.exe,func@0x1404063e0,[Unknown],0x1404063e0
func@0x1404206e2,0.0,0.0,0.0,0.0,0.0,0.0,0.0,,0.0,,,,0,400012,0,ntoskrnl.exe,func@0x1404206e2,[Unknown],0x1404206e2
func@0x140421538,0.0,0.0,0.0,0.0,0.0,0.0,0.0,0.0,0.0,0.0,0.0,0.0,0,1100033,0,ntoskrnl.exe,func@0x140421538,[Unknown],0x140421538
func@0x14042b5d0,0.0,0.0,0.0,0.0,0.0,0.0,0.0,0.0,0.0,,,,2200066,4400132,0,ntoskrnl.exe,func@0x14042b5d0,[Unknown],0x14042b5d0
func@0x140434aa0,0.0,0.0,0.0,0.0,0.0,100.0,0.0,0.0,0.0,0.0,0.0,0.0,0,0,0,ntoskrnl.exe,func@0x140434aa0,[Unknown],0x140434aa0
func@0x1404e49e0,0.0,0.0,0.0,0.0,0.0,0.0,0.0,0.0,0.0,0.0,0.0,0.0,1100033,0,0,ntoskrnl.exe,func@0x1404e49e0,[Unknown],0x1404e49e0
func@0x1404e9a08,0.0,0.0,0.0,0.0,0.0,0.0,0.0,0.0,0.0,0.0,0.0,0.0,0,400012,0,ntoskrnl.exe,func@0x1404e9a08,[Unknown],0x1404e9a08
func@0x1405dfe10,0.0,0.0,0.0,0.0,0.0,0.0,0.0,0.0,0.0,,,,0,1900057,0,ntoskrnl.exe,func@0x1405dfe10,[Unknown],0x1405dfe10
func@0x1405e1faa,0.0,0.0,0.0,0.0,0.0,0.0,0.0,0.0,0.0,0.0,0.0,0.0,800024,800024,0,ntoskrnl.exe,func@0x1405e1faa,[Unknown],0x1405e1faa
func@0x1405e23ac,0.0,0.0,0.0,0.0,0.0,0.0,0.0,0.0,0.0,,,,0,1500045,0,ntoskrnl.exe,func@0x1405e23ac,[Unknown],0x1405e23ac
func@0x1405e9888,0.0,0.0,0.0,0.0,0.0,0.0,0.0,0.0,0.0,0.0,0.0,0.0,1100033,0,0,ntoskrnl.exe,func@0x1405e9888,[Unknown],0x1405e9888
func@0x1406bd583,0.0,0.0,0.0,0.0,0.0,0.0,0.0,0.0,0.0,0.0,0.0,0.0,1100033,1100033,0,ntoskrnl.exe,func@0x1406bd583,[Unknown],0x1406bd583
func@0x14083f570,0.0,0.0,0.0,0.0,0.0,0.0,0.0,0.0,0.0,0.0,0.0,0.0,0,1100033,0,ntoskrnl.exe,func@0x14083f570,[Unknown],0x14083f570
func@0x140861ca8,0.0,0.0,0.0,0.0,0.0,0.0,0.0,0.0,0.0,0.0,0.0,0.0,5500165,0,0,ntoskrnl.exe,func@0x140861ca8,[Unknown],0x140861ca8
func@0x1408a2560,0.0,0.0,0.0,0.0,0.0,0.0,0.0,0.0,0.0,0.0,0.0,0.0,0,1100033,0,ntoskrnl.exe,func@0x1408a2560,[Unknown],0x1408a2560
func@0x1408d93e0,0.0,0.0,0.0,0.0,0.0,0.0,0.0,0.0,0.0,0.0,0.0,0.0,0,1100033,0,ntoskrnl.exe,func@0x1408d93e0,[Unknown],0x1408d93e0
func@0x140c31d90,0.0,0.0,0.0,0.0,0.0,0.0,0.0,0.0,0.0,0.0,0.0,0.0,2200066,1100033,0,nvlddmkm.sys,func@0x140c31d90,[Unknown],0x140c31d90
func@0x140c9d160,0.0,0.0,0.0,0.0,0.0,0.0,0.0,0.0,0.0,0.0,0.0,0.0,2200066,0,0,nvlddmkm.sys,func@0x140c9d160,[Unknown],0x140c9d160
func@0x140ce2ca0,0.0,0.0,0.0,0.0,0.0,0.0,0.0,0.0,0.0,0.0,0.0,0.0,2200066,0,0,nvlddmkm.sys,func@0x140ce2ca0,[Unknown],0x140ce2ca0
func@0x140ce4720,0.0,0.0,0.0,0.0,0.0,0.0,0.0,0.0,0.0,0.0,0.0,0.0,2200066,1100033,0,nvlddmkm.sys,func@0x140ce4720,[Unknown],0x140ce4720
func@0x140d0a490,0.0,0.0,0.0,0.0,0.0,0.0,0.0,0.0,0.0,0.0,0.0,0.0,0,1100033,0,nvlddmkm.sys,func@0x140d0a490,[Unknown],0x140d0a490
func@0x140d0e700,0.0,0.0,0.0,100.0,0.0,0.0,0.0,0.0,0.0,0.0,0.0,0.0,0,0,0,nvlddmkm.sys,func@0x140d0e700,[Unknown],0x140d0e700
func@0x140d103d0,0.0,0.0,0.0,0.0,0.0,0.0,0.0,0.0,0.0,0.0,0.0,0.0,0,2200066,0,nvlddmkm.sys,func@0x140d103d0,[Unknown],0x140d103d0
func@0x1800060f0,0.0,0.0,0.0,0.0,0.0,0.0,0.0,0.0,0.0,0.0,0.0,0.0,1100033,0,0,fltmgr.sys,func@0x1800060f0,[Unknown],0x1800060f0
func@0x180007fa0,0.0,0.0,0.0,0.0,0.0,0.0,0.0,0.0,0.0,0.0,0.0,0.0,0,1100033,0,fltmgr.sys,func@0x180007fa0,[Unknown],0x180007fa0
func@0x18000be30,0.0,0.0,0.0,0.0,0.0,0.0,0.0,0.0,0.0,0.0,0.0,0.0,2200066,0,0,ntdll.dll,func@0x18000be30,[Unknown],0x18000be30
func@0x18000dfa0,0.0,0.0,0.0,0.0,0.0,0.0,0.0,0.0,0.0,0.0,0.0,0.0,2200066,1100033,0,fltmgr.sys,func@0x18000dfa0,[Unknown],0x18000dfa0
func@0x18000f2c5,0.0,0.0,0.0,0.0,0.0,0.0,0.0,0.0,0.0,0.0,0.0,0.0,0,1100033,0,fltmgr.sys,func@0x18000f2c5,[Unknown],0x18000f2c5
func@0x180018080,0.0,0.0,0.0,0.0,0.0,0.0,0.0,0.0,0.0,0.0,0.0,0.0,0,1100033,0,ntdll.dll,func@0x180018080,[Unknown],0x180018080
func@0x18001a220,0.0,0.0,0.0,0.0,0.0,0.0,0.0,0.0,0.0,,,,0,400012,0,ucrtbase.dll,func@0x18001a220,[Unknown],0x18001a220
func@0x18001cd70,0.0,0.0,0.0,0.0,0.0,0.0,0.0,0.0,0.0,0.0,0.0,0.0,6600198,4400132,0,ntdll.dll,func@0x18001cd70,[Unknown],0x18001cd70
func@0x18001cf4a,0.0,0.0,0.0,0.0,0.0,0.0,0.0,0.0,0.0,0.0,0.0,0.0,0,1100033,0,ntdll.dll,func@0x18001cf4a,[Unknown],0x18001cf4a
func@0x1800211e0,0.0,0.0,0.0,0.0,0.0,0.0,0.0,0.0,0.0,0.0,0.0,0.0,0,400012,0,advapi32.dll,func@0x1800211e0,[Unknown],0x1800211e0
func@0x180023b35,0.0,0.0,0.0,0.0,0.0,0.0,0.0,0.0,0.0,0.0,0.0,0.0,0,1100033,0,ntdll.dll,func@0x180023b35,[Unknown],0x180023b35
func@0x18002d9a0,0.0,0.0,,,0.0,0.0,0.0,13.4,0.0,0.0,0.0,26.7,13200396,400012,0,cng.sys,func@0x18002d9a0,[Unknown],0x18002d9a0
func@0x18003d4f0,0.0,0.0,0.0,0.0,0.0,0.0,0.0,0.0,0.0,0.0,0.0,0.0,5500165,0,0,ntdll.dll,func@0x18003d4f0,[Unknown],0x18003d4f0
func@0x180044310,0.0,0.0,0.0,0.0,0.0,0.0,0.0,0.0,0.0,,,,0,1100033,0,ucrtbase.dll,func@0x180044310,[Unknown],0x180044310
func@0x180098a90,0.0,0.0,0.0,0.0,0.0,0.0,0.0,0.0,0.0,0.0,0.0,0.0,0,1100033,0,crypt32.dll,func@0x180098a90,[Unknown],0x180098a90
func@0x1800cde3b,0.0,0.0,0.0,0.0,0.0,0.0,0.0,0.0,0.0,0.0,0.0,0.0,0,1100033,0,ntdll.dll,func@0x1800cde3b,[Unknown],0x1800cde3b
func@0x180135bec,0.0,0.0,0.0,0.0,0.0,0.0,0.0,0.0,0.0,0.0,0.0,0.0,2200066,0,0,ntdll.dll,func@0x180135bec,[Unknown],0x180135bec
func@0x18013bd50,0.0,0.0,0.0,,,0.0,0.0,0.0,0.0,,,,2200066,0,0,dbghelp.dll,func@0x18013bd50,[Unknown],0x18013bd50
log,0.0,0.0,0.0,0.0,0.0,0.0,0.0,0.0,0.0,0.0,0.0,0.0,19800594,2200066,0,ucrtbase.dll,log,[Unknown],0x1800a84d0
"log<int,0>",0.0,0.0,0.0,0.0,0.0,0.0,0.0,0.0,0.0,0.0,0.0,0.0,4400132,1100033,0,frankycpp_v1.8.exe,"log<int,0>(int)",cmath,0x14022e8b0
lround,0.0,0.0,0.0,0.0,0.0,0.0,0.0,0.0,0.0,0.0,0.0,0.0,5500165,1100033,0,ucrtbase.dll,lround,[Unknown],0x18002a0a0
malloc_base,0.0,0.0,0.0,0.0,0.0,0.0,0.0,0.0,0.0,0.0,0.0,0.0,0,1100033,0,ucrtbase.dll,malloc_base,[Unknown],0x180010100
operator delete,0.0,0.0,0.0,0.0,0.0,0.0,0.0,0.0,0.0,0.0,0.0,0.0,0,1100033,0,frankycpp_v1.8.exe,"operator delete(void *,unsigned __int64)",delete_scalar_size.cpp,0x14061a188
operator new,0.0,0.0,,0.0,0.0,0.0,0.0,0.0,0.0,0.0,0.0,0.0,0,1100033,0,frankycpp_v1.8.exe,operator new(unsigned __int64),new_scalar.cpp,0x140619d10
"std::_Atomic_storage<unsigned __int64,8>::load",0.0,0.0,0.0,0.0,0.0,0.0,0.0,80.1,0.0,0.0,0.0,0.0,0,0,0,frankycpp_v1.8.exe,"std::_Atomic_storage<unsigned __int64,8>::load",atomic,0x1402665d7
"std::_Atomic_storage<unsigned __int64,8>::store",0.0,0.0,0.0,0.0,0.0,0.0,0.0,0.0,0.0,0.0,0.0,0.0,0,1100033,0,frankycpp_v1.8.exe,"std::_Atomic_storage<unsigned __int64,8>::store",atomic,0x1402674d4
"std::_Copy_memmove<chess::Move *,chess::Move *>",0.0,0.0,0.0,0.0,0.0,0.0,0.0,0.0,0.0,0.0,0.0,0.0,2200066,0,0,frankycpp_v1.8.exe,"std::_Copy_memmove<chess::Move *,chess::Move *>(class chess::Move *, class chess::Move *, class chess::Move *)",xutility,0x140240380
std::_Copy_memmove_tail<unsigned __int64 *>,0.0,0.0,0.0,0.0,0.0,0.0,0.0,0.0,0.0,0.0,0.0,0.0,2200066,0,0,frankycpp_v1.8.exe,"std::_Copy_memmove_tail<unsigned __int64 *>(char const * const,unsigned __int64 * const,unsigned __int64,unsigned __int64)",xutility,0x1402825a0
"std::_Hash<std::_Umap_traits<unsigned __int64,book::BookEntry,std::_Uhash_compare<unsigned __int64,std::hash<unsigned __int64>,std::equal_to<unsigned __int64> >,std::allocator<std::pair<unsigned __int64 const ,book::BookEntry> >,0> >::_Check_rehash_required_1",0.0,0.0,0.0,0.0,0.0,0.0,0.0,0.0,0.0,0.0,0.0,0.0,2200066,0,0,frankycpp_v1.8.exe,"std::_Hash<std::_Umap_traits<unsigned __int64,book::BookEntry,std::_Uhash_compare<unsigned __int64,std::hash<unsigned __int64>,std::equal_to<unsigned __int64> >,std::allocator<std::pair<unsigned __int64 const ,book::BookEntry> >,0> >::_Check_rehash_required_1",xhash,0x140288185
std::_Hash_representation<unsigned __int64>,0.0,0.0,0.0,0.0,0.0,0.0,0.0,0.0,0.0,0.0,0.0,0.0,2200066,0,0,frankycpp_v1.8.exe,std::_Hash_representation<unsigned __int64>(unsigned __int64 const &),type_traits,0x1402818f0
"std::_Tree<std::_Tset_traits<boost::archive::detail::basic_iarchive_impl::cobject_type,std::less<boost::archive::detail::basic_iarchive_impl::cobject_type>,std::allocator<boost::archive::detail::basic_iarchive_impl::cobject_type>,0> >::insert",0.0,0.0,0.0,0.0,0.0,0.0,0.0,0.0,0.0,0.0,0.0,0.0,2200066,3300099,0,frankycpp_v1.8.exe,"std::_Tree<std::_Tset_traits<boost::archive::detail::basic_iarchive_impl::cobject_type,std::less<boost::archive::detail::basic_iarchive_impl::cobject_type>,std::allocator<boost::archive::detail::basic_iarchive_impl::cobject_type>,0> >::insert",xtree,0x1402af778
"std::array<chess::Bitboard,64>::operator[]",0.0,0.0,0.0,0.0,0.0,0.0,0.0,0.0,0.0,0.0,0.0,0.0,800024,0,0,frankycpp_v1.8.exe,"std::array<chess::Bitboard,64>::operator[]",array,0x14026b44c
"std::array<chess::Bitboard,64>::operator[]",0.0,0.0,0.0,0.0,0.0,0.0,0.0,0.0,0.0,0.0,0.0,0.0,14800444,4400132,0,frankycpp_v1.8.exe,"std::array<chess::Bitboard,64>::operator[]",array,0x14026a7c2
"std::array<chess::Bitboard,64>::operator[]",0.0,0.0,0.0,0.0,0.0,0.0,0.0,0.0,0.0,0.0,0.0,0.0,14200426,1100033,0,frankycpp_v1.8.exe,"std::array<chess::Bitboard,64>::operator[]",array,0x14029ea94
"std::array<chess::Bitboard,64>::operator[]",0.0,0.0,0.0,0.0,0.0,0.0,0.0,0.0,0.0,0.0,0.0,0.0,2200066,0,0,frankycpp_v1.8.exe,"std::array<chess::Bitboard,64>::operator[]",array,0x14026ab49
"std::array<chess::Bitboard,64>::operator[]",0.0,0.0,0.0,0.0,0.0,0.0,0.0,0.0,0.0,0.0,0.0,0.0,0,400012,0,frankycpp_v1.8.exe,"std::array<chess::Bitboard,64>::operator[]",array,0x14026ab9f
"std::array<chess::Bitboard,64>::operator[]",0.0,0.0,0.0,0.0,0.0,0.0,0.0,,0.0,,,,4400132,0,0,frankycpp_v1.8.exe,"std::array<chess::Bitboard,64>::operator[]",array,0x14025c46a
"std::array<chess::HistoryState,1024>::operator[]",0.0,0.0,0.0,0.0,0.0,0.0,0.0,0.0,0.0,,,,2200066,0,0,frankycpp_v1.8.exe,"std::array<chess::HistoryState,1024>::operator[]",array,0x14025c0d7
"std::array<chess::Value,25>::operator[]",0.0,0.0,0.0,0.0,0.0,0.0,0.0,0.0,0.0,,,,1200036,1500045,0,frankycpp_v1.8.exe,"std::array<chess::Value,25>::operator[]",array,0x1402639c6
"std::array<chess::Value,25>::operator[]",0.0,0.0,0.0,0.0,0.0,0.0,0.0,0.0,0.0,0.0,0.0,0.0,800024,1100033,0,frankycpp_v1.8.exe,"std::array<chess::Value,25>::operator[]",array,0x140264012
"std::array<engine::PlyInfo,128>::operator[]",0.0,0.0,0.0,0.0,0.0,0.0,0.0,0.0,0.0,,,,5600168,2600078,0,frankycpp_v1.8.exe,"std::array<engine::PlyInfo,128>::operator[]",array,0x14021f966
"std::array<int,64>::operator[]",0.0,0.0,0.0,0.0,0.0,0.0,0.0,0.0,0.0,0.0,0.0,0.0,1900057,0,0,frankycpp_v1.8.exe,"std::array<int,64>::operator[]",array,0x14026b03d
"std::array<std::array<chess::Bitboard,64>,8>::operator[]",0.0,0.0,0.0,0.0,0.0,0.0,0.0,0.0,0.0,0.0,0.0,0.0,0,1100033,0,frankycpp_v1.8.exe,"std::array<std::array<chess::Bitboard,64>,8>::operator[]",array,0x140269f81
"std::array<std::array<chess::Bitboard,64>,8>::operator[]",0.0,0.0,0.0,0.0,0.0,0.0,0.0,0.0,0.0,0.0,0.0,0.0,18400552,10400312,0,frankycpp_v1.8.exe,"std::array<std::array<chess::Bitboard,64>,8>::operator[]",array,0x14026ab90
"std::array<std::array<chess::Move,64>,64>::operator[]",0.0,0.0,0.0,0.0,0.0,0.0,0.0,,0.0,0.0,0.0,0.0,7400222,1100033,0,frankycpp_v1.8.exe,"std::array<std::array<chess::Move,64>,64>::operator[]",array,0x140220ab6
"std::array<std::array<int,64>,64>::operator[]",0.0,0.0,0.0,0.0,0.0,0.0,0.0,0.0,0.0,0.0,0.0,0.0,1100033,1100033,0,frankycpp_v1.8.exe,"std::array<std::array<int,64>,64>::operator[]",array,0x140220a42
"std::basic_filebuf<char,std::char_traits<char> >::_Reset_back",0.0,0.0,0.0,0.0,0.0,0.0,0.0,0.0,0.0,0.0,0.0,0.0,2200066,0,0,frankycpp_v1.8.exe,"std::basic_filebuf<char,std::char_traits<char> >::_Reset_back",__msvc_filebuf.hpp,0x14011a607
"std::basic_filebuf<char,struct std::char_traits<char> >::xsgetn",0.0,0.0,0.0,0.0,0.0,0.0,0.0,0.0,0.0,0.0,0.0,0.0,6600198,2200066,0,frankycpp_v1.8.exe,"std::basic_filebuf<char,struct std::char_traits<char> >::xsgetn(char * __ptr64,__int64)",__msvc_filebuf.hpp,0x14011a550
"std::basic_istream<char,struct std::char_traits<char> >::_Ipfx",0.0,0.0,0.0,0.0,0.0,0.0,0.0,0.0,0.0,0.0,0.0,0.0,0,1100033,0,msvcp140.dll,"std::basic_istream<char,struct std::char_traits<char> >::_Ipfx(bool)",[Unknown],0x1800433b0
"std::basic_streambuf<char,std::char_traits<char> >::eback",0.0,0.0,0.0,0.0,0.0,0.0,0.0,0.0,0.0,0.0,0.0,0.0,2200066,0,0,frankycpp_v1.8.exe,"std::basic_streambuf<char,std::char_traits<char> >::eback",streambuf,0x14011a607
"std::basic_streambuf<char,std::char_traits<char> >::gbump",0.0,0.0,0.0,0.0,0.0,0.0,0.0,0.0,0.0,0.0,0.0,0.0,4400132,3300099,0,frankycpp_v1.8.exe,"std::basic_streambuf<char,std::char_traits<char> >::gbump",streambuf,0x14011a5de
"std::basic_streambuf<char,struct std::char_traits<char> >::sgetn",0.0,0.0,0.0,0.0,0.0,0.0,0.0,0.0,0.0,0.0,0.0,0.0,4400132,6600198,0,msvcp140.dll,"std::basic_streambuf<char,struct std::char_traits<char> >::sgetn(char * __ptr64,__int64)",[Unknown],0x180009110
std::countr_zero,0.0,0.0,,0.0,0.0,0.0,0.0,0.0,0.0,0.0,0.0,0.0,4600138,400012,0,frankycpp_v1.8.exe,std::countr_zero,bit,0x14026ab40
std::countr_zero,0.0,0.0,0.0,0.0,0.0,0.0,0.0,,0.0,,,,6000180,400012,0,frankycpp_v1.8.exe,std::countr_zero,bit,0x1402639b7
std::countr_zero,0.0,0.0,0.0,0.0,0.0,0.0,0.0,0.0,0.0,0.0,0.0,0.0,4900147,6300189,0,frankycpp_v1.8.exe,std::countr_zero,bit,0x140263900
std::countr_zero,0.0,0.0,100.0,0.0,0.0,0.0,0.0,0.0,0.0,0.0,0.0,0.0,9700291,2200066,0,frankycpp_v1.8.exe,std::countr_zero,bit,0x140269fc0
std::countr_zero,0.0,0.0,0.0,0.0,0.0,0.0,0.0,,0.0,0.0,0.0,0.0,1900057,5500165,0,frankycpp_v1.8.exe,std::countr_zero,bit,0x140263e50
std::countr_zero,0.0,0.0,0.0,0.0,0.0,0.0,0.0,0.0,0.0,0.0,0.0,0.0,5700171,1100033,0,frankycpp_v1.8.exe,std::countr_zero,bit,0x14026b412
std::countr_zero,0.0,0.0,0.0,0.0,0.0,0.0,0.0,0.0,0.0,,,,0,400012,0,frankycpp_v1.8.exe,std::countr_zero,bit,0x1402632aa
std::locale::facet::_Decref,0.0,0.0,0.0,0.0,0.0,0.0,0.0,0.0,,,,,0,1100033,0,msvcp140.dll,std::locale::facet::_Decref(void),[Unknown],0x180005a00
std::min,0.0,0.0,0.0,0.0,0.0,0.0,0.0,0.0,0.0,0.0,0.0,0.0,0,1100033,0,frankycpp_v1.8.exe,std::min,utility,0x14011a5c9
std::popcount,0.0,0.0,0.0,0.0,0.0,0.0,0.0,0.0,0.0,,,,7300219,1500045,0,frankycpp_v1.8.exe,std::popcount,bit,0x14026a160
std::popcount,0.0,0.0,0.0,0.0,0.0,0.0,0.0,0.0,0.0,0.0,0.0,0.0,4800144,800024,0,frankycpp_v1.8.exe,std::popcount,bit,0x14026b255
std::popcount,0.0,0.0,0.0,0.0,0.0,0.0,0.0,0.0,0.0,,,,6800204,1500045,0,frankycpp_v1.8.exe,std::popcount,bit,0x14026b190
std::popcount,0.0,0.0,0.0,0.0,0.0,0.0,0.0,0.0,0.0,0.0,0.0,0.0,4300129,4000120,0,frankycpp_v1.8.exe,std::popcount,bit,0x14026b4bd
std::popcount,0.0,0.0,0.0,0.0,0.0,0.0,0.0,0.0,0.0,0.0,0.0,0.0,12100363,0,0,frankycpp_v1.8.exe,std::popcount,bit,0x14025c9ca
std::ranges::_Insertion_sort_common,0.0,0.0,0.0,0.0,0.0,0.0,0.0,0.0,0.0,0.0,0.0,0.0,0,1100033,0,frankycpp_v1.8.exe,std::ranges::_Insertion_sort_common,algorithm,0x14023a26a
std::ranges::_Sort_fn::operator(),0.0,0.0,0.0,0.0,0.0,0.0,0.0,0.0,0.0,0.0,0.0,0.0,2200066,0,0,frankycpp_v1.8.exe,std::ranges::_Sort_fn::operator(),algorithm,0x140260cc7
std::ranges::_Swap::_Cpo::operator(),0.0,0.0,0.0,0.0,0.0,0.0,0.0,0.0,0.0,0.0,0.0,0.0,800024,0,0,frankycpp_v1.8.exe,std::ranges::_Swap::_Cpo::operator(),concepts,0x140265148
"std::unique_ptr<engine::TT::TTCluster [0],std::default_delete<engine::TT::TTCluster [0]> >::operator[]",0.0,0.0,0.0,0.0,0.0,0.0,0.0,0.0,0.0,0.0,0.0,0.0,3800114,400012,0,frankycpp_v1.8.exe,"std::unique_ptr<engine::TT::TTCluster [0],std::default_delete<engine::TT::TTCluster [0]> >::operator[]",memory,0x14026d3ad
"std::unique_ptr<tablebase::Tablebase,std::default_delete<tablebase::Tablebase> >::operator bool",0.0,0.0,0.0,0.0,0.0,0.0,0.0,0.0,0.0,,,,4400132,2200066,0,frankycpp_v1.8.exe,"std::unique_ptr<tablebase::Tablebase,std::default_delete<tablebase::Tablebase> >::operator bool",memory,0x14021f631
"std::vector<class YAML::RegEx,class std::allocator<class YAML::RegEx> >::_Tidy",0.0,0.0,0.0,0.0,0.0,0.0,0.0,0.0,0.0,0.0,0.0,0.0,0,1100033,0,frankycpp_v1.8.exe,"std::vector<class YAML::RegEx,class std::allocator<class YAML::RegEx> >::_Tidy(void)",vector,0x1402f9620
"std::vector<class chess::Move,class std::allocator<class chess::Move> >::_Change_array",0.0,0.0,0.0,0.0,0.0,0.0,0.0,0.0,0.0,0.0,0.0,0.0,2200066,0,0,frankycpp_v1.8.exe,"std::vector<class chess::Move,class std::allocator<class chess::Move> >::_Change_array(class chess::Move * const,unsigned __int64,unsigned __int64)",vector,0x1402807c0
type_info::before,0.0,0.0,0.0,0.0,0.0,0.0,0.0,0.0,0.0,0.0,0.0,0.0,0,1100033,0,frankycpp_v1.8.exe,type_info::before,vcruntime_typeinfo.h,0x1402b9370
wcsnicmp,0.0,0.0,0.0,0.0,0.0,0.0,0.0,0.0,0.0,0.0,0.0,0.0,2200066,0,0,ntoskrnl.exe,wcsnicmp,[Unknown],0x1404fce90
