Function,CPU Time,CPU Time:Effective Time,CPU Time:Spin Time,CPU Time:Overhead Time,Instructions Retired,Microarchitecture Usage(%),Microarchitecture Usage:Microarchitecture Usage(%),Microarchitecture Usage:CPI Rate,Module,Function (Full),Source File,Start Address
engine::TT::probe,29.347054,29.347054,0.0,0.0,19847865000,2.7,2.7,7.716312,frankycpp_v1.8.exe,engine::TT::probe(unsigned __int64 const &),TT.cpp,0x14026d5d0
engine::TT::put,29.208063,29.208063,0.0,0.0,27628875000,3.5,3.5,5.595664,frankycpp_v1.8.exe,"engine::TT::put(unsigned __int64,enum chess::Depth,class chess::Move,class chess::Value,enum chess::ValueType,class chess::Value)",TT.cpp,0x14026d390
engine::TT::prefetch,9.585364,9.585364,0.0,0.0,11845225000,4.4,4.4,4.187611,frankycpp_v1.8.exe,engine::TT::prefetch,TT.h,0x1402205ee
engine::TT::prefetch,8.846413,8.846413,0.0,0.0,10841900000,4.3,4.3,4.282873,frankycpp_v1.8.exe,engine::TT::prefetch,TT.h,0x1402212b3
chess::Attacks::`anonymous namespace'::sliderLookup,8.268452,8.268452,0.0,0.0,114504840000,42.5,42.5,0.379708,frankycpp_v1.8.exe,"chess::Attacks::`anonymous namespace'::sliderLookup(const chess::PieceType, const class chess::Square, const class chess::Bitboard)",attacks.cpp,0x14016c950
"std::_Atomic_storage<unsigned __int64,8>::store",6.698556,6.698556,0.0,0.0,2926115000,1.6,1.6,11.953941,frankycpp_v1.8.exe,"std::_Atomic_storage<unsigned __int64,8>::store",atomic,0x14026d593
chess::Attacks::attacks,4.911674,4.911674,0.0,0.0,67752890000,46.0,46.0,0.382327,frankycpp_v1.8.exe,"chess::Attacks::attacks(enum chess::PieceType,class chess::Square,class chess::Bitboard)",attacks.cpp,0x14016c9b0
"std::_Atomic_storage<unsigned __int64,8>::load",3.336779,3.336779,0.0,0.0,8098480000,8.0,8.0,2.185651,frankycpp_v1.8.exe,"std::_Atomic_storage<unsigned __int64,8>::load",atomic,0x14026d603
engine::Search::search,3.003801,3.003801,0.0,0.0,32346000000,34.4,34.4,0.489167,frankycpp_v1.8.exe,"engine::Search::search(class chess::Position &,enum chess::Depth,enum chess::Depth,class chess::Value,class chess::Value,enum engine::Search::NodeType,enum engine::Search::Do_Null)",Search.cpp,0x14021f280
engine::Evaluator::kingEval,2.990802,2.990802,0.0,0.0,35898070000,35.7,35.7,0.428667,frankycpp_v1.8.exe,"engine::Evaluator::kingEval(class chess::Position const &,struct chess::Score &,class chess::Color)",Evaluator.cpp,0x14026ad90
engine::Search::stopConditions,2.610827,2.610827,0.0,0.0,9649890000,14.2,14.2,1.394475,frankycpp_v1.8.exe,engine::Search::stopConditions(void),Search.cpp,0x140225a60
engine::PawnTT::prefetch,2.547831,2.547831,0.0,0.0,467220000,1.0,1.0,30.211538,frankycpp_v1.8.exe,engine::PawnTT::prefetch,PawnTT.h,0x1402212e0
engine::PawnTT::probe,2.329845,2.329845,0.0,0.0,12701795000,18.4,18.4,1.020042,frankycpp_v1.8.exe,engine::PawnTT::probe(unsigned __int64),PawnTT.cpp,0x140267540
engine::Evaluator::pieceEval,2.128859,2.128859,0.0,0.0,23217240000,35.0,35.0,0.498581,frankycpp_v1.8.exe,"engine::Evaluator::pieceEval(class chess::Position const &,struct chess::Score &,class chess::Color,enum chess::PieceType)",Evaluator.cpp,0x14026a320
engine::Search::qsearch,2.046864,2.046864,0.0,0.0,16553365000,28.2,28.2,0.647187,frankycpp_v1.8.exe,"engine::Search::qsearch(class chess::Position &,enum chess::Depth,class chess::Value,class chess::Value,enum engine::Search::NodeType)",Search.cpp,0x140220ca0
"std::_Atomic_storage<unsigned __int64,8>::load",1.712886,1.712886,0.0,0.0,1057235000,2.3,2.3,8.954674,frankycpp_v1.8.exe,"std::_Atomic_storage<unsigned __int64,8>::load",atomic,0x140267581
engine::Search::thread,1.666889,1.666889,0.0,0.0,263560000,0.8,0.8,31.215909,frankycpp_v1.8.exe,engine::Search::thread,Search.h,0x1402212c6
"std::_Atomic_storage<unsigned __int64,8>::store",1.638891,1.638891,0.0,0.0,3381355000,5.6,5.6,2.643047,frankycpp_v1.8.exe,"std::_Atomic_storage<unsigned __int64,8>::store",atomic,0x14026d478
chess::MoveGenerator::getNextPseudoLegalMove,1.631892,1.631892,0.0,0.0,19150030000,37.4,37.4,0.442446,frankycpp_v1.8.exe,"chess::MoveGenerator::getNextPseudoLegalMove(class chess::Position const &,enum chess::GenMode,bool)",MoveGenerator.cpp,0x140260df0
chess::MoveGenerator::updateSortValues,1.611893,1.611893,0.0,0.0,17308105000,35.3,35.3,0.464267,frankycpp_v1.8.exe,"chess::MoveGenerator::updateSortValues(class chess::Position const &,class chess::StaticMoveList<256> *)",MoveGenerator.cpp,0x140262e70
engine::Evaluator::rookEval,1.537898,1.537898,0.0,0.0,20078480000,38.4,38.4,0.405131,frankycpp_v1.8.exe,"engine::Evaluator::rookEval(class chess::Position const &,struct chess::Score &,class chess::Color,class chess::Color,class chess::Square)",Evaluator.cpp,0x14026a9c0
chess::MoveGenerator::fillOnDemandMoveList,1.499901,1.499901,0.0,0.0,16316760000,35.7,35.7,0.484031,frankycpp_v1.8.exe,"chess::MoveGenerator::fillOnDemandMoveList(class chess::Position const &,enum chess::GenMode,bool)",MoveGenerator.cpp,0x140262b20
"std::ranges::_Insertion_sort_common<chess::Move *,chess::moveValueGreaterComparator,std::identity>",1.483902,1.483902,0.0,0.0,13552375000,25.2,25.2,0.592044,frankycpp_v1.8.exe,"std::ranges::_Insertion_sort_common<chess::Move *,chess::moveValueGreaterComparator,std::identity>(class chess::Move *, class chess::Move *, struct chess::moveValueGreaterComparator, struct std::identity)",algorithm,0x140236d80
engine::Search::thread,1.482902,1.482902,0.0,0.0,185690000,0.7,0.7,39.854839,frankycpp_v1.8.exe,engine::Search::thread,Search.h,0x140220604
chess::Position::doMove,1.450904,1.450904,0.0,0.0,12770680000,29.6,29.6,0.610225,frankycpp_v1.8.exe,chess::Position::doMove(class chess::Move),Position.cpp,0x14025b980
chess::Position::givesCheck,1.410906,1.410906,0.0,0.0,19500445000,45.0,45.0,0.387498,frankycpp_v1.8.exe,chess::Position::givesCheck(class chess::Move),Position.cpp,0x14025c510
chess::MoveGenerator::generateMoves,1.373909,1.373909,0.0,0.0,14951040000,36.3,36.3,0.495994,frankycpp_v1.8.exe,"chess::MoveGenerator::generateMoves(class chess::Position const &,class chess::StaticMoveList<256> *,enum chess::GenMode,bool,class chess::Bitboard)",MoveGenerator.cpp,0x140263ad0
std::_Checked_x86_x64_countr_zero<unsigned __int64>,1.359910,1.359910,0.0,0.0,20605600000,45.7,45.7,0.350872,frankycpp_v1.8.exe,std::_Checked_x86_x64_countr_zero<unsigned __int64>(unsigned __int64),__msvc_bit_utils.hpp,0x140265580
engine::Evaluator::evaluate,1.319912,1.319912,0.0,0.0,14732405000,38.0,38.0,0.435454,frankycpp_v1.8.exe,engine::Evaluator::evaluate(class chess::Position const &),Evaluator.cpp,0x140269890
chess::Position::removePiece,1.229918,1.229918,0.0,0.0,10356710000,27.6,27.6,0.617409,frankycpp_v1.8.exe,chess::Position::removePiece(class chess::Square),Position.cpp,0x14025d720
engine::Evaluator::coordinationEval,1.101927,1.101927,0.0,0.0,10698140000,32.9,32.9,0.527156,frankycpp_v1.8.exe,"engine::Evaluator::coordinationEval(class chess::Position const &,struct chess::Score &,class chess::Color)",Evaluator.cpp,0x14026b380
engine::Evaluator::pawnEval,1.048930,1.048930,0.0,0.0,5091500000,16.6,16.6,1.106471,frankycpp_v1.8.exe,"engine::Evaluator::pawnEval(class chess::Position const &,struct chess::Score &)",Evaluator.cpp,0x140269e60
chess::MoveGenerator::generatePawnMoves,1.046931,1.046931,0.0,0.0,7975685000,23.0,23.0,0.722118,frankycpp_v1.8.exe,"chess::MoveGenerator::generatePawnMoves(class chess::Position const &,class chess::StaticMoveList<256> *,enum chess::GenMode,bool,class chess::Bitboard)",MoveGenerator.cpp,0x1402630a0
std::_Checked_popcount<unsigned __int64>,1.028932,1.028932,0.0,0.0,13294805000,38.8,38.8,0.421266,frankycpp_v1.8.exe,std::_Checked_popcount<unsigned __int64>(unsigned __int64),__msvc_bit_utils.hpp,0x140241510
engine::PawnTT::Entry::Entry,1.002933,1.002933,0.0,0.0,1587350000,5.3,5.3,3.352830,frankycpp_v1.8.exe,engine::PawnTT::Entry::Entry(struct engine::PawnTT::Entry const &),PawnTT.cpp,0x1402665d0
engine::Evaluator::threatEval,0.903940,0.903940,0.0,0.0,12159700000,43.4,43.4,0.398276,frankycpp_v1.8.exe,"engine::Evaluator::threatEval(class chess::Position const &,struct chess::Score &,class chess::Color)",Evaluator.cpp,0x14026b1e0
chess::Position::putPiece,0.866943,0.866943,0.0,0.0,8344070000,35.8,35.8,0.532304,frankycpp_v1.8.exe,"chess::Position::putPiece(enum chess::Piece,class chess::Square)",Position.cpp,0x14025d610
chess::Position::isAttacked,0.823945,0.823945,0.0,0.0,10844895000,44.1,44.1,0.390224,frankycpp_v1.8.exe,"chess::Position::isAttacked(class chess::Square,class chess::Color)",Position.cpp,0x14025c1e0
engine::See::see,0.747950,0.747950,0.0,0.0,9395315000,42.6,42.6,0.450112,frankycpp_v1.8.exe,"engine::See::see(class chess::Position const &,class chess::Move)",See.cpp,0x14029e620
engine::Evaluator::bishopEval,0.622959,0.622959,0.0,0.0,6981345000,37.7,37.7,0.494637,frankycpp_v1.8.exe,engine::Evaluator::bishopEval,Evaluator.cpp,0x14026a5b8
"std::_Atomic_storage<unsigned __int64,8>::store",0.525965,0.525965,0.0,0.0,599000000,2.8,2.8,4.970000,frankycpp_v1.8.exe,"std::_Atomic_storage<unsigned __int64,8>::store",atomic,0x14026d4f6
"std::_Atomic_address_as<__int64,std::_Atomic_padded<unsigned __int64> >",0.511966,0.511966,0.0,0.0,1347750000,8.2,8.2,2.011111,frankycpp_v1.8.exe,"std::_Atomic_address_as<__int64,std::_Atomic_padded<unsigned __int64> >",xatomic.h,0x140268d20
engine::Evaluator::knightEval,0.488968,0.488968,0.0,0.0,6292495000,38.5,38.5,0.428367,frankycpp_v1.8.exe,"engine::Evaluator::knightEval(class chess::Position const &,struct chess::Score &,class chess::Color,class chess::Color,class chess::Square)",Evaluator.cpp,0x14026a6d0
chess::Position::wasLegalMove,0.441971,0.441971,0.0,0.0,6831595000,48.6,48.6,0.348970,frankycpp_v1.8.exe,chess::Position::wasLegalMove(void),Position.cpp,0x14025c6d0
func@0x1800126c0,0.427972,0.427972,0.0,0.0,0,1.1,1.1,,vcruntime140.dll,func@0x1800126c0,[Unknown],0x1800126c0
engine::Evaluator::queenEval,0.391974,0.391974,0.0,0.0,6343410000,49.9,49.9,0.326251,frankycpp_v1.8.exe,engine::Evaluator::queenEval,Evaluator.cpp,0x14026a3b9
"std::ranges::_Sort_fn::_Sort_common<chess::Move *,chess::moveValueGreaterComparator,std::identity>",0.368976,0.368976,0.0,0.0,3644915000,24.8,24.8,0.512736,frankycpp_v1.8.exe,"std::ranges::_Sort_fn::_Sort_common<chess::Move *,chess::moveValueGreaterComparator,std::identity>(class chess::Move *, class chess::Move *, __int64, struct chess::moveValueGreaterComparator, struct std::identity)",algorithm,0x1402642e0
std::_Unchecked_popcount<unsigned __int64>,0.365976,0.365976,0.0,0.0,3914465000,36.8,36.8,0.449885,frankycpp_v1.8.exe,std::_Unchecked_popcount<unsigned __int64>(unsigned __int64),__msvc_bit_utils.hpp,0x140241500
chess::Move::encode,0.353977,0.353977,0.0,0.0,3345415000,39.0,39.0,0.561325,frankycpp_v1.8.exe,chess::Move::encode,move.h,0x140263c25
chess::moveValueGreaterComparator::operator(),0.345977,0.345977,0.0,0.0,4085180000,32.2,32.2,0.479472,frankycpp_v1.8.exe,chess::moveValueGreaterComparator::operator(),move.h,0x140236da0
chess::Position::undoMove,0.335978,0.335978,0.0,0.0,3156730000,29.2,29.2,0.575901,frankycpp_v1.8.exe,chess::Position::undoMove(void),Position.cpp,0x14025be60
chess::Bitboard::shifted,0.316979,0.316979,0.0,0.0,4854895000,47.4,47.4,0.366440,frankycpp_v1.8.exe,chess::Bitboard::shifted,bitboard.h,0x14026319d
engine::See::attacksTo,0.309979,0.309979,0.0,0.0,4429605000,50.9,50.9,0.357674,frankycpp_v1.8.exe,"engine::See::attacksTo(class chess::Position const &,class chess::Square,class chess::Color)",See.cpp,0x14029e990
"std::array<int,64>::operator[]",0.290981,0.290981,0.0,0.0,4046245000,41.8,41.8,0.354552,frankycpp_v1.8.exe,"std::array<int,64>::operator[]",array,0x140262f37
chess::MoveGenerator::generateKingMoves,0.276982,0.276982,0.0,0.0,3327445000,37.3,37.3,0.474347,frankycpp_v1.8.exe,"chess::MoveGenerator::generateKingMoves(class chess::Position const &,class chess::StaticMoveList<256> *,enum chess::GenMode,bool)",MoveGenerator.cpp,0x140263d90
chess::operator+=,0.264982,0.264982,0.0,0.0,512145000,7.0,7.0,2.391813,frankycpp_v1.8.exe,chess::operator+=,value.h,0x140269ecb
engine::Search::sendSearchUpdateToUci,0.263982,0.263982,0.0,0.0,50915000,0.6,0.6,25.352941,frankycpp_v1.8.exe,engine::Search::sendSearchUpdateToUci(void),Search.cpp,0x14022aa80
chess::Bitboard::operator^=,0.256983,0.256983,0.0,0.0,2677530000,39.0,39.0,0.492170,frankycpp_v1.8.exe,chess::Bitboard::operator^=,bitboard.h,0x14025d775
chess::Bitboard::operator bool,0.253983,0.253983,0.0,0.0,3066880000,38.7,38.7,0.420898,frankycpp_v1.8.exe,chess::Bitboard::operator bool,bitboard.h,0x140263bc4
engine::See::revealedAttacks,0.241984,0.241984,0.0,0.0,3327445000,46.9,46.9,0.378038,frankycpp_v1.8.exe,"engine::See::revealedAttacks(class chess::Position const &,class chess::Square,class chess::Bitboard,class chess::Color)",See.cpp,0x14029eae0
std::optional<engine::PawnTT::Entry>::{ctor},0.235984,0.235984,0.0,0.0,197670000,2.8,2.8,6.454545,frankycpp_v1.8.exe,std::optional<engine::PawnTT::Entry>::{ctor},optional,0x1402675a0
engine::Search::storeTt,0.227985,0.227985,0.0,0.0,2351075000,39.2,39.2,0.448408,frankycpp_v1.8.exe,"engine::Search::storeTt(class chess::Position const &,enum chess::Depth,enum chess::Depth,class chess::Move,class chess::Value,enum chess::ValueType,class chess::Value)",Search.cpp,0x1402216f0
chess::Position::movePiece,0.225985,0.225985,0.0,0.0,1988680000,30.0,30.0,0.618976,frankycpp_v1.8.exe,"chess::Position::movePiece(class chess::Square,class chess::Square)",Position.cpp,0x14025d5e0
std::_Countr_zero_tzcnt<unsigned __int64>,0.217986,0.217986,0.0,0.0,2153405000,35.9,35.9,0.488178,frankycpp_v1.8.exe,std::_Countr_zero_tzcnt<unsigned __int64>(unsigned __int64),__msvc_bit_utils.hpp,0x140265570
"std::array<chess::Bitboard,64>::operator[]",0.206986,0.206986,0.0,0.0,3054900000,49.0,49.0,0.373529,frankycpp_v1.8.exe,"std::array<chess::Bitboard,64>::operator[]",array,0x14016ca40
chess::Position::hasCheck,0.203986,0.203986,0.0,0.0,1248915000,15.0,15.0,0.894484,frankycpp_v1.8.exe,chess::Position::hasCheck(void),Position.cpp,0x14025c4c0
chess::makePiece,0.203986,0.203986,0.0,0.0,1913805000,31.8,31.8,0.536776,frankycpp_v1.8.exe,chess::makePiece,piece.h,0x14026ae4c
"std::array<unsigned __int64,64>::operator[]",0.202987,0.202987,0.0,0.0,2539760000,35.0,35.0,0.446934,frankycpp_v1.8.exe,"std::array<unsigned __int64,64>::operator[]",array,0x14025d762
engine::Search::thread,0.197987,0.197987,0.0,0.0,161730000,3.8,3.8,5.851852,frankycpp_v1.8.exe,engine::Search::thread,Search.h,0x140220e4f
chess::Square::{ctor},0.193987,0.193987,0.0,0.0,2797330000,42.9,42.9,0.368308,frankycpp_v1.8.exe,chess::Square::{ctor},square.h,0x14025c545
chess::Move::operator==,0.190987,0.190987,0.0,0.0,2393005000,42.3,42.3,0.382979,frankycpp_v1.8.exe,chess::Move::operator==,PVTable.h,0x140262fa6
chess::Bitboard::shifted,0.187988,0.187988,0.0,0.0,1832940000,31.0,31.0,0.531046,frankycpp_v1.8.exe,chess::Bitboard::shifted(class chess::Direction),bitboard.h,0x140265360
engine::TT::Entry::{ctor},0.186988,0.186988,0.0,0.0,281530000,6.8,6.8,3.234043,frankycpp_v1.8.exe,engine::TT::Entry::{ctor},TT.h,0x14026d60f
chess::operator&,0.182988,0.182988,0.0,0.0,2401990000,32.1,32.1,0.418953,frankycpp_v1.8.exe,chess::operator&,bitboard.h,0x14026b296
chess::Position::getPieceBb,0.168989,0.168989,0.0,0.0,1221960000,21.0,21.0,0.647059,frankycpp_v1.8.exe,chess::Position::getPieceBb,Position.h,0x1402630d1
chess::StaticMoveList<256>::push_back,0.156990,0.156990,0.0,0.0,1524455000,32.2,32.2,0.483301,frankycpp_v1.8.exe,chess::StaticMoveList<256>::push_back,staticmovelist.h,0x140263d06
std::popcount,0.154990,0.154990,0.0,0.0,2330110000,36.9,36.9,0.332905,frankycpp_v1.8.exe,std::popcount,bit,0x14026b2af
chess::Position::getPiece,0.153990,0.153990,0.0,0.0,1527450000,39.6,39.6,0.484314,frankycpp_v1.8.exe,chess::Position::getPiece,Position.h,0x14026ae45
chess::operator*,0.146990,0.146990,0.0,0.0,1901825000,44.5,44.5,0.414173,frankycpp_v1.8.exe,chess::operator*,value.h,0x140269d85
chess::operator<,0.144990,0.144990,0.0,0.0,1593340000,29.9,29.9,0.415414,frankycpp_v1.8.exe,chess::operator<,rank.h,0x14026ae34
std::countr_zero,0.144990,0.144990,0.0,0.0,1934770000,36.8,36.8,0.503096,frankycpp_v1.8.exe,std::countr_zero,bit,0x140263b72
func@0x1400e34a0,0.140991,0.140991,0.0,0.0,14975000,0.4,0.4,49.800000,nvlddmkm.sys,func@0x1400e34a0,[Unknown],0x1400e34a0
chess::MoveGenerator::isPseudoLegal,0.138991,0.138991,0.0,0.0,742760000,19.0,19.0,0.995968,frankycpp_v1.8.exe,"chess::MoveGenerator::isPseudoLegal(class chess::Position const &,class chess::Move)",MoveGenerator.cpp,0x140261080
chess::typeOf,0.138991,0.138991,0.0,0.0,1311810000,39.2,39.2,0.488584,frankycpp_v1.8.exe,chess::typeOf,piece.h,0x14025d744
chess::Position::checkRepetitions,0.137991,0.137991,0.0,0.0,5990000,1.0,1.0,129.000000,frankycpp_v1.8.exe,chess::Position::checkRepetitions(int),Position.cpp,0x14025c8d0
engine::See::getLeastValuablePiece,0.134991,0.134991,0.0,0.0,2410975000,66.1,66.1,0.301863,frankycpp_v1.8.exe,"engine::See::getLeastValuablePiece(class chess::Position const &,class chess::Bitboard,class chess::Color)",See.cpp,0x14029e910
chess::Value::operator int,0.130991,0.130991,0.0,0.0,913475000,26.2,26.2,0.662295,frankycpp_v1.8.exe,chess::Value::operator int,value.h,0x14025d7f9
chess::Move::encode,0.125992,0.125992,0.0,0.0,1446585000,40.1,40.1,0.472050,frankycpp_v1.8.exe,chess::Move::encode,move.h,0x140263cfd
chess::Position::attacksTo,0.125992,0.125992,0.0,0.0,1476535000,43.6,43.6,0.403651,frankycpp_v1.8.exe,"chess::Position::attacksTo(class chess::Square,class chess::Color)",Position.cpp,0x14025c370
chess::Bitboard::operator|=,0.118992,0.118992,0.0,0.0,760730000,18.7,18.7,0.893701,frankycpp_v1.8.exe,chess::Bitboard::operator|=,bitboard.h,0x14026a5e5
"std::array<chess::Value,25>::operator[]",0.118992,0.118992,0.0,0.0,1395670000,44.1,44.1,0.390558,frankycpp_v1.8.exe,"std::array<chess::Value,25>::operator[]",array,0x140263c19
_security_check_cookie,0.116992,0.116992,0.0,0.0,458235000,14.8,14.8,1.202614,frankycpp_v1.8.exe,_security_check_cookie,amdsecgs.asm,0x140619cf0
chess::Bitboard::operator|=,0.116992,0.116992,0.0,0.0,1416635000,40.3,40.3,0.507400,frankycpp_v1.8.exe,chess::Bitboard::operator|=,bitboard.h,0x14025d662
engine::Search::goodCapture,0.109993,0.109993,0.0,0.0,1602325000,44.2,44.2,0.390654,frankycpp_v1.8.exe,"engine::Search::goodCapture(class chess::Position const &,class chess::Move,bool)",Search.cpp,0x1402215b0
chess::Value::{ctor},0.107993,0.107993,0.0,0.0,1329780000,38.9,38.9,0.405405,frankycpp_v1.8.exe,chess::Value::{ctor},value.h,0x14029eb80
chess::operator<,0.103993,0.103993,0.0,0.0,1623290000,51.2,51.2,0.356089,frankycpp_v1.8.exe,chess::operator<,value.h,0x14029e7b8
chess::MoveGenerator::resetOnDemand,0.102993,0.102993,0.0,0.0,563060000,20.3,20.3,0.861702,frankycpp_v1.8.exe,chess::MoveGenerator::resetOnDemand,MoveGenerator.h,0x14022109e
chess::operator++,0.102993,0.102993,0.0,0.0,1141095000,37.5,37.5,0.454068,frankycpp_v1.8.exe,chess::operator++,piecetype.h,0x140263d59
chess::Color::sign,0.097994,0.097994,0.0,0.0,934440000,35.9,35.9,0.496795,frankycpp_v1.8.exe,chess::Color::sign,color.h,0x140263258
chess::operator&,0.097994,0.097994,0.0,0.0,1808980000,51.2,51.2,0.278146,frankycpp_v1.8.exe,chess::operator&,bitboard.h,0x14029ea97
chess::Bitboard::popLSB,0.096994,0.096994,0.0,0.0,560065000,23.9,23.9,0.780749,frankycpp_v1.8.exe,chess::Bitboard::popLSB,bitboard.h,0x14026b3f0
engine::Search::checkDrawRepAnd50,0.096994,0.096994,0.0,0.0,20965000,0.4,0.4,20.857143,frankycpp_v1.8.exe,"engine::Search::checkDrawRepAnd50(class chess::Position const &,int)",Search.cpp,0x140225ae0
chess::Position::getLastMove,0.094994,0.094994,0.0,0.0,1431610000,44.9,44.9,0.391213,frankycpp_v1.8.exe,chess::Position::getLastMove,Position.h,0x140262f70
chess::Position::getPieceBb,0.093994,0.093994,0.0,0.0,1141095000,,,0.482940,frankycpp_v1.8.exe,chess::Position::getPieceBb,Position.h,0x14026b28b
std::atomic<bool>::operator bool,0.090994,0.090994,0.0,0.0,955405000,34.0,34.0,0.489028,frankycpp_v1.8.exe,std::atomic<bool>::operator bool,atomic,0x140225a64
std::countr_zero,0.087994,0.087994,0.0,0.0,2533770000,86.8,86.8,0.158392,frankycpp_v1.8.exe,std::countr_zero,bit,0x140269a30
chess::Bitboard::operator|=,0.086994,0.086994,0.0,0.0,1015305000,45.4,45.4,0.401180,frankycpp_v1.8.exe,chess::Bitboard::operator|=,bitboard.h,0x14026a5db
chess::StaticMoveList<256>::push_back,0.086994,0.086994,0.0,0.0,805655000,34.9,34.9,0.475836,frankycpp_v1.8.exe,chess::StaticMoveList<256>::push_back,staticmovelist.h,0x140263c4a
"std::_Atomic_storage<unsigned __int64,8>::store",0.085994,0.085994,0.0,0.0,182695000,8.1,8.1,2.721311,frankycpp_v1.8.exe,"std::_Atomic_storage<unsigned __int64,8>::store",atomic,0x14026d64f
std::countr_zero,0.085994,0.085994,0.0,0.0,2701490000,87.9,87.9,0.151885,frankycpp_v1.8.exe,std::countr_zero,bit,0x140269a70
std::ranges::_Partition_by_median_guess_common,0.085994,0.085994,0.0,0.0,383360000,16.0,16.0,1.078125,frankycpp_v1.8.exe,std::ranges::_Partition_by_median_guess_common,algorithm,0x14026433f
chess::operator&,0.082994,0.082994,0.0,0.0,1686185000,58.9,58.9,0.266430,frankycpp_v1.8.exe,chess::operator&,bitboard.h,0x14026aa85
"std::array<chess::Move,64>::operator[]",0.082994,0.082994,0.0,0.0,1380695000,45.3,45.3,0.310195,frankycpp_v1.8.exe,"std::array<chess::Move,64>::operator[]",array,0x140262fa4
chess::Move::stripped,0.080995,0.080995,0.0,0.0,1096170000,39.0,39.0,0.423497,frankycpp_v1.8.exe,chess::Move::stripped,move.h,0x140262ec0
chess::operator&,0.080995,0.080995,0.0,0.0,715805000,30.7,30.7,0.506276,frankycpp_v1.8.exe,chess::operator&,bitboard.h,0x14026b27d
chess::Move::from,0.079995,0.079995,0.0,0.0,1114140000,59.3,59.3,0.384409,frankycpp_v1.8.exe,chess::Move::from,move.h,0x14021ffed
chess::operator+,0.074995,0.074995,0.0,0.0,886520000,33.8,33.8,0.456081,frankycpp_v1.8.exe,chess::operator+,value.h,0x140269db1
"std::_Atomic_reinterpret_as<__int64,unsigned __int64>",0.073995,0.073995,0.0,0.0,224625000,4.8,4.8,1.960000,frankycpp_v1.8.exe,"std::_Atomic_reinterpret_as<__int64,unsigned __int64>(unsigned __int64 const & __ptr64)",atomic,0x140268c00
chess::Value::operator int,0.071995,0.071995,0.0,0.0,539100000,35.2,35.2,0.661111,frankycpp_v1.8.exe,chess::Value::operator int,value.h,0x14025d6f6
chess::operator&,0.071995,0.071995,0.0,0.0,1177035000,41.6,41.6,0.371501,frankycpp_v1.8.exe,chess::operator&,bitboard.h,0x140220268
"std::array<chess::Bitboard,64>::operator[]",0.071995,0.071995,0.0,0.0,691845000,29.3,29.3,0.454545,frankycpp_v1.8.exe,"std::array<chess::Bitboard,64>::operator[]",array,0x14025c1ff
chess::Bitboard::operator bool,0.068995,0.068995,0.0,0.0,1138100000,42.9,42.9,0.281579,frankycpp_v1.8.exe,chess::Bitboard::operator bool,bitboard.h,0x140263b55
chess::Position::getPieceBb,0.067995,0.067995,0.0,0.0,524125000,27.6,27.6,0.720000,frankycpp_v1.8.exe,chess::Position::getPieceBb,Position.h,0x14026a337
chess::typeOf,0.067995,0.067995,0.0,0.0,1015305000,35.2,35.2,0.463127,frankycpp_v1.8.exe,chess::typeOf,piece.h,0x140263c2e
engine::PawnTT::put,0.067995,0.067995,0.0,0.0,86855000,1.5,1.5,4.724138,frankycpp_v1.8.exe,"engine::PawnTT::put(struct engine::PawnTT::Entry *,unsigned __int64,struct chess::Score,class chess::Bitboard,class chess::Bitboard)",PawnTT.cpp,0x140267360
chess::Position::getPieceBb,0.066996,0.066996,0.0,0.0,760730000,45.6,45.6,0.413386,frankycpp_v1.8.exe,chess::Position::getPieceBb,Position.h,0x140263b40
chess::Value::isCheckMate,0.066996,0.066996,0.0,0.0,796670000,39.3,39.3,0.406015,frankycpp_v1.8.exe,chess::Value::isCheckMate,value.h,0x140221754
chess::Bitboard::operator|=,0.065996,0.065996,0.0,0.0,916470000,41.2,41.2,0.408497,frankycpp_v1.8.exe,chess::Bitboard::operator|=,bitboard.h,0x14026a70b
chess::Move::operator==,0.065996,0.065996,0.0,0.0,1165055000,54.5,54.5,0.354756,frankycpp_v1.8.exe,chess::Move::operator==,PVTable.h,0x14021ffdb
std::countr_zero,0.065996,0.065996,0.0,0.0,787685000,40.4,40.4,0.524715,frankycpp_v1.8.exe,std::countr_zero,bit,0x14026a3b1
chess::operator&,0.064996,0.064996,0.0,0.0,631945000,30.8,30.8,0.417062,frankycpp_v1.8.exe,chess::operator&,bitboard.h,0x14026b14d
chess::operator&,0.063996,0.063996,0.0,0.0,1033275000,33.1,33.1,0.437681,frankycpp_v1.8.exe,chess::operator&,bitboard.h,0x14026af5f
chess::operator|,0.063996,0.063996,0.0,0.0,548085000,42.1,42.1,0.535519,frankycpp_v1.8.exe,chess::operator|,bitboard.h,0x14026b215
chess::operator~,0.063996,0.063996,0.0,0.0,697835000,40.2,40.2,0.407725,frankycpp_v1.8.exe,chess::operator~,color.h,0x140220264
std::ranges::_Sort_fn::operator(),0.063996,0.063996,0.0,0.0,446255000,31.8,31.8,0.691275,frankycpp_v1.8.exe,std::ranges::_Sort_fn::operator(),algorithm,0x140262dee
chess::Bitboard::operator bool,0.062996,0.062996,0.0,0.0,643925000,36.1,36.1,0.451163,frankycpp_v1.8.exe,chess::Bitboard::operator bool,bitboard.h,0x140263cb9
chess::Position::isCapturingMove,0.062996,0.062996,0.0,0.0,1105155000,49.3,49.3,0.298103,frankycpp_v1.8.exe,chess::Position::isCapturingMove,Position.h,0x140220264
"std::unique_ptr<engine::TT::TTCluster [0],std::default_delete<engine::TT::TTCluster [0]> >::operator[]",0.062996,0.062996,0.0,0.0,338435000,18.2,18.2,1.026549,frankycpp_v1.8.exe,"std::unique_ptr<engine::TT::TTCluster [0],std::default_delete<engine::TT::TTCluster [0]> >::operator[]",memory,0x1402212bb
chess::Bitboard::popLSB,0.061996,0.061996,0.0,0.0,1045255000,40.4,40.4,0.280802,frankycpp_v1.8.exe,chess::Bitboard::popLSB,bitboard.h,0x14026aee0
chess::operator|,0.061996,0.061996,0.0,0.0,1272875000,68.0,68.0,0.244706,frankycpp_v1.8.exe,chess::operator|,bitboard.h,0x14029ea8c
chess::Attacks::detail::Magic::index,0.060996,0.060996,0.0,0.0,613975000,39.6,39.6,0.487805,frankycpp_v1.8.exe,chess::Attacks::detail::Magic::index,attacks.h,0x14016c985
chess::operator&,0.060996,0.060996,0.0,0.0,757735000,55.6,55.6,0.426877,frankycpp_v1.8.exe,chess::operator&,bitboard.h,0x14025c22c
chess::typeOf,0.058996,0.058996,0.0,0.0,808650000,36.9,36.9,0.292593,frankycpp_v1.8.exe,chess::typeOf,piece.h,0x14022121b
"std::array<std::array<chess::Move,64>,64>::operator[]",0.057996,0.057996,0.0,0.0,985355000,50.4,50.4,0.331307,frankycpp_v1.8.exe,"std::array<std::array<chess::Move,64>,64>::operator[]",array,0x140262fa0
std::countr_zero,0.057996,0.057996,0.0,0.0,802660000,34.8,34.8,0.365672,frankycpp_v1.8.exe,std::countr_zero,bit,0x14026aee0
chess::operator~,0.056996,0.056996,0.0,0.0,745755000,48.4,48.4,0.445783,frankycpp_v1.8.exe,chess::operator~,color.h,0x14025bdcb
chess::Bitboard::operator|=,0.055996,0.055996,0.0,0.0,814640000,50.8,50.8,0.345588,frankycpp_v1.8.exe,chess::Bitboard::operator|=,bitboard.h,0x140269a78
chess::operator&,0.055996,0.055996,0.0,0.0,856570000,43.5,43.5,0.276224,frankycpp_v1.8.exe,chess::operator&,bitboard.h,0x14025c641
engine::Search::evaluate,0.055996,0.055996,0.0,0.0,667885000,38.5,38.5,0.412556,frankycpp_v1.8.exe,engine::Search::evaluate,Search.cpp,0x140220fc7
chess::operator&,0.054996,0.054996,0.0,0.0,275540000,11.1,11.1,0.869565,frankycpp_v1.8.exe,chess::operator&,bitboard.h,0x14026a5fa
"std::array<int,64>::operator[]",0.054996,0.054996,0.0,0.0,1416635000,48.2,48.2,0.236786,frankycpp_v1.8.exe,"std::array<int,64>::operator[]",array,0x14026a45d
chess::Direction::operator int,0.053996,0.053996,0.0,0.0,473210000,31.6,31.6,0.379747,frankycpp_v1.8.exe,chess::Direction::operator int,direction.h,0x140265360
chess::operator&,0.053996,0.053996,0.0,0.0,601995000,43.1,43.1,0.522388,frankycpp_v1.8.exe,chess::operator&,bitboard.h,0x14026b4b8
chess::operator|,0.053996,0.053996,0.0,0.0,616970000,37.1,37.1,0.393204,frankycpp_v1.8.exe,chess::operator|,bitboard.h,0x14029eb03
engine::Search::valueToTt,0.053996,0.053996,0.0,0.0,694840000,39.6,39.6,0.495690,frankycpp_v1.8.exe,"engine::Search::valueToTt(class chess::Value,enum chess::Depth)",Search.cpp,0x140221750
func@0x1406b1283,0.053996,0.053996,0.0,0.0,11980000,6.3,6.3,22.250000,ntoskrnl.exe,func@0x1406b1283,[Unknown],0x1406b1283
std::atomic<bool>::operator bool,0.053996,0.053996,0.0,0.0,296505000,15.9,15.9,1.080808,frankycpp_v1.8.exe,std::atomic<bool>::operator bool,atomic,0x140225acb
chess::MoveGenerator::getEvasionTargets,0.052996,0.052996,0.0,0.0,670880000,43.2,43.2,0.433036,frankycpp_v1.8.exe,chess::MoveGenerator::getEvasionTargets(class chess::Position const &),MoveGenerator.cpp,0x140263010
chess::operator-,0.052996,0.052996,0.0,0.0,652910000,49.4,49.4,0.389908,frankycpp_v1.8.exe,chess::operator-,depth.h,0x14022000a
func@0x1406b239f,0.052996,0.052996,0.0,0.0,8985000,5.5,5.5,27.666667,ntoskrnl.exe,func@0x1406b239f,[Unknown],0x1406b239f
"std::_Atomic_address_as<__int64,std::_Atomic_padded<unsigned __int64> >",0.052996,0.052996,0.0,0.0,140765000,5.5,5.5,2.063830,frankycpp_v1.8.exe,"std::_Atomic_address_as<__int64,std::_Atomic_padded<unsigned __int64> >",xatomic.h,0x140268c10
chess::operator<<,0.051997,0.051997,0.0,0.0,919465000,43.5,43.5,0.319218,frankycpp_v1.8.exe,chess::operator<<,bitboard.h,0x14026af5a
chess::Move::operator==,0.050997,0.050997,0.0,0.0,458235000,39.2,39.2,0.385621,frankycpp_v1.8.exe,chess::Move::operator==,PVTable.h,0x140262f08
chess::Position::getPieceBb,0.049997,0.049997,0.0,0.0,479200000,25.6,25.6,0.512500,frankycpp_v1.8.exe,chess::Position::getPieceBb,Position.h,0x14026b12f
chess::operator&,0.049997,0.049997,0.0,0.0,1057235000,56.7,56.7,0.331445,frankycpp_v1.8.exe,chess::operator&,bitboard.h,0x14025c62a
chess::Value::operator int,0.048997,0.048997,0.0,0.0,584025000,41.7,41.7,0.548718,frankycpp_v1.8.exe,chess::Value::operator int,value.h,0x14025d6e6
chess::colorOf,0.048997,0.048997,0.0,0.0,326455000,26.1,26.1,0.706422,frankycpp_v1.8.exe,chess::colorOf,piece.h,0x14025d749
chess::operator&,0.048997,0.048997,0.0,0.0,706820000,42.0,42.0,0.436441,frankycpp_v1.8.exe,chess::operator&,bitboard.h,0x14025c27c
chess::operator&,0.048997,0.048997,0.0,0.0,1168050000,67.9,67.9,0.256410,frankycpp_v1.8.exe,chess::operator&,bitboard.h,0x14025c688
std::min,0.048997,0.048997,0.0,0.0,551080000,26.6,26.6,0.500000,frankycpp_v1.8.exe,std::min,utility,0x14026b0c1
chess::Move::to,0.047997,0.047997,0.0,0.0,724790000,39.1,39.1,0.338843,frankycpp_v1.8.exe,chess::Move::to,move.h,0x140220273
chess::Position::checkInsufficientMaterial,0.047997,0.047997,0.0,0.0,557070000,53.6,53.6,0.376344,frankycpp_v1.8.exe,chess::Position::checkInsufficientMaterial(void),Position.cpp,0x14025c9a0
chess::Position::getPieceBb,0.047997,0.047997,0.0,0.0,551080000,35.3,35.3,0.445652,frankycpp_v1.8.exe,chess::Position::getPieceBb,Position.h,0x14026adcb
std::atomic<unsigned __int64>::{ctor},0.047997,0.047997,0.0,0.0,50915000,10.0,10.0,3.588235,frankycpp_v1.8.exe,std::atomic<unsigned __int64>::{ctor},atomic,0x14026d60f
chess::Position::getGamePhaseFactor,0.046997,0.046997,0.0,0.0,703825000,41.9,41.9,0.425532,frankycpp_v1.8.exe,chess::Position::getGamePhaseFactor,Position.h,0x14026991b
chess::operator&,0.046997,0.046997,0.0,0.0,730780000,38.0,38.0,0.409836,frankycpp_v1.8.exe,chess::operator&,bitboard.h,0x14025c2b7
chess::Bitboard::popLSB,0.045997,0.045997,0.0,0.0,799665000,43.9,43.9,0.348315,frankycpp_v1.8.exe,chess::Bitboard::popLSB,bitboard.h,0x140263b72
chess::Position::clearEnPassant,0.045997,0.045997,0.0,0.0,610980000,33.3,33.3,0.362745,frankycpp_v1.8.exe,chess::Position::clearEnPassant,Position.cpp,0x14025bd1c
chess::operator&,0.045997,0.045997,0.0,0.0,859565000,59.2,59.2,0.226481,frankycpp_v1.8.exe,chess::operator&,bitboard.h,0x14025c66f
chess::operator&,0.045997,0.045997,0.0,0.0,518135000,48.8,48.8,0.323699,frankycpp_v1.8.exe,chess::operator&,bitboard.h,0x14026b4aa
chess::operator&,0.045997,0.045997,0.0,0.0,569050000,52.4,52.4,0.368421,frankycpp_v1.8.exe,chess::operator&,bitboard.h,0x14026ab03
chess::operator&,0.045997,0.045997,0.0,0.0,634940000,39.3,39.3,0.400943,frankycpp_v1.8.exe,chess::operator&,bitboard.h,0x14026b116
"std::unique_ptr<engine::TT::TTCluster [0],std::default_delete<engine::TT::TTCluster [0]> >::operator[]",0.045997,0.045997,0.0,0.0,65890000,9.4,9.4,3.000000,frankycpp_v1.8.exe,"std::unique_ptr<engine::TT::TTCluster [0],std::default_delete<engine::TT::TTCluster [0]> >::operator[]",memory,0x1402205f9
chess::operator*,0.044997,0.044997,0.0,0.0,587020000,39.6,39.6,0.484694,frankycpp_v1.8.exe,chess::operator*,value.h,0x140269d8d
chess::Bitboard::operator|=,0.043997,0.043997,0.0,0.0,691845000,35.8,35.8,0.437229,frankycpp_v1.8.exe,chess::Bitboard::operator|=,bitboard.h,0x14025d656
chess::StaticMoveList<256>::push_back,0.043997,0.043997,0.0,0.0,440265000,25.7,25.7,0.707483,frankycpp_v1.8.exe,chess::StaticMoveList<256>::push_back,staticmovelist.h,0x140263446
engine::Evaluator::prefetch,0.043997,0.043997,0.0,0.0,5990000,0.9,0.9,38.500000,frankycpp_v1.8.exe,engine::Evaluator::prefetch,Evaluator.h,0x1402212d4
engine::PVTable::clear,0.043997,0.043997,0.0,0.0,287520000,27.2,27.2,0.708333,frankycpp_v1.8.exe,engine::PVTable::clear,PVTable.h,0x140220cf9
chess::Value::operator int,0.042997,0.042997,0.0,0.0,470215000,34.8,34.8,0.484076,frankycpp_v1.8.exe,chess::Value::operator int,value.h,0x14025d7e6
chess::operator&,0.042997,0.042997,0.0,0.0,601995000,48.8,48.8,0.378109,frankycpp_v1.8.exe,chess::operator&,bitboard.h,0x14025c29b
std::popcount,0.042997,0.042997,0.0,0.0,694840000,49.2,49.2,0.413793,frankycpp_v1.8.exe,std::popcount,bit,0x14026a55d
chess::Bitboard::operator|=,0.041997,0.041997,0.0,0.0,584025000,49.2,49.2,0.364103,frankycpp_v1.8.exe,chess::Bitboard::operator|=,bitboard.h,0x14026aa11
chess::Position::getNextPlayer,0.041997,0.041997,0.0,0.0,227620000,14.8,14.8,1.210526,frankycpp_v1.8.exe,chess::Position::getNextPlayer,Position.h,0x140263dae
chess::Bitboard::operator bool,0.040997,0.040997,0.0,0.0,449250000,29.0,29.0,0.406667,frankycpp_v1.8.exe,chess::Bitboard::operator bool,bitboard.h,0x140263ec0
chess::operator+,0.040997,0.040997,0.0,0.0,386355000,30.0,30.0,0.457364,frankycpp_v1.8.exe,chess::operator+,direction.h,0x140263199
func@0x140255da0,0.040997,0.040997,0.0,0.0,8985000,1.4,1.4,30.333333,ntoskrnl.exe,func@0x140255da0,[Unknown],0x140255da0
func@0x1406ac320,0.040997,0.040997,0.0,0.0,74875000,13.1,13.1,2.760000,ntoskrnl.exe,func@0x1406ac320,[Unknown],0x1406ac320
func@0x140cbc720,0.040997,0.040997,0.0,0.0,0,0.0,0.0,,nvlddmkm.sys,func@0x140cbc720,[Unknown],0x140cbc720
chess::Bitboard::popLSB,0.039997,0.039997,0.0,0.0,422295000,30.3,30.3,0.432624,frankycpp_v1.8.exe,chess::Bitboard::popLSB,bitboard.h,0x14026a6a0
chess::operator&,0.039997,0.039997,0.0,0.0,230615000,18.3,18.3,0.740260,frankycpp_v1.8.exe,chess::operator&,bitboard.h,0x14026b444
chess::operator&,0.039997,0.039997,0.0,0.0,868550000,68.7,68.7,0.303448,frankycpp_v1.8.exe,chess::operator&,bitboard.h,0x14029e92a
engine::Search::thread,0.039997,0.039997,0.0,0.0,275540000,20.4,20.4,0.923913,frankycpp_v1.8.exe,engine::Search::thread,Search.h,0x140221095
chess::Bitboard::operator bool,0.037997,0.037997,0.0,0.0,365390000,36.7,36.7,0.418033,frankycpp_v1.8.exe,chess::Bitboard::operator bool,bitboard.h,0x1402636e1
chess::operator&,0.037997,0.037997,0.0,0.0,365390000,38.7,38.7,0.573770,frankycpp_v1.8.exe,chess::operator&,bitboard.h,0x14026b482
chess::operator&,0.037997,0.037997,0.0,0.0,326455000,20.7,20.7,0.779817,frankycpp_v1.8.exe,chess::operator&,bitboard.h,0x140263265
chess::Move::from,0.036998,0.036998,0.0,0.0,134775000,17.6,17.6,1.111111,frankycpp_v1.8.exe,chess::Move::from,move.h,0x14025bfff
chess::MoveGenerator::resetOnDemand,0.036998,0.036998,0.0,0.0,479200000,46.9,46.9,0.431250,frankycpp_v1.8.exe,chess::MoveGenerator::resetOnDemand,MoveGenerator.h,0x14021ff2e
chess::Position::getKingSquare,0.036998,0.036998,0.0,0.0,368385000,29.2,29.2,0.382114,frankycpp_v1.8.exe,chess::Position::getKingSquare,Position.h,0x14026abd8
chess::operator&,0.036998,0.036998,0.0,0.0,694840000,64.1,64.1,0.288793,frankycpp_v1.8.exe,chess::operator&,bitboard.h,0x14029eb33
engine::Search::search::__l2::<lambda_1>::operator(),0.036998,0.036998,0.0,0.0,530115000,39.2,39.2,0.389831,frankycpp_v1.8.exe,engine::Search::search::__l2::<lambda_1>::operator(),Search.cpp,0x14021f973
"std::_Atomic_storage<unsigned __int64,8>::load",0.036998,0.036998,0.0,0.0,167720000,16.4,16.4,1.375000,frankycpp_v1.8.exe,"std::_Atomic_storage<unsigned __int64,8>::load",atomic,0x14026d3e0
std::popcount,0.036998,0.036998,0.0,0.0,416305000,44.2,44.2,0.582734,frankycpp_v1.8.exe,std::popcount,bit,0x14026b247
std::popcount,0.036998,0.036998,0.0,0.0,362395000,25.7,25.7,0.438017,frankycpp_v1.8.exe,std::popcount,bit,0x14026b498
chess::Bitboard::operator bool,0.035998,0.035998,0.0,0.0,380365000,31.8,31.8,0.598425,frankycpp_v1.8.exe,chess::Bitboard::operator bool,bitboard.h,0x14026b45c
chess::Bitboard::operator|=,0.035998,0.035998,0.0,0.0,473210000,40.4,40.4,0.398734,frankycpp_v1.8.exe,chess::Bitboard::operator|=,bitboard.h,0x14026aa1e
chess::Value::isCheckMate,0.035998,0.035998,0.0,0.0,122795000,10.1,10.1,1.951220,frankycpp_v1.8.exe,chess::Value::isCheckMate,value.h,0x140221794
chess::operator|,0.035998,0.035998,0.0,0.0,296505000,31.3,31.3,0.494949,frankycpp_v1.8.exe,chess::operator|,bitboard.h,0x14026b436
chess::operator|,0.035998,0.035998,0.0,0.0,404325000,42.7,42.7,0.518519,frankycpp_v1.8.exe,chess::operator|,bitboard.h,0x14029ea27
"std::array<chess::Bitboard,64>::operator[]",0.035998,0.035998,0.0,0.0,712810000,40.0,40.0,0.344538,frankycpp_v1.8.exe,"std::array<chess::Bitboard,64>::operator[]",array,0x14026a6ee
"std::array<unsigned __int64,64>::operator[]",0.035998,0.035998,0.0,0.0,263560000,24.2,24.2,0.636364,frankycpp_v1.8.exe,"std::array<unsigned __int64,64>::operator[]",array,0x14025d67a
std::atomic<unsigned __int64>::{ctor},0.035998,0.035998,0.0,0.0,122795000,12.1,12.1,1.170732,frankycpp_v1.8.exe,std::atomic<unsigned __int64>::{ctor},atomic,0x1402665df
chess::Direction::pawnPush,0.034998,0.034998,0.0,0.0,392345000,49.2,49.2,0.442748,frankycpp_v1.8.exe,chess::Direction::pawnPush,direction.h,0x1402633ca
chess::Position::getLastMove,0.034998,0.034998,0.0,0.0,619965000,64.8,64.8,0.270531,frankycpp_v1.8.exe,chess::Position::getLastMove,Position.h,0x140262f7b
chess::StaticMoveList<128>::pop_back,0.034998,0.034998,0.0,0.0,167720000,16.3,16.3,0.928571,frankycpp_v1.8.exe,chess::StaticMoveList<128>::pop_back,staticmovelist.h,0x140220818
chess::operator*,0.034998,0.034998,0.0,0.0,251580000,35.0,35.0,0.797619,frankycpp_v1.8.exe,chess::operator*,value.h,0x140269dc7
chess::operator+=,0.034998,0.034998,0.0,0.0,446255000,34.7,34.7,0.402685,frankycpp_v1.8.exe,chess::operator+=,value.h,0x14026b1a5
chess::operator|,0.034998,0.034998,0.0,0.0,569050000,47.0,47.0,0.347368,frankycpp_v1.8.exe,chess::operator|,bitboard.h,0x14029eb16
std::popcount,0.034998,0.034998,0.0,0.0,347420000,43.6,43.6,0.500000,frankycpp_v1.8.exe,std::popcount,bit,0x14026b4b0
std::popcount,0.034998,0.034998,0.0,0.0,551080000,41.5,41.5,0.342391,frankycpp_v1.8.exe,std::popcount,bit,0x14026a72d
chess::operator-,0.032998,0.032998,0.0,0.0,59900000,16.8,16.8,2.400000,frankycpp_v1.8.exe,chess::operator-,value.h,0x140221375
engine::Search::thread,0.032998,0.032998,0.0,0.0,0,0.5,0.5,,frankycpp_v1.8.exe,engine::Search::thread,Search.h,0x14022aaae
"std::_Atomic_address_as<char,struct std::_Atomic_padded<bool> >",0.032998,0.032998,0.0,0.0,524125000,22.4,22.4,0.497143,frankycpp_v1.8.exe,"std::_Atomic_address_as<char,struct std::_Atomic_padded<bool> >(struct std::_Atomic_padded<bool> const &)",xatomic.h,0x140160710
chess::Bitboard::{ctor},0.031998,0.031998,0.0,0.0,784690000,65.4,65.4,0.194656,frankycpp_v1.8.exe,chess::Bitboard::{ctor},bitboard.h,0x14029eb47
chess::Value::operator int,0.031998,0.031998,0.0,0.0,269550000,32.6,32.6,0.555556,frankycpp_v1.8.exe,chess::Value::operator int,value.h,0x14025d7be
chess::operator&,0.031998,0.031998,0.0,0.0,425290000,32.0,32.0,0.359155,frankycpp_v1.8.exe,chess::operator&,bitboard.h,0x14026ab80
chess::operator~,0.031998,0.031998,0.0,0.0,347420000,46.1,46.1,0.431034,frankycpp_v1.8.exe,chess::operator~,color.h,0x140263bb0
chess::typeOf,0.031998,0.031998,0.0,0.0,356405000,31.7,31.7,0.563025,frankycpp_v1.8.exe,chess::typeOf,piece.h,0x140263c13
chess::CastlingRights::operator-=,0.030998,0.030998,0.0,0.0,296505000,36.4,36.4,0.404040,frankycpp_v1.8.exe,chess::CastlingRights::operator-=,castlingrights.h,0x14025bcff
chess::Move::stripped,0.030998,0.030998,0.0,0.0,314475000,31.2,31.2,0.638095,frankycpp_v1.8.exe,chess::Move::stripped,move.h,0x140260f22
chess::colorOf,0.030998,0.030998,0.0,0.0,371380000,31.9,31.9,0.620968,frankycpp_v1.8.exe,chess::colorOf,piece.h,0x14025d622
chess::operator+=,0.030998,0.030998,0.0,0.0,272545000,25.5,25.5,0.406593,frankycpp_v1.8.exe,chess::operator+=,value.h,0x14026a639
chess::operator-,0.030998,0.030998,0.0,0.0,245590000,51.3,51.3,0.390244,frankycpp_v1.8.exe,chess::operator-,value.h,0x140263931
chess::operator~,0.030998,0.030998,0.0,0.0,440265000,38.4,38.4,0.482993,frankycpp_v1.8.exe,chess::operator~,color.h,0x14026adbf
engine::PVTable::clear,0.030998,0.030998,0.0,0.0,146755000,10.2,10.2,1.163265,frankycpp_v1.8.exe,engine::PVTable::clear,PVTable.h,0x14021f2b6
chess::Bitboard::popLSB,0.029998,0.029998,0.0,0.0,661895000,58.2,58.2,0.239819,frankycpp_v1.8.exe,chess::Bitboard::popLSB,bitboard.h,0x14026a5b0
chess::Position::getPieceBb,0.029998,0.029998,0.0,0.0,308485000,24.7,24.7,0.407767,frankycpp_v1.8.exe,chess::Position::getPieceBb,Position.h,0x14026b48d
chess::operator&,0.029998,0.029998,0.0,0.0,386355000,34.1,34.1,0.441860,frankycpp_v1.8.exe,chess::operator&,bitboard.h,0x14026abde
func@0x1402eb8ad,0.029998,0.029998,0.0,0.0,44925000,16.9,16.9,3.600000,ntoskrnl.exe,func@0x1402eb8ad,[Unknown],0x1402eb8ad
"std::_Atomic_storage<unsigned __int64,8>::load",0.029998,0.029998,0.0,0.0,17970000,7.8,7.8,5.500000,frankycpp_v1.8.exe,"std::_Atomic_storage<unsigned __int64,8>::load",atomic,0x14026d6b7
std::countr_zero,0.029998,0.029998,0.0,0.0,254575000,25.6,25.6,0.482353,frankycpp_v1.8.exe,std::countr_zero,bit,0x14026a5b0
std::countr_zero,0.029998,0.029998,0.0,0.0,272545000,19.7,19.7,0.417582,frankycpp_v1.8.exe,std::countr_zero,bit,0x14026b3f5
chess::Bitboard::operator bool,0.028998,0.028998,0.0,0.0,281530000,42.6,42.6,0.446809,frankycpp_v1.8.exe,chess::Bitboard::operator bool,bitboard.h,0x140269a64
chess::StaticMoveList<256>::empty,0.028998,0.028998,0.0,0.0,215640000,42.3,42.3,0.388889,frankycpp_v1.8.exe,chess::StaticMoveList<256>::empty,staticmovelist.h,0x140262b2b
"std::array<chess::HistoryState,1024>::operator[]",0.028998,0.028998,0.0,0.0,140765000,17.6,17.6,0.936170,frankycpp_v1.8.exe,"std::array<chess::HistoryState,1024>::operator[]",array,0x14025b9f8
"std::unique_ptr<engine::PawnTT::Entry [0],std::default_delete<engine::PawnTT::Entry [0]> >::operator[]",0.028998,0.028998,0.0,0.0,5990000,0.9,0.9,29.500000,frankycpp_v1.8.exe,"std::unique_ptr<engine::PawnTT::Entry [0],std::default_delete<engine::PawnTT::Entry [0]> >::operator[]",memory,0x1402212e9
chess::Move::operator==,0.027998,0.027998,0.0,0.0,248585000,41.0,41.0,0.530120,frankycpp_v1.8.exe,chess::Move::operator==,PVTable.h,0x140262eca
chess::Position::getPieceBb,0.027998,0.027998,0.0,0.0,272545000,23.1,23.1,0.670330,frankycpp_v1.8.exe,chess::Position::getPieceBb,Position.h,0x14026b471
chess::Square::{ctor},0.027998,0.027998,0.0,0.0,173710000,18.9,18.9,0.568966,frankycpp_v1.8.exe,chess::Square::{ctor},square.h,0x14025b9c5
chess::StaticMoveList<256>::push_back,0.027998,0.027998,0.0,0.0,266555000,28.5,28.5,0.505618,frankycpp_v1.8.exe,chess::StaticMoveList<256>::push_back,staticmovelist.h,0x140263f9a
chess::operator&,0.027998,0.027998,0.0,0.0,470215000,53.5,53.5,0.350318,frankycpp_v1.8.exe,chess::operator&,bitboard.h,0x140263bb5
chess::operator-,0.027998,0.027998,0.0,0.0,368385000,37.8,37.8,0.528455,frankycpp_v1.8.exe,chess::operator-,value.h,0x14029e8cd
chess::operator<,0.027998,0.027998,0.0,0.0,413310000,40.6,40.6,0.369565,frankycpp_v1.8.exe,chess::operator<,file.h,0x14026af4a
chess::typeOf,0.027998,0.027998,0.0,0.0,380365000,42.3,42.3,0.464567,frankycpp_v1.8.exe,chess::typeOf,piece.h,0x14025bd51
"std::array<chess::Value,25>::operator[]",0.027998,0.027998,0.0,0.0,341430000,27.6,27.6,0.412281,frankycpp_v1.8.exe,"std::array<chess::Value,25>::operator[]",array,0x140263cf2
std::popcount,0.027998,0.027998,0.0,0.0,269550000,26.6,26.6,0.333333,frankycpp_v1.8.exe,std::popcount,bit,0x14026b155
chess::Bitboard::popLSB,0.026998,0.026998,0.0,0.0,203660000,,,0.897059,frankycpp_v1.8.exe,chess::Bitboard::popLSB,bitboard.h,0x14026b412
chess::Move::type,0.026998,0.026998,0.0,0.0,311480000,36.2,36.2,0.355769,frankycpp_v1.8.exe,chess::Move::type,move.h,0x140220250
chess::Position::getNextPlayer,0.026998,0.026998,0.0,0.0,143760000,15.7,15.7,1.125000,frankycpp_v1.8.exe,chess::Position::getNextPlayer,Position.h,0x1402630c3
chess::Square::file,0.026998,0.026998,0.0,0.0,260565000,30.5,30.5,0.574713,frankycpp_v1.8.exe,chess::Square::file,square.h,0x14026ae06
chess::StaticMoveList<256>::empty,0.026998,0.026998,0.0,0.0,257570000,31.8,31.8,0.662791,frankycpp_v1.8.exe,chess::StaticMoveList<256>::empty,staticmovelist.h,0x140262de2
chess::operator+,0.026998,0.026998,0.0,0.0,398335000,38.7,38.7,0.488722,frankycpp_v1.8.exe,chess::operator+,depth.h,0x140220207
chess::operator<,0.026998,0.026998,0.0,0.0,254575000,32.2,32.2,0.505882,frankycpp_v1.8.exe,chess::operator<,file.h,0x14026ae20
func@0x140414020,0.026998,0.026998,0.0,0.0,0,0.4,0.4,,ntoskrnl.exe,func@0x140414020,[Unknown],0x140414020
"std::array<chess::Value,32>::operator[]",0.026998,0.026998,0.0,0.0,557070000,26.3,26.3,0.408602,frankycpp_v1.8.exe,"std::array<chess::Value,32>::operator[]",array,0x14029e788
std::popcount,0.026998,0.026998,0.0,0.0,224625000,35.2,35.2,0.386667,frankycpp_v1.8.exe,std::popcount,bit,0x14026a607
chess::StaticMoveList<128>::push_back,0.025998,0.025998,0.0,0.0,2995000,1.4,1.4,64.000000,frankycpp_v1.8.exe,chess::StaticMoveList<128>::push_back,staticmovelist.h,0x140220616
chess::Value::{ctor},0.025998,0.025998,0.0,0.0,338435000,45.4,45.4,0.256637,frankycpp_v1.8.exe,chess::Value::{ctor},value.h,0x14029e7a5
chess::operator|,0.025998,0.025998,0.0,0.0,371380000,37.2,37.2,0.387097,frankycpp_v1.8.exe,chess::operator|,bitboard.h,0x14029ea08
chess::operator|,0.025998,0.025998,0.0,0.0,377370000,45.6,45.6,0.333333,frankycpp_v1.8.exe,chess::operator|,bitboard.h,0x14029ea3a
chess::operator~,0.025998,0.025998,0.0,0.0,110815000,24.3,24.3,0.945946,frankycpp_v1.8.exe,chess::operator~,color.h,0x14025be8c
func@0x1400010e0,0.025998,0.025998,0.0,0.0,2995000,1.2,1.2,44.000000,intelppm.sys,func@0x1400010e0,[Unknown],0x1400010e0
"std::array<chess::Value,25>::operator[]",0.025998,0.025998,0.0,0.0,326455000,34.3,34.3,0.321101,frankycpp_v1.8.exe,"std::array<chess::Value,25>::operator[]",array,0x14026340a
chess::Move::to,0.024998,0.024998,0.0,0.0,464225000,45.1,45.1,0.348387,frankycpp_v1.8.exe,chess::Move::to,move.h,0x1402215cd
chess::Value::operator int,0.024998,0.024998,0.0,0.0,359400000,48.3,48.3,0.291667,frankycpp_v1.8.exe,chess::Value::operator int,value.h,0x14025d6be
func@0x140256400,0.024998,0.024998,0.0,0.0,29950000,8.7,8.7,3.300000,ntoskrnl.exe,func@0x140256400,[Unknown],0x140256400
"std::array<std::array<unsigned __int64,64>,16>::operator[]",0.024998,0.024998,0.0,0.0,254575000,26.3,26.3,0.647059,frankycpp_v1.8.exe,"std::array<std::array<unsigned __int64,64>,16>::operator[]",array,0x14025d75b
chess::Move::encode,0.023998,0.023998,0.0,0.0,275540000,33.9,33.9,0.467391,frankycpp_v1.8.exe,chess::Move::encode,move.h,0x14026343d
chess::StaticMoveList<256>::push_back,0.023998,0.023998,0.0,0.0,320465000,45.5,45.5,0.411215,frankycpp_v1.8.exe,chess::StaticMoveList<256>::push_back,staticmovelist.h,0x140263fff
chess::typeOf,0.023998,0.023998,0.0,0.0,491180000,40.2,40.2,0.378049,frankycpp_v1.8.exe,chess::typeOf,piece.h,0x14025c54f
chess::Attacks::detail::Magic::index,0.022998,0.022998,0.0,0.0,239600000,52.2,52.2,0.462500,frankycpp_v1.8.exe,chess::Attacks::detail::Magic::index,attacks.h,0x14016c964
chess::Bitboard::operator bool,0.022998,0.022998,0.0,0.0,566055000,56.5,56.5,0.248677,frankycpp_v1.8.exe,chess::Bitboard::operator bool,bitboard.h,0x14026af1d
chess::Move::setValue,0.022998,0.022998,0.0,0.0,242595000,41.0,41.0,0.444444,frankycpp_v1.8.exe,chess::Move::setValue,move.h,0x140262fc4
chess::Position::getPiece,0.022998,0.022998,0.0,0.0,440265000,77.0,77.0,0.285714,frankycpp_v1.8.exe,chess::Position::getPiece,Position.h,0x14029e70d
chess::StaticMoveList<256>::empty,0.022998,0.022998,0.0,0.0,254575000,45.2,45.2,0.423529,frankycpp_v1.8.exe,chess::StaticMoveList<256>::empty,staticmovelist.h,0x140260ed3
chess::operator&,0.022998,0.022998,0.0,0.0,317470000,59.3,59.3,0.358491,frankycpp_v1.8.exe,chess::operator&,bitboard.h,0x14026aa36
chess::operator&,0.022998,0.022998,0.0,0.0,479200000,37.8,37.8,0.300000,frankycpp_v1.8.exe,chess::operator&,bitboard.h,0x14026af65
chess::operator+,0.022998,0.022998,0.0,0.0,464225000,37.6,37.6,0.251613,frankycpp_v1.8.exe,chess::operator+,value.h,0x140221228
chess::operator+=,0.022998,0.022998,0.0,0.0,86855000,11.9,11.9,1.482759,frankycpp_v1.8.exe,chess::operator+=,value.h,0x140269ec3
chess::operator+=,0.022998,0.022998,0.0,0.0,275540000,,,0.380435,frankycpp_v1.8.exe,chess::operator+=,value.h,0x14026a4e2
chess::operator-,0.022998,0.022998,0.0,0.0,86855000,13.6,13.6,1.241379,frankycpp_v1.8.exe,chess::operator-,value.h,0x1402206d2
engine::Search::valueFromTt,0.022998,0.022998,0.0,0.0,83860000,13.3,13.3,1.500000,frankycpp_v1.8.exe,"engine::Search::valueFromTt(class chess::Value,enum chess::Depth)",Search.cpp,0x140221790
chess::Bitboard::operator bool,0.021999,0.021999,0.0,0.0,194675000,22.3,22.3,0.661538,frankycpp_v1.8.exe,chess::Bitboard::operator bool,bitboard.h,0x14026a68b
chess::Square::rank,0.021999,0.021999,0.0,0.0,395340000,,,0.303030,frankycpp_v1.8.exe,chess::Square::rank,square.h,0x14026aacd
chess::operator&,0.021999,0.021999,0.0,0.0,347420000,66.5,66.5,0.241379,frankycpp_v1.8.exe,chess::operator&,bitboard.h,0x14029e94e
chess::operator+=,0.021999,0.021999,0.0,0.0,554075000,,,0.162162,frankycpp_v1.8.exe,chess::operator+=,value.h,0x14026996a
chess::operator|,0.021999,0.021999,0.0,0.0,155740000,56.7,56.7,0.269231,frankycpp_v1.8.exe,chess::operator|,bitboard.h,0x140263685
chess::Bitboard::operator^=,0.020999,0.020999,0.0,0.0,296505000,33.1,33.1,0.434343,frankycpp_v1.8.exe,chess::Bitboard::operator^=,bitboard.h,0x14025d769
chess::Bitboard::operator|=,0.020999,0.020999,0.0,0.0,233610000,41.8,41.8,0.423077,frankycpp_v1.8.exe,chess::Bitboard::operator|=,bitboard.h,0x140269a38
chess::Move::type,0.020999,0.020999,0.0,0.0,413310000,66.4,66.4,0.224638,frankycpp_v1.8.exe,chess::Move::type,move.h,0x1402211e9
chess::Position::getNextPlayer,0.020999,0.020999,0.0,0.0,140765000,48.2,48.2,0.574468,frankycpp_v1.8.exe,chess::Position::getNextPlayer,Position.h,0x140262e7e
chess::Position::getPieceBb,0.020999,0.020999,0.0,0.0,122795000,23.4,23.4,0.634146,frankycpp_v1.8.exe,chess::Position::getPieceBb,Position.h,0x14026b3bc
chess::operator&,0.020999,0.020999,0.0,0.0,338435000,47.2,47.2,0.300885,frankycpp_v1.8.exe,chess::operator&,bitboard.h,0x14025c46d
chess::operator&,0.020999,0.020999,0.0,0.0,248585000,51.7,51.7,0.192771,frankycpp_v1.8.exe,chess::operator&,bitboard.h,0x14026aa8d
chess::operator-,0.020999,0.020999,0.0,0.0,167720000,35.2,35.2,0.500000,frankycpp_v1.8.exe,chess::operator-,value.h,0x1402639e4
chess::operator-,0.020999,0.020999,0.0,0.0,140765000,26.3,26.3,1.170213,frankycpp_v1.8.exe,chess::operator-,value.h,0x140220d9a
chess::operator|,0.020999,0.020999,0.0,0.0,239600000,57.4,57.4,0.300000,frankycpp_v1.8.exe,chess::operator|,bitboard.h,0x14025c5cd
chess::operator~,0.020999,0.020999,0.0,0.0,416305000,55.4,55.4,0.309353,frankycpp_v1.8.exe,chess::operator~,color.h,0x14026a78c
engine::Search::thread,0.020999,0.020999,0.0,0.0,185690000,47.1,47.1,0.354839,frankycpp_v1.8.exe,engine::Search::thread,Search.h,0x14021fef1
std::clamp,0.020999,0.020999,0.0,0.0,383360000,47.8,47.8,0.273438,frankycpp_v1.8.exe,std::clamp,algorithm,0x140220581
std::countr_zero,0.020999,0.020999,0.0,0.0,224625000,20.8,20.8,0.626667,frankycpp_v1.8.exe,std::countr_zero,bit,0x14026a520
std::popcount,0.020999,0.020999,0.0,0.0,65890000,26.8,26.8,0.954545,frankycpp_v1.8.exe,std::popcount,bit,0x14026b3cb
chess::Bitboard::operator bool,0.019999,0.019999,0.0,0.0,182695000,36.8,36.8,0.393443,frankycpp_v1.8.exe,chess::Bitboard::operator bool,bitboard.h,0x14026a546
chess::Bitboard::operator|=,0.019999,0.019999,0.0,0.0,266555000,54.2,54.2,0.337079,frankycpp_v1.8.exe,chess::Bitboard::operator|=,bitboard.h,0x140269a95
chess::Bitboard::operator~,0.019999,0.019999,0.0,0.0,194675000,33.5,33.5,0.676923,frankycpp_v1.8.exe,chess::Bitboard::operator~,bitboard.h,0x1402633b2
chess::Bitboard::operator~,0.019999,0.019999,0.0,0.0,173710000,,,0.534483,frankycpp_v1.8.exe,chess::Bitboard::operator~,bitboard.h,0x14026a00a
chess::moveValueGreaterComparator::operator(),0.019999,0.019999,0.0,0.0,131780000,21.2,21.2,0.840909,frankycpp_v1.8.exe,chess::moveValueGreaterComparator::operator(),move.h,0x140264480
chess::operator&,0.019999,0.019999,0.0,0.0,242595000,26.4,26.4,0.666667,frankycpp_v1.8.exe,chess::operator&,bitboard.h,0x14026b49d
chess::operator*,0.019999,0.019999,0.0,0.0,964390000,80.5,80.5,0.130435,frankycpp_v1.8.exe,chess::operator*,value.h,0x14026998c
chess::typeOf,0.019999,0.019999,0.0,0.0,500165000,94.5,94.5,0.203593,frankycpp_v1.8.exe,chess::typeOf,piece.h,0x14029e711
engine::PawnTT::getHash,0.019999,0.019999,0.0,0.0,59900000,12.5,12.5,1.650000,frankycpp_v1.8.exe,engine::PawnTT::getHash,PawnTT.h,0x140267572
engine::Search::thread,0.019999,0.019999,0.0,0.0,143760000,19.8,19.8,1.125000,frankycpp_v1.8.exe,engine::Search::thread,Search.h,0x14021f2aa
func@0x14002706b,0.019999,0.019999,0.0,0.0,38935000,3.6,3.6,1.615385,dxgmms2.sys,func@0x14002706b,[Unknown],0x14002706b
func@0x14029ea20,0.019999,0.019999,0.0,0.0,86855000,7.3,7.3,0.896552,ntoskrnl.exe,func@0x14029ea20,[Unknown],0x14029ea20
chess::Move::operator==,0.018999,0.018999,0.0,0.0,209650000,48.4,48.4,0.385714,frankycpp_v1.8.exe,chess::Move::operator==,PVTable.h,0x1402211ce
chess::Move::type,0.018999,0.018999,0.0,0.0,257570000,,,0.430233,frankycpp_v1.8.exe,chess::Move::type,move.h,0x14029e63d
chess::Position::doNullMove,0.018999,0.018999,0.0,0.0,230615000,25.9,25.9,0.519481,frankycpp_v1.8.exe,chess::Position::doNullMove(void),Position.cpp,0x14025c0a0
chess::StaticMoveList<128>::push_back,0.018999,0.018999,0.0,0.0,2995000,0.3,0.3,42.000000,frankycpp_v1.8.exe,chess::StaticMoveList<128>::push_back,staticmovelist.h,0x1402212f8
chess::operator-,0.018999,0.018999,0.0,0.0,182695000,44.6,44.6,0.557377,frankycpp_v1.8.exe,chess::operator-,value.h,0x14029e783
chess::operator|,0.018999,0.018999,0.0,0.0,134775000,25.8,25.8,0.911111,frankycpp_v1.8.exe,chess::operator|,bitboard.h,0x14016ca06
chess::operator~,0.018999,0.018999,0.0,0.0,446255000,80.5,80.5,0.187919,frankycpp_v1.8.exe,chess::operator~,color.h,0x14026a65f
chess::valueOf,0.018999,0.018999,0.0,0.0,257570000,43.5,43.5,0.348837,frankycpp_v1.8.exe,chess::valueOf,value.h,0x1402202c0
std::countr_zero,0.018999,0.018999,0.0,0.0,203660000,34.8,34.8,0.558824,frankycpp_v1.8.exe,std::countr_zero,bit,0x140263de4
chess::Bitboard::operator bool,0.017999,0.017999,0.0,0.0,182695000,30.1,30.1,0.360656,frankycpp_v1.8.exe,chess::Bitboard::operator bool,bitboard.h,0x14026b018
chess::Bitboard::shifted,0.017999,0.017999,0.0,0.0,101830000,34.8,34.8,0.647059,frankycpp_v1.8.exe,chess::Bitboard::shifted,bitboard.h,0x140263537
chess::Bitboard::{ctor},0.017999,0.017999,0.0,0.0,176705000,39.4,39.4,0.440678,frankycpp_v1.8.exe,chess::Bitboard::{ctor},bitboard.h,0x14026ab03
chess::Position::getPieceBb,0.017999,0.017999,0.0,0.0,371380000,47.3,47.3,0.266129,frankycpp_v1.8.exe,chess::Position::getPieceBb,Position.h,0x14029ea5c
chess::Rank::promotionFor,0.017999,0.017999,0.0,0.0,167720000,53.4,53.4,0.535714,frankycpp_v1.8.exe,chess::Rank::promotionFor,rank.h,0x1402637ff
chess::Square::pawnPush,0.017999,0.017999,0.0,0.0,299500000,43.4,43.4,0.410000,frankycpp_v1.8.exe,chess::Square::pawnPush,square.h,0x14025bd75
chess::StaticMoveList<128>::pop_back,0.017999,0.017999,0.0,0.0,86855000,12.8,12.8,1.379310,frankycpp_v1.8.exe,chess::StaticMoveList<128>::pop_back,staticmovelist.h,0x14022137b
chess::operator&,0.017999,0.017999,0.0,0.0,188685000,40.4,40.4,0.507937,frankycpp_v1.8.exe,chess::operator&,bitboard.h,0x14026a7c9
chess::operator*,0.017999,0.017999,0.0,0.0,206655000,47.9,47.9,0.304348,frankycpp_v1.8.exe,chess::operator*,value.h,0x140269994
chess::operator+,0.017999,0.017999,0.0,0.0,302495000,59.5,59.5,0.277228,frankycpp_v1.8.exe,chess::operator+,value.h,0x140220311
chess::operator-,0.017999,0.017999,0.0,0.0,38935000,11.5,11.5,1.153846,frankycpp_v1.8.exe,chess::operator-,value.h,0x14022080e
std::countr_zero,0.017999,0.017999,0.0,0.0,149750000,38.6,38.6,0.660000,frankycpp_v1.8.exe,std::countr_zero,bit,0x14026a6a0
chess::Bitboard::operator~,0.016999,0.016999,0.0,0.0,197670000,36.7,36.7,0.530303,frankycpp_v1.8.exe,chess::Bitboard::operator~,bitboard.h,0x14026b0e7
chess::Bitboard::popLSB,0.016999,0.016999,0.0,0.0,155740000,43.2,43.2,0.596154,frankycpp_v1.8.exe,chess::Bitboard::popLSB,bitboard.h,0x140263c05
chess::Move::operator==,0.016999,0.016999,0.0,0.0,278535000,41.3,41.3,0.333333,frankycpp_v1.8.exe,chess::Move::operator==,PVTable.h,0x140262ee9
chess::Position::getPieceBb,0.016999,0.016999,0.0,0.0,341430000,55.5,55.5,0.394737,frankycpp_v1.8.exe,chess::Position::getPieceBb,Position.h,0x14029e95a
chess::operator&,0.016999,0.016999,0.0,0.0,281530000,72.4,72.4,0.276596,frankycpp_v1.8.exe,chess::operator&,bitboard.h,0x14029e942
chess::operator+,0.016999,0.016999,0.0,0.0,185690000,44.5,44.5,0.387097,frankycpp_v1.8.exe,chess::operator+,value.h,0x140220d8c
chess::operator+=,0.016999,0.016999,0.0,0.0,104825000,47.5,47.5,0.571429,frankycpp_v1.8.exe,chess::operator+=,value.h,0x140269d74
"std::array<chess::Bitboard,64>::operator[]",0.016999,0.016999,0.0,0.0,128785000,44.4,44.4,0.558140,frankycpp_v1.8.exe,"std::array<chess::Bitboard,64>::operator[]",array,0x14025d640
"std::array<chess::Bitboard,64>::operator[]",0.016999,0.016999,0.0,0.0,164725000,41.1,41.1,0.290909,frankycpp_v1.8.exe,"std::array<chess::Bitboard,64>::operator[]",array,0x140269fe0
"std::array<chess::HistoryState,1024>::operator[]",0.016999,0.016999,0.0,0.0,143760000,13.6,13.6,0.916667,frankycpp_v1.8.exe,"std::array<chess::HistoryState,1024>::operator[]",array,0x14025be9a
"std::unique_ptr<engine::TT::TTCluster [0],std::default_delete<engine::TT::TTCluster [0]> >::operator[]",0.016999,0.016999,0.0,0.0,14975000,4.6,4.6,5.600000,frankycpp_v1.8.exe,"std::unique_ptr<engine::TT::TTCluster [0],std::default_delete<engine::TT::TTCluster [0]> >::operator[]",memory,0x14026d5f2
chess::Bitboard::operator bool,0.015999,0.015999,0.0,0.0,110815000,17.6,17.6,0.891892,frankycpp_v1.8.exe,chess::Bitboard::operator bool,bitboard.h,0x14026b3dc
chess::Move::encode,0.015999,0.015999,0.0,0.0,149750000,21.5,21.5,0.340000,frankycpp_v1.8.exe,chess::Move::encode,move.h,0x140263928
chess::Square::{ctor},0.015999,0.015999,0.0,0.0,86855000,18.3,18.3,1.034483,frankycpp_v1.8.exe,chess::Square::{ctor},square.h,0x14026a5cb
chess::moveValueGreaterComparator::operator(),0.015999,0.015999,0.0,0.0,47920000,37.1,37.1,1.500000,frankycpp_v1.8.exe,chess::moveValueGreaterComparator::operator(),move.h,0x140264440
chess::operator&,0.015999,0.015999,0.0,0.0,179700000,26.7,26.7,0.833333,frankycpp_v1.8.exe,chess::operator&,bitboard.h,0x14026b25a
chess::operator&,0.015999,0.015999,0.0,0.0,152745000,62.2,62.2,0.450980,frankycpp_v1.8.exe,chess::operator&,bitboard.h,0x14026b188
chess::operator|,0.015999,0.015999,0.0,0.0,149750000,42.5,42.5,0.640000,frankycpp_v1.8.exe,chess::operator|,bitboard.h,0x14026b0ec
std::max,0.015999,0.015999,0.0,0.0,365390000,47.5,47.5,0.270492,frankycpp_v1.8.exe,std::max,utility,0x14029e7af
chess::Direction::{ctor},0.014999,0.014999,0.0,0.0,146755000,,,0.408163,frankycpp_v1.8.exe,chess::Direction::{ctor},direction.h,0x1402636cd
chess::Move::operator==,0.014999,0.014999,0.0,0.0,209650000,59.0,59.0,0.228571,frankycpp_v1.8.exe,chess::Move::operator==,PVTable.h,0x1402200fb
chess::Position::getPieceBb,0.014999,0.014999,0.0,0.0,272545000,24.9,24.9,0.406593,frankycpp_v1.8.exe,chess::Position::getPieceBb,Position.h,0x14026b16a
chess::StaticMoveList<256>::push_back,0.014999,0.014999,0.0,0.0,203660000,26.4,26.4,0.426471,frankycpp_v1.8.exe,chess::StaticMoveList<256>::push_back,staticmovelist.h,0x1402639bc
chess::operator&,0.014999,0.014999,0.0,0.0,110815000,38.6,38.6,0.513514,frankycpp_v1.8.exe,chess::operator&,bitboard.h,0x14026a037
chess::operator+=,0.014999,0.014999,0.0,0.0,239600000,,,0.400000,frankycpp_v1.8.exe,chess::operator+=,value.h,0x14026a762
chess::operator-,0.014999,0.014999,0.0,0.0,197670000,30.7,30.7,0.303030,frankycpp_v1.8.exe,chess::operator-,value.h,0x14029e795
chess::operator>=,0.014999,0.014999,0.0,0.0,122795000,59.6,59.6,0.439024,frankycpp_v1.8.exe,chess::operator>=,value.h,0x14022162d
engine::Search::thread,0.014999,0.014999,0.0,0.0,194675000,36.5,36.5,0.353846,frankycpp_v1.8.exe,engine::Search::thread,Search.h,0x1402204b9
func@0x14033c480,0.014999,0.014999,0.0,0.0,20965000,4.6,4.6,5.428571,ntoskrnl.exe,func@0x14033c480,[Unknown],0x14033c480
func@0x18001d470,0.014999,0.014999,0.0,0.0,155740000,47.9,47.9,0.365385,ntdll.dll,func@0x18001d470,[Unknown],0x18001d470
chess::Bitboard::operator bool,0.013999,0.013999,0.0,0.0,122795000,50.8,50.8,0.365854,frankycpp_v1.8.exe,chess::Bitboard::operator bool,bitboard.h,0x14026b06b
chess::Bitboard::operator|=,0.013999,0.013999,0.0,0.0,224625000,85.1,85.1,0.386667,frankycpp_v1.8.exe,chess::Bitboard::operator|=,bitboard.h,0x14026a3f6
chess::Position::getPieceBb,0.013999,0.013999,0.0,0.0,56905000,30.1,30.1,0.631579,frankycpp_v1.8.exe,chess::Position::getPieceBb,Position.h,0x140269a5d
chess::operator&,0.013999,0.013999,0.0,0.0,92845000,16.5,16.5,0.935484,frankycpp_v1.8.exe,chess::operator&,bitboard.h,0x14026b26f
chess::operator+,0.013999,0.013999,0.0,0.0,230615000,28.0,28.0,0.506494,frankycpp_v1.8.exe,chess::operator+,castlingrights.h,0x14025bce4
chess::operator+=,0.013999,0.013999,0.0,0.0,86855000,34.1,34.1,0.551724,frankycpp_v1.8.exe,chess::operator+=,value.h,0x14026a64a
chess::operator|,0.013999,0.013999,0.0,0.0,80865000,36.8,36.8,0.592593,frankycpp_v1.8.exe,chess::operator|,bitboard.h,0x14026a3b9
chess::operator~,0.013999,0.013999,0.0,0.0,86855000,40.7,40.7,0.379310,frankycpp_v1.8.exe,chess::operator~,color.h,0x14025c52f
"std::_Hash<std::_Umap_traits<unsigned __int64,book::BookEntry,std::_Uhash_compare<unsigned __int64,std::hash<unsigned __int64>,std::equal_to<unsigned __int64> >,std::allocator<std::pair<unsigned __int64 const ,book::BookEntry> >,0> >::_Find_last",0.013999,0.013999,0.0,0.0,14975000,3.4,3.4,6.200000,frankycpp_v1.8.exe,"std::_Hash<std::_Umap_traits<unsigned __int64,book::BookEntry,std::_Uhash_compare<unsigned __int64,std::hash<unsigned __int64>,std::equal_to<unsigned __int64> >,std::allocator<std::pair<unsigned __int64 const ,book::BookEntry> >,0> >::_Find_last",xhash,0x140288080
"std::array<int,64>::operator[]",0.013999,0.013999,0.0,0.0,170715000,,,0.210526,frankycpp_v1.8.exe,"std::array<int,64>::operator[]",array,0x1402204c5
"std::array<std::array<chess::Bitboard,64>,2>::operator[]",0.013999,0.013999,0.0,0.0,251580000,26.5,26.5,0.452381,frankycpp_v1.8.exe,"std::array<std::array<chess::Bitboard,64>,2>::operator[]",array,0x14026a7bb
"std::array<std::array<unsigned __int64,64>,16>::operator[]",0.013999,0.013999,0.0,0.0,110815000,73.4,73.4,0.297297,frankycpp_v1.8.exe,"std::array<std::array<unsigned __int64,64>,16>::operator[]",array,0x14025d676
std::max,0.013999,0.013999,0.0,0.0,296505000,45.6,45.6,0.393939,frankycpp_v1.8.exe,std::max,utility,0x14029e8b5
std::popcount,0.013999,0.013999,0.0,0.0,161730000,18.5,18.5,0.703704,frankycpp_v1.8.exe,std::popcount,bit,0x14026b272
chess::Bitboard::operator|=,0.012999,0.012999,0.0,0.0,227620000,64.9,64.9,0.368421,frankycpp_v1.8.exe,chess::Bitboard::operator|=,bitboard.h,0x14026a3e9
chess::Direction::pawnPush,0.012999,0.012999,0.0,0.0,65890000,24.3,24.3,0.909091,frankycpp_v1.8.exe,chess::Direction::pawnPush,direction.h,0x140263144
chess::Move::operator==,0.012999,0.012999,0.0,0.0,167720000,35.9,35.9,0.642857,frankycpp_v1.8.exe,chess::Move::operator==,PVTable.h,0x140260eff
chess::Square::file,0.012999,0.012999,0.0,0.0,212645000,53.1,53.1,0.352113,frankycpp_v1.8.exe,chess::Square::file,square.h,0x14026af35
chess::operator|,0.012999,0.012999,0.0,0.0,179700000,,,0.316667,frankycpp_v1.8.exe,chess::operator|,bitboard.h,0x14025c410
chess::operator|,0.012999,0.012999,0.0,0.0,107820000,41.9,41.9,0.861111,frankycpp_v1.8.exe,chess::operator|,bitboard.h,0x14026aec7
func@0x1402947e0,0.012999,0.012999,0.0,0.0,47920000,9.5,9.5,1.187500,ntoskrnl.exe,func@0x1402947e0,[Unknown],0x1402947e0
func@0x140294a20,0.012999,0.012999,0.0,0.0,74875000,37.9,37.9,0.520000,ntoskrnl.exe,func@0x140294a20,[Unknown],0x140294a20
func@0x1406ac1e0,0.012999,0.012999,0.0,0.0,17970000,14.9,14.9,4.166667,ntoskrnl.exe,func@0x1406ac1e0,[Unknown],0x1406ac1e0
func@0x1406b1730,0.012999,0.012999,0.0,0.0,20965000,14.6,14.6,2.285714,ntoskrnl.exe,func@0x1406b1730,[Unknown],0x1406b1730
"std::array<engine::PlyInfo,128>::operator[]",0.012999,0.012999,0.0,0.0,98835000,39.2,39.2,0.484848,frankycpp_v1.8.exe,"std::array<engine::PlyInfo,128>::operator[]",array,0x14021ff0c
"std::array<std::array<int,64>,64>::operator[]",0.012999,0.012999,0.0,0.0,113810000,,,0.578947,frankycpp_v1.8.exe,"std::array<std::array<int,64>,64>::operator[]",array,0x14025bd5f
std::atomic<unsigned __int64>::{ctor},0.012999,0.012999,0.0,0.0,2995000,1.8,1.8,22.000000,frankycpp_v1.8.exe,std::atomic<unsigned __int64>::{ctor},atomic,0x14026d6cb
std::min,0.012999,0.012999,0.0,0.0,155740000,49.1,49.1,0.384615,frankycpp_v1.8.exe,std::min,utility,0x140220437
chess::Bitboard::operator&=,0.011999,0.011999,0.0,0.0,65890000,,,0.727273,frankycpp_v1.8.exe,chess::Bitboard::operator&=,bitboard.h,0x1402633ba
chess::Bitboard::operator|=,0.011999,0.011999,0.0,0.0,125790000,32.1,32.1,0.595238,frankycpp_v1.8.exe,chess::Bitboard::operator|=,bitboard.h,0x14026a078
chess::Bitboard::operator|=,0.011999,0.011999,0.0,0.0,206655000,50.3,50.3,0.405797,frankycpp_v1.8.exe,chess::Bitboard::operator|=,bitboard.h,0x14026a007
chess::Bitboard::popLSB,0.011999,0.011999,0.0,0.0,206655000,36.6,36.6,0.333333,frankycpp_v1.8.exe,chess::Bitboard::popLSB,bitboard.h,0x14026a1d4
chess::operator&,0.011999,0.011999,0.0,0.0,197670000,,,0.227273,frankycpp_v1.8.exe,chess::operator&,bitboard.h,0x14029e936
chess::operator+=,0.011999,0.011999,0.0,0.0,284525000,59.3,59.3,0.294737,frankycpp_v1.8.exe,chess::operator+=,value.h,0x14026a4cf
chess::operator-,0.011999,0.011999,0.0,0.0,143760000,68.0,68.0,0.437500,frankycpp_v1.8.exe,chess::operator-,value.h,0x140263c51
chess::operator-,0.011999,0.011999,0.0,0.0,140765000,41.9,41.9,0.255319,frankycpp_v1.8.exe,chess::operator-,value.h,0x14029e8b0
chess::operator-,0.011999,0.011999,0.0,0.0,2995000,1.4,1.4,12.000000,frankycpp_v1.8.exe,chess::operator-,value.h,0x14022068f
chess::operator-,0.011999,0.011999,0.0,0.0,38935000,26.7,26.7,1.153846,frankycpp_v1.8.exe,chess::operator-,value.h,0x14021fcd7
chess::operator|,0.011999,0.011999,0.0,0.0,128785000,45.8,45.8,0.302326,frankycpp_v1.8.exe,chess::operator|,bitboard.h,0x14025c462
chess::operator~,0.011999,0.011999,0.0,0.0,50915000,22.7,22.7,0.647059,frankycpp_v1.8.exe,chess::operator~,color.h,0x14025c4df
engine::TT::getClusterIndex,0.011999,0.011999,0.0,0.0,8985000,8.3,8.3,6.000000,frankycpp_v1.8.exe,engine::TT::getClusterIndex,TT.h,0x14026d5e5
func@0x1402e6c70,0.011999,0.011999,0.0,0.0,5990000,0.0,0.0,6.000000,ntoskrnl.exe,func@0x1402e6c70,[Unknown],0x1402e6c70
func@0x140319000,0.011999,0.011999,0.0,0.0,17970000,6.8,6.8,3.833333,ntoskrnl.exe,func@0x140319000,[Unknown],0x140319000
func@0x140ce0a50,0.011999,0.011999,0.0,0.0,0,0.0,0.0,,nvlddmkm.sys,func@0x140ce0a50,[Unknown],0x140ce0a50
"std::array<chess::Bitboard,8>::operator[]",0.011999,0.011999,0.0,0.0,161730000,18.5,18.5,0.444444,frankycpp_v1.8.exe,"std::array<chess::Bitboard,8>::operator[]",array,0x1402636ba
"std::array<int,64>::operator[]",0.011999,0.011999,0.0,0.0,119800000,35.0,35.0,0.550000,frankycpp_v1.8.exe,"std::array<int,64>::operator[]",array,0x14022091a
chess::Bitboard::operator|=,0.010999,0.010999,0.0,0.0,77870000,29.4,29.4,0.807692,frankycpp_v1.8.exe,chess::Bitboard::operator|=,bitboard.h,0x14026a706
chess::Bitboard::{ctor},0.010999,0.010999,0.0,0.0,140765000,62.8,62.8,0.404255,frankycpp_v1.8.exe,chess::Bitboard::{ctor},bitboard.h,0x14025c462
chess::Color::sign,0.010999,0.010999,0.0,0.0,68885000,32.4,32.4,0.739130,frankycpp_v1.8.exe,chess::Color::sign,color.h,0x14026adf4
chess::Move::to,0.010999,0.010999,0.0,0.0,14975000,7.2,7.2,2.000000,frankycpp_v1.8.exe,chess::Move::to,move.h,0x1402610a2
chess::operator&,0.010999,0.010999,0.0,0.0,113810000,38.2,38.2,0.421053,frankycpp_v1.8.exe,chess::operator&,bitboard.h,0x1402208d4
chess::operator+=,0.010999,0.010999,0.0,0.0,170715000,37.6,37.6,0.526316,frankycpp_v1.8.exe,chess::operator+=,value.h,0x14026b348
chess::operator+=,0.010999,0.010999,0.0,0.0,182695000,70.5,70.5,0.245902,frankycpp_v1.8.exe,chess::operator+=,value.h,0x14026ac13
chess::operator|,0.010999,0.010999,0.0,0.0,173710000,28.1,28.1,0.344828,frankycpp_v1.8.exe,chess::operator|,bitboard.h,0x14026a5b8
chess::typeOf,0.010999,0.010999,0.0,0.0,101830000,26.1,26.1,0.441176,frankycpp_v1.8.exe,chess::typeOf,piece.h,0x1402633ff
chess::typeOf,0.010999,0.010999,0.0,0.0,74875000,,,0.680000,frankycpp_v1.8.exe,chess::typeOf,piece.h,0x14029e776
chess::typeOf,0.010999,0.010999,0.0,0.0,413310000,46.8,46.8,0.318841,frankycpp_v1.8.exe,chess::typeOf,piece.h,0x1402202c0
engine::Evaluator::valueFromScore,0.010999,0.010999,0.0,0.0,125790000,44.2,44.2,0.357143,frankycpp_v1.8.exe,engine::Evaluator::valueFromScore,Evaluator.cpp,0x140269d85
func@0x1402e4c76,0.010999,0.010999,0.0,0.0,11980000,5.9,5.9,3.250000,ntoskrnl.exe,func@0x1402e4c76,[Unknown],0x1402e4c76
"std::array<chess::Bitboard,8>::operator[]",0.010999,0.010999,0.0,0.0,38935000,17.1,17.1,1.307692,frankycpp_v1.8.exe,"std::array<chess::Bitboard,8>::operator[]",array,0x140263183
"std::array<chess::Move,128>::operator[]",0.010999,0.010999,0.0,0.0,11980000,7.1,7.1,4.750000,frankycpp_v1.8.exe,"std::array<chess::Move,128>::operator[]",array,0x140220cfb
"std::array<int,64>::operator[]",0.010999,0.010999,0.0,0.0,146755000,,,0.387755,frankycpp_v1.8.exe,"std::array<int,64>::operator[]",array,0x140220419
"std::array<std::array<int,64>,64>::operator[]",0.010999,0.010999,0.0,0.0,143760000,50.9,50.9,0.562500,frankycpp_v1.8.exe,"std::array<std::array<int,64>,64>::operator[]",array,0x140262f45
std::popcount,0.010999,0.010999,0.0,0.0,140765000,26.2,26.2,0.446809,frankycpp_v1.8.exe,std::popcount,bit,0x14026b4a5
"std::unique_ptr<engine::PawnTT::Entry [0],std::default_delete<engine::PawnTT::Entry [0]> >::operator[]",0.010999,0.010999,0.0,0.0,47920000,18.2,18.2,1.062500,frankycpp_v1.8.exe,"std::unique_ptr<engine::PawnTT::Entry [0],std::default_delete<engine::PawnTT::Entry [0]> >::operator[]",memory,0x140267579
"std::unique_ptr<engine::PawnTT::Entry [0],std::default_delete<engine::PawnTT::Entry [0]> >::operator[]",0.010999,0.010999,0.0,0.0,20965000,5.8,5.8,3.571429,frankycpp_v1.8.exe,"std::unique_ptr<engine::PawnTT::Entry [0],std::default_delete<engine::PawnTT::Entry [0]> >::operator[]",memory,0x14026a2d6
chess::Bitboard::operator bool,0.009999,0.009999,0.0,0.0,152745000,51.0,51.0,0.294118,frankycpp_v1.8.exe,chess::Bitboard::operator bool,bitboard.h,0x140264054
chess::Bitboard::operator^=,0.009999,0.009999,0.0,0.0,392345000,66.8,66.8,0.282443,frankycpp_v1.8.exe,chess::Bitboard::operator^=,bitboard.h,0x14029e81d
chess::Bitboard::operator|=,0.009999,0.009999,0.0,0.0,125790000,,,0.404762,frankycpp_v1.8.exe,chess::Bitboard::operator|=,bitboard.h,0x14026a054
chess::Bitboard::operator|=,0.009999,0.009999,0.0,0.0,164725000,38.3,38.3,0.400000,frankycpp_v1.8.exe,chess::Bitboard::operator|=,bitboard.h,0x14029e823
chess::Bitboard::popLSB,0.009999,0.009999,0.0,0.0,41930000,22.4,22.4,1.000000,frankycpp_v1.8.exe,chess::Bitboard::popLSB,bitboard.h,0x14026a520
chess::Move::promotionType,0.009999,0.009999,0.0,0.0,86855000,39.6,39.6,0.344828,frankycpp_v1.8.exe,chess::Move::promotionType,move.h,0x14025c5be
chess::Position::getKingSquare,0.009999,0.009999,0.0,0.0,101830000,34.5,34.5,0.411765,frankycpp_v1.8.exe,chess::Position::getKingSquare,Position.h,0x14026adb9
chess::Position::getNextPlayer,0.009999,0.009999,0.0,0.0,59900000,26.2,26.2,0.500000,frankycpp_v1.8.exe,chess::Position::getNextPlayer,Position.h,0x14021f3c2
chess::Position::getPiece,0.009999,0.009999,0.0,0.0,53910000,24.2,24.2,0.944444,frankycpp_v1.8.exe,chess::Position::getPiece,Position.h,0x14025d72a
chess::colorOf,0.009999,0.009999,0.0,0.0,32945000,10.1,10.1,1.454545,frankycpp_v1.8.exe,chess::colorOf,piece.h,0x1402610f1
chess::operator+=,0.009999,0.009999,0.0,0.0,38935000,,,0.076923,frankycpp_v1.8.exe,chess::operator+=,value.h,0x140269956
chess::operator+=,0.009999,0.009999,0.0,0.0,239600000,48.6,48.6,0.500000,frankycpp_v1.8.exe,chess::operator+=,value.h,0x14026b4f9
chess::operator-=,0.009999,0.009999,0.0,0.0,26955000,,,1.888889,frankycpp_v1.8.exe,chess::operator-=,depth.h,0x1402204fc
chess::operator|,0.009999,0.009999,0.0,0.0,38935000,29.5,29.5,0.692308,frankycpp_v1.8.exe,chess::operator|,bitboard.h,0x14025c1f8
chess::operator~,0.009999,0.009999,0.0,0.0,98835000,26.2,26.2,0.666667,frankycpp_v1.8.exe,chess::operator~,color.h,0x140263fd4
chess::typeOf,0.009999,0.009999,0.0,0.0,116805000,74.4,74.4,0.435897,frankycpp_v1.8.exe,chess::typeOf,piece.h,0x14025d61a
engine::Search::isTimeAlmostUp,0.009999,0.009999,0.0,0.0,26955000,11.3,11.3,1.222222,frankycpp_v1.8.exe,engine::Search::isTimeAlmostUp(void),Search.cpp,0x1402271e0
func@0x140256220,0.009999,0.009999,0.0,0.0,14975000,11.1,11.1,2.200000,ntoskrnl.exe,func@0x140256220,[Unknown],0x140256220
func@0x14031a0a0,0.009999,0.009999,0.0,0.0,5990000,29.7,29.7,4.500000,ntoskrnl.exe,func@0x14031a0a0,[Unknown],0x14031a0a0
func@0x1403220b0,0.009999,0.009999,0.0,0.0,11980000,5.8,5.8,2.500000,ntoskrnl.exe,func@0x1403220b0,[Unknown],0x1403220b0
func@0x14033cf22,0.009999,0.009999,0.0,0.0,32945000,19.1,19.1,1.363636,ntoskrnl.exe,func@0x14033cf22,[Unknown],0x14033cf22
std::popcount,0.009999,0.009999,0.0,0.0,26955000,68.0,68.0,0.333333,frankycpp_v1.8.exe,std::popcount,bit,0x14026b283
KeClockInterruptNotify,0.008999,0.008999,0.0,0.0,14975000,9.9,9.9,2.800000,ntoskrnl.exe,KeClockInterruptNotify,[Unknown],0x1402eb510
chess::Bitboard::operator bool,0.008999,0.008999,0.0,0.0,65890000,53.6,53.6,0.409091,frankycpp_v1.8.exe,chess::Bitboard::operator bool,bitboard.h,0x140269a25
chess::Bitboard::operator|=,0.008999,0.008999,0.0,0.0,122795000,45.3,45.3,0.487805,frankycpp_v1.8.exe,chess::Bitboard::operator|=,bitboard.h,0x140269a55
chess::Color::iterator::operator++,0.008999,0.008999,0.0,0.0,74875000,46.5,46.5,0.680000,frankycpp_v1.8.exe,chess::Color::iterator::operator++,color.h,0x14026a21c
chess::Direction::pawnPush,0.008999,0.008999,0.0,0.0,179700000,32.6,32.6,0.466667,frankycpp_v1.8.exe,chess::Direction::pawnPush,direction.h,0x1402636a0
chess::Move::encode,0.008999,0.008999,0.0,0.0,56905000,,,0.684211,frankycpp_v1.8.exe,chess::Move::encode,move.h,0x140263fa1
chess::Move::encode,0.008999,0.008999,0.0,0.0,83860000,29.1,29.1,0.857143,frankycpp_v1.8.exe,chess::Move::encode,move.h,0x1402639db
chess::Move::stripped,0.008999,0.008999,0.0,0.0,215640000,,,0.333333,frankycpp_v1.8.exe,chess::Move::stripped,move.h,0x140260efc
chess::Move::type,0.008999,0.008999,0.0,0.0,110815000,20.1,20.1,0.378378,frankycpp_v1.8.exe,chess::Move::type,move.h,0x14025c542
chess::Move::{ctor},0.008999,0.008999,0.0,0.0,140765000,36.5,36.5,0.553191,frankycpp_v1.8.exe,chess::Move::{ctor},move.h,0x140264006
chess::Position::getKingSquare,0.008999,0.008999,0.0,0.0,194675000,44.6,44.6,0.246154,frankycpp_v1.8.exe,chess::Position::getKingSquare,Position.h,0x14026a448
chess::Position::getKingSquare,0.008999,0.008999,0.0,0.0,140765000,,,0.297872,frankycpp_v1.8.exe,chess::Position::getKingSquare,Position.h,0x14026a48f
chess::Position::getOccupiedBb,0.008999,0.008999,0.0,0.0,83860000,87.2,87.2,0.321429,frankycpp_v1.8.exe,chess::Position::getOccupiedBb,Position.h,0x14025c5cd
chess::Position::getPieceBb,0.008999,0.008999,0.0,0.0,53910000,47.0,47.0,0.500000,frankycpp_v1.8.exe,chess::Position::getPieceBb,Position.h,0x140263dce
chess::Position::getPieceBb,0.008999,0.008999,0.0,0.0,83860000,17.5,17.5,0.535714,frankycpp_v1.8.exe,chess::Position::getPieceBb,Position.h,0x14026b107
chess::StaticMoveList<256>::end,0.008999,0.008999,0.0,0.0,203660000,59.6,59.6,0.279412,frankycpp_v1.8.exe,chess::StaticMoveList<256>::end,staticmovelist.h,0x140262dee
chess::StaticMoveList<256>::push_back,0.008999,0.008999,0.0,0.0,173710000,,,0.568966,frankycpp_v1.8.exe,chess::StaticMoveList<256>::push_back,staticmovelist.h,0x14026390d
chess::operator&,0.008999,0.008999,0.0,0.0,62895000,35.8,35.8,0.904762,frankycpp_v1.8.exe,chess::operator&,bitboard.h,0x14026a720
chess::operator+,0.008999,0.008999,0.0,0.0,221630000,51.1,51.1,0.351351,frankycpp_v1.8.exe,chess::operator+,value.h,0x140220315
chess::operator-=,0.008999,0.008999,0.0,0.0,62895000,25.2,25.2,1.047619,frankycpp_v1.8.exe,chess::operator-=,depth.h,0x14022047a
chess::operator~,0.008999,0.008999,0.0,0.0,179700000,49.3,49.3,0.383333,frankycpp_v1.8.exe,chess::operator~,color.h,0x14026a86a
engine::Evaluator::valueFromScore,0.008999,0.008999,0.0,0.0,314475000,60.2,60.2,0.209524,frankycpp_v1.8.exe,engine::Evaluator::valueFromScore,Evaluator.cpp,0x14026998c
engine::TT::Entry::Entry,0.008999,0.008999,0.0,0.0,101830000,38.7,38.7,0.529412,frankycpp_v1.8.exe,engine::TT::Entry::Entry(void),TT.h,0x14026dd70
func@0x140202360,0.008999,0.008999,0.0,0.0,77870000,9.3,9.3,0.423077,ntoskrnl.exe,func@0x140202360,[Unknown],0x140202360
func@0x140339b80,0.008999,0.008999,0.0,0.0,38935000,9.8,9.8,2.153846,ntoskrnl.exe,func@0x140339b80,[Unknown],0x140339b80
std::countr_zero,0.008999,0.008999,0.0,0.0,35940000,67.5,67.5,0.416667,frankycpp_v1.8.exe,std::countr_zero,bit,0x140263ce4
RtlFreeHeap,0.007999,0.007999,0.0,0.0,89850000,32.4,32.4,0.500000,ntdll.dll,RtlFreeHeap,[Unknown],0x180078ba0
chess::Bitboard::operator bool,0.007999,0.007999,0.0,0.0,77870000,36.2,36.2,1.000000,frankycpp_v1.8.exe,chess::Bitboard::operator bool,bitboard.h,0x14026abbf
chess::Move::setValue,0.007999,0.007999,0.0,0.0,98835000,,,0.606061,frankycpp_v1.8.exe,chess::Move::setValue,move.h,0x140262ef1
chess::Position::getKingSquare,0.007999,0.007999,0.0,0.0,551080000,,,0.103261,frankycpp_v1.8.exe,chess::Position::getKingSquare,Position.h,0x140269a05
chess::Position::getPiece,0.007999,0.007999,0.0,0.0,116805000,55.2,55.2,0.256410,frankycpp_v1.8.exe,chess::Position::getPiece,Position.h,0x14022120e
chess::Position::getPieceBb,0.007999,0.007999,0.0,0.0,161730000,22.4,22.4,0.425926,frankycpp_v1.8.exe,chess::Position::getPieceBb,Position.h,0x14026b211
chess::Square::rank,0.007999,0.007999,0.0,0.0,89850000,73.3,73.3,0.200000,frankycpp_v1.8.exe,chess::Square::rank,square.h,0x14026a79f
chess::Square::rank,0.007999,0.007999,0.0,0.0,71880000,26.3,26.3,0.958333,frankycpp_v1.8.exe,chess::Square::rank,square.h,0x14026aac5
chess::Value::operator int,0.007999,0.007999,0.0,0.0,17970000,11.2,11.2,2.000000,frankycpp_v1.8.exe,chess::Value::operator int,value.h,0x140220edc
chess::operator&,0.007999,0.007999,0.0,0.0,71880000,23.8,23.8,0.458333,frankycpp_v1.8.exe,chess::operator&,bitboard.h,0x14026139a
chess::operator&,0.007999,0.007999,0.0,0.0,56905000,48.7,48.7,0.368421,frankycpp_v1.8.exe,chess::operator&,bitboard.h,0x14026a019
chess::operator+=,0.007999,0.007999,0.0,0.0,59900000,41.5,41.5,0.500000,frankycpp_v1.8.exe,chess::operator+=,value.h,0x14026a773
chess::operator-,0.007999,0.007999,0.0,0.0,35940000,80.0,80.0,0.500000,frankycpp_v1.8.exe,chess::operator-,value.h,0x14029e767
chess::operator-,0.007999,0.007999,0.0,0.0,0,2.6,2.6,,frankycpp_v1.8.exe,chess::operator-,value.h,0x140221354
chess::operator|,0.007999,0.007999,0.0,0.0,116805000,26.5,26.5,0.487179,frankycpp_v1.8.exe,chess::operator|,bitboard.h,0x14026a9e4
func@0x1400e3530,0.007999,0.007999,0.0,0.0,2995000,5.9,5.9,16.000000,nvlddmkm.sys,func@0x1400e3530,[Unknown],0x1400e3530
func@0x14029c8f0,0.007999,0.007999,0.0,0.0,5990000,14.3,14.3,6.000000,ntoskrnl.exe,func@0x14029c8f0,[Unknown],0x14029c8f0
"std::array<chess::Bitboard,8>::operator[]",0.007999,0.007999,0.0,0.0,44925000,,,0.333333,frankycpp_v1.8.exe,"std::array<chess::Bitboard,8>::operator[]",array,0x140263971
"std::array<chess::Move,64>::operator[]",0.007999,0.007999,0.0,0.0,32945000,66.0,66.0,0.272727,frankycpp_v1.8.exe,"std::array<chess::Move,64>::operator[]",array,0x140220aac
std::countr_zero,0.007999,0.007999,0.0,0.0,92845000,,,0.580645,frankycpp_v1.8.exe,std::countr_zero,bit,0x140263f70
std::popcount,0.007999,0.007999,0.0,0.0,86855000,,,0.137931,frankycpp_v1.8.exe,std::popcount,bit,0x14026a0dd
std::popcount,0.007999,0.007999,0.0,0.0,62895000,,,0.428571,frankycpp_v1.8.exe,std::popcount,bit,0x14026b121
__builtin_array_init_helper<class chess::Value>,0.007000,0.007000,0.0,0.0,98835000,42.1,42.1,0.303030,frankycpp_v1.8.exe,"__builtin_array_init_helper<class chess::Value>(class chess::Value *,unsigned __int64)",[Unknown],0x14029eb80
chess::Bitboard::operator bool,0.007000,0.007000,0.0,0.0,29950000,41.1,41.1,1.000000,frankycpp_v1.8.exe,chess::Bitboard::operator bool,bitboard.h,0x140269f78
chess::Bitboard::popLSB,0.007000,0.007000,0.0,0.0,83860000,59.6,59.6,0.321429,frankycpp_v1.8.exe,chess::Bitboard::popLSB,bitboard.h,0x140263dda
chess::Bitboard::popLSB,0.007000,0.007000,0.0,0.0,65890000,33.2,33.2,0.636364,frankycpp_v1.8.exe,chess::Bitboard::popLSB,bitboard.h,0x140263ce4
chess::Move::operator==,0.007000,0.007000,0.0,0.0,71880000,,,0.583333,frankycpp_v1.8.exe,chess::Move::operator==,PVTable.h,0x140220508
chess::Move::{ctor},0.007000,0.007000,0.0,0.0,89850000,,,0.233333,frankycpp_v1.8.exe,chess::Move::{ctor},move.h,0x140263f84
chess::Position::getPiece,0.007000,0.007000,0.0,0.0,50915000,23.7,23.7,0.882353,frankycpp_v1.8.exe,chess::Position::getPiece,Position.h,0x14029e6ba
chess::Position::getPieceBb,0.007000,0.007000,0.0,0.0,179700000,44.6,44.6,0.366667,frankycpp_v1.8.exe,chess::Position::getPieceBb,Position.h,0x14026a7b8
chess::Square::rank,0.007000,0.007000,0.0,0.0,38935000,,,0.846154,frankycpp_v1.8.exe,chess::Square::rank,square.h,0x14026a1ea
chess::operator&,0.007000,0.007000,0.0,0.0,83860000,31.1,31.1,0.678571,frankycpp_v1.8.exe,chess::operator&,bitboard.h,0x1402215e5
chess::operator&,0.007000,0.007000,0.0,0.0,41930000,32.1,32.1,0.428571,frankycpp_v1.8.exe,chess::operator&,bitboard.h,0x14026a66c
chess::operator&,0.007000,0.007000,0.0,0.0,74875000,,,0.520000,frankycpp_v1.8.exe,chess::operator&,bitboard.h,0x14026a088
chess::operator&,0.007000,0.007000,0.0,0.0,122795000,31.6,31.6,0.292683,frankycpp_v1.8.exe,chess::operator&,bitboard.h,0x14026a498
chess::operator&,0.007000,0.007000,0.0,0.0,140765000,46.9,46.9,0.297872,frankycpp_v1.8.exe,chess::operator&,bitboard.h,0x14029ea59
chess::operator&,0.007000,0.007000,0.0,0.0,158735000,67.5,67.5,0.283019,frankycpp_v1.8.exe,chess::operator&,bitboard.h,0x14029e962
chess::operator+,0.007000,0.007000,0.0,0.0,53910000,,,0.444444,frankycpp_v1.8.exe,chess::operator+,direction.h,0x14025c316
chess::operator-,0.007000,0.007000,0.0,0.0,47920000,39.6,39.6,0.437500,frankycpp_v1.8.exe,chess::operator-,value.h,0x14021fbbb
chess::operator-=,0.007000,0.007000,0.0,0.0,29950000,16.9,16.9,1.300000,frankycpp_v1.8.exe,chess::operator-=,depth.h,0x1402204a4
chess::operator|,0.007000,0.007000,0.0,0.0,65890000,,,0.454545,frankycpp_v1.8.exe,chess::operator|,bitboard.h,0x14026b224
chess::operator|,0.007000,0.007000,0.0,0.0,119800000,84.5,84.5,0.375000,frankycpp_v1.8.exe,chess::operator|,bitboard.h,0x14029eb41
chess::operator~,0.007000,0.007000,0.0,0.0,77870000,26.1,26.1,0.500000,frankycpp_v1.8.exe,chess::operator~,color.h,0x14026b20a
func@0x140255440,0.007000,0.007000,0.0,0.0,26955000,8.9,8.9,0.777778,ntoskrnl.exe,func@0x140255440,[Unknown],0x140255440
func@0x140255c9d,0.007000,0.007000,0.0,0.0,8985000,12.7,12.7,3.333333,ntoskrnl.exe,func@0x140255c9d,[Unknown],0x140255c9d
func@0x140296b30,0.007000,0.007000,0.0,0.0,5990000,5.6,5.6,7.000000,ntoskrnl.exe,func@0x140296b30,[Unknown],0x140296b30
func@0x1402ec11d,0.007000,0.007000,0.0,0.0,8985000,8.0,8.0,3.000000,ntoskrnl.exe,func@0x1402ec11d,[Unknown],0x1402ec11d
func@0x1403e1d50,0.007000,0.007000,0.0,0.0,5990000,14.9,14.9,3.000000,ntoskrnl.exe,func@0x1403e1d50,[Unknown],0x1403e1d50
func@0x180010e40,0.007000,0.007000,0.0,0.0,0,2.7,2.7,,vcruntime140.dll,func@0x180010e40,[Unknown],0x180010e40
"std::array<chess::Bitboard,64>::operator[]",0.007000,0.007000,0.0,0.0,101830000,33.9,33.9,0.558824,frankycpp_v1.8.exe,"std::array<chess::Bitboard,64>::operator[]",array,0x14025c5d4
"std::array<chess::Bitboard,8>::operator[]",0.007000,0.007000,0.0,0.0,44925000,15.0,15.0,0.200000,frankycpp_v1.8.exe,"std::array<chess::Bitboard,8>::operator[]",array,0x14026381e
std::countr_zero,0.007000,0.007000,0.0,0.0,50915000,,,0.411765,frankycpp_v1.8.exe,std::countr_zero,bit,0x140263c05
std::popcount,0.007000,0.007000,0.0,0.0,77870000,45.5,45.5,0.346154,frankycpp_v1.8.exe,std::popcount,bit,0x14026aa43
std::popcount,0.007000,0.007000,0.0,0.0,125790000,47.8,47.8,0.214286,frankycpp_v1.8.exe,std::popcount,bit,0x14026a41c
RtlCopyMemory,0.006000,0.006000,0.0,0.0,35940000,10.2,10.2,0.833333,ntoskrnl.exe,RtlCopyMemory,[Unknown],0x1406bf140
chess::Bitboard::popLSB,0.006000,0.006000,0.0,0.0,29950000,20.5,20.5,0.900000,frankycpp_v1.8.exe,chess::Bitboard::popLSB,bitboard.h,0x140263e50
chess::Bitboard::{ctor},0.006000,0.006000,0.0,0.0,74875000,78.5,78.5,0.640000,frankycpp_v1.8.exe,chess::Bitboard::{ctor},bitboard.h,0x14029ea8c
chess::Bitboard::{ctor},0.006000,0.006000,0.0,0.0,101830000,72.5,72.5,0.205882,frankycpp_v1.8.exe,chess::Bitboard::{ctor},bitboard.h,0x14016ca0c
chess::Move::setValue,0.006000,0.006000,0.0,0.0,140765000,,,0.468085,frankycpp_v1.8.exe,chess::Move::setValue,move.h,0x140262f10
chess::Move::type,0.006000,0.006000,0.0,0.0,41930000,,,0.714286,frankycpp_v1.8.exe,chess::Move::type,move.h,0x1402208fc
chess::Position::getOccupiedBb,0.006000,0.006000,0.0,0.0,107820000,17.8,17.8,0.527778,frankycpp_v1.8.exe,chess::Position::getOccupiedBb,Position.h,0x14026b3e5
chess::Position::getPieceBb,0.006000,0.006000,0.0,0.0,68885000,70.4,70.4,0.521739,frankycpp_v1.8.exe,chess::Position::getPieceBb,Position.h,0x14026aa7d
chess::Position::undoNullMove,0.006000,0.006000,0.0,0.0,59900000,20.4,20.4,0.850000,frankycpp_v1.8.exe,chess::Position::undoNullMove(void),Position.cpp,0x14025c180
chess::Square::rank,0.006000,0.006000,0.0,0.0,65890000,16.9,16.9,0.590909,frankycpp_v1.8.exe,chess::Square::rank,square.h,0x14026ae03
chess::Value::isValid,0.006000,0.006000,0.0,0.0,26955000,10.0,10.0,1.333333,frankycpp_v1.8.exe,chess::Value::isValid,value.h,0x140220edc
chess::Value::operator int,0.006000,0.006000,0.0,0.0,53910000,79.1,79.1,0.388889,frankycpp_v1.8.exe,chess::Value::operator int,value.h,0x14025d6d5
chess::operator&,0.006000,0.006000,0.0,0.0,11980000,30.5,30.5,0.750000,frankycpp_v1.8.exe,chess::operator&,bitboard.h,0x14026b23c
chess::operator&,0.006000,0.006000,0.0,0.0,98835000,67.8,67.8,0.333333,frankycpp_v1.8.exe,chess::operator&,bitboard.h,0x140263e2b
chess::operator+,0.006000,0.006000,0.0,0.0,71880000,27.8,27.8,0.416667,frankycpp_v1.8.exe,chess::operator+,direction.h,0x14026a07c
chess::operator+,0.006000,0.006000,0.0,0.0,20965000,21.7,21.7,0.714286,frankycpp_v1.8.exe,chess::operator+,value.h,0x14021f374
chess::operator-,0.006000,0.006000,0.0,0.0,53910000,37.4,37.4,1.111111,frankycpp_v1.8.exe,chess::operator-,direction.h,0x140263403
chess::operator-,0.006000,0.006000,0.0,0.0,143760000,65.0,65.0,0.291667,frankycpp_v1.8.exe,chess::operator-,depth.h,0x14022044c
chess::operator|,0.006000,0.006000,0.0,0.0,68885000,16.0,16.0,0.956522,frankycpp_v1.8.exe,chess::operator|,bitboard.h,0x140263b0c
chess::operator|,0.006000,0.006000,0.0,0.0,26955000,20.8,20.8,0.666667,frankycpp_v1.8.exe,chess::operator|,bitboard.h,0x140263f4c
chess::operator|,0.006000,0.006000,0.0,0.0,161730000,57.2,57.2,0.444444,frankycpp_v1.8.exe,chess::operator|,bitboard.h,0x14025c3fd
chess::operator~,0.006000,0.006000,0.0,0.0,92845000,67.5,67.5,0.161290,frankycpp_v1.8.exe,chess::operator~,color.h,0x1402208d0
chess::typeOf,0.006000,0.006000,0.0,0.0,14975000,13.2,13.2,1.600000,frankycpp_v1.8.exe,chess::typeOf,piece.h,0x140261109
engine::Search::thread,0.006000,0.006000,0.0,0.0,62895000,,,0.238095,frankycpp_v1.8.exe,engine::Search::thread,Search.h,0x14022095c
engine::Search::thread,0.006000,0.006000,0.0,0.0,41930000,,,0.285714,frankycpp_v1.8.exe,engine::Search::thread,Search.h,0x14021fca5
func@0x140202060,0.006000,0.006000,0.0,0.0,26955000,40.9,40.9,1.222222,ntoskrnl.exe,func@0x140202060,[Unknown],0x140202060
func@0x14029b580,0.006000,0.006000,0.0,0.0,17970000,3.8,3.8,1.166667,ntoskrnl.exe,func@0x14029b580,[Unknown],0x14029b580
func@0x14029c140,0.006000,0.006000,0.0,0.0,38935000,,,0.384615,ntoskrnl.exe,func@0x14029c140,[Unknown],0x14029c140
func@0x14029ddc3,0.006000,0.006000,0.0,0.0,23960000,5.6,5.6,1.250000,ntoskrnl.exe,func@0x14029ddc3,[Unknown],0x14029ddc3
func@0x140318ce0,0.006000,0.006000,0.0,0.0,14975000,0.0,0.0,3.200000,ntoskrnl.exe,func@0x140318ce0,[Unknown],0x140318ce0
func@0x140343680,0.006000,0.006000,0.0,0.0,11980000,12.6,12.6,0.750000,ntoskrnl.exe,func@0x140343680,[Unknown],0x140343680
func@0x18002d9a0,0.006000,0.006000,0.0,0.0,2995000,,,4.000000,cng.sys,func@0x18002d9a0,[Unknown],0x18002d9a0
"std::array<chess::Bitboard,64>::operator[]",0.006000,0.006000,0.0,0.0,47920000,,,0.125000,frankycpp_v1.8.exe,"std::array<chess::Bitboard,64>::operator[]",array,0x14029ea94
"std::array<chess::Bitboard,8>::operator[]",0.006000,0.006000,0.0,0.0,83860000,19.9,19.9,0.571429,frankycpp_v1.8.exe,"std::array<chess::Bitboard,8>::operator[]",array,0x1402637bb
"std::array<chess::Move,128>::operator[]",0.006000,0.006000,0.0,0.0,0,20.0,20.0,,frankycpp_v1.8.exe,"std::array<chess::Move,128>::operator[]",array,0x14021f2d3
"std::array<std::array<chess::Bitboard,64>,8>::operator[]",0.006000,0.006000,0.0,0.0,59900000,,,0.450000,frankycpp_v1.8.exe,"std::array<std::array<chess::Bitboard,64>,8>::operator[]",array,0x14026ab90
"std::array<std::array<int,64>,64>::operator[]",0.006000,0.006000,0.0,0.0,74875000,29.9,29.9,0.520000,frankycpp_v1.8.exe,"std::array<std::array<int,64>,64>::operator[]",array,0x14022090e
std::countr_zero,0.006000,0.006000,0.0,0.0,68885000,33.7,33.7,0.608696,frankycpp_v1.8.exe,std::countr_zero,bit,0x14026a1d4
std::popcount,0.006000,0.006000,0.0,0.0,23960000,,,0.375000,frankycpp_v1.8.exe,std::popcount,bit,0x14026a160
KeReleaseSpinLock,0.005000,0.005000,0.0,0.0,8985000,31.0,31.0,2.000000,ntoskrnl.exe,KeReleaseSpinLock,[Unknown],0x14024ee60
[Outside any known module],0.005000,0.005000,0.0,0.0,0,25.0,25.0,,[Unknown],[Outside any known module],[Unknown],0x0
chess::Bitboard::operator^=,0.005000,0.005000,0.0,0.0,68885000,60.5,60.5,0.130435,frankycpp_v1.8.exe,chess::Bitboard::operator^=,bitboard.h,0x14025c5e2
chess::Bitboard::popLSB,0.005000,0.005000,0.0,0.0,20965000,31.2,31.2,0.571429,frankycpp_v1.8.exe,chess::Bitboard::popLSB,bitboard.h,0x140269a70
chess::Direction::operator int,0.005000,0.005000,0.0,0.0,32945000,24.4,24.4,0.545455,frankycpp_v1.8.exe,chess::Direction::operator int,direction.h,0x14026319d
chess::Move::encode,0.005000,0.005000,0.0,0.0,17970000,,,0.0,frankycpp_v1.8.exe,chess::Move::encode,move.h,0x1402632b2
chess::Move::encode,0.005000,0.005000,0.0,0.0,161730000,34.0,34.0,0.333333,frankycpp_v1.8.exe,chess::Move::encode,move.h,0x14026401e
chess::Move::to,0.005000,0.005000,0.0,0.0,47920000,27.0,27.0,0.375000,frankycpp_v1.8.exe,chess::Move::to,move.h,0x1402208df
chess::Move::to,0.005000,0.005000,0.0,0.0,14975000,20.0,20.0,1.200000,frankycpp_v1.8.exe,chess::Move::to,move.h,0x14025bfc9
chess::Move::to,0.005000,0.005000,0.0,0.0,128785000,92.8,92.8,0.302326,frankycpp_v1.8.exe,chess::Move::to,move.h,0x14029e6bf
chess::Move::value,0.005000,0.005000,0.0,0.0,101830000,29.4,29.4,0.529412,frankycpp_v1.8.exe,chess::Move::value,move.h,0x140262fc8
chess::Position::getNextPlayer,0.005000,0.005000,0.0,0.0,20965000,22.2,22.2,2.000000,frankycpp_v1.8.exe,chess::Position::getNextPlayer,Position.h,0x140263af9
chess::Position::getPieceBb,0.005000,0.005000,0.0,0.0,68885000,28.0,28.0,0.695652,frankycpp_v1.8.exe,chess::Position::getPieceBb,Position.h,0x14026b23f
chess::Position::getPieceBb,0.005000,0.005000,0.0,0.0,50915000,93.1,93.1,0.117647,frankycpp_v1.8.exe,chess::Position::getPieceBb,Position.h,0x14026aa81
chess::Square::file,0.005000,0.005000,0.0,0.0,56905000,31.1,31.1,0.736842,frankycpp_v1.8.exe,chess::Square::file,square.h,0x14025bd93
chess::operator&,0.005000,0.005000,0.0,0.0,38935000,,,0.307692,frankycpp_v1.8.exe,chess::operator&,bitboard.h,0x14026ab45
chess::operator&,0.005000,0.005000,0.0,0.0,47920000,55.4,55.4,0.437500,frankycpp_v1.8.exe,chess::operator&,bitboard.h,0x14026a876
chess::operator&,0.005000,0.005000,0.0,0.0,50915000,34.0,34.0,0.529412,frankycpp_v1.8.exe,chess::operator&,bitboard.h,0x14025c6a1
chess::operator&,0.005000,0.005000,0.0,0.0,83860000,19.8,19.8,0.714286,frankycpp_v1.8.exe,chess::operator&,bitboard.h,0x14026aed7
chess::operator+,0.005000,0.005000,0.0,0.0,71880000,61.5,61.5,0.458333,frankycpp_v1.8.exe,chess::operator+,value.h,0x140221211
chess::operator+=,0.005000,0.005000,0.0,0.0,311480000,69.7,69.7,0.240385,frankycpp_v1.8.exe,chess::operator+=,value.h,0x14026ac23
chess::operator-,0.005000,0.005000,0.0,0.0,14975000,6.6,6.6,0.800000,frankycpp_v1.8.exe,chess::operator-,value.h,0x140263d18
chess::operator-,0.005000,0.005000,0.0,0.0,35940000,47.3,47.3,1.750000,frankycpp_v1.8.exe,chess::operator-,value.h,0x14021f385
chess::operator|,0.005000,0.005000,0.0,0.0,62895000,66.3,66.3,0.476190,frankycpp_v1.8.exe,chess::operator|,bitboard.h,0x140264080
chess::operator~,0.005000,0.005000,0.0,0.0,71880000,26.3,26.3,0.500000,frankycpp_v1.8.exe,chess::operator~,color.h,0x1402215da
chess::operator~,0.005000,0.005000,0.0,0.0,74875000,36.6,36.6,0.240000,frankycpp_v1.8.exe,chess::operator~,color.h,0x14029ea88
func@0x140002700,0.005000,0.005000,0.0,0.0,0,0.0,0.0,,intelppm.sys,func@0x140002700,[Unknown],0x140002700
func@0x140002b5e,0.005000,0.005000,0.0,0.0,56905000,48.0,48.0,0.578947,wpprecorder.sys,func@0x140002b5e,[Unknown],0x140002b5e
func@0x140027040,0.005000,0.005000,0.0,0.0,23960000,11.5,11.5,0.625000,usbxhci.sys,func@0x140027040,[Unknown],0x140027040
func@0x140200cc0,0.005000,0.005000,0.0,0.0,20965000,10.1,10.1,0.857143,ntoskrnl.exe,func@0x140200cc0,[Unknown],0x140200cc0
func@0x14031e1c8,0.005000,0.005000,0.0,0.0,0,0.0,0.0,,ntoskrnl.exe,func@0x14031e1c8,[Unknown],0x14031e1c8
func@0x14033bfe0,0.005000,0.005000,0.0,0.0,17970000,6.8,6.8,2.000000,ntoskrnl.exe,func@0x14033bfe0,[Unknown],0x14033bfe0
func@0x1403f5655,0.005000,0.005000,0.0,0.0,0,0.0,0.0,,ntoskrnl.exe,func@0x1403f5655,[Unknown],0x1403f5655
func@0x1404154d0,0.005000,0.005000,0.0,0.0,2995000,0.0,0.0,2.000000,ntoskrnl.exe,func@0x1404154d0,[Unknown],0x1404154d0
func@0x14042b5d0,0.005000,0.005000,0.0,0.0,5990000,10.0,10.0,3.000000,ntoskrnl.exe,func@0x14042b5d0,[Unknown],0x14042b5d0
func@0x1406b2070,0.005000,0.005000,0.0,0.0,11980000,11.4,11.4,3.000000,ntoskrnl.exe,func@0x1406b2070,[Unknown],0x1406b2070
"std::_Atomic_storage<unsigned __int64,8>::store",0.005000,0.005000,0.0,0.0,5990000,,,1.000000,frankycpp_v1.8.exe,"std::_Atomic_storage<unsigned __int64,8>::store",atomic,0x1402674d4
"std::array<chess::Bitboard,64>::operator[]",0.005000,0.005000,0.0,0.0,125790000,57.2,57.2,0.285714,frankycpp_v1.8.exe,"std::array<chess::Bitboard,64>::operator[]",array,0x14025c63e
"std::array<chess::Bitboard,64>::operator[]",0.005000,0.005000,0.0,0.0,92845000,,,0.096774,frankycpp_v1.8.exe,"std::array<chess::Bitboard,64>::operator[]",array,0x14026a871
"std::array<chess::Value,25>::operator[]",0.005000,0.005000,0.0,0.0,32945000,,,0.272727,frankycpp_v1.8.exe,"std::array<chess::Value,25>::operator[]",array,0x140263f90
"std::array<engine::PlyInfo,128>::operator[]",0.005000,0.005000,0.0,0.0,17970000,,,1.000000,frankycpp_v1.8.exe,"std::array<engine::PlyInfo,128>::operator[]",array,0x14021f966
"std::array<int,64>::operator[]",0.005000,0.005000,0.0,0.0,20965000,,,0.285714,frankycpp_v1.8.exe,"std::array<int,64>::operator[]",array,0x14026b08d
"std::array<std::array<chess::Bitboard,64>,2>::operator[]",0.005000,0.005000,0.0,0.0,83860000,37.3,37.3,0.321429,frankycpp_v1.8.exe,"std::array<std::array<chess::Bitboard,64>,2>::operator[]",array,0x14026a7e0
"std::array<std::array<chess::Bitboard,64>,8>::operator[]",0.005000,0.005000,0.0,0.0,77870000,49.1,49.1,0.653846,frankycpp_v1.8.exe,"std::array<std::array<chess::Bitboard,64>,8>::operator[]",array,0x14026ab2e
std::countr_zero,0.005000,0.005000,0.0,0.0,2995000,33.3,33.3,0.0,frankycpp_v1.8.exe,std::countr_zero,bit,0x14026ab40
std::countr_zero,0.005000,0.005000,0.0,0.0,65890000,,,0.636364,frankycpp_v1.8.exe,std::countr_zero,bit,0x1402633f8
std::min,0.005000,0.005000,0.0,0.0,89850000,48.2,48.2,0.366667,frankycpp_v1.8.exe,std::min,utility,0x14022041e
std::popcount,0.005000,0.005000,0.0,0.0,23960000,31.3,31.3,0.625000,frankycpp_v1.8.exe,std::popcount,bit,0x14026b4bd
std::ranges::_Swap::_Cpo::operator(),0.005000,0.005000,0.0,0.0,41930000,34.4,34.4,0.785714,frankycpp_v1.8.exe,std::ranges::_Swap::_Cpo::operator(),concepts,0x1402644c8
ExFreePoolWithTag,0.004000,0.004000,0.0,0.0,2995000,10.3,10.3,5.000000,ntoskrnl.exe,ExFreePoolWithTag,[Unknown],0x140b71cd0
_std_type_info_compare,0.004000,0.004000,0.0,0.0,107820000,42.9,42.9,0.305556,vcruntime140.dll,_std_type_info_compare,[Unknown],0x180005030
boost::archive::detail::basic_iarchive::load_object,0.004000,0.004000,0.0,0.0,26955000,20.0,20.0,0.333333,frankycpp_v1.8.exe,"boost::archive::detail::basic_iarchive::load_object(void *,class boost::archive::detail::basic_iserializer const &)",basic_iarchive.cpp,0x1402aef00
chess::Bitboard::operator bool,0.004000,0.004000,0.0,0.0,137770000,50.3,50.3,0.369565,frankycpp_v1.8.exe,chess::Bitboard::operator bool,bitboard.h,0x14026a6c2
chess::Bitboard::popLSB,0.004000,0.004000,0.0,0.0,71880000,23.9,23.9,0.500000,frankycpp_v1.8.exe,chess::Bitboard::popLSB,bitboard.h,0x140269fc0
chess::Bitboard::popLSB,0.004000,0.004000,0.0,0.0,41930000,37.3,37.3,0.785714,frankycpp_v1.8.exe,chess::Bitboard::popLSB,bitboard.h,0x140263f70
chess::CastlingRights::operator-=,0.004000,0.004000,0.0,0.0,26955000,16.2,16.2,0.666667,frankycpp_v1.8.exe,chess::CastlingRights::operator-=,castlingrights.h,0x14025bc66
chess::Color::iterator::{ctor},0.004000,0.004000,0.0,0.0,11980000,,,0.750000,frankycpp_v1.8.exe,chess::Color::iterator::{ctor},color.h,0x140269f21
chess::Direction::pawnPush,0.004000,0.004000,0.0,0.0,0,50.0,50.0,,frankycpp_v1.8.exe,chess::Direction::pawnPush,direction.h,0x140269f9d
chess::Direction::pawnPush,0.004000,0.004000,0.0,0.0,50915000,28.4,28.4,0.470588,frankycpp_v1.8.exe,chess::Direction::pawnPush,direction.h,0x140263276
chess::Move::operator==,0.004000,0.004000,0.0,0.0,14975000,8.5,8.5,0.600000,frankycpp_v1.8.exe,chess::Move::operator==,PVTable.h,0x140220503
chess::Move::setValue,0.004000,0.004000,0.0,0.0,68885000,21.2,21.2,0.521739,frankycpp_v1.8.exe,chess::Move::setValue,move.h,0x140262ed2
chess::Move::stripped,0.004000,0.004000,0.0,0.0,5990000,100.0,100.0,0.0,frankycpp_v1.8.exe,chess::Move::stripped,move.h,0x140260fc0
chess::Position::getEnPassantSquare,0.004000,0.004000,0.0,0.0,35940000,,,0.250000,frankycpp_v1.8.exe,chess::Position::getEnPassantSquare,Position.h,0x1402634d2
chess::StaticMoveList<256>::push_back,0.004000,0.004000,0.0,0.0,14975000,,,0.0,frankycpp_v1.8.exe,chess::StaticMoveList<256>::push_back,staticmovelist.h,0x140263748
chess::Value::operator int,0.004000,0.004000,0.0,0.0,50915000,50.1,50.1,0.352941,frankycpp_v1.8.exe,chess::Value::operator int,value.h,0x14025d7d5
chess::moveValueGreaterComparator::operator(),0.004000,0.004000,0.0,0.0,8985000,18.2,18.2,1.666667,frankycpp_v1.8.exe,chess::moveValueGreaterComparator::operator(),move.h,0x14026512b
chess::operator&,0.004000,0.004000,0.0,0.0,62895000,100.0,100.0,0.380952,frankycpp_v1.8.exe,chess::operator&,bitboard.h,0x14029ea9e
chess::operator&,0.004000,0.004000,0.0,0.0,62895000,61.8,61.8,0.476190,frankycpp_v1.8.exe,chess::operator&,bitboard.h,0x14026a40f
chess::operator&,0.004000,0.004000,0.0,0.0,77870000,57.7,57.7,0.576923,frankycpp_v1.8.exe,chess::operator&,bitboard.h,0x14026b102
chess::operator*,0.004000,0.004000,0.0,0.0,23960000,65.5,65.5,0.375000,frankycpp_v1.8.exe,chess::operator*,direction.h,0x1402638d8
chess::operator+,0.004000,0.004000,0.0,0.0,8985000,,,0.333333,frankycpp_v1.8.exe,chess::operator+,direction.h,0x1402639d7
chess::operator+,0.004000,0.004000,0.0,0.0,44925000,76.6,76.6,0.466667,frankycpp_v1.8.exe,chess::operator+,value.h,0x1402699c1
chess::operator+=,0.004000,0.004000,0.0,0.0,17970000,,,1.333333,frankycpp_v1.8.exe,chess::operator+=,value.h,0x14026a57e
chess::operator+=,0.004000,0.004000,0.0,0.0,8985000,66.7,66.7,0.666667,frankycpp_v1.8.exe,chess::operator+=,value.h,0x14026b50a
chess::operator-,0.004000,0.004000,0.0,0.0,0,0.0,0.0,,frankycpp_v1.8.exe,chess::operator-,value.h,0x1402207d3
chess::operator^=,0.004000,0.004000,0.0,0.0,83860000,30.9,30.9,0.500000,frankycpp_v1.8.exe,chess::operator^=,bitboards.h,0x14029e7d2
chess::operator~,0.004000,0.004000,0.0,0.0,32945000,21.5,21.5,0.636364,frankycpp_v1.8.exe,chess::operator~,color.h,0x14025c217
chess::operator~,0.004000,0.004000,0.0,0.0,59900000,22.3,22.3,0.650000,frankycpp_v1.8.exe,chess::operator~,color.h,0x14026302d
chess::operator~,0.004000,0.004000,0.0,0.0,44925000,35.3,35.3,0.533333,frankycpp_v1.8.exe,chess::operator~,color.h,0x140263e7d
chess::typeOf,0.004000,0.004000,0.0,0.0,41930000,29.6,29.6,0.142857,frankycpp_v1.8.exe,chess::typeOf,piece.h,0x140263eb0
chess::typeOf,0.004000,0.004000,0.0,0.0,158735000,36.6,36.6,0.433962,frankycpp_v1.8.exe,chess::typeOf,piece.h,0x14026340e
chess::valueOf,0.004000,0.004000,0.0,0.0,86855000,47.5,47.5,0.344828,frankycpp_v1.8.exe,chess::valueOf,value.h,0x14029e75e
engine::Search::evaluate,0.004000,0.004000,0.0,0.0,56905000,54.8,54.8,0.210526,frankycpp_v1.8.exe,engine::Search::evaluate,Search.cpp,0x14021f8aa
engine::Search::thread,0.004000,0.004000,0.0,0.0,41930000,48.5,48.5,0.857143,frankycpp_v1.8.exe,engine::Search::thread,Search.h,0x14021f932
engine::Search::thread,0.004000,0.004000,0.0,0.0,26955000,27.6,27.6,1.222222,frankycpp_v1.8.exe,engine::Search::thread,Search.h,0x140221133
engine::Search::thread,0.004000,0.004000,0.0,0.0,56905000,93.3,93.3,0.368421,frankycpp_v1.8.exe,engine::Search::thread,Search.h,0x14021f9ba
engine::TT::Entry::{ctor},0.004000,0.004000,0.0,0.0,0,0.0,0.0,,frankycpp_v1.8.exe,engine::TT::Entry::{ctor},TT.h,0x14026d6b7
func@0x140295af0,0.004000,0.004000,0.0,0.0,17970000,10.9,10.9,2.333333,ntoskrnl.exe,func@0x140295af0,[Unknown],0x140295af0
func@0x1402b00f0,0.004000,0.004000,0.0,0.0,0,100.0,100.0,,ntoskrnl.exe,func@0x1402b00f0,[Unknown],0x1402b00f0
func@0x1402e1b20,0.004000,0.004000,0.0,0.0,0,0.0,0.0,,ntoskrnl.exe,func@0x1402e1b20,[Unknown],0x1402e1b20
func@0x1402ebf80,0.004000,0.004000,0.0,0.0,0,0.0,0.0,,ntoskrnl.exe,func@0x1402ebf80,[Unknown],0x1402ebf80
func@0x1402ebfd0,0.004000,0.004000,0.0,0.0,5990000,27.1,27.1,4.000000,ntoskrnl.exe,func@0x1402ebfd0,[Unknown],0x1402ebfd0
func@0x140309bb0,0.004000,0.004000,0.0,0.0,5990000,0.0,0.0,1.500000,nvlddmkm.sys,func@0x140309bb0,[Unknown],0x140309bb0
func@0x140317160,0.004000,0.004000,0.0,0.0,0,0.0,0.0,,ntoskrnl.exe,func@0x140317160,[Unknown],0x140317160
func@0x1406b1eb0,0.004000,0.004000,0.0,0.0,0,20.3,20.3,,ntoskrnl.exe,func@0x1406b1eb0,[Unknown],0x1406b1eb0
func@0x140d0e350,0.004000,0.004000,0.0,0.0,2995000,11.5,11.5,10.000000,nvlddmkm.sys,func@0x140d0e350,[Unknown],0x140d0e350
func@0x1800cfb60,0.004000,0.004000,0.0,0.0,29950000,13.0,13.0,0.600000,ntdll.dll,func@0x1800cfb60,[Unknown],0x1800cfb60
log,0.004000,0.004000,0.0,0.0,50915000,95.8,95.8,0.235294,ucrtbase.dll,log,[Unknown],0x1800a84d0
"std::array<chess::Bitboard,64>::operator[]",0.004000,0.004000,0.0,0.0,119800000,,,0.225000,frankycpp_v1.8.exe,"std::array<chess::Bitboard,64>::operator[]",array,0x14026306a
"std::array<int,64>::operator[]",0.004000,0.004000,0.0,0.0,101830000,28.6,28.6,0.382353,frankycpp_v1.8.exe,"std::array<int,64>::operator[]",array,0x14025bd63
std::countr_zero,0.004000,0.004000,0.0,0.0,26955000,25.7,25.7,0.444444,frankycpp_v1.8.exe,std::countr_zero,bit,0x14026b412
std::min,0.004000,0.004000,0.0,0.0,26955000,100.0,100.0,0.111111,frankycpp_v1.8.exe,std::min,utility,0x140220da0
std::popcount,0.004000,0.004000,0.0,0.0,8985000,11.1,11.1,0.666667,frankycpp_v1.8.exe,std::popcount,bit,0x14026a168
std::popcount,0.004000,0.004000,0.0,0.0,32945000,18.5,18.5,1.181818,frankycpp_v1.8.exe,std::popcount,bit,0x14026b263
std::ranges::_Swap::_Cpo::operator(),0.004000,0.004000,0.0,0.0,14975000,4.7,4.7,0.800000,frankycpp_v1.8.exe,std::ranges::_Swap::_Cpo::operator(),concepts,0x14026451b
ExpInterlockedPopEntrySList,0.003000,0.003000,0.0,0.0,2995000,0.0,0.0,5.000000,ntoskrnl.exe,ExpInterlockedPopEntrySList,[Unknown],0x1406b2dc0
KfRaiseIrql,0.003000,0.003000,0.0,0.0,11980000,23.3,23.3,1.750000,ntoskrnl.exe,KfRaiseIrql,[Unknown],0x1403f9650
boost::serialization::extended_type_info::operator<,0.003000,0.003000,0.0,0.0,26955000,100.0,100.0,0.333333,frankycpp_v1.8.exe,boost::serialization::extended_type_info::operator<(class boost::serialization::extended_type_info const &),extended_type_info.cpp,0x1402ba150
"boost::serialization::singleton<class boost::archive::detail::iserializer<class boost::archive::binary_iarchive,class std::vector<class chess::Move,class std::allocator<class chess::Move> > > >::get_instance",0.003000,0.003000,0.0,0.0,2995000,100.0,100.0,0.0,frankycpp_v1.8.exe,"boost::serialization::singleton<class boost::archive::detail::iserializer<class boost::archive::binary_iarchive,class std::vector<class chess::Move,class std::allocator<class chess::Move> > > >::get_instance(void)",singleton.hpp,0x140290ac0
chess::Bitboard::operator bool,0.003000,0.003000,0.0,0.0,110815000,41.2,41.2,0.405405,frankycpp_v1.8.exe,chess::Bitboard::operator bool,bitboard.h,0x140263a12
chess::Bitboard::operator^=,0.003000,0.003000,0.0,0.0,50915000,,,0.294118,frankycpp_v1.8.exe,chess::Bitboard::operator^=,bitboard.h,0x14029e7ec
chess::Bitboard::operator|=,0.003000,0.003000,0.0,0.0,14975000,,,0.200000,frankycpp_v1.8.exe,chess::Bitboard::operator|=,bitboard.h,0x14026a0a8
chess::Bitboard::popLSB,0.003000,0.003000,0.0,0.0,38935000,63.9,63.9,0.692308,frankycpp_v1.8.exe,chess::Bitboard::popLSB,bitboard.h,0x14026a3b1
chess::CastlingRights::isEmpty,0.003000,0.003000,0.0,0.0,14975000,20.7,20.7,0.400000,frankycpp_v1.8.exe,chess::CastlingRights::isEmpty,castlingrights.h,0x14025bcd3
chess::Direction::pawnPush,0.003000,0.003000,0.0,0.0,5990000,22.9,22.9,1.000000,frankycpp_v1.8.exe,chess::Direction::pawnPush,direction.h,0x140263793
chess::Move::encode,0.003000,0.003000,0.0,0.0,11980000,80.0,80.0,2.250000,frankycpp_v1.8.exe,chess::Move::encode,move.h,0x140263732
chess::Move::operator==,0.003000,0.003000,0.0,0.0,44925000,47.7,47.7,0.400000,frankycpp_v1.8.exe,chess::Move::operator==,PVTable.h,0x1402211e0
chess::Move::operator==,0.003000,0.003000,0.0,0.0,5990000,35.3,35.3,2.500000,frankycpp_v1.8.exe,chess::Move::operator==,PVTable.h,0x140260fc3
chess::Move::to,0.003000,0.003000,0.0,0.0,68885000,61.7,61.7,0.304348,frankycpp_v1.8.exe,chess::Move::to,move.h,0x14022053a
chess::MoveGenerator::generateCastling,0.003000,0.003000,0.0,0.0,59900000,18.5,18.5,0.350000,frankycpp_v1.8.exe,"chess::MoveGenerator::generateCastling(class chess::Position const &,class chess::StaticMoveList<256> *,enum chess::GenMode)",MoveGenerator.cpp,0x140264080
chess::Position::clearEnPassant,0.003000,0.003000,0.0,0.0,44925000,46.5,46.5,0.266667,frankycpp_v1.8.exe,chess::Position::clearEnPassant,Position.cpp,0x14025bc83
chess::Position::getEnPassantSquare,0.003000,0.003000,0.0,0.0,14975000,10.7,10.7,1.400000,frankycpp_v1.8.exe,chess::Position::getEnPassantSquare,Position.h,0x14029e9a4
chess::Position::getLastMove,0.003000,0.003000,0.0,0.0,44925000,80.0,80.0,0.266667,frankycpp_v1.8.exe,chess::Position::getLastMove,Position.h,0x140220a8f
chess::Position::getPieceBb,0.003000,0.003000,0.0,0.0,38935000,64.4,64.4,0.307692,frankycpp_v1.8.exe,chess::Position::getPieceBb,Position.h,0x14029ea1d
chess::Position::isLegalMove,0.003000,0.003000,0.0,0.0,38935000,78.5,78.5,0.384615,frankycpp_v1.8.exe,chess::Position::isLegalMove(class chess::Move),Position.cpp,0x14025c800
chess::Square::rank,0.003000,0.003000,0.0,0.0,38935000,,,0.384615,frankycpp_v1.8.exe,chess::Square::rank,square.h,0x14026a1e2
chess::Value::{ctor},0.003000,0.003000,0.0,0.0,20965000,16.7,16.7,0.142857,frankycpp_v1.8.exe,chess::Value::{ctor},value.h,0x14021fa3d
chess::operator&,0.003000,0.003000,0.0,0.0,23960000,51.2,51.2,0.250000,frankycpp_v1.8.exe,chess::operator&,bitboard.h,0x14026a028
chess::operator&,0.003000,0.003000,0.0,0.0,35940000,38.3,38.3,0.916667,frankycpp_v1.8.exe,chess::operator&,bitboard.h,0x14025c42f
chess::operator&,0.003000,0.003000,0.0,0.0,20965000,40.6,40.6,0.571429,frankycpp_v1.8.exe,chess::operator&,bitboard.h,0x14029e91e
chess::operator&,0.003000,0.003000,0.0,0.0,44925000,85.2,85.2,0.333333,frankycpp_v1.8.exe,chess::operator&,bitboard.h,0x1402637d5
chess::operator&,0.003000,0.003000,0.0,0.0,29950000,44.7,44.7,0.700000,frankycpp_v1.8.exe,chess::operator&,bitboard.h,0x14022052f
chess::operator&,0.003000,0.003000,0.0,0.0,62895000,49.7,49.7,0.571429,frankycpp_v1.8.exe,chess::operator&,bitboard.h,0x140261331
chess::operator&,0.003000,0.003000,0.0,0.0,29950000,52.2,52.2,0.200000,frankycpp_v1.8.exe,chess::operator&,bitboard.h,0x14026a7eb
chess::operator+,0.003000,0.003000,0.0,0.0,50915000,,,0.470588,frankycpp_v1.8.exe,chess::operator+,direction.h,0x14025c2e5
chess::operator+=,0.003000,0.003000,0.0,0.0,29950000,,,0.200000,frankycpp_v1.8.exe,chess::operator+=,value.h,0x14026b1c7
chess::operator-,0.003000,0.003000,0.0,0.0,0,2.8,2.8,,frankycpp_v1.8.exe,chess::operator-,value.h,0x1402207e3
chess::operator-,0.003000,0.003000,0.0,0.0,26955000,,,0.888889,frankycpp_v1.8.exe,chess::operator-,value.h,0x140263fb5
chess::operator-,0.003000,0.003000,0.0,0.0,38935000,41.9,41.9,0.538462,frankycpp_v1.8.exe,chess::operator-,value.h,0x140264032
chess::operator>,0.003000,0.003000,0.0,0.0,119800000,44.1,44.1,0.300000,frankycpp_v1.8.exe,chess::operator>,value.h,0x14021faa1
chess::operator|,0.003000,0.003000,0.0,0.0,146755000,50.3,50.3,0.326531,frankycpp_v1.8.exe,chess::operator|,bitboard.h,0x14029e6a7
chess::operator|,0.003000,0.003000,0.0,0.0,152745000,93.2,93.2,0.352941,frankycpp_v1.8.exe,chess::operator|,bitboard.h,0x14025c3de
chess::operator~,0.003000,0.003000,0.0,0.0,20965000,36.4,36.4,0.857143,frankycpp_v1.8.exe,chess::operator~,color.h,0x14025c15d
chess::typeOf,0.003000,0.003000,0.0,0.0,83860000,,,0.178571,frankycpp_v1.8.exe,chess::typeOf,piece.h,0x14026305b
engine::Search::thread,0.003000,0.003000,0.0,0.0,38935000,16.5,16.5,0.230769,frankycpp_v1.8.exe,engine::Search::thread,Search.h,0x14021faff
engine::Search::thread,0.003000,0.003000,0.0,0.0,71880000,21.3,21.3,0.208333,frankycpp_v1.8.exe,engine::Search::thread,Search.h,0x140221418
engine::TT::getClusterIndex,0.003000,0.003000,0.0,0.0,32945000,13.8,13.8,1.272727,frankycpp_v1.8.exe,engine::TT::getClusterIndex,TT.h,0x14026d3a1
func@0x140012948,0.003000,0.003000,0.0,0.0,5990000,0.0,0.0,2.000000,usbxhci.sys,func@0x140012948,[Unknown],0x140012948
func@0x14001fcfc,0.003000,0.003000,0.0,0.0,0,0.0,0.0,0.0,netadaptercx.sys,func@0x14001fcfc,[Unknown],0x14001fcfc
func@0x140029970,0.003000,0.003000,0.0,0.0,2995000,0.0,0.0,2.000000,dxgmms2.sys,func@0x140029970,[Unknown],0x140029970
func@0x1400f9ec0,0.003000,0.003000,0.0,0.0,11980000,23.1,23.1,1.500000,nvlddmkm.sys,func@0x1400f9ec0,[Unknown],0x1400f9ec0
func@0x14011fad0,0.003000,0.003000,0.0,0.0,5990000,0.0,0.0,1.500000,nvlddmkm.sys,func@0x14011fad0,[Unknown],0x14011fad0
func@0x1402578c0,0.003000,0.003000,0.0,0.0,11980000,0.0,0.0,0.500000,ntoskrnl.exe,func@0x1402578c0,[Unknown],0x1402578c0
func@0x140289ad0,0.003000,0.003000,0.0,0.0,8985000,7.1,7.1,2.333333,ntoskrnl.exe,func@0x140289ad0,[Unknown],0x140289ad0
func@0x14029cf20,0.003000,0.003000,0.0,0.0,5990000,20.7,20.7,2.500000,ntoskrnl.exe,func@0x14029cf20,[Unknown],0x14029cf20
func@0x14029d1e0,0.003000,0.003000,0.0,0.0,11980000,,,1.500000,ntoskrnl.exe,func@0x14029d1e0,[Unknown],0x14029d1e0
func@0x14029dc10,0.003000,0.003000,0.0,0.0,17970000,21.8,21.8,1.166667,ntoskrnl.exe,func@0x14029dc10,[Unknown],0x14029dc10
func@0x1402b3a60,0.003000,0.003000,0.0,0.0,14975000,100.0,100.0,0.0,ntoskrnl.exe,func@0x1402b3a60,[Unknown],0x1402b3a60
func@0x1402ecb40,0.003000,0.003000,0.0,0.0,2995000,0.0,0.0,2.000000,ntoskrnl.exe,func@0x1402ecb40,[Unknown],0x1402ecb40
func@0x1402f91f0,0.003000,0.003000,0.0,0.0,26955000,21.7,21.7,0.666667,ntoskrnl.exe,func@0x1402f91f0,[Unknown],0x1402f91f0
func@0x140309a10,0.003000,0.003000,0.0,0.0,8985000,30.8,30.8,0.333333,nvlddmkm.sys,func@0x140309a10,[Unknown],0x140309a10
func@0x14033b990,0.003000,0.003000,0.0,0.0,5990000,15.8,15.8,0.500000,ntoskrnl.exe,func@0x14033b990,[Unknown],0x14033b990
func@0x1403993e0,0.003000,0.003000,0.0,0.0,11980000,8.1,8.1,3.500000,nvlddmkm.sys,func@0x1403993e0,[Unknown],0x1403993e0
func@0x1403b2b10,0.003000,0.003000,0.0,0.0,17970000,,,0.500000,ntoskrnl.exe,func@0x1403b2b10,[Unknown],0x1403b2b10
func@0x1403ceb90,0.003000,0.003000,0.0,0.0,2995000,25.0,25.0,3.000000,ntoskrnl.exe,func@0x1403ceb90,[Unknown],0x1403ceb90
func@0x1403d1820,0.003000,0.003000,0.0,0.0,8985000,0.0,0.0,1.333333,nvlddmkm.sys,func@0x1403d1820,[Unknown],0x1403d1820
func@0x1404e76a0,0.003000,0.003000,0.0,0.0,14975000,0.0,0.0,0.400000,ntoskrnl.exe,func@0x1404e76a0,[Unknown],0x1404e76a0
func@0x1406a4e50,0.003000,0.003000,0.0,0.0,8985000,25.8,25.8,2.000000,ntoskrnl.exe,func@0x1406a4e50,[Unknown],0x1406a4e50
func@0x1406b1f90,0.003000,0.003000,0.0,0.0,0,0.0,0.0,,ntoskrnl.exe,func@0x1406b1f90,[Unknown],0x1406b1f90
func@0x1406b92ae,0.003000,0.003000,0.0,0.0,2995000,15.8,15.8,14.000000,ntoskrnl.exe,func@0x1406b92ae,[Unknown],0x1406b92ae
func@0x18000bf37,0.003000,0.003000,0.0,0.0,0,0.0,0.0,,ntdll.dll,func@0x18000bf37,[Unknown],0x18000bf37
func@0x18001cd70,0.003000,0.003000,0.0,0.0,26955000,41.7,41.7,0.333333,ntdll.dll,func@0x18001cd70,[Unknown],0x18001cd70
func@0x180078da1,0.003000,0.003000,0.0,0.0,17970000,100.0,100.0,0.666667,ntdll.dll,func@0x180078da1,[Unknown],0x180078da1
"std::_Atomic_storage<unsigned __int64,8>::load",0.003000,0.003000,0.0,0.0,2995000,20.0,20.0,3.000000,frankycpp_v1.8.exe,"std::_Atomic_storage<unsigned __int64,8>::load",atomic,0x1402665d7
"std::array<chess::Bitboard,64>::operator[]",0.003000,0.003000,0.0,0.0,14975000,20.9,20.9,1.800000,frankycpp_v1.8.exe,"std::array<chess::Bitboard,64>::operator[]",array,0x14025d72e
"std::array<chess::Bitboard,64>::operator[]",0.003000,0.003000,0.0,0.0,80865000,25.6,25.6,0.481481,frankycpp_v1.8.exe,"std::array<chess::Bitboard,64>::operator[]",array,0x14026a7e4
std::max,0.003000,0.003000,0.0,0.0,23960000,53.1,53.1,0.375000,frankycpp_v1.8.exe,std::max,utility,0x140220d93
std::optional<engine::TT::Entry>::{ctor},0.003000,0.003000,0.0,0.0,0,,,,frankycpp_v1.8.exe,std::optional<engine::TT::Entry>::{ctor},optional,0x14026d63b
std::ranges::_Swap::_Cpo::operator(),0.003000,0.003000,0.0,0.0,11980000,12.5,12.5,0.750000,frankycpp_v1.8.exe,std::ranges::_Swap::_Cpo::operator(),concepts,0x1402644d2
std::ranges::_Swap::_Cpo::operator(),0.003000,0.003000,0.0,0.0,23960000,11.5,11.5,1.000000,frankycpp_v1.8.exe,std::ranges::_Swap::_Cpo::operator(),concepts,0x14026445e
std::ranges::_Swap::_Cpo::operator(),0.003000,0.003000,0.0,0.0,8985000,3.4,3.4,1.333333,frankycpp_v1.8.exe,std::ranges::_Swap::_Cpo::operator(),concepts,0x1402644fd
ExReleaseResourceLite,0.002000,0.002000,0.0,0.0,0,50.0,50.0,0.0,ntoskrnl.exe,ExReleaseResourceLite,[Unknown],0x14025b580
KeAcquireInStackQueuedSpinLock,0.002000,0.002000,0.0,0.0,0,7.7,7.7,,ntoskrnl.exe,KeAcquireInStackQueuedSpinLock,[Unknown],0x1402b1ca0
KeLowerIrql,0.002000,0.002000,0.0,0.0,17970000,16.3,16.3,1.500000,ntoskrnl.exe,KeLowerIrql,[Unknown],0x1403f5490
KeSetEvent,0.002000,0.002000,0.0,0.0,14975000,8.6,8.6,1.200000,ntoskrnl.exe,KeSetEvent,[Unknown],0x1402736d0
RtlFlsGetValue2,0.002000,0.002000,0.0,0.0,0,0.0,0.0,,ntdll.dll,RtlFlsGetValue2,[Unknown],0x1800d9f00
[mmcss.sys],0.002000,0.002000,0.0,0.0,0,0.0,0.0,0.0,mmcss.sys,[mmcss.sys],[Unknown],0x0
boost::archive::detail::basic_serializer::operator<,0.002000,0.002000,0.0,0.0,11980000,,,0.0,frankycpp_v1.8.exe,boost::archive::detail::basic_serializer::operator<,basic_serializer.hpp,0x1402af7d8
boost::archive::detail::basic_serializer::operator<,0.002000,0.002000,0.0,0.0,47920000,68.8,68.8,0.250000,frankycpp_v1.8.exe,boost::archive::detail::basic_serializer::operator<,basic_serializer.hpp,0x1402af793
"boost::serialization::singleton<class boost::archive::detail::iserializer<class boost::archive::binary_iarchive,class chess::Move> >::get_instance",0.002000,0.002000,0.0,0.0,5990000,100.0,100.0,1.000000,frankycpp_v1.8.exe,"boost::serialization::singleton<class boost::archive::detail::iserializer<class boost::archive::binary_iarchive,class chess::Move> >::get_instance(void)",singleton.hpp,0x140294890
boost::serialization::typeid_system::extended_type_info_typeid_0::is_less_than,0.002000,0.002000,0.0,0.0,23960000,100.0,100.0,0.0,frankycpp_v1.8.exe,boost::serialization::typeid_system::extended_type_info_typeid_0::is_less_than(class boost::serialization::extended_type_info const &),extended_type_info_typeid.cpp,0x1402b9360
chess::Bitboard::operator bool,0.002000,0.002000,0.0,0.0,35940000,64.5,64.5,0.500000,frankycpp_v1.8.exe,chess::Bitboard::operator bool,bitboard.h,0x14026a4ec
chess::Bitboard::operator bool,0.002000,0.002000,0.0,0.0,38935000,29.8,29.8,0.769231,frankycpp_v1.8.exe,chess::Bitboard::operator bool,bitboard.h,0x14026a217
chess::Bitboard::operator|=,0.002000,0.002000,0.0,0.0,77870000,,,0.192308,frankycpp_v1.8.exe,chess::Bitboard::operator|=,bitboard.h,0x14026a043
chess::Bitboard::operator|=,0.002000,0.002000,0.0,0.0,14975000,37.5,37.5,0.200000,frankycpp_v1.8.exe,chess::Bitboard::operator|=,bitboard.h,0x14026a021
chess::Bitboard::operator~,0.002000,0.002000,0.0,0.0,23960000,53.0,53.0,0.625000,frankycpp_v1.8.exe,chess::Bitboard::operator~,bitboard.h,0x140263cb4
chess::Direction::pawnPush,0.002000,0.002000,0.0,0.0,17970000,19.6,19.6,0.500000,frankycpp_v1.8.exe,chess::Direction::pawnPush,direction.h,0x14026399d
chess::Move::from,0.002000,0.002000,0.0,0.0,41930000,30.3,30.3,0.642857,frankycpp_v1.8.exe,chess::Move::from,move.h,0x14025b9bf
chess::Move::to,0.002000,0.002000,0.0,0.0,86855000,40.7,40.7,0.448276,frankycpp_v1.8.exe,chess::Move::to,move.h,0x14025c55e
chess::Move::type,0.002000,0.002000,0.0,0.0,35940000,6.2,6.2,0.666667,frankycpp_v1.8.exe,chess::Move::type,move.h,0x1402215f7
chess::Move::type,0.002000,0.002000,0.0,0.0,2995000,29.7,29.7,2.000000,frankycpp_v1.8.exe,chess::Move::type,move.h,0x140220a34
chess::Move::type,0.002000,0.002000,0.0,0.0,8985000,,,0.333333,frankycpp_v1.8.exe,chess::Move::type,move.h,0x140220553
chess::Move::{ctor},0.002000,0.002000,0.0,0.0,17970000,,,0.500000,frankycpp_v1.8.exe,chess::Move::{ctor},move.h,0x1402639c3
chess::Move::{ctor},0.002000,0.002000,0.0,0.0,11980000,5.9,5.9,0.250000,frankycpp_v1.8.exe,chess::Move::{ctor},move.h,0x14026370d
chess::Move::{ctor},0.002000,0.002000,0.0,0.0,8985000,100.0,100.0,0.666667,frankycpp_v1.8.exe,chess::Move::{ctor},move.h,0x1401a06b0
chess::MoveGenerator::resetOnDemand,0.002000,0.002000,0.0,0.0,0,0.0,0.0,,frankycpp_v1.8.exe,chess::MoveGenerator::resetOnDemand,MoveGenerator.h,0x1402166ec
chess::Position::clearEnPassant,0.002000,0.002000,0.0,0.0,8985000,,,0.0,frankycpp_v1.8.exe,chess::Position::clearEnPassant,Position.cpp,0x14025bb5f
chess::Position::getKingSquare,0.002000,0.002000,0.0,0.0,14975000,66.8,66.8,0.400000,frankycpp_v1.8.exe,chess::Position::getKingSquare,Position.h,0x14026a666
chess::Position::getPieceBb,0.002000,0.002000,0.0,0.0,53910000,58.6,58.6,0.333333,frankycpp_v1.8.exe,chess::Position::getPieceBb,Position.h,0x14029eaed
chess::Position::getPieceBb,0.002000,0.002000,0.0,0.0,41930000,25.3,25.3,0.642857,frankycpp_v1.8.exe,chess::Position::getPieceBb,Position.h,0x14026adae
chess::Position::isCapturingMove,0.002000,0.002000,0.0,0.0,29950000,77.8,77.8,0.400000,frankycpp_v1.8.exe,chess::Position::isCapturingMove,Position.h,0x1402208d0
chess::Square::file,0.002000,0.002000,0.0,0.0,17970000,,,1.166667,frankycpp_v1.8.exe,chess::Square::file,square.h,0x14025bd25
chess::StaticMoveList<256>::push_back,0.002000,0.002000,0.0,0.0,5990000,,,1.000000,frankycpp_v1.8.exe,chess::StaticMoveList<256>::push_back,staticmovelist.h,0x1402632cf
chess::StaticMoveList<256>::push_back,0.002000,0.002000,0.0,0.0,11980000,20.0,20.0,0.250000,frankycpp_v1.8.exe,chess::StaticMoveList<256>::push_back,staticmovelist.h,0x140263718
chess::StaticMoveList<256>::push_back,0.002000,0.002000,0.0,0.0,20965000,,,0.285714,frankycpp_v1.8.exe,chess::StaticMoveList<256>::push_back,staticmovelist.h,0x140263354
chess::StaticMoveList<256>::push_back,0.002000,0.002000,0.0,0.0,5990000,21.1,21.1,0.500000,frankycpp_v1.8.exe,chess::StaticMoveList<256>::push_back,staticmovelist.h,0x140260db0
chess::Value::{ctor},0.002000,0.002000,0.0,0.0,41930000,27.5,27.5,0.500000,frankycpp_v1.8.exe,chess::Value::{ctor},value.h,0x14021fa6f
chess::Value::{ctor},0.002000,0.002000,0.0,0.0,38935000,16.9,16.9,0.230769,frankycpp_v1.8.exe,chess::Value::{ctor},value.h,0x14029e8c0
chess::makePiece,0.002000,0.002000,0.0,0.0,14975000,0.0,0.0,0.0,frankycpp_v1.8.exe,chess::makePiece,piece.h,0x14025bcab
chess::moveValueGreaterComparator::operator(),0.002000,0.002000,0.0,0.0,0,0.0,0.0,,frankycpp_v1.8.exe,chess::moveValueGreaterComparator::operator(),move.h,0x140264414
chess::operator&,0.002000,0.002000,0.0,0.0,56905000,43.2,43.2,0.315789,frankycpp_v1.8.exe,chess::operator&,bitboard.h,0x14026a048
chess::operator&,0.002000,0.002000,0.0,0.0,23960000,38.9,38.9,0.750000,frankycpp_v1.8.exe,chess::operator&,bitboard.h,0x14026b24c
chess::operator&,0.002000,0.002000,0.0,0.0,50915000,28.8,28.8,0.764706,frankycpp_v1.8.exe,chess::operator&,bitboard.h,0x14025c254
chess::operator&,0.002000,0.002000,0.0,0.0,14975000,,,0.400000,frankycpp_v1.8.exe,chess::operator&,bitboard.h,0x14026ab9c
chess::operator&,0.002000,0.002000,0.0,0.0,2995000,9.1,9.1,0.0,frankycpp_v1.8.exe,chess::operator&,bitboard.h,0x140264123
chess::operator&,0.002000,0.002000,0.0,0.0,23960000,31.9,31.9,0.625000,frankycpp_v1.8.exe,chess::operator&,bitboard.h,0x140269fc9
chess::operator&,0.002000,0.002000,0.0,0.0,23960000,,,0.125000,frankycpp_v1.8.exe,chess::operator&,bitboard.h,0x14029ea80
chess::operator&,0.002000,0.002000,0.0,0.0,2995000,0.0,0.0,2.000000,frankycpp_v1.8.exe,chess::operator&,bitboard.h,0x140261370
chess::operator+,0.002000,0.002000,0.0,0.0,0,0.0,0.0,,frankycpp_v1.8.exe,chess::operator+,depth.h,0x140220693
chess::operator+=,0.002000,0.002000,0.0,0.0,14975000,,,0.200000,frankycpp_v1.8.exe,chess::operator+=,value.h,0x14026a836
chess::operator+=,0.002000,0.002000,0.0,0.0,5990000,65.8,65.8,2.500000,frankycpp_v1.8.exe,chess::operator+=,value.h,0x14026a59d
chess::operator+=,0.002000,0.002000,0.0,0.0,2995000,,,2.000000,frankycpp_v1.8.exe,chess::operator+=,value.h,0x14026a257
chess::operator-=,0.002000,0.002000,0.0,0.0,5990000,,,0.0,frankycpp_v1.8.exe,chess::operator-=,depth.h,0x14022044c
chess::operator|,0.002000,0.002000,0.0,0.0,29950000,42.2,42.2,0.300000,frankycpp_v1.8.exe,chess::operator|,bitboard.h,0x1402637a8
chess::operator|,0.002000,0.002000,0.0,0.0,17970000,,,0.166667,frankycpp_v1.8.exe,chess::operator|,bitboard.h,0x14026a040
chess::operator|,0.002000,0.002000,0.0,0.0,26955000,5.0,5.0,1.222222,frankycpp_v1.8.exe,chess::operator|,bitboard.h,0x140261102
chess::operator~,0.002000,0.002000,0.0,0.0,26955000,,,0.0,frankycpp_v1.8.exe,chess::operator~,color.h,0x14022052b
chess::operator~,0.002000,0.002000,0.0,0.0,8985000,9.0,9.0,0.666667,frankycpp_v1.8.exe,chess::operator~,color.h,0x14025c19d
chess::operator~,0.002000,0.002000,0.0,0.0,17970000,,,0.0,frankycpp_v1.8.exe,chess::operator~,color.h,0x1402209c8
chess::typeOf,0.002000,0.002000,0.0,0.0,11980000,60.0,60.0,0.500000,frankycpp_v1.8.exe,chess::typeOf,piece.h,0x140263e6d
engine::PVTable::update,0.002000,0.002000,0.0,0.0,8985000,25.7,25.7,1.333333,frankycpp_v1.8.exe,"engine::PVTable::update(class chess::Move,enum chess::Depth)",PVTable.h,0x140213c80
engine::PawnTT::getHash,0.002000,0.002000,0.0,0.0,8985000,0.0,0.0,0.333333,frankycpp_v1.8.exe,engine::PawnTT::getHash,PawnTT.h,0x14026a2bd
engine::PlyInfo::resetSearchState,0.002000,0.002000,0.0,0.0,0,0.0,0.0,0.0,frankycpp_v1.8.exe,engine::PlyInfo::resetSearchState,PlyInfo.h,0x140216240
engine::Search::rootSearch,0.002000,0.002000,0.0,0.0,5990000,47.1,47.1,2.000000,frankycpp_v1.8.exe,"engine::Search::rootSearch(class chess::Position &,enum chess::Depth,class chess::Value,class chess::Value,int)",Search.cpp,0x14021ee80
func@0x1400040c0,0.002000,0.002000,0.0,0.0,0,0.0,0.0,,usbxhci.sys,func@0x1400040c0,[Unknown],0x1400040c0
func@0x14002a240,0.002000,0.002000,0.0,0.0,0,0.0,0.0,0.0,dxgmms2.sys,func@0x14002a240,[Unknown],0x14002a240
func@0x140103210,0.002000,0.002000,0.0,0.0,2995000,30.0,30.0,2.000000,nvlddmkm.sys,func@0x140103210,[Unknown],0x140103210
func@0x140103bb0,0.002000,0.002000,0.0,0.0,0,50.0,50.0,,nvlddmkm.sys,func@0x140103bb0,[Unknown],0x140103bb0
func@0x140106260,0.002000,0.002000,0.0,0.0,2995000,33.3,33.3,0.0,nvlddmkm.sys,func@0x140106260,[Unknown],0x140106260
func@0x14011f200,0.002000,0.002000,0.0,0.0,0,12.5,12.5,,nvlddmkm.sys,func@0x14011f200,[Unknown],0x14011f200
func@0x140124f20,0.002000,0.002000,0.0,0.0,0,0.0,0.0,,nvlddmkm.sys,func@0x140124f20,[Unknown],0x140124f20
func@0x140127260,0.002000,0.002000,0.0,0.0,5990000,100.0,100.0,0.0,nvlddmkm.sys,func@0x140127260,[Unknown],0x140127260
func@0x140169520,0.002000,0.002000,0.0,0.0,0,0.0,0.0,,nvlddmkm.sys,func@0x140169520,[Unknown],0x140169520
func@0x140202565,0.002000,0.002000,0.0,0.0,8985000,37.5,37.5,0.333333,ntoskrnl.exe,func@0x140202565,[Unknown],0x140202565
func@0x14020fa80,0.002000,0.002000,0.0,0.0,5990000,0.0,0.0,2.500000,ntoskrnl.exe,func@0x14020fa80,[Unknown],0x14020fa80
func@0x140213020,0.002000,0.002000,0.0,0.0,0,0.0,0.0,0.0,ntoskrnl.exe,func@0x140213020,[Unknown],0x140213020
func@0x1402582b0,0.002000,0.002000,0.0,0.0,11980000,21.1,21.1,0.750000,ntoskrnl.exe,func@0x1402582b0,[Unknown],0x1402582b0
func@0x140273826,0.002000,0.002000,0.0,0.0,2995000,0.0,0.0,5.000000,ntoskrnl.exe,func@0x140273826,[Unknown],0x140273826
func@0x140279b30,0.002000,0.002000,0.0,0.0,17970000,66.7,66.7,0.333333,nvlddmkm.sys,func@0x140279b30,[Unknown],0x140279b30
func@0x140295e18,0.002000,0.002000,0.0,0.0,14975000,,,0.400000,ntoskrnl.exe,func@0x140295e18,[Unknown],0x140295e18
func@0x140296150,0.002000,0.002000,0.0,0.0,0,0.0,0.0,0.0,ntoskrnl.exe,func@0x140296150,[Unknown],0x140296150
func@0x140299590,0.002000,0.002000,0.0,0.0,5990000,,,0.0,ntoskrnl.exe,func@0x140299590,[Unknown],0x140299590
func@0x1402997f0,0.002000,0.002000,0.0,0.0,5990000,3.5,3.5,2.000000,ntoskrnl.exe,func@0x1402997f0,[Unknown],0x1402997f0
func@0x14029a67b,0.002000,0.002000,0.0,0.0,5990000,22.7,22.7,1.500000,ntoskrnl.exe,func@0x14029a67b,[Unknown],0x14029a67b
func@0x1402c6e30,0.002000,0.002000,0.0,0.0,0,0.0,0.0,,ntoskrnl.exe,func@0x1402c6e30,[Unknown],0x1402c6e30
func@0x140309300,0.002000,0.002000,0.0,0.0,8985000,36.4,36.4,1.666667,nvlddmkm.sys,func@0x140309300,[Unknown],0x140309300
func@0x14031dfd0,0.002000,0.002000,0.0,0.0,2995000,0.0,0.0,1.000000,ntoskrnl.exe,func@0x14031dfd0,[Unknown],0x14031dfd0
func@0x14033b770,0.002000,0.002000,0.0,0.0,0,10.0,10.0,,ntoskrnl.exe,func@0x14033b770,[Unknown],0x14033b770
func@0x1403b5b08,0.002000,0.002000,0.0,0.0,8985000,17.4,17.4,0.333333,ntoskrnl.exe,func@0x1403b5b08,[Unknown],0x1403b5b08
func@0x1403c6090,0.002000,0.002000,0.0,0.0,0,50.0,50.0,,ntoskrnl.exe,func@0x1403c6090,[Unknown],0x1403c6090
func@0x1403c8fb0,0.002000,0.002000,0.0,0.0,0,0.0,0.0,0.0,ntoskrnl.exe,func@0x1403c8fb0,[Unknown],0x1403c8fb0
func@0x1403d66b0,0.002000,0.002000,0.0,0.0,0,63.2,63.2,,ntoskrnl.exe,func@0x1403d66b0,[Unknown],0x1403d66b0
func@0x1403f2040,0.002000,0.002000,0.0,0.0,0,0.0,0.0,,ntoskrnl.exe,func@0x1403f2040,[Unknown],0x1403f2040
func@0x14040f6d0,0.002000,0.002000,0.0,0.0,2995000,7.0,7.0,10.000000,ntoskrnl.exe,func@0x14040f6d0,[Unknown],0x14040f6d0
func@0x140438770,0.002000,0.002000,0.0,0.0,23960000,35.6,35.6,0.875000,ntoskrnl.exe,func@0x140438770,[Unknown],0x140438770
func@0x14047ac87,0.002000,0.002000,0.0,0.0,0,0.0,0.0,,ntoskrnl.exe,func@0x14047ac87,[Unknown],0x14047ac87
func@0x1404e7860,0.002000,0.002000,0.0,0.0,8985000,,,0.0,ntoskrnl.exe,func@0x1404e7860,[Unknown],0x1404e7860
func@0x1405dfe10,0.002000,0.002000,0.0,0.0,8985000,,,1.333333,ntoskrnl.exe,func@0x1405dfe10,[Unknown],0x1405dfe10
func@0x1406b0760,0.002000,0.002000,0.0,0.0,0,5.9,5.9,0.0,ntoskrnl.exe,func@0x1406b0760,[Unknown],0x1406b0760
func@0x14073cbd0,0.002000,0.002000,0.0,0.0,0,0.0,0.0,,nvlddmkm.sys,func@0x14073cbd0,[Unknown],0x14073cbd0
func@0x140c31d30,0.002000,0.002000,0.0,0.0,0,40.0,40.0,,nvlddmkm.sys,func@0x140c31d30,[Unknown],0x140c31d30
func@0x140c9b9b0,0.002000,0.002000,0.0,0.0,0,0.0,0.0,0.0,nvlddmkm.sys,func@0x140c9b9b0,[Unknown],0x140c9b9b0
func@0x140cbb800,0.002000,0.002000,0.0,0.0,0,0.0,0.0,,nvlddmkm.sys,func@0x140cbb800,[Unknown],0x140cbb800
func@0x140d0a490,0.002000,0.002000,0.0,0.0,0,50.0,50.0,0.0,nvlddmkm.sys,func@0x140d0a490,[Unknown],0x140d0a490
func@0x140d0e0e0,0.002000,0.002000,0.0,0.0,5990000,66.7,66.7,0.500000,nvlddmkm.sys,func@0x140d0e0e0,[Unknown],0x140d0e0e0
func@0x140d0e700,0.002000,0.002000,0.0,0.0,0,0.0,0.0,0.0,nvlddmkm.sys,func@0x140d0e700,[Unknown],0x140d0e700
func@0x140d38eb0,0.002000,0.002000,0.0,0.0,0,0.0,0.0,0.0,nvlddmkm.sys,func@0x140d38eb0,[Unknown],0x140d38eb0
func@0x180050860,0.002000,0.002000,0.0,0.0,0,0.0,0.0,0.0,cng.sys,func@0x180050860,[Unknown],0x180050860
"std::_Atomic_storage<unsigned __int64,8>::load",0.002000,0.002000,0.0,0.0,0,3.3,3.3,,frankycpp_v1.8.exe,"std::_Atomic_storage<unsigned __int64,8>::load",atomic,0x14026738b
"std::_List_node<std::pair<unsigned __int64 const ,book::BookEntry>,void *>::_Freenode",0.002000,0.002000,0.0,0.0,2995000,3.6,3.6,4.000000,frankycpp_v1.8.exe,"std::_List_node<std::pair<unsigned __int64 const ,book::BookEntry>,void *>::_Freenode",list,0x140239d73
"std::array<chess::HistoryState,1024>::operator[]",0.002000,0.002000,0.0,0.0,8985000,0.0,0.0,0.333333,frankycpp_v1.8.exe,"std::array<chess::HistoryState,1024>::operator[]",array,0x14025c1a0
"std::array<chess::HistoryState,1024>::operator[]",0.002000,0.002000,0.0,0.0,8985000,50.0,50.0,0.333333,frankycpp_v1.8.exe,"std::array<chess::HistoryState,1024>::operator[]",array,0x14025c0d7
std::atomic<unsigned __int64>::{ctor},0.002000,0.002000,0.0,0.0,38935000,68.2,68.2,0.230769,frankycpp_v1.8.exe,std::atomic<unsigned __int64>::{ctor},atomic,0x14026dd70
"std::basic_filebuf<char,struct std::char_traits<char> >::xsgetn",0.002000,0.002000,0.0,0.0,26955000,57.1,57.1,0.0,frankycpp_v1.8.exe,"std::basic_filebuf<char,struct std::char_traits<char> >::xsgetn(char * __ptr64,__int64)",__msvc_filebuf.hpp,0x14011a550
std::countr_zero,0.002000,0.002000,0.0,0.0,11980000,,,0.0,frankycpp_v1.8.exe,std::countr_zero,bit,0x1402639b7
std::countr_zero,0.002000,0.002000,0.0,0.0,62895000,63.6,63.6,0.285714,frankycpp_v1.8.exe,std::countr_zero,bit,0x14029e968
std::max,0.002000,0.002000,0.0,0.0,2995000,26.1,26.1,1.000000,frankycpp_v1.8.exe,std::max,utility,0x14021f37c
std::popcount,0.002000,0.002000,0.0,0.0,32945000,48.0,48.0,0.363636,frankycpp_v1.8.exe,std::popcount,bit,0x14025c9b9
"std::ranges::_Med3_common<chess::Move *,chess::moveValueGreaterComparator,std::identity>",0.002000,0.002000,0.0,0.0,29950000,27.5,27.5,1.000000,frankycpp_v1.8.exe,"std::ranges::_Med3_common<chess::Move *,chess::moveValueGreaterComparator,std::identity>(class chess::Move *, class chess::Move *, class chess::Move *, struct chess::moveValueGreaterComparator, struct std::identity)",algorithm,0x140265100
EtwEventEnabled,0.001000,0.001000,0.0,0.0,2995000,0.0,0.0,0.0,ntoskrnl.exe,EtwEventEnabled,[Unknown],0x140322d70
EtwWriteEx,0.001000,0.001000,0.0,0.0,2995000,0.0,0.0,3.000000,ntoskrnl.exe,EtwWriteEx,[Unknown],0x14025a7b0
GetLastError,0.001000,0.001000,0.0,0.0,0,0.0,0.0,0.0,kernel32.dll,GetLastError,[Unknown],0x180018640
IoAcquireRemoveLockEx,0.001000,0.001000,0.0,0.0,0,0.0,0.0,0.0,ntoskrnl.exe,IoAcquireRemoveLockEx,[Unknown],0x14042a550
IoGetBaseFileSystemDeviceObject,0.001000,0.001000,0.0,0.0,0,0.0,0.0,0.0,ntoskrnl.exe,IoGetBaseFileSystemDeviceObject,[Unknown],0x1403a8240
IoReleaseRemoveLockEx,0.001000,0.001000,0.0,0.0,0,0.0,0.0,0.0,ntoskrnl.exe,IoReleaseRemoveLockEx,[Unknown],0x140271740
KeAcquireSpinLockRaiseToDpc,0.001000,0.001000,0.0,0.0,23960000,47.4,47.4,1.125000,ntoskrnl.exe,KeAcquireSpinLockRaiseToDpc,[Unknown],0x140255c50
KeEnumerateNextProcessor,0.001000,0.001000,0.0,0.0,14975000,,,0.400000,ntoskrnl.exe,KeEnumerateNextProcessor,[Unknown],0x140405530
KeReleaseInStackQueuedSpinLock,0.001000,0.001000,0.0,0.0,5990000,100.0,100.0,0.500000,ntoskrnl.exe,KeReleaseInStackQueuedSpinLock,[Unknown],0x140276e00
KeReleaseInStackQueuedSpinLockFromDpcLevel,0.001000,0.001000,0.0,0.0,0,8.3,8.3,,ntoskrnl.exe,KeReleaseInStackQueuedSpinLockFromDpcLevel,[Unknown],0x14031b620
OpenCacheKeyEx,0.001000,0.001000,0.0,0.0,0,0.0,0.0,0.0,win32kbase.sys,OpenCacheKeyEx,[Unknown],0x14009f860
RtlAllocateHeap,0.001000,0.001000,0.0,0.0,2995000,18.2,18.2,3.000000,ntdll.dll,RtlAllocateHeap,[Unknown],0x18001c240
RtlLookupElementGenericTable,0.001000,0.001000,0.0,0.0,0,0.0,0.0,0.0,ntoskrnl.exe,RtlLookupElementGenericTable,[Unknown],0x14024a750
RtlNumberOfSetBitsEx,0.001000,0.001000,0.0,0.0,11980000,18.5,18.5,1.250000,ntoskrnl.exe,RtlNumberOfSetBitsEx,[Unknown],0x140410170
RtlQueryPerformanceCounter,0.001000,0.001000,0.0,0.0,0,0.0,0.0,,ntdll.dll,RtlQueryPerformanceCounter,[Unknown],0x180084670
RtlRestoreLastWin32Error,0.001000,0.001000,0.0,0.0,0,0.0,0.0,0.0,ntdll.dll,RtlRestoreLastWin32Error,[Unknown],0x180060700
YAML::RegEx::MatchUnchecked<class YAML::StreamCharSource>,0.001000,0.001000,0.0,0.0,2995000,0.0,0.0,0.0,frankycpp_v1.8.exe,YAML::RegEx::MatchUnchecked<class YAML::StreamCharSource>(class YAML::StreamCharSource const &),regeximpl.h,0x1402f3050
[Import thunk memcpy],0.001000,0.001000,0.0,0.0,14975000,100.0,100.0,0.600000,frankycpp_v1.8.exe,[Import thunk memcpy],[Unknown],0x14061b8c2
[dbghelp.dll],0.001000,0.001000,0.0,0.0,0,0.0,0.0,0.0,dbghelp.dll,[dbghelp.dll],[Unknown],0x0
[dxgmms2.sys],0.001000,0.001000,0.0,0.0,0,0.0,0.0,0.0,dxgmms2.sys,[dxgmms2.sys],[Unknown],0x0
__builtin_array_init_helper<class chess::Move>,0.001000,0.001000,0.0,0.0,2995000,,,3.000000,frankycpp_v1.8.exe,"__builtin_array_init_helper<class chess::Move>(class chess::Move *,unsigned __int64)",[Unknown],0x1401a06a0
_chkstk,0.001000,0.001000,0.0,0.0,0,14.8,14.8,,frankycpp_v1.8.exe,_chkstk,chkstk.asm,0x14061aa50
`vector constructor iterator',0.001000,0.001000,0.0,0.0,29950000,68.8,68.8,0.300000,frankycpp_v1.8.exe,"`vector constructor iterator'(void *,unsigned __int64,unsigned __int64,void * (*)(void *))",[Unknown],0x14010f320
boost::archive::basic_binary_iarchive<boost::archive::binary_iarchive>::load_override,0.001000,0.001000,0.0,0.0,0,0.0,0.0,0.0,frankycpp_v1.8.exe,boost::archive::basic_binary_iarchive<boost::archive::binary_iarchive>::load_override,basic_binary_iarchive.hpp,0x140288c8f
boost::archive::detail::basic_iarchive_impl::load_object,0.001000,0.001000,0.0,0.0,17970000,50.0,50.0,0.500000,frankycpp_v1.8.exe,boost::archive::detail::basic_iarchive_impl::load_object,basic_iarchive.cpp,0x1402aef21
boost::archive::detail::basic_iarchive_impl::register_type,0.001000,0.001000,0.0,0.0,71880000,100.0,100.0,0.166667,frankycpp_v1.8.exe,boost::archive::detail::basic_iarchive_impl::register_type(class boost::archive::detail::basic_iserializer const &),basic_iarchive.cpp,0x1402af740
"boost::archive::detail::iserializer<class boost::archive::binary_iarchive,class chess::Move>::load_object_data",0.001000,0.001000,0.0,0.0,5990000,100.0,100.0,0.500000,frankycpp_v1.8.exe,"boost::archive::detail::iserializer<class boost::archive::binary_iarchive,class chess::Move>::load_object_data(class boost::archive::detail::basic_iarchive &,void *,unsigned int)",iserializer.hpp,0x140294590
"boost::archive::detail::iserializer<class boost::archive::binary_iarchive,class std::vector<class chess::Move,class std::allocator<class chess::Move> > >::load_object_data",0.001000,0.001000,0.0,0.0,2995000,,,0.0,frankycpp_v1.8.exe,"boost::archive::detail::iserializer<class boost::archive::binary_iarchive,class std::vector<class chess::Move,class std::allocator<class chess::Move> > >::load_object_data(class boost::archive::detail::basic_iarchive &,void *,unsigned int)",iserializer.hpp,0x1402901e0
boost::archive::version_type::{ctor},0.001000,0.001000,0.0,0.0,5990000,0.0,0.0,0.0,frankycpp_v1.8.exe,boost::archive::version_type::{ctor},basic_archive.hpp,0x140290a60
boost::serialization::collection_size_type::{ctor},0.001000,0.001000,0.0,0.0,0,0.0,0.0,0.0,frankycpp_v1.8.exe,boost::serialization::collection_size_type::{ctor},collection_size_type.hpp,0x14029033a
"boost::serialization::free_loader<boost::archive::binary_iarchive,boost::serialization::nvp<boost::serialization::collection_size_type> >::invoke",0.001000,0.001000,0.0,0.0,2995000,,,0.0,frankycpp_v1.8.exe,"boost::serialization::free_loader<boost::archive::binary_iarchive,boost::serialization::nvp<boost::serialization::collection_size_type> >::invoke",split_free.hpp,0x1402929a3
"boost::serialization::free_loader<boost::archive::binary_iarchive,boost::serialization::nvp<int> >::invoke",0.001000,0.001000,0.0,0.0,0,0.0,0.0,,frankycpp_v1.8.exe,"boost::serialization::free_loader<boost::archive::binary_iarchive,boost::serialization::nvp<int> >::invoke",split_free.hpp,0x14028d065
"boost::serialization::load<class boost::archive::binary_iarchive,class boost::serialization::collection_size_type>",0.001000,0.001000,0.0,0.0,5990000,100.0,100.0,0.500000,frankycpp_v1.8.exe,"boost::serialization::load<class boost::archive::binary_iarchive,class boost::serialization::collection_size_type>(class boost::archive::binary_iarchive &,class boost::serialization::nvp<class boost::serialization::collection_size_type> &,unsigned int)",nvp.hpp,0x140288d70
"boost::serialization::load<class boost::archive::binary_iarchive,struct std::pair<unsigned __int64 const ,class book::BookEntry> >",0.001000,0.001000,0.0,0.0,0,0.0,0.0,0.0,frankycpp_v1.8.exe,"boost::serialization::load<class boost::archive::binary_iarchive,struct std::pair<unsigned __int64 const ,class book::BookEntry> >(class boost::archive::binary_iarchive &,class boost::serialization::nvp<struct std::pair<unsigned __int64 const ,class book::BookEntry> > &,unsigned int)",nvp.hpp,0x1402893b0
"boost::serialization::load<class boost::archive::binary_iarchive,unsigned __int64,class std::allocator<unsigned __int64> >",0.001000,0.001000,0.0,0.0,14975000,50.0,50.0,0.0,frankycpp_v1.8.exe,"boost::serialization::load<class boost::archive::binary_iarchive,unsigned __int64,class std::allocator<unsigned __int64> >(class boost::archive::binary_iarchive &,class std::vector<unsigned __int64,class std::allocator<unsigned __int64> > &,unsigned int,struct boost::mpl::bool_<1>)",vector.hpp,0x140292940
boost::serialization::nvp<boost::serialization::collection_size_type>::{ctor},0.001000,0.001000,0.0,0.0,2995000,,,0.0,frankycpp_v1.8.exe,boost::serialization::nvp<boost::serialization::collection_size_type>::{ctor},nvp.hpp,0x14029297c
chess::Bitboard::lsb,0.001000,0.001000,0.0,0.0,20965000,,,0.0,frankycpp_v1.8.exe,chess::Bitboard::lsb,bitboard.h,0x14026304a
chess::Bitboard::operator bool,0.001000,0.001000,0.0,0.0,38935000,46.7,46.7,0.538462,frankycpp_v1.8.exe,chess::Bitboard::operator bool,bitboard.h,0x14026a100
chess::Bitboard::operator bool,0.001000,0.001000,0.0,0.0,14975000,4.4,4.4,0.600000,frankycpp_v1.8.exe,chess::Bitboard::operator bool,bitboard.h,0x1402638c6
chess::Bitboard::operator|=,0.001000,0.001000,0.0,0.0,29950000,45.0,45.0,0.300000,frankycpp_v1.8.exe,chess::Bitboard::operator|=,bitboard.h,0x14025c5ed
chess::Bitboard::popLSB,0.001000,0.001000,0.0,0.0,2995000,,,1.000000,frankycpp_v1.8.exe,chess::Bitboard::popLSB,bitboard.h,0x1402632a5
chess::Bitboard::popLSB,0.001000,0.001000,0.0,0.0,14975000,17.2,17.2,0.400000,frankycpp_v1.8.exe,chess::Bitboard::popLSB,bitboard.h,0x14026b030
chess::Bitboard::popLSB,0.001000,0.001000,0.0,0.0,17970000,0.0,0.0,0.0,frankycpp_v1.8.exe,chess::Bitboard::popLSB,bitboard.h,0x1402633f3
chess::Bitboard::popLSB,0.001000,0.001000,0.0,0.0,5990000,0.0,0.0,0.0,frankycpp_v1.8.exe,chess::Bitboard::popLSB,bitboard.h,0x14026a110
chess::Bitboard::popLSB,0.001000,0.001000,0.0,0.0,14975000,35.6,35.6,0.600000,frankycpp_v1.8.exe,chess::Bitboard::popLSB,bitboard.h,0x140269a30
chess::CastlingRights::isEmpty,0.001000,0.001000,0.0,0.0,5990000,16.7,16.7,0.0,frankycpp_v1.8.exe,chess::CastlingRights::isEmpty,castlingrights.h,0x14025bc37
chess::Color::{ctor},0.001000,0.001000,0.0,0.0,0,,,0.0,frankycpp_v1.8.exe,chess::Color::{ctor},color.h,0x1402610d6
chess::Move::encode,0.001000,0.001000,0.0,0.0,8985000,16.7,16.7,0.333333,frankycpp_v1.8.exe,chess::Move::encode,move.h,0x14026330e
chess::Move::encode,0.001000,0.001000,0.0,0.0,2995000,0.0,0.0,1.000000,frankycpp_v1.8.exe,chess::Move::encode,move.h,0x14026336a
chess::Move::from,0.001000,0.001000,0.0,0.0,0,0.0,0.0,,frankycpp_v1.8.exe,chess::Move::from,move.h,0x14025bfed
chess::Move::from,0.001000,0.001000,0.0,0.0,8985000,17.7,17.7,1.000000,frankycpp_v1.8.exe,chess::Move::from,move.h,0x14026109f
chess::Move::operator==,0.001000,0.001000,0.0,0.0,17970000,64.2,64.2,0.666667,frankycpp_v1.8.exe,chess::Move::operator==,PVTable.h,0x140220515
chess::Move::operator==,0.001000,0.001000,0.0,0.0,5990000,,,0.0,frankycpp_v1.8.exe,chess::Move::operator==,PVTable.h,0x14022099d
chess::Move::operator==,0.001000,0.001000,0.0,0.0,0,0.0,0.0,0.0,frankycpp_v1.8.exe,chess::Move::operator==,PVTable.h,0x140261097
chess::Move::stripped,0.001000,0.001000,0.0,0.0,32945000,20.7,20.7,0.454545,frankycpp_v1.8.exe,chess::Move::stripped,move.h,0x140260fb0
chess::Move::type,0.001000,0.001000,0.0,0.0,32945000,6.9,6.9,0.545455,frankycpp_v1.8.exe,chess::Move::type,move.h,0x140261113
chess::MoveGenerator::generatePseudoLegalMoves,0.001000,0.001000,0.0,0.0,0,,,,frankycpp_v1.8.exe,"chess::MoveGenerator::generatePseudoLegalMoves(class chess::Position const &,enum chess::GenMode,bool)",MoveGenerator.cpp,0x140260bd0
chess::MoveGenerator::generatePseudoLegalMoves::__l17::<lambda_1>::operator(),0.001000,0.001000,0.0,0.0,0,0.0,0.0,0.0,frankycpp_v1.8.exe,chess::MoveGenerator::generatePseudoLegalMoves::__l17::<lambda_1>::operator(),MoveGenerator.cpp,0x140260d10
chess::MoveGenerator::reset,0.001000,0.001000,0.0,0.0,0,16.7,16.7,,frankycpp_v1.8.exe,chess::MoveGenerator::reset,MoveGenerator.h,0x140216286
chess::MoveGenerator::reset,0.001000,0.001000,0.0,0.0,0,0.0,0.0,,frankycpp_v1.8.exe,chess::MoveGenerator::reset,MoveGenerator.h,0x1402166d7
chess::MoveGenerator::resetOnDemand,0.001000,0.001000,0.0,0.0,2995000,0.0,0.0,0.0,frankycpp_v1.8.exe,chess::MoveGenerator::resetOnDemand,MoveGenerator.h,0x14021629b
chess::MoveGenerator::resetOnDemand,0.001000,0.001000,0.0,0.0,0,0.0,0.0,0.0,frankycpp_v1.8.exe,chess::MoveGenerator::resetOnDemand,MoveGenerator.h,0x1402166a9
chess::Position::getKingSquare,0.001000,0.001000,0.0,0.0,2995000,0.0,0.0,0.0,frankycpp_v1.8.exe,chess::Position::getKingSquare,Position.h,0x140263027
chess::Position::getPiece,0.001000,0.001000,0.0,0.0,2995000,,,3.000000,frankycpp_v1.8.exe,chess::Position::getPiece,Position.h,0x1402610e3
chess::Position::getPiece,0.001000,0.001000,0.0,0.0,14975000,,,0.0,frankycpp_v1.8.exe,chess::Position::getPiece,Position.h,0x140263058
chess::Position::getPieceBb,0.001000,0.001000,0.0,0.0,0,50.0,50.0,,frankycpp_v1.8.exe,chess::Position::getPieceBb,Position.h,0x140269f50
chess::Position::getPieceBb,0.001000,0.001000,0.0,0.0,47920000,60.1,60.1,0.250000,frankycpp_v1.8.exe,chess::Position::getPieceBb,Position.h,0x14029e914
chess::Position::getPieceBb,0.001000,0.001000,0.0,0.0,2995000,,,1.000000,frankycpp_v1.8.exe,chess::Position::getPieceBb,Position.h,0x140269f63
chess::Position::getPieceBb,0.001000,0.001000,0.0,0.0,26955000,23.4,23.4,0.222222,frankycpp_v1.8.exe,chess::Position::getPieceBb,Position.h,0x1402699f5
chess::Position::getPieceBb,0.001000,0.001000,0.0,0.0,0,0.0,0.0,0.0,frankycpp_v1.8.exe,chess::Position::getPieceBb,Position.h,0x14029e9d9
chess::Position::isCapturingMove,0.001000,0.001000,0.0,0.0,20965000,,,0.428571,frankycpp_v1.8.exe,chess::Position::isCapturingMove,Position.h,0x1402215c2
chess::Position::isCapturingMove,0.001000,0.001000,0.0,0.0,32945000,,,0.090909,frankycpp_v1.8.exe,chess::Position::isCapturingMove,Position.h,0x14022052b
chess::Square::file,0.001000,0.001000,0.0,0.0,14975000,13.4,13.4,1.200000,frankycpp_v1.8.exe,chess::Square::file,square.h,0x14026b41b
chess::Square::file,0.001000,0.001000,0.0,0.0,0,,,0.0,frankycpp_v1.8.exe,chess::Square::file,square.h,0x14025c133
chess::Square::of,0.001000,0.001000,0.0,0.0,0,0.0,0.0,0.0,frankycpp_v1.8.exe,chess::Square::of,square.h,0x14025dc89
chess::Square::operator int,0.001000,0.001000,0.0,0.0,2995000,0.0,0.0,1.000000,frankycpp_v1.8.exe,chess::Square::operator int,square.h,0x14025c742
chess::Square::pawnPush,0.001000,0.001000,0.0,0.0,0,0.0,0.0,,frankycpp_v1.8.exe,chess::Square::pawnPush,square.h,0x14025bbc1
chess::Square::rank,0.001000,0.001000,0.0,0.0,11980000,,,1.000000,frankycpp_v1.8.exe,chess::Square::rank,square.h,0x14026a797
chess::StaticMoveList<128>::pop_back,0.001000,0.001000,0.0,0.0,0,0.0,0.0,0.0,frankycpp_v1.8.exe,chess::StaticMoveList<128>::pop_back,staticmovelist.h,0x14021f0cc
chess::StaticMoveList<256>::push_back,0.001000,0.001000,0.0,0.0,8985000,20.0,20.0,0.0,frankycpp_v1.8.exe,chess::StaticMoveList<256>::push_back,staticmovelist.h,0x1402640af
chess::StaticMoveList<256>::push_back,0.001000,0.001000,0.0,0.0,5990000,,,0.0,frankycpp_v1.8.exe,chess::StaticMoveList<256>::push_back,staticmovelist.h,0x1402632fc
chess::StaticMoveList<256>::push_back,0.001000,0.001000,0.0,0.0,5990000,,,0.0,frankycpp_v1.8.exe,chess::StaticMoveList<256>::push_back,staticmovelist.h,0x140263327
chess::StaticMoveList<256>::push_back,0.001000,0.001000,0.0,0.0,0,,,0.0,frankycpp_v1.8.exe,chess::StaticMoveList<256>::push_back,staticmovelist.h,0x140263877
chess::Value::operator int,0.001000,0.001000,0.0,0.0,0,0.0,0.0,0.0,frankycpp_v1.8.exe,chess::Value::operator int,value.h,0x14021f548
chess::operator&,0.001000,0.001000,0.0,0.0,17970000,50.0,50.0,0.166667,frankycpp_v1.8.exe,chess::operator&,bitboard.h,0x14026a057
chess::operator&,0.001000,0.001000,0.0,0.0,2995000,,,0.0,frankycpp_v1.8.exe,chess::operator&,bitboard.h,0x14025c456
chess::operator&,0.001000,0.001000,0.0,0.0,2995000,52.2,52.2,1.000000,frankycpp_v1.8.exe,chess::operator&,bitboard.h,0x140220a22
chess::operator&,0.001000,0.001000,0.0,0.0,8985000,,,0.333333,frankycpp_v1.8.exe,chess::operator&,bitboard.h,0x140263802
chess::operator&,0.001000,0.001000,0.0,0.0,8985000,,,0.666667,frankycpp_v1.8.exe,chess::operator&,bitboard.h,0x140262c04
chess::operator&,0.001000,0.001000,0.0,0.0,29950000,27.3,27.3,0.600000,frankycpp_v1.8.exe,chess::operator&,bitboard.h,0x14026383b
chess::operator&,0.001000,0.001000,0.0,0.0,89850000,85.8,85.8,0.266667,frankycpp_v1.8.exe,chess::operator&,bitboard.h,0x14025c2d3
chess::operator&,0.001000,0.001000,0.0,0.0,65890000,48.3,48.3,0.545455,frankycpp_v1.8.exe,chess::operator&,bitboard.h,0x140263974
chess::operator&,0.001000,0.001000,0.0,0.0,2995000,,,0.0,frankycpp_v1.8.exe,chess::operator&,bitboard.h,0x14025c474
chess::operator+,0.001000,0.001000,0.0,0.0,2995000,,,0.0,frankycpp_v1.8.exe,chess::operator+,direction.h,0x14025c323
chess::operator+,0.001000,0.001000,0.0,0.0,0,0.0,0.0,,frankycpp_v1.8.exe,chess::operator+,depth.h,0x1402207d0
chess::operator+,0.001000,0.001000,0.0,0.0,8985000,0.0,0.0,1.000000,frankycpp_v1.8.exe,chess::operator+,direction.h,0x140263533
chess::operator+,0.001000,0.001000,0.0,0.0,0,0.0,0.0,0.0,frankycpp_v1.8.exe,chess::operator+,direction.h,0x1402612ef
chess::operator+,0.001000,0.001000,0.0,0.0,2995000,0.0,0.0,0.0,frankycpp_v1.8.exe,chess::operator+,direction.h,0x14025bfbe
chess::operator++,0.001000,0.001000,0.0,0.0,5990000,,,0.0,frankycpp_v1.8.exe,chess::operator++,depth.h,0x14021fc78
chess::operator+=,0.001000,0.001000,0.0,0.0,2995000,32.3,32.3,1.000000,frankycpp_v1.8.exe,chess::operator+=,value.h,0x14026b35f
chess::operator+=,0.001000,0.001000,0.0,0.0,0,0.0,0.0,,frankycpp_v1.8.exe,chess::operator+=,value.h,0x14026a2fd
chess::operator+=,0.001000,0.001000,0.0,0.0,0,0.0,0.0,0.0,frankycpp_v1.8.exe,chess::operator+=,value.h,0x14026a2ed
chess::operator-,0.001000,0.001000,0.0,0.0,23960000,50.0,50.0,0.500000,frankycpp_v1.8.exe,chess::operator-,value.h,0x140262fcc
chess::operator-,0.001000,0.001000,0.0,0.0,0,100.0,100.0,0.0,frankycpp_v1.8.exe,chess::operator-,value.h,0x1402632e1
chess::operator-,0.001000,0.001000,0.0,0.0,0,0.0,0.0,0.0,frankycpp_v1.8.exe,chess::operator-,direction.h,0x14016c701
chess::operator-,0.001000,0.001000,0.0,0.0,2995000,21.8,21.8,3.000000,frankycpp_v1.8.exe,chess::operator-,value.h,0x14021fd23
chess::operator-,0.001000,0.001000,0.0,0.0,11980000,100.0,100.0,0.500000,frankycpp_v1.8.exe,chess::operator-,value.h,0x14021fb4a
chess::operator-,0.001000,0.001000,0.0,0.0,8985000,,,0.666667,frankycpp_v1.8.exe,chess::operator-,value.h,0x14021fa54
chess::operator-,0.001000,0.001000,0.0,0.0,2995000,16.2,16.2,5.000000,frankycpp_v1.8.exe,chess::operator-,value.h,0x140221342
chess::operator-,0.001000,0.001000,0.0,0.0,0,0.0,0.0,,frankycpp_v1.8.exe,chess::operator-,value.h,0x1402206bd
chess::operator-,0.001000,0.001000,0.0,0.0,0,,,0.0,frankycpp_v1.8.exe,chess::operator-,value.h,0x14021fd0f
chess::operator==,0.001000,0.001000,0.0,0.0,5990000,,,0.500000,frankycpp_v1.8.exe,chess::operator==,castlingrights.h,0x1402640a5
chess::operator==,0.001000,0.001000,0.0,0.0,0,0.0,0.0,,frankycpp_v1.8.exe,chess::operator==,castlingrights.h,0x1402640c9
chess::operator==,0.001000,0.001000,0.0,0.0,0,0.0,0.0,,frankycpp_v1.8.exe,chess::operator==,castlingrights.h,0x14026411d
chess::operator~,0.001000,0.001000,0.0,0.0,2995000,,,0.0,frankycpp_v1.8.exe,chess::operator~,color.h,0x14025c45e
chess::operator~,0.001000,0.001000,0.0,0.0,2995000,100.0,100.0,0.0,frankycpp_v1.8.exe,chess::operator~,color.h,0x140262c00
chess::operator~,0.001000,0.001000,0.0,0.0,50915000,31.4,31.4,0.294118,frankycpp_v1.8.exe,chess::operator~,color.h,0x14025c6e1
chess::operator~,0.001000,0.001000,0.0,0.0,5990000,7.4,7.4,0.500000,frankycpp_v1.8.exe,chess::operator~,color.h,0x140269f56
chess::operator~,0.001000,0.001000,0.0,0.0,0,0.0,0.0,0.0,frankycpp_v1.8.exe,chess::operator~,color.h,0x14025c81d
engine::Search::drawScore,0.001000,0.001000,0.0,0.0,0,,,0.0,frankycpp_v1.8.exe,engine::Search::drawScore(class chess::Position const &),Search.cpp,0x140225b00
engine::Search::extractPvWithTT,0.001000,0.001000,0.0,0.0,0,0.0,0.0,0.0,frankycpp_v1.8.exe,engine::Search::extractPvWithTT(class chess::Position &),Search.cpp,0x14022b860
engine::Search::iterativeDeepening,0.001000,0.001000,0.0,0.0,0,0.0,0.0,0.0,frankycpp_v1.8.exe,engine::Search::iterativeDeepening(class chess::Position &),Search.cpp,0x14021bfc0
engine::Search::sendMultiPvResultsToUci,0.001000,0.001000,0.0,0.0,0,0.0,0.0,,frankycpp_v1.8.exe,"engine::Search::sendMultiPvResultsToUci(class std::vector<struct engine::Search::MultiPvResult,class std::allocator<struct engine::Search::MultiPvResult> > const &,enum chess::Depth)",Search.cpp,0x14022a060
engine::Search::thread,0.001000,0.001000,0.0,0.0,14975000,100.0,100.0,0.400000,frankycpp_v1.8.exe,engine::Search::thread,Search.h,0x14021f8aa
engine::Search::thread,0.001000,0.001000,0.0,0.0,14975000,96.4,96.4,0.200000,frankycpp_v1.8.exe,engine::Search::thread,Search.h,0x140220fc7
engine::Search::thread,0.001000,0.001000,0.0,0.0,5990000,0.0,0.0,0.0,frankycpp_v1.8.exe,engine::Search::thread,Search.h,0x14021fb5b
engine::Search::thread,0.001000,0.001000,0.0,0.0,2995000,,,0.0,frankycpp_v1.8.exe,engine::Search::thread,Search.h,0x140220ac1
engine::Search::thread,0.001000,0.001000,0.0,0.0,0,0.0,0.0,0.0,frankycpp_v1.8.exe,engine::Search::thread,Search.h,0x14021ef29
engine::Search::thread,0.001000,0.001000,0.0,0.0,0,0.0,0.0,0.0,frankycpp_v1.8.exe,engine::Search::thread,Search.h,0x14021d4b8
engine::SearchThreadData::reset,0.001000,0.001000,0.0,0.0,0,0.0,0.0,0.0,frankycpp_v1.8.exe,engine::SearchThreadData::reset(void),SearchThreadData.h,0x140215f30
engine::TT::resize,0.001000,0.001000,0.0,0.0,2995000,50.0,50.0,0.0,frankycpp_v1.8.exe,engine::TT::resize(unsigned __int64),TT.cpp,0x14026c8d0
func@0x140001000,0.001000,0.001000,0.0,0.0,0,0.0,0.0,0.0,winhvr.sys,func@0x140001000,[Unknown],0x140001000
func@0x1400010b0,0.001000,0.001000,0.0,0.0,0,0.0,0.0,0.0,wintun.sys,func@0x1400010b0,[Unknown],0x1400010b0
func@0x140001550,0.001000,0.001000,0.0,0.0,0,0.0,0.0,0.0,wdfilter.sys,func@0x140001550,[Unknown],0x140001550
func@0x140001ea0,0.001000,0.001000,0.0,0.0,0,0.0,0.0,0.0,intelppm.sys,func@0x140001ea0,[Unknown],0x140001ea0
func@0x1400055f0,0.001000,0.001000,0.0,0.0,0,0.0,0.0,0.0,ntfs.sys,func@0x1400055f0,[Unknown],0x1400055f0
func@0x140005b40,0.001000,0.001000,0.0,0.0,0,0.0,0.0,0.0,intelppm.sys,func@0x140005b40,[Unknown],0x140005b40
func@0x1400068de,0.001000,0.001000,0.0,0.0,0,0.0,0.0,0.0,dxgmms2.sys,func@0x1400068de,[Unknown],0x1400068de
func@0x140006da0,0.001000,0.001000,0.0,0.0,0,0.0,0.0,,executioncontext.sys,func@0x140006da0,[Unknown],0x140006da0
func@0x140008000,0.001000,0.001000,0.0,0.0,0,0.0,0.0,0.0,usbxhci.sys,func@0x140008000,[Unknown],0x140008000
func@0x140008bd0,0.001000,0.001000,0.0,0.0,0,50.0,50.0,0.0,dxgmms2.sys,func@0x140008bd0,[Unknown],0x140008bd0
func@0x140009630,0.001000,0.001000,0.0,0.0,0,0.0,0.0,0.0,executioncontext.sys,func@0x140009630,[Unknown],0x140009630
func@0x14000f3d0,0.001000,0.001000,0.0,0.0,0,0.0,0.0,0.0,e2fn.sys,func@0x14000f3d0,[Unknown],0x14000f3d0
func@0x140011258,0.001000,0.001000,0.0,0.0,0,0.0,0.0,0.0,dxgmms2.sys,func@0x140011258,[Unknown],0x140011258
func@0x140012860,0.001000,0.001000,0.0,0.0,2995000,20.0,20.0,0.0,usbxhci.sys,func@0x140012860,[Unknown],0x140012860
func@0x140012b70,0.001000,0.001000,0.0,0.0,0,0.0,0.0,0.0,dxgkrnl.sys,func@0x140012b70,[Unknown],0x140012b70
func@0x140015a20,0.001000,0.001000,0.0,0.0,0,0.0,0.0,0.0,wdf01000.sys,func@0x140015a20,[Unknown],0x140015a20
func@0x1400176d0,0.001000,0.001000,0.0,0.0,0,0.0,0.0,0.0,nvlddmkm.sys,func@0x1400176d0,[Unknown],0x1400176d0
func@0x140018860,0.001000,0.001000,0.0,0.0,0,0.0,0.0,,acpi.sys,func@0x140018860,[Unknown],0x140018860
func@0x14001caa4,0.001000,0.001000,0.0,0.0,0,0.0,0.0,,wdf01000.sys,func@0x14001caa4,[Unknown],0x14001caa4
func@0x14001e3f0,0.001000,0.001000,0.0,0.0,2995000,0.0,0.0,0.0,netadaptercx.sys,func@0x14001e3f0,[Unknown],0x14001e3f0
func@0x14001f57f,0.001000,0.001000,0.0,0.0,0,0.0,0.0,,nvlddmkm.sys,func@0x14001f57f,[Unknown],0x14001f57f
func@0x14001faff,0.001000,0.001000,0.0,0.0,0,0.0,0.0,,nvlddmkm.sys,func@0x14001faff,[Unknown],0x14001faff
func@0x140020f50,0.001000,0.001000,0.0,0.0,0,0.0,0.0,0.0,nvlddmkm.sys,func@0x140020f50,[Unknown],0x140020f50
func@0x140022442,0.001000,0.001000,0.0,0.0,5990000,25.0,25.0,1.000000,usbxhci.sys,func@0x140022442,[Unknown],0x140022442
func@0x140025370,0.001000,0.001000,0.0,0.0,2995000,0.0,0.0,2.000000,wdf01000.sys,func@0x140025370,[Unknown],0x140025370
func@0x140026780,0.001000,0.001000,0.0,0.0,2995000,0.0,0.0,0.0,wdf01000.sys,func@0x140026780,[Unknown],0x140026780
func@0x140026fb0,0.001000,0.001000,0.0,0.0,11980000,7.3,7.3,1.250000,dxgmms2.sys,func@0x140026fb0,[Unknown],0x140026fb0
func@0x140028980,0.001000,0.001000,0.0,0.0,0,0.0,0.0,,dxgmms2.sys,func@0x140028980,[Unknown],0x140028980
func@0x14002a1a0,0.001000,0.001000,0.0,0.0,0,0.0,0.0,0.0,dxgkrnl.sys,func@0x14002a1a0,[Unknown],0x14002a1a0
func@0x14002d3e0,0.001000,0.001000,0.0,0.0,0,0.0,0.0,0.0,dxgkrnl.sys,func@0x14002d3e0,[Unknown],0x14002d3e0
func@0x140030a20,0.001000,0.001000,0.0,0.0,0,33.3,33.3,,dxgkrnl.sys,func@0x140030a20,[Unknown],0x140030a20
func@0x14004641f,0.001000,0.001000,0.0,0.0,0,0.0,0.0,,rtusba64.sys,func@0x14004641f,[Unknown],0x14004641f
func@0x140049abf,0.001000,0.001000,0.0,0.0,0,0.0,0.0,0.0,e2fn.sys,func@0x140049abf,[Unknown],0x140049abf
func@0x140049b80,0.001000,0.001000,0.0,0.0,0,0.0,0.0,,e2fn.sys,func@0x140049b80,[Unknown],0x140049b80
func@0x14004b220,0.001000,0.001000,0.0,0.0,0,0.0,0.0,0.0,wdf01000.sys,func@0x14004b220,[Unknown],0x14004b220
func@0x1400535b0,0.001000,0.001000,0.0,0.0,0,0.0,0.0,,wdf01000.sys,func@0x1400535b0,[Unknown],0x1400535b0
func@0x14005411c,0.001000,0.001000,0.0,0.0,0,0.0,0.0,,dxgmms2.sys,func@0x14005411c,[Unknown],0x14005411c
func@0x14005b800,0.001000,0.001000,0.0,0.0,0,0.0,0.0,0.0,tcpip.sys,func@0x14005b800,[Unknown],0x14005b800
func@0x140066358,0.001000,0.001000,0.0,0.0,0,0.0,0.0,,wdf01000.sys,func@0x140066358,[Unknown],0x140066358
func@0x14009e61f,0.001000,0.001000,0.0,0.0,0,12.5,12.5,,nvlddmkm.sys,func@0x14009e61f,[Unknown],0x14009e61f
func@0x1400dbec0,0.001000,0.001000,0.0,0.0,0,0.0,0.0,0.0,nvlddmkm.sys,func@0x1400dbec0,[Unknown],0x1400dbec0
func@0x1400dff70,0.001000,0.001000,0.0,0.0,0,0.0,0.0,,nvlddmkm.sys,func@0x1400dff70,[Unknown],0x1400dff70
func@0x1400e52b0,0.001000,0.001000,0.0,0.0,0,0.0,0.0,0.0,nvlddmkm.sys,func@0x1400e52b0,[Unknown],0x1400e52b0
func@0x1400f9200,0.001000,0.001000,0.0,0.0,5990000,,,0.500000,nvlddmkm.sys,func@0x1400f9200,[Unknown],0x1400f9200
func@0x1400f9dc0,0.001000,0.001000,0.0,0.0,17970000,24.0,24.0,1.500000,nvlddmkm.sys,func@0x1400f9dc0,[Unknown],0x1400f9dc0
func@0x1400f9f40,0.001000,0.001000,0.0,0.0,0,0.0,0.0,0.0,nvlddmkm.sys,func@0x1400f9f40,[Unknown],0x1400f9f40
func@0x1400fa960,0.001000,0.001000,0.0,0.0,0,,,0.0,nvlddmkm.sys,func@0x1400fa960,[Unknown],0x1400fa960
func@0x1400fab80,0.001000,0.001000,0.0,0.0,0,0.0,0.0,,nvlddmkm.sys,func@0x1400fab80,[Unknown],0x1400fab80
func@0x1400fb4f0,0.001000,0.001000,0.0,0.0,0,0.0,0.0,0.0,nvlddmkm.sys,func@0x1400fb4f0,[Unknown],0x1400fb4f0
func@0x1400fc340,0.001000,0.001000,0.0,0.0,0,0.0,0.0,0.0,nvlddmkm.sys,func@0x1400fc340,[Unknown],0x1400fc340
func@0x14011e010,0.001000,0.001000,0.0,0.0,11980000,100.0,100.0,0.250000,nvlddmkm.sys,func@0x14011e010,[Unknown],0x14011e010
func@0x140124090,0.001000,0.001000,0.0,0.0,2995000,0.0,0.0,0.0,ntfs.sys,func@0x140124090,[Unknown],0x140124090
func@0x1401262a0,0.001000,0.001000,0.0,0.0,0,0.0,0.0,,nvlddmkm.sys,func@0x1401262a0,[Unknown],0x1401262a0
func@0x140128400,0.001000,0.001000,0.0,0.0,0,0.0,0.0,,nvlddmkm.sys,func@0x140128400,[Unknown],0x140128400
func@0x140164ac0,0.001000,0.001000,0.0,0.0,0,0.0,0.0,0.0,nvlddmkm.sys,func@0x140164ac0,[Unknown],0x140164ac0
func@0x140164b80,0.001000,0.001000,0.0,0.0,0,0.0,0.0,0.0,nvlddmkm.sys,func@0x140164b80,[Unknown],0x140164b80
func@0x1401677c0,0.001000,0.001000,0.0,0.0,26955000,100.0,100.0,0.333333,nvlddmkm.sys,func@0x1401677c0,[Unknown],0x1401677c0
func@0x140201414,0.001000,0.001000,0.0,0.0,0,0.0,0.0,0.0,ntoskrnl.exe,func@0x140201414,[Unknown],0x140201414
func@0x140202680,0.001000,0.001000,0.0,0.0,0,0.0,0.0,0.0,ntoskrnl.exe,func@0x140202680,[Unknown],0x140202680
func@0x1402026a4,0.001000,0.001000,0.0,0.0,11980000,0.0,0.0,0.750000,ntoskrnl.exe,func@0x1402026a4,[Unknown],0x1402026a4
func@0x140215c4f,0.001000,0.001000,0.0,0.0,0,0.0,0.0,0.0,ntoskrnl.exe,func@0x140215c4f,[Unknown],0x140215c4f
func@0x14021a250,0.001000,0.001000,0.0,0.0,0,33.3,33.3,,ntoskrnl.exe,func@0x14021a250,[Unknown],0x14021a250
func@0x140222210,0.001000,0.001000,0.0,0.0,2995000,,,1.000000,ntoskrnl.exe,func@0x140222210,[Unknown],0x140222210
func@0x1402227ca,0.001000,0.001000,0.0,0.0,2995000,12.5,12.5,2.000000,ntoskrnl.exe,func@0x1402227ca,[Unknown],0x1402227ca
func@0x1402238b0,0.001000,0.001000,0.0,0.0,0,7.3,7.3,,ntoskrnl.exe,func@0x1402238b0,[Unknown],0x1402238b0
func@0x140244410,0.001000,0.001000,0.0,0.0,0,0.0,0.0,0.0,ntoskrnl.exe,func@0x140244410,[Unknown],0x140244410
func@0x14025377f,0.001000,0.001000,0.0,0.0,5990000,0.0,0.0,1.500000,ntoskrnl.exe,func@0x14025377f,[Unknown],0x14025377f
func@0x140255c31,0.001000,0.001000,0.0,0.0,0,0.0,0.0,0.0,ntoskrnl.exe,func@0x140255c31,[Unknown],0x140255c31
func@0x140256f09,0.001000,0.001000,0.0,0.0,2995000,100.0,100.0,1.000000,ntoskrnl.exe,func@0x140256f09,[Unknown],0x140256f09
func@0x1402585aa,0.001000,0.001000,0.0,0.0,11980000,14.6,14.6,1.250000,ntoskrnl.exe,func@0x1402585aa,[Unknown],0x1402585aa
func@0x14025bf40,0.001000,0.001000,0.0,0.0,0,0.0,0.0,0.0,nvlddmkm.sys,func@0x14025bf40,[Unknown],0x14025bf40
func@0x14025c374,0.001000,0.001000,0.0,0.0,0,0.0,0.0,0.0,ntoskrnl.exe,func@0x14025c374,[Unknown],0x14025c374
func@0x14025dcc0,0.001000,0.001000,0.0,0.0,2995000,0.0,0.0,2.000000,nvlddmkm.sys,func@0x14025dcc0,[Unknown],0x14025dcc0
func@0x14025ded0,0.001000,0.001000,0.0,0.0,5990000,0.0,0.0,0.0,ntoskrnl.exe,func@0x14025ded0,[Unknown],0x14025ded0
func@0x14025e120,0.001000,0.001000,0.0,0.0,2995000,66.7,66.7,2.000000,nvlddmkm.sys,func@0x14025e120,[Unknown],0x14025e120
func@0x140261580,0.001000,0.001000,0.0,0.0,0,0.0,0.0,0.0,ntoskrnl.exe,func@0x140261580,[Unknown],0x140261580
func@0x140265ac0,0.001000,0.001000,0.0,0.0,0,0.0,0.0,0.0,nvlddmkm.sys,func@0x140265ac0,[Unknown],0x140265ac0
func@0x140266b10,0.001000,0.001000,0.0,0.0,0,0.0,0.0,0.0,nvlddmkm.sys,func@0x140266b10,[Unknown],0x140266b10
func@0x14027a430,0.001000,0.001000,0.0,0.0,0,0.0,0.0,0.0,ntoskrnl.exe,func@0x14027a430,[Unknown],0x14027a430
func@0x14028dd20,0.001000,0.001000,0.0,0.0,0,0.0,0.0,0.0,ntoskrnl.exe,func@0x14028dd20,[Unknown],0x14028dd20
func@0x1402942c0,0.001000,0.001000,0.0,0.0,0,,,,ntoskrnl.exe,func@0x1402942c0,[Unknown],0x1402942c0
func@0x140294430,0.001000,0.001000,0.0,0.0,2995000,7.1,7.1,3.000000,ntoskrnl.exe,func@0x140294430,[Unknown],0x140294430
func@0x140294da0,0.001000,0.001000,0.0,0.0,0,0.0,0.0,,ntoskrnl.exe,func@0x140294da0,[Unknown],0x140294da0
func@0x1402960f0,0.001000,0.001000,0.0,0.0,5990000,10.5,10.5,1.000000,ntoskrnl.exe,func@0x1402960f0,[Unknown],0x1402960f0
func@0x1402999c0,0.001000,0.001000,0.0,0.0,0,0.0,0.0,0.0,nvlddmkm.sys,func@0x1402999c0,[Unknown],0x1402999c0
func@0x140299bd4,0.001000,0.001000,0.0,0.0,0,3.1,3.1,,ntoskrnl.exe,func@0x140299bd4,[Unknown],0x140299bd4
func@0x14029a040,0.001000,0.001000,0.0,0.0,0,0.0,0.0,0.0,ntoskrnl.exe,func@0x14029a040,[Unknown],0x14029a040
func@0x14029a580,0.001000,0.001000,0.0,0.0,0,0.0,0.0,,ntoskrnl.exe,func@0x14029a580,[Unknown],0x14029a580
func@0x14029b679,0.001000,0.001000,0.0,0.0,2995000,0.0,0.0,1.000000,ntoskrnl.exe,func@0x14029b679,[Unknown],0x14029b679
func@0x14029bd64,0.001000,0.001000,0.0,0.0,8985000,,,1.000000,ntoskrnl.exe,func@0x14029bd64,[Unknown],0x14029bd64
func@0x14029bfad,0.001000,0.001000,0.0,0.0,0,,,,ntoskrnl.exe,func@0x14029bfad,[Unknown],0x14029bfad
func@0x14029c48c,0.001000,0.001000,0.0,0.0,26955000,83.3,83.3,0.111111,ntoskrnl.exe,func@0x14029c48c,[Unknown],0x14029c48c
func@0x1402aad80,0.001000,0.001000,0.0,0.0,0,0.0,0.0,0.0,ntoskrnl.exe,func@0x1402aad80,[Unknown],0x1402aad80
func@0x1402aae14,0.001000,0.001000,0.0,0.0,0,0.0,0.0,0.0,ntoskrnl.exe,func@0x1402aae14,[Unknown],0x1402aae14
func@0x1402ace70,0.001000,0.001000,0.0,0.0,2995000,20.0,20.0,3.000000,nvlddmkm.sys,func@0x1402ace70,[Unknown],0x1402ace70
func@0x1402b1e30,0.001000,0.001000,0.0,0.0,2995000,,,0.0,ntoskrnl.exe,func@0x1402b1e30,[Unknown],0x1402b1e30
func@0x1402b2840,0.001000,0.001000,0.0,0.0,5990000,40.0,40.0,0.0,ntoskrnl.exe,func@0x1402b2840,[Unknown],0x1402b2840
func@0x1402b8634,0.001000,0.001000,0.0,0.0,2995000,,,3.000000,ntoskrnl.exe,func@0x1402b8634,[Unknown],0x1402b8634
func@0x1402b8930,0.001000,0.001000,0.0,0.0,0,0.0,0.0,0.0,ntoskrnl.exe,func@0x1402b8930,[Unknown],0x1402b8930
func@0x1402ba0e0,0.001000,0.001000,0.0,0.0,5990000,50.0,50.0,0.500000,ntoskrnl.exe,func@0x1402ba0e0,[Unknown],0x1402ba0e0
func@0x1402bafb0,0.001000,0.001000,0.0,0.0,0,0.0,0.0,0.0,ntoskrnl.exe,func@0x1402bafb0,[Unknown],0x1402bafb0
func@0x1402e5c40,0.001000,0.001000,0.0,0.0,0,,,0.0,ntoskrnl.exe,func@0x1402e5c40,[Unknown],0x1402e5c40
func@0x1402e6300,0.001000,0.001000,0.0,0.0,0,0.0,0.0,,ntoskrnl.exe,func@0x1402e6300,[Unknown],0x1402e6300
func@0x1402e6740,0.001000,0.001000,0.0,0.0,8985000,100.0,100.0,0.0,ntoskrnl.exe,func@0x1402e6740,[Unknown],0x1402e6740
func@0x1402ec8e8,0.001000,0.001000,0.0,0.0,0,0.0,0.0,,ntoskrnl.exe,func@0x1402ec8e8,[Unknown],0x1402ec8e8
func@0x1402edbc0,0.001000,0.001000,0.0,0.0,0,25.0,25.0,,ntoskrnl.exe,func@0x1402edbc0,[Unknown],0x1402edbc0
func@0x1402edd42,0.001000,0.001000,0.0,0.0,11980000,,,1.500000,ntoskrnl.exe,func@0x1402edd42,[Unknown],0x1402edd42
func@0x1402f0c30,0.001000,0.001000,0.0,0.0,0,0.0,0.0,,ntoskrnl.exe,func@0x1402f0c30,[Unknown],0x1402f0c30
func@0x1402f1231,0.001000,0.001000,0.0,0.0,2995000,0.0,0.0,0.0,ntoskrnl.exe,func@0x1402f1231,[Unknown],0x1402f1231
func@0x140302a47,0.001000,0.001000,0.0,0.0,0,0.0,0.0,0.0,ntoskrnl.exe,func@0x140302a47,[Unknown],0x140302a47
func@0x14030acb0,0.001000,0.001000,0.0,0.0,5990000,0.0,0.0,2.500000,ntoskrnl.exe,func@0x14030acb0,[Unknown],0x14030acb0
func@0x14030dae0,0.001000,0.001000,0.0,0.0,2995000,0.0,0.0,2.000000,nvlddmkm.sys,func@0x14030dae0,[Unknown],0x14030dae0
func@0x14030ef30,0.001000,0.001000,0.0,0.0,0,0.0,0.0,0.0,nvlddmkm.sys,func@0x14030ef30,[Unknown],0x14030ef30
func@0x14031e500,0.001000,0.001000,0.0,0.0,0,0.0,0.0,0.0,ntoskrnl.exe,func@0x14031e500,[Unknown],0x14031e500
func@0x14031ef00,0.001000,0.001000,0.0,0.0,0,0.0,0.0,,ntoskrnl.exe,func@0x14031ef00,[Unknown],0x14031ef00
func@0x14033c2e4,0.001000,0.001000,0.0,0.0,14975000,100.0,100.0,0.200000,ntoskrnl.exe,func@0x14033c2e4,[Unknown],0x14033c2e4
func@0x14033ced0,0.001000,0.001000,0.0,0.0,2995000,0.0,0.0,1.000000,ntoskrnl.exe,func@0x14033ced0,[Unknown],0x14033ced0
func@0x14033d9d0,0.001000,0.001000,0.0,0.0,0,0.0,0.0,,ntoskrnl.exe,func@0x14033d9d0,[Unknown],0x14033d9d0
func@0x14033e0f0,0.001000,0.001000,0.0,0.0,5990000,0.0,0.0,0.500000,ntoskrnl.exe,func@0x14033e0f0,[Unknown],0x14033e0f0
func@0x14033fa70,0.001000,0.001000,0.0,0.0,0,0.0,0.0,,ntoskrnl.exe,func@0x14033fa70,[Unknown],0x14033fa70
func@0x14033fd10,0.001000,0.001000,0.0,0.0,0,,,0.0,ntoskrnl.exe,func@0x14033fd10,[Unknown],0x14033fd10
func@0x140340ba8,0.001000,0.001000,0.0,0.0,14975000,10.5,10.5,0.600000,ntoskrnl.exe,func@0x140340ba8,[Unknown],0x140340ba8
func@0x1403446c0,0.001000,0.001000,0.0,0.0,0,0.0,0.0,,ntoskrnl.exe,func@0x1403446c0,[Unknown],0x1403446c0
func@0x140345300,0.001000,0.001000,0.0,0.0,2995000,0.0,0.0,1.000000,ntoskrnl.exe,func@0x140345300,[Unknown],0x140345300
func@0x1403633e0,0.001000,0.001000,0.0,0.0,0,0.0,0.0,0.0,nvlddmkm.sys,func@0x1403633e0,[Unknown],0x1403633e0
func@0x1403b3250,0.001000,0.001000,0.0,0.0,0,,,0.0,ntoskrnl.exe,func@0x1403b3250,[Unknown],0x1403b3250
func@0x1403b39fc,0.001000,0.001000,0.0,0.0,5990000,6.7,6.7,1.000000,ntoskrnl.exe,func@0x1403b39fc,[Unknown],0x1403b39fc
func@0x1403b6dd8,0.001000,0.001000,0.0,0.0,0,,,0.0,ntoskrnl.exe,func@0x1403b6dd8,[Unknown],0x1403b6dd8
func@0x1403c61e0,0.001000,0.001000,0.0,0.0,2995000,11.1,11.1,2.000000,ntoskrnl.exe,func@0x1403c61e0,[Unknown],0x1403c61e0
func@0x1403c8760,0.001000,0.001000,0.0,0.0,0,0.0,0.0,,ntoskrnl.exe,func@0x1403c8760,[Unknown],0x1403c8760
func@0x1403ced4b,0.001000,0.001000,0.0,0.0,0,0.0,0.0,0.0,ntoskrnl.exe,func@0x1403ced4b,[Unknown],0x1403ced4b
func@0x1403d0fa0,0.001000,0.001000,0.0,0.0,0,0.0,0.0,0.0,nvlddmkm.sys,func@0x1403d0fa0,[Unknown],0x1403d0fa0
func@0x1403d6ed0,0.001000,0.001000,0.0,0.0,5990000,8.3,8.3,1.000000,ntoskrnl.exe,func@0x1403d6ed0,[Unknown],0x1403d6ed0
func@0x1403df320,0.001000,0.001000,0.0,0.0,0,0.0,0.0,0.0,ntoskrnl.exe,func@0x1403df320,[Unknown],0x1403df320
func@0x1403ea474,0.001000,0.001000,0.0,0.0,11980000,20.0,20.0,1.000000,ntoskrnl.exe,func@0x1403ea474,[Unknown],0x1403ea474
func@0x1403eac51,0.001000,0.001000,0.0,0.0,2995000,40.0,40.0,0.0,ntoskrnl.exe,func@0x1403eac51,[Unknown],0x1403eac51
func@0x1403f2289,0.001000,0.001000,0.0,0.0,0,0.0,0.0,0.0,ntoskrnl.exe,func@0x1403f2289,[Unknown],0x1403f2289
func@0x1403f5600,0.001000,0.001000,0.0,0.0,2995000,0.0,0.0,2.000000,ntoskrnl.exe,func@0x1403f5600,[Unknown],0x1403f5600
func@0x140401110,0.001000,0.001000,0.0,0.0,0,,,,ntoskrnl.exe,func@0x140401110,[Unknown],0x140401110
func@0x14040f5c0,0.001000,0.001000,0.0,0.0,0,0.0,0.0,0.0,ntoskrnl.exe,func@0x14040f5c0,[Unknown],0x14040f5c0
func@0x1404150e0,0.001000,0.001000,0.0,0.0,0,0.0,0.0,0.0,ntoskrnl.exe,func@0x1404150e0,[Unknown],0x1404150e0
func@0x140415102,0.001000,0.001000,0.0,0.0,0,0.0,0.0,0.0,ntoskrnl.exe,func@0x140415102,[Unknown],0x140415102
func@0x140421538,0.001000,0.001000,0.0,0.0,2995000,0.0,0.0,2.000000,ntoskrnl.exe,func@0x140421538,[Unknown],0x140421538
func@0x1404216fc,0.001000,0.001000,0.0,0.0,0,0.0,0.0,0.0,ntoskrnl.exe,func@0x1404216fc,[Unknown],0x1404216fc
func@0x14042a6f0,0.001000,0.001000,0.0,0.0,0,,,0.0,ntoskrnl.exe,func@0x14042a6f0,[Unknown],0x14042a6f0
func@0x14045acd0,0.001000,0.001000,0.0,0.0,0,0.0,0.0,0.0,ntoskrnl.exe,func@0x14045acd0,[Unknown],0x14045acd0
func@0x1404e7969,0.001000,0.001000,0.0,0.0,0,0.0,0.0,0.0,ntoskrnl.exe,func@0x1404e7969,[Unknown],0x1404e7969
func@0x1404e8368,0.001000,0.001000,0.0,0.0,11980000,13.6,13.6,1.250000,ntoskrnl.exe,func@0x1404e8368,[Unknown],0x1404e8368
func@0x1404e9a08,0.001000,0.001000,0.0,0.0,0,,,0.0,ntoskrnl.exe,func@0x1404e9a08,[Unknown],0x1404e9a08
func@0x1404ebcb0,0.001000,0.001000,0.0,0.0,0,0.0,0.0,0.0,ntoskrnl.exe,func@0x1404ebcb0,[Unknown],0x1404ebcb0
func@0x1404f0c20,0.001000,0.001000,0.0,0.0,8985000,,,0.666667,ntoskrnl.exe,func@0x1404f0c20,[Unknown],0x1404f0c20
func@0x1405bebac,0.001000,0.001000,0.0,0.0,0,0.0,0.0,0.0,ntoskrnl.exe,func@0x1405bebac,[Unknown],0x1405bebac
func@0x1405c4348,0.001000,0.001000,0.0,0.0,2995000,0.0,0.0,0.0,ntoskrnl.exe,func@0x1405c4348,[Unknown],0x1405c4348
func@0x1405d1bf0,0.001000,0.001000,0.0,0.0,0,0.0,0.0,0.0,ntoskrnl.exe,func@0x1405d1bf0,[Unknown],0x1405d1bf0
func@0x1405e0bcc,0.001000,0.001000,0.0,0.0,0,0.0,0.0,0.0,ntoskrnl.exe,func@0x1405e0bcc,[Unknown],0x1405e0bcc
func@0x1405e9888,0.001000,0.001000,0.0,0.0,0,0.0,0.0,0.0,ntoskrnl.exe,func@0x1405e9888,[Unknown],0x1405e9888
func@0x1406ab160,0.001000,0.001000,0.0,0.0,0,0.0,0.0,0.0,ntoskrnl.exe,func@0x1406ab160,[Unknown],0x1406ab160
func@0x1406b49c0,0.001000,0.001000,0.0,0.0,0,0.0,0.0,0.0,nvlddmkm.sys,func@0x1406b49c0,[Unknown],0x1406b49c0
func@0x1406bfe40,0.001000,0.001000,0.0,0.0,20965000,33.7,33.7,0.714286,ntoskrnl.exe,func@0x1406bfe40,[Unknown],0x1406bfe40
func@0x1406bff80,0.001000,0.001000,0.0,0.0,0,0.0,0.0,0.0,ntoskrnl.exe,func@0x1406bff80,[Unknown],0x1406bff80
func@0x1406d21a0,0.001000,0.001000,0.0,0.0,0,0.0,0.0,0.0,nvlddmkm.sys,func@0x1406d21a0,[Unknown],0x1406d21a0
func@0x140846520,0.001000,0.001000,0.0,0.0,0,0.0,0.0,,ntoskrnl.exe,func@0x140846520,[Unknown],0x140846520
func@0x140846c70,0.001000,0.001000,0.0,0.0,0,,,0.0,ntoskrnl.exe,func@0x140846c70,[Unknown],0x140846c70
func@0x1408a10e8,0.001000,0.001000,0.0,0.0,0,0.0,0.0,0.0,ntoskrnl.exe,func@0x1408a10e8,[Unknown],0x1408a10e8
func@0x1408a147c,0.001000,0.001000,0.0,0.0,0,0.0,0.0,0.0,ntoskrnl.exe,func@0x1408a147c,[Unknown],0x1408a147c
func@0x1408dd0ad,0.001000,0.001000,0.0,0.0,0,0.0,0.0,0.0,ntoskrnl.exe,func@0x1408dd0ad,[Unknown],0x1408dd0ad
func@0x1408f8ad8,0.001000,0.001000,0.0,0.0,0,0.0,0.0,0.0,ntoskrnl.exe,func@0x1408f8ad8,[Unknown],0x1408f8ad8
func@0x1408f92d0,0.001000,0.001000,0.0,0.0,0,0.0,0.0,0.0,ntoskrnl.exe,func@0x1408f92d0,[Unknown],0x1408f92d0
func@0x140965c00,0.001000,0.001000,0.0,0.0,0,0.0,0.0,,nvlddmkm.sys,func@0x140965c00,[Unknown],0x140965c00
func@0x140a20914,0.001000,0.001000,0.0,0.0,0,0.0,0.0,,ntoskrnl.exe,func@0x140a20914,[Unknown],0x140a20914
func@0x140bbd780,0.001000,0.001000,0.0,0.0,2995000,50.0,50.0,0.0,ntoskrnl.exe,func@0x140bbd780,[Unknown],0x140bbd780
func@0x140c31d90,0.001000,0.001000,0.0,0.0,0,0.0,0.0,,nvlddmkm.sys,func@0x140c31d90,[Unknown],0x140c31d90
func@0x140c6f900,0.001000,0.001000,0.0,0.0,0,0.0,0.0,0.0,nvlddmkm.sys,func@0x140c6f900,[Unknown],0x140c6f900
func@0x140c72440,0.001000,0.001000,0.0,0.0,0,0.0,0.0,0.0,nvlddmkm.sys,func@0x140c72440,[Unknown],0x140c72440
func@0x140c98010,0.001000,0.001000,0.0,0.0,0,0.0,0.0,0.0,nvlddmkm.sys,func@0x140c98010,[Unknown],0x140c98010
func@0x140c9a950,0.001000,0.001000,0.0,0.0,0,0.0,0.0,0.0,nvlddmkm.sys,func@0x140c9a950,[Unknown],0x140c9a950
func@0x140c9b32f,0.001000,0.001000,0.0,0.0,0,0.0,0.0,,nvlddmkm.sys,func@0x140c9b32f,[Unknown],0x140c9b32f
func@0x140c9b5f0,0.001000,0.001000,0.0,0.0,0,0.0,0.0,,nvlddmkm.sys,func@0x140c9b5f0,[Unknown],0x140c9b5f0
func@0x140cba490,0.001000,0.001000,0.0,0.0,0,0.0,0.0,0.0,nvlddmkm.sys,func@0x140cba490,[Unknown],0x140cba490
func@0x140ce13f0,0.001000,0.001000,0.0,0.0,0,0.0,0.0,0.0,nvlddmkm.sys,func@0x140ce13f0,[Unknown],0x140ce13f0
func@0x140ce1d30,0.001000,0.001000,0.0,0.0,0,0.0,0.0,0.0,nvlddmkm.sys,func@0x140ce1d30,[Unknown],0x140ce1d30
func@0x140ce4390,0.001000,0.001000,0.0,0.0,0,0.0,0.0,0.0,nvlddmkm.sys,func@0x140ce4390,[Unknown],0x140ce4390
func@0x140ce4720,0.001000,0.001000,0.0,0.0,2995000,12.5,12.5,2.000000,nvlddmkm.sys,func@0x140ce4720,[Unknown],0x140ce4720
func@0x140cfe9d0,0.001000,0.001000,0.0,0.0,0,0.0,0.0,0.0,nvlddmkm.sys,func@0x140cfe9d0,[Unknown],0x140cfe9d0
func@0x140d01e7f,0.001000,0.001000,0.0,0.0,0,0.0,0.0,,nvlddmkm.sys,func@0x140d01e7f,[Unknown],0x140d01e7f
func@0x140d01f60,0.001000,0.001000,0.0,0.0,14975000,25.0,25.0,0.0,nvlddmkm.sys,func@0x140d01f60,[Unknown],0x140d01f60
func@0x140d0ec20,0.001000,0.001000,0.0,0.0,0,0.0,0.0,,nvlddmkm.sys,func@0x140d0ec20,[Unknown],0x140d0ec20
func@0x140d3166f,0.001000,0.001000,0.0,0.0,0,0.0,0.0,0.0,nvlddmkm.sys,func@0x140d3166f,[Unknown],0x140d3166f
func@0x180001510,0.001000,0.001000,0.0,0.0,0,50.0,50.0,0.0,symcryptk.dll,func@0x180001510,[Unknown],0x180001510
func@0x180003d58,0.001000,0.001000,0.0,0.0,0,0.0,0.0,0.0,ucrtbase.dll,func@0x180003d58,[Unknown],0x180003d58
func@0x180007850,0.001000,0.001000,0.0,0.0,0,0.0,0.0,,dbghelp.dll,func@0x180007850,[Unknown],0x180007850
func@0x18000ed79,0.001000,0.001000,0.0,0.0,0,0.0,0.0,0.0,fltmgr.sys,func@0x18000ed79,[Unknown],0x18000ed79
func@0x180011200,0.001000,0.001000,0.0,0.0,53910000,42.9,42.9,0.111111,vcruntime140.dll,func@0x180011200,[Unknown],0x180011200
func@0x180016d40,0.001000,0.001000,0.0,0.0,0,0.0,0.0,0.0,ucrtbase.dll,func@0x180016d40,[Unknown],0x180016d40
func@0x18004c8cc,0.001000,0.001000,0.0,0.0,0,0.0,0.0,0.0,msvcp140.dll,func@0x18004c8cc,[Unknown],0x18004c8cc
func@0x18005b350,0.001000,0.001000,0.0,0.0,0,0.0,0.0,,cng.sys,func@0x18005b350,[Unknown],0x18005b350
func@0x1800712b0,0.001000,0.001000,0.0,0.0,0,0.0,0.0,0.0,ucrtbase.dll,func@0x1800712b0,[Unknown],0x1800712b0
func@0x18009bfbf,0.001000,0.001000,0.0,0.0,0,0.0,0.0,,ntdll.dll,func@0x18009bfbf,[Unknown],0x18009bfbf
func@0x1800be360,0.001000,0.001000,0.0,0.0,0,0.0,0.0,,crypt32.dll,func@0x1800be360,[Unknown],0x1800be360
func@0x18012e678,0.001000,0.001000,0.0,0.0,0,0.0,0.0,0.0,kernelbase.dll,func@0x18012e678,[Unknown],0x18012e678
func@0x180135bec,0.001000,0.001000,0.0,0.0,0,0.0,0.0,0.0,ntdll.dll,func@0x180135bec,[Unknown],0x180135bec
func@0x18013bd50,0.001000,0.001000,0.0,0.0,0,0.0,0.0,0.0,dbghelp.dll,func@0x18013bd50,[Unknown],0x18013bd50
func@0x1c000bbd0,0.001000,0.001000,0.0,0.0,0,0.0,0.0,0.0,condrv.sys,func@0x1c000bbd0,[Unknown],0x1c000bbd0
lround,0.001000,0.001000,0.0,0.0,38935000,,,0.153846,ucrtbase.dll,lround,[Unknown],0x18002a0a0
memcpy,0.001000,0.001000,0.0,0.0,0,0.0,0.0,0.0,ucrtbase.dll,memcpy,[Unknown],0x1800edb20
memset,0.001000,0.001000,0.0,0.0,0,0.0,0.0,,vcruntime140.dll,memset,[Unknown],0x1800126e0
round,0.001000,0.001000,0.0,0.0,8985000,50.0,50.0,0.666667,ucrtbase.dll,round,[Unknown],0x1800ab260
std::_Deallocate,0.001000,0.001000,0.0,0.0,0,0.0,0.0,0.0,frankycpp_v1.8.exe,std::_Deallocate,xmemory,0x14023312c
std::_Fnv1a_append_bytes,0.001000,0.001000,0.0,0.0,20965000,16.7,16.7,0.142857,frankycpp_v1.8.exe,std::_Fnv1a_append_bytes,type_traits,0x140282960
"std::_Func_impl_no_alloc<`config::ConfigRegistry::initializeEvalDefinitions'::`2'::<lambda_73>,void,config::SearchConfigData &,config::EvalConfigData &,std::basic_string<char,std::char_traits<char>,std::allocator<char> > const &>::_Delete_this",0.001000,0.001000,0.0,0.0,0,0.0,0.0,0.0,frankycpp_v1.8.exe,"std::_Func_impl_no_alloc<`config::ConfigRegistry::initializeEvalDefinitions'::`2'::<lambda_73>,void,config::SearchConfigData &,config::EvalConfigData &,std::basic_string<char,std::char_traits<char>,std::allocator<char> > const &>::_Delete_this(bool)",functional,0x1401f98a0
"std::_Hash<class std::_Umap_traits<unsigned __int64,class book::BookEntry,class std::_Uhash_compare<unsigned __int64,struct std::hash<unsigned __int64>,struct std::equal_to<unsigned __int64> >,class std::allocator<struct std::pair<unsigned __int64 const ,class book::BookEntry> >,0> >::emplace<struct std::pair<unsigned __int64 const ,class book::BookEntry> >",0.001000,0.001000,0.0,0.0,2995000,0.0,0.0,4.000000,frankycpp_v1.8.exe,"std::_Hash<class std::_Umap_traits<unsigned __int64,class book::BookEntry,class std::_Uhash_compare<unsigned __int64,struct std::hash<unsigned __int64>,struct std::equal_to<unsigned __int64> >,class std::allocator<struct std::pair<unsigned __int64 const ,class book::BookEntry> >,0> >::emplace<struct std::pair<unsigned __int64 const ,class book::BookEntry> >(struct std::pair<unsigned __int64 const ,class book::BookEntry> &&)",xhash,0x140288050
"std::_Hash<std::_Umap_traits<unsigned __int64,book::BookEntry,std::_Uhash_compare<unsigned __int64,std::hash<unsigned __int64>,std::equal_to<unsigned __int64> >,std::allocator<std::pair<unsigned __int64 const ,book::BookEntry> >,0> >::insert",0.001000,0.001000,0.0,0.0,2995000,,,0.0,frankycpp_v1.8.exe,"std::_Hash<std::_Umap_traits<unsigned __int64,book::BookEntry,std::_Uhash_compare<unsigned __int64,std::hash<unsigned __int64>,std::equal_to<unsigned __int64> >,std::allocator<std::pair<unsigned __int64 const ,book::BookEntry> >,0> >::insert",xhash,0x1402875f0
std::_Rng_abort,0.001000,0.001000,0.0,0.0,0,0.0,0.0,,msvcp140.dll,std::_Rng_abort(char const * __ptr64),[Unknown],0x180012330
"std::_Tree<std::_Tset_traits<boost::archive::detail::basic_iarchive_impl::cobject_type,std::less<boost::archive::detail::basic_iarchive_impl::cobject_type>,std::allocator<boost::archive::detail::basic_iarchive_impl::cobject_type>,0> >::insert",0.001000,0.001000,0.0,0.0,23960000,0.0,0.0,0.125000,frankycpp_v1.8.exe,"std::_Tree<std::_Tset_traits<boost::archive::detail::basic_iarchive_impl::cobject_type,std::less<boost::archive::detail::basic_iarchive_impl::cobject_type>,std::allocator<boost::archive::detail::basic_iarchive_impl::cobject_type>,0> >::insert",xtree,0x1402af778
"std::_Uninitialized_backout<std::_List_unchecked_iterator<std::_List_val<std::_List_simple_types<std::pair<unsigned __int64 const ,book::BookEntry> > > > *>::_Emplace_back",0.001000,0.001000,0.0,0.0,5990000,25.0,25.0,0.500000,frankycpp_v1.8.exe,"std::_Uninitialized_backout<std::_List_unchecked_iterator<std::_List_val<std::_List_simple_types<std::pair<unsigned __int64 const ,book::BookEntry> > > > *>::_Emplace_back",xmemory,0x14027f4c0
"std::array<chess::Bitboard,64>::operator[]",0.001000,0.001000,0.0,0.0,0,,,0.0,frankycpp_v1.8.exe,"std::array<chess::Bitboard,64>::operator[]",array,0x14026ab49
"std::array<chess::Bitboard,64>::operator[]",0.001000,0.001000,0.0,0.0,20965000,,,0.0,frankycpp_v1.8.exe,"std::array<chess::Bitboard,64>::operator[]",array,0x14025c46a
"std::array<chess::Bitboard,64>::operator[]",0.001000,0.001000,0.0,0.0,59900000,76.5,76.5,0.450000,frankycpp_v1.8.exe,"std::array<chess::Bitboard,64>::operator[]",array,0x1402699e4
"std::array<chess::Bitboard,64>::operator[]",0.001000,0.001000,0.0,0.0,38935000,,,0.615385,frankycpp_v1.8.exe,"std::array<chess::Bitboard,64>::operator[]",array,0x14026a024
"std::array<chess::Bitboard,64>::operator[]",0.001000,0.001000,0.0,0.0,26955000,,,0.222222,frankycpp_v1.8.exe,"std::array<chess::Bitboard,64>::operator[]",array,0x14026a7c2
"std::array<chess::Value,25>::operator[]",0.001000,0.001000,0.0,0.0,8985000,,,0.0,frankycpp_v1.8.exe,"std::array<chess::Value,25>::operator[]",array,0x140263eb4
"std::array<chess::Value,25>::operator[]",0.001000,0.001000,0.0,0.0,14975000,68.1,68.1,0.400000,frankycpp_v1.8.exe,"std::array<chess::Value,25>::operator[]",array,0x14026391a
"std::array<int,64>::operator[]",0.001000,0.001000,0.0,0.0,17970000,,,0.333333,frankycpp_v1.8.exe,"std::array<int,64>::operator[]",array,0x14026b03d
"std::array<int,64>::operator[]",0.001000,0.001000,0.0,0.0,23960000,50.0,50.0,0.250000,frankycpp_v1.8.exe,"std::array<int,64>::operator[]",array,0x140220a53
"std::array<unsigned __int64,9>::operator[]",0.001000,0.001000,0.0,0.0,2995000,50.0,50.0,1.000000,frankycpp_v1.8.exe,"std::array<unsigned __int64,9>::operator[]",array,0x14025c136
"std::basic_streambuf<char,std::char_traits<char> >::eback",0.001000,0.001000,0.0,0.0,2995000,0.0,0.0,0.0,frankycpp_v1.8.exe,"std::basic_streambuf<char,std::char_traits<char> >::eback",streambuf,0x14011a607
"std::basic_streambuf<char,std::char_traits<char> >::gbump",0.001000,0.001000,0.0,0.0,2995000,,,1.000000,frankycpp_v1.8.exe,"std::basic_streambuf<char,std::char_traits<char> >::gbump",streambuf,0x14011a5de
"std::basic_streambuf<char,struct std::char_traits<char> >::sgetn",0.001000,0.001000,0.0,0.0,50915000,83.3,83.3,0.176471,msvcp140.dll,"std::basic_streambuf<char,struct std::char_traits<char> >::sgetn(char * __ptr64,__int64)",[Unknown],0x180009110
std::countr_zero,0.001000,0.001000,0.0,0.0,5990000,0.0,0.0,0.0,frankycpp_v1.8.exe,std::countr_zero,bit,0x1402632aa
std::countr_zero,0.001000,0.001000,0.0,0.0,50915000,,,0.176471,frankycpp_v1.8.exe,std::countr_zero,bit,0x14026b080
std::countr_zero,0.001000,0.001000,0.0,0.0,5990000,,,1.000000,frankycpp_v1.8.exe,std::countr_zero,bit,0x14026ab97
std::countr_zero,0.001000,0.001000,0.0,0.0,17970000,24.0,24.0,1.666667,frankycpp_v1.8.exe,std::countr_zero,bit,0x140269fc0
std::equal_to<unsigned __int64>::operator(),0.001000,0.001000,0.0,0.0,0,0.0,0.0,0.0,frankycpp_v1.8.exe,std::equal_to<unsigned __int64>::operator(),xutility,0x1402880a4
std::ios_base::good,0.001000,0.001000,0.0,0.0,0,0.0,0.0,0.0,msvcp140.dll,std::ios_base::good(void),[Unknown],0x180008430
std::locale::facet::_Decref,0.001000,0.001000,0.0,0.0,0,0.0,0.0,0.0,msvcp140.dll,std::locale::facet::_Decref(void),[Unknown],0x180005a00
std::min,0.001000,0.001000,0.0,0.0,5990000,75.0,75.0,0.0,frankycpp_v1.8.exe,std::min,utility,0x14011a5c9
std::optional<engine::TT::Entry>::{ctor},0.001000,0.001000,0.0,0.0,2995000,,,0.0,frankycpp_v1.8.exe,std::optional<engine::TT::Entry>::{ctor},optional,0x14026d6b7
std::popcount,0.001000,0.001000,0.0,0.0,20965000,23.4,23.4,0.714286,frankycpp_v1.8.exe,std::popcount,bit,0x14026b255
std::popcount,0.001000,0.001000,0.0,0.0,47920000,100.0,100.0,0.437500,frankycpp_v1.8.exe,std::popcount,bit,0x14026a172
std::popcount,0.001000,0.001000,0.0,0.0,20965000,,,0.714286,frankycpp_v1.8.exe,std::popcount,bit,0x14026a0c8
std::popcount,0.001000,0.001000,0.0,0.0,8985000,,,0.0,frankycpp_v1.8.exe,std::popcount,bit,0x14026303b
std::ranges::_Guess_median_common,0.001000,0.001000,0.0,0.0,11980000,,,1.250000,frankycpp_v1.8.exe,std::ranges::_Guess_median_common,algorithm,0x140264343
"std::ranges::_Stable_sort_fn::_Stable_sort_common_buffered<chess::Move *,chess::moveValueGreaterComparator,std::identity>",0.001000,0.001000,0.0,0.0,0,0.0,0.0,0.0,frankycpp_v1.8.exe,"std::ranges::_Stable_sort_fn::_Stable_sort_common_buffered<chess::Move *,chess::moveValueGreaterComparator,std::identity>(class chess::Move *, class chess::Move *, const __int64, class chess::Move *, const __int64, struct chess::moveValueGreaterComparator, struct std::identity)",algorithm,0x140236ea0
std::ranges::_Swap::_Cpo::operator(),0.001000,0.001000,0.0,0.0,0,4.3,4.3,,frankycpp_v1.8.exe,std::ranges::_Swap::_Cpo::operator(),concepts,0x1402644a5
std::ranges::_Swap::_Cpo::operator(),0.001000,0.001000,0.0,0.0,8985000,,,0.666667,frankycpp_v1.8.exe,std::ranges::_Swap::_Cpo::operator(),concepts,0x140265125
std::ranges::_Swap::_Cpo::operator(),0.001000,0.001000,0.0,0.0,5990000,0.0,0.0,0.0,frankycpp_v1.8.exe,std::ranges::_Swap::_Cpo::operator(),concepts,0x140265148
std::ranges::_Swap::_Cpo::operator(),0.001000,0.001000,0.0,0.0,0,11.8,11.8,,frankycpp_v1.8.exe,std::ranges::_Swap::_Cpo::operator(),concepts,0x14026515e
"std::unique_ptr<engine::TT::TTCluster [0],std::default_delete<engine::TT::TTCluster [0]> >::operator[]",0.001000,0.001000,0.0,0.0,17970000,,,0.333333,frankycpp_v1.8.exe,"std::unique_ptr<engine::TT::TTCluster [0],std::default_delete<engine::TT::TTCluster [0]> >::operator[]",memory,0x14026d3ad
"std::unique_ptr<tablebase::Tablebase,std::default_delete<tablebase::Tablebase> >::operator bool",0.001000,0.001000,0.0,0.0,2995000,100.0,100.0,1.000000,frankycpp_v1.8.exe,"std::unique_ptr<tablebase::Tablebase,std::default_delete<tablebase::Tablebase> >::operator bool",memory,0x14021f631
"std::vector<chess::Move,std::allocator<chess::Move> >::resize",0.001000,0.001000,0.0,0.0,0,,,,frankycpp_v1.8.exe,"std::vector<chess::Move,std::allocator<chess::Move> >::resize",vector,0x140292762
"std::vector<unsigned __int64,std::allocator<unsigned __int64> >::_Tidy",0.001000,0.001000,0.0,0.0,8985000,20.0,20.0,0.333333,frankycpp_v1.8.exe,"std::vector<unsigned __int64,std::allocator<unsigned __int64> >::_Tidy",vector,0x1402330a9
"std::vector<unsigned __int64,std::allocator<unsigned __int64> >::resize",0.001000,0.001000,0.0,0.0,14975000,100.0,100.0,0.600000,frankycpp_v1.8.exe,"std::vector<unsigned __int64,std::allocator<unsigned __int64> >::resize",vector,0x1402929ac
ExAcquireCacheAwarePushLockSharedEx,0.0,0.0,0.0,0.0,2995000,0.0,0.0,0.0,ntoskrnl.exe,ExAcquireCacheAwarePushLockSharedEx,[Unknown],0x1402f09e0
ExReleaseSpinLockSharedFromDpcLevel,0.0,0.0,0.0,0.0,0,50.0,50.0,0.0,ntoskrnl.exe,ExReleaseSpinLockSharedFromDpcLevel,[Unknown],0x140210c80
FlsSetValue,0.0,0.0,0.0,0.0,2995000,0.0,0.0,0.0,kernelbase.dll,FlsSetValue,[Unknown],0x1800a2be0
FltReleaseContext,0.0,0.0,0.0,0.0,2995000,0.0,0.0,0.0,fltmgr.sys,FltReleaseContext,[Unknown],0x180003820
KeAddProcessorAffinityEx,0.0,0.0,0.0,0.0,0,50.0,50.0,0.0,ntoskrnl.exe,KeAddProcessorAffinityEx,[Unknown],0x140258260
KeAndAffinityEx2,0.0,0.0,0.0,0.0,11980000,75.0,75.0,0.0,ntoskrnl.exe,KeAndAffinityEx2,[Unknown],0x1402052e0
KeEnterGuardedRegion,0.0,0.0,0.0,0.0,2995000,0.0,0.0,0.0,ntoskrnl.exe,KeEnterGuardedRegion,[Unknown],0x1404140d0
KeGetCurrentIrql,0.0,0.0,0.0,0.0,11980000,13.5,13.5,0.500000,ntoskrnl.exe,KeGetCurrentIrql,[Unknown],0x140415150
KeGetCurrentProcessorNumberEx,0.0,0.0,0.0,0.0,2995000,0.0,0.0,0.0,ntoskrnl.exe,KeGetCurrentProcessorNumberEx,[Unknown],0x1403f94a0
KeInsertQueueDpc,0.0,0.0,0.0,0.0,2995000,0.0,0.0,0.0,ntoskrnl.exe,KeInsertQueueDpc,[Unknown],0x140255420
KeIsEmptyAffinityEx,0.0,0.0,0.0,0.0,2995000,0.0,0.0,0.0,ntoskrnl.exe,KeIsEmptyAffinityEx,[Unknown],0x1403baf40
LdrShutdownThread,0.0,0.0,0.0,0.0,2995000,0.0,0.0,0.0,ntdll.dll,LdrShutdownThread,[Unknown],0x18008c760
MmUnlockPages,0.0,0.0,0.0,0.0,0,11.1,11.1,,ntoskrnl.exe,MmUnlockPages,[Unknown],0x140269060
NdisFSendNetBufferLists,0.0,0.0,0.0,0.0,2995000,0.0,0.0,0.0,ndis.sys,NdisFSendNetBufferLists,[Unknown],0x14001e3f0
RtlAnsiCharToUnicodeChar,0.0,0.0,0.0,0.0,2995000,0.0,0.0,0.0,ntdll.dll,RtlAnsiCharToUnicodeChar,[Unknown],0x1800cdd30
RtlCopyMemory,0.0,0.0,0.0,0.0,2995000,0.0,0.0,0.0,ntdll.dll,RtlCopyMemory,[Unknown],0x1801671c0
RtlFlsGetValue,0.0,0.0,0.0,0.0,2995000,0.0,0.0,0.0,ntdll.dll,RtlFlsGetValue,[Unknown],0x1800dc3b0
RtlImageNtHeader,0.0,0.0,0.0,0.0,2995000,0.0,0.0,0.0,ntoskrnl.exe,RtlImageNtHeader,[Unknown],0x14043cdb0
RtlLeaveCriticalSection,0.0,0.0,0.0,0.0,0,12.9,12.9,,ntdll.dll,RtlLeaveCriticalSection,[Unknown],0x18000d8f0
WdLogSingleEntry2,0.0,0.0,0.0,0.0,2995000,0.0,0.0,0.0,watchdog.sys,WdLogSingleEntry2,[Unknown],0x140001f80
WdLogSingleEntry3,0.0,0.0,0.0,0.0,5990000,,,0.0,watchdog.sys,WdLogSingleEntry3,[Unknown],0x1400018b0
YAML::RegEx::MatchOpOr,0.0,0.0,0.0,0.0,2995000,0.0,0.0,0.0,frankycpp_v1.8.exe,YAML::RegEx::MatchOpOr,regeximpl.h,0x1402f3150
YAML::Stream::StreamInUtf8,0.0,0.0,0.0,0.0,2995000,0.0,0.0,0.0,frankycpp_v1.8.exe,YAML::Stream::StreamInUtf8,stream.cpp,0x1402ffb8a
[Import thunk _std_type_info_compare],0.0,0.0,0.0,0.0,11980000,50.0,50.0,0.750000,frankycpp_v1.8.exe,[Import thunk _std_type_info_compare],[Unknown],0x14061b89e
[Import thunk memset],0.0,0.0,0.0,0.0,2995000,0.0,0.0,0.0,frankycpp_v1.8.exe,[Import thunk memset],[Unknown],0x14061b8d4
_stdio_common_vsprintf_s,0.0,0.0,0.0,0.0,2995000,0.0,0.0,0.0,ucrtbase.dll,_stdio_common_vsprintf_s,[Unknown],0x1800187f0
book::BookEntry::serialize,0.0,0.0,0.0,0.0,2995000,50.0,50.0,0.0,frankycpp_v1.8.exe,book::BookEntry::serialize,bookentry.h,0x14028d01b
boost::archive::basic_binary_iarchive<boost::archive::binary_iarchive>::load_override,0.0,0.0,0.0,0.0,11980000,100.0,100.0,0.0,frankycpp_v1.8.exe,boost::archive::basic_binary_iarchive<boost::archive::binary_iarchive>::load_override,basic_binary_iarchive.hpp,0x140288d9f
"boost::archive::basic_binary_iprimitive<boost::archive::binary_iarchive,char,std::char_traits<char> >::load_binary",0.0,0.0,0.0,0.0,5990000,50.0,50.0,1.000000,frankycpp_v1.8.exe,"boost::archive::basic_binary_iprimitive<boost::archive::binary_iarchive,char,std::char_traits<char> >::load_binary",basic_binary_iprimitive.hpp,0x140281724
"boost::archive::basic_binary_iprimitive<boost::archive::binary_iarchive,char,std::char_traits<char> >::load_binary",0.0,0.0,0.0,0.0,2995000,0.0,0.0,0.0,frankycpp_v1.8.exe,"boost::archive::basic_binary_iprimitive<boost::archive::binary_iarchive,char,std::char_traits<char> >::load_binary",basic_binary_iprimitive.hpp,0x14028ee64
"boost::archive::basic_binary_iprimitive<boost::archive::binary_iarchive,char,std::char_traits<char> >::load_binary",0.0,0.0,0.0,0.0,2995000,100.0,100.0,0.0,frankycpp_v1.8.exe,"boost::archive::basic_binary_iprimitive<boost::archive::binary_iarchive,char,std::char_traits<char> >::load_binary",basic_binary_iprimitive.hpp,0x14028c0d4
"boost::archive::basic_binary_iprimitive<class boost::archive::binary_iarchive,char,struct std::char_traits<char> >::load_binary",0.0,0.0,0.0,0.0,2995000,50.0,50.0,0.0,frankycpp_v1.8.exe,"boost::archive::basic_binary_iprimitive<class boost::archive::binary_iarchive,char,struct std::char_traits<char> >::load_binary(void *,unsigned __int64)",basic_binary_iprimitive.hpp,0x140285820
boost::archive::detail::basic_iarchive::get_library_version,0.0,0.0,0.0,0.0,29950000,70.0,70.0,0.100000,frankycpp_v1.8.exe,boost::archive::detail::basic_iarchive::get_library_version(void),basic_iarchive.cpp,0x1402aeea0
boost::archive::detail::basic_iarchive_impl::load_preamble,0.0,0.0,0.0,0.0,23960000,100.0,100.0,0.375000,frankycpp_v1.8.exe,"boost::archive::detail::basic_iarchive_impl::load_preamble(class boost::archive::detail::basic_iarchive &,class boost::archive::detail::basic_iarchive_impl::cobject_id &)",basic_iarchive.cpp,0x1402af580
boost::archive::detail::common_iarchive<boost::archive::binary_iarchive>::load_override,0.0,0.0,0.0,0.0,5990000,0.0,0.0,0.0,frankycpp_v1.8.exe,boost::archive::detail::common_iarchive<boost::archive::binary_iarchive>::load_override,common_iarchive.hpp,0x14028edf2
boost::archive::detail::common_iarchive<boost::archive::binary_iarchive>::load_override,0.0,0.0,0.0,0.0,5990000,50.0,50.0,0.0,frankycpp_v1.8.exe,boost::archive::detail::common_iarchive<boost::archive::binary_iarchive>::load_override,common_iarchive.hpp,0x14028170b
boost::archive::detail::common_iarchive<boost::archive::binary_iarchive>::load_override,0.0,0.0,0.0,0.0,2995000,,,0.0,frankycpp_v1.8.exe,boost::archive::detail::common_iarchive<boost::archive::binary_iarchive>::load_override,common_iarchive.hpp,0x14028c062
boost::archive::detail::common_iarchive<boost::archive::binary_iarchive>::load_override,0.0,0.0,0.0,0.0,2995000,,,0.0,frankycpp_v1.8.exe,boost::archive::detail::common_iarchive<boost::archive::binary_iarchive>::load_override,common_iarchive.hpp,0x14028ee50
boost::archive::detail::common_iarchive<boost::archive::binary_iarchive>::load_override,0.0,0.0,0.0,0.0,2995000,,,0.0,frankycpp_v1.8.exe,boost::archive::detail::common_iarchive<boost::archive::binary_iarchive>::load_override,common_iarchive.hpp,0x140292969
boost::archive::detail::interface_iarchive<boost::archive::binary_iarchive>::This,0.0,0.0,0.0,0.0,0,50.0,50.0,0.0,frankycpp_v1.8.exe,boost::archive::detail::interface_iarchive<boost::archive::binary_iarchive>::This,interface_iarchive.hpp,0x14028edff
boost::archive::detail::interface_iarchive<boost::archive::binary_iarchive>::This,0.0,0.0,0.0,0.0,2995000,,,0.0,frankycpp_v1.8.exe,boost::archive::detail::interface_iarchive<boost::archive::binary_iarchive>::This,interface_iarchive.hpp,0x14028d030
boost::archive::detail::interface_iarchive<boost::archive::binary_iarchive>::This,0.0,0.0,0.0,0.0,2995000,0.0,0.0,0.0,frankycpp_v1.8.exe,boost::archive::detail::interface_iarchive<boost::archive::binary_iarchive>::This,interface_iarchive.hpp,0x14028ee5d
boost::archive::detail::interface_iarchive<boost::archive::binary_iarchive>::This,0.0,0.0,0.0,0.0,2995000,,,0.0,frankycpp_v1.8.exe,boost::archive::detail::interface_iarchive<boost::archive::binary_iarchive>::This,interface_iarchive.hpp,0x140288dc3
boost::archive::detail::interface_iarchive<boost::archive::binary_iarchive>::This,0.0,0.0,0.0,0.0,2995000,0.0,0.0,0.0,frankycpp_v1.8.exe,boost::archive::detail::interface_iarchive<boost::archive::binary_iarchive>::This,interface_iarchive.hpp,0x14028d084
boost::archive::detail::interface_iarchive<class boost::archive::binary_iarchive>::operator>><unsigned int>,0.0,0.0,0.0,0.0,2995000,0.0,0.0,1.000000,frankycpp_v1.8.exe,boost::archive::detail::interface_iarchive<class boost::archive::binary_iarchive>::operator>><unsigned int>(unsigned int &),interface_iarchive.hpp,0x1402816f0
"boost::archive::detail::iserializer<class boost::archive::binary_iarchive,class book::BookEntry>::load_object_data",0.0,0.0,0.0,0.0,5990000,,,0.0,frankycpp_v1.8.exe,"boost::archive::detail::iserializer<class boost::archive::binary_iarchive,class book::BookEntry>::load_object_data(class boost::archive::detail::basic_iarchive &,void *,unsigned int)",iserializer.hpp,0x14028cfd0
"boost::archive::detail::iserializer<class boost::archive::binary_iarchive,class book::BookEntry>::version",0.0,0.0,0.0,0.0,2995000,0.0,0.0,0.0,frankycpp_v1.8.exe,"boost::archive::detail::iserializer<class boost::archive::binary_iarchive,class book::BookEntry>::version(void)",iserializer.hpp,0x14028d150
"boost::archive::detail::iserializer<class boost::archive::binary_iarchive,class std::vector<unsigned __int64,class std::allocator<unsigned __int64> > >::load_object_data",0.0,0.0,0.0,0.0,2995000,,,0.0,frankycpp_v1.8.exe,"boost::archive::detail::iserializer<class boost::archive::binary_iarchive,class std::vector<unsigned __int64,class std::allocator<unsigned __int64> > >::load_object_data(class boost::archive::detail::basic_iarchive &,void *,unsigned int)",iserializer.hpp,0x140290920
"boost::archive::detail::iserializer<class boost::archive::binary_iarchive,struct std::pair<unsigned __int64 const ,class book::BookEntry> >::load_object_data",0.0,0.0,0.0,0.0,26955000,25.0,25.0,0.222222,frankycpp_v1.8.exe,"boost::archive::detail::iserializer<class boost::archive::binary_iarchive,struct std::pair<unsigned __int64 const ,class book::BookEntry> >::load_object_data(class boost::archive::detail::basic_iarchive &,void *,unsigned int)",iserializer.hpp,0x14028ace0
boost::archive::detail::load_non_pointer_type<boost::archive::binary_iarchive>::load_standard::invoke,0.0,0.0,0.0,0.0,2995000,0.0,0.0,0.0,frankycpp_v1.8.exe,boost::archive::detail::load_non_pointer_type<boost::archive::binary_iarchive>::load_standard::invoke,iserializer.hpp,0x14028c076
boost::archive::detail::load_non_pointer_type<boost::archive::binary_iarchive>::load_standard::invoke,0.0,0.0,0.0,0.0,2995000,,,0.0,frankycpp_v1.8.exe,boost::archive::detail::load_non_pointer_type<boost::archive::binary_iarchive>::load_standard::invoke,iserializer.hpp,0x1402893d6
boost::archive::object_id_type::operator=,0.0,0.0,0.0,0.0,2995000,0.0,0.0,0.0,frankycpp_v1.8.exe,boost::archive::object_id_type::operator=,basic_archive.hpp,0x1402af057
boost::archive::object_id_type::operator=,0.0,0.0,0.0,0.0,8985000,0.0,0.0,0.333333,frankycpp_v1.8.exe,boost::archive::object_id_type::operator=,basic_archive.hpp,0x1402aeee0
boost::archive::object_id_type::{ctor},0.0,0.0,0.0,0.0,0,33.3,33.3,0.0,frankycpp_v1.8.exe,boost::archive::object_id_type::{ctor},basic_archive.hpp,0x1402aef96
boost::archive::version_type::{ctor},0.0,0.0,0.0,0.0,2995000,0.0,0.0,0.0,frankycpp_v1.8.exe,boost::archive::version_type::{ctor},basic_archive.hpp,0x1402903e0
boost::archive::version_type::{ctor},0.0,0.0,0.0,0.0,2995000,0.0,0.0,0.0,frankycpp_v1.8.exe,boost::archive::version_type::{ctor},basic_archive.hpp,0x14028d150
boost::archive::version_type::{ctor},0.0,0.0,0.0,0.0,2995000,,,0.0,frankycpp_v1.8.exe,boost::archive::version_type::{ctor},basic_archive.hpp,0x140294710
boost::archive::version_type::{ctor},0.0,0.0,0.0,0.0,5990000,0.0,0.0,0.0,frankycpp_v1.8.exe,boost::archive::version_type::{ctor},basic_archive.hpp,0x14028ae10
"boost::serialization::free_loader<boost::archive::binary_iarchive,boost::serialization::nvp<book::BookEntry> >::invoke",0.0,0.0,0.0,0.0,8985000,0.0,0.0,0.333333,frankycpp_v1.8.exe,"boost::serialization::free_loader<boost::archive::binary_iarchive,boost::serialization::nvp<book::BookEntry> >::invoke",split_free.hpp,0x14028ad72
"boost::serialization::free_loader<boost::archive::binary_iarchive,chess::Move>::invoke",0.0,0.0,0.0,0.0,2995000,0.0,0.0,0.0,frankycpp_v1.8.exe,"boost::serialization::free_loader<boost::archive::binary_iarchive,chess::Move>::invoke",split_free.hpp,0x140294920
boost::serialization::load,0.0,0.0,0.0,0.0,8985000,100.0,100.0,0.0,frankycpp_v1.8.exe,boost::serialization::load,vector.hpp,0x14029022a
"boost::serialization::load<class boost::archive::binary_iarchive,class book::BookEntry>",0.0,0.0,0.0,0.0,5990000,0.0,0.0,0.0,frankycpp_v1.8.exe,"boost::serialization::load<class boost::archive::binary_iarchive,class book::BookEntry>(class boost::archive::binary_iarchive &,class boost::serialization::nvp<class book::BookEntry> &,unsigned int)",nvp.hpp,0x14028c050
"boost::serialization::load<class boost::archive::binary_iarchive,class boost::serialization::item_version_type>",0.0,0.0,0.0,0.0,2995000,100.0,100.0,1.000000,frankycpp_v1.8.exe,"boost::serialization::load<class boost::archive::binary_iarchive,class boost::serialization::item_version_type>(class boost::archive::binary_iarchive &,class boost::serialization::nvp<class boost::serialization::item_version_type> &,unsigned int)",nvp.hpp,0x140288c60
"boost::serialization::load<class boost::archive::binary_iarchive,unsigned int>",0.0,0.0,0.0,0.0,2995000,50.0,50.0,0.0,frankycpp_v1.8.exe,"boost::serialization::load<class boost::archive::binary_iarchive,unsigned int>(class boost::archive::binary_iarchive &,class boost::serialization::nvp<unsigned int> &,unsigned int)",nvp.hpp,0x140294000
boost::serialization::nvp<boost::serialization::item_version_type>::{ctor},0.0,0.0,0.0,0.0,2995000,0.0,0.0,0.0,frankycpp_v1.8.exe,boost::serialization::nvp<boost::serialization::item_version_type>::{ctor},nvp.hpp,0x140290286
"boost::serialization::nvp<std::vector<unsigned __int64,std::allocator<unsigned __int64> > >::{ctor}",0.0,0.0,0.0,0.0,5990000,,,0.500000,frankycpp_v1.8.exe,"boost::serialization::nvp<std::vector<unsigned __int64,std::allocator<unsigned __int64> > >::{ctor}",nvp.hpp,0x14028d098
"boost::serialization::singleton<class boost::archive::detail::iserializer<class boost::archive::binary_iarchive,class book::BookEntry> >::get_instance",0.0,0.0,0.0,0.0,8985000,100.0,100.0,0.333333,frankycpp_v1.8.exe,"boost::serialization::singleton<class boost::archive::detail::iserializer<class boost::archive::binary_iarchive,class book::BookEntry> >::get_instance(void)",singleton.hpp,0x14028d5c0
"boost::serialization::singleton<class boost::archive::detail::iserializer<class boost::archive::binary_iarchive,class std::vector<unsigned __int64,class std::allocator<unsigned __int64> > > >::get_instance",0.0,0.0,0.0,0.0,8985000,33.3,33.3,0.666667,frankycpp_v1.8.exe,"boost::serialization::singleton<class boost::archive::detail::iserializer<class boost::archive::binary_iarchive,class std::vector<unsigned __int64,class std::allocator<unsigned __int64> > > >::get_instance(void)",singleton.hpp,0x140291090
"boost::serialization::singleton<class boost::archive::detail::iserializer<class boost::archive::binary_iarchive,struct std::pair<unsigned __int64 const ,class book::BookEntry> > >::get_instance",0.0,0.0,0.0,0.0,2995000,0.0,0.0,0.0,frankycpp_v1.8.exe,"boost::serialization::singleton<class boost::archive::detail::iserializer<class boost::archive::binary_iarchive,struct std::pair<unsigned __int64 const ,class book::BookEntry> > >::get_instance(void)",singleton.hpp,0x14028b150
"boost::serialization::smart_cast_reference<boost::archive::binary_iarchive &,boost::archive::detail::basic_iarchive>",0.0,0.0,0.0,0.0,2995000,,,0.0,frankycpp_v1.8.exe,"boost::serialization::smart_cast_reference<boost::archive::binary_iarchive &,boost::archive::detail::basic_iarchive>(class boost::archive::detail::basic_iarchive & const)",smart_cast.hpp,0x140286660
"boost::serialization::stl::collection_load_impl<class boost::archive::binary_iarchive,class std::vector<class chess::Move,class std::allocator<class chess::Move> > >",0.0,0.0,0.0,0.0,5990000,25.0,25.0,1.500000,frankycpp_v1.8.exe,"boost::serialization::stl::collection_load_impl<class boost::archive::binary_iarchive,class std::vector<class chess::Move,class std::allocator<class chess::Move> > >(class boost::archive::binary_iarchive &,class std::vector<class chess::Move,class std::allocator<class chess::Move> > &,class boost::serialization::collection_size_type,class boost::serialization::item_version_type)",collections_load_imp.hpp,0x140292740
chess::Attacks::detail::sliding_attack,0.0,0.0,0.0,0.0,8985000,37.5,37.5,0.0,frankycpp_v1.8.exe,"chess::Attacks::detail::sliding_attack(class chess::Direction const * const,class chess::Square,class chess::Bitboard)",attacks.cpp,0x14016c6d0
chess::Bitboard::operator bool,0.0,0.0,0.0,0.0,5990000,0.0,0.0,0.0,frankycpp_v1.8.exe,chess::Bitboard::operator bool,bitboard.h,0x14026ab69
chess::Bitboard::operator bool,0.0,0.0,0.0,0.0,8985000,20.5,20.5,1.333333,frankycpp_v1.8.exe,chess::Bitboard::operator bool,bitboard.h,0x140263470
chess::Bitboard::operator^=,0.0,0.0,0.0,0.0,2995000,0.0,0.0,1.000000,frankycpp_v1.8.exe,chess::Bitboard::operator^=,bitboard.h,0x14025c5fe
chess::Bitboard::operator|=,0.0,0.0,0.0,0.0,2995000,,,0.0,frankycpp_v1.8.exe,chess::Bitboard::operator|=,bitboard.h,0x14016c722
chess::Bitboard::operator|=,0.0,0.0,0.0,0.0,29950000,58.7,58.7,1.100000,frankycpp_v1.8.exe,chess::Bitboard::operator|=,bitboard.h,0x140263066
chess::Bitboard::popLSB,0.0,0.0,0.0,0.0,8985000,100.0,100.0,0.666667,frankycpp_v1.8.exe,chess::Bitboard::popLSB,bitboard.h,0x1402639b2
chess::Bitboard::popLSB,0.0,0.0,0.0,0.0,5990000,50.0,50.0,0.0,frankycpp_v1.8.exe,chess::Bitboard::popLSB,bitboard.h,0x14026ab40
chess::Bitboard::popLSB,0.0,0.0,0.0,0.0,5990000,71.0,71.0,0.500000,frankycpp_v1.8.exe,chess::Bitboard::popLSB,bitboard.h,0x14026b080
chess::Bitboard::popLSB,0.0,0.0,0.0,0.0,2995000,15.2,15.2,1.000000,frankycpp_v1.8.exe,chess::Bitboard::popLSB,bitboard.h,0x140263900
chess::Bitboard::popLSB,0.0,0.0,0.0,0.0,17970000,,,0.500000,frankycpp_v1.8.exe,chess::Bitboard::popLSB,bitboard.h,0x140263703
chess::Bitboard::popLSB,0.0,0.0,0.0,0.0,8985000,33.3,33.3,0.666667,frankycpp_v1.8.exe,chess::Bitboard::popLSB,bitboard.h,0x14026ab97
chess::Bitboard::{ctor},0.0,0.0,0.0,0.0,5990000,,,1.000000,frankycpp_v1.8.exe,chess::Bitboard::{ctor},bitboard.h,0x1402637ef
chess::Color::{ctor},0.0,0.0,0.0,0.0,2995000,0.0,0.0,0.0,frankycpp_v1.8.exe,chess::Color::{ctor},color.h,0x1402610f9
chess::Direction::operator int,0.0,0.0,0.0,0.0,2995000,,,1.000000,frankycpp_v1.8.exe,chess::Direction::operator int,direction.h,0x140263537
chess::Direction::pawnPush,0.0,0.0,0.0,0.0,11980000,100.0,100.0,0.0,frankycpp_v1.8.exe,chess::Direction::pawnPush,direction.h,0x1402636f8
chess::Direction::pawnPush,0.0,0.0,0.0,0.0,2995000,0.0,0.0,0.0,frankycpp_v1.8.exe,chess::Direction::pawnPush,direction.h,0x1402635fc
chess::Direction::pawnPush,0.0,0.0,0.0,0.0,14975000,66.7,66.7,0.400000,frankycpp_v1.8.exe,chess::Direction::pawnPush,direction.h,0x14025c5a8
chess::Direction::pawnPush,0.0,0.0,0.0,0.0,2995000,,,0.0,frankycpp_v1.8.exe,chess::Direction::pawnPush,direction.h,0x140263853
chess::Direction::pawnPush,0.0,0.0,0.0,0.0,2995000,0.0,0.0,0.0,frankycpp_v1.8.exe,chess::Direction::pawnPush,direction.h,0x1402634f8
chess::Direction::{ctor},0.0,0.0,0.0,0.0,5990000,0.0,0.0,1.000000,frankycpp_v1.8.exe,chess::Direction::{ctor},direction.h,0x1402637c0
chess::Move::encode,0.0,0.0,0.0,0.0,8985000,,,0.333333,frankycpp_v1.8.exe,chess::Move::encode,move.h,0x140263714
chess::Move::encode,0.0,0.0,0.0,0.0,2995000,0.0,0.0,0.0,frankycpp_v1.8.exe,chess::Move::encode,move.h,0x140263891
chess::Move::from,0.0,0.0,0.0,0.0,0,50.0,50.0,0.0,frankycpp_v1.8.exe,chess::Move::from,move.h,0x14025bf88
chess::Move::isNone,0.0,0.0,0.0,0.0,2995000,0.0,0.0,1.000000,frankycpp_v1.8.exe,chess::Move::isNone,move.h,0x14021f0f0
chess::Move::operator==,0.0,0.0,0.0,0.0,8985000,,,0.0,frankycpp_v1.8.exe,chess::Move::operator==,PVTable.h,0x14022144b
chess::Move::promotionType,0.0,0.0,0.0,0.0,2995000,,,1.000000,frankycpp_v1.8.exe,chess::Move::promotionType,move.h,0x14025bcba
chess::Move::to,0.0,0.0,0.0,0.0,17970000,8.3,8.3,0.333333,frankycpp_v1.8.exe,chess::Move::to,move.h,0x1402209d0
chess::Move::to,0.0,0.0,0.0,0.0,2995000,37.5,37.5,1.000000,frankycpp_v1.8.exe,chess::Move::to,move.h,0x140220a1b
chess::Move::type,0.0,0.0,0.0,0.0,11980000,0.0,0.0,0.500000,frankycpp_v1.8.exe,chess::Move::type,move.h,0x1402209e9
chess::Move::{ctor},0.0,0.0,0.0,0.0,14975000,,,0.600000,frankycpp_v1.8.exe,chess::Move::{ctor},move.h,0x140263914
chess::MoveGenerator::generateLegalMoves,0.0,0.0,0.0,0.0,11980000,11.8,11.8,0.500000,frankycpp_v1.8.exe,"chess::MoveGenerator::generateLegalMoves(class chess::Position const &,enum chess::GenMode)",MoveGenerator.cpp,0x140260d40
chess::MoveGenerator::storeKiller,0.0,0.0,0.0,0.0,14975000,,,0.800000,frankycpp_v1.8.exe,chess::MoveGenerator::storeKiller(class chess::Move),MoveGenerator.cpp,0x140260fc0
chess::MoveGenerator::validateMove,0.0,0.0,0.0,0.0,2995000,25.0,25.0,0.0,frankycpp_v1.8.exe,"chess::MoveGenerator::validateMove(class chess::Position const &,class chess::Move)",MoveGenerator.cpp,0x140260ff0
chess::Position::clearEnPassant,0.0,0.0,0.0,0.0,8985000,57.2,57.2,0.333333,frankycpp_v1.8.exe,chess::Position::clearEnPassant,Position.cpp,0x14025c124
chess::Position::getCastlingRights,0.0,0.0,0.0,0.0,2995000,,,0.0,frankycpp_v1.8.exe,chess::Position::getCastlingRights,Position.h,0x140264091
chess::Position::getPiece,0.0,0.0,0.0,0.0,2995000,0.0,0.0,0.0,frankycpp_v1.8.exe,chess::Position::getPiece,Position.h,0x1402632af
chess::Position::isCapturingMove,0.0,0.0,0.0,0.0,2995000,,,1.000000,frankycpp_v1.8.exe,chess::Position::isCapturingMove,Position.h,0x1402209c8
chess::Position::isCapturingMove,0.0,0.0,0.0,0.0,5990000,100.0,100.0,0.0,frankycpp_v1.8.exe,chess::Position::isCapturingMove,Position.h,0x140220a13
chess::Rank::operator int,0.0,0.0,0.0,0.0,11980000,33.3,33.3,0.250000,frankycpp_v1.8.exe,chess::Rank::operator int,rank.h,0x14026123c
chess::Square::file,0.0,0.0,0.0,0.0,2995000,0.0,0.0,0.0,frankycpp_v1.8.exe,chess::Square::file,square.h,0x14025bc8c
chess::Square::isValid,0.0,0.0,0.0,0.0,2995000,0.0,0.0,0.0,frankycpp_v1.8.exe,chess::Square::isValid,square.h,0x14016c6e1
chess::Square::rank,0.0,0.0,0.0,0.0,2995000,0.0,0.0,1.000000,frankycpp_v1.8.exe,chess::Square::rank,square.h,0x14026123e
chess::StaticMoveList<128>::push_back,0.0,0.0,0.0,0.0,2995000,0.0,0.0,1.000000,frankycpp_v1.8.exe,chess::StaticMoveList<128>::push_back,staticmovelist.h,0x14021ef31
chess::StaticMoveList<256>::at,0.0,0.0,0.0,0.0,2995000,0.0,0.0,0.0,frankycpp_v1.8.exe,chess::StaticMoveList<256>::at,staticmovelist.h,0x14021ef05
chess::StaticMoveList<256>::end,0.0,0.0,0.0,0.0,0,50.0,50.0,,frankycpp_v1.8.exe,chess::StaticMoveList<256>::end,staticmovelist.h,0x14026100b
chess::StaticMoveList<256>::push_back,0.0,0.0,0.0,0.0,0,50.0,50.0,,frankycpp_v1.8.exe,chess::StaticMoveList<256>::push_back,staticmovelist.h,0x1402640d3
chess::StaticMoveList<256>::push_back,0.0,0.0,0.0,0.0,2995000,7.4,7.4,3.000000,frankycpp_v1.8.exe,chess::StaticMoveList<256>::push_back,staticmovelist.h,0x140263632
chess::StaticMoveList<256>::push_back,0.0,0.0,0.0,0.0,2995000,25.0,25.0,0.0,frankycpp_v1.8.exe,chess::StaticMoveList<256>::push_back,staticmovelist.h,0x140264132
chess::Value::isValid,0.0,0.0,0.0,0.0,0,10.5,10.5,,frankycpp_v1.8.exe,chess::Value::isValid,value.h,0x14021f4f7
chess::Value::operator int,0.0,0.0,0.0,0.0,8985000,11.4,11.4,0.666667,frankycpp_v1.8.exe,chess::Value::operator int,value.h,0x140220115
chess::Value::operator int,0.0,0.0,0.0,0.0,23960000,46.5,46.5,0.375000,frankycpp_v1.8.exe,chess::Value::operator int,value.h,0x14021fa1e
chess::Value::operator int,0.0,0.0,0.0,0.0,2995000,0.0,0.0,0.0,frankycpp_v1.8.exe,chess::Value::operator int,value.h,0x14021f531
chess::Value::operator int,0.0,0.0,0.0,0.0,17970000,,,0.0,frankycpp_v1.8.exe,chess::Value::operator int,value.h,0x14021f4f7
chess::Value::{ctor},0.0,0.0,0.0,0.0,2995000,0.0,0.0,0.0,frankycpp_v1.8.exe,chess::Value::{ctor},value.h,0x140220b1f
chess::colorOf,0.0,0.0,0.0,0.0,0,51.3,51.3,,frankycpp_v1.8.exe,chess::colorOf,piece.h,0x1402610ce
chess::moveValueGreaterComparator::operator(),0.0,0.0,0.0,0.0,2995000,11.1,11.1,3.000000,frankycpp_v1.8.exe,chess::moveValueGreaterComparator::operator(),move.h,0x1402643e0
chess::moveValueGreaterComparator::operator(),0.0,0.0,0.0,0.0,5990000,42.3,42.3,1.500000,frankycpp_v1.8.exe,chess::moveValueGreaterComparator::operator(),move.h,0x140265105
chess::moveValueGreaterComparator::operator(),0.0,0.0,0.0,0.0,2995000,,,1.000000,frankycpp_v1.8.exe,chess::moveValueGreaterComparator::operator(),move.h,0x14023a280
chess::operator!=,0.0,0.0,0.0,0.0,5990000,80.0,80.0,1.500000,frankycpp_v1.8.exe,chess::operator!=,color.h,0x14026a283
chess::operator&,0.0,0.0,0.0,0.0,8985000,51.9,51.9,1.000000,frankycpp_v1.8.exe,chess::operator&,bitboard.h,0x1402209d7
chess::operator&,0.0,0.0,0.0,0.0,8985000,,,0.0,frankycpp_v1.8.exe,chess::operator&,bitboard.h,0x14025c425
chess::operator&,0.0,0.0,0.0,0.0,8985000,40.0,40.0,0.333333,frankycpp_v1.8.exe,chess::operator&,bitboard.h,0x1402637c7
chess::operator&,0.0,0.0,0.0,0.0,14975000,38.9,38.9,0.800000,frankycpp_v1.8.exe,chess::operator&,bitboard.h,0x14029eb2b
chess::operator&,0.0,0.0,0.0,0.0,2995000,16.7,16.7,3.000000,frankycpp_v1.8.exe,chess::operator&,bitboard.h,0x1402640f4
chess::operator&,0.0,0.0,0.0,0.0,8985000,93.5,93.5,0.333333,frankycpp_v1.8.exe,chess::operator&,bitboard.h,0x14029ea4f
chess::operator&,0.0,0.0,0.0,0.0,5990000,0.0,0.0,0.0,frankycpp_v1.8.exe,chess::operator&,bitboard.h,0x14026a1cd
chess::operator&,0.0,0.0,0.0,0.0,5990000,,,0.0,frankycpp_v1.8.exe,chess::operator&,bitboard.h,0x140263f5a
chess::operator&,0.0,0.0,0.0,0.0,2995000,33.3,33.3,1.000000,frankycpp_v1.8.exe,chess::operator&,bitboard.h,0x1402635ef
chess::operator&,0.0,0.0,0.0,0.0,2995000,,,0.0,frankycpp_v1.8.exe,chess::operator&,bitboard.h,0x140261353
chess::operator*,0.0,0.0,0.0,0.0,2995000,40.1,40.1,3.000000,frankycpp_v1.8.exe,chess::operator*,value.h,0x1402699d5
chess::operator+,0.0,0.0,0.0,0.0,14975000,,,0.400000,frankycpp_v1.8.exe,chess::operator+,castlingrights.h,0x14025bc48
chess::operator+,0.0,0.0,0.0,0.0,29950000,,,0.400000,frankycpp_v1.8.exe,chess::operator+,direction.h,0x14026393d
chess::operator+,0.0,0.0,0.0,0.0,2995000,,,0.0,frankycpp_v1.8.exe,chess::operator+,direction.h,0x14016c6f0
chess::operator+,0.0,0.0,0.0,0.0,2995000,33.3,33.3,0.0,frankycpp_v1.8.exe,chess::operator+,depth.h,0x14021fcb1
chess::operator+,0.0,0.0,0.0,0.0,11980000,,,0.250000,frankycpp_v1.8.exe,chess::operator+,value.h,0x14021fbd2
chess::operator+,0.0,0.0,0.0,0.0,2995000,100.0,100.0,2.000000,frankycpp_v1.8.exe,chess::operator+,value.h,0x140221774
chess::operator+=,0.0,0.0,0.0,0.0,20965000,,,0.0,frankycpp_v1.8.exe,chess::operator+=,value.h,0x14026a242
chess::operator+=,0.0,0.0,0.0,0.0,11980000,50.0,50.0,0.0,frankycpp_v1.8.exe,chess::operator+=,depth.h,0x14021fc8e
chess::operator+=,0.0,0.0,0.0,0.0,5990000,,,0.0,frankycpp_v1.8.exe,chess::operator+=,depth.h,0x140220524
chess::operator+=,0.0,0.0,0.0,0.0,5990000,0.0,0.0,0.0,frankycpp_v1.8.exe,chess::operator+=,value.h,0x14021fa4d
chess::operator-,0.0,0.0,0.0,0.0,2995000,10.5,10.5,1.000000,frankycpp_v1.8.exe,chess::operator-,value.h,0x14021efee
chess::operator-,0.0,0.0,0.0,0.0,2995000,0.0,0.0,0.0,frankycpp_v1.8.exe,chess::operator-,direction.h,0x1402632bb
chess::operator-,0.0,0.0,0.0,0.0,2995000,0.0,0.0,0.0,frankycpp_v1.8.exe,chess::operator-,depth.h,0x14021f081
chess::operator==,0.0,0.0,0.0,0.0,11980000,,,0.500000,frankycpp_v1.8.exe,chess::operator==,castlingrights.h,0x14021f619
chess::operator==,0.0,0.0,0.0,0.0,0,25.0,25.0,0.0,frankycpp_v1.8.exe,chess::operator==,castlingrights.h,0x1402640ee
chess::operator>,0.0,0.0,0.0,0.0,2995000,100.0,100.0,0.0,frankycpp_v1.8.exe,chess::operator>,value.h,0x14021fac6
chess::operator>=,0.0,0.0,0.0,0.0,5990000,0.0,0.0,0.0,frankycpp_v1.8.exe,chess::operator>=,value.h,0x140220073
chess::operator|,0.0,0.0,0.0,0.0,17970000,,,0.500000,frankycpp_v1.8.exe,chess::operator|,bitboard.h,0x14029e70a
chess::operator|,0.0,0.0,0.0,0.0,8985000,,,0.0,frankycpp_v1.8.exe,chess::operator|,bitboard.h,0x140263780
chess::operator~,0.0,0.0,0.0,0.0,11980000,,,0.250000,frankycpp_v1.8.exe,chess::operator~,color.h,0x140220a13
chess::operator~,0.0,0.0,0.0,0.0,2995000,0.0,0.0,1.000000,frankycpp_v1.8.exe,chess::operator~,color.h,0x14025c87c
chess::operator~,0.0,0.0,0.0,0.0,8985000,,,0.0,frankycpp_v1.8.exe,chess::operator~,color.h,0x140263e27
chess::typeOf,0.0,0.0,0.0,0.0,2995000,0.0,0.0,1.000000,frankycpp_v1.8.exe,chess::typeOf,piece.h,0x1402632b5
chess::valueOf,0.0,0.0,0.0,0.0,17970000,,,0.333333,frankycpp_v1.8.exe,chess::valueOf,value.h,0x14029e703
chess::valueOf,0.0,0.0,0.0,0.0,2995000,0.0,0.0,1.000000,frankycpp_v1.8.exe,chess::valueOf,value.h,0x14026386c
engine::PVTable::update,0.0,0.0,0.0,0.0,5990000,,,0.0,frankycpp_v1.8.exe,engine::PVTable::update,PVTable.h,0x14021f13c
engine::PawnTT::Entry::{ctor},0.0,0.0,0.0,0.0,2995000,16.7,16.7,2.000000,frankycpp_v1.8.exe,engine::PawnTT::Entry::{ctor},PawnTT.h,0x1402677f0
engine::Search::thread,0.0,0.0,0.0,0.0,23960000,12.7,12.7,0.625000,frankycpp_v1.8.exe,engine::Search::thread,Search.h,0x14021fa66
engine::Search::thread,0.0,0.0,0.0,0.0,2995000,0.0,0.0,0.0,frankycpp_v1.8.exe,engine::Search::thread,Search.h,0x140220a56
engine::SearchResult::SearchResult,0.0,0.0,0.0,0.0,0,100.0,100.0,0.0,frankycpp_v1.8.exe,engine::SearchResult::SearchResult(class chess::Position const &),SearchResult.h,0x1402141f0
engine::SearchThreadData::lmr_reduction_log,0.0,0.0,0.0,0.0,14975000,0.0,0.0,0.0,frankycpp_v1.8.exe,engine::SearchThreadData::lmr_reduction_log,SearchThreadData.h,0x140216826
engine::SearchThreadData::regenerateLmrTable,0.0,0.0,0.0,0.0,8985000,0.0,0.0,0.333333,frankycpp_v1.8.exe,"engine::SearchThreadData::regenerateLmrTable(bool,double)",SearchThreadData.h,0x1402167f0
engine::SearchThreadData::resetForNewSearch,0.0,0.0,0.0,0.0,2995000,0.0,0.0,1.000000,frankycpp_v1.8.exe,"engine::SearchThreadData::resetForNewSearch(class chess::Position const &,class engine::PawnTT *,bool,double,bool)",SearchThreadData.h,0x140216340
free_base,0.0,0.0,0.0,0.0,2995000,10.3,10.3,1.000000,ucrtbase.dll,free_base,[Unknown],0x18001e0e0
func@0x140002053,0.0,0.0,0.0,0.0,0,33.3,33.3,,usbpcap.sys,func@0x140002053,[Unknown],0x140002053
func@0x140002ce0,0.0,0.0,0.0,0.0,2995000,0.0,0.0,0.0,partmgr.sys,func@0x140002ce0,[Unknown],0x140002ce0
func@0x140004e50,0.0,0.0,0.0,0.0,2995000,0.0,0.0,1.000000,wpprecorder.sys,func@0x140004e50,[Unknown],0x140004e50
func@0x140004f80,0.0,0.0,0.0,0.0,17970000,25.0,25.0,0.500000,wpprecorder.sys,func@0x140004f80,[Unknown],0x140004f80
func@0x140008b04,0.0,0.0,0.0,0.0,2995000,0.0,0.0,0.0,dxgmms2.sys,func@0x140008b04,[Unknown],0x140008b04
func@0x14000bc50,0.0,0.0,0.0,0.0,2995000,0.0,0.0,0.0,wdf01000.sys,func@0x14000bc50,[Unknown],0x14000bc50
func@0x14000d5e0,0.0,0.0,0.0,0.0,2995000,12.5,12.5,3.000000,dxgmms2.sys,func@0x14000d5e0,[Unknown],0x14000d5e0
func@0x14000d928,0.0,0.0,0.0,0.0,2995000,0.0,0.0,2.000000,dxgmms2.sys,func@0x14000d928,[Unknown],0x14000d928
func@0x14000e060,0.0,0.0,0.0,0.0,5990000,,,0.500000,netio.sys,func@0x14000e060,[Unknown],0x14000e060
func@0x140012780,0.0,0.0,0.0,0.0,0,50.0,50.0,,dxgkrnl.sys,func@0x140012780,[Unknown],0x140012780
func@0x140013c80,0.0,0.0,0.0,0.0,0,14.3,14.3,,dxgmms2.sys,func@0x140013c80,[Unknown],0x140013c80
func@0x140013f80,0.0,0.0,0.0,0.0,0,20.0,20.0,0.0,usbxhci.sys,func@0x140013f80,[Unknown],0x140013f80
func@0x140015574,0.0,0.0,0.0,0.0,2995000,0.0,0.0,1.000000,dxgmms2.sys,func@0x140015574,[Unknown],0x140015574
func@0x140015d90,0.0,0.0,0.0,0.0,2995000,100.0,100.0,1.000000,dxgmms2.sys,func@0x140015d90,[Unknown],0x140015d90
func@0x14001672d,0.0,0.0,0.0,0.0,2995000,5.0,5.0,2.000000,wdf01000.sys,func@0x14001672d,[Unknown],0x14001672d
func@0x140017e90,0.0,0.0,0.0,0.0,2995000,0.0,0.0,0.0,usbxhci.sys,func@0x140017e90,[Unknown],0x140017e90
func@0x140019150,0.0,0.0,0.0,0.0,2995000,25.0,25.0,2.000000,usbxhci.sys,func@0x140019150,[Unknown],0x140019150
func@0x14001ba00,0.0,0.0,0.0,0.0,0,10.0,10.0,,usbxhci.sys,func@0x14001ba00,[Unknown],0x14001ba00
func@0x140020320,0.0,0.0,0.0,0.0,2995000,0.0,0.0,0.0,nvlddmkm.sys,func@0x140020320,[Unknown],0x140020320
func@0x1400223c0,0.0,0.0,0.0,0.0,2995000,0.0,0.0,0.0,usbxhci.sys,func@0x1400223c0,[Unknown],0x1400223c0
func@0x1400235a2,0.0,0.0,0.0,0.0,2995000,0.0,0.0,0.0,usbxhci.sys,func@0x1400235a2,[Unknown],0x1400235a2
func@0x140024760,0.0,0.0,0.0,0.0,0,50.0,50.0,,usbxhci.sys,func@0x140024760,[Unknown],0x140024760
func@0x1400258c0,0.0,0.0,0.0,0.0,2995000,50.0,50.0,0.0,wdf01000.sys,func@0x1400258c0,[Unknown],0x1400258c0
func@0x140028da5,0.0,0.0,0.0,0.0,0,100.0,100.0,,dxgmms2.sys,func@0x140028da5,[Unknown],0x140028da5
func@0x140035354,0.0,0.0,0.0,0.0,0,100.0,100.0,0.0,dxgmms2.sys,func@0x140035354,[Unknown],0x140035354
func@0x140048214,0.0,0.0,0.0,0.0,2995000,0.0,0.0,0.0,dxgmms2.sys,func@0x140048214,[Unknown],0x140048214
func@0x140055e50,0.0,0.0,0.0,0.0,2995000,0.0,0.0,0.0,dxgmms2.sys,func@0x140055e50,[Unknown],0x140055e50
func@0x14005b920,0.0,0.0,0.0,0.0,2995000,0.0,0.0,0.0,wdf01000.sys,func@0x14005b920,[Unknown],0x14005b920
func@0x140067c00,0.0,0.0,0.0,0.0,2995000,0.0,0.0,2.000000,e2fn.sys,func@0x140067c00,[Unknown],0x140067c00
func@0x1400e1430,0.0,0.0,0.0,0.0,2995000,0.0,0.0,1.000000,nvlddmkm.sys,func@0x1400e1430,[Unknown],0x1400e1430
func@0x1400e4d50,0.0,0.0,0.0,0.0,2995000,0.0,0.0,1.000000,nvlddmkm.sys,func@0x1400e4d50,[Unknown],0x1400e4d50
func@0x1400f9a50,0.0,0.0,0.0,0.0,2995000,0.0,0.0,0.0,nvlddmkm.sys,func@0x1400f9a50,[Unknown],0x1400f9a50
func@0x1400fa320,0.0,0.0,0.0,0.0,0,33.3,33.3,,nvlddmkm.sys,func@0x1400fa320,[Unknown],0x1400fa320
func@0x140102650,0.0,0.0,0.0,0.0,5990000,0.0,0.0,0.0,nvlddmkm.sys,func@0x140102650,[Unknown],0x140102650
func@0x140102710,0.0,0.0,0.0,0.0,2995000,100.0,100.0,1.000000,nvlddmkm.sys,func@0x140102710,[Unknown],0x140102710
func@0x1401076a0,0.0,0.0,0.0,0.0,2995000,0.0,0.0,0.0,nvlddmkm.sys,func@0x1401076a0,[Unknown],0x1401076a0
func@0x140122ef0,0.0,0.0,0.0,0.0,2995000,10.0,10.0,0.0,nvlddmkm.sys,func@0x140122ef0,[Unknown],0x140122ef0
func@0x140123d30,0.0,0.0,0.0,0.0,2995000,0.0,0.0,0.0,nvlddmkm.sys,func@0x140123d30,[Unknown],0x140123d30
func@0x140127050,0.0,0.0,0.0,0.0,2995000,0.0,0.0,0.0,nvlddmkm.sys,func@0x140127050,[Unknown],0x140127050
func@0x1401278c0,0.0,0.0,0.0,0.0,0,50.0,50.0,0.0,nvlddmkm.sys,func@0x1401278c0,[Unknown],0x1401278c0
func@0x140144a50,0.0,0.0,0.0,0.0,2995000,0.0,0.0,0.0,nvlddmkm.sys,func@0x140144a50,[Unknown],0x140144a50
func@0x140164db0,0.0,0.0,0.0,0.0,29950000,45.5,45.5,0.600000,nvlddmkm.sys,func@0x140164db0,[Unknown],0x140164db0
func@0x140167520,0.0,0.0,0.0,0.0,2995000,,,0.0,nvlddmkm.sys,func@0x140167520,[Unknown],0x140167520
func@0x140168760,0.0,0.0,0.0,0.0,2995000,0.0,0.0,0.0,nvlddmkm.sys,func@0x140168760,[Unknown],0x140168760
func@0x140200e20,0.0,0.0,0.0,0.0,11980000,16.7,16.7,0.250000,ntoskrnl.exe,func@0x140200e20,[Unknown],0x140200e20
func@0x140201130,0.0,0.0,0.0,0.0,0,16.7,16.7,,ntoskrnl.exe,func@0x140201130,[Unknown],0x140201130
func@0x1402018d0,0.0,0.0,0.0,0.0,2995000,0.0,0.0,0.0,ntoskrnl.exe,func@0x1402018d0,[Unknown],0x1402018d0
func@0x140202192,0.0,0.0,0.0,0.0,2995000,100.0,100.0,1.000000,ntoskrnl.exe,func@0x140202192,[Unknown],0x140202192
func@0x1402022c0,0.0,0.0,0.0,0.0,2995000,0.0,0.0,0.0,ntoskrnl.exe,func@0x1402022c0,[Unknown],0x1402022c0
func@0x140202640,0.0,0.0,0.0,0.0,2995000,60.0,60.0,0.0,ntoskrnl.exe,func@0x140202640,[Unknown],0x140202640
func@0x14020536d,0.0,0.0,0.0,0.0,2995000,0.0,0.0,0.0,ntoskrnl.exe,func@0x14020536d,[Unknown],0x14020536d
func@0x140206940,0.0,0.0,0.0,0.0,2995000,0.0,0.0,0.0,ntoskrnl.exe,func@0x140206940,[Unknown],0x140206940
func@0x140211cd0,0.0,0.0,0.0,0.0,2995000,,,0.0,ntoskrnl.exe,func@0x140211cd0,[Unknown],0x140211cd0
func@0x1402121c0,0.0,0.0,0.0,0.0,2995000,0.0,0.0,0.0,ntoskrnl.exe,func@0x1402121c0,[Unknown],0x1402121c0
func@0x1402142b0,0.0,0.0,0.0,0.0,2995000,,,0.0,ntoskrnl.exe,func@0x1402142b0,[Unknown],0x1402142b0
func@0x140216290,0.0,0.0,0.0,0.0,2995000,0.0,0.0,0.0,ntoskrnl.exe,func@0x140216290,[Unknown],0x140216290
func@0x140216750,0.0,0.0,0.0,0.0,2995000,,,1.000000,ntoskrnl.exe,func@0x140216750,[Unknown],0x140216750
func@0x140217b4e,0.0,0.0,0.0,0.0,0,25.0,25.0,,ntoskrnl.exe,func@0x140217b4e,[Unknown],0x140217b4e
func@0x14021d340,0.0,0.0,0.0,0.0,2995000,0.0,0.0,1.000000,ntoskrnl.exe,func@0x14021d340,[Unknown],0x14021d340
func@0x14021e510,0.0,0.0,0.0,0.0,17970000,36.0,36.0,0.833333,ntoskrnl.exe,func@0x14021e510,[Unknown],0x14021e510
func@0x14021f980,0.0,0.0,0.0,0.0,2995000,0.0,0.0,0.0,ntoskrnl.exe,func@0x14021f980,[Unknown],0x14021f980
func@0x140220590,0.0,0.0,0.0,0.0,2995000,0.0,0.0,0.0,ntoskrnl.exe,func@0x140220590,[Unknown],0x140220590
func@0x14023f270,0.0,0.0,0.0,0.0,0,50.0,50.0,0.0,ntoskrnl.exe,func@0x14023f270,[Unknown],0x14023f270
func@0x14023f8c0,0.0,0.0,0.0,0.0,2995000,0.0,0.0,1.000000,ntoskrnl.exe,func@0x14023f8c0,[Unknown],0x14023f8c0
func@0x1402445b1,0.0,0.0,0.0,0.0,2995000,0.0,0.0,1.000000,ntoskrnl.exe,func@0x1402445b1,[Unknown],0x1402445b1
func@0x14024c650,0.0,0.0,0.0,0.0,0,100.0,100.0,0.0,ntoskrnl.exe,func@0x14024c650,[Unknown],0x14024c650
func@0x140252fe0,0.0,0.0,0.0,0.0,2995000,0.0,0.0,0.0,ntoskrnl.exe,func@0x140252fe0,[Unknown],0x140252fe0
func@0x140255e80,0.0,0.0,0.0,0.0,2995000,,,0.0,ntoskrnl.exe,func@0x140255e80,[Unknown],0x140255e80
func@0x140256040,0.0,0.0,0.0,0.0,2995000,0.0,0.0,0.0,ntoskrnl.exe,func@0x140256040,[Unknown],0x140256040
func@0x140258f50,0.0,0.0,0.0,0.0,2995000,,,0.0,ntoskrnl.exe,func@0x140258f50,[Unknown],0x140258f50
func@0x14025a6f0,0.0,0.0,0.0,0.0,2995000,0.0,0.0,0.0,ntoskrnl.exe,func@0x14025a6f0,[Unknown],0x14025a6f0
func@0x14025ad00,0.0,0.0,0.0,0.0,2995000,0.0,0.0,0.0,ntoskrnl.exe,func@0x14025ad00,[Unknown],0x14025ad00
func@0x14025e090,0.0,0.0,0.0,0.0,2995000,33.3,33.3,1.000000,nvlddmkm.sys,func@0x14025e090,[Unknown],0x14025e090
func@0x14025eb90,0.0,0.0,0.0,0.0,0,25.0,25.0,0.0,nvlddmkm.sys,func@0x14025eb90,[Unknown],0x14025eb90
func@0x14025f23d,0.0,0.0,0.0,0.0,2995000,0.0,0.0,0.0,ntoskrnl.exe,func@0x14025f23d,[Unknown],0x14025f23d
func@0x1402702c0,0.0,0.0,0.0,0.0,2995000,0.0,0.0,0.0,ntoskrnl.exe,func@0x1402702c0,[Unknown],0x1402702c0
func@0x140273340,0.0,0.0,0.0,0.0,5990000,20.0,20.0,0.500000,ntoskrnl.exe,func@0x140273340,[Unknown],0x140273340
func@0x1402820ea,0.0,0.0,0.0,0.0,2995000,0.0,0.0,0.0,ntoskrnl.exe,func@0x1402820ea,[Unknown],0x1402820ea
func@0x140283c5a,0.0,0.0,0.0,0.0,0,100.0,100.0,0.0,ntoskrnl.exe,func@0x140283c5a,[Unknown],0x140283c5a
func@0x140286820,0.0,0.0,0.0,0.0,20965000,66.7,66.7,0.0,ntoskrnl.exe,func@0x140286820,[Unknown],0x140286820
func@0x14028d660,0.0,0.0,0.0,0.0,2995000,0.0,0.0,0.0,ntoskrnl.exe,func@0x14028d660,[Unknown],0x14028d660
func@0x14028d773,0.0,0.0,0.0,0.0,2995000,0.0,0.0,0.0,ntoskrnl.exe,func@0x14028d773,[Unknown],0x14028d773
func@0x140292ac2,0.0,0.0,0.0,0.0,0,12.5,12.5,,ntoskrnl.exe,func@0x140292ac2,[Unknown],0x140292ac2
func@0x140299530,0.0,0.0,0.0,0.0,2995000,0.0,0.0,0.0,nvlddmkm.sys,func@0x140299530,[Unknown],0x140299530
func@0x140299705,0.0,0.0,0.0,0.0,2995000,0.0,0.0,0.0,ntoskrnl.exe,func@0x140299705,[Unknown],0x140299705
func@0x14029bb80,0.0,0.0,0.0,0.0,2995000,0.0,0.0,0.0,ntoskrnl.exe,func@0x14029bb80,[Unknown],0x14029bb80
func@0x14029c7cc,0.0,0.0,0.0,0.0,14975000,,,0.0,ntoskrnl.exe,func@0x14029c7cc,[Unknown],0x14029c7cc
func@0x14029d4f0,0.0,0.0,0.0,0.0,2995000,100.0,100.0,0.0,ntoskrnl.exe,func@0x14029d4f0,[Unknown],0x14029d4f0
func@0x14029e348,0.0,0.0,0.0,0.0,2995000,0.0,0.0,0.0,ntoskrnl.exe,func@0x14029e348,[Unknown],0x14029e348
func@0x14029e900,0.0,0.0,0.0,0.0,0,100.0,100.0,0.0,ntoskrnl.exe,func@0x14029e900,[Unknown],0x14029e900
func@0x14029ef7c,0.0,0.0,0.0,0.0,2995000,,,1.000000,ntoskrnl.exe,func@0x14029ef7c,[Unknown],0x14029ef7c
func@0x1402b4ee0,0.0,0.0,0.0,0.0,11980000,,,0.0,ntoskrnl.exe,func@0x1402b4ee0,[Unknown],0x1402b4ee0
func@0x1402b4fcc,0.0,0.0,0.0,0.0,5990000,0.0,0.0,0.0,ntoskrnl.exe,func@0x1402b4fcc,[Unknown],0x1402b4fcc
func@0x1402b8658,0.0,0.0,0.0,0.0,2995000,0.0,0.0,0.0,ntoskrnl.exe,func@0x1402b8658,[Unknown],0x1402b8658
func@0x1402b8716,0.0,0.0,0.0,0.0,0,100.0,100.0,,ntoskrnl.exe,func@0x1402b8716,[Unknown],0x1402b8716
func@0x1402b890e,0.0,0.0,0.0,0.0,2995000,0.0,0.0,0.0,ntoskrnl.exe,func@0x1402b890e,[Unknown],0x1402b890e
func@0x1402b9770,0.0,0.0,0.0,0.0,2995000,0.0,0.0,0.0,ntoskrnl.exe,func@0x1402b9770,[Unknown],0x1402b9770
func@0x1402b9b70,0.0,0.0,0.0,0.0,8985000,0.0,0.0,0.333333,ntoskrnl.exe,func@0x1402b9b70,[Unknown],0x1402b9b70
func@0x1402baad0,0.0,0.0,0.0,0.0,2995000,,,0.0,ntoskrnl.exe,func@0x1402baad0,[Unknown],0x1402baad0
func@0x1402ccd00,0.0,0.0,0.0,0.0,2995000,0.0,0.0,0.0,ntoskrnl.exe,func@0x1402ccd00,[Unknown],0x1402ccd00
func@0x1402cd910,0.0,0.0,0.0,0.0,0,25.0,25.0,0.0,ntoskrnl.exe,func@0x1402cd910,[Unknown],0x1402cd910
func@0x1402d5fda,0.0,0.0,0.0,0.0,2995000,0.0,0.0,0.0,ntoskrnl.exe,func@0x1402d5fda,[Unknown],0x1402d5fda
func@0x1402d6520,0.0,0.0,0.0,0.0,5990000,,,0.500000,ntoskrnl.exe,func@0x1402d6520,[Unknown],0x1402d6520
func@0x1402d6cc0,0.0,0.0,0.0,0.0,2995000,25.0,25.0,0.0,ntoskrnl.exe,func@0x1402d6cc0,[Unknown],0x1402d6cc0
func@0x1402d77d0,0.0,0.0,0.0,0.0,2995000,,,1.000000,ntoskrnl.exe,func@0x1402d77d0,[Unknown],0x1402d77d0
func@0x1402d7ba7,0.0,0.0,0.0,0.0,2995000,0.0,0.0,1.000000,ntoskrnl.exe,func@0x1402d7ba7,[Unknown],0x1402d7ba7
func@0x1402d7e5c,0.0,0.0,0.0,0.0,0,50.0,50.0,0.0,ntoskrnl.exe,func@0x1402d7e5c,[Unknown],0x1402d7e5c
func@0x1402d8fe2,0.0,0.0,0.0,0.0,2995000,0.0,0.0,0.0,ntoskrnl.exe,func@0x1402d8fe2,[Unknown],0x1402d8fe2
func@0x1402e74d4,0.0,0.0,0.0,0.0,2995000,0.0,0.0,0.0,ntoskrnl.exe,func@0x1402e74d4,[Unknown],0x1402e74d4
func@0x1402ea260,0.0,0.0,0.0,0.0,2995000,0.0,0.0,0.0,ntoskrnl.exe,func@0x1402ea260,[Unknown],0x1402ea260
func@0x14030471c,0.0,0.0,0.0,0.0,2995000,0.0,0.0,1.000000,ntoskrnl.exe,func@0x14030471c,[Unknown],0x14030471c
func@0x14030f5f0,0.0,0.0,0.0,0.0,2995000,0.0,0.0,1.000000,nvlddmkm.sys,func@0x14030f5f0,[Unknown],0x14030f5f0
func@0x140318a00,0.0,0.0,0.0,0.0,2995000,100.0,100.0,1.000000,ntoskrnl.exe,func@0x140318a00,[Unknown],0x140318a00
func@0x140318b33,0.0,0.0,0.0,0.0,2995000,0.0,0.0,0.0,ntoskrnl.exe,func@0x140318b33,[Unknown],0x140318b33
func@0x140318f38,0.0,0.0,0.0,0.0,0,14.3,14.3,0.0,ntoskrnl.exe,func@0x140318f38,[Unknown],0x140318f38
func@0x14031a15b,0.0,0.0,0.0,0.0,5990000,66.7,66.7,1.000000,ntoskrnl.exe,func@0x14031a15b,[Unknown],0x14031a15b
func@0x14031aa50,0.0,0.0,0.0,0.0,2995000,0.0,0.0,0.0,ntoskrnl.exe,func@0x14031aa50,[Unknown],0x14031aa50
func@0x14031e708,0.0,0.0,0.0,0.0,2995000,0.0,0.0,0.0,ntoskrnl.exe,func@0x14031e708,[Unknown],0x14031e708
func@0x140327b30,0.0,0.0,0.0,0.0,5990000,9.3,9.3,1.500000,ntoskrnl.exe,func@0x140327b30,[Unknown],0x140327b30
func@0x14032df50,0.0,0.0,0.0,0.0,0,13.8,13.8,,ntoskrnl.exe,func@0x14032df50,[Unknown],0x14032df50
func@0x14033d620,0.0,0.0,0.0,0.0,2995000,0.0,0.0,5.000000,ntoskrnl.exe,func@0x14033d620,[Unknown],0x14033d620
func@0x14033e830,0.0,0.0,0.0,0.0,8985000,,,0.0,ntoskrnl.exe,func@0x14033e830,[Unknown],0x14033e830
func@0x14033eab0,0.0,0.0,0.0,0.0,2995000,100.0,100.0,0.0,ntoskrnl.exe,func@0x14033eab0,[Unknown],0x14033eab0
func@0x140341424,0.0,0.0,0.0,0.0,0,100.0,100.0,0.0,ntoskrnl.exe,func@0x140341424,[Unknown],0x140341424
func@0x140342948,0.0,0.0,0.0,0.0,5990000,14.8,14.8,0.500000,ntoskrnl.exe,func@0x140342948,[Unknown],0x140342948
func@0x1403455ab,0.0,0.0,0.0,0.0,2995000,,,1.000000,ntoskrnl.exe,func@0x1403455ab,[Unknown],0x1403455ab
func@0x140395cf0,0.0,0.0,0.0,0.0,2995000,0.0,0.0,4.000000,nvlddmkm.sys,func@0x140395cf0,[Unknown],0x140395cf0
func@0x140399120,0.0,0.0,0.0,0.0,2995000,0.0,0.0,0.0,ntoskrnl.exe,func@0x140399120,[Unknown],0x140399120
func@0x14039d4e0,0.0,0.0,0.0,0.0,8985000,66.7,66.7,0.0,nvlddmkm.sys,func@0x14039d4e0,[Unknown],0x14039d4e0
func@0x1403b3ba0,0.0,0.0,0.0,0.0,2995000,,,0.0,ntoskrnl.exe,func@0x1403b3ba0,[Unknown],0x1403b3ba0
func@0x1403c7560,0.0,0.0,0.0,0.0,5990000,0.0,0.0,0.0,ntoskrnl.exe,func@0x1403c7560,[Unknown],0x1403c7560
func@0x1403c76eb,0.0,0.0,0.0,0.0,2995000,0.0,0.0,2.000000,ntoskrnl.exe,func@0x1403c76eb,[Unknown],0x1403c76eb
func@0x1403d1190,0.0,0.0,0.0,0.0,2995000,0.0,0.0,4.000000,ntoskrnl.exe,func@0x1403d1190,[Unknown],0x1403d1190
func@0x1403dc0e0,0.0,0.0,0.0,0.0,2995000,0.0,0.0,0.0,ntoskrnl.exe,func@0x1403dc0e0,[Unknown],0x1403dc0e0
func@0x1403ea340,0.0,0.0,0.0,0.0,2995000,0.0,0.0,1.000000,ntoskrnl.exe,func@0x1403ea340,[Unknown],0x1403ea340
func@0x1403fdcb8,0.0,0.0,0.0,0.0,2995000,0.0,0.0,0.0,ntoskrnl.exe,func@0x1403fdcb8,[Unknown],0x1403fdcb8
func@0x1403fe380,0.0,0.0,0.0,0.0,2995000,0.0,0.0,0.0,ntoskrnl.exe,func@0x1403fe380,[Unknown],0x1403fe380
func@0x1403ff130,0.0,0.0,0.0,0.0,2995000,0.0,0.0,0.0,ntoskrnl.exe,func@0x1403ff130,[Unknown],0x1403ff130
func@0x1404063e0,0.0,0.0,0.0,0.0,2995000,0.0,0.0,0.0,ntoskrnl.exe,func@0x1404063e0,[Unknown],0x1404063e0
func@0x140410241,0.0,0.0,0.0,0.0,2995000,0.0,0.0,0.0,ntoskrnl.exe,func@0x140410241,[Unknown],0x140410241
func@0x1404206c0,0.0,0.0,0.0,0.0,2995000,0.0,0.0,2.000000,ntoskrnl.exe,func@0x1404206c0,[Unknown],0x1404206c0
func@0x1404206e2,0.0,0.0,0.0,0.0,8985000,27.3,27.3,0.333333,ntoskrnl.exe,func@0x1404206e2,[Unknown],0x1404206e2
func@0x140420730,0.0,0.0,0.0,0.0,2995000,0.0,0.0,0.0,ntoskrnl.exe,func@0x140420730,[Unknown],0x140420730
func@0x1404259b0,0.0,0.0,0.0,0.0,5990000,0.0,0.0,0.0,ntoskrnl.exe,func@0x1404259b0,[Unknown],0x1404259b0
func@0x140437dc0,0.0,0.0,0.0,0.0,2995000,0.0,0.0,0.0,ntoskrnl.exe,func@0x140437dc0,[Unknown],0x140437dc0
func@0x14043dbb0,0.0,0.0,0.0,0.0,2995000,0.0,0.0,0.0,ntoskrnl.exe,func@0x14043dbb0,[Unknown],0x14043dbb0
func@0x140445670,0.0,0.0,0.0,0.0,2995000,,,0.0,ntoskrnl.exe,func@0x140445670,[Unknown],0x140445670
func@0x1404e49e0,0.0,0.0,0.0,0.0,0,100.0,100.0,0.0,ntoskrnl.exe,func@0x1404e49e0,[Unknown],0x1404e49e0
func@0x1404e579c,0.0,0.0,0.0,0.0,2995000,0.0,0.0,0.0,ntoskrnl.exe,func@0x1404e579c,[Unknown],0x1404e579c
func@0x1404f0740,0.0,0.0,0.0,0.0,0,50.0,50.0,,ntoskrnl.exe,func@0x1404f0740,[Unknown],0x1404f0740
func@0x1405e1574,0.0,0.0,0.0,0.0,17970000,13.8,13.8,0.333333,ntoskrnl.exe,func@0x1405e1574,[Unknown],0x1405e1574
func@0x1406841d0,0.0,0.0,0.0,0.0,2995000,0.0,0.0,2.000000,nvlddmkm.sys,func@0x1406841d0,[Unknown],0x1406841d0
func@0x1406a8ea0,0.0,0.0,0.0,0.0,2995000,50.0,50.0,0.0,nvlddmkm.sys,func@0x1406a8ea0,[Unknown],0x1406a8ea0
func@0x1406b2cb0,0.0,0.0,0.0,0.0,2995000,0.0,0.0,0.0,ntoskrnl.exe,func@0x1406b2cb0,[Unknown],0x1406b2cb0
func@0x1406b5220,0.0,0.0,0.0,0.0,5990000,0.0,0.0,0.0,ntoskrnl.exe,func@0x1406b5220,[Unknown],0x1406b5220
func@0x140846773,0.0,0.0,0.0,0.0,0,50.0,50.0,0.0,ntoskrnl.exe,func@0x140846773,[Unknown],0x140846773
func@0x140914a60,0.0,0.0,0.0,0.0,2995000,0.0,0.0,1.000000,ntoskrnl.exe,func@0x140914a60,[Unknown],0x140914a60
func@0x140abde80,0.0,0.0,0.0,0.0,2995000,0.0,0.0,0.0,ntoskrnl.exe,func@0x140abde80,[Unknown],0x140abde80
func@0x140b71216,0.0,0.0,0.0,0.0,2995000,0.0,0.0,0.0,ntoskrnl.exe,func@0x140b71216,[Unknown],0x140b71216
func@0x140bb82c0,0.0,0.0,0.0,0.0,2995000,0.0,0.0,0.0,ntoskrnl.exe,func@0x140bb82c0,[Unknown],0x140bb82c0
func@0x140c842d0,0.0,0.0,0.0,0.0,0,50.0,50.0,,nvlddmkm.sys,func@0x140c842d0,[Unknown],0x140c842d0
func@0x140c97c50,0.0,0.0,0.0,0.0,2995000,0.0,0.0,0.0,nvlddmkm.sys,func@0x140c97c50,[Unknown],0x140c97c50
func@0x140c97cf0,0.0,0.0,0.0,0.0,0,50.0,50.0,,nvlddmkm.sys,func@0x140c97cf0,[Unknown],0x140c97cf0
func@0x140cd6550,0.0,0.0,0.0,0.0,8985000,0.0,0.0,0.0,nvlddmkm.sys,func@0x140cd6550,[Unknown],0x140cd6550
func@0x140ce8f40,0.0,0.0,0.0,0.0,2995000,0.0,0.0,0.0,nvlddmkm.sys,func@0x140ce8f40,[Unknown],0x140ce8f40
func@0x140d0dc70,0.0,0.0,0.0,0.0,2995000,0.0,0.0,0.0,nvlddmkm.sys,func@0x140d0dc70,[Unknown],0x140d0dc70
func@0x180008044,0.0,0.0,0.0,0.0,2995000,11.1,11.1,1.000000,fltmgr.sys,func@0x180008044,[Unknown],0x180008044
func@0x18000b520,0.0,0.0,0.0,0.0,5990000,16.7,16.7,0.500000,fltmgr.sys,func@0x18000b520,[Unknown],0x18000b520
func@0x18000bb90,0.0,0.0,0.0,0.0,2995000,0.0,0.0,1.000000,ntdll.dll,func@0x18000bb90,[Unknown],0x18000bb90
func@0x18000e04a,0.0,0.0,0.0,0.0,2995000,0.0,0.0,0.0,fltmgr.sys,func@0x18000e04a,[Unknown],0x18000e04a
func@0x180011ea0,0.0,0.0,0.0,0.0,2995000,0.0,0.0,0.0,hidclass.sys,func@0x180011ea0,[Unknown],0x180011ea0
func@0x18001a7fe,0.0,0.0,0.0,0.0,2995000,0.0,0.0,0.0,ucrtbase.dll,func@0x18001a7fe,[Unknown],0x18001a7fe
func@0x18001cf4a,0.0,0.0,0.0,0.0,5990000,0.0,0.0,0.0,ntdll.dll,func@0x18001cf4a,[Unknown],0x18001cf4a
func@0x18001dc17,0.0,0.0,0.0,0.0,2995000,0.0,0.0,0.0,ntdll.dll,func@0x18001dc17,[Unknown],0x18001dc17
func@0x180035270,0.0,0.0,0.0,0.0,2995000,0.0,0.0,0.0,ntdll.dll,func@0x180035270,[Unknown],0x180035270
func@0x18003d4f0,0.0,0.0,0.0,0.0,2995000,0.0,0.0,0.0,ntdll.dll,func@0x18003d4f0,[Unknown],0x18003d4f0
func@0x1800846b1,0.0,0.0,0.0,0.0,2995000,0.0,0.0,0.0,ntdll.dll,func@0x1800846b1,[Unknown],0x1800846b1
func@0x180086d20,0.0,0.0,0.0,0.0,0,100.0,100.0,0.0,gdi32full.dll,func@0x180086d20,[Unknown],0x180086d20
func@0x18013635c,0.0,0.0,0.0,0.0,2995000,14.3,14.3,1.000000,ntdll.dll,func@0x18013635c,[Unknown],0x18013635c
func@0x1c0001540,0.0,0.0,0.0,0.0,2995000,0.0,0.0,0.0,condrv.sys,func@0x1c0001540,[Unknown],0x1c0001540
"log<int,0>",0.0,0.0,0.0,0.0,14975000,0.0,0.0,0.200000,frankycpp_v1.8.exe,"log<int,0>(int)",cmath,0x14022e8b0
malloc,0.0,0.0,0.0,0.0,2995000,0.0,0.0,0.0,ucrtbase.dll,malloc,[Unknown],0x180015e00
operator delete,0.0,0.0,0.0,0.0,0,25.0,25.0,0.0,frankycpp_v1.8.exe,"operator delete(void *,unsigned __int64)",delete_scalar_size.cpp,0x14061a188
"std::_Char_traits<char,int>::copy",0.0,0.0,0.0,0.0,5990000,0.0,0.0,0.0,frankycpp_v1.8.exe,"std::_Char_traits<char,int>::copy",__msvc_string_view.hpp,0x14011a5cf
std::_Deallocate,0.0,0.0,0.0,0.0,2995000,50.0,50.0,0.0,frankycpp_v1.8.exe,std::_Deallocate,xmemory,0x1402330bc
std::_Hash_representation<unsigned __int64>,0.0,0.0,0.0,0.0,2995000,,,0.0,frankycpp_v1.8.exe,std::_Hash_representation<unsigned __int64>(unsigned __int64 const &),type_traits,0x1402818f0
std::_Uninitialized_value_construct_n<class std::allocator<class chess::Move> >,0.0,0.0,0.0,0.0,2995000,0.0,0.0,0.0,frankycpp_v1.8.exe,"std::_Uninitialized_value_construct_n<class std::allocator<class chess::Move> >(class chess::Move *,unsigned __int64,class std::allocator<class chess::Move> &)",xmemory,0x140293a60
"std::array<chess::Bitboard,64>::operator[]",0.0,0.0,0.0,0.0,5990000,51.7,51.7,0.500000,frankycpp_v1.8.exe,"std::array<chess::Bitboard,64>::operator[]",array,0x1402215c2
"std::array<chess::Bitboard,64>::operator[]",0.0,0.0,0.0,0.0,5990000,0.0,0.0,0.500000,frankycpp_v1.8.exe,"std::array<chess::Bitboard,64>::operator[]",array,0x14026b44c
"std::array<chess::Move,256>::operator[]",0.0,0.0,0.0,0.0,0,50.0,50.0,0.0,frankycpp_v1.8.exe,"std::array<chess::Move,256>::operator[]",array,0x14021ef12
"std::array<chess::Value,25>::operator[]",0.0,0.0,0.0,0.0,11980000,,,0.0,frankycpp_v1.8.exe,"std::array<chess::Value,25>::operator[]",array,0x140264012
"std::array<chess::Value,25>::operator[]",0.0,0.0,0.0,0.0,17970000,,,0.333333,frankycpp_v1.8.exe,"std::array<chess::Value,25>::operator[]",array,0x140263e71
"std::array<chess::Value,25>::operator[]",0.0,0.0,0.0,0.0,26955000,13.1,13.1,0.333333,frankycpp_v1.8.exe,"std::array<chess::Value,25>::operator[]",array,0x1402639c6
"std::array<std::array<chess::Bitboard,64>,8>::operator[]",0.0,0.0,0.0,0.0,5990000,0.0,0.0,1.000000,frankycpp_v1.8.exe,"std::array<std::array<chess::Bitboard,64>,8>::operator[]",array,0x140269f81
"std::array<std::array<chess::Move,64>,64>::operator[]",0.0,0.0,0.0,0.0,23960000,100.0,100.0,0.250000,frankycpp_v1.8.exe,"std::array<std::array<chess::Move,64>,64>::operator[]",array,0x140220ab6
"std::basic_streambuf<char,std::char_traits<char> >::_Gnavail",0.0,0.0,0.0,0.0,8985000,100.0,100.0,0.333333,frankycpp_v1.8.exe,"std::basic_streambuf<char,std::char_traits<char> >::_Gnavail",streambuf,0x14011a59f
std::countr_zero,0.0,0.0,0.0,0.0,26955000,18.0,18.0,0.333333,frankycpp_v1.8.exe,std::countr_zero,bit,0x14026b030
std::countr_zero,0.0,0.0,0.0,0.0,32945000,46.0,46.0,0.636364,frankycpp_v1.8.exe,std::countr_zero,bit,0x140263900
std::countr_zero,0.0,0.0,0.0,0.0,2995000,,,1.000000,frankycpp_v1.8.exe,std::countr_zero,bit,0x140263053
std::countr_zero,0.0,0.0,0.0,0.0,11980000,,,1.250000,frankycpp_v1.8.exe,std::countr_zero,bit,0x140263e50
std::countr_zero,0.0,0.0,0.0,0.0,5990000,,,0.0,frankycpp_v1.8.exe,std::countr_zero,bit,0x14026a110
std::hash<unsigned __int64>::_Do_hash,0.0,0.0,0.0,0.0,5990000,0.0,0.0,0.0,frankycpp_v1.8.exe,std::hash<unsigned __int64>::_Do_hash,type_traits,0x140288075
std::min,0.0,0.0,0.0,0.0,11980000,3.9,3.9,0.250000,frankycpp_v1.8.exe,std::min,utility,0x14021f38c
"std::num_put<char,class std::ostreambuf_iterator<char,struct std::char_traits<char> > >::_Put",0.0,0.0,0.0,0.0,2995000,0.0,0.0,0.0,msvcp140.dll,"std::num_put<char,class std::ostreambuf_iterator<char,struct std::char_traits<char> > >::_Put(class std::ostreambuf_iterator<char,struct std::char_traits<char> >,char const * __ptr64,unsigned __int64)",[Unknown],0x18000f380
"std::num_put<char,class std::ostreambuf_iterator<char,struct std::char_traits<char> > >::_Rep",0.0,0.0,0.0,0.0,2995000,0.0,0.0,0.0,msvcp140.dll,"std::num_put<char,class std::ostreambuf_iterator<char,struct std::char_traits<char> > >::_Rep(class std::ostreambuf_iterator<char,struct std::char_traits<char> >,char,unsigned __int64)",[Unknown],0x18000f440
std::popcount,0.0,0.0,0.0,0.0,17970000,100.0,100.0,0.166667,frankycpp_v1.8.exe,std::popcount,bit,0x14026b190
"std::ranges::_Inplace_merge_buffer_left<chess::Move *,chess::moveValueGreaterComparator,std::identity>",0.0,0.0,0.0,0.0,2995000,0.0,0.0,0.0,frankycpp_v1.8.exe,"std::ranges::_Inplace_merge_buffer_left<chess::Move *,chess::moveValueGreaterComparator,std::identity>(class chess::Move *, class chess::Move *, class chess::Move *, class chess::Move *, const __int64, struct chess::moveValueGreaterComparator, struct std::identity)",algorithm,0x14023da40
std::ranges::_Insertion_sort_common,0.0,0.0,0.0,0.0,2995000,33.3,33.3,1.000000,frankycpp_v1.8.exe,std::ranges::_Insertion_sort_common,algorithm,0x14023a26a
std::ranges::_Sort_fn::operator(),0.0,0.0,0.0,0.0,2995000,,,0.0,frankycpp_v1.8.exe,std::ranges::_Sort_fn::operator(),algorithm,0x140260cc7
std::ranges::_Swap::_Cpo::operator(),0.0,0.0,0.0,0.0,8985000,0.0,0.0,1.000000,frankycpp_v1.8.exe,std::ranges::_Swap::_Cpo::operator(),concepts,0x140264507
"std::vector<boost::archive::detail::basic_iarchive_impl::aobject,std::allocator<boost::archive::detail::basic_iarchive_impl::aobject> >::size",0.0,0.0,0.0,0.0,2995000,0.0,0.0,0.0,frankycpp_v1.8.exe,"std::vector<boost::archive::detail::basic_iarchive_impl::aobject,std::allocator<boost::archive::detail::basic_iarchive_impl::aobject> >::size",vector,0x1402aefa7
"std::vector<boost::archive::detail::basic_iarchive_impl::cobject_id,std::allocator<boost::archive::detail::basic_iarchive_impl::cobject_id> >::operator[]",0.0,0.0,0.0,0.0,5990000,10.0,10.0,0.500000,frankycpp_v1.8.exe,"std::vector<boost::archive::detail::basic_iarchive_impl::cobject_id,std::allocator<boost::archive::detail::basic_iarchive_impl::cobject_id> >::operator[]",vector,0x1402aef70
"std::vector<chess::Move,std::allocator<chess::Move> >::_Tidy",0.0,0.0,0.0,0.0,8985000,0.0,0.0,0.0,frankycpp_v1.8.exe,"std::vector<chess::Move,std::allocator<chess::Move> >::_Tidy",vector,0x140233119
"std::vector<chess::Move,std::allocator<chess::Move> >::reserve",0.0,0.0,0.0,0.0,2995000,0.0,0.0,0.0,frankycpp_v1.8.exe,"std::vector<chess::Move,std::allocator<chess::Move> >::reserve",vector,0x1402902bf
"std::vector<class chess::Move,class std::allocator<class chess::Move> >::~vector<class chess::Move,class std::allocator<class chess::Move> >",0.0,0.0,0.0,0.0,2995000,0.0,0.0,0.0,frankycpp_v1.8.exe,"std::vector<class chess::Move,class std::allocator<class chess::Move> >::~vector<class chess::Move,class std::allocator<class chess::Move> >(void)",vector,0x140233110
"std::vector<unsigned __int64,class std::allocator<unsigned __int64> >::_Change_array",0.0,0.0,0.0,0.0,2995000,50.0,50.0,1.000000,frankycpp_v1.8.exe,"std::vector<unsigned __int64,class std::allocator<unsigned __int64> >::_Change_array(unsigned __int64 * const,unsigned __int64,unsigned __int64)",vector,0x140280630
"std::vector<unsigned __int64,std::allocator<unsigned __int64> >::size",0.0,0.0,0.0,0.0,5990000,0.0,0.0,0.0,frankycpp_v1.8.exe,"std::vector<unsigned __int64,std::allocator<unsigned __int64> >::size",vector,0x14029295e
type_info::before,0.0,0.0,0.0,0.0,8985000,100.0,100.0,0.333333,frankycpp_v1.8.exe,type_info::before,vcruntime_typeinfo.h,0x1402b9370
wcsnicmp,0.0,0.0,0.0,0.0,11980000,0.0,0.0,0.0,ntoskrnl.exe,wcsnicmp,[Unknown],0x1404fce90
