Function,CPU Time,CPU Time:Effective Time,CPU Time:Spin Time,CPU Time:Overhead Time,Instructions Retired,Microarchitecture Usage(%),Microarchitecture Usage:Microarchitecture Usage(%),Microarchitecture Usage:CPI Rate,Module,Function (Full),Source File,Start Address
chess::Attacks::`anonymous namespace'::sliderLookup,8.455439,8.455439,0.0,0.0,125754060000,43.4,43.4,0.369820,frankycpp_v1.8.exe,"chess::Attacks::`anonymous namespace'::sliderLookup(const chess::PieceType, const class chess::Square, const class chess::Bitboard)",attacks.cpp,0x14016c950
"std::_Atomic_storage<unsigned __int64,8>::load",6.457572,6.457572,0.0,0.0,15909440000,7.7,7.7,2.225339,frankycpp_v1.8.exe,"std::_Atomic_storage<unsigned __int64,8>::load",atomic,0x14026da82
chess::Attacks::attacks,4.510701,4.510701,0.0,0.0,67989495000,46.9,46.9,0.358839,frankycpp_v1.8.exe,"chess::Attacks::attacks(enum chess::PieceType,class chess::Square,class chess::Bitboard)",attacks.cpp,0x14016c9b0
engine::TT::put,4.349712,4.349712,0.0,0.0,20153355000,16.5,16.5,1.156338,frankycpp_v1.8.exe,"engine::TT::put(unsigned __int64,enum chess::Depth,class chess::Move,class chess::Value,enum chess::ValueType,class chess::Value,int)",TT.cpp,0x14026d800
engine::Search::stopConditions,3.649758,3.649758,0.0,0.0,17191300000,15.2,15.2,1.159233,frankycpp_v1.8.exe,engine::Search::stopConditions(void),Search.cpp,0x140225c90
engine::Evaluator::kingEval,3.240785,3.240785,0.0,0.0,41193230000,36.5,36.5,0.419005,frankycpp_v1.8.exe,"engine::Evaluator::kingEval(class chess::Position const &,struct chess::Score &,class chess::Color)",Evaluator.cpp,0x14026b1c0
engine::Search::search,2.766817,2.766817,0.0,0.0,30195590000,34.8,34.8,0.475203,frankycpp_v1.8.exe,"engine::Search::search(class chess::Position &,enum chess::Depth,enum chess::Depth,class chess::Value,class chess::Value,enum engine::Search::NodeType,enum engine::Search::Do_Null)",Search.cpp,0x14021f460
engine::Evaluator::pieceEval,2.009867,2.009867,0.0,0.0,28129040000,44.9,44.9,0.383837,frankycpp_v1.8.exe,"engine::Evaluator::pieceEval(class chess::Position const &,struct chess::Score &,class chess::Color,enum chess::PieceType)",Evaluator.cpp,0x14026a750
engine::Search::qsearch,1.875876,1.875876,0.0,0.0,15975330000,28.0,28.0,0.595801,frankycpp_v1.8.exe,"engine::Search::qsearch(class chess::Position &,enum chess::Depth,class chess::Value,class chess::Value,enum engine::Search::NodeType)",Search.cpp,0x140220e90
chess::MoveGenerator::getNextPseudoLegalMove,1.505900,1.505900,0.0,0.0,18922410000,41.8,41.8,0.400601,frankycpp_v1.8.exe,"chess::MoveGenerator::getNextPseudoLegalMove(class chess::Position const &,enum chess::GenMode,bool)",MoveGenerator.cpp,0x140261130
"std::ranges::_Insertion_sort_common<chess::Move *,chess::moveValueGreaterComparator,std::identity>",1.483902,1.483902,0.0,0.0,12836570000,25.7,25.7,0.615726,frankycpp_v1.8.exe,"std::ranges::_Insertion_sort_common<chess::Move *,chess::moveValueGreaterComparator,std::identity>(class chess::Move *, class chess::Move *, struct chess::moveValueGreaterComparator, struct std::identity)",algorithm,0x1402370d0
chess::Position::givesCheck,1.478902,1.478902,0.0,0.0,21713750000,41.0,41.0,0.381241,frankycpp_v1.8.exe,chess::Position::givesCheck(class chess::Move),Position.cpp,0x14025c850
chess::MoveGenerator::updateSortValues,1.461903,1.461903,0.0,0.0,16837890000,38.6,38.6,0.431341,frankycpp_v1.8.exe,"chess::MoveGenerator::updateSortValues(class chess::Position const &,class chess::StaticMoveList<256> *)",MoveGenerator.cpp,0x1402631b0
std::_Checked_x86_x64_countr_zero<unsigned __int64>,1.453904,1.453904,0.0,0.0,22240870000,47.5,47.5,0.354026,frankycpp_v1.8.exe,std::_Checked_x86_x64_countr_zero<unsigned __int64>(unsigned __int64),__msvc_bit_utils.hpp,0x1402658c0
engine::Evaluator::rookEval,1.358910,1.358910,0.0,0.0,21144700000,50.8,50.8,0.347592,frankycpp_v1.8.exe,"engine::Evaluator::rookEval(class chess::Position const &,struct chess::Score &,class chess::Color,class chess::Color,class chess::Square)",Evaluator.cpp,0x14026adf0
engine::Evaluator::coordinationEval,1.353910,1.353910,0.0,0.0,13106120000,30.0,30.0,0.558044,frankycpp_v1.8.exe,"engine::Evaluator::coordinationEval(class chess::Position const &,struct chess::Score &,class chess::Color)",Evaluator.cpp,0x14026b7b0
chess::MoveGenerator::fillOnDemandMoveList,1.256917,1.256917,0.0,0.0,16969670000,41.3,41.3,0.400459,frankycpp_v1.8.exe,"chess::MoveGenerator::fillOnDemandMoveList(class chess::Position const &,enum chess::GenMode,bool)",MoveGenerator.cpp,0x140262e60
chess::MoveGenerator::generateMoves,1.242918,1.242918,0.0,0.0,15933400000,39.8,39.8,0.415602,frankycpp_v1.8.exe,"chess::MoveGenerator::generateMoves(class chess::Position const &,class chess::StaticMoveList<256> *,enum chess::GenMode,bool,class chess::Bitboard)",MoveGenerator.cpp,0x140263e10
engine::Search::thread,1.207920,1.207920,0.0,0.0,9595980000,25.8,25.8,0.710986,frankycpp_v1.8.exe,engine::Search::thread,Search.h,0x1402214b6
"std::_Atomic_storage<unsigned __int64,8>::store",1.193921,1.193921,0.0,0.0,2890175000,7.8,7.8,2.172021,frankycpp_v1.8.exe,"std::_Atomic_storage<unsigned __int64,8>::store",atomic,0x14026d9fc
std::_Checked_popcount<unsigned __int64>,1.131925,1.131925,0.0,0.0,15400290000,40.1,40.1,0.419292,frankycpp_v1.8.exe,std::_Checked_popcount<unsigned __int64>(unsigned __int64),__msvc_bit_utils.hpp,0x140241860
engine::Evaluator::evaluate,1.070929,1.070929,0.0,0.0,17397955000,51.1,51.1,0.315201,frankycpp_v1.8.exe,engine::Evaluator::evaluate(class chess::Position const &),Evaluator.cpp,0x140269cc0
chess::Position::doMove,1.053930,1.053930,0.0,0.0,11306125000,32.2,32.2,0.503046,frankycpp_v1.8.exe,chess::Position::doMove(class chess::Move),Position.cpp,0x14025bcc0
engine::Search::thread,1.008933,1.008933,0.0,0.0,7810960000,26.1,26.1,0.707055,frankycpp_v1.8.exe,engine::Search::thread,Search.h,0x1402207e3
engine::Evaluator::threatEval,1.005933,1.005933,0.0,0.0,14693470000,46.8,46.8,0.367102,frankycpp_v1.8.exe,"engine::Evaluator::threatEval(class chess::Position const &,struct chess::Score &,class chess::Color)",Evaluator.cpp,0x14026b610
chess::Position::removePiece,0.874942,0.874942,0.0,0.0,10027260000,35.4,35.4,0.449223,frankycpp_v1.8.exe,chess::Position::removePiece(class chess::Square),Position.cpp,0x14025da60
chess::Position::putPiece,0.751950,0.751950,0.0,0.0,8772355000,39.3,39.3,0.465005,frankycpp_v1.8.exe,"chess::Position::putPiece(enum chess::Piece,class chess::Square)",Position.cpp,0x14025d950
chess::Position::isAttacked,0.718952,0.718952,0.0,0.0,10338740000,46.5,46.5,0.409328,frankycpp_v1.8.exe,"chess::Position::isAttacked(class chess::Square,class chess::Color)",Position.cpp,0x14025c520
"std::_Atomic_storage<unsigned __int64,8>::load",0.713953,0.713953,0.0,0.0,2416965000,13.2,13.2,1.607187,frankycpp_v1.8.exe,"std::_Atomic_storage<unsigned __int64,8>::load",atomic,0x140267927
engine::Evaluator::knightEval,0.664956,0.664956,0.0,0.0,10287825000,51.1,51.1,0.353421,frankycpp_v1.8.exe,"engine::Evaluator::knightEval(class chess::Position const &,struct chess::Score &,class chess::Color,class chess::Color,class chess::Square)",Evaluator.cpp,0x14026ab00
engine::Evaluator::bishopEval,0.661956,0.661956,0.0,0.0,9146730000,45.9,45.9,0.381139,frankycpp_v1.8.exe,engine::Evaluator::bishopEval,Evaluator.cpp,0x14026a9e8
engine::See::see,0.644957,0.644957,0.0,0.0,8287165000,45.4,45.4,0.406216,frankycpp_v1.8.exe,"engine::See::see(class chess::Position const &,class chess::Move)",See.cpp,0x14029eaf0
engine::PawnTT::probe,0.609960,0.609960,0.0,0.0,6657885000,36.3,36.3,0.505623,frankycpp_v1.8.exe,"engine::PawnTT::probe(unsigned __int64,int)",PawnTT.cpp,0x1402678f0
chess::MoveGenerator::generatePawnMoves,0.569962,0.569962,0.0,0.0,7454555000,40.2,40.2,0.414624,frankycpp_v1.8.exe,"chess::MoveGenerator::generatePawnMoves(class chess::Position const &,class chess::StaticMoveList<256> *,enum chess::GenMode,bool,class chess::Bitboard)",MoveGenerator.cpp,0x1402633e0
"std::_Atomic_address_as<__int64,std::_Atomic_padded<unsigned __int64> >",0.463969,0.463969,0.0,0.0,3962385000,27.9,27.9,0.643991,frankycpp_v1.8.exe,"std::_Atomic_address_as<__int64,std::_Atomic_padded<unsigned __int64> >",xatomic.h,0x140269150
"std::_Atomic_storage<unsigned __int64,8>::store",0.460969,0.460969,0.0,0.0,3749740000,20.9,20.9,0.615815,frankycpp_v1.8.exe,"std::_Atomic_storage<unsigned __int64,8>::store",atomic,0x14026d8ed
engine::Evaluator::queenEval,0.436971,0.436971,0.0,0.0,7143075000,51.8,51.8,0.331237,frankycpp_v1.8.exe,engine::Evaluator::queenEval,Evaluator.cpp,0x14026a7e9
chess::Position::undoMove,0.428972,0.428972,0.0,0.0,4154065000,35.0,35.0,0.534247,frankycpp_v1.8.exe,chess::Position::undoMove(void),Position.cpp,0x14025c1a0
chess::moveValueGreaterComparator::operator(),0.417972,0.417972,0.0,0.0,4255895000,31.0,31.0,0.500352,frankycpp_v1.8.exe,chess::moveValueGreaterComparator::operator(),move.h,0x1402370f0
std::_Unchecked_popcount<unsigned __int64>,0.415972,0.415972,0.0,0.0,4366710000,39.1,39.1,0.478052,frankycpp_v1.8.exe,std::_Unchecked_popcount<unsigned __int64>(unsigned __int64),__msvc_bit_utils.hpp,0x140241850
func@0x1800126c0,0.404973,0.404973,0.0,0.0,8985000,1.2,1.2,249.666667,vcruntime140.dll,func@0x1800126c0,[Unknown],0x1800126c0
chess::Position::wasLegalMove,0.345977,0.345977,0.0,0.0,5774360000,53.5,53.5,0.321577,frankycpp_v1.8.exe,chess::Position::wasLegalMove(void),Position.cpp,0x14025ca10
chess::Position::hasCheck,0.340977,0.340977,0.0,0.0,1758065000,15.5,15.5,1.064736,frankycpp_v1.8.exe,chess::Position::hasCheck(void),Position.cpp,0x14025c800
engine::Evaluator::pawnEval,0.328978,0.328978,0.0,0.0,4669205000,49.6,49.6,0.354715,frankycpp_v1.8.exe,"engine::Evaluator::pawnEval(class chess::Position const &,struct chess::Score &)",Evaluator.cpp,0x14026a290
engine::TT::probe,0.316979,0.316979,0.0,0.0,1105155000,11.7,11.7,1.528455,frankycpp_v1.8.exe,"engine::TT::probe(unsigned __int64 const &,int)",TT.cpp,0x14026da40
"std::array<int,64>::operator[]",0.295980,0.295980,0.0,0.0,3992335000,40.6,40.6,0.378845,frankycpp_v1.8.exe,"std::array<int,64>::operator[]",array,0x140263277
chess::Move::encode,0.293981,0.293981,0.0,0.0,3438260000,33.1,33.1,0.518293,frankycpp_v1.8.exe,chess::Move::encode,move.h,0x140263f65
engine::See::attacksTo,0.290981,0.290981,0.0,0.0,4300820000,52.6,52.6,0.327994,frankycpp_v1.8.exe,"engine::See::attacksTo(class chess::Position const &,class chess::Square,class chess::Color)",See.cpp,0x14029ee60
chess::operator&,0.286981,0.286981,0.0,0.0,3635930000,36.0,36.0,0.432455,frankycpp_v1.8.exe,chess::operator&,bitboard.h,0x14026b6c6
chess::MoveGenerator::generateKingMoves,0.277982,0.277982,0.0,0.0,2920125000,37.2,37.2,0.470769,frankycpp_v1.8.exe,"chess::MoveGenerator::generateKingMoves(class chess::Position const &,class chess::StaticMoveList<256> *,enum chess::GenMode,bool)",MoveGenerator.cpp,0x1402640d0
chess::Bitboard::shifted,0.274982,0.274982,0.0,0.0,4411635000,46.7,46.7,0.330618,frankycpp_v1.8.exe,chess::Bitboard::shifted,bitboard.h,0x1402634dd
chess::Bitboard::operator^=,0.271982,0.271982,0.0,0.0,3105815000,34.3,34.3,0.467695,frankycpp_v1.8.exe,chess::Bitboard::operator^=,bitboard.h,0x14025dab5
"std::ranges::_Sort_fn::_Sort_common<chess::Move *,chess::moveValueGreaterComparator,std::identity>",0.262983,0.262983,0.0,0.0,3366380000,33.8,33.8,0.452847,frankycpp_v1.8.exe,"std::ranges::_Sort_fn::_Sort_common<chess::Move *,chess::moveValueGreaterComparator,std::identity>(class chess::Move *, class chess::Move *, __int64, struct chess::moveValueGreaterComparator, struct std::identity)",algorithm,0x140264620
engine::See::revealedAttacks,0.244984,0.244984,0.0,0.0,3156730000,46.4,46.4,0.437381,frankycpp_v1.8.exe,"engine::See::revealedAttacks(class chess::Position const &,class chess::Square,class chess::Bitboard,class chess::Color)",See.cpp,0x14029efb0
chess::Bitboard::operator bool,0.243984,0.243984,0.0,0.0,3641920000,41.4,41.4,0.389803,frankycpp_v1.8.exe,chess::Bitboard::operator bool,bitboard.h,0x140263f04
"std::array<unsigned __int64,64>::operator[]",0.241984,0.241984,0.0,0.0,2782355000,36.1,36.1,0.424112,frankycpp_v1.8.exe,"std::array<unsigned __int64,64>::operator[]",array,0x14025daa2
engine::Search::storeTt,0.235984,0.235984,0.0,0.0,2650575000,35.6,35.6,0.487006,frankycpp_v1.8.exe,"engine::Search::storeTt(class chess::Position const &,enum chess::Depth,enum chess::Depth,class chess::Move,class chess::Value,enum chess::ValueType,class chess::Value)",Search.cpp,0x1402218e0
"std::array<chess::Bitboard,64>::operator[]",0.215986,0.215986,0.0,0.0,2366050000,45.1,45.1,0.405063,frankycpp_v1.8.exe,"std::array<chess::Bitboard,64>::operator[]",array,0x14016ca40
chess::makePiece,0.211986,0.211986,0.0,0.0,2048580000,34.4,34.4,0.557018,frankycpp_v1.8.exe,chess::makePiece,piece.h,0x14026b27c
std::_Countr_zero_tzcnt<unsigned __int64>,0.193987,0.193987,0.0,0.0,2488845000,40.3,40.3,0.432010,frankycpp_v1.8.exe,std::_Countr_zero_tzcnt<unsigned __int64>(unsigned __int64),__msvc_bit_utils.hpp,0x1402658b0
chess::Square::{ctor},0.192987,0.192987,0.0,0.0,3075865000,39.2,39.2,0.351509,frankycpp_v1.8.exe,chess::Square::{ctor},square.h,0x14025c885
engine::TT::Entry::{ctor},0.181988,0.181988,0.0,0.0,404325000,7.1,7.1,2.481481,frankycpp_v1.8.exe,engine::TT::Entry::{ctor},TT.h,0x14026da8e
chess::Position::movePiece,0.180988,0.180988,0.0,0.0,2066550000,34.2,34.2,0.440580,frankycpp_v1.8.exe,"chess::Position::movePiece(class chess::Square,class chess::Square)",Position.cpp,0x14025d920
chess::operator<,0.162989,0.162989,0.0,0.0,1991675000,30.2,30.2,0.424060,frankycpp_v1.8.exe,chess::operator<,rank.h,0x14026b264
engine::Search::sendSearchUpdateToUci,0.161989,0.161989,0.0,0.0,386355000,9.2,9.2,2.147287,frankycpp_v1.8.exe,engine::Search::sendSearchUpdateToUci(void),Search.cpp,0x14022acb0
chess::MoveGenerator::isPseudoLegal,0.160989,0.160989,0.0,0.0,1162060000,27.4,27.4,0.708763,frankycpp_v1.8.exe,"chess::MoveGenerator::isPseudoLegal(class chess::Position const &,class chess::Move)",MoveGenerator.cpp,0x1402613c0
chess::operator*,0.158989,0.158989,0.0,0.0,2093505000,41.1,41.1,0.427754,frankycpp_v1.8.exe,chess::operator*,value.h,0x14026a1b5
chess::Bitboard::shifted,0.155990,0.155990,0.0,0.0,1689180000,31.7,31.7,0.475177,frankycpp_v1.8.exe,chess::Bitboard::shifted(class chess::Direction),bitboard.h,0x1402656a0
std::countr_zero,0.155990,0.155990,0.0,0.0,2036600000,43.2,43.2,0.486765,frankycpp_v1.8.exe,std::countr_zero,bit,0x140263eb2
chess::Move::operator==,0.151990,0.151990,0.0,0.0,2524785000,42.3,42.3,0.358244,frankycpp_v1.8.exe,chess::Move::operator==,PVTable.h,0x1402632e6
engine::PawnTT::Entry::Entry,0.144990,0.144990,0.0,0.0,2180360000,55.4,55.4,0.348901,frankycpp_v1.8.exe,engine::PawnTT::Entry::Entry(struct engine::PawnTT::Entry const &),PawnTT.cpp,0x140266910
chess::Bitboard::operator|=,0.139991,0.139991,0.0,0.0,1617300000,35.9,35.9,0.509259,frankycpp_v1.8.exe,chess::Bitboard::operator|=,bitboard.h,0x14025d9a2
chess::Position::getPiece,0.136991,0.136991,0.0,0.0,1832940000,35.8,35.8,0.428105,frankycpp_v1.8.exe,chess::Position::getPiece,Position.h,0x14026b275
engine::TT::getClusterIndex,0.129991,0.129991,0.0,0.0,757735000,18.6,18.6,0.980237,frankycpp_v1.8.exe,engine::TT::getClusterIndex,TT.h,0x14026da6a
std::popcount,0.129991,0.129991,0.0,0.0,1802990000,40.5,40.5,0.380399,frankycpp_v1.8.exe,std::popcount,bit,0x14026b6df
chess::typeOf,0.122992,0.122992,0.0,0.0,1425620000,29.6,29.6,0.531513,frankycpp_v1.8.exe,chess::typeOf,piece.h,0x14025da84
engine::See::getLeastValuablePiece,0.119992,0.119992,0.0,0.0,2267215000,58.9,58.9,0.262880,frankycpp_v1.8.exe,"engine::See::getLeastValuablePiece(class chess::Position const &,class chess::Bitboard,class chess::Color)",See.cpp,0x14029ede0
engine::TT::prefetch,0.117992,0.117992,0.0,0.0,1704155000,49.4,49.4,0.367311,frankycpp_v1.8.exe,engine::TT::prefetch,TT.h,0x1402207cd
chess::Move::encode,0.116992,0.116992,0.0,0.0,1314805000,37.2,37.2,0.510251,frankycpp_v1.8.exe,chess::Move::encode,move.h,0x14026403d
"std::array<chess::Value,25>::operator[]",0.112993,0.112993,0.0,0.0,1683190000,38.3,38.3,0.361210,frankycpp_v1.8.exe,"std::array<chess::Value,25>::operator[]",array,0x140263f59
chess::Move::operator==,0.111993,0.111993,0.0,0.0,1835935000,51.7,51.7,0.331158,frankycpp_v1.8.exe,chess::Move::operator==,PVTable.h,0x1402201b8
chess::MoveGenerator::resetOnDemand,0.109993,0.109993,0.0,0.0,619965000,27.8,27.8,0.893720,frankycpp_v1.8.exe,chess::MoveGenerator::resetOnDemand,MoveGenerator.h,0x140221291
std::countr_zero,0.109993,0.109993,0.0,0.0,985355000,37.2,37.2,0.586626,frankycpp_v1.8.exe,std::countr_zero,bit,0x14026a7e1
chess::StaticMoveList<256>::push_back,0.106993,0.106993,0.0,0.0,1272875000,36.0,36.0,0.538824,frankycpp_v1.8.exe,chess::StaticMoveList<256>::push_back,staticmovelist.h,0x140264046
chess::Position::attacksTo,0.102993,0.102993,0.0,0.0,1455570000,47.3,47.3,0.393004,frankycpp_v1.8.exe,"chess::Position::attacksTo(class chess::Square,class chess::Color)",Position.cpp,0x14025c6b0
chess::operator++,0.101993,0.101993,0.0,0.0,1045255000,33.4,33.4,0.512894,frankycpp_v1.8.exe,chess::operator++,piecetype.h,0x140264099
chess::Position::getLastMove,0.100993,0.100993,0.0,0.0,1377700000,39.6,39.6,0.406522,frankycpp_v1.8.exe,chess::Position::getLastMove,Position.h,0x1402632b0
chess::Bitboard::popLSB,0.097994,0.097994,0.0,0.0,730780000,24.8,24.8,0.762295,frankycpp_v1.8.exe,chess::Bitboard::popLSB,bitboard.h,0x14026b820
engine::PawnTT::put,0.096994,0.096994,0.0,0.0,290515000,5.5,5.5,1.721649,frankycpp_v1.8.exe,"engine::PawnTT::put(struct engine::PawnTT::Entry *,unsigned __int64,struct chess::Score,class chess::Bitboard,class chess::Bitboard,int)",PawnTT.cpp,0x140267700
chess::operator<,0.095994,0.095994,0.0,0.0,1644255000,50.1,50.1,0.346084,frankycpp_v1.8.exe,chess::operator<,value.h,0x14029ec88
"std::array<chess::Move,64>::operator[]",0.095994,0.095994,0.0,0.0,1644255000,43.9,43.9,0.256831,frankycpp_v1.8.exe,"std::array<chess::Move,64>::operator[]",array,0x1402632e4
chess::Bitboard::operator|=,0.094994,0.094994,0.0,0.0,1425620000,49.4,49.4,0.401261,frankycpp_v1.8.exe,chess::Bitboard::operator|=,bitboard.h,0x14026ab3b
engine::Search::goodCapture,0.094994,0.094994,0.0,0.0,1138100000,33.2,33.2,0.452632,frankycpp_v1.8.exe,"engine::Search::goodCapture(class chess::Position const &,class chess::Move,bool)",Search.cpp,0x1402217a0
std::countr_zero,0.092994,0.092994,0.0,0.0,2863220000,91.7,91.7,0.169456,frankycpp_v1.8.exe,std::countr_zero,bit,0x140269ea0
_security_check_cookie,0.091994,0.091994,0.0,0.0,572045000,18.0,18.0,0.806283,frankycpp_v1.8.exe,_security_check_cookie,amdsecgs.asm,0x14061a1c0
chess::Position::checkRepetitions,0.090994,0.090994,0.0,0.0,329450000,11.5,11.5,1.554545,frankycpp_v1.8.exe,chess::Position::checkRepetitions(int),Position.cpp,0x14025cc10
"std::array<int,64>::operator[]",0.089994,0.089994,0.0,0.0,1782025000,,,0.238655,frankycpp_v1.8.exe,"std::array<int,64>::operator[]",array,0x14026a88d
chess::Value::{ctor},0.086994,0.086994,0.0,0.0,877535000,30.0,30.0,0.450512,frankycpp_v1.8.exe,chess::Value::{ctor},value.h,0x14029f050
chess::Position::getPieceBb,0.085994,0.085994,0.0,0.0,814640000,30.5,30.5,0.507353,frankycpp_v1.8.exe,chess::Position::getPieceBb,Position.h,0x14026b6bb
chess::operator+,0.085994,0.085994,0.0,0.0,1105155000,33.8,33.8,0.441734,frankycpp_v1.8.exe,chess::operator+,value.h,0x14026a1e1
std::countr_zero,0.085994,0.085994,0.0,0.0,2848245000,82.6,82.6,0.156677,frankycpp_v1.8.exe,std::countr_zero,bit,0x140269e60
chess::operator&,0.084994,0.084994,0.0,0.0,979365000,,,0.486239,frankycpp_v1.8.exe,chess::operator&,bitboard.h,0x14026b8e8
engine::Search::checkDrawRepAnd50,0.082994,0.082994,0.0,0.0,122795000,7.3,7.3,3.195122,frankycpp_v1.8.exe,"engine::Search::checkDrawRepAnd50(class chess::Position const &,int)",Search.cpp,0x140225d10
"std::unique_ptr<engine::TT::TTCluster [0],std::default_delete<engine::TT::TTCluster [0]> >::operator[]",0.081995,0.081995,0.0,0.0,1904820000,61.8,61.8,0.251572,frankycpp_v1.8.exe,"std::unique_ptr<engine::TT::TTCluster [0],std::default_delete<engine::TT::TTCluster [0]> >::operator[]",memory,0x1402214ab
chess::Move::to,0.079995,0.079995,0.0,0.0,1045255000,39.8,39.8,0.404011,frankycpp_v1.8.exe,chess::Move::to,move.h,0x140220459
chess::Move::stripped,0.078995,0.078995,0.0,0.0,1027285000,35.1,35.1,0.425656,frankycpp_v1.8.exe,chess::Move::stripped,move.h,0x140263200
chess::Color::sign,0.077995,0.077995,0.0,0.0,1084190000,47.9,47.9,0.298343,frankycpp_v1.8.exe,chess::Color::sign,color.h,0x140263598
std::ranges::_Partition_by_median_guess_common,0.076995,0.076995,0.0,0.0,401330000,15.8,15.8,1.074627,frankycpp_v1.8.exe,std::ranges::_Partition_by_median_guess_common,algorithm,0x14026467f
chess::MoveGenerator::resetOnDemand,0.075995,0.075995,0.0,0.0,916470000,29.2,29.2,0.421569,frankycpp_v1.8.exe,chess::MoveGenerator::resetOnDemand,MoveGenerator.h,0x1402200e3
chess::StaticMoveList<256>::push_back,0.073995,0.073995,0.0,0.0,706820000,31.5,31.5,0.461864,frankycpp_v1.8.exe,chess::StaticMoveList<256>::push_back,staticmovelist.h,0x140263f8a
chess::operator&,0.073995,0.073995,0.0,0.0,955405000,36.4,36.4,0.429467,frankycpp_v1.8.exe,chess::operator&,bitboard.h,0x14026b38f
chess::operator&,0.073995,0.073995,0.0,0.0,1506485000,67.0,67.0,0.256461,frankycpp_v1.8.exe,chess::operator&,bitboard.h,0x14029ef67
chess::operator&,0.071995,0.071995,0.0,0.0,1012310000,50.6,50.6,0.319527,frankycpp_v1.8.exe,chess::operator&,bitboard.h,0x14025c96a
chess::typeOf,0.071995,0.071995,0.0,0.0,1159065000,36.0,36.0,0.387597,frankycpp_v1.8.exe,chess::typeOf,piece.h,0x140263f6e
"std::array<chess::Bitboard,64>::operator[]",0.071995,0.071995,0.0,0.0,685855000,30.6,30.6,0.550218,frankycpp_v1.8.exe,"std::array<chess::Bitboard,64>::operator[]",array,0x14025c53f
"std::_Atomic_storage<unsigned __int64,8>::store",0.070995,0.070995,0.0,0.0,637935000,22.8,22.8,0.624413,frankycpp_v1.8.exe,"std::_Atomic_storage<unsigned __int64,8>::store",atomic,0x14026d95f
"std::array<std::array<chess::Move,64>,64>::operator[]",0.070995,0.070995,0.0,0.0,847585000,41.9,41.9,0.310954,frankycpp_v1.8.exe,"std::array<std::array<chess::Move,64>,64>::operator[]",array,0x1402632e0
chess::operator&,0.068995,0.068995,0.0,0.0,1554405000,54.9,54.9,0.292871,frankycpp_v1.8.exe,chess::operator&,bitboard.h,0x14026aeb5
"std::array<chess::Bitboard,64>::operator[]",0.068995,0.068995,0.0,0.0,1153075000,,,0.353247,frankycpp_v1.8.exe,"std::array<chess::Bitboard,64>::operator[]",array,0x14026ab1e
"std::array<std::array<unsigned __int64,64>,16>::operator[]",0.068995,0.068995,0.0,0.0,464225000,22.4,22.4,0.838710,frankycpp_v1.8.exe,"std::array<std::array<unsigned __int64,64>,16>::operator[]",array,0x14025da9b
chess::Bitboard::operator|=,0.067995,0.067995,0.0,0.0,1036270000,39.2,39.2,0.401734,frankycpp_v1.8.exe,chess::Bitboard::operator|=,bitboard.h,0x14025d996
chess::operator&,0.067995,0.067995,0.0,0.0,694840000,37.9,37.9,0.482759,frankycpp_v1.8.exe,chess::operator&,bitboard.h,0x14026b546
std::atomic<bool>::operator bool,0.067995,0.067995,0.0,0.0,610980000,27.6,27.6,0.544118,frankycpp_v1.8.exe,std::atomic<bool>::operator bool,atomic,0x140225c94
chess::Bitboard::operator|=,0.066996,0.066996,0.0,0.0,1012310000,49.5,49.5,0.343195,frankycpp_v1.8.exe,chess::Bitboard::operator|=,bitboard.h,0x140269ea8
std::countr_zero,0.065996,0.065996,0.0,0.0,1090180000,35.4,35.4,0.291209,frankycpp_v1.8.exe,std::countr_zero,bit,0x14026b310
chess::Value::operator int,0.064996,0.064996,0.0,0.0,706820000,39.2,39.2,0.478814,frankycpp_v1.8.exe,chess::Value::operator int,value.h,0x14025db39
chess::Bitboard::operator bool,0.061996,0.061996,0.0,0.0,1371710000,53.4,53.4,0.259825,frankycpp_v1.8.exe,chess::Bitboard::operator bool,bitboard.h,0x140263e95
chess::operator&,0.061996,0.061996,0.0,0.0,925455000,51.8,51.8,0.368932,frankycpp_v1.8.exe,chess::operator&,bitboard.h,0x14025c56c
chess::operator|,0.061996,0.061996,0.0,0.0,724790000,43.2,43.2,0.475207,frankycpp_v1.8.exe,chess::operator|,bitboard.h,0x14026b645
std::optional<engine::TT::Entry>::{ctor},0.061996,0.061996,0.0,0.0,125790000,7.3,7.3,2.642857,frankycpp_v1.8.exe,std::optional<engine::TT::Entry>::{ctor},optional,0x14026dab7
std::countr_zero,0.060996,0.060996,0.0,0.0,554075000,31.6,31.6,0.491892,frankycpp_v1.8.exe,std::countr_zero,bit,0x14026b825
chess::operator&,0.059996,0.059996,0.0,0.0,892510000,42.3,42.3,0.325503,frankycpp_v1.8.exe,chess::operator&,bitboard.h,0x14025c5bc
std::min,0.059996,0.059996,0.0,0.0,787685000,33.0,33.0,0.448669,frankycpp_v1.8.exe,std::min,utility,0x14026b4f1
chess::operator&,0.058996,0.058996,0.0,0.0,697835000,24.2,24.2,0.493562,frankycpp_v1.8.exe,chess::operator&,bitboard.h,0x14026b57d
std::popcount,0.057996,0.057996,0.0,0.0,536105000,,,0.463687,frankycpp_v1.8.exe,std::popcount,bit,0x14026b677
std::ranges::_Sort_fn::operator(),0.057996,0.057996,0.0,0.0,389350000,29.7,29.7,0.707692,frankycpp_v1.8.exe,std::ranges::_Sort_fn::operator(),algorithm,0x14026312e
chess::Bitboard::operator|=,0.056996,0.056996,0.0,0.0,1177035000,61.1,61.1,0.295165,frankycpp_v1.8.exe,chess::Bitboard::operator|=,bitboard.h,0x14026aa0b
chess::Position::getPieceBb,0.055996,0.055996,0.0,0.0,754740000,43.1,43.1,0.392857,frankycpp_v1.8.exe,chess::Position::getPieceBb,Position.h,0x140263e80
chess::Value::operator int,0.055996,0.055996,0.0,0.0,509150000,40.0,40.0,0.482353,frankycpp_v1.8.exe,chess::Value::operator int,value.h,0x14025da26
chess::operator~,0.055996,0.055996,0.0,0.0,730780000,49.2,49.2,0.422131,frankycpp_v1.8.exe,chess::operator~,color.h,0x14025c10b
engine::Search::search::__l2::<lambda_1>::operator(),0.055996,0.055996,0.0,0.0,509150000,50.0,50.0,0.382353,frankycpp_v1.8.exe,engine::Search::search::__l2::<lambda_1>::operator(),Search.cpp,0x14021fb56
chess::Bitboard::popLSB,0.053996,0.053996,0.0,0.0,805655000,,,0.408922,frankycpp_v1.8.exe,chess::Bitboard::popLSB,bitboard.h,0x140263eb2
chess::operator<<,0.053996,0.053996,0.0,0.0,640930000,,,0.401869,frankycpp_v1.8.exe,chess::operator<<,bitboard.h,0x14026b38a
chess::operator&,0.052996,0.052996,0.0,0.0,320465000,,,1.037383,frankycpp_v1.8.exe,chess::operator&,bitboard.h,0x14026b874
chess::operator&,0.052996,0.052996,0.0,0.0,778700000,44.6,44.6,0.280769,frankycpp_v1.8.exe,chess::operator&,bitboard.h,0x14025c981
chess::operator&,0.052996,0.052996,0.0,0.0,1081195000,44.8,44.8,0.340720,frankycpp_v1.8.exe,chess::operator&,bitboard.h,0x14025c9c8
"std::_Atomic_reinterpret_as<__int64,unsigned __int64>",0.052996,0.052996,0.0,0.0,419300000,20.6,20.6,0.750000,frankycpp_v1.8.exe,"std::_Atomic_reinterpret_as<__int64,unsigned __int64>(unsigned __int64 const & __ptr64)",atomic,0x140269030
std::popcount,0.052996,0.052996,0.0,0.0,910480000,,,0.236842,frankycpp_v1.8.exe,std::popcount,bit,0x14026ab5d
chess::Position::getPieceBb,0.051997,0.051997,0.0,0.0,551080000,34.3,34.3,0.472826,frankycpp_v1.8.exe,chess::Position::getPieceBb,Position.h,0x14026b1fb
chess::operator&,0.051997,0.051997,0.0,0.0,1057235000,40.4,40.4,0.337110,frankycpp_v1.8.exe,chess::operator&,bitboard.h,0x14022044e
chess::operator|,0.051997,0.051997,0.0,0.0,524125000,30.8,30.8,0.411429,frankycpp_v1.8.exe,chess::operator|,bitboard.h,0x14029efd3
chess::Attacks::detail::Magic::index,0.050997,0.050997,0.0,0.0,563060000,42.2,42.2,0.505319,frankycpp_v1.8.exe,chess::Attacks::detail::Magic::index,attacks.h,0x14016c985
chess::operator&,0.050997,0.050997,0.0,0.0,778700000,43.1,43.1,0.280769,frankycpp_v1.8.exe,chess::operator&,bitboard.h,0x14026b8b2
chess::operator&,0.050997,0.050997,0.0,0.0,943425000,47.1,47.1,0.273016,frankycpp_v1.8.exe,chess::operator&,bitboard.h,0x14025c5f7
chess::operator&,0.049997,0.049997,0.0,0.0,697835000,53.1,53.1,0.364807,frankycpp_v1.8.exe,chess::operator&,bitboard.h,0x14026af33
chess::operator&,0.049997,0.049997,0.0,0.0,452245000,26.1,26.1,0.596026,frankycpp_v1.8.exe,chess::operator&,bitboard.h,0x14026b6ad
chess::operator*,0.049997,0.049997,0.0,0.0,628950000,45.5,45.5,0.395238,frankycpp_v1.8.exe,chess::operator*,value.h,0x14026a1bd
chess::operator<,0.049997,0.049997,0.0,0.0,1147085000,48.4,48.4,0.287206,frankycpp_v1.8.exe,chess::operator<,file.h,0x14026b37a
chess::operator|,0.049997,0.049997,0.0,0.0,940430000,73.5,73.5,0.219745,frankycpp_v1.8.exe,chess::operator|,bitboard.h,0x14029ef5c
"std::_Atomic_storage<unsigned __int64,8>::store",0.049997,0.049997,0.0,0.0,110815000,9.7,9.7,1.729730,frankycpp_v1.8.exe,"std::_Atomic_storage<unsigned __int64,8>::store",atomic,0x14026dad2
std::popcount,0.049997,0.049997,0.0,0.0,533110000,,,0.376404,frankycpp_v1.8.exe,std::popcount,bit,0x14026aa37
chess::Bitboard::operator|=,0.048997,0.048997,0.0,0.0,545090000,40.4,40.4,0.560440,frankycpp_v1.8.exe,chess::Bitboard::operator|=,bitboard.h,0x14026aa15
"std::array<chess::HistoryState,1024>::operator[]",0.048997,0.048997,0.0,0.0,284525000,25.7,25.7,0.705263,frankycpp_v1.8.exe,"std::array<chess::HistoryState,1024>::operator[]",array,0x14025c1da
chess::Position::isCapturingMove,0.047997,0.047997,0.0,0.0,772710000,43.2,43.2,0.406977,frankycpp_v1.8.exe,chess::Position::isCapturingMove,Position.h,0x14022044a
"std::_Atomic_address_as<char,struct std::_Atomic_padded<bool> >",0.047997,0.047997,0.0,0.0,284525000,20.9,20.9,0.694737,frankycpp_v1.8.exe,"std::_Atomic_address_as<char,struct std::_Atomic_padded<bool> >(struct std::_Atomic_padded<bool> const &)",xatomic.h,0x140160720
chess::operator+=,0.046997,0.046997,0.0,0.0,590015000,29.7,29.7,0.461929,frankycpp_v1.8.exe,chess::operator+=,value.h,0x14026b5d5
chess::operator|,0.046997,0.046997,0.0,0.0,434275000,41.2,41.2,0.544828,frankycpp_v1.8.exe,chess::operator|,bitboard.h,0x14029eef7
chess::typeOf,0.046997,0.046997,0.0,0.0,338435000,37.8,37.8,0.823009,frankycpp_v1.8.exe,chess::typeOf,piece.h,0x140263f53
chess::operator~,0.045997,0.045997,0.0,0.0,371380000,36.9,36.9,0.524194,frankycpp_v1.8.exe,chess::operator~,color.h,0x14026b1ef
engine::Search::valueToTt,0.045997,0.045997,0.0,0.0,458235000,,,0.450980,frankycpp_v1.8.exe,"engine::Search::valueToTt(class chess::Value,enum chess::Depth)",Search.cpp,0x140221970
"std::_Atomic_storage<unsigned __int64,8>::load",0.045997,0.045997,0.0,0.0,506155000,27.1,27.1,0.402367,frankycpp_v1.8.exe,"std::_Atomic_storage<unsigned __int64,8>::load",atomic,0x14026d855
chess::Position::getLastMove,0.044997,0.044997,0.0,0.0,458235000,47.7,47.7,0.405229,frankycpp_v1.8.exe,chess::Position::getLastMove,Position.h,0x1402632bb
engine::TT::prefetch,0.044997,0.044997,0.0,0.0,515140000,34.6,34.6,0.523256,frankycpp_v1.8.exe,engine::TT::prefetch,TT.h,0x1402214a3
chess::Position::getPieceBb,0.043997,0.043997,0.0,0.0,572045000,37.8,37.8,0.502618,frankycpp_v1.8.exe,chess::Position::getPieceBb,Position.h,0x14026b55f
chess::Position::getPieceBb,0.043997,0.043997,0.0,0.0,488185000,24.7,24.7,0.564417,frankycpp_v1.8.exe,chess::Position::getPieceBb,Position.h,0x14026b8a1
chess::StaticMoveList<256>::push_back,0.043997,0.043997,0.0,0.0,392345000,34.7,34.7,0.358779,frankycpp_v1.8.exe,chess::StaticMoveList<256>::push_back,staticmovelist.h,0x140263786
chess::operator&,0.043997,0.043997,0.0,0.0,916470000,73.2,73.2,0.232026,frankycpp_v1.8.exe,chess::operator&,bitboard.h,0x14029edfa
chess::operator+=,0.043997,0.043997,0.0,0.0,694840000,65.2,65.2,0.344828,frankycpp_v1.8.exe,chess::operator+=,value.h,0x14026a302
"std::array<engine::TT::Stats,256>::operator[]",0.043997,0.043997,0.0,0.0,248585000,,,0.891566,frankycpp_v1.8.exe,"std::array<engine::TT::Stats,256>::operator[]",array,0x14026da59
chess::Bitboard::operator bool,0.042997,0.042997,0.0,0.0,572045000,33.9,33.9,0.455497,frankycpp_v1.8.exe,chess::Bitboard::operator bool,bitboard.h,0x140263ff9
chess::Position::clearEnPassant,0.042997,0.042997,0.0,0.0,539100000,33.8,33.8,0.461111,frankycpp_v1.8.exe,chess::Position::clearEnPassant,Position.cpp,0x14025c05c
chess::operator&,0.042997,0.042997,0.0,0.0,664890000,,,0.382883,frankycpp_v1.8.exe,chess::operator&,bitboard.h,0x14025c5db
chess::operator~,0.042997,0.042997,0.0,0.0,554075000,39.0,39.0,0.405405,frankycpp_v1.8.exe,chess::operator~,color.h,0x14022044a
std::atomic<bool>::operator bool,0.042997,0.042997,0.0,0.0,110815000,5.7,5.7,1.945946,frankycpp_v1.8.exe,std::atomic<bool>::operator bool,atomic,0x140225cfb
chess::operator&,0.041997,0.041997,0.0,0.0,628950000,38.0,38.0,0.400000,frankycpp_v1.8.exe,chess::operator&,bitboard.h,0x14026b8da
chess::operator~,0.041997,0.041997,0.0,0.0,248585000,24.3,24.3,0.855422,frankycpp_v1.8.exe,chess::operator~,color.h,0x14025c1cc
"std::_Atomic_address_as<__int64,std::_Atomic_padded<unsigned __int64> >",0.041997,0.041997,0.0,0.0,410315000,23.1,23.1,0.627737,frankycpp_v1.8.exe,"std::_Atomic_address_as<__int64,std::_Atomic_padded<unsigned __int64> >",xatomic.h,0x140269040
chess::typeOf,0.040997,0.040997,0.0,0.0,485190000,27.4,27.4,0.395062,frankycpp_v1.8.exe,chess::typeOf,piece.h,0x14022140b
engine::Search::thread,0.040997,0.040997,0.0,0.0,392345000,22.5,22.5,0.801527,frankycpp_v1.8.exe,engine::Search::thread,Search.h,0x140221288
"std::array<chess::Value,32>::operator[]",0.040997,0.040997,0.0,0.0,613975000,46.2,46.2,0.414634,frankycpp_v1.8.exe,"std::array<chess::Value,32>::operator[]",array,0x14029ec58
chess::Position::getPieceBb,0.039997,0.039997,0.0,0.0,664890000,41.3,41.3,0.378378,frankycpp_v1.8.exe,chess::Position::getPieceBb,Position.h,0x14026a767
chess::operator*,0.039997,0.039997,0.0,0.0,245590000,48.3,48.3,0.951220,frankycpp_v1.8.exe,chess::operator*,value.h,0x14026a1f7
std::atomic<unsigned __int64>::{ctor},0.038997,0.038997,0.0,0.0,697835000,70.8,70.8,0.291845,frankycpp_v1.8.exe,std::atomic<unsigned __int64>::{ctor},atomic,0x14026691f
std::popcount,0.038997,0.038997,0.0,0.0,1030280000,45.2,45.2,0.319767,frankycpp_v1.8.exe,std::popcount,bit,0x14026a98d
chess::Bitboard::operator bool,0.037997,0.037997,0.0,0.0,548085000,37.4,37.4,0.295082,frankycpp_v1.8.exe,chess::Bitboard::operator bool,bitboard.h,0x14026b34d
chess::Value::isCheckMate,0.037997,0.037997,0.0,0.0,452245000,46.2,46.2,0.437086,frankycpp_v1.8.exe,chess::Value::isCheckMate,value.h,0x140221974
chess::Bitboard::operator|=,0.036998,0.036998,0.0,0.0,500165000,43.8,43.8,0.317365,frankycpp_v1.8.exe,chess::Bitboard::operator|=,bitboard.h,0x14026ae41
chess::colorOf,0.036998,0.036998,0.0,0.0,380365000,25.7,25.7,0.708661,frankycpp_v1.8.exe,chess::colorOf,piece.h,0x14025da89
chess::operator&,0.036998,0.036998,0.0,0.0,482195000,45.4,45.4,0.316770,frankycpp_v1.8.exe,chess::operator&,bitboard.h,0x14026abf9
chess::Bitboard::operator bool,0.035998,0.035998,0.0,0.0,374375000,21.2,21.2,0.648000,frankycpp_v1.8.exe,chess::Bitboard::operator bool,bitboard.h,0x14026b88c
chess::MoveGenerator::getEvasionTargets,0.035998,0.035998,0.0,0.0,766720000,54.6,54.6,0.238281,frankycpp_v1.8.exe,chess::MoveGenerator::getEvasionTargets(class chess::Position const &),MoveGenerator.cpp,0x140263350
chess::Position::getKingSquare,0.035998,0.035998,0.0,0.0,362395000,25.6,25.6,0.504132,frankycpp_v1.8.exe,chess::Position::getKingSquare,Position.h,0x14026b008
chess::operator|,0.035998,0.035998,0.0,0.0,601995000,46.1,46.1,0.328358,frankycpp_v1.8.exe,chess::operator|,bitboard.h,0x14029efe6
chess::typeOf,0.035998,0.035998,0.0,0.0,356405000,,,0.344538,frankycpp_v1.8.exe,chess::typeOf,piece.h,0x14025c091
"std::array<chess::Value,25>::operator[]",0.035998,0.035998,0.0,0.0,488185000,31.3,31.3,0.276074,frankycpp_v1.8.exe,"std::array<chess::Value,25>::operator[]",array,0x14026374a
std::popcount,0.035998,0.035998,0.0,0.0,383360000,,,0.460938,frankycpp_v1.8.exe,std::popcount,bit,0x14026b8c8
chess::Bitboard::operator bool,0.034998,0.034998,0.0,0.0,494175000,50.1,50.1,0.296970,frankycpp_v1.8.exe,chess::Bitboard::operator bool,bitboard.h,0x140263a21
chess::Bitboard::popLSB,0.034998,0.034998,0.0,0.0,790680000,41.6,41.6,0.386364,frankycpp_v1.8.exe,chess::Bitboard::popLSB,bitboard.h,0x14026b310
chess::CastlingRights::operator-=,0.034998,0.034998,0.0,0.0,299500000,47.5,47.5,0.540000,frankycpp_v1.8.exe,chess::CastlingRights::operator-=,castlingrights.h,0x14025c03f
chess::Direction::operator int,0.034998,0.034998,0.0,0.0,449250000,,,0.413333,frankycpp_v1.8.exe,chess::Direction::operator int,direction.h,0x1402656a0
chess::operator&,0.034998,0.034998,0.0,0.0,548085000,52.7,52.7,0.278689,frankycpp_v1.8.exe,chess::operator&,bitboard.h,0x140263ef5
chess::operator&,0.034998,0.034998,0.0,0.0,539100000,48.4,48.4,0.277778,frankycpp_v1.8.exe,chess::operator&,bitboard.h,0x14026b395
chess::operator+,0.034998,0.034998,0.0,0.0,476205000,31.6,31.6,0.503145,frankycpp_v1.8.exe,chess::operator+,direction.h,0x1402634d9
chess::operator|,0.034998,0.034998,0.0,0.0,344425000,23.4,23.4,0.591304,frankycpp_v1.8.exe,chess::operator|,bitboard.h,0x14026b866
chess::Move::from,0.033998,0.033998,0.0,0.0,281530000,25.3,25.3,0.755319,frankycpp_v1.8.exe,chess::Move::from,move.h,0x14025c33f
chess::operator~,0.033998,0.033998,0.0,0.0,374375000,42.3,42.3,0.312000,frankycpp_v1.8.exe,chess::operator~,color.h,0x140263ef0
engine::Search::thread,0.033998,0.033998,0.0,0.0,119800000,21.6,21.6,0.825000,frankycpp_v1.8.exe,engine::Search::thread,Search.h,0x140221042
std::optional<engine::PawnTT::Entry>::{ctor},0.033998,0.033998,0.0,0.0,521130000,37.3,37.3,0.459770,frankycpp_v1.8.exe,std::optional<engine::PawnTT::Entry>::{ctor},optional,0x140267946
chess::Bitboard::popLSB,0.032998,0.032998,0.0,0.0,215640000,17.5,17.5,1.250000,frankycpp_v1.8.exe,chess::Bitboard::popLSB,bitboard.h,0x14026b842
chess::Bitboard::popLSB,0.032998,0.032998,0.0,0.0,628950000,,,0.352381,frankycpp_v1.8.exe,chess::Bitboard::popLSB,bitboard.h,0x14026a9e0
chess::Position::getPieceBb,0.032998,0.032998,0.0,0.0,227620000,28.9,28.9,0.776316,frankycpp_v1.8.exe,chess::Position::getPieceBb,Position.h,0x140263411
chess::Square::rank,0.032998,0.032998,0.0,0.0,419300000,54.9,54.9,0.385714,frankycpp_v1.8.exe,chess::Square::rank,square.h,0x14026aefd
chess::StaticMoveList<256>::empty,0.032998,0.032998,0.0,0.0,254575000,26.7,26.7,0.729412,frankycpp_v1.8.exe,chess::StaticMoveList<256>::empty,staticmovelist.h,0x140261213
chess::StaticMoveList<256>::empty,0.032998,0.032998,0.0,0.0,287520000,23.3,23.3,0.520833,frankycpp_v1.8.exe,chess::StaticMoveList<256>::empty,staticmovelist.h,0x140263122
chess::Value::operator int,0.032998,0.032998,0.0,0.0,518135000,45.8,45.8,0.346821,frankycpp_v1.8.exe,chess::Value::operator int,value.h,0x14025da36
chess::operator+=,0.032998,0.032998,0.0,0.0,640930000,49.9,49.9,0.341121,frankycpp_v1.8.exe,chess::operator+=,value.h,0x14026ab92
chess::operator-,0.032998,0.032998,0.0,0.0,581030000,48.7,48.7,0.402062,frankycpp_v1.8.exe,chess::operator-,depth.h,0x1402201ea
chess::operator-,0.032998,0.032998,0.0,0.0,227620000,24.8,24.8,0.763158,frankycpp_v1.8.exe,chess::operator-,value.h,0x140221565
chess::typeOf,0.032998,0.032998,0.0,0.0,769715000,72.4,72.4,0.198444,frankycpp_v1.8.exe,chess::typeOf,piece.h,0x14029ebe1
chess::Bitboard::{ctor},0.031998,0.031998,0.0,0.0,826620000,51.5,51.5,0.159420,frankycpp_v1.8.exe,chess::Bitboard::{ctor},bitboard.h,0x14029f017
chess::Position::getPieceBb,0.031998,0.031998,0.0,0.0,392345000,58.5,58.5,0.358779,frankycpp_v1.8.exe,chess::Position::getPieceBb,Position.h,0x14029ee2a
chess::Value::isCheckMate,0.031998,0.031998,0.0,0.0,152745000,18.0,18.0,1.137255,frankycpp_v1.8.exe,chess::Value::isCheckMate,value.h,0x1402219b4
chess::operator&,0.031998,0.031998,0.0,0.0,670880000,52.0,52.0,0.281250,frankycpp_v1.8.exe,chess::operator&,bitboard.h,0x14029f003
chess::operator&,0.031998,0.031998,0.0,0.0,554075000,48.6,48.6,0.248649,frankycpp_v1.8.exe,chess::operator&,bitboard.h,0x14026afb0
chess::operator-,0.031998,0.031998,0.0,0.0,587020000,46.2,46.2,0.306122,frankycpp_v1.8.exe,chess::operator-,value.h,0x14029ed9d
chess::Bitboard::operator^=,0.030998,0.030998,0.0,0.0,413310000,33.5,33.5,0.644928,frankycpp_v1.8.exe,chess::Bitboard::operator^=,bitboard.h,0x14025daa9
chess::Position::getPieceBb,0.030998,0.030998,0.0,0.0,604990000,30.6,30.6,0.420792,frankycpp_v1.8.exe,chess::Position::getPieceBb,Position.h,0x14026b8bd
chess::colorOf,0.030998,0.030998,0.0,0.0,302495000,38.3,38.3,0.415842,frankycpp_v1.8.exe,chess::colorOf,piece.h,0x14025d962
"std::array<chess::Value,25>::operator[]",0.030998,0.030998,0.0,0.0,353410000,33.8,33.8,0.432203,frankycpp_v1.8.exe,"std::array<chess::Value,25>::operator[]",array,0x140264032
chess::Move::operator==,0.029998,0.029998,0.0,0.0,422295000,46.5,46.5,0.560284,frankycpp_v1.8.exe,chess::Move::operator==,PVTable.h,0x140263248
chess::Position::checkInsufficientMaterial,0.029998,0.029998,0.0,0.0,661895000,54.1,54.1,0.330317,frankycpp_v1.8.exe,chess::Position::checkInsufficientMaterial(void),Position.cpp,0x14025cce0
chess::StaticMoveList<128>::pop_back,0.029998,0.029998,0.0,0.0,221630000,,,0.797297,frankycpp_v1.8.exe,chess::StaticMoveList<128>::pop_back,staticmovelist.h,0x1402209f7
chess::Bitboard::operator bool,0.028998,0.028998,0.0,0.0,302495000,30.7,30.7,0.584158,frankycpp_v1.8.exe,chess::Bitboard::operator bool,bitboard.h,0x140264200
chess::Square::file,0.028998,0.028998,0.0,0.0,464225000,35.0,35.0,0.367742,frankycpp_v1.8.exe,chess::Square::file,square.h,0x14026b236
chess::Value::operator int,0.028998,0.028998,0.0,0.0,350415000,40.8,40.8,0.581197,frankycpp_v1.8.exe,chess::Value::operator int,value.h,0x14025db26
chess::Value::operator int,0.028998,0.028998,0.0,0.0,320465000,49.4,49.4,0.448598,frankycpp_v1.8.exe,chess::Value::operator int,value.h,0x14025d9fe
chess::operator&,0.028998,0.028998,0.0,0.0,329450000,41.8,41.8,0.381818,frankycpp_v1.8.exe,chess::operator&,bitboard.h,0x1402635a5
chess::operator&,0.028998,0.028998,0.0,0.0,416305000,53.7,53.7,0.266187,frankycpp_v1.8.exe,chess::operator&,bitboard.h,0x14025c7ad
chess::typeOf,0.028998,0.028998,0.0,0.0,479200000,47.1,47.1,0.306250,frankycpp_v1.8.exe,chess::typeOf,piece.h,0x14025c88f
func@0x140cbc720,0.028998,0.028998,0.0,0.0,0,0.0,0.0,,nvlddmkm.sys,func@0x140cbc720,[Unknown],0x140cbc720
chess::Bitboard::operator~,0.027998,0.027998,0.0,0.0,212645000,36.2,36.2,0.633803,frankycpp_v1.8.exe,chess::Bitboard::operator~,bitboard.h,0x1402636f2
chess::Direction::pawnPush,0.027998,0.027998,0.0,0.0,437270000,45.0,45.0,0.369863,frankycpp_v1.8.exe,chess::Direction::pawnPush,direction.h,0x14026370a
chess::Move::stripped,0.027998,0.027998,0.0,0.0,458235000,26.9,26.9,0.418301,frankycpp_v1.8.exe,chess::Move::stripped,move.h,0x140261262
std::popcount,0.027998,0.027998,0.0,0.0,362395000,32.8,32.8,0.454545,frankycpp_v1.8.exe,std::popcount,bit,0x14026b8e0
chess::Bitboard::popLSB,0.026998,0.026998,0.0,0.0,404325000,46.2,46.2,0.333333,frankycpp_v1.8.exe,chess::Bitboard::popLSB,bitboard.h,0x14026aad0
chess::Move::operator==,0.026998,0.026998,0.0,0.0,221630000,47.5,47.5,0.378378,frankycpp_v1.8.exe,chess::Move::operator==,PVTable.h,0x140263229
chess::StaticMoveList<256>::push_back,0.026998,0.026998,0.0,0.0,278535000,35.5,35.5,0.548387,frankycpp_v1.8.exe,chess::StaticMoveList<256>::push_back,staticmovelist.h,0x1402642da
chess::operator*,0.026998,0.026998,0.0,0.0,1060230000,85.1,85.1,0.149718,frankycpp_v1.8.exe,chess::operator*,value.h,0x140269dbc
std::countr_zero,0.026998,0.026998,0.0,0.0,272545000,34.2,34.2,0.604396,frankycpp_v1.8.exe,std::countr_zero,bit,0x14026a950
chess::Bitboard::operator|=,0.025998,0.025998,0.0,0.0,398335000,,,0.240602,frankycpp_v1.8.exe,chess::Bitboard::operator|=,bitboard.h,0x14026ab36
chess::Bitboard::operator|=,0.025998,0.025998,0.0,0.0,401330000,62.9,62.9,0.298507,frankycpp_v1.8.exe,chess::Bitboard::operator|=,bitboard.h,0x140269ec5
chess::Square::pawnPush,0.025998,0.025998,0.0,0.0,344425000,50.8,50.8,0.269565,frankycpp_v1.8.exe,chess::Square::pawnPush,square.h,0x14025c0b5
chess::operator&,0.025998,0.025998,0.0,0.0,748750000,65.2,65.2,0.288000,frankycpp_v1.8.exe,chess::operator&,bitboard.h,0x14025c9af
chess::operator+,0.025998,0.025998,0.0,0.0,341430000,46.2,46.2,0.342105,frankycpp_v1.8.exe,chess::operator+,depth.h,0x1402203ed
std::max,0.025998,0.025998,0.0,0.0,377370000,36.9,36.9,0.206349,frankycpp_v1.8.exe,std::max,utility,0x14029ec7f
"std::unique_ptr<engine::PawnTT::Entry [0],std::default_delete<engine::PawnTT::Entry [0]> >::operator[]",0.025998,0.025998,0.0,0.0,86855000,11.0,11.0,1.655172,frankycpp_v1.8.exe,"std::unique_ptr<engine::PawnTT::Entry [0],std::default_delete<engine::PawnTT::Entry [0]> >::operator[]",memory,0x1402214d9
chess::Move::type,0.024998,0.024998,0.0,0.0,320465000,39.2,39.2,0.345794,frankycpp_v1.8.exe,chess::Move::type,move.h,0x1402213d9
"std::array<chess::Move,128>::operator[]",0.024998,0.024998,0.0,0.0,29950000,,,3.900000,frankycpp_v1.8.exe,"std::array<chess::Move,128>::operator[]",array,0x140220eeb
chess::Move::to,0.023998,0.023998,0.0,0.0,350415000,37.4,37.4,0.393162,frankycpp_v1.8.exe,chess::Move::to,move.h,0x1402217bd
chess::operator&,0.023998,0.023998,0.0,0.0,290515000,31.9,31.9,0.505155,frankycpp_v1.8.exe,chess::operator&,bitboard.h,0x14026b00e
chess::operator+=,0.023998,0.023998,0.0,0.0,422295000,61.2,61.2,0.411348,frankycpp_v1.8.exe,chess::operator+=,value.h,0x14026aa69
chess::operator-,0.023998,0.023998,0.0,0.0,170715000,30.4,30.4,0.596491,frankycpp_v1.8.exe,chess::operator-,value.h,0x140263c71
chess::operator|,0.023998,0.023998,0.0,0.0,281530000,44.1,44.1,0.393617,frankycpp_v1.8.exe,chess::operator|,bitboard.h,0x14026a9e8
engine::PawnTT::getHash,0.023998,0.023998,0.0,0.0,101830000,,,1.029412,frankycpp_v1.8.exe,engine::PawnTT::getHash,PawnTT.h,0x140267918
engine::Search::thread,0.023998,0.023998,0.0,0.0,191680000,21.0,21.0,0.984375,frankycpp_v1.8.exe,engine::Search::thread,Search.h,0x14021f48a
std::clamp,0.023998,0.023998,0.0,0.0,353410000,,,0.364407,frankycpp_v1.8.exe,std::clamp,algorithm,0x140220760
std::max,0.023998,0.023998,0.0,0.0,191680000,38.7,38.7,0.562500,frankycpp_v1.8.exe,std::max,utility,0x14029ed85
chess::Position::doNullMove,0.022998,0.022998,0.0,0.0,164725000,29.2,29.2,0.690909,frankycpp_v1.8.exe,chess::Position::doNullMove(void),Position.cpp,0x14025c3e0
chess::Position::getPieceBb,0.022998,0.022998,0.0,0.0,359400000,58.7,58.7,0.283333,frankycpp_v1.8.exe,chess::Position::getPieceBb,Position.h,0x14029ef2c
chess::operator<,0.022998,0.022998,0.0,0.0,314475000,32.2,32.2,0.504762,frankycpp_v1.8.exe,chess::operator<,file.h,0x14026b250
chess::operator|,0.022998,0.022998,0.0,0.0,305490000,39.3,39.3,0.382353,frankycpp_v1.8.exe,chess::operator|,bitboard.h,0x14029eed8
engine::Search::thread,0.022998,0.022998,0.0,0.0,227620000,20.9,20.9,0.657895,frankycpp_v1.8.exe,engine::Search::thread,Search.h,0x1402200d4
"std::array<engine::PlyInfo,128>::operator[]",0.022998,0.022998,0.0,0.0,152745000,28.0,28.0,0.803922,frankycpp_v1.8.exe,"std::array<engine::PlyInfo,128>::operator[]",array,0x1402200f5
"std::array<unsigned __int64,64>::operator[]",0.022998,0.022998,0.0,0.0,362395000,52.8,52.8,0.322314,frankycpp_v1.8.exe,"std::array<unsigned __int64,64>::operator[]",array,0x14025d9ba
chess::Bitboard::operator^=,0.021999,0.021999,0.0,0.0,377370000,,,0.246032,frankycpp_v1.8.exe,chess::Bitboard::operator^=,bitboard.h,0x14029eced
chess::Bitboard::operator~,0.021999,0.021999,0.0,0.0,275540000,41.9,41.9,0.380435,frankycpp_v1.8.exe,chess::Bitboard::operator~,bitboard.h,0x14026b517
chess::Position::getNextPlayer,0.021999,0.021999,0.0,0.0,230615000,,,0.350649,frankycpp_v1.8.exe,chess::Position::getNextPlayer,Position.h,0x1402631be
chess::StaticMoveList<256>::push_back,0.021999,0.021999,0.0,0.0,245590000,,,0.390244,frankycpp_v1.8.exe,chess::StaticMoveList<256>::push_back,staticmovelist.h,0x140263cfc
engine::PVTable::clear,0.021999,0.021999,0.0,0.0,107820000,,,0.638889,frankycpp_v1.8.exe,engine::PVTable::clear,PVTable.h,0x14021f496
engine::PawnTT::prefetch,0.021999,0.021999,0.0,0.0,50915000,4.8,4.8,2.470588,frankycpp_v1.8.exe,engine::PawnTT::prefetch,PawnTT.h,0x1402214d0
func@0x1406b1283,0.021999,0.021999,0.0,0.0,5990000,11.0,11.0,10.500000,ntoskrnl.exe,func@0x1406b1283,[Unknown],0x1406b1283
std::countr_zero,0.021999,0.021999,0.0,0.0,263560000,53.1,53.1,0.318182,frankycpp_v1.8.exe,std::countr_zero,bit,0x14026aad0
chess::Bitboard::popLSB,0.020999,0.020999,0.0,0.0,233610000,31.4,31.4,0.397436,frankycpp_v1.8.exe,chess::Bitboard::popLSB,bitboard.h,0x14026a605
func@0x1400e34a0,0.020999,0.020999,0.0,0.0,2995000,0.0,0.0,30.000000,nvlddmkm.sys,func@0x1400e34a0,[Unknown],0x1400e34a0
chess::Bitboard::operator|=,0.019999,0.019999,0.0,0.0,236605000,46.4,46.4,0.392405,frankycpp_v1.8.exe,chess::Bitboard::operator|=,bitboard.h,0x14026a447
chess::operator-,0.019999,0.019999,0.0,0.0,92845000,28.4,28.4,1.225806,frankycpp_v1.8.exe,chess::operator-,value.h,0x1402208b1
chess::operator|,0.019999,0.019999,0.0,0.0,380365000,45.0,45.0,0.291339,frankycpp_v1.8.exe,chess::operator|,bitboard.h,0x14029ef0a
chess::operator|,0.019999,0.019999,0.0,0.0,116805000,,,0.717949,frankycpp_v1.8.exe,chess::operator|,bitboard.h,0x14026a7e9
std::atomic<unsigned __int64>::{ctor},0.019999,0.019999,0.0,0.0,5990000,10.0,10.0,12.000000,frankycpp_v1.8.exe,std::atomic<unsigned __int64>::{ctor},atomic,0x14026da8e
std::countr_zero,0.019999,0.019999,0.0,0.0,176705000,29.9,29.9,0.745763,frankycpp_v1.8.exe,std::countr_zero,bit,0x140264124
std::popcount,0.019999,0.019999,0.0,0.0,95840000,18.3,18.3,1.062500,frankycpp_v1.8.exe,std::popcount,bit,0x14026b6a2
"std::unique_ptr<engine::PawnTT::Entry [0],std::default_delete<engine::PawnTT::Entry [0]> >::operator[]",0.019999,0.019999,0.0,0.0,604990000,100.0,100.0,0.207921,frankycpp_v1.8.exe,"std::unique_ptr<engine::PawnTT::Entry [0],std::default_delete<engine::PawnTT::Entry [0]> >::operator[]",memory,0x14026791f
chess::Bitboard::operator bool,0.018999,0.018999,0.0,0.0,200665000,32.7,32.7,0.432836,frankycpp_v1.8.exe,chess::Bitboard::operator bool,bitboard.h,0x14026b448
chess::Move::encode,0.018999,0.018999,0.0,0.0,323460000,38.2,38.2,0.407407,frankycpp_v1.8.exe,chess::Move::encode,move.h,0x14026377d
chess::Move::type,0.018999,0.018999,0.0,0.0,224625000,54.1,54.1,0.333333,frankycpp_v1.8.exe,chess::Move::type,move.h,0x140220436
chess::Position::getPiece,0.018999,0.018999,0.0,0.0,353410000,,,0.169492,frankycpp_v1.8.exe,chess::Position::getPiece,Position.h,0x14029ebdd
chess::operator&,0.018999,0.018999,0.0,0.0,155740000,35.9,35.9,0.557692,frankycpp_v1.8.exe,chess::operator&,bitboard.h,0x14026b8cd
chess::operator+,0.018999,0.018999,0.0,0.0,218635000,39.6,39.6,0.452055,frankycpp_v1.8.exe,chess::operator+,castlingrights.h,0x14025c024
chess::operator+,0.018999,0.018999,0.0,0.0,257570000,33.5,33.5,0.360465,frankycpp_v1.8.exe,chess::operator+,value.h,0x140221418
chess::operator-,0.018999,0.018999,0.0,0.0,281530000,32.2,32.2,0.436170,frankycpp_v1.8.exe,chess::operator-,value.h,0x14029ec53
engine::Search::valueFromTt,0.018999,0.018999,0.0,0.0,107820000,15.2,15.2,1.194444,frankycpp_v1.8.exe,"engine::Search::valueFromTt(class chess::Value,enum chess::Depth)",Search.cpp,0x1402219b0
"std::_Hash<std::_Umap_traits<unsigned __int64,book::BookEntry,std::_Uhash_compare<unsigned __int64,std::hash<unsigned __int64>,std::equal_to<unsigned __int64> >,std::allocator<std::pair<unsigned __int64 const ,book::BookEntry> >,0> >::_Find_last",0.018999,0.018999,0.0,0.0,23960000,2.4,2.4,3.375000,frankycpp_v1.8.exe,"std::_Hash<std::_Umap_traits<unsigned __int64,book::BookEntry,std::_Uhash_compare<unsigned __int64,std::hash<unsigned __int64>,std::equal_to<unsigned __int64> >,std::allocator<std::pair<unsigned __int64 const ,book::BookEntry> >,0> >::_Find_last",xhash,0x140288550
"std::array<chess::Bitboard,64>::operator[]",0.018999,0.018999,0.0,0.0,209650000,36.6,36.6,0.600000,frankycpp_v1.8.exe,"std::array<chess::Bitboard,64>::operator[]",array,0x14026a420
"std::array<std::array<chess::Bitboard,64>,2>::operator[]",0.018999,0.018999,0.0,0.0,317470000,63.4,63.4,0.349057,frankycpp_v1.8.exe,"std::array<std::array<chess::Bitboard,64>,2>::operator[]",array,0x14026abeb
std::max,0.018999,0.018999,0.0,0.0,86855000,14.3,14.3,1.896552,frankycpp_v1.8.exe,std::max,utility,0x140220f83
chess::Bitboard::operator bool,0.017999,0.017999,0.0,0.0,224625000,38.8,38.8,0.413333,frankycpp_v1.8.exe,chess::Bitboard::operator bool,bitboard.h,0x14026aabb
chess::Bitboard::operator bool,0.017999,0.017999,0.0,0.0,197670000,59.5,59.5,0.227273,frankycpp_v1.8.exe,chess::Bitboard::operator bool,bitboard.h,0x14026aaf2
chess::Value::operator int,0.017999,0.017999,0.0,0.0,326455000,36.8,36.8,0.403670,frankycpp_v1.8.exe,chess::Value::operator int,value.h,0x14025dafe
chess::operator+=,0.017999,0.017999,0.0,0.0,380365000,,,0.244094,frankycpp_v1.8.exe,chess::operator+=,value.h,0x14026b053
chess::operator|,0.017999,0.017999,0.0,0.0,170715000,33.5,33.5,0.280702,frankycpp_v1.8.exe,chess::operator|,bitboard.h,0x14025c7a2
chess::typeOf,0.017999,0.017999,0.0,0.0,341430000,48.3,48.3,0.254386,frankycpp_v1.8.exe,chess::typeOf,piece.h,0x1402204a6
engine::Evaluator::valueFromScore,0.017999,0.017999,0.0,0.0,302495000,68.5,68.5,0.316832,frankycpp_v1.8.exe,engine::Evaluator::valueFromScore,Evaluator.cpp,0x140269dbc
chess::Bitboard::operator bool,0.016999,0.016999,0.0,0.0,206655000,37.8,37.8,0.391304,frankycpp_v1.8.exe,chess::Bitboard::operator bool,bitboard.h,0x14026a976
chess::Bitboard::shifted,0.016999,0.016999,0.0,0.0,83860000,19.3,19.3,0.571429,frankycpp_v1.8.exe,chess::Bitboard::shifted,bitboard.h,0x140263877
chess::Move::operator==,0.016999,0.016999,0.0,0.0,272545000,38.7,38.7,0.417582,frankycpp_v1.8.exe,chess::Move::operator==,PVTable.h,0x14026320a
chess::Position::getPieceBb,0.016999,0.016999,0.0,0.0,131780000,22.3,22.3,1.022727,frankycpp_v1.8.exe,chess::Position::getPieceBb,Position.h,0x14026b7ec
chess::Square::file,0.016999,0.016999,0.0,0.0,203660000,30.6,30.6,0.382353,frankycpp_v1.8.exe,chess::Square::file,square.h,0x14026b365
chess::StaticMoveList<128>::push_back,0.016999,0.016999,0.0,0.0,29950000,3.8,3.8,3.400000,frankycpp_v1.8.exe,chess::StaticMoveList<128>::push_back,staticmovelist.h,0x1402214e8
chess::StaticMoveList<256>::empty,0.016999,0.016999,0.0,0.0,203660000,62.8,62.8,0.367647,frankycpp_v1.8.exe,chess::StaticMoveList<256>::empty,staticmovelist.h,0x140262e6b
chess::moveValueGreaterComparator::operator(),0.016999,0.016999,0.0,0.0,95840000,,,1.093750,frankycpp_v1.8.exe,chess::moveValueGreaterComparator::operator(),move.h,0x1402647c0
chess::operator+,0.016999,0.016999,0.0,0.0,287520000,38.0,38.0,0.375000,frankycpp_v1.8.exe,chess::operator+,value.h,0x1402204f7
chess::operator+=,0.016999,0.016999,0.0,0.0,395340000,,,0.234848,frankycpp_v1.8.exe,chess::operator+=,value.h,0x14026a2f7
chess::typeOf,0.016999,0.016999,0.0,0.0,239600000,42.2,42.2,0.462500,frankycpp_v1.8.exe,chess::typeOf,piece.h,0x14026374e
chess::Bitboard::operator|=,0.015999,0.015999,0.0,0.0,392345000,43.5,43.5,0.290076,frankycpp_v1.8.exe,chess::Bitboard::operator|=,bitboard.h,0x14026ae4e
chess::Bitboard::operator~,0.015999,0.015999,0.0,0.0,248585000,,,0.421687,frankycpp_v1.8.exe,chess::Bitboard::operator~,bitboard.h,0x14026a44a
chess::Rank::promotionFor,0.015999,0.015999,0.0,0.0,137770000,20.3,20.3,0.413043,frankycpp_v1.8.exe,chess::Rank::promotionFor,rank.h,0x140263b3f
chess::operator&,0.015999,0.015999,0.0,0.0,245590000,53.7,53.7,0.439024,frankycpp_v1.8.exe,chess::operator&,bitboard.h,0x14026ae66
chess::operator&,0.015999,0.015999,0.0,0.0,68885000,25.4,25.4,1.478261,frankycpp_v1.8.exe,chess::operator&,bitboard.h,0x14026b69f
chess::operator&,0.015999,0.015999,0.0,0.0,278535000,62.0,62.0,0.301075,frankycpp_v1.8.exe,chess::operator&,bitboard.h,0x14026aebd
chess::operator+=,0.015999,0.015999,0.0,0.0,254575000,,,0.364706,frankycpp_v1.8.exe,chess::operator+=,value.h,0x14026a912
chess::operator~,0.015999,0.015999,0.0,0.0,308485000,45.5,45.5,0.281553,frankycpp_v1.8.exe,chess::operator~,color.h,0x14026abbc
engine::Search::evaluate,0.015999,0.015999,0.0,0.0,745755000,84.3,84.3,0.172691,frankycpp_v1.8.exe,engine::Search::evaluate,Search.cpp,0x1402211ba
engine::Search::isTimeAlmostUp,0.015999,0.015999,0.0,0.0,44925000,17.0,17.0,1.400000,frankycpp_v1.8.exe,engine::Search::isTimeAlmostUp(void),Search.cpp,0x140227410
std::countr_zero,0.015999,0.015999,0.0,0.0,281530000,44.9,44.9,0.425532,frankycpp_v1.8.exe,std::countr_zero,bit,0x14026a9e0
chess::Bitboard::operator|=,0.014999,0.014999,0.0,0.0,143760000,40.8,40.8,0.395833,frankycpp_v1.8.exe,chess::Bitboard::operator|=,bitboard.h,0x140269e68
chess::Position::getGamePhaseFactor,0.014999,0.014999,0.0,0.0,625955000,77.4,77.4,0.181818,frankycpp_v1.8.exe,chess::Position::getGamePhaseFactor,Position.h,0x140269d4b
chess::Position::getPieceBb,0.014999,0.014999,0.0,0.0,155740000,26.1,26.1,0.365385,frankycpp_v1.8.exe,chess::Position::getPieceBb,Position.h,0x14026b641
chess::Position::getPieceBb,0.014999,0.014999,0.0,0.0,203660000,41.3,41.3,0.323529,frankycpp_v1.8.exe,chess::Position::getPieceBb,Position.h,0x14026b59a
chess::StaticMoveList<256>::push_back,0.014999,0.014999,0.0,0.0,218635000,42.1,42.1,0.452055,frankycpp_v1.8.exe,chess::StaticMoveList<256>::push_back,staticmovelist.h,0x14026433f
chess::operator&,0.014999,0.014999,0.0,0.0,110815000,27.8,27.8,0.810811,frankycpp_v1.8.exe,chess::operator&,bitboard.h,0x14026b68a
chess::operator+=,0.014999,0.014999,0.0,0.0,119800000,40.0,40.0,0.725000,frankycpp_v1.8.exe,chess::operator+=,value.h,0x14026b929
chess::operator+=,0.014999,0.014999,0.0,0.0,572045000,81.8,81.8,0.230366,frankycpp_v1.8.exe,chess::operator+=,value.h,0x140269d9a
chess::operator-,0.014999,0.014999,0.0,0.0,284525000,44.9,44.9,0.263158,frankycpp_v1.8.exe,chess::operator-,value.h,0x14029ec65
chess::operator|,0.014999,0.014999,0.0,0.0,203660000,35.8,35.8,0.514706,frankycpp_v1.8.exe,chess::operator|,bitboard.h,0x14026b51c
chess::operator|,0.014999,0.014999,0.0,0.0,152745000,40.3,40.3,0.392157,frankycpp_v1.8.exe,chess::operator|,bitboard.h,0x14026b2f7
chess::operator|,0.014999,0.014999,0.0,0.0,173710000,45.0,45.0,0.396552,frankycpp_v1.8.exe,chess::operator|,bitboard.h,0x14016ca06
func@0x140255da0,0.014999,0.014999,0.0,0.0,2995000,0.0,0.0,30.000000,ntoskrnl.exe,func@0x140255da0,[Unknown],0x140255da0
func@0x1402eb8ad,0.014999,0.014999,0.0,0.0,20965000,15.7,15.7,4.000000,ntoskrnl.exe,func@0x1402eb8ad,[Unknown],0x1402eb8ad
func@0x1406b239f,0.014999,0.014999,0.0,0.0,5990000,6.4,6.4,15.000000,ntoskrnl.exe,func@0x1406b239f,[Unknown],0x1406b239f
chess::Bitboard::operator|=,0.013999,0.013999,0.0,0.0,227620000,51.1,51.1,0.434211,frankycpp_v1.8.exe,chess::Bitboard::operator|=,bitboard.h,0x14026a4b8
chess::Bitboard::popLSB,0.013999,0.013999,0.0,0.0,167720000,33.9,33.9,0.803571,frankycpp_v1.8.exe,chess::Bitboard::popLSB,bitboard.h,0x140263f45
chess::Move::encode,0.013999,0.013999,0.0,0.0,146755000,31.5,31.5,0.428571,frankycpp_v1.8.exe,chess::Move::encode,move.h,0x140263c68
chess::Move::operator==,0.013999,0.013999,0.0,0.0,140765000,35.5,35.5,0.744681,frankycpp_v1.8.exe,chess::Move::operator==,PVTable.h,0x14026123f
chess::Move::setValue,0.013999,0.013999,0.0,0.0,107820000,,,0.416667,frankycpp_v1.8.exe,chess::Move::setValue,move.h,0x140263212
chess::StaticMoveList<128>::pop_back,0.013999,0.013999,0.0,0.0,203660000,18.1,18.1,0.602941,frankycpp_v1.8.exe,chess::StaticMoveList<128>::pop_back,staticmovelist.h,0x14022156b
chess::Value::{ctor},0.013999,0.013999,0.0,0.0,251580000,,,0.321429,frankycpp_v1.8.exe,chess::Value::{ctor},value.h,0x14029ec75
chess::operator~,0.013999,0.013999,0.0,0.0,236605000,47.5,47.5,0.392405,frankycpp_v1.8.exe,chess::operator~,color.h,0x14026ac9a
"std::_Atomic_storage<unsigned __int64,8>::load",0.013999,0.013999,0.0,0.0,53910000,6.5,6.5,1.333333,frankycpp_v1.8.exe,"std::_Atomic_storage<unsigned __int64,8>::load",atomic,0x140267738
"std::array<std::array<int,64>,64>::operator[]",0.013999,0.013999,0.0,0.0,176705000,,,0.338983,frankycpp_v1.8.exe,"std::array<std::array<int,64>,64>::operator[]",array,0x140263285
std::popcount,0.013999,0.013999,0.0,0.0,206655000,30.7,30.7,0.275362,frankycpp_v1.8.exe,std::popcount,bit,0x14026b585
std::popcount,0.013999,0.013999,0.0,0.0,71880000,25.8,25.8,1.833333,frankycpp_v1.8.exe,std::popcount,bit,0x14026b7fb
chess::Bitboard::operator bool,0.012999,0.012999,0.0,0.0,200665000,46.8,46.8,0.522388,frankycpp_v1.8.exe,chess::Bitboard::operator bool,bitboard.h,0x140269e94
chess::Bitboard::operator bool,0.012999,0.012999,0.0,0.0,74875000,22.0,22.0,1.320000,frankycpp_v1.8.exe,chess::Bitboard::operator bool,bitboard.h,0x14026b80c
chess::Color::iterator::operator++,0.012999,0.012999,0.0,0.0,68885000,,,0.478261,frankycpp_v1.8.exe,chess::Color::iterator::operator++,color.h,0x14026a64d
chess::Direction::{ctor},0.012999,0.012999,0.0,0.0,119800000,,,0.575000,frankycpp_v1.8.exe,chess::Direction::{ctor},direction.h,0x140263a0d
chess::Move::operator==,0.012999,0.012999,0.0,0.0,143760000,29.3,29.3,0.541667,frankycpp_v1.8.exe,chess::Move::operator==,PVTable.h,0x1402202db
chess::Move::stripped,0.012999,0.012999,0.0,0.0,140765000,31.7,31.7,0.404255,frankycpp_v1.8.exe,chess::Move::stripped,move.h,0x14026123c
chess::Move::type,0.012999,0.012999,0.0,0.0,194675000,39.0,39.0,0.261538,frankycpp_v1.8.exe,chess::Move::type,move.h,0x14029eb0d
chess::StaticMoveList<128>::push_back,0.012999,0.012999,0.0,0.0,65890000,9.6,9.6,1.318182,frankycpp_v1.8.exe,chess::StaticMoveList<128>::push_back,staticmovelist.h,0x1402207f5
chess::StaticMoveList<256>::push_back,0.012999,0.012999,0.0,0.0,218635000,23.0,23.0,0.520548,frankycpp_v1.8.exe,chess::StaticMoveList<256>::push_back,staticmovelist.h,0x140263c4d
chess::operator*,0.012999,0.012999,0.0,0.0,395340000,,,0.340909,frankycpp_v1.8.exe,chess::operator*,value.h,0x140269dc4
chess::operator+=,0.012999,0.012999,0.0,0.0,101830000,33.9,33.9,0.647059,frankycpp_v1.8.exe,chess::operator+=,value.h,0x14026a1a4
func@0x18001d470,0.012999,0.012999,0.0,0.0,122795000,27.4,27.4,0.707317,ntdll.dll,func@0x18001d470,[Unknown],0x18001d470
"std::array<chess::HistoryState,1024>::operator[]",0.012999,0.012999,0.0,0.0,89850000,19.3,19.3,1.166667,frankycpp_v1.8.exe,"std::array<chess::HistoryState,1024>::operator[]",array,0x14025bd38
"std::array<chess::Move,64>::operator[]",0.012999,0.012999,0.0,0.0,77870000,57.9,57.9,0.153846,frankycpp_v1.8.exe,"std::array<chess::Move,64>::operator[]",array,0x140220c95
"std::unique_ptr<engine::PawnTT::Entry [0],std::default_delete<engine::PawnTT::Entry [0]> >::operator[]",0.012999,0.012999,0.0,0.0,98835000,13.4,13.4,0.454545,frankycpp_v1.8.exe,"std::unique_ptr<engine::PawnTT::Entry [0],std::default_delete<engine::PawnTT::Entry [0]> >::operator[]",memory,0x14026a710
chess::Bitboard::operator|=,0.011999,0.011999,0.0,0.0,212645000,36.2,36.2,0.338028,frankycpp_v1.8.exe,chess::Bitboard::operator|=,bitboard.h,0x14026a494
chess::Bitboard::{ctor},0.011999,0.011999,0.0,0.0,179700000,47.0,47.0,0.400000,frankycpp_v1.8.exe,chess::Bitboard::{ctor},bitboard.h,0x14026af33
chess::Bitboard::{ctor},0.011999,0.011999,0.0,0.0,188685000,55.0,55.0,0.396825,frankycpp_v1.8.exe,chess::Bitboard::{ctor},bitboard.h,0x14025c7a2
chess::Move::promotionType,0.011999,0.011999,0.0,0.0,62895000,,,0.428571,frankycpp_v1.8.exe,chess::Move::promotionType,move.h,0x14025c8fe
chess::Move::setValue,0.011999,0.011999,0.0,0.0,131780000,69.8,69.8,0.363636,frankycpp_v1.8.exe,chess::Move::setValue,move.h,0x140263250
chess::Position::getKingSquare,0.011999,0.011999,0.0,0.0,206655000,46.7,46.7,0.318841,frankycpp_v1.8.exe,chess::Position::getKingSquare,Position.h,0x14026a878
chess::Position::getKingSquare,0.011999,0.011999,0.0,0.0,137770000,,,0.521739,frankycpp_v1.8.exe,chess::Position::getKingSquare,Position.h,0x14026b1e9
chess::StaticMoveList<256>::end,0.011999,0.011999,0.0,0.0,167720000,52.6,52.6,0.267857,frankycpp_v1.8.exe,chess::StaticMoveList<256>::end,staticmovelist.h,0x14026312e
chess::operator&,0.011999,0.011999,0.0,0.0,197670000,36.8,36.8,0.530303,frankycpp_v1.8.exe,chess::operator&,bitboard.h,0x14026aa2a
chess::operator&,0.011999,0.011999,0.0,0.0,65890000,,,0.454545,frankycpp_v1.8.exe,chess::operator&,bitboard.h,0x140263cb4
chess::operator&,0.011999,0.011999,0.0,0.0,182695000,64.6,64.6,0.442623,frankycpp_v1.8.exe,chess::operator&,bitboard.h,0x14029ee12
chess::operator+,0.011999,0.011999,0.0,0.0,245590000,34.3,34.3,0.341463,frankycpp_v1.8.exe,chess::operator+,value.h,0x1402204fb
chess::operator+,0.011999,0.011999,0.0,0.0,173710000,43.5,43.5,0.396552,frankycpp_v1.8.exe,chess::operator+,value.h,0x140221401
chess::operator+=,0.011999,0.011999,0.0,0.0,245590000,,,0.268293,frankycpp_v1.8.exe,chess::operator+=,value.h,0x14026a8ff
chess::operator-,0.011999,0.011999,0.0,0.0,128785000,37.2,37.2,0.441860,frankycpp_v1.8.exe,chess::operator-,value.h,0x140263f91
chess::operator|,0.011999,0.011999,0.0,0.0,167720000,40.9,40.9,0.339286,frankycpp_v1.8.exe,chess::operator|,bitboard.h,0x14025c73d
chess::operator~,0.011999,0.011999,0.0,0.0,230615000,,,0.389610,frankycpp_v1.8.exe,chess::operator~,color.h,0x14026aa8f
chess::typeOf,0.011999,0.011999,0.0,0.0,134775000,31.7,31.7,0.422222,frankycpp_v1.8.exe,chess::typeOf,piece.h,0x14026373f
chess::valueOf,0.011999,0.011999,0.0,0.0,209650000,48.0,48.0,0.257143,frankycpp_v1.8.exe,chess::valueOf,value.h,0x1402204a6
func@0x1406ac320,0.011999,0.011999,0.0,0.0,29950000,12.7,12.7,3.800000,ntoskrnl.exe,func@0x1406ac320,[Unknown],0x1406ac320
"std::array<std::array<unsigned __int64,64>,16>::operator[]",0.011999,0.011999,0.0,0.0,122795000,50.6,50.6,0.487805,frankycpp_v1.8.exe,"std::array<std::array<unsigned __int64,64>,16>::operator[]",array,0x14025d9b6
"std::unique_ptr<engine::TT::TTCluster [0],std::default_delete<engine::TT::TTCluster [0]> >::operator[]",0.011999,0.011999,0.0,0.0,263560000,,,0.250000,frankycpp_v1.8.exe,"std::unique_ptr<engine::TT::TTCluster [0],std::default_delete<engine::TT::TTCluster [0]> >::operator[]",memory,0x1402207d8
chess::Attacks::detail::Magic::index,0.010999,0.010999,0.0,0.0,134775000,52.9,52.9,0.355556,frankycpp_v1.8.exe,chess::Attacks::detail::Magic::index,attacks.h,0x14016c964
chess::Bitboard::operator|=,0.010999,0.010999,0.0,0.0,278535000,48.8,48.8,0.419355,frankycpp_v1.8.exe,chess::Bitboard::operator|=,bitboard.h,0x14026a826
chess::Move::setValue,0.010999,0.010999,0.0,0.0,206655000,36.3,36.3,0.492754,frankycpp_v1.8.exe,chess::Move::setValue,move.h,0x140263304
chess::Move::value,0.010999,0.010999,0.0,0.0,68885000,,,0.695652,frankycpp_v1.8.exe,chess::Move::value,move.h,0x140263308
chess::Move::{ctor},0.010999,0.010999,0.0,0.0,140765000,36.2,36.2,0.446809,frankycpp_v1.8.exe,chess::Move::{ctor},move.h,0x140264346
chess::Position::getNextPlayer,0.010999,0.010999,0.0,0.0,86855000,,,0.758621,frankycpp_v1.8.exe,chess::Position::getNextPlayer,Position.h,0x1402640ee
chess::Position::isCapturingMove,0.010999,0.010999,0.0,0.0,263560000,,,0.318182,frankycpp_v1.8.exe,chess::Position::isCapturingMove,Position.h,0x140220aaf
chess::operator&,0.010999,0.010999,0.0,0.0,275540000,39.5,39.5,0.326087,frankycpp_v1.8.exe,chess::operator&,bitboard.h,0x14029ee06
chess::operator&,0.010999,0.010999,0.0,0.0,179700000,41.5,41.5,0.333333,frankycpp_v1.8.exe,chess::operator&,bitboard.h,0x14026aca6
chess::operator&,0.010999,0.010999,0.0,0.0,119800000,,,0.625000,frankycpp_v1.8.exe,chess::operator&,bitboard.h,0x140261671
chess::operator+=,0.010999,0.010999,0.0,0.0,206655000,,,0.376812,frankycpp_v1.8.exe,chess::operator+=,value.h,0x14026b043
chess::operator-,0.010999,0.010999,0.0,0.0,71880000,38.1,38.1,0.916667,frankycpp_v1.8.exe,chess::operator-,value.h,0x1402209ed
chess::operator-,0.010999,0.010999,0.0,0.0,137770000,,,0.434783,frankycpp_v1.8.exe,chess::operator-,direction.h,0x140263743
chess::operator|,0.010999,0.010999,0.0,0.0,296505000,39.1,39.1,0.323232,frankycpp_v1.8.exe,chess::operator|,bitboard.h,0x14025c90d
chess::operator~,0.010999,0.010999,0.0,0.0,62895000,,,0.523810,frankycpp_v1.8.exe,chess::operator~,color.h,0x1402217ca
engine::Search::thread,0.010999,0.010999,0.0,0.0,41930000,48.9,48.9,0.571429,frankycpp_v1.8.exe,engine::Search::thread,Search.h,0x140220b45
func@0x1400010e0,0.010999,0.010999,0.0,0.0,2995000,0.0,0.0,28.000000,intelppm.sys,func@0x1400010e0,[Unknown],0x1400010e0
"std::array<chess::Bitboard,8>::operator[]",0.010999,0.010999,0.0,0.0,227620000,24.2,24.2,0.355263,frankycpp_v1.8.exe,"std::array<chess::Bitboard,8>::operator[]",array,0x1402639fa
"std::array<int,64>::operator[]",0.010999,0.010999,0.0,0.0,116805000,47.1,47.1,0.384615,frankycpp_v1.8.exe,"std::array<int,64>::operator[]",array,0x140220afe
chess::Bitboard::operator bool,0.009999,0.009999,0.0,0.0,71880000,,,0.416667,frankycpp_v1.8.exe,chess::Bitboard::operator bool,bitboard.h,0x14026afef
chess::Bitboard::popLSB,0.009999,0.009999,0.0,0.0,47920000,26.2,26.2,1.125000,frankycpp_v1.8.exe,chess::Bitboard::popLSB,bitboard.h,0x140264024
chess::Direction::pawnPush,0.009999,0.009999,0.0,0.0,59900000,12.4,12.4,0.500000,frankycpp_v1.8.exe,chess::Direction::pawnPush,direction.h,0x140263484
chess::Square::rank,0.009999,0.009999,0.0,0.0,53910000,41.3,41.3,0.722222,frankycpp_v1.8.exe,chess::Square::rank,square.h,0x14026a61b
chess::Square::{ctor},0.009999,0.009999,0.0,0.0,47920000,48.7,48.7,0.500000,frankycpp_v1.8.exe,chess::Square::{ctor},square.h,0x14026a9fb
chess::Square::{ctor},0.009999,0.009999,0.0,0.0,125790000,26.5,26.5,0.500000,frankycpp_v1.8.exe,chess::Square::{ctor},square.h,0x14025bd05
chess::operator&,0.009999,0.009999,0.0,0.0,197670000,,,0.469697,frankycpp_v1.8.exe,chess::operator&,bitboard.h,0x14026a477
chess::operator&,0.009999,0.009999,0.0,0.0,149750000,98.7,98.7,0.140000,frankycpp_v1.8.exe,chess::operator&,bitboard.h,0x14026a8c8
chess::operator&,0.009999,0.009999,0.0,0.0,98835000,,,0.303030,frankycpp_v1.8.exe,chess::operator&,bitboard.h,0x14025c9e1
chess::operator&,0.009999,0.009999,0.0,0.0,137770000,49.0,49.0,0.347826,frankycpp_v1.8.exe,chess::operator&,bitboard.h,0x140220ab3
chess::operator>,0.009999,0.009999,0.0,0.0,140765000,,,0.404255,frankycpp_v1.8.exe,chess::operator>,value.h,0x14021fc84
chess::operator|,0.009999,0.009999,0.0,0.0,47920000,,,0.250000,frankycpp_v1.8.exe,chess::operator|,bitboard.h,0x14026a480
chess::operator|,0.009999,0.009999,0.0,0.0,95840000,36.9,36.9,0.187500,frankycpp_v1.8.exe,chess::operator|,bitboard.h,0x14029eb77
engine::Search::thread,0.009999,0.009999,0.0,0.0,131780000,,,0.409091,frankycpp_v1.8.exe,engine::Search::thread,Search.h,0x1402206a1
engine::TT::Entry::Entry,0.009999,0.009999,0.0,0.0,107820000,29.5,29.5,0.500000,frankycpp_v1.8.exe,engine::TT::Entry::Entry(void),TT.h,0x14026e200
func@0x180010e40,0.009999,0.009999,0.0,0.0,0,3.1,3.1,,vcruntime140.dll,func@0x180010e40,[Unknown],0x180010e40
"std::array<std::array<chess::Bitboard,64>,8>::operator[]",0.009999,0.009999,0.0,0.0,101830000,44.1,44.1,0.529412,frankycpp_v1.8.exe,"std::array<std::array<chess::Bitboard,64>,8>::operator[]",array,0x14026afc0
"std::array<std::array<int,64>,64>::operator[]",0.009999,0.009999,0.0,0.0,65890000,,,0.863636,frankycpp_v1.8.exe,"std::array<std::array<int,64>,64>::operator[]",array,0x14025c09f
std::min,0.009999,0.009999,0.0,0.0,83860000,35.6,35.6,0.785714,frankycpp_v1.8.exe,std::min,utility,0x14022061f
std::popcount,0.009999,0.009999,0.0,0.0,44925000,21.6,21.6,0.733333,frankycpp_v1.8.exe,std::popcount,bit,0x14026b693
chess::Bitboard::operator bool,0.008999,0.008999,0.0,0.0,128785000,38.7,38.7,0.395349,frankycpp_v1.8.exe,chess::Bitboard::operator bool,bitboard.h,0x14026b49b
chess::Direction::pawnPush,0.008999,0.008999,0.0,0.0,272545000,50.6,50.6,0.219780,frankycpp_v1.8.exe,chess::Direction::pawnPush,direction.h,0x1402639e0
chess::Move::encode,0.008999,0.008999,0.0,0.0,122795000,22.4,22.4,0.292683,frankycpp_v1.8.exe,chess::Move::encode,move.h,0x14026435e
chess::Move::type,0.008999,0.008999,0.0,0.0,74875000,48.9,48.9,0.360000,frankycpp_v1.8.exe,chess::Move::type,move.h,0x14025c882
chess::Position::getKingSquare,0.008999,0.008999,0.0,0.0,587020000,100.0,100.0,0.127551,frankycpp_v1.8.exe,chess::Position::getKingSquare,Position.h,0x140269e35
chess::Position::getPiece,0.008999,0.008999,0.0,0.0,89850000,12.7,12.7,0.633333,frankycpp_v1.8.exe,chess::Position::getPiece,Position.h,0x1402213fe
chess::Position::getPieceBb,0.008999,0.008999,0.0,0.0,77870000,36.0,36.0,0.461538,frankycpp_v1.8.exe,chess::Position::getPieceBb,Position.h,0x14026b66f
chess::Square::rank,0.008999,0.008999,0.0,0.0,65890000,30.1,30.1,0.818182,frankycpp_v1.8.exe,chess::Square::rank,square.h,0x14026aef5
chess::operator&,0.008999,0.008999,0.0,0.0,197670000,66.7,66.7,0.106061,frankycpp_v1.8.exe,chess::operator&,bitboard.h,0x14029ef29
chess::operator&,0.008999,0.008999,0.0,0.0,206655000,,,0.347826,frankycpp_v1.8.exe,chess::operator&,bitboard.h,0x14026b5b8
chess::operator^=,0.008999,0.008999,0.0,0.0,107820000,,,0.333333,frankycpp_v1.8.exe,chess::operator^=,bitboards.h,0x14029eca2
chess::operator|,0.008999,0.008999,0.0,0.0,176705000,76.6,76.6,0.355932,frankycpp_v1.8.exe,chess::operator|,bitboard.h,0x14025c71e
chess::operator|,0.008999,0.008999,0.0,0.0,80865000,,,0.666667,frankycpp_v1.8.exe,chess::operator|,bitboard.h,0x1402639c5
chess::operator|,0.008999,0.008999,0.0,0.0,122795000,,,0.243902,frankycpp_v1.8.exe,chess::operator|,bitboard.h,0x14026ae14
chess::operator~,0.008999,0.008999,0.0,0.0,131780000,39.1,39.1,0.295455,frankycpp_v1.8.exe,chess::operator~,color.h,0x14025c86f
"std::array<engine::PlyInfo,128>::operator[]",0.008999,0.008999,0.0,0.0,38935000,17.4,17.4,1.538462,frankycpp_v1.8.exe,"std::array<engine::PlyInfo,128>::operator[]",array,0x140221294
std::popcount,0.008999,0.008999,0.0,0.0,98835000,28.7,28.7,0.878788,frankycpp_v1.8.exe,std::popcount,bit,0x14026b8d5
_std_type_info_compare,0.007999,0.007999,0.0,0.0,137770000,43.9,43.9,0.152174,vcruntime140.dll,_std_type_info_compare,[Unknown],0x180005030
chess::Bitboard::operator bool,0.007999,0.007999,0.0,0.0,44925000,43.8,43.8,0.600000,frankycpp_v1.8.exe,chess::Bitboard::operator bool,bitboard.h,0x14026a540
chess::Bitboard::operator bool,0.007999,0.007999,0.0,0.0,134775000,,,0.444444,frankycpp_v1.8.exe,chess::Bitboard::operator bool,bitboard.h,0x140264394
chess::Bitboard::operator&=,0.007999,0.007999,0.0,0.0,86855000,,,0.793103,frankycpp_v1.8.exe,chess::Bitboard::operator&=,bitboard.h,0x1402636fa
chess::Bitboard::popLSB,0.007999,0.007999,0.0,0.0,29950000,47.1,47.1,1.300000,frankycpp_v1.8.exe,chess::Bitboard::popLSB,bitboard.h,0x14026411a
chess::Move::setValue,0.007999,0.007999,0.0,0.0,113810000,59.4,59.4,0.342105,frankycpp_v1.8.exe,chess::Move::setValue,move.h,0x140263231
chess::Move::to,0.007999,0.007999,0.0,0.0,107820000,,,0.305556,frankycpp_v1.8.exe,chess::Move::to,move.h,0x14029eb8f
chess::Position::getKingSquare,0.007999,0.007999,0.0,0.0,188685000,53.7,53.7,0.269841,frankycpp_v1.8.exe,chess::Position::getKingSquare,Position.h,0x14026a8bf
chess::Position::getNextPlayer,0.007999,0.007999,0.0,0.0,80865000,60.5,60.5,0.444444,frankycpp_v1.8.exe,chess::Position::getNextPlayer,Position.h,0x140263403
chess::Position::getOccupiedBb,0.007999,0.007999,0.0,0.0,131780000,50.2,50.2,0.409091,frankycpp_v1.8.exe,chess::Position::getOccupiedBb,Position.h,0x14025c90d
chess::Position::getOccupiedBb,0.007999,0.007999,0.0,0.0,110815000,,,0.486486,frankycpp_v1.8.exe,chess::Position::getOccupiedBb,Position.h,0x14026b815
chess::Position::getPieceBb,0.007999,0.007999,0.0,0.0,29950000,24.7,24.7,0.900000,frankycpp_v1.8.exe,chess::Position::getPieceBb,Position.h,0x14026b1de
chess::operator&,0.007999,0.007999,0.0,0.0,182695000,,,0.278689,frankycpp_v1.8.exe,chess::operator&,bitboard.h,0x14029ee1e
chess::operator&,0.007999,0.007999,0.0,0.0,56905000,,,0.368421,frankycpp_v1.8.exe,chess::operator&,bitboard.h,0x14026a488
chess::operator&,0.007999,0.007999,0.0,0.0,146755000,,,0.346939,frankycpp_v1.8.exe,chess::operator&,bitboard.h,0x14026a4c8
chess::operator&,0.007999,0.007999,0.0,0.0,182695000,40.3,40.3,0.442623,frankycpp_v1.8.exe,chess::operator&,bitboard.h,0x14026b307
chess::operator-,0.007999,0.007999,0.0,0.0,17970000,,,1.833333,frankycpp_v1.8.exe,chess::operator-,value.h,0x14021f565
chess::operator-,0.007999,0.007999,0.0,0.0,122795000,27.6,27.6,0.439024,frankycpp_v1.8.exe,chess::operator-,value.h,0x140263d24
chess::operator>=,0.007999,0.007999,0.0,0.0,101830000,,,0.235294,frankycpp_v1.8.exe,chess::operator>=,value.h,0x14022181d
chess::operator|,0.007999,0.007999,0.0,0.0,137770000,,,0.239130,frankycpp_v1.8.exe,chess::operator|,bitboard.h,0x14025c750
chess::operator~,0.007999,0.007999,0.0,0.0,68885000,12.4,12.4,0.565217,frankycpp_v1.8.exe,chess::operator~,color.h,0x14026b63a
chess::typeOf,0.007999,0.007999,0.0,0.0,116805000,33.2,33.2,0.384615,frankycpp_v1.8.exe,chess::typeOf,piece.h,0x14029ec46
engine::Search::thread,0.007999,0.007999,0.0,0.0,152745000,,,0.215686,frankycpp_v1.8.exe,engine::Search::thread,Search.h,0x140221608
engine::Search::thread,0.007999,0.007999,0.0,0.0,65890000,38.0,38.0,0.818182,frankycpp_v1.8.exe,engine::Search::thread,Search.h,0x14021fb9d
engine::TT::Entry::{ctor},0.007999,0.007999,0.0,0.0,23960000,7.3,7.3,2.000000,frankycpp_v1.8.exe,engine::TT::Entry::{ctor},TT.h,0x14026db3b
func@0x140256400,0.007999,0.007999,0.0,0.0,11980000,13.4,13.4,3.250000,ntoskrnl.exe,func@0x140256400,[Unknown],0x140256400
func@0x1406b92ae,0.007999,0.007999,0.0,0.0,2995000,9.5,9.5,13.000000,ntoskrnl.exe,func@0x1406b92ae,[Unknown],0x1406b92ae
"std::array<chess::Bitboard,64>::operator[]",0.007999,0.007999,0.0,0.0,128785000,48.6,48.6,0.348837,frankycpp_v1.8.exe,"std::array<chess::Bitboard,64>::operator[]",array,0x14026aca1
"std::array<chess::Bitboard,64>::operator[]",0.007999,0.007999,0.0,0.0,101830000,22.0,22.0,0.323529,frankycpp_v1.8.exe,"std::array<chess::Bitboard,64>::operator[]",array,0x14025d980
std::countr_zero,0.007999,0.007999,0.0,0.0,62895000,,,0.523810,frankycpp_v1.8.exe,std::countr_zero,bit,0x14026a605
std::popcount,0.007999,0.007999,0.0,0.0,122795000,29.3,29.3,0.634146,frankycpp_v1.8.exe,std::popcount,bit,0x14026a84c
RtlFreeHeap,0.007000,0.007000,0.0,0.0,71880000,43.1,43.1,0.666667,ntdll.dll,RtlFreeHeap,[Unknown],0x180078ba0
chess::Bitboard::operator bool,0.007000,0.007000,0.0,0.0,38935000,,,0.307692,frankycpp_v1.8.exe,chess::Bitboard::operator bool,bitboard.h,0x14026a91c
chess::Bitboard::operator|=,0.007000,0.007000,0.0,0.0,227620000,73.1,73.1,0.236842,frankycpp_v1.8.exe,chess::Bitboard::operator|=,bitboard.h,0x14029ecf3
chess::Bitboard::operator|=,0.007000,0.007000,0.0,0.0,53910000,,,0.388889,frankycpp_v1.8.exe,chess::Bitboard::operator|=,bitboard.h,0x14026a483
chess::Bitboard::popLSB,0.007000,0.007000,0.0,0.0,38935000,,,0.461538,frankycpp_v1.8.exe,chess::Bitboard::popLSB,bitboard.h,0x140264190
chess::Bitboard::{ctor},0.007000,0.007000,0.0,0.0,47920000,38.2,38.2,0.437500,frankycpp_v1.8.exe,chess::Bitboard::{ctor},bitboard.h,0x14016ca0c
chess::Move::from,0.007000,0.007000,0.0,0.0,125790000,40.2,40.2,0.428571,frankycpp_v1.8.exe,chess::Move::from,move.h,0x1402201cd
chess::Move::operator==,0.007000,0.007000,0.0,0.0,59900000,30.5,30.5,0.600000,frankycpp_v1.8.exe,chess::Move::operator==,PVTable.h,0x1402206f0
chess::Move::operator==,0.007000,0.007000,0.0,0.0,131780000,,,0.545455,frankycpp_v1.8.exe,chess::Move::operator==,PVTable.h,0x1402213be
chess::Position::getPieceBb,0.007000,0.007000,0.0,0.0,86855000,50.3,50.3,0.241379,frankycpp_v1.8.exe,chess::Position::getPieceBb,Position.h,0x14026b537
chess::Position::undoNullMove,0.007000,0.007000,0.0,0.0,101830000,13.9,13.9,0.470588,frankycpp_v1.8.exe,chess::Position::undoNullMove(void),Position.cpp,0x14025c4c0
chess::operator&,0.007000,0.007000,0.0,0.0,92845000,,,0.322581,frankycpp_v1.8.exe,chess::operator&,bitboard.h,0x14026b532
chess::operator&,0.007000,0.007000,0.0,0.0,44925000,54.0,54.0,0.400000,frankycpp_v1.8.exe,chess::operator&,bitboard.h,0x14026416b
chess::operator+=,0.007000,0.007000,0.0,0.0,140765000,85.6,85.6,0.361702,frankycpp_v1.8.exe,chess::operator+=,value.h,0x14026b778
chess::operator|,0.007000,0.007000,0.0,0.0,62895000,42.3,42.3,0.285714,frankycpp_v1.8.exe,chess::operator|,bitboard.h,0x14026b654
chess::operator~,0.007000,0.007000,0.0,0.0,53910000,52.5,52.5,0.444444,frankycpp_v1.8.exe,chess::operator~,color.h,0x1402641bd
chess::typeOf,0.007000,0.007000,0.0,0.0,140765000,,,0.340426,frankycpp_v1.8.exe,chess::typeOf,piece.h,0x14026339b
engine::Search::thread,0.007000,0.007000,0.0,0.0,71880000,23.8,23.8,0.791667,frankycpp_v1.8.exe,engine::Search::thread,Search.h,0x1402218ea
engine::Search::thread,0.007000,0.007000,0.0,0.0,20965000,9.8,9.8,1.285714,frankycpp_v1.8.exe,engine::Search::thread,Search.h,0x140221326
func@0x140255440,0.007000,0.007000,0.0,0.0,0,5.4,5.4,,ntoskrnl.exe,func@0x140255440,[Unknown],0x140255440
func@0x140ce0a50,0.007000,0.007000,0.0,0.0,0,0.0,0.0,,nvlddmkm.sys,func@0x140ce0a50,[Unknown],0x140ce0a50
"std::_Atomic_storage<unsigned __int64,8>::load",0.007000,0.007000,0.0,0.0,62895000,14.8,14.8,0.857143,frankycpp_v1.8.exe,"std::_Atomic_storage<unsigned __int64,8>::load",atomic,0x14026db3b
"std::array<chess::Bitboard,64>::operator[]",0.007000,0.007000,0.0,0.0,83860000,45.5,45.5,0.392857,frankycpp_v1.8.exe,"std::array<chess::Bitboard,64>::operator[]",array,0x14025c914
"std::array<chess::Bitboard,64>::operator[]",0.007000,0.007000,0.0,0.0,80865000,47.0,47.0,0.518519,frankycpp_v1.8.exe,"std::array<chess::Bitboard,64>::operator[]",array,0x14025c97e
"std::array<chess::Bitboard,64>::operator[]",0.007000,0.007000,0.0,0.0,137770000,,,0.260870,frankycpp_v1.8.exe,"std::array<chess::Bitboard,64>::operator[]",array,0x14026ac14
"std::array<int,64>::operator[]",0.007000,0.007000,0.0,0.0,104825000,,,0.485714,frankycpp_v1.8.exe,"std::array<int,64>::operator[]",array,0x1402206ad
"std::array<std::array<chess::Bitboard,64>,2>::operator[]",0.007000,0.007000,0.0,0.0,71880000,,,0.500000,frankycpp_v1.8.exe,"std::array<std::array<chess::Bitboard,64>,2>::operator[]",array,0x14026ac10
std::popcount,0.007000,0.007000,0.0,0.0,131780000,50.0,50.0,0.409091,frankycpp_v1.8.exe,std::popcount,bit,0x14026a51d
chess::Bitboard::operator|=,0.006000,0.006000,0.0,0.0,161730000,53.4,53.4,0.222222,frankycpp_v1.8.exe,chess::Bitboard::operator|=,bitboard.h,0x14026a819
chess::Direction::operator int,0.006000,0.006000,0.0,0.0,62895000,,,0.714286,frankycpp_v1.8.exe,chess::Direction::operator int,direction.h,0x1402634dd
chess::Direction::pawnPush,0.006000,0.006000,0.0,0.0,17970000,36.4,36.4,0.333333,frankycpp_v1.8.exe,chess::Direction::pawnPush,direction.h,0x140263a38
chess::Move::encode,0.006000,0.006000,0.0,0.0,77870000,,,0.538462,frankycpp_v1.8.exe,chess::Move::encode,move.h,0x140263d1b
chess::Move::to,0.006000,0.006000,0.0,0.0,14975000,10.4,10.4,1.400000,frankycpp_v1.8.exe,chess::Move::to,move.h,0x1402613e2
chess::Position::getPieceBb,0.006000,0.006000,0.0,0.0,35940000,54.3,54.3,0.833333,frankycpp_v1.8.exe,chess::Position::getPieceBb,Position.h,0x140269e8d
chess::Square::rank,0.006000,0.006000,0.0,0.0,140765000,,,0.361702,frankycpp_v1.8.exe,chess::Square::rank,square.h,0x14026abcf
chess::Value::operator int,0.006000,0.006000,0.0,0.0,83860000,31.5,31.5,0.428571,frankycpp_v1.8.exe,chess::Value::operator int,value.h,0x14025da15
chess::Value::{ctor},0.006000,0.006000,0.0,0.0,23960000,21.4,21.4,1.250000,frankycpp_v1.8.exe,chess::Value::{ctor},value.h,0x14021fc52
chess::Value::{ctor},0.006000,0.006000,0.0,0.0,68885000,55.2,55.2,0.565217,frankycpp_v1.8.exe,chess::Value::{ctor},value.h,0x14029ed90
chess::colorOf,0.006000,0.006000,0.0,0.0,71880000,,,0.541667,frankycpp_v1.8.exe,chess::colorOf,piece.h,0x140261431
chess::operator&,0.006000,0.006000,0.0,0.0,17970000,20.8,20.8,1.833333,frankycpp_v1.8.exe,chess::operator&,bitboard.h,0x1402217d5
chess::operator+,0.006000,0.006000,0.0,0.0,53910000,62.2,62.2,0.222222,frankycpp_v1.8.exe,chess::operator+,direction.h,0x14025c656
chess::operator-,0.006000,0.006000,0.0,0.0,134775000,,,0.288889,frankycpp_v1.8.exe,chess::operator-,depth.h,0x140220634
chess::operator-,0.006000,0.006000,0.0,0.0,161730000,34.2,34.2,0.333333,frankycpp_v1.8.exe,chess::operator-,value.h,0x14029ed80
chess::operator|,0.006000,0.006000,0.0,0.0,44925000,39.7,39.7,1.000000,frankycpp_v1.8.exe,chess::operator|,bitboard.h,0x1402643c0
chess::operator|,0.006000,0.006000,0.0,0.0,143760000,76.4,76.4,0.291667,frankycpp_v1.8.exe,chess::operator|,bitboard.h,0x14029f011
chess::operator~,0.006000,0.006000,0.0,0.0,35940000,6.0,6.0,0.833333,frankycpp_v1.8.exe,chess::operator~,color.h,0x14025c81f
chess::operator~,0.006000,0.006000,0.0,0.0,68885000,,,0.304348,frankycpp_v1.8.exe,chess::operator~,color.h,0x14026336d
engine::Evaluator::valueFromScore,0.006000,0.006000,0.0,0.0,56905000,30.9,30.9,0.368421,frankycpp_v1.8.exe,engine::Evaluator::valueFromScore,Evaluator.cpp,0x14026a1b5
engine::Search::thread,0.006000,0.006000,0.0,0.0,62895000,,,0.428571,frankycpp_v1.8.exe,engine::Search::thread,Search.h,0x14021fb15
func@0x140339b80,0.006000,0.006000,0.0,0.0,8985000,7.9,7.9,4.666667,ntoskrnl.exe,func@0x140339b80,[Unknown],0x140339b80
func@0x1403b2b10,0.006000,0.006000,0.0,0.0,29950000,10.5,10.5,0.300000,ntoskrnl.exe,func@0x1403b2b10,[Unknown],0x1403b2b10
"std::array<chess::Bitboard,8>::operator[]",0.006000,0.006000,0.0,0.0,44925000,23.5,23.5,0.800000,frankycpp_v1.8.exe,"std::array<chess::Bitboard,8>::operator[]",array,0x140263afb
"std::array<int,64>::operator[]",0.006000,0.006000,0.0,0.0,86855000,,,0.586207,frankycpp_v1.8.exe,"std::array<int,64>::operator[]",array,0x140220601
"std::array<int,64>::operator[]",0.006000,0.006000,0.0,0.0,53910000,,,0.388889,frankycpp_v1.8.exe,"std::array<int,64>::operator[]",array,0x14025c0a3
"std::array<std::array<chess::Bitboard,64>,8>::operator[]",0.006000,0.006000,0.0,0.0,107820000,54.9,54.9,0.333333,frankycpp_v1.8.exe,"std::array<std::array<chess::Bitboard,64>,8>::operator[]",array,0x14026af5e
std::countr_zero,0.006000,0.006000,0.0,0.0,32945000,61.2,61.2,1.181818,frankycpp_v1.8.exe,std::countr_zero,bit,0x140263738
std::countr_zero,0.006000,0.006000,0.0,0.0,23960000,,,0.625000,frankycpp_v1.8.exe,std::countr_zero,bit,0x14026a400
KeClockInterruptNotify,0.005000,0.005000,0.0,0.0,11980000,6.0,6.0,0.750000,ntoskrnl.exe,KeClockInterruptNotify,[Unknown],0x1402eb510
chess::Bitboard::operator bool,0.005000,0.005000,0.0,0.0,65890000,,,0.772727,frankycpp_v1.8.exe,chess::Bitboard::operator bool,bitboard.h,0x14026a648
chess::Bitboard::operator bool,0.005000,0.005000,0.0,0.0,71880000,55.2,55.2,0.166667,frankycpp_v1.8.exe,chess::Bitboard::operator bool,bitboard.h,0x14026a3b8
chess::Bitboard::operator bool,0.005000,0.005000,0.0,0.0,62895000,18.7,18.7,0.619048,frankycpp_v1.8.exe,chess::Bitboard::operator bool,bitboard.h,0x140263d52
chess::Bitboard::operator|=,0.005000,0.005000,0.0,0.0,131780000,32.8,32.8,0.204545,frankycpp_v1.8.exe,chess::Bitboard::operator|=,bitboard.h,0x140269e85
chess::Bitboard::popLSB,0.005000,0.005000,0.0,0.0,35940000,,,0.333333,frankycpp_v1.8.exe,chess::Bitboard::popLSB,bitboard.h,0x1402642b0
chess::Bitboard::popLSB,0.005000,0.005000,0.0,0.0,8985000,100.0,100.0,1.333333,frankycpp_v1.8.exe,chess::Bitboard::popLSB,bitboard.h,0x14026af70
chess::Bitboard::popLSB,0.005000,0.005000,0.0,0.0,86855000,26.6,26.6,0.517241,frankycpp_v1.8.exe,chess::Bitboard::popLSB,bitboard.h,0x14026a400
chess::Bitboard::{ctor},0.005000,0.005000,0.0,0.0,68885000,65.7,65.7,0.347826,frankycpp_v1.8.exe,chess::Bitboard::{ctor},bitboard.h,0x14029ef5c
chess::Color::sign,0.005000,0.005000,0.0,0.0,44925000,18.0,18.0,1.266667,frankycpp_v1.8.exe,chess::Color::sign,color.h,0x14026b224
chess::Direction::pawnPush,0.005000,0.005000,0.0,0.0,23960000,29.1,29.1,0.875000,frankycpp_v1.8.exe,chess::Direction::pawnPush,direction.h,0x1402635b6
chess::Move::encode,0.005000,0.005000,0.0,0.0,122795000,42.7,42.7,0.268293,frankycpp_v1.8.exe,chess::Move::encode,move.h,0x1402642e1
chess::Move::stripped,0.005000,0.005000,0.0,0.0,29950000,,,0.400000,frankycpp_v1.8.exe,chess::Move::stripped,move.h,0x1402612f0
chess::Move::to,0.005000,0.005000,0.0,0.0,74875000,50.3,50.3,0.240000,frankycpp_v1.8.exe,chess::Move::to,move.h,0x140220722
chess::Move::to,0.005000,0.005000,0.0,0.0,44925000,94.7,94.7,0.333333,frankycpp_v1.8.exe,chess::Move::to,move.h,0x14025c89e
chess::Move::type,0.005000,0.005000,0.0,0.0,35940000,,,1.000000,frankycpp_v1.8.exe,chess::Move::type,move.h,0x140261453
chess::Position::getPieceBb,0.005000,0.005000,0.0,0.0,41930000,19.1,19.1,0.714286,frankycpp_v1.8.exe,chess::Position::getPieceBb,Position.h,0x14026410e
chess::Position::getPieceBb,0.005000,0.005000,0.0,0.0,155740000,63.7,63.7,0.384615,frankycpp_v1.8.exe,chess::Position::getPieceBb,Position.h,0x14026abe8
chess::Square::file,0.005000,0.005000,0.0,0.0,56905000,,,0.684211,frankycpp_v1.8.exe,chess::Square::file,square.h,0x14025c0d3
chess::Square::rank,0.005000,0.005000,0.0,0.0,80865000,21.4,21.4,0.703704,frankycpp_v1.8.exe,chess::Square::rank,square.h,0x14026b233
chess::moveValueGreaterComparator::operator(),0.005000,0.005000,0.0,0.0,41930000,10.3,10.3,1.357143,frankycpp_v1.8.exe,chess::moveValueGreaterComparator::operator(),move.h,0x140264780
chess::operator&,0.005000,0.005000,0.0,0.0,74875000,,,0.440000,frankycpp_v1.8.exe,chess::operator&,bitboard.h,0x1402616da
chess::operator&,0.005000,0.005000,0.0,0.0,71880000,,,0.125000,frankycpp_v1.8.exe,chess::operator&,bitboard.h,0x14026a459
chess::operator&,0.005000,0.005000,0.0,0.0,122795000,,,0.463415,frankycpp_v1.8.exe,chess::operator&,bitboard.h,0x14029ee32
chess::operator&,0.005000,0.005000,0.0,0.0,50915000,26.6,26.6,0.588235,frankycpp_v1.8.exe,chess::operator&,bitboard.h,0x14026aa9c
chess::operator+,0.005000,0.005000,0.0,0.0,53910000,,,0.722222,frankycpp_v1.8.exe,chess::operator+,direction.h,0x14025c625
chess::operator+,0.005000,0.005000,0.0,0.0,107820000,19.7,19.7,0.138889,frankycpp_v1.8.exe,chess::operator+,direction.h,0x14026a4bc
chess::operator+=,0.005000,0.005000,0.0,0.0,95840000,,,0.281250,frankycpp_v1.8.exe,chess::operator+=,value.h,0x14026aa7a
chess::operator+=,0.005000,0.005000,0.0,0.0,29950000,,,0.600000,frankycpp_v1.8.exe,chess::operator+=,value.h,0x14026a9ae
chess::operator-,0.005000,0.005000,0.0,0.0,35940000,12.8,12.8,0.833333,frankycpp_v1.8.exe,chess::operator-,value.h,0x14022086e
chess::operator-=,0.005000,0.005000,0.0,0.0,26955000,,,0.0,frankycpp_v1.8.exe,chess::operator-=,depth.h,0x14022068c
chess::operator|,0.005000,0.005000,0.0,0.0,17970000,11.9,11.9,1.666667,frankycpp_v1.8.exe,chess::operator|,bitboard.h,0x140261442
chess::operator~,0.005000,0.005000,0.0,0.0,68885000,,,0.434783,frankycpp_v1.8.exe,chess::operator~,color.h,0x140264314
chess::operator~,0.005000,0.005000,0.0,0.0,71880000,57.3,57.3,0.541667,frankycpp_v1.8.exe,chess::operator~,color.h,0x140220aaf
chess::typeOf,0.005000,0.005000,0.0,0.0,137770000,32.4,32.4,0.478261,frankycpp_v1.8.exe,chess::typeOf,piece.h,0x14025d95a
engine::PVTable::clear,0.005000,0.005000,0.0,0.0,113810000,29.4,29.4,0.447368,frankycpp_v1.8.exe,engine::PVTable::clear,PVTable.h,0x140220ee9
engine::Search::thread,0.005000,0.005000,0.0,0.0,74875000,28.7,28.7,0.320000,frankycpp_v1.8.exe,engine::Search::thread,Search.h,0x14021fce2
engine::Search::thread,0.005000,0.005000,0.0,0.0,29950000,,,0.700000,frankycpp_v1.8.exe,engine::Search::thread,Search.h,0x14021fe88
engine::TT::getClusterIndex,0.005000,0.005000,0.0,0.0,50915000,,,0.588235,frankycpp_v1.8.exe,engine::TT::getClusterIndex,TT.h,0x14026d811
func@0x140202060,0.005000,0.005000,0.0,0.0,8985000,24.1,24.1,1.666667,ntoskrnl.exe,func@0x140202060,[Unknown],0x140202060
func@0x14021e510,0.005000,0.005000,0.0,0.0,17970000,50.0,50.0,0.666667,ntoskrnl.exe,func@0x14021e510,[Unknown],0x14021e510
func@0x140289ad0,0.005000,0.005000,0.0,0.0,17970000,14.3,14.3,1.166667,ntoskrnl.exe,func@0x140289ad0,[Unknown],0x140289ad0
func@0x14029ea20,0.005000,0.005000,0.0,0.0,41930000,17.0,17.0,1.071429,ntoskrnl.exe,func@0x14029ea20,[Unknown],0x14029ea20
func@0x14032df50,0.005000,0.005000,0.0,0.0,0,7.7,7.7,,ntoskrnl.exe,func@0x14032df50,[Unknown],0x14032df50
func@0x14033c480,0.005000,0.005000,0.0,0.0,23960000,6.1,6.1,2.875000,ntoskrnl.exe,func@0x14033c480,[Unknown],0x14033c480
func@0x14033cf22,0.005000,0.005000,0.0,0.0,20965000,8.7,8.7,1.571429,ntoskrnl.exe,func@0x14033cf22,[Unknown],0x14033cf22
func@0x1800cfb60,0.005000,0.005000,0.0,0.0,20965000,0.0,0.0,0.857143,ntdll.dll,func@0x1800cfb60,[Unknown],0x1800cfb60
"std::_List_node<std::pair<unsigned __int64 const ,book::BookEntry>,void *>::_Freenode",0.005000,0.005000,0.0,0.0,8985000,3.8,3.8,0.333333,frankycpp_v1.8.exe,"std::_List_node<std::pair<unsigned __int64 const ,book::BookEntry>,void *>::_Freenode",list,0x14023a0c3
"std::array<chess::Bitboard,64>::operator[]",0.005000,0.005000,0.0,0.0,80865000,,,0.333333,frankycpp_v1.8.exe,"std::array<chess::Bitboard,64>::operator[]",array,0x14026abf2
"std::array<std::array<int,64>,64>::operator[]",0.005000,0.005000,0.0,0.0,32945000,33.8,33.8,0.272727,frankycpp_v1.8.exe,"std::array<std::array<int,64>,64>::operator[]",array,0x140220af2
RtlCopyMemory,0.004000,0.004000,0.0,0.0,14975000,8.7,8.7,1.200000,ntoskrnl.exe,RtlCopyMemory,[Unknown],0x1406bf140
__builtin_array_init_helper<class chess::Value>,0.004000,0.004000,0.0,0.0,89850000,,,0.333333,frankycpp_v1.8.exe,"__builtin_array_init_helper<class chess::Value>(class chess::Value *,unsigned __int64)",[Unknown],0x14029f050
chess::Bitboard::popLSB,0.004000,0.004000,0.0,0.0,26955000,30.8,30.8,0.555556,frankycpp_v1.8.exe,chess::Bitboard::popLSB,bitboard.h,0x14026b4b0
chess::Bitboard::{ctor},0.004000,0.004000,0.0,0.0,8985000,14.3,14.3,1.333333,frankycpp_v1.8.exe,chess::Bitboard::{ctor},bitboard.h,0x140263b2f
chess::Move::encode,0.004000,0.004000,0.0,0.0,20965000,37.5,37.5,0.571429,frankycpp_v1.8.exe,chess::Move::encode,move.h,0x1402635f2
chess::Move::to,0.004000,0.004000,0.0,0.0,50915000,34.4,34.4,0.647059,frankycpp_v1.8.exe,chess::Move::to,move.h,0x14025c309
chess::Position::getEnPassantSquare,0.004000,0.004000,0.0,0.0,20965000,19.8,19.8,0.857143,frankycpp_v1.8.exe,chess::Position::getEnPassantSquare,Position.h,0x14029ee74
chess::Position::getPiece,0.004000,0.004000,0.0,0.0,20965000,24.0,24.0,1.571429,frankycpp_v1.8.exe,chess::Position::getPiece,Position.h,0x14025da6a
chess::Position::getPieceBb,0.004000,0.004000,0.0,0.0,32945000,21.9,21.9,0.272727,frankycpp_v1.8.exe,chess::Position::getPieceBb,Position.h,0x14029eeed
chess::Position::getPieceBb,0.004000,0.004000,0.0,0.0,14975000,,,0.600000,frankycpp_v1.8.exe,chess::Position::getPieceBb,Position.h,0x14029ede4
chess::Square::rank,0.004000,0.004000,0.0,0.0,41930000,,,0.500000,frankycpp_v1.8.exe,chess::Square::rank,square.h,0x14026a613
chess::Value::operator int,0.004000,0.004000,0.0,0.0,26955000,6.3,6.3,0.111111,frankycpp_v1.8.exe,chess::Value::operator int,value.h,0x1402210cf
chess::colorOf,0.004000,0.004000,0.0,0.0,2995000,,,6.000000,frankycpp_v1.8.exe,chess::colorOf,piece.h,0x14026140e
chess::operator&,0.004000,0.004000,0.0,0.0,119800000,57.2,57.2,0.425000,frankycpp_v1.8.exe,chess::operator&,bitboard.h,0x14026ab50
chess::operator&,0.004000,0.004000,0.0,0.0,29950000,35.9,35.9,0.600000,frankycpp_v1.8.exe,chess::operator&,bitboard.h,0x14026a409
chess::operator&,0.004000,0.004000,0.0,0.0,14975000,13.6,13.6,0.800000,frankycpp_v1.8.exe,chess::operator&,bitboard.h,0x140263b7b
chess::operator&,0.004000,0.004000,0.0,0.0,56905000,,,0.157895,frankycpp_v1.8.exe,chess::operator&,bitboard.h,0x14025c613
chess::operator+,0.004000,0.004000,0.0,0.0,8985000,10.0,10.0,2.000000,frankycpp_v1.8.exe,chess::operator+,depth.h,0x1402209af
chess::operator+=,0.004000,0.004000,0.0,0.0,29950000,13.6,13.6,0.500000,frankycpp_v1.8.exe,chess::operator+=,value.h,0x14026a737
chess::operator+=,0.004000,0.004000,0.0,0.0,77870000,76.2,76.2,0.269231,frankycpp_v1.8.exe,chess::operator+=,value.h,0x140269d86
chess::operator+=,0.004000,0.004000,0.0,0.0,50915000,,,0.529412,frankycpp_v1.8.exe,chess::operator+=,value.h,0x14026a9cd
chess::operator~,0.004000,0.004000,0.0,0.0,8985000,90.0,90.0,1.333333,frankycpp_v1.8.exe,chess::operator~,color.h,0x140220bb1
engine::Search::evaluate,0.004000,0.004000,0.0,0.0,86855000,25.3,25.3,0.413793,frankycpp_v1.8.exe,engine::Search::evaluate,Search.cpp,0x14021fa8d
func@0x140295af0,0.004000,0.004000,0.0,0.0,8985000,28.6,28.6,1.333333,ntoskrnl.exe,func@0x140295af0,[Unknown],0x140295af0
func@0x1402e4c76,0.004000,0.004000,0.0,0.0,5990000,10.6,10.6,6.000000,ntoskrnl.exe,func@0x1402e4c76,[Unknown],0x1402e4c76
func@0x1402edd42,0.004000,0.004000,0.0,0.0,8985000,,,1.333333,ntoskrnl.exe,func@0x1402edd42,[Unknown],0x1402edd42
func@0x140318ce0,0.004000,0.004000,0.0,0.0,8985000,3.6,3.6,3.000000,ntoskrnl.exe,func@0x140318ce0,[Unknown],0x140318ce0
func@0x14040f6d0,0.004000,0.004000,0.0,0.0,8985000,4.5,4.5,2.666667,ntoskrnl.exe,func@0x14040f6d0,[Unknown],0x14040f6d0
func@0x1406ac1e0,0.004000,0.004000,0.0,0.0,0,16.7,16.7,,ntoskrnl.exe,func@0x1406ac1e0,[Unknown],0x1406ac1e0
"std::array<chess::Bitboard,8>::operator[]",0.004000,0.004000,0.0,0.0,32945000,,,0.909091,frankycpp_v1.8.exe,"std::array<chess::Bitboard,8>::operator[]",array,0x140263cb1
"std::array<int,64>::operator[]",0.004000,0.004000,0.0,0.0,17970000,33.3,33.3,0.333333,frankycpp_v1.8.exe,"std::array<int,64>::operator[]",array,0x140220c3c
std::countr_zero,0.004000,0.004000,0.0,0.0,41930000,51.4,51.4,0.500000,frankycpp_v1.8.exe,std::countr_zero,bit,0x14026a548
std::countr_zero,0.004000,0.004000,0.0,0.0,71880000,,,0.541667,frankycpp_v1.8.exe,std::countr_zero,bit,0x1402642b0
std::countr_zero,0.004000,0.004000,0.0,0.0,53910000,44.8,44.8,0.388889,frankycpp_v1.8.exe,std::countr_zero,bit,0x14029ee38
std::countr_zero,0.004000,0.004000,0.0,0.0,14975000,,,0.800000,frankycpp_v1.8.exe,std::countr_zero,bit,0x140264024
std::countr_zero,0.004000,0.004000,0.0,0.0,59900000,46.4,46.4,0.350000,frankycpp_v1.8.exe,std::countr_zero,bit,0x14026b4b0
std::popcount,0.004000,0.004000,0.0,0.0,113810000,40.4,40.4,0.263158,frankycpp_v1.8.exe,std::popcount,bit,0x14026b551
ExpInterlockedPopEntrySList,0.003000,0.003000,0.0,0.0,0,14.3,14.3,,ntoskrnl.exe,ExpInterlockedPopEntrySList,[Unknown],0x1406b2dc0
chess::Bitboard::operator^=,0.003000,0.003000,0.0,0.0,68885000,,,0.347826,frankycpp_v1.8.exe,chess::Bitboard::operator^=,bitboard.h,0x14025c922
chess::Bitboard::popLSB,0.003000,0.003000,0.0,0.0,11980000,21.1,21.1,0.750000,frankycpp_v1.8.exe,chess::Bitboard::popLSB,bitboard.h,0x14026a950
chess::CastlingRights::isEmpty,0.003000,0.003000,0.0,0.0,14975000,8.0,8.0,0.800000,frankycpp_v1.8.exe,chess::CastlingRights::isEmpty,castlingrights.h,0x14025c013
chess::Direction::pawnPush,0.003000,0.003000,0.0,0.0,11980000,11.1,11.1,0.250000,frankycpp_v1.8.exe,chess::Direction::pawnPush,direction.h,0x14026a3dd
chess::Move::operator==,0.003000,0.003000,0.0,0.0,8985000,19.1,19.1,0.333333,frankycpp_v1.8.exe,chess::Move::operator==,PVTable.h,0x140261303
chess::Move::{ctor},0.003000,0.003000,0.0,0.0,92845000,42.6,42.6,0.354839,frankycpp_v1.8.exe,chess::Move::{ctor},move.h,0x1402642c4
chess::MoveGenerator::reset,0.003000,0.003000,0.0,0.0,0,0.0,0.0,0.0,frankycpp_v1.8.exe,chess::MoveGenerator::reset,MoveGenerator.h,0x140216086
chess::Position::getLastMove,0.003000,0.003000,0.0,0.0,26955000,,,0.222222,frankycpp_v1.8.exe,chess::Position::getLastMove,Position.h,0x140220c78
chess::Position::getPieceBb,0.003000,0.003000,0.0,0.0,17970000,37.4,37.4,1.000000,frankycpp_v1.8.exe,chess::Position::getPieceBb,Position.h,0x14029efbd
chess::Value::isValid,0.003000,0.003000,0.0,0.0,14975000,31.9,31.9,1.200000,frankycpp_v1.8.exe,chess::Value::isValid,value.h,0x1402210cf
chess::Value::operator int,0.003000,0.003000,0.0,0.0,32945000,23.9,23.9,0.545455,frankycpp_v1.8.exe,chess::Value::operator int,value.h,0x14025db15
chess::moveValueGreaterComparator::operator(),0.003000,0.003000,0.0,0.0,5990000,18.6,18.6,1.000000,frankycpp_v1.8.exe,chess::moveValueGreaterComparator::operator(),move.h,0x140264720
chess::operator&,0.003000,0.003000,0.0,0.0,38935000,33.6,33.6,0.769231,frankycpp_v1.8.exe,chess::operator&,bitboard.h,0x14026af75
chess::operator&,0.003000,0.003000,0.0,0.0,38935000,28.1,28.1,0.307692,frankycpp_v1.8.exe,chess::operator&,bitboard.h,0x14025c76f
chess::operator&,0.003000,0.003000,0.0,0.0,14975000,,,0.0,frankycpp_v1.8.exe,chess::operator&,bitboard.h,0x14025c594
chess::operator&,0.003000,0.003000,0.0,0.0,32945000,51.6,51.6,0.909091,frankycpp_v1.8.exe,chess::operator&,bitboard.h,0x14026afcc
chess::operator&,0.003000,0.003000,0.0,0.0,5990000,0.0,0.0,0.500000,frankycpp_v1.8.exe,chess::operator&,bitboard.h,0x140261693
chess::operator*,0.003000,0.003000,0.0,0.0,17970000,27.8,27.8,0.833333,frankycpp_v1.8.exe,chess::operator*,direction.h,0x140263c18
chess::operator+,0.003000,0.003000,0.0,0.0,53910000,,,0.388889,frankycpp_v1.8.exe,chess::operator+,value.h,0x140269df1
chess::operator+,0.003000,0.003000,0.0,0.0,8985000,0.0,0.0,0.333333,frankycpp_v1.8.exe,chess::operator+,direction.h,0x140263873
chess::operator+=,0.003000,0.003000,0.0,0.0,47920000,,,0.125000,frankycpp_v1.8.exe,chess::operator+=,value.h,0x14026aba3
chess::operator+=,0.003000,0.003000,0.0,0.0,38935000,40.9,40.9,0.230769,frankycpp_v1.8.exe,chess::operator+=,value.h,0x14026b5f7
chess::operator-,0.003000,0.003000,0.0,0.0,11980000,,,1.000000,frankycpp_v1.8.exe,chess::operator-,value.h,0x14021ff06
chess::operator-,0.003000,0.003000,0.0,0.0,5990000,,,0.500000,frankycpp_v1.8.exe,chess::operator-,value.h,0x14021fd2d
chess::operator-,0.003000,0.003000,0.0,0.0,5990000,42.9,42.9,0.500000,frankycpp_v1.8.exe,chess::operator-,value.h,0x140221532
chess::operator-,0.003000,0.003000,0.0,0.0,68885000,,,0.304348,frankycpp_v1.8.exe,chess::operator-,value.h,0x14021feba
chess::operator-,0.003000,0.003000,0.0,0.0,59900000,72.2,72.2,0.300000,frankycpp_v1.8.exe,chess::operator-,value.h,0x140264372
chess::operator-=,0.003000,0.003000,0.0,0.0,62895000,32.8,32.8,0.523810,frankycpp_v1.8.exe,chess::operator-=,depth.h,0x140220662
chess::operator==,0.003000,0.003000,0.0,0.0,17970000,,,0.500000,frankycpp_v1.8.exe,chess::operator==,castlingrights.h,0x14021f7fc
chess::operator|,0.003000,0.003000,0.0,0.0,38935000,38.3,38.3,0.384615,frankycpp_v1.8.exe,chess::operator|,bitboard.h,0x14025c538
chess::operator|,0.003000,0.003000,0.0,0.0,35940000,,,0.166667,frankycpp_v1.8.exe,chess::operator|,bitboard.h,0x140263e4c
chess::typeOf,0.003000,0.003000,0.0,0.0,26955000,29.2,29.2,0.666667,frankycpp_v1.8.exe,chess::typeOf,piece.h,0x1402641f0
engine::Search::iterativeDeepening,0.003000,0.003000,0.0,0.0,2995000,0.0,0.0,1.000000,frankycpp_v1.8.exe,engine::Search::iterativeDeepening(class chess::Position &),Search.cpp,0x14021c1a0
func@0x140002700,0.003000,0.003000,0.0,0.0,0,2.5,2.5,,intelppm.sys,func@0x140002700,[Unknown],0x140002700
func@0x140200cc0,0.003000,0.003000,0.0,0.0,11980000,15.4,15.4,1.000000,ntoskrnl.exe,func@0x140200cc0,[Unknown],0x140200cc0
func@0x14020fa80,0.003000,0.003000,0.0,0.0,2995000,0.0,0.0,3.000000,ntoskrnl.exe,func@0x14020fa80,[Unknown],0x14020fa80
func@0x14029c8f0,0.003000,0.003000,0.0,0.0,2995000,3.7,3.7,3.000000,ntoskrnl.exe,func@0x14029c8f0,[Unknown],0x14029c8f0
func@0x1402e6c70,0.003000,0.003000,0.0,0.0,5990000,3.4,3.4,3.000000,ntoskrnl.exe,func@0x1402e6c70,[Unknown],0x1402e6c70
func@0x1402ebf80,0.003000,0.003000,0.0,0.0,0,0.0,0.0,,ntoskrnl.exe,func@0x1402ebf80,[Unknown],0x1402ebf80
func@0x140319000,0.003000,0.003000,0.0,0.0,17970000,10.8,10.8,1.666667,ntoskrnl.exe,func@0x140319000,[Unknown],0x140319000
func@0x14042b5d0,0.003000,0.003000,0.0,0.0,0,20.0,20.0,,ntoskrnl.exe,func@0x14042b5d0,[Unknown],0x14042b5d0
func@0x14047ac87,0.003000,0.003000,0.0,0.0,2995000,0.0,0.0,2.000000,ntoskrnl.exe,func@0x14047ac87,[Unknown],0x14047ac87
func@0x1404e8368,0.003000,0.003000,0.0,0.0,0,12.5,12.5,,ntoskrnl.exe,func@0x1404e8368,[Unknown],0x1404e8368
func@0x1406a4e50,0.003000,0.003000,0.0,0.0,8985000,0.0,0.0,0.666667,ntoskrnl.exe,func@0x1406a4e50,[Unknown],0x1406a4e50
func@0x1406b1eb0,0.003000,0.003000,0.0,0.0,2995000,,,4.000000,ntoskrnl.exe,func@0x1406b1eb0,[Unknown],0x1406b1eb0
func@0x1406b2070,0.003000,0.003000,0.0,0.0,0,8.1,8.1,,ntoskrnl.exe,func@0x1406b2070,[Unknown],0x1406b2070
func@0x180011200,0.003000,0.003000,0.0,0.0,35940000,52.4,52.4,0.333333,vcruntime140.dll,func@0x180011200,[Unknown],0x180011200
round,0.003000,0.003000,0.0,0.0,14975000,25.0,25.0,0.400000,ucrtbase.dll,round,[Unknown],0x1800ab260
std::_Fnv1a_append_bytes,0.003000,0.003000,0.0,0.0,32945000,62.5,62.5,0.090909,frankycpp_v1.8.exe,std::_Fnv1a_append_bytes,type_traits,0x140282e30
"std::array<chess::Bitboard,64>::operator[]",0.003000,0.003000,0.0,0.0,74875000,,,0.160000,frankycpp_v1.8.exe,"std::array<chess::Bitboard,64>::operator[]",array,0x1402633aa
"std::array<chess::Bitboard,64>::operator[]",0.003000,0.003000,0.0,0.0,125790000,50.4,50.4,0.238095,frankycpp_v1.8.exe,"std::array<chess::Bitboard,64>::operator[]",array,0x140269e14
"std::array<chess::Bitboard,8>::operator[]",0.003000,0.003000,0.0,0.0,41930000,25.8,25.8,0.428571,frankycpp_v1.8.exe,"std::array<chess::Bitboard,8>::operator[]",array,0x140263b5e
"std::array<chess::HistoryState,1024>::operator[]",0.003000,0.003000,0.0,0.0,14975000,37.3,37.3,1.200000,frankycpp_v1.8.exe,"std::array<chess::HistoryState,1024>::operator[]",array,0x14025c4e0
"std::array<chess::Value,25>::operator[]",0.003000,0.003000,0.0,0.0,41930000,17.2,17.2,0.571429,frankycpp_v1.8.exe,"std::array<chess::Value,25>::operator[]",array,0x1402641b1
"std::array<engine::PlyInfo,128>::operator[]",0.003000,0.003000,0.0,0.0,44925000,36.2,36.2,0.533333,frankycpp_v1.8.exe,"std::array<engine::PlyInfo,128>::operator[]",array,0x14021fb49
std::atomic<unsigned __int64>::{ctor},0.003000,0.003000,0.0,0.0,32945000,72.7,72.7,0.454545,frankycpp_v1.8.exe,std::atomic<unsigned __int64>::{ctor},atomic,0x14026e200
std::countr_zero,0.003000,0.003000,0.0,0.0,41930000,,,0.142857,frankycpp_v1.8.exe,std::countr_zero,bit,0x140264190
std::countr_zero,0.003000,0.003000,0.0,0.0,23960000,,,0.375000,frankycpp_v1.8.exe,std::countr_zero,bit,0x14026b842
std::countr_zero,0.003000,0.003000,0.0,0.0,38935000,,,0.307692,frankycpp_v1.8.exe,std::countr_zero,bit,0x14026b460
std::countr_zero,0.003000,0.003000,0.0,0.0,17970000,36.4,36.4,0.666667,frankycpp_v1.8.exe,std::countr_zero,bit,0x140263c40
std::min,0.003000,0.003000,0.0,0.0,56905000,56.1,56.1,0.315789,frankycpp_v1.8.exe,std::min,utility,0x140220606
std::ranges::_Swap::_Cpo::operator(),0.003000,0.003000,0.0,0.0,17970000,,,0.666667,frankycpp_v1.8.exe,std::ranges::_Swap::_Cpo::operator(),concepts,0x14026479e
std::ranges::_Swap::_Cpo::operator(),0.003000,0.003000,0.0,0.0,5990000,0.0,0.0,1.000000,frankycpp_v1.8.exe,std::ranges::_Swap::_Cpo::operator(),concepts,0x14026549e
std::ranges::_Swap::_Cpo::operator(),0.003000,0.003000,0.0,0.0,29950000,8.1,8.1,0.400000,frankycpp_v1.8.exe,std::ranges::_Swap::_Cpo::operator(),concepts,0x140264808
std::ranges::_Swap::_Cpo::operator(),0.003000,0.003000,0.0,0.0,8985000,7.3,7.3,1.333333,frankycpp_v1.8.exe,std::ranges::_Swap::_Cpo::operator(),concepts,0x14026485b
EtwEventEnabled,0.002000,0.002000,0.0,0.0,0,0.0,0.0,0.0,ntoskrnl.exe,EtwEventEnabled,[Unknown],0x140322d70
ExReleaseSpinLockSharedFromDpcLevel,0.002000,0.002000,0.0,0.0,2995000,100.0,100.0,0.0,ntoskrnl.exe,ExReleaseSpinLockSharedFromDpcLevel,[Unknown],0x140210c80
[ntoskrnl.exe],0.002000,0.002000,0.0,0.0,0,4.3,4.3,,ntoskrnl.exe,[ntoskrnl.exe],[Unknown],0x0
boost::archive::detail::basic_iarchive::get_library_version,0.002000,0.002000,0.0,0.0,35940000,100.0,100.0,0.333333,frankycpp_v1.8.exe,boost::archive::detail::basic_iarchive::get_library_version(void),basic_iarchive.cpp,0x1402af370
boost::archive::detail::basic_iarchive::load_object,0.002000,0.002000,0.0,0.0,41930000,73.3,73.3,0.214286,frankycpp_v1.8.exe,"boost::archive::detail::basic_iarchive::load_object(void *,class boost::archive::detail::basic_iserializer const &)",basic_iarchive.cpp,0x1402af3d0
boost::archive::detail::basic_iarchive_impl::register_type,0.002000,0.002000,0.0,0.0,62895000,59.1,59.1,0.047619,frankycpp_v1.8.exe,boost::archive::detail::basic_iarchive_impl::register_type(class boost::archive::detail::basic_iserializer const &),basic_iarchive.cpp,0x1402afc10
"boost::serialization::singleton<class boost::archive::detail::iserializer<class boost::archive::binary_iarchive,class std::vector<unsigned __int64,class std::allocator<unsigned __int64> > > >::get_instance",0.002000,0.002000,0.0,0.0,11980000,40.0,40.0,0.0,frankycpp_v1.8.exe,"boost::serialization::singleton<class boost::archive::detail::iserializer<class boost::archive::binary_iarchive,class std::vector<unsigned __int64,class std::allocator<unsigned __int64> > > >::get_instance(void)",singleton.hpp,0x140291560
boost::serialization::typeid_system::extended_type_info_typeid_0::is_less_than,0.002000,0.002000,0.0,0.0,26955000,66.7,66.7,0.333333,frankycpp_v1.8.exe,boost::serialization::typeid_system::extended_type_info_typeid_0::is_less_than(class boost::serialization::extended_type_info const &),extended_type_info_typeid.cpp,0x1402b9830
chess::Bitboard::operator bool,0.002000,0.002000,0.0,0.0,44925000,60.0,60.0,0.400000,frankycpp_v1.8.exe,chess::Bitboard::operator bool,bitboard.h,0x140269e55
chess::Bitboard::operator bool,0.002000,0.002000,0.0,0.0,5990000,0.0,0.0,0.0,frankycpp_v1.8.exe,chess::Bitboard::operator bool,bitboard.h,0x14026af99
chess::Bitboard::operator^=,0.002000,0.002000,0.0,0.0,59900000,,,0.200000,frankycpp_v1.8.exe,chess::Bitboard::operator^=,bitboard.h,0x14029ecbc
chess::Bitboard::operator|=,0.002000,0.002000,0.0,0.0,50915000,,,0.176471,frankycpp_v1.8.exe,chess::Bitboard::operator|=,bitboard.h,0x1402633a6
chess::Bitboard::operator|=,0.002000,0.002000,0.0,0.0,8985000,14.3,14.3,2.333333,frankycpp_v1.8.exe,chess::Bitboard::operator|=,bitboard.h,0x14025c92d
chess::Bitboard::operator|=,0.002000,0.002000,0.0,0.0,11980000,,,0.500000,frankycpp_v1.8.exe,chess::Bitboard::operator|=,bitboard.h,0x14026a461
chess::Bitboard::popLSB,0.002000,0.002000,0.0,0.0,14975000,93.5,93.5,0.200000,frankycpp_v1.8.exe,chess::Bitboard::popLSB,bitboard.h,0x140269e60
chess::Bitboard::popLSB,0.002000,0.002000,0.0,0.0,8985000,17.0,17.0,0.333333,frankycpp_v1.8.exe,chess::Bitboard::popLSB,bitboard.h,0x14026b460
chess::Bitboard::popLSB,0.002000,0.002000,0.0,0.0,5990000,,,1.000000,frankycpp_v1.8.exe,chess::Bitboard::popLSB,bitboard.h,0x140263a43
chess::Bitboard::popLSB,0.002000,0.002000,0.0,0.0,26955000,26.9,26.9,0.666667,frankycpp_v1.8.exe,chess::Bitboard::popLSB,bitboard.h,0x14026a7e1
chess::Move::operator==,0.002000,0.002000,0.0,0.0,41930000,100.0,100.0,0.071429,frankycpp_v1.8.exe,chess::Move::operator==,PVTable.h,0x1402213d0
chess::Move::operator==,0.002000,0.002000,0.0,0.0,14975000,,,0.0,frankycpp_v1.8.exe,chess::Move::operator==,PVTable.h,0x1402206eb
chess::Move::to,0.002000,0.002000,0.0,0.0,29950000,,,0.200000,frankycpp_v1.8.exe,chess::Move::to,move.h,0x140220abe
chess::MoveGenerator::generateCastling,0.002000,0.002000,0.0,0.0,35940000,,,1.083333,frankycpp_v1.8.exe,"chess::MoveGenerator::generateCastling(class chess::Position const &,class chess::StaticMoveList<256> *,enum chess::GenMode)",MoveGenerator.cpp,0x1402643c0
chess::MoveGenerator::reset,0.002000,0.002000,0.0,0.0,0,0.0,0.0,0.0,frankycpp_v1.8.exe,chess::MoveGenerator::reset,MoveGenerator.h,0x1402164d9
chess::MoveGenerator::resetOnDemand,0.002000,0.002000,0.0,0.0,0,0.0,0.0,0.0,frankycpp_v1.8.exe,chess::MoveGenerator::resetOnDemand,MoveGenerator.h,0x1402164ab
chess::MoveGenerator::storeKiller,0.002000,0.002000,0.0,0.0,14975000,20.8,20.8,0.200000,frankycpp_v1.8.exe,chess::MoveGenerator::storeKiller(class chess::Move),MoveGenerator.cpp,0x140261300
chess::Position::clearEnPassant,0.002000,0.002000,0.0,0.0,11980000,50.0,50.0,0.500000,frankycpp_v1.8.exe,chess::Position::clearEnPassant,Position.cpp,0x14025be9f
chess::Position::getEnPassantSquare,0.002000,0.002000,0.0,0.0,23960000,,,0.125000,frankycpp_v1.8.exe,chess::Position::getEnPassantSquare,Position.h,0x140263812
chess::Position::getPieceBb,0.002000,0.002000,0.0,0.0,0,33.3,33.3,0.0,frankycpp_v1.8.exe,chess::Position::getPieceBb,Position.h,0x14026a3a3
chess::Position::isCapturingMove,0.002000,0.002000,0.0,0.0,8985000,31.6,31.6,0.333333,frankycpp_v1.8.exe,chess::Position::isCapturingMove,Position.h,0x140220713
chess::Square::file,0.002000,0.002000,0.0,0.0,29950000,38.7,38.7,0.800000,frankycpp_v1.8.exe,chess::Square::file,square.h,0x14025c065
chess::Square::rank,0.002000,0.002000,0.0,0.0,14975000,45.3,45.3,0.400000,frankycpp_v1.8.exe,chess::Square::rank,square.h,0x14026abc7
chess::StaticMoveList<256>::push_back,0.002000,0.002000,0.0,0.0,0,0.0,0.0,0.0,frankycpp_v1.8.exe,chess::StaticMoveList<256>::push_back,staticmovelist.h,0x140264472
chess::Value::isValid,0.002000,0.002000,0.0,0.0,2995000,0.0,0.0,2.000000,frankycpp_v1.8.exe,chess::Value::isValid,value.h,0x14021f6da
chess::Value::operator int,0.002000,0.002000,0.0,0.0,5990000,,,0.0,frankycpp_v1.8.exe,chess::Value::operator int,value.h,0x14021fc01
chess::operator&,0.002000,0.002000,0.0,0.0,26955000,31.8,31.8,0.444444,frankycpp_v1.8.exe,chess::operator&,bitboard.h,0x140220717
chess::operator&,0.002000,0.002000,0.0,0.0,8985000,,,0.666667,frankycpp_v1.8.exe,chess::operator&,bitboard.h,0x140220c0b
chess::operator&,0.002000,0.002000,0.0,0.0,8985000,13.5,13.5,1.666667,frankycpp_v1.8.exe,chess::operator&,bitboard.h,0x14026b67c
chess::operator&,0.002000,0.002000,0.0,0.0,29950000,36.8,36.8,0.100000,frankycpp_v1.8.exe,chess::operator&,bitboard.h,0x140263b15
chess::operator&,0.002000,0.002000,0.0,0.0,5990000,12.9,12.9,1.000000,frankycpp_v1.8.exe,chess::operator&,bitboard.h,0x140262f44
chess::operator&,0.002000,0.002000,0.0,0.0,0,100.0,100.0,,frankycpp_v1.8.exe,chess::operator&,bitboard.h,0x140263b42
chess::operator&,0.002000,0.002000,0.0,0.0,17970000,32.8,32.8,0.166667,frankycpp_v1.8.exe,chess::operator&,bitboard.h,0x14026ac1b
chess::operator*,0.002000,0.002000,0.0,0.0,2995000,,,1.000000,frankycpp_v1.8.exe,chess::operator*,value.h,0x140269e05
chess::operator+,0.002000,0.002000,0.0,0.0,8985000,44.4,44.4,0.666667,frankycpp_v1.8.exe,chess::operator+,castlingrights.h,0x14025bf88
chess::operator+,0.002000,0.002000,0.0,0.0,17970000,,,0.166667,frankycpp_v1.8.exe,chess::operator+,value.h,0x14021fdb5
chess::operator+,0.002000,0.002000,0.0,0.0,23960000,37.5,37.5,0.125000,frankycpp_v1.8.exe,chess::operator+,direction.h,0x140263c7d
chess::operator+=,0.002000,0.002000,0.0,0.0,32945000,,,0.272727,frankycpp_v1.8.exe,chess::operator+=,value.h,0x14026b93a
chess::operator+=,0.002000,0.002000,0.0,0.0,11980000,57.1,57.1,0.500000,frankycpp_v1.8.exe,chess::operator+=,depth.h,0x14022070c
chess::operator+=,0.002000,0.002000,0.0,0.0,0,100.0,100.0,0.0,frankycpp_v1.8.exe,chess::operator+=,depth.h,0x14021fe71
chess::operator-,0.002000,0.002000,0.0,0.0,23960000,53.4,53.4,0.750000,frankycpp_v1.8.exe,chess::operator-,value.h,0x14029ec37
chess::operator-,0.002000,0.002000,0.0,0.0,17970000,4.6,4.6,1.166667,frankycpp_v1.8.exe,chess::operator-,value.h,0x140220f8a
chess::operator-,0.002000,0.002000,0.0,0.0,2995000,4.4,4.4,4.000000,frankycpp_v1.8.exe,chess::operator-,value.h,0x14022089c
chess::operator==,0.002000,0.002000,0.0,0.0,2995000,0.0,0.0,2.000000,frankycpp_v1.8.exe,chess::operator==,castlingrights.h,0x14026445d
chess::operator|,0.002000,0.002000,0.0,0.0,2995000,,,0.0,frankycpp_v1.8.exe,chess::operator|,bitboard.h,0x140263ac0
chess::operator|,0.002000,0.002000,0.0,0.0,23960000,50.0,50.0,0.0,frankycpp_v1.8.exe,chess::operator|,bitboard.h,0x14026428c
chess::operator~,0.002000,0.002000,0.0,0.0,5990000,,,0.500000,frankycpp_v1.8.exe,chess::operator~,color.h,0x140220713
chess::operator~,0.002000,0.002000,0.0,0.0,8985000,,,1.000000,frankycpp_v1.8.exe,chess::operator~,color.h,0x14025c557
chess::operator~,0.002000,0.002000,0.0,0.0,8985000,,,0.333333,frankycpp_v1.8.exe,chess::operator~,color.h,0x14025c49d
chess::typeOf,0.002000,0.002000,0.0,0.0,20965000,29.1,29.1,0.428571,frankycpp_v1.8.exe,chess::typeOf,piece.h,0x1402641ad
engine::PVTable::update,0.002000,0.002000,0.0,0.0,23960000,9.5,9.5,1.000000,frankycpp_v1.8.exe,"engine::PVTable::update(class chess::Move,enum chess::Depth)",PVTable.h,0x140213b20
engine::Search::thread,0.002000,0.002000,0.0,0.0,2995000,0.0,0.0,2.000000,frankycpp_v1.8.exe,engine::Search::thread,Search.h,0x140220fdf
engine::Search::thread,0.002000,0.002000,0.0,0.0,17970000,,,0.0,frankycpp_v1.8.exe,engine::Search::thread,Search.h,0x14021fd3e
engine::Search::thread,0.002000,0.002000,0.0,0.0,5990000,9.2,9.2,2.000000,frankycpp_v1.8.exe,engine::Search::thread,Search.h,0x14022acde
engine::Search::thread,0.002000,0.002000,0.0,0.0,0,33.3,33.3,,frankycpp_v1.8.exe,engine::Search::thread,Search.h,0x1402200b3
engine::SearchThreadData::regenerateLmrTable,0.002000,0.002000,0.0,0.0,2995000,100.0,100.0,0.0,frankycpp_v1.8.exe,"engine::SearchThreadData::regenerateLmrTable(bool,double)",SearchThreadData.h,0x1402165f0
func@0x140001000,0.002000,0.002000,0.0,0.0,0,0.0,0.0,,winhvr.sys,func@0x140001000,[Unknown],0x140001000
func@0x1400040c0,0.002000,0.002000,0.0,0.0,0,0.0,0.0,,usbxhci.sys,func@0x1400040c0,[Unknown],0x1400040c0
func@0x14002706b,0.002000,0.002000,0.0,0.0,0,0.0,0.0,,dxgmms2.sys,func@0x14002706b,[Unknown],0x14002706b
func@0x1400f9ec0,0.002000,0.002000,0.0,0.0,0,14.3,14.3,,nvlddmkm.sys,func@0x1400f9ec0,[Unknown],0x1400f9ec0
func@0x140200e20,0.002000,0.002000,0.0,0.0,2995000,14.3,14.3,3.000000,ntoskrnl.exe,func@0x140200e20,[Unknown],0x140200e20
func@0x140202360,0.002000,0.002000,0.0,0.0,17970000,25.0,25.0,1.166667,ntoskrnl.exe,func@0x140202360,[Unknown],0x140202360
func@0x1402026a4,0.002000,0.002000,0.0,0.0,0,40.0,40.0,0.0,ntoskrnl.exe,func@0x1402026a4,[Unknown],0x1402026a4
func@0x1402142b0,0.002000,0.002000,0.0,0.0,0,0.0,0.0,0.0,ntoskrnl.exe,func@0x1402142b0,[Unknown],0x1402142b0
func@0x140222210,0.002000,0.002000,0.0,0.0,5990000,10.0,10.0,1.000000,ntoskrnl.exe,func@0x140222210,[Unknown],0x140222210
func@0x14025377f,0.002000,0.002000,0.0,0.0,2995000,20.0,20.0,0.0,ntoskrnl.exe,func@0x14025377f,[Unknown],0x14025377f
func@0x140256220,0.002000,0.002000,0.0,0.0,5990000,14.3,14.3,0.500000,ntoskrnl.exe,func@0x140256220,[Unknown],0x140256220
func@0x1402582b0,0.002000,0.002000,0.0,0.0,5990000,33.3,33.3,1.500000,ntoskrnl.exe,func@0x1402582b0,[Unknown],0x1402582b0
func@0x140273340,0.002000,0.002000,0.0,0.0,0,0.0,0.0,,ntoskrnl.exe,func@0x140273340,[Unknown],0x140273340
func@0x140286820,0.002000,0.002000,0.0,0.0,17970000,80.0,80.0,0.166667,ntoskrnl.exe,func@0x140286820,[Unknown],0x140286820
func@0x1402947e0,0.002000,0.002000,0.0,0.0,20965000,4.6,4.6,1.428571,ntoskrnl.exe,func@0x1402947e0,[Unknown],0x1402947e0
func@0x140294a20,0.002000,0.002000,0.0,0.0,38935000,83.3,83.3,0.307692,ntoskrnl.exe,func@0x140294a20,[Unknown],0x140294a20
func@0x140294da0,0.002000,0.002000,0.0,0.0,2995000,0.0,0.0,3.000000,ntoskrnl.exe,func@0x140294da0,[Unknown],0x140294da0
func@0x1402997f0,0.002000,0.002000,0.0,0.0,8985000,0.0,0.0,0.333333,ntoskrnl.exe,func@0x1402997f0,[Unknown],0x1402997f0
func@0x1402ba0e0,0.002000,0.002000,0.0,0.0,14975000,12.5,12.5,0.0,ntoskrnl.exe,func@0x1402ba0e0,[Unknown],0x1402ba0e0
func@0x1402ccd00,0.002000,0.002000,0.0,0.0,0,0.0,0.0,0.0,ntoskrnl.exe,func@0x1402ccd00,[Unknown],0x1402ccd00
func@0x1402e1b20,0.002000,0.002000,0.0,0.0,0,0.0,0.0,,ntoskrnl.exe,func@0x1402e1b20,[Unknown],0x1402e1b20
func@0x1402e6300,0.002000,0.002000,0.0,0.0,0,0.0,0.0,,ntoskrnl.exe,func@0x1402e6300,[Unknown],0x1402e6300
func@0x1402f0c30,0.002000,0.002000,0.0,0.0,0,0.0,0.0,,ntoskrnl.exe,func@0x1402f0c30,[Unknown],0x1402f0c30
func@0x1403220b0,0.002000,0.002000,0.0,0.0,0,12.0,12.0,,ntoskrnl.exe,func@0x1403220b0,[Unknown],0x1403220b0
func@0x14033bfe0,0.002000,0.002000,0.0,0.0,5990000,2.0,2.0,3.000000,ntoskrnl.exe,func@0x14033bfe0,[Unknown],0x14033bfe0
func@0x14033d9d0,0.002000,0.002000,0.0,0.0,5990000,4.2,4.2,0.500000,ntoskrnl.exe,func@0x14033d9d0,[Unknown],0x14033d9d0
func@0x14033fa70,0.002000,0.002000,0.0,0.0,0,0.0,0.0,,ntoskrnl.exe,func@0x14033fa70,[Unknown],0x14033fa70
func@0x140342948,0.002000,0.002000,0.0,0.0,0,0.0,0.0,0.0,ntoskrnl.exe,func@0x140342948,[Unknown],0x140342948
func@0x1403446c0,0.002000,0.002000,0.0,0.0,2995000,0.0,0.0,0.0,ntoskrnl.exe,func@0x1403446c0,[Unknown],0x1403446c0
func@0x1403e1d50,0.002000,0.002000,0.0,0.0,0,0.0,0.0,,ntoskrnl.exe,func@0x1403e1d50,[Unknown],0x1403e1d50
func@0x1403f5655,0.002000,0.002000,0.0,0.0,0,0.0,0.0,,ntoskrnl.exe,func@0x1403f5655,[Unknown],0x1403f5655
func@0x1405e1574,0.002000,0.002000,0.0,0.0,5990000,,,0.0,ntoskrnl.exe,func@0x1405e1574,[Unknown],0x1405e1574
func@0x1406b1730,0.002000,0.002000,0.0,0.0,5990000,18.2,18.2,3.500000,ntoskrnl.exe,func@0x1406b1730,[Unknown],0x1406b1730
func@0x1406bfe40,0.002000,0.002000,0.0,0.0,17970000,55.6,55.6,0.833333,ntoskrnl.exe,func@0x1406bfe40,[Unknown],0x1406bfe40
func@0x140846520,0.002000,0.002000,0.0,0.0,0,0.0,0.0,,ntoskrnl.exe,func@0x140846520,[Unknown],0x140846520
func@0x140c31d90,0.002000,0.002000,0.0,0.0,0,0.0,0.0,0.0,nvlddmkm.sys,func@0x140c31d90,[Unknown],0x140c31d90
func@0x140c9b5f0,0.002000,0.002000,0.0,0.0,0,0.0,0.0,,nvlddmkm.sys,func@0x140c9b5f0,[Unknown],0x140c9b5f0
func@0x140cff090,0.002000,0.002000,0.0,0.0,0,0.0,0.0,0.0,nvlddmkm.sys,func@0x140cff090,[Unknown],0x140cff090
log,0.002000,0.002000,0.0,0.0,56905000,72.0,72.0,0.210526,ucrtbase.dll,log,[Unknown],0x1800a84d0
lround,0.002000,0.002000,0.0,0.0,47920000,50.0,50.0,0.125000,ucrtbase.dll,lround,[Unknown],0x18002a0a0
"std::_Atomic_storage<unsigned __int64,8>::load",0.002000,0.002000,0.0,0.0,5990000,40.1,40.1,0.500000,frankycpp_v1.8.exe,"std::_Atomic_storage<unsigned __int64,8>::load",atomic,0x140266917
"std::array<chess::Bitboard,64>::operator[]",0.002000,0.002000,0.0,0.0,35940000,44.4,44.4,0.416667,frankycpp_v1.8.exe,"std::array<chess::Bitboard,64>::operator[]",array,0x14026a464
"std::array<chess::Bitboard,64>::operator[]",0.002000,0.002000,0.0,0.0,5990000,100.0,100.0,0.0,frankycpp_v1.8.exe,"std::array<chess::Bitboard,64>::operator[]",array,0x14026af79
"std::array<chess::Bitboard,64>::operator[]",0.002000,0.002000,0.0,0.0,11980000,,,0.250000,frankycpp_v1.8.exe,"std::array<chess::Bitboard,64>::operator[]",array,0x14026b87c
"std::array<chess::Bitboard,64>::operator[]",0.002000,0.002000,0.0,0.0,14975000,20.0,20.0,0.0,frankycpp_v1.8.exe,"std::array<chess::Bitboard,64>::operator[]",array,0x1402217b2
"std::array<chess::Value,25>::operator[]",0.002000,0.002000,0.0,0.0,8985000,100.0,100.0,2.333333,frankycpp_v1.8.exe,"std::array<chess::Value,25>::operator[]",array,0x140263d06
"std::array<int,64>::operator[]",0.002000,0.002000,0.0,0.0,8985000,,,0.333333,frankycpp_v1.8.exe,"std::array<int,64>::operator[]",array,0x14026b46d
"std::basic_ostream<char,struct std::char_traits<char> >::operator<<",0.002000,0.002000,0.0,0.0,0,100.0,100.0,,msvcp140.dll,"std::basic_ostream<char,struct std::char_traits<char> >::operator<<(int)",[Unknown],0x18003d320
std::popcount,0.002000,0.002000,0.0,0.0,41930000,,,0.500000,frankycpp_v1.8.exe,std::popcount,bit,0x14026a5a3
std::popcount,0.002000,0.002000,0.0,0.0,14975000,,,0.0,frankycpp_v1.8.exe,std::popcount,bit,0x14026b8ed
std::popcount,0.002000,0.002000,0.0,0.0,14975000,62.9,62.9,0.800000,frankycpp_v1.8.exe,std::popcount,bit,0x14026337b
std::ranges::_Guess_median_common,0.002000,0.002000,0.0,0.0,17970000,,,0.166667,frankycpp_v1.8.exe,std::ranges::_Guess_median_common,algorithm,0x140264683
std::ranges::_Swap::_Cpo::operator(),0.002000,0.002000,0.0,0.0,0,0.0,0.0,0.0,frankycpp_v1.8.exe,std::ranges::_Swap::_Cpo::operator(),concepts,0x1402647e5
"std::unique_ptr<tablebase::Tablebase,std::default_delete<tablebase::Tablebase> >::operator bool",0.002000,0.002000,0.0,0.0,8985000,25.0,25.0,0.666667,frankycpp_v1.8.exe,"std::unique_ptr<tablebase::Tablebase,std::default_delete<tablebase::Tablebase> >::operator bool",memory,0x14021f814
DpSynchronizeExecution,0.001000,0.001000,0.0,0.0,0,0.0,0.0,0.0,dxgkrnl.sys,DpSynchronizeExecution,[Unknown],0x1400263f0
DpiGetDxgAdapter,0.001000,0.001000,0.0,0.0,0,0.0,0.0,0.0,dxgkrnl.sys,DpiGetDxgAdapter,[Unknown],0x140007e20
ExReleaseRundownProtectionCacheAwareEx,0.001000,0.001000,0.0,0.0,0,0.0,0.0,0.0,ntoskrnl.exe,ExReleaseRundownProtectionCacheAwareEx,[Unknown],0x14025a730
KeAcquireSpinLockRaiseToDpc,0.001000,0.001000,0.0,0.0,0,0.0,0.0,,ntoskrnl.exe,KeAcquireSpinLockRaiseToDpc,[Unknown],0x140255c50
KeEnumerateNextProcessor,0.001000,0.001000,0.0,0.0,2995000,60.0,60.0,1.000000,ntoskrnl.exe,KeEnumerateNextProcessor,[Unknown],0x140405530
KeInterlockedClearProcessorAffinityEx,0.001000,0.001000,0.0,0.0,0,0.0,0.0,0.0,ntoskrnl.exe,KeInterlockedClearProcessorAffinityEx,[Unknown],0x1403df4e0
KeLowerIrql,0.001000,0.001000,0.0,0.0,0,0.0,0.0,0.0,ntoskrnl.exe,KeLowerIrql,[Unknown],0x1403f5490
KeReleaseSpinLock,0.001000,0.001000,0.0,0.0,2995000,40.0,40.0,2.000000,ntoskrnl.exe,KeReleaseSpinLock,[Unknown],0x14024ee60
KfRaiseIrql,0.001000,0.001000,0.0,0.0,2995000,60.0,60.0,0.0,ntoskrnl.exe,KfRaiseIrql,[Unknown],0x1403f9650
MmUnlockPages,0.001000,0.001000,0.0,0.0,0,0.0,0.0,,ntoskrnl.exe,MmUnlockPages,[Unknown],0x140269060
ObfDereferenceObjectWithTag,0.001000,0.001000,0.0,0.0,0,0.0,0.0,0.0,ntoskrnl.exe,ObfDereferenceObjectWithTag,[Unknown],0x14031f760
ObfReferenceObjectWithTag,0.001000,0.001000,0.0,0.0,0,50.0,50.0,,ntoskrnl.exe,ObfReferenceObjectWithTag,[Unknown],0x1402f1310
PsGetProcessId,0.001000,0.001000,0.0,0.0,0,0.0,0.0,0.0,ntoskrnl.exe,PsGetProcessId,[Unknown],0x140434ad0
Query_perf_frequency,0.001000,0.001000,0.0,0.0,0,0.0,0.0,0.0,msvcp140.dll,Query_perf_frequency,[Unknown],0x180012980
RtlAllocateHeap,0.001000,0.001000,0.0,0.0,2995000,30.0,30.0,3.000000,ntdll.dll,RtlAllocateHeap,[Unknown],0x18001c240
RtlNumberOfSetBitsEx,0.001000,0.001000,0.0,0.0,8985000,0.0,0.0,0.0,ntoskrnl.exe,RtlNumberOfSetBitsEx,[Unknown],0x140410170
RtlRbRemoveNode,0.001000,0.001000,0.0,0.0,0,0.0,0.0,0.0,ntoskrnl.exe,RtlRbRemoveNode,[Unknown],0x140304310
YAML::RegEx::RegEx,0.001000,0.001000,0.0,0.0,0,0.0,0.0,0.0,frankycpp_v1.8.exe,YAML::RegEx::RegEx(class YAML::RegEx const &),[Unknown],0x1402f4ae0
YAML::StreamCharSource::operator bool,0.001000,0.001000,0.0,0.0,0,0.0,0.0,0.0,frankycpp_v1.8.exe,YAML::StreamCharSource::operator bool(void),streamcharsource.h,0x1402f5510
[Outside any known module],0.001000,0.001000,0.0,0.0,5990000,12.5,12.5,0.500000,[Unknown],[Outside any known module],[Unknown],0x0
_chkstk,0.001000,0.001000,0.0,0.0,0,0.0,0.0,,frankycpp_v1.8.exe,_chkstk,chkstk.asm,0x14061af70
`vector constructor iterator',0.001000,0.001000,0.0,0.0,23960000,77.8,77.8,0.250000,frankycpp_v1.8.exe,"`vector constructor iterator'(void *,unsigned __int64,unsigned __int64,void * (*)(void *))",[Unknown],0x14010f320
"boost::archive::basic_binary_iprimitive<boost::archive::binary_iarchive,char,std::char_traits<char> >::load_binary",0.001000,0.001000,0.0,0.0,17970000,33.3,33.3,0.0,frankycpp_v1.8.exe,"boost::archive::basic_binary_iprimitive<boost::archive::binary_iarchive,char,std::char_traits<char> >::load_binary",basic_binary_iprimitive.hpp,0x140281bf4
boost::archive::detail::basic_iarchive_impl::load_preamble,0.001000,0.001000,0.0,0.0,11980000,100.0,100.0,0.250000,frankycpp_v1.8.exe,"boost::archive::detail::basic_iarchive_impl::load_preamble(class boost::archive::detail::basic_iarchive &,class boost::archive::detail::basic_iarchive_impl::cobject_id &)",basic_iarchive.cpp,0x1402afa50
boost::archive::detail::basic_serializer::operator<,0.001000,0.001000,0.0,0.0,35940000,78.6,78.6,0.083333,frankycpp_v1.8.exe,boost::archive::detail::basic_serializer::operator<,basic_serializer.hpp,0x1402afc63
boost::archive::detail::common_iarchive<boost::archive::binary_iarchive>::load_override,0.001000,0.001000,0.0,0.0,2995000,0.0,0.0,0.0,frankycpp_v1.8.exe,boost::archive::detail::common_iarchive<boost::archive::binary_iarchive>::load_override,common_iarchive.hpp,0x14028f320
boost::archive::detail::common_iarchive<boost::archive::binary_iarchive>::load_override,0.001000,0.001000,0.0,0.0,2995000,0.0,0.0,0.0,frankycpp_v1.8.exe,boost::archive::detail::common_iarchive<boost::archive::binary_iarchive>::load_override,common_iarchive.hpp,0x14028f272
boost::serialization::extended_type_info::operator<,0.001000,0.001000,0.0,0.0,47920000,35.7,35.7,0.500000,frankycpp_v1.8.exe,boost::serialization::extended_type_info::operator<(class boost::serialization::extended_type_info const &),extended_type_info.cpp,0x1402ba620
"boost::serialization::load<class boost::archive::binary_iarchive,class boost::serialization::collection_size_type>",0.001000,0.001000,0.0,0.0,23960000,50.0,50.0,0.125000,frankycpp_v1.8.exe,"boost::serialization::load<class boost::archive::binary_iarchive,class boost::serialization::collection_size_type>(class boost::archive::binary_iarchive &,class boost::serialization::nvp<class boost::serialization::collection_size_type> &,unsigned int)",nvp.hpp,0x140289240
"boost::serialization::stl::archive_input_unordered_map<boost::archive::binary_iarchive,std::unordered_map<unsigned __int64,book::BookEntry,std::hash<unsigned __int64>,std::equal_to<unsigned __int64>,std::allocator<std::pair<unsigned __int64 const ,book::BookEntry> > > >::operator()",0.001000,0.001000,0.0,0.0,0,0.0,0.0,0.0,frankycpp_v1.8.exe,"boost::serialization::stl::archive_input_unordered_map<boost::archive::binary_iarchive,std::unordered_map<unsigned __int64,book::BookEntry,std::hash<unsigned __int64>,std::equal_to<unsigned __int64>,std::allocator<std::pair<unsigned __int64 const ,book::BookEntry> > > >::operator()",archive_input_unordered_map.hpp,0x140287a5a
chess::Bitboard::lsb,0.001000,0.001000,0.0,0.0,44925000,31.2,31.2,0.266667,frankycpp_v1.8.exe,chess::Bitboard::lsb,bitboard.h,0x14026338a
chess::Bitboard::operator bool,0.001000,0.001000,0.0,0.0,5990000,25.0,25.0,0.500000,frankycpp_v1.8.exe,chess::Bitboard::operator bool,bitboard.h,0x1402637b0
chess::Bitboard::operator|=,0.001000,0.001000,0.0,0.0,11980000,,,1.000000,frankycpp_v1.8.exe,chess::Bitboard::operator|=,bitboard.h,0x14026a4e8
chess::Bitboard::operator~,0.001000,0.001000,0.0,0.0,47920000,,,0.562500,frankycpp_v1.8.exe,chess::Bitboard::operator~,bitboard.h,0x140263ff4
chess::Bitboard::popLSB,0.001000,0.001000,0.0,0.0,8985000,37.5,37.5,2.000000,frankycpp_v1.8.exe,chess::Bitboard::popLSB,bitboard.h,0x14026a548
chess::Bitboard::popLSB,0.001000,0.001000,0.0,0.0,17970000,16.7,16.7,0.166667,frankycpp_v1.8.exe,chess::Bitboard::popLSB,bitboard.h,0x140263cf2
chess::Bitboard::popLSB,0.001000,0.001000,0.0,0.0,14975000,100.0,100.0,0.200000,frankycpp_v1.8.exe,chess::Bitboard::popLSB,bitboard.h,0x140269ea0
chess::Bitboard::popLSB,0.001000,0.001000,0.0,0.0,5990000,50.0,50.0,0.500000,frankycpp_v1.8.exe,chess::Bitboard::popLSB,bitboard.h,0x140263733
chess::Bitboard::popLSB,0.001000,0.001000,0.0,0.0,5990000,0.0,0.0,0.0,frankycpp_v1.8.exe,chess::Bitboard::popLSB,bitboard.h,0x14026afc7
chess::Direction::pawnPush,0.001000,0.001000,0.0,0.0,8985000,16.7,16.7,1.000000,frankycpp_v1.8.exe,chess::Direction::pawnPush,direction.h,0x140263ad3
chess::Direction::pawnPush,0.001000,0.001000,0.0,0.0,0,,,0.0,frankycpp_v1.8.exe,chess::Direction::pawnPush,direction.h,0x140263838
chess::Direction::pawnPush,0.001000,0.001000,0.0,0.0,20965000,100.0,100.0,0.142857,frankycpp_v1.8.exe,chess::Direction::pawnPush,direction.h,0x14025c8e8
chess::Direction::pawnPush,0.001000,0.001000,0.0,0.0,11980000,0.0,0.0,0.750000,frankycpp_v1.8.exe,chess::Direction::pawnPush,direction.h,0x140263cdd
chess::Move::encode,0.001000,0.001000,0.0,0.0,14975000,25.0,25.0,0.400000,frankycpp_v1.8.exe,chess::Move::encode,move.h,0x140263a72
chess::Move::from,0.001000,0.001000,0.0,0.0,14975000,18.6,18.6,0.800000,frankycpp_v1.8.exe,chess::Move::from,move.h,0x1402613df
chess::Move::from,0.001000,0.001000,0.0,0.0,8985000,11.6,11.6,1.666667,frankycpp_v1.8.exe,chess::Move::from,move.h,0x14025bcff
chess::Move::operator==,0.001000,0.001000,0.0,0.0,8985000,0.0,0.0,0.0,frankycpp_v1.8.exe,chess::Move::operator==,PVTable.h,0x1402206fd
chess::Move::operator==,0.001000,0.001000,0.0,0.0,0,0.0,0.0,0.0,frankycpp_v1.8.exe,chess::Move::operator==,PVTable.h,0x140213b53
chess::Move::stripped,0.001000,0.001000,0.0,0.0,5990000,,,1.500000,frankycpp_v1.8.exe,chess::Move::stripped,move.h,0x140261300
chess::Move::type,0.001000,0.001000,0.0,0.0,2995000,0.0,0.0,2.000000,frankycpp_v1.8.exe,chess::Move::type,move.h,0x140220bd2
chess::Move::type,0.001000,0.001000,0.0,0.0,8985000,0.0,0.0,0.333333,frankycpp_v1.8.exe,chess::Move::type,move.h,0x1402217e7
chess::Move::type,0.001000,0.001000,0.0,0.0,2995000,100.0,100.0,0.0,frankycpp_v1.8.exe,chess::Move::type,move.h,0x14022073b
chess::Move::{ctor},0.001000,0.001000,0.0,0.0,5990000,100.0,100.0,1.500000,frankycpp_v1.8.exe,chess::Move::{ctor},move.h,0x140263a4d
chess::Move::{ctor},0.001000,0.001000,0.0,0.0,8985000,27.3,27.3,1.000000,frankycpp_v1.8.exe,chess::Move::{ctor},move.h,0x140263c54
chess::MoveGenerator::generateLegalMoves,0.001000,0.001000,0.0,0.0,0,,,,frankycpp_v1.8.exe,"chess::MoveGenerator::generateLegalMoves(class chess::Position const &,enum chess::GenMode)",MoveGenerator.cpp,0x140261080
chess::MoveGenerator::validateMove,0.001000,0.001000,0.0,0.0,2995000,100.0,100.0,0.0,frankycpp_v1.8.exe,"chess::MoveGenerator::validateMove(class chess::Position const &,class chess::Move)",MoveGenerator.cpp,0x140261330
chess::Position::clearEnPassant,0.001000,0.001000,0.0,0.0,2995000,,,2.000000,frankycpp_v1.8.exe,chess::Position::clearEnPassant,Position.cpp,0x14025c464
chess::Position::getCastlingRights,0.001000,0.001000,0.0,0.0,2995000,0.0,0.0,0.0,frankycpp_v1.8.exe,chess::Position::getCastlingRights,Position.h,0x1402643d1
chess::Position::getNextPlayer,0.001000,0.001000,0.0,0.0,14975000,11.8,11.8,0.200000,frankycpp_v1.8.exe,chess::Position::getNextPlayer,Position.h,0x140263e39
chess::Position::getPiece,0.001000,0.001000,0.0,0.0,38935000,26.5,26.5,1.000000,frankycpp_v1.8.exe,chess::Position::getPiece,Position.h,0x14029eb8a
chess::Position::getPiece,0.001000,0.001000,0.0,0.0,38935000,53.3,53.3,0.153846,frankycpp_v1.8.exe,chess::Position::getPiece,Position.h,0x140263398
chess::Position::getPiece,0.001000,0.001000,0.0,0.0,2995000,0.0,0.0,0.0,frankycpp_v1.8.exe,chess::Position::getPiece,Position.h,0x140261423
chess::Position::getPieceBb,0.001000,0.001000,0.0,0.0,5990000,30.0,30.0,2.000000,frankycpp_v1.8.exe,chess::Position::getPieceBb,Position.h,0x14026a390
chess::Position::getPieceBb,0.001000,0.001000,0.0,0.0,26955000,45.6,45.6,0.333333,frankycpp_v1.8.exe,chess::Position::getPieceBb,Position.h,0x14026aead
chess::Position::getPieceBb,0.001000,0.001000,0.0,0.0,23960000,,,0.125000,frankycpp_v1.8.exe,chess::Position::getPieceBb,Position.h,0x140269e25
chess::Position::isCapturingMove,0.001000,0.001000,0.0,0.0,5990000,13.4,13.4,1.000000,frankycpp_v1.8.exe,chess::Position::isCapturingMove,Position.h,0x1402217b2
chess::Position::isCapturingMove,0.001000,0.001000,0.0,0.0,0,0.0,0.0,0.0,frankycpp_v1.8.exe,chess::Position::isCapturingMove,Position.h,0x140220bfc
chess::Position::strFen,0.001000,0.001000,0.0,0.0,0,0.0,0.0,0.0,frankycpp_v1.8.exe,chess::Position::strFen(void),Position.cpp,0x14025d400
chess::Square::pawnPush,0.001000,0.001000,0.0,0.0,0,50.0,50.0,0.0,frankycpp_v1.8.exe,chess::Square::pawnPush,square.h,0x14025bf01
chess::StaticMoveList<256>::empty,0.001000,0.001000,0.0,0.0,0,0.0,0.0,0.0,frankycpp_v1.8.exe,chess::StaticMoveList<256>::empty,staticmovelist.h,0x1402612b8
chess::StaticMoveList<256>::push_back,0.001000,0.001000,0.0,0.0,0,0.0,0.0,0.0,frankycpp_v1.8.exe,chess::StaticMoveList<256>::push_back,staticmovelist.h,0x14022bb53
chess::Value::operator int,0.001000,0.001000,0.0,0.0,0,0.0,0.0,0.0,frankycpp_v1.8.exe,chess::Value::operator int,value.h,0x1402202f5
chess::Value::operator int,0.001000,0.001000,0.0,0.0,5990000,,,0.500000,frankycpp_v1.8.exe,chess::Value::operator int,value.h,0x14021f6da
chess::Value::{ctor},0.001000,0.001000,0.0,0.0,2995000,0.0,0.0,1.000000,frankycpp_v1.8.exe,chess::Value::{ctor},value.h,0x14022168b
chess::moveValueGreaterComparator::operator(),0.001000,0.001000,0.0,0.0,2995000,14.3,14.3,0.0,frankycpp_v1.8.exe,chess::moveValueGreaterComparator::operator(),move.h,0x140265445
chess::moveValueGreaterComparator::operator(),0.001000,0.001000,0.0,0.0,8985000,15.4,15.4,1.333333,frankycpp_v1.8.exe,chess::moveValueGreaterComparator::operator(),move.h,0x14026546b
chess::operator!=,0.001000,0.001000,0.0,0.0,5990000,22.2,22.2,1.000000,frankycpp_v1.8.exe,chess::operator!=,color.h,0x14026a6b4
chess::operator&,0.001000,0.001000,0.0,0.0,44925000,,,0.066667,frankycpp_v1.8.exe,chess::operator&,bitboard.h,0x14029edee
chess::operator&,0.001000,0.001000,0.0,0.0,26955000,22.6,22.6,0.666667,frankycpp_v1.8.exe,chess::operator&,bitboard.h,0x14026a468
chess::operator&,0.001000,0.001000,0.0,0.0,5990000,53.4,53.4,0.500000,frankycpp_v1.8.exe,chess::operator&,bitboard.h,0x14029ef1f
chess::operator&,0.001000,0.001000,0.0,0.0,8985000,,,0.333333,frankycpp_v1.8.exe,chess::operator&,bitboard.h,0x14026b66c
chess::operator&,0.001000,0.001000,0.0,0.0,5990000,18.2,18.2,0.500000,frankycpp_v1.8.exe,chess::operator&,bitboard.h,0x140263b07
chess::operator&,0.001000,0.001000,0.0,0.0,5990000,50.0,50.0,0.0,frankycpp_v1.8.exe,chess::operator&,bitboard.h,0x14026440f
chess::operator&,0.001000,0.001000,0.0,0.0,5990000,50.0,50.0,0.0,frankycpp_v1.8.exe,chess::operator&,bitboard.h,0x14025c796
chess::operator&,0.001000,0.001000,0.0,0.0,23960000,45.2,45.2,0.125000,frankycpp_v1.8.exe,chess::operator&,bitboard.h,0x14029ef6e
chess::operator&,0.001000,0.001000,0.0,0.0,8985000,0.0,0.0,0.333333,frankycpp_v1.8.exe,chess::operator&,bitboard.h,0x1402616b0
chess::operator+,0.001000,0.001000,0.0,0.0,5990000,11.1,11.1,2.500000,frankycpp_v1.8.exe,chess::operator+,value.h,0x140220f7c
chess::operator+,0.001000,0.001000,0.0,0.0,0,25.0,25.0,,frankycpp_v1.8.exe,chess::operator+,depth.h,0x140220872
chess::operator+=,0.001000,0.001000,0.0,0.0,20965000,16.7,16.7,0.571429,frankycpp_v1.8.exe,chess::operator+=,value.h,0x14026ac66
chess::operator+=,0.001000,0.001000,0.0,0.0,17970000,43.5,43.5,0.666667,frankycpp_v1.8.exe,chess::operator+=,value.h,0x14026b78f
chess::operator-,0.001000,0.001000,0.0,0.0,23960000,40.9,40.9,0.250000,frankycpp_v1.8.exe,chess::operator-,value.h,0x1402642f5
chess::operator-,0.001000,0.001000,0.0,0.0,11980000,,,0.500000,frankycpp_v1.8.exe,chess::operator-,value.h,0x140221544
chess::operator-,0.001000,0.001000,0.0,0.0,0,0.0,0.0,,frankycpp_v1.8.exe,chess::operator-,value.h,0x140263621
chess::operator-,0.001000,0.001000,0.0,0.0,0,0.0,0.0,0.0,frankycpp_v1.8.exe,chess::operator-,value.h,0x14026364e
chess::operator-,0.001000,0.001000,0.0,0.0,29950000,,,0.300000,frankycpp_v1.8.exe,chess::operator-,value.h,0x14021fd9e
chess::operator-,0.001000,0.001000,0.0,0.0,0,0.0,0.0,0.0,frankycpp_v1.8.exe,chess::operator-,depth.h,0x1402200a9
chess::operator-,0.001000,0.001000,0.0,0.0,0,0.0,0.0,0.0,frankycpp_v1.8.exe,chess::operator-,value.h,0x14022199d
chess::operator-,0.001000,0.001000,0.0,0.0,0,15.0,15.0,,frankycpp_v1.8.exe,chess::operator-,value.h,0x1402209c2
chess::operator==,0.001000,0.001000,0.0,0.0,2995000,100.0,100.0,0.0,frankycpp_v1.8.exe,chess::operator==,castlingrights.h,0x140264409
chess::operator==,0.001000,0.001000,0.0,0.0,5990000,0.0,0.0,0.0,frankycpp_v1.8.exe,chess::operator==,castlingrights.h,0x14026442e
chess::operator|,0.001000,0.001000,0.0,0.0,20965000,72.2,72.2,0.142857,frankycpp_v1.8.exe,chess::operator|,bitboard.h,0x140263ae8
chess::operator|,0.001000,0.001000,0.0,0.0,11980000,,,0.250000,frankycpp_v1.8.exe,chess::operator|,bitboard.h,0x14029ebda
chess::operator~,0.001000,0.001000,0.0,0.0,23960000,36.0,36.0,0.500000,frankycpp_v1.8.exe,chess::operator~,color.h,0x14025ca21
chess::operator~,0.001000,0.001000,0.0,0.0,8985000,28.6,28.6,0.666667,frankycpp_v1.8.exe,chess::operator~,color.h,0x140220bfc
chess::operator~,0.001000,0.001000,0.0,0.0,11980000,100.0,100.0,0.250000,frankycpp_v1.8.exe,chess::operator~,color.h,0x14026a396
chess::operator~,0.001000,0.001000,0.0,0.0,5990000,16.7,16.7,0.500000,frankycpp_v1.8.exe,chess::operator~,color.h,0x140262f40
chess::operator~,0.001000,0.001000,0.0,0.0,8985000,18.8,18.8,0.666667,frankycpp_v1.8.exe,chess::operator~,color.h,0x14025c4dd
chess::valueOf,0.001000,0.001000,0.0,0.0,14975000,,,0.200000,frankycpp_v1.8.exe,chess::valueOf,value.h,0x14029ebd3
chess::valueOf,0.001000,0.001000,0.0,0.0,59900000,,,0.600000,frankycpp_v1.8.exe,chess::valueOf,value.h,0x14029ec2e
engine::Evaluator::prefetch,0.001000,0.001000,0.0,0.0,8985000,0.0,0.0,0.666667,frankycpp_v1.8.exe,engine::Evaluator::prefetch,Evaluator.h,0x1402214c4
engine::PlyInfo::resetSearchState,0.001000,0.001000,0.0,0.0,0,0.0,0.0,0.0,frankycpp_v1.8.exe,engine::PlyInfo::resetSearchState,PlyInfo.h,0x140216492
engine::Search::aspirationSearch,0.001000,0.001000,0.0,0.0,2995000,0.0,0.0,0.0,frankycpp_v1.8.exe,"engine::Search::aspirationSearch(class chess::Position &,enum chess::Depth,class chess::Value)",Search.cpp,0x14021ec50
engine::Search::thread,0.001000,0.001000,0.0,0.0,11980000,66.7,66.7,0.250000,frankycpp_v1.8.exe,engine::Search::thread,Search.h,0x14021fc49
engine::Search::thread,0.001000,0.001000,0.0,0.0,14975000,,,0.0,frankycpp_v1.8.exe,engine::Search::thread,Search.h,0x1402211ba
engine::SearchThreadData::SearchThreadData,0.001000,0.001000,0.0,0.0,0,0.0,0.0,0.0,frankycpp_v1.8.exe,engine::SearchThreadData::SearchThreadData(int),SearchThreadData.h,0x140215980
engine::SearchThreadData::reset,0.001000,0.001000,0.0,0.0,0,0.0,0.0,0.0,frankycpp_v1.8.exe,engine::SearchThreadData::reset(void),SearchThreadData.h,0x140215d30
free,0.001000,0.001000,0.0,0.0,0,0.0,0.0,,ucrtbase.dll,free,[Unknown],0x180015de0
free_base,0.001000,0.001000,0.0,0.0,5990000,100.0,100.0,0.0,ucrtbase.dll,free_base,[Unknown],0x18001e0e0
func@0x140006080,0.001000,0.001000,0.0,0.0,0,0.0,0.0,0.0,ucx01000.sys,func@0x140006080,[Unknown],0x140006080
func@0x140006780,0.001000,0.001000,0.0,0.0,0,0.0,0.0,0.0,wfplwfs.sys,func@0x140006780,[Unknown],0x140006780
func@0x140007c18,0.001000,0.001000,0.0,0.0,0,0.0,0.0,0.0,dxgmms2.sys,func@0x140007c18,[Unknown],0x140007c18
func@0x140009ed0,0.001000,0.001000,0.0,0.0,0,0.0,0.0,0.0,ksld.sys,func@0x140009ed0,[Unknown],0x140009ed0
func@0x14000a8f8,0.001000,0.001000,0.0,0.0,0,0.0,0.0,0.0,dxgmms2.sys,func@0x14000a8f8,[Unknown],0x14000a8f8
func@0x14000ad10,0.001000,0.001000,0.0,0.0,0,0.0,0.0,0.0,netio.sys,func@0x14000ad10,[Unknown],0x14000ad10
func@0x14000cf50,0.001000,0.001000,0.0,0.0,0,0.0,0.0,0.0,nvlddmkm.sys,func@0x14000cf50,[Unknown],0x14000cf50
func@0x14000e060,0.001000,0.001000,0.0,0.0,2995000,0.0,0.0,0.0,netio.sys,func@0x14000e060,[Unknown],0x14000e060
func@0x140016000,0.001000,0.001000,0.0,0.0,0,0.0,0.0,0.0,usbxhci.sys,func@0x140016000,[Unknown],0x140016000
func@0x140019150,0.001000,0.001000,0.0,0.0,5990000,,,0.0,usbxhci.sys,func@0x140019150,[Unknown],0x140019150
func@0x14001caa4,0.001000,0.001000,0.0,0.0,0,0.0,0.0,,wdf01000.sys,func@0x14001caa4,[Unknown],0x14001caa4
func@0x14001ff9f,0.001000,0.001000,0.0,0.0,0,0.0,0.0,0.0,nvlddmkm.sys,func@0x14001ff9f,[Unknown],0x14001ff9f
func@0x14002d5aa,0.001000,0.001000,0.0,0.0,0,0.0,0.0,0.0,tcpip.sys,func@0x14002d5aa,[Unknown],0x14002d5aa
func@0x140030a20,0.001000,0.001000,0.0,0.0,0,0.0,0.0,0.0,dxgkrnl.sys,func@0x140030a20,[Unknown],0x140030a20
func@0x14004c800,0.001000,0.001000,0.0,0.0,0,0.0,0.0,0.0,wdf01000.sys,func@0x14004c800,[Unknown],0x14004c800
func@0x140053ff0,0.001000,0.001000,0.0,0.0,0,0.0,0.0,,wdf01000.sys,func@0x140053ff0,[Unknown],0x140053ff0
func@0x14005ff50,0.001000,0.001000,0.0,0.0,0,0.0,0.0,0.0,win32kbase.sys,func@0x14005ff50,[Unknown],0x14005ff50
func@0x1400600df,0.001000,0.001000,0.0,0.0,0,0.0,0.0,0.0,wdfilter.sys,func@0x1400600df,[Unknown],0x1400600df
func@0x140094a80,0.001000,0.001000,0.0,0.0,0,0.0,0.0,0.0,e2fn.sys,func@0x140094a80,[Unknown],0x140094a80
func@0x14009c5e0,0.001000,0.001000,0.0,0.0,0,,,0.0,nvlddmkm.sys,func@0x14009c5e0,[Unknown],0x14009c5e0
func@0x14009e680,0.001000,0.001000,0.0,0.0,0,0.0,0.0,0.0,nvlddmkm.sys,func@0x14009e680,[Unknown],0x14009e680
func@0x1400dbec0,0.001000,0.001000,0.0,0.0,0,0.0,0.0,0.0,nvlddmkm.sys,func@0x1400dbec0,[Unknown],0x1400dbec0
func@0x1400e1430,0.001000,0.001000,0.0,0.0,0,0.0,0.0,0.0,nvlddmkm.sys,func@0x1400e1430,[Unknown],0x1400e1430
func@0x1400e3530,0.001000,0.001000,0.0,0.0,0,0.0,0.0,,nvlddmkm.sys,func@0x1400e3530,[Unknown],0x1400e3530
func@0x1400e52b0,0.001000,0.001000,0.0,0.0,0,0.0,0.0,0.0,nvlddmkm.sys,func@0x1400e52b0,[Unknown],0x1400e52b0
func@0x1400fa960,0.001000,0.001000,0.0,0.0,0,0.0,0.0,0.0,nvlddmkm.sys,func@0x1400fa960,[Unknown],0x1400fa960
func@0x1400fab80,0.001000,0.001000,0.0,0.0,0,0.0,0.0,0.0,nvlddmkm.sys,func@0x1400fab80,[Unknown],0x1400fab80
func@0x140106140,0.001000,0.001000,0.0,0.0,0,0.0,0.0,0.0,nvlddmkm.sys,func@0x140106140,[Unknown],0x140106140
func@0x140106260,0.001000,0.001000,0.0,0.0,0,0.0,0.0,,nvlddmkm.sys,func@0x140106260,[Unknown],0x140106260
func@0x1401245fa,0.001000,0.001000,0.0,0.0,0,0.0,0.0,0.0,ntfs.sys,func@0x1401245fa,[Unknown],0x1401245fa
func@0x140168640,0.001000,0.001000,0.0,0.0,0,0.0,0.0,0.0,nvlddmkm.sys,func@0x140168640,[Unknown],0x140168640
func@0x140201130,0.001000,0.001000,0.0,0.0,2995000,0.0,0.0,0.0,ntoskrnl.exe,func@0x140201130,[Unknown],0x140201130
func@0x140202565,0.001000,0.001000,0.0,0.0,0,0.0,0.0,,ntoskrnl.exe,func@0x140202565,[Unknown],0x140202565
func@0x140216750,0.001000,0.001000,0.0,0.0,5990000,0.0,0.0,0.0,ntoskrnl.exe,func@0x140216750,[Unknown],0x140216750
func@0x1402213e0,0.001000,0.001000,0.0,0.0,0,25.0,25.0,0.0,ntoskrnl.exe,func@0x1402213e0,[Unknown],0x1402213e0
func@0x140235920,0.001000,0.001000,0.0,0.0,0,0.0,0.0,0.0,ntoskrnl.exe,func@0x140235920,[Unknown],0x140235920
func@0x140255c9d,0.001000,0.001000,0.0,0.0,0,0.0,0.0,,ntoskrnl.exe,func@0x140255c9d,[Unknown],0x140255c9d
func@0x140255e80,0.001000,0.001000,0.0,0.0,0,0.0,0.0,,ntoskrnl.exe,func@0x140255e80,[Unknown],0x140255e80
func@0x140260ec0,0.001000,0.001000,0.0,0.0,0,0.0,0.0,0.0,ntoskrnl.exe,func@0x140260ec0,[Unknown],0x140260ec0
func@0x14028b2b0,0.001000,0.001000,0.0,0.0,0,0.0,0.0,0.0,ntoskrnl.exe,func@0x14028b2b0,[Unknown],0x14028b2b0
func@0x1402900b0,0.001000,0.001000,0.0,0.0,0,0.0,0.0,0.0,ntoskrnl.exe,func@0x1402900b0,[Unknown],0x1402900b0
func@0x1402942c0,0.001000,0.001000,0.0,0.0,0,0.0,0.0,,ntoskrnl.exe,func@0x1402942c0,[Unknown],0x1402942c0
func@0x14029461b,0.001000,0.001000,0.0,0.0,0,0.0,0.0,0.0,ntoskrnl.exe,func@0x14029461b,[Unknown],0x14029461b
func@0x140295e18,0.001000,0.001000,0.0,0.0,5990000,8.3,8.3,0.500000,ntoskrnl.exe,func@0x140295e18,[Unknown],0x140295e18
func@0x140296b30,0.001000,0.001000,0.0,0.0,2995000,5.6,5.6,0.0,ntoskrnl.exe,func@0x140296b30,[Unknown],0x140296b30
func@0x14029a040,0.001000,0.001000,0.0,0.0,2995000,0.0,0.0,0.0,ntoskrnl.exe,func@0x14029a040,[Unknown],0x14029a040
func@0x14029a580,0.001000,0.001000,0.0,0.0,0,0.0,0.0,0.0,ntoskrnl.exe,func@0x14029a580,[Unknown],0x14029a580
func@0x14029bd64,0.001000,0.001000,0.0,0.0,29950000,50.0,50.0,0.200000,ntoskrnl.exe,func@0x14029bd64,[Unknown],0x14029bd64
func@0x14029c140,0.001000,0.001000,0.0,0.0,17970000,23.8,23.8,1.000000,ntoskrnl.exe,func@0x14029c140,[Unknown],0x14029c140
func@0x14029ddc3,0.001000,0.001000,0.0,0.0,0,0.0,0.0,,ntoskrnl.exe,func@0x14029ddc3,[Unknown],0x14029ddc3
func@0x14029ee40,0.001000,0.001000,0.0,0.0,0,0.0,0.0,,ntoskrnl.exe,func@0x14029ee40,[Unknown],0x14029ee40
func@0x1402b9184,0.001000,0.001000,0.0,0.0,0,0.0,0.0,0.0,ntoskrnl.exe,func@0x1402b9184,[Unknown],0x1402b9184
func@0x1402bb069,0.001000,0.001000,0.0,0.0,0,0.0,0.0,,ntoskrnl.exe,func@0x1402bb069,[Unknown],0x1402bb069
func@0x1402c69d0,0.001000,0.001000,0.0,0.0,2995000,0.0,0.0,0.0,ntoskrnl.exe,func@0x1402c69d0,[Unknown],0x1402c69d0
func@0x1402d5590,0.001000,0.001000,0.0,0.0,0,0.0,0.0,,ntoskrnl.exe,func@0x1402d5590,[Unknown],0x1402d5590
func@0x1402d57d0,0.001000,0.001000,0.0,0.0,0,0.0,0.0,,ntoskrnl.exe,func@0x1402d57d0,[Unknown],0x1402d57d0
func@0x1402d71ff,0.001000,0.001000,0.0,0.0,0,0.0,0.0,0.0,ntoskrnl.exe,func@0x1402d71ff,[Unknown],0x1402d71ff
func@0x1402ec11d,0.001000,0.001000,0.0,0.0,5990000,3.6,3.6,1.500000,ntoskrnl.exe,func@0x1402ec11d,[Unknown],0x1402ec11d
func@0x1402ecb40,0.001000,0.001000,0.0,0.0,5990000,0.0,0.0,2.500000,ntoskrnl.exe,func@0x1402ecb40,[Unknown],0x1402ecb40
func@0x14030acb0,0.001000,0.001000,0.0,0.0,0,5.9,5.9,,ntoskrnl.exe,func@0x14030acb0,[Unknown],0x14030acb0
func@0x140317160,0.001000,0.001000,0.0,0.0,2995000,0.0,0.0,8.000000,ntoskrnl.exe,func@0x140317160,[Unknown],0x140317160
func@0x14031a0a0,0.001000,0.001000,0.0,0.0,2995000,4.2,4.2,1.000000,ntoskrnl.exe,func@0x14031a0a0,[Unknown],0x14031a0a0
func@0x14031a15b,0.001000,0.001000,0.0,0.0,0,0.0,0.0,,ntoskrnl.exe,func@0x14031a15b,[Unknown],0x14031a15b
func@0x140327b30,0.001000,0.001000,0.0,0.0,0,0.0,0.0,0.0,ntoskrnl.exe,func@0x140327b30,[Unknown],0x140327b30
func@0x14033b990,0.001000,0.001000,0.0,0.0,5990000,50.0,50.0,1.000000,ntoskrnl.exe,func@0x14033b990,[Unknown],0x14033b990
func@0x14033d620,0.001000,0.001000,0.0,0.0,0,0.0,0.0,0.0,ntoskrnl.exe,func@0x14033d620,[Unknown],0x14033d620
func@0x14033fd10,0.001000,0.001000,0.0,0.0,0,0.0,0.0,0.0,ntoskrnl.exe,func@0x14033fd10,[Unknown],0x14033fd10
func@0x140340ba8,0.001000,0.001000,0.0,0.0,14975000,66.7,66.7,0.400000,ntoskrnl.exe,func@0x140340ba8,[Unknown],0x140340ba8
func@0x140341424,0.001000,0.001000,0.0,0.0,0,0.0,0.0,0.0,ntoskrnl.exe,func@0x140341424,[Unknown],0x140341424
func@0x140343680,0.001000,0.001000,0.0,0.0,2995000,,,1.000000,ntoskrnl.exe,func@0x140343680,[Unknown],0x140343680
func@0x1403993e0,0.001000,0.001000,0.0,0.0,0,0.0,0.0,0.0,nvlddmkm.sys,func@0x1403993e0,[Unknown],0x1403993e0
func@0x1403b39fc,0.001000,0.001000,0.0,0.0,0,0.0,0.0,,ntoskrnl.exe,func@0x1403b39fc,[Unknown],0x1403b39fc
func@0x1403c61e0,0.001000,0.001000,0.0,0.0,0,0.0,0.0,0.0,ntoskrnl.exe,func@0x1403c61e0,[Unknown],0x1403c61e0
func@0x1403c7560,0.001000,0.001000,0.0,0.0,0,0.0,0.0,0.0,ntoskrnl.exe,func@0x1403c7560,[Unknown],0x1403c7560
func@0x1403c8760,0.001000,0.001000,0.0,0.0,0,0.0,0.0,0.0,ntoskrnl.exe,func@0x1403c8760,[Unknown],0x1403c8760
func@0x1403d1820,0.001000,0.001000,0.0,0.0,0,0.0,0.0,0.0,nvlddmkm.sys,func@0x1403d1820,[Unknown],0x1403d1820
func@0x1403d6ed0,0.001000,0.001000,0.0,0.0,0,0.0,0.0,,ntoskrnl.exe,func@0x1403d6ed0,[Unknown],0x1403d6ed0
func@0x1403f2040,0.001000,0.001000,0.0,0.0,0,0.0,0.0,0.0,ntoskrnl.exe,func@0x1403f2040,[Unknown],0x1403f2040
func@0x14040f5c0,0.001000,0.001000,0.0,0.0,0,0.0,0.0,,ntoskrnl.exe,func@0x14040f5c0,[Unknown],0x14040f5c0
func@0x1404106e0,0.001000,0.001000,0.0,0.0,0,,,0.0,ntoskrnl.exe,func@0x1404106e0,[Unknown],0x1404106e0
func@0x1404124c0,0.001000,0.001000,0.0,0.0,0,0.0,0.0,0.0,ntoskrnl.exe,func@0x1404124c0,[Unknown],0x1404124c0
func@0x1404206e2,0.001000,0.001000,0.0,0.0,5990000,75.0,75.0,1.500000,ntoskrnl.exe,func@0x1404206e2,[Unknown],0x1404206e2
func@0x14042a6f0,0.001000,0.001000,0.0,0.0,2995000,0.0,0.0,0.0,ntoskrnl.exe,func@0x14042a6f0,[Unknown],0x14042a6f0
func@0x140445670,0.001000,0.001000,0.0,0.0,0,0.0,0.0,0.0,ntoskrnl.exe,func@0x140445670,[Unknown],0x140445670
func@0x1404486f0,0.001000,0.001000,0.0,0.0,0,0.0,0.0,0.0,ntoskrnl.exe,func@0x1404486f0,[Unknown],0x1404486f0
func@0x140478040,0.001000,0.001000,0.0,0.0,0,0.0,0.0,0.0,ntoskrnl.exe,func@0x140478040,[Unknown],0x140478040
func@0x1404e579c,0.001000,0.001000,0.0,0.0,0,,,0.0,ntoskrnl.exe,func@0x1404e579c,[Unknown],0x1404e579c
func@0x1404f2aa0,0.001000,0.001000,0.0,0.0,5990000,0.0,0.0,1.000000,ntoskrnl.exe,func@0x1404f2aa0,[Unknown],0x1404f2aa0
func@0x1405dfe10,0.001000,0.001000,0.0,0.0,11980000,100.0,100.0,0.0,ntoskrnl.exe,func@0x1405dfe10,[Unknown],0x1405dfe10
func@0x1405e0bcc,0.001000,0.001000,0.0,0.0,0,0.0,0.0,0.0,ntoskrnl.exe,func@0x1405e0bcc,[Unknown],0x1405e0bcc
func@0x1406b2cb0,0.001000,0.001000,0.0,0.0,0,0.0,0.0,0.0,ntoskrnl.exe,func@0x1406b2cb0,[Unknown],0x1406b2cb0
func@0x1406b4690,0.001000,0.001000,0.0,0.0,0,0.0,0.0,,ntoskrnl.exe,func@0x1406b4690,[Unknown],0x1406b4690
func@0x1406bd583,0.001000,0.001000,0.0,0.0,0,100.0,100.0,,ntoskrnl.exe,func@0x1406bd583,[Unknown],0x1406bd583
func@0x1406cef20,0.001000,0.001000,0.0,0.0,0,0.0,0.0,0.0,nvlddmkm.sys,func@0x1406cef20,[Unknown],0x1406cef20
func@0x1406d571f,0.001000,0.001000,0.0,0.0,0,0.0,0.0,0.0,nvlddmkm.sys,func@0x1406d571f,[Unknown],0x1406d571f
func@0x140841570,0.001000,0.001000,0.0,0.0,0,0.0,0.0,0.0,ntoskrnl.exe,func@0x140841570,[Unknown],0x140841570
func@0x140846ce0,0.001000,0.001000,0.0,0.0,0,0.0,0.0,0.0,ntoskrnl.exe,func@0x140846ce0,[Unknown],0x140846ce0
func@0x1408487e0,0.001000,0.001000,0.0,0.0,0,0.0,0.0,0.0,ntoskrnl.exe,func@0x1408487e0,[Unknown],0x1408487e0
func@0x1408a2560,0.001000,0.001000,0.0,0.0,0,0.0,0.0,0.0,ntoskrnl.exe,func@0x1408a2560,[Unknown],0x1408a2560
func@0x140c31d30,0.001000,0.001000,0.0,0.0,0,100.0,100.0,,nvlddmkm.sys,func@0x140c31d30,[Unknown],0x140c31d30
func@0x140c7e320,0.001000,0.001000,0.0,0.0,0,0.0,0.0,0.0,nvlddmkm.sys,func@0x140c7e320,[Unknown],0x140c7e320
func@0x140c88010,0.001000,0.001000,0.0,0.0,0,0.0,0.0,0.0,nvlddmkm.sys,func@0x140c88010,[Unknown],0x140c88010
func@0x140c882f0,0.001000,0.001000,0.0,0.0,0,0.0,0.0,0.0,nvlddmkm.sys,func@0x140c882f0,[Unknown],0x140c882f0
func@0x140c8e240,0.001000,0.001000,0.0,0.0,0,0.0,0.0,0.0,nvlddmkm.sys,func@0x140c8e240,[Unknown],0x140c8e240
func@0x140c95380,0.001000,0.001000,0.0,0.0,0,50.0,50.0,0.0,nvlddmkm.sys,func@0x140c95380,[Unknown],0x140c95380
func@0x140c97cd0,0.001000,0.001000,0.0,0.0,0,0.0,0.0,0.0,nvlddmkm.sys,func@0x140c97cd0,[Unknown],0x140c97cd0
func@0x140c98010,0.001000,0.001000,0.0,0.0,0,0.0,0.0,0.0,nvlddmkm.sys,func@0x140c98010,[Unknown],0x140c98010
func@0x140cb323f,0.001000,0.001000,0.0,0.0,0,0.0,0.0,0.0,nvlddmkm.sys,func@0x140cb323f,[Unknown],0x140cb323f
func@0x140cbb800,0.001000,0.001000,0.0,0.0,0,0.0,0.0,0.0,nvlddmkm.sys,func@0x140cbb800,[Unknown],0x140cbb800
func@0x140cfad60,0.001000,0.001000,0.0,0.0,0,0.0,0.0,0.0,nvlddmkm.sys,func@0x140cfad60,[Unknown],0x140cfad60
func@0x140d0dc70,0.001000,0.001000,0.0,0.0,0,0.0,0.0,0.0,nvlddmkm.sys,func@0x140d0dc70,[Unknown],0x140d0dc70
func@0x140d2fba0,0.001000,0.001000,0.0,0.0,0,0.0,0.0,0.0,nvlddmkm.sys,func@0x140d2fba0,[Unknown],0x140d2fba0
func@0x140d38eb0,0.001000,0.001000,0.0,0.0,0,0.0,0.0,,nvlddmkm.sys,func@0x140d38eb0,[Unknown],0x140d38eb0
func@0x180003780,0.001000,0.001000,0.0,0.0,0,0.0,0.0,0.0,ucrtbase.dll,func@0x180003780,[Unknown],0x180003780
func@0x180003e60,0.001000,0.001000,0.0,0.0,0,0.0,0.0,0.0,vcruntime140_1.dll,func@0x180003e60,[Unknown],0x180003e60
func@0x18000c5c9,0.001000,0.001000,0.0,0.0,0,0.0,0.0,,ntdll.dll,func@0x18000c5c9,[Unknown],0x18000c5c9
func@0x18000dc1c,0.001000,0.001000,0.0,0.0,0,0.0,0.0,0.0,msvcp140.dll,func@0x18000dc1c,[Unknown],0x18000dc1c
func@0x18001cd70,0.001000,0.001000,0.0,0.0,17970000,54.5,54.5,0.333333,ntdll.dll,func@0x18001cd70,[Unknown],0x18001cd70
func@0x18002d9a0,0.001000,0.001000,0.0,0.0,8985000,50.0,50.0,0.333333,cng.sys,func@0x18002d9a0,[Unknown],0x18002d9a0
func@0x180035270,0.001000,0.001000,0.0,0.0,0,0.0,0.0,0.0,ntdll.dll,func@0x180035270,[Unknown],0x180035270
func@0x180043970,0.001000,0.001000,0.0,0.0,0,0.0,0.0,0.0,ws2_32.dll,func@0x180043970,[Unknown],0x180043970
func@0x18005b350,0.001000,0.001000,0.0,0.0,2995000,0.0,0.0,0.0,cng.sys,func@0x18005b350,[Unknown],0x18005b350
func@0x180078da1,0.001000,0.001000,0.0,0.0,35940000,30.8,30.8,0.083333,ntdll.dll,func@0x180078da1,[Unknown],0x180078da1
func@0x1800a1640,0.001000,0.001000,0.0,0.0,0,0.0,0.0,0.0,cng.sys,func@0x1800a1640,[Unknown],0x1800a1640
func@0x1800be690,0.001000,0.001000,0.0,0.0,0,0.0,0.0,0.0,crypt32.dll,func@0x1800be690,[Unknown],0x1800be690
func@0x18012e678,0.001000,0.001000,0.0,0.0,0,0.0,0.0,0.0,kernelbase.dll,func@0x18012e678,[Unknown],0x18012e678
func@0x18015f728,0.001000,0.001000,0.0,0.0,0,0.0,0.0,0.0,ntdll.dll,func@0x18015f728,[Unknown],0x18015f728
malloc_base,0.001000,0.001000,0.0,0.0,0,50.0,50.0,,ucrtbase.dll,malloc_base,[Unknown],0x180010100
o__free_base,0.001000,0.001000,0.0,0.0,0,0.0,0.0,0.0,ucrtbase.dll,o__free_base,[Unknown],0x18007eed0
operator new,0.001000,0.001000,0.0,0.0,0,0.0,0.0,,frankycpp_v1.8.exe,operator new(unsigned __int64),new_scalar.cpp,0x14061a1e0
spdlog::logger::flush_,0.001000,0.001000,0.0,0.0,0,0.0,0.0,0.0,frankycpp_v1.8.exe,spdlog::logger::flush_(void),logger-inl.h,0x140158240
std::_Deallocate,0.001000,0.001000,0.0,0.0,0,100.0,100.0,0.0,frankycpp_v1.8.exe,std::_Deallocate,xmemory,0x1402333dc
"std::_Hash<class std::_Umap_traits<unsigned __int64,class book::BookEntry,class std::_Uhash_compare<unsigned __int64,struct std::hash<unsigned __int64>,struct std::equal_to<unsigned __int64> >,class std::allocator<struct std::pair<unsigned __int64 const ,class book::BookEntry> >,0> >::emplace<struct std::pair<unsigned __int64 const ,class book::BookEntry> >",0.001000,0.001000,0.0,0.0,0,50.0,50.0,,frankycpp_v1.8.exe,"std::_Hash<class std::_Umap_traits<unsigned __int64,class book::BookEntry,class std::_Uhash_compare<unsigned __int64,struct std::hash<unsigned __int64>,struct std::equal_to<unsigned __int64> >,class std::allocator<struct std::pair<unsigned __int64 const ,class book::BookEntry> >,0> >::emplace<struct std::pair<unsigned __int64 const ,class book::BookEntry> >(struct std::pair<unsigned __int64 const ,class book::BookEntry> &&)",xhash,0x140288520
"std::_Hash<std::_Umap_traits<unsigned __int64,book::BookEntry,std::_Uhash_compare<unsigned __int64,std::hash<unsigned __int64>,std::equal_to<unsigned __int64> >,std::allocator<std::pair<unsigned __int64 const ,book::BookEntry> >,0> >::_Check_max_size",0.001000,0.001000,0.0,0.0,0,0.0,0.0,0.0,frankycpp_v1.8.exe,"std::_Hash<std::_Umap_traits<unsigned __int64,book::BookEntry,std::_Uhash_compare<unsigned __int64,std::hash<unsigned __int64>,std::equal_to<unsigned __int64> >,std::allocator<std::pair<unsigned __int64 const ,book::BookEntry> >,0> >::_Check_max_size",xhash,0x1402885ba
"std::_Tree<std::_Tset_traits<boost::archive::detail::basic_iarchive_impl::cobject_type,std::less<boost::archive::detail::basic_iarchive_impl::cobject_type>,std::allocator<boost::archive::detail::basic_iarchive_impl::cobject_type>,0> >::insert",0.001000,0.001000,0.0,0.0,5990000,100.0,100.0,0.0,frankycpp_v1.8.exe,"std::_Tree<std::_Tset_traits<boost::archive::detail::basic_iarchive_impl::cobject_type,std::less<boost::archive::detail::basic_iarchive_impl::cobject_type>,std::allocator<boost::archive::detail::basic_iarchive_impl::cobject_type>,0> >::insert",xtree,0x1402afc48
"std::_Uninitialized_backout<std::_List_unchecked_iterator<std::_List_val<std::_List_simple_types<std::pair<unsigned __int64 const ,book::BookEntry> > > > *>::_Emplace_back",0.001000,0.001000,0.0,0.0,2995000,0.0,0.0,1.000000,frankycpp_v1.8.exe,"std::_Uninitialized_backout<std::_List_unchecked_iterator<std::_List_val<std::_List_simple_types<std::pair<unsigned __int64 const ,book::BookEntry> > > > *>::_Emplace_back",xmemory,0x14027f990
"std::array<chess::Bitboard,64>::operator[]",0.001000,0.001000,0.0,0.0,11980000,23.6,23.6,0.500000,frankycpp_v1.8.exe,"std::array<chess::Bitboard,64>::operator[]",array,0x14025da6e
"std::array<chess::Bitboard,64>::operator[]",0.001000,0.001000,0.0,0.0,2995000,0.0,0.0,0.0,frankycpp_v1.8.exe,"std::array<chess::Bitboard,64>::operator[]",array,0x14026afcf
"std::array<chess::Bitboard,8>::operator[]",0.001000,0.001000,0.0,0.0,8985000,9.3,9.3,1.333333,frankycpp_v1.8.exe,"std::array<chess::Bitboard,8>::operator[]",array,0x1402634c3
"std::array<chess::Move,256>::operator[]",0.001000,0.001000,0.0,0.0,0,0.0,0.0,,frankycpp_v1.8.exe,"std::array<chess::Move,256>::operator[]",array,0x14021f0f2
"std::array<chess::Value,25>::operator[]",0.001000,0.001000,0.0,0.0,14975000,,,1.800000,frankycpp_v1.8.exe,"std::array<chess::Value,25>::operator[]",array,0x1402642d0
"std::array<chess::Value,25>::operator[]",0.001000,0.001000,0.0,0.0,5990000,,,0.500000,frankycpp_v1.8.exe,"std::array<chess::Value,25>::operator[]",array,0x1402641f4
"std::array<chess::Value,25>::operator[]",0.001000,0.001000,0.0,0.0,14975000,20.0,20.0,0.200000,frankycpp_v1.8.exe,"std::array<chess::Value,25>::operator[]",array,0x140263c5a
"std::array<engine::PawnTT::Stats,256>::operator[]",0.001000,0.001000,0.0,0.0,0,0.0,0.0,0.0,frankycpp_v1.8.exe,"std::array<engine::PawnTT::Stats,256>::operator[]",array,0x14026772f
"std::array<int,64>::operator[]",0.001000,0.001000,0.0,0.0,0,0.0,0.0,0.0,frankycpp_v1.8.exe,"std::array<int,64>::operator[]",array,0x14016c715
"std::array<int,64>::operator[]",0.001000,0.001000,0.0,0.0,20965000,20.5,20.5,0.428571,frankycpp_v1.8.exe,"std::array<int,64>::operator[]",array,0x14026b4bd
std::atomic<unsigned __int64>::{ctor},0.001000,0.001000,0.0,0.0,20965000,,,0.428571,frankycpp_v1.8.exe,std::atomic<unsigned __int64>::{ctor},atomic,0x14026db4a
"std::basic_filebuf<char,struct std::char_traits<char> >::xsgetn",0.001000,0.001000,0.0,0.0,38935000,85.7,85.7,0.153846,frankycpp_v1.8.exe,"std::basic_filebuf<char,struct std::char_traits<char> >::xsgetn(char * __ptr64,__int64)",__msvc_filebuf.hpp,0x14011a550
"std::basic_streambuf<char,std::char_traits<char> >::_Gnavail",0.001000,0.001000,0.0,0.0,11980000,0.0,0.0,0.500000,frankycpp_v1.8.exe,"std::basic_streambuf<char,std::char_traits<char> >::_Gnavail",streambuf,0x14011a59f
"std::basic_streambuf<char,std::char_traits<char> >::gbump",0.001000,0.001000,0.0,0.0,14975000,,,0.200000,frankycpp_v1.8.exe,"std::basic_streambuf<char,std::char_traits<char> >::gbump",streambuf,0x14011a5de
std::countr_zero,0.001000,0.001000,0.0,0.0,5990000,0.0,0.0,0.0,frankycpp_v1.8.exe,std::countr_zero,bit,0x1402635ea
std::countr_zero,0.001000,0.001000,0.0,0.0,5990000,16.7,16.7,1.000000,frankycpp_v1.8.exe,std::countr_zero,bit,0x14026af70
std::countr_zero,0.001000,0.001000,0.0,0.0,14975000,100.0,100.0,0.0,frankycpp_v1.8.exe,std::countr_zero,bit,0x140263a48
std::ios_base::width,0.001000,0.001000,0.0,0.0,0,0.0,0.0,0.0,frankycpp_v1.8.exe,std::ios_base::width,xiosbase,0x1401625b0
std::min,0.001000,0.001000,0.0,0.0,0,13.4,13.4,,frankycpp_v1.8.exe,std::min,utility,0x14021f56c
std::optional<engine::TT::Entry>::{ctor},0.001000,0.001000,0.0,0.0,0,,,,frankycpp_v1.8.exe,std::optional<engine::TT::Entry>::{ctor},optional,0x14026db3b
std::popcount,0.001000,0.001000,0.0,0.0,59900000,35.3,35.3,0.300000,frankycpp_v1.8.exe,std::popcount,bit,0x14026ae73
std::popcount,0.001000,0.001000,0.0,0.0,59900000,,,0.050000,frankycpp_v1.8.exe,std::popcount,bit,0x14026a591
std::popcount,0.001000,0.001000,0.0,0.0,20965000,45.0,45.0,1.000000,frankycpp_v1.8.exe,std::popcount,bit,0x14026a599
std::popcount,0.001000,0.001000,0.0,0.0,5990000,16.4,16.4,2.500000,frankycpp_v1.8.exe,std::popcount,bit,0x14026b685
std::popcount,0.001000,0.001000,0.0,0.0,20965000,14.7,14.7,0.571429,frankycpp_v1.8.exe,std::popcount,bit,0x14026b6b3
std::popcount,0.001000,0.001000,0.0,0.0,32945000,50.9,50.9,0.727273,frankycpp_v1.8.exe,std::popcount,bit,0x14026a508
std::popcount,0.001000,0.001000,0.0,0.0,35940000,,,0.166667,frankycpp_v1.8.exe,std::popcount,bit,0x14025ccf9
"std::ranges::_Med3_common<chess::Move *,chess::moveValueGreaterComparator,std::identity>",0.001000,0.001000,0.0,0.0,8985000,10.7,10.7,1.333333,frankycpp_v1.8.exe,"std::ranges::_Med3_common<chess::Move *,chess::moveValueGreaterComparator,std::identity>(class chess::Move *, class chess::Move *, class chess::Move *, struct chess::moveValueGreaterComparator, struct std::identity)",algorithm,0x140265440
std::ranges::_Rotate_one_right<chess::Move *>,0.001000,0.001000,0.0,0.0,0,0.0,0.0,0.0,frankycpp_v1.8.exe,"std::ranges::_Rotate_one_right<chess::Move *>(class chess::Move *, class chess::Move *, class chess::Move *)",algorithm,0x14023dd30
std::ranges::_Swap::_Cpo::operator(),0.001000,0.001000,0.0,0.0,23960000,0.0,0.0,0.500000,frankycpp_v1.8.exe,std::ranges::_Swap::_Cpo::operator(),concepts,0x140264812
std::ranges::_Swap::_Cpo::operator(),0.001000,0.001000,0.0,0.0,5990000,14.3,14.3,0.0,frankycpp_v1.8.exe,std::ranges::_Swap::_Cpo::operator(),concepts,0x140264847
"std::unique_ptr<engine::TT::TTCluster [0],std::default_delete<engine::TT::TTCluster [0]> >::operator[]",0.001000,0.001000,0.0,0.0,17970000,,,0.0,frankycpp_v1.8.exe,"std::unique_ptr<engine::TT::TTCluster [0],std::default_delete<engine::TT::TTCluster [0]> >::operator[]",memory,0x14026d823
"std::unique_ptr<engine::TT::TTCluster [0],std::default_delete<engine::TT::TTCluster [0]> >::operator[]",0.001000,0.001000,0.0,0.0,5990000,42.2,42.2,1.500000,frankycpp_v1.8.exe,"std::unique_ptr<engine::TT::TTCluster [0],std::default_delete<engine::TT::TTCluster [0]> >::operator[]",memory,0x14026da71
"std::vector<engine::Search::MultiPvResult,std::allocator<engine::Search::MultiPvResult> >::{dtor}",0.001000,0.001000,0.0,0.0,0,0.0,0.0,0.0,frankycpp_v1.8.exe,"std::vector<engine::Search::MultiPvResult,std::allocator<engine::Search::MultiPvResult> >::{dtor}",vector,0x14021e79d
"std::vector<unsigned __int64,std::allocator<unsigned __int64> >::_Tidy",0.001000,0.001000,0.0,0.0,0,0.0,0.0,,frankycpp_v1.8.exe,"std::vector<unsigned __int64,std::allocator<unsigned __int64> >::_Tidy",vector,0x1402333c9
ExAcquireResourceExclusiveLite,0.0,0.0,0.0,0.0,0,100.0,100.0,0.0,ntoskrnl.exe,ExAcquireResourceExclusiveLite,[Unknown],0x140277af0
ExAcquireRundownProtectionCacheAwareEx,0.0,0.0,0.0,0.0,0,100.0,100.0,,ntoskrnl.exe,ExAcquireRundownProtectionCacheAwareEx,[Unknown],0x140404ce0
ExpInterlockedPushEntrySList,0.0,0.0,0.0,0.0,2995000,0.0,0.0,0.0,ntoskrnl.exe,ExpInterlockedPushEntrySList,[Unknown],0x1406b2e00
FltGetStreamContext,0.0,0.0,0.0,0.0,2995000,50.0,50.0,0.0,fltmgr.sys,FltGetStreamContext,[Unknown],0x180007ca0
IoGetRelatedDeviceObject,0.0,0.0,0.0,0.0,2995000,0.0,0.0,0.0,ntoskrnl.exe,IoGetRelatedDeviceObject,[Unknown],0x1403a8fb0
KeAcquireInStackQueuedSpinLock,0.0,0.0,0.0,0.0,0,20.0,20.0,0.0,ntoskrnl.exe,KeAcquireInStackQueuedSpinLock,[Unknown],0x1402b1ca0
KeAddProcessorAffinityEx,0.0,0.0,0.0,0.0,2995000,,,0.0,ntoskrnl.exe,KeAddProcessorAffinityEx,[Unknown],0x140258260
KeAndAffinityEx2,0.0,0.0,0.0,0.0,2995000,20.0,20.0,2.000000,ntoskrnl.exe,KeAndAffinityEx2,[Unknown],0x1402052e0
KeIsEmptyAffinityEx,0.0,0.0,0.0,0.0,0,100.0,100.0,0.0,ntoskrnl.exe,KeIsEmptyAffinityEx,[Unknown],0x1403baf40
KeQueryPerformanceCounter,0.0,0.0,0.0,0.0,2995000,0.0,0.0,0.0,ntoskrnl.exe,KeQueryPerformanceCounter,[Unknown],0x14033b8c0
KeReleaseInStackQueuedSpinLock,0.0,0.0,0.0,0.0,2995000,0.0,0.0,1.000000,ntoskrnl.exe,KeReleaseInStackQueuedSpinLock,[Unknown],0x140276e00
NtSetEvent,0.0,0.0,0.0,0.0,2995000,0.0,0.0,0.0,ntdll.dll,NtSetEvent,[Unknown],0x180161c10
ObfDereferenceObject,0.0,0.0,0.0,0.0,2995000,0.0,0.0,0.0,ntoskrnl.exe,ObfDereferenceObject,[Unknown],0x14031f940
ReadFile,0.0,0.0,0.0,0.0,2995000,0.0,0.0,0.0,kernelbase.dll,ReadFile,[Unknown],0x180041db0
RtlAnsiCharToUnicodeChar,0.0,0.0,0.0,0.0,2995000,100.0,100.0,0.0,ntdll.dll,RtlAnsiCharToUnicodeChar,[Unknown],0x1800cdd30
RtlEnterCriticalSection,0.0,0.0,0.0,0.0,2995000,0.0,0.0,3.000000,ntdll.dll,RtlEnterCriticalSection,[Unknown],0x18000d7f0
RtlLeaveCriticalSection,0.0,0.0,0.0,0.0,2995000,0.0,0.0,2.000000,ntdll.dll,RtlLeaveCriticalSection,[Unknown],0x18000d8f0
YAML::RegEx::MatchUnchecked<class YAML::StreamCharSource>,0.0,0.0,0.0,0.0,5990000,33.3,33.3,0.500000,frankycpp_v1.8.exe,YAML::RegEx::MatchUnchecked<class YAML::StreamCharSource>(class YAML::StreamCharSource const &),regeximpl.h,0x1402f3520
YAML::Stream::operator bool,0.0,0.0,0.0,0.0,2995000,0.0,0.0,0.0,frankycpp_v1.8.exe,YAML::Stream::operator bool(void),stream.cpp,0x1402ffa40
[Import thunk _std_type_info_compare],0.0,0.0,0.0,0.0,8985000,33.3,33.3,0.333333,frankycpp_v1.8.exe,[Import thunk _std_type_info_compare],[Unknown],0x14061bd6e
[Import thunk memcpy],0.0,0.0,0.0,0.0,5990000,100.0,100.0,1.000000,frankycpp_v1.8.exe,[Import thunk memcpy],[Unknown],0x14061bd92
[Import thunk memmove],0.0,0.0,0.0,0.0,2995000,100.0,100.0,0.0,frankycpp_v1.8.exe,[Import thunk memmove],[Unknown],0x14061bdb0
[hidusb.sys],0.0,0.0,0.0,0.0,2995000,0.0,0.0,0.0,hidusb.sys,[hidusb.sys],[Unknown],0x0
[wdf01000.sys],0.0,0.0,0.0,0.0,2995000,0.0,0.0,0.0,wdf01000.sys,[wdf01000.sys],[Unknown],0x0
__builtin_array_init_helper<class chess::Move>,0.0,0.0,0.0,0.0,5990000,20.0,20.0,0.0,frankycpp_v1.8.exe,"__builtin_array_init_helper<class chess::Move>(class chess::Move *,unsigned __int64)",[Unknown],0x1401a06a0
"boost::archive::basic_binary_iprimitive<boost::archive::binary_iarchive,char,std::char_traits<char> >::load_binary",0.0,0.0,0.0,0.0,0,50.0,50.0,0.0,frankycpp_v1.8.exe,"boost::archive::basic_binary_iprimitive<boost::archive::binary_iarchive,char,std::char_traits<char> >::load_binary",basic_binary_iprimitive.hpp,0x14028f334
"boost::archive::basic_binary_iprimitive<class boost::archive::binary_iarchive,char,struct std::char_traits<char> >::load_binary",0.0,0.0,0.0,0.0,8985000,50.0,50.0,0.333333,frankycpp_v1.8.exe,"boost::archive::basic_binary_iprimitive<class boost::archive::binary_iarchive,char,struct std::char_traits<char> >::load_binary(void *,unsigned __int64)",basic_binary_iprimitive.hpp,0x140285cf0
boost::archive::class_id_type::operator=,0.0,0.0,0.0,0.0,2995000,,,0.0,frankycpp_v1.8.exe,boost::archive::class_id_type::operator=,basic_archive.hpp,0x1402afd6d
boost::archive::detail::basic_iarchive_impl::load_object,0.0,0.0,0.0,0.0,8985000,100.0,100.0,0.0,frankycpp_v1.8.exe,boost::archive::detail::basic_iarchive_impl::load_object,basic_iarchive.cpp,0x1402af3f1
boost::archive::detail::basic_serializer::operator<,0.0,0.0,0.0,0.0,0,100.0,100.0,0.0,frankycpp_v1.8.exe,boost::archive::detail::basic_serializer::operator<,basic_serializer.hpp,0x1402afca8
boost::archive::detail::common_iarchive<boost::archive::binary_iarchive>::load_override,0.0,0.0,0.0,0.0,2995000,100.0,100.0,0.0,frankycpp_v1.8.exe,boost::archive::detail::common_iarchive<boost::archive::binary_iarchive>::load_override,common_iarchive.hpp,0x140281bdb
boost::archive::detail::common_iarchive<boost::archive::binary_iarchive>::load_override,0.0,0.0,0.0,0.0,5990000,0.0,0.0,0.0,frankycpp_v1.8.exe,boost::archive::detail::common_iarchive<boost::archive::binary_iarchive>::load_override,common_iarchive.hpp,0x14028c532
boost::archive::detail::common_iarchive<boost::archive::binary_iarchive>::load_override,0.0,0.0,0.0,0.0,2995000,0.0,0.0,0.0,frankycpp_v1.8.exe,boost::archive::detail::common_iarchive<boost::archive::binary_iarchive>::load_override,common_iarchive.hpp,0x1402944f2
boost::archive::detail::common_iarchive<boost::archive::binary_iarchive>::load_override,0.0,0.0,0.0,0.0,2995000,50.0,50.0,0.0,frankycpp_v1.8.exe,boost::archive::detail::common_iarchive<boost::archive::binary_iarchive>::load_override,common_iarchive.hpp,0x14028c590
boost::archive::detail::interface_iarchive<boost::archive::binary_iarchive>::This,0.0,0.0,0.0,0.0,2995000,100.0,100.0,0.0,frankycpp_v1.8.exe,boost::archive::detail::interface_iarchive<boost::archive::binary_iarchive>::This,interface_iarchive.hpp,0x140289293
boost::archive::detail::interface_iarchive<boost::archive::binary_iarchive>::This,0.0,0.0,0.0,0.0,2995000,0.0,0.0,0.0,frankycpp_v1.8.exe,boost::archive::detail::interface_iarchive<boost::archive::binary_iarchive>::This,interface_iarchive.hpp,0x14028d57d
boost::archive::detail::interface_iarchive<boost::archive::binary_iarchive>::This,0.0,0.0,0.0,0.0,2995000,0.0,0.0,0.0,frankycpp_v1.8.exe,boost::archive::detail::interface_iarchive<boost::archive::binary_iarchive>::This,interface_iarchive.hpp,0x14028b210
boost::archive::detail::interface_iarchive<boost::archive::binary_iarchive>::operator&,0.0,0.0,0.0,0.0,2995000,0.0,0.0,0.0,frankycpp_v1.8.exe,boost::archive::detail::interface_iarchive<boost::archive::binary_iarchive>::operator&,interface_iarchive.hpp,0x14029523c
"boost::archive::detail::iserializer<class boost::archive::binary_iarchive,class book::BookEntry>::load_object_data",0.0,0.0,0.0,0.0,11980000,100.0,100.0,0.250000,frankycpp_v1.8.exe,"boost::archive::detail::iserializer<class boost::archive::binary_iarchive,class book::BookEntry>::load_object_data(class boost::archive::detail::basic_iarchive &,void *,unsigned int)",iserializer.hpp,0x14028d4a0
"boost::archive::detail::iserializer<class boost::archive::binary_iarchive,class chess::Move>::load_object_data",0.0,0.0,0.0,0.0,8985000,20.0,20.0,0.0,frankycpp_v1.8.exe,"boost::archive::detail::iserializer<class boost::archive::binary_iarchive,class chess::Move>::load_object_data(class boost::archive::detail::basic_iarchive &,void *,unsigned int)",iserializer.hpp,0x140294a60
"boost::archive::detail::iserializer<class boost::archive::binary_iarchive,class std::vector<unsigned __int64,class std::allocator<unsigned __int64> > >::load_object_data",0.0,0.0,0.0,0.0,8985000,100.0,100.0,0.666667,frankycpp_v1.8.exe,"boost::archive::detail::iserializer<class boost::archive::binary_iarchive,class std::vector<unsigned __int64,class std::allocator<unsigned __int64> > >::load_object_data(class boost::archive::detail::basic_iarchive &,void *,unsigned int)",iserializer.hpp,0x140290df0
"boost::archive::detail::iserializer<class boost::archive::binary_iarchive,struct std::pair<unsigned __int64 const ,class book::BookEntry> >::load_object_data",0.0,0.0,0.0,0.0,2995000,33.3,33.3,0.0,frankycpp_v1.8.exe,"boost::archive::detail::iserializer<class boost::archive::binary_iarchive,struct std::pair<unsigned __int64 const ,class book::BookEntry> >::load_object_data(class boost::archive::detail::basic_iarchive &,void *,unsigned int)",iserializer.hpp,0x14028b1b0
boost::archive::detail::load_non_pointer_type<boost::archive::binary_iarchive>::load_standard::invoke,0.0,0.0,0.0,0.0,2995000,0.0,0.0,0.0,frankycpp_v1.8.exe,boost::archive::detail::load_non_pointer_type<boost::archive::binary_iarchive>::load_standard::invoke,iserializer.hpp,0x1402898a6
boost::archive::object_id_type::operator=,0.0,0.0,0.0,0.0,5990000,0.0,0.0,0.0,frankycpp_v1.8.exe,boost::archive::object_id_type::operator=,basic_archive.hpp,0x1402af527
boost::archive::object_id_type::operator=,0.0,0.0,0.0,0.0,8985000,100.0,100.0,0.0,frankycpp_v1.8.exe,boost::archive::object_id_type::operator=,basic_archive.hpp,0x1402af3b0
boost::archive::object_id_type::{ctor},0.0,0.0,0.0,0.0,2995000,100.0,100.0,2.000000,frankycpp_v1.8.exe,boost::archive::object_id_type::{ctor},basic_archive.hpp,0x1402af466
boost::archive::version_type::{ctor},0.0,0.0,0.0,0.0,5990000,0.0,0.0,0.500000,frankycpp_v1.8.exe,boost::archive::version_type::{ctor},basic_archive.hpp,0x14028d620
boost::archive::version_type::{ctor},0.0,0.0,0.0,0.0,2995000,0.0,0.0,0.0,frankycpp_v1.8.exe,boost::archive::version_type::{ctor},basic_archive.hpp,0x140294be0
boost::archive::version_type::{ctor},0.0,0.0,0.0,0.0,0,50.0,50.0,0.0,frankycpp_v1.8.exe,boost::archive::version_type::{ctor},basic_archive.hpp,0x140290f30
boost::archive::version_type::{ctor},0.0,0.0,0.0,0.0,5990000,,,1.500000,frankycpp_v1.8.exe,boost::archive::version_type::{ctor},basic_archive.hpp,0x14028b2e0
boost::serialization::collection_size_type::{ctor},0.0,0.0,0.0,0.0,2995000,,,0.0,frankycpp_v1.8.exe,boost::serialization::collection_size_type::{ctor},collection_size_type.hpp,0x14029080a
"boost::serialization::free_loader<boost::archive::binary_iarchive,boost::serialization::nvp<book::BookEntry> >::invoke",0.0,0.0,0.0,0.0,11980000,,,0.0,frankycpp_v1.8.exe,"boost::serialization::free_loader<boost::archive::binary_iarchive,boost::serialization::nvp<book::BookEntry> >::invoke",split_free.hpp,0x14028b242
"boost::serialization::free_loader<boost::archive::binary_iarchive,boost::serialization::nvp<boost::serialization::item_version_type> >::invoke",0.0,0.0,0.0,0.0,2995000,100.0,100.0,1.000000,frankycpp_v1.8.exe,"boost::serialization::free_loader<boost::archive::binary_iarchive,boost::serialization::nvp<boost::serialization::item_version_type> >::invoke",split_free.hpp,0x140290779
"boost::serialization::free_loader<boost::archive::binary_iarchive,boost::serialization::nvp<int> >::invoke",0.0,0.0,0.0,0.0,5990000,100.0,100.0,0.0,frankycpp_v1.8.exe,"boost::serialization::free_loader<boost::archive::binary_iarchive,boost::serialization::nvp<int> >::invoke",split_free.hpp,0x14028d535
boost::serialization::load,0.0,0.0,0.0,0.0,2995000,0.0,0.0,0.0,frankycpp_v1.8.exe,boost::serialization::load,vector.hpp,0x1402906fa
"boost::serialization::load<class boost::archive::binary_iarchive,class book::BookEntry>",0.0,0.0,0.0,0.0,11980000,100.0,100.0,0.0,frankycpp_v1.8.exe,"boost::serialization::load<class boost::archive::binary_iarchive,class book::BookEntry>(class boost::archive::binary_iarchive &,class boost::serialization::nvp<class book::BookEntry> &,unsigned int)",nvp.hpp,0x14028c520
"boost::serialization::load<class boost::archive::binary_iarchive,class boost::serialization::item_version_type>",0.0,0.0,0.0,0.0,8985000,100.0,100.0,0.0,frankycpp_v1.8.exe,"boost::serialization::load<class boost::archive::binary_iarchive,class boost::serialization::item_version_type>(class boost::archive::binary_iarchive &,class boost::serialization::nvp<class boost::serialization::item_version_type> &,unsigned int)",nvp.hpp,0x140289130
"boost::serialization::load<class boost::archive::binary_iarchive,class std::vector<unsigned __int64,class std::allocator<unsigned __int64> > >",0.0,0.0,0.0,0.0,2995000,0.0,0.0,1.000000,frankycpp_v1.8.exe,"boost::serialization::load<class boost::archive::binary_iarchive,class std::vector<unsigned __int64,class std::allocator<unsigned __int64> > >(class boost::archive::binary_iarchive &,class boost::serialization::nvp<class std::vector<unsigned __int64,class std::allocator<unsigned __int64> > > &,unsigned int)",nvp.hpp,0x14028f260
"boost::serialization::load<class boost::archive::binary_iarchive,int>",0.0,0.0,0.0,0.0,2995000,50.0,50.0,0.0,frankycpp_v1.8.exe,"boost::serialization::load<class boost::archive::binary_iarchive,int>(class boost::archive::binary_iarchive &,class boost::serialization::nvp<int> &,unsigned int)",nvp.hpp,0x14028f300
"boost::serialization::load<class boost::archive::binary_iarchive,struct std::pair<unsigned __int64 const ,class book::BookEntry> >",0.0,0.0,0.0,0.0,2995000,100.0,100.0,0.0,frankycpp_v1.8.exe,"boost::serialization::load<class boost::archive::binary_iarchive,struct std::pair<unsigned __int64 const ,class book::BookEntry> >(class boost::archive::binary_iarchive &,class boost::serialization::nvp<struct std::pair<unsigned __int64 const ,class book::BookEntry> > &,unsigned int)",nvp.hpp,0x140289880
"boost::serialization::load<class boost::archive::binary_iarchive,unsigned __int64,class std::allocator<unsigned __int64> >",0.0,0.0,0.0,0.0,8985000,50.0,50.0,0.333333,frankycpp_v1.8.exe,"boost::serialization::load<class boost::archive::binary_iarchive,unsigned __int64,class std::allocator<unsigned __int64> >(class boost::archive::binary_iarchive &,class std::vector<unsigned __int64,class std::allocator<unsigned __int64> > &,unsigned int,struct boost::mpl::bool_<1>)",vector.hpp,0x140292e10
"boost::serialization::load<class boost::archive::binary_iarchive,unsigned __int64>",0.0,0.0,0.0,0.0,14975000,100.0,100.0,0.200000,frankycpp_v1.8.exe,"boost::serialization::load<class boost::archive::binary_iarchive,unsigned __int64>(class boost::archive::binary_iarchive &,class boost::serialization::nvp<unsigned __int64> &,unsigned int)",nvp.hpp,0x14028c570
"boost::serialization::load<class boost::archive::binary_iarchive,unsigned int>",0.0,0.0,0.0,0.0,5990000,0.0,0.0,0.0,frankycpp_v1.8.exe,"boost::serialization::load<class boost::archive::binary_iarchive,unsigned int>(class boost::archive::binary_iarchive &,class boost::serialization::nvp<unsigned int> &,unsigned int)",nvp.hpp,0x1402944d0
boost::serialization::nvp<boost::serialization::collection_size_type>::{ctor},0.0,0.0,0.0,0.0,0,100.0,100.0,0.0,frankycpp_v1.8.exe,boost::serialization::nvp<boost::serialization::collection_size_type>::{ctor},nvp.hpp,0x140292e4c
boost::serialization::nvp<boost::serialization::item_version_type>::{ctor},0.0,0.0,0.0,0.0,2995000,,,0.0,frankycpp_v1.8.exe,boost::serialization::nvp<boost::serialization::item_version_type>::{ctor},nvp.hpp,0x140290756
"boost::serialization::singleton<class boost::archive::detail::iserializer<class boost::archive::binary_iarchive,class book::BookEntry> >::get_instance",0.0,0.0,0.0,0.0,2995000,100.0,100.0,1.000000,frankycpp_v1.8.exe,"boost::serialization::singleton<class boost::archive::detail::iserializer<class boost::archive::binary_iarchive,class book::BookEntry> >::get_instance(void)",singleton.hpp,0x14028da90
"boost::serialization::singleton<class boost::archive::detail::iserializer<class boost::archive::binary_iarchive,class chess::Move> >::get_instance",0.0,0.0,0.0,0.0,8985000,100.0,100.0,0.0,frankycpp_v1.8.exe,"boost::serialization::singleton<class boost::archive::detail::iserializer<class boost::archive::binary_iarchive,class chess::Move> >::get_instance(void)",singleton.hpp,0x140294d60
"boost::serialization::singleton<class boost::archive::detail::iserializer<class boost::archive::binary_iarchive,class std::vector<class chess::Move,class std::allocator<class chess::Move> > > >::get_instance",0.0,0.0,0.0,0.0,2995000,50.0,50.0,0.0,frankycpp_v1.8.exe,"boost::serialization::singleton<class boost::archive::detail::iserializer<class boost::archive::binary_iarchive,class std::vector<class chess::Move,class std::allocator<class chess::Move> > > >::get_instance(void)",singleton.hpp,0x140290f90
"boost::serialization::smart_cast_reference<boost::archive::binary_iarchive &,boost::archive::detail::basic_iarchive>",0.0,0.0,0.0,0.0,5990000,33.3,33.3,0.0,frankycpp_v1.8.exe,"boost::serialization::smart_cast_reference<boost::archive::binary_iarchive &,boost::archive::detail::basic_iarchive>(class boost::archive::detail::basic_iarchive & const)",smart_cast.hpp,0x140286b30
boost::serialization::state_saver<boost::archive::object_id_type>::{ctor},0.0,0.0,0.0,0.0,5990000,0.0,0.0,0.0,frankycpp_v1.8.exe,boost::serialization::state_saver<boost::archive::object_id_type>::{ctor},state_saver.hpp,0x1402af466
"boost::serialization::stl::collection_load_impl<class boost::archive::binary_iarchive,class std::vector<class chess::Move,class std::allocator<class chess::Move> > >",0.0,0.0,0.0,0.0,17970000,60.0,60.0,0.333333,frankycpp_v1.8.exe,"boost::serialization::stl::collection_load_impl<class boost::archive::binary_iarchive,class std::vector<class chess::Move,class std::allocator<class chess::Move> > >(class boost::archive::binary_iarchive &,class std::vector<class chess::Move,class std::allocator<class chess::Move> > &,class boost::serialization::collection_size_type,class boost::serialization::item_version_type)",collections_load_imp.hpp,0x140292c10
"boost::serialization::stl::load_unordered_collection<class boost::archive::binary_iarchive,class std::unordered_map<unsigned __int64,class book::BookEntry,struct std::hash<unsigned __int64>,struct std::equal_to<unsigned __int64>,class std::allocator<struct std::pair<unsigned __int64 const ,class book::BookEntry> > >,struct boost::serialization::stl::archive_input_unordered_map<class boost::archive::binary_iarchive,class std::unordered_map<unsigned __int64,class book::BookEntry,struct std::hash<unsigned __int64>,struct std::equal_to<unsigned __int64>,class std::allocator<struct std::pair<unsigned __int64 const ,class book::BookEntry> > > > >",0.0,0.0,0.0,0.0,2995000,0.0,0.0,0.0,frankycpp_v1.8.exe,"boost::serialization::stl::load_unordered_collection<class boost::archive::binary_iarchive,class std::unordered_map<unsigned __int64,class book::BookEntry,struct std::hash<unsigned __int64>,struct std::equal_to<unsigned __int64>,class std::allocator<struct std::pair<unsigned __int64 const ,class book::BookEntry> > >,struct boost::serialization::stl::archive_input_unordered_map<class boost::archive::binary_iarchive,class std::unordered_map<unsigned __int64,class book::BookEntry,struct std::hash<unsigned __int64>,struct std::equal_to<unsigned __int64>,class std::allocator<struct std::pair<unsigned __int64 const ,class book::BookEntry> > > > >(class boost::archive::binary_iarchive &,class std::unordered_map<unsigned __int64,class book::BookEntry,struct std::hash<unsigned __int64>,struct std::equal_to<unsigned __int64>,class std::allocator<struct std::pair<unsigned __int64 const ,class book::BookEntry> > > &)",unordered_collections_load_imp.hpp,0x1402878f0
chess::Attacks::detail::sliding_attack,0.0,0.0,0.0,0.0,8985000,0.0,0.0,0.0,frankycpp_v1.8.exe,"chess::Attacks::detail::sliding_attack(class chess::Direction const * const,class chess::Square,class chess::Bitboard)",attacks.cpp,0x14016c6d0
chess::Bitboard::operator bool,0.0,0.0,0.0,0.0,11980000,18.6,18.6,0.250000,frankycpp_v1.8.exe,chess::Bitboard::operator bool,bitboard.h,0x140263c06
chess::Bitboard::operator^=,0.0,0.0,0.0,0.0,5990000,0.0,0.0,0.500000,frankycpp_v1.8.exe,chess::Bitboard::operator^=,bitboard.h,0x14025c93e
chess::Bitboard::popLSB,0.0,0.0,0.0,0.0,2995000,100.0,100.0,4.000000,frankycpp_v1.8.exe,chess::Bitboard::popLSB,bitboard.h,0x1402635e5
chess::Bitboard::popLSB,0.0,0.0,0.0,0.0,2995000,33.3,33.3,1.000000,frankycpp_v1.8.exe,chess::Bitboard::popLSB,bitboard.h,0x140263c40
chess::CastlingRights::isEmpty,0.0,0.0,0.0,0.0,2995000,33.3,33.3,1.000000,frankycpp_v1.8.exe,chess::CastlingRights::isEmpty,castlingrights.h,0x14025bf77
chess::CastlingRights::operator-=,0.0,0.0,0.0,0.0,11980000,60.0,60.0,1.000000,frankycpp_v1.8.exe,chess::CastlingRights::operator-=,castlingrights.h,0x14025bfa6
chess::Color::iterator::{ctor},0.0,0.0,0.0,0.0,5990000,0.0,0.0,0.0,frankycpp_v1.8.exe,chess::Color::iterator::{ctor},color.h,0x14026a35e
chess::Color::{ctor},0.0,0.0,0.0,0.0,2995000,0.0,0.0,2.000000,frankycpp_v1.8.exe,chess::Color::{ctor},color.h,0x140261416
chess::Color::{ctor},0.0,0.0,0.0,0.0,8985000,17.4,17.4,0.333333,frankycpp_v1.8.exe,chess::Color::{ctor},color.h,0x140261439
chess::Direction::operator int,0.0,0.0,0.0,0.0,0,33.3,33.3,0.0,frankycpp_v1.8.exe,chess::Direction::operator int,direction.h,0x140263877
chess::Direction::pawnPush,0.0,0.0,0.0,0.0,2995000,100.0,100.0,0.0,frankycpp_v1.8.exe,chess::Direction::pawnPush,direction.h,0x140263b93
chess::Direction::{ctor},0.0,0.0,0.0,0.0,2995000,100.0,100.0,0.0,frankycpp_v1.8.exe,chess::Direction::{ctor},direction.h,0x140263b00
chess::Move::encode,0.0,0.0,0.0,0.0,2995000,0.0,0.0,2.000000,frankycpp_v1.8.exe,chess::Move::encode,move.h,0x1402636aa
chess::Move::encode,0.0,0.0,0.0,0.0,5990000,25.0,25.0,0.0,frankycpp_v1.8.exe,chess::Move::encode,move.h,0x14026364e
chess::Move::encode,0.0,0.0,0.0,0.0,0,100.0,100.0,,frankycpp_v1.8.exe,chess::Move::encode,move.h,0x140263a54
chess::Move::encode,0.0,0.0,0.0,0.0,5990000,,,0.0,frankycpp_v1.8.exe,chess::Move::encode,move.h,0x14026367d
chess::Move::operator==,0.0,0.0,0.0,0.0,2995000,0.0,0.0,0.0,frankycpp_v1.8.exe,chess::Move::operator==,PVTable.h,0x14022163b
chess::Move::operator==,0.0,0.0,0.0,0.0,0,42.9,42.9,,frankycpp_v1.8.exe,chess::Move::operator==,PVTable.h,0x140220b86
chess::Move::promotionType,0.0,0.0,0.0,0.0,5990000,0.0,0.0,0.0,frankycpp_v1.8.exe,chess::Move::promotionType,move.h,0x14025bffa
chess::Move::to,0.0,0.0,0.0,0.0,14975000,16.7,16.7,0.0,frankycpp_v1.8.exe,chess::Move::to,move.h,0x140220c04
chess::Move::to,0.0,0.0,0.0,0.0,2995000,,,1.000000,frankycpp_v1.8.exe,chess::Move::to,move.h,0x140220bb9
chess::Move::type,0.0,0.0,0.0,0.0,29950000,,,0.0,frankycpp_v1.8.exe,chess::Move::type,move.h,0x140220ae0
chess::Move::{ctor},0.0,0.0,0.0,0.0,5990000,,,2.000000,frankycpp_v1.8.exe,chess::Move::{ctor},move.h,0x140263d03
chess::Move::{ctor},0.0,0.0,0.0,0.0,2995000,40.0,40.0,1.000000,frankycpp_v1.8.exe,chess::Move::{ctor},move.h,0x1401a06b0
chess::MoveGenerator::generatePseudoLegalMoves,0.0,0.0,0.0,0.0,2995000,100.0,100.0,0.0,frankycpp_v1.8.exe,"chess::MoveGenerator::generatePseudoLegalMoves(class chess::Position const &,enum chess::GenMode,bool)",MoveGenerator.cpp,0x140260f10
chess::Position::clearEnPassant,0.0,0.0,0.0,0.0,17970000,42.9,42.9,0.333333,frankycpp_v1.8.exe,chess::Position::clearEnPassant,Position.cpp,0x14025bfc3
chess::Position::getKingSquare,0.0,0.0,0.0,0.0,17970000,58.5,58.5,0.500000,frankycpp_v1.8.exe,chess::Position::getKingSquare,Position.h,0x14026aa96
chess::Position::getNextPlayer,0.0,0.0,0.0,0.0,2995000,25.0,25.0,3.000000,frankycpp_v1.8.exe,chess::Position::getNextPlayer,Position.h,0x1402613f8
chess::Position::getNextPlayer,0.0,0.0,0.0,0.0,2995000,,,1.000000,frankycpp_v1.8.exe,chess::Position::getNextPlayer,Position.h,0x14029eb8c
chess::Position::getNextPlayer,0.0,0.0,0.0,0.0,5990000,26.1,26.1,0.500000,frankycpp_v1.8.exe,chess::Position::getNextPlayer,Position.h,0x14021f5a2
chess::Position::getNextPlayer,0.0,0.0,0.0,0.0,2995000,0.0,0.0,0.0,frankycpp_v1.8.exe,chess::Position::getNextPlayer,Position.h,0x14026335a
chess::Position::getPiece,0.0,0.0,0.0,0.0,5990000,21.1,21.1,0.500000,frankycpp_v1.8.exe,chess::Position::getPiece,Position.h,0x1402613fc
chess::Position::getPiece,0.0,0.0,0.0,0.0,0,100.0,100.0,0.0,frankycpp_v1.8.exe,chess::Position::getPiece,Position.h,0x1402635ef
chess::Position::getPieceBb,0.0,0.0,0.0,0.0,8985000,70.7,70.7,0.666667,frankycpp_v1.8.exe,chess::Position::getPieceBb,Position.h,0x14026aeb1
chess::Position::getPieceBb,0.0,0.0,0.0,0.0,5990000,100.0,100.0,1.000000,frankycpp_v1.8.exe,chess::Position::getPieceBb,Position.h,0x14026ac17
chess::Position::isCapturingMove,0.0,0.0,0.0,0.0,2995000,0.0,0.0,0.0,frankycpp_v1.8.exe,chess::Position::isCapturingMove,Position.h,0x140220bb1
chess::Position::isLegalMove,0.0,0.0,0.0,0.0,50915000,50.5,50.5,0.411765,frankycpp_v1.8.exe,chess::Position::isLegalMove(class chess::Move),Position.cpp,0x14025cb40
chess::Rank::operator int,0.0,0.0,0.0,0.0,8985000,0.0,0.0,0.0,frankycpp_v1.8.exe,chess::Rank::operator int,rank.h,0x14026157c
chess::Rank::operator int,0.0,0.0,0.0,0.0,2995000,0.0,0.0,1.000000,frankycpp_v1.8.exe,chess::Rank::operator int,rank.h,0x14026163a
chess::Square::file,0.0,0.0,0.0,0.0,8985000,13.4,13.4,0.333333,frankycpp_v1.8.exe,chess::Square::file,square.h,0x14026b84b
chess::Square::file,0.0,0.0,0.0,0.0,0,100.0,100.0,0.0,frankycpp_v1.8.exe,chess::Square::file,square.h,0x14025c473
chess::Square::operator int,0.0,0.0,0.0,0.0,2995000,0.0,0.0,0.0,frankycpp_v1.8.exe,chess::Square::operator int,square.h,0x14025ca82
chess::StaticMoveList<128>::pop_back,0.0,0.0,0.0,0.0,2995000,0.0,0.0,0.0,frankycpp_v1.8.exe,chess::StaticMoveList<128>::pop_back,staticmovelist.h,0x14021f2ac
chess::StaticMoveList<256>::end,0.0,0.0,0.0,0.0,2995000,0.0,0.0,0.0,frankycpp_v1.8.exe,chess::StaticMoveList<256>::end,staticmovelist.h,0x14026134b
chess::StaticMoveList<256>::push_back,0.0,0.0,0.0,0.0,8985000,14.3,14.3,0.666667,frankycpp_v1.8.exe,chess::StaticMoveList<256>::push_back,staticmovelist.h,0x140263694
chess::StaticMoveList<256>::push_back,0.0,0.0,0.0,0.0,2995000,0.0,0.0,1.000000,frankycpp_v1.8.exe,chess::StaticMoveList<256>::push_back,staticmovelist.h,0x140263bb7
chess::StaticMoveList<256>::push_back,0.0,0.0,0.0,0.0,2995000,0.0,0.0,0.0,frankycpp_v1.8.exe,chess::StaticMoveList<256>::push_back,staticmovelist.h,0x1402610f0
chess::StaticMoveList<256>::push_back,0.0,0.0,0.0,0.0,11980000,,,0.250000,frankycpp_v1.8.exe,chess::StaticMoveList<256>::push_back,staticmovelist.h,0x14026360f
chess::StaticMoveList<256>::push_back,0.0,0.0,0.0,0.0,2995000,25.0,25.0,1.000000,frankycpp_v1.8.exe,chess::StaticMoveList<256>::push_back,staticmovelist.h,0x140264413
chess::StaticMoveList<256>::push_back,0.0,0.0,0.0,0.0,2995000,51.9,51.9,1.000000,frankycpp_v1.8.exe,chess::StaticMoveList<256>::push_back,staticmovelist.h,0x140264443
chess::StaticMoveList<256>::push_back,0.0,0.0,0.0,0.0,5990000,16.7,16.7,0.500000,frankycpp_v1.8.exe,chess::StaticMoveList<256>::push_back,staticmovelist.h,0x140263a58
chess::StaticMoveList<256>::push_back,0.0,0.0,0.0,0.0,2995000,66.7,66.7,1.000000,frankycpp_v1.8.exe,chess::StaticMoveList<256>::push_back,staticmovelist.h,0x140263a88
chess::Value::{ctor},0.0,0.0,0.0,0.0,17970000,31.0,31.0,0.666667,frankycpp_v1.8.exe,chess::Value::{ctor},value.h,0x14021fc20
chess::makePiece,0.0,0.0,0.0,0.0,2995000,,,2.000000,frankycpp_v1.8.exe,chess::makePiece,piece.h,0x14025bfeb
chess::moveValueGreaterComparator::operator(),0.0,0.0,0.0,0.0,0,100.0,100.0,0.0,frankycpp_v1.8.exe,chess::moveValueGreaterComparator::operator(),move.h,0x14023a8f9
chess::moveValueGreaterComparator::operator(),0.0,0.0,0.0,0.0,0,100.0,100.0,0.0,frankycpp_v1.8.exe,chess::moveValueGreaterComparator::operator(),move.h,0x14026548e
chess::moveValueGreaterComparator::operator(),0.0,0.0,0.0,0.0,2995000,,,1.000000,frankycpp_v1.8.exe,chess::moveValueGreaterComparator::operator(),move.h,0x140264754
chess::operator&,0.0,0.0,0.0,0.0,8985000,9.1,9.1,0.0,frankycpp_v1.8.exe,chess::operator&,bitboard.h,0x14026429a
chess::operator&,0.0,0.0,0.0,0.0,38935000,35.2,35.2,0.461538,frankycpp_v1.8.exe,chess::operator&,bitboard.h,0x14026a83f
chess::operator&,0.0,0.0,0.0,0.0,5990000,5.7,5.7,1.000000,frankycpp_v1.8.exe,chess::operator&,bitboard.h,0x14029effb
chess::operator&,0.0,0.0,0.0,0.0,5990000,75.0,75.0,0.0,frankycpp_v1.8.exe,chess::operator&,bitboard.h,0x1402643eb
chess::operator&,0.0,0.0,0.0,0.0,23960000,22.2,22.2,0.250000,frankycpp_v1.8.exe,chess::operator&,bitboard.h,0x14026a497
chess::operator&,0.0,0.0,0.0,0.0,11980000,,,0.250000,frankycpp_v1.8.exe,chess::operator&,bitboard.h,0x14029ef50
chess::operator&,0.0,0.0,0.0,0.0,5990000,,,0.500000,frankycpp_v1.8.exe,chess::operator&,bitboard.h,0x140264434
chess::operator&,0.0,0.0,0.0,0.0,2995000,0.0,0.0,0.0,frankycpp_v1.8.exe,chess::operator&,bitboard.h,0x14016c8d6
chess::operator&,0.0,0.0,0.0,0.0,8985000,,,0.333333,frankycpp_v1.8.exe,chess::operator&,bitboard.h,0x14026a5fe
chess::operator&,0.0,0.0,0.0,0.0,8985000,100.0,100.0,0.333333,frankycpp_v1.8.exe,chess::operator&,bitboard.h,0x140264463
chess::operator&,0.0,0.0,0.0,0.0,14975000,,,0.0,frankycpp_v1.8.exe,chess::operator&,bitboard.h,0x140220bc0
chess::operator&,0.0,0.0,0.0,0.0,5990000,0.0,0.0,0.0,frankycpp_v1.8.exe,chess::operator&,bitboard.h,0x14025c765
chess::operator&,0.0,0.0,0.0,0.0,2995000,0.0,0.0,0.0,frankycpp_v1.8.exe,chess::operator&,bitboard.h,0x14026392f
chess::operator+,0.0,0.0,0.0,0.0,2995000,,,0.0,frankycpp_v1.8.exe,chess::operator+,direction.h,0x14025c663
chess::operator+,0.0,0.0,0.0,0.0,5990000,,,0.0,frankycpp_v1.8.exe,chess::operator+,direction.h,0x140261626
chess::operator+,0.0,0.0,0.0,0.0,5990000,100.0,100.0,1.500000,frankycpp_v1.8.exe,chess::operator+,value.h,0x14021f554
chess::operator+,0.0,0.0,0.0,0.0,5990000,0.0,0.0,1.000000,frankycpp_v1.8.exe,chess::operator+,depth.h,0x140221535
chess::operator+,0.0,0.0,0.0,0.0,2995000,,,1.000000,frankycpp_v1.8.exe,chess::operator+,direction.h,0x140263d17
chess::operator+,0.0,0.0,0.0,0.0,2995000,0.0,0.0,2.000000,frankycpp_v1.8.exe,chess::operator+,value.h,0x140221994
chess::operator+,0.0,0.0,0.0,0.0,5990000,,,0.0,frankycpp_v1.8.exe,chess::operator+,depth.h,0x14021fe94
chess::operator+,0.0,0.0,0.0,0.0,2995000,33.3,33.3,0.0,frankycpp_v1.8.exe,chess::operator+,direction.h,0x14026162f
chess::operator++,0.0,0.0,0.0,0.0,5990000,0.0,0.0,0.0,frankycpp_v1.8.exe,chess::operator++,depth.h,0x14021fe5b
chess::operator+=,0.0,0.0,0.0,0.0,11980000,57.1,57.1,0.750000,frankycpp_v1.8.exe,chess::operator+=,value.h,0x14026a688
chess::operator+=,0.0,0.0,0.0,0.0,2995000,0.0,0.0,0.0,frankycpp_v1.8.exe,chess::operator+=,direction.h,0x14016c73a
chess::operator+=,0.0,0.0,0.0,0.0,0,25.0,25.0,,frankycpp_v1.8.exe,chess::operator+=,value.h,0x14026a727
chess::operator-,0.0,0.0,0.0,0.0,5990000,42.9,42.9,0.0,frankycpp_v1.8.exe,chess::operator-,value.h,0x14021fef2
chess::operator-,0.0,0.0,0.0,0.0,2995000,18.6,18.6,8.000000,frankycpp_v1.8.exe,chess::operator-,value.h,0x14021fc37
chess::operator-,0.0,0.0,0.0,0.0,2995000,25.0,25.0,1.000000,frankycpp_v1.8.exe,chess::operator-,direction.h,0x1402635fb
chess::operator-,0.0,0.0,0.0,0.0,11980000,,,1.500000,frankycpp_v1.8.exe,chess::operator-,value.h,0x14026330c
chess::operator-,0.0,0.0,0.0,0.0,5990000,33.3,33.3,0.0,frankycpp_v1.8.exe,chess::operator-,value.h,0x140264058
chess::operator-,0.0,0.0,0.0,0.0,5990000,25.0,25.0,0.0,frankycpp_v1.8.exe,chess::operator-,value.h,0x1402209b2
chess::operator-,0.0,0.0,0.0,0.0,2995000,,,2.000000,frankycpp_v1.8.exe,chess::operator-,value.h,0x14021f1ce
chess::operator-,0.0,0.0,0.0,0.0,2995000,0.0,0.0,0.0,frankycpp_v1.8.exe,chess::operator-,depth.h,0x14021f261
chess::operator-,0.0,0.0,0.0,0.0,2995000,0.0,0.0,0.0,frankycpp_v1.8.exe,chess::operator-,value.h,0x14021f2a4
chess::operator-=,0.0,0.0,0.0,0.0,14975000,28.6,28.6,0.400000,frankycpp_v1.8.exe,chess::operator-=,depth.h,0x1402206e4
chess::operator-=,0.0,0.0,0.0,0.0,0,100.0,100.0,,frankycpp_v1.8.exe,chess::operator-=,depth.h,0x140220634
chess::operator==,0.0,0.0,0.0,0.0,0,50.0,50.0,0.0,frankycpp_v1.8.exe,chess::operator==,castlingrights.h,0x1402643e5
chess::operator>,0.0,0.0,0.0,0.0,11980000,20.0,20.0,0.500000,frankycpp_v1.8.exe,chess::operator>,value.h,0x14021fca9
chess::operator>=,0.0,0.0,0.0,0.0,0,25.0,25.0,,frankycpp_v1.8.exe,chess::operator>=,value.h,0x140220253
chess::operator~,0.0,0.0,0.0,0.0,14975000,,,0.0,frankycpp_v1.8.exe,chess::operator~,color.h,0x14029ef58
chess::operator~,0.0,0.0,0.0,0.0,2995000,40.1,40.1,1.000000,frankycpp_v1.8.exe,chess::operator~,color.h,0x140264167
chess::typeOf,0.0,0.0,0.0,0.0,2995000,,,0.0,frankycpp_v1.8.exe,chess::typeOf,piece.h,0x1402635f5
chess::typeOf,0.0,0.0,0.0,0.0,38935000,15.6,15.6,1.076923,frankycpp_v1.8.exe,chess::typeOf,piece.h,0x140261449
engine::PawnTT::Entry::{ctor},0.0,0.0,0.0,0.0,2995000,7.7,7.7,2.000000,frankycpp_v1.8.exe,engine::PawnTT::Entry::{ctor},PawnTT.h,0x140267b90
engine::PawnTT::getHash,0.0,0.0,0.0,0.0,2995000,25.0,25.0,5.000000,frankycpp_v1.8.exe,engine::PawnTT::getHash,PawnTT.h,0x14026a6f2
engine::Search::extractPvWithTT,0.0,0.0,0.0,0.0,2995000,,,0.0,frankycpp_v1.8.exe,engine::Search::extractPvWithTT(class chess::Position &),Search.cpp,0x14022ba80
engine::Search::rootSearch,0.0,0.0,0.0,0.0,5990000,,,0.500000,frankycpp_v1.8.exe,"engine::Search::rootSearch(class chess::Position &,enum chess::Depth,class chess::Value,class chess::Value,int)",Search.cpp,0x14021f060
engine::Search::thread,0.0,0.0,0.0,0.0,8985000,0.0,0.0,0.333333,frankycpp_v1.8.exe,engine::Search::thread,Search.h,0x14021f5dc
engine::Search::thread,0.0,0.0,0.0,0.0,0,100.0,100.0,0.0,frankycpp_v1.8.exe,engine::Search::thread,Search.h,0x1402212f8
engine::Search::thread,0.0,0.0,0.0,0.0,11980000,,,0.0,frankycpp_v1.8.exe,engine::Search::thread,Search.h,0x14021fa8d
engine::Search::thread,0.0,0.0,0.0,0.0,14975000,100.0,100.0,0.0,frankycpp_v1.8.exe,engine::Search::thread,Search.h,0x140220caa
engine::SearchThreadData::lmr_reduction_log,0.0,0.0,0.0,0.0,8985000,83.3,83.3,0.0,frankycpp_v1.8.exe,engine::SearchThreadData::lmr_reduction_log,SearchThreadData.h,0x140216626
engine::TT::resize,0.0,0.0,0.0,0.0,11980000,33.3,33.3,0.0,frankycpp_v1.8.exe,engine::TT::resize(unsigned __int64),TT.cpp,0x14026cd00
fileno,0.0,0.0,0.0,0.0,2995000,0.0,0.0,1.000000,ucrtbase.dll,fileno,[Unknown],0x180012da0
func@0x140002b5e,0.0,0.0,0.0,0.0,5990000,16.7,16.7,0.0,wpprecorder.sys,func@0x140002b5e,[Unknown],0x140002b5e
func@0x140004f80,0.0,0.0,0.0,0.0,2995000,50.0,50.0,0.0,wpprecorder.sys,func@0x140004f80,[Unknown],0x140004f80
func@0x14000b120,0.0,0.0,0.0,0.0,2995000,0.0,0.0,1.000000,netio.sys,func@0x14000b120,[Unknown],0x14000b120
func@0x140015ce0,0.0,0.0,0.0,0.0,2995000,0.0,0.0,0.0,dxgkrnl.sys,func@0x140015ce0,[Unknown],0x140015ce0
func@0x14001672d,0.0,0.0,0.0,0.0,0,25.0,25.0,,wdf01000.sys,func@0x14001672d,[Unknown],0x14001672d
func@0x14001d38f,0.0,0.0,0.0,0.0,2995000,0.0,0.0,0.0,nvlddmkm.sys,func@0x14001d38f,[Unknown],0x14001d38f
func@0x140027040,0.0,0.0,0.0,0.0,0,14.3,14.3,,usbxhci.sys,func@0x140027040,[Unknown],0x140027040
func@0x14002f120,0.0,0.0,0.0,0.0,2995000,0.0,0.0,0.0,dxgkrnl.sys,func@0x14002f120,[Unknown],0x14002f120
func@0x14009e620,0.0,0.0,0.0,0.0,0,100.0,100.0,0.0,nvlddmkm.sys,func@0x14009e620,[Unknown],0x14009e620
func@0x1400de5f0,0.0,0.0,0.0,0.0,2995000,0.0,0.0,0.0,nvlddmkm.sys,func@0x1400de5f0,[Unknown],0x1400de5f0
func@0x1400f9dc0,0.0,0.0,0.0,0.0,2995000,25.0,25.0,5.000000,nvlddmkm.sys,func@0x1400f9dc0,[Unknown],0x1400f9dc0
func@0x140103210,0.0,0.0,0.0,0.0,2995000,0.0,0.0,0.0,nvlddmkm.sys,func@0x140103210,[Unknown],0x140103210
func@0x140122fc0,0.0,0.0,0.0,0.0,2995000,,,1.000000,nvlddmkm.sys,func@0x140122fc0,[Unknown],0x140122fc0
func@0x140136c97,0.0,0.0,0.0,0.0,2995000,0.0,0.0,0.0,ntfs.sys,func@0x140136c97,[Unknown],0x140136c97
func@0x14017bd80,0.0,0.0,0.0,0.0,0,100.0,100.0,,nvlddmkm.sys,func@0x14017bd80,[Unknown],0x14017bd80
func@0x140202640,0.0,0.0,0.0,0.0,2995000,,,0.0,ntoskrnl.exe,func@0x140202640,[Unknown],0x140202640
func@0x140205180,0.0,0.0,0.0,0.0,2995000,0.0,0.0,1.000000,ntoskrnl.exe,func@0x140205180,[Unknown],0x140205180
func@0x140206480,0.0,0.0,0.0,0.0,0,100.0,100.0,0.0,ntoskrnl.exe,func@0x140206480,[Unknown],0x140206480
func@0x140206940,0.0,0.0,0.0,0.0,0,100.0,100.0,0.0,ntoskrnl.exe,func@0x140206940,[Unknown],0x140206940
func@0x140213020,0.0,0.0,0.0,0.0,2995000,100.0,100.0,0.0,ntoskrnl.exe,func@0x140213020,[Unknown],0x140213020
func@0x1402176a0,0.0,0.0,0.0,0.0,2995000,0.0,0.0,0.0,ntoskrnl.exe,func@0x1402176a0,[Unknown],0x1402176a0
func@0x14021d340,0.0,0.0,0.0,0.0,5990000,0.0,0.0,1.500000,ntoskrnl.exe,func@0x14021d340,[Unknown],0x14021d340
func@0x1402227ca,0.0,0.0,0.0,0.0,0,22.2,22.2,,ntoskrnl.exe,func@0x1402227ca,[Unknown],0x1402227ca
func@0x1402238b0,0.0,0.0,0.0,0.0,8985000,0.0,0.0,0.666667,ntoskrnl.exe,func@0x1402238b0,[Unknown],0x1402238b0
func@0x140231af0,0.0,0.0,0.0,0.0,2995000,33.3,33.3,4.000000,ntoskrnl.exe,func@0x140231af0,[Unknown],0x140231af0
func@0x14023f8c0,0.0,0.0,0.0,0.0,2995000,0.0,0.0,0.0,ntoskrnl.exe,func@0x14023f8c0,[Unknown],0x14023f8c0
func@0x140243620,0.0,0.0,0.0,0.0,2995000,100.0,100.0,0.0,ntoskrnl.exe,func@0x140243620,[Unknown],0x140243620
func@0x140244835,0.0,0.0,0.0,0.0,2995000,0.0,0.0,0.0,ntoskrnl.exe,func@0x140244835,[Unknown],0x140244835
func@0x14024c650,0.0,0.0,0.0,0.0,2995000,0.0,0.0,0.0,ntoskrnl.exe,func@0x14024c650,[Unknown],0x14024c650
func@0x14024d770,0.0,0.0,0.0,0.0,0,50.0,50.0,0.0,ntoskrnl.exe,func@0x14024d770,[Unknown],0x14024d770
func@0x140256040,0.0,0.0,0.0,0.0,2995000,0.0,0.0,0.0,ntoskrnl.exe,func@0x140256040,[Unknown],0x140256040
func@0x1402578c0,0.0,0.0,0.0,0.0,0,40.0,40.0,0.0,ntoskrnl.exe,func@0x1402578c0,[Unknown],0x1402578c0
func@0x1402585aa,0.0,0.0,0.0,0.0,2995000,50.0,50.0,0.0,ntoskrnl.exe,func@0x1402585aa,[Unknown],0x1402585aa
func@0x14025b0c0,0.0,0.0,0.0,0.0,2995000,0.0,0.0,0.0,nvlddmkm.sys,func@0x14025b0c0,[Unknown],0x14025b0c0
func@0x14025ded0,0.0,0.0,0.0,0.0,0,25.0,25.0,,ntoskrnl.exe,func@0x14025ded0,[Unknown],0x14025ded0
func@0x14025f8ab,0.0,0.0,0.0,0.0,2995000,0.0,0.0,0.0,ntoskrnl.exe,func@0x14025f8ab,[Unknown],0x14025f8ab
func@0x140263b1c,0.0,0.0,0.0,0.0,0,100.0,100.0,0.0,ntoskrnl.exe,func@0x140263b1c,[Unknown],0x140263b1c
func@0x14026efa0,0.0,0.0,0.0,0.0,2995000,0.0,0.0,0.0,ntoskrnl.exe,func@0x14026efa0,[Unknown],0x14026efa0
func@0x140270b10,0.0,0.0,0.0,0.0,2995000,0.0,0.0,0.0,ntoskrnl.exe,func@0x140270b10,[Unknown],0x140270b10
func@0x140273680,0.0,0.0,0.0,0.0,0,100.0,100.0,0.0,ntoskrnl.exe,func@0x140273680,[Unknown],0x140273680
func@0x140276ff0,0.0,0.0,0.0,0.0,2995000,0.0,0.0,0.0,ntoskrnl.exe,func@0x140276ff0,[Unknown],0x140276ff0
func@0x140279b30,0.0,0.0,0.0,0.0,2995000,33.3,33.3,1.000000,nvlddmkm.sys,func@0x140279b30,[Unknown],0x140279b30
func@0x14028d660,0.0,0.0,0.0,0.0,0,100.0,100.0,0.0,ntoskrnl.exe,func@0x14028d660,[Unknown],0x14028d660
func@0x140290153,0.0,0.0,0.0,0.0,2995000,0.0,0.0,0.0,ntoskrnl.exe,func@0x140290153,[Unknown],0x140290153
func@0x140294430,0.0,0.0,0.0,0.0,2995000,0.0,0.0,2.000000,ntoskrnl.exe,func@0x140294430,[Unknown],0x140294430
func@0x1402960f0,0.0,0.0,0.0,0.0,2995000,0.0,0.0,0.0,ntoskrnl.exe,func@0x1402960f0,[Unknown],0x1402960f0
func@0x14029839c,0.0,0.0,0.0,0.0,2995000,0.0,0.0,1.000000,ntoskrnl.exe,func@0x14029839c,[Unknown],0x14029839c
func@0x140298bcd,0.0,0.0,0.0,0.0,2995000,0.0,0.0,0.0,ntoskrnl.exe,func@0x140298bcd,[Unknown],0x140298bcd
func@0x14029b580,0.0,0.0,0.0,0.0,8985000,,,0.333333,ntoskrnl.exe,func@0x14029b580,[Unknown],0x14029b580
func@0x14029b980,0.0,0.0,0.0,0.0,2995000,50.0,50.0,0.0,ntoskrnl.exe,func@0x14029b980,[Unknown],0x14029b980
func@0x14029c48c,0.0,0.0,0.0,0.0,17970000,33.3,33.3,0.166667,ntoskrnl.exe,func@0x14029c48c,[Unknown],0x14029c48c
func@0x14029c7cc,0.0,0.0,0.0,0.0,8985000,52.2,52.2,0.333333,ntoskrnl.exe,func@0x14029c7cc,[Unknown],0x14029c7cc
func@0x14029cf20,0.0,0.0,0.0,0.0,0,7.3,7.3,,ntoskrnl.exe,func@0x14029cf20,[Unknown],0x14029cf20
func@0x14029d1e0,0.0,0.0,0.0,0.0,2995000,35.7,35.7,2.000000,ntoskrnl.exe,func@0x14029d1e0,[Unknown],0x14029d1e0
func@0x1402b2840,0.0,0.0,0.0,0.0,14975000,33.3,33.3,0.600000,ntoskrnl.exe,func@0x1402b2840,[Unknown],0x1402b2840
func@0x1402b3a60,0.0,0.0,0.0,0.0,11980000,75.0,75.0,0.250000,ntoskrnl.exe,func@0x1402b3a60,[Unknown],0x1402b3a60
func@0x1402b4ee0,0.0,0.0,0.0,0.0,5990000,33.3,33.3,0.0,ntoskrnl.exe,func@0x1402b4ee0,[Unknown],0x1402b4ee0
func@0x1402b8930,0.0,0.0,0.0,0.0,2995000,0.0,0.0,0.0,ntoskrnl.exe,func@0x1402b8930,[Unknown],0x1402b8930
func@0x1402b90d0,0.0,0.0,0.0,0.0,2995000,0.0,0.0,0.0,ntoskrnl.exe,func@0x1402b90d0,[Unknown],0x1402b90d0
func@0x1402b9b70,0.0,0.0,0.0,0.0,11980000,25.0,25.0,0.250000,ntoskrnl.exe,func@0x1402b9b70,[Unknown],0x1402b9b70
func@0x1402b9d50,0.0,0.0,0.0,0.0,5990000,0.0,0.0,0.0,ntoskrnl.exe,func@0x1402b9d50,[Unknown],0x1402b9d50
func@0x1402bd240,0.0,0.0,0.0,0.0,2995000,0.0,0.0,0.0,ntoskrnl.exe,func@0x1402bd240,[Unknown],0x1402bd240
func@0x1402bd680,0.0,0.0,0.0,0.0,2995000,100.0,100.0,0.0,ntoskrnl.exe,func@0x1402bd680,[Unknown],0x1402bd680
func@0x1402c6b15,0.0,0.0,0.0,0.0,2995000,0.0,0.0,0.0,ntoskrnl.exe,func@0x1402c6b15,[Unknown],0x1402c6b15
func@0x1402c6e30,0.0,0.0,0.0,0.0,5990000,40.0,40.0,1.000000,ntoskrnl.exe,func@0x1402c6e30,[Unknown],0x1402c6e30
func@0x1402cd910,0.0,0.0,0.0,0.0,2995000,0.0,0.0,0.0,ntoskrnl.exe,func@0x1402cd910,[Unknown],0x1402cd910
func@0x1402d5d60,0.0,0.0,0.0,0.0,0,100.0,100.0,,ntoskrnl.exe,func@0x1402d5d60,[Unknown],0x1402d5d60
func@0x1402d6520,0.0,0.0,0.0,0.0,2995000,25.0,25.0,1.000000,ntoskrnl.exe,func@0x1402d6520,[Unknown],0x1402d6520
func@0x1402d6cc0,0.0,0.0,0.0,0.0,2995000,0.0,0.0,1.000000,ntoskrnl.exe,func@0x1402d6cc0,[Unknown],0x1402d6cc0
func@0x1402d7ba7,0.0,0.0,0.0,0.0,2995000,0.0,0.0,1.000000,ntoskrnl.exe,func@0x1402d7ba7,[Unknown],0x1402d7ba7
func@0x1402d7e5c,0.0,0.0,0.0,0.0,2995000,0.0,0.0,0.0,ntoskrnl.exe,func@0x1402d7e5c,[Unknown],0x1402d7e5c
func@0x1402d81b0,0.0,0.0,0.0,0.0,5990000,50.0,50.0,0.0,ntoskrnl.exe,func@0x1402d81b0,[Unknown],0x1402d81b0
func@0x1402d95c7,0.0,0.0,0.0,0.0,2995000,0.0,0.0,0.0,ntoskrnl.exe,func@0x1402d95c7,[Unknown],0x1402d95c7
func@0x1402d9b80,0.0,0.0,0.0,0.0,2995000,0.0,0.0,0.0,ntoskrnl.exe,func@0x1402d9b80,[Unknown],0x1402d9b80
func@0x1402e6740,0.0,0.0,0.0,0.0,2995000,42.9,42.9,0.0,ntoskrnl.exe,func@0x1402e6740,[Unknown],0x1402e6740
func@0x1402ebfd0,0.0,0.0,0.0,0.0,14975000,14.3,14.3,0.200000,ntoskrnl.exe,func@0x1402ebfd0,[Unknown],0x1402ebfd0
func@0x1402f1180,0.0,0.0,0.0,0.0,2995000,0.0,0.0,0.0,ntoskrnl.exe,func@0x1402f1180,[Unknown],0x1402f1180
func@0x1402f1231,0.0,0.0,0.0,0.0,0,100.0,100.0,,ntoskrnl.exe,func@0x1402f1231,[Unknown],0x1402f1231
func@0x1402f3230,0.0,0.0,0.0,0.0,2995000,0.0,0.0,1.000000,ntoskrnl.exe,func@0x1402f3230,[Unknown],0x1402f3230
func@0x140301510,0.0,0.0,0.0,0.0,2995000,0.0,0.0,0.0,ntoskrnl.exe,func@0x140301510,[Unknown],0x140301510
func@0x140309300,0.0,0.0,0.0,0.0,5990000,0.0,0.0,0.500000,nvlddmkm.sys,func@0x140309300,[Unknown],0x140309300
func@0x140309a10,0.0,0.0,0.0,0.0,2995000,0.0,0.0,0.0,nvlddmkm.sys,func@0x140309a10,[Unknown],0x140309a10
func@0x14030ef30,0.0,0.0,0.0,0.0,0,100.0,100.0,0.0,nvlddmkm.sys,func@0x14030ef30,[Unknown],0x14030ef30
func@0x14031b330,0.0,0.0,0.0,0.0,2995000,0.0,0.0,0.0,ntoskrnl.exe,func@0x14031b330,[Unknown],0x14031b330
func@0x14031c140,0.0,0.0,0.0,0.0,5990000,50.0,50.0,0.500000,ntoskrnl.exe,func@0x14031c140,[Unknown],0x14031c140
func@0x14031de54,0.0,0.0,0.0,0.0,2995000,0.0,0.0,0.0,ntoskrnl.exe,func@0x14031de54,[Unknown],0x14031de54
func@0x14033c2e4,0.0,0.0,0.0,0.0,8985000,14.3,14.3,0.0,ntoskrnl.exe,func@0x14033c2e4,[Unknown],0x14033c2e4
func@0x14033d4e0,0.0,0.0,0.0,0.0,2995000,0.0,0.0,1.000000,ntoskrnl.exe,func@0x14033d4e0,[Unknown],0x14033d4e0
func@0x14033d5c0,0.0,0.0,0.0,0.0,5990000,50.0,50.0,0.0,ntoskrnl.exe,func@0x14033d5c0,[Unknown],0x14033d5c0
func@0x14033e6c0,0.0,0.0,0.0,0.0,2995000,0.0,0.0,0.0,ntoskrnl.exe,func@0x14033e6c0,[Unknown],0x14033e6c0
func@0x14033e830,0.0,0.0,0.0,0.0,0,100.0,100.0,,ntoskrnl.exe,func@0x14033e830,[Unknown],0x14033e830
func@0x14033eb20,0.0,0.0,0.0,0.0,2995000,100.0,100.0,0.0,ntoskrnl.exe,func@0x14033eb20,[Unknown],0x14033eb20
func@0x140345300,0.0,0.0,0.0,0.0,2995000,0.0,0.0,0.0,ntoskrnl.exe,func@0x140345300,[Unknown],0x140345300
func@0x1403b3250,0.0,0.0,0.0,0.0,2995000,0.0,0.0,0.0,ntoskrnl.exe,func@0x1403b3250,[Unknown],0x1403b3250
func@0x1403b4010,0.0,0.0,0.0,0.0,2995000,0.0,0.0,0.0,ntoskrnl.exe,func@0x1403b4010,[Unknown],0x1403b4010
func@0x1403b4ef8,0.0,0.0,0.0,0.0,2995000,0.0,0.0,0.0,ntoskrnl.exe,func@0x1403b4ef8,[Unknown],0x1403b4ef8
func@0x1403b5b08,0.0,0.0,0.0,0.0,2995000,0.0,0.0,1.000000,ntoskrnl.exe,func@0x1403b5b08,[Unknown],0x1403b5b08
func@0x1403c7b1e,0.0,0.0,0.0,0.0,2995000,0.0,0.0,0.0,ntoskrnl.exe,func@0x1403c7b1e,[Unknown],0x1403c7b1e
func@0x1403df260,0.0,0.0,0.0,0.0,2995000,0.0,0.0,3.000000,ntoskrnl.exe,func@0x1403df260,[Unknown],0x1403df260
func@0x1403ea474,0.0,0.0,0.0,0.0,0,11.1,11.1,0.0,ntoskrnl.exe,func@0x1403ea474,[Unknown],0x1403ea474
func@0x140401000,0.0,0.0,0.0,0.0,2995000,0.0,0.0,0.0,ntoskrnl.exe,func@0x140401000,[Unknown],0x140401000
func@0x140421538,0.0,0.0,0.0,0.0,0,14.8,14.8,,ntoskrnl.exe,func@0x140421538,[Unknown],0x140421538
func@0x140425a67,0.0,0.0,0.0,0.0,2995000,0.0,0.0,0.0,ntoskrnl.exe,func@0x140425a67,[Unknown],0x140425a67
func@0x140437dc0,0.0,0.0,0.0,0.0,2995000,0.0,0.0,1.000000,ntoskrnl.exe,func@0x140437dc0,[Unknown],0x140437dc0
func@0x140438770,0.0,0.0,0.0,0.0,2995000,33.3,33.3,1.000000,ntoskrnl.exe,func@0x140438770,[Unknown],0x140438770
func@0x14044473c,0.0,0.0,0.0,0.0,2995000,0.0,0.0,0.0,ntoskrnl.exe,func@0x14044473c,[Unknown],0x14044473c
func@0x14047ac54,0.0,0.0,0.0,0.0,0,100.0,100.0,0.0,ntoskrnl.exe,func@0x14047ac54,[Unknown],0x14047ac54
func@0x1404e49e0,0.0,0.0,0.0,0.0,0,100.0,100.0,0.0,ntoskrnl.exe,func@0x1404e49e0,[Unknown],0x1404e49e0
func@0x1404e78e0,0.0,0.0,0.0,0.0,2995000,0.0,0.0,0.0,ntoskrnl.exe,func@0x1404e78e0,[Unknown],0x1404e78e0
func@0x1404e9a08,0.0,0.0,0.0,0.0,2995000,0.0,0.0,1.000000,ntoskrnl.exe,func@0x1404e9a08,[Unknown],0x1404e9a08
func@0x1404f0c20,0.0,0.0,0.0,0.0,5990000,50.0,50.0,0.0,ntoskrnl.exe,func@0x1404f0c20,[Unknown],0x1404f0c20
func@0x1405e281c,0.0,0.0,0.0,0.0,2995000,0.0,0.0,2.000000,ntoskrnl.exe,func@0x1405e281c,[Unknown],0x1405e281c
func@0x1406b0760,0.0,0.0,0.0,0.0,0,14.8,14.8,,ntoskrnl.exe,func@0x1406b0760,[Unknown],0x1406b0760
func@0x1406d6b2b,0.0,0.0,0.0,0.0,2995000,0.0,0.0,0.0,ntoskrnl.exe,func@0x1406d6b2b,[Unknown],0x1406d6b2b
func@0x14086a116,0.0,0.0,0.0,0.0,2995000,0.0,0.0,0.0,ntoskrnl.exe,func@0x14086a116,[Unknown],0x14086a116
func@0x1408d93e0,0.0,0.0,0.0,0.0,2995000,0.0,0.0,1.000000,ntoskrnl.exe,func@0x1408d93e0,[Unknown],0x1408d93e0
func@0x1408dce90,0.0,0.0,0.0,0.0,5990000,0.0,0.0,0.0,ntoskrnl.exe,func@0x1408dce90,[Unknown],0x1408dce90
func@0x140b2927e,0.0,0.0,0.0,0.0,2995000,0.0,0.0,0.0,ntoskrnl.exe,func@0x140b2927e,[Unknown],0x140b2927e
func@0x140c75580,0.0,0.0,0.0,0.0,2995000,0.0,0.0,0.0,nvlddmkm.sys,func@0x140c75580,[Unknown],0x140c75580
func@0x140d01e7f,0.0,0.0,0.0,0.0,2995000,0.0,0.0,1.000000,nvlddmkm.sys,func@0x140d01e7f,[Unknown],0x140d01e7f
func@0x18000b710,0.0,0.0,0.0,0.0,2995000,0.0,0.0,1.000000,ntdll.dll,func@0x18000b710,[Unknown],0x18000b710
func@0x18000e4e0,0.0,0.0,0.0,0.0,2995000,0.0,0.0,0.0,fltmgr.sys,func@0x18000e4e0,[Unknown],0x18000e4e0
func@0x18003d4f0,0.0,0.0,0.0,0.0,8985000,0.0,0.0,0.666667,ntdll.dll,func@0x18003d4f0,[Unknown],0x18003d4f0
func@0x18003e4f0,0.0,0.0,0.0,0.0,2995000,0.0,0.0,0.0,ntdll.dll,func@0x18003e4f0,[Unknown],0x18003e4f0
func@0x18003e7f4,0.0,0.0,0.0,0.0,2995000,0.0,0.0,0.0,ntdll.dll,func@0x18003e7f4,[Unknown],0x18003e7f4
func@0x18004d740,0.0,0.0,0.0,0.0,2995000,0.0,0.0,0.0,msvcp140.dll,func@0x18004d740,[Unknown],0x18004d740
func@0x1800712b0,0.0,0.0,0.0,0.0,2995000,0.0,0.0,0.0,ucrtbase.dll,func@0x1800712b0,[Unknown],0x1800712b0
func@0x18009bfbf,0.0,0.0,0.0,0.0,0,25.0,25.0,,ntdll.dll,func@0x18009bfbf,[Unknown],0x18009bfbf
func@0x1801657c0,0.0,0.0,0.0,0.0,2995000,0.0,0.0,0.0,ntdll.dll,func@0x1801657c0,[Unknown],0x1801657c0
func@0x180167fc0,0.0,0.0,0.0,0.0,2995000,0.0,0.0,0.0,ntdll.dll,func@0x180167fc0,[Unknown],0x180167fc0
"log<int,0>",0.0,0.0,0.0,0.0,2995000,100.0,100.0,0.0,frankycpp_v1.8.exe,"log<int,0>(int)",cmath,0x14022eb70
memmove,0.0,0.0,0.0,0.0,0,100.0,100.0,,vcruntime140.dll,memmove,[Unknown],0x180012030
memset,0.0,0.0,0.0,0.0,5990000,20.0,20.0,1.500000,vcruntime140.dll,memset,[Unknown],0x1800126e0
operator delete,0.0,0.0,0.0,0.0,2995000,,,0.0,frankycpp_v1.8.exe,"operator delete(void *,unsigned __int64)",delete_scalar_size.cpp,0x14061a658
"std::_Atomic_storage<unsigned __int64,8>::store",0.0,0.0,0.0,0.0,20965000,39.1,39.1,0.857143,frankycpp_v1.8.exe,"std::_Atomic_storage<unsigned __int64,8>::store",atomic,0x140267884
"std::_Char_traits<char,int>::copy",0.0,0.0,0.0,0.0,0,100.0,100.0,0.0,frankycpp_v1.8.exe,"std::_Char_traits<char,int>::copy",__msvc_string_view.hpp,0x14011a5cf
std::_Copy_memmove_tail<chess::Move *>,0.0,0.0,0.0,0.0,0,100.0,100.0,0.0,frankycpp_v1.8.exe,"std::_Copy_memmove_tail<chess::Move *>(const char *, class chess::Move *, const unsigned __int64, const unsigned __int64)",xutility,0x140240c30
"std::array<chess::Bitboard,64>::operator[]",0.0,0.0,0.0,0.0,26955000,29.5,29.5,0.333333,frankycpp_v1.8.exe,"std::array<chess::Bitboard,64>::operator[]",array,0x14029ef64
"std::array<chess::Bitboard,64>::operator[]",0.0,0.0,0.0,0.0,26955000,,,0.0,frankycpp_v1.8.exe,"std::array<chess::Bitboard,64>::operator[]",array,0x14025c7aa
"std::array<chess::HistoryState,1024>::operator[]",0.0,0.0,0.0,0.0,14975000,66.7,66.7,0.200000,frankycpp_v1.8.exe,"std::array<chess::HistoryState,1024>::operator[]",array,0x14025c417
"std::array<chess::Move,128>::operator[]",0.0,0.0,0.0,0.0,8985000,25.7,25.7,0.666667,frankycpp_v1.8.exe,"std::array<chess::Move,128>::operator[]",array,0x14021f4b3
"std::array<chess::Value,25>::operator[]",0.0,0.0,0.0,0.0,14975000,,,0.400000,frankycpp_v1.8.exe,"std::array<chess::Value,25>::operator[]",array,0x140264352
"std::array<chess::Value,25>::operator[]",0.0,0.0,0.0,0.0,2995000,0.0,0.0,0.0,frankycpp_v1.8.exe,"std::array<chess::Value,25>::operator[]",array,0x140263959
"std::array<engine::PawnTT::Stats,256>::operator[]",0.0,0.0,0.0,0.0,8985000,,,0.0,frankycpp_v1.8.exe,"std::array<engine::PawnTT::Stats,256>::operator[]",array,0x140267900
"std::array<std::array<chess::Bitboard,64>,8>::operator[]",0.0,0.0,0.0,0.0,14975000,40.0,40.0,0.400000,frankycpp_v1.8.exe,"std::array<std::array<chess::Bitboard,64>,8>::operator[]",array,0x14026a3c1
"std::array<std::array<chess::Move,128>,128>::operator[]",0.0,0.0,0.0,0.0,0,100.0,100.0,0.0,frankycpp_v1.8.exe,"std::array<std::array<chess::Move,128>,128>::operator[]",array,0x140213bc2
"std::array<std::array<chess::Move,64>,64>::operator[]",0.0,0.0,0.0,0.0,11980000,100.0,100.0,0.0,frankycpp_v1.8.exe,"std::array<std::array<chess::Move,64>,64>::operator[]",array,0x140220c9f
"std::array<std::array<int,64>,64>::operator[]",0.0,0.0,0.0,0.0,0,100.0,100.0,0.0,frankycpp_v1.8.exe,"std::array<std::array<int,64>,64>::operator[]",array,0x140220c2b
"std::array<unsigned __int64,16>::operator[]",0.0,0.0,0.0,0.0,0,100.0,100.0,0.0,frankycpp_v1.8.exe,"std::array<unsigned __int64,16>::operator[]",array,0x14025be08
"std::array<unsigned __int64,9>::operator[]",0.0,0.0,0.0,0.0,0,100.0,100.0,0.0,frankycpp_v1.8.exe,"std::array<unsigned __int64,9>::operator[]",array,0x14025c476
"std::basic_filebuf<char,std::char_traits<char> >::_Reset_back",0.0,0.0,0.0,0.0,0,50.0,50.0,,frankycpp_v1.8.exe,"std::basic_filebuf<char,std::char_traits<char> >::_Reset_back",__msvc_filebuf.hpp,0x14011a607
"std::basic_streambuf<char,struct std::char_traits<char> >::sgetn",0.0,0.0,0.0,0.0,44925000,91.7,91.7,0.200000,msvcp140.dll,"std::basic_streambuf<char,struct std::char_traits<char> >::sgetn(char * __ptr64,__int64)",[Unknown],0x180009110
std::countr_zero,0.0,0.0,0.0,0.0,20965000,,,0.0,frankycpp_v1.8.exe,std::countr_zero,bit,0x140263cf7
std::countr_zero,0.0,0.0,0.0,0.0,8985000,50.0,50.0,0.333333,frankycpp_v1.8.exe,std::countr_zero,bit,0x14026afc7
std::countr_zero,0.0,0.0,0.0,0.0,65890000,,,0.045455,frankycpp_v1.8.exe,std::countr_zero,bit,0x140263f45
std::countr_zero,0.0,0.0,0.0,0.0,2995000,60.9,60.9,1.000000,frankycpp_v1.8.exe,std::countr_zero,bit,0x140263393
"std::deque<char,std::allocator<char> >::operator[]",0.0,0.0,0.0,0.0,2995000,,,0.0,frankycpp_v1.8.exe,"std::deque<char,std::allocator<char> >::operator[]",deque,0x1402f359a
std::equal_to<unsigned __int64>::operator(),0.0,0.0,0.0,0.0,2995000,0.0,0.0,0.0,frankycpp_v1.8.exe,std::equal_to<unsigned __int64>::operator(),xutility,0x140288574
std::hash<unsigned __int64>::_Do_hash,0.0,0.0,0.0,0.0,2995000,0.0,0.0,0.0,frankycpp_v1.8.exe,std::hash<unsigned __int64>::_Do_hash,type_traits,0x140288545
std::locale::facet::_Incref,0.0,0.0,0.0,0.0,2995000,0.0,0.0,0.0,msvcp140.dll,std::locale::facet::_Incref(void),[Unknown],0x1800065f0
std::max,0.0,0.0,0.0,0.0,14975000,21.8,21.8,0.600000,frankycpp_v1.8.exe,std::max,utility,0x14021f55c
std::min,0.0,0.0,0.0,0.0,8985000,100.0,100.0,0.0,frankycpp_v1.8.exe,std::min,utility,0x14011a5c9
std::min,0.0,0.0,0.0,0.0,14975000,,,0.200000,frankycpp_v1.8.exe,std::min,utility,0x140220f90
"std::num_put<char,class std::ostreambuf_iterator<char,struct std::char_traits<char> > >::_Put",0.0,0.0,0.0,0.0,2995000,0.0,0.0,0.0,msvcp140.dll,"std::num_put<char,class std::ostreambuf_iterator<char,struct std::char_traits<char> > >::_Put(class std::ostreambuf_iterator<char,struct std::char_traits<char> >,char const * __ptr64,unsigned __int64)",[Unknown],0x18000f380
std::operator<<<struct std::char_traits<char> >,0.0,0.0,0.0,0.0,2995000,0.0,0.0,0.0,frankycpp_v1.8.exe,"std::operator<<<struct std::char_traits<char> >(class std::basic_ostream<char,struct std::char_traits<char> > &,char)",__msvc_ostream.hpp,0x1401a3a90
std::popcount,0.0,0.0,0.0,0.0,14975000,,,0.600000,frankycpp_v1.8.exe,std::popcount,bit,0x14026b5c0
std::popcount,0.0,0.0,0.0,0.0,0,100.0,100.0,0.0,frankycpp_v1.8.exe,std::popcount,bit,0x14025cd0a
std::ranges::_Sort_fn::operator(),0.0,0.0,0.0,0.0,2995000,0.0,0.0,0.0,frankycpp_v1.8.exe,std::ranges::_Sort_fn::operator(),algorithm,0x140261007
"std::ranges::_Stable_sort_fn::_Buffered_merge_sort_common<chess::Move *,chess::moveValueGreaterComparator,std::identity>",0.0,0.0,0.0,0.0,0,100.0,100.0,0.0,frankycpp_v1.8.exe,"std::ranges::_Stable_sort_fn::_Buffered_merge_sort_common<chess::Move *,chess::moveValueGreaterComparator,std::identity>(class chess::Move *, class chess::Move *, const __int64, class chess::Move *, struct chess::moveValueGreaterComparator, struct std::identity)",algorithm,0x14023a4e0
"std::ranges::_Stable_sort_fn::_Stable_sort_common<chess::Move *,chess::moveValueGreaterComparator,std::identity>",0.0,0.0,0.0,0.0,2995000,0.0,0.0,1.000000,frankycpp_v1.8.exe,"std::ranges::_Stable_sort_fn::_Stable_sort_common<chess::Move *,chess::moveValueGreaterComparator,std::identity>(class chess::Move *, class chess::Move *, const __int64, struct chess::moveValueGreaterComparator, struct std::identity)",algorithm,0x140233e50
std::ranges::_Swap::_Cpo::operator(),0.0,0.0,0.0,0.0,5990000,0.0,0.0,1.000000,frankycpp_v1.8.exe,std::ranges::_Swap::_Cpo::operator(),concepts,0x140265488
std::ranges::_Swap::_Cpo::operator(),0.0,0.0,0.0,0.0,11980000,23.5,23.5,0.250000,frankycpp_v1.8.exe,std::ranges::_Swap::_Cpo::operator(),concepts,0x14026483d
std::ranges::_Swap::_Cpo::operator(),0.0,0.0,0.0,0.0,2995000,0.0,0.0,0.0,frankycpp_v1.8.exe,std::ranges::_Swap::_Cpo::operator(),concepts,0x140265465
"std::uninitialized_fill<std::_List_unchecked_iterator<std::_List_val<std::_List_simple_types<std::pair<unsigned __int64 const ,book::BookEntry> > > > *,std::_List_unchecked_iterator<std::_List_val<std::_List_simple_types<std::pair<unsigned __int64 const ,book::BookEntry> > > > >",0.0,0.0,0.0,0.0,2995000,0.0,0.0,0.0,frankycpp_v1.8.exe,"std::uninitialized_fill<std::_List_unchecked_iterator<std::_List_val<std::_List_simple_types<std::pair<unsigned __int64 const ,book::BookEntry> > > > *,std::_List_unchecked_iterator<std::_List_val<std::_List_simple_types<std::pair<unsigned __int64 const ,book::BookEntry> > > > >(class std::_List_unchecked_iterator<std::_List_val<std::_List_simple_types<std::pair<unsigned __int64 const ,book::BookEntry> > > > *, class std::_List_unchecked_iterator<std::_List_val<std::_List_simple_types<std::pair<unsigned __int64 const ,book::BookEntry> > > > *, const class std::_List_unchecked_iterator<std::_List_val<std::_List_simple_types<std::pair<unsigned __int64 const ,book::BookEntry> > > > & const)",xmemory,0x14027f980
"std::vector<boost::archive::detail::basic_iarchive_impl::aobject,std::allocator<boost::archive::detail::basic_iarchive_impl::aobject> >::size",0.0,0.0,0.0,0.0,0,100.0,100.0,0.0,frankycpp_v1.8.exe,"std::vector<boost::archive::detail::basic_iarchive_impl::aobject,std::allocator<boost::archive::detail::basic_iarchive_impl::aobject> >::size",vector,0x1402af477
"std::vector<boost::archive::detail::basic_iarchive_impl::cobject_id,std::allocator<boost::archive::detail::basic_iarchive_impl::cobject_id> >::operator[]",0.0,0.0,0.0,0.0,14975000,100.0,100.0,0.200000,frankycpp_v1.8.exe,"std::vector<boost::archive::detail::basic_iarchive_impl::cobject_id,std::allocator<boost::archive::detail::basic_iarchive_impl::cobject_id> >::operator[]",vector,0x1402af440
"std::vector<chess::Move,std::allocator<chess::Move> >::_Tidy",0.0,0.0,0.0,0.0,2995000,0.0,0.0,0.0,frankycpp_v1.8.exe,"std::vector<chess::Move,std::allocator<chess::Move> >::_Tidy",vector,0x140233439
"std::vector<chess::Move,std::allocator<chess::Move> >::reserve",0.0,0.0,0.0,0.0,2995000,,,1.000000,frankycpp_v1.8.exe,"std::vector<chess::Move,std::allocator<chess::Move> >::reserve",vector,0x14029078f
"std::vector<chess::Move,std::allocator<chess::Move> >::resize",0.0,0.0,0.0,0.0,2995000,0.0,0.0,0.0,frankycpp_v1.8.exe,"std::vector<chess::Move,std::allocator<chess::Move> >::resize",vector,0x140292c32
"std::vector<unsigned __int64,class std::allocator<unsigned __int64> >::_Change_array",0.0,0.0,0.0,0.0,11980000,0.0,0.0,0.250000,frankycpp_v1.8.exe,"std::vector<unsigned __int64,class std::allocator<unsigned __int64> >::_Change_array(unsigned __int64 * const,unsigned __int64,unsigned __int64)",vector,0x140280b00
"std::vector<unsigned __int64,class std::allocator<unsigned __int64> >::~vector<unsigned __int64,class std::allocator<unsigned __int64> >",0.0,0.0,0.0,0.0,2995000,100.0,100.0,0.0,frankycpp_v1.8.exe,"std::vector<unsigned __int64,class std::allocator<unsigned __int64> >::~vector<unsigned __int64,class std::allocator<unsigned __int64> >(void)",vector,0x1402333c0
"std::vector<unsigned __int64,std::allocator<unsigned __int64> >::resize",0.0,0.0,0.0,0.0,11980000,100.0,100.0,0.0,frankycpp_v1.8.exe,"std::vector<unsigned __int64,std::allocator<unsigned __int64> >::resize",vector,0x140292e7c
type_info::before,0.0,0.0,0.0,0.0,5990000,20.0,20.0,0.500000,frankycpp_v1.8.exe,type_info::before,vcruntime_typeinfo.h,0x1402b9840
wcsnicmp,0.0,0.0,0.0,0.0,2995000,,,1.000000,ntoskrnl.exe,wcsnicmp,[Unknown],0x1404fce90
