Function,CPU Time,Performance-core (P-core):Memory Bound(%),Performance-core (P-core):Memory Bound:L1 Bound(%),Performance-core (P-core):Memory Bound:L2 Bound(%),Performance-core (P-core):Memory Bound:L3 Bound(%),Performance-core (P-core):Memory Bound:DRAM Bound(%),Performance-core (P-core):Memory Bound:Store Bound(%),Efficient-core (E-core):Memory Bound(%),Efficient-core (E-core):Memory Bound:L1 Bound(%),Efficient-core (E-core):Memory Bound:L2 Bound(%),Efficient-core (E-core):Memory Bound:L3 Bound(%),Efficient-core (E-core):Memory Bound:DRAM Bound(%),Loads,Stores,LLC Miss Count,Module,Function (Full),Source File,Start Address
chess::Attacks::`anonymous namespace'::sliderLookup,8.658425,2.5,6.4,0.7,0.7,1.0,0.8,5.9,3.9,0.1,0.0,0.0,34828144813,17226816789,3301386,frankycpp_v1.8.exe,"chess::Attacks::`anonymous namespace'::sliderLookup(const chess::PieceType, const class chess::Square, const class chess::Bitboard)",attacks.cpp,0x14016c950
"std::_Atomic_storage<unsigned __int64,8>::load",8.148459,59.0,4.9,0.0,18.2,44.1,0.1,68.9,3.2,0.1,1.1,0.4,9099472976,7446723395,0,frankycpp_v1.8.exe,"std::_Atomic_storage<unsigned __int64,8>::load",atomic,0x14026da82
engine::TT::put,5.243652,27.4,0.0,0.8,35.8,0.0,0.4,33.2,4.4,0.2,1.6,0.0,6962308863,4353030587,0,frankycpp_v1.8.exe,"engine::TT::put(unsigned __int64,enum chess::Depth,class chess::Move,class chess::Value,enum chess::ValueType,class chess::Value,int)",TT.cpp,0x14026d800
chess::Attacks::attacks,4.475703,3.2,5.5,0.5,0.5,2.0,0.8,5.9,2.3,0.1,0.0,0.0,18993069775,10071302130,550231,frankycpp_v1.8.exe,"chess::Attacks::attacks(enum chess::PieceType,class chess::Square,class chess::Bitboard)",attacks.cpp,0x14016c9b0
engine::Evaluator::kingEval,3.085795,0.2,7.5,0.0,0.1,0.1,0.0,1.8,0.6,0.0,0.0,0.0,7003010084,2674980247,0,frankycpp_v1.8.exe,"engine::Evaluator::kingEval(class chess::Position const &,struct chess::Score &,class chess::Color)",Evaluator.cpp,0x14026b1c0
engine::Search::search,2.644824,3.4,8.1,0.1,1.8,0.3,0.5,10.3,2.7,0.0,0.1,0.0,9375081244,3911617345,550231,frankycpp_v1.8.exe,"engine::Search::search(class chess::Position &,enum chess::Depth,enum chess::Depth,class chess::Value,class chess::Value,enum engine::Search::NodeType,enum engine::Search::Do_Null)",Search.cpp,0x14021f460
engine::Evaluator::pieceEval,1.951870,5.6,6.0,0.4,0.8,0.2,3.9,4.2,0.9,0.0,0.0,0.0,7029010864,5111753348,550231,frankycpp_v1.8.exe,"engine::Evaluator::pieceEval(class chess::Position const &,struct chess::Score &,class chess::Color,enum chess::PieceType)",Evaluator.cpp,0x14026a750
engine::Search::qsearch,1.853877,2.4,5.9,0.9,2.2,0.9,0.6,15.8,16.9,0.0,0.3,0.0,5373961214,2332169963,0,frankycpp_v1.8.exe,"engine::Search::qsearch(class chess::Position &,enum chess::Depth,class chess::Value,class chess::Value,enum engine::Search::NodeType)",Search.cpp,0x140220e90
chess::Position::givesCheck,1.593894,0.9,4.7,0.7,0.1,0.0,0.7,4.0,3.3,0.1,0.0,0.0,6399991994,2876286286,0,frankycpp_v1.8.exe,chess::Position::givesCheck(class chess::Move),Position.cpp,0x14025c850
"std::ranges::_Insertion_sort_common<chess::Move *,chess::moveValueGreaterComparator,std::identity>",1.510900,1.0,12.5,0.0,0.1,0.0,0.0,0.7,0.0,0.0,0.0,0.0,1840155203,1377741331,550231,frankycpp_v1.8.exe,"std::ranges::_Insertion_sort_common<chess::Move *,chess::moveValueGreaterComparator,std::identity>(class chess::Move *, class chess::Move *, struct chess::moveValueGreaterComparator, struct std::identity)",algorithm,0x1402370d0
std::_Checked_x86_x64_countr_zero<unsigned __int64>,1.481902,1.2,8.0,0.6,0.4,0.0,1.7,2.3,0.0,0.0,0.0,0.0,5055451659,3121893654,550231,frankycpp_v1.8.exe,std::_Checked_x86_x64_countr_zero<unsigned __int64>(unsigned __int64),__msvc_bit_utils.hpp,0x1402658c0
chess::MoveGenerator::getNextPseudoLegalMove,1.388908,3.7,7.5,0.0,1.2,0.2,1.4,3.9,3.0,0.1,0.0,0.0,5883776508,2862085860,0,frankycpp_v1.8.exe,"chess::MoveGenerator::getNextPseudoLegalMove(class chess::Position const &,enum chess::GenMode,bool)",MoveGenerator.cpp,0x140261130
engine::Evaluator::coordinationEval,1.381908,0.0,18.0,0.2,0.0,0.2,0.0,4.7,0.0,0.0,0.0,0.0,3059091770,1383741511,0,frankycpp_v1.8.exe,"engine::Evaluator::coordinationEval(class chess::Position const &,struct chess::Score &,class chess::Color)",Evaluator.cpp,0x14026b7b0
engine::Evaluator::rookEval,1.366909,3.0,5.6,0.5,0.0,0.0,2.3,4.1,1.5,0.1,0.0,0.0,5678870361,3677410319,0,frankycpp_v1.8.exe,"engine::Evaluator::rookEval(class chess::Position const &,struct chess::Score &,class chess::Color,class chess::Color,class chess::Square)",Evaluator.cpp,0x14026adf0
chess::MoveGenerator::updateSortValues,1.349910,1.6,6.7,2.1,1.5,1.5,0.0,8.5,4.2,0.4,0.1,0.0,4153124590,1525145753,0,frankycpp_v1.8.exe,"chess::MoveGenerator::updateSortValues(class chess::Position const &,class chess::StaticMoveList<256> *)",MoveGenerator.cpp,0x1402631b0
chess::MoveGenerator::fillOnDemandMoveList,1.304913,1.6,9.4,1.0,0.0,0.0,0.5,6.0,0.0,0.1,0.1,0.0,4467834031,2987989637,0,frankycpp_v1.8.exe,"chess::MoveGenerator::fillOnDemandMoveList(class chess::Position const &,enum chess::GenMode,bool)",MoveGenerator.cpp,0x140262e60
"std::_Atomic_storage<unsigned __int64,8>::store",1.298914,45.2,16.3,1.4,46.4,0.2,0.3,61.5,2.5,0.9,2.2,0.0,761222836,517115513,0,frankycpp_v1.8.exe,"std::_Atomic_storage<unsigned __int64,8>::store",atomic,0x14026d9fc
engine::Search::thread,1.275915,0.9,1.6,2.3,1.2,0.2,0.0,37.1,68.1,0.0,0.0,0.0,3292198763,874626238,0,frankycpp_v1.8.exe,engine::Search::thread,Search.h,0x1402214b6
chess::MoveGenerator::generateMoves,1.183921,2.0,5.7,0.7,0.0,0.2,2.9,3.6,1.0,0.1,0.0,0.0,3154094620,2280168403,0,frankycpp_v1.8.exe,"chess::MoveGenerator::generateMoves(class chess::Position const &,class chess::StaticMoveList<256> *,enum chess::GenMode,bool,class chess::Bitboard)",MoveGenerator.cpp,0x140263e10
std::_Checked_popcount<unsigned __int64>,1.120926,2.0,13.8,0.2,0.7,0.0,0.5,0.0,0.0,0.0,0.0,0.0,4113523402,2229066870,550231,frankycpp_v1.8.exe,std::_Checked_popcount<unsigned __int64>(unsigned __int64),__msvc_bit_utils.hpp,0x140241860
engine::Evaluator::evaluate,1.107926,1.6,15.5,0.2,0.4,0.0,1.8,4.3,1.8,0.0,0.0,0.0,4771543142,2795483862,550231,frankycpp_v1.8.exe,engine::Evaluator::evaluate(class chess::Position const &),Evaluator.cpp,0x140269cc0
engine::Search::thread,1.054930,0.3,2.8,1.8,3.6,0.2,0.0,30.6,74.4,0.0,0.0,0.0,2927687828,744322329,0,frankycpp_v1.8.exe,engine::Search::thread,Search.h,0x1402207e3
engine::Evaluator::threatEval,1.005933,0.0,13.9,0.0,0.2,0.0,0.0,0.0,0.0,0.0,0.0,0.0,4563036887,2195365859,0,frankycpp_v1.8.exe,"engine::Evaluator::threatEval(class chess::Position const &,struct chess::Score &,class chess::Color)",Evaluator.cpp,0x14026b610
chess::Position::removePiece,0.884941,7.7,7.9,0.0,2.3,0.3,1.8,2.2,3.1,0.0,0.1,0.0,3307099210,1904557135,0,frankycpp_v1.8.exe,chess::Position::removePiece(class chess::Square),Position.cpp,0x14025da60
chess::Position::doMove,0.810946,5.9,7.1,1.5,0.0,0.0,5.8,3.7,0.0,0.0,0.0,0.0,3397601925,1513145393,0,frankycpp_v1.8.exe,chess::Position::doMove(class chess::Move),Position.cpp,0x14025bcc0
chess::Position::isAttacked,0.765949,8.9,3.3,3.1,3.9,3.1,0.0,3.5,2.9,0.0,0.1,0.8,3660309806,2324369729,0,frankycpp_v1.8.exe,"chess::Position::isAttacked(class chess::Square,class chess::Color)",Position.cpp,0x14025c520
chess::Position::putPiece,0.730951,5.3,9.9,2.3,2.3,0.0,0.0,7.4,0.0,0.1,0.0,0.0,2605178153,2038061140,0,frankycpp_v1.8.exe,"chess::Position::putPiece(enum chess::Piece,class chess::Square)",Position.cpp,0x14025d950
"std::_Atomic_storage<unsigned __int64,8>::load",0.652957,46.4,0.0,0.0,16.7,34.6,0.3,54.0,20.8,0.5,2.8,0.0,496814904,486514595,0,frankycpp_v1.8.exe,"std::_Atomic_storage<unsigned __int64,8>::load",atomic,0x140267927
engine::PawnTT::probe,0.644957,5.7,0.0,1.7,11.3,1.0,2.3,28.9,0.0,0.2,0.9,0.0,1732451972,1517845534,0,frankycpp_v1.8.exe,"engine::PawnTT::probe(unsigned __int64,int)",PawnTT.cpp,0x1402678f0
engine::See::see,0.621959,3.2,4.5,0.3,0.0,0.0,3.1,2.3,0.0,0.0,0.0,0.0,2558076740,1223136693,0,frankycpp_v1.8.exe,"engine::See::see(class chess::Position const &,class chess::Move)",See.cpp,0x14029eaf0
engine::Evaluator::bishopEval,0.609960,5.5,4.2,0.7,0.3,0.0,4.9,0.0,0.0,0.1,0.0,0.0,2593777811,1431042930,0,frankycpp_v1.8.exe,engine::Evaluator::bishopEval,Evaluator.cpp,0x14026a9e8
chess::MoveGenerator::generatePawnMoves,0.597960,5.9,8.5,0.4,0.0,0.0,3.7,15.7,2.4,0.0,0.0,0.0,1438443152,1519245576,0,frankycpp_v1.8.exe,"chess::MoveGenerator::generatePawnMoves(class chess::Position const &,class chess::StaticMoveList<256> *,enum chess::GenMode,bool,class chess::Bitboard)",MoveGenerator.cpp,0x1402633e0
engine::Evaluator::knightEval,0.588961,1.8,7.0,2.0,1.6,0.4,0.4,6.4,5.5,0.0,0.0,0.0,2597377919,1988959667,550231,frankycpp_v1.8.exe,"engine::Evaluator::knightEval(class chess::Position const &,struct chess::Score &,class chess::Color,class chess::Color,class chess::Square)",Evaluator.cpp,0x14026ab00
"std::_Atomic_address_as<__int64,std::_Atomic_padded<unsigned __int64> >",0.469969,17.3,10.8,0.0,9.9,10.3,0.4,23.4,8.9,0.3,6.0,1.9,1131933957,943128293,0,frankycpp_v1.8.exe,"std::_Atomic_address_as<__int64,std::_Atomic_padded<unsigned __int64> >",xatomic.h,0x140269150
"std::_Atomic_storage<unsigned __int64,8>::store",0.438971,22.8,28.8,0.0,6.9,0.0,0.5,9.0,25.0,0.4,1.7,0.0,544416332,301009030,0,frankycpp_v1.8.exe,"std::_Atomic_storage<unsigned __int64,8>::store",atomic,0x14026d8ed
engine::Evaluator::queenEval,0.433971,0.0,1.5,0.0,1.5,0.0,0.0,7.3,0.0,0.1,0.0,0.0,1614348429,1196435892,0,frankycpp_v1.8.exe,engine::Evaluator::queenEval,Evaluator.cpp,0x14026a7e9
func@0x1800126c0,0.414972,73.3,0.5,0.5,0.0,0.0,77.5,0.0,0.0,,,,0,0,0,vcruntime140.dll,func@0x1800126c0,[Unknown],0x1800126c0
engine::TT::probe,0.400973,24.0,3.5,0.0,19.3,9.9,0.0,48.8,0.0,0.1,0.8,0.2,512915387,457713731,0,frankycpp_v1.8.exe,"engine::TT::probe(unsigned __int64 const &,int)",TT.cpp,0x14026da40
chess::Position::undoMove,0.377975,4.0,11.2,1.1,4.8,0.0,0.0,4.8,4.0,0.0,0.3,0.0,1223736711,763422902,0,frankycpp_v1.8.exe,chess::Position::undoMove(void),Position.cpp,0x14025c1a0
chess::Position::wasLegalMove,0.374975,0.0,4.7,1.2,0.0,0.0,0.0,7.1,3.9,0.2,0.0,0.0,1575247256,1125133753,0,frankycpp_v1.8.exe,chess::Position::wasLegalMove(void),Position.cpp,0x14025ca10
chess::moveValueGreaterComparator::operator(),0.364976,0.0,15.3,0.0,0.0,0.0,0.0,0.0,0.0,0.0,0.0,0.0,620618618,349410482,0,frankycpp_v1.8.exe,chess::moveValueGreaterComparator::operator(),move.h,0x1402370f0
std::_Unchecked_popcount<unsigned __int64>,0.361976,0.0,20.7,0.0,0.0,0.0,0.0,0.0,0.0,0.0,0.0,0.0,1178735361,537116113,0,frankycpp_v1.8.exe,std::_Unchecked_popcount<unsigned __int64>(unsigned __int64),__msvc_bit_utils.hpp,0x140241850
engine::Evaluator::pawnEval,0.328978,4.1,10.8,1.4,2.2,0.0,7.2,4.4,0.0,0.0,3.7,0.5,1101433042,694720841,400012,frankycpp_v1.8.exe,"engine::Evaluator::pawnEval(class chess::Position const &,struct chess::Score &)",Evaluator.cpp,0x14026a290
chess::Bitboard::operator^=,0.309979,5.2,6.1,0.0,0.0,0.0,0.8,0.6,0.0,0.0,0.0,0.0,1112833384,644319329,0,frankycpp_v1.8.exe,chess::Bitboard::operator^=,bitboard.h,0x14025dab5
chess::operator&,0.300980,1.3,8.9,0.0,0.0,0.0,0.0,0.0,8.9,0.0,0.0,0.0,1307539225,372211166,0,frankycpp_v1.8.exe,chess::operator&,bitboard.h,0x14026b6c6
"std::array<int,64>::operator[]",0.295980,0.0,1.5,4.6,0.0,0.0,0.0,0.0,0.0,0.3,0.1,0.0,857125713,229706891,550231,frankycpp_v1.8.exe,"std::array<int,64>::operator[]",array,0x140263277
chess::Bitboard::shifted,0.292981,0.0,2.8,0.0,0.0,0.0,0.0,2.7,0.0,0.0,0.0,0.0,770123103,1205436162,0,frankycpp_v1.8.exe,chess::Bitboard::shifted,bitboard.h,0x1402634dd
engine::TT::getClusterIndex,0.291981,3.8,0.0,7.4,9.1,4.9,0.0,49.2,7.0,1.2,0.8,0.0,574417232,518315549,0,frankycpp_v1.8.exe,engine::TT::getClusterIndex,TT.h,0x14026da6a
engine::Search::storeTt,0.277982,19.7,4.5,5.3,0.8,0.0,4.5,0.7,6.7,0.2,0.2,0.0,1254137623,489614688,0,frankycpp_v1.8.exe,"engine::Search::storeTt(class chess::Position const &,enum chess::Depth,enum chess::Depth,class chess::Move,class chess::Value,enum chess::ValueType,class chess::Value)",Search.cpp,0x1402218e0
chess::Move::encode,0.274982,0.0,15.3,3.1,0.0,0.0,1.5,2.9,3.6,0.2,0.0,0.0,708421252,537016110,0,frankycpp_v1.8.exe,chess::Move::encode,move.h,0x140263f65
"std::ranges::_Sort_fn::_Sort_common<chess::Move *,chess::moveValueGreaterComparator,std::identity>",0.274982,1.2,9.5,0.7,0.0,0.7,1.5,10.2,0.0,0.0,0.0,0.0,661419842,299808994,0,frankycpp_v1.8.exe,"std::ranges::_Sort_fn::_Sort_common<chess::Move *,chess::moveValueGreaterComparator,std::identity>(class chess::Move *, class chess::Move *, __int64, struct chess::moveValueGreaterComparator, struct std::identity)",algorithm,0x140264620
engine::See::attacksTo,0.260983,2.8,0.0,0.8,0.8,0.0,3.2,6.9,0.0,0.4,0.0,0.0,1044331329,941128233,0,frankycpp_v1.8.exe,"engine::See::attacksTo(class chess::Position const &,class chess::Square,class chess::Color)",See.cpp,0x14029ee60
chess::Bitboard::operator bool,0.256983,0.0,22.5,2.5,0.0,0.0,0.0,0.0,0.0,0.3,0.0,0.0,779323379,441213236,0,frankycpp_v1.8.exe,chess::Bitboard::operator bool,bitboard.h,0x140263f04
chess::MoveGenerator::generateKingMoves,0.251983,0.0,8.9,0.8,0.0,0.0,2.4,0.0,0.0,0.1,0.0,0.0,856525695,621118633,0,frankycpp_v1.8.exe,"chess::MoveGenerator::generateKingMoves(class chess::Position const &,class chess::StaticMoveList<256> *,enum chess::GenMode,bool)",MoveGenerator.cpp,0x1402640d0
"std::array<unsigned __int64,64>::operator[]",0.225985,3.6,10.1,3.4,0.0,0.0,0.0,0.0,0.0,0.0,0.0,0.0,960028800,420912627,0,frankycpp_v1.8.exe,"std::array<unsigned __int64,64>::operator[]",array,0x14025daa2
chess::MoveGenerator::isPseudoLegal,0.209986,5.7,10.9,4.0,5.9,1.0,0.0,5.6,0.0,0.0,0.0,0.0,462513875,325409762,0,frankycpp_v1.8.exe,"chess::MoveGenerator::isPseudoLegal(class chess::Position const &,class chess::Move)",MoveGenerator.cpp,0x1402613c0
chess::Square::{ctor},0.206986,0.0,0.9,0.9,0.0,0.0,0.9,0.0,0.0,0.0,0.0,0.0,981529445,406112183,0,frankycpp_v1.8.exe,chess::Square::{ctor},square.h,0x14025c885
engine::See::revealedAttacks,0.203986,0.0,9.3,0.0,0.9,0.0,0.0,5.0,0.0,0.0,0.0,0.0,1057931737,466413992,0,frankycpp_v1.8.exe,"engine::See::revealedAttacks(class chess::Position const &,class chess::Square,class chess::Bitboard,class chess::Color)",See.cpp,0x14029efb0
engine::TT::Entry::{ctor},0.200987,66.7,0.0,2.0,40.1,26.1,0.0,43.7,0.0,0.0,2.5,4.2,232506975,215106453,0,frankycpp_v1.8.exe,engine::TT::Entry::{ctor},TT.h,0x14026da8e
std::_Countr_zero_tzcnt<unsigned __int64>,0.200987,0.0,2.1,2.1,0.0,0.0,0.0,0.0,0.0,0.0,0.0,0.0,558216746,337910137,0,frankycpp_v1.8.exe,std::_Countr_zero_tzcnt<unsigned __int64>(unsigned __int64),__msvc_bit_utils.hpp,0x1402658b0
chess::makePiece,0.182988,0.0,11.7,0.0,0.0,0.0,0.0,0.0,0.0,0.0,0.0,0.0,509515285,212106363,0,frankycpp_v1.8.exe,chess::makePiece,piece.h,0x14026b27c
chess::operator*,0.180988,0.0,4.9,0.0,0.0,0.0,0.0,10.7,0.0,0.0,0.0,0.0,476714301,220906627,0,frankycpp_v1.8.exe,chess::operator*,value.h,0x14026a1b5
chess::Move::operator==,0.179988,0.0,10.3,0.0,0.0,0.0,0.0,17.8,0.0,0.2,0.0,0.0,555816674,128403852,0,frankycpp_v1.8.exe,chess::Move::operator==,PVTable.h,0x1402632e6
"std::array<chess::Bitboard,64>::operator[]",0.179988,8.6,0.0,0.0,0.0,9.6,1.2,13.4,16.7,0.0,0.0,0.0,765622968,479214376,0,frankycpp_v1.8.exe,"std::array<chess::Bitboard,64>::operator[]",array,0x14016ca40
std::countr_zero,0.177988,6.4,11.9,0.0,0.0,0.0,2.4,0.0,0.0,0.2,0.0,0.0,504415132,380811424,0,frankycpp_v1.8.exe,std::countr_zero,bit,0x140263eb2
chess::Position::movePiece,0.153990,5.1,14.0,0.0,10.2,0.0,2.6,1.3,0.0,0.0,0.0,0.0,584317529,372411172,0,frankycpp_v1.8.exe,"chess::Position::movePiece(class chess::Square,class chess::Square)",Position.cpp,0x14025d920
engine::PawnTT::Entry::Entry,0.152990,20.6,8.1,0.0,9.8,4.9,14.6,34.7,0.0,0.4,1.2,0.4,508215246,446913407,0,frankycpp_v1.8.exe,engine::PawnTT::Entry::Entry(struct engine::PawnTT::Entry const &),PawnTT.cpp,0x140266910
engine::Search::sendSearchUpdateToUci,0.152990,0.0,11.6,5.0,3.3,0.0,0.0,85.0,78.9,0.0,0.0,0.0,124603738,26400792,0,frankycpp_v1.8.exe,engine::Search::sendSearchUpdateToUci(void),Search.cpp,0x14022acb0
chess::Position::getPiece,0.150990,0.0,14.6,0.0,0.0,0.0,0.0,0.0,0.0,0.0,0.0,0.0,326409792,133303999,0,frankycpp_v1.8.exe,chess::Position::getPiece,Position.h,0x14026b275
chess::operator<,0.150990,0.0,10.7,0.0,0.0,0.0,0.0,0.0,0.0,0.0,0.0,0.0,360110803,194305829,0,frankycpp_v1.8.exe,chess::operator<,rank.h,0x14026b264
chess::Bitboard::shifted,0.144990,2.7,4.3,1.4,0.0,0.0,1.4,0.0,0.0,0.0,0.0,0.0,376511295,337410122,0,frankycpp_v1.8.exe,chess::Bitboard::shifted(class chess::Direction),bitboard.h,0x1402656a0
chess::Bitboard::operator|=,0.136991,2.1,13.3,0.0,1.5,0.0,1.5,0.0,0.0,0.0,0.0,0.0,466513995,397911937,0,frankycpp_v1.8.exe,chess::Bitboard::operator|=,bitboard.h,0x14025d9a2
chess::typeOf,0.134991,8.1,9.7,1.6,1.6,0.0,1.6,6.7,0.0,0.0,0.0,0.0,436313089,200606018,0,frankycpp_v1.8.exe,chess::typeOf,piece.h,0x14025da84
chess::StaticMoveList<256>::push_back,0.133991,0.0,3.9,0.0,0.0,3.9,0.0,8.4,0.0,1.1,0.0,0.0,218406552,228006840,0,frankycpp_v1.8.exe,chess::StaticMoveList<256>::push_back,staticmovelist.h,0x140264046
engine::PawnTT::put,0.127992,37.5,0.0,0.0,54.5,0.0,0.0,0.0,0.0,0.0,0.0,0.0,49901497,46601398,0,frankycpp_v1.8.exe,"engine::PawnTT::put(struct engine::PawnTT::Entry *,unsigned __int64,struct chess::Score,class chess::Bitboard,class chess::Bitboard,int)",PawnTT.cpp,0x140267700
chess::Position::hasCheck,0.124992,37.5,16.6,10.6,0.0,12.1,0.0,6.7,0.0,0.1,0.2,0.1,291508745,188505655,0,frankycpp_v1.8.exe,chess::Position::hasCheck(void),Position.cpp,0x14025c800
chess::Move::operator==,0.123992,0.0,0.0,0.0,0.0,0.0,0.0,0.0,0.0,0.0,0.1,0.0,559616788,201406042,0,frankycpp_v1.8.exe,chess::Move::operator==,PVTable.h,0x1402201b8
"std::array<chess::Value,25>::operator[]",0.117992,0.0,3.5,0.0,0.0,0.0,1.7,0.0,0.0,0.0,0.0,0.0,377011310,216606498,0,frankycpp_v1.8.exe,"std::array<chess::Value,25>::operator[]",array,0x140263f59
chess::Move::encode,0.114992,0.0,5.5,1.8,0.0,0.0,0.0,15.3,0.0,1.8,0.3,0.0,222306669,194705841,0,frankycpp_v1.8.exe,chess::Move::encode,move.h,0x14026403d
engine::See::getLeastValuablePiece,0.113992,0.0,7.7,0.0,0.0,0.0,0.0,0.0,0.0,0.0,0.0,0.0,631918957,343510305,0,frankycpp_v1.8.exe,"engine::See::getLeastValuablePiece(class chess::Position const &,class chess::Bitboard,class chess::Color)",See.cpp,0x14029ede0
chess::StaticMoveList<256>::push_back,0.106993,5.0,0.0,0.0,0.0,0.0,0.0,10.7,13.4,0.0,0.0,0.0,165504965,101003030,0,frankycpp_v1.8.exe,chess::StaticMoveList<256>::push_back,staticmovelist.h,0x140263f8a
engine::Search::goodCapture,0.106993,0.0,5.1,0.0,0.0,0.0,0.0,0.0,0.0,0.0,0.0,0.0,380711421,139904197,0,frankycpp_v1.8.exe,"engine::Search::goodCapture(class chess::Position const &,class chess::Move,bool)",Search.cpp,0x1402217a0
std::popcount,0.104993,0.0,6.7,0.0,0.0,0.0,0.0,0.0,0.0,0.0,0.0,0.0,606518195,191105733,0,frankycpp_v1.8.exe,std::popcount,bit,0x14026b6df
"std::unique_ptr<engine::TT::TTCluster [0],std::default_delete<engine::TT::TTCluster [0]> >::operator[]",0.104993,0.0,0.0,0.0,0.0,0.0,0.0,,0.0,0.0,0.0,0.0,415312459,212006360,0,frankycpp_v1.8.exe,"std::unique_ptr<engine::TT::TTCluster [0],std::default_delete<engine::TT::TTCluster [0]> >::operator[]",memory,0x1402214ab
chess::MoveGenerator::resetOnDemand,0.103993,0.0,31.2,0.0,0.0,0.0,0.0,5.6,7.0,0.0,0.0,0.0,335510065,89902697,0,frankycpp_v1.8.exe,chess::MoveGenerator::resetOnDemand,MoveGenerator.h,0x140221291
engine::TT::prefetch,0.102993,3.0,1.7,5.1,0.0,0.0,0.0,8.9,22.3,0.9,0.2,0.0,398911967,234207026,0,frankycpp_v1.8.exe,engine::TT::prefetch,TT.h,0x1402207cd
chess::operator&,0.101993,0.0,29.6,0.0,0.0,0.0,0.0,0.0,0.0,0.0,0.0,0.0,243907317,176405292,0,frankycpp_v1.8.exe,chess::operator&,bitboard.h,0x14026b8e8
chess::Position::attacksTo,0.100993,4.5,6.1,0.0,2.0,0.0,10.1,0.0,0.0,0.0,0.0,0.0,315109453,320109603,0,frankycpp_v1.8.exe,"chess::Position::attacksTo(class chess::Square,class chess::Color)",Position.cpp,0x14025c6b0
chess::operator<,0.098993,0.0,20.2,0.0,0.0,0.0,0.0,0.0,0.0,0.0,0.0,0.0,400712021,212106363,0,frankycpp_v1.8.exe,chess::operator<,value.h,0x14029ec88
_security_check_cookie,0.096994,3.4,0.0,0.0,6.5,0.0,0.0,36.7,50.1,0.0,0.0,0.0,199005970,91802754,0,frankycpp_v1.8.exe,_security_check_cookie,amdsecgs.asm,0x14061a1c0
"std::array<chess::Move,64>::operator[]",0.096994,0.0,3.9,0.0,0.0,0.0,0.0,0.0,0.0,0.0,0.0,0.0,336610098,78502355,0,frankycpp_v1.8.exe,"std::array<chess::Move,64>::operator[]",array,0x1402632e4
chess::Position::checkRepetitions,0.095994,0.0,0.0,2.4,0.0,0.0,0.0,94.7,60.7,0.0,0.0,0.0,104403132,35601068,0,frankycpp_v1.8.exe,chess::Position::checkRepetitions(int),Position.cpp,0x14025cc10
std::countr_zero,0.095994,0.0,29.8,0.0,0.0,0.0,0.0,0.0,0.0,0.0,0.0,0.0,669220076,319209576,0,frankycpp_v1.8.exe,std::countr_zero,bit,0x140269ea0
std::countr_zero,0.094994,0.0,4.2,0.0,0.0,0.0,0.0,0.0,0.0,,,,235007050,204306129,0,frankycpp_v1.8.exe,std::countr_zero,bit,0x14026a7e1
chess::Move::stripped,0.092994,0.0,15.9,0.0,0.0,0.0,0.0,3.0,0.0,0.0,0.0,0.0,220706621,52101563,0,frankycpp_v1.8.exe,chess::Move::stripped,move.h,0x140263200
chess::operator++,0.090994,3.3,19.0,0.0,0.0,0.0,4.7,0.0,0.0,0.0,0.0,0.0,275508265,141104233,0,frankycpp_v1.8.exe,chess::operator++,piecetype.h,0x140264099
chess::operator&,0.087994,0.0,0.0,0.0,0.0,0.0,0.0,0.0,0.0,0.0,0.0,0.0,533616008,197405922,0,frankycpp_v1.8.exe,chess::operator&,bitboard.h,0x14026aeb5
chess::Bitboard::popLSB,0.086994,0.0,8.2,0.0,0.0,0.0,0.0,0.0,0.0,0.0,0.0,0.0,232806984,81002430,0,frankycpp_v1.8.exe,chess::Bitboard::popLSB,bitboard.h,0x14026b820
chess::operator&,0.085994,3.3,3.1,3.1,0.0,3.1,0.0,0.0,0.0,0.9,0.9,0.0,357710731,345310359,0,frankycpp_v1.8.exe,chess::operator&,bitboard.h,0x14029ef67
chess::typeOf,0.085994,0.0,20.3,0.0,0.0,0.0,0.0,0.0,0.0,0.0,0.0,0.0,189805694,154004620,0,frankycpp_v1.8.exe,chess::typeOf,piece.h,0x140263f6e
chess::operator+,0.084994,0.0,13.9,0.0,0.0,0.0,0.0,0.0,0.0,,,,285408562,112003360,0,frankycpp_v1.8.exe,chess::operator+,value.h,0x14026a1e1
chess::Move::to,0.083994,0.0,4.2,0.0,0.0,0.0,0.0,0.0,0.0,0.0,0.0,0.0,283708511,139904197,0,frankycpp_v1.8.exe,chess::Move::to,move.h,0x140220459
chess::Position::getLastMove,0.083994,0.0,0.0,4.6,0.0,0.0,0.0,7.9,0.0,0.0,0.0,0.0,320909627,66401992,0,frankycpp_v1.8.exe,chess::Position::getLastMove,Position.h,0x1402632b0
std::countr_zero,0.082994,0.0,19.2,0.0,0.0,0.0,0.0,0.0,0.0,0.0,0.0,0.0,465313959,360710821,0,frankycpp_v1.8.exe,std::countr_zero,bit,0x140269e60
std::ranges::_Partition_by_median_guess_common,0.082994,5.6,5.0,0.0,0.0,0.0,0.0,0.0,0.0,0.0,0.0,0.0,81202436,21100633,0,frankycpp_v1.8.exe,std::ranges::_Partition_by_median_guess_common,algorithm,0x14026467f
chess::Value::{ctor},0.081995,13.3,4.4,0.0,2.2,0.0,6.6,,0.0,0.0,0.0,0.0,261107833,89102673,0,frankycpp_v1.8.exe,chess::Value::{ctor},value.h,0x14029f050
chess::operator&,0.081995,0.0,0.0,2.7,0.0,0.0,0.0,0.0,0.0,0.0,0.0,0.0,355810674,239707191,0,frankycpp_v1.8.exe,chess::operator&,bitboard.h,0x14025c56c
chess::Position::getPieceBb,0.080995,0.0,17.5,0.0,0.0,0.0,0.0,0.0,0.0,0.0,0.0,0.0,287108613,87702631,0,frankycpp_v1.8.exe,chess::Position::getPieceBb,Position.h,0x14026b6bb
chess::Bitboard::operator|=,0.079995,2.9,0.0,0.0,2.6,2.6,0.0,0.0,0.0,0.0,0.0,0.0,330509915,294308829,0,frankycpp_v1.8.exe,chess::Bitboard::operator|=,bitboard.h,0x14026ab3b
chess::MoveGenerator::resetOnDemand,0.077995,0.0,0.0,0.0,3.1,0.0,0.0,8.9,0.0,0.0,0.0,0.0,264507935,38601158,0,frankycpp_v1.8.exe,chess::MoveGenerator::resetOnDemand,MoveGenerator.h,0x1402200e3
chess::operator|,0.076995,0.0,7.3,0.0,0.0,0.0,0.0,0.0,0.0,0.0,0.0,0.0,218306549,124803744,0,frankycpp_v1.8.exe,chess::operator|,bitboard.h,0x14026b645
chess::Bitboard::operator|=,0.074995,0.0,12.0,0.0,0.0,0.0,0.0,0.0,0.0,0.0,0.0,0.0,402212066,284008520,0,frankycpp_v1.8.exe,chess::Bitboard::operator|=,bitboard.h,0x140269ea8
engine::Search::checkDrawRepAnd50,0.072995,0.0,14.1,0.0,5.7,0.0,0.0,33.0,80.1,0.0,0.0,0.0,34001020,8100243,0,frankycpp_v1.8.exe,"engine::Search::checkDrawRepAnd50(class chess::Position const &,int)",Search.cpp,0x140225d10
"std::array<chess::Bitboard,64>::operator[]",0.070995,36.8,13.1,0.0,3.3,19.7,0.0,0.0,0.0,0.0,0.0,0.0,197405922,160504815,0,frankycpp_v1.8.exe,"std::array<chess::Bitboard,64>::operator[]",array,0x14025c53f
std::optional<engine::TT::Entry>::{ctor},0.070995,36.8,0.0,8.3,13.8,22.1,0.0,5.3,0.0,0.0,0.0,0.0,62801884,23900717,0,frankycpp_v1.8.exe,std::optional<engine::TT::Entry>::{ctor},optional,0x14026dab7
chess::Bitboard::operator|=,0.069995,4.2,24.3,0.0,2.7,0.0,0.0,6.7,0.0,0.0,0.0,0.0,262907887,242607278,0,frankycpp_v1.8.exe,chess::Bitboard::operator|=,bitboard.h,0x14025d996
"std::array<int,64>::operator[]",0.069995,0.0,0.0,2.4,0.0,0.0,0.0,,0.0,,,,356410692,259707791,0,frankycpp_v1.8.exe,"std::array<int,64>::operator[]",array,0x14026a88d
"std::array<std::array<chess::Move,64>,64>::operator[]",0.069995,0.0,15.1,0.0,0.0,0.0,0.0,0.0,0.0,0.0,0.0,0.0,223306699,50601518,0,frankycpp_v1.8.exe,"std::array<std::array<chess::Move,64>,64>::operator[]",array,0x1402632e0
chess::Value::operator int,0.068995,0.0,16.1,0.0,0.0,0.0,0.0,0.7,0.0,0.0,0.0,0.0,243407302,134004020,0,frankycpp_v1.8.exe,chess::Value::operator int,value.h,0x14025db39
"std::array<std::array<unsigned __int64,64>,16>::operator[]",0.068995,0.0,9.4,0.0,0.0,0.0,0.0,0.0,0.0,0.0,0.0,0.0,163504905,70602118,0,frankycpp_v1.8.exe,"std::array<std::array<unsigned __int64,64>,16>::operator[]",array,0x14025da9b
chess::Bitboard::operator|=,0.065996,7.7,5.6,0.0,0.0,0.0,0.0,,0.0,0.0,0.0,0.0,289608688,188605658,0,frankycpp_v1.8.exe,chess::Bitboard::operator|=,bitboard.h,0x14026aa0b
"std::_Atomic_storage<unsigned __int64,8>::store",0.065996,26.3,11.6,19.3,19.3,3.9,0.0,50.5,0.0,0.0,17.7,0.7,98102943,108403252,0,frankycpp_v1.8.exe,"std::_Atomic_storage<unsigned __int64,8>::store",atomic,0x14026dad2
chess::operator&,0.064996,0.0,0.0,0.0,0.0,3.0,0.0,5.3,0.0,0.0,0.0,0.0,362410872,194805844,0,frankycpp_v1.8.exe,chess::operator&,bitboard.h,0x14025c96a
chess::operator&,0.064996,0.0,7.2,0.0,0.0,0.0,0.0,0.0,0.0,0.0,0.0,0.0,248507455,114803444,0,frankycpp_v1.8.exe,chess::operator&,bitboard.h,0x14022044e
chess::Bitboard::popLSB,0.063996,0.0,22.3,0.0,0.0,0.0,0.0,0.0,0.0,0.0,0.0,0.0,216206486,117803534,0,frankycpp_v1.8.exe,chess::Bitboard::popLSB,bitboard.h,0x140263eb2
chess::Color::sign,0.063996,0.0,11.7,0.0,0.0,0.0,0.0,6.7,0.0,0.0,0.0,0.0,202006060,292608778,0,frankycpp_v1.8.exe,chess::Color::sign,color.h,0x140263598
chess::operator&,0.063996,0.0,0.0,0.0,0.0,0.0,0.0,0.0,0.0,0.0,0.0,0.0,113103393,52801584,0,frankycpp_v1.8.exe,chess::operator&,bitboard.h,0x14026b38f
chess::operator&,0.063996,42.1,9.7,0.0,6.4,9.7,0.0,,0.0,0.0,0.0,0.0,249807494,152804584,0,frankycpp_v1.8.exe,chess::operator&,bitboard.h,0x14025c5bc
std::countr_zero,0.063996,0.0,7.3,0.0,0.0,0.0,0.0,0.0,0.0,,,,167605028,105603168,0,frankycpp_v1.8.exe,std::countr_zero,bit,0x14026b310
chess::Bitboard::operator bool,0.062996,0.0,0.0,0.0,0.0,0.0,0.0,0.0,0.0,0.0,0.0,0.0,265907977,193505805,0,frankycpp_v1.8.exe,chess::Bitboard::operator bool,bitboard.h,0x140263e95
"std::array<chess::Bitboard,64>::operator[]",0.062996,0.0,10.8,0.0,2.7,0.0,0.0,,,,,,327809834,244507335,550231,frankycpp_v1.8.exe,"std::array<chess::Bitboard,64>::operator[]",array,0x14026ab1e
chess::operator&,0.060996,0.0,15.0,0.0,0.0,0.0,0.0,0.0,0.0,0.0,0.0,0.0,84902547,15800474,0,frankycpp_v1.8.exe,chess::operator&,bitboard.h,0x14026b546
chess::operator&,0.059996,46.2,40.4,0.0,7.3,22.0,0.0,0.0,0.0,,,,214906447,133003990,0,frankycpp_v1.8.exe,chess::operator&,bitboard.h,0x14025c5db
chess::operator|,0.059996,0.0,0.0,0.0,0.0,0.0,0.0,0.0,0.0,0.0,0.0,0.0,151204536,73002190,0,frankycpp_v1.8.exe,chess::operator|,bitboard.h,0x14029efd3
chess::operator&,0.058996,0.0,15.0,0.0,0.0,0.0,0.0,0.0,0.0,0.0,0.0,0.0,318409552,172405172,0,frankycpp_v1.8.exe,chess::operator&,bitboard.h,0x14025c9c8
chess::colorOf,0.057996,0.0,0.0,0.0,0.0,0.0,4.5,8.2,0.0,0.0,0.0,0.0,116203486,69602088,0,frankycpp_v1.8.exe,chess::colorOf,piece.h,0x14025da89
engine::Search::stopConditions,0.057996,0.0,4.0,4.0,0.0,0.0,0.0,51.2,0.0,0.0,0.0,0.0,112603378,67202016,0,frankycpp_v1.8.exe,engine::Search::stopConditions(void),Search.cpp,0x140225c90
engine::Search::thread,0.056996,12.5,14.1,0.0,3.5,0.0,0.0,,0.0,0.0,0.0,0.0,104903147,21500645,0,frankycpp_v1.8.exe,engine::Search::thread,Search.h,0x140221288
"std::_Atomic_address_as<char,struct std::_Atomic_padded<bool> >",0.055996,20.0,0.0,0.0,0.0,0.0,0.0,9.7,0.0,0.0,0.0,0.0,63901917,37701131,0,frankycpp_v1.8.exe,"std::_Atomic_address_as<char,struct std::_Atomic_padded<bool> >(struct std::_Atomic_padded<bool> const &)",xatomic.h,0x140160720
std::ranges::_Sort_fn::operator(),0.055996,0.0,7.8,0.0,0.0,0.0,0.0,0.0,0.0,0.0,0.0,0.0,117903537,21500645,0,frankycpp_v1.8.exe,std::ranges::_Sort_fn::operator(),algorithm,0x14026312e
chess::operator&,0.054996,0.0,9.1,0.0,0.0,0.0,0.0,0.0,0.0,0.0,0.0,0.0,87502625,22000660,0,frankycpp_v1.8.exe,chess::operator&,bitboard.h,0x14026b874
chess::operator*,0.054996,0.0,20.4,0.0,0.0,0.0,0.0,0.0,0.0,0.0,0.0,0.0,282708481,97402922,0,frankycpp_v1.8.exe,chess::operator*,value.h,0x14026a1f7
chess::operator<,0.054996,0.0,0.0,0.0,0.0,0.0,0.0,0.0,0.0,0.0,0.0,0.0,157904737,63801914,0,frankycpp_v1.8.exe,chess::operator<,file.h,0x14026b37a
"std::_Atomic_reinterpret_as<__int64,unsigned __int64>",0.054996,20.0,27.4,0.0,23.4,0.0,0.0,44.5,0.0,0.0,0.0,0.0,100103003,64201926,0,frankycpp_v1.8.exe,"std::_Atomic_reinterpret_as<__int64,unsigned __int64>(unsigned __int64 const & __ptr64)",atomic,0x140269030
chess::Bitboard::operator bool,0.052996,0.0,18.0,3.6,0.0,0.0,0.0,0.0,0.0,0.0,0.0,0.0,112703381,101203036,0,frankycpp_v1.8.exe,chess::Bitboard::operator bool,bitboard.h,0x140263ff9
chess::Bitboard::operator^=,0.052996,9.1,9.0,0.0,0.0,0.0,0.0,2.6,0.0,0.0,0.0,0.0,161604848,80002400,0,frankycpp_v1.8.exe,chess::Bitboard::operator^=,bitboard.h,0x14025daa9
chess::operator&,0.052996,0.0,21.4,0.0,0.0,0.0,0.0,0.0,0.0,,,,154404632,59801794,0,frankycpp_v1.8.exe,chess::operator&,bitboard.h,0x14026b6ad
chess::Position::getPieceBb,0.051997,0.0,8.5,8.5,0.0,0.0,0.0,0.0,0.0,0.0,0.0,0.0,171905157,115903477,0,frankycpp_v1.8.exe,chess::Position::getPieceBb,Position.h,0x140263e80
chess::operator+=,0.051997,0.0,21.3,0.0,0.0,0.0,0.0,0.0,0.0,0.0,0.0,0.0,95302859,36701101,0,frankycpp_v1.8.exe,chess::operator+=,value.h,0x14026b5d5
chess::operator<<,0.051997,0.0,0.0,0.0,0.0,0.0,0.0,0.0,0.0,0.0,0.0,0.0,101203036,27500825,0,frankycpp_v1.8.exe,chess::operator<<,bitboard.h,0x14026b38a
chess::operator~,0.051997,0.0,0.0,0.0,0.0,0.0,3.3,0.0,0.0,0.0,0.0,0.0,266507995,207106213,0,frankycpp_v1.8.exe,chess::operator~,color.h,0x14025c10b
chess::Attacks::detail::Magic::index,0.050997,11.1,17.5,0.0,0.0,0.0,4.4,0.0,0.0,0.4,0.1,0.0,150904527,68502055,0,frankycpp_v1.8.exe,chess::Attacks::detail::Magic::index,attacks.h,0x14016c985
chess::operator+,0.050997,0.0,0.0,0.0,0.0,0.0,0.0,0.0,0.0,,,,83002490,95802874,0,frankycpp_v1.8.exe,chess::operator+,direction.h,0x1402634d9
std::countr_zero,0.050997,0.0,23.4,0.0,0.0,0.0,0.0,0.0,0.0,0.0,0.0,0.0,151804554,51901557,0,frankycpp_v1.8.exe,std::countr_zero,bit,0x14026b825
std::popcount,0.050997,0.0,0.0,0.0,0.0,0.0,0.0,0.0,0.0,0.0,0.0,0.0,238507155,155604668,0,frankycpp_v1.8.exe,std::popcount,bit,0x14026a98d
chess::Bitboard::popLSB,0.049997,0.0,0.0,0.0,0.0,0.0,0.0,0.0,0.0,0.0,0.0,0.0,134604038,86902607,0,frankycpp_v1.8.exe,chess::Bitboard::popLSB,bitboard.h,0x14026b310
chess::Position::getPieceBb,0.049997,0.0,24.2,0.0,0.0,0.0,0.0,0.0,0.0,0.0,0.0,0.0,82002460,6600198,0,frankycpp_v1.8.exe,chess::Position::getPieceBb,Position.h,0x14026b55f
chess::operator&,0.049997,0.0,0.0,0.0,0.0,0.0,0.0,0.0,0.0,0.0,0.0,0.0,230606918,144104323,0,frankycpp_v1.8.exe,chess::operator&,bitboard.h,0x14029edfa
chess::operator&,0.049997,0.0,6.9,0.0,0.0,0.0,0.0,0.0,0.0,0.0,0.0,0.0,108003240,17600528,0,frankycpp_v1.8.exe,chess::operator&,bitboard.h,0x14026b57d
chess::operator&,0.049997,7.1,20.7,0.0,0.0,0.0,0.0,0.0,0.0,0.0,0.0,0.0,209906297,73802214,0,frankycpp_v1.8.exe,chess::operator&,bitboard.h,0x14026b8b2
chess::operator~,0.049997,0.0,0.0,0.0,0.0,0.0,0.0,0.0,0.0,0.0,0.0,0.0,188705661,71202136,0,frankycpp_v1.8.exe,chess::operator~,color.h,0x14022044a
chess::Bitboard::operator|=,0.048997,18.2,0.0,0.0,0.0,0.0,0.0,0.0,0.0,0.0,0.0,0.0,161604848,77502325,0,frankycpp_v1.8.exe,chess::Bitboard::operator|=,bitboard.h,0x14026aa15
chess::operator-,0.048997,0.0,9.9,0.0,0.0,0.0,0.0,0.0,0.0,0.0,0.0,0.0,161204836,71702151,0,frankycpp_v1.8.exe,chess::operator-,depth.h,0x1402201ea
"std::_Atomic_address_as<__int64,std::_Atomic_padded<unsigned __int64> >",0.048997,60.0,17.7,0.0,22.1,8.9,0.0,2.2,0.0,0.0,0.0,0.0,92002760,58201746,0,frankycpp_v1.8.exe,"std::_Atomic_address_as<__int64,std::_Atomic_padded<unsigned __int64> >",xatomic.h,0x140269040
std::min,0.048997,0.0,25.6,2.8,0.0,0.0,0.0,0.0,0.0,0.0,0.0,0.0,124003720,18700561,0,frankycpp_v1.8.exe,std::min,utility,0x14026b4f1
std::popcount,0.048997,0.0,35.8,0.0,0.0,0.0,0.0,0.0,0.0,0.0,0.0,0.0,158304749,91702751,0,frankycpp_v1.8.exe,std::popcount,bit,0x14026b677
chess::Position::isCapturingMove,0.047997,0.0,18.8,0.0,0.0,0.0,0.0,0.0,0.0,0.0,0.0,0.0,179505385,70302109,0,frankycpp_v1.8.exe,chess::Position::isCapturingMove,Position.h,0x14022044a
chess::operator|,0.047997,0.0,9.8,0.0,0.0,0.0,0.0,0.0,0.0,0.0,0.0,0.0,99502985,59801794,0,frankycpp_v1.8.exe,chess::operator|,bitboard.h,0x14026b866
chess::typeOf,0.047997,0.0,0.0,0.0,0.0,0.0,0.0,0.0,0.0,0.0,0.0,0.0,130803924,41901257,0,frankycpp_v1.8.exe,chess::typeOf,piece.h,0x140263f53
engine::Search::search::__l2::<lambda_1>::operator(),0.046997,0.0,23.4,0.0,0.0,0.0,0.0,0.0,14.8,0.0,0.0,0.0,175105253,81002430,0,frankycpp_v1.8.exe,engine::Search::search::__l2::<lambda_1>::operator(),Search.cpp,0x14021fb56
chess::Position::clearEnPassant,0.045997,0.0,0.0,0.0,0.0,0.0,0.0,,0.0,0.0,0.0,0.0,203406102,50801524,0,frankycpp_v1.8.exe,chess::Position::clearEnPassant,Position.cpp,0x14025c05c
chess::Position::getPieceBb,0.045997,0.0,24.0,0.0,0.0,0.0,0.0,0.0,0.0,0.0,0.0,0.0,171105133,54701641,0,frankycpp_v1.8.exe,chess::Position::getPieceBb,Position.h,0x14026b1fb
chess::operator&,0.045997,0.0,4.5,0.0,4.5,22.7,0.0,0.0,0.0,0.0,0.0,0.0,254207626,139004170,0,frankycpp_v1.8.exe,chess::operator&,bitboard.h,0x14025c5f7
engine::Search::valueToTt,0.045997,25.0,0.0,0.0,5.7,0.0,0.0,0.0,0.0,,,,224106723,79502385,0,frankycpp_v1.8.exe,"engine::Search::valueToTt(class chess::Value,enum chess::Depth)",Search.cpp,0x140221970
"std::_Atomic_storage<unsigned __int64,8>::load",0.045997,0.0,4.2,0.0,8.3,0.0,0.0,0.0,0.0,0.7,3.7,0.0,104203126,74802244,0,frankycpp_v1.8.exe,"std::_Atomic_storage<unsigned __int64,8>::load",atomic,0x14026d855
"std::array<chess::HistoryState,1024>::operator[]",0.045997,25.0,5.0,0.0,20.1,0.0,0.0,0.0,0.0,0.0,0.0,0.0,93502805,39301179,0,frankycpp_v1.8.exe,"std::array<chess::HistoryState,1024>::operator[]",array,0x14025c1da
"std::array<engine::TT::Stats,256>::operator[]",0.045997,0.0,0.0,0.0,8.7,0.0,0.0,,0.0,,,,115003450,88002640,0,frankycpp_v1.8.exe,"std::array<engine::TT::Stats,256>::operator[]",array,0x14026da59
std::popcount,0.045997,5.9,0.0,3.5,0.0,0.0,0.0,,0.0,,,,213806414,166905007,0,frankycpp_v1.8.exe,std::popcount,bit,0x14026ab5d
chess::StaticMoveList<128>::pop_back,0.044997,0.0,0.0,0.0,27.7,0.0,0.0,0.0,0.0,0.0,0.0,0.0,92502775,43501305,0,frankycpp_v1.8.exe,chess::StaticMoveList<128>::pop_back,staticmovelist.h,0x1402209f7
chess::operator&,0.044997,0.0,0.0,0.0,0.0,0.0,0.0,0.0,0.0,,,,158404752,102903087,0,frankycpp_v1.8.exe,chess::operator&,bitboard.h,0x14029f003
engine::TT::prefetch,0.043997,20.0,18.8,0.0,9.4,0.0,0.0,1.9,9.5,0.0,0.0,0.0,137904137,72002160,0,frankycpp_v1.8.exe,engine::TT::prefetch,TT.h,0x1402214a3
chess::Position::getPieceBb,0.042997,0.0,0.0,0.0,0.0,0.0,0.0,0.0,0.0,0.0,0.0,0.0,175705271,33501005,0,frankycpp_v1.8.exe,chess::Position::getPieceBb,Position.h,0x14026b8bd
chess::operator*,0.042997,0.0,18.8,0.0,0.0,0.0,0.0,0.0,0.0,0.0,0.0,0.0,158204746,51501545,0,frankycpp_v1.8.exe,chess::operator*,value.h,0x14026a1bd
chess::typeOf,0.042997,0.0,0.0,0.0,0.0,0.0,0.0,0.0,0.0,,,,124803744,60601818,0,frankycpp_v1.8.exe,chess::typeOf,piece.h,0x14022140b
chess::Position::getPieceBb,0.041997,21.4,8.6,0.0,0.0,0.0,8.6,0.0,0.0,0.0,0.0,0.0,149904497,95702871,0,frankycpp_v1.8.exe,chess::Position::getPieceBb,Position.h,0x14026a767
chess::Position::getPieceBb,0.041997,0.0,29.4,0.0,0.0,0.0,0.0,0.0,0.0,0.0,0.0,0.0,113003390,32500975,0,frankycpp_v1.8.exe,chess::Position::getPieceBb,Position.h,0x14026b8a1
chess::Value::operator int,0.041997,0.0,13.6,4.5,0.0,0.0,0.0,0.0,0.0,0.0,0.0,0.0,183405502,139404182,0,frankycpp_v1.8.exe,chess::Value::operator int,value.h,0x14025da26
"std::array<chess::Value,32>::operator[]",0.041997,0.0,0.0,0.0,0.0,0.0,0.0,0.0,0.0,0.0,0.0,0.0,167005010,73502205,0,frankycpp_v1.8.exe,"std::array<chess::Value,32>::operator[]",array,0x14029ec58
std::popcount,0.041997,0.0,46.6,0.0,0.0,0.0,0.0,0.0,0.0,0.0,0.0,0.0,74902247,59501785,0,frankycpp_v1.8.exe,std::popcount,bit,0x14026b8e0
chess::Bitboard::{ctor},0.040997,0.0,0.0,0.0,0.0,0.0,0.0,0.0,0.0,0.0,0.0,0.0,161604848,86002580,0,frankycpp_v1.8.exe,chess::Bitboard::{ctor},bitboard.h,0x14029f017
chess::MoveGenerator::getEvasionTargets,0.040997,0.0,0.0,0.0,17.2,0.0,0.0,7.6,0.0,0.0,0.0,0.0,213106393,159804794,0,frankycpp_v1.8.exe,chess::MoveGenerator::getEvasionTargets(class chess::Position const &),MoveGenerator.cpp,0x140263350
chess::operator&,0.040997,0.0,15.6,0.0,0.0,0.0,0.0,0.0,0.0,0.0,0.0,0.0,205106153,92502775,0,frankycpp_v1.8.exe,chess::operator&,bitboard.h,0x14026af33
chess::operator&,0.040997,0.0,0.0,0.0,0.0,10.2,0.0,0.0,0.0,0.0,0.0,0.0,244007320,111103333,0,frankycpp_v1.8.exe,chess::operator&,bitboard.h,0x14025c981
chess::operator~,0.040997,0.0,6.3,6.3,0.0,0.0,0.0,0.0,0.0,0.0,0.0,0.0,90902727,46001380,0,frankycpp_v1.8.exe,chess::operator~,color.h,0x14025c1cc
chess::Bitboard::operator bool,0.039997,0.0,0.0,0.0,0.0,0.0,0.0,0.0,0.0,,,,76402292,91702751,0,frankycpp_v1.8.exe,chess::Bitboard::operator bool,bitboard.h,0x140263a21
chess::Move::stripped,0.039997,0.0,0.0,5.3,0.0,0.0,0.0,0.0,0.0,0.0,0.0,0.0,101703051,58501755,0,frankycpp_v1.8.exe,chess::Move::stripped,move.h,0x140261262
chess::operator&,0.039997,0.0,0.0,0.0,0.0,0.0,0.0,0.0,0.0,0.0,0.0,0.0,82902487,40701221,0,frankycpp_v1.8.exe,chess::operator&,bitboard.h,0x14026b395
chess::operator&,0.039997,0.0,15.3,0.0,0.0,0.0,0.0,0.0,0.0,0.0,0.0,0.0,140304209,93802814,0,frankycpp_v1.8.exe,chess::operator&,bitboard.h,0x14026afb0
chess::operator~,0.039997,0.0,0.0,0.0,0.0,0.0,0.0,0.0,0.0,0.0,0.0,0.0,99202976,30800924,0,frankycpp_v1.8.exe,chess::operator~,color.h,0x14026b1ef
engine::Search::thread,0.039997,0.0,58.8,0.0,7.3,0.0,0.0,43.8,0.0,0.0,0.0,0.0,59601788,23600708,0,frankycpp_v1.8.exe,engine::Search::thread,Search.h,0x14021f48a
chess::Bitboard::operator bool,0.038997,0.0,10.1,0.0,0.0,0.0,0.0,0.0,0.0,0.0,0.0,0.0,102603078,38301149,0,frankycpp_v1.8.exe,chess::Bitboard::operator bool,bitboard.h,0x14026b88c
chess::Bitboard::popLSB,0.038997,0.0,10.6,0.0,0.0,0.0,0.0,0.0,0.0,,,,46301389,13600408,0,frankycpp_v1.8.exe,chess::Bitboard::popLSB,bitboard.h,0x14026b842
chess::operator|,0.038997,0.0,0.0,0.0,0.0,0.0,0.0,0.0,0.0,0.0,0.0,0.0,120803624,71802154,0,frankycpp_v1.8.exe,chess::operator|,bitboard.h,0x14029eef7
"std::array<chess::Value,25>::operator[]",0.038997,0.0,11.3,0.0,0.0,0.0,0.0,0.0,0.0,0.0,0.0,0.0,73502205,57201716,0,frankycpp_v1.8.exe,"std::array<chess::Value,25>::operator[]",array,0x140264032
chess::Position::getLastMove,0.037997,0.0,19.3,0.0,0.0,0.0,0.0,0.0,0.0,0.8,0.0,0.0,120503615,15200456,0,frankycpp_v1.8.exe,chess::Position::getLastMove,Position.h,0x1402632bb
chess::operator&,0.037997,0.0,0.0,0.0,0.0,0.0,0.0,0.0,0.0,0.0,0.0,0.0,194405832,101303039,0,frankycpp_v1.8.exe,chess::operator&,bitboard.h,0x14026b8da
chess::operator|,0.037997,0.0,10.6,0.0,0.0,0.0,0.0,,0.0,,,,135604068,73502205,0,frankycpp_v1.8.exe,chess::operator|,bitboard.h,0x14029efe6
chess::operator|,0.037997,0.0,0.0,0.0,0.0,0.0,0.0,0.0,0.0,0.4,0.0,0.0,277508325,272008160,0,frankycpp_v1.8.exe,chess::operator|,bitboard.h,0x14029ef5c
std::atomic<bool>::operator bool,0.037997,0.0,11.3,0.0,0.0,0.0,0.0,0.0,0.0,0.0,0.0,0.0,40101203,21700651,0,frankycpp_v1.8.exe,std::atomic<bool>::operator bool,atomic,0x140225cfb
std::optional<engine::PawnTT::Entry>::{ctor},0.037997,7.7,32.2,0.0,32.2,0.0,0.0,0.0,0.0,0.0,0.0,0.0,112703381,118503555,0,frankycpp_v1.8.exe,std::optional<engine::PawnTT::Entry>::{ctor},optional,0x140267946
chess::operator&,0.036998,0.0,0.0,0.0,0.0,0.0,0.0,0.0,0.0,0.0,0.0,0.0,205506165,136104083,0,frankycpp_v1.8.exe,chess::operator&,bitboard.h,0x14025c9af
chess::operator+=,0.036998,7.1,0.0,0.0,0.0,10.6,0.0,41.6,0.0,0.3,7.7,0.5,169505085,132203966,0,frankycpp_v1.8.exe,chess::operator+=,value.h,0x14026a302
"std::array<chess::Value,25>::operator[]",0.036998,0.0,0.0,0.0,0.0,0.0,0.0,0.0,0.0,0.0,0.0,0.0,64101923,72102163,0,frankycpp_v1.8.exe,"std::array<chess::Value,25>::operator[]",array,0x14026374a
chess::Direction::operator int,0.035998,0.0,15.1,5.0,0.0,0.0,0.0,0.0,0.0,0.0,0.0,0.0,103103093,97902937,0,frankycpp_v1.8.exe,chess::Direction::operator int,direction.h,0x1402656a0
chess::Position::getKingSquare,0.035998,0.0,12.0,0.0,0.0,0.0,0.0,0.0,0.0,0.0,0.0,0.0,104003120,37901137,0,frankycpp_v1.8.exe,chess::Position::getKingSquare,Position.h,0x14026b008
chess::Value::isCheckMate,0.035998,0.0,19.9,0.0,0.0,9.9,0.0,53.4,0.0,0.0,0.0,0.0,73502205,37901137,0,frankycpp_v1.8.exe,chess::Value::isCheckMate,value.h,0x1402219b4
std::popcount,0.035998,0.0,0.0,0.0,0.0,0.0,0.0,0.0,0.0,0.0,0.0,0.0,102703081,34901047,0,frankycpp_v1.8.exe,std::popcount,bit,0x14026b8c8
chess::Bitboard::operator|=,0.034998,0.0,0.0,0.0,0.0,0.0,0.0,0.0,0.0,0.0,0.0,0.0,185505565,55801674,0,frankycpp_v1.8.exe,chess::Bitboard::operator|=,bitboard.h,0x14026ae41
chess::Move::from,0.034998,14.3,0.0,0.0,11.7,0.0,0.0,0.6,0.0,0.0,0.0,0.0,71602148,34801044,0,frankycpp_v1.8.exe,chess::Move::from,move.h,0x14025c33f
chess::StaticMoveList<256>::push_back,0.034998,0.0,0.0,13.1,0.0,0.0,0.0,0.0,13.4,0.0,0.0,0.0,90902727,82302469,0,frankycpp_v1.8.exe,chess::StaticMoveList<256>::push_back,staticmovelist.h,0x140263786
chess::Value::operator int,0.034998,9.1,12.7,0.0,6.3,0.0,0.0,0.0,0.0,0.0,0.0,0.0,155404662,100503015,0,frankycpp_v1.8.exe,chess::Value::operator int,value.h,0x14025da36
chess::operator*,0.034998,0.0,54.4,0.0,0.0,0.0,0.0,0.0,0.0,0.0,0.0,0.0,98402952,373411202,0,frankycpp_v1.8.exe,chess::operator*,value.h,0x140269dbc
chess::operator+=,0.033998,0.0,15.6,0.0,0.0,0.0,0.0,0.0,0.0,0.0,0.0,0.0,115303459,57701731,0,frankycpp_v1.8.exe,chess::operator+=,value.h,0x14026aa69
chess::operator|,0.033998,0.0,16.7,0.0,0.0,8.3,16.7,0.0,0.0,,,,102203066,65301959,0,frankycpp_v1.8.exe,chess::operator|,bitboard.h,0x14029eed8
chess::typeOf,0.033998,0.0,0.0,0.0,0.0,0.0,0.0,0.0,0.0,,,,204306129,124803744,0,frankycpp_v1.8.exe,chess::typeOf,piece.h,0x14029ebe1
std::popcount,0.033998,0.0,14.1,0.0,0.0,0.0,0.0,0.0,0.0,,,,106403192,50601518,0,frankycpp_v1.8.exe,std::popcount,bit,0x14026aa37
chess::Value::operator int,0.032998,33.3,13.1,0.0,0.0,0.0,0.0,0.0,0.0,,,,137404122,75402262,0,frankycpp_v1.8.exe,chess::Value::operator int,value.h,0x14025db26
chess::Value::operator int,0.032998,0.0,26.7,0.0,6.7,0.0,0.0,0.0,0.0,0.0,0.0,0.0,90802724,66101983,0,frankycpp_v1.8.exe,chess::Value::operator int,value.h,0x14025dafe
chess::operator&,0.032998,0.0,15.3,0.0,0.0,0.0,0.0,0.0,0.0,0.0,0.0,0.0,149204476,65401962,0,frankycpp_v1.8.exe,chess::operator&,bitboard.h,0x140263ef5
chess::Direction::pawnPush,0.031998,0.0,17.9,0.0,0.0,0.0,0.0,,0.0,0.0,0.0,0.0,70702121,130503915,0,frankycpp_v1.8.exe,chess::Direction::pawnPush,direction.h,0x14026370a
std::atomic<unsigned __int64>::{ctor},0.031998,0.0,13.6,0.0,0.0,0.0,6.8,6.8,0.0,0.0,0.0,0.0,151204536,112003360,0,frankycpp_v1.8.exe,std::atomic<unsigned __int64>::{ctor},atomic,0x14026691f
chess::Bitboard::popLSB,0.030998,0.0,10.6,0.0,0.0,0.0,0.0,0.0,0.0,0.0,0.0,0.0,196305889,76002280,0,frankycpp_v1.8.exe,chess::Bitboard::popLSB,bitboard.h,0x14026a9e0
chess::Square::rank,0.030998,0.0,0.0,0.0,0.0,0.0,0.0,0.0,0.0,,,,147104413,86802604,0,frankycpp_v1.8.exe,chess::Square::rank,square.h,0x14026aefd
chess::operator-,0.030998,0.0,9.8,0.0,0.0,0.0,0.0,0.0,0.0,0.0,0.0,0.0,180305409,68602058,0,frankycpp_v1.8.exe,chess::operator-,value.h,0x14029ed9d
chess::typeOf,0.030998,50.0,0.0,0.0,0.0,0.0,0.0,,0.0,0.0,0.0,0.0,122003660,65301959,0,frankycpp_v1.8.exe,chess::typeOf,piece.h,0x14025c091
"std::unique_ptr<engine::PawnTT::Entry [0],std::default_delete<engine::PawnTT::Entry [0]> >::operator[]",0.030998,0.0,19.3,0.0,9.7,0.0,0.0,0.0,0.0,0.0,0.0,0.0,142304269,137504125,0,frankycpp_v1.8.exe,"std::unique_ptr<engine::PawnTT::Entry [0],std::default_delete<engine::PawnTT::Entry [0]> >::operator[]",memory,0x14026791f
func@0x140cbc720,0.029998,7.1,15.3,76.5,0.0,0.0,0.0,0.0,0.0,0.0,0.0,0.0,0,0,0,nvlddmkm.sys,func@0x140cbc720,[Unknown],0x140cbc720
std::atomic<bool>::operator bool,0.029998,0.0,15.6,0.0,7.8,0.0,0.0,13.6,0.0,0.0,0.0,0.0,144304329,70402112,0,frankycpp_v1.8.exe,std::atomic<bool>::operator bool,atomic,0x140225c94
std::countr_zero,0.029998,0.0,12.5,0.0,0.0,0.0,0.0,13.4,0.0,0.0,0.0,0.0,65901977,61001830,0,frankycpp_v1.8.exe,std::countr_zero,bit,0x14026a950
chess::Bitboard::operator bool,0.028998,0.0,11.7,0.0,0.0,0.0,0.0,0.0,0.0,0.0,0.0,0.0,74302229,50401512,0,frankycpp_v1.8.exe,chess::Bitboard::operator bool,bitboard.h,0x140264200
chess::Position::checkInsufficientMaterial,0.028998,0.0,71.7,0.0,0.0,0.0,0.0,0.0,0.0,0.0,0.0,0.0,101703051,73502205,0,frankycpp_v1.8.exe,chess::Position::checkInsufficientMaterial(void),Position.cpp,0x14025cce0
"std::_Atomic_storage<unsigned __int64,8>::store",0.028998,0.0,6.7,0.0,13.4,0.0,0.0,0.0,0.0,0.0,0.0,0.0,33401002,23100693,0,frankycpp_v1.8.exe,"std::_Atomic_storage<unsigned __int64,8>::store",atomic,0x14026d95f
chess::Bitboard::popLSB,0.027998,0.0,0.0,0.0,0.0,8.7,0.0,0.0,0.0,,,,90702721,70202106,0,frankycpp_v1.8.exe,chess::Bitboard::popLSB,bitboard.h,0x14026aad0
chess::Move::operator==,0.027998,0.0,17.5,0.0,0.0,8.7,0.0,0.0,0.0,0.0,0.0,0.0,103903117,28700861,0,frankycpp_v1.8.exe,chess::Move::operator==,PVTable.h,0x140263248
chess::operator-,0.027998,40.0,26.2,13.1,13.1,0.0,0.0,0.0,0.0,0.0,0.0,0.0,54201626,43101293,0,frankycpp_v1.8.exe,chess::operator-,value.h,0x140221565
chess::operator|,0.027998,0.0,24.5,0.0,0.0,0.0,0.0,0.0,0.0,0.0,0.0,0.0,72302169,49801494,0,frankycpp_v1.8.exe,chess::operator|,bitboard.h,0x14029ef0a
"std::unique_ptr<engine::PawnTT::Entry [0],std::default_delete<engine::PawnTT::Entry [0]> >::operator[]",0.027998,10.0,0.0,0.0,6.6,0.0,0.0,0.0,0.0,0.0,0.0,0.0,23100693,6600198,0,frankycpp_v1.8.exe,"std::unique_ptr<engine::PawnTT::Entry [0],std::default_delete<engine::PawnTT::Entry [0]> >::operator[]",memory,0x1402214d9
chess::Bitboard::popLSB,0.026998,0.0,23.7,0.0,0.0,0.0,0.0,0.0,0.0,,,,52901587,19500585,0,frankycpp_v1.8.exe,chess::Bitboard::popLSB,bitboard.h,0x140263f45
chess::Square::file,0.026998,0.0,14.4,0.0,0.0,0.0,0.0,,0.0,,,,62401872,43001290,0,frankycpp_v1.8.exe,chess::Square::file,square.h,0x14026b236
chess::Square::pawnPush,0.026998,0.0,50.7,0.0,0.0,0.0,0.0,0.0,0.0,,,,84302529,46301389,0,frankycpp_v1.8.exe,chess::Square::pawnPush,square.h,0x14025c0b5
chess::Bitboard::operator|=,0.025998,0.0,16.7,0.0,0.0,0.0,0.0,0.0,0.0,0.0,0.0,0.0,117003510,93402802,0,frankycpp_v1.8.exe,chess::Bitboard::operator|=,bitboard.h,0x140269ec5
chess::Position::doNullMove,0.025998,0.0,23.0,0.0,0.0,0.0,0.0,0.0,0.0,0.0,0.0,0.0,49001470,7000210,0,frankycpp_v1.8.exe,chess::Position::doNullMove(void),Position.cpp,0x14025c3e0
chess::Position::getGamePhaseFactor,0.025998,0.0,37.7,0.0,0.0,0.0,0.0,,0.0,,,,301409042,84702541,0,frankycpp_v1.8.exe,chess::Position::getGamePhaseFactor,Position.h,0x140269d4b
chess::StaticMoveList<256>::push_back,0.025998,0.0,0.0,0.0,0.0,0.0,0.0,53.4,0.0,0.0,0.0,0.0,64801944,37601128,550231,frankycpp_v1.8.exe,chess::StaticMoveList<256>::push_back,staticmovelist.h,0x14026433f
"std::array<unsigned __int64,64>::operator[]",0.025998,16.7,31.5,0.0,10.5,0.0,0.0,0.0,0.0,,,,92802784,57001710,0,frankycpp_v1.8.exe,"std::array<unsigned __int64,64>::operator[]",array,0x14025d9ba
std::popcount,0.025998,0.0,0.0,0.0,0.0,0.0,0.0,0.0,0.0,0.0,0.0,0.0,36001080,4400132,0,frankycpp_v1.8.exe,std::popcount,bit,0x14026b585
std::popcount,0.025998,0.0,0.0,0.0,0.0,0.0,0.0,0.0,0.0,0.0,0.0,0.0,32700981,14700441,0,frankycpp_v1.8.exe,std::popcount,bit,0x14026b7fb
chess::Bitboard::operator bool,0.024998,0.0,0.0,0.0,0.0,0.0,0.0,0.0,0.0,0.0,0.0,0.0,82602478,52801584,0,frankycpp_v1.8.exe,chess::Bitboard::operator bool,bitboard.h,0x14026b34d
chess::Position::getPiece,0.024998,0.0,0.0,0.0,0.0,0.0,0.0,0.0,0.0,,,,119203576,76002280,0,frankycpp_v1.8.exe,chess::Position::getPiece,Position.h,0x14029ebdd
chess::StaticMoveList<256>::empty,0.024998,16.7,0.0,7.3,0.0,0.0,0.0,44.5,0.0,0.0,0.0,0.0,61801854,35401062,0,frankycpp_v1.8.exe,chess::StaticMoveList<256>::empty,staticmovelist.h,0x140263122
chess::colorOf,0.024998,0.0,50.7,0.0,0.0,0.0,0.0,0.0,0.0,0.0,0.0,0.0,85402562,77402322,0,frankycpp_v1.8.exe,chess::colorOf,piece.h,0x14025d962
chess::operator+,0.024998,0.0,0.0,0.0,0.0,0.0,0.0,,0.0,,,,81302439,41201236,0,frankycpp_v1.8.exe,chess::operator+,depth.h,0x1402203ed
engine::Search::thread,0.024998,40.0,9.4,9.4,18.8,0.0,0.0,0.0,0.0,0.0,5.3,0.4,32500975,40201206,0,frankycpp_v1.8.exe,engine::Search::thread,Search.h,0x140221042
std::max,0.024998,0.0,21.6,0.0,0.0,0.0,0.0,0.0,0.0,,,,94002820,48801464,0,frankycpp_v1.8.exe,std::max,utility,0x14029ec7f
chess::StaticMoveList<256>::empty,0.023998,0.0,33.4,0.0,0.0,0.0,0.0,,0.0,0.0,0.0,0.0,88302649,45301359,0,frankycpp_v1.8.exe,chess::StaticMoveList<256>::empty,staticmovelist.h,0x140261213
chess::operator&,0.023998,0.0,0.0,0.0,0.0,0.0,0.0,0.0,0.0,0.0,0.0,0.0,138104143,105503165,0,frankycpp_v1.8.exe,chess::operator&,bitboard.h,0x14026abf9
chess::operator<,0.023998,0.0,19.3,0.0,0.0,0.0,0.0,0.0,0.0,0.0,0.0,0.0,57901737,32400972,0,frankycpp_v1.8.exe,chess::operator<,file.h,0x14026b250
std::countr_zero,0.023998,16.7,0.0,8.2,0.0,0.0,0.0,0.0,0.0,,,,59901797,55101653,0,frankycpp_v1.8.exe,std::countr_zero,bit,0x140264124
chess::Bitboard::operator|=,0.022998,0.0,0.0,0.0,0.0,0.0,0.0,0.0,0.0,0.0,0.0,0.0,101003030,91802754,0,frankycpp_v1.8.exe,chess::Bitboard::operator|=,bitboard.h,0x14026ab36
chess::CastlingRights::operator-=,0.022998,11.1,0.0,0.0,0.0,0.0,0.0,0.0,0.0,0.0,0.0,0.0,143604308,58101743,0,frankycpp_v1.8.exe,chess::CastlingRights::operator-=,castlingrights.h,0x14025c03f
chess::Move::type,0.022998,0.0,17.9,0.0,0.0,0.0,0.0,0.0,0.0,0.0,0.0,0.0,75802274,40701221,0,frankycpp_v1.8.exe,chess::Move::type,move.h,0x1402213d9
chess::Position::getPieceBb,0.022998,0.0,0.0,0.0,0.0,0.0,0.0,0.0,0.0,0.0,0.0,0.0,122903687,69502085,0,frankycpp_v1.8.exe,chess::Position::getPieceBb,Position.h,0x14029ee2a
chess::Value::isCheckMate,0.022998,0.0,13.9,0.0,6.9,0.0,0.0,0.0,0.0,0.0,0.0,0.0,252707581,85702571,0,frankycpp_v1.8.exe,chess::Value::isCheckMate,value.h,0x140221974
chess::Value::{ctor},0.022998,0.0,0.0,0.0,0.0,0.0,0.0,0.0,0.0,0.0,0.0,0.0,54701641,41501245,0,frankycpp_v1.8.exe,chess::Value::{ctor},value.h,0x14029ec75
chess::operator+,0.022998,0.0,0.0,0.0,0.0,0.0,0.0,0.0,0.0,0.0,0.0,0.0,53101593,28800864,0,frankycpp_v1.8.exe,chess::operator+,value.h,0x140221418
chess::operator+=,0.022998,0.0,0.0,0.0,0.0,0.0,0.0,,0.0,,,,119703591,136504095,0,frankycpp_v1.8.exe,chess::operator+=,value.h,0x14026ab92
"std::_Atomic_storage<unsigned __int64,8>::load",0.022998,0.0,0.0,29.0,0.0,0.0,0.0,0.0,0.0,,,,8800264,4400132,0,frankycpp_v1.8.exe,"std::_Atomic_storage<unsigned __int64,8>::load",atomic,0x140267738
chess::Bitboard::operator^=,0.021999,0.0,0.0,0.0,0.0,0.0,0.0,0.0,0.0,0.0,0.0,0.0,87702631,54301629,0,frankycpp_v1.8.exe,chess::Bitboard::operator^=,bitboard.h,0x14029eced
chess::Position::getNextPlayer,0.021999,0.0,54.4,0.0,0.0,0.0,0.0,,0.0,,,,40801224,21700651,0,frankycpp_v1.8.exe,chess::Position::getNextPlayer,Position.h,0x1402631be
chess::Position::getPieceBb,0.021999,0.0,19.9,0.0,0.0,0.0,0.0,,0.0,,,,35701071,8900267,0,frankycpp_v1.8.exe,chess::Position::getPieceBb,Position.h,0x14026b7ec
chess::operator&,0.021999,0.0,0.0,0.0,0.0,0.0,0.0,0.0,0.0,,,,70502115,77102313,0,frankycpp_v1.8.exe,chess::operator&,bitboard.h,0x14025c7ad
chess::operator&,0.021999,0.0,71.7,0.0,0.0,0.0,0.0,0.0,0.0,0.0,0.0,0.0,60301809,32000960,0,frankycpp_v1.8.exe,chess::operator&,bitboard.h,0x14026b00e
chess::operator-,0.021999,0.0,17.5,0.0,0.0,0.0,0.0,0.0,0.0,,,,52201566,25700771,0,frankycpp_v1.8.exe,chess::operator-,value.h,0x14029ec53
chess::typeOf,0.021999,0.0,0.0,0.0,0.0,0.0,0.0,0.0,0.0,0.0,0.0,0.0,163804914,73702211,0,frankycpp_v1.8.exe,chess::typeOf,piece.h,0x14025c88f
engine::Search::thread,0.021999,0.0,17.9,0.0,0.0,0.0,0.0,0.0,0.0,0.0,0.0,0.0,73902217,11400342,0,frankycpp_v1.8.exe,engine::Search::thread,Search.h,0x1402200d4
"std::array<chess::HistoryState,1024>::operator[]",0.021999,12.5,27.2,0.0,0.0,0.0,0.0,0.0,0.0,,,,54201626,10000300,0,frankycpp_v1.8.exe,"std::array<chess::HistoryState,1024>::operator[]",array,0x14025bd38
chess::Bitboard::operator~,0.020999,0.0,0.0,0.0,0.0,0.0,0.0,0.0,0.0,0.0,0.0,0.0,25700771,2200066,0,frankycpp_v1.8.exe,chess::Bitboard::operator~,bitboard.h,0x14026b517
chess::operator+=,0.020999,0.0,17.1,0.0,0.0,0.0,0.0,0.0,0.0,0.0,0.0,0.0,116403492,55101653,0,frankycpp_v1.8.exe,chess::operator+=,value.h,0x140269d9a
chess::operator|,0.020999,0.0,0.0,0.0,0.0,0.0,0.0,0.0,0.0,0.0,0.0,0.0,76902307,43801314,0,frankycpp_v1.8.exe,chess::operator|,bitboard.h,0x14026a9e8
engine::Search::valueFromTt,0.020999,0.0,0.0,10.2,0.0,10.2,0.0,0.0,0.0,0.0,0.0,0.0,36001080,21700651,0,frankycpp_v1.8.exe,"engine::Search::valueFromTt(class chess::Value,enum chess::Depth)",Search.cpp,0x1402219b0
func@0x1400e34a0,0.020999,100.0,0.0,38.0,0.0,12.7,0.0,0.0,0.0,0.0,0.0,0.0,2200066,1100033,0,nvlddmkm.sys,func@0x1400e34a0,[Unknown],0x1400e34a0
chess::Bitboard::operator|=,0.019999,0.0,0.0,0.0,0.0,0.0,0.0,0.0,0.0,0.0,0.0,0.0,93302799,57401722,0,frankycpp_v1.8.exe,chess::Bitboard::operator|=,bitboard.h,0x14026a826
chess::Move::operator==,0.019999,0.0,0.0,0.0,0.0,0.0,0.0,2.7,0.0,0.0,0.0,0.0,43101293,8500255,0,frankycpp_v1.8.exe,chess::Move::operator==,PVTable.h,0x140263229
chess::StaticMoveList<256>::push_back,0.019999,0.0,0.0,0.0,0.0,0.0,0.0,0.0,0.0,0.0,0.0,0.0,46101383,86302589,0,frankycpp_v1.8.exe,chess::StaticMoveList<256>::push_back,staticmovelist.h,0x1402642da
engine::PVTable::clear,0.019999,0.0,0.0,24.5,0.0,0.0,0.0,,0.0,,,,20000600,11100333,0,frankycpp_v1.8.exe,engine::PVTable::clear,PVTable.h,0x14021f496
"std::array<chess::Move,128>::operator[]",0.019999,0.0,0.0,0.0,0.0,0.0,0.0,0.0,0.0,0.0,0.0,0.0,10400312,2200066,0,frankycpp_v1.8.exe,"std::array<chess::Move,128>::operator[]",array,0x140220eeb
"std::array<std::array<chess::Bitboard,64>,2>::operator[]",0.019999,0.0,0.0,0.0,0.0,0.0,0.0,0.0,0.0,0.0,0.0,0.0,98102943,74502235,0,frankycpp_v1.8.exe,"std::array<std::array<chess::Bitboard,64>,2>::operator[]",array,0x14026abeb
chess::Bitboard::operator|=,0.018999,0.0,0.0,0.0,0.0,0.0,0.0,0.0,0.0,0.0,0.0,0.0,122803684,47801434,0,frankycpp_v1.8.exe,chess::Bitboard::operator|=,bitboard.h,0x14026ae4e
chess::Position::getPieceBb,0.018999,0.0,0.0,0.0,0.0,0.0,0.0,0.0,0.0,0.0,0.0,0.0,27400822,5200156,0,frankycpp_v1.8.exe,chess::Position::getPieceBb,Position.h,0x14026b59a
chess::Value::operator int,0.018999,0.0,35.8,0.0,0.0,0.0,0.0,0.0,0.0,0.0,0.0,0.0,115803474,89402682,0,frankycpp_v1.8.exe,chess::Value::operator int,value.h,0x14025d9fe
chess::moveValueGreaterComparator::operator(),0.018999,0.0,0.0,0.0,0.0,0.0,0.0,0.0,0.0,,,,13200396,9200276,0,frankycpp_v1.8.exe,chess::moveValueGreaterComparator::operator(),move.h,0x1402647c0
chess::operator&,0.018999,0.0,25.3,25.3,0.0,0.0,0.0,0.0,0.0,0.0,0.0,0.0,45701371,38201146,0,frankycpp_v1.8.exe,chess::operator&,bitboard.h,0x140261671
chess::operator-,0.018999,20.0,58.0,19.3,0.0,0.0,0.0,21.4,0.0,0.0,0.0,0.0,51201536,23900717,0,frankycpp_v1.8.exe,chess::operator-,value.h,0x1402208b1
chess::operator>,0.018999,0.0,33.4,0.0,0.0,0.0,0.0,0.0,0.0,,,,34101023,8800264,0,frankycpp_v1.8.exe,chess::operator>,value.h,0x14021fc84
engine::PawnTT::getHash,0.018999,0.0,13.1,13.1,0.0,0.0,0.0,0.0,0.0,0.0,0.0,0.0,21700651,25700771,0,frankycpp_v1.8.exe,engine::PawnTT::getHash,PawnTT.h,0x140267918
func@0x140255da0,0.018999,66.7,23.7,0.0,47.4,0.0,0.0,0.0,0.0,0.0,0.0,0.0,1500045,0,0,ntoskrnl.exe,func@0x140255da0,[Unknown],0x140255da0
std::max,0.018999,0.0,0.0,7.3,0.0,0.0,0.0,0.0,0.0,,,,13200396,11000330,0,frankycpp_v1.8.exe,std::max,utility,0x140220f83
chess::Bitboard::operator~,0.017999,0.0,18.8,0.0,0.0,0.0,0.0,0.0,0.0,0.0,0.0,0.0,56001680,68102043,0,frankycpp_v1.8.exe,chess::Bitboard::operator~,bitboard.h,0x1402636f2
chess::Bitboard::popLSB,0.017999,0.0,0.0,0.0,0.0,0.0,0.0,0.0,0.0,,,,45101353,13200396,0,frankycpp_v1.8.exe,chess::Bitboard::popLSB,bitboard.h,0x14026a605
chess::Move::encode,0.017999,0.0,13.6,0.0,0.0,0.0,0.0,0.0,0.0,0.0,0.0,0.0,43101293,59401782,0,frankycpp_v1.8.exe,chess::Move::encode,move.h,0x14026377d
chess::Move::setValue,0.017999,0.0,26.2,0.0,0.0,0.0,0.0,0.0,0.0,0.0,0.0,0.0,57401722,11800354,0,frankycpp_v1.8.exe,chess::Move::setValue,move.h,0x140263304
chess::Position::getPiece,0.017999,0.0,0.0,0.0,0.0,0.0,0.0,0.0,0.0,,,,15800474,6600198,0,frankycpp_v1.8.exe,chess::Position::getPiece,Position.h,0x1402213fe
chess::operator&,0.017999,0.0,26.2,0.0,0.0,0.0,0.0,0.0,0.0,,,,57801734,32400972,0,frankycpp_v1.8.exe,chess::operator&,bitboard.h,0x14026aca6
chess::operator*,0.017999,0.0,0.0,0.0,0.0,0.0,0.0,0.0,0.0,0.0,0.0,0.0,151904557,79802394,0,frankycpp_v1.8.exe,chess::operator*,value.h,0x140269dc4
chess::operator~,0.017999,0.0,0.0,0.0,0.0,0.0,0.0,0.0,0.0,0.0,0.0,0.0,62601878,36801104,0,frankycpp_v1.8.exe,chess::operator~,color.h,0x14026aa8f
chess::typeOf,0.017999,0.0,0.0,0.0,0.0,0.0,0.0,1.4,0.0,0.0,0.0,0.0,40101203,24700741,0,frankycpp_v1.8.exe,chess::typeOf,piece.h,0x14025d95a
func@0x1406ac320,0.017999,0.0,0.0,29.8,0.0,0.0,0.0,,,,,,14800444,6600198,0,ntoskrnl.exe,func@0x1406ac320,[Unknown],0x1406ac320
std::max,0.017999,0.0,0.0,0.0,0.0,0.0,0.0,0.0,0.0,0.0,0.0,0.0,62201866,27600828,0,frankycpp_v1.8.exe,std::max,utility,0x14029ed85
chess::Bitboard::operator bool,0.016999,0.0,0.0,0.0,0.0,0.0,0.0,0.0,0.0,0.0,0.0,0.0,20000600,1900057,0,frankycpp_v1.8.exe,chess::Bitboard::operator bool,bitboard.h,0x14026b49b
chess::Bitboard::operator|=,0.016999,0.0,0.0,0.0,11.5,0.0,0.0,0.0,0.0,,,,38201146,17600528,0,frankycpp_v1.8.exe,chess::Bitboard::operator|=,bitboard.h,0x14026a4b8
chess::Move::to,0.016999,0.0,0.0,0.0,0.0,0.0,0.0,0.0,0.0,0.0,0.0,0.0,82202466,42201266,0,frankycpp_v1.8.exe,chess::Move::to,move.h,0x1402217bd
chess::Position::getKingSquare,0.016999,0.0,26.2,0.0,0.0,0.0,0.0,0.0,0.0,0.0,0.0,0.0,185605568,12500375,0,frankycpp_v1.8.exe,chess::Position::getKingSquare,Position.h,0x140269e35
chess::StaticMoveList<256>::push_back,0.016999,0.0,0.0,23.7,0.0,0.0,0.0,,0.0,,,,23900717,13600408,0,frankycpp_v1.8.exe,chess::StaticMoveList<256>::push_back,staticmovelist.h,0x140263cfc
chess::operator+,0.016999,0.0,0.0,0.0,0.0,0.0,0.0,0.0,0.0,,,,99802994,42601278,0,frankycpp_v1.8.exe,chess::operator+,value.h,0x1402204f7
chess::operator+,0.016999,0.0,0.0,0.0,0.0,0.0,0.0,0.0,0.0,,,,60901827,15500465,0,frankycpp_v1.8.exe,chess::operator+,value.h,0x140221401
chess::operator+=,0.016999,0.0,0.0,0.0,0.0,0.0,0.0,0.0,0.0,0.0,0.0,0.0,45901377,58301749,0,frankycpp_v1.8.exe,chess::operator+=,value.h,0x14026a912
chess::operator~,0.016999,0.0,0.0,0.0,0.0,0.0,0.0,0.0,0.0,0.0,0.0,0.0,73802214,36901107,0,frankycpp_v1.8.exe,chess::operator~,color.h,0x140263ef0
chess::typeOf,0.016999,0.0,0.0,0.0,0.0,0.0,0.0,0.0,0.0,,,,37801134,46201386,0,frankycpp_v1.8.exe,chess::typeOf,piece.h,0x14026374e
engine::Search::evaluate,0.016999,0.0,0.0,0.0,0.0,0.0,0.0,0.0,0.0,0.0,0.0,0.0,269908097,79702391,0,frankycpp_v1.8.exe,engine::Search::evaluate,Search.cpp,0x1402211ba
"std::_Hash<std::_Umap_traits<unsigned __int64,book::BookEntry,std::_Uhash_compare<unsigned __int64,std::hash<unsigned __int64>,std::equal_to<unsigned __int64> >,std::allocator<std::pair<unsigned __int64 const ,book::BookEntry> >,0> >::_Find_last",0.016999,75.0,0.0,0.0,44.1,29.4,0.0,0.0,0.0,0.0,0.0,0.0,4400132,3300099,0,frankycpp_v1.8.exe,"std::_Hash<std::_Umap_traits<unsigned __int64,book::BookEntry,std::_Uhash_compare<unsigned __int64,std::hash<unsigned __int64>,std::equal_to<unsigned __int64> >,std::allocator<std::pair<unsigned __int64 const ,book::BookEntry> >,0> >::_Find_last",xhash,0x140288550
std::atomic<unsigned __int64>::{ctor},0.016999,50.0,33.4,16.7,0.0,16.7,0.0,35.6,0.0,0.0,11.3,3.5,13100393,5400162,550231,frankycpp_v1.8.exe,std::atomic<unsigned __int64>::{ctor},atomic,0x14026da8e
std::popcount,0.016999,0.0,0.0,0.0,0.0,0.0,0.0,0.0,0.0,0.0,0.0,0.0,29000870,26800804,0,frankycpp_v1.8.exe,std::popcount,bit,0x14026b8d5
chess::Bitboard::operator bool,0.015999,0.0,0.0,0.0,0.0,0.0,0.0,0.0,0.0,,,,14700441,4400132,0,frankycpp_v1.8.exe,chess::Bitboard::operator bool,bitboard.h,0x14026b448
chess::Bitboard::operator bool,0.015999,0.0,0.0,0.0,0.0,0.0,0.0,,0.0,,,,19900597,21300639,0,frankycpp_v1.8.exe,chess::Bitboard::operator bool,bitboard.h,0x140264394
chess::Bitboard::operator~,0.015999,33.3,0.0,0.0,0.0,0.0,0.0,0.0,0.0,,,,35601068,28600858,0,frankycpp_v1.8.exe,chess::Bitboard::operator~,bitboard.h,0x14026a44a
chess::Move::type,0.015999,33.3,0.0,0.0,0.0,0.0,0.0,,0.0,0.0,0.0,0.0,52501575,17300519,0,frankycpp_v1.8.exe,chess::Move::type,move.h,0x14029eb0d
chess::Square::{ctor},0.015999,0.0,0.0,0.0,0.0,0.0,10.8,0.0,0.0,0.0,0.0,0.0,38801164,10700321,0,frankycpp_v1.8.exe,chess::Square::{ctor},square.h,0x14025bd05
chess::StaticMoveList<256>::push_back,0.015999,0.0,0.0,0.0,0.0,0.0,0.0,0.0,0.0,,,,27900837,27500825,0,frankycpp_v1.8.exe,chess::StaticMoveList<256>::push_back,staticmovelist.h,0x140263c4d
chess::moveValueGreaterComparator::operator(),0.015999,0.0,0.0,0.0,0.0,0.0,0.0,0.0,0.0,0.0,0.0,0.0,22000660,9200276,0,frankycpp_v1.8.exe,chess::moveValueGreaterComparator::operator(),move.h,0x140264780
chess::operator&,0.015999,0.0,24.5,0.0,0.0,0.0,0.0,,0.0,,,,70102103,31600948,0,frankycpp_v1.8.exe,chess::operator&,bitboard.h,0x14026aa2a
chess::operator+=,0.015999,40.0,0.0,0.0,10.5,0.0,0.0,,0.0,,,,73402202,62801884,0,frankycpp_v1.8.exe,chess::operator+=,value.h,0x14026a2f7
chess::operator|,0.015999,100.0,0.0,0.0,0.0,0.0,0.0,0.0,0.0,0.0,0.0,0.0,46201386,17600528,0,frankycpp_v1.8.exe,chess::operator|,bitboard.h,0x14025c71e
chess::operator~,0.015999,,0.0,0.0,23.0,0.0,0.0,0.0,0.0,,,,46301389,56201686,0,frankycpp_v1.8.exe,chess::operator~,color.h,0x14026ac9a
func@0x14033c480,0.015999,100.0,0.0,0.0,49.0,49.0,0.0,0.0,0.0,0.0,0.0,0.0,4400132,4400132,0,ntoskrnl.exe,func@0x14033c480,[Unknown],0x14033c480
"std::array<engine::PlyInfo,128>::operator[]",0.015999,0.0,19.9,0.0,0.0,0.0,0.0,0.0,0.0,,,,45601368,13600408,0,frankycpp_v1.8.exe,"std::array<engine::PlyInfo,128>::operator[]",array,0x1402200f5
chess::Bitboard::operator bool,0.014999,0.0,0.0,0.0,0.0,0.0,0.0,0.0,0.0,,,,7700231,8100243,0,frankycpp_v1.8.exe,chess::Bitboard::operator bool,bitboard.h,0x140263d52
chess::Bitboard::{ctor},0.014999,0.0,0.0,0.0,0.0,0.0,0.0,0.0,0.0,0.0,0.0,0.0,82302469,35901077,0,frankycpp_v1.8.exe,chess::Bitboard::{ctor},bitboard.h,0x14026af33
chess::Move::stripped,0.014999,0.0,0.0,0.0,0.0,0.0,0.0,0.0,0.0,,,,58801764,31300939,0,frankycpp_v1.8.exe,chess::Move::stripped,move.h,0x14026123c
chess::Position::getPieceBb,0.014999,0.0,0.0,16.7,0.0,0.0,16.7,0.0,0.0,0.0,0.0,0.0,75302259,74202226,0,frankycpp_v1.8.exe,chess::Position::getPieceBb,Position.h,0x14029ef2c
chess::operator&,0.014999,0.0,0.0,0.0,0.0,0.0,0.0,0.0,0.0,3.2,0.0,0.0,65601968,90202706,0,frankycpp_v1.8.exe,chess::operator&,bitboard.h,0x1402635a5
chess::operator&,0.014999,0.0,21.6,0.0,0.0,0.0,0.0,0.0,0.0,,,,46701401,21300639,0,frankycpp_v1.8.exe,chess::operator&,bitboard.h,0x14026b68a
chess::operator&,0.014999,0.0,23.7,0.0,0.0,0.0,0.0,0.0,0.0,,,,22800684,9900297,0,frankycpp_v1.8.exe,chess::operator&,bitboard.h,0x14026b69f
chess::operator+=,0.014999,0.0,19.3,0.0,0.0,0.0,0.0,0.0,0.0,,,,84402532,59801794,0,frankycpp_v1.8.exe,chess::operator+=,value.h,0x14026b053
chess::operator-,0.014999,0.0,33.4,0.0,0.0,0.0,0.0,0.0,0.0,0.0,0.0,0.0,41701251,33501005,0,frankycpp_v1.8.exe,chess::operator-,value.h,0x140263c71
chess::operator-,0.014999,0.0,0.0,0.0,0.0,0.0,0.0,0.0,0.0,0.0,0.0,0.0,39801194,17600528,0,frankycpp_v1.8.exe,chess::operator-,value.h,0x140263f91
chess::operator|,0.014999,0.0,0.0,0.0,0.0,0.0,0.0,0.0,0.0,0.0,0.0,0.0,21900657,46301389,0,frankycpp_v1.8.exe,chess::operator|,bitboard.h,0x14025c7a2
func@0x1400010e0,0.014999,100.0,15.3,0.0,0.0,15.3,0.0,,0.0,,,,1500045,0,0,intelppm.sys,func@0x1400010e0,[Unknown],0x1400010e0
func@0x1406b239f,0.014999,0.0,0.0,43.2,21.6,0.0,0.0,29.7,14.8,0.0,0.8,0.0,2600078,400012,0,ntoskrnl.exe,func@0x1406b239f,[Unknown],0x1406b239f
"std::_Atomic_storage<unsigned __int64,8>::load",0.014999,100.0,35.5,0.0,11.8,0.0,0.0,0.0,0.0,0.0,0.0,0.0,18900567,32400972,0,frankycpp_v1.8.exe,"std::_Atomic_storage<unsigned __int64,8>::load",atomic,0x14026db3b
"std::array<chess::Bitboard,8>::operator[]",0.014999,0.0,56.5,0.0,0.0,0.0,0.0,,0.0,,,,29400882,37101113,0,frankycpp_v1.8.exe,"std::array<chess::Bitboard,8>::operator[]",array,0x1402639fa
"std::array<std::array<chess::Bitboard,64>,8>::operator[]",0.014999,0.0,0.0,0.0,0.0,0.0,0.0,0.0,0.0,,,,29000870,22400672,0,frankycpp_v1.8.exe,"std::array<std::array<chess::Bitboard,64>,8>::operator[]",array,0x14026afc0
std::popcount,0.014999,0.0,23.0,0.0,0.0,0.0,0.0,0.0,0.0,0.0,0.0,0.0,45001350,7700231,0,frankycpp_v1.8.exe,std::popcount,bit,0x14026b6a2
chess::Bitboard::operator|=,0.013999,0.0,23.7,0.0,0.0,0.0,0.0,,0.0,,,,31300939,14300429,0,frankycpp_v1.8.exe,chess::Bitboard::operator|=,bitboard.h,0x14026a447
chess::Move::operator==,0.013999,0.0,0.0,10.8,0.0,0.0,0.0,0.0,0.0,0.0,0.0,0.0,51801554,11900357,0,frankycpp_v1.8.exe,chess::Move::operator==,PVTable.h,0x14026320a
chess::Move::setValue,0.013999,0.0,0.0,0.0,0.0,0.0,0.0,0.0,0.0,,,,27200816,2200066,0,frankycpp_v1.8.exe,chess::Move::setValue,move.h,0x140263212
chess::Position::getPieceBb,0.013999,16.7,0.0,0.0,0.0,0.0,15.3,26.7,0.0,0.0,0.0,0.0,39401182,30100903,0,frankycpp_v1.8.exe,chess::Position::getPieceBb,Position.h,0x140263411
chess::Position::isCapturingMove,0.013999,0.0,29.4,0.0,14.7,0.0,0.0,0.0,0.0,0.0,0.0,0.0,67702031,60701821,0,frankycpp_v1.8.exe,chess::Position::isCapturingMove,Position.h,0x140220aaf
chess::Square::file,0.013999,0.0,0.0,0.0,0.0,0.0,0.0,0.0,0.0,0.0,0.0,0.0,28300849,11000330,0,frankycpp_v1.8.exe,chess::Square::file,square.h,0x14026b365
chess::StaticMoveList<256>::empty,0.013999,0.0,0.0,0.0,0.0,0.0,0.0,0.0,0.0,0.0,0.0,0.0,47001410,40801224,0,frankycpp_v1.8.exe,chess::StaticMoveList<256>::empty,staticmovelist.h,0x140262e6b
chess::operator&,0.013999,0.0,0.0,0.0,0.0,0.0,0.0,0.0,0.0,0.0,0.0,0.0,50701521,8500255,0,frankycpp_v1.8.exe,chess::operator&,bitboard.h,0x14026b5b8
chess::operator&,0.013999,0.0,26.2,0.0,0.0,0.0,0.0,0.0,0.0,0.0,0.0,0.0,28400852,26100783,0,frankycpp_v1.8.exe,chess::operator&,bitboard.h,0x14026b8cd
chess::operator+,0.013999,0.0,24.5,0.0,0.0,0.0,0.0,0.0,0.0,0.0,0.0,0.0,88802664,31600948,0,frankycpp_v1.8.exe,chess::operator+,value.h,0x1402204fb
chess::operator+=,0.013999,0.0,0.0,0.0,0.0,0.0,0.0,0.0,0.0,0.0,0.0,0.0,19500585,9900297,0,frankycpp_v1.8.exe,chess::operator+=,value.h,0x14026b929
chess::operator|,0.013999,0.0,0.0,0.0,0.0,0.0,0.0,,0.0,,,,45101353,16500495,0,frankycpp_v1.8.exe,chess::operator|,bitboard.h,0x14025c73d
chess::operator|,0.013999,0.0,0.0,0.0,0.0,0.0,0.0,0.0,0.0,,,,21000630,8800264,0,frankycpp_v1.8.exe,chess::operator|,bitboard.h,0x14029eb77
chess::operator~,0.013999,0.0,70.6,0.0,0.0,14.1,0.0,,0.0,,,,64401932,47801434,0,frankycpp_v1.8.exe,chess::operator~,color.h,0x14026abbc
engine::Evaluator::valueFromScore,0.013999,0.0,25.3,0.0,0.0,0.0,0.0,,0.0,,0.0,0.0,117003510,36301089,0,frankycpp_v1.8.exe,engine::Evaluator::valueFromScore,Evaluator.cpp,0x140269dbc
engine::PawnTT::prefetch,0.013999,0.0,0.0,35.0,0.0,0.0,0.0,66.8,0.0,0.0,0.0,0.0,9600288,2600078,0,frankycpp_v1.8.exe,engine::PawnTT::prefetch,PawnTT.h,0x1402214d0
engine::Search::thread,0.013999,0.0,45.9,0.0,23.0,0.0,45.9,5.3,26.7,0.0,0.0,0.0,64301929,16400492,0,frankycpp_v1.8.exe,engine::Search::thread,Search.h,0x1402218ea
"std::array<chess::Bitboard,64>::operator[]",0.013999,0.0,0.0,0.0,0.0,14.7,0.0,0.0,0.0,0.0,0.0,0.0,31200936,16900507,0,frankycpp_v1.8.exe,"std::array<chess::Bitboard,64>::operator[]",array,0x14026a420
std::clamp,0.013999,0.0,0.0,0.0,0.0,0.0,0.0,0.0,0.0,0.0,0.0,0.0,95502865,14300429,0,frankycpp_v1.8.exe,std::clamp,algorithm,0x140220760
std::countr_zero,0.013999,0.0,24.5,0.0,12.2,0.0,0.0,53.4,0.0,0.0,0.0,0.0,74002220,41501245,0,frankycpp_v1.8.exe,std::countr_zero,bit,0x14026aad0
chess::Bitboard::operator bool,0.012999,0.0,0.0,0.0,0.0,0.0,0.0,0.0,0.0,0.0,0.0,0.0,30200906,12900387,0,frankycpp_v1.8.exe,chess::Bitboard::operator bool,bitboard.h,0x14026b80c
chess::Direction::pawnPush,0.012999,0.0,0.0,0.0,0.0,0.0,0.0,,0.0,,,,12700381,8800264,0,frankycpp_v1.8.exe,chess::Direction::pawnPush,direction.h,0x140263484
chess::Move::operator==,0.012999,0.0,0.0,0.0,0.0,0.0,0.0,0.0,0.0,0.0,0.0,0.0,71602148,19200576,0,frankycpp_v1.8.exe,chess::Move::operator==,PVTable.h,0x14026123f
chess::Square::rank,0.012999,0.0,0.0,0.0,0.0,0.0,0.0,,0.0,,,,38301149,24200726,0,frankycpp_v1.8.exe,chess::Square::rank,square.h,0x14026abcf
chess::StaticMoveList<128>::pop_back,0.012999,0.0,73.5,0.0,18.4,0.0,0.0,0.0,0.0,0.0,0.0,0.0,30000900,15100453,0,frankycpp_v1.8.exe,chess::StaticMoveList<128>::pop_back,staticmovelist.h,0x14022156b
chess::operator&,0.012999,0.0,0.0,0.0,0.0,0.0,0.0,0.0,0.0,0.0,0.0,0.0,16900507,16900507,0,frankycpp_v1.8.exe,chess::operator&,bitboard.h,0x14026b307
chess::operator+,0.012999,0.0,0.0,0.0,0.0,0.0,9.4,0.0,0.0,0.0,0.0,0.0,92102763,25400762,0,frankycpp_v1.8.exe,chess::operator+,castlingrights.h,0x14025c024
chess::operator-,0.012999,0.0,0.0,0.0,0.0,0.0,0.0,0.0,0.0,,,,30100903,16900507,0,frankycpp_v1.8.exe,chess::operator-,depth.h,0x140220634
chess::operator>=,0.012999,0.0,0.0,0.0,0.0,0.0,0.0,0.0,0.0,0.0,0.0,0.0,45001350,8100243,0,frankycpp_v1.8.exe,chess::operator>=,value.h,0x14022181d
func@0x1402eb8ad,0.012999,0.0,33.4,0.0,0.0,0.0,0.0,0.0,0.0,0.0,0.0,0.0,5900177,6600198,0,ntoskrnl.exe,func@0x1402eb8ad,[Unknown],0x1402eb8ad
"std::array<std::array<int,64>,64>::operator[]",0.012999,0.0,0.0,0.0,0.0,0.0,0.0,0.0,0.0,0.0,0.0,0.0,35101053,4800144,0,frankycpp_v1.8.exe,"std::array<std::array<int,64>,64>::operator[]",array,0x140263285
std::countr_zero,0.012999,0.0,0.0,0.0,0.0,0.0,0.0,0.0,0.0,,,,15400462,8100243,0,frankycpp_v1.8.exe,std::countr_zero,bit,0x14026a605
chess::Bitboard::operator|=,0.011999,0.0,0.0,0.0,0.0,0.0,0.0,3.5,0.0,0.0,0.0,0.0,62301869,40501215,0,frankycpp_v1.8.exe,chess::Bitboard::operator|=,bitboard.h,0x140269e68
chess::Bitboard::operator|=,0.011999,0.0,0.0,0.0,18.4,0.0,0.0,0.0,0.0,0.0,0.0,0.0,28300849,13600408,0,frankycpp_v1.8.exe,chess::Bitboard::operator|=,bitboard.h,0x14026a494
chess::Bitboard::operator|=,0.011999,0.0,0.0,0.0,0.0,0.0,0.0,0.0,0.0,0.0,0.0,0.0,61701851,28600858,0,frankycpp_v1.8.exe,chess::Bitboard::operator|=,bitboard.h,0x14026a819
chess::Bitboard::shifted,0.011999,0.0,43.2,0.0,0.0,0.0,0.0,0.0,0.0,,,,9600288,16500495,0,frankycpp_v1.8.exe,chess::Bitboard::shifted,bitboard.h,0x140263877
chess::Position::getKingSquare,0.011999,0.0,0.0,0.0,0.0,0.0,0.0,0.0,0.0,0.0,0.0,0.0,34501035,31100933,0,frankycpp_v1.8.exe,chess::Position::getKingSquare,Position.h,0x14026a878
chess::Position::getKingSquare,0.011999,0.0,0.0,0.0,0.0,0.0,0.0,0.0,0.0,0.0,0.0,0.0,47401422,8800264,0,frankycpp_v1.8.exe,chess::Position::getKingSquare,Position.h,0x14026b1e9
chess::Position::getOccupiedBb,0.011999,0.0,0.0,0.0,0.0,0.0,0.0,,0.0,,,,26500795,5500165,0,frankycpp_v1.8.exe,chess::Position::getOccupiedBb,Position.h,0x14026b815
chess::StaticMoveList<128>::push_back,0.011999,0.0,17.5,17.5,0.0,0.0,0.0,,0.0,,,,8800264,5900177,0,frankycpp_v1.8.exe,chess::StaticMoveList<128>::push_back,staticmovelist.h,0x1402207f5
chess::operator&,0.011999,0.0,0.0,0.0,0.0,0.0,0.0,0.0,0.0,0.0,0.0,0.0,80502415,30100903,0,frankycpp_v1.8.exe,chess::operator&,bitboard.h,0x14026ae66
chess::operator-,0.011999,0.0,52.5,17.5,0.0,0.0,0.0,0.0,0.0,,,,19800594,12100363,0,frankycpp_v1.8.exe,chess::operator-,value.h,0x140263d24
chess::operator|,0.011999,0.0,0.0,0.0,0.0,0.0,0.0,0.0,0.0,0.0,0.0,0.0,38601158,13800414,0,frankycpp_v1.8.exe,chess::operator|,bitboard.h,0x14016ca06
chess::operator|,0.011999,0.0,0.0,0.0,0.0,0.0,0.0,0.0,0.0,0.0,0.0,0.0,27900837,28300849,0,frankycpp_v1.8.exe,chess::operator|,bitboard.h,0x14026ae14
engine::Search::thread,0.011999,0.0,0.0,0.0,0.0,0.0,0.0,,0.0,0.0,0.0,0.0,41101233,8100243,0,frankycpp_v1.8.exe,engine::Search::thread,Search.h,0x1402206a1
std::min,0.011999,0.0,0.0,0.0,0.0,0.0,0.0,0.0,0.0,,,,51901557,10300309,0,frankycpp_v1.8.exe,std::min,utility,0x14022061f
"std::unique_ptr<engine::TT::TTCluster [0],std::default_delete<engine::TT::TTCluster [0]> >::operator[]",0.011999,0.0,0.0,0.0,0.0,0.0,0.0,0.0,0.0,0.0,0.0,0.0,65001950,29800894,0,frankycpp_v1.8.exe,"std::unique_ptr<engine::TT::TTCluster [0],std::default_delete<engine::TT::TTCluster [0]> >::operator[]",memory,0x1402207d8
chess::Bitboard::operator bool,0.010999,0.0,0.0,0.0,0.0,0.0,11.5,0.0,0.0,,,,50401512,26600798,0,frankycpp_v1.8.exe,chess::Bitboard::operator bool,bitboard.h,0x14026aabb
chess::Direction::{ctor},0.010999,0.0,0.0,0.0,0.0,0.0,0.0,0.0,0.0,0.0,0.0,0.0,27700831,26400792,0,frankycpp_v1.8.exe,chess::Direction::{ctor},direction.h,0x140263a0d
chess::Move::type,0.010999,0.0,0.0,0.0,0.0,0.0,0.0,0.0,0.0,0.0,0.0,0.0,57901737,27000810,0,frankycpp_v1.8.exe,chess::Move::type,move.h,0x140220436
chess::Position::getPieceBb,0.010999,0.0,0.0,0.0,0.0,0.0,0.0,0.0,0.0,0.0,0.0,0.0,27600828,11400342,0,frankycpp_v1.8.exe,chess::Position::getPieceBb,Position.h,0x14026b66f
chess::Position::undoNullMove,0.010999,0.0,40.8,0.0,0.0,0.0,0.0,,0.0,,,,37901137,10700321,0,frankycpp_v1.8.exe,chess::Position::undoNullMove(void),Position.cpp,0x14025c4c0
chess::Square::rank,0.010999,0.0,0.0,0.0,0.0,0.0,0.0,0.0,0.0,,,,15900477,10300309,0,frankycpp_v1.8.exe,chess::Square::rank,square.h,0x14026b233
chess::operator&,0.010999,0.0,0.0,0.0,0.0,0.0,0.0,0.0,0.0,0.0,0.0,0.0,76402292,32800984,0,frankycpp_v1.8.exe,chess::operator&,bitboard.h,0x14029ee12
chess::operator&,0.010999,0.0,0.0,0.0,0.0,0.0,0.0,0.0,0.0,0.0,0.0,0.0,23500705,12100363,0,frankycpp_v1.8.exe,chess::operator&,bitboard.h,0x14026a4c8
chess::operator+=,0.010999,0.0,0.0,0.0,0.0,0.0,0.0,0.0,0.0,0.0,0.0,0.0,47801434,42701281,0,frankycpp_v1.8.exe,chess::operator+=,value.h,0x14026b043
chess::operator+=,0.010999,0.0,0.0,0.0,0.0,0.0,0.0,0.0,0.0,,,,44801344,56901707,0,frankycpp_v1.8.exe,chess::operator+=,value.h,0x14026a8ff
chess::operator-,0.010999,0.0,0.0,0.0,0.0,0.0,0.0,0.0,0.0,0.0,0.0,0.0,77702331,37301119,0,frankycpp_v1.8.exe,chess::operator-,value.h,0x14029ec65
chess::operator|,0.010999,0.0,26.2,0.0,0.0,0.0,0.0,,0.0,,,,18700561,7700231,0,frankycpp_v1.8.exe,chess::operator|,bitboard.h,0x14026b51c
chess::operator|,0.010999,0.0,45.9,0.0,0.0,0.0,0.0,0.0,0.0,0.0,0.0,0.0,43401302,37601128,0,frankycpp_v1.8.exe,chess::operator|,bitboard.h,0x14025c750
chess::operator~,0.010999,0.0,0.0,0.0,0.0,0.0,0.0,0.0,0.0,0.0,0.0,0.0,34001020,29500885,0,frankycpp_v1.8.exe,chess::operator~,color.h,0x14025c86f
chess::typeOf,0.010999,100.0,0.0,0.0,0.0,0.0,0.0,0.0,0.0,,,,19100573,18700561,0,frankycpp_v1.8.exe,chess::typeOf,piece.h,0x14026373f
chess::typeOf,0.010999,20.0,0.0,0.0,0.0,0.0,0.0,0.0,0.0,0.0,0.0,0.0,98802964,24200726,0,frankycpp_v1.8.exe,chess::typeOf,piece.h,0x1402204a6
engine::TT::Entry::Entry,0.010999,0.0,38.7,0.0,0.0,0.0,0.0,0.0,0.0,0.0,0.0,0.0,0,0,0,frankycpp_v1.8.exe,engine::TT::Entry::Entry(void),TT.h,0x14026e200
std::countr_zero,0.010999,0.0,0.0,0.0,0.0,0.0,0.0,0.0,0.0,0.0,0.0,0.0,16200486,8100243,0,frankycpp_v1.8.exe,std::countr_zero,bit,0x1402642b0
std::popcount,0.010999,0.0,0.0,0.0,0.0,0.0,0.0,0.0,0.0,,,,41301239,21000630,0,frankycpp_v1.8.exe,std::popcount,bit,0x14026a84c
chess::Bitboard::operator&=,0.009999,0.0,52.5,0.0,0.0,0.0,0.0,0.0,0.0,,,,17000510,32800984,0,frankycpp_v1.8.exe,chess::Bitboard::operator&=,bitboard.h,0x1402636fa
chess::Direction::pawnPush,0.009999,0.0,81.6,0.0,0.0,0.0,0.0,0.0,0.0,,,,36801104,44201326,0,frankycpp_v1.8.exe,chess::Direction::pawnPush,direction.h,0x1402639e0
chess::Move::from,0.009999,0.0,0.0,0.0,0.0,0.0,0.0,0.0,0.0,0.0,0.0,0.0,40901227,14800444,0,frankycpp_v1.8.exe,chess::Move::from,move.h,0x1402201cd
chess::Move::type,0.009999,0.0,36.7,0.0,0.0,0.0,0.0,0.0,0.0,,,,8800264,7700231,0,frankycpp_v1.8.exe,chess::Move::type,move.h,0x140261453
chess::colorOf,0.009999,0.0,36.7,0.0,18.4,0.0,0.0,0.0,0.0,16.7,66.8,33.4,15400462,18700561,0,frankycpp_v1.8.exe,chess::colorOf,piece.h,0x140261431
chess::operator&,0.009999,0.0,0.0,0.0,0.0,0.0,0.0,0.0,0.0,,,,17000510,11000330,0,frankycpp_v1.8.exe,chess::operator&,bitboard.h,0x140263cb4
chess::operator&,0.009999,0.0,0.0,0.0,0.0,0.0,0.0,0.0,0.0,,,,36001080,29400882,0,frankycpp_v1.8.exe,chess::operator&,bitboard.h,0x14026a8c8
chess::operator+=,0.009999,0.0,0.0,0.0,0.0,0.0,0.0,,0.0,,,,22600678,8900267,0,frankycpp_v1.8.exe,chess::operator+=,value.h,0x14026a1a4
chess::operator|,0.009999,0.0,0.0,0.0,0.0,0.0,0.0,0.0,0.0,0.0,0.0,0.0,37701131,25100753,0,frankycpp_v1.8.exe,chess::operator|,bitboard.h,0x14029f011
chess::operator|,0.009999,0.0,0.0,0.0,0.0,0.0,0.0,0.0,0.0,0.0,0.0,0.0,77602328,19500585,0,frankycpp_v1.8.exe,chess::operator|,bitboard.h,0x14026a7e9
engine::Search::thread,0.009999,0.0,0.0,0.0,0.0,0.0,0.0,0.0,0.0,,,,22800684,16200486,0,frankycpp_v1.8.exe,engine::Search::thread,Search.h,0x14021fb15
func@0x140255440,0.009999,100.0,0.0,0.0,100.0,0.0,0.0,0.0,0.0,0.0,0.0,0.0,0,1100033,0,ntoskrnl.exe,func@0x140255440,[Unknown],0x140255440
func@0x1406b1283,0.009999,100.0,0.0,33.4,0.0,0.0,0.0,0.0,0.0,0.0,1.0,0.0,1900057,400012,0,ntoskrnl.exe,func@0x1406b1283,[Unknown],0x1406b1283
func@0x1406b92ae,0.009999,0.0,0.0,0.0,28.3,28.3,56.5,0.0,0.0,,,,2600078,0,0,ntoskrnl.exe,func@0x1406b92ae,[Unknown],0x1406b92ae
"std::array<int,64>::operator[]",0.009999,0.0,0.0,0.0,0.0,0.0,0.0,0.0,0.0,0.0,0.0,0.0,56501695,7700231,0,frankycpp_v1.8.exe,"std::array<int,64>::operator[]",array,0x1402206ad
"std::array<std::array<int,64>,64>::operator[]",0.009999,0.0,0.0,0.0,0.0,0.0,0.0,0.0,0.0,0.0,0.0,0.0,28600858,8100243,0,frankycpp_v1.8.exe,"std::array<std::array<int,64>,64>::operator[]",array,0x14025c09f
std::countr_zero,0.009999,0.0,0.0,0.0,0.0,0.0,0.0,0.0,0.0,0.0,0.0,0.0,46301389,35601068,0,frankycpp_v1.8.exe,std::countr_zero,bit,0x14026a9e0
chess::Attacks::detail::Magic::index,0.008999,0.0,0.0,0.0,0.0,0.0,45.9,0.0,0.0,0.0,0.0,0.0,27700831,16100483,0,frankycpp_v1.8.exe,chess::Attacks::detail::Magic::index,attacks.h,0x14016c964
chess::Bitboard::operator bool,0.008999,0.0,100.0,0.0,0.0,0.0,0.0,0.0,0.0,,,,11800354,2200066,0,frankycpp_v1.8.exe,chess::Bitboard::operator bool,bitboard.h,0x14026a648
chess::Bitboard::operator bool,0.008999,0.0,0.0,0.0,0.0,0.0,0.0,0.0,0.0,0.0,0.0,0.0,49201476,41901257,0,frankycpp_v1.8.exe,chess::Bitboard::operator bool,bitboard.h,0x14026aaf2
chess::Move::operator==,0.008999,0.0,52.5,0.0,0.0,0.0,0.0,0.0,0.0,0.0,0.0,0.0,28700861,23600708,0,frankycpp_v1.8.exe,chess::Move::operator==,PVTable.h,0x1402202db
chess::Move::operator==,0.008999,0.0,0.0,0.0,0.0,0.0,0.0,0.0,0.0,0.0,0.0,0.0,36001080,9900297,0,frankycpp_v1.8.exe,chess::Move::operator==,PVTable.h,0x1402206f0
chess::Position::getKingSquare,0.008999,0.0,0.0,52.5,0.0,0.0,0.0,0.0,0.0,0.0,0.0,0.0,25300759,26400792,0,frankycpp_v1.8.exe,chess::Position::getKingSquare,Position.h,0x14026a8bf
chess::Rank::promotionFor,0.008999,0.0,0.0,0.0,0.0,0.0,0.0,0.0,0.0,0.0,0.0,0.0,38301149,28300849,0,frankycpp_v1.8.exe,chess::Rank::promotionFor,rank.h,0x140263b3f
chess::operator&,0.008999,50.0,0.0,0.0,0.0,0.0,0.0,0.0,0.0,0.0,0.0,0.0,14400432,2200066,0,frankycpp_v1.8.exe,chess::operator&,bitboard.h,0x14026b532
chess::operator&,0.008999,0.0,0.0,0.0,0.0,0.0,0.0,0.0,0.0,0.0,0.0,0.0,65801974,39701191,0,frankycpp_v1.8.exe,chess::operator&,bitboard.h,0x14029ee06
chess::operator&,0.008999,0.0,73.5,0.0,0.0,0.0,0.0,0.0,0.0,,,,64401932,23600708,0,frankycpp_v1.8.exe,chess::operator&,bitboard.h,0x14029ee1e
chess::operator&,0.008999,0.0,0.0,0.0,0.0,18.4,0.0,0.0,0.0,,,,15100453,8100243,0,frankycpp_v1.8.exe,chess::operator&,bitboard.h,0x14026a477
chess::operator+,0.008999,0.0,0.0,33.4,0.0,0.0,0.0,0.0,0.0,,,,22400672,7700231,0,frankycpp_v1.8.exe,chess::operator+,direction.h,0x14026a4bc
chess::operator+=,0.008999,0.0,0.0,0.0,0.0,0.0,0.0,0.0,0.0,0.0,0.0,0.0,29000870,6000180,0,frankycpp_v1.8.exe,chess::operator+=,value.h,0x140269d86
chess::operator|,0.008999,0.0,29.4,0.0,0.0,0.0,0.0,0.0,0.0,0.0,0.0,0.0,103203096,36101083,0,frankycpp_v1.8.exe,chess::operator|,bitboard.h,0x14025c90d
chess::operator|,0.008999,0.0,45.9,0.0,0.0,0.0,0.0,0.0,0.0,0.0,0.0,0.0,18700561,22400672,0,frankycpp_v1.8.exe,chess::operator|,bitboard.h,0x1402639c5
chess::typeOf,0.008999,50.0,49.0,0.0,0.0,0.0,0.0,,0.0,,,,15100453,7800234,0,frankycpp_v1.8.exe,chess::typeOf,piece.h,0x140261449
engine::Search::evaluate,0.008999,0.0,100.0,0.0,0.0,0.0,0.0,0.0,0.0,,,,23200696,15100453,0,frankycpp_v1.8.exe,engine::Search::evaluate,Search.cpp,0x14021fa8d
engine::Search::thread,0.008999,0.0,0.0,0.0,0.0,0.0,0.0,,0.0,,,,23100693,12100363,0,frankycpp_v1.8.exe,engine::Search::thread,Search.h,0x14021fce2
engine::Search::thread,0.008999,0.0,0.0,0.0,0.0,0.0,0.0,0.0,0.0,0.0,0.0,0.0,39401182,14300429,0,frankycpp_v1.8.exe,engine::Search::thread,Search.h,0x140221608
func@0x140256400,0.008999,,0.0,0.0,0.0,0.0,0.0,0.0,0.0,,,,6600198,3300099,0,ntoskrnl.exe,func@0x140256400,[Unknown],0x140256400
func@0x1402e4c76,0.008999,50.0,86.4,21.6,21.6,0.0,0.0,0.0,0.0,0.0,0.0,0.0,11000330,5500165,0,ntoskrnl.exe,func@0x1402e4c76,[Unknown],0x1402e4c76
func@0x180010e40,0.008999,,28.3,0.0,0.0,28.3,56.5,100.0,100.0,6.7,0.0,13.4,400012,400012,0,vcruntime140.dll,func@0x180010e40,[Unknown],0x180010e40
chess::Color::sign,0.007999,0.0,0.0,0.0,0.0,0.0,0.0,0.0,0.0,0.0,0.0,0.0,12700381,4200126,0,frankycpp_v1.8.exe,chess::Color::sign,color.h,0x14026b224
chess::Move::encode,0.007999,0.0,0.0,0.0,0.0,0.0,0.0,0.0,0.0,0.0,0.0,0.0,16900507,14700441,0,frankycpp_v1.8.exe,chess::Move::encode,move.h,0x1402642e1
chess::Move::encode,0.007999,0.0,0.0,20.4,0.0,0.0,0.0,0.0,0.0,0.0,0.0,0.0,21300639,19800594,0,frankycpp_v1.8.exe,chess::Move::encode,move.h,0x140263c68
chess::Move::to,0.007999,0.0,0.0,0.0,0.0,0.0,0.0,0.0,0.0,,,,31600948,1100033,0,frankycpp_v1.8.exe,chess::Move::to,move.h,0x140220722
chess::Move::to,0.007999,0.0,0.0,0.0,0.0,0.0,26.2,0.0,0.0,0.0,0.0,0.0,25000750,14300429,0,frankycpp_v1.8.exe,chess::Move::to,move.h,0x14029eb8f
chess::Move::{ctor},0.007999,0.0,0.0,0.0,0.0,0.0,0.0,0.0,0.0,,,,23500705,14300429,0,frankycpp_v1.8.exe,chess::Move::{ctor},move.h,0x1402642c4
chess::Move::{ctor},0.007999,0.0,0.0,0.0,24.5,0.0,0.0,0.0,0.0,53.4,0.0,0.0,36401092,12500375,0,frankycpp_v1.8.exe,chess::Move::{ctor},move.h,0x140264346
chess::Position::getPieceBb,0.007999,0.0,0.0,0.0,0.0,0.0,0.0,0.0,0.0,,,,42301269,6300189,0,frankycpp_v1.8.exe,chess::Position::getPieceBb,Position.h,0x14026b641
chess::Square::{ctor},0.007999,0.0,0.0,0.0,0.0,0.0,0.0,0.0,0.0,,,,20400612,15900477,0,frankycpp_v1.8.exe,chess::Square::{ctor},square.h,0x14026a9fb
chess::StaticMoveList<128>::push_back,0.007999,0.0,0.0,0.0,0.0,0.0,0.0,40.1,100.0,0.0,0.0,0.0,10300309,1100033,0,frankycpp_v1.8.exe,chess::StaticMoveList<128>::push_back,staticmovelist.h,0x1402214e8
chess::StaticMoveList<256>::end,0.007999,0.0,0.0,0.0,0.0,0.0,0.0,0.0,0.0,,,,53601608,15100453,0,frankycpp_v1.8.exe,chess::StaticMoveList<256>::end,staticmovelist.h,0x14026312e
chess::operator&,0.007999,0.0,0.0,0.0,0.0,0.0,0.0,,0.0,,,,19100573,2200066,0,frankycpp_v1.8.exe,chess::operator&,bitboard.h,0x1402217d5
chess::operator&,0.007999,0.0,0.0,0.0,0.0,0.0,0.0,0.0,0.0,0.0,0.0,0.0,23200696,18000540,0,frankycpp_v1.8.exe,chess::operator&,bitboard.h,0x1402616da
chess::operator&,0.007999,0.0,0.0,0.0,0.0,0.0,0.0,,0.0,,,,31200936,50701521,0,frankycpp_v1.8.exe,chess::operator&,bitboard.h,0x14029ef29
chess::operator&,0.007999,0.0,0.0,0.0,0.0,0.0,0.0,0.0,0.0,,,,30100903,13200396,0,frankycpp_v1.8.exe,chess::operator&,bitboard.h,0x14029ee32
chess::operator&,0.007999,0.0,0.0,0.0,0.0,0.0,0.0,0.0,0.0,,,,101603048,46101383,0,frankycpp_v1.8.exe,chess::operator&,bitboard.h,0x14026aebd
chess::operator-=,0.007999,0.0,0.0,0.0,0.0,0.0,0.0,0.0,0.0,0.0,0.0,0.0,24200726,5500165,0,frankycpp_v1.8.exe,chess::operator-=,depth.h,0x140220662
chess::operator|,0.007999,0.0,0.0,0.0,23.0,0.0,0.0,0.0,0.0,0.0,0.0,0.0,43301299,16900507,0,frankycpp_v1.8.exe,chess::operator|,bitboard.h,0x14026b2f7
engine::PVTable::clear,0.007999,0.0,52.5,0.0,0.0,0.0,0.0,0.0,0.0,0.0,0.0,0.0,29600888,17300519,0,frankycpp_v1.8.exe,engine::PVTable::clear,PVTable.h,0x140220ee9
engine::Search::thread,0.007999,0.0,81.6,0.0,0.0,0.0,0.0,0.0,0.0,0.0,0.0,0.0,11800354,9200276,0,frankycpp_v1.8.exe,engine::Search::thread,Search.h,0x140220b45
"std::array<chess::Bitboard,64>::operator[]",0.007999,0.0,0.0,0.0,0.0,0.0,0.0,0.0,0.0,0.0,0.0,0.0,31300939,17000510,0,frankycpp_v1.8.exe,"std::array<chess::Bitboard,64>::operator[]",array,0x14025c97e
"std::array<chess::Bitboard,64>::operator[]",0.007999,0.0,0.0,0.0,0.0,0.0,0.0,0.0,0.0,0.0,0.0,0.0,28100843,15900477,0,frankycpp_v1.8.exe,"std::array<chess::Bitboard,64>::operator[]",array,0x14025d980
"std::array<engine::PlyInfo,128>::operator[]",0.007999,0.0,0.0,30.6,0.0,15.3,0.0,0.0,0.0,0.0,0.0,0.0,23300699,10300309,0,frankycpp_v1.8.exe,"std::array<engine::PlyInfo,128>::operator[]",array,0x140221294
"std::array<int,64>::operator[]",0.007999,0.0,0.0,0.0,0.0,0.0,0.0,0.0,0.0,0.0,0.0,0.0,46301389,8800264,0,frankycpp_v1.8.exe,"std::array<int,64>::operator[]",array,0x140220601
std::popcount,0.007999,0.0,0.0,0.0,0.0,0.0,0.0,0.0,0.0,0.0,0.0,0.0,16500495,6600198,0,frankycpp_v1.8.exe,std::popcount,bit,0x14026a51d
chess::Bitboard::operator bool,0.007000,0.0,0.0,0.0,0.0,0.0,0.0,0.0,0.0,0.0,0.0,0.0,52601578,57301719,0,frankycpp_v1.8.exe,chess::Bitboard::operator bool,bitboard.h,0x14026a976
chess::Bitboard::operator bool,0.007000,0.0,0.0,0.0,0.0,0.0,0.0,0.0,0.0,0.0,0.0,0.0,50301509,43401302,0,frankycpp_v1.8.exe,chess::Bitboard::operator bool,bitboard.h,0x140269e94
chess::Bitboard::operator bool,0.007000,0.0,0.0,0.0,0.0,0.0,0.0,0.0,0.0,0.0,0.0,0.0,34101023,16500495,0,frankycpp_v1.8.exe,chess::Bitboard::operator bool,bitboard.h,0x14026afef
chess::Bitboard::operator|=,0.007000,0.0,0.0,0.0,0.0,0.0,0.0,0.0,0.0,0.0,0.0,0.0,51801554,25600768,0,frankycpp_v1.8.exe,chess::Bitboard::operator|=,bitboard.h,0x140269e85
chess::Bitboard::popLSB,0.007000,0.0,0.0,0.0,0.0,0.0,0.0,0.0,0.0,0.0,0.0,0.0,17800534,3800114,0,frankycpp_v1.8.exe,chess::Bitboard::popLSB,bitboard.h,0x14026411a
chess::Move::encode,0.007000,0.0,30.6,30.6,0.0,0.0,0.0,0.0,0.0,0.0,0.0,0.0,9200276,9600288,0,frankycpp_v1.8.exe,chess::Move::encode,move.h,0x140263d1b
chess::Move::type,0.007000,100.0,0.0,0.0,0.0,0.0,0.0,0.0,0.0,0.0,0.0,0.0,23300699,7200216,0,frankycpp_v1.8.exe,chess::Move::type,move.h,0x14025c882
chess::Position::getPieceBb,0.007000,0.0,0.0,0.0,0.0,0.0,0.0,0.0,0.0,,,,13300399,2600078,0,frankycpp_v1.8.exe,chess::Position::getPieceBb,Position.h,0x14026410e
chess::Square::rank,0.007000,0.0,0.0,0.0,0.0,0.0,23.0,0.0,0.0,,,,14400432,24400732,0,frankycpp_v1.8.exe,chess::Square::rank,square.h,0x14026aef5
chess::Square::rank,0.007000,0.0,0.0,0.0,0.0,0.0,0.0,0.0,0.0,,,,14300429,1100033,0,frankycpp_v1.8.exe,chess::Square::rank,square.h,0x14026a61b
chess::Value::{ctor},0.007000,0.0,81.6,0.0,0.0,0.0,0.0,0.0,0.0,0.0,0.0,0.0,17300519,3300099,0,frankycpp_v1.8.exe,chess::Value::{ctor},value.h,0x14021fc52
chess::operator&,0.007000,0.0,0.0,0.0,0.0,0.0,0.0,0.0,0.0,0.0,0.0,0.0,27600828,4400132,0,frankycpp_v1.8.exe,chess::operator&,bitboard.h,0x14025c9e1
chess::operator+,0.007000,0.0,0.0,0.0,0.0,0.0,0.0,0.0,0.0,,,,25300759,5500165,0,frankycpp_v1.8.exe,chess::operator+,direction.h,0x14025c656
chess::operator+=,0.007000,33.3,0.0,0.0,0.0,0.0,61.2,0.0,0.0,0.0,0.0,0.0,24300729,20200606,0,frankycpp_v1.8.exe,chess::operator+=,value.h,0x14026aa7a
chess::operator+=,0.007000,0.0,0.0,0.0,0.0,0.0,0.0,0.0,0.0,0.0,0.0,0.0,54701641,41001230,0,frankycpp_v1.8.exe,chess::operator+=,value.h,0x14026b778
chess::operator-,0.007000,,0.0,73.5,0.0,0.0,0.0,,0.0,,,,30200906,19800594,0,frankycpp_v1.8.exe,chess::operator-,value.h,0x1402209ed
chess::operator-,0.007000,0.0,0.0,0.0,0.0,0.0,0.0,,0.0,0.0,0.0,0.0,14700441,7000210,0,frankycpp_v1.8.exe,chess::operator-,value.h,0x14021f565
chess::operator|,0.007000,0.0,0.0,0.0,0.0,0.0,0.0,0.0,0.0,,,,16300489,4400132,0,frankycpp_v1.8.exe,chess::operator|,bitboard.h,0x14026b654
chess::operator~,0.007000,0.0,0.0,0.0,0.0,0.0,0.0,,0.0,0.0,5.1,0.0,18900567,7400222,0,frankycpp_v1.8.exe,chess::operator~,color.h,0x14025c81f
chess::operator~,0.007000,0.0,0.0,0.0,0.0,0.0,0.0,0.0,0.0,0.0,0.0,0.0,22400672,8500255,0,frankycpp_v1.8.exe,chess::operator~,color.h,0x1402641bd
chess::typeOf,0.007000,0.0,0.0,0.0,0.0,0.0,0.0,0.0,0.0,,,,30200906,15800474,0,frankycpp_v1.8.exe,chess::typeOf,piece.h,0x14029ec46
chess::valueOf,0.007000,0.0,31.9,0.0,0.0,0.0,0.0,0.0,0.0,0.0,0.0,0.0,37201116,24300729,0,frankycpp_v1.8.exe,chess::valueOf,value.h,0x1402204a6
func@0x14029ea20,0.007000,0.0,0.0,0.0,40.8,0.0,0.0,17.8,0.0,0.0,0.0,0.0,1100033,2200066,0,ntoskrnl.exe,func@0x14029ea20,[Unknown],0x14029ea20
func@0x1402e6c70,0.007000,0.0,100.0,0.0,33.4,66.8,0.0,0.0,0.0,0.0,0.0,0.0,0,0,0,ntoskrnl.exe,func@0x1402e6c70,[Unknown],0x1402e6c70
func@0x1402ec11d,0.007000,0.0,91.8,0.0,0.0,0.0,0.0,0.0,0.0,0.0,0.0,0.0,5900177,0,0,ntoskrnl.exe,func@0x1402ec11d,[Unknown],0x1402ec11d
func@0x140319000,0.007000,0.0,0.0,33.4,0.0,33.4,0.0,,0.0,0.0,0.0,0.0,6600198,1100033,0,ntoskrnl.exe,func@0x140319000,[Unknown],0x140319000
"std::array<chess::Bitboard,64>::operator[]",0.007000,0.0,0.0,0.0,0.0,0.0,0.0,0.0,0.0,0.0,0.0,0.0,36601098,13800414,0,frankycpp_v1.8.exe,"std::array<chess::Bitboard,64>::operator[]",array,0x14025c914
"std::array<chess::Bitboard,64>::operator[]",0.007000,0.0,0.0,0.0,0.0,0.0,0.0,,0.0,,,,40801224,18700561,0,frankycpp_v1.8.exe,"std::array<chess::Bitboard,64>::operator[]",array,0x14026ac14
"std::array<int,64>::operator[]",0.007000,33.3,35.0,0.0,0.0,0.0,0.0,0.0,0.0,,,,40601218,34201026,0,frankycpp_v1.8.exe,"std::array<int,64>::operator[]",array,0x140220afe
__builtin_array_init_helper<class chess::Value>,0.006000,0.0,100.0,0.0,0.0,0.0,0.0,0.0,0.0,,,,19100573,8800264,0,frankycpp_v1.8.exe,"__builtin_array_init_helper<class chess::Value>(class chess::Value *,unsigned __int64)",[Unknown],0x14029f050
_std_type_info_compare,0.006000,0.0,56.5,0.0,0.0,0.0,0.0,0.0,0.0,0.0,0.0,0.0,30800924,20900627,0,vcruntime140.dll,_std_type_info_compare,[Unknown],0x180005030
chess::Bitboard::popLSB,0.006000,0.0,0.0,26.2,0.0,0.0,0.0,0.0,0.0,0.0,0.0,0.0,14300429,7700231,0,frankycpp_v1.8.exe,chess::Bitboard::popLSB,bitboard.h,0x14026a400
chess::Bitboard::{ctor},0.006000,0.0,0.0,0.0,0.0,0.0,0.0,0.0,0.0,0.0,0.0,0.0,35601068,41201236,0,frankycpp_v1.8.exe,chess::Bitboard::{ctor},bitboard.h,0x14025c7a2
chess::Color::iterator::operator++,0.006000,0.0,0.0,0.0,0.0,0.0,0.0,0.0,0.0,0.0,0.0,0.0,8800264,3700111,0,frankycpp_v1.8.exe,chess::Color::iterator::operator++,color.h,0x14026a64d
chess::Move::to,0.006000,0.0,0.0,36.7,0.0,0.0,0.0,0.0,0.0,,,,27500825,12100363,0,frankycpp_v1.8.exe,chess::Move::to,move.h,0x14025c309
chess::Move::to,0.006000,0.0,0.0,0.0,0.0,33.4,0.0,,0.0,0.0,0.0,0.0,14700441,13200396,0,frankycpp_v1.8.exe,chess::Move::to,move.h,0x1402613e2
chess::Position::getNextPlayer,0.006000,0.0,0.0,0.0,0.0,0.0,0.0,0.0,0.0,0.0,0.0,0.0,21100633,14700441,0,frankycpp_v1.8.exe,chess::Position::getNextPlayer,Position.h,0x1402640ee
chess::Position::getPieceBb,0.006000,0.0,0.0,0.0,0.0,0.0,0.0,,0.0,,,,14000420,3000090,0,frankycpp_v1.8.exe,chess::Position::getPieceBb,Position.h,0x14026b1de
chess::Value::isValid,0.006000,0.0,0.0,0.0,91.8,0.0,0.0,,0.0,,,,11600348,3700111,0,frankycpp_v1.8.exe,chess::Value::isValid,value.h,0x1402210cf
chess::operator&,0.006000,0.0,0.0,0.0,0.0,0.0,0.0,0.0,0.0,0.0,0.0,0.0,8800264,2600078,0,frankycpp_v1.8.exe,chess::operator&,bitboard.h,0x14026a488
chess::operator&,0.006000,0.0,0.0,0.0,0.0,0.0,0.0,0.0,0.0,0.0,0.0,0.0,10300309,16600498,0,frankycpp_v1.8.exe,chess::operator&,bitboard.h,0x14026aa9c
chess::operator&,0.006000,0.0,52.5,0.0,0.0,0.0,0.0,0.0,0.0,0.0,0.0,0.0,45701371,26000780,0,frankycpp_v1.8.exe,chess::operator&,bitboard.h,0x140220ab3
chess::operator+=,0.006000,0.0,0.0,0.0,0.0,0.0,0.0,0.0,0.0,,,,11000330,8500255,0,frankycpp_v1.8.exe,chess::operator+=,value.h,0x14026aba3
chess::operator-,0.006000,0.0,0.0,0.0,0.0,0.0,0.0,,0.0,,,,5900177,1100033,0,frankycpp_v1.8.exe,chess::operator-,value.h,0x140220f8a
chess::operator==,0.006000,0.0,100.0,0.0,0.0,0.0,0.0,0.0,0.0,,,,4400132,2200066,0,frankycpp_v1.8.exe,chess::operator==,castlingrights.h,0x14021f7fc
chess::operator^=,0.006000,0.0,0.0,0.0,0.0,0.0,0.0,0.0,0.0,0.0,0.0,0.0,29500885,12900387,0,frankycpp_v1.8.exe,chess::operator^=,bitboards.h,0x14029eca2
chess::typeOf,0.006000,0.0,0.0,0.0,0.0,0.0,0.0,0.0,0.0,,,,44201326,74502235,0,frankycpp_v1.8.exe,chess::typeOf,piece.h,0x14026339b
chess::valueOf,0.006000,0.0,0.0,0.0,0.0,0.0,0.0,,0.0,,,,29000870,7700231,0,frankycpp_v1.8.exe,chess::valueOf,value.h,0x14029ec2e
engine::Search::thread,0.006000,0.0,,0.0,,0.0,0.0,62.3,89.0,0.0,0.0,0.0,3400102,1100033,0,frankycpp_v1.8.exe,engine::Search::thread,Search.h,0x14022acde
engine::TT::Entry::{ctor},0.006000,0.0,0.0,0.0,0.0,0.0,0.0,,0.0,0.0,0.0,0.0,6400192,7400222,0,frankycpp_v1.8.exe,engine::TT::Entry::{ctor},TT.h,0x14026db3b
func@0x140339b80,0.006000,100.0,91.8,0.0,0.0,0.0,0.0,0.0,66.8,2.2,4.5,0.0,1900057,1900057,0,ntoskrnl.exe,func@0x140339b80,[Unknown],0x140339b80
func@0x18001d470,0.006000,0.0,0.0,24.5,0.0,24.5,0.0,,0.0,,,,29700891,31900957,0,ntdll.dll,func@0x18001d470,[Unknown],0x18001d470
func@0x1800cfb60,0.006000,0.0,0.0,0.0,0.0,73.5,0.0,0.0,0.0,0.0,0.0,0.0,1100033,2200066,0,ntdll.dll,func@0x1800cfb60,[Unknown],0x1800cfb60
"std::array<chess::Bitboard,64>::operator[]",0.006000,0.0,0.0,30.6,0.0,0.0,0.0,0.0,0.0,0.0,0.0,0.0,39001170,36701101,0,frankycpp_v1.8.exe,"std::array<chess::Bitboard,64>::operator[]",array,0x14026aca1
"std::array<engine::PlyInfo,128>::operator[]",0.006000,0.0,0.0,0.0,0.0,0.0,0.0,0.0,0.0,0.0,0.0,0.0,15100453,2200066,0,frankycpp_v1.8.exe,"std::array<engine::PlyInfo,128>::operator[]",array,0x14021fb49
"std::array<int,64>::operator[]",0.006000,0.0,0.0,0.0,0.0,0.0,0.0,0.0,0.0,0.0,0.0,0.0,16200486,14400432,0,frankycpp_v1.8.exe,"std::array<int,64>::operator[]",array,0x14025c0a3
std::ranges::_Swap::_Cpo::operator(),0.006000,0.0,0.0,0.0,0.0,0.0,0.0,0.0,0.0,,,,8100243,4400132,0,frankycpp_v1.8.exe,std::ranges::_Swap::_Cpo::operator(),concepts,0x140264808
"std::unique_ptr<engine::PawnTT::Entry [0],std::default_delete<engine::PawnTT::Entry [0]> >::operator[]",0.006000,0.0,30.6,0.0,15.3,0.0,0.0,0.0,0.0,,,,2600078,1100033,0,frankycpp_v1.8.exe,"std::unique_ptr<engine::PawnTT::Entry [0],std::default_delete<engine::PawnTT::Entry [0]> >::operator[]",memory,0x14026a710
RtlFreeHeap,0.005000,0.0,0.0,0.0,0.0,28.3,0.0,0.0,0.0,0.0,0.0,0.0,71502145,23100693,550231,ntdll.dll,RtlFreeHeap,[Unknown],0x180078ba0
chess::Bitboard::{ctor},0.005000,0.0,0.0,0.0,0.0,0.0,0.0,,0.0,,,,18100543,12600378,0,frankycpp_v1.8.exe,chess::Bitboard::{ctor},bitboard.h,0x14029ef5c
chess::Move::operator==,0.005000,0.0,0.0,0.0,0.0,0.0,0.0,0.0,0.0,0.0,0.0,0.0,7100213,800024,0,frankycpp_v1.8.exe,chess::Move::operator==,PVTable.h,0x1402213d0
chess::Move::operator==,0.005000,0.0,0.0,38.7,0.0,0.0,0.0,0.0,0.0,0.0,0.0,0.0,29800894,23300699,0,frankycpp_v1.8.exe,chess::Move::operator==,PVTable.h,0x1402213be
chess::Move::to,0.005000,0.0,0.0,0.0,0.0,0.0,0.0,0.0,0.0,0.0,0.0,0.0,15300459,9500285,0,frankycpp_v1.8.exe,chess::Move::to,move.h,0x14025c89e
chess::Position::clearEnPassant,0.005000,0.0,0.0,0.0,0.0,0.0,0.0,0.0,0.0,0.0,0.0,0.0,4800144,4400132,0,frankycpp_v1.8.exe,chess::Position::clearEnPassant,Position.cpp,0x14025bfc3
chess::Position::getNextPlayer,0.005000,100.0,0.0,0.0,0.0,0.0,0.0,0.0,0.0,0.0,0.0,0.0,13700411,34701041,0,frankycpp_v1.8.exe,chess::Position::getNextPlayer,Position.h,0x140263403
chess::Position::getPiece,0.005000,0.0,0.0,0.0,0.0,0.0,52.5,0.0,0.0,0.0,0.0,0.0,17600528,5900177,0,frankycpp_v1.8.exe,chess::Position::getPiece,Position.h,0x14029eb8a
chess::Position::getPieceBb,0.005000,0.0,0.0,0.0,0.0,0.0,0.0,0.0,0.0,0.0,0.0,0.0,11800354,3300099,0,frankycpp_v1.8.exe,chess::Position::getPieceBb,Position.h,0x14026b537
chess::operator&,0.005000,0.0,0.0,0.0,0.0,0.0,0.0,0.0,0.0,0.0,0.0,0.0,9900297,7500225,0,frankycpp_v1.8.exe,chess::operator&,bitboard.h,0x14026a83f
chess::operator&,0.005000,0.0,0.0,0.0,0.0,0.0,0.0,,0.0,,,,19700591,30200906,0,frankycpp_v1.8.exe,chess::operator&,bitboard.h,0x14026ab50
chess::operator&,0.005000,0.0,0.0,0.0,0.0,0.0,0.0,0.0,0.0,0.0,0.0,0.0,5500165,0,0,frankycpp_v1.8.exe,chess::operator&,bitboard.h,0x14026a497
chess::operator+,0.005000,0.0,0.0,0.0,0.0,0.0,0.0,,0.0,,,,13500405,2600078,0,frankycpp_v1.8.exe,chess::operator+,value.h,0x140269df1
chess::operator+=,0.005000,0.0,0.0,0.0,0.0,0.0,0.0,0.0,0.0,,,,9900297,8500255,0,frankycpp_v1.8.exe,chess::operator+=,value.h,0x14026a9cd
chess::operator-,0.005000,0.0,0.0,0.0,0.0,0.0,0.0,0.0,0.0,0.0,0.0,0.0,17600528,7800234,0,frankycpp_v1.8.exe,chess::operator-,value.h,0x14029ec37
chess::operator-,0.005000,0.0,0.0,0.0,0.0,0.0,0.0,26.7,0.0,0.0,0.0,0.0,1900057,0,0,frankycpp_v1.8.exe,chess::operator-,value.h,0x140221532
chess::operator-,0.005000,0.0,0.0,0.0,0.0,0.0,0.0,0.0,0.0,0.0,0.0,0.0,15800474,1100033,0,frankycpp_v1.8.exe,chess::operator-,value.h,0x14021feba
chess::operator-,0.005000,0.0,0.0,0.0,0.0,0.0,0.0,26.7,0.0,0.0,0.0,0.0,4400132,0,0,frankycpp_v1.8.exe,chess::operator-,value.h,0x1402209c2
chess::operator~,0.005000,0.0,0.0,0.0,0.0,0.0,0.0,0.0,0.0,0.0,0.0,0.0,49201476,6700201,0,frankycpp_v1.8.exe,chess::operator~,color.h,0x1402217ca
engine::Search::thread,0.005000,0.0,0.0,0.0,0.0,0.0,0.0,0.0,0.0,,,,5500165,3300099,0,frankycpp_v1.8.exe,engine::Search::thread,Search.h,0x140221326
func@0x140256220,0.005000,0.0,0.0,0.0,0.0,0.0,0.0,0.0,0.0,,,,1100033,1100033,0,ntoskrnl.exe,func@0x140256220,[Unknown],0x140256220
func@0x1402ebf80,0.005000,0.0,100.0,0.0,100.0,0.0,0.0,,0.0,,,,0,0,0,ntoskrnl.exe,func@0x1402ebf80,[Unknown],0x1402ebf80
func@0x1406b2070,0.005000,0.0,0.0,0.0,91.8,0.0,0.0,0.0,0.0,0.0,2.1,0.0,400012,400012,0,ntoskrnl.exe,func@0x1406b2070,[Unknown],0x1406b2070
std::countr_zero,0.005000,0.0,0.0,0.0,0.0,0.0,0.0,0.0,0.0,,,,16500495,19500585,0,frankycpp_v1.8.exe,std::countr_zero,bit,0x140263738
std::popcount,0.005000,0.0,0.0,0.0,0.0,0.0,91.8,0.0,0.0,0.0,0.0,0.0,11500345,4900147,0,frankycpp_v1.8.exe,std::popcount,bit,0x14026ae73
std::ranges::_Swap::_Cpo::operator(),0.005000,0.0,0.0,0.0,0.0,0.0,0.0,0.0,0.0,,,,2200066,0,0,frankycpp_v1.8.exe,std::ranges::_Swap::_Cpo::operator(),concepts,0x14026483d
RtlCopyMemory,0.004000,0.0,100.0,0.0,0.0,0.0,0.0,0.0,0.0,0.0,0.0,0.0,1100033,1100033,0,ntoskrnl.exe,RtlCopyMemory,[Unknown],0x1406bf140
__builtin_array_init_helper<class chess::Move>,0.004000,,0.0,0.0,0.0,0.0,0.0,0.0,0.0,0.0,0.0,0.0,0,0,0,frankycpp_v1.8.exe,"__builtin_array_init_helper<class chess::Move>(class chess::Move *,unsigned __int64)",[Unknown],0x1401a06a0
boost::serialization::extended_type_info::operator<,0.004000,0.0,0.0,0.0,0.0,0.0,0.0,0.0,0.0,0.0,0.0,0.0,17600528,12100363,0,frankycpp_v1.8.exe,boost::serialization::extended_type_info::operator<(class boost::serialization::extended_type_info const &),extended_type_info.cpp,0x1402ba620
chess::Bitboard::operator^=,0.004000,0.0,0.0,0.0,0.0,0.0,0.0,0.0,0.0,0.0,0.0,0.0,20100603,6300189,0,frankycpp_v1.8.exe,chess::Bitboard::operator^=,bitboard.h,0x14025c922
chess::Bitboard::operator|=,0.004000,0.0,0.0,0.0,0.0,0.0,0.0,0.0,0.0,,,,7700231,15400462,0,frankycpp_v1.8.exe,chess::Bitboard::operator|=,bitboard.h,0x1402633a6
chess::Bitboard::operator|=,0.004000,0.0,0.0,0.0,0.0,0.0,0.0,0.0,0.0,,,,58301749,21400642,0,frankycpp_v1.8.exe,chess::Bitboard::operator|=,bitboard.h,0x14029ecf3
chess::Bitboard::operator|=,0.004000,0.0,0.0,100.0,0.0,0.0,0.0,,0.0,,,,3700111,1100033,0,frankycpp_v1.8.exe,chess::Bitboard::operator|=,bitboard.h,0x14026a461
chess::Bitboard::popLSB,0.004000,0.0,0.0,0.0,0.0,0.0,0.0,0.0,0.0,0.0,0.0,0.0,13600408,5500165,0,frankycpp_v1.8.exe,chess::Bitboard::popLSB,bitboard.h,0x1402642b0
chess::Direction::pawnPush,0.004000,0.0,0.0,0.0,0.0,0.0,0.0,0.0,0.0,,,,7000210,12100363,0,frankycpp_v1.8.exe,chess::Direction::pawnPush,direction.h,0x1402635b6
chess::Move::encode,0.004000,0.0,0.0,0.0,0.0,0.0,0.0,0.0,0.0,0.0,0.0,0.0,1100033,0,0,frankycpp_v1.8.exe,chess::Move::encode,move.h,0x14026364e
chess::Move::promotionType,0.004000,0.0,56.5,0.0,0.0,0.0,0.0,0.0,0.0,0.0,0.0,0.0,42201266,15100453,0,frankycpp_v1.8.exe,chess::Move::promotionType,move.h,0x14025c8fe
chess::Move::setValue,0.004000,0.0,0.0,0.0,0.0,0.0,0.0,0.0,0.0,,,,36001080,7400222,0,frankycpp_v1.8.exe,chess::Move::setValue,move.h,0x140263231
chess::Move::setValue,0.004000,0.0,0.0,0.0,0.0,0.0,0.0,0.0,0.0,0.0,0.0,0.0,30100903,3300099,0,frankycpp_v1.8.exe,chess::Move::setValue,move.h,0x140263250
chess::Move::stripped,0.004000,0.0,100.0,0.0,0.0,0.0,0.0,0.0,0.0,0.0,0.0,0.0,13200396,2600078,0,frankycpp_v1.8.exe,chess::Move::stripped,move.h,0x1402612f0
chess::Move::value,0.004000,0.0,0.0,0.0,0.0,0.0,0.0,0.0,0.0,0.0,0.0,0.0,18000540,2200066,0,frankycpp_v1.8.exe,chess::Move::value,move.h,0x140263308
chess::MoveGenerator::generateCastling,0.004000,0.0,0.0,0.0,0.0,0.0,0.0,0.0,0.0,0.0,0.0,0.0,12900387,5500165,0,frankycpp_v1.8.exe,"chess::MoveGenerator::generateCastling(class chess::Position const &,class chess::StaticMoveList<256> *,enum chess::GenMode)",MoveGenerator.cpp,0x1402643c0
chess::Position::getPiece,0.004000,0.0,0.0,0.0,0.0,0.0,100.0,13.4,0.0,0.0,0.0,0.0,4000120,3400102,0,frankycpp_v1.8.exe,chess::Position::getPiece,Position.h,0x14025da6a
chess::Position::getPieceBb,0.004000,0.0,0.0,0.0,100.0,0.0,0.0,0.0,0.0,0.0,0.0,0.0,4300129,7000210,0,frankycpp_v1.8.exe,chess::Position::getPieceBb,Position.h,0x14026aead
chess::Square::file,0.004000,0.0,0.0,0.0,0.0,0.0,0.0,0.0,0.0,,,,26400792,17300519,0,frankycpp_v1.8.exe,chess::Square::file,square.h,0x14025c0d3
chess::Value::{ctor},0.004000,0.0,0.0,0.0,0.0,0.0,0.0,0.0,0.0,0.0,0.0,0.0,13600408,13600408,0,frankycpp_v1.8.exe,chess::Value::{ctor},value.h,0x14029ed90
chess::operator&,0.004000,0.0,0.0,0.0,0.0,0.0,0.0,0.0,0.0,,,,18700561,7700231,0,frankycpp_v1.8.exe,chess::operator&,bitboard.h,0x14026af75
chess::operator+,0.004000,0.0,0.0,0.0,0.0,0.0,0.0,0.0,0.0,0.0,0.0,0.0,16600498,13200396,0,frankycpp_v1.8.exe,chess::operator+,direction.h,0x14025c625
chess::operator+,0.004000,0.0,0.0,0.0,0.0,0.0,0.0,,0.0,,,,2600078,2600078,0,frankycpp_v1.8.exe,chess::operator+,value.h,0x14021f554
chess::operator+=,0.004000,0.0,0.0,0.0,0.0,0.0,0.0,0.0,0.0,,,,3300099,400012,0,frankycpp_v1.8.exe,chess::operator+=,value.h,0x14026a737
chess::operator+=,0.004000,0.0,0.0,0.0,0.0,0.0,0.0,0.0,0.0,,,,7100213,4800144,0,frankycpp_v1.8.exe,chess::operator+=,value.h,0x14026a9ae
chess::operator-,0.004000,0.0,0.0,0.0,0.0,0.0,0.0,0.0,0.0,0.0,0.0,0.0,56901707,26800804,0,frankycpp_v1.8.exe,chess::operator-,value.h,0x14029ed80
chess::operator|,0.004000,0.0,0.0,0.0,0.0,0.0,0.0,,0.0,0.0,,0.0,3100093,2200066,0,frankycpp_v1.8.exe,chess::operator|,bitboard.h,0x14026a480
chess::operator|,0.004000,100.0,0.0,0.0,0.0,0.0,0.0,0.0,0.0,0.0,0.0,0.0,11800354,2200066,0,frankycpp_v1.8.exe,chess::operator|,bitboard.h,0x140261442
chess::operator|,0.004000,0.0,0.0,0.0,0.0,0.0,0.0,0.0,0.0,,,,7500225,8900267,0,frankycpp_v1.8.exe,chess::operator|,bitboard.h,0x140263e4c
chess::operator~,0.004000,0.0,0.0,0.0,0.0,0.0,0.0,0.0,0.0,0.0,0.0,0.0,14800444,400012,0,frankycpp_v1.8.exe,chess::operator~,color.h,0x14026b63a
chess::operator~,0.004000,0.0,0.0,0.0,0.0,0.0,0.0,0.0,0.0,,,,20600618,17000510,0,frankycpp_v1.8.exe,chess::operator~,color.h,0x140264314
chess::operator~,0.004000,0.0,0.0,0.0,0.0,45.9,0.0,0.0,0.0,0.0,0.0,0.0,18700561,8800264,0,frankycpp_v1.8.exe,chess::operator~,color.h,0x14026336d
chess::operator~,0.004000,0.0,0.0,0.0,0.0,0.0,0.0,0.0,0.0,,,,1500045,2200066,0,frankycpp_v1.8.exe,chess::operator~,color.h,0x14025c4dd
engine::Search::thread,0.004000,,0.0,0.0,0.0,0.0,0.0,0.0,0.0,,,,3700111,1100033,0,frankycpp_v1.8.exe,engine::Search::thread,Search.h,0x14021f5dc
engine::Search::thread,0.004000,0.0,0.0,0.0,0.0,0.0,0.0,0.0,0.0,0.0,26.7,0.0,7700231,3300099,0,frankycpp_v1.8.exe,engine::Search::thread,Search.h,0x14021fc49
engine::Search::thread,0.004000,0.0,0.0,0.0,0.0,0.0,0.0,0.0,0.0,0.0,0.0,0.0,9900297,3700111,0,frankycpp_v1.8.exe,engine::Search::thread,Search.h,0x14021fe88
func@0x140294430,0.004000,0.0,0.0,0.0,0.0,0.0,0.0,0.0,0.0,,,,0,0,0,ntoskrnl.exe,func@0x140294430,[Unknown],0x140294430
func@0x140294a20,0.004000,0.0,0.0,0.0,0.0,0.0,0.0,0.0,0.0,,,,7700231,5500165,0,ntoskrnl.exe,func@0x140294a20,[Unknown],0x140294a20
func@0x140295af0,0.004000,100.0,0.0,0.0,91.8,0.0,0.0,0.0,0.0,0.0,0.0,0.0,4400132,0,0,ntoskrnl.exe,func@0x140295af0,[Unknown],0x140295af0
func@0x140299590,0.004000,0.0,0.0,0.0,0.0,0.0,0.0,0.0,0.0,0.0,0.0,0.0,0,0,0,ntoskrnl.exe,func@0x140299590,[Unknown],0x140299590
func@0x14029c8f0,0.004000,50.0,0.0,91.8,0.0,0.0,0.0,0.0,0.0,0.0,0.0,0.0,2200066,3300099,0,ntoskrnl.exe,func@0x14029c8f0,[Unknown],0x14029c8f0
func@0x140318ce0,0.004000,0.0,81.6,0.0,0.0,40.8,0.0,0.0,0.0,0.0,0.0,0.0,1500045,1100033,0,ntoskrnl.exe,func@0x140318ce0,[Unknown],0x140318ce0
func@0x14033cf22,0.004000,0.0,56.5,28.3,0.0,28.3,0.0,0.0,0.0,,,,4800144,1100033,0,ntoskrnl.exe,func@0x14033cf22,[Unknown],0x14033cf22
func@0x14033d9d0,0.004000,0.0,0.0,100.0,100.0,0.0,0.0,0.0,0.0,0.0,0.0,0.0,1100033,1100033,0,ntoskrnl.exe,func@0x14033d9d0,[Unknown],0x14033d9d0
func@0x180011200,0.004000,0.0,0.0,0.0,0.0,0.0,0.0,0.0,0.0,0.0,0.0,0.0,16500495,12100363,0,vcruntime140.dll,func@0x180011200,[Unknown],0x180011200
log,0.004000,0.0,0.0,0.0,0.0,0.0,0.0,0.0,0.0,0.0,0.0,0.0,37401122,5500165,0,ucrtbase.dll,log,[Unknown],0x1800a84d0
"std::_Atomic_storage<unsigned __int64,8>::load",0.004000,0.0,0.0,0.0,0.0,0.0,0.0,,0.0,,,,400012,2000060,0,frankycpp_v1.8.exe,"std::_Atomic_storage<unsigned __int64,8>::load",atomic,0x140266917
"std::array<int,64>::operator[]",0.004000,0.0,0.0,0.0,0.0,0.0,0.0,0.0,0.0,0.0,0.0,0.0,3300099,3300099,0,frankycpp_v1.8.exe,"std::array<int,64>::operator[]",array,0x140220c3c
"std::array<int,64>::operator[]",0.004000,0.0,0.0,0.0,0.0,0.0,0.0,0.0,0.0,0.0,0.0,0.0,2300069,1100033,0,frankycpp_v1.8.exe,"std::array<int,64>::operator[]",array,0x14026b4bd
"std::array<std::array<chess::Bitboard,64>,2>::operator[]",0.004000,0.0,81.6,0.0,0.0,0.0,0.0,0.0,0.0,,,,30900927,18400552,0,frankycpp_v1.8.exe,"std::array<std::array<chess::Bitboard,64>,2>::operator[]",array,0x14026ac10
"std::array<std::array<chess::Bitboard,64>,8>::operator[]",0.004000,0.0,0.0,0.0,0.0,0.0,0.0,0.0,0.0,0.0,0.0,0.0,16900507,22400672,0,frankycpp_v1.8.exe,"std::array<std::array<chess::Bitboard,64>,8>::operator[]",array,0x14026af5e
std::countr_zero,0.004000,0.0,0.0,0.0,0.0,0.0,0.0,0.0,0.0,,,,11000330,4400132,0,frankycpp_v1.8.exe,std::countr_zero,bit,0x140264190
std::countr_zero,0.004000,0.0,0.0,0.0,0.0,0.0,0.0,0.0,0.0,,,,18700561,4400132,0,frankycpp_v1.8.exe,std::countr_zero,bit,0x14026a548
std::countr_zero,0.004000,0.0,0.0,0.0,0.0,0.0,0.0,0.0,0.0,0.0,0.0,0.0,29000870,15400462,0,frankycpp_v1.8.exe,std::countr_zero,bit,0x14029ee38
std::countr_zero,0.004000,0.0,0.0,0.0,0.0,0.0,0.0,0.0,0.0,0.0,12.1,0.0,8100243,5500165,0,frankycpp_v1.8.exe,std::countr_zero,bit,0x140264024
std::countr_zero,0.004000,0.0,0.0,0.0,0.0,0.0,0.0,0.0,0.0,0.0,0.0,0.0,22000660,14700441,0,frankycpp_v1.8.exe,std::countr_zero,bit,0x140263f45
std::min,0.004000,0.0,0.0,0.0,0.0,0.0,0.0,,0.0,,,,27700831,8100243,0,frankycpp_v1.8.exe,std::min,utility,0x140220606
std::min,0.004000,0.0,0.0,0.0,0.0,0.0,0.0,0.0,0.0,,,,2300069,1600048,0,frankycpp_v1.8.exe,std::min,utility,0x14021f56c
std::min,0.004000,0.0,0.0,0.0,0.0,0.0,0.0,0.0,0.0,,,,7100213,4300129,0,frankycpp_v1.8.exe,std::min,utility,0x140220f90
std::popcount,0.004000,0.0,100.0,0.0,0.0,0.0,0.0,0.0,0.0,0.0,0.0,0.0,11000330,3300099,0,frankycpp_v1.8.exe,std::popcount,bit,0x14026a599
std::popcount,0.004000,0.0,0.0,0.0,0.0,0.0,0.0,0.0,0.0,,,,6800204,3700111,0,frankycpp_v1.8.exe,std::popcount,bit,0x14026b693
std::popcount,0.004000,0.0,0.0,0.0,0.0,0.0,0.0,0.0,0.0,,,,9200276,8900267,0,frankycpp_v1.8.exe,std::popcount,bit,0x14025ccf9
"std::ranges::_Med3_common<chess::Move *,chess::moveValueGreaterComparator,std::identity>",0.004000,0.0,0.0,0.0,0.0,0.0,0.0,0.0,0.0,,,,1900057,0,0,frankycpp_v1.8.exe,"std::ranges::_Med3_common<chess::Move *,chess::moveValueGreaterComparator,std::identity>(class chess::Move *, class chess::Move *, class chess::Move *, struct chess::moveValueGreaterComparator, struct std::identity)",algorithm,0x140265440
std::ranges::_Swap::_Cpo::operator(),0.004000,0.0,0.0,0.0,0.0,0.0,0.0,0.0,0.0,,,,1900057,2600078,0,frankycpp_v1.8.exe,std::ranges::_Swap::_Cpo::operator(),concepts,0x14026479e
chess::Bitboard::lsb,0.003000,0.0,0.0,0.0,0.0,0.0,0.0,0.0,0.0,0.0,0.0,0.0,10100303,14700441,0,frankycpp_v1.8.exe,chess::Bitboard::lsb,bitboard.h,0x14026338a
chess::Bitboard::operator bool,0.003000,0.0,0.0,0.0,0.0,0.0,0.0,0.0,0.0,,,,8800264,2200066,0,frankycpp_v1.8.exe,chess::Bitboard::operator bool,bitboard.h,0x14026a540
chess::Bitboard::operator~,0.003000,0.0,0.0,73.5,0.0,0.0,0.0,0.0,0.0,,,,3300099,2600078,0,frankycpp_v1.8.exe,chess::Bitboard::operator~,bitboard.h,0x140263ff4
chess::Bitboard::popLSB,0.003000,0.0,0.0,0.0,0.0,0.0,0.0,0.0,0.0,0.0,0.0,0.0,12100363,8800264,0,frankycpp_v1.8.exe,chess::Bitboard::popLSB,bitboard.h,0x140264190
chess::Bitboard::popLSB,0.003000,0.0,0.0,0.0,0.0,0.0,0.0,0.0,0.0,0.0,0.0,0.0,17600528,13600408,0,frankycpp_v1.8.exe,chess::Bitboard::popLSB,bitboard.h,0x140264024
chess::Bitboard::popLSB,0.003000,0.0,0.0,0.0,0.0,0.0,0.0,0.0,0.0,0.0,0.0,0.0,12100363,1100033,0,frankycpp_v1.8.exe,chess::Bitboard::popLSB,bitboard.h,0x14026afc7
chess::Bitboard::{ctor},0.003000,0.0,0.0,0.0,0.0,0.0,0.0,6.7,0.0,0.0,0.0,0.0,7200216,2800084,0,frankycpp_v1.8.exe,chess::Bitboard::{ctor},bitboard.h,0x14016ca0c
chess::Move::encode,0.003000,0.0,61.2,0.0,0.0,0.0,0.0,0.0,0.0,,,,28000840,9200276,0,frankycpp_v1.8.exe,chess::Move::encode,move.h,0x14026435e
chess::Move::type,0.003000,0.0,0.0,0.0,0.0,0.0,0.0,0.0,0.0,0.0,0.0,0.0,6600198,2200066,0,frankycpp_v1.8.exe,chess::Move::type,move.h,0x1402217e7
chess::Position::getEnPassantSquare,0.003000,0.0,0.0,0.0,0.0,0.0,0.0,0.0,0.0,,,,4800144,3700111,0,frankycpp_v1.8.exe,chess::Position::getEnPassantSquare,Position.h,0x140263812
chess::Position::getKingSquare,0.003000,0.0,0.0,0.0,0.0,0.0,0.0,0.0,0.0,0.0,0.0,0.0,6000180,1200036,0,frankycpp_v1.8.exe,chess::Position::getKingSquare,Position.h,0x14026aa96
chess::Position::getOccupiedBb,0.003000,0.0,0.0,0.0,0.0,0.0,30.6,0.0,0.0,0.0,0.0,0.0,32100963,19600588,0,frankycpp_v1.8.exe,chess::Position::getOccupiedBb,Position.h,0x14025c90d
chess::Position::getPieceBb,0.003000,0.0,0.0,0.0,0.0,0.0,0.0,,0.0,0.0,0.0,0.0,6000180,4500135,0,frankycpp_v1.8.exe,chess::Position::getPieceBb,Position.h,0x14029eeed
chess::Position::getPieceBb,0.003000,0.0,0.0,0.0,0.0,0.0,0.0,0.0,0.0,0.0,0.0,0.0,39301179,20600618,0,frankycpp_v1.8.exe,chess::Position::getPieceBb,Position.h,0x140269e8d
chess::Position::getPieceBb,0.003000,0.0,0.0,0.0,0.0,0.0,0.0,0.0,0.0,0.0,0.0,0.0,52501575,42901287,0,frankycpp_v1.8.exe,chess::Position::getPieceBb,Position.h,0x14026abe8
chess::Position::getPieceBb,0.003000,0.0,0.0,0.0,0.0,0.0,0.0,0.0,0.0,0.0,0.0,0.0,7400222,2800084,0,frankycpp_v1.8.exe,chess::Position::getPieceBb,Position.h,0x14029efbd
chess::Square::rank,0.003000,0.0,0.0,0.0,0.0,0.0,0.0,,0.0,0.0,0.0,0.0,5900177,3700111,0,frankycpp_v1.8.exe,chess::Square::rank,square.h,0x14026abc7
chess::Square::rank,0.003000,0.0,0.0,0.0,0.0,0.0,0.0,0.0,0.0,,,,10700321,3700111,0,frankycpp_v1.8.exe,chess::Square::rank,square.h,0x14026a613
chess::Value::operator int,0.003000,0.0,0.0,0.0,0.0,0.0,0.0,,,,,,16000480,22500675,0,frankycpp_v1.8.exe,chess::Value::operator int,value.h,0x14025da15
chess::Value::operator int,0.003000,0.0,0.0,0.0,0.0,0.0,0.0,,0.0,,,,10000300,6000180,0,frankycpp_v1.8.exe,chess::Value::operator int,value.h,0x14025db15
chess::operator&,0.003000,0.0,0.0,0.0,0.0,0.0,0.0,0.0,0.0,,,,10300309,0,0,frankycpp_v1.8.exe,chess::operator&,bitboard.h,0x14026a468
chess::operator&,0.003000,0.0,0.0,0.0,0.0,0.0,0.0,0.0,0.0,0.0,0.0,0.0,31900957,7700231,0,frankycpp_v1.8.exe,chess::operator&,bitboard.h,0x14026afcc
chess::operator&,0.003000,0.0,0.0,0.0,0.0,0.0,0.0,0.0,0.0,,,,9600288,6600198,0,frankycpp_v1.8.exe,chess::operator&,bitboard.h,0x14026ac1b
chess::operator+,0.003000,0.0,0.0,0.0,0.0,0.0,0.0,0.0,0.0,,,,0,400012,0,frankycpp_v1.8.exe,chess::operator+,direction.h,0x140263873
chess::operator+,0.003000,0.0,0.0,0.0,0.0,0.0,0.0,,0.0,,,,2200066,0,0,frankycpp_v1.8.exe,chess::operator+,depth.h,0x1402209af
chess::operator++,0.003000,0.0,0.0,0.0,0.0,0.0,0.0,0.0,0.0,,,,1100033,0,0,frankycpp_v1.8.exe,chess::operator++,depth.h,0x14021fe5b
chess::operator-,0.003000,0.0,0.0,0.0,0.0,0.0,0.0,0.0,0.0,,,,9200276,4400132,0,frankycpp_v1.8.exe,chess::operator-,value.h,0x14021fc37
chess::operator-,0.003000,0.0,0.0,0.0,0.0,0.0,0.0,0.0,0.0,0.0,0.0,0.0,16200486,8100243,0,frankycpp_v1.8.exe,chess::operator-,value.h,0x14021fd9e
chess::operator-=,0.003000,0.0,0.0,0.0,0.0,0.0,,0.0,0.0,,,,2600078,400012,0,frankycpp_v1.8.exe,chess::operator-=,depth.h,0x1402206e4
chess::operator|,0.003000,0.0,52.5,0.0,0.0,0.0,0.0,0.0,0.0,,,,16900507,16300489,0,frankycpp_v1.8.exe,chess::operator|,bitboard.h,0x1402643c0
engine::Evaluator::valueFromScore,0.003000,0.0,0.0,0.0,0.0,0.0,0.0,0.0,0.0,,,,13600408,4400132,0,frankycpp_v1.8.exe,engine::Evaluator::valueFromScore,Evaluator.cpp,0x14026a1b5
engine::PawnTT::getHash,0.003000,0.0,0.0,0.0,0.0,0.0,0.0,0.0,0.0,0.0,0.0,0.0,0,0,0,frankycpp_v1.8.exe,engine::PawnTT::getHash,PawnTT.h,0x14026a6f2
engine::Search::thread,0.003000,0.0,0.0,0.0,0.0,0.0,0.0,0.0,0.0,,,,21300639,11000330,0,frankycpp_v1.8.exe,engine::Search::thread,Search.h,0x14021fb9d
func@0x140002700,0.003000,0.0,61.2,61.2,0.0,0.0,0.0,0.0,0.0,,,,0,0,0,intelppm.sys,func@0x140002700,[Unknown],0x140002700
func@0x140202360,0.003000,0.0,0.0,0.0,0.0,0.0,0.0,0.0,0.0,0.0,0.0,0.0,1100033,0,0,ntoskrnl.exe,func@0x140202360,[Unknown],0x140202360
func@0x14021e510,0.003000,0.0,0.0,0.0,0.0,0.0,0.0,0.0,0.0,0.0,0.0,0.0,5500165,8800264,0,ntoskrnl.exe,func@0x14021e510,[Unknown],0x14021e510
func@0x140222210,0.003000,0.0,0.0,0.0,73.5,0.0,0.0,0.0,0.0,0.0,0.0,0.0,1100033,0,0,ntoskrnl.exe,func@0x140222210,[Unknown],0x140222210
func@0x1402578c0,0.003000,0.0,0.0,0.0,0.0,0.0,0.0,,0.0,0.0,0.0,0.0,1100033,0,0,ntoskrnl.exe,func@0x1402578c0,[Unknown],0x1402578c0
func@0x1402947e0,0.003000,0.0,0.0,0.0,30.6,0.0,0.0,0.0,0.0,0.0,0.0,0.0,1900057,4800144,0,ntoskrnl.exe,func@0x1402947e0,[Unknown],0x1402947e0
func@0x14029cf20,0.003000,0.0,0.0,0.0,0.0,0.0,0.0,,0.0,,,,0,1100033,0,ntoskrnl.exe,func@0x14029cf20,[Unknown],0x14029cf20
func@0x1402b2840,0.003000,0.0,0.0,73.5,0.0,0.0,0.0,0.0,0.0,0.0,0.0,0.0,0,3300099,0,ntoskrnl.exe,func@0x1402b2840,[Unknown],0x1402b2840
func@0x1402e6740,0.003000,0.0,0.0,0.0,0.0,0.0,0.0,0.0,0.0,0.0,0.0,0.0,2200066,3300099,0,ntoskrnl.exe,func@0x1402e6740,[Unknown],0x1402e6740
func@0x1402edd42,0.003000,0.0,0.0,0.0,0.0,0.0,0.0,,0.0,,,,8800264,0,0,ntoskrnl.exe,func@0x1402edd42,[Unknown],0x1402edd42
func@0x140317160,0.003000,0.0,0.0,0.0,36.7,36.7,0.0,0.0,0.0,0.0,0.0,0.0,0,0,0,ntoskrnl.exe,func@0x140317160,[Unknown],0x140317160
func@0x14031a0a0,0.003000,0.0,0.0,0.0,0.0,0.0,0.0,0.0,0.0,,,,1100033,0,0,ntoskrnl.exe,func@0x14031a0a0,[Unknown],0x14031a0a0
func@0x14033bfe0,0.003000,100.0,100.0,0.0,33.4,33.4,0.0,0.0,0.0,0.0,0.0,0.0,3300099,2200066,0,ntoskrnl.exe,func@0x14033bfe0,[Unknown],0x14033bfe0
func@0x1403f5655,0.003000,,0.0,0.0,0.0,0.0,0.0,0.0,0.0,,,,0,1100033,0,ntoskrnl.exe,func@0x1403f5655,[Unknown],0x1403f5655
func@0x14040f6d0,0.003000,100.0,0.0,100.0,0.0,0.0,0.0,,0.0,,,,1500045,400012,0,ntoskrnl.exe,func@0x14040f6d0,[Unknown],0x14040f6d0
func@0x1404206e2,0.003000,0.0,0.0,0.0,0.0,0.0,0.0,0.0,0.0,0.0,0.0,0.0,2200066,1100033,0,ntoskrnl.exe,func@0x1404206e2,[Unknown],0x1404206e2
func@0x140438770,0.003000,0.0,0.0,0.0,0.0,0.0,0.0,0.0,0.0,,,,4400132,800024,0,ntoskrnl.exe,func@0x140438770,[Unknown],0x140438770
func@0x1406ac1e0,0.003000,0.0,73.5,73.5,0.0,0.0,0.0,0.0,0.0,0.0,0.0,0.0,4400132,0,0,ntoskrnl.exe,func@0x1406ac1e0,[Unknown],0x1406ac1e0
func@0x18001cd70,0.003000,0.0,0.0,0.0,0.0,0.0,0.0,0.0,0.0,0.0,0.0,0.0,7700231,2200066,0,ntdll.dll,func@0x18001cd70,[Unknown],0x18001cd70
lround,0.003000,0.0,0.0,0.0,0.0,0.0,0.0,0.0,0.0,0.0,0.0,0.0,6600198,3300099,0,ucrtbase.dll,lround,[Unknown],0x18002a0a0
"std::_Atomic_storage<unsigned __int64,8>::store",0.003000,0.0,0.0,0.0,0.0,0.0,0.0,0.0,0.0,,,,3300099,0,0,frankycpp_v1.8.exe,"std::_Atomic_storage<unsigned __int64,8>::store",atomic,0x140267884
"std::_List_node<std::pair<unsigned __int64 const ,book::BookEntry>,void *>::_Freenode",0.003000,0.0,0.0,0.0,0.0,0.0,0.0,0.0,0.0,0.0,0.0,0.0,7700231,0,0,frankycpp_v1.8.exe,"std::_List_node<std::pair<unsigned __int64 const ,book::BookEntry>,void *>::_Freenode",list,0x14023a0c3
"std::array<chess::Bitboard,64>::operator[]",0.003000,0.0,0.0,0.0,0.0,0.0,0.0,0.0,0.0,,,,4800144,2200066,0,frankycpp_v1.8.exe,"std::array<chess::Bitboard,64>::operator[]",array,0x14026a464
"std::array<chess::Bitboard,64>::operator[]",0.003000,0.0,0.0,0.0,0.0,0.0,0.0,0.0,0.0,,,,31700951,23500705,0,frankycpp_v1.8.exe,"std::array<chess::Bitboard,64>::operator[]",array,0x140269e14
"std::array<chess::Bitboard,8>::operator[]",0.003000,0.0,0.0,0.0,0.0,0.0,0.0,,0.0,0.0,0.0,0.0,5500165,5500165,0,frankycpp_v1.8.exe,"std::array<chess::Bitboard,8>::operator[]",array,0x140263cb1
"std::array<chess::Bitboard,8>::operator[]",0.003000,0.0,66.8,0.0,0.0,0.0,0.0,0.0,0.0,0.0,0.0,0.0,19800594,17600528,0,frankycpp_v1.8.exe,"std::array<chess::Bitboard,8>::operator[]",array,0x140263afb
"std::array<chess::Bitboard,8>::operator[]",0.003000,0.0,0.0,0.0,0.0,0.0,0.0,0.0,0.0,0.0,0.0,0.0,8800264,16200486,0,frankycpp_v1.8.exe,"std::array<chess::Bitboard,8>::operator[]",array,0x140263b5e
"std::array<chess::HistoryState,1024>::operator[]",0.003000,0.0,0.0,0.0,0.0,0.0,0.0,0.0,0.0,0.0,0.0,0.0,6700201,2600078,0,frankycpp_v1.8.exe,"std::array<chess::HistoryState,1024>::operator[]",array,0x14025c4e0
"std::array<chess::Move,64>::operator[]",0.003000,0.0,0.0,0.0,0.0,0.0,0.0,0.0,0.0,,,,16900507,7000210,0,frankycpp_v1.8.exe,"std::array<chess::Move,64>::operator[]",array,0x140220c95
"std::array<chess::Value,25>::operator[]",0.003000,0.0,0.0,0.0,0.0,0.0,0.0,0.0,0.0,0.0,0.0,0.0,7000210,4800144,0,frankycpp_v1.8.exe,"std::array<chess::Value,25>::operator[]",array,0x1402641b1
"std::array<std::array<int,64>,64>::operator[]",0.003000,0.0,0.0,0.0,0.0,0.0,0.0,0.0,0.0,0.0,0.0,0.0,3700111,5200156,0,frankycpp_v1.8.exe,"std::array<std::array<int,64>,64>::operator[]",array,0x140220af2
"std::array<std::array<unsigned __int64,64>,16>::operator[]",0.003000,0.0,0.0,0.0,0.0,0.0,0.0,10.7,0.0,0.0,0.0,0.0,35201056,28400852,0,frankycpp_v1.8.exe,"std::array<std::array<unsigned __int64,64>,16>::operator[]",array,0x14025d9b6
std::countr_zero,0.003000,0.0,0.0,0.0,0.0,0.0,0.0,0.0,0.0,0.0,0.0,0.0,0,0,0,frankycpp_v1.8.exe,std::countr_zero,bit,0x14026afc7
std::countr_zero,0.003000,0.0,0.0,0.0,0.0,0.0,0.0,0.0,0.0,,,,4400132,1500045,0,frankycpp_v1.8.exe,std::countr_zero,bit,0x14026a400
std::ranges::_Guess_median_common,0.003000,0.0,0.0,0.0,0.0,0.0,0.0,0.0,0.0,,,,2600078,7700231,0,frankycpp_v1.8.exe,std::ranges::_Guess_median_common,algorithm,0x140264683
EtwEventEnabled,0.002000,0.0,0.0,0.0,0.0,0.0,0.0,0.0,0.0,,,,0,0,0,ntoskrnl.exe,EtwEventEnabled,[Unknown],0x140322d70
ExpInterlockedPopEntrySList,0.002000,0.0,0.0,0.0,0.0,0.0,0.0,,0.0,0.0,0.0,0.0,1100033,2200066,0,ntoskrnl.exe,ExpInterlockedPopEntrySList,[Unknown],0x1406b2dc0
KeClockInterruptNotify,0.002000,0.0,0.0,0.0,0.0,0.0,0.0,0.0,0.0,0.0,0.0,0.0,2200066,1100033,0,ntoskrnl.exe,KeClockInterruptNotify,[Unknown],0x1402eb510
RtlAllocateHeap,0.002000,0.0,0.0,0.0,0.0,0.0,0.0,0.0,0.0,0.0,0.0,0.0,0,4400132,0,ntdll.dll,RtlAllocateHeap,[Unknown],0x18001c240
[Import thunk _std_type_info_compare],0.002000,0.0,0.0,0.0,0.0,0.0,0.0,0.0,0.0,0.0,0.0,0.0,2200066,2200066,0,frankycpp_v1.8.exe,[Import thunk _std_type_info_compare],[Unknown],0x14061bd6e
`vector constructor iterator',0.002000,0.0,0.0,0.0,0.0,0.0,0.0,0.0,0.0,0.0,0.0,0.0,0,0,0,frankycpp_v1.8.exe,"`vector constructor iterator'(void *,unsigned __int64,unsigned __int64,void * (*)(void *))",[Unknown],0x14010f320
boost::archive::detail::basic_serializer::operator<,0.002000,0.0,0.0,0.0,0.0,0.0,0.0,0.0,0.0,0.0,0.0,0.0,15400462,7700231,0,frankycpp_v1.8.exe,boost::archive::detail::basic_serializer::operator<,basic_serializer.hpp,0x1402afc63
boost::archive::detail::interface_iarchive<boost::archive::binary_iarchive>::This,0.002000,0.0,0.0,0.0,0.0,0.0,0.0,0.0,0.0,0.0,0.0,0.0,1100033,0,0,frankycpp_v1.8.exe,boost::archive::detail::interface_iarchive<boost::archive::binary_iarchive>::This,interface_iarchive.hpp,0x140289293
"boost::serialization::singleton<class boost::archive::detail::iserializer<class boost::archive::binary_iarchive,class std::vector<class chess::Move,class std::allocator<class chess::Move> > > >::get_instance",0.002000,0.0,0.0,0.0,0.0,0.0,0.0,0.0,0.0,0.0,0.0,0.0,1100033,0,0,frankycpp_v1.8.exe,"boost::serialization::singleton<class boost::archive::detail::iserializer<class boost::archive::binary_iarchive,class std::vector<class chess::Move,class std::allocator<class chess::Move> > > >::get_instance(void)",singleton.hpp,0x140290f90
chess::Bitboard::operator bool,0.002000,0.0,0.0,0.0,0.0,0.0,0.0,0.0,0.0,0.0,0.0,0.0,8000240,9100273,0,frankycpp_v1.8.exe,chess::Bitboard::operator bool,bitboard.h,0x140269e55
chess::Bitboard::operator bool,0.002000,0.0,0.0,0.0,100.0,0.0,0.0,0.0,0.0,,,,12100363,8800264,0,frankycpp_v1.8.exe,chess::Bitboard::operator bool,bitboard.h,0x14026a3b8
chess::Bitboard::operator bool,0.002000,0.0,0.0,0.0,0.0,0.0,0.0,,0.0,,,,7400222,8100243,0,frankycpp_v1.8.exe,chess::Bitboard::operator bool,bitboard.h,0x14026a91c
chess::Bitboard::operator^=,0.002000,0.0,0.0,0.0,0.0,0.0,0.0,0.0,0.0,,,,12100363,9900297,0,frankycpp_v1.8.exe,chess::Bitboard::operator^=,bitboard.h,0x14029ecbc
chess::Bitboard::operator|=,0.002000,0.0,0.0,0.0,0.0,0.0,0.0,0.0,0.0,,,,16500495,2200066,0,frankycpp_v1.8.exe,chess::Bitboard::operator|=,bitboard.h,0x14026a483
chess::Bitboard::popLSB,0.002000,0.0,0.0,0.0,0.0,0.0,0.0,0.0,0.0,,,,3300099,0,0,frankycpp_v1.8.exe,chess::Bitboard::popLSB,bitboard.h,0x14026b460
chess::Bitboard::popLSB,0.002000,0.0,0.0,0.0,0.0,0.0,0.0,0.0,0.0,,,,5300159,4400132,0,frankycpp_v1.8.exe,chess::Bitboard::popLSB,bitboard.h,0x14026a7e1
chess::Bitboard::{ctor},0.002000,0.0,0.0,0.0,0.0,0.0,0.0,0.0,0.0,0.0,0.0,0.0,5500165,2200066,0,frankycpp_v1.8.exe,chess::Bitboard::{ctor},bitboard.h,0x140263b2f
chess::CastlingRights::operator-=,0.002000,0.0,0.0,0.0,0.0,0.0,0.0,0.0,0.0,0.0,0.0,0.0,5500165,2200066,0,frankycpp_v1.8.exe,chess::CastlingRights::operator-=,castlingrights.h,0x14025bfa6
chess::Direction::pawnPush,0.002000,0.0,0.0,0.0,0.0,0.0,0.0,0.0,0.0,0.0,0.0,0.0,3300099,1100033,0,frankycpp_v1.8.exe,chess::Direction::pawnPush,direction.h,0x140263cdd
chess::Direction::pawnPush,0.002000,0.0,0.0,0.0,0.0,0.0,0.0,0.0,0.0,0.0,0.0,0.0,5500165,5500165,0,frankycpp_v1.8.exe,chess::Direction::pawnPush,direction.h,0x140263a38
chess::Move::encode,0.002000,0.0,0.0,0.0,0.0,0.0,0.0,0.0,0.0,,,,6600198,2200066,0,frankycpp_v1.8.exe,chess::Move::encode,move.h,0x1402635f2
chess::Move::from,0.002000,0.0,0.0,0.0,0.0,0.0,0.0,0.0,0.0,0.0,0.0,0.0,4500135,4800144,0,frankycpp_v1.8.exe,chess::Move::from,move.h,0x1402613df
chess::Move::from,0.002000,0.0,0.0,0.0,0.0,0.0,0.0,0.0,0.0,0.0,0.0,0.0,4200126,1900057,0,frankycpp_v1.8.exe,chess::Move::from,move.h,0x14025bcff
chess::Move::isNone,0.002000,0.0,0.0,0.0,0.0,0.0,0.0,0.0,0.0,0.0,0.0,0.0,0,0,0,frankycpp_v1.8.exe,chess::Move::isNone,move.h,0x14021f2d0
chess::Move::operator==,0.002000,0.0,0.0,73.5,0.0,0.0,0.0,0.0,0.0,0.0,0.0,0.0,1100033,1500045,0,frankycpp_v1.8.exe,chess::Move::operator==,PVTable.h,0x140261303
chess::Move::operator==,0.002000,0.0,0.0,0.0,0.0,0.0,0.0,0.0,0.0,0.0,0.0,0.0,3300099,0,0,frankycpp_v1.8.exe,chess::Move::operator==,PVTable.h,0x14022163b
chess::Move::stripped,0.002000,0.0,0.0,0.0,0.0,0.0,0.0,0.0,0.0,0.0,0.0,0.0,1100033,1100033,0,frankycpp_v1.8.exe,chess::Move::stripped,move.h,0x140261300
chess::Move::to,0.002000,,0.0,0.0,100.0,0.0,0.0,0.0,0.0,0.0,0.0,0.0,6500195,3400102,0,frankycpp_v1.8.exe,chess::Move::to,move.h,0x140220abe
chess::Move::type,0.002000,0.0,0.0,0.0,0.0,0.0,0.0,0.0,0.0,,,,5200156,4900147,0,frankycpp_v1.8.exe,chess::Move::type,move.h,0x140220ae0
chess::Move::{ctor},0.002000,0.0,0.0,0.0,0.0,0.0,0.0,0.0,0.0,0.0,0.0,0.0,0,3300099,0,frankycpp_v1.8.exe,chess::Move::{ctor},move.h,0x140263a4d
chess::MoveGenerator::reset,0.002000,0.0,0.0,0.0,0.0,0.0,0.0,0.0,0.0,0.0,0.0,0.0,0,0,0,frankycpp_v1.8.exe,chess::MoveGenerator::reset,MoveGenerator.h,0x1402164d9
chess::MoveGenerator::storeKiller,0.002000,0.0,0.0,0.0,0.0,0.0,0.0,0.0,0.0,,,,12100363,2200066,0,frankycpp_v1.8.exe,chess::MoveGenerator::storeKiller(class chess::Move),MoveGenerator.cpp,0x140261300
chess::Position::getNextPlayer,0.002000,0.0,0.0,0.0,0.0,0.0,0.0,0.0,0.0,0.0,0.0,0.0,1900057,1100033,0,frankycpp_v1.8.exe,chess::Position::getNextPlayer,Position.h,0x140263e39
chess::Position::getNextPlayer,0.002000,0.0,0.0,0.0,0.0,0.0,0.0,,0.0,,,,0,1100033,0,frankycpp_v1.8.exe,chess::Position::getNextPlayer,Position.h,0x14021f5a2
chess::Position::getPiece,0.002000,0.0,0.0,0.0,0.0,0.0,0.0,0.0,0.0,0.0,0.0,0.0,5500165,7700231,0,frankycpp_v1.8.exe,chess::Position::getPiece,Position.h,0x140263398
chess::Position::getPieceBb,0.002000,0.0,0.0,0.0,0.0,0.0,0.0,0.0,0.0,,,,6000180,4800144,0,frankycpp_v1.8.exe,chess::Position::getPieceBb,Position.h,0x14029ede4
chess::Position::getPieceBb,0.002000,0.0,0.0,0.0,0.0,0.0,0.0,0.0,0.0,0.0,0.0,0.0,3300099,0,0,frankycpp_v1.8.exe,chess::Position::getPieceBb,Position.h,0x14026a390
chess::Position::getPieceBb,0.002000,0.0,0.0,0.0,0.0,0.0,0.0,0.0,0.0,,,,2600078,10400312,0,frankycpp_v1.8.exe,chess::Position::getPieceBb,Position.h,0x140269e25
chess::Rank::operator int,0.002000,0.0,0.0,0.0,100.0,0.0,0.0,0.0,0.0,0.0,0.0,0.0,1100033,2200066,550231,frankycpp_v1.8.exe,chess::Rank::operator int,rank.h,0x14026157c
chess::StaticMoveList<256>::push_back,0.002000,0.0,0.0,0.0,0.0,0.0,0.0,0.0,0.0,0.0,0.0,0.0,0,0,0,frankycpp_v1.8.exe,chess::StaticMoveList<256>::push_back,staticmovelist.h,0x1402643ef
chess::StaticMoveList<256>::push_back,0.002000,0.0,0.0,0.0,0.0,0.0,0.0,0.0,0.0,0.0,0.0,0.0,1100033,4400132,0,frankycpp_v1.8.exe,chess::StaticMoveList<256>::push_back,staticmovelist.h,0x140263a58
chess::Value::isValid,0.002000,0.0,0.0,0.0,0.0,0.0,0.0,0.0,0.0,,,,2300069,400012,0,frankycpp_v1.8.exe,chess::Value::isValid,value.h,0x14021f6da
chess::Value::operator int,0.002000,0.0,,0.0,,0.0,0.0,0.0,0.0,0.0,,0.0,8100243,3700111,0,frankycpp_v1.8.exe,chess::Value::operator int,value.h,0x1402210cf
chess::Value::operator int,0.002000,0.0,0.0,0.0,0.0,0.0,0.0,0.0,0.0,0.0,0.0,0.0,1100033,3300099,0,frankycpp_v1.8.exe,chess::Value::operator int,value.h,0x1402202f5
chess::Value::operator int,0.002000,0.0,0.0,0.0,0.0,0.0,0.0,0.0,0.0,0.0,0.0,0.0,2600078,0,0,frankycpp_v1.8.exe,chess::Value::operator int,value.h,0x14021f6da
chess::colorOf,0.002000,0.0,100.0,0.0,0.0,0.0,0.0,,0.0,,,,6300189,5500165,0,frankycpp_v1.8.exe,chess::colorOf,piece.h,0x14026140e
chess::moveValueGreaterComparator::operator(),0.002000,0.0,0.0,0.0,0.0,0.0,0.0,0.0,0.0,0.0,0.0,0.0,0,4400132,0,frankycpp_v1.8.exe,chess::moveValueGreaterComparator::operator(),move.h,0x140265445
chess::operator&,0.002000,0.0,0.0,0.0,0.0,0.0,0.0,0.0,0.0,,,,9900297,2200066,0,frankycpp_v1.8.exe,chess::operator&,bitboard.h,0x14026a459
chess::operator&,0.002000,0.0,0.0,0.0,0.0,0.0,0.0,0.0,0.0,,,,5200156,1100033,0,frankycpp_v1.8.exe,chess::operator&,bitboard.h,0x140220717
chess::operator&,0.002000,0.0,,0.0,0.0,0.0,0.0,0.0,0.0,0.0,0.0,0.0,7000210,3300099,0,frankycpp_v1.8.exe,chess::operator&,bitboard.h,0x140263b07
chess::operator&,0.002000,0.0,0.0,0.0,0.0,0.0,0.0,0.0,0.0,,,,8800264,6600198,0,frankycpp_v1.8.exe,chess::operator&,bitboard.h,0x140263b15
chess::operator&,0.002000,0.0,100.0,0.0,0.0,0.0,0.0,0.0,0.0,0.0,0.0,0.0,22800684,15800474,0,frankycpp_v1.8.exe,chess::operator&,bitboard.h,0x14026416b
chess::operator&,0.002000,0.0,0.0,0.0,0.0,0.0,0.0,0.0,0.0,0.0,0.0,0.0,9400282,3700111,0,frankycpp_v1.8.exe,chess::operator&,bitboard.h,0x14025c613
chess::operator&,0.002000,0.0,0.0,0.0,0.0,0.0,0.0,0.0,0.0,,,,0,0,0,frankycpp_v1.8.exe,chess::operator&,bitboard.h,0x1402616b0
chess::operator+,0.002000,0.0,0.0,0.0,0.0,0.0,0.0,0.0,0.0,0.0,0.0,0.0,2200066,1100033,0,frankycpp_v1.8.exe,chess::operator+,value.h,0x14021fdb5
chess::operator+=,0.002000,0.0,0.0,0.0,0.0,0.0,0.0,0.0,0.0,,,,2600078,400012,0,frankycpp_v1.8.exe,chess::operator+=,value.h,0x14026b93a
chess::operator+=,0.002000,0.0,0.0,0.0,0.0,0.0,0.0,0.0,0.0,0.0,0.0,0.0,10300309,4400132,0,frankycpp_v1.8.exe,chess::operator+=,value.h,0x14026ac66
chess::operator-,0.002000,0.0,0.0,0.0,0.0,0.0,0.0,0.0,0.0,0.0,0.0,0.0,1100033,0,0,frankycpp_v1.8.exe,chess::operator-,value.h,0x14021ff06
chess::operator-,0.002000,0.0,0.0,0.0,0.0,0.0,0.0,0.0,0.0,,,,10300309,3300099,0,frankycpp_v1.8.exe,chess::operator-,value.h,0x1402642f5
chess::operator-,0.002000,0.0,0.0,0.0,0.0,0.0,0.0,80.1,0.0,0.0,0.0,0.0,2200066,1100033,0,frankycpp_v1.8.exe,chess::operator-,value.h,0x140221544
chess::operator-,0.002000,0.0,0.0,0.0,0.0,0.0,0.0,,0.0,,,,9900297,3300099,0,frankycpp_v1.8.exe,chess::operator-,value.h,0x14022086e
chess::operator-,0.002000,0.0,0.0,0.0,0.0,0.0,0.0,0.0,0.0,,,,11000330,1100033,0,frankycpp_v1.8.exe,chess::operator-,value.h,0x140264372
chess::operator-=,0.002000,0.0,0.0,0.0,0.0,0.0,0.0,0.0,0.0,0.0,0.0,0.0,2200066,1100033,0,frankycpp_v1.8.exe,chess::operator-=,depth.h,0x140220634
chess::operator-=,0.002000,0.0,0.0,0.0,0.0,0.0,0.0,0.0,0.0,0.0,0.0,0.0,3000090,1100033,0,frankycpp_v1.8.exe,chess::operator-=,depth.h,0x14022068c
chess::operator==,0.002000,0.0,0.0,0.0,0.0,0.0,0.0,0.0,0.0,0.0,0.0,0.0,3300099,0,0,frankycpp_v1.8.exe,chess::operator==,castlingrights.h,0x14026445d
chess::operator|,0.002000,0.0,0.0,0.0,0.0,0.0,0.0,0.0,0.0,0.0,0.0,0.0,6600198,7700231,0,frankycpp_v1.8.exe,chess::operator|,bitboard.h,0x140263ae8
chess::operator~,0.002000,0.0,0.0,0.0,0.0,0.0,0.0,0.0,0.0,,,,3000090,0,0,frankycpp_v1.8.exe,chess::operator~,color.h,0x140220713
chess::operator~,0.002000,0.0,0.0,0.0,0.0,0.0,0.0,0.0,0.0,0.0,0.0,0.0,6400192,1600048,0,frankycpp_v1.8.exe,chess::operator~,color.h,0x14025c557
chess::operator~,0.002000,0.0,0.0,0.0,0.0,0.0,0.0,0.0,0.0,0.0,0.0,0.0,1100033,2200066,0,frankycpp_v1.8.exe,chess::operator~,color.h,0x14025c49d
chess::operator~,0.002000,0.0,0.0,0.0,0.0,0.0,0.0,0.0,0.0,0.0,0.0,0.0,29600888,11500345,0,frankycpp_v1.8.exe,chess::operator~,color.h,0x140220aaf
chess::operator~,0.002000,0.0,0.0,0.0,0.0,0.0,0.0,0.0,0.0,,,,6300189,5200156,0,frankycpp_v1.8.exe,chess::operator~,color.h,0x140220bb1
chess::typeOf,0.002000,0.0,0.0,0.0,0.0,0.0,0.0,0.0,0.0,0.0,0.0,0.0,8800264,2200066,0,frankycpp_v1.8.exe,chess::typeOf,piece.h,0x1402641f0
engine::Evaluator::prefetch,0.002000,0.0,0.0,0.0,0.0,0.0,0.0,26.7,44.5,0.0,0.0,0.0,400012,400012,0,frankycpp_v1.8.exe,engine::Evaluator::prefetch,Evaluator.h,0x1402214c4
engine::Search::iterativeDeepening,0.002000,0.0,0.0,0.0,100.0,0.0,0.0,0.0,0.0,,,,0,0,0,frankycpp_v1.8.exe,engine::Search::iterativeDeepening(class chess::Position &),Search.cpp,0x14021c1a0
engine::TT::getClusterIndex,0.002000,0.0,0.0,0.0,0.0,0.0,0.0,,0.0,0.0,0.0,0.0,36301089,15200456,0,frankycpp_v1.8.exe,engine::TT::getClusterIndex,TT.h,0x14026d811
free,0.002000,0.0,0.0,0.0,0.0,0.0,0.0,0.0,0.0,0.0,0.0,0.0,1100033,1100033,0,ucrtbase.dll,free,[Unknown],0x180015de0
func@0x140027040,0.002000,0.0,0.0,0.0,0.0,100.0,0.0,0.0,0.0,0.0,0.0,0.0,0,0,0,usbxhci.sys,func@0x140027040,[Unknown],0x140027040
func@0x140202060,0.002000,0.0,0.0,61.2,0.0,0.0,0.0,0.0,0.0,,,,2200066,2200066,0,ntoskrnl.exe,func@0x140202060,[Unknown],0x140202060
func@0x140211cd0,0.002000,0.0,0.0,0.0,0.0,0.0,0.0,0.0,0.0,0.0,0.0,0.0,0,0,0,ntoskrnl.exe,func@0x140211cd0,[Unknown],0x140211cd0
func@0x140255c9d,0.002000,0.0,0.0,0.0,0.0,0.0,0.0,0.0,0.0,0.0,0.0,0.0,1100033,1100033,0,ntoskrnl.exe,func@0x140255c9d,[Unknown],0x140255c9d
func@0x140289ad0,0.002000,0.0,100.0,100.0,0.0,0.0,0.0,0.0,0.0,0.0,0.0,0.0,2200066,2200066,0,ntoskrnl.exe,func@0x140289ad0,[Unknown],0x140289ad0
func@0x140294da0,0.002000,0.0,0.0,0.0,0.0,0.0,0.0,0.0,0.0,,,,1500045,400012,0,ntoskrnl.exe,func@0x140294da0,[Unknown],0x140294da0
func@0x14029b580,0.002000,0.0,0.0,100.0,61.2,0.0,0.0,0.0,0.0,,,,2200066,400012,0,ntoskrnl.exe,func@0x14029b580,[Unknown],0x14029b580
func@0x14029e348,0.002000,0.0,0.0,0.0,0.0,0.0,0.0,0.0,0.0,0.0,0.0,0.0,0,0,0,ntoskrnl.exe,func@0x14029e348,[Unknown],0x14029e348
func@0x1402ba0e0,0.002000,0.0,0.0,0.0,0.0,0.0,0.0,0.0,0.0,,,,1100033,0,0,ntoskrnl.exe,func@0x1402ba0e0,[Unknown],0x1402ba0e0
func@0x1402d6520,0.002000,0.0,0.0,0.0,0.0,0.0,0.0,0.0,0.0,0.0,0.0,0.0,3300099,1100033,0,ntoskrnl.exe,func@0x1402d6520,[Unknown],0x1402d6520
func@0x1402d77d0,0.002000,0.0,0.0,0.0,0.0,0.0,0.0,0.0,0.0,0.0,0.0,0.0,0,0,0,ntoskrnl.exe,func@0x1402d77d0,[Unknown],0x1402d77d0
func@0x1402e6300,0.002000,0.0,100.0,0.0,0.0,0.0,0.0,0.0,0.0,,,,1100033,0,0,ntoskrnl.exe,func@0x1402e6300,[Unknown],0x1402e6300
func@0x1402ecb40,0.002000,100.0,0.0,100.0,0.0,0.0,0.0,0.0,0.0,,,,0,0,0,ntoskrnl.exe,func@0x1402ecb40,[Unknown],0x1402ecb40
func@0x14031a15b,0.002000,0.0,0.0,0.0,100.0,0.0,0.0,0.0,0.0,,,,0,0,0,ntoskrnl.exe,func@0x14031a15b,[Unknown],0x14031a15b
func@0x14033c2e4,0.002000,0.0,0.0,100.0,0.0,0.0,0.0,0.0,0.0,0.0,0.0,0.0,1100033,2200066,0,ntoskrnl.exe,func@0x14033c2e4,[Unknown],0x14033c2e4
func@0x14033eab0,0.002000,0.0,0.0,0.0,0.0,0.0,0.0,0.0,0.0,0.0,0.0,0.0,1100033,0,0,ntoskrnl.exe,func@0x14033eab0,[Unknown],0x14033eab0
func@0x1403c8fb0,0.002000,0.0,0.0,0.0,0.0,0.0,0.0,0.0,0.0,0.0,0.0,0.0,0,0,0,ntoskrnl.exe,func@0x1403c8fb0,[Unknown],0x1403c8fb0
func@0x14047ac87,0.002000,0.0,0.0,0.0,0.0,0.0,0.0,0.0,,,,,0,400012,0,ntoskrnl.exe,func@0x14047ac87,[Unknown],0x14047ac87
func@0x1404e76a0,0.002000,0.0,0.0,0.0,100.0,0.0,0.0,0.0,0.0,,,,0,0,0,ntoskrnl.exe,func@0x1404e76a0,[Unknown],0x1404e76a0
func@0x1405dfe10,0.002000,0.0,0.0,0.0,0.0,0.0,0.0,0.0,0.0,0.0,0.0,0.0,2200066,1100033,0,ntoskrnl.exe,func@0x1405dfe10,[Unknown],0x1405dfe10
func@0x1406a4e50,0.002000,0.0,0.0,0.0,0.0,0.0,0.0,,0.0,0.0,0.0,0.0,1100033,0,0,ntoskrnl.exe,func@0x1406a4e50,[Unknown],0x1406a4e50
func@0x1406b1730,0.002000,0.0,0.0,0.0,0.0,0.0,0.0,0.0,0.0,0.0,0.0,0.0,4500135,1100033,0,ntoskrnl.exe,func@0x1406b1730,[Unknown],0x1406b1730
func@0x1406b1f90,0.002000,0.0,0.0,100.0,0.0,0.0,0.0,,0.0,,,,0,0,0,ntoskrnl.exe,func@0x1406b1f90,[Unknown],0x1406b1f90
func@0x1406bfe40,0.002000,0.0,0.0,0.0,0.0,0.0,0.0,,0.0,,,,0,3300099,0,ntoskrnl.exe,func@0x1406bfe40,[Unknown],0x1406bfe40
"std::_Tree<std::_Tset_traits<boost::archive::detail::basic_iarchive_impl::cobject_type,std::less<boost::archive::detail::basic_iarchive_impl::cobject_type>,std::allocator<boost::archive::detail::basic_iarchive_impl::cobject_type>,0> >::insert",0.002000,0.0,0.0,0.0,0.0,0.0,0.0,0.0,0.0,0.0,0.0,0.0,3300099,1100033,0,frankycpp_v1.8.exe,"std::_Tree<std::_Tset_traits<boost::archive::detail::basic_iarchive_impl::cobject_type,std::less<boost::archive::detail::basic_iarchive_impl::cobject_type>,std::allocator<boost::archive::detail::basic_iarchive_impl::cobject_type>,0> >::insert",xtree,0x1402afc48
"std::array<chess::Bitboard,64>::operator[]",0.002000,0.0,0.0,0.0,0.0,0.0,0.0,0.0,0.0,0.0,0.0,0.0,8900267,13200396,0,frankycpp_v1.8.exe,"std::array<chess::Bitboard,64>::operator[]",array,0x1402633aa
"std::array<chess::Bitboard,64>::operator[]",0.002000,0.0,100.0,0.0,0.0,0.0,0.0,,0.0,,,,26400792,8800264,0,frankycpp_v1.8.exe,"std::array<chess::Bitboard,64>::operator[]",array,0x14026abf2
"std::array<chess::Value,25>::operator[]",0.002000,0.0,0.0,0.0,0.0,0.0,0.0,0.0,0.0,,,,3700111,5900177,0,frankycpp_v1.8.exe,"std::array<chess::Value,25>::operator[]",array,0x1402642d0
"std::array<chess::Value,25>::operator[]",0.002000,0.0,100.0,0.0,0.0,0.0,0.0,0.0,0.0,0.0,0.0,0.0,400012,400012,0,frankycpp_v1.8.exe,"std::array<chess::Value,25>::operator[]",array,0x140263d06
std::countr_zero,0.002000,0.0,0.0,0.0,0.0,0.0,0.0,0.0,0.0,,,,2200066,4100123,0,frankycpp_v1.8.exe,std::countr_zero,bit,0x14026b842
std::countr_zero,0.002000,0.0,0.0,0.0,0.0,0.0,0.0,0.0,0.0,0.0,0.0,0.0,9900297,0,0,frankycpp_v1.8.exe,std::countr_zero,bit,0x14026b460
std::countr_zero,0.002000,0.0,0.0,0.0,0.0,0.0,0.0,0.0,0.0,0.0,0.0,0.0,4100123,5500165,0,frankycpp_v1.8.exe,std::countr_zero,bit,0x140263c40
std::popcount,0.002000,0.0,0.0,0.0,0.0,0.0,0.0,0.0,0.0,,,,9600288,1500045,0,frankycpp_v1.8.exe,std::popcount,bit,0x14026b551
std::popcount,0.002000,0.0,0.0,0.0,0.0,0.0,0.0,0.0,0.0,0.0,0.0,0.0,10300309,1100033,0,frankycpp_v1.8.exe,std::popcount,bit,0x14026a591
std::popcount,0.002000,0.0,0.0,0.0,0.0,0.0,0.0,0.0,0.0,0.0,0.0,0.0,6300189,1600048,0,frankycpp_v1.8.exe,std::popcount,bit,0x14026b6b3
std::popcount,0.002000,0.0,0.0,0.0,0.0,0.0,0.0,0.0,0.0,0.0,0.0,0.0,1500045,3300099,0,frankycpp_v1.8.exe,std::popcount,bit,0x14026b5c0
std::popcount,0.002000,0.0,0.0,0.0,0.0,0.0,0.0,0.0,0.0,0.0,0.0,0.0,7700231,3300099,0,frankycpp_v1.8.exe,std::popcount,bit,0x14026a508
"std::ranges::_Stable_sort_fn::_Buffered_merge_sort_common<chess::Move *,chess::moveValueGreaterComparator,std::identity>",0.002000,0.0,0.0,0.0,0.0,0.0,0.0,0.0,0.0,0.0,0.0,0.0,0,0,0,frankycpp_v1.8.exe,"std::ranges::_Stable_sort_fn::_Buffered_merge_sort_common<chess::Move *,chess::moveValueGreaterComparator,std::identity>(class chess::Move *, class chess::Move *, const __int64, class chess::Move *, struct chess::moveValueGreaterComparator, struct std::identity)",algorithm,0x14023a4e0
std::ranges::_Swap::_Cpo::operator(),0.002000,0.0,0.0,0.0,0.0,0.0,0.0,0.0,0.0,0.0,0.0,0.0,1100033,400012,0,frankycpp_v1.8.exe,std::ranges::_Swap::_Cpo::operator(),concepts,0x14026485b
std::ranges::_Swap::_Cpo::operator(),0.002000,0.0,0.0,0.0,0.0,0.0,0.0,0.0,0.0,0.0,0.0,0.0,2200066,2200066,0,frankycpp_v1.8.exe,std::ranges::_Swap::_Cpo::operator(),concepts,0x140265465
"std::unique_ptr<engine::TT::TTCluster [0],std::default_delete<engine::TT::TTCluster [0]> >::operator[]",0.002000,0.0,0.0,0.0,0.0,0.0,0.0,0.0,0.0,,,,3200096,2700081,0,frankycpp_v1.8.exe,"std::unique_ptr<engine::TT::TTCluster [0],std::default_delete<engine::TT::TTCluster [0]> >::operator[]",memory,0x14026d823
"std::unique_ptr<engine::TT::TTCluster [0],std::default_delete<engine::TT::TTCluster [0]> >::operator[]",0.002000,0.0,0.0,0.0,0.0,0.0,0.0,,0.0,,,,4600138,2700081,0,frankycpp_v1.8.exe,"std::unique_ptr<engine::TT::TTCluster [0],std::default_delete<engine::TT::TTCluster [0]> >::operator[]",memory,0x14026da71
IoGetRelatedDeviceObject,0.001000,0.0,0.0,0.0,0.0,0.0,0.0,0.0,0.0,0.0,0.0,0.0,0,0,0,ntoskrnl.exe,IoGetRelatedDeviceObject,[Unknown],0x1403a8fb0
KeEnterCriticalRegion,0.001000,0.0,0.0,0.0,0.0,0.0,0.0,0.0,0.0,0.0,0.0,0.0,0,0,0,ntoskrnl.exe,KeEnterCriticalRegion,[Unknown],0x1404113a0
KeEnumerateNextProcessor,0.001000,0.0,0.0,0.0,0.0,0.0,0.0,0.0,0.0,,,,400012,0,0,ntoskrnl.exe,KeEnumerateNextProcessor,[Unknown],0x140405530
KeInsertQueueApc,0.001000,0.0,0.0,0.0,0.0,0.0,0.0,0.0,0.0,0.0,0.0,0.0,0,0,0,ntoskrnl.exe,KeInsertQueueApc,[Unknown],0x1402e7960
KeLowerIrql,0.001000,0.0,0.0,0.0,0.0,0.0,0.0,0.0,0.0,0.0,0.0,0.0,0,0,0,ntoskrnl.exe,KeLowerIrql,[Unknown],0x1403f5490
KeQueryPerformanceCounter,0.001000,0.0,0.0,0.0,0.0,0.0,0.0,0.0,0.0,0.0,0.0,0.0,0,0,0,ntoskrnl.exe,KeQueryPerformanceCounter,[Unknown],0x14033b8c0
KeReleaseSpinLock,0.001000,,100.0,0.0,100.0,0.0,0.0,0.0,0.0,,,,1100033,0,0,ntoskrnl.exe,KeReleaseSpinLock,[Unknown],0x14024ee60
KeSetEvent,0.001000,0.0,0.0,91.8,0.0,0.0,0.0,0.0,0.0,0.0,0.0,0.0,0,0,0,ntoskrnl.exe,KeSetEvent,[Unknown],0x1402736d0
NtAllocateVirtualMemory,0.001000,0.0,0.0,0.0,0.0,0.0,0.0,0.0,0.0,0.0,0.0,0.0,0,0,0,ntoskrnl.exe,NtAllocateVirtualMemory,[Unknown],0x1408d8ee0
ObfReferenceObjectWithTag,0.001000,0.0,0.0,0.0,0.0,0.0,0.0,0.0,0.0,0.0,0.0,0.0,1100033,0,0,ntoskrnl.exe,ObfReferenceObjectWithTag,[Unknown],0x1402f1310
RtlEnterCriticalSection,0.001000,0.0,0.0,0.0,0.0,0.0,0.0,0.0,0.0,0.0,0.0,0.0,0,0,0,ntdll.dll,RtlEnterCriticalSection,[Unknown],0x18000d7f0
RtlQueryInformationActivationContext,0.001000,0.0,0.0,0.0,0.0,0.0,0.0,0.0,0.0,0.0,0.0,0.0,0,0,0,ntdll.dll,RtlQueryInformationActivationContext,[Unknown],0x180013ad0
RtlQueryPerformanceCounter,0.001000,0.0,0.0,0.0,0.0,0.0,0.0,0.0,0.0,,,,0,0,0,ntdll.dll,RtlQueryPerformanceCounter,[Unknown],0x180084670
[hidusb.sys],0.001000,0.0,0.0,,,0.0,0.0,0.0,0.0,0.0,0.0,0.0,0,0,0,hidusb.sys,[hidusb.sys],[Unknown],0x0
_std_find_trivial_1,0.001000,0.0,0.0,0.0,0.0,0.0,0.0,0.0,0.0,0.0,0.0,0.0,0,0,0,frankycpp_v1.8.exe,_std_find_trivial_1,vector_algorithms.cpp,0x140615ce0
boost::archive::basic_binary_iarchive<boost::archive::binary_iarchive>::load_override,0.001000,0.0,0.0,0.0,0.0,0.0,0.0,0.0,0.0,0.0,0.0,0.0,0,0,0,frankycpp_v1.8.exe,boost::archive::basic_binary_iarchive<boost::archive::binary_iarchive>::load_override,basic_binary_iarchive.hpp,0x14028926f
"boost::archive::basic_binary_iprimitive<boost::archive::binary_iarchive,char,std::char_traits<char> >::load_binary",0.001000,0.0,0.0,0.0,0.0,0.0,0.0,0.0,0.0,0.0,0.0,0.0,1100033,0,0,frankycpp_v1.8.exe,"boost::archive::basic_binary_iprimitive<boost::archive::binary_iarchive,char,std::char_traits<char> >::load_binary",basic_binary_iprimitive.hpp,0x140281bf4
"boost::archive::basic_binary_iprimitive<class boost::archive::binary_iarchive,char,struct std::char_traits<char> >::load_binary",0.001000,0.0,0.0,0.0,0.0,0.0,0.0,0.0,0.0,0.0,0.0,0.0,2200066,1100033,0,frankycpp_v1.8.exe,"boost::archive::basic_binary_iprimitive<class boost::archive::binary_iarchive,char,struct std::char_traits<char> >::load_binary(void *,unsigned __int64)",basic_binary_iprimitive.hpp,0x140285cf0
boost::archive::detail::basic_iarchive_impl::load_preamble,0.001000,0.0,0.0,0.0,0.0,0.0,0.0,0.0,0.0,0.0,0.0,0.0,7700231,3300099,0,frankycpp_v1.8.exe,"boost::archive::detail::basic_iarchive_impl::load_preamble(class boost::archive::detail::basic_iarchive &,class boost::archive::detail::basic_iarchive_impl::cobject_id &)",basic_iarchive.cpp,0x1402afa50
boost::archive::detail::basic_iarchive_impl::register_type,0.001000,0.0,0.0,0.0,0.0,0.0,0.0,0.0,0.0,0.0,0.0,0.0,16500495,6600198,0,frankycpp_v1.8.exe,boost::archive::detail::basic_iarchive_impl::register_type(class boost::archive::detail::basic_iserializer const &),basic_iarchive.cpp,0x1402afc10
"boost::archive::detail::iserializer<class boost::archive::binary_iarchive,class book::BookEntry>::load_object_data",0.001000,0.0,0.0,0.0,0.0,0.0,0.0,0.0,0.0,0.0,0.0,0.0,4400132,1100033,0,frankycpp_v1.8.exe,"boost::archive::detail::iserializer<class boost::archive::binary_iarchive,class book::BookEntry>::load_object_data(class boost::archive::detail::basic_iarchive &,void *,unsigned int)",iserializer.hpp,0x14028d4a0
"boost::archive::detail::iserializer<class boost::archive::binary_iarchive,class std::vector<unsigned __int64,class std::allocator<unsigned __int64> > >::load_object_data",0.001000,0.0,0.0,0.0,0.0,0.0,0.0,0.0,0.0,0.0,0.0,0.0,4400132,0,0,frankycpp_v1.8.exe,"boost::archive::detail::iserializer<class boost::archive::binary_iarchive,class std::vector<unsigned __int64,class std::allocator<unsigned __int64> > >::load_object_data(class boost::archive::detail::basic_iarchive &,void *,unsigned int)",iserializer.hpp,0x140290df0
"boost::archive::detail::iserializer<class boost::archive::binary_iarchive,struct std::pair<unsigned __int64 const ,class book::BookEntry> >::load_object_data",0.001000,0.0,0.0,0.0,0.0,0.0,0.0,0.0,0.0,0.0,0.0,0.0,3300099,2200066,0,frankycpp_v1.8.exe,"boost::archive::detail::iserializer<class boost::archive::binary_iarchive,struct std::pair<unsigned __int64 const ,class book::BookEntry> >::load_object_data(class boost::archive::detail::basic_iarchive &,void *,unsigned int)",iserializer.hpp,0x14028b1b0
boost::archive::detail::load_non_pointer_type<boost::archive::binary_iarchive>::load_standard::invoke,0.001000,0.0,0.0,0.0,0.0,0.0,0.0,0.0,0.0,0.0,0.0,0.0,1100033,0,0,frankycpp_v1.8.exe,boost::archive::detail::load_non_pointer_type<boost::archive::binary_iarchive>::load_standard::invoke,iserializer.hpp,0x14028f2d6
"boost::serialization::load<class boost::archive::binary_iarchive,class boost::serialization::collection_size_type>",0.001000,0.0,0.0,0.0,0.0,0.0,0.0,0.0,0.0,0.0,0.0,0.0,2200066,0,0,frankycpp_v1.8.exe,"boost::serialization::load<class boost::archive::binary_iarchive,class boost::serialization::collection_size_type>(class boost::archive::binary_iarchive &,class boost::serialization::nvp<class boost::serialization::collection_size_type> &,unsigned int)",nvp.hpp,0x140289240
"boost::serialization::singleton<boost::archive::detail::iserializer<boost::archive::binary_iarchive,book::BookEntry> >::get_const_instance",0.001000,0.0,0.0,0.0,0.0,0.0,0.0,0.0,0.0,0.0,0.0,0.0,0,0,0,frankycpp_v1.8.exe,"boost::serialization::singleton<boost::archive::detail::iserializer<boost::archive::binary_iarchive,book::BookEntry> >::get_const_instance",singleton.hpp,0x14028c546
"boost::serialization::singleton<boost::archive::detail::iserializer<boost::archive::binary_iarchive,std::vector<chess::Move,std::allocator<chess::Move> > > >::get_const_instance",0.001000,0.0,0.0,0.0,0.0,0.0,0.0,0.0,0.0,0.0,0.0,0.0,0,0,0,frankycpp_v1.8.exe,"boost::serialization::singleton<boost::archive::detail::iserializer<boost::archive::binary_iarchive,std::vector<chess::Move,std::allocator<chess::Move> > > >::get_const_instance",singleton.hpp,0x14028f2d6
"boost::serialization::singleton<class boost::archive::detail::iserializer<class boost::archive::binary_iarchive,struct std::pair<unsigned __int64 const ,class book::BookEntry> > >::get_instance",0.001000,0.0,0.0,0.0,0.0,0.0,0.0,0.0,0.0,0.0,0.0,0.0,1100033,0,0,frankycpp_v1.8.exe,"boost::serialization::singleton<class boost::archive::detail::iserializer<class boost::archive::binary_iarchive,struct std::pair<unsigned __int64 const ,class book::BookEntry> > >::get_instance(void)",singleton.hpp,0x14028b620
"boost::serialization::smart_cast_reference<boost::archive::binary_iarchive &,boost::archive::detail::basic_iarchive>",0.001000,0.0,0.0,0.0,0.0,0.0,0.0,0.0,0.0,0.0,0.0,0.0,3300099,0,0,frankycpp_v1.8.exe,"boost::serialization::smart_cast_reference<boost::archive::binary_iarchive &,boost::archive::detail::basic_iarchive>(class boost::archive::detail::basic_iarchive & const)",smart_cast.hpp,0x140286b30
"boost::serialization::stl::collection_load_impl<class boost::archive::binary_iarchive,class std::vector<class chess::Move,class std::allocator<class chess::Move> > >",0.001000,0.0,0.0,0.0,0.0,0.0,0.0,0.0,0.0,0.0,0.0,0.0,1100033,1100033,0,frankycpp_v1.8.exe,"boost::serialization::stl::collection_load_impl<class boost::archive::binary_iarchive,class std::vector<class chess::Move,class std::allocator<class chess::Move> > >(class boost::archive::binary_iarchive &,class std::vector<class chess::Move,class std::allocator<class chess::Move> > &,class boost::serialization::collection_size_type,class boost::serialization::item_version_type)",collections_load_imp.hpp,0x140292c10
boost::serialization::typeid_system::extended_type_info_typeid_0::is_less_than,0.001000,0.0,0.0,0.0,0.0,0.0,0.0,0.0,0.0,0.0,0.0,0.0,12100363,7700231,0,frankycpp_v1.8.exe,boost::serialization::typeid_system::extended_type_info_typeid_0::is_less_than(class boost::serialization::extended_type_info const &),extended_type_info_typeid.cpp,0x1402b9830
chess::Bitboard::operator bool,0.001000,0.0,0.0,0.0,0.0,0.0,0.0,,0.0,0.0,0.0,0.0,1100033,400012,0,frankycpp_v1.8.exe,chess::Bitboard::operator bool,bitboard.h,0x14026af99
chess::Bitboard::operator|=,0.001000,0.0,0.0,0.0,0.0,0.0,0.0,0.0,0.0,0.0,0.0,0.0,0,0,0,frankycpp_v1.8.exe,chess::Bitboard::operator|=,bitboard.h,0x14016c722
chess::Bitboard::popLSB,0.001000,0.0,0.0,0.0,0.0,0.0,0.0,,0.0,,,,800024,4000120,0,frankycpp_v1.8.exe,chess::Bitboard::popLSB,bitboard.h,0x140269e60
chess::Bitboard::popLSB,0.001000,0.0,0.0,0.0,0.0,0.0,0.0,0.0,0.0,0.0,0.0,0.0,6600198,2200066,0,frankycpp_v1.8.exe,chess::Bitboard::popLSB,bitboard.h,0x14026af70
chess::Bitboard::popLSB,0.001000,0.0,0.0,0.0,0.0,0.0,0.0,0.0,0.0,0.0,0.0,0.0,5500165,0,0,frankycpp_v1.8.exe,chess::Bitboard::popLSB,bitboard.h,0x140263cf2
chess::Bitboard::popLSB,0.001000,0.0,0.0,0.0,0.0,0.0,0.0,0.0,0.0,0.0,0.0,0.0,6300189,4900147,0,frankycpp_v1.8.exe,chess::Bitboard::popLSB,bitboard.h,0x140269ea0
chess::Bitboard::popLSB,0.001000,0.0,0.0,0.0,0.0,0.0,0.0,0.0,0.0,0.0,0.0,0.0,2200066,0,0,frankycpp_v1.8.exe,chess::Bitboard::popLSB,bitboard.h,0x140263a43
chess::Color::iterator::{ctor},0.001000,0.0,,,0.0,0.0,0.0,0.0,0.0,0.0,0.0,0.0,2200066,1500045,0,frankycpp_v1.8.exe,chess::Color::iterator::{ctor},color.h,0x14026a35e
chess::Direction::operator int,0.001000,0.0,0.0,0.0,0.0,0.0,0.0,0.0,0.0,,,,11500345,17400522,0,frankycpp_v1.8.exe,chess::Direction::operator int,direction.h,0x1402634dd
chess::Direction::operator int,0.001000,0.0,0.0,0.0,0.0,0.0,0.0,0.0,0.0,0.0,0.0,0.0,0,0,0,frankycpp_v1.8.exe,chess::Direction::operator int,direction.h,0x140263877
chess::Move::encode,0.001000,0.0,0.0,0.0,0.0,0.0,0.0,0.0,0.0,,,,1100033,2200066,0,frankycpp_v1.8.exe,chess::Move::encode,move.h,0x140263a72
chess::Move::operator==,0.001000,0.0,0.0,0.0,0.0,0.0,0.0,0.0,0.0,,,,1500045,0,0,frankycpp_v1.8.exe,chess::Move::operator==,PVTable.h,0x1402206eb
chess::Move::operator==,0.001000,0.0,0.0,0.0,0.0,0.0,0.0,0.0,0.0,,,,3000090,1100033,0,frankycpp_v1.8.exe,chess::Move::operator==,PVTable.h,0x1402206fd
chess::Move::operator==,0.001000,0.0,0.0,0.0,0.0,0.0,0.0,0.0,0.0,0.0,0.0,0.0,2600078,0,0,frankycpp_v1.8.exe,chess::Move::operator==,PVTable.h,0x140220b86
chess::Move::operator==,0.001000,0.0,0.0,0.0,0.0,0.0,0.0,0.0,0.0,0.0,0.0,0.0,0,400012,0,frankycpp_v1.8.exe,chess::Move::operator==,PVTable.h,0x1402613d7
chess::Move::to,0.001000,0.0,0.0,0.0,0.0,0.0,0.0,0.0,0.0,,0.0,0.0,4800144,1100033,0,frankycpp_v1.8.exe,chess::Move::to,move.h,0x140220bb9
chess::Move::type,0.001000,0.0,0.0,0.0,0.0,0.0,0.0,0.0,0.0,0.0,0.0,0.0,1100033,0,0,frankycpp_v1.8.exe,chess::Move::type,move.h,0x140220bd2
chess::Move::type,0.001000,0.0,0.0,0.0,0.0,0.0,0.0,0.0,0.0,0.0,0.0,0.0,800024,0,0,frankycpp_v1.8.exe,chess::Move::type,move.h,0x14022073b
chess::Move::type,0.001000,0.0,0.0,0.0,0.0,0.0,0.0,0.0,0.0,0.0,0.0,0.0,1100033,0,0,frankycpp_v1.8.exe,chess::Move::type,move.h,0x140262f60
chess::Move::{ctor},0.001000,0.0,0.0,0.0,0.0,0.0,0.0,0.0,0.0,0.0,0.0,0.0,1500045,400012,0,frankycpp_v1.8.exe,chess::Move::{ctor},move.h,0x140263d03
chess::Move::{ctor},0.001000,0.0,0.0,0.0,0.0,0.0,0.0,0.0,0.0,0.0,0.0,0.0,0,0,0,frankycpp_v1.8.exe,chess::Move::{ctor},move.h,0x1401a06b0
chess::MoveGenerator::generatePseudoLegalMoves::__l17::<lambda_1>::operator(),0.001000,0.0,0.0,0.0,0.0,0.0,0.0,0.0,0.0,0.0,0.0,0.0,1100033,0,0,frankycpp_v1.8.exe,chess::MoveGenerator::generatePseudoLegalMoves::__l17::<lambda_1>::operator(),MoveGenerator.cpp,0x140261050
chess::MoveGenerator::reset,0.001000,0.0,0.0,0.0,0.0,0.0,0.0,0.0,0.0,0.0,0.0,0.0,0,0,0,frankycpp_v1.8.exe,chess::MoveGenerator::reset,MoveGenerator.h,0x140216086
chess::MoveGenerator::resetOnDemand,0.001000,0.0,0.0,0.0,0.0,0.0,0.0,0.0,0.0,0.0,0.0,0.0,0,0,0,frankycpp_v1.8.exe,chess::MoveGenerator::resetOnDemand,MoveGenerator.h,0x1402164ee
chess::MoveGenerator::resetOnDemand,0.001000,0.0,0.0,0.0,0.0,0.0,0.0,0.0,0.0,0.0,0.0,0.0,0,0,0,frankycpp_v1.8.exe,chess::MoveGenerator::resetOnDemand,MoveGenerator.h,0x1402164ab
chess::MoveGenerator::validateMove,0.001000,0.0,0.0,0.0,0.0,0.0,0.0,0.0,0.0,,,,1500045,0,0,frankycpp_v1.8.exe,"chess::MoveGenerator::validateMove(class chess::Position const &,class chess::Move)",MoveGenerator.cpp,0x140261330
chess::Position::clearEnPassant,0.001000,0.0,0.0,0.0,0.0,0.0,0.0,0.0,0.0,0.0,0.0,0.0,5900177,1100033,0,frankycpp_v1.8.exe,chess::Position::clearEnPassant,Position.cpp,0x14025c464
chess::Position::getEnPassantSquare,0.001000,0.0,0.0,0.0,0.0,0.0,0.0,,0.0,,,,4200126,4400132,0,frankycpp_v1.8.exe,chess::Position::getEnPassantSquare,Position.h,0x14029ee74
chess::Position::getLastMove,0.001000,0.0,0.0,0.0,0.0,0.0,0.0,,0.0,,,,17800534,5900177,0,frankycpp_v1.8.exe,chess::Position::getLastMove,Position.h,0x140220c78
chess::Position::getPiece,0.001000,0.0,0.0,0.0,0.0,0.0,0.0,0.0,0.0,0.0,0.0,0.0,1100033,0,0,frankycpp_v1.8.exe,chess::Position::getPiece,Position.h,0x1402635ef
chess::Position::isCapturingMove,0.001000,0.0,0.0,0.0,0.0,0.0,0.0,0.0,0.0,0.0,0.0,0.0,3400102,0,0,frankycpp_v1.8.exe,chess::Position::isCapturingMove,Position.h,0x140220713
chess::Position::isLegalMove,0.001000,0.0,0.0,0.0,0.0,0.0,0.0,0.0,0.0,,,,12600378,8500255,0,frankycpp_v1.8.exe,chess::Position::isLegalMove(class chess::Move),Position.cpp,0x14025cb40
chess::Square::file,0.001000,0.0,0.0,0.0,0.0,0.0,0.0,0.0,0.0,0.0,0.0,0.0,12100363,1100033,0,frankycpp_v1.8.exe,chess::Square::file,square.h,0x14025c065
chess::StaticMoveList<128>::pop_back,0.001000,0.0,0.0,0.0,0.0,0.0,0.0,0.0,0.0,0.0,0.0,0.0,0,0,0,frankycpp_v1.8.exe,chess::StaticMoveList<128>::pop_back,staticmovelist.h,0x14021f2ac
chess::StaticMoveList<256>::push_back,0.001000,0.0,0.0,0.0,0.0,0.0,0.0,0.0,0.0,0.0,0.0,0.0,0,0,0,frankycpp_v1.8.exe,chess::StaticMoveList<256>::push_back,staticmovelist.h,0x140263694
chess::StaticMoveList<256>::push_back,0.001000,0.0,0.0,0.0,0.0,0.0,0.0,0.0,0.0,0.0,0.0,0.0,0,0,0,frankycpp_v1.8.exe,chess::StaticMoveList<256>::push_back,staticmovelist.h,0x140263bb7
chess::StaticMoveList<256>::push_back,0.001000,0.0,0.0,0.0,0.0,0.0,0.0,0.0,0.0,0.0,0.0,0.0,2200066,1100033,0,frankycpp_v1.8.exe,chess::StaticMoveList<256>::push_back,staticmovelist.h,0x140264413
chess::StaticMoveList<256>::push_back,0.001000,0.0,0.0,0.0,0.0,0.0,0.0,0.0,0.0,,,,1100033,1100033,0,frankycpp_v1.8.exe,chess::StaticMoveList<256>::push_back,staticmovelist.h,0x140263a88
chess::Value::{ctor},0.001000,0.0,0.0,0.0,0.0,0.0,0.0,0.0,0.0,0.0,0.0,0.0,4400132,1100033,0,frankycpp_v1.8.exe,chess::Value::{ctor},value.h,0x14021fc20
chess::makePiece,0.001000,0.0,0.0,0.0,0.0,0.0,0.0,0.0,0.0,0.0,0.0,0.0,4400132,0,0,frankycpp_v1.8.exe,chess::makePiece,piece.h,0x14025bfeb
chess::moveValueGreaterComparator::operator(),0.001000,0.0,0.0,0.0,0.0,0.0,0.0,0.0,0.0,,,,3300099,0,0,frankycpp_v1.8.exe,chess::moveValueGreaterComparator::operator(),move.h,0x14026546b
chess::moveValueGreaterComparator::operator(),0.001000,0.0,0.0,0.0,0.0,0.0,0.0,0.0,0.0,0.0,0.0,0.0,0,0,0,frankycpp_v1.8.exe,chess::moveValueGreaterComparator::operator(),move.h,0x14026548e
chess::moveValueGreaterComparator::operator(),0.001000,0.0,0.0,0.0,0.0,0.0,0.0,0.0,0.0,0.0,0.0,0.0,0,400012,0,frankycpp_v1.8.exe,chess::moveValueGreaterComparator::operator(),move.h,0x140264754
chess::operator&,0.001000,0.0,0.0,0.0,0.0,0.0,0.0,0.0,0.0,0.0,0.0,0.0,1100033,1100033,0,frankycpp_v1.8.exe,chess::operator&,bitboard.h,0x1402643eb
chess::operator&,0.001000,0.0,0.0,0.0,0.0,0.0,0.0,0.0,0.0,,,,5300159,0,0,frankycpp_v1.8.exe,chess::operator&,bitboard.h,0x14026b67c
chess::operator&,0.001000,0.0,0.0,0.0,0.0,0.0,0.0,0.0,0.0,,,,11400342,9900297,0,frankycpp_v1.8.exe,chess::operator&,bitboard.h,0x14025c76f
chess::operator&,0.001000,0.0,0.0,0.0,0.0,0.0,0.0,0.0,0.0,0.0,0.0,0.0,0,0,0,frankycpp_v1.8.exe,chess::operator&,bitboard.h,0x14026a5fe
chess::operator&,0.001000,0.0,0.0,0.0,0.0,0.0,0.0,0.0,0.0,,,,0,1100033,0,frankycpp_v1.8.exe,chess::operator&,bitboard.h,0x140261693
chess::operator&,0.001000,0.0,0.0,0.0,0.0,0.0,0.0,0.0,0.0,0.0,0.0,0.0,2200066,1500045,0,frankycpp_v1.8.exe,chess::operator&,bitboard.h,0x140263b7b
chess::operator&,0.001000,0.0,0.0,0.0,0.0,0.0,0.0,0.0,0.0,,,,1100033,0,0,frankycpp_v1.8.exe,chess::operator&,bitboard.h,0x140264434
chess::operator*,0.001000,0.0,0.0,0.0,0.0,0.0,0.0,0.0,0.0,0.0,0.0,0.0,3300099,2200066,0,frankycpp_v1.8.exe,chess::operator*,value.h,0x140269e05
chess::operator+=,0.001000,0.0,0.0,0.0,0.0,0.0,0.0,0.0,0.0,,,,0,0,0,frankycpp_v1.8.exe,chess::operator+=,value.h,0x14026a673
chess::operator+=,0.001000,0.0,0.0,0.0,0.0,0.0,0.0,0.0,0.0,0.0,0.0,0.0,0,0,0,frankycpp_v1.8.exe,chess::operator+=,value.h,0x14026a727
chess::operator-,0.001000,0.0,0.0,0.0,0.0,0.0,0.0,0.0,0.0,0.0,0.0,0.0,1500045,0,0,frankycpp_v1.8.exe,chess::operator-,value.h,0x14021fd2d
chess::operator-,0.001000,0.0,0.0,0.0,0.0,0.0,0.0,0.0,0.0,0.0,0.0,0.0,7100213,2200066,0,frankycpp_v1.8.exe,chess::operator-,value.h,0x14026330c
chess::operator-,0.001000,0.0,38.7,0.0,0.0,0.0,0.0,0.0,0.0,,,,15400462,27500825,0,frankycpp_v1.8.exe,chess::operator-,direction.h,0x140263743
chess::operator-,0.001000,0.0,0.0,0.0,0.0,0.0,0.0,0.0,0.0,,,,1200036,0,0,frankycpp_v1.8.exe,chess::operator-,value.h,0x140264058
chess::operator-,0.001000,0.0,0.0,0.0,0.0,0.0,0.0,,0.0,,,,400012,0,0,frankycpp_v1.8.exe,chess::operator-,value.h,0x1402209b2
chess::operator-,0.001000,0.0,0.0,0.0,0.0,0.0,0.0,0.0,0.0,0.0,0.0,0.0,0,0,0,frankycpp_v1.8.exe,chess::operator-,value.h,0x1402208f9
chess::operator-,0.001000,0.0,0.0,0.0,0.0,0.0,0.0,0.0,0.0,0.0,0.0,0.0,0,0,0,frankycpp_v1.8.exe,chess::operator-,depth.h,0x140220333
chess::operator==,0.001000,0.0,0.0,0.0,0.0,0.0,0.0,0.0,0.0,0.0,0.0,0.0,2200066,1100033,0,frankycpp_v1.8.exe,chess::operator==,castlingrights.h,0x140264409
chess::operator>,0.001000,0.0,0.0,0.0,0.0,0.0,0.0,0.0,0.0,0.0,0.0,0.0,2200066,1100033,0,frankycpp_v1.8.exe,chess::operator>,value.h,0x14021fca9
chess::operator|,0.001000,0.0,0.0,0.0,0.0,0.0,0.0,0.0,0.0,0.0,0.0,0.0,3800114,1100033,0,frankycpp_v1.8.exe,chess::operator|,bitboard.h,0x14029ebda
chess::operator|,0.001000,0.0,0.0,0.0,0.0,0.0,0.0,0.0,0.0,0.0,0.0,0.0,6600198,4400132,0,frankycpp_v1.8.exe,chess::operator|,bitboard.h,0x14026428c
chess::operator~,0.001000,0.0,0.0,0.0,0.0,0.0,0.0,,0.0,0.0,0.0,0.0,5800174,4000120,0,frankycpp_v1.8.exe,chess::operator~,color.h,0x14025ca21
chess::operator~,0.001000,0.0,0.0,0.0,0.0,0.0,0.0,0.0,0.0,0.0,0.0,0.0,0,1100033,0,frankycpp_v1.8.exe,chess::operator~,color.h,0x140262f40
chess::operator~,0.001000,0.0,0.0,0.0,0.0,0.0,0.0,0.0,0.0,0.0,0.0,0.0,2200066,0,0,frankycpp_v1.8.exe,chess::operator~,color.h,0x14026a396
chess::operator~,0.001000,0.0,0.0,0.0,0.0,0.0,0.0,0.0,0.0,0.0,0.0,0.0,400012,400012,0,frankycpp_v1.8.exe,chess::operator~,color.h,0x14025c79e
chess::typeOf,0.001000,0.0,0.0,0.0,0.0,0.0,0.0,0.0,0.0,0.0,0.0,0.0,4400132,3300099,0,frankycpp_v1.8.exe,chess::typeOf,piece.h,0x1402641ad
chess::typeOf,0.001000,0.0,0.0,0.0,0.0,0.0,0.0,0.0,0.0,0.0,0.0,0.0,0,0,0,frankycpp_v1.8.exe,chess::typeOf,piece.h,0x1402635f5
engine::PawnTT::Entry::{ctor},0.001000,0.0,0.0,0.0,0.0,0.0,0.0,0.0,0.0,0.0,0.0,0.0,0,0,0,frankycpp_v1.8.exe,engine::PawnTT::Entry::{ctor},PawnTT.h,0x140267b90
engine::Search::isTimeAlmostUp,0.001000,0.0,0.0,0.0,30.6,0.0,0.0,0.0,0.0,,,,11400342,1100033,0,frankycpp_v1.8.exe,engine::Search::isTimeAlmostUp(void),Search.cpp,0x140227410
engine::Search::thread,0.001000,0.0,0.0,0.0,0.0,0.0,0.0,0.0,0.0,0.0,0.0,0.0,3200096,1600048,0,frankycpp_v1.8.exe,engine::Search::thread,Search.h,0x140220fdf
engine::Search::thread,0.001000,0.0,0.0,0.0,0.0,0.0,0.0,0.0,0.0,0.0,0.0,0.0,3300099,1100033,0,frankycpp_v1.8.exe,engine::Search::thread,Search.h,0x14021fd3e
engine::Search::thread,0.001000,0.0,0.0,0.0,0.0,0.0,0.0,0.0,0.0,0.0,0.0,0.0,1100033,2200066,0,frankycpp_v1.8.exe,engine::Search::thread,Search.h,0x140221677
engine::Search::thread,0.001000,0.0,0.0,0.0,0.0,0.0,0.0,,0.0,0.0,0.0,0.0,0,0,0,frankycpp_v1.8.exe,engine::Search::thread,Search.h,0x1402200b3
engine::SearchThreadData::lmr_reduction_log,0.001000,0.0,0.0,0.0,0.0,0.0,0.0,0.0,0.0,0.0,0.0,0.0,4400132,0,0,frankycpp_v1.8.exe,engine::SearchThreadData::lmr_reduction_log,SearchThreadData.h,0x140216626
engine::SearchThreadData::regenerateLmrTable,0.001000,100.0,0.0,0.0,0.0,0.0,0.0,0.0,0.0,0.0,0.0,0.0,2200066,0,0,frankycpp_v1.8.exe,"engine::SearchThreadData::regenerateLmrTable(bool,double)",SearchThreadData.h,0x1402165f0
func@0x140001000,0.001000,0.0,0.0,0.0,0.0,0.0,0.0,0.0,0.0,,,,0,0,0,winhvr.sys,func@0x140001000,[Unknown],0x140001000
func@0x140002ff0,0.001000,0.0,0.0,0.0,0.0,0.0,0.0,0.0,0.0,,,,0,0,0,winhvr.sys,func@0x140002ff0,[Unknown],0x140002ff0
func@0x1400040c0,0.001000,0.0,0.0,0.0,0.0,0.0,0.0,0.0,0.0,0.0,0.0,0.0,0,0,0,usbxhci.sys,func@0x1400040c0,[Unknown],0x1400040c0
func@0x1400061b0,0.001000,0.0,0.0,0.0,0.0,0.0,0.0,0.0,0.0,0.0,0.0,0.0,0,0,0,ntfs.sys,func@0x1400061b0,[Unknown],0x1400061b0
func@0x140006380,0.001000,0.0,0.0,0.0,0.0,0.0,0.0,0.0,0.0,0.0,0.0,0.0,0,0,0,ucx01000.sys,func@0x140006380,[Unknown],0x140006380
func@0x140006c62,0.001000,0.0,0.0,0.0,0.0,0.0,0.0,0.0,0.0,0.0,0.0,0.0,1100033,0,0,dxgmms2.sys,func@0x140006c62,[Unknown],0x140006c62
func@0x140009e30,0.001000,0.0,0.0,0.0,0.0,0.0,0.0,0.0,0.0,0.0,0.0,0.0,0,0,0,ksld.sys,func@0x140009e30,[Unknown],0x140009e30
func@0x14001672d,0.001000,0.0,0.0,0.0,0.0,100.0,0.0,0.0,0.0,0.0,0.0,0.0,0,0,0,wdf01000.sys,func@0x14001672d,[Unknown],0x14001672d
func@0x140019150,0.001000,0.0,0.0,0.0,0.0,0.0,0.0,0.0,0.0,0.0,0.0,0.0,0,0,0,usbxhci.sys,func@0x140019150,[Unknown],0x140019150
func@0x140026780,0.001000,0.0,0.0,0.0,0.0,0.0,0.0,0.0,0.0,0.0,0.0,0.0,0,0,0,wdf01000.sys,func@0x140026780,[Unknown],0x140026780
func@0x140026fb0,0.001000,0.0,0.0,0.0,0.0,0.0,0.0,0.0,0.0,0.0,0.0,0.0,0,0,0,dxgmms2.sys,func@0x140026fb0,[Unknown],0x140026fb0
func@0x140027f17,0.001000,0.0,0.0,0.0,0.0,0.0,0.0,0.0,0.0,0.0,0.0,0.0,0,0,0,dxgmms2.sys,func@0x140027f17,[Unknown],0x140027f17
func@0x140029970,0.001000,0.0,0.0,0.0,0.0,0.0,0.0,0.0,0.0,0.0,0.0,0.0,0,0,0,dxgmms2.sys,func@0x140029970,[Unknown],0x140029970
func@0x14002a2af,0.001000,0.0,0.0,0.0,0.0,0.0,0.0,0.0,0.0,0.0,0.0,0.0,0,0,0,dxgmms2.sys,func@0x14002a2af,[Unknown],0x14002a2af
func@0x140039e04,0.001000,0.0,0.0,0.0,0.0,0.0,0.0,0.0,0.0,0.0,0.0,0.0,0,0,0,dxgmms2.sys,func@0x140039e04,[Unknown],0x140039e04
func@0x14004c800,0.001000,0.0,100.0,0.0,0.0,0.0,0.0,0.0,0.0,0.0,0.0,0.0,0,0,0,wdf01000.sys,func@0x14004c800,[Unknown],0x14004c800
func@0x140064280,0.001000,0.0,0.0,0.0,0.0,0.0,0.0,0.0,0.0,0.0,0.0,0.0,0,0,0,tcpip.sys,func@0x140064280,[Unknown],0x140064280
func@0x140067c00,0.001000,0.0,0.0,0.0,0.0,0.0,0.0,0.0,0.0,0.0,0.0,0.0,0,0,0,e2fn.sys,func@0x140067c00,[Unknown],0x140067c00
func@0x1400dff70,0.001000,0.0,0.0,0.0,0.0,0.0,0.0,0.0,0.0,0.0,0.0,0.0,0,0,0,nvlddmkm.sys,func@0x1400dff70,[Unknown],0x1400dff70
func@0x1400f9200,0.001000,0.0,0.0,0.0,0.0,0.0,0.0,0.0,0.0,0.0,0.0,0.0,0,0,0,nvlddmkm.sys,func@0x1400f9200,[Unknown],0x1400f9200
func@0x1400f9ec0,0.001000,0.0,0.0,0.0,0.0,0.0,0.0,0.0,0.0,0.0,0.0,0.0,0,0,0,nvlddmkm.sys,func@0x1400f9ec0,[Unknown],0x1400f9ec0
func@0x1400fa960,0.001000,0.0,0.0,0.0,0.0,0.0,0.0,0.0,0.0,0.0,0.0,0.0,0,0,0,nvlddmkm.sys,func@0x1400fa960,[Unknown],0x1400fa960
func@0x140103210,0.001000,0.0,0.0,0.0,0.0,0.0,0.0,0.0,0.0,0.0,0.0,0.0,0,0,0,nvlddmkm.sys,func@0x140103210,[Unknown],0x140103210
func@0x140105a30,0.001000,0.0,0.0,0.0,0.0,0.0,0.0,0.0,0.0,0.0,0.0,0.0,0,0,0,nvlddmkm.sys,func@0x140105a30,[Unknown],0x140105a30
func@0x140127260,0.001000,0.0,0.0,0.0,0.0,0.0,0.0,0.0,0.0,0.0,0.0,0.0,1100033,0,0,nvlddmkm.sys,func@0x140127260,[Unknown],0x140127260
func@0x14012c5c0,0.001000,0.0,0.0,0.0,0.0,0.0,0.0,0.0,0.0,0.0,0.0,0.0,0,0,0,nvlddmkm.sys,func@0x14012c5c0,[Unknown],0x14012c5c0
func@0x140200cc0,0.001000,0.0,0.0,0.0,0.0,0.0,0.0,0.0,0.0,0.0,0.0,0.0,1100033,2200066,0,ntoskrnl.exe,func@0x140200cc0,[Unknown],0x140200cc0
func@0x140202565,0.001000,0.0,0.0,0.0,0.0,0.0,0.0,0.0,0.0,0.0,0.0,0.0,0,0,0,ntoskrnl.exe,func@0x140202565,[Unknown],0x140202565
func@0x140202640,0.001000,0.0,0.0,0.0,0.0,0.0,0.0,0.0,0.0,0.0,0.0,0.0,0,0,0,ntoskrnl.exe,func@0x140202640,[Unknown],0x140202640
func@0x140202680,0.001000,0.0,0.0,0.0,0.0,0.0,0.0,0.0,0.0,0.0,0.0,0.0,0,0,0,ntoskrnl.exe,func@0x140202680,[Unknown],0x140202680
func@0x1402026a4,0.001000,0.0,0.0,0.0,0.0,0.0,0.0,0.0,0.0,,,,0,0,0,ntoskrnl.exe,func@0x1402026a4,[Unknown],0x1402026a4
func@0x14020fa80,0.001000,0.0,0.0,0.0,0.0,0.0,0.0,0.0,0.0,,,,0,0,0,ntoskrnl.exe,func@0x14020fa80,[Unknown],0x14020fa80
func@0x140214bb0,0.001000,0.0,0.0,0.0,0.0,0.0,0.0,0.0,0.0,0.0,0.0,0.0,0,0,0,ntoskrnl.exe,func@0x140214bb0,[Unknown],0x140214bb0
func@0x14021fd17,0.001000,0.0,0.0,0.0,0.0,0.0,0.0,0.0,0.0,0.0,0.0,0.0,1100033,1100033,0,ntoskrnl.exe,func@0x14021fd17,[Unknown],0x14021fd17
func@0x1402213e0,0.001000,0.0,0.0,0.0,0.0,0.0,0.0,0.0,0.0,,,,0,0,0,ntoskrnl.exe,func@0x1402213e0,[Unknown],0x1402213e0
func@0x140244410,0.001000,0.0,0.0,0.0,0.0,0.0,0.0,0.0,0.0,0.0,0.0,0.0,0,0,0,ntoskrnl.exe,func@0x140244410,[Unknown],0x140244410
func@0x140245200,0.001000,0.0,0.0,0.0,0.0,0.0,0.0,0.0,0.0,0.0,0.0,0.0,0,0,0,ntoskrnl.exe,func@0x140245200,[Unknown],0x140245200
func@0x14024c650,0.001000,0.0,0.0,0.0,0.0,0.0,0.0,0.0,0.0,0.0,0.0,0.0,1100033,2200066,0,ntoskrnl.exe,func@0x14024c650,[Unknown],0x14024c650
func@0x14024d770,0.001000,0.0,0.0,0.0,0.0,0.0,0.0,0.0,0.0,0.0,0.0,0.0,0,0,0,ntoskrnl.exe,func@0x14024d770,[Unknown],0x14024d770
func@0x140250bb0,0.001000,0.0,0.0,0.0,0.0,0.0,0.0,0.0,0.0,0.0,0.0,0.0,0,0,0,ntoskrnl.exe,func@0x140250bb0,[Unknown],0x140250bb0
func@0x14025377f,0.001000,0.0,0.0,0.0,0.0,0.0,0.0,0.0,0.0,0.0,0.0,0.0,1100033,1100033,0,ntoskrnl.exe,func@0x14025377f,[Unknown],0x14025377f
func@0x14025ded0,0.001000,0.0,0.0,0.0,0.0,0.0,0.0,0.0,0.0,0.0,0.0,0.0,1100033,0,0,ntoskrnl.exe,func@0x14025ded0,[Unknown],0x14025ded0
func@0x140262630,0.001000,0.0,0.0,0.0,0.0,0.0,0.0,0.0,0.0,0.0,0.0,0.0,0,0,0,ntoskrnl.exe,func@0x140262630,[Unknown],0x140262630
func@0x140273340,0.001000,0.0,0.0,0.0,0.0,0.0,0.0,0.0,0.0,,,,0,0,0,ntoskrnl.exe,func@0x140273340,[Unknown],0x140273340
func@0x140273806,0.001000,0.0,0.0,0.0,0.0,0.0,0.0,0.0,0.0,0.0,0.0,0.0,0,0,0,ntoskrnl.exe,func@0x140273806,[Unknown],0x140273806
func@0x140277d29,0.001000,0.0,0.0,0.0,0.0,0.0,0.0,0.0,0.0,0.0,0.0,0.0,0,0,0,ntoskrnl.exe,func@0x140277d29,[Unknown],0x140277d29
func@0x14028b2b0,0.001000,0.0,0.0,0.0,0.0,0.0,0.0,0.0,0.0,0.0,0.0,0.0,0,1100033,0,ntoskrnl.exe,func@0x14028b2b0,[Unknown],0x14028b2b0
func@0x140292ac2,0.001000,,0.0,0.0,0.0,0.0,0.0,0.0,0.0,0.0,0.0,0.0,0,0,0,ntoskrnl.exe,func@0x140292ac2,[Unknown],0x140292ac2
func@0x14029461b,0.001000,0.0,0.0,0.0,0.0,0.0,0.0,0.0,0.0,0.0,0.0,0.0,0,0,0,ntoskrnl.exe,func@0x14029461b,[Unknown],0x14029461b
func@0x140295e18,0.001000,0.0,0.0,0.0,0.0,0.0,0.0,0.0,0.0,0.0,0.0,0.0,2200066,0,0,ntoskrnl.exe,func@0x140295e18,[Unknown],0x140295e18
func@0x140296b30,0.001000,0.0,0.0,0.0,0.0,0.0,0.0,0.0,0.0,0.0,0.0,0.0,0,0,0,ntoskrnl.exe,func@0x140296b30,[Unknown],0x140296b30
func@0x14029839c,0.001000,0.0,0.0,0.0,0.0,0.0,0.0,0.0,0.0,0.0,0.0,0.0,0,0,0,ntoskrnl.exe,func@0x14029839c,[Unknown],0x14029839c
func@0x1402997f0,0.001000,0.0,0.0,0.0,0.0,0.0,0.0,,0.0,,,,400012,2200066,0,ntoskrnl.exe,func@0x1402997f0,[Unknown],0x1402997f0
func@0x14029bd64,0.001000,0.0,0.0,0.0,0.0,100.0,0.0,0.0,0.0,0.0,0.0,0.0,5500165,2200066,0,ntoskrnl.exe,func@0x14029bd64,[Unknown],0x14029bd64
func@0x14029c140,0.001000,0.0,0.0,100.0,0.0,0.0,0.0,0.0,0.0,0.0,0.0,0.0,2200066,2200066,0,ntoskrnl.exe,func@0x14029c140,[Unknown],0x14029c140
func@0x14029c7cc,0.001000,0.0,0.0,0.0,0.0,0.0,0.0,0.0,0.0,,,,1100033,1100033,0,ntoskrnl.exe,func@0x14029c7cc,[Unknown],0x14029c7cc
func@0x14029d1e0,0.001000,0.0,0.0,0.0,0.0,0.0,0.0,,0.0,,,,4400132,1100033,0,ntoskrnl.exe,func@0x14029d1e0,[Unknown],0x14029d1e0
func@0x14029ddc3,0.001000,0.0,0.0,0.0,0.0,0.0,0.0,0.0,0.0,0.0,0.0,0.0,1100033,0,0,ntoskrnl.exe,func@0x14029ddc3,[Unknown],0x14029ddc3
func@0x1402b55d4,0.001000,0.0,0.0,0.0,0.0,0.0,0.0,0.0,0.0,0.0,0.0,0.0,0,0,0,ntoskrnl.exe,func@0x1402b55d4,[Unknown],0x1402b55d4
func@0x1402b90d0,0.001000,0.0,0.0,0.0,0.0,0.0,0.0,0.0,0.0,0.0,0.0,0.0,0,0,0,ntoskrnl.exe,func@0x1402b90d0,[Unknown],0x1402b90d0
func@0x1402b9b70,0.001000,0.0,0.0,0.0,0.0,0.0,0.0,,0.0,0.0,0.0,0.0,1100033,0,0,ntoskrnl.exe,func@0x1402b9b70,[Unknown],0x1402b9b70
func@0x1402cf110,0.001000,0.0,0.0,100.0,0.0,0.0,0.0,0.0,0.0,0.0,0.0,0.0,0,0,0,ntoskrnl.exe,func@0x1402cf110,[Unknown],0x1402cf110
func@0x1402cfd04,0.001000,0.0,0.0,0.0,0.0,0.0,0.0,0.0,0.0,0.0,0.0,0.0,0,0,0,ntoskrnl.exe,func@0x1402cfd04,[Unknown],0x1402cfd04
func@0x1402d5590,0.001000,0.0,0.0,0.0,0.0,0.0,0.0,0.0,0.0,0.0,0.0,0.0,0,0,0,ntoskrnl.exe,func@0x1402d5590,[Unknown],0x1402d5590
func@0x1402e1b20,0.001000,0.0,100.0,0.0,0.0,0.0,0.0,0.0,0.0,0.0,0.0,0.0,1100033,1100033,0,ntoskrnl.exe,func@0x1402e1b20,[Unknown],0x1402e1b20
func@0x1402e4940,0.001000,0.0,100.0,0.0,0.0,0.0,0.0,0.0,0.0,0.0,0.0,0.0,1100033,0,0,ntoskrnl.exe,func@0x1402e4940,[Unknown],0x1402e4940
func@0x1402ebfd0,0.001000,,100.0,0.0,100.0,0.0,0.0,0.0,0.0,0.0,0.0,0.0,3300099,2200066,0,ntoskrnl.exe,func@0x1402ebfd0,[Unknown],0x1402ebfd0
func@0x1402f0a73,0.001000,0.0,0.0,0.0,0.0,0.0,0.0,0.0,0.0,0.0,0.0,0.0,0,0,0,ntoskrnl.exe,func@0x1402f0a73,[Unknown],0x1402f0a73
func@0x140309300,0.001000,0.0,0.0,0.0,0.0,0.0,0.0,0.0,0.0,0.0,0.0,0.0,0,0,0,nvlddmkm.sys,func@0x140309300,[Unknown],0x140309300
func@0x140309a10,0.001000,0.0,0.0,0.0,0.0,0.0,0.0,0.0,0.0,0.0,0.0,0.0,0,0,0,nvlddmkm.sys,func@0x140309a10,[Unknown],0x140309a10
func@0x14031c140,0.001000,,0.0,0.0,0.0,0.0,0.0,0.0,0.0,0.0,0.0,0.0,0,1100033,0,ntoskrnl.exe,func@0x14031c140,[Unknown],0x14031c140
func@0x14031ede0,0.001000,0.0,0.0,0.0,0.0,0.0,0.0,0.0,0.0,0.0,0.0,0.0,0,0,0,ntoskrnl.exe,func@0x14031ede0,[Unknown],0x14031ede0
func@0x1403220b0,0.001000,100.0,61.2,61.2,0.0,100.0,0.0,0.0,0.0,0.0,0.0,0.0,0,1100033,0,ntoskrnl.exe,func@0x1403220b0,[Unknown],0x1403220b0
func@0x1403231d0,0.001000,0.0,0.0,0.0,0.0,0.0,0.0,0.0,0.0,0.0,0.0,0.0,0,0,0,ntoskrnl.exe,func@0x1403231d0,[Unknown],0x1403231d0
func@0x140327b30,0.001000,0.0,0.0,0.0,0.0,0.0,0.0,0.0,0.0,,,,0,0,0,ntoskrnl.exe,func@0x140327b30,[Unknown],0x140327b30
func@0x14032df50,0.001000,100.0,0.0,0.0,100.0,0.0,0.0,0.0,0.0,0.0,0.0,0.0,0,3300099,0,ntoskrnl.exe,func@0x14032df50,[Unknown],0x14032df50
func@0x14033ced0,0.001000,0.0,0.0,100.0,0.0,100.0,0.0,0.0,0.0,0.0,0.0,0.0,0,1100033,0,ntoskrnl.exe,func@0x14033ced0,[Unknown],0x14033ced0
func@0x14033fd10,0.001000,0.0,,,0.0,0.0,0.0,0.0,0.0,0.0,0.0,26.7,0,0,0,ntoskrnl.exe,func@0x14033fd10,[Unknown],0x14033fd10
func@0x140341a3e,0.001000,0.0,0.0,0.0,0.0,0.0,0.0,0.0,0.0,0.0,0.0,0.0,0,0,0,ntoskrnl.exe,func@0x140341a3e,[Unknown],0x140341a3e
func@0x140343680,0.001000,0.0,0.0,,,0.0,0.0,0.0,0.0,0.0,0.0,0.0,3700111,2200066,0,ntoskrnl.exe,func@0x140343680,[Unknown],0x140343680
func@0x1403446c0,0.001000,0.0,0.0,0.0,0.0,0.0,0.0,,0.0,,,,0,400012,0,ntoskrnl.exe,func@0x1403446c0,[Unknown],0x1403446c0
func@0x1403955c0,0.001000,0.0,0.0,0.0,0.0,0.0,0.0,0.0,0.0,0.0,0.0,0.0,0,0,0,ntoskrnl.exe,func@0x1403955c0,[Unknown],0x1403955c0
func@0x1403b2b10,0.001000,,0.0,0.0,100.0,0.0,0.0,0.0,0.0,0.0,0.0,0.0,1500045,1500045,0,ntoskrnl.exe,func@0x1403b2b10,[Unknown],0x1403b2b10
func@0x1403b3250,0.001000,0.0,0.0,0.0,0.0,0.0,0.0,0.0,0.0,,,,0,0,0,ntoskrnl.exe,func@0x1403b3250,[Unknown],0x1403b3250
func@0x1403b4fa8,0.001000,0.0,0.0,0.0,0.0,0.0,0.0,0.0,0.0,0.0,0.0,0.0,0,0,0,ntoskrnl.exe,func@0x1403b4fa8,[Unknown],0x1403b4fa8
func@0x1403b5a80,0.001000,0.0,0.0,0.0,0.0,0.0,0.0,0.0,0.0,0.0,0.0,0.0,0,0,0,ntoskrnl.exe,func@0x1403b5a80,[Unknown],0x1403b5a80
func@0x1403b8378,0.001000,0.0,0.0,0.0,0.0,0.0,0.0,0.0,0.0,0.0,0.0,0.0,0,0,0,ntoskrnl.exe,func@0x1403b8378,[Unknown],0x1403b8378
func@0x1403ceb90,0.001000,0.0,0.0,0.0,0.0,0.0,0.0,0.0,0.0,0.0,0.0,0.0,0,0,0,ntoskrnl.exe,func@0x1403ceb90,[Unknown],0x1403ceb90
func@0x1403d1820,0.001000,0.0,0.0,0.0,0.0,0.0,0.0,0.0,0.0,0.0,0.0,0.0,0,0,0,nvlddmkm.sys,func@0x1403d1820,[Unknown],0x1403d1820
func@0x1403d6ed0,0.001000,0.0,,,,0.0,0.0,0.0,0.0,0.0,,0.0,1100033,1100033,0,ntoskrnl.exe,func@0x1403d6ed0,[Unknown],0x1403d6ed0
func@0x1403e1d50,0.001000,0.0,100.0,0.0,0.0,0.0,0.0,0.0,0.0,0.0,0.0,0.0,0,0,0,ntoskrnl.exe,func@0x1403e1d50,[Unknown],0x1403e1d50
func@0x1403e44db,0.001000,0.0,0.0,0.0,0.0,0.0,0.0,0.0,0.0,0.0,0.0,0.0,0,0,0,ntoskrnl.exe,func@0x1403e44db,[Unknown],0x1403e44db
func@0x1404124c0,0.001000,0.0,0.0,0.0,0.0,0.0,0.0,0.0,0.0,0.0,0.0,0.0,0,0,0,ntoskrnl.exe,func@0x1404124c0,[Unknown],0x1404124c0
func@0x140415102,0.001000,0.0,0.0,0.0,0.0,0.0,0.0,0.0,0.0,,,,0,0,0,ntoskrnl.exe,func@0x140415102,[Unknown],0x140415102
func@0x140421538,0.001000,0.0,0.0,0.0,0.0,0.0,0.0,0.0,0.0,0.0,0.0,0.0,1100033,1100033,0,ntoskrnl.exe,func@0x140421538,[Unknown],0x140421538
func@0x14042a6f0,0.001000,0.0,0.0,0.0,0.0,0.0,0.0,0.0,0.0,0.0,0.0,0.0,0,0,0,ntoskrnl.exe,func@0x14042a6f0,[Unknown],0x14042a6f0
func@0x140445670,0.001000,0.0,100.0,0.0,0.0,0.0,0.0,0.0,0.0,,,,0,0,0,ntoskrnl.exe,func@0x140445670,[Unknown],0x140445670
func@0x140465c40,0.001000,0.0,0.0,0.0,0.0,0.0,0.0,0.0,0.0,0.0,0.0,0.0,0,0,0,ntoskrnl.exe,func@0x140465c40,[Unknown],0x140465c40
func@0x1404e9a08,0.001000,0.0,0.0,0.0,0.0,0.0,0.0,,0.0,0.0,0.0,0.0,0,0,0,ntoskrnl.exe,func@0x1404e9a08,[Unknown],0x1404e9a08
func@0x1405c4348,0.001000,0.0,0.0,0.0,0.0,0.0,0.0,0.0,0.0,0.0,0.0,0.0,0,0,0,ntoskrnl.exe,func@0x1405c4348,[Unknown],0x1405c4348
func@0x1405e1574,0.001000,0.0,0.0,0.0,0.0,0.0,0.0,0.0,0.0,,,,0,2200066,0,ntoskrnl.exe,func@0x1405e1574,[Unknown],0x1405e1574
func@0x1406b0760,0.001000,0.0,,,0.0,0.0,0.0,0.0,0.0,0.0,0.0,0.0,0,0,0,ntoskrnl.exe,func@0x1406b0760,[Unknown],0x1406b0760
func@0x1406d4f70,0.001000,0.0,,0.0,0.0,0.0,0.0,0.0,0.0,0.0,0.0,0.0,0,0,0,nvlddmkm.sys,func@0x1406d4f70,[Unknown],0x1406d4f70
func@0x140846520,0.001000,0.0,0.0,0.0,0.0,0.0,0.0,0.0,0.0,0.0,0.0,0.0,0,0,0,ntoskrnl.exe,func@0x140846520,[Unknown],0x140846520
func@0x140847b70,0.001000,0.0,0.0,0.0,0.0,0.0,0.0,0.0,0.0,0.0,0.0,0.0,0,0,0,ntoskrnl.exe,func@0x140847b70,[Unknown],0x140847b70
func@0x1408487e0,0.001000,0.0,0.0,0.0,0.0,0.0,0.0,0.0,0.0,0.0,0.0,0.0,0,0,0,ntoskrnl.exe,func@0x1408487e0,[Unknown],0x1408487e0
func@0x1408dd0ad,0.001000,0.0,0.0,0.0,0.0,0.0,0.0,0.0,0.0,0.0,0.0,0.0,0,0,0,ntoskrnl.exe,func@0x1408dd0ad,[Unknown],0x1408dd0ad
func@0x1408f91d0,0.001000,0.0,0.0,0.0,0.0,0.0,0.0,0.0,0.0,0.0,0.0,0.0,0,0,0,ntoskrnl.exe,func@0x1408f91d0,[Unknown],0x1408f91d0
func@0x1409a021e,0.001000,0.0,0.0,0.0,0.0,0.0,0.0,0.0,0.0,0.0,0.0,0.0,1100033,0,0,ntoskrnl.exe,func@0x1409a021e,[Unknown],0x1409a021e
func@0x140c75580,0.001000,0.0,0.0,0.0,0.0,0.0,0.0,0.0,0.0,0.0,0.0,0.0,0,0,0,nvlddmkm.sys,func@0x140c75580,[Unknown],0x140c75580
func@0x140c97cd0,0.001000,0.0,0.0,0.0,0.0,0.0,0.0,0.0,0.0,0.0,0.0,0.0,1100033,0,0,nvlddmkm.sys,func@0x140c97cd0,[Unknown],0x140c97cd0
func@0x140c9f690,0.001000,0.0,0.0,0.0,0.0,0.0,0.0,0.0,0.0,0.0,0.0,0.0,0,0,0,nvlddmkm.sys,func@0x140c9f690,[Unknown],0x140c9f690
func@0x140cb5360,0.001000,0.0,0.0,0.0,0.0,0.0,0.0,0.0,0.0,0.0,0.0,0.0,0,0,0,nvlddmkm.sys,func@0x140cb5360,[Unknown],0x140cb5360
func@0x140cb8c7f,0.001000,0.0,0.0,0.0,0.0,0.0,0.0,0.0,0.0,0.0,0.0,0.0,0,0,0,nvlddmkm.sys,func@0x140cb8c7f,[Unknown],0x140cb8c7f
func@0x140cd6550,0.001000,0.0,0.0,0.0,0.0,0.0,0.0,0.0,0.0,0.0,0.0,0.0,0,0,0,nvlddmkm.sys,func@0x140cd6550,[Unknown],0x140cd6550
func@0x140d0e350,0.001000,0.0,0.0,0.0,0.0,0.0,0.0,0.0,0.0,0.0,0.0,0.0,0,0,0,nvlddmkm.sys,func@0x140d0e350,[Unknown],0x140d0e350
func@0x140d103d0,0.001000,0.0,0.0,0.0,0.0,0.0,0.0,0.0,0.0,0.0,0.0,0.0,0,0,0,nvlddmkm.sys,func@0x140d103d0,[Unknown],0x140d103d0
func@0x14198fe80,0.001000,0.0,0.0,0.0,0.0,0.0,0.0,0.0,0.0,0.0,0.0,0.0,0,0,0,nvlddmkm.sys,func@0x14198fe80,[Unknown],0x14198fe80
func@0x1800060f0,0.001000,0.0,0.0,0.0,0.0,0.0,0.0,0.0,0.0,0.0,0.0,0.0,1100033,0,0,fltmgr.sys,func@0x1800060f0,[Unknown],0x1800060f0
func@0x18000b520,0.001000,0.0,0.0,0.0,0.0,0.0,0.0,0.0,0.0,0.0,0.0,0.0,0,0,0,fltmgr.sys,func@0x18000b520,[Unknown],0x18000b520
func@0x18000bf37,0.001000,0.0,0.0,0.0,0.0,0.0,0.0,0.0,0.0,0.0,0.0,0.0,0,0,0,ntdll.dll,func@0x18000bf37,[Unknown],0x18000bf37
func@0x18000d63e,0.001000,0.0,0.0,0.0,0.0,0.0,0.0,0.0,0.0,0.0,0.0,0.0,0,0,0,fltmgr.sys,func@0x18000d63e,[Unknown],0x18000d63e
func@0x18000ea8c,0.001000,0.0,0.0,0.0,0.0,0.0,0.0,0.0,0.0,0.0,0.0,0.0,0,0,0,dbghelp.dll,func@0x18000ea8c,[Unknown],0x18000ea8c
func@0x18000ed79,0.001000,0.0,0.0,0.0,0.0,0.0,0.0,0.0,0.0,0.0,0.0,0.0,0,0,0,fltmgr.sys,func@0x18000ed79,[Unknown],0x18000ed79
func@0x18000f8c0,0.001000,0.0,0.0,0.0,,,0.0,0.0,0.0,0.0,0.0,0.0,0,0,0,fltmgr.sys,func@0x18000f8c0,[Unknown],0x18000f8c0
func@0x180010d40,0.001000,0.0,0.0,0.0,0.0,0.0,0.0,0.0,0.0,0.0,0.0,0.0,0,0,0,ntdll.dll,func@0x180010d40,[Unknown],0x180010d40
func@0x18002ca2c,0.001000,0.0,0.0,0.0,0.0,0.0,0.0,0.0,0.0,0.0,0.0,0.0,0,0,0,msvcrt.dll,func@0x18002ca2c,[Unknown],0x18002ca2c
func@0x18002d9a0,0.001000,0.0,0.0,100.0,0.0,0.0,0.0,0.0,0.0,0.0,0.0,0.0,1100033,2200066,0,cng.sys,func@0x18002d9a0,[Unknown],0x18002d9a0
func@0x18004d6c2,0.001000,0.0,0.0,0.0,0.0,0.0,0.0,0.0,0.0,0.0,0.0,0.0,0,0,0,msvcp140.dll,func@0x18004d6c2,[Unknown],0x18004d6c2
func@0x180078da1,0.001000,0.0,0.0,0.0,0.0,0.0,0.0,0.0,0.0,,,,31900957,11000330,0,ntdll.dll,func@0x180078da1,[Unknown],0x180078da1
func@0x180093ba0,0.001000,0.0,0.0,0.0,0.0,0.0,0.0,0.0,0.0,0.0,0.0,0.0,0,0,0,crypt32.dll,func@0x180093ba0,[Unknown],0x180093ba0
func@0x180094c8b,0.001000,0.0,0.0,0.0,0.0,0.0,0.0,0.0,0.0,0.0,0.0,0.0,0,0,0,ntdll.dll,func@0x180094c8b,[Unknown],0x180094c8b
func@0x1800bb3c0,0.001000,0.0,0.0,0.0,0.0,0.0,0.0,0.0,0.0,0.0,0.0,0.0,0,0,0,ntdll.dll,func@0x1800bb3c0,[Unknown],0x1800bb3c0
func@0x18013bdfc,0.001000,0.0,0.0,0.0,0.0,0.0,0.0,0.0,0.0,0.0,0.0,0.0,0,0,0,dbghelp.dll,func@0x18013bdfc,[Unknown],0x18013bdfc
func@0x1d194,0.001000,100.0,100.0,0.0,91.8,0.0,0.0,0.0,0.0,0.0,0.0,0.0,0,0,0,sepdrv5.sys,func@0x1d194,[Unknown],0x1d194
func@0x29740,0.001000,,0.0,0.0,0.0,0.0,0.0,0.0,0.0,0.0,0.0,0.0,0,0,0,vtss.sys,func@0x29740,[Unknown],0x29740
"std::_Hash<std::_Umap_traits<unsigned __int64,book::BookEntry,std::_Uhash_compare<unsigned __int64,std::hash<unsigned __int64>,std::equal_to<unsigned __int64> >,std::allocator<std::pair<unsigned __int64 const ,book::BookEntry> >,0> >::_Check_rehash_required_1",0.001000,0.0,0.0,0.0,0.0,0.0,0.0,0.0,0.0,0.0,0.0,0.0,0,0,0,frankycpp_v1.8.exe,"std::_Hash<std::_Umap_traits<unsigned __int64,book::BookEntry,std::_Uhash_compare<unsigned __int64,std::hash<unsigned __int64>,std::equal_to<unsigned __int64> >,std::allocator<std::pair<unsigned __int64 const ,book::BookEntry> >,0> >::_Check_rehash_required_1",xhash,0x140288655
"std::_Hash<std::_Umap_traits<unsigned __int64,book::BookEntry,std::_Uhash_compare<unsigned __int64,std::hash<unsigned __int64>,std::equal_to<unsigned __int64> >,std::allocator<std::pair<unsigned __int64 const ,book::BookEntry> >,0> >::insert",0.001000,0.0,0.0,0.0,0.0,0.0,0.0,0.0,0.0,0.0,0.0,0.0,0,0,0,frankycpp_v1.8.exe,"std::_Hash<std::_Umap_traits<unsigned __int64,book::BookEntry,std::_Uhash_compare<unsigned __int64,std::hash<unsigned __int64>,std::equal_to<unsigned __int64> >,std::allocator<std::pair<unsigned __int64 const ,book::BookEntry> >,0> >::insert",xhash,0x140287ac0
"std::_Optional_destruct_base<std::function<void __cdecl(engine::UciHandler *)>,0>::{dtor}",0.001000,0.0,0.0,0.0,0.0,0.0,0.0,0.0,0.0,0.0,0.0,0.0,0,0,0,frankycpp_v1.8.exe,"std::_Optional_destruct_base<std::function<void __cdecl(engine::UciHandler *)>,0>::{dtor}",optional,0x1401d85f4
"std::array<chess::Bitboard,64>::operator[]",0.001000,0.0,0.0,0.0,0.0,0.0,0.0,0.0,0.0,0.0,0.0,0.0,1900057,2000060,0,frankycpp_v1.8.exe,"std::array<chess::Bitboard,64>::operator[]",array,0x14025da6e
"std::array<chess::Bitboard,64>::operator[]",0.001000,0.0,0.0,0.0,0.0,0.0,0.0,0.0,0.0,0.0,0.0,0.0,3300099,1500045,0,frankycpp_v1.8.exe,"std::array<chess::Bitboard,64>::operator[]",array,0x14029ef64
"std::array<chess::Bitboard,64>::operator[]",0.001000,0.0,0.0,0.0,0.0,0.0,0.0,0.0,0.0,,,,1100033,1100033,0,frankycpp_v1.8.exe,"std::array<chess::Bitboard,64>::operator[]",array,0x14025c7aa
"std::array<chess::Value,25>::operator[]",0.001000,0.0,0.0,0.0,0.0,0.0,0.0,0.0,0.0,,,,1500045,0,0,frankycpp_v1.8.exe,"std::array<chess::Value,25>::operator[]",array,0x1402641f4
"std::array<chess::Value,25>::operator[]",0.001000,0.0,0.0,0.0,0.0,0.0,0.0,0.0,0.0,0.0,0.0,0.0,7700231,3300099,0,frankycpp_v1.8.exe,"std::array<chess::Value,25>::operator[]",array,0x140264352
"std::array<std::array<chess::Move,64>,64>::operator[]",0.001000,0.0,0.0,0.0,0.0,0.0,0.0,0.0,0.0,0.0,0.0,0.0,5500165,2200066,0,frankycpp_v1.8.exe,"std::array<std::array<chess::Move,64>,64>::operator[]",array,0x140220c9f
"std::array<unsigned __int64,9>::operator[]",0.001000,0.0,0.0,0.0,0.0,0.0,0.0,0.0,0.0,0.0,0.0,0.0,0,0,0,frankycpp_v1.8.exe,"std::array<unsigned __int64,9>::operator[]",array,0x14025c476
std::atomic<unsigned __int64>::{ctor},0.001000,0.0,0.0,0.0,0.0,0.0,0.0,0.0,0.0,0.0,0.0,0.0,0,0,550231,frankycpp_v1.8.exe,std::atomic<unsigned __int64>::{ctor},atomic,0x14026e200
std::atomic<unsigned __int64>::{ctor},0.001000,0.0,0.0,0.0,0.0,0.0,0.0,,0.0,,,,400012,1200036,0,frankycpp_v1.8.exe,std::atomic<unsigned __int64>::{ctor},atomic,0x14026db4a
"std::basic_streambuf<char,struct std::char_traits<char> >::sgetn",0.001000,0.0,0.0,0.0,0.0,0.0,0.0,0.0,0.0,0.0,0.0,0.0,9900297,4400132,0,msvcp140.dll,"std::basic_streambuf<char,struct std::char_traits<char> >::sgetn(char * __ptr64,__int64)",[Unknown],0x180009110
std::countr_zero,0.001000,0.0,0.0,0.0,0.0,0.0,0.0,0.0,0.0,0.0,0.0,0.0,2200066,0,0,frankycpp_v1.8.exe,std::countr_zero,bit,0x14026af70
std::countr_zero,0.001000,0.0,0.0,0.0,0.0,0.0,0.0,0.0,0.0,0.0,0.0,0.0,4400132,1100033,0,frankycpp_v1.8.exe,std::countr_zero,bit,0x140263cf7
std::countr_zero,0.001000,0.0,0.0,0.0,0.0,0.0,0.0,0.0,0.0,,,,9200276,0,0,frankycpp_v1.8.exe,std::countr_zero,bit,0x14026b4b0
std::countr_zero,0.001000,0.0,0.0,0.0,0.0,0.0,0.0,0.0,0.0,,,,1500045,0,0,frankycpp_v1.8.exe,std::countr_zero,bit,0x140263a48
std::ctype<char>::do_narrow,0.001000,0.0,0.0,0.0,0.0,0.0,0.0,0.0,0.0,0.0,0.0,0.0,0,0,0,msvcp140.dll,"std::ctype<char>::do_narrow(char,char)",[Unknown],0x180007850
std::locale::facet::_Incref,0.001000,0.0,0.0,0.0,0.0,0.0,0.0,0.0,0.0,0.0,0.0,0.0,1100033,0,0,msvcp140.dll,std::locale::facet::_Incref(void),[Unknown],0x1800065f0
std::min,0.001000,0.0,0.0,0.0,0.0,0.0,0.0,0.0,0.0,0.0,0.0,0.0,2200066,0,0,frankycpp_v1.8.exe,std::min,utility,0x14011a5c9
"std::num_put<char,class std::ostreambuf_iterator<char,struct std::char_traits<char> > >::do_put",0.001000,0.0,0.0,0.0,0.0,0.0,0.0,0.0,0.0,0.0,0.0,0.0,0,0,0,msvcp140.dll,"std::num_put<char,class std::ostreambuf_iterator<char,struct std::char_traits<char> > >::do_put(class std::ostreambuf_iterator<char,struct std::char_traits<char> >,class std::ios_base & __ptr64,char,long)",[Unknown],0x1800103f0
std::popcount,0.001000,0.0,0.0,0.0,0.0,0.0,0.0,0.0,0.0,0.0,0.0,0.0,3100093,800024,0,frankycpp_v1.8.exe,std::popcount,bit,0x14026b685
std::popcount,0.001000,0.0,0.0,0.0,0.0,0.0,0.0,0.0,0.0,0.0,0.0,0.0,5500165,1100033,0,frankycpp_v1.8.exe,std::popcount,bit,0x14026a5a3
std::popcount,0.001000,0.0,0.0,0.0,0.0,0.0,0.0,0.0,0.0,0.0,0.0,0.0,800024,400012,0,frankycpp_v1.8.exe,std::popcount,bit,0x14026b8ed
std::popcount,0.001000,0.0,0.0,0.0,0.0,0.0,0.0,,0.0,,,,2200066,9200276,0,frankycpp_v1.8.exe,std::popcount,bit,0x14026337b
std::ranges::_Insertion_sort_common,0.001000,0.0,0.0,0.0,0.0,0.0,0.0,0.0,0.0,0.0,0.0,0.0,0,0,0,frankycpp_v1.8.exe,std::ranges::_Insertion_sort_common,algorithm,0x14023a5ba
"std::vector<boost::archive::detail::basic_iarchive_impl::cobject_id,std::allocator<boost::archive::detail::basic_iarchive_impl::cobject_id> >::operator[]",0.001000,0.0,0.0,0.0,0.0,0.0,0.0,0.0,0.0,0.0,0.0,0.0,8800264,0,0,frankycpp_v1.8.exe,"std::vector<boost::archive::detail::basic_iarchive_impl::cobject_id,std::allocator<boost::archive::detail::basic_iarchive_impl::cobject_id> >::operator[]",vector,0x1402af440
"std::vector<chess::Move,std::allocator<chess::Move> >::_Tidy",0.001000,0.0,0.0,0.0,0.0,0.0,0.0,0.0,0.0,0.0,0.0,0.0,1100033,1100033,0,frankycpp_v1.8.exe,"std::vector<chess::Move,std::allocator<chess::Move> >::_Tidy",vector,0x140233439
"std::vector<unsigned __int64,std::allocator<unsigned __int64> >::_Tidy",0.001000,0.0,0.0,0.0,0.0,0.0,0.0,0.0,0.0,0.0,0.0,0.0,2200066,1100033,0,frankycpp_v1.8.exe,"std::vector<unsigned __int64,std::allocator<unsigned __int64> >::_Tidy",vector,0x1402333c9
"std::vector<unsigned __int64,std::allocator<unsigned __int64> >::resize",0.001000,0.0,0.0,0.0,0.0,0.0,0.0,0.0,0.0,0.0,0.0,0.0,1100033,1100033,0,frankycpp_v1.8.exe,"std::vector<unsigned __int64,std::allocator<unsigned __int64> >::resize",vector,0x140292e7c
EtwWriteEx,0.0,0.0,0.0,0.0,0.0,0.0,0.0,0.0,0.0,0.0,0.0,0.0,0,1100033,0,ntoskrnl.exe,EtwWriteEx,[Unknown],0x14025a7b0
ExAcquireAutoExpandPushLockShared,0.0,0.0,0.0,0.0,0.0,0.0,0.0,0.0,0.0,0.0,0.0,0.0,1100033,0,0,ntoskrnl.exe,ExAcquireAutoExpandPushLockShared,[Unknown],0x1402f0a90
ExFreePoolWithTag,0.0,0.0,100.0,0.0,0.0,0.0,0.0,0.0,0.0,0.0,0.0,0.0,1100033,2200066,0,ntoskrnl.exe,ExFreePoolWithTag,[Unknown],0x140b71cd0
ExFreeToNPagedLookasideList,0.0,0.0,0.0,0.0,0.0,0.0,0.0,0.0,0.0,0.0,0.0,0.0,1100033,0,0,ntoskrnl.exe,ExFreeToNPagedLookasideList,[Unknown],0x14024baf0
ExReleaseFastMutex,0.0,0.0,0.0,0.0,0.0,0.0,0.0,0.0,0.0,0.0,0.0,0.0,0,1100033,0,ntoskrnl.exe,ExReleaseFastMutex,[Unknown],0x140318730
ExReleaseResourceLite,0.0,0.0,0.0,0.0,0.0,0.0,0.0,0.0,0.0,,,,0,1100033,0,ntoskrnl.exe,ExReleaseResourceLite,[Unknown],0x14025b580
ExReleaseRundownProtectionCacheAwareEx,0.0,0.0,0.0,0.0,0.0,0.0,0.0,0.0,0.0,0.0,0.0,0.0,1100033,1100033,0,ntoskrnl.exe,ExReleaseRundownProtectionCacheAwareEx,[Unknown],0x14025a730
IoFreeMdl,0.0,0.0,0.0,0.0,100.0,0.0,0.0,0.0,0.0,0.0,0.0,0.0,0,0,0,ntoskrnl.exe,IoFreeMdl,[Unknown],0x140268880
IoGetBaseFileSystemDeviceObject,0.0,0.0,0.0,0.0,0.0,0.0,0.0,0.0,0.0,0.0,0.0,0.0,0,1100033,0,ntoskrnl.exe,IoGetBaseFileSystemDeviceObject,[Unknown],0x1403a8240
KeAcquireInStackQueuedSpinLock,0.0,0.0,0.0,0.0,0.0,0.0,0.0,0.0,0.0,0.0,0.0,0.0,0,1100033,0,ntoskrnl.exe,KeAcquireInStackQueuedSpinLock,[Unknown],0x1402b1ca0
KeAcquireSpinLockRaiseToDpc,0.0,0.0,0.0,0.0,0.0,0.0,0.0,0.0,0.0,0.0,0.0,,1100033,1100033,0,ntoskrnl.exe,KeAcquireSpinLockRaiseToDpc,[Unknown],0x140255c50
KeCountSetBitsAffinityEx,0.0,0.0,0.0,0.0,0.0,0.0,0.0,0.0,0.0,0.0,0.0,0.0,1100033,0,0,ntoskrnl.exe,KeCountSetBitsAffinityEx,[Unknown],0x1403b1070
KeEnterGuardedRegion,0.0,0.0,0.0,0.0,0.0,0.0,0.0,0.0,0.0,0.0,0.0,0.0,0,1100033,0,ntoskrnl.exe,KeEnterGuardedRegion,[Unknown],0x1404140d0
KeGetCurrentIrql,0.0,0.0,0.0,0.0,0.0,0.0,0.0,0.0,0.0,0.0,0.0,0.0,1100033,0,0,ntoskrnl.exe,KeGetCurrentIrql,[Unknown],0x140415150
KeIsEmptyAffinityEx,0.0,0.0,0.0,0.0,0.0,0.0,0.0,0.0,0.0,0.0,0.0,0.0,1100033,0,0,ntoskrnl.exe,KeIsEmptyAffinityEx,[Unknown],0x1403baf40
KeOrAffinityEx2,0.0,0.0,0.0,0.0,0.0,0.0,0.0,0.0,0.0,0.0,0.0,0.0,0,400012,0,ntoskrnl.exe,KeOrAffinityEx2,[Unknown],0x1402067f0
KeWaitForMutexObject,0.0,0.0,0.0,0.0,,,0.0,0.0,0.0,0.0,0.0,0.0,1100033,0,0,ntoskrnl.exe,KeWaitForMutexObject,[Unknown],0x1402ef890
MmUnlockPages,0.0,0.0,0.0,0.0,100.0,0.0,0.0,0.0,0.0,0.0,0.0,0.0,1100033,1100033,0,ntoskrnl.exe,MmUnlockPages,[Unknown],0x140269060
NtFreeVirtualMemory,0.0,0.0,0.0,0.0,0.0,0.0,0.0,0.0,0.0,0.0,0.0,0.0,1100033,0,0,ntdll.dll,NtFreeVirtualMemory,[Unknown],0x180161e10
NtReadFile,0.0,0.0,0.0,0.0,0.0,0.0,0.0,0.0,0.0,0.0,0.0,0.0,1100033,0,0,ntdll.dll,NtReadFile,[Unknown],0x180161b10
RtlAcquireSRWLockShared,0.0,0.0,0.0,0.0,0.0,0.0,0.0,0.0,0.0,0.0,0.0,0.0,1100033,0,0,ntdll.dll,RtlAcquireSRWLockShared,[Unknown],0x18001afc0
RtlFlsGetValue2,0.0,0.0,0.0,0.0,0.0,100.0,0.0,0.0,0.0,0.0,0.0,0.0,0,0,0,ntdll.dll,RtlFlsGetValue2,[Unknown],0x1800d9f00
RtlImageNtHeader,0.0,0.0,0.0,0.0,0.0,0.0,0.0,0.0,0.0,0.0,0.0,0.0,1100033,0,0,ntoskrnl.exe,RtlImageNtHeader,[Unknown],0x14043cdb0
RtlLeaveCriticalSection,0.0,0.0,0.0,0.0,0.0,0.0,0.0,0.0,0.0,0.0,0.0,0.0,2200066,1100033,0,ntdll.dll,RtlLeaveCriticalSection,[Unknown],0x18000d8f0
RtlRbRemoveNode,0.0,0.0,0.0,0.0,100.0,0.0,0.0,0.0,0.0,0.0,0.0,0.0,0,0,0,ntoskrnl.exe,RtlRbRemoveNode,[Unknown],0x140304310
SeOpenObjectAuditAlarmWithTransaction,0.0,0.0,0.0,0.0,0.0,0.0,0.0,0.0,0.0,0.0,0.0,0.0,0,1100033,0,ntoskrnl.exe,SeOpenObjectAuditAlarmWithTransaction,[Unknown],0x14084b620
[Import thunk malloc],0.0,0.0,0.0,0.0,0.0,0.0,0.0,0.0,0.0,0.0,0.0,0.0,0,1100033,0,frankycpp_v1.8.exe,[Import thunk malloc],[Unknown],0x14061bf3c
[Import thunk memcpy],0.0,0.0,0.0,0.0,0.0,0.0,0.0,0.0,0.0,0.0,0.0,0.0,2200066,2200066,0,frankycpp_v1.8.exe,[Import thunk memcpy],[Unknown],0x14061bd92
[Import thunk memset],0.0,0.0,0.0,0.0,0.0,0.0,0.0,0.0,0.0,0.0,0.0,0.0,1100033,0,0,frankycpp_v1.8.exe,[Import thunk memset],[Unknown],0x14061bda4
"[Import thunk std::basic_streambuf<char,struct std::char_traits<char> >::_Unlock]",0.0,0.0,0.0,0.0,0.0,0.0,0.0,0.0,0.0,0.0,0.0,0.0,0,1100033,0,frankycpp_v1.8.exe,"[Import thunk std::basic_streambuf<char,struct std::char_traits<char> >::_Unlock(void)]",[Unknown],0x140619c81
[Outside any known module],0.0,0.0,0.0,0.0,0.0,0.0,0.0,0.0,0.0,0.0,0.0,0.0,0,1100033,0,[Unknown],[Outside any known module],[Unknown],0x0
_uncaught_exceptions,0.0,0.0,0.0,0.0,0.0,0.0,0.0,0.0,0.0,0.0,0.0,0.0,1100033,0,0,vcruntime140.dll,_uncaught_exceptions,[Unknown],0x1800052b0
book::BookEntry::serialize,0.0,0.0,0.0,0.0,0.0,0.0,0.0,0.0,0.0,0.0,0.0,0.0,1100033,0,0,frankycpp_v1.8.exe,book::BookEntry::serialize,bookentry.h,0x14028d4eb
"boost::archive::basic_binary_iprimitive<boost::archive::binary_iarchive,char,std::char_traits<char> >::load_binary",0.0,0.0,0.0,0.0,0.0,0.0,0.0,0.0,0.0,0.0,0.0,0.0,1100033,4400132,0,frankycpp_v1.8.exe,"boost::archive::basic_binary_iprimitive<boost::archive::binary_iarchive,char,std::char_traits<char> >::load_binary",basic_binary_iprimitive.hpp,0x14028f334
"boost::archive::basic_binary_iprimitive<boost::archive::binary_iarchive,char,std::char_traits<char> >::load_binary",0.0,0.0,0.0,0.0,0.0,0.0,0.0,0.0,0.0,0.0,0.0,0.0,1100033,0,0,frankycpp_v1.8.exe,"boost::archive::basic_binary_iprimitive<boost::archive::binary_iarchive,char,std::char_traits<char> >::load_binary",basic_binary_iprimitive.hpp,0x14028929a
"boost::archive::basic_binary_iprimitive<boost::archive::binary_iarchive,char,std::char_traits<char> >::load_binary",0.0,0.0,0.0,0.0,0.0,0.0,0.0,0.0,0.0,0.0,0.0,0.0,1100033,1100033,0,frankycpp_v1.8.exe,"boost::archive::basic_binary_iprimitive<boost::archive::binary_iarchive,char,std::char_traits<char> >::load_binary",basic_binary_iprimitive.hpp,0x14028c5a4
boost::archive::detail::basic_iarchive::get_library_version,0.0,0.0,0.0,0.0,0.0,0.0,0.0,0.0,0.0,0.0,0.0,0.0,4400132,2200066,0,frankycpp_v1.8.exe,boost::archive::detail::basic_iarchive::get_library_version(void),basic_iarchive.cpp,0x1402af370
boost::archive::detail::basic_iarchive::load_object,0.0,0.0,0.0,0.0,0.0,0.0,0.0,0.0,0.0,0.0,0.0,0.0,11000330,3300099,0,frankycpp_v1.8.exe,"boost::archive::detail::basic_iarchive::load_object(void *,class boost::archive::detail::basic_iserializer const &)",basic_iarchive.cpp,0x1402af3d0
boost::archive::detail::basic_iarchive_impl::load_object,0.0,0.0,0.0,0.0,0.0,0.0,0.0,0.0,0.0,0.0,0.0,0.0,5500165,2200066,0,frankycpp_v1.8.exe,boost::archive::detail::basic_iarchive_impl::load_object,basic_iarchive.cpp,0x1402af3f1
boost::archive::detail::basic_serializer::operator<,0.0,0.0,0.0,0.0,0.0,0.0,0.0,0.0,0.0,0.0,0.0,0.0,2200066,2200066,0,frankycpp_v1.8.exe,boost::archive::detail::basic_serializer::operator<,basic_serializer.hpp,0x1402afca8
boost::archive::detail::common_iarchive<boost::archive::binary_iarchive>::load_override,0.0,0.0,0.0,0.0,0.0,0.0,0.0,0.0,0.0,0.0,0.0,0.0,1100033,0,0,frankycpp_v1.8.exe,boost::archive::detail::common_iarchive<boost::archive::binary_iarchive>::load_override,common_iarchive.hpp,0x140281bdb
boost::archive::detail::common_iarchive<boost::archive::binary_iarchive>::load_override,0.0,0.0,0.0,0.0,0.0,0.0,0.0,0.0,0.0,0.0,0.0,0.0,2200066,0,0,frankycpp_v1.8.exe,boost::archive::detail::common_iarchive<boost::archive::binary_iarchive>::load_override,common_iarchive.hpp,0x14028c532
boost::archive::detail::common_iarchive<boost::archive::binary_iarchive>::load_override,0.0,0.0,0.0,0.0,0.0,0.0,0.0,0.0,0.0,0.0,0.0,0.0,1100033,0,0,frankycpp_v1.8.exe,boost::archive::detail::common_iarchive<boost::archive::binary_iarchive>::load_override,common_iarchive.hpp,0x14028c590
boost::archive::detail::common_iarchive<boost::archive::binary_iarchive>::load_override,0.0,0.0,0.0,0.0,0.0,0.0,0.0,0.0,0.0,0.0,0.0,0.0,1100033,1100033,0,frankycpp_v1.8.exe,boost::archive::detail::common_iarchive<boost::archive::binary_iarchive>::load_override,common_iarchive.hpp,0x14028f272
boost::archive::detail::interface_iarchive<boost::archive::binary_iarchive>::This,0.0,0.0,0.0,0.0,0.0,0.0,0.0,0.0,0.0,0.0,0.0,0.0,1100033,0,0,frankycpp_v1.8.exe,boost::archive::detail::interface_iarchive<boost::archive::binary_iarchive>::This,interface_iarchive.hpp,0x14028c59d
boost::archive::detail::interface_iarchive<boost::archive::binary_iarchive>::This,0.0,0.0,0.0,0.0,0.0,0.0,0.0,0.0,0.0,0.0,0.0,0.0,1100033,0,0,frankycpp_v1.8.exe,boost::archive::detail::interface_iarchive<boost::archive::binary_iarchive>::This,interface_iarchive.hpp,0x14028f2cf
boost::archive::detail::interface_iarchive<boost::archive::binary_iarchive>::operator&,0.0,0.0,0.0,0.0,0.0,0.0,0.0,0.0,0.0,0.0,0.0,0.0,1100033,0,0,frankycpp_v1.8.exe,boost::archive::detail::interface_iarchive<boost::archive::binary_iarchive>::operator&,interface_iarchive.hpp,0x14029523c
boost::archive::detail::interface_iarchive<class boost::archive::binary_iarchive>::operator>><unsigned int>,0.0,0.0,0.0,0.0,0.0,0.0,0.0,0.0,0.0,0.0,0.0,0.0,1100033,0,0,frankycpp_v1.8.exe,boost::archive::detail::interface_iarchive<class boost::archive::binary_iarchive>::operator>><unsigned int>(unsigned int &),interface_iarchive.hpp,0x140281bc0
"boost::archive::detail::iserializer<class boost::archive::binary_iarchive,class chess::Move>::load_object_data",0.0,0.0,0.0,0.0,0.0,0.0,0.0,0.0,0.0,0.0,0.0,0.0,4400132,0,0,frankycpp_v1.8.exe,"boost::archive::detail::iserializer<class boost::archive::binary_iarchive,class chess::Move>::load_object_data(class boost::archive::detail::basic_iarchive &,void *,unsigned int)",iserializer.hpp,0x140294a60
"boost::archive::detail::iserializer<class boost::archive::binary_iarchive,class chess::Move>::version",0.0,0.0,0.0,0.0,0.0,0.0,0.0,0.0,0.0,0.0,0.0,0.0,0,1100033,0,frankycpp_v1.8.exe,"boost::archive::detail::iserializer<class boost::archive::binary_iarchive,class chess::Move>::version(void)",iserializer.hpp,0x140294be0
"boost::archive::detail::iserializer<class boost::archive::binary_iarchive,class std::vector<unsigned __int64,class std::allocator<unsigned __int64> > >::version",0.0,0.0,0.0,0.0,0.0,0.0,0.0,0.0,0.0,0.0,0.0,0.0,1100033,0,0,frankycpp_v1.8.exe,"boost::archive::detail::iserializer<class boost::archive::binary_iarchive,class std::vector<unsigned __int64,class std::allocator<unsigned __int64> > >::version(void)",iserializer.hpp,0x140290f30
boost::archive::detail::load_non_pointer_type<boost::archive::binary_iarchive>::load_standard::invoke,0.0,0.0,0.0,0.0,0.0,0.0,0.0,0.0,0.0,0.0,0.0,0.0,2200066,1100033,0,frankycpp_v1.8.exe,boost::archive::detail::load_non_pointer_type<boost::archive::binary_iarchive>::load_standard::invoke,iserializer.hpp,0x14028c546
boost::archive::object_id_type::{ctor},0.0,0.0,0.0,0.0,0.0,0.0,0.0,0.0,0.0,0.0,0.0,0.0,3300099,2200066,0,frankycpp_v1.8.exe,boost::archive::object_id_type::{ctor},basic_archive.hpp,0x1402af466
boost::archive::version_type::{ctor},0.0,0.0,0.0,0.0,0.0,0.0,0.0,0.0,0.0,0.0,0.0,0.0,2200066,0,0,frankycpp_v1.8.exe,boost::archive::version_type::{ctor},basic_archive.hpp,0x140290f30
boost::archive::version_type::{ctor},0.0,0.0,0.0,0.0,0.0,0.0,0.0,0.0,0.0,0.0,0.0,0.0,1100033,3300099,0,frankycpp_v1.8.exe,boost::archive::version_type::{ctor},basic_archive.hpp,0x14028b2e0
boost::archive::version_type::{ctor},0.0,0.0,0.0,0.0,0.0,0.0,0.0,0.0,0.0,0.0,0.0,0.0,1100033,0,0,frankycpp_v1.8.exe,boost::archive::version_type::{ctor},basic_archive.hpp,0x1402908b0
"boost::serialization::free_loader<boost::archive::binary_iarchive,boost::serialization::nvp<book::BookEntry> >::invoke",0.0,0.0,0.0,0.0,0.0,0.0,0.0,0.0,0.0,0.0,0.0,0.0,1100033,0,0,frankycpp_v1.8.exe,"boost::serialization::free_loader<boost::archive::binary_iarchive,boost::serialization::nvp<book::BookEntry> >::invoke",split_free.hpp,0x14028b242
"boost::serialization::free_loader<boost::archive::binary_iarchive,boost::serialization::nvp<boost::serialization::item_version_type> >::invoke",0.0,0.0,0.0,0.0,0.0,0.0,0.0,0.0,0.0,0.0,0.0,0.0,0,1100033,0,frankycpp_v1.8.exe,"boost::serialization::free_loader<boost::archive::binary_iarchive,boost::serialization::nvp<boost::serialization::item_version_type> >::invoke",split_free.hpp,0x140290779
"boost::serialization::free_loader<boost::archive::binary_iarchive,boost::serialization::nvp<int> >::invoke",0.0,0.0,0.0,0.0,0.0,0.0,0.0,0.0,0.0,0.0,0.0,0.0,0,1100033,0,frankycpp_v1.8.exe,"boost::serialization::free_loader<boost::archive::binary_iarchive,boost::serialization::nvp<int> >::invoke",split_free.hpp,0x14028d535
"boost::serialization::free_loader<boost::archive::binary_iarchive,boost::serialization::nvp<std::vector<chess::Move,std::allocator<chess::Move> > > >::invoke",0.0,0.0,0.0,0.0,0.0,0.0,0.0,0.0,0.0,0.0,0.0,0.0,0,1100033,0,frankycpp_v1.8.exe,"boost::serialization::free_loader<boost::archive::binary_iarchive,boost::serialization::nvp<std::vector<chess::Move,std::allocator<chess::Move> > > >::invoke",split_free.hpp,0x14028d55e
boost::serialization::library_version_type::{ctor},0.0,0.0,0.0,0.0,0.0,0.0,0.0,0.0,0.0,0.0,0.0,0.0,1100033,0,0,frankycpp_v1.8.exe,boost::serialization::library_version_type::{ctor},library_version_type.hpp,0x1402af374
boost::serialization::load,0.0,0.0,0.0,0.0,0.0,0.0,0.0,0.0,0.0,0.0,0.0,0.0,1100033,0,0,frankycpp_v1.8.exe,boost::serialization::load,vector.hpp,0x1402906fa
"boost::serialization::load<class boost::archive::binary_iarchive,class book::BookEntry>",0.0,0.0,0.0,0.0,0.0,0.0,0.0,0.0,0.0,0.0,0.0,0.0,1100033,0,0,frankycpp_v1.8.exe,"boost::serialization::load<class boost::archive::binary_iarchive,class book::BookEntry>(class boost::archive::binary_iarchive &,class boost::serialization::nvp<class book::BookEntry> &,unsigned int)",nvp.hpp,0x14028c520
"boost::serialization::load<class boost::archive::binary_iarchive,class boost::serialization::item_version_type>",0.0,0.0,0.0,0.0,0.0,0.0,0.0,0.0,0.0,0.0,0.0,0.0,4400132,5500165,0,frankycpp_v1.8.exe,"boost::serialization::load<class boost::archive::binary_iarchive,class boost::serialization::item_version_type>(class boost::archive::binary_iarchive &,class boost::serialization::nvp<class boost::serialization::item_version_type> &,unsigned int)",nvp.hpp,0x140289130
"boost::serialization::load<class boost::archive::binary_iarchive,unsigned __int64,class std::allocator<unsigned __int64> >",0.0,0.0,0.0,0.0,0.0,0.0,0.0,0.0,0.0,0.0,0.0,0.0,4400132,1100033,0,frankycpp_v1.8.exe,"boost::serialization::load<class boost::archive::binary_iarchive,unsigned __int64,class std::allocator<unsigned __int64> >(class boost::archive::binary_iarchive &,class std::vector<unsigned __int64,class std::allocator<unsigned __int64> > &,unsigned int,struct boost::mpl::bool_<1>)",vector.hpp,0x140292e10
"boost::serialization::load<class boost::archive::binary_iarchive,unsigned __int64>",0.0,0.0,0.0,0.0,0.0,0.0,0.0,0.0,0.0,0.0,0.0,0.0,2200066,1100033,0,frankycpp_v1.8.exe,"boost::serialization::load<class boost::archive::binary_iarchive,unsigned __int64>(class boost::archive::binary_iarchive &,class boost::serialization::nvp<unsigned __int64> &,unsigned int)",nvp.hpp,0x14028c570
boost::serialization::nvp<boost::serialization::collection_size_type>::{ctor},0.0,0.0,0.0,0.0,0.0,0.0,0.0,0.0,0.0,0.0,0.0,0.0,2200066,0,0,frankycpp_v1.8.exe,boost::serialization::nvp<boost::serialization::collection_size_type>::{ctor},nvp.hpp,0x140290716
"boost::serialization::nvp<std::vector<chess::Move,std::allocator<chess::Move> > >::{ctor}",0.0,0.0,0.0,0.0,0.0,0.0,0.0,0.0,0.0,0.0,0.0,0.0,1100033,1100033,0,frankycpp_v1.8.exe,"boost::serialization::nvp<std::vector<chess::Move,std::allocator<chess::Move> > >::{ctor}",nvp.hpp,0x14028d53f
"boost::serialization::singleton<class boost::archive::detail::iserializer<class boost::archive::binary_iarchive,class book::BookEntry> >::get_instance",0.0,0.0,0.0,0.0,0.0,0.0,0.0,0.0,0.0,0.0,0.0,0.0,5500165,2200066,0,frankycpp_v1.8.exe,"boost::serialization::singleton<class boost::archive::detail::iserializer<class boost::archive::binary_iarchive,class book::BookEntry> >::get_instance(void)",singleton.hpp,0x14028da90
"boost::serialization::singleton<class boost::archive::detail::iserializer<class boost::archive::binary_iarchive,class chess::Move> >::get_instance",0.0,0.0,0.0,0.0,0.0,0.0,0.0,0.0,0.0,0.0,0.0,0.0,1100033,1100033,0,frankycpp_v1.8.exe,"boost::serialization::singleton<class boost::archive::detail::iserializer<class boost::archive::binary_iarchive,class chess::Move> >::get_instance(void)",singleton.hpp,0x140294d60
"boost::serialization::singleton<class boost::archive::detail::iserializer<class boost::archive::binary_iarchive,class std::vector<unsigned __int64,class std::allocator<unsigned __int64> > > >::get_instance",0.0,0.0,0.0,0.0,0.0,0.0,0.0,0.0,0.0,0.0,0.0,0.0,2200066,2200066,0,frankycpp_v1.8.exe,"boost::serialization::singleton<class boost::archive::detail::iserializer<class boost::archive::binary_iarchive,class std::vector<unsigned __int64,class std::allocator<unsigned __int64> > > >::get_instance(void)",singleton.hpp,0x140291560
chess::Bitboard::operator bool,0.0,0.0,0.0,0.0,0.0,0.0,0.0,0.0,0.0,0.0,0.0,0.0,2200066,4800144,0,frankycpp_v1.8.exe,chess::Bitboard::operator bool,bitboard.h,0x140263c06
chess::Bitboard::operator|=,0.0,0.0,0.0,0.0,0.0,0.0,0.0,0.0,0.0,0.0,0.0,0.0,4700141,2800084,0,frankycpp_v1.8.exe,chess::Bitboard::operator|=,bitboard.h,0x14025c92d
chess::Bitboard::operator|=,0.0,0.0,0.0,0.0,0.0,0.0,0.0,0.0,0.0,0.0,0.0,0.0,5500165,2200066,0,frankycpp_v1.8.exe,chess::Bitboard::operator|=,bitboard.h,0x14026a4e8
chess::Bitboard::popLSB,0.0,0.0,0.0,0.0,0.0,0.0,0.0,0.0,0.0,0.0,0.0,0.0,5500165,2200066,0,frankycpp_v1.8.exe,chess::Bitboard::popLSB,bitboard.h,0x14026a548
chess::Bitboard::popLSB,0.0,0.0,0.0,0.0,0.0,0.0,0.0,0.0,0.0,0.0,0.0,0.0,3900117,0,0,frankycpp_v1.8.exe,chess::Bitboard::popLSB,bitboard.h,0x14026a950
chess::Bitboard::popLSB,0.0,0.0,0.0,0.0,0.0,0.0,0.0,0.0,0.0,0.0,0.0,0.0,2200066,1100033,0,frankycpp_v1.8.exe,chess::Bitboard::popLSB,bitboard.h,0x1402635e5
chess::Bitboard::popLSB,0.0,0.0,0.0,0.0,0.0,0.0,0.0,0.0,0.0,0.0,0.0,0.0,3300099,1100033,0,frankycpp_v1.8.exe,chess::Bitboard::popLSB,bitboard.h,0x14026b4b0
chess::Bitboard::popLSB,0.0,0.0,0.0,0.0,0.0,0.0,0.0,0.0,0.0,,,,3300099,2200066,0,frankycpp_v1.8.exe,chess::Bitboard::popLSB,bitboard.h,0x140263733
chess::Bitboard::popLSB,0.0,0.0,0.0,0.0,0.0,0.0,0.0,0.0,0.0,,,,1100033,0,0,frankycpp_v1.8.exe,chess::Bitboard::popLSB,bitboard.h,0x140263c40
chess::CastlingRights::isEmpty,0.0,0.0,0.0,0.0,0.0,0.0,0.0,0.0,0.0,,,,4400132,1100033,0,frankycpp_v1.8.exe,chess::CastlingRights::isEmpty,castlingrights.h,0x14025bf77
chess::CastlingRights::isEmpty,0.0,0.0,0.0,0.0,0.0,0.0,0.0,0.0,0.0,,,,4200126,1500045,0,frankycpp_v1.8.exe,chess::CastlingRights::isEmpty,castlingrights.h,0x14025c013
chess::Color::{ctor},0.0,0.0,0.0,0.0,0.0,0.0,0.0,0.0,0.0,,,,0,400012,0,frankycpp_v1.8.exe,chess::Color::{ctor},color.h,0x140261439
chess::Color::{ctor},0.0,0.0,0.0,0.0,0.0,0.0,0.0,0.0,0.0,,,,0,400012,0,frankycpp_v1.8.exe,chess::Color::{ctor},color.h,0x140261416
chess::Direction::pawnPush,0.0,0.0,0.0,0.0,0.0,0.0,0.0,0.0,0.0,0.0,0.0,0.0,2200066,1100033,0,frankycpp_v1.8.exe,chess::Direction::pawnPush,direction.h,0x140263ad3
chess::Direction::pawnPush,0.0,0.0,0.0,0.0,0.0,0.0,0.0,0.0,0.0,0.0,0.0,0.0,1100033,0,0,frankycpp_v1.8.exe,chess::Direction::pawnPush,direction.h,0x14026a3dd
chess::Direction::pawnPush,0.0,0.0,0.0,0.0,0.0,0.0,0.0,0.0,0.0,0.0,0.0,0.0,0,1100033,0,frankycpp_v1.8.exe,chess::Direction::pawnPush,direction.h,0x140263b93
chess::Direction::pawnPush,0.0,0.0,0.0,0.0,0.0,0.0,0.0,0.0,0.0,0.0,0.0,0.0,1100033,0,0,frankycpp_v1.8.exe,chess::Direction::pawnPush,direction.h,0x140263838
chess::Direction::pawnPush,0.0,0.0,0.0,0.0,0.0,0.0,0.0,0.0,0.0,0.0,0.0,0.0,1100033,0,0,frankycpp_v1.8.exe,chess::Direction::pawnPush,direction.h,0x14025c8e8
chess::Direction::{ctor},0.0,0.0,0.0,0.0,0.0,0.0,0.0,0.0,0.0,0.0,0.0,0.0,0,1100033,0,frankycpp_v1.8.exe,chess::Direction::{ctor},direction.h,0x140263b00
chess::Move::encode,0.0,0.0,0.0,0.0,0.0,0.0,0.0,0.0,0.0,0.0,0.0,0.0,1100033,1100033,0,frankycpp_v1.8.exe,chess::Move::encode,move.h,0x14026367d
chess::Move::from,0.0,0.0,0.0,0.0,0.0,0.0,0.0,0.0,0.0,,,,0,400012,0,frankycpp_v1.8.exe,chess::Move::from,move.h,0x14025c32d
chess::Move::from,0.0,0.0,0.0,0.0,0.0,0.0,0.0,0.0,0.0,0.0,0.0,0.0,1100033,0,0,frankycpp_v1.8.exe,chess::Move::from,move.h,0x14025c219
chess::Move::promotionType,0.0,0.0,0.0,0.0,0.0,0.0,0.0,0.0,0.0,0.0,0.0,0.0,2200066,0,0,frankycpp_v1.8.exe,chess::Move::promotionType,move.h,0x14025bffa
chess::Move::to,0.0,0.0,0.0,0.0,0.0,0.0,0.0,0.0,0.0,,,,2200066,1100033,0,frankycpp_v1.8.exe,chess::Move::to,move.h,0x140220c04
chess::Move::type,0.0,0.0,0.0,0.0,0.0,0.0,0.0,0.0,0.0,,,,3700111,0,0,frankycpp_v1.8.exe,chess::Move::type,move.h,0x140220c1d
chess::Move::{ctor},0.0,0.0,0.0,0.0,0.0,0.0,0.0,0.0,0.0,,,,1100033,1100033,0,frankycpp_v1.8.exe,chess::Move::{ctor},move.h,0x140263c54
chess::MoveGenerator::generateLegalMoves,0.0,0.0,0.0,0.0,0.0,0.0,0.0,0.0,0.0,26.7,0.0,0.0,2600078,0,0,frankycpp_v1.8.exe,"chess::MoveGenerator::generateLegalMoves(class chess::Position const &,enum chess::GenMode)",MoveGenerator.cpp,0x140261080
chess::MoveGenerator::generatePseudoLegalMoves,0.0,,0.0,0.0,0.0,0.0,0.0,0.0,0.0,0.0,0.0,0.0,2200066,3300099,0,frankycpp_v1.8.exe,"chess::MoveGenerator::generatePseudoLegalMoves(class chess::Position const &,enum chess::GenMode,bool)",MoveGenerator.cpp,0x140260f10
chess::Position::clearEnPassant,0.0,0.0,0.0,0.0,0.0,0.0,0.0,0.0,0.0,,,,7700231,4400132,0,frankycpp_v1.8.exe,chess::Position::clearEnPassant,Position.cpp,0x14025be9f
chess::Position::clearEnPassant,0.0,0.0,0.0,0.0,0.0,0.0,0.0,0.0,0.0,0.0,0.0,0.0,1100033,0,0,frankycpp_v1.8.exe,chess::Position::clearEnPassant,Position.cpp,0x14025bf17
chess::Position::getCastlingRights,0.0,0.0,0.0,0.0,0.0,0.0,0.0,0.0,0.0,0.0,0.0,0.0,1100033,4400132,0,frankycpp_v1.8.exe,chess::Position::getCastlingRights,Position.h,0x1402643d1
chess::Position::getNextPlayer,0.0,0.0,0.0,0.0,0.0,0.0,0.0,0.0,0.0,,,,5200156,1100033,0,frankycpp_v1.8.exe,chess::Position::getNextPlayer,Position.h,0x1402613f8
chess::Position::getNextPlayer,0.0,0.0,0.0,0.0,0.0,0.0,0.0,,0.0,0.0,0.0,0.0,1200036,0,0,frankycpp_v1.8.exe,chess::Position::getNextPlayer,Position.h,0x14029eb8c
chess::Position::getPiece,0.0,0.0,0.0,0.0,0.0,0.0,0.0,0.0,0.0,,,,5900177,2600078,0,frankycpp_v1.8.exe,chess::Position::getPiece,Position.h,0x140261423
chess::Position::getPiece,0.0,0.0,0.0,0.0,0.0,0.0,0.0,0.0,0.0,0.0,0.0,0.0,1100033,2200066,0,frankycpp_v1.8.exe,chess::Position::getPiece,Position.h,0x1402613fc
chess::Position::getPieceBb,0.0,0.0,0.0,0.0,0.0,0.0,0.0,0.0,0.0,,,,6500195,5300159,0,frankycpp_v1.8.exe,chess::Position::getPieceBb,Position.h,0x14026aeb1
chess::Position::getPieceBb,0.0,0.0,0.0,0.0,0.0,0.0,0.0,0.0,0.0,,0.0,0.0,3300099,2600078,0,frankycpp_v1.8.exe,chess::Position::getPieceBb,Position.h,0x14026ac17
chess::Position::isCapturingMove,0.0,0.0,0.0,0.0,0.0,0.0,0.0,0.0,0.0,,,,0,400012,0,frankycpp_v1.8.exe,chess::Position::isCapturingMove,Position.h,0x1402217b2
chess::Position::isCapturingMove,0.0,0.0,0.0,0.0,0.0,0.0,0.0,0.0,0.0,0.0,0.0,0.0,800024,1100033,0,frankycpp_v1.8.exe,chess::Position::isCapturingMove,Position.h,0x140220bb1
chess::Position::isCapturingMove,0.0,0.0,0.0,0.0,0.0,0.0,0.0,0.0,0.0,0.0,0.0,0.0,1500045,0,0,frankycpp_v1.8.exe,chess::Position::isCapturingMove,Position.h,0x140220bfc
chess::Position::strFen,0.0,0.0,0.0,0.0,0.0,0.0,0.0,0.0,0.0,0.0,0.0,0.0,2200066,0,0,frankycpp_v1.8.exe,chess::Position::strFen(void),Position.cpp,0x14025d400
chess::Rank::operator int,0.0,0.0,0.0,0.0,0.0,0.0,0.0,0.0,0.0,0.0,0.0,0.0,1100033,0,0,frankycpp_v1.8.exe,chess::Rank::operator int,rank.h,0x14026163a
chess::Square::file,0.0,0.0,0.0,0.0,0.0,0.0,0.0,0.0,0.0,0.0,0.0,0.0,1100033,0,0,frankycpp_v1.8.exe,chess::Square::file,square.h,0x14025bfcc
chess::Square::file,0.0,0.0,0.0,0.0,0.0,0.0,0.0,0.0,0.0,0.0,0.0,0.0,1100033,1100033,0,frankycpp_v1.8.exe,chess::Square::file,square.h,0x14025c473
chess::Square::pawnPush,0.0,0.0,0.0,0.0,0.0,0.0,0.0,0.0,0.0,0.0,0.0,0.0,1100033,2200066,0,frankycpp_v1.8.exe,chess::Square::pawnPush,square.h,0x14025bf01
chess::Square::rank,0.0,0.0,0.0,0.0,0.0,0.0,0.0,0.0,0.0,0.0,0.0,0.0,0,1100033,0,frankycpp_v1.8.exe,chess::Square::rank,square.h,0x14026157e
chess::StaticMoveList<128>::push_back,0.0,0.0,0.0,0.0,0.0,0.0,0.0,0.0,0.0,0.0,0.0,0.0,400012,0,0,frankycpp_v1.8.exe,chess::StaticMoveList<128>::push_back,staticmovelist.h,0x14021f111
chess::StaticMoveList<256>::end,0.0,0.0,0.0,0.0,0.0,0.0,0.0,,0.0,0.0,0.0,0.0,0,1100033,0,frankycpp_v1.8.exe,chess::StaticMoveList<256>::end,staticmovelist.h,0x14026134b
chess::StaticMoveList<256>::push_back,0.0,0.0,0.0,0.0,0.0,0.0,0.0,0.0,0.0,,,,3300099,3700111,0,frankycpp_v1.8.exe,chess::StaticMoveList<256>::push_back,staticmovelist.h,0x14026360f
chess::StaticMoveList<256>::push_back,0.0,0.0,0.0,0.0,0.0,0.0,0.0,0.0,0.0,0.0,0.0,0.0,0,2200066,0,frankycpp_v1.8.exe,chess::StaticMoveList<256>::push_back,staticmovelist.h,0x14026363c
chess::StaticMoveList<256>::push_back,0.0,0.0,0.0,0.0,0.0,0.0,0.0,0.0,0.0,0.0,0.0,0.0,0,1100033,0,frankycpp_v1.8.exe,chess::StaticMoveList<256>::push_back,staticmovelist.h,0x140263667
chess::StaticMoveList<256>::push_back,0.0,0.0,0.0,0.0,0.0,0.0,0.0,0.0,0.0,,,,0,1100033,0,frankycpp_v1.8.exe,chess::StaticMoveList<256>::push_back,staticmovelist.h,0x140264443
chess::StaticMoveList<256>::push_back,0.0,0.0,0.0,0.0,0.0,0.0,0.0,0.0,0.0,0.0,0.0,0.0,1100033,0,0,frankycpp_v1.8.exe,chess::StaticMoveList<256>::push_back,staticmovelist.h,0x140264472
chess::Value::operator int,0.0,0.0,,0.0,0.0,0.0,0.0,0.0,0.0,0.0,0.0,0.0,2200066,0,0,frankycpp_v1.8.exe,chess::Value::operator int,value.h,0x14021fc01
chess::Value::{ctor},0.0,0.0,0.0,0.0,0.0,0.0,0.0,0.0,0.0,0.0,0.0,0.0,0,1100033,0,frankycpp_v1.8.exe,chess::Value::{ctor},value.h,0x14022168b
chess::Value::{ctor},0.0,0.0,0.0,0.0,0.0,0.0,0.0,0.0,0.0,0.0,0.0,0.0,1100033,0,0,frankycpp_v1.8.exe,chess::Value::{ctor},value.h,0x140220d08
chess::operator!=,0.0,0.0,0.0,0.0,0.0,0.0,0.0,0.0,0.0,0.0,0.0,0.0,3300099,0,0,frankycpp_v1.8.exe,chess::operator!=,color.h,0x14026a6b4
chess::operator&,0.0,0.0,0.0,0.0,0.0,0.0,0.0,0.0,0.0,0.0,0.0,0.0,1100033,400012,0,frankycpp_v1.8.exe,chess::operator&,bitboard.h,0x14026429a
chess::operator&,0.0,0.0,0.0,0.0,0.0,0.0,0.0,,0.0,,,,4900147,3000090,0,frankycpp_v1.8.exe,chess::operator&,bitboard.h,0x14029edee
chess::operator&,0.0,0.0,0.0,0.0,0.0,0.0,0.0,0.0,0.0,,,,800024,1200036,0,frankycpp_v1.8.exe,chess::operator&,bitboard.h,0x14029effb
chess::operator&,0.0,0.0,0.0,0.0,0.0,0.0,0.0,0.0,0.0,,,,800024,1600048,0,frankycpp_v1.8.exe,chess::operator&,bitboard.h,0x14029ef1f
chess::operator&,0.0,0.0,0.0,0.0,0.0,0.0,0.0,0.0,0.0,,,,8900267,0,0,frankycpp_v1.8.exe,chess::operator&,bitboard.h,0x140220c0b
chess::operator&,0.0,0.0,0.0,0.0,0.0,0.0,0.0,0.0,0.0,,,,1500045,400012,0,frankycpp_v1.8.exe,chess::operator&,bitboard.h,0x14026b66c
chess::operator&,0.0,0.0,,0.0,0.0,0.0,0.0,0.0,0.0,0.0,0.0,0.0,2600078,800024,0,frankycpp_v1.8.exe,chess::operator&,bitboard.h,0x14025c765
chess::operator&,0.0,0.0,0.0,0.0,0.0,0.0,0.0,0.0,0.0,0.0,0.0,0.0,6000180,8500255,0,frankycpp_v1.8.exe,chess::operator&,bitboard.h,0x14029ef50
chess::operator&,0.0,0.0,0.0,0.0,0.0,0.0,0.0,0.0,0.0,0.0,0.0,0.0,3500105,1500045,0,frankycpp_v1.8.exe,chess::operator&,bitboard.h,0x14025c594
chess::operator&,0.0,0.0,0.0,0.0,0.0,0.0,0.0,0.0,0.0,0.0,0.0,0.0,400012,0,0,frankycpp_v1.8.exe,chess::operator&,bitboard.h,0x14025c796
chess::operator&,0.0,0.0,0.0,0.0,0.0,0.0,0.0,0.0,0.0,0.0,0.0,0.0,2400072,2600078,0,frankycpp_v1.8.exe,chess::operator&,bitboard.h,0x14029ef6e
chess::operator&,0.0,0.0,0.0,0.0,0.0,0.0,0.0,0.0,0.0,0.0,0.0,0.0,0,1500045,0,frankycpp_v1.8.exe,chess::operator&,bitboard.h,0x140262f44
chess::operator&,0.0,0.0,0.0,0.0,0.0,0.0,0.0,0.0,0.0,0.0,0.0,0.0,4400132,0,0,frankycpp_v1.8.exe,chess::operator&,bitboard.h,0x140263b42
chess::operator&,0.0,0.0,0.0,0.0,0.0,0.0,0.0,0.0,0.0,0.0,0.0,0.0,1500045,1100033,0,frankycpp_v1.8.exe,chess::operator&,bitboard.h,0x140264463
chess::operator&,0.0,0.0,0.0,0.0,0.0,0.0,0.0,0.0,0.0,,,,2600078,400012,0,frankycpp_v1.8.exe,chess::operator&,bitboard.h,0x14026a409
chess::operator&,0.0,0.0,0.0,0.0,0.0,0.0,0.0,0.0,0.0,0.0,0.0,0.0,3700111,0,0,frankycpp_v1.8.exe,chess::operator&,bitboard.h,0x140220bc0
chess::operator&,0.0,0.0,0.0,0.0,0.0,0.0,0.0,0.0,0.0,0.0,0.0,0.0,0,400012,0,frankycpp_v1.8.exe,chess::operator&,bitboard.h,0x14029eeb9
chess::operator*,0.0,0.0,0.0,0.0,0.0,0.0,100.0,0.0,0.0,0.0,0.0,0.0,5900177,8900267,0,frankycpp_v1.8.exe,chess::operator*,direction.h,0x140263c18
chess::operator+,0.0,0.0,0.0,0.0,0.0,0.0,0.0,0.0,0.0,0.0,0.0,0.0,1100033,0,0,frankycpp_v1.8.exe,chess::operator+,depth.h,0x140221535
chess::operator+,0.0,0.0,0.0,0.0,0.0,0.0,0.0,0.0,0.0,0.0,0.0,0.0,3300099,1100033,0,frankycpp_v1.8.exe,chess::operator+,castlingrights.h,0x14025bf88
chess::operator+,0.0,0.0,0.0,0.0,0.0,0.0,0.0,0.0,0.0,0.0,0.0,0.0,800024,1100033,0,frankycpp_v1.8.exe,chess::operator+,direction.h,0x140263d17
chess::operator+,0.0,0.0,0.0,0.0,0.0,0.0,0.0,,0.0,,,,7200216,1200036,0,frankycpp_v1.8.exe,chess::operator+,value.h,0x140220f7c
chess::operator+,0.0,0.0,0.0,0.0,0.0,0.0,0.0,0.0,0.0,0.0,0.0,0.0,1500045,1100033,0,frankycpp_v1.8.exe,chess::operator+,depth.h,0x14021fe94
chess::operator+,0.0,0.0,0.0,0.0,0.0,0.0,0.0,0.0,0.0,0.0,0.0,0.0,3300099,0,0,frankycpp_v1.8.exe,chess::operator+,value.h,0x140221994
chess::operator+,0.0,0.0,0.0,0.0,0.0,0.0,0.0,0.0,0.0,0.0,0.0,0.0,2200066,1100033,0,frankycpp_v1.8.exe,chess::operator+,direction.h,0x140263c7d
chess::operator+,0.0,0.0,0.0,0.0,0.0,0.0,0.0,0.0,0.0,0.0,0.0,0.0,1100033,0,0,frankycpp_v1.8.exe,chess::operator+,value.h,0x1402219dc
chess::operator+,0.0,0.0,0.0,0.0,0.0,0.0,0.0,0.0,0.0,0.0,0.0,0.0,1100033,0,0,frankycpp_v1.8.exe,chess::operator+,depth.h,0x140220900
chess::operator+,0.0,0.0,0.0,0.0,0.0,0.0,0.0,0.0,0.0,0.0,0.0,0.0,1100033,0,0,frankycpp_v1.8.exe,chess::operator+,direction.h,0x140261626
chess::operator+=,0.0,0.0,0.0,0.0,0.0,0.0,0.0,0.0,0.0,0.0,0.0,0.0,4400132,0,0,frankycpp_v1.8.exe,chess::operator+=,depth.h,0x14022070c
chess::operator+=,0.0,0.0,0.0,0.0,0.0,0.0,0.0,0.0,0.0,0.0,0.0,0.0,2200066,0,0,frankycpp_v1.8.exe,chess::operator+=,value.h,0x14026a688
chess::operator+=,0.0,0.0,0.0,0.0,0.0,0.0,0.0,0.0,0.0,0.0,0.0,0.0,5600168,2600078,0,frankycpp_v1.8.exe,chess::operator+=,value.h,0x14026b78f
chess::operator+=,0.0,0.0,,0.0,0.0,0.0,0.0,0.0,0.0,0.0,0.0,0.0,8800264,400012,0,frankycpp_v1.8.exe,chess::operator+=,value.h,0x14026b5f7
chess::operator+=,0.0,0.0,0.0,0.0,0.0,0.0,0.0,0.0,0.0,0.0,0.0,0.0,400012,0,0,frankycpp_v1.8.exe,chess::operator+=,value.h,0x14026ac3e
chess::operator+=,0.0,0.0,0.0,0.0,0.0,0.0,0.0,0.0,0.0,0.0,0.0,0.0,1100033,0,0,frankycpp_v1.8.exe,chess::operator+=,value.h,0x14021fc30
chess::operator+=,0.0,0.0,0.0,0.0,0.0,0.0,0.0,0.0,0.0,0.0,0.0,0.0,1100033,0,0,frankycpp_v1.8.exe,chess::operator+=,depth.h,0x14021fe71
chess::operator-,0.0,0.0,0.0,0.0,0.0,0.0,0.0,0.0,0.0,0.0,0.0,0.0,1100033,0,0,frankycpp_v1.8.exe,chess::operator-,value.h,0x14021ff59
chess::operator-,0.0,0.0,0.0,0.0,0.0,0.0,0.0,,0.0,0.0,0.0,0.0,1100033,1100033,0,frankycpp_v1.8.exe,chess::operator-,value.h,0x14022089c
chess::operator-,0.0,0.0,0.0,0.0,0.0,0.0,0.0,0.0,0.0,0.0,0.0,0.0,0,1100033,0,frankycpp_v1.8.exe,chess::operator-,depth.h,0x1402200a9
chess::operator-,0.0,0.0,0.0,0.0,0.0,0.0,0.0,0.0,0.0,0.0,0.0,0.0,1100033,0,0,frankycpp_v1.8.exe,chess::operator-,value.h,0x1402219d4
chess::operator-,0.0,0.0,0.0,0.0,0.0,0.0,0.0,0.0,0.0,0.0,,0.0,1100033,0,0,frankycpp_v1.8.exe,chess::operator-,value.h,0x14021fef2
chess::operator-,0.0,0.0,0.0,0.0,0.0,0.0,0.0,0.0,0.0,0.0,0.0,0.0,1100033,0,0,frankycpp_v1.8.exe,chess::operator-,value.h,0x14021f2a4
chess::operator-,0.0,0.0,0.0,0.0,0.0,0.0,0.0,0.0,0.0,0.0,0.0,0.0,1100033,0,0,frankycpp_v1.8.exe,chess::operator-,value.h,0x140220387
chess::operator==,0.0,0.0,0.0,0.0,0.0,0.0,0.0,0.0,0.0,0.0,0.0,0.0,400012,0,0,frankycpp_v1.8.exe,chess::operator==,castlingrights.h,0x1402643e5
chess::operator==,0.0,0.0,0.0,0.0,0.0,0.0,0.0,0.0,0.0,0.0,0.0,0.0,400012,0,0,frankycpp_v1.8.exe,chess::operator==,castlingrights.h,0x14026442e
chess::operator>=,0.0,0.0,0.0,0.0,0.0,0.0,0.0,0.0,0.0,0.0,0.0,0.0,1500045,0,0,frankycpp_v1.8.exe,chess::operator>=,value.h,0x140220253
chess::operator|,0.0,0.0,0.0,0.0,0.0,0.0,0.0,,0.0,,,,1100033,0,0,frankycpp_v1.8.exe,chess::operator|,bitboard.h,0x140263ac0
chess::operator|,0.0,0.0,0.0,0.0,0.0,0.0,0.0,0.0,0.0,0.0,0.0,0.0,8800264,5200156,0,frankycpp_v1.8.exe,chess::operator|,bitboard.h,0x14025c538
chess::operator~,0.0,0.0,0.0,0.0,0.0,0.0,0.0,0.0,0.0,0.0,0.0,0.0,1500045,1100033,0,frankycpp_v1.8.exe,chess::operator~,color.h,0x140220bfc
chess::operator~,0.0,0.0,0.0,0.0,0.0,0.0,0.0,0.0,0.0,0.0,0.0,0.0,1500045,400012,0,frankycpp_v1.8.exe,chess::operator~,color.h,0x14029ef58
chess::operator~,0.0,0.0,0.0,0.0,0.0,0.0,0.0,0.0,0.0,0.0,0.0,0.0,1100033,1100033,0,frankycpp_v1.8.exe,chess::operator~,color.h,0x14025cbbc
chess::valueOf,0.0,0.0,0.0,0.0,0.0,0.0,0.0,0.0,0.0,,,,5600168,4400132,0,frankycpp_v1.8.exe,chess::valueOf,value.h,0x14029ebd3
chess::valueOf,0.0,0.0,0.0,0.0,0.0,0.0,0.0,0.0,0.0,0.0,0.0,0.0,1100033,0,0,frankycpp_v1.8.exe,chess::valueOf,value.h,0x140263bac
engine::PVTable::update,0.0,0.0,0.0,0.0,0.0,0.0,0.0,0.0,0.0,,,,4800144,1500045,0,frankycpp_v1.8.exe,"engine::PVTable::update(class chess::Move,enum chess::Depth)",PVTable.h,0x140213b20
engine::Search::extractPvWithTT,0.0,0.0,0.0,0.0,0.0,0.0,0.0,0.0,0.0,0.0,0.0,0.0,1100033,1100033,0,frankycpp_v1.8.exe,engine::Search::extractPvWithTT(class chess::Position &),Search.cpp,0x14022ba80
engine::Search::rootSearch,0.0,0.0,0.0,0.0,0.0,0.0,0.0,0.0,0.0,,,,8100243,1100033,0,frankycpp_v1.8.exe,"engine::Search::rootSearch(class chess::Position &,enum chess::Depth,class chess::Value,class chess::Value,int)",Search.cpp,0x14021f060
engine::Search::thread,0.0,0.0,0.0,0.0,0.0,0.0,0.0,0.0,0.0,0.0,0.0,0.0,2600078,2200066,0,frankycpp_v1.8.exe,engine::Search::thread,Search.h,0x14021fa8d
engine::Search::thread,0.0,0.0,0.0,0.0,0.0,0.0,0.0,0.0,0.0,0.0,0.0,0.0,2600078,0,0,frankycpp_v1.8.exe,engine::Search::thread,Search.h,0x140220caa
engine::Search::thread,0.0,0.0,0.0,0.0,0.0,0.0,0.0,0.0,0.0,0.0,0.0,0.0,3400102,1500045,0,frankycpp_v1.8.exe,engine::Search::thread,Search.h,0x1402211ba
free_base,0.0,0.0,0.0,0.0,0.0,0.0,0.0,0.0,0.0,0.0,0.0,0.0,0,1100033,0,ucrtbase.dll,free_base,[Unknown],0x18001e0e0
func@0x1328c,0.0,0.0,0.0,0.0,100.0,0.0,0.0,0.0,0.0,0.0,0.0,0.0,0,0,0,sepdrv5.sys,func@0x1328c,[Unknown],0x1328c
func@0x140001550,0.0,0.0,0.0,0.0,0.0,0.0,0.0,0.0,0.0,0.0,0.0,0.0,1100033,0,0,wdfilter.sys,func@0x140001550,[Unknown],0x140001550
func@0x140002a10,0.0,0.0,0.0,0.0,0.0,0.0,0.0,0.0,0.0,0.0,0.0,0.0,1100033,0,0,prjflt.sys,func@0x140002a10,[Unknown],0x140002a10
func@0x140002b5e,0.0,0.0,100.0,0.0,0.0,0.0,0.0,0.0,0.0,0.0,0.0,0.0,2200066,4400132,0,wpprecorder.sys,func@0x140002b5e,[Unknown],0x140002b5e
func@0x140005e27,0.0,0.0,0.0,0.0,100.0,0.0,0.0,0.0,0.0,0.0,0.0,0.0,0,0,0,dxgmms2.sys,func@0x140005e27,[Unknown],0x140005e27
func@0x1400061fb,0.0,0.0,0.0,0.0,0.0,0.0,0.0,0.0,0.0,0.0,0.0,0.0,1100033,0,0,ucx01000.sys,func@0x1400061fb,[Unknown],0x1400061fb
func@0x140006780,0.0,0.0,100.0,0.0,100.0,0.0,0.0,0.0,0.0,0.0,0.0,0.0,0,0,0,wdf01000.sys,func@0x140006780,[Unknown],0x140006780
func@0x14000e060,0.0,0.0,0.0,0.0,0.0,0.0,0.0,0.0,0.0,0.0,0.0,0.0,1100033,0,0,netio.sys,func@0x14000e060,[Unknown],0x14000e060
func@0x140012780,0.0,0.0,0.0,0.0,0.0,100.0,0.0,0.0,0.0,0.0,0.0,0.0,0,0,0,dxgkrnl.sys,func@0x140012780,[Unknown],0x140012780
func@0x140016970,0.0,0.0,0.0,0.0,0.0,0.0,0.0,0.0,0.0,0.0,0.0,0.0,1100033,0,0,wdf01000.sys,func@0x140016970,[Unknown],0x140016970
func@0x1400223c0,0.0,0.0,0.0,0.0,0.0,0.0,0.0,0.0,0.0,0.0,0.0,0.0,1100033,0,0,usbxhci.sys,func@0x1400223c0,[Unknown],0x1400223c0
func@0x140025370,0.0,0.0,0.0,0.0,0.0,0.0,0.0,0.0,0.0,0.0,0.0,0.0,1100033,0,0,wdf01000.sys,func@0x140025370,[Unknown],0x140025370
func@0x14002706b,0.0,0.0,0.0,100.0,0.0,0.0,0.0,0.0,0.0,0.0,0.0,0.0,0,0,0,dxgmms2.sys,func@0x14002706b,[Unknown],0x14002706b
func@0x14003bbd0,0.0,0.0,0.0,0.0,0.0,0.0,0.0,0.0,0.0,0.0,0.0,0.0,0,1100033,0,wdfilter.sys,func@0x14003bbd0,[Unknown],0x14003bbd0
func@0x140079610,0.0,0.0,0.0,0.0,0.0,0.0,0.0,0.0,0.0,0.0,0.0,0.0,1100033,0,0,netio.sys,func@0x140079610,[Unknown],0x140079610
func@0x1400918d0,0.0,0.0,0.0,0.0,0.0,0.0,0.0,0.0,0.0,0.0,0.0,0.0,1100033,0,0,nvlddmkm.sys,func@0x1400918d0,[Unknown],0x1400918d0
func@0x1400e3530,0.0,0.0,0.0,0.0,0.0,100.0,0.0,0.0,0.0,0.0,0.0,0.0,1100033,0,0,nvlddmkm.sys,func@0x1400e3530,[Unknown],0x1400e3530
func@0x1400f9dc0,0.0,0.0,0.0,,,0.0,0.0,0.0,0.0,0.0,0.0,0.0,1100033,0,0,nvlddmkm.sys,func@0x1400f9dc0,[Unknown],0x1400f9dc0
func@0x140102710,0.0,0.0,0.0,0.0,0.0,0.0,0.0,0.0,0.0,0.0,0.0,0.0,1100033,0,0,nvlddmkm.sys,func@0x140102710,[Unknown],0x140102710
func@0x14011e010,0.0,0.0,0.0,0.0,0.0,0.0,0.0,0.0,0.0,0.0,0.0,0.0,1100033,0,0,nvlddmkm.sys,func@0x14011e010,[Unknown],0x14011e010
func@0x140122fc0,0.0,0.0,0.0,0.0,100.0,0.0,0.0,0.0,0.0,0.0,0.0,0.0,0,1100033,0,nvlddmkm.sys,func@0x140122fc0,[Unknown],0x140122fc0
func@0x1401647f0,0.0,0.0,0.0,0.0,0.0,0.0,0.0,0.0,0.0,0.0,0.0,0.0,0,1100033,0,nvlddmkm.sys,func@0x1401647f0,[Unknown],0x1401647f0
func@0x140164db0,0.0,0.0,0.0,0.0,0.0,0.0,0.0,0.0,0.0,0.0,0.0,0.0,0,0,550231,nvlddmkm.sys,func@0x140164db0,[Unknown],0x140164db0
func@0x140166d80,0.0,0.0,0.0,0.0,0.0,0.0,0.0,0.0,0.0,0.0,0.0,0.0,0,1100033,0,nvlddmkm.sys,func@0x140166d80,[Unknown],0x140166d80
func@0x140200e20,0.0,0.0,0.0,0.0,0.0,0.0,0.0,0.0,0.0,0.0,0.0,0.0,1100033,1100033,0,ntoskrnl.exe,func@0x140200e20,[Unknown],0x140200e20
func@0x140201130,0.0,0.0,0.0,0.0,0.0,0.0,0.0,0.0,0.0,,,,0,1100033,0,ntoskrnl.exe,func@0x140201130,[Unknown],0x140201130
func@0x140211450,0.0,0.0,0.0,0.0,0.0,0.0,0.0,0.0,0.0,0.0,0.0,0.0,1100033,0,0,ntoskrnl.exe,func@0x140211450,[Unknown],0x140211450
func@0x140216750,0.0,0.0,0.0,0.0,0.0,0.0,0.0,0.0,0.0,0.0,0.0,0.0,0,1100033,0,ntoskrnl.exe,func@0x140216750,[Unknown],0x140216750
func@0x140216a8c,0.0,0.0,0.0,0.0,0.0,0.0,0.0,0.0,0.0,0.0,0.0,0.0,0,1100033,0,ntoskrnl.exe,func@0x140216a8c,[Unknown],0x140216a8c
func@0x140216fc3,0.0,0.0,0.0,0.0,0.0,0.0,0.0,0.0,0.0,0.0,0.0,0.0,1100033,0,0,ntoskrnl.exe,func@0x140216fc3,[Unknown],0x140216fc3
func@0x14021a250,0.0,0.0,,0.0,0.0,0.0,0.0,,0.0,0.0,0.0,0.0,1100033,0,0,ntoskrnl.exe,func@0x14021a250,[Unknown],0x14021a250
func@0x14021d340,0.0,0.0,0.0,0.0,0.0,0.0,0.0,0.0,0.0,0.0,0.0,0.0,1100033,1100033,0,ntoskrnl.exe,func@0x14021d340,[Unknown],0x14021d340
func@0x1402227ca,0.0,0.0,0.0,0.0,0.0,0.0,0.0,0.0,0.0,0.0,0.0,0.0,4400132,0,0,ntoskrnl.exe,func@0x1402227ca,[Unknown],0x1402227ca
func@0x1402238b0,0.0,0.0,0.0,0.0,0.0,0.0,0.0,,0.0,0.0,0.0,0.0,0,1100033,0,ntoskrnl.exe,func@0x1402238b0,[Unknown],0x1402238b0
func@0x140231af0,0.0,0.0,0.0,0.0,0.0,0.0,0.0,0.0,0.0,0.0,0.0,0.0,0,1100033,0,ntoskrnl.exe,func@0x140231af0,[Unknown],0x140231af0
func@0x140235f2d,0.0,0.0,0.0,0.0,0.0,0.0,0.0,0.0,0.0,0.0,0.0,0.0,1100033,0,0,ntoskrnl.exe,func@0x140235f2d,[Unknown],0x140235f2d
func@0x140244835,0.0,0.0,0.0,0.0,0.0,0.0,0.0,0.0,0.0,0.0,0.0,0.0,1100033,0,0,ntoskrnl.exe,func@0x140244835,[Unknown],0x140244835
func@0x140251d47,0.0,0.0,0.0,0.0,0.0,0.0,0.0,0.0,0.0,0.0,0.0,0.0,0,1100033,0,ntoskrnl.exe,func@0x140251d47,[Unknown],0x140251d47
func@0x140255e80,0.0,0.0,0.0,0.0,0.0,0.0,0.0,0.0,0.0,0.0,0.0,0.0,0,1100033,0,ntoskrnl.exe,func@0x140255e80,[Unknown],0x140255e80
func@0x140256040,0.0,0.0,0.0,0.0,0.0,0.0,0.0,0.0,0.0,,,,400012,0,0,ntoskrnl.exe,func@0x140256040,[Unknown],0x140256040
func@0x1402582b0,0.0,0.0,0.0,100.0,0.0,0.0,0.0,0.0,0.0,,,,1100033,0,0,ntoskrnl.exe,func@0x1402582b0,[Unknown],0x1402582b0
func@0x1402585aa,0.0,0.0,,0.0,0.0,0.0,0.0,0.0,0.0,,,,1100033,1500045,0,ntoskrnl.exe,func@0x1402585aa,[Unknown],0x1402585aa
func@0x14025f23d,0.0,0.0,0.0,0.0,0.0,0.0,0.0,0.0,0.0,0.0,0.0,0.0,1100033,0,0,ntoskrnl.exe,func@0x14025f23d,[Unknown],0x14025f23d
func@0x14026a010,0.0,0.0,0.0,0.0,0.0,0.0,0.0,0.0,0.0,0.0,0.0,0.0,1100033,0,0,nvlddmkm.sys,func@0x14026a010,[Unknown],0x14026a010
func@0x14026efa0,0.0,0.0,0.0,0.0,0.0,0.0,0.0,0.0,0.0,0.0,0.0,0.0,1100033,0,0,ntoskrnl.exe,func@0x14026efa0,[Unknown],0x14026efa0
func@0x14026f460,0.0,0.0,0.0,0.0,0.0,0.0,0.0,0.0,0.0,0.0,0.0,0.0,0,1100033,0,ntoskrnl.exe,func@0x14026f460,[Unknown],0x14026f460
func@0x140273680,0.0,0.0,0.0,0.0,0.0,0.0,0.0,0.0,0.0,0.0,0.0,0.0,1100033,0,0,ntoskrnl.exe,func@0x140273680,[Unknown],0x140273680
func@0x140273826,0.0,0.0,0.0,100.0,0.0,0.0,0.0,,0.0,,,,0,0,0,ntoskrnl.exe,func@0x140273826,[Unknown],0x140273826
func@0x140275020,0.0,0.0,0.0,0.0,0.0,0.0,0.0,0.0,0.0,0.0,0.0,0.0,2200066,0,0,ntoskrnl.exe,func@0x140275020,[Unknown],0x140275020
func@0x140279b30,0.0,0.0,0.0,0.0,0.0,0.0,0.0,0.0,0.0,0.0,0.0,0.0,1100033,1100033,0,nvlddmkm.sys,func@0x140279b30,[Unknown],0x140279b30
func@0x14027a430,0.0,0.0,0.0,0.0,0.0,0.0,0.0,0.0,0.0,0.0,0.0,0.0,1100033,0,0,ntoskrnl.exe,func@0x14027a430,[Unknown],0x14027a430
func@0x140286820,0.0,0.0,0.0,0.0,0.0,0.0,0.0,0.0,0.0,0.0,0.0,0.0,0,1100033,0,ntoskrnl.exe,func@0x140286820,[Unknown],0x140286820
func@0x140289430,0.0,0.0,0.0,0.0,0.0,0.0,0.0,0.0,0.0,0.0,0.0,0.0,1100033,0,0,ntoskrnl.exe,func@0x140289430,[Unknown],0x140289430
func@0x1402960f0,0.0,,0.0,0.0,0.0,0.0,0.0,0.0,0.0,,,,0,400012,0,ntoskrnl.exe,func@0x1402960f0,[Unknown],0x1402960f0
func@0x140298b20,0.0,0.0,0.0,0.0,0.0,0.0,0.0,0.0,0.0,0.0,0.0,0.0,1100033,0,0,ntoskrnl.exe,func@0x140298b20,[Unknown],0x140298b20
func@0x14029a67b,0.0,0.0,0.0,100.0,0.0,0.0,0.0,0.0,0.0,,,,3000090,0,0,ntoskrnl.exe,func@0x14029a67b,[Unknown],0x14029a67b
func@0x14029bfad,0.0,0.0,0.0,0.0,0.0,0.0,0.0,0.0,0.0,0.0,0.0,0.0,1100033,0,0,ntoskrnl.exe,func@0x14029bfad,[Unknown],0x14029bfad
func@0x14029c48c,0.0,0.0,0.0,0.0,0.0,0.0,0.0,0.0,0.0,0.0,0.0,0.0,1100033,0,0,ntoskrnl.exe,func@0x14029c48c,[Unknown],0x14029c48c
func@0x14029d4f0,0.0,0.0,0.0,0.0,0.0,0.0,0.0,0.0,0.0,0.0,,0.0,1100033,0,0,ntoskrnl.exe,func@0x14029d4f0,[Unknown],0x14029d4f0
func@0x14029dc10,0.0,0.0,0.0,0.0,0.0,0.0,0.0,0.0,0.0,0.0,0.0,0.0,1100033,0,0,ntoskrnl.exe,func@0x14029dc10,[Unknown],0x14029dc10
func@0x1402b3a60,0.0,0.0,0.0,0.0,0.0,0.0,0.0,0.0,0.0,0.0,0.0,0.0,8800264,4400132,0,ntoskrnl.exe,func@0x1402b3a60,[Unknown],0x1402b3a60
func@0x1402b4294,0.0,0.0,0.0,0.0,0.0,0.0,0.0,0.0,0.0,0.0,0.0,0.0,1100033,0,0,ntoskrnl.exe,func@0x1402b4294,[Unknown],0x1402b4294
func@0x1402b4ee0,0.0,0.0,0.0,0.0,0.0,0.0,0.0,0.0,0.0,0.0,0.0,0.0,1100033,0,0,ntoskrnl.exe,func@0x1402b4ee0,[Unknown],0x1402b4ee0
func@0x1402b8010,0.0,0.0,0.0,0.0,0.0,0.0,0.0,0.0,0.0,0.0,0.0,0.0,1100033,0,0,ntoskrnl.exe,func@0x1402b8010,[Unknown],0x1402b8010
func@0x1402b8634,0.0,0.0,0.0,0.0,0.0,0.0,0.0,0.0,0.0,0.0,0.0,0.0,0,1100033,0,ntoskrnl.exe,func@0x1402b8634,[Unknown],0x1402b8634
func@0x1402b8658,0.0,0.0,0.0,0.0,0.0,0.0,0.0,0.0,0.0,0.0,0.0,0.0,0,1100033,0,ntoskrnl.exe,func@0x1402b8658,[Unknown],0x1402b8658
func@0x1402b8930,0.0,0.0,0.0,0.0,0.0,0.0,0.0,0.0,0.0,0.0,0.0,0.0,0,1100033,0,ntoskrnl.exe,func@0x1402b8930,[Unknown],0x1402b8930
func@0x1402b9770,0.0,0.0,0.0,0.0,0.0,0.0,0.0,0.0,0.0,0.0,0.0,0.0,2200066,0,0,ntoskrnl.exe,func@0x1402b9770,[Unknown],0x1402b9770
func@0x1402bb069,0.0,0.0,0.0,0.0,0.0,0.0,0.0,0.0,0.0,0.0,0.0,0.0,0,1100033,0,ntoskrnl.exe,func@0x1402bb069,[Unknown],0x1402bb069
func@0x1402ccd00,0.0,0.0,0.0,0.0,0.0,0.0,0.0,0.0,0.0,0.0,0.0,0.0,1100033,0,0,ntoskrnl.exe,func@0x1402ccd00,[Unknown],0x1402ccd00
func@0x1402cd910,0.0,0.0,0.0,0.0,0.0,100.0,0.0,0.0,0.0,0.0,0.0,0.0,0,0,0,ntoskrnl.exe,func@0x1402cd910,[Unknown],0x1402cd910
func@0x1402d6cc0,0.0,0.0,0.0,0.0,0.0,0.0,0.0,0.0,0.0,0.0,0.0,0.0,1100033,0,0,ntoskrnl.exe,func@0x1402d6cc0,[Unknown],0x1402d6cc0
func@0x1402d71ff,0.0,0.0,0.0,0.0,0.0,0.0,0.0,0.0,0.0,0.0,0.0,0.0,0,400012,0,ntoskrnl.exe,func@0x1402d71ff,[Unknown],0x1402d71ff
func@0x1402d7ba7,0.0,0.0,0.0,0.0,0.0,0.0,0.0,0.0,0.0,0.0,0.0,0.0,1100033,0,0,ntoskrnl.exe,func@0x1402d7ba7,[Unknown],0x1402d7ba7
func@0x1402db110,0.0,0.0,0.0,0.0,0.0,0.0,0.0,0.0,0.0,0.0,0.0,0.0,0,1100033,0,ntoskrnl.exe,func@0x1402db110,[Unknown],0x1402db110
func@0x1402e8030,0.0,0.0,0.0,0.0,100.0,0.0,0.0,0.0,0.0,0.0,0.0,0.0,1100033,0,0,ntoskrnl.exe,func@0x1402e8030,[Unknown],0x1402e8030
func@0x1402ea260,0.0,0.0,,0.0,0.0,0.0,0.0,0.0,0.0,,,,1100033,0,0,ntoskrnl.exe,func@0x1402ea260,[Unknown],0x1402ea260
func@0x1402ea2b9,0.0,0.0,0.0,0.0,0.0,0.0,0.0,0.0,0.0,0.0,0.0,0.0,400012,0,0,ntoskrnl.exe,func@0x1402ea2b9,[Unknown],0x1402ea2b9
func@0x1402edbc0,0.0,0.0,0.0,0.0,0.0,0.0,0.0,0.0,0.0,0.0,0.0,0.0,0,1100033,0,ntoskrnl.exe,func@0x1402edbc0,[Unknown],0x1402edbc0
func@0x1402f1180,0.0,0.0,0.0,0.0,0.0,0.0,0.0,0.0,0.0,0.0,0.0,0.0,0,1100033,0,ntoskrnl.exe,func@0x1402f1180,[Unknown],0x1402f1180
func@0x140300ef0,0.0,0.0,0.0,0.0,0.0,0.0,0.0,0.0,0.0,0.0,0.0,0.0,1100033,0,0,ntoskrnl.exe,func@0x140300ef0,[Unknown],0x140300ef0
func@0x140301180,0.0,0.0,0.0,0.0,0.0,0.0,0.0,0.0,0.0,0.0,0.0,0.0,1100033,0,0,ntoskrnl.exe,func@0x140301180,[Unknown],0x140301180
func@0x140322bc0,0.0,0.0,0.0,0.0,0.0,0.0,0.0,0.0,0.0,0.0,0.0,0.0,0,2200066,0,ntoskrnl.exe,func@0x140322bc0,[Unknown],0x140322bc0
func@0x14033b990,0.0,0.0,0.0,0.0,0.0,0.0,0.0,0.0,0.0,,,,1100033,2200066,0,ntoskrnl.exe,func@0x14033b990,[Unknown],0x14033b990
func@0x14033d5c0,0.0,0.0,0.0,0.0,0.0,0.0,0.0,0.0,0.0,0.0,0.0,0.0,0,1100033,0,ntoskrnl.exe,func@0x14033d5c0,[Unknown],0x14033d5c0
func@0x14033d620,0.0,0.0,0.0,0.0,0.0,0.0,0.0,,0.0,,,,1100033,0,0,ntoskrnl.exe,func@0x14033d620,[Unknown],0x14033d620
func@0x14033e6c0,0.0,0.0,0.0,0.0,0.0,0.0,0.0,0.0,0.0,0.0,0.0,0.0,1100033,0,0,ntoskrnl.exe,func@0x14033e6c0,[Unknown],0x14033e6c0
func@0x14033e830,0.0,0.0,0.0,0.0,0.0,0.0,0.0,0.0,0.0,0.0,0.0,0.0,400012,400012,0,ntoskrnl.exe,func@0x14033e830,[Unknown],0x14033e830
func@0x14033f600,0.0,0.0,0.0,0.0,0.0,0.0,0.0,0.0,0.0,0.0,0.0,0.0,1100033,0,0,ntoskrnl.exe,func@0x14033f600,[Unknown],0x14033f600
func@0x14033fa70,0.0,0.0,0.0,0.0,100.0,0.0,0.0,,0.0,,,,400012,0,0,ntoskrnl.exe,func@0x14033fa70,[Unknown],0x14033fa70
func@0x140340ba8,0.0,0.0,,0.0,0.0,0.0,0.0,0.0,0.0,,,,0,1100033,0,ntoskrnl.exe,func@0x140340ba8,[Unknown],0x140340ba8
func@0x1403455ab,0.0,0.0,0.0,0.0,0.0,0.0,0.0,0.0,0.0,0.0,0.0,0.0,1100033,0,0,ntoskrnl.exe,func@0x1403455ab,[Unknown],0x1403455ab
func@0x1403b39fc,0.0,0.0,0.0,0.0,0.0,0.0,0.0,,0.0,0.0,0.0,0.0,400012,0,0,ntoskrnl.exe,func@0x1403b39fc,[Unknown],0x1403b39fc
func@0x1403c61e0,0.0,0.0,0.0,0.0,0.0,0.0,0.0,0.0,0.0,0.0,0.0,0.0,1100033,0,0,ntoskrnl.exe,func@0x1403c61e0,[Unknown],0x1403c61e0
func@0x1403c76eb,0.0,0.0,100.0,0.0,0.0,0.0,0.0,0.0,0.0,0.0,0.0,0.0,0,0,0,ntoskrnl.exe,func@0x1403c76eb,[Unknown],0x1403c76eb
func@0x1403d1190,0.0,0.0,0.0,0.0,0.0,0.0,0.0,0.0,0.0,0.0,0.0,0.0,0,1100033,0,ntoskrnl.exe,func@0x1403d1190,[Unknown],0x1403d1190
func@0x1403d8cd0,0.0,0.0,0.0,0.0,0.0,0.0,0.0,0.0,0.0,0.0,0.0,0.0,0,1100033,0,ntoskrnl.exe,func@0x1403d8cd0,[Unknown],0x1403d8cd0
func@0x1403ea340,0.0,0.0,0.0,0.0,0.0,0.0,0.0,0.0,0.0,0.0,0.0,0.0,1100033,0,0,ntoskrnl.exe,func@0x1403ea340,[Unknown],0x1403ea340
func@0x1403ea474,0.0,0.0,0.0,0.0,0.0,0.0,0.0,0.0,0.0,0.0,0.0,0.0,0,1100033,0,ntoskrnl.exe,func@0x1403ea474,[Unknown],0x1403ea474
func@0x1403f0860,0.0,0.0,0.0,0.0,0.0,0.0,0.0,0.0,0.0,0.0,0.0,0.0,1100033,0,0,ntoskrnl.exe,func@0x1403f0860,[Unknown],0x1403f0860
func@0x140401110,0.0,0.0,0.0,0.0,0.0,0.0,0.0,,0.0,,,,0,400012,0,ntoskrnl.exe,func@0x140401110,[Unknown],0x140401110
func@0x1404063e0,0.0,0.0,0.0,0.0,0.0,0.0,0.0,0.0,0.0,0.0,0.0,0.0,0,1100033,0,ntoskrnl.exe,func@0x1404063e0,[Unknown],0x1404063e0
func@0x14042068a,0.0,0.0,0.0,100.0,0.0,0.0,0.0,0.0,0.0,0.0,0.0,0.0,0,0,0,ntoskrnl.exe,func@0x14042068a,[Unknown],0x14042068a
func@0x14042b5d0,0.0,0.0,0.0,0.0,0.0,0.0,0.0,0.0,0.0,0.0,0.0,0.0,0,1100033,0,ntoskrnl.exe,func@0x14042b5d0,[Unknown],0x14042b5d0
func@0x1404e4cd3,0.0,0.0,0.0,0.0,0.0,0.0,0.0,0.0,0.0,0.0,0.0,0.0,0,1100033,0,ntoskrnl.exe,func@0x1404e4cd3,[Unknown],0x1404e4cd3
func@0x1404e78e0,0.0,0.0,0.0,0.0,0.0,0.0,0.0,0.0,0.0,,,,0,1100033,0,ntoskrnl.exe,func@0x1404e78e0,[Unknown],0x1404e78e0
func@0x1404e7969,0.0,0.0,0.0,0.0,0.0,0.0,0.0,0.0,0.0,,,,400012,0,0,ntoskrnl.exe,func@0x1404e7969,[Unknown],0x1404e7969
func@0x1404e8368,0.0,100.0,0.0,0.0,0.0,0.0,0.0,0.0,0.0,,,,1100033,0,0,ntoskrnl.exe,func@0x1404e8368,[Unknown],0x1404e8368
func@0x1404f0c20,0.0,0.0,0.0,0.0,0.0,0.0,0.0,0.0,0.0,0.0,0.0,0.0,4400132,1100033,0,ntoskrnl.exe,func@0x1404f0c20,[Unknown],0x1404f0c20
func@0x1404f2aa0,0.0,0.0,0.0,100.0,0.0,0.0,0.0,0.0,0.0,0.0,0.0,0.0,0,0,0,ntoskrnl.exe,func@0x1404f2aa0,[Unknown],0x1404f2aa0
func@0x1406b1eb0,0.0,,100.0,0.0,61.2,0.0,0.0,0.0,0.0,,,,0,0,0,ntoskrnl.exe,func@0x1406b1eb0,[Unknown],0x1406b1eb0
func@0x1406b28c0,0.0,0.0,0.0,0.0,0.0,0.0,0.0,0.0,0.0,0.0,0.0,0.0,0,1100033,0,ntoskrnl.exe,func@0x1406b28c0,[Unknown],0x1406b28c0
func@0x1406bd583,0.0,0.0,0.0,0.0,0.0,0.0,0.0,0.0,0.0,0.0,,0.0,2200066,1100033,0,ntoskrnl.exe,func@0x1406bd583,[Unknown],0x1406bd583
func@0x140846c70,0.0,0.0,0.0,0.0,0.0,0.0,0.0,0.0,0.0,0.0,0.0,0.0,1100033,0,0,ntoskrnl.exe,func@0x140846c70,[Unknown],0x140846c70
func@0x14084a8a0,0.0,0.0,0.0,0.0,0.0,0.0,0.0,0.0,0.0,0.0,0.0,0.0,1100033,0,0,ntoskrnl.exe,func@0x14084a8a0,[Unknown],0x14084a8a0
func@0x14086f451,0.0,0.0,0.0,0.0,0.0,0.0,0.0,0.0,0.0,0.0,0.0,0.0,1100033,0,0,ntoskrnl.exe,func@0x14086f451,[Unknown],0x14086f451
func@0x14088b650,0.0,0.0,0.0,0.0,0.0,0.0,0.0,0.0,0.0,0.0,0.0,0.0,0,1100033,0,ntoskrnl.exe,func@0x14088b650,[Unknown],0x14088b650
func@0x14089d330,0.0,0.0,0.0,0.0,0.0,0.0,0.0,0.0,0.0,0.0,0.0,0.0,0,1100033,0,ntoskrnl.exe,func@0x14089d330,[Unknown],0x14089d330
func@0x1408d7200,0.0,0.0,0.0,0.0,0.0,0.0,0.0,0.0,0.0,0.0,0.0,0.0,1100033,0,0,ntoskrnl.exe,func@0x1408d7200,[Unknown],0x1408d7200
func@0x140913e70,0.0,0.0,0.0,0.0,0.0,0.0,0.0,0.0,0.0,0.0,0.0,0.0,1100033,0,0,ntoskrnl.exe,func@0x140913e70,[Unknown],0x140913e70
func@0x140a20c28,0.0,0.0,0.0,0.0,0.0,0.0,0.0,0.0,0.0,0.0,0.0,0.0,1100033,0,0,ntoskrnl.exe,func@0x140a20c28,[Unknown],0x140a20c28
func@0x140c31d90,0.0,0.0,0.0,0.0,0.0,0.0,0.0,0.0,0.0,0.0,0.0,0.0,0,1100033,0,nvlddmkm.sys,func@0x140c31d90,[Unknown],0x140c31d90
func@0x140c9b32f,0.0,0.0,0.0,0.0,,,0.0,0.0,0.0,0.0,0.0,0.0,1100033,0,0,nvlddmkm.sys,func@0x140c9b32f,[Unknown],0x140c9b32f
func@0x140c9b5f0,0.0,0.0,0.0,0.0,100.0,0.0,0.0,0.0,0.0,0.0,0.0,0.0,0,0,0,nvlddmkm.sys,func@0x140c9b5f0,[Unknown],0x140c9b5f0
func@0x140cb323f,0.0,0.0,0.0,0.0,,,0.0,0.0,0.0,0.0,0.0,0.0,1100033,0,0,nvlddmkm.sys,func@0x140cb323f,[Unknown],0x140cb323f
func@0x140ce0a50,0.0,50.0,100.0,0.0,0.0,0.0,0.0,0.0,0.0,0.0,0.0,0.0,0,0,0,nvlddmkm.sys,func@0x140ce0a50,[Unknown],0x140ce0a50
func@0x140d01e7f,0.0,0.0,0.0,0.0,0.0,0.0,0.0,0.0,0.0,0.0,0.0,0.0,1100033,0,0,nvlddmkm.sys,func@0x140d01e7f,[Unknown],0x140d01e7f
func@0x180004b20,0.0,0.0,0.0,0.0,0.0,0.0,0.0,0.0,0.0,0.0,0.0,0.0,1100033,0,0,fltmgr.sys,func@0x180004b20,[Unknown],0x180004b20
func@0x1800073e0,0.0,0.0,0.0,0.0,0.0,0.0,0.0,0.0,0.0,0.0,0.0,0.0,1100033,0,0,fltmgr.sys,func@0x1800073e0,[Unknown],0x1800073e0
func@0x180007fa0,0.0,0.0,0.0,0.0,0.0,0.0,0.0,0.0,0.0,0.0,0.0,0.0,1100033,0,0,fltmgr.sys,func@0x180007fa0,[Unknown],0x180007fa0
func@0x18000be30,0.0,0.0,0.0,0.0,0.0,0.0,0.0,0.0,0.0,0.0,0.0,0.0,400012,0,0,ntdll.dll,func@0x18000be30,[Unknown],0x18000be30
func@0x18000c5c9,0.0,0.0,0.0,0.0,100.0,0.0,0.0,0.0,0.0,0.0,0.0,0.0,0,0,0,ntdll.dll,func@0x18000c5c9,[Unknown],0x18000c5c9
func@0x18000d8b9,0.0,0.0,0.0,0.0,0.0,0.0,0.0,0.0,0.0,0.0,0.0,0.0,400012,0,0,ntdll.dll,func@0x18000d8b9,[Unknown],0x18000d8b9
func@0x180013230,0.0,0.0,0.0,0.0,0.0,0.0,0.0,0.0,0.0,0.0,0.0,0.0,1100033,0,0,ucrtbase.dll,func@0x180013230,[Unknown],0x180013230
func@0x180017538,0.0,0.0,0.0,0.0,0.0,0.0,0.0,0.0,0.0,0.0,0.0,0.0,0,400012,0,ucrtbase.dll,func@0x180017538,[Unknown],0x180017538
func@0x1800192a0,0.0,0.0,0.0,0.0,0.0,0.0,0.0,0.0,0.0,0.0,0.0,0.0,1100033,1100033,0,ucrtbase.dll,func@0x1800192a0,[Unknown],0x1800192a0
func@0x18001a220,0.0,0.0,0.0,0.0,0.0,0.0,0.0,0.0,0.0,0.0,0.0,0.0,1100033,1100033,0,ucrtbase.dll,func@0x18001a220,[Unknown],0x18001a220
func@0x18001cf4a,0.0,0.0,0.0,0.0,0.0,0.0,0.0,0.0,0.0,0.0,0.0,0.0,1100033,0,0,ntdll.dll,func@0x18001cf4a,[Unknown],0x18001cf4a
func@0x18001dc17,0.0,0.0,0.0,0.0,0.0,0.0,0.0,0.0,0.0,0.0,0.0,0.0,1100033,1100033,0,ntdll.dll,func@0x18001dc17,[Unknown],0x18001dc17
func@0x1800509e0,0.0,0.0,0.0,0.0,0.0,0.0,0.0,,0.0,0.0,0.0,0.0,1100033,1100033,0,ntdll.dll,func@0x1800509e0,[Unknown],0x1800509e0
func@0x18005dca0,0.0,0.0,0.0,0.0,100.0,0.0,0.0,0.0,0.0,0.0,0.0,0.0,0,0,0,ucrtbase.dll,func@0x18005dca0,[Unknown],0x18005dca0
func@0x1800846b1,0.0,100.0,0.0,0.0,0.0,0.0,0.0,,0.0,0.0,0.0,0.0,0,0,0,ntdll.dll,func@0x1800846b1,[Unknown],0x1800846b1
func@0x18008cae0,0.0,0.0,0.0,0.0,0.0,0.0,0.0,0.0,0.0,0.0,0.0,0.0,400012,0,0,ntdll.dll,func@0x18008cae0,[Unknown],0x18008cae0
"log<int,0>",0.0,0.0,0.0,0.0,0.0,0.0,0.0,0.0,0.0,0.0,0.0,0.0,3300099,0,0,frankycpp_v1.8.exe,"log<int,0>(int)",cmath,0x14022eb70
malloc_base,0.0,0.0,0.0,0.0,0.0,0.0,0.0,0.0,0.0,0.0,0.0,0.0,1100033,0,0,ucrtbase.dll,malloc_base,[Unknown],0x180010100
memcpy,0.0,0.0,0.0,0.0,0.0,0.0,0.0,0.0,0.0,0.0,0.0,0.0,0,1100033,0,ucrtbase.dll,memcpy,[Unknown],0x1800edb20
memset,0.0,0.0,0.0,0.0,0.0,0.0,100.0,0.0,0.0,0.0,0.0,0.0,0,0,0,vcruntime140.dll,memset,[Unknown],0x1800126e0
operator delete,0.0,0.0,0.0,0.0,0.0,0.0,0.0,0.0,0.0,0.0,0.0,0.0,4400132,4400132,0,frankycpp_v1.8.exe,"operator delete(void *,unsigned __int64)",delete_scalar_size.cpp,0x14061a658
operator new,0.0,0.0,0.0,0.0,0.0,0.0,0.0,0.0,0.0,0.0,0.0,0.0,0,2200066,0,frankycpp_v1.8.exe,operator new(unsigned __int64),new_scalar.cpp,0x14061a1e0
round,0.0,0.0,0.0,0.0,0.0,0.0,0.0,0.0,0.0,0.0,0.0,0.0,5500165,0,0,ucrtbase.dll,round,[Unknown],0x1800ab260
spdlog::logger::flush,0.0,0.0,0.0,0.0,0.0,0.0,0.0,0.0,0.0,,,,400012,0,0,frankycpp_v1.8.exe,spdlog::logger::flush,logger-inl.h,0x14019a8c4
"std::_Atomic_address_as<char,struct std::_Atomic_padded<unsigned char> >",0.0,0.0,0.0,0.0,0.0,0.0,0.0,0.0,0.0,0.0,0.0,0.0,0,1100033,0,frankycpp_v1.8.exe,"std::_Atomic_address_as<char,struct std::_Atomic_padded<unsigned char> >(struct std::_Atomic_padded<unsigned char> const &)",xatomic.h,0x14023a250
"std::_Char_traits<char,int>::copy",0.0,0.0,0.0,0.0,0.0,0.0,0.0,0.0,0.0,0.0,0.0,0.0,2200066,2200066,0,frankycpp_v1.8.exe,"std::_Char_traits<char,int>::copy",__msvc_string_view.hpp,0x14011a5cf
std::_Deallocate,0.0,0.0,0.0,0.0,0.0,0.0,0.0,0.0,0.0,0.0,0.0,0.0,0,3300099,0,frankycpp_v1.8.exe,std::_Deallocate,xmemory,0x1402333dc
std::_Fnv1a_append_bytes,0.0,0.0,0.0,0.0,0.0,0.0,0.0,0.0,0.0,0.0,0.0,0.0,12100363,3300099,0,frankycpp_v1.8.exe,std::_Fnv1a_append_bytes,type_traits,0x140282e30
"std::_Hash<class std::_Umap_traits<unsigned __int64,class book::BookEntry,class std::_Uhash_compare<unsigned __int64,struct std::hash<unsigned __int64>,struct std::equal_to<unsigned __int64> >,class std::allocator<struct std::pair<unsigned __int64 const ,class book::BookEntry> >,0> >::emplace<struct std::pair<unsigned __int64 const ,class book::BookEntry> >",0.0,0.0,0.0,0.0,0.0,0.0,0.0,0.0,0.0,0.0,0.0,0.0,3300099,0,0,frankycpp_v1.8.exe,"std::_Hash<class std::_Umap_traits<unsigned __int64,class book::BookEntry,class std::_Uhash_compare<unsigned __int64,struct std::hash<unsigned __int64>,struct std::equal_to<unsigned __int64> >,class std::allocator<struct std::pair<unsigned __int64 const ,class book::BookEntry> >,0> >::emplace<struct std::pair<unsigned __int64 const ,class book::BookEntry> >(struct std::pair<unsigned __int64 const ,class book::BookEntry> &&)",xhash,0x140288520
"std::array<chess::Bitboard,64>::operator[]",0.0,0.0,0.0,0.0,0.0,0.0,0.0,0.0,0.0,0.0,0.0,0.0,2600078,0,0,frankycpp_v1.8.exe,"std::array<chess::Bitboard,64>::operator[]",array,0x14026af79
"std::array<chess::Bitboard,64>::operator[]",0.0,0.0,0.0,0.0,0.0,0.0,0.0,0.0,0.0,,,,800024,400012,0,frankycpp_v1.8.exe,"std::array<chess::Bitboard,64>::operator[]",array,0x14026b87c
"std::array<chess::Bitboard,64>::operator[]",0.0,0.0,0.0,0.0,0.0,0.0,0.0,0.0,0.0,,,,1100033,0,0,frankycpp_v1.8.exe,"std::array<chess::Bitboard,64>::operator[]",array,0x1402217b2
"std::array<chess::Bitboard,8>::operator[]",0.0,0.0,0.0,0.0,0.0,0.0,0.0,0.0,0.0,0.0,0.0,0.0,800024,1900057,0,frankycpp_v1.8.exe,"std::array<chess::Bitboard,8>::operator[]",array,0x1402634c3
"std::array<chess::HistoryState,1024>::operator[]",0.0,0.0,0.0,0.0,0.0,0.0,0.0,0.0,0.0,,,,2200066,0,0,frankycpp_v1.8.exe,"std::array<chess::HistoryState,1024>::operator[]",array,0x14025c417
"std::array<chess::Move,128>::operator[]",0.0,0.0,0.0,0.0,0.0,0.0,0.0,26.7,0.0,0.0,0.0,0.0,800024,3800114,0,frankycpp_v1.8.exe,"std::array<chess::Move,128>::operator[]",array,0x14021f4b3
"std::array<chess::Move,256>::operator[]",0.0,0.0,0.0,0.0,0.0,0.0,0.0,0.0,0.0,,,,1100033,0,0,frankycpp_v1.8.exe,"std::array<chess::Move,256>::operator[]",array,0x14021f0f2
"std::array<chess::Value,25>::operator[]",0.0,0.0,0.0,0.0,0.0,0.0,0.0,0.0,0.0,0.0,0.0,0.0,4400132,3300099,0,frankycpp_v1.8.exe,"std::array<chess::Value,25>::operator[]",array,0x140263c5a
"std::array<engine::PawnTT::Stats,256>::operator[]",0.0,0.0,0.0,0.0,0.0,0.0,0.0,0.0,0.0,0.0,0.0,0.0,400012,0,0,frankycpp_v1.8.exe,"std::array<engine::PawnTT::Stats,256>::operator[]",array,0x140267900
"std::array<engine::TT::Stats,256>::operator[]",0.0,0.0,0.0,0.0,0.0,0.0,0.0,0.0,0.0,0.0,0.0,0.0,800024,400012,0,frankycpp_v1.8.exe,"std::array<engine::TT::Stats,256>::operator[]",array,0x14026d830
"std::array<std::array<chess::Bitboard,64>,8>::operator[]",0.0,0.0,0.0,0.0,0.0,0.0,0.0,0.0,0.0,0.0,0.0,0.0,2200066,0,0,frankycpp_v1.8.exe,"std::array<std::array<chess::Bitboard,64>,8>::operator[]",array,0x14026a3c1
"std::array<std::array<int,64>,64>::operator[]",0.0,0.0,0.0,0.0,0.0,0.0,0.0,0.0,0.0,0.0,0.0,0.0,1100033,0,0,frankycpp_v1.8.exe,"std::array<std::array<int,64>,64>::operator[]",array,0x140220c2b
"std::array<unsigned __int64,9>::operator[]",0.0,0.0,0.0,0.0,0.0,0.0,0.0,0.0,0.0,0.0,0.0,0.0,1100033,0,0,frankycpp_v1.8.exe,"std::array<unsigned __int64,9>::operator[]",array,0x14025bf29
"std::basic_filebuf<char,std::char_traits<char> >::_Reset_back",0.0,0.0,0.0,0.0,0.0,0.0,0.0,0.0,0.0,0.0,0.0,0.0,1100033,1100033,0,frankycpp_v1.8.exe,"std::basic_filebuf<char,std::char_traits<char> >::_Reset_back",__msvc_filebuf.hpp,0x14011a607
"std::basic_filebuf<char,struct std::char_traits<char> >::xsgetn",0.0,0.0,0.0,0.0,0.0,0.0,0.0,0.0,0.0,0.0,0.0,0.0,9900297,1100033,0,frankycpp_v1.8.exe,"std::basic_filebuf<char,struct std::char_traits<char> >::xsgetn(char * __ptr64,__int64)",__msvc_filebuf.hpp,0x14011a550
"std::basic_streambuf<char,std::char_traits<char> >::_Gnavail",0.0,0.0,0.0,0.0,0.0,0.0,0.0,0.0,0.0,0.0,0.0,0.0,4400132,0,0,frankycpp_v1.8.exe,"std::basic_streambuf<char,std::char_traits<char> >::_Gnavail",streambuf,0x14011a59f
"std::basic_streambuf<char,std::char_traits<char> >::eback",0.0,0.0,0.0,0.0,0.0,0.0,0.0,0.0,0.0,0.0,0.0,0.0,0,1100033,0,frankycpp_v1.8.exe,"std::basic_streambuf<char,std::char_traits<char> >::eback",streambuf,0x14011a607
"std::basic_streambuf<char,std::char_traits<char> >::gbump",0.0,0.0,0.0,0.0,0.0,0.0,0.0,0.0,0.0,0.0,0.0,0.0,3300099,1100033,0,frankycpp_v1.8.exe,"std::basic_streambuf<char,std::char_traits<char> >::gbump",streambuf,0x14011a5de
std::countr_zero,0.0,0.0,0.0,0.0,0.0,0.0,0.0,0.0,0.0,0.0,0.0,0.0,1100033,400012,0,frankycpp_v1.8.exe,std::countr_zero,bit,0x1402635ea
std::countr_zero,0.0,0.0,0.0,0.0,0.0,0.0,0.0,0.0,0.0,,,,1500045,1100033,0,frankycpp_v1.8.exe,std::countr_zero,bit,0x140263393
std::equal_to<unsigned __int64>::operator(),0.0,0.0,0.0,0.0,0.0,0.0,0.0,0.0,0.0,0.0,0.0,0.0,1100033,0,0,frankycpp_v1.8.exe,std::equal_to<unsigned __int64>::operator(),xutility,0x140288574
std::exchange,0.0,0.0,0.0,0.0,0.0,0.0,0.0,0.0,0.0,0.0,0.0,0.0,1100033,0,0,frankycpp_v1.8.exe,std::exchange,utility,0x140288631
std::ios_base::clear,0.0,0.0,0.0,0.0,0.0,0.0,0.0,0.0,0.0,0.0,0.0,0.0,0,1100033,0,msvcp140.dll,"std::ios_base::clear(int,bool)",[Unknown],0x180006de0
std::locale::facet::_Decref,0.0,0.0,0.0,0.0,0.0,0.0,0.0,0.0,0.0,0.0,0.0,0.0,2200066,0,0,msvcp140.dll,std::locale::facet::_Decref(void),[Unknown],0x180005a00
std::max,0.0,0.0,0.0,0.0,0.0,0.0,0.0,,0.0,,,,3800114,800024,0,frankycpp_v1.8.exe,std::max,utility,0x14021f55c
"std::num_put<char,class std::ostreambuf_iterator<char,struct std::char_traits<char> > >::_Iput",0.0,0.0,0.0,0.0,0.0,0.0,0.0,0.0,0.0,0.0,0.0,0.0,1100033,0,0,msvcp140.dll,"std::num_put<char,class std::ostreambuf_iterator<char,struct std::char_traits<char> > >::_Iput(class std::ostreambuf_iterator<char,struct std::char_traits<char> >,class std::ios_base & __ptr64,char,char * __ptr64,unsigned __int64)",[Unknown],0x18000e7c0
std::operator<<<struct std::char_traits<char> >,0.0,0.0,0.0,0.0,0.0,0.0,0.0,0.0,0.0,0.0,0.0,0.0,1100033,0,0,frankycpp_v1.8.exe,"std::operator<<<struct std::char_traits<char> >(class std::basic_ostream<char,struct std::char_traits<char> > &,char)",__msvc_ostream.hpp,0x1401a3a90
std::optional<engine::TT::Entry>::{ctor},0.0,0.0,0.0,0.0,0.0,0.0,0.0,0.0,0.0,0.0,0.0,0.0,400012,6700201,0,frankycpp_v1.8.exe,std::optional<engine::TT::Entry>::{ctor},optional,0x14026db3b
std::ranges::_Swap::_Cpo::operator(),0.0,0.0,0.0,0.0,0.0,0.0,0.0,0.0,0.0,0.0,0.0,0.0,2200066,1100033,0,frankycpp_v1.8.exe,std::ranges::_Swap::_Cpo::operator(),concepts,0x14026549e
std::ranges::_Swap::_Cpo::operator(),0.0,0.0,0.0,0.0,0.0,0.0,0.0,0.0,0.0,0.0,0.0,0.0,2200066,1100033,0,frankycpp_v1.8.exe,std::ranges::_Swap::_Cpo::operator(),concepts,0x140264812
"std::unique_ptr<tablebase::Tablebase,std::default_delete<tablebase::Tablebase> >::operator bool",0.0,0.0,0.0,0.0,0.0,0.0,0.0,,0.0,0.0,0.0,0.0,2600078,2200066,0,frankycpp_v1.8.exe,"std::unique_ptr<tablebase::Tablebase,std::default_delete<tablebase::Tablebase> >::operator bool",memory,0x14021f814
"std::vector<boost::archive::detail::basic_iarchive_impl::aobject,std::allocator<boost::archive::detail::basic_iarchive_impl::aobject> >::size",0.0,0.0,0.0,0.0,0.0,0.0,0.0,0.0,0.0,0.0,0.0,0.0,2200066,0,0,frankycpp_v1.8.exe,"std::vector<boost::archive::detail::basic_iarchive_impl::aobject,std::allocator<boost::archive::detail::basic_iarchive_impl::aobject> >::size",vector,0x1402af477
"std::vector<boost::archive::detail::basic_iarchive_impl::cobject_id,std::allocator<boost::archive::detail::basic_iarchive_impl::cobject_id> >::operator[]",0.0,0.0,0.0,0.0,0.0,0.0,0.0,0.0,0.0,0.0,0.0,0.0,2200066,0,0,frankycpp_v1.8.exe,"std::vector<boost::archive::detail::basic_iarchive_impl::cobject_id,std::allocator<boost::archive::detail::basic_iarchive_impl::cobject_id> >::operator[]",vector,0x1402afd7c
"std::vector<chess::Move,std::allocator<chess::Move> >::reserve",0.0,0.0,0.0,0.0,0.0,0.0,0.0,0.0,0.0,0.0,0.0,0.0,1100033,2200066,0,frankycpp_v1.8.exe,"std::vector<chess::Move,std::allocator<chess::Move> >::reserve",vector,0x14029078f
"std::vector<class chess::Move,class std::allocator<class chess::Move> >::~vector<class chess::Move,class std::allocator<class chess::Move> >",0.0,0.0,0.0,0.0,0.0,0.0,0.0,0.0,0.0,0.0,0.0,0.0,0,4400132,0,frankycpp_v1.8.exe,"std::vector<class chess::Move,class std::allocator<class chess::Move> >::~vector<class chess::Move,class std::allocator<class chess::Move> >(void)",vector,0x140233430
"std::vector<unsigned __int64,class std::allocator<unsigned __int64> >::_Change_array",0.0,0.0,0.0,0.0,0.0,0.0,0.0,0.0,0.0,0.0,0.0,0.0,0,1100033,0,frankycpp_v1.8.exe,"std::vector<unsigned __int64,class std::allocator<unsigned __int64> >::_Change_array(unsigned __int64 * const,unsigned __int64,unsigned __int64)",vector,0x140280b00
"std::vector<unsigned __int64,class std::allocator<unsigned __int64> >::~vector<unsigned __int64,class std::allocator<unsigned __int64> >",0.0,0.0,0.0,0.0,0.0,0.0,0.0,0.0,0.0,0.0,0.0,0.0,2200066,0,0,frankycpp_v1.8.exe,"std::vector<unsigned __int64,class std::allocator<unsigned __int64> >::~vector<unsigned __int64,class std::allocator<unsigned __int64> >(void)",vector,0x1402333c0
type_info::before,0.0,0.0,0.0,0.0,0.0,0.0,0.0,0.0,0.0,0.0,0.0,0.0,3300099,2200066,0,frankycpp_v1.8.exe,type_info::before,vcruntime_typeinfo.h,0x1402b9840
