Function,CPU Time,CPU Time:Effective Time,CPU Time:Spin Time,CPU Time:Overhead Time,Instructions Retired,Microarchitecture Usage(%),Microarchitecture Usage:Microarchitecture Usage(%),Microarchitecture Usage:CPI Rate,Module,Function (Full),Source File,Start Address
TT::put,24.319380,24.319380,0.0,0.0,20641540000,3.1,3.1,6.263349,frankycpp_v1.4.exe,"TT::put(unsigned __int64,enum Depth,class Move,class Value,enum ValueType,class Value)",TT.cpp,0x140246cb0
TT::probe,22.760484,22.760484,0.0,0.0,13399630000,2.3,2.3,9.096334,frankycpp_v1.4.exe,TT::probe(unsigned __int64 const &),TT.cpp,0x140246e30
"std::_Atomic_storage<unsigned __int64,8>::load",10.877275,10.877275,0.0,0.0,7619280000,2.4,2.4,7.596698,frankycpp_v1.4.exe,"std::_Atomic_storage<unsigned __int64,8>::load",atomic,0x140246e4d
TT::prefetch,10.770283,10.770283,0.0,0.0,14585650000,4.8,4.8,3.923819,frankycpp_v1.4.exe,TT::prefetch,TT.h,0x14020a501
TT::prefetch,9.640358,9.640358,0.0,0.0,13938730000,4.9,4.9,3.773958,frankycpp_v1.4.exe,TT::prefetch,TT.h,0x1402098f9
Search::stopConditions,6.557563,6.557563,0.0,0.0,22914745000,13.2,13.2,1.520063,frankycpp_v1.4.exe,Search::stopConditions(void),Search.cpp,0x14020cb70
Attacks::`anonymous namespace'::sliderLookup,6.259583,6.259583,0.0,0.0,87684615000,44.3,44.3,0.392117,frankycpp_v1.4.exe,"Attacks::`anonymous namespace'::sliderLookup(const PieceType, const class Square, const class Bitboard)",attacks.cpp,0x140166d80
"std::_Atomic_storage<unsigned __int64,8>::load",5.239651,5.239651,0.0,0.0,128785000,0.6,0.6,213.720930,frankycpp_v1.4.exe,"std::_Atomic_storage<unsigned __int64,8>::load",atomic,0x140246cd3
Attacks::attacks,4.504700,4.504700,0.0,0.0,63158560000,45.9,45.9,0.367602,frankycpp_v1.4.exe,"Attacks::attacks(enum PieceType,class Square,class Bitboard)",attacks.cpp,0x140166de0
Position::doMove,2.794814,2.794814,0.0,0.0,14465850000,16.4,16.4,1.042857,frankycpp_v1.4.exe,Position::doMove(class Move),Position.cpp,0x140238a60
Search::search,2.466836,2.466836,0.0,0.0,26116400000,32.4,32.4,0.500115,frankycpp_v1.4.exe,"Search::search(class Position &,enum Depth,enum Depth,class Value,class Value,enum Search::NodeType,enum Search::Do_Null)",Search.cpp,0x140208620
TT::clear::__l2::<lambda_1>::operator(),2.179855,2.179855,0.0,0.0,3498160000,8.0,8.0,2.938356,frankycpp_v1.4.exe,TT::clear::__l2::<lambda_1>::operator(),TT.cpp,0x140247abc
Search::qsearch,2.177855,2.177855,0.0,0.0,15618925000,23.3,23.3,0.750911,frankycpp_v1.4.exe,"Search::qsearch(class Position &,enum Depth,class Value,class Value,enum Search::NodeType)",Search.cpp,0x140209f80
Evaluator::pieceEval,2.054863,2.054863,0.0,0.0,18604940000,26.5,26.5,0.588377,frankycpp_v1.4.exe,"Evaluator::pieceEval(class Position const &,struct Score &,class Color,enum PieceType)",Evaluator.cpp,0x140245620
MoveGenerator::getNextPseudoLegalMove,1.863876,1.863876,0.0,0.0,17658520000,31.7,31.7,0.574796,frankycpp_v1.4.exe,"MoveGenerator::getNextPseudoLegalMove(class Position const &,enum GenMode,bool)",MoveGenerator.cpp,0x14023dfb0
MoveGenerator::updateSortValues,1.681888,1.681888,0.0,0.0,18524075000,33.9,33.9,0.478254,frankycpp_v1.4.exe,"MoveGenerator::updateSortValues(class Position const &,class StaticMoveList<256> *)",MoveGenerator.cpp,0x14023fdf0
MoveGenerator::fillOnDemandMoveList,1.590894,1.590894,0.0,0.0,15502120000,30.0,30.0,0.545595,frankycpp_v1.4.exe,"MoveGenerator::fillOnDemandMoveList(class Position const &,enum GenMode,bool)",MoveGenerator.cpp,0x14023f990
MoveGenerator::generateMoves,1.480901,1.480901,0.0,0.0,15082820000,31.6,31.6,0.520651,frankycpp_v1.4.exe,"MoveGenerator::generateMoves(class Position const &,class StaticMoveList<256> *,enum GenMode,bool,class Bitboard)",MoveGenerator.cpp,0x140240a50
Search::thread,1.455903,1.455903,0.0,0.0,227620000,0.8,0.8,35.276316,frankycpp_v1.4.exe,Search::thread,Search.h,0x14020a513
Position::removePiece,1.393907,1.393907,0.0,0.0,9985330000,22.4,22.4,0.756149,frankycpp_v1.4.exe,Position::removePiece(class Square),Position.cpp,0x14023a800
MoveGenerator::generatePawnMoves,1.382908,1.382908,0.0,0.0,8898145000,19.5,19.5,0.805453,frankycpp_v1.4.exe,"MoveGenerator::generatePawnMoves(class Position const &,class StaticMoveList<256> *,enum GenMode,bool,class Bitboard)",MoveGenerator.cpp,0x140240020
Position::givesCheck,1.332911,1.332911,0.0,0.0,18434225000,41.2,41.2,0.377742,frankycpp_v1.4.exe,Position::givesCheck(class Move),Position.cpp,0x1402395f0
Search::thread,1.325912,1.325912,0.0,0.0,185690000,1.0,1.0,35.677419,frankycpp_v1.4.exe,Search::thread,Search.h,0x14020990f
Position::putPiece,1.109926,1.109926,0.0,0.0,8691490000,28.8,28.8,0.611303,frankycpp_v1.4.exe,"Position::putPiece(enum Piece,class Square)",Position.cpp,0x14023a6f0
"std::ranges::_Insertion_sort_common<Move *,moveValueGreaterComparator,std::identity>",1.102927,1.102927,0.0,0.0,10871850000,28.3,28.3,0.584848,frankycpp_v1.4.exe,"std::ranges::_Insertion_sort_common<Move *,moveValueGreaterComparator,std::identity>(class Move *, class Move *, struct moveValueGreaterComparator, struct std::identity)",algorithm,0x140218b90
Evaluator::evaluate,1.019932,1.019932,0.0,0.0,13285820000,38.4,38.4,0.393147,frankycpp_v1.4.exe,Evaluator::evaluate(class Position const &),Evaluator.cpp,0x140244ee0
Evaluator::kingEval,0.984934,0.984934,0.0,0.0,17412930000,46.0,46.0,0.334881,frankycpp_v1.4.exe,"Evaluator::kingEval(class Position const &,struct Score &,class Color)",Evaluator.cpp,0x140245e70
See::see,0.937938,0.937938,0.0,0.0,9697810000,34.2,34.2,0.538295,frankycpp_v1.4.exe,"See::see(class Position const &,class Move)",See.cpp,0x140277340
Evaluator::rookEval,0.857943,0.857943,0.0,0.0,11677505000,43.1,43.1,0.381893,frankycpp_v1.4.exe,Evaluator::rookEval,Evaluator.cpp,0x1402457c8
Position::isAttacked,0.749950,0.749950,0.0,0.0,8790325000,43.0,43.0,0.414310,frankycpp_v1.4.exe,"Position::isAttacked(class Square,class Color)",Position.cpp,0x1402392c0
std::_Checked_x86_x64_countr_zero<unsigned __int64>,0.712953,0.712953,0.0,0.0,10787990000,45.8,45.8,0.358134,frankycpp_v1.4.exe,std::_Checked_x86_x64_countr_zero<unsigned __int64>(unsigned __int64),__msvc_bit_utils.hpp,0x140241750
Evaluator::bishopEval,0.631958,0.631958,0.0,0.0,6762710000,33.4,33.4,0.475642,frankycpp_v1.4.exe,Evaluator::bishopEval,Evaluator.cpp,0x140245918
PawnTT::clear::__l2::<lambda_1>::operator(),0.584961,0.584961,0.0,0.0,631945000,4.2,4.2,4.213270,frankycpp_v1.4.exe,PawnTT::clear::__l2::<lambda_1>::operator(),PawnTT.cpp,0x140244137
"std::_Atomic_address_as<__int64,std::_Atomic_padded<unsigned __int64> >",0.555963,0.555963,0.0,0.0,2515800000,19.5,19.5,1.032143,frankycpp_v1.4.exe,"std::_Atomic_address_as<__int64,std::_Atomic_padded<unsigned __int64> >",xatomic.h,0x140244d20
Position::undoMove,0.471969,0.471969,0.0,0.0,2710475000,25.1,25.1,0.912707,frankycpp_v1.4.exe,Position::undoMove(void),Position.cpp,0x140238f40
Evaluator::queenEval,0.405973,0.405973,0.0,0.0,7882840000,53.0,53.0,0.288754,frankycpp_v1.4.exe,Evaluator::queenEval,Evaluator.cpp,0x1402456a8
Position::wasLegalMove,0.405973,0.405973,0.0,0.0,6244575000,55.0,55.0,0.336691,frankycpp_v1.4.exe,Position::wasLegalMove(void),Position.cpp,0x1402397b0
std::_Checked_popcount<unsigned __int64>,0.397973,0.397973,0.0,0.0,5984010000,38.4,38.4,0.383383,frankycpp_v1.4.exe,std::_Checked_popcount<unsigned __int64>(unsigned __int64),__msvc_bit_utils.hpp,0x14021e370
Move::encode,0.310979,0.310979,0.0,0.0,3570040000,33.8,33.8,0.508389,frankycpp_v1.4.exe,Move::encode,move.h,0x140240ba5
Bitboard::shifted,0.300980,0.300980,0.0,0.0,4711135000,49.5,49.5,0.298792,frankycpp_v1.4.exe,Bitboard::shifted,bitboard.h,0x14024011d
See::attacksTo,0.300980,0.300980,0.0,0.0,4938755000,49.5,49.5,0.328078,frankycpp_v1.4.exe,"See::attacksTo(class Position const &,class Square,class Color)",See.cpp,0x1402776b0
std::popcount,0.296980,0.296980,0.0,0.0,2105485000,23.2,23.2,0.687055,frankycpp_v1.4.exe,std::popcount,bit,0x14024595b
moveValueGreaterComparator::operator(),0.293980,0.293980,0.0,0.0,3791670000,32.3,32.3,0.462875,frankycpp_v1.4.exe,moveValueGreaterComparator::operator(),move.h,0x140218bb0
MoveGenerator::generateKingMoves,0.282981,0.282981,0.0,0.0,3135765000,43.9,43.9,0.446991,frankycpp_v1.4.exe,"MoveGenerator::generateKingMoves(class Position const &,class StaticMoveList<256> *,enum GenMode,bool)",MoveGenerator.cpp,0x140240d10
Position::movePiece,0.271982,0.271982,0.0,0.0,2072540000,20.4,20.4,0.708092,frankycpp_v1.4.exe,"Position::movePiece(class Square,class Square)",Position.cpp,0x14023a6c0
"std::array<int,64>::operator[]",0.268982,0.268982,0.0,0.0,4004315000,37.8,37.8,0.373224,frankycpp_v1.4.exe,"std::array<int,64>::operator[]",array,0x14023feb7
"std::_Atomic_storage<unsigned __int64,8>::load",0.259983,0.259983,0.0,0.0,1317800000,16.9,16.9,1.050000,frankycpp_v1.4.exe,"std::_Atomic_storage<unsigned __int64,8>::load",atomic,0x14024527f
Search::storeTt,0.248983,0.248983,0.0,0.0,2048580000,30.9,30.9,0.608187,frankycpp_v1.4.exe,"Search::storeTt(class Position const &,enum Depth,enum Depth,class Move,class Value,enum ValueType,class Value)",Search.cpp,0x14020a940
Search::sendSearchUpdateToUci,0.247983,0.247983,0.0,0.0,32945000,1.0,1.0,39.818182,frankycpp_v1.4.exe,Search::sendSearchUpdateToUci(void),Search.cpp,0x140210a80
Position::hasCheck,0.244984,0.244984,0.0,0.0,727785000,10.3,10.3,1.716049,frankycpp_v1.4.exe,Position::hasCheck(void),Position.cpp,0x1402395a0
std::countr_zero,0.244984,0.244984,0.0,0.0,1081195000,11.2,11.2,1.290859,frankycpp_v1.4.exe,std::countr_zero,bit,0x140245910
Bitboard::operator bool,0.235984,0.235984,0.0,0.0,3087845000,43.2,43.2,0.337536,frankycpp_v1.4.exe,Bitboard::operator bool,bitboard.h,0x140240b44
Bitboard::operator^=,0.235984,0.235984,0.0,0.0,2761390000,34.0,34.0,0.515184,frankycpp_v1.4.exe,Bitboard::operator^=,bitboard.h,0x14023a855
func@0x1400e0a60,0.221985,0.221985,0.0,0.0,26955000,0.3,0.3,45.333333,nvlddmkm.sys,func@0x1400e0a60,[Unknown],0x1400e0a60
Position::getPieceBb,0.210986,0.210986,0.0,0.0,1326785000,19.0,19.0,0.801354,frankycpp_v1.4.exe,Position::getPieceBb,Position.h,0x140240051
See::revealedAttacks,0.209986,0.209986,0.0,0.0,3210640000,56.5,56.5,0.332090,frankycpp_v1.4.exe,"See::revealedAttacks(class Position const &,class Square,class Bitboard,class Color)",See.cpp,0x140277800
Position::getPieceBb,0.205986,0.205986,0.0,0.0,3402320000,56.7,56.7,0.358275,frankycpp_v1.4.exe,Position::getPieceBb,Position.h,0x140245632
std::popcount,0.202986,0.202986,0.0,0.0,2333105000,36.2,36.2,0.426187,frankycpp_v1.4.exe,std::popcount,bit,0x140245811
Evaluator::knightEval,0.199987,0.199987,0.0,0.0,4582350000,76.2,76.2,0.200000,frankycpp_v1.4.exe,Evaluator::knightEval,Evaluator.cpp,0x1402459d0
Move::operator==,0.190987,0.190987,0.0,0.0,2458895000,41.8,41.8,0.393423,frankycpp_v1.4.exe,Move::operator==,PVTable.h,0x14023ff26
"std::array<unsigned __int64,64>::operator[]",0.184988,0.184988,0.0,0.0,2090510000,36.0,36.0,0.464183,frankycpp_v1.4.exe,"std::array<unsigned __int64,64>::operator[]",array,0x14023a842
Evaluator::pawnEval,0.181988,0.181988,0.0,0.0,2060560000,46.7,46.7,0.466570,frankycpp_v1.4.exe,"Evaluator::pawnEval(class Position const &,struct Score &)",Evaluator.cpp,0x140245220
std::_Unchecked_popcount<unsigned __int64>,0.178988,0.178988,0.0,0.0,2398995000,43.0,43.0,0.395755,frankycpp_v1.4.exe,std::_Unchecked_popcount<unsigned __int64>(unsigned __int64),__msvc_bit_utils.hpp,0x14021e360
std::countr_zero,0.178988,0.178988,0.0,0.0,1467550000,25.4,25.4,0.597959,frankycpp_v1.4.exe,std::countr_zero,bit,0x140240af2
Square::{ctor},0.177988,0.177988,0.0,0.0,2527780000,45.4,45.4,0.354265,frankycpp_v1.4.exe,Square::{ctor},square.h,0x140239625
Search::goodCapture,0.176988,0.176988,0.0,0.0,1820960000,31.9,31.9,0.473684,frankycpp_v1.4.exe,"Search::goodCapture(class Position const &,class Move,bool)",Search.cpp,0x14020a800
Value::{ctor},0.176988,0.176988,0.0,0.0,1078200000,19.2,19.2,0.877778,frankycpp_v1.4.exe,Value::{ctor},value.h,0x1402778a0
_security_check_cookie,0.173988,0.173988,0.0,0.0,1350745000,25.8,25.8,0.654102,frankycpp_v1.4.exe,_security_check_cookie,amdsecgs.asm,0x1405edc90
std::atomic<bool>::operator bool,0.172988,0.172988,0.0,0.0,1722125000,33.4,33.4,0.532174,frankycpp_v1.4.exe,std::atomic<bool>::operator bool,atomic,0x14020cb74
Bitboard::operator bool,0.164989,0.164989,0.0,0.0,679865000,12.3,12.3,1.246696,frankycpp_v1.4.exe,Bitboard::operator bool,bitboard.h,0x1402459ae
Position::getEndPosValue,0.161989,0.161989,0.0,0.0,637935000,18.5,18.5,0.990610,frankycpp_v1.4.exe,Position::getEndPosValue,Position.h,0x140244f7f
Bitboard::shifted,0.159989,0.159989,0.0,0.0,1344755000,32.9,32.9,0.541203,frankycpp_v1.4.exe,Bitboard::shifted(class Direction),bitboard.h,0x140241530
"std::array<Bitboard,64>::operator[]",0.159989,0.159989,0.0,0.0,2587680000,41.7,41.7,0.343750,frankycpp_v1.4.exe,"std::array<Bitboard,64>::operator[]",array,0x140166e70
_chkstk,0.154990,0.154990,0.0,0.0,1407650000,38.8,38.8,0.538298,frankycpp_v1.4.exe,_chkstk,chkstk.asm,0x1405ee9e0
Position::checkRepetitions,0.150990,0.150990,0.0,0.0,41930000,1.1,1.1,18.428571,frankycpp_v1.4.exe,Position::checkRepetitions(int),Position.cpp,0x1402399b0
operator+=,0.150990,0.150990,0.0,0.0,808650000,19.8,19.8,0.985185,frankycpp_v1.4.exe,operator+=,value.h,0x140245902
std::ranges::_Insertion_sort_common,0.150990,0.150990,0.0,0.0,1272875000,21.4,21.4,0.656471,frankycpp_v1.4.exe,std::ranges::_Insertion_sort_common,algorithm,0x14021ab6a
Bitboard::operator|=,0.149990,0.149990,0.0,0.0,1299830000,32.3,32.3,0.654378,frankycpp_v1.4.exe,Bitboard::operator|=,bitboard.h,0x14023a742
typeOf,0.148990,0.148990,0.0,0.0,1272875000,27.7,27.7,0.571765,frankycpp_v1.4.exe,typeOf,piece.h,0x14023a824
Move::encode,0.141991,0.141991,0.0,0.0,1431610000,30.3,30.3,0.569038,frankycpp_v1.4.exe,Move::encode,move.h,0x140240c7d
"std::_Atomic_storage<unsigned __int64,8>::store",0.138991,0.138991,0.0,0.0,554075000,13.8,13.8,1.454054,frankycpp_v1.4.exe,"std::_Atomic_storage<unsigned __int64,8>::store",atomic,0x140244137
operator*,0.136991,0.136991,0.0,0.0,2647580000,56.4,56.4,0.254525,frankycpp_v1.4.exe,operator*,value.h,0x140245145
StaticMoveList<256>::push_back,0.135991,0.135991,0.0,0.0,1386685000,29.2,29.2,0.568035,frankycpp_v1.4.exe,StaticMoveList<256>::push_back,staticmovelist.h,0x140240c86
[ntoskrnl.exe],0.133991,0.133991,0.0,0.0,272545000,11.6,11.6,2.395604,ntoskrnl.exe,[ntoskrnl.exe],[Unknown],0x0
std::_Countr_zero_tzcnt<unsigned __int64>,0.132991,0.132991,0.0,0.0,1123125000,40.3,40.3,0.549333,frankycpp_v1.4.exe,std::_Countr_zero_tzcnt<unsigned __int64>(unsigned __int64),__msvc_bit_utils.hpp,0x140241740
makePiece,0.131991,0.131991,0.0,0.0,2737430000,51.8,51.8,0.284464,frankycpp_v1.4.exe,makePiece,piece.h,0x140245ef9
operator&,0.130991,0.130991,0.0,0.0,1961725000,42.4,42.4,0.354198,frankycpp_v1.4.exe,operator&,bitboard.h,0x1402095aa
operator<,0.126992,0.126992,0.0,0.0,2276200000,50.2,50.2,0.317105,frankycpp_v1.4.exe,operator<,rank.h,0x140245ee1
See::getLeastValuablePiece,0.122992,0.122992,0.0,0.0,2009645000,60.9,60.9,0.327869,frankycpp_v1.4.exe,"See::getLeastValuablePiece(class Position const &,class Bitboard,class Color)",See.cpp,0x140277630
"std::_Atomic_address_as<char,struct std::_Atomic_padded<bool> >",0.121992,0.121992,0.0,0.0,1159065000,28.7,28.7,0.490956,frankycpp_v1.4.exe,"std::_Atomic_address_as<char,struct std::_Atomic_padded<bool> >(struct std::_Atomic_padded<bool> const &)",xatomic.h,0x14015c7e0
Position::attacksTo,0.120992,0.120992,0.0,0.0,1488515000,35.3,35.3,0.458753,frankycpp_v1.4.exe,"Position::attacksTo(class Square,class Color)",Position.cpp,0x140239450
"std::array<HistoryState,512>::operator[]",0.111993,0.111993,0.0,0.0,254575000,7.4,7.4,2.470588,frankycpp_v1.4.exe,"std::array<HistoryState,512>::operator[]",array,0x140238ad8
PawnTT::prefetch,0.110993,0.110993,0.0,0.0,35940000,1.8,1.8,17.500000,frankycpp_v1.4.exe,PawnTT::prefetch,PawnTT.h,0x14020a52e
std::atomic<bool>::operator bool,0.109993,0.109993,0.0,0.0,646920000,18.0,18.0,0.763889,frankycpp_v1.4.exe,std::atomic<bool>::operator bool,atomic,0x14020cbdb
Value::operator int,0.106993,0.106993,0.0,0.0,853575000,20.7,20.7,0.736842,frankycpp_v1.4.exe,Value::operator int,value.h,0x14023a8d9
Position::getLastMove,0.103993,0.103993,0.0,0.0,1380695000,40.8,40.8,0.396963,frankycpp_v1.4.exe,Position::getLastMove,Position.h,0x14023fef0
"std::array<Value,25>::operator[]",0.099993,0.099993,0.0,0.0,1434605000,37.8,37.8,0.419624,frankycpp_v1.4.exe,"std::array<Value,25>::operator[]",array,0x140240b99
"std::unique_ptr<TT::Entry [0],std::default_delete<TT::Entry [0]> >::operator[]",0.098993,0.098993,0.0,0.0,26955000,1.2,1.2,17.888889,frankycpp_v1.4.exe,"std::unique_ptr<TT::Entry [0],std::default_delete<TT::Entry [0]> >::operator[]",memory,0x140246e45
StaticMoveList<256>::push_back,0.094994,0.094994,0.0,0.0,913475000,30.8,30.8,0.508197,frankycpp_v1.4.exe,StaticMoveList<256>::push_back,staticmovelist.h,0x140240bca
operator*,0.094994,0.094994,0.0,0.0,1877865000,41.2,41.2,0.277512,frankycpp_v1.4.exe,operator*,value.h,0x14024513d
Value::operator int,0.093994,0.093994,0.0,0.0,575040000,28.4,28.4,0.687500,frankycpp_v1.4.exe,Value::operator int,value.h,0x14023a7d6
operator<,0.092994,0.092994,0.0,0.0,1811975000,53.1,53.1,0.280992,frankycpp_v1.4.exe,operator<,value.h,0x1402774d8
PawnTT::getHash,0.091994,0.091994,0.0,0.0,976370000,31.1,31.1,0.500000,frankycpp_v1.4.exe,PawnTT::getHash,PawnTT.h,0x140245261
Position::getPiece,0.090994,0.090994,0.0,0.0,1755070000,43.9,43.9,0.284983,frankycpp_v1.4.exe,Position::getPiece,Position.h,0x140245ef2
Color::sign,0.089994,0.089994,0.0,0.0,1021295000,31.6,31.6,0.445748,frankycpp_v1.4.exe,Color::sign,color.h,0x1402401d8
Search::checkDrawRepAnd50,0.085994,0.085994,0.0,0.0,17970000,0.7,0.7,25.000000,frankycpp_v1.4.exe,"Search::checkDrawRepAnd50(class Position const &,int)",Search.cpp,0x14020cbf0
operator+=,0.084994,0.084994,0.0,0.0,533110000,,,0.808989,frankycpp_v1.4.exe,operator+=,value.h,0x1402458fa
"std::_Atomic_address_as<__int64,std::_Atomic_padded<unsigned __int64> >",0.084994,0.084994,0.0,0.0,563060000,20.4,20.4,0.712766,frankycpp_v1.4.exe,"std::_Atomic_address_as<__int64,std::_Atomic_padded<unsigned __int64> >",xatomic.h,0x140244e30
Value::operator int,0.083994,0.083994,0.0,0.0,709815000,28.0,28.0,0.556962,frankycpp_v1.4.exe,Value::operator int,value.h,0x14023a7c6
std::ranges::_Stable_sort_fn::operator(),0.080995,0.080995,0.0,0.0,673875000,30.7,30.7,0.662222,frankycpp_v1.4.exe,std::ranges::_Stable_sort_fn::operator(),algorithm,0x14023fcb7
Value::operator int,0.079995,0.079995,0.0,0.0,548085000,15.2,15.2,0.956284,frankycpp_v1.4.exe,Value::operator int,value.h,0x14023a8c6
MoveGenerator::resetOnDemand,0.078995,0.078995,0.0,0.0,506155000,26.9,26.9,0.952663,frankycpp_v1.4.exe,MoveGenerator::resetOnDemand,MoveGenerator.h,0x14020a2e1
typeOf,0.078995,0.078995,0.0,0.0,1215970000,41.9,41.9,0.391626,frankycpp_v1.4.exe,typeOf,piece.h,0x140240bae
operator++,0.077995,0.077995,0.0,0.0,964390000,37.2,37.2,0.518634,frankycpp_v1.4.exe,operator++,piecetype.h,0x140240cd9
Move::from,0.072995,0.072995,0.0,0.0,461230000,26.1,26.1,0.584416,frankycpp_v1.4.exe,Move::from,move.h,0x1402092ec
operator+,0.072995,0.072995,0.0,0.0,1509480000,52.1,52.1,0.291667,frankycpp_v1.4.exe,operator+,value.h,0x140245169
operator+=,0.071995,0.071995,0.0,0.0,874540000,47.7,47.7,0.393836,frankycpp_v1.4.exe,operator+=,value.h,0x14024598e
Move::stripped,0.070995,0.070995,0.0,0.0,982360000,36.3,36.3,0.371951,frankycpp_v1.4.exe,Move::stripped,move.h,0x14023fe40
Move::type,0.070995,0.070995,0.0,0.0,407320000,,,1.095588,frankycpp_v1.4.exe,Move::type,move.h,0x14027735d
Position::getPieceBb,0.069995,0.069995,0.0,0.0,793675000,31.2,31.2,0.430189,frankycpp_v1.4.exe,Position::getPieceBb,Position.h,0x140240ac0
"std::array<Move,64>::operator[]",0.067995,0.067995,0.0,0.0,1362725000,42.8,42.8,0.336264,frankycpp_v1.4.exe,"std::array<Move,64>::operator[]",array,0x14023ff24
operator+=,0.066996,0.066996,0.0,0.0,1084190000,38.9,38.9,0.314917,frankycpp_v1.4.exe,operator+=,value.h,0x1402458b2
Attacks::detail::Magic::index,0.064996,0.064996,0.0,0.0,458235000,42.2,42.2,0.542484,frankycpp_v1.4.exe,Attacks::detail::Magic::index,attacks.h,0x140166db5
Bitboard::operator|=,0.064996,0.064996,0.0,0.0,640930000,34.0,34.0,0.448598,frankycpp_v1.4.exe,Bitboard::operator|=,bitboard.h,0x14023a736
Position::getNextPlayer,0.064996,0.064996,0.0,0.0,299500000,16.6,16.6,1.170000,frankycpp_v1.4.exe,Position::getNextPlayer,Position.h,0x140240d2e
colorOf,0.063996,0.063996,0.0,0.0,434275000,23.0,23.0,0.710345,frankycpp_v1.4.exe,colorOf,piece.h,0x14023a702
operator-,0.063996,0.063996,0.0,0.0,958400000,44.0,44.0,0.375000,frankycpp_v1.4.exe,operator-,depth.h,0x140209309
Move::operator==,0.060996,0.060996,0.0,0.0,1150080000,47.8,47.8,0.281250,frankycpp_v1.4.exe,Move::operator==,PVTable.h,0x1402092dc
operator&,0.060996,0.060996,0.0,0.0,877535000,51.1,51.1,0.320819,frankycpp_v1.4.exe,operator&,bitboard.h,0x14023970a
"std::array<Bitboard,64>::operator[]",0.058996,0.058996,0.0,0.0,625955000,24.5,24.5,0.550239,frankycpp_v1.4.exe,"std::array<Bitboard,64>::operator[]",array,0x1402392df
Bitboard::operator bool,0.057996,0.057996,0.0,0.0,1096170000,43.3,43.3,0.357923,frankycpp_v1.4.exe,Bitboard::operator bool,bitboard.h,0x140240ad5
Position::checkInsufficientMaterial,0.057996,0.057996,0.0,0.0,817635000,21.0,21.0,0.468864,frankycpp_v1.4.exe,Position::checkInsufficientMaterial(void),Position.cpp,0x140239a80
operator<,0.057996,0.057996,0.0,0.0,1003325000,40.0,40.0,0.355224,frankycpp_v1.4.exe,operator<,file.h,0x140245ed0
operator&,0.056996,0.056996,0.0,0.0,829615000,46.7,46.7,0.389892,frankycpp_v1.4.exe,operator&,bitboard.h,0x14023930c
Bitboard::popLSB,0.055996,0.055996,0.0,0.0,754740000,40.9,40.9,0.464286,frankycpp_v1.4.exe,Bitboard::popLSB,bitboard.h,0x140240af2
Bitboard::operator^=,0.054996,0.054996,0.0,0.0,344425000,18.6,18.6,0.826087,frankycpp_v1.4.exe,Bitboard::operator^=,bitboard.h,0x14023a849
func@0x1406ace80,0.053996,0.053996,0.0,0.0,68885000,12.6,12.6,4.521739,ntoskrnl.exe,func@0x1406ace80,[Unknown],0x1406ace80
operator&,0.053996,0.053996,0.0,0.0,1347750000,65.3,65.3,0.288889,frankycpp_v1.4.exe,operator&,bitboard.h,0x1402777b7
"std::_For_each_ivdep<PawnTT::Entry *,`PawnTT::clear'::`2'::<lambda_1> >",0.053996,0.053996,0.0,0.0,89850000,5.8,5.8,3.400000,frankycpp_v1.4.exe,"std::_For_each_ivdep<PawnTT::Entry *,`PawnTT::clear'::`2'::<lambda_1> >(struct PawnTT::Entry *, struct PawnTT::Entry *, class PawnTT::clear::__l2::<lambda_1>)",execution,0x140244120
colorOf,0.051997,0.051997,0.0,0.0,389350000,32.8,32.8,0.530769,frankycpp_v1.4.exe,colorOf,piece.h,0x14023a829
operator&,0.051997,0.051997,0.0,0.0,596005000,,,0.477387,frankycpp_v1.4.exe,operator&,bitboard.h,0x14023937b
"std::array<std::array<Move,64>,64>::operator[]",0.051997,0.051997,0.0,0.0,850580000,,,0.267606,frankycpp_v1.4.exe,"std::array<std::array<Move,64>,64>::operator[]",array,0x14023ff20
Bitboard::operator bool,0.050997,0.050997,0.0,0.0,551080000,31.0,31.0,0.548913,frankycpp_v1.4.exe,Bitboard::operator bool,bitboard.h,0x140240c39
Position::getPieceBb,0.050997,0.050997,0.0,0.0,700830000,46.7,46.7,0.358974,frankycpp_v1.4.exe,Position::getPieceBb,Position.h,0x14024586e
operator&,0.050997,0.050997,0.0,0.0,619965000,36.0,36.0,0.439614,frankycpp_v1.4.exe,operator&,bitboard.h,0x14023935c
"std::_For_each_ivdep<TT::Entry *,`TT::clear'::`2'::<lambda_1> >",0.050997,0.050997,0.0,0.0,335440000,29.8,29.8,0.928571,frankycpp_v1.4.exe,"std::_For_each_ivdep<TT::Entry *,`TT::clear'::`2'::<lambda_1> >(struct TT::Entry *, struct TT::Entry *, class TT::clear::__l2::<lambda_1>)",execution,0x140247aa0
Move::to,0.048997,0.048997,0.0,0.0,491180000,,,0.426829,frankycpp_v1.4.exe,Move::to,move.h,0x1402095b5
operator&,0.048997,0.048997,0.0,0.0,691845000,51.8,51.8,0.294372,frankycpp_v1.4.exe,operator&,bitboard.h,0x140239721
"std::unique_ptr<TT::Entry [0],std::default_delete<TT::Entry [0]> >::operator[]",0.048997,0.048997,0.0,0.0,32945000,1.9,1.9,4.454545,frankycpp_v1.4.exe,"std::unique_ptr<TT::Entry [0],std::default_delete<TT::Entry [0]> >::operator[]",memory,0x140209904
moveValueGreaterComparator::operator(),0.047997,0.047997,0.0,0.0,431280000,27.8,27.8,0.562500,frankycpp_v1.4.exe,moveValueGreaterComparator::operator(),move.h,0x14021ab80
operator&,0.047997,0.047997,0.0,0.0,979365000,57.3,57.3,0.321101,frankycpp_v1.4.exe,operator&,bitboard.h,0x140239768
operator+,0.047997,0.047997,0.0,0.0,811645000,46.9,46.9,0.265683,frankycpp_v1.4.exe,operator+,value.h,0x14020a453
Move::stripped,0.046997,0.046997,0.0,0.0,167720000,22.5,22.5,0.857143,frankycpp_v1.4.exe,Move::stripped,move.h,0x14023e0e2
MoveGenerator::resetOnDemand,0.045997,0.045997,0.0,0.0,368385000,38.2,38.2,0.544715,frankycpp_v1.4.exe,MoveGenerator::resetOnDemand,MoveGenerator.h,0x140209201
Value::isCheckMate,0.044997,0.044997,0.0,0.0,652910000,41.8,41.8,0.417431,frankycpp_v1.4.exe,Value::isCheckMate,value.h,0x14020a9a4
operator+=,0.044997,0.044997,0.0,0.0,539100000,55.6,55.6,0.294444,frankycpp_v1.4.exe,operator+=,value.h,0x14024599a
operator&,0.043997,0.043997,0.0,0.0,326455000,27.5,27.5,0.871560,frankycpp_v1.4.exe,operator&,bitboard.h,0x1402401e5
operator&,0.043997,0.043997,0.0,0.0,721795000,62.8,62.8,0.290456,frankycpp_v1.4.exe,operator&,bitboard.h,0x140277853
Position::getKingSquare,0.042997,0.042997,0.0,0.0,754740000,44.6,44.6,0.313492,frankycpp_v1.4.exe,Position::getKingSquare,Position.h,0x140245eb9
Direction::operator int,0.041997,0.041997,0.0,0.0,467220000,35.4,35.4,0.467949,frankycpp_v1.4.exe,Direction::operator int,direction.h,0x140241530
MoveGenerator::getEvasionTargets,0.041997,0.041997,0.0,0.0,581030000,51.2,51.2,0.319588,frankycpp_v1.4.exe,MoveGenerator::getEvasionTargets(class Position const &),MoveGenerator.cpp,0x14023ff90
PVTable::clear,0.041997,0.041997,0.0,0.0,323460000,33.5,33.5,0.537037,frankycpp_v1.4.exe,PVTable::clear,PVTable.h,0x140209fe9
Position::clearEnPassant,0.041997,0.041997,0.0,0.0,455240000,27.9,27.9,0.546053,frankycpp_v1.4.exe,Position::clearEnPassant,Position.cpp,0x140238dfc
StaticMoveList<256>::empty,0.041997,0.041997,0.0,0.0,389350000,27.8,27.8,0.576923,frankycpp_v1.4.exe,StaticMoveList<256>::empty,staticmovelist.h,0x14023f9cd
Move::type,0.040997,0.040997,0.0,0.0,619965000,58.0,58.0,0.338164,frankycpp_v1.4.exe,Move::type,move.h,0x140209592
operator&,0.040997,0.040997,0.0,0.0,871545000,70.6,70.6,0.216495,frankycpp_v1.4.exe,operator&,bitboard.h,0x14023974f
Bitboard::operator bool,0.039997,0.039997,0.0,0.0,416305000,32.1,32.1,0.352518,frankycpp_v1.4.exe,Bitboard::operator bool,bitboard.h,0x140240661
operator&,0.039997,0.039997,0.0,0.0,928450000,74.1,74.1,0.200000,frankycpp_v1.4.exe,operator&,bitboard.h,0x14027764a
std::popcount,0.039997,0.039997,0.0,0.0,494175000,49.7,49.7,0.315152,frankycpp_v1.4.exe,std::popcount,bit,0x1402456ee
"std::unique_ptr<PawnTT::Entry [0],std::default_delete<PawnTT::Entry [0]> >::operator[]",0.039997,0.039997,0.0,0.0,140765000,10.7,10.7,1.702128,frankycpp_v1.4.exe,"std::unique_ptr<PawnTT::Entry [0],std::default_delete<PawnTT::Entry [0]> >::operator[]",memory,0x14024526d
Move::operator==,0.038997,0.038997,0.0,0.0,197670000,41.5,41.5,0.651515,frankycpp_v1.4.exe,Move::operator==,PVTable.h,0x14023fe69
Search::valueToTt,0.038997,0.038997,0.0,0.0,560065000,35.3,35.3,0.417112,frankycpp_v1.4.exe,"Search::valueToTt(class Value,enum Depth)",Search.cpp,0x14020a9a0
Value::isCheckMate,0.038997,0.038997,0.0,0.0,53910000,8.0,8.0,3.500000,frankycpp_v1.4.exe,Value::isCheckMate,value.h,0x14020a9e4
operator&,0.038997,0.038997,0.0,0.0,581030000,36.0,36.0,0.453608,frankycpp_v1.4.exe,operator&,bitboard.h,0x140239397
operator&,0.038997,0.038997,0.0,0.0,703825000,50.9,50.9,0.251064,frankycpp_v1.4.exe,operator&,bitboard.h,0x140245867
"std::unique_ptr<TT::Entry [0],std::default_delete<TT::Entry [0]> >::operator[]",0.038997,0.038997,0.0,0.0,377370000,29.9,29.9,0.507937,frankycpp_v1.4.exe,"std::unique_ptr<TT::Entry [0],std::default_delete<TT::Entry [0]> >::operator[]",memory,0x140246cc7
typeOf,0.038997,0.038997,0.0,0.0,311480000,39.2,39.2,0.432692,frankycpp_v1.4.exe,typeOf,piece.h,0x140240b93
Position::getLastMove,0.037997,0.037997,0.0,0.0,536105000,48.9,48.9,0.290503,frankycpp_v1.4.exe,Position::getLastMove,Position.h,0x14023fefb
"std::array<Value,32>::operator[]",0.037997,0.037997,0.0,0.0,536105000,47.9,47.9,0.335196,frankycpp_v1.4.exe,"std::array<Value,32>::operator[]",array,0x1402774a8
Search::thread,0.036998,0.036998,0.0,0.0,215640000,22.9,22.9,0.750000,frankycpp_v1.4.exe,Search::thread,Search.h,0x14020a2d8
StaticMoveList<256>::push_back,0.036998,0.036998,0.0,0.0,479200000,26.5,26.5,0.675000,frankycpp_v1.4.exe,StaticMoveList<256>::push_back,staticmovelist.h,0x1402403c6
operator|,0.036998,0.036998,0.0,0.0,604990000,46.2,46.2,0.381188,frankycpp_v1.4.exe,operator|,bitboard.h,0x140277747
operator~,0.036998,0.036998,0.0,0.0,545090000,53.3,53.3,0.412088,frankycpp_v1.4.exe,operator~,color.h,0x140238eab
Bitboard::{ctor},0.035998,0.035998,0.0,0.0,904490000,43.4,43.4,0.294702,frankycpp_v1.4.exe,Bitboard::{ctor},bitboard.h,0x140277867
"std::ranges::_Inplace_merge_buffer_left<Move *,moveValueGreaterComparator,std::identity>",0.035998,0.035998,0.0,0.0,236605000,13.9,13.9,0.886076,frankycpp_v1.4.exe,"std::ranges::_Inplace_merge_buffer_left<Move *,moveValueGreaterComparator,std::identity>(class Move *, class Move *, class Move *, class Move *, const __int64, struct moveValueGreaterComparator, struct std::identity)",algorithm,0x14021cc20
Search::thread,0.034998,0.034998,0.0,0.0,2995000,0.3,0.3,36.000000,frankycpp_v1.4.exe,Search::thread,Search.h,0x140210aae
operator-,0.034998,0.034998,0.0,0.0,601995000,49.0,49.0,0.313433,frankycpp_v1.4.exe,operator-,value.h,0x1402775ed
"std::array<std::array<unsigned __int64,64>,16>::operator[]",0.034998,0.034998,0.0,0.0,263560000,24.2,24.2,0.772727,frankycpp_v1.4.exe,"std::array<std::array<unsigned __int64,64>,16>::operator[]",array,0x14023a83b
"std::unique_ptr<TT::Entry [0],std::default_delete<TT::Entry [0]> >::operator[]",0.034998,0.034998,0.0,0.0,38935000,6.2,6.2,4.615385,frankycpp_v1.4.exe,"std::unique_ptr<TT::Entry [0],std::default_delete<TT::Entry [0]> >::operator[]",memory,0x14020a508
operator+,0.033998,0.033998,0.0,0.0,383360000,,,0.531250,frankycpp_v1.4.exe,operator+,direction.h,0x140240119
operator-,0.033998,0.033998,0.0,0.0,26955000,3.7,3.7,7.888889,frankycpp_v1.4.exe,operator-,value.h,0x14020a5bd
Position::isCapturingMove,0.032998,0.032998,0.0,0.0,584025000,49.3,49.3,0.338462,frankycpp_v1.4.exe,Position::isCapturingMove,Position.h,0x1402095a6
func@0x140208120,0.032998,0.032998,0.0,0.0,17970000,1.5,1.5,9.833333,ntoskrnl.exe,func@0x140208120,[Unknown],0x140208120
operator|,0.032998,0.032998,0.0,0.0,745755000,71.6,71.6,0.208835,frankycpp_v1.4.exe,operator|,bitboard.h,0x1402777ac
typeOf,0.032998,0.032998,0.0,0.0,347420000,27.0,27.0,0.508621,frankycpp_v1.4.exe,typeOf,piece.h,0x140238e31
Bitboard::operator bool,0.031998,0.031998,0.0,0.0,260565000,42.4,42.4,0.643678,frankycpp_v1.4.exe,Bitboard::operator bool,bitboard.h,0x140240e40
Search::thread,0.031998,0.031998,0.0,0.0,134775000,12.2,12.2,0.711111,frankycpp_v1.4.exe,Search::thread,Search.h,0x140208652
operator|,0.031998,0.031998,0.0,0.0,533110000,35.8,35.8,0.308989,frankycpp_v1.4.exe,operator|,bitboard.h,0x140277823
std::popcount,0.031998,0.031998,0.0,0.0,625955000,48.2,48.2,0.287081,frankycpp_v1.4.exe,std::popcount,bit,0x1402458ed
Position::getNextPlayer,0.030998,0.030998,0.0,0.0,293510000,48.9,48.9,0.459184,frankycpp_v1.4.exe,Position::getNextPlayer,Position.h,0x14023fdfe
StaticMoveList<128>::push_back,0.030998,0.030998,0.0,0.0,0,0.5,0.5,,frankycpp_v1.4.exe,StaticMoveList<128>::push_back,staticmovelist.h,0x140209920
operator|,0.030998,0.030998,0.0,0.0,425290000,57.1,57.1,0.295775,frankycpp_v1.4.exe,operator|,bitboard.h,0x140277728
operator~,0.030998,0.030998,0.0,0.0,428285000,28.1,28.1,0.468531,frankycpp_v1.4.exe,operator~,color.h,0x140240b30
"std::_Atomic_storage<unsigned __int64,8>::store",0.030998,0.030998,0.0,0.0,278535000,36.8,36.8,0.354839,frankycpp_v1.4.exe,"std::_Atomic_storage<unsigned __int64,8>::store",atomic,0x140247abc
Evaluator::prefetch,0.029998,0.029998,0.0,0.0,5990000,0.2,0.2,30.500000,frankycpp_v1.4.exe,Evaluator::prefetch,Evaluator.h,0x14020a522
Move::operator==,0.029998,0.029998,0.0,0.0,422295000,60.6,60.6,0.432624,frankycpp_v1.4.exe,Move::operator==,PVTable.h,0x14023fe88
operator+,0.029998,0.029998,0.0,0.0,326455000,51.9,51.9,0.293578,frankycpp_v1.4.exe,operator+,value.h,0x140209651
operator|,0.029998,0.029998,0.0,0.0,221630000,19.6,19.6,0.986486,frankycpp_v1.4.exe,operator|,bitboard.h,0x140166e36
operator|,0.029998,0.029998,0.0,0.0,670880000,46.6,46.6,0.272321,frankycpp_v1.4.exe,operator|,bitboard.h,0x140277836
Direction::pawnPush,0.028998,0.028998,0.0,0.0,368385000,45.2,45.2,0.536585,frankycpp_v1.4.exe,Direction::pawnPush,direction.h,0x14024034a
Position::doNullMove,0.028998,0.028998,0.0,0.0,143760000,37.9,37.9,0.750000,frankycpp_v1.4.exe,Position::doNullMove(void),Position.cpp,0x140239180
Square::pawnPush,0.028998,0.028998,0.0,0.0,185690000,18.8,18.8,0.903226,frankycpp_v1.4.exe,Square::pawnPush,square.h,0x140238e55
"std::array<int,64>::operator[]",0.028998,0.028998,0.0,0.0,56905000,,,1.736842,frankycpp_v1.4.exe,"std::array<int,64>::operator[]",array,0x140238e43
CastlingRights::operator-=,0.027998,0.027998,0.0,0.0,227620000,34.3,34.3,0.631579,frankycpp_v1.4.exe,CastlingRights::operator-=,castlingrights.h,0x140238ddf
StaticMoveList<128>::pop_back,0.027998,0.027998,0.0,0.0,71880000,12.2,12.2,1.833333,frankycpp_v1.4.exe,StaticMoveList<128>::pop_back,staticmovelist.h,0x14020a5c3
operator+=,0.027998,0.027998,0.0,0.0,401330000,29.4,29.4,0.395522,frankycpp_v1.4.exe,operator+=,value.h,0x140245f76
StaticMoveList<128>::push_back,0.026998,0.026998,0.0,0.0,0,0.2,0.2,,frankycpp_v1.4.exe,StaticMoveList<128>::push_back,staticmovelist.h,0x14020a545
"std::array<Move,128>::operator[]",0.026998,0.026998,0.0,0.0,47920000,5.6,5.6,2.687500,frankycpp_v1.4.exe,"std::array<Move,128>::operator[]",array,0x140208657
std::clamp,0.026998,0.026998,0.0,0.0,161730000,35.4,35.4,0.500000,frankycpp_v1.4.exe,std::clamp,algorithm,0x14020989a
typeOf,0.026998,0.026998,0.0,0.0,805655000,96.6,96.6,0.189591,frankycpp_v1.4.exe,typeOf,piece.h,0x140277431
Bitboard::operator~,0.025998,0.025998,0.0,0.0,191680000,39.8,39.8,0.531250,frankycpp_v1.4.exe,Bitboard::operator~,bitboard.h,0x140240332
StaticMoveList<128>::pop_back,0.025998,0.025998,0.0,0.0,167720000,17.0,17.0,0.750000,frankycpp_v1.4.exe,StaticMoveList<128>::pop_back,staticmovelist.h,0x140209b18
func@0x140250da0,0.025998,0.025998,0.0,0.0,116805000,16.1,16.1,0.871795,ntoskrnl.exe,func@0x140250da0,[Unknown],0x140250da0
"std::array<PlyInfo,128>::operator[]",0.025998,0.025998,0.0,0.0,191680000,26.1,26.1,0.562500,frankycpp_v1.4.exe,"std::array<PlyInfo,128>::operator[]",array,0x14020a2e4
"std::array<Value,25>::operator[]",0.025998,0.025998,0.0,0.0,293510000,36.2,36.2,0.459184,frankycpp_v1.4.exe,"std::array<Value,25>::operator[]",array,0x14024038a
typeOf,0.025998,0.025998,0.0,0.0,425290000,53.5,53.5,0.218310,frankycpp_v1.4.exe,typeOf,piece.h,0x14023962f
Move::encode,0.024998,0.024998,0.0,0.0,323460000,40.3,40.3,0.462963,frankycpp_v1.4.exe,Move::encode,move.h,0x1402403bd
Search::evaluate,0.024998,0.024998,0.0,0.0,395340000,41.3,41.3,0.378788,frankycpp_v1.4.exe,Search::evaluate,Search.cpp,0x14020a208
"std::array<unsigned __int64,64>::operator[]",0.024998,0.024998,0.0,0.0,293510000,27.1,27.1,0.704082,frankycpp_v1.4.exe,"std::array<unsigned __int64,64>::operator[]",array,0x14023a75a
Value::operator int,0.023998,0.023998,0.0,0.0,290515000,27.5,27.5,0.474227,frankycpp_v1.4.exe,Value::operator int,value.h,0x14023a89e
func@0x140def930,0.023998,0.023998,0.0,0.0,0,0.6,0.6,,nvlddmkm.sys,func@0x140def930,[Unknown],0x140def930
func@0x1800126c0,0.023998,0.023998,0.0,0.0,0,2.8,2.8,,vcruntime140.dll,func@0x1800126c0,[Unknown],0x1800126c0
operator*,0.023998,0.023998,0.0,0.0,643925000,51.1,51.1,0.339535,frankycpp_v1.4.exe,operator*,value.h,0x14024518a
operator-,0.023998,0.023998,0.0,0.0,326455000,31.1,31.1,0.311927,frankycpp_v1.4.exe,operator-,value.h,0x1402774a3
operator-,0.023998,0.023998,0.0,0.0,122795000,,,1.024390,frankycpp_v1.4.exe,operator-,value.h,0x14020a084
std::countr_zero,0.023998,0.023998,0.0,0.0,80865000,18.4,18.4,1.407407,frankycpp_v1.4.exe,std::countr_zero,bit,0x140240ef0
Move::setValue,0.022998,0.022998,0.0,0.0,227620000,39.7,39.7,0.460526,frankycpp_v1.4.exe,Move::setValue,move.h,0x14023ff44
StaticMoveList<256>::empty,0.022998,0.022998,0.0,0.0,218635000,27.1,27.1,0.561644,frankycpp_v1.4.exe,StaticMoveList<256>::empty,staticmovelist.h,0x14023e093
StaticMoveList<256>::push_back,0.022998,0.022998,0.0,0.0,257570000,43.6,43.6,0.500000,frankycpp_v1.4.exe,StaticMoveList<256>::push_back,staticmovelist.h,0x140240f1a
StaticMoveList<256>::push_back,0.022998,0.022998,0.0,0.0,188685000,42.0,42.0,0.523810,frankycpp_v1.4.exe,StaticMoveList<256>::push_back,staticmovelist.h,0x140240f7f
operator-,0.022998,0.022998,0.0,0.0,152745000,32.8,32.8,0.529412,frankycpp_v1.4.exe,operator-,value.h,0x1402408b1
"std::array<Value,25>::operator[]",0.022998,0.022998,0.0,0.0,245590000,37.0,37.0,0.597561,frankycpp_v1.4.exe,"std::array<Value,25>::operator[]",array,0x140240c72
"std::ranges::_Stable_sort_fn::_Buffered_merge_sort_common<Move *,moveValueGreaterComparator,std::identity>",0.022998,0.022998,0.0,0.0,158735000,28.2,28.2,0.754717,frankycpp_v1.4.exe,"std::ranges::_Stable_sort_fn::_Buffered_merge_sort_common<Move *,moveValueGreaterComparator,std::identity>(class Move *, class Move *, const __int64, class Move *, struct moveValueGreaterComparator, struct std::identity)",algorithm,0x14021aa90
Move::encode,0.021999,0.021999,0.0,0.0,134775000,33.1,33.1,0.600000,frankycpp_v1.4.exe,Move::encode,move.h,0x1402408a8
PawnTT::put,0.021999,0.021999,0.0,0.0,74875000,,,1.760000,frankycpp_v1.4.exe,"PawnTT::put(struct PawnTT::Entry *,unsigned __int64,struct Score)",PawnTT.cpp,0x1402433c0
Search::valueFromTt,0.021999,0.021999,0.0,0.0,29950000,2.9,2.9,5.500000,frankycpp_v1.4.exe,"Search::valueFromTt(class Value,enum Depth)",Search.cpp,0x14020a9e0
Value::operator int,0.021999,0.021999,0.0,0.0,359400000,54.8,54.8,0.366667,frankycpp_v1.4.exe,Value::operator int,value.h,0x14023a79e
operator&,0.021999,0.021999,0.0,0.0,554075000,59.8,59.8,0.281081,frankycpp_v1.4.exe,operator&,bitboard.h,0x140240b35
operator&,0.021999,0.021999,0.0,0.0,718800000,,,0.241667,frankycpp_v1.4.exe,operator&,bitboard.h,0x140245954
"std::unique_ptr<PawnTT::Entry [0],std::default_delete<PawnTT::Entry [0]> >::operator[]",0.021999,0.021999,0.0,0.0,2995000,0.0,0.0,30.000000,frankycpp_v1.4.exe,"std::unique_ptr<PawnTT::Entry [0],std::default_delete<PawnTT::Entry [0]> >::operator[]",memory,0x14020a536
Direction::pawnPush,0.020999,0.020999,0.0,0.0,221630000,45.9,45.9,0.500000,frankycpp_v1.4.exe,Direction::pawnPush,direction.h,0x140240620
Move::operator==,0.020999,0.020999,0.0,0.0,365390000,54.6,54.6,0.319672,frankycpp_v1.4.exe,Move::operator==,PVTable.h,0x14020a42a
func@0x140362160,0.020999,0.020999,0.0,0.0,23960000,8.2,8.2,5.250000,ntoskrnl.exe,func@0x140362160,[Unknown],0x140362160
operator&,0.020999,0.020999,0.0,0.0,578035000,,,0.279793,frankycpp_v1.4.exe,operator&,bitboard.h,0x14024580a
operator+,0.020999,0.020999,0.0,0.0,218635000,47.5,47.5,0.520548,frankycpp_v1.4.exe,operator+,depth.h,0x14020954c
operator-,0.020999,0.020999,0.0,0.0,233610000,38.5,38.5,0.602564,frankycpp_v1.4.exe,operator-,value.h,0x1402774b5
operator-,0.020999,0.020999,0.0,0.0,80865000,11.1,11.1,1.222222,frankycpp_v1.4.exe,operator-,value.h,0x1402099c8
operator|,0.020999,0.020999,0.0,0.0,467220000,48.9,48.9,0.371795,frankycpp_v1.4.exe,operator|,bitboard.h,0x14027775a
operator~,0.020999,0.020999,0.0,0.0,68885000,13.5,13.5,1.347826,frankycpp_v1.4.exe,operator~,color.h,0x140238f6c
operator~,0.020999,0.020999,0.0,0.0,338435000,48.6,48.6,0.353982,frankycpp_v1.4.exe,operator~,color.h,0x1402095a6
Bitboard::operator bool,0.019999,0.019999,0.0,0.0,185690000,30.1,30.1,0.709677,frankycpp_v1.4.exe,Bitboard::operator bool,bitboard.h,0x14024532b
Position::getNextPlayer,0.019999,0.019999,0.0,0.0,101830000,25.5,25.5,0.823529,frankycpp_v1.4.exe,Position::getNextPlayer,Position.h,0x140240043
Position::getOccupiedBb,0.019999,0.019999,0.0,0.0,95840000,12.8,12.8,0.937500,frankycpp_v1.4.exe,Position::getOccupiedBb,Position.h,0x140245945
operator&,0.019999,0.019999,0.0,0.0,299500000,100.0,100.0,0.180000,frankycpp_v1.4.exe,operator&,bitboard.h,0x140277662
operator*,0.019999,0.019999,0.0,0.0,347420000,58.5,58.5,0.318966,frankycpp_v1.4.exe,operator*,value.h,0x140244fa3
"std::array<HistoryState,512>::operator[]",0.019999,0.019999,0.0,0.0,107820000,13.0,13.0,1.388889,frankycpp_v1.4.exe,"std::array<HistoryState,512>::operator[]",array,0x140238f7a
std::countr_zero,0.019999,0.019999,0.0,0.0,92845000,30.6,30.6,1.129032,frankycpp_v1.4.exe,std::countr_zero,bit,0x1402457c0
std::max,0.019999,0.019999,0.0,0.0,446255000,,,0.295302,frankycpp_v1.4.exe,std::max,utility,0x1402774cf
KeClockInterruptNotify,0.018999,0.018999,0.0,0.0,50915000,20.7,20.7,1.705882,ntoskrnl.exe,KeClockInterruptNotify,[Unknown],0x1402e2060
Move::to,0.018999,0.018999,0.0,0.0,368385000,48.7,48.7,0.390244,frankycpp_v1.4.exe,Move::to,move.h,0x14020a81d
StaticMoveList<256>::empty,0.018999,0.018999,0.0,0.0,155740000,32.7,32.7,0.615385,frankycpp_v1.4.exe,StaticMoveList<256>::empty,staticmovelist.h,0x14023fca0
Value::isValid,0.018999,0.018999,0.0,0.0,53910000,7.7,7.7,2.222222,frankycpp_v1.4.exe,Value::isValid,value.h,0x14020a12d
func@0x1400010e0,0.018999,0.018999,0.0,0.0,0,2.7,2.7,,intelppm.sys,func@0x1400010e0,[Unknown],0x1400010e0
func@0x1402dd890,0.018999,0.018999,0.0,0.0,11980000,5.1,5.1,7.250000,ntoskrnl.exe,func@0x1402dd890,[Unknown],0x1402dd890
Bitboard::operator bool,0.017999,0.017999,0.0,0.0,323460000,41.1,41.1,0.333333,frankycpp_v1.4.exe,Bitboard::operator bool,bitboard.h,0x1402458d5
Move::from,0.017999,0.017999,0.0,0.0,98835000,15.2,15.2,1.333333,frankycpp_v1.4.exe,Move::from,move.h,0x1402390df
Position::getPieceBb,0.017999,0.017999,0.0,0.0,374375000,44.5,44.5,0.272000,frankycpp_v1.4.exe,Position::getPieceBb,Position.h,0x14027767a
Search::search::__l2::<lambda_1>::operator(),0.017999,0.017999,0.0,0.0,290515000,40.6,40.6,0.391753,frankycpp_v1.4.exe,Search::search::__l2::<lambda_1>::operator(),Search.cpp,0x140208bec
Square::{ctor},0.017999,0.017999,0.0,0.0,152745000,13.4,13.4,0.921569,frankycpp_v1.4.exe,Square::{ctor},square.h,0x140238aa5
func@0x140300e50,0.017999,0.017999,0.0,0.0,14975000,18.7,18.7,3.200000,ntoskrnl.exe,func@0x140300e50,[Unknown],0x140300e50
operator+=,0.017999,0.017999,0.0,0.0,167720000,,,0.410714,frankycpp_v1.4.exe,operator+=,value.h,0x14024512c
typeOf,0.017999,0.017999,0.0,0.0,353410000,46.7,46.7,0.288136,frankycpp_v1.4.exe,typeOf,piece.h,0x140209602
Move::operator==,0.016999,0.016999,0.0,0.0,299500000,41.3,41.3,0.400000,frankycpp_v1.4.exe,Move::operator==,PVTable.h,0x14023fe4a
Move::to,0.016999,0.016999,0.0,0.0,305490000,,,0.313725,frankycpp_v1.4.exe,Move::to,move.h,0x1402773df
func@0x1402077c0,0.016999,0.016999,0.0,0.0,23960000,8.2,8.2,3.375000,ntoskrnl.exe,func@0x1402077c0,[Unknown],0x1402077c0
func@0x1402ffdb0,0.016999,0.016999,0.0,0.0,56905000,4.2,4.2,1.526316,ntoskrnl.exe,func@0x1402ffdb0,[Unknown],0x1402ffdb0
moveValueGreaterComparator::operator(),0.016999,0.016999,0.0,0.0,92845000,31.9,31.9,0.677419,frankycpp_v1.4.exe,moveValueGreaterComparator::operator(),move.h,0x14021cc80
operator+,0.016999,0.016999,0.0,0.0,80865000,45.7,45.7,0.962963,frankycpp_v1.4.exe,operator+,value.h,0x14020a076
operator+,0.016999,0.016999,0.0,0.0,194675000,,,0.415385,frankycpp_v1.4.exe,operator+,castlingrights.h,0x140238dc4
operator+=,0.016999,0.016999,0.0,0.0,730780000,59.3,59.3,0.114754,frankycpp_v1.4.exe,operator+=,value.h,0x140245298
operator+=,0.016999,0.016999,0.0,0.0,323460000,66.5,66.5,0.222222,frankycpp_v1.4.exe,operator+=,value.h,0x140245771
operator-=,0.016999,0.016999,0.0,0.0,23960000,7.2,7.2,3.500000,frankycpp_v1.4.exe,operator-=,depth.h,0x14020981d
operator|,0.016999,0.016999,0.0,0.0,281530000,50.5,50.5,0.372340,frankycpp_v1.4.exe,operator|,bitboard.h,0x1402394f0
"std::_Hash<std::_Umap_traits<unsigned __int64,BookEntry,std::_Uhash_compare<unsigned __int64,std::hash<unsigned __int64>,std::equal_to<unsigned __int64> >,std::allocator<std::pair<unsigned __int64 const ,BookEntry> >,0> >::_Find_last",0.016999,0.016999,0.0,0.0,11980000,4.6,4.6,7.500000,frankycpp_v1.4.exe,"std::_Hash<std::_Umap_traits<unsigned __int64,BookEntry,std::_Uhash_compare<unsigned __int64,std::hash<unsigned __int64>,std::equal_to<unsigned __int64> >,std::allocator<std::pair<unsigned __int64 const ,BookEntry> >,0> >::_Find_last",xhash,0x1402617e0
"std::array<int,64>::operator[]",0.016999,0.016999,0.0,0.0,299500000,49.7,49.7,0.210000,frankycpp_v1.4.exe,"std::array<int,64>::operator[]",array,0x140245737
Bitboard::operator^=,0.015999,0.015999,0.0,0.0,458235000,78.3,78.3,0.111111,frankycpp_v1.4.exe,Bitboard::operator^=,bitboard.h,0x14027753d
Bitboard::{ctor},0.015999,0.015999,0.0,0.0,218635000,38.0,38.0,0.273973,frankycpp_v1.4.exe,Bitboard::{ctor},bitboard.h,0x140239542
Direction::pawnPush,0.015999,0.015999,0.0,0.0,95840000,17.7,17.7,1.031250,frankycpp_v1.4.exe,Direction::pawnPush,direction.h,0x1402400c4
Direction::{ctor},0.015999,0.015999,0.0,0.0,167720000,,,0.214286,frankycpp_v1.4.exe,Direction::{ctor},direction.h,0x14024064d
PVTable::clear,0.015999,0.015999,0.0,0.0,23960000,6.5,6.5,2.875000,frankycpp_v1.4.exe,PVTable::clear,PVTable.h,0x140208648
Position::getPiece,0.015999,0.015999,0.0,0.0,83860000,15.0,15.0,1.535714,frankycpp_v1.4.exe,Position::getPiece,Position.h,0x14023a80a
func@0x1400e0af0,0.015999,0.015999,0.0,0.0,5990000,2.8,2.8,8.500000,nvlddmkm.sys,func@0x1400e0af0,[Unknown],0x1400e0af0
func@0x14024ec70,0.015999,0.015999,0.0,0.0,32945000,11.3,11.3,1.181818,ntoskrnl.exe,func@0x14024ec70,[Unknown],0x14024ec70
operator&,0.015999,0.015999,0.0,0.0,269550000,55.0,55.0,0.266667,frankycpp_v1.4.exe,operator&,bitboard.h,0x14023954d
operator+,0.015999,0.015999,0.0,0.0,748750000,,,0.116000,frankycpp_v1.4.exe,operator+,value.h,0x140244fd5
operator+=,0.015999,0.015999,0.0,0.0,86855000,35.2,35.2,1.034483,frankycpp_v1.4.exe,operator+=,value.h,0x140245f89
"std::array<Bitboard,64>::operator[]",0.015999,0.015999,0.0,0.0,209650000,42.6,42.6,0.428571,frankycpp_v1.4.exe,"std::array<Bitboard,64>::operator[]",array,0x14023a720
Move::operator==,0.014999,0.014999,0.0,0.0,317470000,54.0,54.0,0.396226,frankycpp_v1.4.exe,Move::operator==,PVTable.h,0x1402093f3
Move::setValue,0.014999,0.014999,0.0,0.0,215640000,,,0.277778,frankycpp_v1.4.exe,Move::setValue,move.h,0x14023fe90
Position::getPieceBb,0.014999,0.014999,0.0,0.0,53910000,24.4,24.4,1.166667,frankycpp_v1.4.exe,Position::getPieceBb,Position.h,0x140245857
StaticMoveList<256>::end,0.014999,0.014999,0.0,0.0,158735000,,,0.358491,frankycpp_v1.4.exe,StaticMoveList<256>::end,staticmovelist.h,0x14023fcb7
func@0x1402e23fd,0.014999,0.014999,0.0,0.0,44925000,12.7,12.7,3.666667,ntoskrnl.exe,func@0x1402e23fd,[Unknown],0x1402e23fd
operator-,0.014999,0.014999,0.0,0.0,20965000,22.4,22.4,2.857143,frankycpp_v1.4.exe,operator-,value.h,0x140209b0e
operator-=,0.014999,0.014999,0.0,0.0,74875000,,,0.760000,frankycpp_v1.4.exe,operator-=,depth.h,0x14020979e
operator|,0.014999,0.014999,0.0,0.0,131780000,37.6,37.6,0.431818,frankycpp_v1.4.exe,operator|,bitboard.h,0x1402457e4
"std::array<std::array<int,64>,64>::operator[]",0.014999,0.014999,0.0,0.0,200665000,42.8,42.8,0.223881,frankycpp_v1.4.exe,"std::array<std::array<int,64>,64>::operator[]",array,0x14023fec5
operator&,0.013999,0.013999,0.0,0.0,230615000,,,0.246753,frankycpp_v1.4.exe,operator&,bitboard.h,0x140277779
operator-,0.013999,0.013999,0.0,0.0,143760000,28.4,28.4,0.479167,frankycpp_v1.4.exe,operator-,value.h,0x140240964
operator>=,0.013999,0.013999,0.0,0.0,143760000,29.0,29.0,0.354167,frankycpp_v1.4.exe,operator>=,value.h,0x14020a87d
operator|,0.013999,0.013999,0.0,0.0,140765000,,,0.382979,frankycpp_v1.4.exe,operator|,bitboard.h,0x1402394dd
"std::_Atomic_storage<unsigned __int64,8>::load",0.013999,0.013999,0.0,0.0,35940000,2.9,2.9,2.416667,frankycpp_v1.4.exe,"std::_Atomic_storage<unsigned __int64,8>::load",atomic,0x1402433eb
"std::array<int,64>::operator[]",0.013999,0.013999,0.0,0.0,80865000,,,1.000000,frankycpp_v1.4.exe,"std::array<int,64>::operator[]",array,0x140209743
std::max,0.013999,0.013999,0.0,0.0,236605000,49.5,49.5,0.468354,frankycpp_v1.4.exe,std::max,utility,0x1402775d5
typeOf,0.013999,0.013999,0.0,0.0,155740000,,,0.326923,frankycpp_v1.4.exe,typeOf,piece.h,0x14024038e
typeOf,0.013999,0.013999,0.0,0.0,194675000,33.9,33.9,0.415385,frankycpp_v1.4.exe,typeOf,piece.h,0x14023a6fa
Bitboard::popLSB,0.012999,0.012999,0.0,0.0,152745000,18.7,18.7,0.725490,frankycpp_v1.4.exe,Bitboard::popLSB,bitboard.h,0x1402457c0
Bitboard::shifted,0.012999,0.012999,0.0,0.0,95840000,11.4,11.4,0.406250,frankycpp_v1.4.exe,Bitboard::shifted,bitboard.h,0x1402404b7
Position::getPiece,0.012999,0.012999,0.0,0.0,98835000,22.1,22.1,0.666667,frankycpp_v1.4.exe,Position::getPiece,Position.h,0x1402773da
Position::getPieceBb,0.012999,0.012999,0.0,0.0,305490000,98.5,98.5,0.264706,frankycpp_v1.4.exe,Position::getPieceBb,Position.h,0x14027777c
func@0x140246da0,0.012999,0.012999,0.0,0.0,146755000,55.6,55.6,0.469388,ntoskrnl.exe,func@0x140246da0,[Unknown],0x140246da0
func@0x180011200,0.012999,0.012999,0.0,0.0,47920000,10.8,10.8,1.687500,vcruntime140.dll,func@0x180011200,[Unknown],0x180011200
operator+,0.012999,0.012999,0.0,0.0,92845000,,,0.516129,frankycpp_v1.4.exe,operator+,value.h,0x14020a46a
operator-,0.012999,0.012999,0.0,0.0,227620000,,,0.236842,frankycpp_v1.4.exe,operator-,value.h,0x140240bd1
operator|,0.012999,0.012999,0.0,0.0,50915000,7.4,7.4,1.529412,frankycpp_v1.4.exe,operator|,bitboard.h,0x140240a8c
"std::array<Bitboard,8>::operator[]",0.012999,0.012999,0.0,0.0,170715000,29.7,29.7,0.438596,frankycpp_v1.4.exe,"std::array<Bitboard,8>::operator[]",array,0x14024063a
std::popcount,0.012999,0.012999,0.0,0.0,20965000,20.9,20.9,2.142857,frankycpp_v1.4.exe,std::popcount,bit,0x14024547d
Bitboard::operator&=,0.011999,0.011999,0.0,0.0,107820000,58.0,58.0,0.555556,frankycpp_v1.4.exe,Bitboard::operator&=,bitboard.h,0x14024033a
_std_type_info_compare,0.011999,0.011999,0.0,0.0,149750000,62.5,62.5,0.260000,vcruntime140.dll,_std_type_info_compare,[Unknown],0x180005030
func@0x1403996f0,0.011999,0.011999,0.0,0.0,14975000,18.8,18.8,3.800000,nvlddmkm.sys,func@0x1403996f0,[Unknown],0x1403996f0
func@0x1406acd40,0.011999,0.011999,0.0,0.0,11980000,10.3,10.3,4.750000,ntoskrnl.exe,func@0x1406acd40,[Unknown],0x1406acd40
operator&,0.011999,0.011999,0.0,0.0,194675000,80.7,80.7,0.292308,frankycpp_v1.4.exe,operator&,bitboard.h,0x140277656
operator|,0.011999,0.011999,0.0,0.0,251580000,29.2,29.2,0.404762,frankycpp_v1.4.exe,operator|,bitboard.h,0x1402396ad
operator~,0.011999,0.011999,0.0,0.0,41930000,4.6,4.6,1.857143,frankycpp_v1.4.exe,operator~,color.h,0x1402395bf
"std::_Atomic_reinterpret_as<__int64,unsigned __int64>",0.011999,0.011999,0.0,0.0,14975000,3.3,3.3,10.600000,frankycpp_v1.4.exe,"std::_Atomic_reinterpret_as<__int64,unsigned __int64>(unsigned __int64 const & __ptr64)",atomic,0x140244d10
std::countr_zero,0.011999,0.011999,0.0,0.0,302495000,77.1,77.1,0.227723,frankycpp_v1.4.exe,std::countr_zero,bit,0x1402459c8
std::min,0.011999,0.011999,0.0,0.0,119800000,52.2,52.2,0.375000,frankycpp_v1.4.exe,std::min,utility,0x14020975b
std::popcount,0.011999,0.011999,0.0,0.0,158735000,32.5,32.5,0.584906,frankycpp_v1.4.exe,std::popcount,bit,0x140245a09
Bitboard::operator|=,0.010999,0.010999,0.0,0.0,191680000,28.9,28.9,0.328125,frankycpp_v1.4.exe,Bitboard::operator|=,bitboard.h,0x1402453ee
Bitboard::operator~,0.010999,0.010999,0.0,0.0,140765000,28.7,28.7,0.340426,frankycpp_v1.4.exe,Bitboard::operator~,bitboard.h,0x1402453a8
Color::sign,0.010999,0.010999,0.0,0.0,80865000,58.9,58.9,0.518519,frankycpp_v1.4.exe,Color::sign,color.h,0x140245e9e
StaticMoveList<256>::push_back,0.010999,0.010999,0.0,0.0,161730000,39.6,39.6,0.555556,frankycpp_v1.4.exe,StaticMoveList<256>::push_back,staticmovelist.h,0x14024093c
func@0x140208780,0.010999,0.010999,0.0,0.0,41930000,6.6,6.6,1.928571,ntoskrnl.exe,func@0x140208780,[Unknown],0x140208780
func@0x14035f860,0.010999,0.010999,0.0,0.0,23960000,7.8,7.8,1.875000,ntoskrnl.exe,func@0x14035f860,[Unknown],0x14035f860
memmove,0.010999,0.010999,0.0,0.0,41930000,4.9,4.9,1.142857,vcruntime140.dll,memmove,[Unknown],0x180012030
operator|,0.010999,0.010999,0.0,0.0,155740000,40.4,40.4,0.288462,frankycpp_v1.4.exe,operator|,bitboard.h,0x1402773c7
operator|,0.010999,0.010999,0.0,0.0,113810000,34.4,34.4,0.578947,frankycpp_v1.4.exe,operator|,bitboard.h,0x14024592e
"std::array<Bitboard,64>::operator[]",0.010999,0.010999,0.0,0.0,80865000,,,0.740741,frankycpp_v1.4.exe,"std::array<Bitboard,64>::operator[]",array,0x140245389
Bitboard::popLSB,0.009999,0.009999,0.0,0.0,128785000,37.6,37.6,0.767442,frankycpp_v1.4.exe,Bitboard::popLSB,bitboard.h,0x140240b85
Bitboard::{ctor},0.009999,0.009999,0.0,0.0,56905000,89.0,89.0,0.315789,frankycpp_v1.4.exe,Bitboard::{ctor},bitboard.h,0x140166e3c
Move::encode,0.009999,0.009999,0.0,0.0,113810000,34.5,34.5,0.289474,frankycpp_v1.4.exe,Move::encode,move.h,0x14024095b
Move::encode,0.009999,0.009999,0.0,0.0,101830000,,,0.764706,frankycpp_v1.4.exe,Move::encode,move.h,0x140240f9e
Square::rank,0.009999,0.009999,0.0,0.0,83860000,38.7,38.7,0.464286,frankycpp_v1.4.exe,Square::rank,square.h,0x140245ebc
TT::resize,0.009999,0.009999,0.0,0.0,92845000,30.2,30.2,0.612903,frankycpp_v1.4.exe,TT::resize(unsigned __int64),TT.cpp,0x140246420
Value::{ctor},0.009999,0.009999,0.0,0.0,227620000,53.1,53.1,0.394737,frankycpp_v1.4.exe,Value::{ctor},value.h,0x1402774c5
func@0x140002700,0.009999,0.009999,0.0,0.0,0,0.0,0.0,,intelppm.sys,func@0x140002700,[Unknown],0x140002700
memcpy,0.009999,0.009999,0.0,0.0,17970000,4.2,4.2,1.833333,vcruntime140.dll,memcpy,[Unknown],0x180013010
operator-=,0.009999,0.009999,0.0,0.0,26955000,8.3,8.3,3.333333,frankycpp_v1.4.exe,operator-=,depth.h,0x1402097c5
operator|,0.009999,0.009999,0.0,0.0,113810000,,,0.210526,frankycpp_v1.4.exe,operator|,bitboard.h,0x1402394be
operator~,0.009999,0.009999,0.0,0.0,83860000,47.1,47.1,0.607143,frankycpp_v1.4.exe,operator~,color.h,0x14020a82a
"std::array<Bitboard,64>::operator[]",0.009999,0.009999,0.0,0.0,95840000,33.3,33.3,0.437500,frankycpp_v1.4.exe,"std::array<Bitboard,64>::operator[]",array,0x14023971e
"std::array<Bitboard,8>::operator[]",0.009999,0.009999,0.0,0.0,65890000,19.9,19.9,1.090909,frankycpp_v1.4.exe,"std::array<Bitboard,8>::operator[]",array,0x140240103
"std::array<int,64>::operator[]",0.009999,0.009999,0.0,0.0,56905000,,,0.315789,frankycpp_v1.4.exe,"std::array<int,64>::operator[]",array,0x140209c1a
std::countr_zero,0.009999,0.009999,0.0,0.0,77870000,15.2,15.2,0.538462,frankycpp_v1.4.exe,std::countr_zero,bit,0x140240378
Attacks::detail::Magic::index,0.008999,0.008999,0.0,0.0,167720000,56.4,56.4,0.357143,frankycpp_v1.4.exe,Attacks::detail::Magic::index,attacks.h,0x140166d94
Bitboard::operator bool,0.008999,0.008999,0.0,0.0,116805000,,,0.333333,frankycpp_v1.4.exe,Bitboard::operator bool,bitboard.h,0x140240fd4
Color::iterator::operator++,0.008999,0.008999,0.0,0.0,44925000,28.9,28.9,0.933333,frankycpp_v1.4.exe,Color::iterator::operator++,color.h,0x140245534
Move::operator==,0.008999,0.008999,0.0,0.0,77870000,31.8,31.8,0.500000,frankycpp_v1.4.exe,Move::operator==,PVTable.h,0x14023e0bf
Move::setValue,0.008999,0.008999,0.0,0.0,59900000,14.6,14.6,0.600000,frankycpp_v1.4.exe,Move::setValue,move.h,0x14023fe52
Move::stripped,0.008999,0.008999,0.0,0.0,95840000,26.4,26.4,0.812500,frankycpp_v1.4.exe,Move::stripped,move.h,0x14023e0bc
Rank::promotionFor,0.008999,0.008999,0.0,0.0,185690000,36.4,36.4,0.451613,frankycpp_v1.4.exe,Rank::promotionFor,rank.h,0x14024077f
Square::file,0.008999,0.008999,0.0,0.0,38935000,21.8,21.8,1.384615,frankycpp_v1.4.exe,Square::file,square.h,0x140238e73
StaticMoveList<256>::push_back,0.008999,0.008999,0.0,0.0,170715000,68.6,68.6,0.403509,frankycpp_v1.4.exe,StaticMoveList<256>::push_back,staticmovelist.h,0x14024088d
func@0x140247e70,0.008999,0.008999,0.0,0.0,59900000,4.8,4.8,1.000000,ntoskrnl.exe,func@0x140247e70,[Unknown],0x140247e70
func@0x140362c02,0.008999,0.008999,0.0,0.0,41930000,11.6,11.6,0.571429,ntoskrnl.exe,func@0x140362c02,[Unknown],0x140362c02
func@0x1403b1610,0.008999,0.008999,0.0,0.0,38935000,18.2,18.2,1.384615,ntoskrnl.exe,func@0x1403b1610,[Unknown],0x1403b1610
func@0x1406b9dae,0.008999,0.008999,0.0,0.0,0,9.5,9.5,,ntoskrnl.exe,func@0x1406b9dae,[Unknown],0x1406b9dae
func@0x18001d480,0.008999,0.008999,0.0,0.0,209650000,64.1,64.1,0.300000,ntdll.dll,func@0x18001d480,[Unknown],0x18001d480
operator&,0.008999,0.008999,0.0,0.0,344425000,67.5,67.5,0.208696,frankycpp_v1.4.exe,operator&,bitboard.h,0x14027766e
operator&,0.008999,0.008999,0.0,0.0,74875000,,,0.360000,frankycpp_v1.4.exe,operator&,bitboard.h,0x140245379
operator&,0.008999,0.008999,0.0,0.0,125790000,,,0.380952,frankycpp_v1.4.exe,operator&,bitboard.h,0x140277682
operator*,0.008999,0.008999,0.0,0.0,194675000,91.2,91.2,0.230769,frankycpp_v1.4.exe,operator*,value.h,0x140244fa8
operator+,0.008999,0.008999,0.0,0.0,149750000,43.2,43.2,0.320000,frankycpp_v1.4.exe,operator+,direction.h,0x140245412
operator+=,0.008999,0.008999,0.0,0.0,215640000,,,0.361111,frankycpp_v1.4.exe,operator+=,value.h,0x140245a57
operator-,0.008999,0.008999,0.0,0.0,0,0.0,0.0,,frankycpp_v1.4.exe,operator-,value.h,0x140209985
operator~,0.008999,0.008999,0.0,0.0,80865000,77.7,77.7,0.407407,frankycpp_v1.4.exe,operator~,color.h,0x14023960f
"std::array<std::array<int,64>,64>::operator[]",0.008999,0.008999,0.0,0.0,38935000,,,1.923077,frankycpp_v1.4.exe,"std::array<std::array<int,64>,64>::operator[]",array,0x140238e3f
std::countr_zero,0.008999,0.008999,0.0,0.0,77870000,25.5,25.5,0.653846,frankycpp_v1.4.exe,std::countr_zero,bit,0x140240b85
std::popcount,0.008999,0.008999,0.0,0.0,26955000,,,1.333333,frankycpp_v1.4.exe,std::popcount,bit,0x140245468
"std::ranges::_Buffered_inplace_merge_common<Move *,moveValueGreaterComparator,std::identity>",0.008999,0.008999,0.0,0.0,44925000,18.5,18.5,1.666667,frankycpp_v1.4.exe,"std::ranges::_Buffered_inplace_merge_common<Move *,moveValueGreaterComparator,std::identity>(class Move *, class Move *, class Move *, __int64, __int64, class Move *, const __int64, struct moveValueGreaterComparator, struct std::identity)",algorithm,0x14021ae90
typeOf,0.008999,0.008999,0.0,0.0,86855000,,,0.413793,frankycpp_v1.4.exe,typeOf,piece.h,0x140277496
valueOf,0.008999,0.008999,0.0,0.0,137770000,59.9,59.9,0.326087,frankycpp_v1.4.exe,valueOf,value.h,0x140209602
Move::setValue,0.007999,0.007999,0.0,0.0,110815000,,,0.243243,frankycpp_v1.4.exe,Move::setValue,move.h,0x14023fe71
Move::value,0.007999,0.007999,0.0,0.0,50915000,40.0,40.0,0.588235,frankycpp_v1.4.exe,Move::value,move.h,0x14023ff48
Position::getPieceBb,0.007999,0.007999,0.0,0.0,56905000,37.4,37.4,0.526316,frankycpp_v1.4.exe,Position::getPieceBb,Position.h,0x14027773d
RtlCopyMemory,0.007999,0.007999,0.0,0.0,59900000,5.2,5.2,0.700000,ntoskrnl.exe,RtlCopyMemory,[Unknown],0x1406bfc40
Search::rootSearch,0.007999,0.007999,0.0,0.0,17970000,20.8,20.8,0.666667,frankycpp_v1.4.exe,"Search::rootSearch(class Position &,enum Depth,class Value,class Value)",Search.cpp,0x140208250
boost::archive::detail::basic_iarchive_impl::register_type,0.007999,0.007999,0.0,0.0,185690000,55.7,55.7,0.370968,frankycpp_v1.4.exe,boost::archive::detail::basic_iarchive_impl::register_type(class boost::archive::detail::basic_iserializer const &),basic_iarchive.cpp,0x1402833e0
func@0x140308e60,0.007999,0.007999,0.0,0.0,2995000,15.2,15.2,15.000000,ntoskrnl.exe,func@0x140308e60,[Unknown],0x140308e60
operator&,0.007999,0.007999,0.0,0.0,128785000,48.9,48.9,0.255814,frankycpp_v1.4.exe,operator&,bitboard.h,0x1402453b3
operator+,0.007999,0.007999,0.0,0.0,173710000,50.8,50.8,0.258621,frankycpp_v1.4.exe,operator+,value.h,0x140209655
operator|,0.007999,0.007999,0.0,0.0,101830000,37.1,37.1,0.323529,frankycpp_v1.4.exe,operator|,bitboard.h,0x140240605
"std::array<PlyInfo,128>::operator[]",0.007999,0.007999,0.0,0.0,134775000,44.2,44.2,0.244444,frankycpp_v1.4.exe,"std::array<PlyInfo,128>::operator[]",array,0x14020920a
std::countr_zero,0.007999,0.007999,0.0,0.0,53910000,,,0.611111,frankycpp_v1.4.exe,std::countr_zero,bit,0x140277688
std::popcount,0.007999,0.007999,0.0,0.0,53910000,,,0.777778,frankycpp_v1.4.exe,std::popcount,bit,0x140245493
Bitboard::operator bool,0.007000,0.007000,0.0,0.0,65890000,,,0.636364,frankycpp_v1.4.exe,Bitboard::operator bool,bitboard.h,0x140240992
Bitboard::operator bool,0.007000,0.007000,0.0,0.0,137770000,37.7,37.7,0.282609,frankycpp_v1.4.exe,Bitboard::operator bool,bitboard.h,0x140245a6b
Bitboard::operator^=,0.007000,0.007000,0.0,0.0,65890000,27.9,27.9,0.681818,frankycpp_v1.4.exe,Bitboard::operator^=,bitboard.h,0x1402396c2
Bitboard::operator|=,0.007000,0.007000,0.0,0.0,224625000,,,0.200000,frankycpp_v1.4.exe,Bitboard::operator|=,bitboard.h,0x140277543
Bitboard::popLSB,0.007000,0.007000,0.0,0.0,53910000,49.0,49.0,0.666667,frankycpp_v1.4.exe,Bitboard::popLSB,bitboard.h,0x140245910
Bitboard::popLSB,0.007000,0.007000,0.0,0.0,59900000,23.1,23.1,0.750000,frankycpp_v1.4.exe,Bitboard::popLSB,bitboard.h,0x140240c64
KeLowerIrql,0.007000,0.007000,0.0,0.0,11980000,15.9,15.9,1.250000,ntoskrnl.exe,KeLowerIrql,[Unknown],0x1403fc360
Move::to,0.007000,0.007000,0.0,0.0,104825000,46.3,46.3,0.342857,frankycpp_v1.4.exe,Move::to,move.h,0x140209bdf
PVTable::update,0.007000,0.007000,0.0,0.0,8985000,9.2,9.2,2.000000,frankycpp_v1.4.exe,"PVTable::update(class Move,enum Depth)",PVTable.h,0x1401fda60
Position::getOccupiedBb,0.007000,0.007000,0.0,0.0,29950000,15.5,15.5,0.900000,frankycpp_v1.4.exe,Position::getOccupiedBb,Position.h,0x1402457fb
RtlFreeHeap,0.007000,0.007000,0.0,0.0,41930000,37.5,37.5,0.928571,ntdll.dll,RtlFreeHeap,[Unknown],0x180078c30
TT::getHash,0.007000,0.007000,0.0,0.0,0,6.9,6.9,,frankycpp_v1.4.exe,TT::getHash,TT.h,0x140246e3b
[Outside any known module],0.007000,0.007000,0.0,0.0,5990000,11.1,11.1,4.000000,[Unknown],[Outside any known module],[Unknown],0x0
__builtin_array_init_helper<class Value>,0.007000,0.007000,0.0,0.0,191680000,,,0.328125,frankycpp_v1.4.exe,"__builtin_array_init_helper<class Value>(class Value *,unsigned __int64)",[Unknown],0x1402778a0
func@0x14009bd10,0.007000,0.007000,0.0,0.0,5990000,23.5,23.5,2.500000,nvlddmkm.sys,func@0x14009bd10,[Unknown],0x14009bd10
func@0x14024e0e4,0.007000,0.007000,0.0,0.0,50915000,47.4,47.4,0.764706,ntoskrnl.exe,func@0x14024e0e4,[Unknown],0x14024e0e4
func@0x1402de1c6,0.007000,0.007000,0.0,0.0,14975000,5.9,5.9,5.200000,ntoskrnl.exe,func@0x1402de1c6,[Unknown],0x1402de1c6
operator&,0.007000,0.007000,0.0,0.0,80865000,,,0.407407,frankycpp_v1.4.exe,operator&,bitboard.h,0x1402408f4
operator&,0.007000,0.007000,0.0,0.0,38935000,,,0.307692,frankycpp_v1.4.exe,operator&,bitboard.h,0x1402453d1
operator&,0.007000,0.007000,0.0,0.0,119800000,48.9,48.9,0.300000,frankycpp_v1.4.exe,operator&,bitboard.h,0x140245875
operator+=,0.007000,0.007000,0.0,0.0,53910000,13.3,13.3,0.333333,frankycpp_v1.4.exe,operator+=,value.h,0x140244f8d
operator+=,0.007000,0.007000,0.0,0.0,152745000,,,0.392157,frankycpp_v1.4.exe,operator+=,value.h,0x1402458c4
operator-,0.007000,0.007000,0.0,0.0,62895000,,,0.380952,frankycpp_v1.4.exe,operator-,depth.h,0x140209770
operator-,0.007000,0.007000,0.0,0.0,23960000,18.0,18.0,0.375000,frankycpp_v1.4.exe,operator-,value.h,0x140240c98
std::_Static_partition_team<__int64>::_Get_next_key,0.007000,0.007000,0.0,0.0,0,0.0,0.0,,frankycpp_v1.4.exe,std::_Static_partition_team<__int64>::_Get_next_key,execution,0x140244660
"std::array<Bitboard,8>::operator[]",0.007000,0.007000,0.0,0.0,35940000,14.9,14.9,0.333333,frankycpp_v1.4.exe,"std::array<Bitboard,8>::operator[]",array,0x14024079e
"std::array<std::array<int,64>,64>::operator[]",0.007000,0.007000,0.0,0.0,95840000,27.9,27.9,0.375000,frankycpp_v1.4.exe,"std::array<std::array<int,64>,64>::operator[]",array,0x140209c0e
std::countr_zero,0.007000,0.007000,0.0,0.0,83860000,57.1,57.1,0.357143,frankycpp_v1.4.exe,std::countr_zero,bit,0x140240d64
typeOf,0.007000,0.007000,0.0,0.0,89850000,49.2,49.2,0.566667,frankycpp_v1.4.exe,typeOf,piece.h,0x14024037f
Move::type,0.006000,0.006000,0.0,0.0,83860000,54.3,54.3,0.464286,frankycpp_v1.4.exe,Move::type,move.h,0x14020a432
Move::{ctor},0.006000,0.006000,0.0,0.0,113810000,36.2,36.2,0.447368,frankycpp_v1.4.exe,Move::{ctor},move.h,0x140240f86
Position::getOccupiedBb,0.006000,0.006000,0.0,0.0,83860000,28.7,28.7,0.250000,frankycpp_v1.4.exe,Position::getOccupiedBb,Position.h,0x1402396ad
Position::getOccupiedBb,0.006000,0.006000,0.0,0.0,20965000,100.0,100.0,0.142857,frankycpp_v1.4.exe,Position::getOccupiedBb,Position.h,0x1402459ef
func@0x14002706b,0.006000,0.006000,0.0,0.0,53910000,7.6,7.6,1.611111,dxgmms2.sys,func@0x14002706b,[Unknown],0x14002706b
func@0x1400f7bd0,0.006000,0.006000,0.0,0.0,8985000,18.2,18.2,2.333333,nvlddmkm.sys,func@0x1400f7bd0,[Unknown],0x1400f7bd0
func@0x140246b60,0.006000,0.006000,0.0,0.0,23960000,19.6,19.6,2.750000,ntoskrnl.exe,func@0x140246b60,[Unknown],0x140246b60
func@0x14024c9fb,0.006000,0.006000,0.0,0.0,2995000,14.8,14.8,10.000000,ntoskrnl.exe,func@0x14024c9fb,[Unknown],0x14024c9fb
func@0x14024d900,0.006000,0.006000,0.0,0.0,23960000,1.6,1.6,0.875000,ntoskrnl.exe,func@0x14024d900,[Unknown],0x14024d900
func@0x1402e2ad0,0.006000,0.006000,0.0,0.0,0,0.0,0.0,,ntoskrnl.exe,func@0x1402e2ad0,[Unknown],0x1402e2ad0
func@0x1402e2c6d,0.006000,0.006000,0.0,0.0,14975000,13.9,13.9,2.200000,ntoskrnl.exe,func@0x1402e2c6d,[Unknown],0x1402e2c6d
func@0x1402e3690,0.006000,0.006000,0.0,0.0,0,0.0,0.0,,ntoskrnl.exe,func@0x1402e3690,[Unknown],0x1402e3690
func@0x1402e4892,0.006000,0.006000,0.0,0.0,17970000,,,1.166667,ntoskrnl.exe,func@0x1402e4892,[Unknown],0x1402e4892
func@0x1402fdf10,0.006000,0.006000,0.0,0.0,11980000,1.7,1.7,3.250000,ntoskrnl.exe,func@0x1402fdf10,[Unknown],0x1402fdf10
func@0x140da8c2f,0.006000,0.006000,0.0,0.0,8985000,5.3,5.3,2.666667,nvlddmkm.sys,func@0x140da8c2f,[Unknown],0x140da8c2f
func@0x140e1c190,0.006000,0.006000,0.0,0.0,5990000,2.9,2.9,13.000000,nvlddmkm.sys,func@0x140e1c190,[Unknown],0x140e1c190
operator&,0.006000,0.006000,0.0,0.0,95840000,45.3,45.3,0.406250,frankycpp_v1.4.exe,operator&,bitboard.h,0x140240dab
operator+=,0.006000,0.006000,0.0,0.0,149750000,53.1,53.1,0.240000,frankycpp_v1.4.exe,operator+=,value.h,0x140245a4b
operator-,0.006000,0.006000,0.0,0.0,2995000,3.2,3.2,8.000000,frankycpp_v1.4.exe,operator-,value.h,0x14020a594
operator-,0.006000,0.006000,0.0,0.0,59900000,31.3,31.3,0.400000,frankycpp_v1.4.exe,operator-,value.h,0x140240fb2
operator>,0.006000,0.006000,0.0,0.0,29950000,,,0.600000,frankycpp_v1.4.exe,operator>,value.h,0x140208ce7
operator|,0.006000,0.006000,0.0,0.0,59900000,17.5,17.5,0.400000,frankycpp_v1.4.exe,operator|,bitboard.h,0x140239542
operator|,0.006000,0.006000,0.0,0.0,122795000,40.2,40.2,0.292683,frankycpp_v1.4.exe,operator|,bitboard.h,0x1402453da
operator~,0.006000,0.006000,0.0,0.0,32945000,36.8,36.8,0.181818,frankycpp_v1.4.exe,operator~,color.h,0x140240dfd
operator~,0.006000,0.006000,0.0,0.0,47920000,23.9,23.9,0.312500,frankycpp_v1.4.exe,operator~,color.h,0x1402397c1
operator~,0.006000,0.006000,0.0,0.0,74875000,18.8,18.8,0.480000,frankycpp_v1.4.exe,operator~,color.h,0x140240f54
operator~,0.006000,0.006000,0.0,0.0,32945000,66.7,66.7,0.454545,frankycpp_v1.4.exe,operator~,color.h,0x140209bd0
"std::array<int,64>::operator[]",0.006000,0.006000,0.0,0.0,107820000,40.2,40.2,0.194444,frankycpp_v1.4.exe,"std::array<int,64>::operator[]",array,0x1402097e6
std::countr_zero,0.006000,0.006000,0.0,0.0,26955000,100.0,100.0,0.0,frankycpp_v1.4.exe,std::countr_zero,bit,0x140245370
std::min,0.006000,0.006000,0.0,0.0,47920000,,,0.375000,frankycpp_v1.4.exe,std::min,utility,0x14020871f
"std::ranges::_Stable_sort_fn::_Stable_sort_common_buffered<Move *,moveValueGreaterComparator,std::identity>",0.006000,0.006000,0.0,0.0,47920000,8.0,8.0,0.750000,frankycpp_v1.4.exe,"std::ranges::_Stable_sort_fn::_Stable_sort_common_buffered<Move *,moveValueGreaterComparator,std::identity>(class Move *, class Move *, const __int64, class Move *, const __int64, struct moveValueGreaterComparator, struct std::identity)",algorithm,0x140218cb0
typeOf,0.006000,0.006000,0.0,0.0,53910000,,,0.277778,frankycpp_v1.4.exe,typeOf,piece.h,0x14023ffdb
Evaluator::valueFromScore,0.005000,0.005000,0.0,0.0,89850000,70.0,70.0,0.433333,frankycpp_v1.4.exe,Evaluator::valueFromScore,Evaluator.cpp,0x140244fa3
Evaluator::valueFromScore,0.005000,0.005000,0.0,0.0,32945000,24.6,24.6,0.818182,frankycpp_v1.4.exe,Evaluator::valueFromScore,Evaluator.cpp,0x14024513d
Move::encode,0.005000,0.005000,0.0,0.0,98835000,39.6,39.6,0.424242,frankycpp_v1.4.exe,Move::encode,move.h,0x140240f21
Move::operator==,0.005000,0.005000,0.0,0.0,62895000,23.4,23.4,0.476190,frankycpp_v1.4.exe,Move::operator==,PVTable.h,0x140209829
Move::to,0.005000,0.005000,0.0,0.0,80865000,67.4,67.4,0.333333,frankycpp_v1.4.exe,Move::to,move.h,0x14023963e
Move::{ctor},0.005000,0.005000,0.0,0.0,98835000,48.6,48.6,0.272727,frankycpp_v1.4.exe,Move::{ctor},move.h,0x140240f04
Position::getPieceBb,0.005000,0.005000,0.0,0.0,14975000,61.6,61.6,1.000000,frankycpp_v1.4.exe,Position::getPieceBb,Position.h,0x140245300
Position::getPieceBb,0.005000,0.005000,0.0,0.0,26955000,32.9,32.9,0.888889,frankycpp_v1.4.exe,Position::getPieceBb,Position.h,0x14027780d
Search::evaluate,0.005000,0.005000,0.0,0.0,59900000,22.4,22.4,0.450000,frankycpp_v1.4.exe,Search::evaluate,Search.cpp,0x140208b40
Search::thread,0.005000,0.005000,0.0,0.0,95840000,78.1,78.1,0.187500,frankycpp_v1.4.exe,Search::thread,Search.h,0x1402097da
Value::{ctor},0.005000,0.005000,0.0,0.0,80865000,35.0,35.0,0.222222,frankycpp_v1.4.exe,Value::{ctor},value.h,0x1402775e0
func@0x140205faf,0.005000,0.005000,0.0,0.0,5990000,15.8,15.8,1.000000,ntoskrnl.exe,func@0x140205faf,[Unknown],0x140205faf
func@0x1402085a0,0.005000,0.005000,0.0,0.0,29950000,,,0.600000,ntoskrnl.exe,func@0x1402085a0,[Unknown],0x1402085a0
func@0x14023be50,0.005000,0.005000,0.0,0.0,5990000,0.0,0.0,3.000000,ntoskrnl.exe,func@0x14023be50,[Unknown],0x14023be50
func@0x1402467b0,0.005000,0.005000,0.0,0.0,2995000,18.5,18.5,4.000000,ntoskrnl.exe,func@0x1402467b0,[Unknown],0x1402467b0
func@0x14024f560,0.005000,0.005000,0.0,0.0,11980000,34.4,34.4,1.000000,ntoskrnl.exe,func@0x14024f560,[Unknown],0x14024f560
func@0x1402bae00,0.005000,0.005000,0.0,0.0,5990000,15.6,15.6,2.500000,ntoskrnl.exe,func@0x1402bae00,[Unknown],0x1402bae00
func@0x14030eb90,0.005000,0.005000,0.0,0.0,35940000,19.7,19.7,0.916667,ntoskrnl.exe,func@0x14030eb90,[Unknown],0x14030eb90
func@0x140361cc0,0.005000,0.005000,0.0,0.0,11980000,,,3.750000,ntoskrnl.exe,func@0x140361cc0,[Unknown],0x140361cc0
func@0x1403636b0,0.005000,0.005000,0.0,0.0,0,5.9,5.9,,ntoskrnl.exe,func@0x1403636b0,[Unknown],0x1403636b0
func@0x1403deed0,0.005000,0.005000,0.0,0.0,14975000,100.0,100.0,0.400000,ntoskrnl.exe,func@0x1403deed0,[Unknown],0x1403deed0
func@0x1403e7fe0,0.005000,0.005000,0.0,0.0,0,0.7,0.7,,ntoskrnl.exe,func@0x1403e7fe0,[Unknown],0x1403e7fe0
func@0x14042eb90,0.005000,0.005000,0.0,0.0,17970000,8.2,8.2,1.000000,ntoskrnl.exe,func@0x14042eb90,[Unknown],0x14042eb90
func@0x1406c0940,0.005000,0.005000,0.0,0.0,38935000,,,0.769231,ntoskrnl.exe,func@0x1406c0940,[Unknown],0x1406c0940
func@0x140da8ef0,0.005000,0.005000,0.0,0.0,2995000,1.6,1.6,17.000000,nvlddmkm.sys,func@0x140da8ef0,[Unknown],0x140da8ef0
func@0x140e1e1f0,0.005000,0.005000,0.0,0.0,5990000,0.0,0.0,0.500000,nvlddmkm.sys,func@0x140e1e1f0,[Unknown],0x140e1e1f0
func@0x180075b10,0.005000,0.005000,0.0,0.0,5990000,0.0,0.0,2.500000,ntdll.dll,func@0x180075b10,[Unknown],0x180075b10
memset,0.005000,0.005000,0.0,0.0,0,25.0,25.0,,vcruntime140.dll,memset,[Unknown],0x1800126e0
moveValueGreaterComparator::operator(),0.005000,0.005000,0.0,0.0,26955000,,,0.777778,frankycpp_v1.4.exe,moveValueGreaterComparator::operator(),move.h,0x14021cd50
operator&,0.005000,0.005000,0.0,0.0,56905000,30.3,30.3,0.684211,frankycpp_v1.4.exe,operator&,bitboard.h,0x14020a835
operator&,0.005000,0.005000,0.0,0.0,107820000,88.4,88.4,0.250000,frankycpp_v1.4.exe,operator&,bitboard.h,0x1402393b3
operator&,0.005000,0.005000,0.0,0.0,23960000,31.4,31.4,1.375000,frankycpp_v1.4.exe,operator&,bitboard.h,0x140245425
operator+,0.005000,0.005000,0.0,0.0,47920000,100.0,100.0,0.375000,frankycpp_v1.4.exe,operator+,direction.h,0x1402393c5
operator+,0.005000,0.005000,0.0,0.0,0,0.0,0.0,,frankycpp_v1.4.exe,operator+,depth.h,0x140209acf
operator-,0.005000,0.005000,0.0,0.0,59900000,,,0.650000,frankycpp_v1.4.exe,operator-,direction.h,0x140240383
operator-,0.005000,0.005000,0.0,0.0,20965000,4.9,4.9,0.714286,frankycpp_v1.4.exe,operator-,value.h,0x140208719
operator==,0.005000,0.005000,0.0,0.0,14975000,8.4,8.4,1.600000,frankycpp_v1.4.exe,operator==,castlingrights.h,0x1402088bc
operator^=,0.005000,0.005000,0.0,0.0,164725000,,,0.090909,frankycpp_v1.4.exe,operator^=,bitboards.h,0x1402774f2
"std::array<Bitboard,64>::operator[]",0.005000,0.005000,0.0,0.0,32945000,15.6,15.6,1.272727,frankycpp_v1.4.exe,"std::array<Bitboard,64>::operator[]",array,0x14023a80e
"std::array<Bitboard,8>::operator[]",0.005000,0.005000,0.0,0.0,32945000,56.1,56.1,0.545455,frankycpp_v1.4.exe,"std::array<Bitboard,8>::operator[]",array,0x14024073b
"std::array<std::array<unsigned __int64,64>,16>::operator[]",0.005000,0.005000,0.0,0.0,125790000,34.8,34.8,0.357143,frankycpp_v1.4.exe,"std::array<std::array<unsigned __int64,64>,16>::operator[]",array,0x14023a756
std::countr_zero,0.005000,0.005000,0.0,0.0,20965000,,,1.142857,frankycpp_v1.4.exe,std::countr_zero,bit,0x140240c64
Bitboard::operator|=,0.004000,0.004000,0.0,0.0,56905000,,,0.263158,frankycpp_v1.4.exe,Bitboard::operator|=,bitboard.h,0x140245417
Bitboard::popLSB,0.004000,0.004000,0.0,0.0,14975000,,,0.0,frankycpp_v1.4.exe,Bitboard::popLSB,bitboard.h,0x140245370
CastlingRights::operator-=,0.004000,0.004000,0.0,0.0,20965000,33.3,33.3,0.428571,frankycpp_v1.4.exe,CastlingRights::operator-=,castlingrights.h,0x140238d46
Direction::operator int,0.004000,0.004000,0.0,0.0,32945000,25.7,25.7,1.000000,frankycpp_v1.4.exe,Direction::operator int,direction.h,0x14024011d
ExpInterlockedPopEntrySList,0.004000,0.004000,0.0,0.0,5990000,7.1,7.1,2.500000,ntoskrnl.exe,ExpInterlockedPopEntrySList,[Unknown],0x1406b3920
PawnTT::resize,0.004000,0.004000,0.0,0.0,29950000,0.0,0.0,0.700000,frankycpp_v1.4.exe,PawnTT::resize(unsigned __int64),PawnTT.cpp,0x140242950
Position::getKingSquare,0.004000,0.004000,0.0,0.0,32945000,79.5,79.5,0.454545,frankycpp_v1.4.exe,Position::getKingSquare,Position.h,0x140245721
Position::getNextPlayer,0.004000,0.004000,0.0,0.0,32945000,,,0.545455,frankycpp_v1.4.exe,Position::getNextPlayer,Position.h,0x140208745
Search::thread,0.004000,0.004000,0.0,0.0,23960000,33.3,33.3,0.125000,frankycpp_v1.4.exe,Search::thread,Search.h,0x140209c66
TT::getHash,0.004000,0.004000,0.0,0.0,14975000,41.2,41.2,1.000000,frankycpp_v1.4.exe,TT::getHash,TT.h,0x140246cba
Value::operator int,0.004000,0.004000,0.0,0.0,32945000,65.6,65.6,0.181818,frankycpp_v1.4.exe,Value::operator int,value.h,0x14023a8b5
func@0x140010528,0.004000,0.004000,0.0,0.0,0,0.0,0.0,,usbxhci.sys,func@0x140010528,[Unknown],0x140010528
func@0x14001aa50,0.004000,0.004000,0.0,0.0,2995000,0.0,0.0,0.0,usbxhci.sys,func@0x14001aa50,[Unknown],0x14001aa50
func@0x14002a240,0.004000,0.004000,0.0,0.0,14975000,7.1,7.1,1.000000,dxgmms2.sys,func@0x14002a240,[Unknown],0x14002a240
func@0x1400d6de0,0.004000,0.004000,0.0,0.0,0,9.1,9.1,,nvlddmkm.sys,func@0x1400d6de0,[Unknown],0x1400d6de0
func@0x140247120,0.004000,0.004000,0.0,0.0,8985000,20.0,20.0,0.666667,ntoskrnl.exe,func@0x140247120,[Unknown],0x140247120
func@0x140248198,0.004000,0.004000,0.0,0.0,20965000,42.1,42.1,0.714286,ntoskrnl.exe,func@0x140248198,[Unknown],0x140248198
func@0x140248eb0,0.004000,0.004000,0.0,0.0,0,0.0,0.0,,ntoskrnl.exe,func@0x140248eb0,[Unknown],0x140248eb0
func@0x14024e4c0,0.004000,0.004000,0.0,0.0,62895000,,,0.523810,ntoskrnl.exe,func@0x14024e4c0,[Unknown],0x14024e4c0
func@0x1402ffa90,0.004000,0.004000,0.0,0.0,17970000,8.2,8.2,2.333333,ntoskrnl.exe,func@0x1402ffa90,[Unknown],0x1402ffa90
func@0x14031c5b0,0.004000,0.004000,0.0,0.0,2995000,1.3,1.3,5.000000,ntoskrnl.exe,func@0x14031c5b0,[Unknown],0x14031c5b0
func@0x1403f2264,0.004000,0.004000,0.0,0.0,38935000,15.4,15.4,0.461538,ntoskrnl.exe,func@0x1403f2264,[Unknown],0x1403f2264
func@0x140414cd0,0.004000,0.004000,0.0,0.0,11980000,4.3,4.3,2.500000,ntoskrnl.exe,func@0x140414cd0,[Unknown],0x140414cd0
func@0x140425398,0.004000,0.004000,0.0,0.0,2995000,20.0,20.0,3.000000,ntoskrnl.exe,func@0x140425398,[Unknown],0x140425398
func@0x140dcbe50,0.004000,0.004000,0.0,0.0,0,0.0,0.0,,nvlddmkm.sys,func@0x140dcbe50,[Unknown],0x140dcbe50
operator&,0.004000,0.004000,0.0,0.0,32945000,,,0.545455,frankycpp_v1.4.exe,operator&,bitboard.h,0x1402456e7
operator&,0.004000,0.004000,0.0,0.0,53910000,,,0.444444,frankycpp_v1.4.exe,operator&,bitboard.h,0x140240755
operator&,0.004000,0.004000,0.0,0.0,23960000,42.1,42.1,0.250000,frankycpp_v1.4.exe,operator&,bitboard.h,0x140209cc0
operator+=,0.004000,0.004000,0.0,0.0,26955000,18.8,18.8,1.000000,frankycpp_v1.4.exe,operator+=,value.h,0x140245290
operator+=,0.004000,0.004000,0.0,0.0,8985000,23.4,23.4,1.333333,frankycpp_v1.4.exe,operator+=,value.h,0x140244f78
operator-,0.004000,0.004000,0.0,0.0,101830000,35.0,35.0,0.323529,frankycpp_v1.4.exe,operator-,value.h,0x1402775d0
operator-,0.004000,0.004000,0.0,0.0,56905000,,,0.157895,frankycpp_v1.4.exe,operator-,value.h,0x140208dd6
operator|,0.004000,0.004000,0.0,0.0,104825000,69.7,69.7,0.342857,frankycpp_v1.4.exe,operator|,bitboard.h,0x140277861
operator|,0.004000,0.004000,0.0,0.0,32945000,39.0,39.0,0.727273,frankycpp_v1.4.exe,operator|,bitboard.h,0x1402456c1
operator|,0.004000,0.004000,0.0,0.0,29950000,,,0.900000,frankycpp_v1.4.exe,operator|,bitboard.h,0x1402392d8
operator~,0.004000,0.004000,0.0,0.0,20965000,30.4,30.4,0.714286,frankycpp_v1.4.exe,operator~,color.h,0x1402392f7
operator~,0.004000,0.004000,0.0,0.0,50915000,,,0.529412,frankycpp_v1.4.exe,operator~,color.h,0x14023ffad
std::_Fnv1a_append_bytes,0.004000,0.004000,0.0,0.0,29950000,40.9,40.9,0.400000,frankycpp_v1.4.exe,std::_Fnv1a_append_bytes,type_traits,0x14025bb70
"std::array<Bitboard,64>::operator[]",0.004000,0.004000,0.0,0.0,89850000,47.6,47.6,0.500000,frankycpp_v1.4.exe,"std::array<Bitboard,64>::operator[]",array,0x1402396b4
"std::array<Value,25>::operator[]",0.004000,0.004000,0.0,0.0,26955000,,,0.111111,frankycpp_v1.4.exe,"std::array<Value,25>::operator[]",array,0x140240f10
std::min,0.004000,0.004000,0.0,0.0,62895000,,,0.238095,frankycpp_v1.4.exe,std::min,utility,0x140209748
std::popcount,0.004000,0.004000,0.0,0.0,17970000,100.0,100.0,0.333333,frankycpp_v1.4.exe,std::popcount,bit,0x140245473
Bitboard::operator^=,0.003000,0.003000,0.0,0.0,44925000,,,0.266667,frankycpp_v1.4.exe,Bitboard::operator^=,bitboard.h,0x14027750c
Bitboard::operator|=,0.003000,0.003000,0.0,0.0,35940000,,,0.166667,frankycpp_v1.4.exe,Bitboard::operator|=,bitboard.h,0x1402453b0
Bitboard::operator|=,0.003000,0.003000,0.0,0.0,56905000,,,0.473684,frankycpp_v1.4.exe,Bitboard::operator|=,bitboard.h,0x1402453dd
Bitboard::popLSB,0.003000,0.003000,0.0,0.0,20965000,16.3,16.3,0.857143,frankycpp_v1.4.exe,Bitboard::popLSB,bitboard.h,0x140240dd0
Bitboard::popLSB,0.003000,0.003000,0.0,0.0,56905000,64.5,64.5,0.526316,frankycpp_v1.4.exe,Bitboard::popLSB,bitboard.h,0x140240d5a
CastlingRights::isEmpty,0.003000,0.003000,0.0,0.0,23960000,,,0.250000,frankycpp_v1.4.exe,CastlingRights::isEmpty,castlingrights.h,0x140238db3
Direction::pawnPush,0.003000,0.003000,0.0,0.0,29950000,,,0.500000,frankycpp_v1.4.exe,Direction::pawnPush,direction.h,0x1402401f6
KeGetCurrentIrql,0.003000,0.003000,0.0,0.0,8985000,10.3,10.3,1.333333,ntoskrnl.exe,KeGetCurrentIrql,[Unknown],0x14041a2a0
KeReleaseSpinLock,0.003000,0.003000,0.0,0.0,26955000,30.8,30.8,1.333333,ntoskrnl.exe,KeReleaseSpinLock,[Unknown],0x1402d9570
Move::operator==,0.003000,0.003000,0.0,0.0,35940000,,,0.166667,frankycpp_v1.4.exe,Move::operator==,PVTable.h,0x140209835
Move::promotionType,0.003000,0.003000,0.0,0.0,32945000,,,0.545455,frankycpp_v1.4.exe,Move::promotionType,move.h,0x14023969e
Move::{ctor},0.003000,0.003000,0.0,0.0,8985000,12.5,12.5,0.333333,frankycpp_v1.4.exe,Move::{ctor},move.h,0x140240894
MoveGenerator::reset,0.003000,0.003000,0.0,0.0,5990000,0.0,0.0,0.0,frankycpp_v1.4.exe,MoveGenerator::reset,MoveGenerator.h,0x140202c78
MoveGenerator::storeKiller,0.003000,0.003000,0.0,0.0,2995000,34.3,34.3,6.000000,frankycpp_v1.4.exe,MoveGenerator::storeKiller(class Move),MoveGenerator.cpp,0x14023e180
Position::getLastMove,0.003000,0.003000,0.0,0.0,53910000,61.7,61.7,0.333333,frankycpp_v1.4.exe,Position::getLastMove,Position.h,0x140209d72
Position::getMaterialNonPawn,0.003000,0.003000,0.0,0.0,0,100.0,100.0,,frankycpp_v1.4.exe,Position::getMaterialNonPawn,Position.h,0x140208e0a
Position::isCapturingMove,0.003000,0.003000,0.0,0.0,11980000,,,0.250000,frankycpp_v1.4.exe,Position::isCapturingMove,Position.h,0x140209bd0
RtlRbRemoveNode,0.003000,0.003000,0.0,0.0,0,16.7,16.7,,ntoskrnl.exe,RtlRbRemoveNode,[Unknown],0x1402712f0
Search::thread,0.003000,0.003000,0.0,0.0,74875000,57.6,57.6,0.400000,frankycpp_v1.4.exe,Search::thread,Search.h,0x14020a671
Square::file,0.003000,0.003000,0.0,0.0,53910000,19.2,19.2,0.444444,frankycpp_v1.4.exe,Square::file,square.h,0x140245ec6
Square::file,0.003000,0.003000,0.0,0.0,23960000,21.7,21.7,0.750000,frankycpp_v1.4.exe,Square::file,square.h,0x140238e05
Value::operator int,0.003000,0.003000,0.0,0.0,38935000,,,0.307692,frankycpp_v1.4.exe,Value::operator int,value.h,0x14023a7b5
Value::operator int,0.003000,0.003000,0.0,0.0,5990000,9.1,9.1,0.500000,frankycpp_v1.4.exe,Value::operator int,value.h,0x14020a12d
boost::archive::detail::basic_serializer::operator<,0.003000,0.003000,0.0,0.0,62895000,50.0,50.0,0.238095,frankycpp_v1.4.exe,boost::archive::detail::basic_serializer::operator<,basic_serializer.hpp,0x140283433
boost::serialization::extended_type_info::operator<,0.003000,0.003000,0.0,0.0,38935000,66.7,66.7,0.307692,frankycpp_v1.4.exe,boost::serialization::extended_type_info::operator<(class boost::serialization::extended_type_info const &),extended_type_info.cpp,0x14028de30
func@0x140025370,0.003000,0.003000,0.0,0.0,0,0.0,0.0,0.0,wdf01000.sys,func@0x140025370,[Unknown],0x140025370
func@0x140113a60,0.003000,0.003000,0.0,0.0,0,38.5,38.5,,nvlddmkm.sys,func@0x140113a60,[Unknown],0x140113a60
func@0x140209c40,0.003000,0.003000,0.0,0.0,0,14.8,14.8,,ntoskrnl.exe,func@0x140209c40,[Unknown],0x140209c40
func@0x14024e80c,0.003000,0.003000,0.0,0.0,53910000,40.0,40.0,0.333333,ntoskrnl.exe,func@0x14024e80c,[Unknown],0x14024e80c
func@0x140259a80,0.003000,0.003000,0.0,0.0,14975000,66.7,66.7,0.400000,nvlddmkm.sys,func@0x140259a80,[Unknown],0x140259a80
func@0x1402dc8e0,0.003000,0.003000,0.0,0.0,0,50.0,50.0,,ntoskrnl.exe,func@0x1402dc8e0,[Unknown],0x1402dc8e0
func@0x1402e0db0,0.003000,0.003000,0.0,0.0,5990000,7.8,7.8,1.500000,ntoskrnl.exe,func@0x1402e0db0,[Unknown],0x1402e0db0
func@0x1402e7780,0.003000,0.003000,0.0,0.0,0,0.0,0.0,0.0,ntoskrnl.exe,func@0x1402e7780,[Unknown],0x1402e7780
func@0x140361670,0.003000,0.003000,0.0,0.0,8985000,100.0,100.0,0.333333,ntoskrnl.exe,func@0x140361670,[Unknown],0x140361670
func@0x140396000,0.003000,0.003000,0.0,0.0,0,5.3,5.3,,nvlddmkm.sys,func@0x140396000,[Unknown],0x140396000
func@0x1403d6b90,0.003000,0.003000,0.0,0.0,2995000,0.0,0.0,6.000000,ntoskrnl.exe,func@0x1403d6b90,[Unknown],0x1403d6b90
func@0x14043e020,0.003000,0.003000,0.0,0.0,53910000,17.8,17.8,0.333333,ntoskrnl.exe,func@0x14043e020,[Unknown],0x14043e020
func@0x1405e0e80,0.003000,0.003000,0.0,0.0,14975000,100.0,100.0,0.200000,ntoskrnl.exe,func@0x1405e0e80,[Unknown],0x1405e0e80
func@0x140b53e10,0.003000,0.003000,0.0,0.0,20965000,18.2,18.2,0.285714,nvlddmkm.sys,func@0x140b53e10,[Unknown],0x140b53e10
func@0x140e0fb60,0.003000,0.003000,0.0,0.0,5990000,0.0,0.0,0.500000,nvlddmkm.sys,func@0x140e0fb60,[Unknown],0x140e0fb60
func@0x1800cfc10,0.003000,0.003000,0.0,0.0,11980000,8.8,8.8,2.000000,ntdll.dll,func@0x1800cfc10,[Unknown],0x1800cfc10
moveValueGreaterComparator::operator(),0.003000,0.003000,0.0,0.0,23960000,30.8,30.8,0.750000,frankycpp_v1.4.exe,moveValueGreaterComparator::operator(),move.h,0x14021aea9
operator!=,0.003000,0.003000,0.0,0.0,2995000,14.3,14.3,1.000000,frankycpp_v1.4.exe,operator!=,color.h,0x14024558a
operator&,0.003000,0.003000,0.0,0.0,35940000,41.5,41.5,0.166667,frankycpp_v1.4.exe,operator&,bitboard.h,0x14023950f
operator&,0.003000,0.003000,0.0,0.0,17970000,,,0.833333,frankycpp_v1.4.exe,operator&,bitboard.h,0x140239334
operator+,0.003000,0.003000,0.0,0.0,2995000,11.8,11.8,4.000000,frankycpp_v1.4.exe,operator+,depth.h,0x14020a585
operator+,0.003000,0.003000,0.0,0.0,8985000,,,1.000000,frankycpp_v1.4.exe,operator+,direction.h,0x140240957
operator+,0.003000,0.003000,0.0,0.0,2995000,,,0.0,frankycpp_v1.4.exe,operator+,value.h,0x140208de9
operator+,0.003000,0.003000,0.0,0.0,56905000,,,0.578947,frankycpp_v1.4.exe,operator+,direction.h,0x1402393f6
operator+,0.003000,0.003000,0.0,0.0,11980000,100.0,100.0,0.250000,frankycpp_v1.4.exe,operator+,direction.h,0x1402408bd
operator-,0.003000,0.003000,0.0,0.0,41930000,47.4,47.4,0.142857,frankycpp_v1.4.exe,operator-,value.h,0x140277487
operator-,0.003000,0.003000,0.0,0.0,17970000,70.6,70.6,0.833333,frankycpp_v1.4.exe,operator-,value.h,0x140240f35
operator-,0.003000,0.003000,0.0,0.0,0,,,,frankycpp_v1.4.exe,operator-,value.h,0x140209ae3
operator|,0.003000,0.003000,0.0,0.0,98835000,,,0.363636,frankycpp_v1.4.exe,operator|,bitboard.h,0x140241000
round,0.003000,0.003000,0.0,0.0,11980000,36.4,36.4,1.250000,ucrtbase.dll,round,[Unknown],0x1800ab240
"std::_Copy_memmove<Move *,Move *>",0.003000,0.003000,0.0,0.0,14975000,33.3,33.3,0.200000,frankycpp_v1.4.exe,"std::_Copy_memmove<Move *,Move *>(class Move *, class Move *, class Move *)",xutility,0x14021da00
"std::_List_node<std::pair<unsigned __int64 const ,BookEntry>,void *>::_Freenode",0.003000,0.003000,0.0,0.0,2995000,7.7,7.7,5.000000,frankycpp_v1.4.exe,"std::_List_node<std::pair<unsigned __int64 const ,BookEntry>,void *>::_Freenode",list,0x14021a6a3
"std::array<Bitboard,8>::operator[]",0.003000,0.003000,0.0,0.0,38935000,,,0.307692,frankycpp_v1.4.exe,"std::array<Bitboard,8>::operator[]",array,0x1402408f1
"std::array<HistoryState,512>::operator[]",0.003000,0.003000,0.0,0.0,2995000,,,2.000000,frankycpp_v1.4.exe,"std::array<HistoryState,512>::operator[]",array,0x1402391b7
std::countr_zero,0.003000,0.003000,0.0,0.0,53910000,,,0.444444,frankycpp_v1.4.exe,std::countr_zero,bit,0x140240880
std::max,0.003000,0.003000,0.0,0.0,14975000,,,0.200000,frankycpp_v1.4.exe,std::max,utility,0x14020a07d
std::popcount,0.003000,0.003000,0.0,0.0,44925000,88.9,88.9,0.266667,frankycpp_v1.4.exe,std::popcount,bit,0x140245488
"std::ranges::_Inplace_merge_buffer_right<Move *,moveValueGreaterComparator,std::identity>",0.003000,0.003000,0.0,0.0,35940000,,,0.666667,frankycpp_v1.4.exe,"std::ranges::_Inplace_merge_buffer_right<Move *,moveValueGreaterComparator,std::identity>(class Move *, class Move *, class Move *, class Move *, const __int64, struct moveValueGreaterComparator, struct std::identity)",algorithm,0x14021ccf0
Bitboard::operator|=,0.002000,0.002000,0.0,0.0,44925000,,,0.266667,frankycpp_v1.4.exe,Bitboard::operator|=,bitboard.h,0x1402453bb
Bitboard::operator~,0.002000,0.002000,0.0,0.0,44925000,59.2,59.2,0.533333,frankycpp_v1.4.exe,Bitboard::operator~,bitboard.h,0x140240c34
Bitboard::popLSB,0.002000,0.002000,0.0,0.0,8985000,,,0.0,frankycpp_v1.4.exe,Bitboard::popLSB,bitboard.h,0x1402456a0
Bitboard::popLSB,0.002000,0.002000,0.0,0.0,23960000,,,0.750000,frankycpp_v1.4.exe,Bitboard::popLSB,bitboard.h,0x140240ef0
Bitboard::popLSB,0.002000,0.002000,0.0,0.0,20965000,,,0.285714,frankycpp_v1.4.exe,Bitboard::popLSB,bitboard.h,0x140240373
Direction::operator int,0.002000,0.002000,0.0,0.0,0,,,,frankycpp_v1.4.exe,Direction::operator int,direction.h,0x1402404b7
Direction::pawnPush,0.002000,0.002000,0.0,0.0,11980000,28.6,28.6,0.750000,frankycpp_v1.4.exe,Direction::pawnPush,direction.h,0x140240713
Direction::pawnPush,0.002000,0.002000,0.0,0.0,8985000,57.1,57.1,1.333333,frankycpp_v1.4.exe,Direction::pawnPush,direction.h,0x14024091d
Direction::pawnPush,0.002000,0.002000,0.0,0.0,8985000,25.5,25.5,1.000000,frankycpp_v1.4.exe,Direction::pawnPush,direction.h,0x140240678
KeAcquireInStackQueuedSpinLock,0.002000,0.002000,0.0,0.0,2995000,6.7,6.7,6.000000,ntoskrnl.exe,KeAcquireInStackQueuedSpinLock,[Unknown],0x1402866d0
KeAcquireSpinLockRaiseToDpc,0.002000,0.002000,0.0,0.0,26955000,40.0,40.0,0.777778,ntoskrnl.exe,KeAcquireSpinLockRaiseToDpc,[Unknown],0x140207fd0
Move::from,0.002000,0.002000,0.0,0.0,26955000,51.9,51.9,0.444444,frankycpp_v1.4.exe,Move::from,move.h,0x140238a9f
Move::operator==,0.002000,0.002000,0.0,0.0,26955000,45.1,45.1,0.666667,frankycpp_v1.4.exe,Move::operator==,PVTable.h,0x14020a41d
Move::stripped,0.002000,0.002000,0.0,0.0,23960000,7.6,7.6,0.750000,frankycpp_v1.4.exe,Move::stripped,move.h,0x14023e170
Move::to,0.002000,0.002000,0.0,0.0,65890000,,,0.045455,frankycpp_v1.4.exe,Move::to,move.h,0x14020985a
Move::type,0.002000,0.002000,0.0,0.0,5990000,,,0.500000,frankycpp_v1.4.exe,Move::type,move.h,0x140209873
Move::type,0.002000,0.002000,0.0,0.0,89850000,54.3,54.3,0.266667,frankycpp_v1.4.exe,Move::type,move.h,0x140239622
MoveGenerator::generateCastling,0.002000,0.002000,0.0,0.0,11980000,,,2.000000,frankycpp_v1.4.exe,"MoveGenerator::generateCastling(class Position const &,class StaticMoveList<256> *,enum GenMode)",MoveGenerator.cpp,0x140241000
MoveGenerator::generatePseudoLegalMoves,0.002000,0.002000,0.0,0.0,2995000,100.0,100.0,0.0,frankycpp_v1.4.exe,"MoveGenerator::generatePseudoLegalMoves(class Position const &,enum GenMode,bool)",MoveGenerator.cpp,0x14023ddb0
MoveGenerator::reset,0.002000,0.002000,0.0,0.0,0,0.0,0.0,,frankycpp_v1.4.exe,MoveGenerator::reset,MoveGenerator.h,0x140200273
MoveGenerator::reset,0.002000,0.002000,0.0,0.0,0,0.0,0.0,,frankycpp_v1.4.exe,MoveGenerator::reset,MoveGenerator.h,0x1402002b6
MoveGenerator::resetOnDemand,0.002000,0.002000,0.0,0.0,0,0.0,0.0,,frankycpp_v1.4.exe,MoveGenerator::resetOnDemand,MoveGenerator.h,0x140202c91
MoveGenerator::resetOnDemand,0.002000,0.002000,0.0,0.0,2995000,0.0,0.0,2.000000,frankycpp_v1.4.exe,MoveGenerator::resetOnDemand,MoveGenerator.h,0x140200288
NtWaitForWorkViaWorkerFactory,0.002000,0.002000,0.0,0.0,0,0.0,0.0,0.0,ntdll.dll,NtWaitForWorkViaWorkerFactory,[Unknown],0x180165730
ObfReferenceObjectWithTag,0.002000,0.002000,0.0,0.0,0,0.0,0.0,0.0,ntoskrnl.exe,ObfReferenceObjectWithTag,[Unknown],0x1402e7e60
Position::getEnPassantSquare,0.002000,0.002000,0.0,0.0,41930000,,,0.285714,frankycpp_v1.4.exe,Position::getEnPassantSquare,Position.h,0x140240452
Position::getMidPosValue,0.002000,0.002000,0.0,0.0,23960000,38.3,38.3,0.375000,frankycpp_v1.4.exe,Position::getMidPosValue,Position.h,0x140244f6a
Position::getNextPlayer,0.002000,0.002000,0.0,0.0,20965000,51.5,51.5,0.285714,frankycpp_v1.4.exe,Position::getNextPlayer,Position.h,0x140240a79
Position::getPiece,0.002000,0.002000,0.0,0.0,38935000,,,0.461538,frankycpp_v1.4.exe,Position::getPiece,Position.h,0x14020a450
Position::getPiece,0.002000,0.002000,0.0,0.0,152745000,85.9,85.9,0.156863,frankycpp_v1.4.exe,Position::getPiece,Position.h,0x14027742d
Position::getPieceBb,0.002000,0.002000,0.0,0.0,26955000,26.0,26.0,0.888889,frankycpp_v1.4.exe,Position::getPieceBb,Position.h,0x140240d4e
Position::getPieceBb,0.002000,0.002000,0.0,0.0,38935000,100.0,100.0,0.153846,frankycpp_v1.4.exe,Position::getPieceBb,Position.h,0x140277634
Position::getPieceBb,0.002000,0.002000,0.0,0.0,2995000,50.0,50.0,0.0,frankycpp_v1.4.exe,Position::getPieceBb,Position.h,0x140245316
RtlNumberOfSetBitsEx,0.002000,0.002000,0.0,0.0,23960000,,,0.250000,ntoskrnl.exe,RtlNumberOfSetBitsEx,[Unknown],0x140415770
Search::thread,0.002000,0.002000,0.0,0.0,20965000,56.7,56.7,0.571429,frankycpp_v1.4.exe,Search::thread,Search.h,0x1402091fc
Search::thread,0.002000,0.002000,0.0,0.0,35940000,62.0,62.0,0.333333,frankycpp_v1.4.exe,Search::thread,Search.h,0x14020a208
boost::archive::detail::basic_iarchive::get_library_version,0.002000,0.002000,0.0,0.0,0,0.0,0.0,,frankycpp_v1.4.exe,boost::archive::detail::basic_iarchive::get_library_version(void),basic_iarchive.cpp,0x140282b40
func@0x140002a7c,0.002000,0.002000,0.0,0.0,0,0.0,0.0,,usbpcap.sys,func@0x140002a7c,[Unknown],0x140002a7c
func@0x140002b5e,0.002000,0.002000,0.0,0.0,47920000,26.5,26.5,0.375000,wpprecorder.sys,func@0x140002b5e,[Unknown],0x140002b5e
func@0x14000f3d0,0.002000,0.002000,0.0,0.0,0,0.0,0.0,,e2fn.sys,func@0x14000f3d0,[Unknown],0x14000f3d0
func@0x14000f9a9,0.002000,0.002000,0.0,0.0,0,0.0,0.0,,dxgmms2.sys,func@0x14000f9a9,[Unknown],0x14000f9a9
func@0x140011400,0.002000,0.002000,0.0,0.0,0,100.0,100.0,0.0,usbxhci.sys,func@0x140011400,[Unknown],0x140011400
func@0x140013c80,0.002000,0.002000,0.0,0.0,0,66.7,66.7,,dxgmms2.sys,func@0x140013c80,[Unknown],0x140013c80
func@0x14001ac80,0.002000,0.002000,0.0,0.0,0,0.0,0.0,0.0,dxgmms2.sys,func@0x14001ac80,[Unknown],0x14001ac80
func@0x14001fa5f,0.002000,0.002000,0.0,0.0,0,0.0,0.0,0.0,nvlddmkm.sys,func@0x14001fa5f,[Unknown],0x14001fa5f
func@0x140025820,0.002000,0.002000,0.0,0.0,11980000,33.3,33.3,1.500000,usbxhci.sys,func@0x140025820,[Unknown],0x140025820
func@0x140026fb0,0.002000,0.002000,0.0,0.0,23960000,24.2,24.2,1.625000,dxgmms2.sys,func@0x140026fb0,[Unknown],0x140026fb0
func@0x140028980,0.002000,0.002000,0.0,0.0,0,50.0,50.0,0.0,dxgmms2.sys,func@0x140028980,[Unknown],0x140028980
func@0x1400386b0,0.002000,0.002000,0.0,0.0,0,0.0,0.0,,usbxhci.sys,func@0x1400386b0,[Unknown],0x1400386b0
func@0x1400f7ad0,0.002000,0.002000,0.0,0.0,20965000,37.5,37.5,1.428571,nvlddmkm.sys,func@0x1400f7ad0,[Unknown],0x1400f7ad0
func@0x1400f9b50,0.002000,0.002000,0.0,0.0,0,0.0,0.0,0.0,nvlddmkm.sys,func@0x1400f9b50,[Unknown],0x1400f9b50
func@0x1401138e0,0.002000,0.002000,0.0,0.0,2995000,9.5,9.5,6.000000,nvlddmkm.sys,func@0x1401138e0,[Unknown],0x1401138e0
func@0x1401184e0,0.002000,0.002000,0.0,0.0,0,100.0,100.0,,nvlddmkm.sys,func@0x1401184e0,[Unknown],0x1401184e0
func@0x140119170,0.002000,0.002000,0.0,0.0,0,14.3,14.3,0.0,nvlddmkm.sys,func@0x140119170,[Unknown],0x140119170
func@0x140119240,0.002000,0.002000,0.0,0.0,2995000,0.0,0.0,2.000000,nvlddmkm.sys,func@0x140119240,[Unknown],0x140119240
func@0x140162fb0,0.002000,0.002000,0.0,0.0,29950000,28.6,28.6,0.100000,nvlddmkm.sys,func@0x140162fb0,[Unknown],0x140162fb0
func@0x14020a92a,0.002000,0.002000,0.0,0.0,17970000,12.5,12.5,0.333333,ntoskrnl.exe,func@0x14020a92a,[Unknown],0x14020a92a
func@0x140225ba6,0.002000,0.002000,0.0,0.0,0,1.9,1.9,,ntoskrnl.exe,func@0x140225ba6,[Unknown],0x140225ba6
func@0x140238ba0,0.002000,0.002000,0.0,0.0,26955000,81.8,81.8,0.111111,ntoskrnl.exe,func@0x140238ba0,[Unknown],0x140238ba0
func@0x140246640,0.002000,0.002000,0.0,0.0,5990000,0.0,0.0,0.0,ntoskrnl.exe,func@0x140246640,[Unknown],0x140246640
func@0x14024bb70,0.002000,0.002000,0.0,0.0,2995000,,,5.000000,ntoskrnl.exe,func@0x14024bb70,[Unknown],0x14024bb70
func@0x14024f2a0,0.002000,0.002000,0.0,0.0,11980000,,,1.500000,ntoskrnl.exe,func@0x14024f2a0,[Unknown],0x14024f2a0
func@0x1402564c0,0.002000,0.002000,0.0,0.0,0,0.0,0.0,,ntoskrnl.exe,func@0x1402564c0,[Unknown],0x1402564c0
func@0x1402582e5,0.002000,0.002000,0.0,0.0,0,0.0,0.0,,ntoskrnl.exe,func@0x1402582e5,[Unknown],0x1402582e5
func@0x1402599f0,0.002000,0.002000,0.0,0.0,0,20.0,20.0,,nvlddmkm.sys,func@0x1402599f0,[Unknown],0x1402599f0
func@0x140284b20,0.002000,0.002000,0.0,0.0,0,9.2,9.2,,ntoskrnl.exe,func@0x140284b20,[Unknown],0x140284b20
func@0x14028ab10,0.002000,0.002000,0.0,0.0,0,0.0,0.0,,nvlddmkm.sys,func@0x14028ab10,[Unknown],0x14028ab10
func@0x14028b170,0.002000,0.002000,0.0,0.0,47920000,63.6,63.6,0.312500,nvlddmkm.sys,func@0x14028b170,[Unknown],0x14028b170
func@0x14029b860,0.002000,0.002000,0.0,0.0,0,22.2,22.2,,ntoskrnl.exe,func@0x14029b860,[Unknown],0x14029b860
func@0x1402b9dc0,0.002000,0.002000,0.0,0.0,20965000,43.3,43.3,1.142857,ntoskrnl.exe,func@0x1402b9dc0,[Unknown],0x1402b9dc0
func@0x1402dd360,0.002000,0.002000,0.0,0.0,14975000,60.0,60.0,0.800000,ntoskrnl.exe,func@0x1402dd360,[Unknown],0x1402dd360
func@0x1402dde90,0.002000,0.002000,0.0,0.0,2995000,0.0,0.0,0.0,ntoskrnl.exe,func@0x1402dde90,[Unknown],0x1402dde90
func@0x1402e2b20,0.002000,0.002000,0.0,0.0,2995000,28.6,28.6,6.000000,ntoskrnl.exe,func@0x1402e2b20,[Unknown],0x1402e2b20
func@0x140300f0b,0.002000,0.002000,0.0,0.0,8985000,17.0,17.0,1.333333,ntoskrnl.exe,func@0x140300f0b,[Unknown],0x140300f0b
func@0x14030e4ec,0.002000,0.002000,0.0,0.0,0,0.0,0.0,0.0,ntoskrnl.exe,func@0x14030e4ec,[Unknown],0x14030e4ec
func@0x14032ed40,0.002000,0.002000,0.0,0.0,14975000,20.0,20.0,0.200000,ntoskrnl.exe,func@0x14032ed40,[Unknown],0x14032ed40
func@0x140365750,0.002000,0.002000,0.0,0.0,2995000,0.0,0.0,3.000000,ntoskrnl.exe,func@0x140365750,[Unknown],0x140365750
func@0x1403c41f0,0.002000,0.002000,0.0,0.0,2995000,3.1,3.1,6.000000,ntoskrnl.exe,func@0x1403c41f0,[Unknown],0x1403c41f0
func@0x1403d90b0,0.002000,0.002000,0.0,0.0,0,0.0,0.0,0.0,ntoskrnl.exe,func@0x1403d90b0,[Unknown],0x1403d90b0
func@0x14047dc67,0.002000,0.002000,0.0,0.0,2995000,0.0,0.0,4.000000,ntoskrnl.exe,func@0x14047dc67,[Unknown],0x14047dc67
func@0x1404ea188,0.002000,0.002000,0.0,0.0,17970000,5.7,5.7,0.500000,ntoskrnl.exe,func@0x1404ea188,[Unknown],0x1404ea188
func@0x1405e1c3c,0.002000,0.002000,0.0,0.0,0,0.0,0.0,,ntoskrnl.exe,func@0x1405e1c3c,[Unknown],0x1405e1c3c
func@0x1405e25e4,0.002000,0.002000,0.0,0.0,11980000,0.0,0.0,0.500000,ntoskrnl.exe,func@0x1405e25e4,[Unknown],0x1405e25e4
func@0x1406be083,0.002000,0.002000,0.0,0.0,2995000,0.0,0.0,2.000000,ntoskrnl.exe,func@0x1406be083,[Unknown],0x1406be083
func@0x140d9b380,0.002000,0.002000,0.0,0.0,0,0.0,0.0,0.0,nvlddmkm.sys,func@0x140d9b380,[Unknown],0x140d9b380
func@0x140dc295f,0.002000,0.002000,0.0,0.0,8985000,13.3,13.3,0.333333,nvlddmkm.sys,func@0x140dc295f,[Unknown],0x140dc295f
func@0x140e1c540,0.002000,0.002000,0.0,0.0,5990000,33.3,33.3,2.000000,nvlddmkm.sys,func@0x140e1c540,[Unknown],0x140e1c540
func@0x180010e40,0.002000,0.002000,0.0,0.0,0,0.0,0.0,,vcruntime140.dll,func@0x180010e40,[Unknown],0x180010e40
func@0x18003d500,0.002000,0.002000,0.0,0.0,2995000,100.0,100.0,0.0,ntdll.dll,func@0x18003d500,[Unknown],0x18003d500
func@0x1800746c3,0.002000,0.002000,0.0,0.0,0,6.7,6.7,,ntdll.dll,func@0x1800746c3,[Unknown],0x1800746c3
func@0x1800771e8,0.002000,0.002000,0.0,0.0,2995000,33.3,33.3,0.0,ntdll.dll,func@0x1800771e8,[Unknown],0x1800771e8
func@0x180078e31,0.002000,0.002000,0.0,0.0,47920000,58.3,58.3,0.0,ntdll.dll,func@0x180078e31,[Unknown],0x180078e31
log,0.002000,0.002000,0.0,0.0,59900000,95.5,95.5,0.200000,ucrtbase.dll,log,[Unknown],0x1800a84b0
lround,0.002000,0.002000,0.0,0.0,35940000,23.5,23.5,0.333333,ucrtbase.dll,lround,[Unknown],0x18002a0a0
operator&,0.002000,0.002000,0.0,0.0,8985000,100.0,100.0,0.666667,frankycpp_v1.4.exe,operator&,bitboard.h,0x1402453c2
operator&,0.002000,0.002000,0.0,0.0,50915000,,,0.0,frankycpp_v1.4.exe,operator&,bitboard.h,0x140239781
operator&,0.002000,0.002000,0.0,0.0,23960000,81.6,81.6,0.250000,frankycpp_v1.4.exe,operator&,bitboard.h,0x1402777a0
operator&,0.002000,0.002000,0.0,0.0,26955000,33.4,33.4,0.444444,frankycpp_v1.4.exe,operator&,bitboard.h,0x1402453e2
operator&,0.002000,0.002000,0.0,0.0,41930000,39.1,39.1,0.285714,frankycpp_v1.4.exe,operator&,bitboard.h,0x1402407bb
operator*,0.002000,0.002000,0.0,0.0,26955000,10.8,10.8,0.444444,frankycpp_v1.4.exe,operator*,direction.h,0x140240858
operator+=,0.002000,0.002000,0.0,0.0,2995000,,,1.000000,frankycpp_v1.4.exe,operator+=,depth.h,0x140209844
operator+=,0.002000,0.002000,0.0,0.0,86855000,,,0.0,frankycpp_v1.4.exe,operator+=,value.h,0x140245783
operator-,0.002000,0.002000,0.0,0.0,8985000,0.0,0.0,1.333333,frankycpp_v1.4.exe,operator-,value.h,0x140208f02
operator-,0.002000,0.002000,0.0,0.0,2995000,0.0,0.0,5.000000,frankycpp_v1.4.exe,operator-,value.h,0x140208f3f
operator-,0.002000,0.002000,0.0,0.0,0,0.0,0.0,,frankycpp_v1.4.exe,operator-,depth.h,0x140209474
operator-=,0.002000,0.002000,0.0,0.0,8985000,45.0,45.0,1.000000,frankycpp_v1.4.exe,operator-=,depth.h,0x140209770
operator|,0.002000,0.002000,0.0,0.0,11980000,,,0.500000,frankycpp_v1.4.exe,operator|,bitboard.h,0x140240728
operator~,0.002000,0.002000,0.0,0.0,0,0.0,0.0,,frankycpp_v1.4.exe,operator~,color.h,0x14023927d
operator~,0.002000,0.002000,0.0,0.0,2995000,,,1.000000,frankycpp_v1.4.exe,operator~,color.h,0x140209cbc
operator~,0.002000,0.002000,0.0,0.0,0,0.0,0.0,,frankycpp_v1.4.exe,operator~,color.h,0x14023fa84
operator~,0.002000,0.002000,0.0,0.0,2995000,0.0,0.0,0.0,frankycpp_v1.4.exe,operator~,color.h,0x140209d0b
std::_Copy_memmove_tail<Move *>,0.002000,0.002000,0.0,0.0,5990000,18.2,18.2,1.000000,frankycpp_v1.4.exe,"std::_Copy_memmove_tail<Move *>(const char *, class Move *, const unsigned __int64, const unsigned __int64)",xutility,0x14021dca0
"std::_Hash<class std::_Umap_traits<unsigned __int64,class BookEntry,class std::_Uhash_compare<unsigned __int64,struct std::hash<unsigned __int64>,struct std::equal_to<unsigned __int64> >,class std::allocator<struct std::pair<unsigned __int64 const ,class BookEntry> >,0> >::emplace<struct std::pair<unsigned __int64 const ,class BookEntry> >",0.002000,0.002000,0.0,0.0,5990000,40.0,40.0,0.0,frankycpp_v1.4.exe,"std::_Hash<class std::_Umap_traits<unsigned __int64,class BookEntry,class std::_Uhash_compare<unsigned __int64,struct std::hash<unsigned __int64>,struct std::equal_to<unsigned __int64> >,class std::allocator<struct std::pair<unsigned __int64 const ,class BookEntry> >,0> >::emplace<struct std::pair<unsigned __int64 const ,class BookEntry> >(struct std::pair<unsigned __int64 const ,class BookEntry> &&)",xhash,0x1402617b0
std::_Static_partition_team<__int64>::_Get_next_key,0.002000,0.002000,0.0,0.0,2995000,8.5,8.5,4.000000,frankycpp_v1.4.exe,std::_Static_partition_team<__int64>::_Get_next_key,execution,0x140247fb0
"std::array<Bitboard,64>::operator[]",0.002000,0.002000,0.0,0.0,11980000,16.9,16.9,0.750000,frankycpp_v1.4.exe,"std::array<Bitboard,64>::operator[]",array,0x14020a812
"std::array<Value,25>::operator[]",0.002000,0.002000,0.0,0.0,14975000,,,0.400000,frankycpp_v1.4.exe,"std::array<Value,25>::operator[]",array,0x140240df1
"std::array<Value,25>::operator[]",0.002000,0.002000,0.0,0.0,2995000,,,0.0,frankycpp_v1.4.exe,"std::array<Value,25>::operator[]",array,0x140240f92
"std::array<std::array<Bitboard,64>,8>::operator[]",0.002000,0.002000,0.0,0.0,17970000,50.0,50.0,0.166667,frankycpp_v1.4.exe,"std::array<std::array<Bitboard,64>,8>::operator[]",array,0x140245334
"std::array<std::array<Move,64>,64>::operator[]",0.002000,0.002000,0.0,0.0,47920000,100.0,100.0,0.250000,frankycpp_v1.4.exe,"std::array<std::array<Move,64>,64>::operator[]",array,0x140209d99
std::countr_zero,0.002000,0.002000,0.0,0.0,47920000,37.2,37.2,0.437500,frankycpp_v1.4.exe,std::countr_zero,bit,0x1402456a0
std::max,0.002000,0.002000,0.0,0.0,38935000,28.4,28.4,0.692308,frankycpp_v1.4.exe,std::max,utility,0x140208710
std::min,0.002000,0.002000,0.0,0.0,11980000,,,0.0,frankycpp_v1.4.exe,std::min,utility,0x14020a08a
std::popcount,0.002000,0.002000,0.0,0.0,23960000,59.2,59.2,1.250000,frankycpp_v1.4.exe,std::popcount,bit,0x140239a99
typeOf,0.002000,0.002000,0.0,0.0,17970000,33.3,33.3,0.500000,frankycpp_v1.4.exe,typeOf,piece.h,0x140240ded
valueOf,0.002000,0.002000,0.0,0.0,26955000,73.8,73.8,0.111111,frankycpp_v1.4.exe,valueOf,value.h,0x140277423
Bitboard::lsb,0.001000,0.001000,0.0,0.0,14975000,,,0.600000,frankycpp_v1.4.exe,Bitboard::lsb,bitboard.h,0x14023ffca
Bitboard::operator bool,0.001000,0.001000,0.0,0.0,50915000,87.3,87.3,0.176471,frankycpp_v1.4.exe,Bitboard::operator bool,bitboard.h,0x14024578d
Bitboard::operator bool,0.001000,0.001000,0.0,0.0,8985000,,,0.333333,frankycpp_v1.4.exe,Bitboard::operator bool,bitboard.h,0x1402403f0
Bitboard::operator|=,0.001000,0.001000,0.0,0.0,29950000,40.1,40.1,0.300000,frankycpp_v1.4.exe,Bitboard::operator|=,bitboard.h,0x1402396cd
Bitboard::operator|=,0.001000,0.001000,0.0,0.0,8985000,,,0.0,frankycpp_v1.4.exe,Bitboard::operator|=,bitboard.h,0x14024543f
Bitboard::popLSB,0.001000,0.001000,0.0,0.0,26955000,30.2,30.2,0.444444,frankycpp_v1.4.exe,Bitboard::popLSB,bitboard.h,0x1402459c8
Bitboard::popLSB,0.001000,0.001000,0.0,0.0,5990000,,,1.000000,frankycpp_v1.4.exe,Bitboard::popLSB,bitboard.h,0x140240225
Bitboard::popLSB,0.001000,0.001000,0.0,0.0,2995000,20.0,20.0,1.000000,frankycpp_v1.4.exe,Bitboard::popLSB,bitboard.h,0x140240880
Bitboard::popLSB,0.001000,0.001000,0.0,0.0,14975000,,,0.200000,frankycpp_v1.4.exe,Bitboard::popLSB,bitboard.h,0x140240683
CastlingRights::isEmpty,0.001000,0.001000,0.0,0.0,0,0.0,0.0,0.0,frankycpp_v1.4.exe,CastlingRights::isEmpty,castlingrights.h,0x140238d17
Color::iterator::{ctor},0.001000,0.001000,0.0,0.0,8985000,100.0,100.0,0.333333,frankycpp_v1.4.exe,Color::iterator::{ctor},color.h,0x1402452d8
Direction::pawnPush,0.001000,0.001000,0.0,0.0,5990000,,,0.0,frankycpp_v1.4.exe,Direction::pawnPush,direction.h,0x140240478
Direction::pawnPush,0.001000,0.001000,0.0,0.0,0,0.0,0.0,0.0,frankycpp_v1.4.exe,Direction::pawnPush,direction.h,0x14024057c
DpiGetSchedulerCallbackState,0.001000,0.001000,0.0,0.0,0,0.0,0.0,0.0,dxgkrnl.sys,DpiGetSchedulerCallbackState,[Unknown],0x140033c10
EntropyProvideData,0.001000,0.001000,0.0,0.0,0,0.0,0.0,0.0,cng.sys,EntropyProvideData,[Unknown],0x18002d0e0
ExAcquireAutoExpandPushLockShared,0.001000,0.001000,0.0,0.0,2995000,,,0.0,ntoskrnl.exe,ExAcquireAutoExpandPushLockShared,[Unknown],0x1402e75e0
ExAcquireCacheAwarePushLockSharedEx,0.001000,0.001000,0.0,0.0,5990000,16.7,16.7,1.000000,ntoskrnl.exe,ExAcquireCacheAwarePushLockSharedEx,[Unknown],0x1402e7530
ExReleaseResourceLite,0.001000,0.001000,0.0,0.0,0,,,0.0,ntoskrnl.exe,ExReleaseResourceLite,[Unknown],0x14020d900
IoFreeMdl,0.001000,0.001000,0.0,0.0,0,0.0,0.0,,ntoskrnl.exe,IoFreeMdl,[Unknown],0x14021ac00
KeAcquireInStackQueuedSpinLockAtDpcLevel,0.001000,0.001000,0.0,0.0,0,7.1,7.1,,ntoskrnl.exe,KeAcquireInStackQueuedSpinLockAtDpcLevel,[Unknown],0x140286670
KeAddGroupAffinityEx,0.001000,0.001000,0.0,0.0,0,0.0,0.0,0.0,ntoskrnl.exe,KeAddGroupAffinityEx,[Unknown],0x14020a5b0
KeAndAffinityEx2,0.001000,0.001000,0.0,0.0,26955000,,,0.222222,ntoskrnl.exe,KeAndAffinityEx2,[Unknown],0x140311e10
KeEnumerateNextProcessor,0.001000,0.001000,0.0,0.0,8985000,,,0.666667,ntoskrnl.exe,KeEnumerateNextProcessor,[Unknown],0x14040aa70
KeIsEmptyAffinityEx,0.001000,0.001000,0.0,0.0,2995000,0.0,0.0,0.0,ntoskrnl.exe,KeIsEmptyAffinityEx,[Unknown],0x1403b54c0
KeReleaseInStackQueuedSpinLockFromDpcLevel,0.001000,0.001000,0.0,0.0,5990000,16.7,16.7,0.500000,ntoskrnl.exe,KeReleaseInStackQueuedSpinLockFromDpcLevel,[Unknown],0x1403023d0
KeRemoveQueueEx,0.001000,0.001000,0.0,0.0,0,0.0,0.0,0.0,ntoskrnl.exe,KeRemoveQueueEx,[Unknown],0x140257e80
KeSetEvent,0.001000,0.001000,0.0,0.0,5990000,14.7,14.7,2.000000,ntoskrnl.exe,KeSetEvent,[Unknown],0x140225a50
KeSynchronizeExecution,0.001000,0.001000,0.0,0.0,0,0.0,0.0,,ntoskrnl.exe,KeSynchronizeExecution,[Unknown],0x1402069b0
Move::encode,0.001000,0.001000,0.0,0.0,14975000,53.8,53.8,1.000000,frankycpp_v1.4.exe,Move::encode,move.h,0x140240232
Move::encode,0.001000,0.001000,0.0,0.0,8985000,0.0,0.0,1.000000,frankycpp_v1.4.exe,Move::encode,move.h,0x14024028e
Move::encode,0.001000,0.001000,0.0,0.0,11980000,14.3,14.3,0.500000,frankycpp_v1.4.exe,Move::encode,move.h,0x1402406b2
Move::to,0.001000,0.001000,0.0,0.0,2995000,18.2,18.2,3.000000,frankycpp_v1.4.exe,Move::to,move.h,0x1402390a9
Move::to,0.001000,0.001000,0.0,0.0,23960000,0.0,0.0,0.625000,frankycpp_v1.4.exe,Move::to,move.h,0x140209d13
Move::type,0.001000,0.001000,0.0,0.0,14975000,14.6,14.6,0.400000,frankycpp_v1.4.exe,Move::type,move.h,0x14020a847
Move::type,0.001000,0.001000,0.0,0.0,17970000,,,0.833333,frankycpp_v1.4.exe,Move::type,move.h,0x140209bfc
Move::type,0.001000,0.001000,0.0,0.0,0,0.0,0.0,0.0,frankycpp_v1.4.exe,Move::type,move.h,0x14023faa6
Move::{ctor},0.001000,0.001000,0.0,0.0,5990000,66.7,66.7,0.500000,frankycpp_v1.4.exe,Move::{ctor},move.h,0x140240943
MoveGenerator::generateLegalMoves,0.001000,0.001000,0.0,0.0,0,,,0.0,frankycpp_v1.4.exe,"MoveGenerator::generateLegalMoves(class Position const &,enum GenMode)",MoveGenerator.cpp,0x14023df00
MoveGenerator::resetOnDemand,0.001000,0.001000,0.0,0.0,0,0.0,0.0,0.0,frankycpp_v1.4.exe,MoveGenerator::resetOnDemand,MoveGenerator.h,0x1402002cb
MoveGenerator::setPV,0.001000,0.001000,0.0,0.0,2995000,,,2.000000,frankycpp_v1.4.exe,MoveGenerator::setPV(class Move),MoveGenerator.cpp,0x14023e170
NtAllocateVirtualMemory,0.001000,0.001000,0.0,0.0,0,0.0,0.0,0.0,ntdll.dll,NtAllocateVirtualMemory,[Unknown],0x180161d80
NtCreateThreadEx,0.001000,0.001000,0.0,0.0,0,0.0,0.0,0.0,ntdll.dll,NtCreateThreadEx,[Unknown],0x180163390
NtSetEvent,0.001000,0.001000,0.0,0.0,0,0.0,0.0,0.0,ntoskrnl.exe,NtSetEvent,[Unknown],0x14098a760
NtWaitForAlertByThreadId,0.001000,0.001000,0.0,0.0,0,0.0,0.0,0.0,ntdll.dll,NtWaitForAlertByThreadId,[Unknown],0x1801656d0
PlyInfo::resetSearchState,0.001000,0.001000,0.0,0.0,0,0.0,0.0,,frankycpp_v1.4.exe,PlyInfo::resetSearchState,PlyInfo.h,0x140202c70
Position::clearEnPassant,0.001000,0.001000,0.0,0.0,11980000,17.6,17.6,0.750000,frankycpp_v1.4.exe,Position::clearEnPassant,Position.cpp,0x140239204
Position::getEnPassantSquare,0.001000,0.001000,0.0,0.0,47920000,9.8,9.8,0.187500,frankycpp_v1.4.exe,Position::getEnPassantSquare,Position.h,0x1402776c4
Position::isCapturingMove,0.001000,0.001000,0.0,0.0,11980000,,,0.0,frankycpp_v1.4.exe,Position::isCapturingMove,Position.h,0x14020984b
Position::isLegalMove,0.001000,0.001000,0.0,0.0,0,20.0,20.0,,frankycpp_v1.4.exe,Position::isLegalMove(class Move),Position.cpp,0x1402398e0
Position::undoNullMove,0.001000,0.001000,0.0,0.0,20965000,14.1,14.1,2.714286,frankycpp_v1.4.exe,Position::undoNullMove(void),Position.cpp,0x140239260
RtlAllocateHeap,0.001000,0.001000,0.0,0.0,23960000,25.0,25.0,0.125000,ntdll.dll,RtlAllocateHeap,[Unknown],0x18001c250
RtlAnsiCharToUnicodeChar,0.001000,0.001000,0.0,0.0,0,0.0,0.0,,ntdll.dll,RtlAnsiCharToUnicodeChar,[Unknown],0x1800cdde0
Search::aspirationSearch,0.001000,0.001000,0.0,0.0,2995000,0.0,0.0,0.0,frankycpp_v1.4.exe,"Search::aspirationSearch(class Position &,enum Depth,class Value)",Search.cpp,0x140207f20
Search::iterativeDeepening,0.001000,0.001000,0.0,0.0,0,50.0,50.0,,frankycpp_v1.4.exe,Search::iterativeDeepening(class Position &),Search.cpp,0x140205190
Search::thread,0.001000,0.001000,0.0,0.0,2995000,0.0,0.0,0.0,frankycpp_v1.4.exe,Search::thread,Search.h,0x140209da4
SearchThreadData::lmr_reduction_log,0.001000,0.001000,0.0,0.0,5990000,100.0,100.0,0.500000,frankycpp_v1.4.exe,SearchThreadData::lmr_reduction_log,SearchThreadData.h,0x1401ff5a6
Square::pawnPush,0.001000,0.001000,0.0,0.0,0,25.0,25.0,,frankycpp_v1.4.exe,Square::pawnPush,square.h,0x140238ca1
StaticMoveList<256>::push_back,0.001000,0.001000,0.0,0.0,2995000,,,0.0,frankycpp_v1.4.exe,StaticMoveList<256>::push_back,staticmovelist.h,0x14024102f
StaticMoveList<256>::push_back,0.001000,0.001000,0.0,0.0,0,0.0,0.0,0.0,frankycpp_v1.4.exe,StaticMoveList<256>::push_back,staticmovelist.h,0x14024027c
StaticMoveList<256>::push_back,0.001000,0.001000,0.0,0.0,2995000,0.0,0.0,0.0,frankycpp_v1.4.exe,StaticMoveList<256>::push_back,staticmovelist.h,0x1402410b2
Value::operator int,0.001000,0.001000,0.0,0.0,8985000,,,0.666667,frankycpp_v1.4.exe,Value::operator int,value.h,0x140208c7b
Value::{ctor},0.001000,0.001000,0.0,0.0,29950000,,,0.300000,frankycpp_v1.4.exe,Value::{ctor},value.h,0x140208c96
Value::{ctor},0.001000,0.001000,0.0,0.0,8985000,,,0.666667,frankycpp_v1.4.exe,Value::{ctor},value.h,0x140208cc0
Value::{ctor},0.001000,0.001000,0.0,0.0,0,0.0,0.0,,frankycpp_v1.4.exe,Value::{ctor},value.h,0x14020a705
WppAutoLogTrace,0.001000,0.001000,0.0,0.0,0,25.0,25.0,0.0,wpprecorder.sys,WppAutoLogTrace,[Unknown],0x140002b00
YAML::RegEx::MatchUnchecked<class YAML::StreamCharSource>,0.001000,0.001000,0.0,0.0,5990000,50.0,50.0,0.500000,frankycpp_v1.4.exe,YAML::RegEx::MatchUnchecked<class YAML::StreamCharSource>(class YAML::StreamCharSource const &),regeximpl.h,0x1402c6f80
[Import thunk memcpy],0.001000,0.001000,0.0,0.0,20965000,,,0.285714,frankycpp_v1.4.exe,[Import thunk memcpy],[Unknown],0x1405ef7fc
[usbxhci.sys],0.001000,0.001000,0.0,0.0,0,0.0,0.0,0.0,usbxhci.sys,[usbxhci.sys],[Unknown],0x0
__builtin_array_init_helper<class Move>,0.001000,0.001000,0.0,0.0,2995000,5.3,5.3,0.0,frankycpp_v1.4.exe,"__builtin_array_init_helper<class Move>(class Move *,unsigned __int64)",[Unknown],0x14019b7c0
boost::archive::detail::basic_iarchive_impl::load_object,0.001000,0.001000,0.0,0.0,5990000,100.0,100.0,0.0,frankycpp_v1.4.exe,boost::archive::detail::basic_iarchive_impl::load_object,basic_iarchive.cpp,0x140282bc1
boost::archive::detail::basic_iarchive_impl::load_preamble,0.001000,0.001000,0.0,0.0,17970000,16.7,16.7,0.333333,frankycpp_v1.4.exe,"boost::archive::detail::basic_iarchive_impl::load_preamble(class boost::archive::detail::basic_iarchive &,class boost::archive::detail::basic_iarchive_impl::cobject_id &)",basic_iarchive.cpp,0x140283220
boost::archive::detail::common_iarchive<boost::archive::binary_iarchive>::load_override,0.001000,0.001000,0.0,0.0,0,0.0,0.0,0.0,frankycpp_v1.4.exe,boost::archive::detail::common_iarchive<boost::archive::binary_iarchive>::load_override,common_iarchive.hpp,0x1402685b0
"boost::archive::detail::iserializer<class boost::archive::binary_iarchive,class Move>::load_object_data",0.001000,0.001000,0.0,0.0,5990000,50.0,50.0,1.000000,frankycpp_v1.4.exe,"boost::archive::detail::iserializer<class boost::archive::binary_iarchive,class Move>::load_object_data(class boost::archive::detail::basic_iarchive &,void *,unsigned int)",iserializer.hpp,0x14026dd10
boost::archive::detail::load_non_pointer_type<boost::archive::binary_iarchive>::load_standard::invoke,0.001000,0.001000,0.0,0.0,2995000,,,0.0,frankycpp_v1.4.exe,boost::archive::detail::load_non_pointer_type<boost::archive::binary_iarchive>::load_standard::invoke,iserializer.hpp,0x140262b36
"boost::serialization::free_loader<boost::archive::binary_iarchive,boost::serialization::nvp<int> >::invoke",0.001000,0.001000,0.0,0.0,0,0.0,0.0,0.0,frankycpp_v1.4.exe,"boost::serialization::free_loader<boost::archive::binary_iarchive,boost::serialization::nvp<int> >::invoke",split_free.hpp,0x1402667c5
boost::serialization::load,0.001000,0.001000,0.0,0.0,5990000,0.0,0.0,0.0,frankycpp_v1.4.exe,boost::serialization::load,vector.hpp,0x14026998a
"boost::serialization::load<class boost::archive::binary_iarchive,class BookEntry>",0.001000,0.001000,0.0,0.0,5990000,,,0.0,frankycpp_v1.4.exe,"boost::serialization::load<class boost::archive::binary_iarchive,class BookEntry>(class boost::archive::binary_iarchive &,class boost::serialization::nvp<class BookEntry> &,unsigned int)",nvp.hpp,0x1402657b0
"boost::serialization::load<class boost::archive::binary_iarchive,class boost::serialization::item_version_type>",0.001000,0.001000,0.0,0.0,5990000,50.0,50.0,0.500000,frankycpp_v1.4.exe,"boost::serialization::load<class boost::archive::binary_iarchive,class boost::serialization::item_version_type>(class boost::archive::binary_iarchive &,class boost::serialization::nvp<class boost::serialization::item_version_type> &,unsigned int)",nvp.hpp,0x1402623c0
"boost::serialization::load<class boost::archive::binary_iarchive,struct std::pair<unsigned __int64 const ,class BookEntry> >",0.001000,0.001000,0.0,0.0,0,50.0,50.0,0.0,frankycpp_v1.4.exe,"boost::serialization::load<class boost::archive::binary_iarchive,struct std::pair<unsigned __int64 const ,class BookEntry> >(class boost::archive::binary_iarchive &,class boost::serialization::nvp<struct std::pair<unsigned __int64 const ,class BookEntry> > &,unsigned int)",nvp.hpp,0x140262b10
"boost::serialization::load<class boost::archive::binary_iarchive,unsigned __int64,class std::allocator<unsigned __int64> >",0.001000,0.001000,0.0,0.0,5990000,,,1.500000,frankycpp_v1.4.exe,"boost::serialization::load<class boost::archive::binary_iarchive,unsigned __int64,class std::allocator<unsigned __int64> >(class boost::archive::binary_iarchive &,class std::vector<unsigned __int64,class std::allocator<unsigned __int64> > &,unsigned int,struct boost::mpl::bool_<1>)",vector.hpp,0x14026c0a0
"boost::serialization::smart_cast_reference<boost::archive::binary_iarchive &,boost::archive::detail::basic_iarchive>",0.001000,0.001000,0.0,0.0,2995000,50.0,50.0,0.0,frankycpp_v1.4.exe,"boost::serialization::smart_cast_reference<boost::archive::binary_iarchive &,boost::archive::detail::basic_iarchive>(class boost::archive::detail::basic_iarchive & const)",smart_cast.hpp,0x14025fdc0
"boost::serialization::stl::collection_load_impl<class boost::archive::binary_iarchive,class std::vector<class Move,class std::allocator<class Move> > >",0.001000,0.001000,0.0,0.0,8985000,30.0,30.0,0.333333,frankycpp_v1.4.exe,"boost::serialization::stl::collection_load_impl<class boost::archive::binary_iarchive,class std::vector<class Move,class std::allocator<class Move> > >(class boost::archive::binary_iarchive &,class std::vector<class Move,class std::allocator<class Move> > &,class boost::serialization::collection_size_type,class boost::serialization::item_version_type)",collections_load_imp.hpp,0x14026bea0
engine::Benchmark::run,0.001000,0.001000,0.0,0.0,0,0.0,0.0,0.0,frankycpp_v1.4.exe,engine::Benchmark::run(struct engine::BenchConfig const &),Benchmark.cpp,0x1401a3aa0
freefls,0.001000,0.001000,0.0,0.0,0,0.0,0.0,0.0,msvcrt.dll,freefls,[Unknown],0x18003e990
func@0x140005250,0.001000,0.001000,0.0,0.0,0,0.0,0.0,,dxgmms2.sys,func@0x140005250,[Unknown],0x140005250
func@0x1400064f0,0.001000,0.001000,0.0,0.0,0,0.0,0.0,0.0,usbxhci.sys,func@0x1400064f0,[Unknown],0x1400064f0
func@0x14000a0ec,0.001000,0.001000,0.0,0.0,0,0.0,0.0,0.0,dxgmms2.sys,func@0x14000a0ec,[Unknown],0x14000a0ec
func@0x14000bb10,0.001000,0.001000,0.0,0.0,0,100.0,100.0,0.0,wdf01000.sys,func@0x14000bb10,[Unknown],0x14000bb10
func@0x14000bc50,0.001000,0.001000,0.0,0.0,0,0.0,0.0,,wdf01000.sys,func@0x14000bc50,[Unknown],0x14000bc50
func@0x14000bca0,0.001000,0.001000,0.0,0.0,0,0.0,0.0,0.0,winhvr.sys,func@0x14000bca0,[Unknown],0x14000bca0
func@0x14000bd0a,0.001000,0.001000,0.0,0.0,0,0.0,0.0,0.0,winhvr.sys,func@0x14000bd0a,[Unknown],0x14000bd0a
func@0x14000c9c2,0.001000,0.001000,0.0,0.0,0,0.0,0.0,0.0,dxgmms2.sys,func@0x14000c9c2,[Unknown],0x14000c9c2
func@0x14000cb90,0.001000,0.001000,0.0,0.0,0,0.0,0.0,,nvlddmkm.sys,func@0x14000cb90,[Unknown],0x14000cb90
func@0x14000d480,0.001000,0.001000,0.0,0.0,0,0.0,0.0,0.0,nvlddmkm.sys,func@0x14000d480,[Unknown],0x14000d480
func@0x14000d5e0,0.001000,0.001000,0.0,0.0,2995000,0.0,0.0,3.000000,dxgmms2.sys,func@0x14000d5e0,[Unknown],0x14000d5e0
func@0x14000d928,0.001000,0.001000,0.0,0.0,2995000,0.0,0.0,5.000000,dxgmms2.sys,func@0x14000d928,[Unknown],0x14000d928
func@0x14000e020,0.001000,0.001000,0.0,0.0,0,0.0,0.0,0.0,usbxhci.sys,func@0x14000e020,[Unknown],0x14000e020
func@0x14000e4e0,0.001000,0.001000,0.0,0.0,2995000,0.0,0.0,2.000000,dxgmms2.sys,func@0x14000e4e0,[Unknown],0x14000e4e0
func@0x140011740,0.001000,0.001000,0.0,0.0,0,0.0,0.0,0.0,dxgmms2.sys,func@0x140011740,[Unknown],0x140011740
func@0x14001672d,0.001000,0.001000,0.0,0.0,0,0.0,0.0,,wdf01000.sys,func@0x14001672d,[Unknown],0x14001672d
func@0x14001caa4,0.001000,0.001000,0.0,0.0,0,0.0,0.0,0.0,wdf01000.sys,func@0x14001caa4,[Unknown],0x14001caa4
func@0x14001e3f0,0.001000,0.001000,0.0,0.0,0,0.0,0.0,0.0,netadaptercx.sys,func@0x14001e3f0,[Unknown],0x14001e3f0
func@0x14001f370,0.001000,0.001000,0.0,0.0,0,0.0,0.0,,nvlddmkm.sys,func@0x14001f370,[Unknown],0x14001f370
func@0x14001f61f,0.001000,0.001000,0.0,0.0,0,0.0,0.0,0.0,nvlddmkm.sys,func@0x14001f61f,[Unknown],0x14001f61f
func@0x14001f930,0.001000,0.001000,0.0,0.0,0,0.0,0.0,0.0,nvlddmkm.sys,func@0x14001f930,[Unknown],0x14001f930
func@0x14001fabf,0.001000,0.001000,0.0,0.0,0,0.0,0.0,0.0,nvlddmkm.sys,func@0x14001fabf,[Unknown],0x14001fabf
func@0x14001fe40,0.001000,0.001000,0.0,0.0,0,0.0,0.0,0.0,nvlddmkm.sys,func@0x14001fe40,[Unknown],0x14001fe40
func@0x140020340,0.001000,0.001000,0.0,0.0,0,0.0,0.0,,netadaptercx.sys,func@0x140020340,[Unknown],0x140020340
func@0x1400251a0,0.001000,0.001000,0.0,0.0,0,0.0,0.0,0.0,usbxhci.sys,func@0x1400251a0,[Unknown],0x1400251a0
func@0x1400254a0,0.001000,0.001000,0.0,0.0,0,0.0,0.0,0.0,dxgmms2.sys,func@0x1400254a0,[Unknown],0x1400254a0
func@0x1400258c0,0.001000,0.001000,0.0,0.0,0,0.0,0.0,,wdf01000.sys,func@0x1400258c0,[Unknown],0x1400258c0
func@0x140026330,0.001000,0.001000,0.0,0.0,0,0.0,0.0,0.0,wdf01000.sys,func@0x140026330,[Unknown],0x140026330
func@0x140026780,0.001000,0.001000,0.0,0.0,2995000,3.3,3.3,3.000000,wdf01000.sys,func@0x140026780,[Unknown],0x140026780
func@0x140027710,0.001000,0.001000,0.0,0.0,0,0.0,0.0,0.0,dxgmms2.sys,func@0x140027710,[Unknown],0x140027710
func@0x140028748,0.001000,0.001000,0.0,0.0,0,0.0,0.0,,dxgmms2.sys,func@0x140028748,[Unknown],0x140028748
func@0x140029970,0.001000,0.001000,0.0,0.0,5990000,22.2,22.2,2.000000,dxgmms2.sys,func@0x140029970,[Unknown],0x140029970
func@0x14002ab90,0.001000,0.001000,0.0,0.0,0,0.0,0.0,,dxgmms2.sys,func@0x14002ab90,[Unknown],0x14002ab90
func@0x14002d920,0.001000,0.001000,0.0,0.0,0,0.0,0.0,0.0,dxgmms2.sys,func@0x14002d920,[Unknown],0x14002d920
func@0x14002dbc0,0.001000,0.001000,0.0,0.0,0,0.0,0.0,0.0,dxgkrnl.sys,func@0x14002dbc0,[Unknown],0x14002dbc0
func@0x140030ce0,0.001000,0.001000,0.0,0.0,0,,,0.0,dxgkrnl.sys,func@0x140030ce0,[Unknown],0x140030ce0
func@0x1400358ef,0.001000,0.001000,0.0,0.0,0,0.0,0.0,0.0,dxgmms2.sys,func@0x1400358ef,[Unknown],0x1400358ef
func@0x140036c4c,0.001000,0.001000,0.0,0.0,0,0.0,0.0,0.0,dxgmms2.sys,func@0x140036c4c,[Unknown],0x140036c4c
func@0x140036f50,0.001000,0.001000,0.0,0.0,0,0.0,0.0,0.0,wdfilter.sys,func@0x140036f50,[Unknown],0x140036f50
func@0x14003bd30,0.001000,0.001000,0.0,0.0,0,0.0,0.0,,dxgmms2.sys,func@0x14003bd30,[Unknown],0x14003bd30
func@0x140046fc8,0.001000,0.001000,0.0,0.0,0,0.0,0.0,0.0,dxgmms2.sys,func@0x140046fc8,[Unknown],0x140046fc8
func@0x140049b80,0.001000,0.001000,0.0,0.0,0,0.0,0.0,,e2fn.sys,func@0x140049b80,[Unknown],0x140049b80
func@0x140064870,0.001000,0.001000,0.0,0.0,0,0.0,0.0,0.0,wdfilter.sys,func@0x140064870,[Unknown],0x140064870
func@0x140067b60,0.001000,0.001000,0.0,0.0,0,0.0,0.0,,e2fn.sys,func@0x140067b60,[Unknown],0x140067b60
func@0x140084040,0.001000,0.001000,0.0,0.0,0,0.0,0.0,0.0,tcpip.sys,func@0x140084040,[Unknown],0x140084040
func@0x140088730,0.001000,0.001000,0.0,0.0,0,0.0,0.0,0.0,tcpip.sys,func@0x140088730,[Unknown],0x140088730
func@0x140098890,0.001000,0.001000,0.0,0.0,0,0.0,0.0,,nvlddmkm.sys,func@0x140098890,[Unknown],0x140098890
func@0x140099c70,0.001000,0.001000,0.0,0.0,0,0.0,0.0,0.0,nvlddmkm.sys,func@0x140099c70,[Unknown],0x140099c70
func@0x14009b890,0.001000,0.001000,0.0,0.0,0,0.0,0.0,0.0,nvlddmkm.sys,func@0x14009b890,[Unknown],0x14009b890
func@0x14009dc84,0.001000,0.001000,0.0,0.0,0,0.0,0.0,0.0,e2fn.sys,func@0x14009dc84,[Unknown],0x14009dc84
func@0x1400ab280,0.001000,0.001000,0.0,0.0,0,0.0,0.0,,tcpip.sys,func@0x1400ab280,[Unknown],0x1400ab280
func@0x1400aca30,0.001000,0.001000,0.0,0.0,5990000,0.0,0.0,0.0,tcpip.sys,func@0x1400aca30,[Unknown],0x1400aca30
func@0x1400d90e0,0.001000,0.001000,0.0,0.0,0,0.0,0.0,,nvlddmkm.sys,func@0x1400d90e0,[Unknown],0x1400d90e0
func@0x1400e2480,0.001000,0.001000,0.0,0.0,0,0.0,0.0,,nvlddmkm.sys,func@0x1400e2480,[Unknown],0x1400e2480
func@0x1400e29e0,0.001000,0.001000,0.0,0.0,0,11.1,11.1,,nvlddmkm.sys,func@0x1400e29e0,[Unknown],0x1400e29e0
func@0x1400f2100,0.001000,0.001000,0.0,0.0,0,0.0,0.0,0.0,nvlddmkm.sys,func@0x1400f2100,[Unknown],0x1400f2100
func@0x1400f2460,0.001000,0.001000,0.0,0.0,0,0.0,0.0,0.0,nvlddmkm.sys,func@0x1400f2460,[Unknown],0x1400f2460
func@0x1400f6d70,0.001000,0.001000,0.0,0.0,0,0.0,0.0,,nvlddmkm.sys,func@0x1400f6d70,[Unknown],0x1400f6d70
func@0x1400f6ff0,0.001000,0.001000,0.0,0.0,0,0.0,0.0,0.0,nvlddmkm.sys,func@0x1400f6ff0,[Unknown],0x1400f6ff0
func@0x1400f9380,0.001000,0.001000,0.0,0.0,0,0.0,0.0,,nvlddmkm.sys,func@0x1400f9380,[Unknown],0x1400f9380
func@0x1400f9a30,0.001000,0.001000,0.0,0.0,0,50.0,50.0,,nvlddmkm.sys,func@0x1400f9a30,[Unknown],0x1400f9a30
func@0x1400fa080,0.001000,0.001000,0.0,0.0,0,0.0,0.0,,nvlddmkm.sys,func@0x1400fa080,[Unknown],0x1400fa080
func@0x1400fc360,0.001000,0.001000,0.0,0.0,0,0.0,0.0,0.0,nvlddmkm.sys,func@0x1400fc360,[Unknown],0x1400fc360
func@0x14010c550,0.001000,0.001000,0.0,0.0,11980000,,,0.0,nvlddmkm.sys,func@0x14010c550,[Unknown],0x14010c550
func@0x1401141f0,0.001000,0.001000,0.0,0.0,0,0.0,0.0,0.0,nvlddmkm.sys,func@0x1401141f0,[Unknown],0x1401141f0
func@0x140115d00,0.001000,0.001000,0.0,0.0,5990000,50.0,50.0,1.000000,nvlddmkm.sys,func@0x140115d00,[Unknown],0x140115d00
func@0x14011c680,0.001000,0.001000,0.0,0.0,2995000,0.0,0.0,1.000000,nvlddmkm.sys,func@0x14011c680,[Unknown],0x14011c680
func@0x14012f020,0.001000,0.001000,0.0,0.0,0,0.0,0.0,0.0,nvlddmkm.sys,func@0x14012f020,[Unknown],0x14012f020
func@0x14013fe10,0.001000,0.001000,0.0,0.0,0,0.0,0.0,,nvlddmkm.sys,func@0x14013fe10,[Unknown],0x14013fe10
func@0x140141d90,0.001000,0.001000,0.0,0.0,8985000,2.4,2.4,1.000000,nvlddmkm.sys,func@0x140141d90,[Unknown],0x140141d90
func@0x140142730,0.001000,0.001000,0.0,0.0,0,0.0,0.0,,nvlddmkm.sys,func@0x140142730,[Unknown],0x140142730
func@0x140165870,0.001000,0.001000,0.0,0.0,8985000,0.0,0.0,0.333333,nvlddmkm.sys,func@0x140165870,[Unknown],0x140165870
func@0x1401659b0,0.001000,0.001000,0.0,0.0,0,33.3,33.3,,nvlddmkm.sys,func@0x1401659b0,[Unknown],0x1401659b0
func@0x140178c40,0.001000,0.001000,0.0,0.0,8985000,12.5,12.5,1.000000,nvlddmkm.sys,func@0x140178c40,[Unknown],0x140178c40
func@0x140203300,0.001000,0.001000,0.0,0.0,2995000,5.0,5.0,2.000000,ntoskrnl.exe,func@0x140203300,[Unknown],0x140203300
func@0x140204cd0,0.001000,0.001000,0.0,0.0,2995000,0.0,0.0,1.000000,ntoskrnl.exe,func@0x140204cd0,[Unknown],0x140204cd0
func@0x140204de0,0.001000,0.001000,0.0,0.0,0,,,,ntoskrnl.exe,func@0x140204de0,[Unknown],0x140204de0
func@0x140204fb0,0.001000,0.001000,0.0,0.0,2995000,0.0,0.0,3.000000,ntoskrnl.exe,func@0x140204fb0,[Unknown],0x140204fb0
func@0x14020801d,0.001000,0.001000,0.0,0.0,8985000,21.4,21.4,3.000000,ntoskrnl.exe,func@0x14020801d,[Unknown],0x14020801d
func@0x140209289,0.001000,0.001000,0.0,0.0,11980000,,,0.0,ntoskrnl.exe,func@0x140209289,[Unknown],0x140209289
func@0x14020a630,0.001000,0.001000,0.0,0.0,5990000,11.0,11.0,3.000000,ntoskrnl.exe,func@0x14020a630,[Unknown],0x14020a630
func@0x140210250,0.001000,0.001000,0.0,0.0,5990000,0.0,0.0,0.0,ntoskrnl.exe,func@0x140210250,[Unknown],0x140210250
func@0x1402291d3,0.001000,0.001000,0.0,0.0,0,50.0,50.0,,ntoskrnl.exe,func@0x1402291d3,[Unknown],0x1402291d3
func@0x1402373f0,0.001000,0.001000,0.0,0.0,0,0.0,0.0,0.0,ntoskrnl.exe,func@0x1402373f0,[Unknown],0x1402373f0
func@0x14023d860,0.001000,0.001000,0.0,0.0,0,0.0,0.0,0.0,ntoskrnl.exe,func@0x14023d860,[Unknown],0x14023d860
func@0x14024b910,0.001000,0.001000,0.0,0.0,0,0.0,0.0,,ntoskrnl.exe,func@0x14024b910,[Unknown],0x14024b910
func@0x14024c900,0.001000,0.001000,0.0,0.0,5990000,0.0,0.0,0.0,ntoskrnl.exe,func@0x14024c900,[Unknown],0x14024c900
func@0x14024d9f9,0.001000,0.001000,0.0,0.0,0,,,0.0,ntoskrnl.exe,func@0x14024d9f9,[Unknown],0x14024d9f9
func@0x14024f870,0.001000,0.001000,0.0,0.0,2995000,0.0,0.0,2.000000,ntoskrnl.exe,func@0x14024f870,[Unknown],0x14024f870
func@0x1402506c8,0.001000,0.001000,0.0,0.0,0,18.2,18.2,,ntoskrnl.exe,func@0x1402506c8,[Unknown],0x1402506c8
func@0x140255518,0.001000,0.001000,0.0,0.0,0,0.0,0.0,,ntoskrnl.exe,func@0x140255518,[Unknown],0x140255518
func@0x1402595e0,0.001000,0.001000,0.0,0.0,2995000,0.0,0.0,0.0,nvlddmkm.sys,func@0x1402595e0,[Unknown],0x1402595e0
func@0x140259e40,0.001000,0.001000,0.0,0.0,2995000,19.4,19.4,4.000000,ntoskrnl.exe,func@0x140259e40,[Unknown],0x140259e40
func@0x140262bbc,0.001000,0.001000,0.0,0.0,5990000,0.0,0.0,1.500000,ntoskrnl.exe,func@0x140262bbc,[Unknown],0x140262bbc
func@0x140269370,0.001000,0.001000,0.0,0.0,0,,,0.0,nvlddmkm.sys,func@0x140269370,[Unknown],0x140269370
func@0x140269ca8,0.001000,0.001000,0.0,0.0,0,0.0,0.0,0.0,ntoskrnl.exe,func@0x140269ca8,[Unknown],0x140269ca8
func@0x14026e370,0.001000,0.001000,0.0,0.0,0,0.0,0.0,0.0,nvlddmkm.sys,func@0x14026e370,[Unknown],0x14026e370
func@0x140275a70,0.001000,0.001000,0.0,0.0,0,0.0,0.0,0.0,ntoskrnl.exe,func@0x140275a70,[Unknown],0x140275a70
func@0x140287270,0.001000,0.001000,0.0,0.0,5990000,5.3,5.3,1.500000,ntoskrnl.exe,func@0x140287270,[Unknown],0x140287270
func@0x140288490,0.001000,0.001000,0.0,0.0,23960000,50.0,50.0,0.250000,ntoskrnl.exe,func@0x140288490,[Unknown],0x140288490
func@0x140288fb0,0.001000,0.001000,0.0,0.0,8985000,0.0,0.0,0.666667,nvlddmkm.sys,func@0x140288fb0,[Unknown],0x140288fb0
func@0x14028d064,0.001000,0.001000,0.0,0.0,0,0.0,0.0,0.0,ntoskrnl.exe,func@0x14028d064,[Unknown],0x14028d064
func@0x140290e48,0.001000,0.001000,0.0,0.0,0,0.0,0.0,0.0,ntoskrnl.exe,func@0x140290e48,[Unknown],0x140290e48
func@0x1402a3b40,0.001000,0.001000,0.0,0.0,0,0.0,0.0,,ntoskrnl.exe,func@0x1402a3b40,[Unknown],0x1402a3b40
func@0x1402aa200,0.001000,0.001000,0.0,0.0,0,0.0,0.0,,ntoskrnl.exe,func@0x1402aa200,[Unknown],0x1402aa200
func@0x1402ab6f0,0.001000,0.001000,0.0,0.0,0,25.0,25.0,0.0,ntoskrnl.exe,func@0x1402ab6f0,[Unknown],0x1402ab6f0
func@0x1402ac5d7,0.001000,0.001000,0.0,0.0,2995000,33.3,33.3,1.000000,ntoskrnl.exe,func@0x1402ac5d7,[Unknown],0x1402ac5d7
func@0x1402bba40,0.001000,0.001000,0.0,0.0,2995000,0.0,0.0,3.000000,ntoskrnl.exe,func@0x1402bba40,[Unknown],0x1402bba40
func@0x1402d85e0,0.001000,0.001000,0.0,0.0,0,0.0,0.0,0.0,ntoskrnl.exe,func@0x1402d85e0,[Unknown],0x1402d85e0
func@0x1402dd495,0.001000,0.001000,0.0,0.0,0,16.7,16.7,,ntoskrnl.exe,func@0x1402dd495,[Unknown],0x1402dd495
func@0x1402df220,0.001000,0.001000,0.0,0.0,2995000,0.0,0.0,0.0,ntoskrnl.exe,func@0x1402df220,[Unknown],0x1402df220
func@0x1402e4710,0.001000,0.001000,0.0,0.0,2995000,25.0,25.0,2.000000,ntoskrnl.exe,func@0x1402e4710,[Unknown],0x1402e4710
func@0x1402e7d81,0.001000,0.001000,0.0,0.0,2995000,0.0,0.0,1.000000,ntoskrnl.exe,func@0x1402e7d81,[Unknown],0x1402e7d81
func@0x1402e7ed0,0.001000,0.001000,0.0,0.0,0,0.0,0.0,0.0,ntoskrnl.exe,func@0x1402e7ed0,[Unknown],0x1402e7ed0
func@0x1402e86a0,0.001000,0.001000,0.0,0.0,0,0.0,0.0,,ntoskrnl.exe,func@0x1402e86a0,[Unknown],0x1402e86a0
func@0x1402ff7b0,0.001000,0.001000,0.0,0.0,2995000,0.0,0.0,1.000000,ntoskrnl.exe,func@0x1402ff7b0,[Unknown],0x1402ff7b0
func@0x1402ff810,0.001000,0.001000,0.0,0.0,0,100.0,100.0,,ntoskrnl.exe,func@0x1402ff810,[Unknown],0x1402ff810
func@0x1402ff8e3,0.001000,0.001000,0.0,0.0,0,0.0,0.0,0.0,ntoskrnl.exe,func@0x1402ff8e3,[Unknown],0x1402ff8e3
func@0x1402ffce8,0.001000,0.001000,0.0,0.0,0,40.0,40.0,0.0,ntoskrnl.exe,func@0x1402ffce8,[Unknown],0x1402ffce8
func@0x140302db0,0.001000,0.001000,0.0,0.0,0,0.0,0.0,0.0,ntoskrnl.exe,func@0x140302db0,[Unknown],0x140302db0
func@0x140304bd0,0.001000,0.001000,0.0,0.0,0,0.0,0.0,,nvlddmkm.sys,func@0x140304bd0,[Unknown],0x140304bd0
func@0x140304f78,0.001000,0.001000,0.0,0.0,0,0.0,0.0,,ntoskrnl.exe,func@0x140304f78,[Unknown],0x140304f78
func@0x140305610,0.001000,0.001000,0.0,0.0,0,0.0,0.0,,nvlddmkm.sys,func@0x140305610,[Unknown],0x140305610
func@0x140305960,0.001000,0.001000,0.0,0.0,0,0.0,0.0,,ntoskrnl.exe,func@0x140305960,[Unknown],0x140305960
func@0x140305cb0,0.001000,0.001000,0.0,0.0,0,0.0,0.0,,ntoskrnl.exe,func@0x140305cb0,[Unknown],0x140305cb0
func@0x140306a99,0.001000,0.001000,0.0,0.0,0,0.0,0.0,0.0,ntoskrnl.exe,func@0x140306a99,[Unknown],0x140306a99
func@0x14030dc60,0.001000,0.001000,0.0,0.0,8985000,0.0,0.0,0.0,ntoskrnl.exe,func@0x14030dc60,[Unknown],0x14030dc60
func@0x14030e843,0.001000,0.001000,0.0,0.0,0,0.0,0.0,0.0,ntoskrnl.exe,func@0x14030e843,[Unknown],0x14030e843
func@0x14030edf0,0.001000,0.001000,0.0,0.0,0,0.0,0.0,,ntoskrnl.exe,func@0x14030edf0,[Unknown],0x14030edf0
func@0x14030ee90,0.001000,0.001000,0.0,0.0,23960000,,,1.125000,ntoskrnl.exe,func@0x14030ee90,[Unknown],0x14030ee90
func@0x140312fb0,0.001000,0.001000,0.0,0.0,2995000,0.0,0.0,1.000000,ntoskrnl.exe,func@0x140312fb0,[Unknown],0x140312fb0
func@0x1403145d0,0.001000,0.001000,0.0,0.0,0,0.0,0.0,0.0,ntoskrnl.exe,func@0x1403145d0,[Unknown],0x1403145d0
func@0x14031e800,0.001000,0.001000,0.0,0.0,2995000,0.0,0.0,0.0,ntoskrnl.exe,func@0x14031e800,[Unknown],0x14031e800
func@0x1403216e0,0.001000,0.001000,0.0,0.0,0,0.0,0.0,0.0,ntoskrnl.exe,func@0x1403216e0,[Unknown],0x1403216e0
func@0x14032b040,0.001000,0.001000,0.0,0.0,38935000,40.0,40.0,0.230769,ntoskrnl.exe,func@0x14032b040,[Unknown],0x14032b040
func@0x14034cb00,0.001000,0.001000,0.0,0.0,0,0.0,0.0,0.0,ntoskrnl.exe,func@0x14034cb00,[Unknown],0x14034cb00
func@0x1403521a0,0.001000,0.001000,0.0,0.0,0,0.0,0.0,0.0,ntoskrnl.exe,func@0x1403521a0,[Unknown],0x1403521a0
func@0x140361450,0.001000,0.001000,0.0,0.0,2995000,25.0,25.0,4.000000,ntoskrnl.exe,func@0x140361450,[Unknown],0x140361450
func@0x140361fc4,0.001000,0.001000,0.0,0.0,20965000,69.2,69.2,0.571429,ntoskrnl.exe,func@0x140361fc4,[Unknown],0x140361fc4
func@0x1403631c0,0.001000,0.001000,0.0,0.0,0,0.0,0.0,,ntoskrnl.exe,func@0x1403631c0,[Unknown],0x1403631c0
func@0x1403632a0,0.001000,0.001000,0.0,0.0,0,0.0,0.0,0.0,ntoskrnl.exe,func@0x1403632a0,[Unknown],0x1403632a0
func@0x140363300,0.001000,0.001000,0.0,0.0,0,0.0,0.0,,ntoskrnl.exe,func@0x140363300,[Unknown],0x140363300
func@0x140364790,0.001000,0.001000,0.0,0.0,0,0.0,0.0,0.0,ntoskrnl.exe,func@0x140364790,[Unknown],0x140364790
func@0x1403652e0,0.001000,0.001000,0.0,0.0,0,0.0,0.0,,ntoskrnl.exe,func@0x1403652e0,[Unknown],0x1403652e0
func@0x140365881,0.001000,0.001000,0.0,0.0,2995000,0.0,0.0,0.0,ntoskrnl.exe,func@0x140365881,[Unknown],0x140365881
func@0x1403659f0,0.001000,0.001000,0.0,0.0,0,0.0,0.0,,ntoskrnl.exe,func@0x1403659f0,[Unknown],0x1403659f0
func@0x140366628,0.001000,0.001000,0.0,0.0,0,0.0,0.0,0.0,ntoskrnl.exe,func@0x140366628,[Unknown],0x140366628
func@0x140366888,0.001000,0.001000,0.0,0.0,0,20.5,20.5,,ntoskrnl.exe,func@0x140366888,[Unknown],0x140366888
func@0x1403aede0,0.001000,0.001000,0.0,0.0,0,0.0,0.0,0.0,ntoskrnl.exe,func@0x1403aede0,[Unknown],0x1403aede0
func@0x1403b24fc,0.001000,0.001000,0.0,0.0,0,0.0,0.0,0.0,ntoskrnl.exe,func@0x1403b24fc,[Unknown],0x1403b24fc
func@0x1403bbe80,0.001000,0.001000,0.0,0.0,0,0.0,0.0,,nvlddmkm.sys,func@0x1403bbe80,[Unknown],0x1403bbe80
func@0x1403d50e0,0.001000,0.001000,0.0,0.0,8985000,2.3,2.3,0.666667,nvlddmkm.sys,func@0x1403d50e0,[Unknown],0x1403d50e0
func@0x1403e4110,0.001000,0.001000,0.0,0.0,0,0.0,0.0,0.0,ntoskrnl.exe,func@0x1403e4110,[Unknown],0x1403e4110
func@0x1403f2130,0.001000,0.001000,0.0,0.0,2995000,0.0,0.0,0.0,ntoskrnl.exe,func@0x1403f2130,[Unknown],0x1403f2130
func@0x1403fc4d0,0.001000,0.001000,0.0,0.0,0,25.0,25.0,0.0,ntoskrnl.exe,func@0x1403fc4d0,[Unknown],0x1403fc4d0
func@0x1403fc525,0.001000,0.001000,0.0,0.0,0,0.0,0.0,,ntoskrnl.exe,func@0x1403fc525,[Unknown],0x1403fc525
func@0x1403fd970,0.001000,0.001000,0.0,0.0,0,0.0,0.0,0.0,nvlddmkm.sys,func@0x1403fd970,[Unknown],0x1403fd970
func@0x1403fdd80,0.001000,0.001000,0.0,0.0,0,0.0,0.0,0.0,nvlddmkm.sys,func@0x1403fdd80,[Unknown],0x1403fdd80
func@0x1404068f0,0.001000,0.001000,0.0,0.0,8985000,52.7,52.7,0.666667,ntoskrnl.exe,func@0x1404068f0,[Unknown],0x1404068f0
func@0x14043d2f0,0.001000,0.001000,0.0,0.0,0,0.0,0.0,0.0,ntoskrnl.exe,func@0x14043d2f0,[Unknown],0x14043d2f0
func@0x140448690,0.001000,0.001000,0.0,0.0,0,0.0,0.0,,ntoskrnl.exe,func@0x140448690,[Unknown],0x140448690
func@0x1404e94c0,0.001000,0.001000,0.0,0.0,8985000,23.7,23.7,3.000000,ntoskrnl.exe,func@0x1404e94c0,[Unknown],0x1404e94c0
func@0x1404e9680,0.001000,0.001000,0.0,0.0,2995000,3.9,3.9,2.000000,ntoskrnl.exe,func@0x1404e9680,[Unknown],0x1404e9680
func@0x1404e9700,0.001000,0.001000,0.0,0.0,2995000,0.0,0.0,2.000000,ntoskrnl.exe,func@0x1404e9700,[Unknown],0x1404e9700
func@0x1404eb888,0.001000,0.001000,0.0,0.0,0,0.0,0.0,,ntoskrnl.exe,func@0x1404eb888,[Unknown],0x1404eb888
func@0x1405e4678,0.001000,0.001000,0.0,0.0,0,0.0,0.0,0.0,ntoskrnl.exe,func@0x1405e4678,[Unknown],0x1405e4678
func@0x1406aa470,0.001000,0.001000,0.0,0.0,0,0.0,0.0,0.0,ntoskrnl.exe,func@0x1406aa470,[Unknown],0x1406aa470
func@0x1406b12c0,0.001000,0.001000,0.0,0.0,0,0.0,0.0,0.0,ntoskrnl.exe,func@0x1406b12c0,[Unknown],0x1406b12c0
func@0x1406b5d80,0.001000,0.001000,0.0,0.0,0,0.0,0.0,0.0,ntoskrnl.exe,func@0x1406b5d80,[Unknown],0x1406b5d80
func@0x1406e80f0,0.001000,0.001000,0.0,0.0,0,0.0,0.0,0.0,nvlddmkm.sys,func@0x1406e80f0,[Unknown],0x1406e80f0
func@0x14070d53f,0.001000,0.001000,0.0,0.0,0,0.0,0.0,,nvlddmkm.sys,func@0x14070d53f,[Unknown],0x14070d53f
func@0x140768b10,0.001000,0.001000,0.0,0.0,0,0.0,0.0,,nvlddmkm.sys,func@0x140768b10,[Unknown],0x140768b10
func@0x14083a5d0,0.001000,0.001000,0.0,0.0,0,0.0,0.0,,nvlddmkm.sys,func@0x14083a5d0,[Unknown],0x14083a5d0
func@0x14084b7e0,0.001000,0.001000,0.0,0.0,2995000,0.0,0.0,2.000000,ntoskrnl.exe,func@0x14084b7e0,[Unknown],0x14084b7e0
func@0x14084bf30,0.001000,0.001000,0.0,0.0,0,0.0,0.0,,ntoskrnl.exe,func@0x14084bf30,[Unknown],0x14084bf30
func@0x14084ce30,0.001000,0.001000,0.0,0.0,0,0.0,0.0,,ntoskrnl.exe,func@0x14084ce30,[Unknown],0x14084ce30
func@0x1409a5cd0,0.001000,0.001000,0.0,0.0,0,0.0,0.0,0.0,ntoskrnl.exe,func@0x1409a5cd0,[Unknown],0x1409a5cd0
func@0x140a8be8f,0.001000,0.001000,0.0,0.0,2995000,0.0,0.0,2.000000,nvlddmkm.sys,func@0x140a8be8f,[Unknown],0x140a8be8f
func@0x140b51faf,0.001000,0.001000,0.0,0.0,0,0.0,0.0,,nvlddmkm.sys,func@0x140b51faf,[Unknown],0x140b51faf
func@0x140b536e0,0.001000,0.001000,0.0,0.0,2995000,0.0,0.0,1.000000,nvlddmkm.sys,func@0x140b536e0,[Unknown],0x140b536e0
func@0x140b543a0,0.001000,0.001000,0.0,0.0,0,0.0,0.0,,nvlddmkm.sys,func@0x140b543a0,[Unknown],0x140b543a0
func@0x140b550b0,0.001000,0.001000,0.0,0.0,2995000,0.0,0.0,0.0,nvlddmkm.sys,func@0x140b550b0,[Unknown],0x140b550b0
func@0x140d3e880,0.001000,0.001000,0.0,0.0,14975000,35.3,35.3,0.800000,nvlddmkm.sys,func@0x140d3e880,[Unknown],0x140d3e880
func@0x140d3e8e0,0.001000,0.001000,0.0,0.0,2995000,0.0,0.0,3.000000,nvlddmkm.sys,func@0x140d3e8e0,[Unknown],0x140d3e8e0
func@0x140d7cc40,0.001000,0.001000,0.0,0.0,0,0.0,0.0,0.0,nvlddmkm.sys,func@0x140d7cc40,[Unknown],0x140d7cc40
func@0x140d7da00,0.001000,0.001000,0.0,0.0,0,0.0,0.0,,nvlddmkm.sys,func@0x140d7da00,[Unknown],0x140d7da00
func@0x140d80e40,0.001000,0.001000,0.0,0.0,0,0.0,0.0,0.0,nvlddmkm.sys,func@0x140d80e40,[Unknown],0x140d80e40
func@0x140d84c1f,0.001000,0.001000,0.0,0.0,0,0.0,0.0,0.0,nvlddmkm.sys,func@0x140d84c1f,[Unknown],0x140d84c1f
func@0x140d859f0,0.001000,0.001000,0.0,0.0,0,0.0,0.0,0.0,nvlddmkm.sys,func@0x140d859f0,[Unknown],0x140d859f0
func@0x140d8b2b0,0.001000,0.001000,0.0,0.0,0,0.0,0.0,,nvlddmkm.sys,func@0x140d8b2b0,[Unknown],0x140d8b2b0
func@0x140d8e90f,0.001000,0.001000,0.0,0.0,0,0.0,0.0,0.0,nvlddmkm.sys,func@0x140d8e90f,[Unknown],0x140d8e90f
func@0x140d95840,0.001000,0.001000,0.0,0.0,0,0.0,0.0,,nvlddmkm.sys,func@0x140d95840,[Unknown],0x140d95840
func@0x140d96d30,0.001000,0.001000,0.0,0.0,0,0.0,0.0,0.0,nvlddmkm.sys,func@0x140d96d30,[Unknown],0x140d96d30
func@0x140d9c170,0.001000,0.001000,0.0,0.0,0,0.0,0.0,0.0,nvlddmkm.sys,func@0x140d9c170,[Unknown],0x140d9c170
func@0x140d9cdd0,0.001000,0.001000,0.0,0.0,0,0.0,0.0,0.0,nvlddmkm.sys,func@0x140d9cdd0,[Unknown],0x140d9cdd0
func@0x140da56b0,0.001000,0.001000,0.0,0.0,2995000,25.0,25.0,4.000000,nvlddmkm.sys,func@0x140da56b0,[Unknown],0x140da56b0
func@0x140da5730,0.001000,0.001000,0.0,0.0,5990000,0.0,0.0,2.000000,nvlddmkm.sys,func@0x140da5730,[Unknown],0x140da5730
func@0x140dcaf40,0.001000,0.001000,0.0,0.0,0,11.1,11.1,,nvlddmkm.sys,func@0x140dcaf40,[Unknown],0x140dcaf40
func@0x140dcfc60,0.001000,0.001000,0.0,0.0,0,0.0,0.0,,nvlddmkm.sys,func@0x140dcfc60,[Unknown],0x140dcfc60
func@0x140dd6ac0,0.001000,0.001000,0.0,0.0,0,0.0,0.0,0.0,nvlddmkm.sys,func@0x140dd6ac0,[Unknown],0x140dd6ac0
func@0x140dd6f30,0.001000,0.001000,0.0,0.0,0,0.0,0.0,0.0,nvlddmkm.sys,func@0x140dd6f30,[Unknown],0x140dd6f30
func@0x140de5520,0.001000,0.001000,0.0,0.0,2995000,100.0,100.0,0.0,nvlddmkm.sys,func@0x140de5520,[Unknown],0x140de5520
func@0x140df34f0,0.001000,0.001000,0.0,0.0,2995000,0.0,0.0,0.0,nvlddmkm.sys,func@0x140df34f0,[Unknown],0x140df34f0
func@0x140df4da0,0.001000,0.001000,0.0,0.0,0,0.0,0.0,0.0,nvlddmkm.sys,func@0x140df4da0,[Unknown],0x140df4da0
func@0x140e035c0,0.001000,0.001000,0.0,0.0,0,0.0,0.0,,nvlddmkm.sys,func@0x140e035c0,[Unknown],0x140e035c0
func@0x140e09ae0,0.001000,0.001000,0.0,0.0,0,0.0,0.0,0.0,nvlddmkm.sys,func@0x140e09ae0,[Unknown],0x140e09ae0
func@0x140e1c7d0,0.001000,0.001000,0.0,0.0,0,0.0,0.0,0.0,nvlddmkm.sys,func@0x140e1c7d0,[Unknown],0x140e1c7d0
func@0x140e38220,0.001000,0.001000,0.0,0.0,0,0.0,0.0,0.0,nvlddmkm.sys,func@0x140e38220,[Unknown],0x140e38220
func@0x141a30b90,0.001000,0.001000,0.0,0.0,0,0.0,0.0,0.0,nvlddmkm.sys,func@0x141a30b90,[Unknown],0x141a30b90
func@0x180001510,0.001000,0.001000,0.0,0.0,0,0.0,0.0,,symcryptk.dll,func@0x180001510,[Unknown],0x180001510
func@0x180003780,0.001000,0.001000,0.0,0.0,0,0.0,0.0,0.0,ucrtbase.dll,func@0x180003780,[Unknown],0x180003780
func@0x1800060f0,0.001000,0.001000,0.0,0.0,0,,,0.0,fltmgr.sys,func@0x1800060f0,[Unknown],0x1800060f0
func@0x180008044,0.001000,0.001000,0.0,0.0,2995000,0.0,0.0,0.0,fltmgr.sys,func@0x180008044,[Unknown],0x180008044
func@0x18000b720,0.001000,0.001000,0.0,0.0,0,0.0,0.0,,ntdll.dll,func@0x18000b720,[Unknown],0x18000b720
func@0x18001cd80,0.001000,0.001000,0.0,0.0,23960000,31.2,31.2,0.125000,ntdll.dll,func@0x18001cd80,[Unknown],0x18001cd80
func@0x180025ae0,0.001000,0.001000,0.0,0.0,0,0.0,0.0,0.0,kernel32.dll,func@0x180025ae0,[Unknown],0x180025ae0
func@0x18004b130,0.001000,0.001000,0.0,0.0,0,0.0,0.0,0.0,ntdll.dll,func@0x18004b130,[Unknown],0x18004b130
func@0x180075340,0.001000,0.001000,0.0,0.0,0,0.0,0.0,,ntdll.dll,func@0x180075340,[Unknown],0x180075340
func@0x180095d60,0.001000,0.001000,0.0,0.0,0,0.0,0.0,0.0,ntdll.dll,func@0x180095d60,[Unknown],0x180095d60
func@0x1800a1840,0.001000,0.001000,0.0,0.0,0,0.0,0.0,0.0,cng.sys,func@0x1800a1840,[Unknown],0x1800a1840
func@0x1800c0e6c,0.001000,0.001000,0.0,0.0,0,0.0,0.0,0.0,crypt32.dll,func@0x1800c0e6c,[Unknown],0x1800c0e6c
func@0x1800c5c30,0.001000,0.001000,0.0,0.0,0,0.0,0.0,0.0,ntdll.dll,func@0x1800c5c30,[Unknown],0x1800c5c30
func@0x29740,0.001000,0.001000,0.0,0.0,0,0.0,0.0,,vtss.sys,func@0x29740,[Unknown],0x29740
operator&,0.001000,0.001000,0.0,0.0,50915000,72.4,72.4,0.176471,frankycpp_v1.4.exe,operator&,bitboard.h,0x14020984f
operator&,0.001000,0.001000,0.0,0.0,2995000,37.5,37.5,1.000000,frankycpp_v1.4.exe,operator&,bitboard.h,0x140240eda
operator&,0.001000,0.001000,0.0,0.0,11980000,13.4,13.4,0.750000,frankycpp_v1.4.exe,operator&,bitboard.h,0x14027776f
operator&,0.001000,0.001000,0.0,0.0,62895000,,,0.047619,frankycpp_v1.4.exe,operator&,bitboard.h,0x1402777be
operator&,0.001000,0.001000,0.0,0.0,11980000,30.0,30.0,0.750000,frankycpp_v1.4.exe,operator&,bitboard.h,0x140240747
operator&,0.001000,0.001000,0.0,0.0,5990000,,,1.000000,frankycpp_v1.4.exe,operator&,bitboard.h,0x140245a02
operator&,0.001000,0.001000,0.0,0.0,0,16.7,16.7,0.0,frankycpp_v1.4.exe,operator&,bitboard.h,0x140241074
operator&,0.001000,0.001000,0.0,0.0,20965000,,,0.142857,frankycpp_v1.4.exe,operator&,bitboard.h,0x140209bd4
operator&,0.001000,0.001000,0.0,0.0,5990000,,,0.0,frankycpp_v1.4.exe,operator&,bitboard.h,0x140240782
operator&,0.001000,0.001000,0.0,0.0,5990000,40.0,40.0,1.000000,frankycpp_v1.4.exe,operator&,bitboard.h,0x140209d1a
operator&,0.001000,0.001000,0.0,0.0,44925000,12.8,12.8,0.200000,frankycpp_v1.4.exe,operator&,bitboard.h,0x14027763e
operator&,0.001000,0.001000,0.0,0.0,2995000,,,3.000000,frankycpp_v1.4.exe,operator&,bitboard.h,0x14027784b
operator&,0.001000,0.001000,0.0,0.0,2995000,,,0.0,frankycpp_v1.4.exe,operator&,bitboard.h,0x140239536
operator+,0.001000,0.001000,0.0,0.0,5990000,,,1.000000,frankycpp_v1.4.exe,operator+,value.h,0x140208709
operator+,0.001000,0.001000,0.0,0.0,0,0.0,0.0,,frankycpp_v1.4.exe,operator+,depth.h,0x140209989
operator+,0.001000,0.001000,0.0,0.0,2995000,0.0,0.0,0.0,frankycpp_v1.4.exe,operator+,value.h,0x14020a9c4
operator-,0.001000,0.001000,0.0,0.0,8985000,,,0.0,frankycpp_v1.4.exe,operator-,value.h,0x140208caf
operator-,0.001000,0.001000,0.0,0.0,0,0.0,0.0,0.0,frankycpp_v1.4.exe,operator-,direction.h,0x14024023b
operator-,0.001000,0.001000,0.0,0.0,0,0.0,0.0,,frankycpp_v1.4.exe,operator-,value.h,0x140209476
operator-,0.001000,0.001000,0.0,0.0,2995000,0.0,0.0,2.000000,frankycpp_v1.4.exe,operator-,value.h,0x1402099b3
operator-,0.001000,0.001000,0.0,0.0,2995000,0.0,0.0,2.000000,frankycpp_v1.4.exe,operator-,value.h,0x140240261
operator-,0.001000,0.001000,0.0,0.0,0,0.0,0.0,,frankycpp_v1.4.exe,operator-,direction.h,0x140240585
operator>,0.001000,0.001000,0.0,0.0,0,,,0.0,frankycpp_v1.4.exe,operator>,value.h,0x140208d0c
operator>=,0.001000,0.001000,0.0,0.0,2995000,,,1.000000,frankycpp_v1.4.exe,operator>=,value.h,0x140209373
operator|,0.001000,0.001000,0.0,0.0,26955000,42.7,42.7,0.444444,frankycpp_v1.4.exe,operator|,bitboard.h,0x140240ecc
operator|,0.001000,0.001000,0.0,0.0,5990000,,,0.500000,frankycpp_v1.4.exe,operator|,bitboard.h,0x140240700
operator~,0.001000,0.001000,0.0,0.0,8985000,23.6,23.6,0.666667,frankycpp_v1.4.exe,operator~,color.h,0x1402777a8
operator~,0.001000,0.001000,0.0,0.0,32945000,,,0.0,frankycpp_v1.4.exe,operator~,color.h,0x140245309
operator~,0.001000,0.001000,0.0,0.0,2995000,13.4,13.4,1.000000,frankycpp_v1.4.exe,operator~,color.h,0x140240da7
spdlog::logger::flush,0.001000,0.001000,0.0,0.0,0,0.0,0.0,0.0,frankycpp_v1.4.exe,spdlog::logger::flush,logger-inl.h,0x1401959a4
"std::_Alloc_construct_ptr<std::allocator<std::_List_node<std::pair<unsigned __int64 const ,BookEntry>,void *> > >::{ctor}",0.001000,0.001000,0.0,0.0,0,0.0,0.0,0.0,frankycpp_v1.4.exe,"std::_Alloc_construct_ptr<std::allocator<std::_List_node<std::pair<unsigned __int64 const ,BookEntry>,void *> > >::{ctor}",xmemory,0x140261868
std::_Copy_memmove_tail<unsigned __int64 *>,0.001000,0.001000,0.0,0.0,2995000,0.0,0.0,0.0,frankycpp_v1.4.exe,"std::_Copy_memmove_tail<unsigned __int64 *>(char const * const,unsigned __int64 * const,unsigned __int64,unsigned __int64)",xutility,0x14025b7b0
std::_Ref_count<class YAML::detail::node>::`scalar deleting destructor',0.001000,0.001000,0.0,0.0,0,0.0,0.0,0.0,frankycpp_v1.4.exe,std::_Ref_count<class YAML::detail::node>::`scalar deleting destructor'(unsigned int),[Unknown],0x1402bd470
std::_Rng_abort,0.001000,0.001000,0.0,0.0,0,0.0,0.0,0.0,msvcp140.dll,std::_Rng_abort(char const * __ptr64),[Unknown],0x180012330
"std::_Tree<std::_Tset_traits<boost::archive::detail::basic_iarchive_impl::cobject_type,std::less<boost::archive::detail::basic_iarchive_impl::cobject_type>,std::allocator<boost::archive::detail::basic_iarchive_impl::cobject_type>,0> >::insert",0.001000,0.001000,0.0,0.0,14975000,,,0.0,frankycpp_v1.4.exe,"std::_Tree<std::_Tset_traits<boost::archive::detail::basic_iarchive_impl::cobject_type,std::less<boost::archive::detail::basic_iarchive_impl::cobject_type>,std::allocator<boost::archive::detail::basic_iarchive_impl::cobject_type>,0> >::insert",xtree,0x140283418
"std::_Uninitialized_backout<std::_List_unchecked_iterator<std::_List_val<std::_List_simple_types<std::pair<unsigned __int64 const ,BookEntry> > > > *>::_Emplace_back",0.001000,0.001000,0.0,0.0,2995000,12.5,12.5,1.000000,frankycpp_v1.4.exe,"std::_Uninitialized_backout<std::_List_unchecked_iterator<std::_List_val<std::_List_simple_types<std::pair<unsigned __int64 const ,BookEntry> > > > *>::_Emplace_back",xmemory,0x140258640
"std::array<Move,128>::operator[]",0.001000,0.001000,0.0,0.0,8985000,26.7,26.7,1.000000,frankycpp_v1.4.exe,"std::array<Move,128>::operator[]",array,0x140209fec
"std::array<Value,25>::operator[]",0.001000,0.001000,0.0,0.0,8985000,,,0.333333,frankycpp_v1.4.exe,"std::array<Value,25>::operator[]",array,0x140240946
"std::array<Value,25>::operator[]",0.001000,0.001000,0.0,0.0,23960000,,,0.125000,frankycpp_v1.4.exe,"std::array<Value,25>::operator[]",array,0x14024089a
"std::basic_filebuf<char,struct std::char_traits<char> >::xsgetn",0.001000,0.001000,0.0,0.0,26955000,62.5,62.5,0.777778,frankycpp_v1.4.exe,"std::basic_filebuf<char,struct std::char_traits<char> >::xsgetn(char * __ptr64,__int64)",__msvc_filebuf.hpp,0x14011aaf0
"std::basic_ostream<char,struct std::char_traits<char> >::_Osfx",0.001000,0.001000,0.0,0.0,0,0.0,0.0,0.0,msvcp140.dll,"std::basic_ostream<char,struct std::char_traits<char> >::_Osfx(void)",[Unknown],0x18000b280
std::counting_semaphore<1>::release,0.001000,0.001000,0.0,0.0,0,0.0,0.0,0.0,frankycpp_v1.4.exe,std::counting_semaphore<1>::release,semaphore,0x1402047f6
std::countr_zero,0.001000,0.001000,0.0,0.0,29950000,40.0,40.0,0.100000,frankycpp_v1.4.exe,std::countr_zero,bit,0x140240dd0
std::countr_zero,0.001000,0.001000,0.0,0.0,0,12.5,12.5,0.0,frankycpp_v1.4.exe,std::countr_zero,bit,0x140240688
"std::ranges::_Copy_memcpy_common<Move *,Move *>",0.001000,0.001000,0.0,0.0,26955000,8.7,8.7,0.888889,frankycpp_v1.4.exe,"std::ranges::_Copy_memcpy_common<Move *,Move *>(class Move *, class Move *, class Move *, class Move *)",xmemory,0x14021d980
std::ranges::_Move_unchecked,0.001000,0.001000,0.0,0.0,5990000,14.3,14.3,0.0,frankycpp_v1.4.exe,std::ranges::_Move_unchecked,algorithm,0x14021cca4
"std::ranges::_Uninitialized_move_unchecked<Move *,Move *,Move *,Move *>",0.001000,0.001000,0.0,0.0,5990000,0.0,0.0,0.500000,frankycpp_v1.4.exe,"std::ranges::_Uninitialized_move_unchecked<Move *,Move *,Move *,Move *>(class Move *, class Move *, class Move *, class Move *)",xmemory,0x14021d4e0
"std::vector<Move,std::allocator<Move> >::_Tidy",0.001000,0.001000,0.0,0.0,2995000,0.0,0.0,0.0,frankycpp_v1.4.exe,"std::vector<Move,std::allocator<Move> >::_Tidy",vector,0x1402160e9
"std::vector<unsigned __int64,std::allocator<unsigned __int64> >::_Tidy",0.001000,0.001000,0.0,0.0,5990000,0.0,0.0,0.0,frankycpp_v1.4.exe,"std::vector<unsigned __int64,std::allocator<unsigned __int64> >::_Tidy",vector,0x140216079
typeOf,0.001000,0.001000,0.0,0.0,35940000,21.2,21.2,0.833333,frankycpp_v1.4.exe,typeOf,piece.h,0x14020a45a
typeOf,0.001000,0.001000,0.0,0.0,29950000,69.2,69.2,0.800000,frankycpp_v1.4.exe,typeOf,piece.h,0x140240e30
valueOf,0.001000,0.001000,0.0,0.0,74875000,58.0,58.0,0.320000,frankycpp_v1.4.exe,valueOf,value.h,0x14027747e
Attacks::detail::fill,0.0,0.0,0.0,0.0,2995000,0.0,0.0,0.0,frankycpp_v1.4.exe,"Attacks::detail::fill(class Bitboard * const,class std::array<struct Attacks::detail::Magic,64> const &,class Direction const * const)",attacks.cpp,0x140166ca0
Attacks::detail::sliding_attack,0.0,0.0,0.0,0.0,5990000,50.0,50.0,0.500000,frankycpp_v1.4.exe,"Attacks::detail::sliding_attack(class Direction const * const,class Square,class Bitboard)",attacks.cpp,0x140166b00
Bitboard::operator bool,0.0,0.0,0.0,0.0,14975000,33.3,33.3,0.600000,frankycpp_v1.4.exe,Bitboard::operator bool,bitboard.h,0x140240846
Bitboard::operator|=,0.0,0.0,0.0,0.0,17970000,,,0.166667,frankycpp_v1.4.exe,Bitboard::operator|=,bitboard.h,0x14023ffe6
Bitboard::popLSB,0.0,0.0,0.0,0.0,2995000,15.4,15.4,1.000000,frankycpp_v1.4.exe,Bitboard::popLSB,bitboard.h,0x140240932
Bitboard::{ctor},0.0,0.0,0.0,0.0,50915000,100.0,100.0,0.235294,frankycpp_v1.4.exe,Bitboard::{ctor},bitboard.h,0x1402777ac
Bitboard::{ctor},0.0,0.0,0.0,0.0,8985000,,,0.333333,frankycpp_v1.4.exe,Bitboard::{ctor},bitboard.h,0x14024076f
Direction::pawnPush,0.0,0.0,0.0,0.0,14975000,50.0,50.0,0.0,frankycpp_v1.4.exe,Direction::pawnPush,direction.h,0x140245337
DpSynchronizeExecution,0.0,0.0,0.0,0.0,0,33.3,33.3,,dxgkrnl.sys,DpSynchronizeExecution,[Unknown],0x140026180
EtwEventEnabled,0.0,0.0,0.0,0.0,2995000,0.0,0.0,1.000000,ntoskrnl.exe,EtwEventEnabled,[Unknown],0x140255080
ExReleaseRundownProtectionCacheAwareEx,0.0,0.0,0.0,0.0,0,75.0,75.0,0.0,ntoskrnl.exe,ExReleaseRundownProtectionCacheAwareEx,[Unknown],0x14020cab0
ExReleaseSpinLockSharedFromDpcLevel,0.0,0.0,0.0,0.0,5990000,0.0,0.0,0.0,ntoskrnl.exe,ExReleaseSpinLockSharedFromDpcLevel,[Unknown],0x14031d7b0
ExpInterlockedPushEntrySList,0.0,0.0,0.0,0.0,5990000,0.0,0.0,0.0,ntoskrnl.exe,ExpInterlockedPushEntrySList,[Unknown],0x1406b3960
FlsGetValue,0.0,0.0,0.0,0.0,2995000,0.0,0.0,0.0,kernelbase.dll,FlsGetValue,[Unknown],0x1800a2f80
FltReleaseContext,0.0,0.0,0.0,0.0,2995000,0.0,0.0,0.0,fltmgr.sys,FltReleaseContext,[Unknown],0x180003820
KeEnterCriticalRegion,0.0,0.0,0.0,0.0,2995000,0.0,0.0,0.0,ntoskrnl.exe,KeEnterCriticalRegion,[Unknown],0x140416660
KeIsEqualAffinityEx,0.0,0.0,0.0,0.0,2995000,0.0,0.0,0.0,ntoskrnl.exe,KeIsEqualAffinityEx,[Unknown],0x1403bed80
KeQueryPerformanceCounter,0.0,0.0,0.0,0.0,2995000,0.0,0.0,1.000000,ntoskrnl.exe,KeQueryPerformanceCounter,[Unknown],0x1403615a0
KeReleaseInStackQueuedSpinLock,0.0,0.0,0.0,0.0,2995000,22.2,22.2,2.000000,ntoskrnl.exe,KeReleaseInStackQueuedSpinLock,[Unknown],0x140229180
KfRaiseIrql,0.0,0.0,0.0,0.0,35940000,38.2,38.2,0.666667,ntoskrnl.exe,KfRaiseIrql,[Unknown],0x1403fed00
MmUnlockPages,0.0,0.0,0.0,0.0,2995000,25.0,25.0,1.000000,ntoskrnl.exe,MmUnlockPages,[Unknown],0x14021b3e0
MmUnmapLockedPages,0.0,0.0,0.0,0.0,2995000,0.0,0.0,0.0,ntoskrnl.exe,MmUnmapLockedPages,[Unknown],0x140240e70
Move::encode,0.0,0.0,0.0,0.0,2995000,0.0,0.0,0.0,frankycpp_v1.4.exe,Move::encode,move.h,0x1402407f3
Move::operator==,0.0,0.0,0.0,0.0,14975000,,,0.0,frankycpp_v1.4.exe,Move::operator==,PVTable.h,0x140209824
Move::operator==,0.0,0.0,0.0,0.0,0,12.5,12.5,,frankycpp_v1.4.exe,Move::operator==,PVTable.h,0x14023e183
Move::stripped,0.0,0.0,0.0,0.0,5990000,40.0,40.0,0.0,frankycpp_v1.4.exe,Move::stripped,move.h,0x14023e180
Move::{ctor},0.0,0.0,0.0,0.0,0,100.0,100.0,0.0,frankycpp_v1.4.exe,Move::{ctor},move.h,0x14019b7d0
Move::{ctor},0.0,0.0,0.0,0.0,5990000,100.0,100.0,1.500000,frankycpp_v1.4.exe,Move::{ctor},move.h,0x14024068d
NtClose,0.0,0.0,0.0,0.0,2995000,0.0,0.0,0.0,ntdll.dll,NtClose,[Unknown],0x180161c60
Position::clearEnPassant,0.0,0.0,0.0,0.0,5990000,,,0.0,frankycpp_v1.4.exe,Position::clearEnPassant,Position.cpp,0x140238c3f
Position::clearEnPassant,0.0,0.0,0.0,0.0,11980000,60.9,60.9,0.750000,frankycpp_v1.4.exe,Position::clearEnPassant,Position.cpp,0x140238d63
Position::getCastlingRights,0.0,0.0,0.0,0.0,8985000,0.0,0.0,0.333333,frankycpp_v1.4.exe,Position::getCastlingRights,Position.h,0x140241011
Position::getGamePhaseFactor,0.0,0.0,0.0,0.0,2995000,93.5,93.5,1.000000,frankycpp_v1.4.exe,Position::getGamePhaseFactor,Position.h,0x140244f23
Position::getKingSquare,0.0,0.0,0.0,0.0,2995000,0.0,0.0,0.0,frankycpp_v1.4.exe,Position::getKingSquare,Position.h,0x14023ffa7
Position::getNextPlayer,0.0,0.0,0.0,0.0,5990000,22.9,22.9,1.500000,frankycpp_v1.4.exe,Position::getNextPlayer,Position.h,0x1402773dc
Position::getOccupiedBb,0.0,0.0,0.0,0.0,5990000,5.9,5.9,1.000000,frankycpp_v1.4.exe,Position::getOccupiedBb,Position.h,0x1402456d8
Position::getPiece,0.0,0.0,0.0,0.0,26955000,,,0.555556,frankycpp_v1.4.exe,Position::getPiece,Position.h,0x14023ffd8
Position::initializeBoard,0.0,0.0,0.0,0.0,5990000,0.0,0.0,0.0,frankycpp_v1.4.exe,Position::initializeBoard(void),Position.cpp,0x14023a920
Position::isCapturingMove,0.0,0.0,0.0,0.0,5990000,29.7,29.7,0.500000,frankycpp_v1.4.exe,Position::isCapturingMove,Position.h,0x14020a812
Position::isCapturingMove,0.0,0.0,0.0,0.0,5990000,0.0,0.0,0.0,frankycpp_v1.4.exe,Position::isCapturingMove,Position.h,0x14023fa84
Position::isCapturingMove,0.0,0.0,0.0,0.0,2995000,,,0.0,frankycpp_v1.4.exe,Position::isCapturingMove,Position.h,0x140209d0b
Position::strFen,0.0,0.0,0.0,0.0,5990000,0.0,0.0,0.0,frankycpp_v1.4.exe,Position::strFen(void),Position.cpp,0x14023a1a0
PsLookupProcessByProcessId,0.0,0.0,0.0,0.0,2995000,0.0,0.0,0.0,ntoskrnl.exe,PsLookupProcessByProcessId,[Unknown],0x14094dc80
RtlEnterCriticalSection,0.0,0.0,0.0,0.0,0,14.3,14.3,0.0,ntdll.dll,RtlEnterCriticalSection,[Unknown],0x18000d800
RtlGetNextExpiredTimerWheelEntry,0.0,0.0,0.0,0.0,2995000,,,3.000000,netio.sys,RtlGetNextExpiredTimerWheelEntry,[Unknown],0x1400346b0
RtlLeaveCriticalSection,0.0,0.0,0.0,0.0,2995000,0.0,0.0,0.0,ntdll.dll,RtlLeaveCriticalSection,[Unknown],0x18000d900
RtlReleaseSRWLockExclusive,0.0,0.0,0.0,0.0,5990000,0.0,0.0,0.0,ntdll.dll,RtlReleaseSRWLockExclusive,[Unknown],0x18003cd80
Search::isTimeAlmostUp,0.0,0.0,0.0,0.0,8985000,11.1,11.1,1.666667,frankycpp_v1.4.exe,Search::isTimeAlmostUp(void),Search.cpp,0x14020e2b0
Search::newGame,0.0,0.0,0.0,0.0,2995000,0.0,0.0,0.0,frankycpp_v1.4.exe,Search::newGame(void),Search.cpp,0x1402001e0
Search::thread,0.0,0.0,0.0,0.0,2995000,0.0,0.0,1.000000,frankycpp_v1.4.exe,Search::thread,Search.h,0x14020a6f0
Search::thread,0.0,0.0,0.0,0.0,2995000,,,0.0,frankycpp_v1.4.exe,Search::thread,Search.h,0x140208b40
SearchThreadData::regenerateLmrTable,0.0,0.0,0.0,0.0,2995000,0.0,0.0,1.000000,frankycpp_v1.4.exe,"SearchThreadData::regenerateLmrTable(bool,double)",SearchThreadData.h,0x1401ff570
Square::operator int,0.0,0.0,0.0,0.0,2995000,,,1.000000,frankycpp_v1.4.exe,Square::operator int,square.h,0x140239822
StaticMoveList<128>::push_back,0.0,0.0,0.0,0.0,5990000,0.0,0.0,1.000000,frankycpp_v1.4.exe,StaticMoveList<128>::push_back,staticmovelist.h,0x1402082fe
StaticMoveList<256>::push_back,0.0,0.0,0.0,0.0,5990000,50.0,50.0,1.000000,frankycpp_v1.4.exe,StaticMoveList<256>::push_back,staticmovelist.h,0x1402402d4
StaticMoveList<256>::push_back,0.0,0.0,0.0,0.0,14975000,,,0.200000,frankycpp_v1.4.exe,StaticMoveList<256>::push_back,staticmovelist.h,0x1402406c8
StaticMoveList<256>::push_back,0.0,0.0,0.0,0.0,14975000,0.0,0.0,0.0,frankycpp_v1.4.exe,StaticMoveList<256>::push_back,staticmovelist.h,0x14024024f
StaticMoveList<256>::push_back,0.0,0.0,0.0,0.0,2995000,0.0,0.0,0.0,frankycpp_v1.4.exe,StaticMoveList<256>::push_back,staticmovelist.h,0x140241053
StaticMoveList<256>::push_back,0.0,0.0,0.0,0.0,2995000,50.0,50.0,0.0,frankycpp_v1.4.exe,StaticMoveList<256>::push_back,staticmovelist.h,0x1402402a7
StaticMoveList<256>::push_back,0.0,0.0,0.0,0.0,2995000,25.0,25.0,0.0,frankycpp_v1.4.exe,StaticMoveList<256>::push_back,staticmovelist.h,0x1402405b2
StaticMoveList<256>::push_back,0.0,0.0,0.0,0.0,5990000,16.7,16.7,0.0,frankycpp_v1.4.exe,StaticMoveList<256>::push_back,staticmovelist.h,0x140240698
Value::operator int,0.0,0.0,0.0,0.0,2995000,0.0,0.0,1.000000,frankycpp_v1.4.exe,Value::operator int,value.h,0x14020940b
WdLogSingleEntry2,0.0,0.0,0.0,0.0,2995000,50.0,50.0,0.0,watchdog.sys,WdLogSingleEntry2,[Unknown],0x140001f80
YAML::RegEx::MatchOpOr,0.0,0.0,0.0,0.0,2995000,0.0,0.0,0.0,frankycpp_v1.4.exe,YAML::RegEx::MatchOpOr,regeximpl.h,0x1402c7080
[Import thunk _std_type_info_compare],0.0,0.0,0.0,0.0,8985000,50.0,50.0,0.333333,frankycpp_v1.4.exe,[Import thunk _std_type_info_compare],[Unknown],0x1405ef7d8
[Import thunk malloc],0.0,0.0,0.0,0.0,2995000,0.0,0.0,0.0,frankycpp_v1.4.exe,[Import thunk malloc],[Unknown],0x1405ef9a0
[Import thunk memmove],0.0,0.0,0.0,0.0,0,42.2,42.2,,frankycpp_v1.4.exe,[Import thunk memmove],[Unknown],0x1405ef81a
__builtin_array_init_helper<struct HistoryState>,0.0,0.0,0.0,0.0,2995000,0.0,0.0,0.0,frankycpp_v1.4.exe,"__builtin_array_init_helper<struct HistoryState>(struct HistoryState *,unsigned __int64)",[Unknown],0x14023bba0
boost::archive::basic_binary_iarchive<boost::archive::binary_iarchive>::load_override,0.0,0.0,0.0,0.0,2995000,0.0,0.0,2.000000,frankycpp_v1.4.exe,boost::archive::basic_binary_iarchive<boost::archive::binary_iarchive>::load_override,basic_binary_iarchive.hpp,0x1402623ef
"boost::archive::basic_binary_iprimitive<class boost::archive::binary_iarchive,char,struct std::char_traits<char> >::load_binary",0.0,0.0,0.0,0.0,5990000,,,0.0,frankycpp_v1.4.exe,"boost::archive::basic_binary_iprimitive<class boost::archive::binary_iarchive,char,struct std::char_traits<char> >::load_binary(void *,unsigned __int64)",basic_binary_iprimitive.hpp,0x14025ee30
boost::archive::detail::basic_iarchive::load_object,0.0,0.0,0.0,0.0,26955000,29.2,29.2,0.222222,frankycpp_v1.4.exe,"boost::archive::detail::basic_iarchive::load_object(void *,class boost::archive::detail::basic_iserializer const &)",basic_iarchive.cpp,0x140282ba0
boost::archive::detail::basic_serializer::operator<,0.0,0.0,0.0,0.0,8985000,0.0,0.0,0.0,frankycpp_v1.4.exe,boost::archive::detail::basic_serializer::operator<,basic_serializer.hpp,0x140283487
boost::archive::detail::common_iarchive<boost::archive::binary_iarchive>::load_override,0.0,0.0,0.0,0.0,5990000,,,0.0,frankycpp_v1.4.exe,boost::archive::detail::common_iarchive<boost::archive::binary_iarchive>::load_override,common_iarchive.hpp,0x1402657c2
boost::archive::detail::common_iarchive<boost::archive::binary_iarchive>::load_override,0.0,0.0,0.0,0.0,0,50.0,50.0,0.0,frankycpp_v1.4.exe,boost::archive::detail::common_iarchive<boost::archive::binary_iarchive>::load_override,common_iarchive.hpp,0x14026d7a2
boost::archive::detail::common_iarchive<boost::archive::binary_iarchive>::load_override,0.0,0.0,0.0,0.0,2995000,0.0,0.0,0.0,frankycpp_v1.4.exe,boost::archive::detail::common_iarchive<boost::archive::binary_iarchive>::load_override,common_iarchive.hpp,0x140268502
"boost::archive::detail::iserializer<class boost::archive::binary_iarchive,class BookEntry>::load_object_data",0.0,0.0,0.0,0.0,0,25.0,25.0,,frankycpp_v1.4.exe,"boost::archive::detail::iserializer<class boost::archive::binary_iarchive,class BookEntry>::load_object_data(class boost::archive::detail::basic_iarchive &,void *,unsigned int)",iserializer.hpp,0x140266730
"boost::archive::detail::iserializer<class boost::archive::binary_iarchive,class std::vector<class Move,class std::allocator<class Move> > >::load_object_data",0.0,0.0,0.0,0.0,0,50.0,50.0,0.0,frankycpp_v1.4.exe,"boost::archive::detail::iserializer<class boost::archive::binary_iarchive,class std::vector<class Move,class std::allocator<class Move> > >::load_object_data(class boost::archive::detail::basic_iarchive &,void *,unsigned int)",iserializer.hpp,0x140269940
"boost::archive::detail::iserializer<class boost::archive::binary_iarchive,class std::vector<unsigned __int64,class std::allocator<unsigned __int64> > >::load_object_data",0.0,0.0,0.0,0.0,14975000,0.0,0.0,0.0,frankycpp_v1.4.exe,"boost::archive::detail::iserializer<class boost::archive::binary_iarchive,class std::vector<unsigned __int64,class std::allocator<unsigned __int64> > >::load_object_data(class boost::archive::detail::basic_iarchive &,void *,unsigned int)",iserializer.hpp,0x14026a080
"boost::archive::detail::iserializer<class boost::archive::binary_iarchive,struct std::pair<unsigned __int64 const ,class BookEntry> >::load_object_data",0.0,0.0,0.0,0.0,17970000,100.0,100.0,0.166667,frankycpp_v1.4.exe,"boost::archive::detail::iserializer<class boost::archive::binary_iarchive,struct std::pair<unsigned __int64 const ,class BookEntry> >::load_object_data(class boost::archive::detail::basic_iarchive &,void *,unsigned int)",iserializer.hpp,0x140264440
boost::archive::detail::load_non_pointer_type<boost::archive::binary_iarchive>::load_standard::invoke,0.0,0.0,0.0,0.0,2995000,,,0.0,frankycpp_v1.4.exe,boost::archive::detail::load_non_pointer_type<boost::archive::binary_iarchive>::load_standard::invoke,iserializer.hpp,0x1402657d6
boost::archive::object_id_type::operator=,0.0,0.0,0.0,0.0,8985000,66.7,66.7,0.0,frankycpp_v1.4.exe,boost::archive::object_id_type::operator=,basic_archive.hpp,0x140282b80
boost::archive::version_type::{ctor},0.0,0.0,0.0,0.0,2995000,0.0,0.0,0.0,frankycpp_v1.4.exe,boost::archive::version_type::{ctor},basic_archive.hpp,0x140269b40
boost::archive::version_type::{ctor},0.0,0.0,0.0,0.0,2995000,0.0,0.0,0.0,frankycpp_v1.4.exe,boost::archive::version_type::{ctor},basic_archive.hpp,0x1402668b0
boost::archive::version_type::{ctor},0.0,0.0,0.0,0.0,0,50.0,50.0,,frankycpp_v1.4.exe,boost::archive::version_type::{ctor},basic_archive.hpp,0x14026a1c0
boost::archive::version_type::{ctor},0.0,0.0,0.0,0.0,2995000,0.0,0.0,0.0,frankycpp_v1.4.exe,boost::archive::version_type::{ctor},basic_archive.hpp,0x14026de90
boost::archive::version_type::{ctor},0.0,0.0,0.0,0.0,0,100.0,100.0,,frankycpp_v1.4.exe,boost::archive::version_type::{ctor},basic_archive.hpp,0x140264570
boost::serialization::array_wrapper<unsigned __int64>::load,0.0,0.0,0.0,0.0,2995000,50.0,50.0,0.0,frankycpp_v1.4.exe,boost::serialization::array_wrapper<unsigned __int64>::load,array_wrapper.hpp,0x14026c286
"boost::serialization::free_loader<boost::archive::binary_iarchive,boost::serialization::nvp<boost::serialization::item_version_type> >::invoke",0.0,0.0,0.0,0.0,2995000,0.0,0.0,1.000000,frankycpp_v1.4.exe,"boost::serialization::free_loader<boost::archive::binary_iarchive,boost::serialization::nvp<boost::serialization::item_version_type> >::invoke",split_free.hpp,0x140269a09
"boost::serialization::load<class boost::archive::binary_iarchive,class boost::serialization::collection_size_type>",0.0,0.0,0.0,0.0,8985000,100.0,100.0,0.0,frankycpp_v1.4.exe,"boost::serialization::load<class boost::archive::binary_iarchive,class boost::serialization::collection_size_type>(class boost::archive::binary_iarchive &,class boost::serialization::nvp<class boost::serialization::collection_size_type> &,unsigned int)",nvp.hpp,0x1402624d0
"boost::serialization::load<class boost::archive::binary_iarchive,class std::vector<class Move,class std::allocator<class Move> > >",0.0,0.0,0.0,0.0,5990000,,,0.0,frankycpp_v1.4.exe,"boost::serialization::load<class boost::archive::binary_iarchive,class std::vector<class Move,class std::allocator<class Move> > >(class boost::archive::binary_iarchive &,class boost::serialization::nvp<class std::vector<class Move,class std::allocator<class Move> > > &,unsigned int)",nvp.hpp,0x140268540
"boost::serialization::load<class boost::archive::binary_iarchive,unsigned __int64>",0.0,0.0,0.0,0.0,5990000,0.0,0.0,0.0,frankycpp_v1.4.exe,"boost::serialization::load<class boost::archive::binary_iarchive,unsigned __int64>(class boost::archive::binary_iarchive &,class boost::serialization::nvp<unsigned __int64> &,unsigned int)",nvp.hpp,0x140265800
boost::serialization::load<class boost::archive::binary_iarchive>,0.0,0.0,0.0,0.0,2995000,0.0,0.0,1.000000,frankycpp_v1.4.exe,"boost::serialization::load<class boost::archive::binary_iarchive>(class boost::archive::binary_iarchive &,class Move &,unsigned int)",move.h,0x14026e4c0
boost::serialization::nvp<boost::serialization::item_version_type>::{ctor},0.0,0.0,0.0,0.0,2995000,,,0.0,frankycpp_v1.4.exe,boost::serialization::nvp<boost::serialization::item_version_type>::{ctor},nvp.hpp,0x1402699e6
"boost::serialization::singleton<class boost::archive::detail::iserializer<class boost::archive::binary_iarchive,class BookEntry> >::get_instance",0.0,0.0,0.0,0.0,8985000,0.0,0.0,0.0,frankycpp_v1.4.exe,"boost::serialization::singleton<class boost::archive::detail::iserializer<class boost::archive::binary_iarchive,class BookEntry> >::get_instance(void)",singleton.hpp,0x140266d20
"boost::serialization::singleton<class boost::archive::detail::iserializer<class boost::archive::binary_iarchive,class Move> >::get_instance",0.0,0.0,0.0,0.0,5990000,0.0,0.0,0.0,frankycpp_v1.4.exe,"boost::serialization::singleton<class boost::archive::detail::iserializer<class boost::archive::binary_iarchive,class Move> >::get_instance(void)",singleton.hpp,0x14026e010
"boost::serialization::singleton<class boost::archive::detail::iserializer<class boost::archive::binary_iarchive,class std::vector<class Move,class std::allocator<class Move> > > >::get_instance",0.0,0.0,0.0,0.0,5990000,0.0,0.0,0.0,frankycpp_v1.4.exe,"boost::serialization::singleton<class boost::archive::detail::iserializer<class boost::archive::binary_iarchive,class std::vector<class Move,class std::allocator<class Move> > > >::get_instance(void)",singleton.hpp,0x14026a220
"boost::serialization::singleton<class boost::archive::detail::iserializer<class boost::archive::binary_iarchive,class std::vector<unsigned __int64,class std::allocator<unsigned __int64> > > >::get_instance",0.0,0.0,0.0,0.0,8985000,100.0,100.0,0.666667,frankycpp_v1.4.exe,"boost::serialization::singleton<class boost::archive::detail::iserializer<class boost::archive::binary_iarchive,class std::vector<unsigned __int64,class std::allocator<unsigned __int64> > > >::get_instance(void)",singleton.hpp,0x14026a7f0
boost::serialization::state_saver<bool>::{ctor},0.0,0.0,0.0,0.0,2995000,0.0,0.0,0.0,frankycpp_v1.4.exe,boost::serialization::state_saver<bool>::{ctor},state_saver.hpp,0x140282bc9
boost::serialization::typeid_system::extended_type_info_typeid_0::is_less_than,0.0,0.0,0.0,0.0,41930000,40.0,40.0,0.214286,frankycpp_v1.4.exe,boost::serialization::typeid_system::extended_type_info_typeid_0::is_less_than(class boost::serialization::extended_type_info const &),extended_type_info_typeid.cpp,0x14028d040
calloc_base,0.0,0.0,0.0,0.0,2995000,0.0,0.0,0.0,ucrtbase.dll,calloc_base,[Unknown],0x180010050
fread,0.0,0.0,0.0,0.0,0,50.0,50.0,0.0,ucrtbase.dll,fread,[Unknown],0x180038720
free_base,0.0,0.0,0.0,0.0,5990000,0.0,0.0,0.500000,ucrtbase.dll,free_base,[Unknown],0x18001e0e0
func@0x140002053,0.0,0.0,0.0,0.0,5990000,0.0,0.0,1.000000,usbpcap.sys,func@0x140002053,[Unknown],0x140002053
func@0x140002700,0.0,0.0,0.0,0.0,2995000,100.0,100.0,0.0,usbxhci.sys,func@0x140002700,[Unknown],0x140002700
func@0x1400057f0,0.0,0.0,0.0,0.0,2995000,20.0,20.0,1.000000,wpprecorder.sys,func@0x1400057f0,[Unknown],0x1400057f0
func@0x140005900,0.0,0.0,0.0,0.0,14975000,20.0,20.0,1.000000,wpprecorder.sys,func@0x140005900,[Unknown],0x140005900
func@0x140005ee0,0.0,0.0,0.0,0.0,2995000,0.0,0.0,0.0,usbxhci.sys,func@0x140005ee0,[Unknown],0x140005ee0
func@0x140008bd0,0.0,0.0,0.0,0.0,0,50.0,50.0,0.0,dxgmms2.sys,func@0x140008bd0,[Unknown],0x140008bd0
func@0x140009cdd,0.0,0.0,0.0,0.0,2995000,0.0,0.0,0.0,dxgmms2.sys,func@0x140009cdd,[Unknown],0x140009cdd
func@0x14000a648,0.0,0.0,0.0,0.0,5990000,0.0,0.0,0.0,dxgmms2.sys,func@0x14000a648,[Unknown],0x14000a648
func@0x14000acd0,0.0,0.0,0.0,0.0,2995000,0.0,0.0,0.0,nvlddmkm.sys,func@0x14000acd0,[Unknown],0x14000acd0
func@0x14000b150,0.0,0.0,0.0,0.0,2995000,0.0,0.0,0.0,nvlddmkm.sys,func@0x14000b150,[Unknown],0x14000b150
func@0x14000cbf0,0.0,0.0,0.0,0.0,2995000,66.7,66.7,0.0,nvlddmkm.sys,func@0x14000cbf0,[Unknown],0x14000cbf0
func@0x14000fa30,0.0,0.0,0.0,0.0,0,100.0,100.0,,afd.sys,func@0x14000fa30,[Unknown],0x14000fa30
func@0x140010440,0.0,0.0,0.0,0.0,2995000,,,1.000000,usbxhci.sys,func@0x140010440,[Unknown],0x140010440
func@0x1400112f0,0.0,0.0,0.0,0.0,0,6.2,6.2,0.0,dxgmms2.sys,func@0x1400112f0,[Unknown],0x1400112f0
func@0x140011550,0.0,0.0,0.0,0.0,2995000,0.0,0.0,0.0,dxgmms2.sys,func@0x140011550,[Unknown],0x140011550
func@0x140011b00,0.0,0.0,0.0,0.0,0,16.7,16.7,0.0,usbxhci.sys,func@0x140011b00,[Unknown],0x140011b00
func@0x1400122e0,0.0,0.0,0.0,0.0,2995000,0.0,0.0,0.0,dxgmms2.sys,func@0x1400122e0,[Unknown],0x1400122e0
func@0x140015574,0.0,0.0,0.0,0.0,0,100.0,100.0,0.0,dxgmms2.sys,func@0x140015574,[Unknown],0x140015574
func@0x14001a970,0.0,0.0,0.0,0.0,2995000,0.0,0.0,0.0,dxgmms2.sys,func@0x14001a970,[Unknown],0x14001a970
func@0x14001ea70,0.0,0.0,0.0,0.0,0,100.0,100.0,0.0,netadaptercx.sys,func@0x14001ea70,[Unknown],0x14001ea70
func@0x140020a60,0.0,0.0,0.0,0.0,2995000,0.0,0.0,1.000000,nvlddmkm.sys,func@0x140020a60,[Unknown],0x140020a60
func@0x140021110,0.0,0.0,0.0,0.0,8985000,,,0.333333,usbxhci.sys,func@0x140021110,[Unknown],0x140021110
func@0x1400237e0,0.0,0.0,0.0,0.0,5990000,0.0,0.0,0.500000,dxgmms2.sys,func@0x1400237e0,[Unknown],0x1400237e0
func@0x140028da5,0.0,0.0,0.0,0.0,5990000,0.0,0.0,1.500000,dxgmms2.sys,func@0x140028da5,[Unknown],0x140028da5
func@0x14002a460,0.0,0.0,0.0,0.0,0,25.0,25.0,,dxgkrnl.sys,func@0x14002a460,[Unknown],0x14002a460
func@0x14002d6a0,0.0,0.0,0.0,0.0,2995000,0.0,0.0,0.0,dxgkrnl.sys,func@0x14002d6a0,[Unknown],0x14002d6a0
func@0x1400535b0,0.0,0.0,0.0,0.0,2995000,0.0,0.0,1.000000,wdf01000.sys,func@0x1400535b0,[Unknown],0x1400535b0
func@0x140054e80,0.0,0.0,0.0,0.0,2995000,0.0,0.0,0.0,ntfs.sys,func@0x140054e80,[Unknown],0x140054e80
func@0x140056040,0.0,0.0,0.0,0.0,2995000,0.0,0.0,0.0,dxgmms2.sys,func@0x140056040,[Unknown],0x140056040
func@0x140067c00,0.0,0.0,0.0,0.0,0,25.0,25.0,0.0,e2fn.sys,func@0x140067c00,[Unknown],0x140067c00
func@0x1400987c0,0.0,0.0,0.0,0.0,5990000,0.0,0.0,0.0,nvlddmkm.sys,func@0x1400987c0,[Unknown],0x1400987c0
func@0x1400aba80,0.0,0.0,0.0,0.0,2995000,0.0,0.0,0.0,tcpip.sys,func@0x1400aba80,[Unknown],0x1400aba80
func@0x1400f1b70,0.0,0.0,0.0,0.0,2995000,0.0,0.0,0.0,nvlddmkm.sys,func@0x1400f1b70,[Unknown],0x1400f1b70
func@0x1400f6f10,0.0,0.0,0.0,0.0,2995000,0.0,0.0,1.000000,nvlddmkm.sys,func@0x1400f6f10,[Unknown],0x1400f6f10
func@0x1400f9650,0.0,0.0,0.0,0.0,2995000,0.0,0.0,0.0,nvlddmkm.sys,func@0x1400f9650,[Unknown],0x1400f9650
func@0x1400fa8e0,0.0,0.0,0.0,0.0,2995000,100.0,100.0,1.000000,nvlddmkm.sys,func@0x1400fa8e0,[Unknown],0x1400fa8e0
func@0x1400fb250,0.0,0.0,0.0,0.0,5990000,0.0,0.0,0.500000,nvlddmkm.sys,func@0x1400fb250,[Unknown],0x1400fb250
func@0x140113d10,0.0,0.0,0.0,0.0,0,75.0,75.0,,nvlddmkm.sys,func@0x140113d10,[Unknown],0x140113d10
func@0x140115380,0.0,0.0,0.0,0.0,0,11.8,11.8,,nvlddmkm.sys,func@0x140115380,[Unknown],0x140115380
func@0x1401183c0,0.0,0.0,0.0,0.0,0,25.0,25.0,,nvlddmkm.sys,func@0x1401183c0,[Unknown],0x1401183c0
func@0x140118a80,0.0,0.0,0.0,0.0,0,14.3,14.3,,nvlddmkm.sys,func@0x140118a80,[Unknown],0x140118a80
func@0x14011add0,0.0,0.0,0.0,0.0,2995000,0.0,0.0,0.0,nvlddmkm.sys,func@0x14011add0,[Unknown],0x14011add0
func@0x14012466a,0.0,0.0,0.0,0.0,2995000,0.0,0.0,0.0,ntfs.sys,func@0x14012466a,[Unknown],0x14012466a
func@0x14013b1d0,0.0,0.0,0.0,0.0,2995000,,,0.0,nvlddmkm.sys,func@0x14013b1d0,[Unknown],0x14013b1d0
func@0x140140da0,0.0,0.0,0.0,0.0,2995000,0.0,0.0,1.000000,nvlddmkm.sys,func@0x140140da0,[Unknown],0x140140da0
func@0x1401411d0,0.0,0.0,0.0,0.0,2995000,100.0,100.0,0.0,nvlddmkm.sys,func@0x1401411d0,[Unknown],0x1401411d0
func@0x140141290,0.0,0.0,0.0,0.0,2995000,60.0,60.0,1.000000,nvlddmkm.sys,func@0x140141290,[Unknown],0x140141290
func@0x140165720,0.0,0.0,0.0,0.0,2995000,25.0,25.0,1.000000,nvlddmkm.sys,func@0x140165720,[Unknown],0x140165720
func@0x140165ba0,0.0,0.0,0.0,0.0,2995000,0.0,0.0,0.0,nvlddmkm.sys,func@0x140165ba0,[Unknown],0x140165ba0
func@0x140204ebe,0.0,0.0,0.0,0.0,5990000,0.0,0.0,0.0,ntoskrnl.exe,func@0x140204ebe,[Unknown],0x140204ebe
func@0x14020513b,0.0,0.0,0.0,0.0,2995000,0.0,0.0,4.000000,ntoskrnl.exe,func@0x14020513b,[Unknown],0x14020513b
func@0x140211c2b,0.0,0.0,0.0,0.0,0,50.0,50.0,0.0,ntoskrnl.exe,func@0x140211c2b,[Unknown],0x140211c2b
func@0x1402256c0,0.0,0.0,0.0,0.0,2995000,0.0,0.0,3.000000,ntoskrnl.exe,func@0x1402256c0,[Unknown],0x1402256c0
func@0x140225a00,0.0,0.0,0.0,0.0,2995000,0.0,0.0,0.0,ntoskrnl.exe,func@0x140225a00,[Unknown],0x140225a00
func@0x14023ba6f,0.0,0.0,0.0,0.0,2995000,0.0,0.0,0.0,ntoskrnl.exe,func@0x14023ba6f,[Unknown],0x14023ba6f
func@0x14023c720,0.0,0.0,0.0,0.0,5990000,0.0,0.0,0.0,ntoskrnl.exe,func@0x14023c720,[Unknown],0x14023c720
func@0x14023d630,0.0,0.0,0.0,0.0,2995000,50.0,50.0,1.000000,ntoskrnl.exe,func@0x14023d630,[Unknown],0x14023d630
func@0x14023da2c,0.0,0.0,0.0,0.0,2995000,0.0,0.0,0.0,ntoskrnl.exe,func@0x14023da2c,[Unknown],0x14023da2c
func@0x1402400a0,0.0,0.0,0.0,0.0,2995000,0.0,0.0,0.0,ntoskrnl.exe,func@0x1402400a0,[Unknown],0x1402400a0
func@0x140241990,0.0,0.0,0.0,0.0,0,100.0,100.0,0.0,ntoskrnl.exe,func@0x140241990,[Unknown],0x140241990
func@0x14024a71c,0.0,0.0,0.0,0.0,0,3.8,3.8,0.0,ntoskrnl.exe,func@0x14024a71c,[Unknown],0x14024a71c
func@0x14024dd00,0.0,0.0,0.0,0.0,0,66.7,66.7,,ntoskrnl.exe,func@0x14024dd00,[Unknown],0x14024dd00
func@0x14024df00,0.0,0.0,0.0,0.0,2995000,0.0,0.0,1.000000,ntoskrnl.exe,func@0x14024df00,[Unknown],0x14024df00
func@0x14024e32d,0.0,0.0,0.0,0.0,0,12.5,12.5,0.0,ntoskrnl.exe,func@0x14024e32d,[Unknown],0x14024e32d
func@0x14024eb4c,0.0,0.0,0.0,0.0,23960000,23.1,23.1,0.0,ntoskrnl.exe,func@0x14024eb4c,[Unknown],0x14024eb4c
func@0x14024f020,0.0,0.0,0.0,0.0,0,100.0,100.0,0.0,ntoskrnl.exe,func@0x14024f020,[Unknown],0x14024f020
func@0x1402512fc,0.0,0.0,0.0,0.0,0,33.3,33.3,0.0,ntoskrnl.exe,func@0x1402512fc,[Unknown],0x1402512fc
func@0x140252f30,0.0,0.0,0.0,0.0,2995000,0.0,0.0,0.0,ntoskrnl.exe,func@0x140252f30,[Unknown],0x140252f30
func@0x1402534e4,0.0,0.0,0.0,0.0,0,66.7,66.7,0.0,ntoskrnl.exe,func@0x1402534e4,[Unknown],0x1402534e4
func@0x140256830,0.0,0.0,0.0,0.0,2995000,0.0,0.0,0.0,nvlddmkm.sys,func@0x140256830,[Unknown],0x140256830
func@0x140259910,0.0,0.0,0.0,0.0,2995000,0.0,0.0,0.0,nvlddmkm.sys,func@0x140259910,[Unknown],0x140259910
func@0x14025a500,0.0,0.0,0.0,0.0,0,14.3,14.3,,nvlddmkm.sys,func@0x14025a500,[Unknown],0x14025a500
func@0x140269f70,0.0,0.0,0.0,0.0,2995000,0.0,0.0,0.0,nvlddmkm.sys,func@0x140269f70,[Unknown],0x140269f70
func@0x14026da20,0.0,0.0,0.0,0.0,2995000,0.0,0.0,0.0,nvlddmkm.sys,func@0x14026da20,[Unknown],0x14026da20
func@0x1402899fc,0.0,0.0,0.0,0.0,2995000,,,0.0,ntoskrnl.exe,func@0x1402899fc,[Unknown],0x1402899fc
func@0x14028a5c0,0.0,0.0,0.0,0.0,2995000,0.0,0.0,0.0,ntoskrnl.exe,func@0x14028a5c0,[Unknown],0x14028a5c0
func@0x14028db00,0.0,0.0,0.0,0.0,2995000,0.0,0.0,0.0,ntoskrnl.exe,func@0x14028db00,[Unknown],0x14028db00
func@0x14028e5a0,0.0,0.0,0.0,0.0,0,33.3,33.3,,ntoskrnl.exe,func@0x14028e5a0,[Unknown],0x14028e5a0
func@0x14028eb10,0.0,0.0,0.0,0.0,14975000,0.0,0.0,0.200000,ntoskrnl.exe,func@0x14028eb10,[Unknown],0x14028eb10
func@0x14028ef0e,0.0,0.0,0.0,0.0,2995000,0.0,0.0,0.0,ntoskrnl.exe,func@0x14028ef0e,[Unknown],0x14028ef0e
func@0x1402920b0,0.0,0.0,0.0,0.0,5990000,,,0.0,ntoskrnl.exe,func@0x1402920b0,[Unknown],0x1402920b0
func@0x14029b545,0.0,0.0,0.0,0.0,5990000,25.0,25.0,0.500000,ntoskrnl.exe,func@0x14029b545,[Unknown],0x14029b545
func@0x1402a1d00,0.0,0.0,0.0,0.0,5990000,0.0,0.0,0.0,ntoskrnl.exe,func@0x1402a1d00,[Unknown],0x1402a1d00
func@0x1402a2340,0.0,0.0,0.0,0.0,0,66.7,66.7,0.0,ntoskrnl.exe,func@0x1402a2340,[Unknown],0x1402a2340
func@0x1402a9fc0,0.0,0.0,0.0,0.0,0,50.0,50.0,,ntoskrnl.exe,func@0x1402a9fc0,[Unknown],0x1402a9fc0
func@0x1402aaf50,0.0,0.0,0.0,0.0,2995000,33.3,33.3,2.000000,ntoskrnl.exe,func@0x1402aaf50,[Unknown],0x1402aaf50
func@0x1402e0f50,0.0,0.0,0.0,0.0,2995000,0.0,0.0,2.000000,ntoskrnl.exe,func@0x1402e0f50,[Unknown],0x1402e0f50
func@0x140300d40,0.0,0.0,0.0,0.0,0,50.0,50.0,0.0,ntoskrnl.exe,func@0x140300d40,[Unknown],0x140300d40
func@0x140301350,0.0,0.0,0.0,0.0,20965000,12.5,12.5,0.571429,nvlddmkm.sys,func@0x140301350,[Unknown],0x140301350
func@0x140302ef0,0.0,0.0,0.0,0.0,0,40.0,40.0,,ntoskrnl.exe,func@0x140302ef0,[Unknown],0x140302ef0
func@0x140304d80,0.0,0.0,0.0,0.0,2995000,0.0,0.0,0.0,ntoskrnl.exe,func@0x140304d80,[Unknown],0x140304d80
func@0x14030523c,0.0,0.0,0.0,0.0,2995000,40.0,40.0,0.0,ntoskrnl.exe,func@0x14030523c,[Unknown],0x14030523c
func@0x140309600,0.0,0.0,0.0,0.0,0,50.0,50.0,0.0,ntoskrnl.exe,func@0x140309600,[Unknown],0x140309600
func@0x14030d7f4,0.0,0.0,0.0,0.0,8985000,6.1,6.1,1.666667,ntoskrnl.exe,func@0x14030d7f4,[Unknown],0x14030d7f4
func@0x14030d954,0.0,0.0,0.0,0.0,8985000,12.5,12.5,1.000000,ntoskrnl.exe,func@0x14030d954,[Unknown],0x14030d954
func@0x14030e400,0.0,0.0,0.0,0.0,5990000,0.0,0.0,0.0,ntoskrnl.exe,func@0x14030e400,[Unknown],0x14030e400
func@0x140311cb0,0.0,0.0,0.0,0.0,2995000,,,0.0,ntoskrnl.exe,func@0x140311cb0,[Unknown],0x140311cb0
func@0x140320d10,0.0,0.0,0.0,0.0,0,50.0,50.0,0.0,ntoskrnl.exe,func@0x140320d10,[Unknown],0x140320d10
func@0x140322420,0.0,0.0,0.0,0.0,0,50.0,50.0,,ntoskrnl.exe,func@0x140322420,[Unknown],0x140322420
func@0x140323280,0.0,0.0,0.0,0.0,2995000,0.0,0.0,0.0,ntoskrnl.exe,func@0x140323280,[Unknown],0x140323280
func@0x1403235bc,0.0,0.0,0.0,0.0,2995000,0.0,0.0,0.0,ntoskrnl.exe,func@0x1403235bc,[Unknown],0x1403235bc
func@0x140328230,0.0,0.0,0.0,0.0,2995000,0.0,0.0,0.0,ntoskrnl.exe,func@0x140328230,[Unknown],0x140328230
func@0x140329e70,0.0,0.0,0.0,0.0,5990000,0.0,0.0,1.000000,ntoskrnl.exe,func@0x140329e70,[Unknown],0x140329e70
func@0x14032c847,0.0,0.0,0.0,0.0,2995000,0.0,0.0,1.000000,ntoskrnl.exe,func@0x14032c847,[Unknown],0x14032c847
func@0x14032f2fa,0.0,0.0,0.0,0.0,0,50.0,50.0,,ntoskrnl.exe,func@0x14032f2fa,[Unknown],0x14032f2fa
func@0x1403303e0,0.0,0.0,0.0,0.0,0,25.0,25.0,,ntoskrnl.exe,func@0x1403303e0,[Unknown],0x1403303e0
func@0x14033eaa0,0.0,0.0,0.0,0.0,5990000,42.9,42.9,0.500000,ntoskrnl.exe,func@0x14033eaa0,[Unknown],0x14033eaa0
func@0x140345448,0.0,0.0,0.0,0.0,2995000,0.0,0.0,0.0,ntoskrnl.exe,func@0x140345448,[Unknown],0x140345448
func@0x14034fe10,0.0,0.0,0.0,0.0,2995000,0.0,0.0,0.0,ntoskrnl.exe,func@0x14034fe10,[Unknown],0x14034fe10
func@0x140362bb0,0.0,0.0,0.0,0.0,0,5.0,5.0,,ntoskrnl.exe,func@0x140362bb0,[Unknown],0x140362bb0
func@0x140364800,0.0,0.0,0.0,0.0,0,100.0,100.0,,ntoskrnl.exe,func@0x140364800,[Unknown],0x140364800
func@0x140367104,0.0,0.0,0.0,0.0,2995000,66.7,66.7,1.000000,ntoskrnl.exe,func@0x140367104,[Unknown],0x140367104
func@0x1403671b8,0.0,0.0,0.0,0.0,2995000,0.0,0.0,0.0,ntoskrnl.exe,func@0x1403671b8,[Unknown],0x1403671b8
func@0x14039d870,0.0,0.0,0.0,0.0,5990000,100.0,100.0,0.0,nvlddmkm.sys,func@0x14039d870,[Unknown],0x14039d870
func@0x1403b1d50,0.0,0.0,0.0,0.0,2995000,0.0,0.0,1.000000,ntoskrnl.exe,func@0x1403b1d50,[Unknown],0x1403b1d50
func@0x1403b3a50,0.0,0.0,0.0,0.0,2995000,0.0,0.0,0.0,ntoskrnl.exe,func@0x1403b3a50,[Unknown],0x1403b3a50
func@0x1403b4778,0.0,0.0,0.0,0.0,0,40.0,40.0,0.0,ntoskrnl.exe,func@0x1403b4778,[Unknown],0x1403b4778
func@0x1403beb10,0.0,0.0,0.0,0.0,2995000,12.5,12.5,4.000000,ntoskrnl.exe,func@0x1403beb10,[Unknown],0x1403beb10
func@0x1403c5ce0,0.0,0.0,0.0,0.0,2995000,0.0,0.0,0.0,ntoskrnl.exe,func@0x1403c5ce0,[Unknown],0x1403c5ce0
func@0x1403de6b0,0.0,0.0,0.0,0.0,0,11.4,11.4,,ntoskrnl.exe,func@0x1403de6b0,[Unknown],0x1403de6b0
func@0x1403e7290,0.0,0.0,0.0,0.0,2995000,0.0,0.0,1.000000,ntoskrnl.exe,func@0x1403e7290,[Unknown],0x1403e7290
func@0x1404067e0,0.0,0.0,0.0,0.0,2995000,0.0,0.0,0.0,ntoskrnl.exe,func@0x1404067e0,[Unknown],0x1404067e0
func@0x14040aac1,0.0,0.0,0.0,0.0,2995000,100.0,100.0,1.000000,ntoskrnl.exe,func@0x14040aac1,[Unknown],0x14040aac1
func@0x140415041,0.0,0.0,0.0,0.0,0,20.0,20.0,0.0,ntoskrnl.exe,func@0x140415041,[Unknown],0x140415041
func@0x140415841,0.0,0.0,0.0,0.0,2995000,0.0,0.0,0.0,ntoskrnl.exe,func@0x140415841,[Unknown],0x140415841
func@0x140424542,0.0,0.0,0.0,0.0,5990000,7.1,7.1,2.000000,ntoskrnl.exe,func@0x140424542,[Unknown],0x140424542
func@0x140427cd0,0.0,0.0,0.0,0.0,2995000,,,0.0,ntoskrnl.exe,func@0x140427cd0,[Unknown],0x140427cd0
func@0x140427d87,0.0,0.0,0.0,0.0,0,50.0,50.0,0.0,ntoskrnl.exe,func@0x140427d87,[Unknown],0x140427d87
func@0x14042d200,0.0,0.0,0.0,0.0,5990000,0.0,0.0,0.500000,ntoskrnl.exe,func@0x14042d200,[Unknown],0x14042d200
func@0x14042e5b0,0.0,0.0,0.0,0.0,2995000,0.0,0.0,0.0,ntoskrnl.exe,func@0x14042e5b0,[Unknown],0x14042e5b0
func@0x14042ed0c,0.0,0.0,0.0,0.0,2995000,0.0,0.0,0.0,ntoskrnl.exe,func@0x14042ed0c,[Unknown],0x14042ed0c
func@0x140443530,0.0,0.0,0.0,0.0,2995000,,,0.0,ntoskrnl.exe,func@0x140443530,[Unknown],0x140443530
func@0x140449700,0.0,0.0,0.0,0.0,2995000,11.4,11.4,2.000000,ntoskrnl.exe,func@0x140449700,[Unknown],0x140449700
func@0x1404529cc,0.0,0.0,0.0,0.0,0,50.0,50.0,0.0,ntoskrnl.exe,func@0x1404529cc,[Unknown],0x1404529cc
func@0x14045a881,0.0,0.0,0.0,0.0,2995000,0.0,0.0,0.0,ntoskrnl.exe,func@0x14045a881,[Unknown],0x14045a881
func@0x14047dc34,0.0,0.0,0.0,0.0,2995000,0.0,0.0,0.0,ntoskrnl.exe,func@0x14047dc34,[Unknown],0x14047dc34
func@0x1404e75bc,0.0,0.0,0.0,0.0,5990000,0.0,0.0,0.0,ntoskrnl.exe,func@0x1404e75bc,[Unknown],0x1404e75bc
func@0x1404e96d5,0.0,0.0,0.0,0.0,2995000,0.0,0.0,0.0,ntoskrnl.exe,func@0x1404e96d5,[Unknown],0x1404e96d5
func@0x1404f1e50,0.0,0.0,0.0,0.0,2995000,0.0,0.0,0.0,ntoskrnl.exe,func@0x1404f1e50,[Unknown],0x1404f1e50
func@0x1404f2330,0.0,0.0,0.0,0.0,2995000,0.0,0.0,1.000000,ntoskrnl.exe,func@0x1404f2330,[Unknown],0x1404f2330
func@0x1405b50a4,0.0,0.0,0.0,0.0,2995000,0.0,0.0,0.0,ntoskrnl.exe,func@0x1405b50a4,[Unknown],0x1405b50a4
func@0x1405c5134,0.0,0.0,0.0,0.0,2995000,0.0,0.0,1.000000,ntoskrnl.exe,func@0x1405c5134,[Unknown],0x1405c5134
func@0x1405e2fa2,0.0,0.0,0.0,0.0,8985000,0.0,0.0,0.0,ntoskrnl.exe,func@0x1405e2fa2,[Unknown],0x1405e2fa2
func@0x1406af560,0.0,0.0,0.0,0.0,5990000,,,0.0,nvlddmkm.sys,func@0x1406af560,[Unknown],0x1406af560
func@0x1406bddc0,0.0,0.0,0.0,0.0,2995000,0.0,0.0,0.0,ntoskrnl.exe,func@0x1406bddc0,[Unknown],0x1406bddc0
func@0x1406ed600,0.0,0.0,0.0,0.0,2995000,0.0,0.0,0.0,nvlddmkm.sys,func@0x1406ed600,[Unknown],0x1406ed600
func@0x14084bfa0,0.0,0.0,0.0,0.0,2995000,0.0,0.0,0.0,ntoskrnl.exe,func@0x14084bfa0,[Unknown],0x14084bfa0
func@0x1408667c0,0.0,0.0,0.0,0.0,2995000,0.0,0.0,0.0,ntoskrnl.exe,func@0x1408667c0,[Unknown],0x1408667c0
func@0x1408912a0,0.0,0.0,0.0,0.0,0,100.0,100.0,0.0,ntoskrnl.exe,func@0x1408912a0,[Unknown],0x1408912a0
func@0x140a8b960,0.0,0.0,0.0,0.0,2995000,0.0,0.0,0.0,nvlddmkm.sys,func@0x140a8b960,[Unknown],0x140a8b960
func@0x140a8c9af,0.0,0.0,0.0,0.0,2995000,0.0,0.0,0.0,nvlddmkm.sys,func@0x140a8c9af,[Unknown],0x140a8c9af
func@0x140b51550,0.0,0.0,0.0,0.0,20965000,12.5,12.5,0.142857,nvlddmkm.sys,func@0x140b51550,[Unknown],0x140b51550
func@0x140d83010,0.0,0.0,0.0,0.0,2995000,0.0,0.0,0.0,nvlddmkm.sys,func@0x140d83010,[Unknown],0x140d83010
func@0x140d9b140,0.0,0.0,0.0,0.0,0,100.0,100.0,,nvlddmkm.sys,func@0x140d9b140,[Unknown],0x140d9b140
func@0x140da5750,0.0,0.0,0.0,0.0,2995000,0.0,0.0,0.0,nvlddmkm.sys,func@0x140da5750,[Unknown],0x140da5750
func@0x140dc4a30,0.0,0.0,0.0,0.0,17970000,11.1,11.1,0.0,nvlddmkm.sys,func@0x140dc4a30,[Unknown],0x140dc4a30
func@0x140dc52ef,0.0,0.0,0.0,0.0,2995000,0.0,0.0,0.0,nvlddmkm.sys,func@0x140dc52ef,[Unknown],0x140dc52ef
func@0x140dc8950,0.0,0.0,0.0,0.0,2995000,0.0,0.0,0.0,nvlddmkm.sys,func@0x140dc8950,[Unknown],0x140dc8950
func@0x140dcf450,0.0,0.0,0.0,0.0,2995000,0.0,0.0,0.0,nvlddmkm.sys,func@0x140dcf450,[Unknown],0x140dcf450
func@0x140dd00e0,0.0,0.0,0.0,0.0,2995000,0.0,0.0,3.000000,nvlddmkm.sys,func@0x140dd00e0,[Unknown],0x140dd00e0
func@0x140dd12d0,0.0,0.0,0.0,0.0,2995000,0.0,0.0,0.0,nvlddmkm.sys,func@0x140dd12d0,[Unknown],0x140dd12d0
func@0x140dd4a00,0.0,0.0,0.0,0.0,2995000,0.0,0.0,0.0,nvlddmkm.sys,func@0x140dd4a00,[Unknown],0x140dd4a00
func@0x140ded190,0.0,0.0,0.0,0.0,2995000,0.0,0.0,0.0,nvlddmkm.sys,func@0x140ded190,[Unknown],0x140ded190
func@0x140df3140,0.0,0.0,0.0,0.0,2995000,50.0,50.0,1.000000,nvlddmkm.sys,func@0x140df3140,[Unknown],0x140df3140
func@0x140df3690,0.0,0.0,0.0,0.0,2995000,0.0,0.0,0.0,nvlddmkm.sys,func@0x140df3690,[Unknown],0x140df3690
func@0x140df3700,0.0,0.0,0.0,0.0,2995000,0.0,0.0,0.0,nvlddmkm.sys,func@0x140df3700,[Unknown],0x140df3700
func@0x140e0fa7f,0.0,0.0,0.0,0.0,5990000,0.0,0.0,0.500000,nvlddmkm.sys,func@0x140e0fa7f,[Unknown],0x140e0fa7f
func@0x140e18610,0.0,0.0,0.0,0.0,2995000,0.0,0.0,0.0,nvlddmkm.sys,func@0x140e18610,[Unknown],0x140e18610
func@0x140e1bf50,0.0,0.0,0.0,0.0,14975000,11.1,11.1,0.400000,nvlddmkm.sys,func@0x140e1bf50,[Unknown],0x140e1bf50
func@0x140e1c850,0.0,0.0,0.0,0.0,2995000,0.0,0.0,1.000000,nvlddmkm.sys,func@0x140e1c850,[Unknown],0x140e1c850
func@0x140e1ca60,0.0,0.0,0.0,0.0,2995000,0.0,0.0,1.000000,nvlddmkm.sys,func@0x140e1ca60,[Unknown],0x140e1ca60
func@0x140e1cd10,0.0,0.0,0.0,0.0,5990000,0.0,0.0,0.0,nvlddmkm.sys,func@0x140e1cd10,[Unknown],0x140e1cd10
func@0x140e1e25c,0.0,0.0,0.0,0.0,2995000,50.0,50.0,0.0,nvlddmkm.sys,func@0x140e1e25c,[Unknown],0x140e1e25c
func@0x140e4a2d0,0.0,0.0,0.0,0.0,2995000,100.0,100.0,0.0,nvlddmkm.sys,func@0x140e4a2d0,[Unknown],0x140e4a2d0
func@0x180007a10,0.0,0.0,0.0,0.0,2995000,0.0,0.0,0.0,msvcrt.dll,func@0x180007a10,[Unknown],0x180007a10
func@0x18000b520,0.0,0.0,0.0,0.0,2995000,0.0,0.0,2.000000,fltmgr.sys,func@0x18000b520,[Unknown],0x18000b520
func@0x18000be40,0.0,0.0,0.0,0.0,2995000,,,2.000000,ntdll.dll,func@0x18000be40,[Unknown],0x18000be40
func@0x180010ff0,0.0,0.0,0.0,0.0,2995000,0.0,0.0,1.000000,hidclass.sys,func@0x180010ff0,[Unknown],0x180010ff0
func@0x180018090,0.0,0.0,0.0,0.0,2995000,100.0,100.0,0.0,ntdll.dll,func@0x180018090,[Unknown],0x180018090
func@0x18001dc27,0.0,0.0,0.0,0.0,0,50.0,50.0,0.0,ntdll.dll,func@0x18001dc27,[Unknown],0x18001dc27
func@0x18002616b,0.0,0.0,0.0,0.0,2995000,0.0,0.0,0.0,ntdll.dll,func@0x18002616b,[Unknown],0x18002616b
func@0x1800284a0,0.0,0.0,0.0,0.0,2995000,0.0,0.0,0.0,ntdll.dll,func@0x1800284a0,[Unknown],0x1800284a0
func@0x18002d9a0,0.0,0.0,0.0,0.0,8985000,40.0,40.0,0.0,cng.sys,func@0x18002d9a0,[Unknown],0x18002d9a0
func@0x18003c110,0.0,0.0,0.0,0.0,2995000,0.0,0.0,0.0,ntdll.dll,func@0x18003c110,[Unknown],0x18003c110
func@0x1800401a4,0.0,0.0,0.0,0.0,2995000,0.0,0.0,0.0,msvcrt.dll,func@0x1800401a4,[Unknown],0x1800401a4
func@0x180074df0,0.0,0.0,0.0,0.0,2995000,0.0,0.0,1.000000,ntdll.dll,func@0x180074df0,[Unknown],0x180074df0
func@0x1800770c0,0.0,0.0,0.0,0.0,2995000,0.0,0.0,2.000000,ntdll.dll,func@0x1800770c0,[Unknown],0x1800770c0
func@0x1800cdeeb,0.0,0.0,0.0,0.0,2995000,0.0,0.0,0.0,ntdll.dll,func@0x1800cdeeb,[Unknown],0x1800cdeeb
func@0x1800dd010,0.0,0.0,0.0,0.0,2995000,0.0,0.0,0.0,ntdll.dll,func@0x1800dd010,[Unknown],0x1800dd010
func@0x1c000ae1a,0.0,0.0,0.0,0.0,2995000,0.0,0.0,0.0,condrv.sys,func@0x1c000ae1a,[Unknown],0x1c000ae1a
"log<int,0>",0.0,0.0,0.0,0.0,11980000,,,0.250000,frankycpp_v1.4.exe,"log<int,0>(int)",cmath,0x140212e50
makePiece,0.0,0.0,0.0,0.0,2995000,0.0,0.0,2.000000,frankycpp_v1.4.exe,makePiece,piece.h,0x140238d8b
makePiece,0.0,0.0,0.0,0.0,0,100.0,100.0,0.0,frankycpp_v1.4.exe,makePiece,piece.h,0x1402390c0
malloc_base,0.0,0.0,0.0,0.0,5990000,75.0,75.0,0.500000,ucrtbase.dll,malloc_base,[Unknown],0x180010100
memcmp,0.0,0.0,0.0,0.0,2995000,0.0,0.0,0.0,ntoskrnl.exe,memcmp,[Unknown],0x1406bff10
moveValueGreaterComparator::operator(),0.0,0.0,0.0,0.0,0,5.0,5.0,0.0,frankycpp_v1.4.exe,moveValueGreaterComparator::operator(),move.h,0x14021af06
operator delete,0.0,0.0,0.0,0.0,2995000,50.0,50.0,1.000000,frankycpp_v1.4.exe,"operator delete(void *,unsigned __int64)",delete_scalar_size.cpp,0x1405ee128
operator new,0.0,0.0,0.0,0.0,5990000,,,0.0,frankycpp_v1.4.exe,operator new(unsigned __int64),new_scalar.cpp,0x1405edcb0
operator&,0.0,0.0,0.0,0.0,2995000,0.0,0.0,0.0,frankycpp_v1.4.exe,operator&,bitboard.h,0x14024102b
operator&,0.0,0.0,0.0,0.0,8985000,20.0,20.0,0.666667,frankycpp_v1.4.exe,operator&,bitboard.h,0x1402453f1
operator&,0.0,0.0,0.0,0.0,0,100.0,100.0,0.0,frankycpp_v1.4.exe,operator&,bitboard.h,0x14024104f
operator&,0.0,0.0,0.0,0.0,11980000,,,0.250000,frankycpp_v1.4.exe,operator&,bitboard.h,0x140239505
operator&,0.0,0.0,0.0,0.0,8985000,0.0,0.0,0.0,frankycpp_v1.4.exe,operator&,bitboard.h,0x1402410a3
operator+,0.0,0.0,0.0,0.0,0,50.0,50.0,0.0,frankycpp_v1.4.exe,operator+,direction.h,0x140166b20
operator+,0.0,0.0,0.0,0.0,26955000,22.9,22.9,0.555556,frankycpp_v1.4.exe,operator+,depth.h,0x140208eb4
operator+,0.0,0.0,0.0,0.0,5990000,100.0,100.0,0.0,frankycpp_v1.4.exe,operator+,castlingrights.h,0x140238d28
operator+,0.0,0.0,0.0,0.0,2995000,4.3,4.3,3.000000,frankycpp_v1.4.exe,operator+,direction.h,0x1402404b3
operator+,0.0,0.0,0.0,0.0,2995000,0.0,0.0,0.0,frankycpp_v1.4.exe,operator+,direction.h,0x140239403
operator+=,0.0,0.0,0.0,0.0,0,25.0,25.0,0.0,frankycpp_v1.4.exe,operator+=,direction.h,0x140166b6a
operator+=,0.0,0.0,0.0,0.0,2995000,0.0,0.0,0.0,frankycpp_v1.4.exe,operator+=,depth.h,0x140208e96
operator+=,0.0,0.0,0.0,0.0,35940000,,,0.083333,frankycpp_v1.4.exe,operator+=,value.h,0x1402455fc
operator+=,0.0,0.0,0.0,0.0,8985000,,,0.0,frankycpp_v1.4.exe,operator+=,value.h,0x140208ca8
operator+=,0.0,0.0,0.0,0.0,8985000,0.0,0.0,0.666667,frankycpp_v1.4.exe,operator+=,value.h,0x140245554
operator-,0.0,0.0,0.0,0.0,5990000,0.0,0.0,0.0,frankycpp_v1.4.exe,operator-,value.h,0x140240246
operator-,0.0,0.0,0.0,0.0,23960000,37.5,37.5,0.125000,frankycpp_v1.4.exe,operator-,value.h,0x14023ff4c
operator-,0.0,0.0,0.0,0.0,14975000,,,0.200000,frankycpp_v1.4.exe,operator-,value.h,0x140208d76
operator-,0.0,0.0,0.0,0.0,2995000,0.0,0.0,0.0,frankycpp_v1.4.exe,operator-,value.h,0x1402083a7
operator-,0.0,0.0,0.0,0.0,8985000,57.2,57.2,1.333333,frankycpp_v1.4.exe,operator-,value.h,0x140208ec3
operator==,0.0,0.0,0.0,0.0,2995000,11.4,11.4,2.000000,frankycpp_v1.4.exe,operator==,castlingrights.h,0x140241049
operator==,0.0,0.0,0.0,0.0,8985000,,,0.0,frankycpp_v1.4.exe,operator==,castlingrights.h,0x14024106e
operator==,0.0,0.0,0.0,0.0,0,13.4,13.4,,frankycpp_v1.4.exe,operator==,castlingrights.h,0x14024109d
operator|,0.0,0.0,0.0,0.0,8985000,,,0.333333,frankycpp_v1.4.exe,operator|,bitboard.h,0x14027742a
operator~,0.0,0.0,0.0,0.0,8985000,,,0.333333,frankycpp_v1.4.exe,operator~,color.h,0x14020984b
operator~,0.0,0.0,0.0,0.0,2995000,,,0.0,frankycpp_v1.4.exe,operator~,color.h,0x14023953e
operator~,0.0,0.0,0.0,0.0,17970000,33.3,33.3,0.166667,frankycpp_v1.4.exe,operator~,color.h,0x14023923d
"std::_Atomic_storage<unsigned __int64,8>::store",0.0,0.0,0.0,0.0,2995000,,,0.0,frankycpp_v1.4.exe,"std::_Atomic_storage<unsigned __int64,8>::store",atomic,0x14024351c
"std::_Char_traits<char,int>::copy",0.0,0.0,0.0,0.0,2995000,0.0,0.0,0.0,frankycpp_v1.4.exe,"std::_Char_traits<char,int>::copy",__msvc_string_view.hpp,0x14011ab6f
std::_Deallocate,0.0,0.0,0.0,0.0,0,100.0,100.0,0.0,frankycpp_v1.4.exe,std::_Deallocate,xmemory,0x14021608c
"std::_Hash<std::_Umap_traits<unsigned __int64,BookEntry,std::_Uhash_compare<unsigned __int64,std::hash<unsigned __int64>,std::equal_to<unsigned __int64> >,std::allocator<std::pair<unsigned __int64 const ,BookEntry> >,0> >::_Insert_new_node_before",0.0,0.0,0.0,0.0,2995000,0.0,0.0,1.000000,frankycpp_v1.4.exe,"std::_Hash<std::_Umap_traits<unsigned __int64,BookEntry,std::_Uhash_compare<unsigned __int64,std::hash<unsigned __int64>,std::equal_to<unsigned __int64> >,std::allocator<std::pair<unsigned __int64 const ,BookEntry> >,0> >::_Insert_new_node_before",xhash,0x140261986
std::_Hash_representation<unsigned __int64>,0.0,0.0,0.0,0.0,5990000,,,0.0,frankycpp_v1.4.exe,std::_Hash_representation<unsigned __int64>(unsigned __int64 const &),type_traits,0x14025a9f0
"std::_Insert_string<char,struct std::char_traits<char>,unsigned __int64>",0.0,0.0,0.0,0.0,2995000,0.0,0.0,0.0,frankycpp_v1.4.exe,"std::_Insert_string<char,struct std::char_traits<char>,unsigned __int64>(class std::basic_ostream<char,struct std::char_traits<char> > &,char const * const,unsigned __int64)",__msvc_string_view.hpp,0x14015fe80
std::_Zero_range<unsigned __int64 *>,0.0,0.0,0.0,0.0,2995000,0.0,0.0,0.0,frankycpp_v1.4.exe,"std::_Zero_range<unsigned __int64 *>(unsigned __int64 * const,unsigned __int64 * const)",xmemory,0x14026d300
"std::array<Bitboard,64>::operator[]",0.0,0.0,0.0,0.0,2995000,,,0.0,frankycpp_v1.4.exe,"std::array<Bitboard,64>::operator[]",array,0x14023954a
"std::array<Bitboard,64>::operator[]",0.0,0.0,0.0,0.0,107820000,42.5,42.5,0.138889,frankycpp_v1.4.exe,"std::array<Bitboard,64>::operator[]",array,0x14023ffea
"std::array<Bitboard,64>::operator[]",0.0,0.0,0.0,0.0,11980000,20.5,20.5,0.250000,frankycpp_v1.4.exe,"std::array<Bitboard,64>::operator[]",array,0x1402453be
"std::array<Bitboard,64>::operator[]",0.0,0.0,0.0,0.0,14975000,,,0.0,frankycpp_v1.4.exe,"std::array<Bitboard,64>::operator[]",array,0x1402777b4
"std::array<HistoryState,512>::operator[]",0.0,0.0,0.0,0.0,5990000,17.4,17.4,1.500000,frankycpp_v1.4.exe,"std::array<HistoryState,512>::operator[]",array,0x140239280
"std::array<Move,256>::operator[]",0.0,0.0,0.0,0.0,2995000,0.0,0.0,1.000000,frankycpp_v1.4.exe,"std::array<Move,256>::operator[]",array,0x1402082e0
"std::array<Move,64>::operator[]",0.0,0.0,0.0,0.0,20965000,37.5,37.5,0.142857,frankycpp_v1.4.exe,"std::array<Move,64>::operator[]",array,0x140209d8f
"std::array<Value,25>::operator[]",0.0,0.0,0.0,0.0,11980000,,,0.250000,frankycpp_v1.4.exe,"std::array<Value,25>::operator[]",array,0x140240e34
"std::array<int,64>::operator[]",0.0,0.0,0.0,0.0,2995000,0.0,0.0,0.0,frankycpp_v1.4.exe,"std::array<int,64>::operator[]",array,0x140166b45
"std::array<int,64>::operator[]",0.0,0.0,0.0,0.0,5990000,100.0,100.0,0.0,frankycpp_v1.4.exe,"std::array<int,64>::operator[]",array,0x140209d46
"std::array<unsigned __int64,9>::operator[]",0.0,0.0,0.0,0.0,5990000,0.0,0.0,0.0,frankycpp_v1.4.exe,"std::array<unsigned __int64,9>::operator[]",array,0x140239216
"std::basic_filebuf<char,std::char_traits<char> >::_Reset_back",0.0,0.0,0.0,0.0,5990000,0.0,0.0,0.0,frankycpp_v1.4.exe,"std::basic_filebuf<char,std::char_traits<char> >::_Reset_back",__msvc_filebuf.hpp,0x14011aba7
"std::basic_format_args<std::basic_format_context<std::back_insert_iterator<std::_Fmt_buffer<char> >,char> >::get",0.0,0.0,0.0,0.0,2995000,0.0,0.0,0.0,frankycpp_v1.4.exe,"std::basic_format_args<std::basic_format_context<std::back_insert_iterator<std::_Fmt_buffer<char> >,char> >::get",__msvc_ranges_tuple_formatter.hpp,0x140147b70
"std::basic_ostream<char,struct std::char_traits<char> >::operator<<",0.0,0.0,0.0,0.0,2995000,0.0,0.0,0.0,msvcp140.dll,"std::basic_ostream<char,struct std::char_traits<char> >::operator<<(int)",[Unknown],0x18003d320
"std::basic_streambuf<char,std::char_traits<char> >::gbump",0.0,0.0,0.0,0.0,2995000,100.0,100.0,0.0,frankycpp_v1.4.exe,"std::basic_streambuf<char,std::char_traits<char> >::gbump",streambuf,0x14011ab7e
"std::basic_streambuf<char,struct std::char_traits<char> >::sgetn",0.0,0.0,0.0,0.0,5990000,25.0,25.0,0.500000,msvcp140.dll,"std::basic_streambuf<char,struct std::char_traits<char> >::sgetn(char * __ptr64,__int64)",[Unknown],0x180009110
"std::basic_streambuf<char,struct std::char_traits<char> >::sputc",0.0,0.0,0.0,0.0,2995000,0.0,0.0,0.0,msvcp140.dll,"std::basic_streambuf<char,struct std::char_traits<char> >::sputc(char)",[Unknown],0x1800112b0
std::countr_zero,0.0,0.0,0.0,0.0,5990000,100.0,100.0,0.500000,frankycpp_v1.4.exe,std::countr_zero,bit,0x14024022a
std::countr_zero,0.0,0.0,0.0,0.0,17970000,28.2,28.2,0.666667,frankycpp_v1.4.exe,std::countr_zero,bit,0x140240937
std::countr_zero,0.0,0.0,0.0,0.0,2995000,,,1.000000,frankycpp_v1.4.exe,std::countr_zero,bit,0x14023ffd3
std::countr_zero,0.0,0.0,0.0,0.0,2995000,,,0.0,frankycpp_v1.4.exe,std::countr_zero,bit,0x140240574
std::equal_to<unsigned __int64>::operator(),0.0,0.0,0.0,0.0,0,50.0,50.0,0.0,frankycpp_v1.4.exe,std::equal_to<unsigned __int64>::operator(),xutility,0x140261804
std::exchange,0.0,0.0,0.0,0.0,2995000,0.0,0.0,0.0,frankycpp_v1.4.exe,std::exchange,utility,0x14026189d
std::hash<unsigned __int64>::_Do_hash,0.0,0.0,0.0,0.0,5990000,50.0,50.0,1.000000,frankycpp_v1.4.exe,std::hash<unsigned __int64>::_Do_hash,type_traits,0x1402617d5
std::locale::facet::_Decref,0.0,0.0,0.0,0.0,2995000,50.0,50.0,0.0,msvcp140.dll,std::locale::facet::_Decref(void),[Unknown],0x180005a00
std::locale::facet::_Incref,0.0,0.0,0.0,0.0,2995000,,,0.0,msvcp140.dll,std::locale::facet::_Incref(void),[Unknown],0x1800065f0
std::make_unique,0.0,0.0,0.0,0.0,2995000,0.0,0.0,1.000000,frankycpp_v1.4.exe,std::make_unique,memory,0x140242c95
std::make_unique,0.0,0.0,0.0,0.0,0,100.0,100.0,0.0,frankycpp_v1.4.exe,std::make_unique,memory,0x140246760
"std::num_put<char,class std::ostreambuf_iterator<char,struct std::char_traits<char> > >::_Iput",0.0,0.0,0.0,0.0,2995000,100.0,100.0,0.0,msvcp140.dll,"std::num_put<char,class std::ostreambuf_iterator<char,struct std::char_traits<char> > >::_Iput(class std::ostreambuf_iterator<char,struct std::char_traits<char> >,class std::ios_base & __ptr64,char,char * __ptr64,unsigned __int64)",[Unknown],0x18000e7c0
"std::num_put<char,class std::ostreambuf_iterator<char,struct std::char_traits<char> > >::_Put",0.0,0.0,0.0,0.0,2995000,,,0.0,msvcp140.dll,"std::num_put<char,class std::ostreambuf_iterator<char,struct std::char_traits<char> > >::_Put(class std::ostreambuf_iterator<char,struct std::char_traits<char> >,char const * __ptr64,unsigned __int64)",[Unknown],0x18000f380
"std::num_put<char,class std::ostreambuf_iterator<char,struct std::char_traits<char> > >::_Rep",0.0,0.0,0.0,0.0,0,50.0,50.0,0.0,msvcp140.dll,"std::num_put<char,class std::ostreambuf_iterator<char,struct std::char_traits<char> > >::_Rep(class std::ostreambuf_iterator<char,struct std::char_traits<char> >,char,unsigned __int64)",[Unknown],0x18000f440
std::popcount,0.0,0.0,0.0,0.0,5990000,11.1,11.1,1.500000,frankycpp_v1.4.exe,std::popcount,bit,0x14024545b
std::popcount,0.0,0.0,0.0,0.0,11980000,0.0,0.0,0.500000,frankycpp_v1.4.exe,std::popcount,bit,0x14023ffbb
std::ranges::_Move_backward_common,0.0,0.0,0.0,0.0,0,100.0,100.0,0.0,frankycpp_v1.4.exe,std::ranges::_Move_backward_common,algorithm,0x14021cd8d
std::ranges::_Move_unchecked,0.0,0.0,0.0,0.0,0,50.0,50.0,0.0,frankycpp_v1.4.exe,std::ranges::_Move_unchecked,algorithm,0x14021ccc7
"std::vector<Move,std::allocator<Move> >::reserve",0.0,0.0,0.0,0.0,2995000,,,0.0,frankycpp_v1.4.exe,"std::vector<Move,std::allocator<Move> >::reserve",vector,0x140269a1f
"std::vector<Move,std::allocator<Move> >::{dtor}",0.0,0.0,0.0,0.0,2995000,0.0,0.0,0.0,frankycpp_v1.4.exe,"std::vector<Move,std::allocator<Move> >::{dtor}",vector,0x140260dc2
"std::vector<boost::archive::detail::basic_iarchive_impl::cobject_id,std::allocator<boost::archive::detail::basic_iarchive_impl::cobject_id> >::operator[]",0.0,0.0,0.0,0.0,5990000,0.0,0.0,0.500000,frankycpp_v1.4.exe,"std::vector<boost::archive::detail::basic_iarchive_impl::cobject_id,std::allocator<boost::archive::detail::basic_iarchive_impl::cobject_id> >::operator[]",vector,0x140282c10
"std::vector<class Move,class std::allocator<class Move> >::~vector<class Move,class std::allocator<class Move> >",0.0,0.0,0.0,0.0,2995000,,,0.0,frankycpp_v1.4.exe,"std::vector<class Move,class std::allocator<class Move> >::~vector<class Move,class std::allocator<class Move> >(void)",vector,0x1402160e0
"std::vector<unsigned __int64,class std::allocator<unsigned __int64> >::_Change_array",0.0,0.0,0.0,0.0,2995000,0.0,0.0,0.0,frankycpp_v1.4.exe,"std::vector<unsigned __int64,class std::allocator<unsigned __int64> >::_Change_array(unsigned __int64 * const,unsigned __int64,unsigned __int64)",vector,0x1402595f0
"std::vector<unsigned __int64,std::allocator<unsigned __int64> >::resize",0.0,0.0,0.0,0.0,2995000,100.0,100.0,0.0,frankycpp_v1.4.exe,"std::vector<unsigned __int64,std::allocator<unsigned __int64> >::resize",vector,0x14026c10c
typeOf,0.0,0.0,0.0,0.0,0,50.0,50.0,,frankycpp_v1.4.exe,typeOf,piece.h,0x140240235
type_info::before,0.0,0.0,0.0,0.0,8985000,,,0.333333,frankycpp_v1.4.exe,type_info::before,vcruntime_typeinfo.h,0x14028d050
wcsnicmp,0.0,0.0,0.0,0.0,2995000,0.0,0.0,0.0,ntoskrnl.exe,wcsnicmp,[Unknown],0x1404fe5e0
