Function,CPU Time,CPU Time:Effective Time,CPU Time:Spin Time,CPU Time:Overhead Time,Instructions Retired,Microarchitecture Usage(%),Microarchitecture Usage:Microarchitecture Usage(%),Microarchitecture Usage:CPI Rate,Module,Function (Full),Source File,Start Address
TT::probe,34.913642,34.913642,0.0,0.0,35913045000,5.1,5.1,4.556668,frankycpp_v1.4.exe,TT::probe(unsigned __int64 const &),TT.cpp,0x140247050
"std::_Atomic_storage<unsigned __int64,8>::load",24.901318,24.901318,0.0,0.0,25397600000,5.3,5.3,4.600825,frankycpp_v1.4.exe,"std::_Atomic_storage<unsigned __int64,8>::load",atomic,0x140246ef3
Attacks::`anonymous namespace'::sliderLookup,17.339829,17.339829,0.0,0.0,183515630000,49.1,49.1,0.452998,frankycpp_v1.4.exe,"Attacks::`anonymous namespace'::sliderLookup(const PieceType, const class Square, const class Bitboard)",attacks.cpp,0x140166d80
Attacks::attacks,13.160111,13.160111,0.0,0.0,144904090000,52.3,52.3,0.416519,frankycpp_v1.4.exe,"Attacks::attacks(enum PieceType,class Square,class Bitboard)",attacks.cpp,0x140166de0
Search::stopConditions,12.635147,12.635147,0.0,0.0,44287065000,18.2,18.2,1.356800,frankycpp_v1.4.exe,Search::stopConditions(void),Search.cpp,0x14020d0f0
TT::put,11.441227,11.441227,0.0,0.0,6385340000,3.4,3.4,8.238274,frankycpp_v1.4.exe,"TT::put(unsigned __int64,enum Depth,class Move,class Value,enum ValueType,class Value)",TT.cpp,0x140246ed0
Search::qsearch,6.661550,6.661550,0.0,0.0,44032490000,34.1,34.1,0.691403,frankycpp_v1.4.exe,"Search::qsearch(class Position &,enum Depth,class Value,class Value,enum Search::NodeType)",Search.cpp,0x14020a5b0
Search::search,5.949598,5.949598,0.0,0.0,54688700000,44.7,44.7,0.496331,frankycpp_v1.4.exe,"Search::search(class Position &,enum Depth,enum Depth,class Value,class Value,enum Search::NodeType,enum Search::Do_Null)",Search.cpp,0x140208c50
"std::_Atomic_storage<unsigned __int64,8>::load",5.425634,5.425634,0.0,0.0,3144750000,3.3,3.3,8.500952,frankycpp_v1.4.exe,"std::_Atomic_storage<unsigned __int64,8>::load",atomic,0x14024706d
MoveGenerator::getNextPseudoLegalMove,4.904669,4.904669,0.0,0.0,38584585000,40.0,40.0,0.588528,frankycpp_v1.4.exe,"MoveGenerator::getNextPseudoLegalMove(class Position const &,enum GenMode,bool)",MoveGenerator.cpp,0x14023e1d0
Search::thread,4.238714,4.238714,0.0,0.0,17649535000,20.4,20.4,1.120821,frankycpp_v1.4.exe,Search::thread,Search.h,0x14020ab43
MoveGenerator::updateSortValues,3.891737,3.891737,0.0,0.0,34460470000,39.2,39.2,0.541283,frankycpp_v1.4.exe,"MoveGenerator::updateSortValues(class Position const &,class StaticMoveList<256> *)",MoveGenerator.cpp,0x140240010
Position::putPiece,3.807743,3.807743,0.0,0.0,28509405000,36.8,36.8,0.602059,frankycpp_v1.4.exe,"Position::putPiece(enum Piece,class Square)",Position.cpp,0x14023a910
MoveGenerator::fillOnDemandMoveList,3.568759,3.568759,0.0,0.0,30477120000,42.0,42.0,0.545597,frankycpp_v1.4.exe,"MoveGenerator::fillOnDemandMoveList(class Position const &,enum GenMode,bool)",MoveGenerator.cpp,0x14023fbb0
MoveGenerator::generateMoves,3.565759,3.565759,0.0,0.0,32630525000,42.2,42.2,0.512529,frankycpp_v1.4.exe,"MoveGenerator::generateMoves(class Position const &,class StaticMoveList<256> *,enum GenMode,bool,class Bitboard)",MoveGenerator.cpp,0x140240c70
Evaluator::pieceEval,3.357773,3.357773,0.0,0.0,34394580000,47.9,47.9,0.457158,frankycpp_v1.4.exe,"Evaluator::pieceEval(class Position const &,struct Score &,class Color,enum PieceType)",Evaluator.cpp,0x140245840
Position::givesCheck,3.357773,3.357773,0.0,0.0,37221860000,51.0,51.0,0.437399,frankycpp_v1.4.exe,Position::givesCheck(class Move),Position.cpp,0x140239810
Position::doMove,3.313776,3.313776,0.0,0.0,27044850000,37.5,37.5,0.568106,frankycpp_v1.4.exe,Position::doMove(class Move),Position.cpp,0x140238c80
TT::clear::__l2::<lambda_1>::operator(),3.257780,3.257780,0.0,0.0,3596995000,6.8,6.8,4.193172,frankycpp_v1.4.exe,TT::clear::__l2::<lambda_1>::operator(),TT.cpp,0x140247cdc
Position::removePiece,3.035795,3.035795,0.0,0.0,22687125000,37.0,37.0,0.624950,frankycpp_v1.4.exe,Position::removePiece(class Square),Position.cpp,0x14023aa20
"std::ranges::_Insertion_sort_common<Move *,moveValueGreaterComparator,std::identity>",2.877806,2.877806,0.0,0.0,22567325000,34.2,34.2,0.599071,frankycpp_v1.4.exe,"std::ranges::_Insertion_sort_common<Move *,moveValueGreaterComparator,std::identity>(class Move *, class Move *, struct moveValueGreaterComparator, struct std::identity)",algorithm,0x140218eb0
Evaluator::kingEval,2.843808,2.843808,0.0,0.0,35338005000,51.0,51.0,0.392745,frankycpp_v1.4.exe,"Evaluator::kingEval(class Position const &,struct Score &,class Color)",Evaluator.cpp,0x140246090
Search::thread,2.827809,2.827809,0.0,0.0,15535065000,25.4,25.4,0.856757,frankycpp_v1.4.exe,Search::thread,Search.h,0x140209f3f
Position::isAttacked,2.427836,2.427836,0.0,0.0,24172645000,50.6,50.6,0.454219,frankycpp_v1.4.exe,"Position::isAttacked(class Square,class Color)",Position.cpp,0x1402394e0
Evaluator::evaluate,2.312844,2.312844,0.0,0.0,25915735000,50.4,50.4,0.413614,frankycpp_v1.4.exe,Evaluator::evaluate(class Position const &),Evaluator.cpp,0x140245100
Evaluator::rookEval,1.994865,1.994865,0.0,0.0,21360340000,46.5,46.5,0.445317,frankycpp_v1.4.exe,Evaluator::rookEval,Evaluator.cpp,0x1402459e8
Position::undoMove,1.944869,1.944869,0.0,0.0,10239905000,32.3,32.3,0.871015,frankycpp_v1.4.exe,Position::undoMove(void),Position.cpp,0x140239160
See::see,1.852875,1.852875,0.0,0.0,21504100000,54.4,54.4,0.405153,frankycpp_v1.4.exe,"See::see(class Position const &,class Move)",See.cpp,0x140277560
MoveGenerator::generatePawnMoves,1.733883,1.733883,0.0,0.0,17499785000,45.2,45.2,0.477666,frankycpp_v1.4.exe,"MoveGenerator::generatePawnMoves(class Position const &,class StaticMoveList<256> *,enum GenMode,bool,class Bitboard)",MoveGenerator.cpp,0x140240240
std::_Checked_x86_x64_countr_zero<unsigned __int64>,1.431903,1.431903,0.0,0.0,15493135000,51.0,51.0,0.438624,frankycpp_v1.4.exe,std::_Checked_x86_x64_countr_zero<unsigned __int64>(unsigned __int64),__msvc_bit_utils.hpp,0x140241970
Evaluator::queenEval,1.141923,1.141923,0.0,0.0,14729410000,54.5,54.5,0.369662,frankycpp_v1.4.exe,Evaluator::queenEval,Evaluator.cpp,0x1402458c8
"std::_Atomic_storage<unsigned __int64,8>::load",1.114925,1.114925,0.0,0.0,3665880000,18.6,18.6,1.456699,frankycpp_v1.4.exe,"std::_Atomic_storage<unsigned __int64,8>::load",atomic,0x14024549f
Move::encode,1.054929,1.054929,0.0,0.0,8050560000,38.0,38.0,0.555432,frankycpp_v1.4.exe,Move::encode,move.h,0x140240dc5
See::attacksTo,0.980934,0.980934,0.0,0.0,11521765000,58.8,58.8,0.387315,frankycpp_v1.4.exe,"See::attacksTo(class Position const &,class Square,class Color)",See.cpp,0x1402778d0
Evaluator::bishopEval,0.963935,0.963935,0.0,0.0,12087820000,52.8,52.8,0.418236,frankycpp_v1.4.exe,Evaluator::bishopEval,Evaluator.cpp,0x140245b38
Position::wasLegalMove,0.923938,0.923938,0.0,0.0,11458870000,56.9,56.9,0.388657,frankycpp_v1.4.exe,Position::wasLegalMove(void),Position.cpp,0x1402399d0
"std::_Atomic_address_as<char,struct std::_Atomic_padded<bool> >",0.762948,0.762948,0.0,0.0,2698495000,15.6,15.6,1.299667,frankycpp_v1.4.exe,"std::_Atomic_address_as<char,struct std::_Atomic_padded<bool> >(struct std::_Atomic_padded<bool> const &)",xatomic.h,0x14015c7e0
Evaluator::knightEval,0.744950,0.744950,0.0,0.0,10087160000,70.3,70.3,0.352732,frankycpp_v1.4.exe,Evaluator::knightEval,Evaluator.cpp,0x140245bf0
Search::storeTt,0.740950,0.740950,0.0,0.0,4561385000,30.5,30.5,0.741957,frankycpp_v1.4.exe,"Search::storeTt(class Position const &,enum Depth,enum Depth,class Move,class Value,enum ValueType,class Value)",Search.cpp,0x14020af70
"std::_Atomic_address_as<__int64,std::_Atomic_padded<unsigned __int64> >",0.739950,0.739950,0.0,0.0,2045585000,16.6,16.6,1.531479,frankycpp_v1.4.exe,"std::_Atomic_address_as<__int64,std::_Atomic_padded<unsigned __int64> >",xatomic.h,0x140244f40
Bitboard::shifted,0.733950,0.733950,0.0,0.0,9071855000,56.8,56.8,0.373721,frankycpp_v1.4.exe,Bitboard::shifted,bitboard.h,0x14024033d
PawnTT::clear::__l2::<lambda_1>::operator(),0.733950,0.733950,0.0,0.0,494175000,3.9,3.9,7.145455,frankycpp_v1.4.exe,PawnTT::clear::__l2::<lambda_1>::operator(),PawnTT.cpp,0x140244357
moveValueGreaterComparator::operator(),0.704952,0.704952,0.0,0.0,5981015000,37.7,37.7,0.536304,frankycpp_v1.4.exe,moveValueGreaterComparator::operator(),move.h,0x140218ed0
See::revealedAttacks,0.686954,0.686954,0.0,0.0,8469860000,56.2,56.2,0.400636,frankycpp_v1.4.exe,"See::revealedAttacks(class Position const &,class Square,class Bitboard,class Color)",See.cpp,0x140277a20
MoveGenerator::generateKingMoves,0.675954,0.675954,0.0,0.0,5987005000,44.1,44.1,0.497749,frankycpp_v1.4.exe,"MoveGenerator::generateKingMoves(class Position const &,class StaticMoveList<256> *,enum GenMode,bool)",MoveGenerator.cpp,0x140240f30
Position::movePiece,0.656956,0.656956,0.0,0.0,5504810000,44.9,44.9,0.511425,frankycpp_v1.4.exe,"Position::movePiece(class Square,class Square)",Position.cpp,0x14023a8e0
"std::array<int,64>::operator[]",0.656956,0.656956,0.0,0.0,6184675000,49.9,49.9,0.489588,frankycpp_v1.4.exe,"std::array<int,64>::operator[]",array,0x1402400d7
Evaluator::pawnEval,0.636957,0.636957,0.0,0.0,4591335000,51.8,51.8,0.681670,frankycpp_v1.4.exe,"Evaluator::pawnEval(class Position const &,struct Score &)",Evaluator.cpp,0x140245440
Move::operator==,0.634957,0.634957,0.0,0.0,5022615000,37.5,37.5,0.553369,frankycpp_v1.4.exe,Move::operator==,PVTable.h,0x140240146
Search::sendSearchUpdateToUci,0.631957,0.631957,0.0,0.0,853575000,6.1,6.1,3.371930,frankycpp_v1.4.exe,Search::sendSearchUpdateToUci(void),Search.cpp,0x140210fb0
Bitboard::operator^=,0.574961,0.574961,0.0,0.0,4995660000,42.1,42.1,0.504796,frankycpp_v1.4.exe,Bitboard::operator^=,bitboard.h,0x14023aa75
std::_Checked_popcount<unsigned __int64>,0.560962,0.560962,0.0,0.0,6963375000,57.7,57.7,0.389677,frankycpp_v1.4.exe,std::_Checked_popcount<unsigned __int64>(unsigned __int64),__msvc_bit_utils.hpp,0x14021e580
Position::hasCheck,0.541963,0.541963,0.0,0.0,2366050000,22.5,22.5,1.074684,frankycpp_v1.4.exe,Position::hasCheck(void),Position.cpp,0x1402397c0
std::_Unchecked_popcount<unsigned __int64>,0.525964,0.525964,0.0,0.0,5660550000,55.5,55.5,0.433333,frankycpp_v1.4.exe,std::_Unchecked_popcount<unsigned __int64>(unsigned __int64),__msvc_bit_utils.hpp,0x14021e570
TT::prefetch,0.514965,0.514965,0.0,0.0,6256555000,53.5,53.5,0.391575,frankycpp_v1.4.exe,TT::prefetch,TT.h,0x14020ab31
_security_check_cookie,0.514965,0.514965,0.0,0.0,3291505000,31.6,31.6,0.727025,frankycpp_v1.4.exe,_security_check_cookie,amdsecgs.asm,0x1405edeb0
"std::array<Bitboard,64>::operator[]",0.511965,0.511965,0.0,0.0,5304145000,50.8,50.8,0.417278,frankycpp_v1.4.exe,"std::array<Bitboard,64>::operator[]",array,0x140166e70
Position::getPieceBb,0.507966,0.507966,0.0,0.0,5579685000,57.0,57.0,0.433172,frankycpp_v1.4.exe,Position::getPieceBb,Position.h,0x140245852
Bitboard::operator bool,0.503966,0.503966,0.0,0.0,4914795000,42.9,42.9,0.477757,frankycpp_v1.4.exe,Bitboard::operator bool,bitboard.h,0x140240d64
Bitboard::shifted,0.475968,0.475968,0.0,0.0,4061220000,41.4,41.4,0.527286,frankycpp_v1.4.exe,Bitboard::shifted(class Direction),bitboard.h,0x140241750
_chkstk,0.457969,0.457969,0.0,0.0,3141755000,40.9,40.9,0.648236,frankycpp_v1.4.exe,_chkstk,chkstk.asm,0x1405eec00
std::atomic<bool>::operator bool,0.453969,0.453969,0.0,0.0,3665880000,62.7,62.7,0.583333,frankycpp_v1.4.exe,std::atomic<bool>::operator bool,atomic,0x14020d0f4
makePiece,0.443970,0.443970,0.0,0.0,5307140000,54.6,54.6,0.419865,frankycpp_v1.4.exe,makePiece,piece.h,0x140246119
MoveGenerator::resetOnDemand,0.442970,0.442970,0.0,0.0,3276530000,33.7,33.7,0.625229,frankycpp_v1.4.exe,MoveGenerator::resetOnDemand,MoveGenerator.h,0x14020a911
std::_Countr_zero_tzcnt<unsigned __int64>,0.435971,0.435971,0.0,0.0,3896495000,45.7,45.7,0.498847,frankycpp_v1.4.exe,std::_Countr_zero_tzcnt<unsigned __int64>(unsigned __int64),__msvc_bit_utils.hpp,0x140241960
std::countr_zero,0.380974,0.380974,0.0,0.0,3036930000,44.6,44.6,0.514793,frankycpp_v1.4.exe,std::countr_zero,bit,0x140240d12
Bitboard::operator|=,0.375975,0.375975,0.0,0.0,3447245000,42.1,42.1,0.516073,frankycpp_v1.4.exe,Bitboard::operator|=,bitboard.h,0x14023a962
See::getLeastValuablePiece,0.373975,0.373975,0.0,0.0,4941750000,61.7,61.7,0.377576,frankycpp_v1.4.exe,"See::getLeastValuablePiece(class Position const &,class Bitboard,class Color)",See.cpp,0x140277850
Search::goodCapture,0.360976,0.360976,0.0,0.0,3860555000,48.4,48.4,0.433670,frankycpp_v1.4.exe,"Search::goodCapture(class Position const &,class Move,bool)",Search.cpp,0x14020ae30
Position::attacksTo,0.348976,0.348976,0.0,0.0,3689840000,52.8,52.8,0.434253,frankycpp_v1.4.exe,"Position::attacksTo(class Square,class Color)",Position.cpp,0x140239670
operator<,0.344977,0.344977,0.0,0.0,3899490000,53.2,53.2,0.368664,frankycpp_v1.4.exe,operator<,rank.h,0x140246101
StaticMoveList<256>::push_back,0.343977,0.343977,0.0,0.0,2728445000,37.3,37.3,0.641054,frankycpp_v1.4.exe,StaticMoveList<256>::push_back,staticmovelist.h,0x140240ea6
"std::array<unsigned __int64,64>::operator[]",0.342977,0.342977,0.0,0.0,2944085000,46.5,46.5,0.589013,frankycpp_v1.4.exe,"std::array<unsigned __int64,64>::operator[]",array,0x14023aa62
std::popcount,0.342977,0.342977,0.0,0.0,4166045000,50.6,50.6,0.424874,frankycpp_v1.4.exe,std::popcount,bit,0x140245a31
Position::getLastMove,0.328978,0.328978,0.0,0.0,3276530000,46.1,46.1,0.494516,frankycpp_v1.4.exe,Position::getLastMove,Position.h,0x140240110
Position::getPiece,0.328978,0.328978,0.0,0.0,3995330000,52.8,52.8,0.368066,frankycpp_v1.4.exe,Position::getPiece,Position.h,0x140246112
std::atomic<bool>::operator bool,0.324978,0.324978,0.0,0.0,1272875000,18.7,18.7,1.058824,frankycpp_v1.4.exe,std::atomic<bool>::operator bool,atomic,0x14020d15b
Position::getPieceBb,0.322978,0.322978,0.0,0.0,2321125000,35.7,35.7,0.672258,frankycpp_v1.4.exe,Position::getPieceBb,Position.h,0x140240271
std::ranges::_Insertion_sort_common,0.306979,0.306979,0.0,0.0,1814970000,27.4,27.4,0.674917,frankycpp_v1.4.exe,std::ranges::_Insertion_sort_common,algorithm,0x14021adea
Position::checkRepetitions,0.301980,0.301980,0.0,0.0,341430000,5.9,5.9,4.482456,frankycpp_v1.4.exe,Position::checkRepetitions(int),Position.cpp,0x140239bd0
typeOf,0.299980,0.299980,0.0,0.0,2413970000,41.1,41.1,0.557072,frankycpp_v1.4.exe,typeOf,piece.h,0x14023aa44
Value::operator int,0.292980,0.292980,0.0,0.0,1530445000,31.1,31.1,0.919765,frankycpp_v1.4.exe,Value::operator int,value.h,0x14023aaf9
Value::{ctor},0.292980,0.292980,0.0,0.0,2686515000,40.3,40.3,0.483835,frankycpp_v1.4.exe,Value::{ctor},value.h,0x140277ac0
Value::operator int,0.286981,0.286981,0.0,0.0,1701160000,30.1,30.1,0.871479,frankycpp_v1.4.exe,Value::operator int,value.h,0x14023a9f6
"std::_Atomic_storage<unsigned __int64,8>::store",0.274981,0.274981,0.0,0.0,461230000,11.4,11.4,2.831169,frankycpp_v1.4.exe,"std::_Atomic_storage<unsigned __int64,8>::store",atomic,0x140244357
"std::_Atomic_address_as<__int64,std::_Atomic_padded<unsigned __int64> >",0.256983,0.256983,0.0,0.0,1009315000,21.8,21.8,1.097923,frankycpp_v1.4.exe,"std::_Atomic_address_as<__int64,std::_Atomic_padded<unsigned __int64> >",xatomic.h,0x140245050
typeOf,0.255983,0.255983,0.0,0.0,2387015000,41.7,41.7,0.441656,frankycpp_v1.4.exe,typeOf,piece.h,0x140240dce
func@0x1406b27ef,0.249983,0.249983,0.0,0.0,83860000,8.2,8.2,12.214286,ntoskrnl.exe,func@0x1406b27ef,[Unknown],0x1406b27ef
"std::array<Value,25>::operator[]",0.234984,0.234984,0.0,0.0,2497830000,51.2,51.2,0.401679,frankycpp_v1.4.exe,"std::array<Value,25>::operator[]",array,0x140240db9
func@0x1406b16d3,0.231984,0.231984,0.0,0.0,50915000,8.1,8.1,20.647059,ntoskrnl.exe,func@0x1406b16d3,[Unknown],0x1406b16d3
Value::operator int,0.229984,0.229984,0.0,0.0,1449580000,34.1,34.1,0.731405,frankycpp_v1.4.exe,Value::operator int,value.h,0x14023a9e6
std::popcount,0.228985,0.228985,0.0,0.0,2578695000,42.1,42.1,0.490128,frankycpp_v1.4.exe,std::popcount,bit,0x140245b7b
Square::{ctor},0.226985,0.226985,0.0,0.0,2788345000,53.7,53.7,0.441461,frankycpp_v1.4.exe,Square::{ctor},square.h,0x140239845
Move::encode,0.224985,0.224985,0.0,0.0,1871875000,34.8,34.8,0.566400,frankycpp_v1.4.exe,Move::encode,move.h,0x140240e9d
Color::sign,0.222985,0.222985,0.0,0.0,2120460000,51.5,51.5,0.440678,frankycpp_v1.4.exe,Color::sign,color.h,0x1402403f8
Search::checkDrawRepAnd50,0.220985,0.220985,0.0,0.0,224625000,6.1,6.1,4.760000,frankycpp_v1.4.exe,"Search::checkDrawRepAnd50(class Position const &,int)",Search.cpp,0x14020d170
operator<,0.219985,0.219985,0.0,0.0,2599660000,58.5,58.5,0.376728,frankycpp_v1.4.exe,operator<,value.h,0x1402776f8
TT::prefetch,0.218985,0.218985,0.0,0.0,2731440000,56.0,56.0,0.446272,frankycpp_v1.4.exe,TT::prefetch,TT.h,0x140209f29
StaticMoveList<256>::push_back,0.210986,0.210986,0.0,0.0,1569380000,38.0,38.0,0.681298,frankycpp_v1.4.exe,StaticMoveList<256>::push_back,staticmovelist.h,0x140240dea
operator*,0.208986,0.208986,0.0,0.0,2548745000,44.7,44.7,0.388954,frankycpp_v1.4.exe,operator*,value.h,0x14024535d
Move::stripped,0.203986,0.203986,0.0,0.0,1743090000,46.0,46.0,0.544674,frankycpp_v1.4.exe,Move::stripped,move.h,0x140240060
Position::getEndPosValue,0.198987,0.198987,0.0,0.0,970380000,19.8,19.8,0.768519,frankycpp_v1.4.exe,Position::getEndPosValue,Position.h,0x14024519f
"std::_For_each_ivdep<PawnTT::Entry *,`PawnTT::clear'::`2'::<lambda_1> >",0.195987,0.195987,0.0,0.0,182695000,5.7,5.7,4.721311,frankycpp_v1.4.exe,"std::_For_each_ivdep<PawnTT::Entry *,`PawnTT::clear'::`2'::<lambda_1> >(struct PawnTT::Entry *, struct PawnTT::Entry *, class PawnTT::clear::__l2::<lambda_1>)",execution,0x140244340
Attacks::detail::Magic::index,0.194987,0.194987,0.0,0.0,2087515000,57.8,57.8,0.424677,frankycpp_v1.4.exe,Attacks::detail::Magic::index,attacks.h,0x140166db5
Attacks::detail::Magic::index,0.186987,0.186987,0.0,0.0,1868880000,61.2,61.2,0.394231,frankycpp_v1.4.exe,Attacks::detail::Magic::index,attacks.h,0x140166d94
operator++,0.185987,0.185987,0.0,0.0,1632275000,53.0,53.0,0.530275,frankycpp_v1.4.exe,operator++,piecetype.h,0x140240ef9
MoveGenerator::getEvasionTargets,0.184988,0.184988,0.0,0.0,1587350000,43.4,43.4,0.586792,frankycpp_v1.4.exe,MoveGenerator::getEvasionTargets(class Position const &),MoveGenerator.cpp,0x1402401b0
MoveGenerator::resetOnDemand,0.170988,0.170988,0.0,0.0,1075205000,36.1,36.1,0.559889,frankycpp_v1.4.exe,MoveGenerator::resetOnDemand,MoveGenerator.h,0x140209831
StaticMoveList<256>::push_back,0.167989,0.167989,0.0,0.0,1212975000,28.2,28.2,0.718519,frankycpp_v1.4.exe,StaticMoveList<256>::push_back,staticmovelist.h,0x1402405e6
Position::getPieceBb,0.165989,0.165989,0.0,0.0,1620295000,41.9,41.9,0.486137,frankycpp_v1.4.exe,Position::getPieceBb,Position.h,0x140240ce0
operator*,0.162989,0.162989,0.0,0.0,2659560000,50.7,50.7,0.343468,frankycpp_v1.4.exe,operator*,value.h,0x140245365
std::ranges::_Stable_sort_fn::operator(),0.157989,0.157989,0.0,0.0,1494505000,37.4,37.4,0.559118,frankycpp_v1.4.exe,std::ranges::_Stable_sort_fn::operator(),algorithm,0x14023fed7
operator+=,0.156989,0.156989,0.0,0.0,1575370000,46.1,46.1,0.471483,frankycpp_v1.4.exe,operator+=,value.h,0x140245bae
TT::getHash,0.151990,0.151990,0.0,0.0,26955000,3.6,3.6,22.666667,frankycpp_v1.4.exe,TT::getHash,TT.h,0x14024705b
func@0x1400e0a60,0.151990,0.151990,0.0,0.0,11980000,0.5,0.5,56.500000,nvlddmkm.sys,func@0x1400e0a60,[Unknown],0x1400e0a60
operator&,0.151990,0.151990,0.0,0.0,2237265000,55.0,55.0,0.406961,frankycpp_v1.4.exe,operator&,bitboard.h,0x1402779d7
operator&,0.150990,0.150990,0.0,0.0,1883855000,59.0,59.0,0.376789,frankycpp_v1.4.exe,operator&,bitboard.h,0x140209bda
Bitboard::operator|=,0.149990,0.149990,0.0,0.0,1758065000,58.6,58.6,0.442930,frankycpp_v1.4.exe,Bitboard::operator|=,bitboard.h,0x14023a956
Position::clearEnPassant,0.149990,0.149990,0.0,0.0,1347750000,48.9,48.9,0.453333,frankycpp_v1.4.exe,Position::clearEnPassant,Position.cpp,0x14023901c
"std::array<Move,64>::operator[]",0.145990,0.145990,0.0,0.0,1853905000,43.8,43.8,0.413570,frankycpp_v1.4.exe,"std::array<Move,64>::operator[]",array,0x140240144
"std::array<std::array<Move,64>,64>::operator[]",0.143990,0.143990,0.0,0.0,1877865000,51.3,51.3,0.405104,frankycpp_v1.4.exe,"std::array<std::array<Move,64>,64>::operator[]",array,0x140240140
colorOf,0.138991,0.138991,0.0,0.0,1183025000,39.3,39.3,0.526582,frankycpp_v1.4.exe,colorOf,piece.h,0x14023aa49
operator~,0.136991,0.136991,0.0,0.0,1278865000,50.6,50.6,0.437939,frankycpp_v1.4.exe,operator~,color.h,0x1402390cb
Bitboard::operator bool,0.135991,0.135991,0.0,0.0,1611310000,38.8,38.8,0.455390,frankycpp_v1.4.exe,Bitboard::operator bool,bitboard.h,0x140240cf5
operator&,0.133991,0.133991,0.0,0.0,1329780000,46.1,46.1,0.409910,frankycpp_v1.4.exe,operator&,bitboard.h,0x14023992a
"std::unique_ptr<TT::Entry [0],std::default_delete<TT::Entry [0]> >::operator[]",0.133991,0.133991,0.0,0.0,1078200000,48.3,48.3,0.488889,frankycpp_v1.4.exe,"std::unique_ptr<TT::Entry [0],std::default_delete<TT::Entry [0]> >::operator[]",memory,0x140246ee7
"std::array<Bitboard,64>::operator[]",0.128991,0.128991,0.0,0.0,820630000,32.1,32.1,0.795620,frankycpp_v1.4.exe,"std::array<Bitboard,64>::operator[]",array,0x1402394ff
Move::operator==,0.125991,0.125991,0.0,0.0,1871875000,51.7,51.7,0.404800,frankycpp_v1.4.exe,Move::operator==,PVTable.h,0x14020990c
Position::getPieceBb,0.124992,0.124992,0.0,0.0,991345000,43.4,43.4,0.589124,frankycpp_v1.4.exe,Position::getPieceBb,Position.h,0x140245a8e
Search::valueToTt,0.124992,0.124992,0.0,0.0,871545000,41.3,41.3,0.694158,frankycpp_v1.4.exe,"Search::valueToTt(class Value,enum Depth)",Search.cpp,0x14020afd0
operator&,0.124992,0.124992,0.0,0.0,1431610000,46.1,46.1,0.426778,frankycpp_v1.4.exe,operator&,bitboard.h,0x140239941
Value::operator int,0.122992,0.122992,0.0,0.0,1000330000,43.0,43.0,0.631737,frankycpp_v1.4.exe,Value::operator int,value.h,0x14023aae6
Value::isCheckMate,0.121992,0.121992,0.0,0.0,1299830000,47.0,47.0,0.488479,frankycpp_v1.4.exe,Value::isCheckMate,value.h,0x14020afd4
operator<,0.120992,0.120992,0.0,0.0,1716135000,47.2,47.2,0.366492,frankycpp_v1.4.exe,operator<,file.h,0x1402460f0
operator&,0.119992,0.119992,0.0,0.0,853575000,46.2,46.2,0.617544,frankycpp_v1.4.exe,operator&,bitboard.h,0x14023952c
operator+,0.118992,0.118992,0.0,0.0,1494505000,56.2,56.2,0.372745,frankycpp_v1.4.exe,operator+,value.h,0x140245389
operator&,0.116992,0.116992,0.0,0.0,1359730000,70.2,70.2,0.365639,frankycpp_v1.4.exe,operator&,bitboard.h,0x14027786a
"std::_Atomic_storage<unsigned __int64,8>::load",0.116992,0.116992,0.0,0.0,224625000,8.9,8.9,2.400000,frankycpp_v1.4.exe,"std::_Atomic_storage<unsigned __int64,8>::load",atomic,0x14024360b
Move::operator==,0.114992,0.114992,0.0,0.0,940430000,40.1,40.1,0.541401,frankycpp_v1.4.exe,Move::operator==,PVTable.h,0x140240089
Position::getNextPlayer,0.114992,0.114992,0.0,0.0,446255000,22.1,22.1,1.255034,frankycpp_v1.4.exe,Position::getNextPlayer,Position.h,0x140240f4e
operator&,0.110993,0.110993,0.0,0.0,883525000,44.9,44.9,0.647458,frankycpp_v1.4.exe,operator&,bitboard.h,0x14023957c
operator+=,0.109993,0.109993,0.0,0.0,1215970000,48.9,48.9,0.421182,frankycpp_v1.4.exe,operator+=,value.h,0x140245ad2
operator|,0.109993,0.109993,0.0,0.0,1611310000,57.2,57.2,0.360595,frankycpp_v1.4.exe,operator|,bitboard.h,0x1402779cc
std::countr_zero,0.107993,0.107993,0.0,0.0,913475000,43.7,43.7,0.478689,frankycpp_v1.4.exe,std::countr_zero,bit,0x140245b30
Bitboard::operator^=,0.106993,0.106993,0.0,0.0,877535000,40.9,40.9,0.590444,frankycpp_v1.4.exe,Bitboard::operator^=,bitboard.h,0x14023aa69
Bitboard::popLSB,0.103993,0.103993,0.0,0.0,1386685000,54.4,54.4,0.349892,frankycpp_v1.4.exe,Bitboard::popLSB,bitboard.h,0x140240d12
Move::operator==,0.102993,0.102993,0.0,0.0,1033275000,47.7,47.7,0.408696,frankycpp_v1.4.exe,Move::operator==,PVTable.h,0x1402400a8
Position::getLastMove,0.101993,0.101993,0.0,0.0,1186020000,55.0,55.0,0.343434,frankycpp_v1.4.exe,Position::getLastMove,Position.h,0x14024011b
colorOf,0.101993,0.101993,0.0,0.0,1033275000,55.8,55.8,0.426087,frankycpp_v1.4.exe,colorOf,piece.h,0x14023a922
operator|,0.100993,0.100993,0.0,0.0,1278865000,49.7,49.7,0.447307,frankycpp_v1.4.exe,operator|,bitboard.h,0x140277a43
Position::checkInsufficientMaterial,0.098993,0.098993,0.0,0.0,1617300000,66.2,66.2,0.277778,frankycpp_v1.4.exe,Position::checkInsufficientMaterial(void),Position.cpp,0x140239ca0
Position::isCapturingMove,0.098993,0.098993,0.0,0.0,1218965000,57.0,57.0,0.393120,frankycpp_v1.4.exe,Position::isCapturingMove,Position.h,0x140209bd6
Evaluator::prefetch,0.097993,0.097993,0.0,0.0,41930000,1.1,1.1,11.142857,frankycpp_v1.4.exe,Evaluator::prefetch,Evaluator.h,0x14020ab52
StaticMoveList<256>::empty,0.096993,0.096993,0.0,0.0,808650000,28.1,28.1,0.592593,frankycpp_v1.4.exe,StaticMoveList<256>::empty,staticmovelist.h,0x14023fbed
Direction::pawnPush,0.095994,0.095994,0.0,0.0,898500000,48.1,48.1,0.453333,frankycpp_v1.4.exe,Direction::pawnPush,direction.h,0x14024056a
std::popcount,0.095994,0.095994,0.0,0.0,1033275000,60.6,60.6,0.440580,frankycpp_v1.4.exe,std::popcount,bit,0x140245b0d
Bitboard::operator bool,0.092994,0.092994,0.0,0.0,982360000,38.6,38.6,0.466463,frankycpp_v1.4.exe,Bitboard::operator bool,bitboard.h,0x140240e59
operator&,0.092994,0.092994,0.0,0.0,967385000,55.5,55.5,0.411765,frankycpp_v1.4.exe,operator&,bitboard.h,0x140240405
std::popcount,0.092994,0.092994,0.0,0.0,1132110000,49.5,49.5,0.447090,frankycpp_v1.4.exe,std::popcount,bit,0x140245c29
Move::from,0.090994,0.090994,0.0,0.0,1048250000,49.8,49.8,0.494286,frankycpp_v1.4.exe,Move::from,move.h,0x14020991c
Search::thread,0.090994,0.090994,0.0,0.0,751745000,41.6,41.6,0.597610,frankycpp_v1.4.exe,Search::thread,Search.h,0x14020a908
"std::_For_each_ivdep<TT::Entry *,`TT::clear'::`2'::<lambda_1> >",0.090994,0.090994,0.0,0.0,715805000,43.6,43.6,0.556485,frankycpp_v1.4.exe,"std::_For_each_ivdep<TT::Entry *,`TT::clear'::`2'::<lambda_1> >(struct TT::Entry *, struct TT::Entry *, class TT::clear::__l2::<lambda_1>)",execution,0x140247cc0
StaticMoveList<128>::push_back,0.088994,0.088994,0.0,0.0,56905000,3.3,3.3,5.894737,frankycpp_v1.4.exe,StaticMoveList<128>::push_back,staticmovelist.h,0x14020ab75
operator|,0.088994,0.088994,0.0,0.0,1120130000,63.8,63.8,0.430481,frankycpp_v1.4.exe,operator|,bitboard.h,0x140277967
Move::stripped,0.087994,0.087994,0.0,0.0,622960000,36.7,36.7,0.697115,frankycpp_v1.4.exe,Move::stripped,move.h,0x14023e302
func@0x1403606c0,0.087994,0.087994,0.0,0.0,155740000,11.5,11.5,2.423077,ntoskrnl.exe,func@0x1403606c0,[Unknown],0x1403606c0
operator&,0.087994,0.087994,0.0,0.0,991345000,51.4,51.4,0.413897,frankycpp_v1.4.exe,operator&,bitboard.h,0x14023959b
operator+,0.085994,0.085994,0.0,0.0,1087185000,56.1,56.1,0.388430,frankycpp_v1.4.exe,operator+,value.h,0x14020aa83
operator|,0.085994,0.085994,0.0,0.0,1174040000,56.2,56.2,0.377551,frankycpp_v1.4.exe,operator|,bitboard.h,0x140277a56
Bitboard::operator bool,0.083994,0.083994,0.0,0.0,799665000,40.9,40.9,0.408240,frankycpp_v1.4.exe,Bitboard::operator bool,bitboard.h,0x140245bce
"std::array<Value,32>::operator[]",0.083994,0.083994,0.0,0.0,1084190000,74.9,74.9,0.464088,frankycpp_v1.4.exe,"std::array<Value,32>::operator[]",array,0x1402776c8
Move::operator==,0.082994,0.082994,0.0,0.0,703825000,43.1,43.1,0.497872,frankycpp_v1.4.exe,Move::operator==,PVTable.h,0x14024006a
operator~,0.082994,0.082994,0.0,0.0,883525000,49.9,49.9,0.423729,frankycpp_v1.4.exe,operator~,color.h,0x140240d50
operator&,0.081994,0.081994,0.0,0.0,1123125000,79.1,79.1,0.397333,frankycpp_v1.4.exe,operator&,bitboard.h,0x140277a73
"std::array<Value,25>::operator[]",0.081994,0.081994,0.0,0.0,790680000,38.6,38.6,0.537879,frankycpp_v1.4.exe,"std::array<Value,25>::operator[]",array,0x1402405aa
typeOf,0.081994,0.081994,0.0,0.0,934440000,59.9,59.9,0.407051,frankycpp_v1.4.exe,typeOf,piece.h,0x14023984f
typeOf,0.081994,0.081994,0.0,0.0,781695000,49.3,49.3,0.478927,frankycpp_v1.4.exe,typeOf,piece.h,0x14023a91a
Search::evaluate,0.080995,0.080995,0.0,0.0,1467550000,68.6,68.6,0.291837,frankycpp_v1.4.exe,Search::evaluate,Search.cpp,0x14020a838
std::countr_zero,0.080995,0.080995,0.0,0.0,512145000,46.8,46.8,0.549708,frankycpp_v1.4.exe,std::countr_zero,bit,0x1402459e0
Color::sign,0.079995,0.079995,0.0,0.0,811645000,51.1,51.1,0.435424,frankycpp_v1.4.exe,Color::sign,color.h,0x1402460be
moveValueGreaterComparator::operator(),0.079995,0.079995,0.0,0.0,563060000,46.1,46.1,0.553191,frankycpp_v1.4.exe,moveValueGreaterComparator::operator(),move.h,0x14021ae00
std::popcount,0.079995,0.079995,0.0,0.0,1048250000,58.1,58.1,0.311429,frankycpp_v1.4.exe,std::popcount,bit,0x14024590e
operator&,0.078995,0.078995,0.0,0.0,988350000,47.1,47.1,0.369697,frankycpp_v1.4.exe,operator&,bitboard.h,0x140239988
operator&,0.077995,0.077995,0.0,0.0,1242925000,58.9,58.9,0.310843,frankycpp_v1.4.exe,operator&,bitboard.h,0x1402395b7
operator-,0.077995,0.077995,0.0,0.0,1215970000,53.1,53.1,0.366995,frankycpp_v1.4.exe,operator-,depth.h,0x140209939
"std::array<Value,25>::operator[]",0.077995,0.077995,0.0,0.0,661895000,38.3,38.3,0.538462,frankycpp_v1.4.exe,"std::array<Value,25>::operator[]",array,0x140240e92
StaticMoveList<128>::pop_back,0.076995,0.076995,0.0,0.0,365390000,21.6,21.6,0.844262,frankycpp_v1.4.exe,StaticMoveList<128>::pop_back,staticmovelist.h,0x14020a148
operator&,0.076995,0.076995,0.0,0.0,856570000,43.9,43.9,0.479021,frankycpp_v1.4.exe,operator&,bitboard.h,0x140240d55
operator~,0.076995,0.076995,0.0,0.0,646920000,52.1,52.1,0.430556,frankycpp_v1.4.exe,operator~,color.h,0x14023982f
Move::from,0.075995,0.075995,0.0,0.0,275540000,16.3,16.3,1.130435,frankycpp_v1.4.exe,Move::from,move.h,0x1402392ff
"std::array<HistoryState,512>::operator[]",0.073995,0.073995,0.0,0.0,455240000,32.1,32.1,0.855263,frankycpp_v1.4.exe,"std::array<HistoryState,512>::operator[]",array,0x140238cf8
Search::thread,0.072995,0.072995,0.0,0.0,71880000,8.6,8.6,3.791667,frankycpp_v1.4.exe,Search::thread,Search.h,0x140210fde
operator&,0.072995,0.072995,0.0,0.0,1051245000,46.5,46.5,0.313390,frankycpp_v1.4.exe,operator&,bitboard.h,0x14023996f
operator+=,0.072995,0.072995,0.0,0.0,817635000,44.6,44.6,0.527473,frankycpp_v1.4.exe,operator+=,value.h,0x140245b1a
Position::getKingSquare,0.071995,0.071995,0.0,0.0,853575000,55.0,55.0,0.382456,frankycpp_v1.4.exe,Position::getKingSquare,Position.h,0x1402460d9
func@0x1406ac770,0.071995,0.071995,0.0,0.0,44925000,14.0,14.0,5.600000,ntoskrnl.exe,func@0x1406ac770,[Unknown],0x1406ac770
operator|,0.071995,0.071995,0.0,0.0,706820000,48.9,48.9,0.461864,frankycpp_v1.4.exe,operator|,bitboard.h,0x140166e36
operator+,0.070995,0.070995,0.0,0.0,895505000,47.3,47.3,0.461538,frankycpp_v1.4.exe,operator+,direction.h,0x140240339
Bitboard::operator bool,0.069995,0.069995,0.0,0.0,673875000,50.0,50.0,0.551111,frankycpp_v1.4.exe,Bitboard::operator bool,bitboard.h,0x140240881
operator|,0.069995,0.069995,0.0,0.0,784690000,51.1,51.1,0.366412,frankycpp_v1.4.exe,operator|,bitboard.h,0x140277948
"std::array<std::array<unsigned __int64,64>,16>::operator[]",0.069995,0.069995,0.0,0.0,649915000,49.6,49.6,0.534562,frankycpp_v1.4.exe,"std::array<std::array<unsigned __int64,64>,16>::operator[]",array,0x14023aa5b
Direction::operator int,0.068995,0.068995,0.0,0.0,802660000,40.1,40.1,0.529851,frankycpp_v1.4.exe,Direction::operator int,direction.h,0x140241750
Bitboard::operator bool,0.067995,0.067995,0.0,0.0,694840000,33.6,33.6,0.650862,frankycpp_v1.4.exe,Bitboard::operator bool,bitboard.h,0x140241060
Bitboard::popLSB,0.067995,0.067995,0.0,0.0,578035000,42.2,42.2,0.497409,frankycpp_v1.4.exe,Bitboard::popLSB,bitboard.h,0x1402459e0
func@0x1402e31ed,0.067995,0.067995,0.0,0.0,74875000,17.0,17.0,3.040000,ntoskrnl.exe,func@0x1402e31ed,[Unknown],0x1402e31ed
operator&,0.067995,0.067995,0.0,0.0,1096170000,54.8,54.8,0.338798,frankycpp_v1.4.exe,operator&,bitboard.h,0x140245a87
operator+=,0.067995,0.067995,0.0,0.0,736770000,50.0,50.0,0.483740,frankycpp_v1.4.exe,operator+=,value.h,0x140245b22
operator>=,0.067995,0.067995,0.0,0.0,533110000,48.5,48.5,0.404494,frankycpp_v1.4.exe,operator>=,value.h,0x14020aead
typeOf,0.067995,0.067995,0.0,0.0,751745000,41.7,41.7,0.438247,frankycpp_v1.4.exe,typeOf,piece.h,0x140239051
Move::to,0.066995,0.066995,0.0,0.0,736770000,43.2,43.2,0.536585,frankycpp_v1.4.exe,Move::to,move.h,0x14020ae4d
Value::isCheckMate,0.066995,0.066995,0.0,0.0,44925000,4.4,4.4,7.400000,frankycpp_v1.4.exe,Value::isCheckMate,value.h,0x14020b014
Value::operator int,0.066995,0.066995,0.0,0.0,491180000,30.1,30.1,0.670732,frankycpp_v1.4.exe,Value::operator int,value.h,0x14023aabe
operator|,0.066995,0.066995,0.0,0.0,811645000,56.4,56.4,0.409594,frankycpp_v1.4.exe,operator|,bitboard.h,0x1402398cd
PawnTT::put,0.065996,0.065996,0.0,0.0,122795000,7.2,7.2,3.024390,frankycpp_v1.4.exe,"PawnTT::put(struct PawnTT::Entry *,unsigned __int64,struct Score)",PawnTT.cpp,0x1402435e0
Search::thread,0.064996,0.064996,0.0,0.0,308485000,32.4,32.4,0.990291,frankycpp_v1.4.exe,Search::thread,Search.h,0x140208c82
Search::search::__l2::<lambda_1>::operator(),0.063996,0.063996,0.0,0.0,823625000,52.6,52.6,0.374545,frankycpp_v1.4.exe,Search::search::__l2::<lambda_1>::operator(),Search.cpp,0x14020921c
Search::valueFromTt,0.063996,0.063996,0.0,0.0,23960000,4.8,4.8,11.125000,frankycpp_v1.4.exe,"Search::valueFromTt(class Value,enum Depth)",Search.cpp,0x14020b010
StaticMoveList<128>::pop_back,0.063996,0.063996,0.0,0.0,152745000,15.4,15.4,1.705882,frankycpp_v1.4.exe,StaticMoveList<128>::pop_back,staticmovelist.h,0x14020abf3
StaticMoveList<256>::empty,0.063996,0.063996,0.0,0.0,530115000,51.6,51.6,0.502825,frankycpp_v1.4.exe,StaticMoveList<256>::empty,staticmovelist.h,0x14023e2b3
operator-,0.063996,0.063996,0.0,0.0,733775000,42.9,42.9,0.506122,frankycpp_v1.4.exe,operator-,value.h,0x1402776d5
PawnTT::prefetch,0.062996,0.062996,0.0,0.0,74875000,7.8,7.8,3.280000,frankycpp_v1.4.exe,PawnTT::prefetch,PawnTT.h,0x14020ab5e
operator-,0.062996,0.062996,0.0,0.0,140765000,10.4,10.4,2.042553,frankycpp_v1.4.exe,operator-,value.h,0x14020abed
Bitboard::{ctor},0.061996,0.061996,0.0,0.0,823625000,68.5,68.5,0.265455,frankycpp_v1.4.exe,Bitboard::{ctor},bitboard.h,0x140277a87
operator-,0.061996,0.061996,0.0,0.0,760730000,70.5,70.5,0.311024,frankycpp_v1.4.exe,operator-,value.h,0x14027780d
std::max,0.061996,0.061996,0.0,0.0,581030000,39.1,39.1,0.644330,frankycpp_v1.4.exe,std::max,utility,0x1402777f5
"std::ranges::_Inplace_merge_buffer_left<Move *,moveValueGreaterComparator,std::identity>",0.061996,0.061996,0.0,0.0,308485000,26.8,26.8,0.970874,frankycpp_v1.4.exe,"std::ranges::_Inplace_merge_buffer_left<Move *,moveValueGreaterComparator,std::identity>(class Move *, class Move *, class Move *, class Move *, const __int64, struct moveValueGreaterComparator, struct std::identity)",algorithm,0x14021ce10
Move::encode,0.060996,0.060996,0.0,0.0,380365000,32.6,32.6,0.700787,frankycpp_v1.4.exe,Move::encode,move.h,0x1402405dd
Position::doNullMove,0.060996,0.060996,0.0,0.0,269550000,25.0,25.0,0.844444,frankycpp_v1.4.exe,Position::doNullMove(void),Position.cpp,0x1402393a0
StaticMoveList<256>::push_back,0.060996,0.060996,0.0,0.0,527120000,41.7,41.7,0.539773,frankycpp_v1.4.exe,StaticMoveList<256>::push_back,staticmovelist.h,0x14024113a
operator+=,0.060996,0.060996,0.0,0.0,188685000,14.2,14.2,1.634921,frankycpp_v1.4.exe,operator+=,value.h,0x140245198
operator+=,0.060996,0.060996,0.0,0.0,829615000,51.8,51.8,0.361011,frankycpp_v1.4.exe,operator+=,value.h,0x140245bba
operator|,0.060996,0.060996,0.0,0.0,599000000,52.2,52.2,0.435000,frankycpp_v1.4.exe,operator|,bitboard.h,0x140245a04
operator|,0.060996,0.060996,0.0,0.0,371380000,32.8,32.8,0.596774,frankycpp_v1.4.exe,operator|,bitboard.h,0x1402394f8
operator|,0.059996,0.059996,0.0,0.0,847585000,53.2,53.2,0.378092,frankycpp_v1.4.exe,operator|,bitboard.h,0x14027797a
"std::array<unsigned __int64,64>::operator[]",0.059996,0.059996,0.0,0.0,1024290000,67.4,67.4,0.333333,frankycpp_v1.4.exe,"std::array<unsigned __int64,64>::operator[]",array,0x14023a97a
typeOf,0.059996,0.059996,0.0,0.0,479200000,37.2,37.2,0.681250,frankycpp_v1.4.exe,typeOf,piece.h,0x140240db3
Move::type,0.058996,0.058996,0.0,0.0,572045000,44.4,44.4,0.486911,frankycpp_v1.4.exe,Move::type,move.h,0x14027757d
func@0x140278080,0.058996,0.058996,0.0,0.0,26955000,4.8,4.8,12.888889,ntoskrnl.exe,func@0x140278080,[Unknown],0x140278080
CastlingRights::operator-=,0.057996,0.057996,0.0,0.0,688850000,40.9,40.9,0.439130,frankycpp_v1.4.exe,CastlingRights::operator-=,castlingrights.h,0x140238fff
Position::getPieceBb,0.057996,0.057996,0.0,0.0,655905000,57.6,57.6,0.369863,frankycpp_v1.4.exe,Position::getPieceBb,Position.h,0x14027789a
Value::operator int,0.057996,0.057996,0.0,0.0,688850000,63.3,63.3,0.378261,frankycpp_v1.4.exe,Value::operator int,value.h,0x14023a9be
operator|,0.057996,0.057996,0.0,0.0,368385000,48.8,48.8,0.617886,frankycpp_v1.4.exe,operator|,bitboard.h,0x140239762
Bitboard::operator bool,0.056996,0.056996,0.0,0.0,536105000,42.9,42.9,0.402235,frankycpp_v1.4.exe,Bitboard::operator bool,bitboard.h,0x140245af5
Bitboard::operator~,0.056996,0.056996,0.0,0.0,509150000,39.8,39.8,0.647059,frankycpp_v1.4.exe,Bitboard::operator~,bitboard.h,0x140240552
Move::type,0.056996,0.056996,0.0,0.0,766720000,52.4,52.4,0.398438,frankycpp_v1.4.exe,Move::type,move.h,0x140209bc2
Move::to,0.055996,0.055996,0.0,0.0,871545000,64.3,64.3,0.374570,frankycpp_v1.4.exe,Move::to,move.h,0x140209be5
operator-,0.054996,0.054996,0.0,0.0,380365000,37.6,37.6,0.763780,frankycpp_v1.4.exe,operator-,value.h,0x140240ad1
operator+,0.053996,0.053996,0.0,0.0,497170000,57.3,57.3,0.409639,frankycpp_v1.4.exe,operator+,depth.h,0x140209b7c
operator+=,0.053996,0.053996,0.0,0.0,607985000,62.8,62.8,0.561576,frankycpp_v1.4.exe,operator+=,value.h,0x140245c77
"std::array<HistoryState,512>::operator[]",0.053996,0.053996,0.0,0.0,239600000,16.3,16.3,1.112500,frankycpp_v1.4.exe,"std::array<HistoryState,512>::operator[]",array,0x14023919a
Bitboard::operator bool,0.052996,0.052996,0.0,0.0,718800000,53.9,53.9,0.358333,frankycpp_v1.4.exe,Bitboard::operator bool,bitboard.h,0x140245c8b
Position::getPieceBb,0.052996,0.052996,0.0,0.0,512145000,56.6,56.6,0.415205,frankycpp_v1.4.exe,Position::getPieceBb,Position.h,0x14027799c
operator+,0.052996,0.052996,0.0,0.0,527120000,49.9,49.9,0.437500,frankycpp_v1.4.exe,operator+,value.h,0x140209c81
operator+=,0.052996,0.052996,0.0,0.0,712810000,53.2,53.2,0.424370,frankycpp_v1.4.exe,operator+=,value.h,0x140246196
std::countr_zero,0.052996,0.052996,0.0,0.0,760730000,61.1,61.1,0.311024,frankycpp_v1.4.exe,std::countr_zero,bit,0x140245be8
Move::type,0.051996,0.051996,0.0,0.0,646920000,40.4,40.4,0.462963,frankycpp_v1.4.exe,Move::type,move.h,0x140239842
operator+,0.051996,0.051996,0.0,0.0,566055000,41.0,41.0,0.439153,frankycpp_v1.4.exe,operator+,castlingrights.h,0x140238fe4
operator+=,0.051996,0.051996,0.0,0.0,637935000,58.1,58.1,0.413146,frankycpp_v1.4.exe,operator+=,value.h,0x140245c6b
operator~,0.051996,0.051996,0.0,0.0,700830000,59.6,59.6,0.376068,frankycpp_v1.4.exe,operator~,color.h,0x140209bd6
"std::unique_ptr<TT::Entry [0],std::default_delete<TT::Entry [0]> >::operator[]",0.051996,0.051996,0.0,0.0,509150000,67.6,67.6,0.464706,frankycpp_v1.4.exe,"std::unique_ptr<TT::Entry [0],std::default_delete<TT::Entry [0]> >::operator[]",memory,0x14020ab38
Bitboard::{ctor},0.050997,0.050997,0.0,0.0,682860000,54.1,54.1,0.359649,frankycpp_v1.4.exe,Bitboard::{ctor},bitboard.h,0x140166e3c
PawnTT::getHash,0.050997,0.050997,0.0,0.0,934440000,74.5,74.5,0.378205,frankycpp_v1.4.exe,PawnTT::getHash,PawnTT.h,0x140245481
StaticMoveList<256>::empty,0.050997,0.050997,0.0,0.0,470215000,39.1,39.1,0.598726,frankycpp_v1.4.exe,StaticMoveList<256>::empty,staticmovelist.h,0x14023fec0
operator-,0.050997,0.050997,0.0,0.0,494175000,48.4,48.4,0.333333,frankycpp_v1.4.exe,operator-,value.h,0x140240b84
operator-,0.050997,0.050997,0.0,0.0,128785000,13.2,13.2,1.790698,frankycpp_v1.4.exe,operator-,value.h,0x140209ff8
Square::{ctor},0.049997,0.049997,0.0,0.0,416305000,49.2,49.2,0.697842,frankycpp_v1.4.exe,Square::{ctor},square.h,0x140238cc5
operator-,0.049997,0.049997,0.0,0.0,482195000,54.9,54.9,0.503106,frankycpp_v1.4.exe,operator-,value.h,0x1402776c3
operator|,0.049997,0.049997,0.0,0.0,619965000,57.4,57.4,0.425121,frankycpp_v1.4.exe,operator|,bitboard.h,0x140245b4e
Direction::pawnPush,0.048997,0.048997,0.0,0.0,533110000,42.7,42.7,0.539326,frankycpp_v1.4.exe,Direction::pawnPush,direction.h,0x140240840
Move::to,0.048997,0.048997,0.0,0.0,607985000,55.4,55.4,0.374384,frankycpp_v1.4.exe,Move::to,move.h,0x14023985e
Position::getNextPlayer,0.048997,0.048997,0.0,0.0,389350000,55.9,55.9,0.446154,frankycpp_v1.4.exe,Position::getNextPlayer,Position.h,0x140240263
Position::getPieceBb,0.048997,0.048997,0.0,0.0,365390000,37.5,37.5,0.418033,frankycpp_v1.4.exe,Position::getPieceBb,Position.h,0x140245a77
StaticMoveList<256>::push_back,0.048997,0.048997,0.0,0.0,467220000,41.7,41.7,0.506410,frankycpp_v1.4.exe,StaticMoveList<256>::push_back,staticmovelist.h,0x14024119f
std::max,0.048997,0.048997,0.0,0.0,841595000,50.5,50.5,0.323843,frankycpp_v1.4.exe,std::max,utility,0x1402776ef
"std::unique_ptr<TT::Entry [0],std::default_delete<TT::Entry [0]> >::operator[]",0.048997,0.048997,0.0,0.0,53910000,5.1,5.1,4.555556,frankycpp_v1.4.exe,"std::unique_ptr<TT::Entry [0],std::default_delete<TT::Entry [0]> >::operator[]",memory,0x140247065
"std::unique_ptr<PawnTT::Entry [0],std::default_delete<PawnTT::Entry [0]> >::operator[]",0.047997,0.047997,0.0,0.0,68885000,9.1,9.1,3.130435,frankycpp_v1.4.exe,"std::unique_ptr<PawnTT::Entry [0],std::default_delete<PawnTT::Entry [0]> >::operator[]",memory,0x14020ab66
func@0x1406b24c0,0.046997,0.046997,0.0,0.0,44925000,19.0,19.0,4.000000,ntoskrnl.exe,func@0x1406b24c0,[Unknown],0x1406b24c0
operator&,0.046997,0.046997,0.0,0.0,536105000,48.1,48.1,0.413408,frankycpp_v1.4.exe,operator&,bitboard.h,0x14027788e
Bitboard::popLSB,0.045997,0.045997,0.0,0.0,467220000,57.3,57.3,0.442308,frankycpp_v1.4.exe,Bitboard::popLSB,bitboard.h,0x140245be8
operator&,0.045997,0.045997,0.0,0.0,670880000,46.7,46.7,0.258929,frankycpp_v1.4.exe,operator&,bitboard.h,0x140245b74
operator~,0.045997,0.045997,0.0,0.0,14975000,3.6,3.6,12.600000,frankycpp_v1.4.exe,operator~,color.h,0x1402397df
"std::array<Bitboard,64>::operator[]",0.045997,0.045997,0.0,0.0,479200000,57.4,57.4,0.412500,frankycpp_v1.4.exe,"std::array<Bitboard,64>::operator[]",array,0x14023a940
typeOf,0.045997,0.045997,0.0,0.0,895505000,69.2,69.2,0.274247,frankycpp_v1.4.exe,typeOf,piece.h,0x140277651
Bitboard::popLSB,0.044997,0.044997,0.0,0.0,425290000,56.1,56.1,0.514085,frankycpp_v1.4.exe,Bitboard::popLSB,bitboard.h,0x140245b30
Bitboard::popLSB,0.044997,0.044997,0.0,0.0,515140000,35.5,35.5,0.517442,frankycpp_v1.4.exe,Bitboard::popLSB,bitboard.h,0x140240da5
Position::getPieceBb,0.044997,0.044997,0.0,0.0,542095000,49.8,49.8,0.414365,frankycpp_v1.4.exe,Position::getPieceBb,Position.h,0x140277a2d
operator&,0.043997,0.043997,0.0,0.0,625955000,58.9,58.9,0.425837,frankycpp_v1.4.exe,operator&,bitboard.h,0x140245a2a
"std::array<Bitboard,64>::operator[]",0.043997,0.043997,0.0,0.0,389350000,47.5,47.5,0.607692,frankycpp_v1.4.exe,"std::array<Bitboard,64>::operator[]",array,0x1402398d4
"std::array<std::array<int,64>,64>::operator[]",0.043997,0.043997,0.0,0.0,410315000,56.5,56.5,0.394161,frankycpp_v1.4.exe,"std::array<std::array<int,64>,64>::operator[]",array,0x1402400e5
std::countr_zero,0.043997,0.043997,0.0,0.0,272545000,46.5,46.5,0.549451,frankycpp_v1.4.exe,std::countr_zero,bit,0x1402458c0
PVTable::clear,0.042997,0.042997,0.0,0.0,308485000,40.6,40.6,0.592233,frankycpp_v1.4.exe,PVTable::clear,PVTable.h,0x14020a619
Position::getOccupiedBb,0.042997,0.042997,0.0,0.0,440265000,48.9,48.9,0.428571,frankycpp_v1.4.exe,Position::getOccupiedBb,Position.h,0x1402398cd
Position::getPiece,0.042997,0.042997,0.0,0.0,329450000,48.1,48.1,0.590909,frankycpp_v1.4.exe,Position::getPiece,Position.h,0x1402775fa
Square::pawnPush,0.042997,0.042997,0.0,0.0,431280000,37.6,37.6,0.562500,frankycpp_v1.4.exe,Square::pawnPush,square.h,0x140239075
operator-,0.042997,0.042997,0.0,0.0,395340000,34.7,34.7,0.674242,frankycpp_v1.4.exe,operator-,value.h,0x14020a6b4
"std::array<PlyInfo,128>::operator[]",0.042997,0.042997,0.0,0.0,320465000,32.8,32.8,0.570093,frankycpp_v1.4.exe,"std::array<PlyInfo,128>::operator[]",array,0x14020a914
Position::getPiece,0.041997,0.041997,0.0,0.0,377370000,41.4,41.4,0.515873,frankycpp_v1.4.exe,Position::getPiece,Position.h,0x14023aa2a
decompress_pairs,0.041997,0.041997,0.0,0.0,200665000,17.5,17.5,1.223881,frankycpp_v1.4.exe,"decompress_pairs(struct PairsData *, unsigned __int64)",tbprobe.c,0x14027e140
func@0x1800126c0,0.041997,0.041997,0.0,0.0,0,4.7,4.7,,vcruntime140.dll,func@0x1800126c0,[Unknown],0x1800126c0
operator&,0.041997,0.041997,0.0,0.0,530115000,42.5,42.5,0.429379,frankycpp_v1.4.exe,operator&,bitboard.h,0x14023976d
operator|,0.041997,0.041997,0.0,0.0,584025000,61.6,61.6,0.369231,frankycpp_v1.4.exe,operator|,bitboard.h,0x140277a81
"std::array<Bitboard,8>::operator[]",0.041997,0.041997,0.0,0.0,377370000,46.9,46.9,0.452381,frankycpp_v1.4.exe,"std::array<Bitboard,8>::operator[]",array,0x14024085a
valueOf,0.041997,0.041997,0.0,0.0,290515000,66.9,66.9,0.360825,frankycpp_v1.4.exe,valueOf,value.h,0x140209c32
Bitboard::{ctor},0.040997,0.040997,0.0,0.0,467220000,65.4,65.4,0.397436,frankycpp_v1.4.exe,Bitboard::{ctor},bitboard.h,0x1402779cc
Position::getPieceBb,0.040997,0.040997,0.0,0.0,407320000,65.6,65.6,0.286765,frankycpp_v1.4.exe,Position::getPieceBb,Position.h,0x14027795d
Square::rank,0.040997,0.040997,0.0,0.0,524125000,60.2,60.2,0.314286,frankycpp_v1.4.exe,Square::rank,square.h,0x1402460dc
operator*,0.040997,0.040997,0.0,0.0,736770000,51.0,51.0,0.337398,frankycpp_v1.4.exe,operator*,value.h,0x1402453aa
Bitboard::operator&=,0.039997,0.039997,0.0,0.0,275540000,40.2,40.2,0.445652,frankycpp_v1.4.exe,Bitboard::operator&=,bitboard.h,0x14024055a
Bitboard::shifted,0.039997,0.039997,0.0,0.0,170715000,29.8,29.8,0.754386,frankycpp_v1.4.exe,Bitboard::shifted,bitboard.h,0x1402406d7
Move::operator==,0.039997,0.039997,0.0,0.0,476205000,55.0,55.0,0.465409,frankycpp_v1.4.exe,Move::operator==,PVTable.h,0x14020aa5a
operator~,0.039997,0.039997,0.0,0.0,203660000,18.3,18.3,1.191176,frankycpp_v1.4.exe,operator~,color.h,0x14023918c
"std::unique_ptr<PawnTT::Entry [0],std::default_delete<PawnTT::Entry [0]> >::operator[]",0.039997,0.039997,0.0,0.0,278535000,54.1,54.1,0.612903,frankycpp_v1.4.exe,"std::unique_ptr<PawnTT::Entry [0],std::default_delete<PawnTT::Entry [0]> >::operator[]",memory,0x14024548d
typeOf,0.039997,0.039997,0.0,0.0,664890000,72.5,72.5,0.360360,frankycpp_v1.4.exe,typeOf,piece.h,0x140209c32
Position::getNextPlayer,0.038997,0.038997,0.0,0.0,422295000,50.0,50.0,0.418440,frankycpp_v1.4.exe,Position::getNextPlayer,Position.h,0x14024001e
operator&,0.038997,0.038997,0.0,0.0,377370000,75.4,75.4,0.349206,frankycpp_v1.4.exe,operator&,bitboard.h,0x1402779de
operator+,0.038997,0.038997,0.0,0.0,395340000,60.6,60.6,0.363636,frankycpp_v1.4.exe,operator+,value.h,0x14020aa9a
Bitboard::operator|=,0.037997,0.037997,0.0,0.0,518135000,46.8,46.8,0.341040,frankycpp_v1.4.exe,Bitboard::operator|=,bitboard.h,0x140277763
func@0x1402b6ac0,0.037997,0.037997,0.0,0.0,62895000,9.0,9.0,2.333333,ntoskrnl.exe,func@0x1402b6ac0,[Unknown],0x1402b6ac0
Move::operator==,0.036998,0.036998,0.0,0.0,497170000,58.9,58.9,0.331325,frankycpp_v1.4.exe,Move::operator==,PVTable.h,0x140209a23
StaticMoveList<128>::push_back,0.036998,0.036998,0.0,0.0,62895000,7.2,7.2,3.857143,frankycpp_v1.4.exe,StaticMoveList<128>::push_back,staticmovelist.h,0x140209f50
"std::_Atomic_storage<unsigned __int64,8>::store",0.036998,0.036998,0.0,0.0,245590000,33.1,33.1,0.634146,frankycpp_v1.4.exe,"std::_Atomic_storage<unsigned __int64,8>::store",atomic,0x140247cdc
Evaluator::valueFromScore,0.035998,0.035998,0.0,0.0,446255000,70.4,70.4,0.322148,frankycpp_v1.4.exe,Evaluator::valueFromScore,Evaluator.cpp,0x1402451c3
Move::stripped,0.035998,0.035998,0.0,0.0,185690000,17.0,17.0,0.919355,frankycpp_v1.4.exe,Move::stripped,move.h,0x14023e2dc
StaticMoveList<256>::push_back,0.035998,0.035998,0.0,0.0,368385000,40.8,40.8,0.479675,frankycpp_v1.4.exe,StaticMoveList<256>::push_back,staticmovelist.h,0x140240b5c
operator+=,0.035998,0.035998,0.0,0.0,566055000,64.1,64.1,0.375661,frankycpp_v1.4.exe,operator+=,value.h,0x1402461a9
Move::type,0.034998,0.034998,0.0,0.0,329450000,50.3,50.3,0.463636,frankycpp_v1.4.exe,Move::type,move.h,0x14020aa62
func@0x1402494a0,0.034998,0.034998,0.0,0.0,164725000,18.6,18.6,0.800000,ntoskrnl.exe,func@0x1402494a0,[Unknown],0x1402494a0
operator-,0.034998,0.034998,0.0,0.0,35940000,5.0,5.0,3.750000,frankycpp_v1.4.exe,operator-,value.h,0x14020abc4
operator|,0.034998,0.034998,0.0,0.0,287520000,41.8,41.8,0.489583,frankycpp_v1.4.exe,operator|,bitboard.h,0x1402458e1
"std::array<Bitboard,64>::operator[]",0.034998,0.034998,0.0,0.0,275540000,39.3,39.3,0.663043,frankycpp_v1.4.exe,"std::array<Bitboard,64>::operator[]",array,0x14023aa2e
"std::array<int,64>::operator[]",0.034998,0.034998,0.0,0.0,236605000,46.2,46.2,0.569620,frankycpp_v1.4.exe,"std::array<int,64>::operator[]",array,0x14020a24a
"std::array<std::array<unsigned __int64,64>,16>::operator[]",0.034998,0.034998,0.0,0.0,434275000,68.9,68.9,0.393103,frankycpp_v1.4.exe,"std::array<std::array<unsigned __int64,64>,16>::operator[]",array,0x14023a976
Bitboard::operator bool,0.033998,0.033998,0.0,0.0,236605000,39.3,39.3,0.531646,frankycpp_v1.4.exe,Bitboard::operator bool,bitboard.h,0x1402411f4
Bitboard::{ctor},0.033998,0.033998,0.0,0.0,353410000,49.4,49.4,0.500000,frankycpp_v1.4.exe,Bitboard::{ctor},bitboard.h,0x140239762
Move::to,0.033998,0.033998,0.0,0.0,338435000,32.0,32.0,0.380531,frankycpp_v1.4.exe,Move::to,move.h,0x1402775ff
operator&,0.033998,0.033998,0.0,0.0,257570000,53.5,53.5,0.418605,frankycpp_v1.4.exe,operator&,bitboard.h,0x1402399a1
operator*,0.033998,0.033998,0.0,0.0,688850000,84.6,84.6,0.286957,frankycpp_v1.4.exe,operator*,value.h,0x1402451c3
operator+=,0.033998,0.033998,0.0,0.0,269550000,56.5,56.5,0.522222,frankycpp_v1.4.exe,operator+=,value.h,0x1402454b0
Bitboard::operator^=,0.032998,0.032998,0.0,0.0,398335000,59.5,59.5,0.421053,frankycpp_v1.4.exe,Bitboard::operator^=,bitboard.h,0x1402398e2
Direction::pawnPush,0.032998,0.032998,0.0,0.0,422295000,61.7,61.7,0.361702,frankycpp_v1.4.exe,Direction::pawnPush,direction.h,0x1402402e4
operator+,0.032998,0.032998,0.0,0.0,209650000,36.5,36.5,0.600000,frankycpp_v1.4.exe,operator+,value.h,0x14020a6a6
operator+=,0.032998,0.032998,0.0,0.0,344425000,58.9,58.9,0.260870,frankycpp_v1.4.exe,operator+=,value.h,0x140245ae4
typeOf,0.032998,0.032998,0.0,0.0,251580000,63.2,63.2,0.571429,frankycpp_v1.4.exe,typeOf,piece.h,0x1402405ae
Move::setValue,0.031998,0.031998,0.0,0.0,266555000,41.0,41.0,0.370787,frankycpp_v1.4.exe,Move::setValue,move.h,0x1402400b0
Value::{ctor},0.031998,0.031998,0.0,0.0,341430000,64.3,64.3,0.438596,frankycpp_v1.4.exe,Value::{ctor},value.h,0x1402776e5
func@0x140362fc0,0.031998,0.031998,0.0,0.0,29950000,5.4,5.4,4.100000,ntoskrnl.exe,func@0x140362fc0,[Unknown],0x140362fc0
operator&,0.031998,0.031998,0.0,0.0,449250000,72.5,72.5,0.440000,frankycpp_v1.4.exe,operator&,bitboard.h,0x140277882
operator-,0.031998,0.031998,0.0,0.0,299500000,37.2,37.2,0.450000,frankycpp_v1.4.exe,operator-,value.h,0x140240df1
operator~,0.031998,0.031998,0.0,0.0,242595000,24.2,24.2,0.790123,frankycpp_v1.4.exe,operator~,color.h,0x140239517
Rank::promotionFor,0.030998,0.030998,0.0,0.0,197670000,42.8,42.8,0.621212,frankycpp_v1.4.exe,Rank::promotionFor,rank.h,0x14024099f
Value::isValid,0.030998,0.030998,0.0,0.0,53910000,8.3,8.3,2.944444,frankycpp_v1.4.exe,Value::isValid,value.h,0x14020a75d
func@0x1402786e0,0.030998,0.030998,0.0,0.0,44925000,14.1,14.1,2.733333,ntoskrnl.exe,func@0x1402786e0,[Unknown],0x1402786e0
func@0x180011200,0.030998,0.030998,0.0,0.0,74875000,10.9,10.9,1.960000,vcruntime140.dll,func@0x180011200,[Unknown],0x180011200
operator+,0.030998,0.030998,0.0,0.0,736770000,97.6,97.6,0.195122,frankycpp_v1.4.exe,operator+,value.h,0x1402451f5
Move::encode,0.029998,0.029998,0.0,0.0,248585000,46.2,46.2,0.722892,frankycpp_v1.4.exe,Move::encode,move.h,0x140240b7b
Move::setValue,0.029998,0.029998,0.0,0.0,197670000,44.9,44.9,0.590909,frankycpp_v1.4.exe,Move::setValue,move.h,0x140240164
PVTable::update,0.029998,0.029998,0.0,0.0,134775000,23.8,23.8,1.000000,frankycpp_v1.4.exe,"PVTable::update(class Move,enum Depth)",PVTable.h,0x1401fde80
Position::getKingSquare,0.029998,0.029998,0.0,0.0,416305000,70.2,70.2,0.374101,frankycpp_v1.4.exe,Position::getKingSquare,Position.h,0x140245941
operator+=,0.029998,0.029998,0.0,0.0,769715000,69.7,69.7,0.206226,frankycpp_v1.4.exe,operator+=,value.h,0x1402454b8
"std::array<Move,128>::operator[]",0.029998,0.029998,0.0,0.0,170715000,26.0,26.0,1.105263,frankycpp_v1.4.exe,"std::array<Move,128>::operator[]",array,0x140208c87
Direction::{ctor},0.028998,0.028998,0.0,0.0,248585000,25.8,25.8,0.843373,frankycpp_v1.4.exe,Direction::{ctor},direction.h,0x14024086d
Move::operator==,0.028998,0.028998,0.0,0.0,218635000,40.7,40.7,0.602740,frankycpp_v1.4.exe,Move::operator==,PVTable.h,0x14023e2df
operator&,0.028998,0.028998,0.0,0.0,182695000,26.3,26.3,0.950820,frankycpp_v1.4.exe,operator&,bitboard.h,0x140245599
operator&,0.028998,0.028998,0.0,0.0,542095000,62.9,62.9,0.353591,frankycpp_v1.4.exe,operator&,bitboard.h,0x140277876
operator+=,0.028998,0.028998,0.0,0.0,503160000,71.6,71.6,0.339286,frankycpp_v1.4.exe,operator+=,value.h,0x140245991
operator|,0.028998,0.028998,0.0,0.0,263560000,45.8,45.8,0.386364,frankycpp_v1.4.exe,operator|,bitboard.h,0x140240cac
std::countr_zero,0.028998,0.028998,0.0,0.0,218635000,40.4,40.4,0.643836,frankycpp_v1.4.exe,std::countr_zero,bit,0x140240f84
Bitboard::popLSB,0.027998,0.027998,0.0,0.0,236605000,46.1,46.1,0.607595,frankycpp_v1.4.exe,Bitboard::popLSB,bitboard.h,0x140240f7a
PVTable::clear,0.027998,0.027998,0.0,0.0,176705000,25.6,25.6,0.644068,frankycpp_v1.4.exe,PVTable::clear,PVTable.h,0x140208c78
Position::getEnPassantSquare,0.027998,0.027998,0.0,0.0,230615000,43.2,43.2,0.519481,frankycpp_v1.4.exe,Position::getEnPassantSquare,Position.h,0x1402778e4
__builtin_array_init_helper<class Value>,0.027998,0.027998,0.0,0.0,257570000,70.6,70.6,0.406977,frankycpp_v1.4.exe,"__builtin_array_init_helper<class Value>(class Value *,unsigned __int64)",[Unknown],0x140277ac0
operator&,0.027998,0.027998,0.0,0.0,353410000,70.2,70.2,0.245763,frankycpp_v1.4.exe,operator&,bitboard.h,0x1402395d3
operator*,0.027998,0.027998,0.0,0.0,494175000,72.3,72.3,0.315152,frankycpp_v1.4.exe,operator*,value.h,0x1402451c8
func@0x1403e3700,0.026998,0.026998,0.0,0.0,26955000,4.0,4.0,4.777778,ntoskrnl.exe,func@0x1403e3700,[Unknown],0x1403e3700
memmove,0.026998,0.026998,0.0,0.0,26955000,15.7,15.7,3.888889,vcruntime140.dll,memmove,[Unknown],0x180012030
operator&,0.026998,0.026998,0.0,0.0,233610000,38.8,38.8,0.602564,frankycpp_v1.4.exe,operator&,bitboard.h,0x140245a95
"std::ranges::_Stable_sort_fn::_Buffered_merge_sort_common<Move *,moveValueGreaterComparator,std::identity>",0.026998,0.026998,0.0,0.0,191680000,22.8,22.8,0.828125,frankycpp_v1.4.exe,"std::ranges::_Stable_sort_fn::_Buffered_merge_sort_common<Move *,moveValueGreaterComparator,std::identity>(class Move *, class Move *, const __int64, class Move *, struct moveValueGreaterComparator, struct std::identity)",algorithm,0x14021ad10
StaticMoveList<256>::push_back,0.025998,0.025998,0.0,0.0,194675000,31.5,31.5,0.584615,frankycpp_v1.4.exe,StaticMoveList<256>::push_back,staticmovelist.h,0x140240aad
func@0x1400010e0,0.025998,0.025998,0.0,0.0,0,5.2,5.2,,intelppm.sys,func@0x1400010e0,[Unknown],0x1400010e0
moveValueGreaterComparator::operator(),0.025998,0.025998,0.0,0.0,110815000,20.4,20.4,1.054054,frankycpp_v1.4.exe,moveValueGreaterComparator::operator(),move.h,0x14021ce70
operator+,0.025998,0.025998,0.0,0.0,371380000,66.1,66.1,0.266129,frankycpp_v1.4.exe,operator+,value.h,0x140209c85
operator|,0.025998,0.025998,0.0,0.0,251580000,37.2,37.2,0.535714,frankycpp_v1.4.exe,operator|,bitboard.h,0x140240825
Move::operator==,0.024998,0.024998,0.0,0.0,272545000,51.6,51.6,0.439560,frankycpp_v1.4.exe,Move::operator==,PVTable.h,0x14020aa4d
Position::getPiece,0.024998,0.024998,0.0,0.0,335440000,64.3,64.3,0.357143,frankycpp_v1.4.exe,Position::getPiece,Position.h,0x14027764d
func@0x14002706b,0.024998,0.024998,0.0,0.0,23960000,14.0,14.0,4.750000,dxgmms2.sys,func@0x14002706b,[Unknown],0x14002706b
operator&,0.024998,0.024998,0.0,0.0,329450000,72.8,72.8,0.363636,frankycpp_v1.4.exe,operator&,bitboard.h,0x140277999
operator+,0.024998,0.024998,0.0,0.0,260565000,62.2,62.2,0.425287,frankycpp_v1.4.exe,operator+,direction.h,0x140245632
operator~,0.024998,0.024998,0.0,0.0,206655000,100.0,100.0,0.260870,frankycpp_v1.4.exe,operator~,color.h,0x140241174
std::countr_zero,0.024998,0.024998,0.0,0.0,134775000,33.7,33.7,0.444444,frankycpp_v1.4.exe,std::countr_zero,bit,0x140241110
Position::getOccupiedBb,0.023998,0.023998,0.0,0.0,269550000,,,0.333333,frankycpp_v1.4.exe,Position::getOccupiedBb,Position.h,0x140245c0f
operator+=,0.023998,0.023998,0.0,0.0,335440000,65.6,65.6,0.330357,frankycpp_v1.4.exe,operator+=,value.h,0x14024534c
operator-,0.023998,0.023998,0.0,0.0,26955000,8.2,8.2,3.333333,frankycpp_v1.4.exe,operator-,value.h,0x14020a13e
operator-,0.023998,0.023998,0.0,0.0,305490000,54.5,54.5,0.431373,frankycpp_v1.4.exe,operator-,value.h,0x1402777f0
operator~,0.023998,0.023998,0.0,0.0,212645000,44.4,44.4,0.647887,frankycpp_v1.4.exe,operator~,color.h,0x1402399e1
"std::_Atomic_reinterpret_as<__int64,unsigned __int64>",0.023998,0.023998,0.0,0.0,65890000,11.0,11.0,2.227273,frankycpp_v1.4.exe,"std::_Atomic_reinterpret_as<__int64,unsigned __int64>(unsigned __int64 const & __ptr64)",atomic,0x140244f30
std::countr_zero,0.023998,0.023998,0.0,0.0,188685000,59.5,59.5,0.587302,frankycpp_v1.4.exe,std::countr_zero,bit,0x140240598
operator&,0.022998,0.022998,0.0,0.0,137770000,21.7,21.7,0.782609,frankycpp_v1.4.exe,operator&,bitboard.h,0x14020a204
operator~,0.022998,0.022998,0.0,0.0,98835000,38.2,38.2,0.757576,frankycpp_v1.4.exe,operator~,color.h,0x14020a200
"std::array<PlyInfo,128>::operator[]",0.022998,0.022998,0.0,0.0,227620000,48.4,48.4,0.460526,frankycpp_v1.4.exe,"std::array<PlyInfo,128>::operator[]",array,0x14020983a
Bitboard::operator|=,0.021999,0.021999,0.0,0.0,224625000,58.2,58.2,0.466667,frankycpp_v1.4.exe,Bitboard::operator|=,bitboard.h,0x14024560e
Bitboard::operator|=,0.021999,0.021999,0.0,0.0,254575000,56.1,56.1,0.411765,frankycpp_v1.4.exe,Bitboard::operator|=,bitboard.h,0x1402398ed
TT::getHash,0.021999,0.021999,0.0,0.0,254575000,52.6,52.6,0.400000,frankycpp_v1.4.exe,TT::getHash,TT.h,0x140246eda
operator|,0.021999,0.021999,0.0,0.0,221630000,55.5,55.5,0.418919,frankycpp_v1.4.exe,operator|,bitboard.h,0x1402396de
operator~,0.021999,0.021999,0.0,0.0,248585000,41.5,41.5,0.566265,frankycpp_v1.4.exe,operator~,color.h,0x14020ae5a
std::max,0.021999,0.021999,0.0,0.0,230615000,49.8,49.8,0.597403,frankycpp_v1.4.exe,std::max,utility,0x14020a6ad
typeOf,0.021999,0.021999,0.0,0.0,338435000,59.2,59.2,0.371681,frankycpp_v1.4.exe,typeOf,piece.h,0x14020aa8a
Bitboard::operator^=,0.020999,0.020999,0.0,0.0,395340000,72.5,72.5,0.196970,frankycpp_v1.4.exe,Bitboard::operator^=,bitboard.h,0x14027775d
Move::setValue,0.020999,0.020999,0.0,0.0,215640000,47.2,47.2,0.458333,frankycpp_v1.4.exe,Move::setValue,move.h,0x140240072
Move::{ctor},0.020999,0.020999,0.0,0.0,230615000,43.9,43.9,0.493506,frankycpp_v1.4.exe,Move::{ctor},move.h,0x1402411a6
Value::operator int,0.020999,0.020999,0.0,0.0,236605000,52.4,52.4,0.455696,frankycpp_v1.4.exe,Value::operator int,value.h,0x14023a9d5
func@0x14031d3a0,0.020999,0.020999,0.0,0.0,8985000,3.1,3.1,8.333333,ntoskrnl.exe,func@0x14031d3a0,[Unknown],0x14031d3a0
func@0x1406b1b80,0.020999,0.020999,0.0,0.0,35940000,16.7,16.7,2.583333,ntoskrnl.exe,func@0x1406b1b80,[Unknown],0x1406b1b80
operator^=,0.020999,0.020999,0.0,0.0,356405000,60.1,60.1,0.411765,frankycpp_v1.4.exe,operator^=,bitboards.h,0x140277712
"std::array<Bitboard,64>::operator[]",0.020999,0.020999,0.0,0.0,161730000,28.6,28.6,0.703704,frankycpp_v1.4.exe,"std::array<Bitboard,64>::operator[]",array,0x1402455a9
typeOf,0.020999,0.020999,0.0,0.0,149750000,32.8,32.8,0.780000,frankycpp_v1.4.exe,typeOf,piece.h,0x14024059f
Evaluator::valueFromScore,0.019999,0.019999,0.0,0.0,179700000,81.8,81.8,0.316667,frankycpp_v1.4.exe,Evaluator::valueFromScore,Evaluator.cpp,0x14024535d
Move::from,0.019999,0.019999,0.0,0.0,224625000,49.0,49.0,0.413333,frankycpp_v1.4.exe,Move::from,move.h,0x140238cbf
Position::getPieceBb,0.019999,0.019999,0.0,0.0,392345000,93.4,93.4,0.236641,frankycpp_v1.4.exe,Position::getPieceBb,Position.h,0x140277854
Position::getPieceBb,0.019999,0.019999,0.0,0.0,179700000,37.0,37.0,0.466667,frankycpp_v1.4.exe,Position::getPieceBb,Position.h,0x140240f6e
func@0x1402b8e00,0.019999,0.019999,0.0,0.0,26955000,1.5,1.5,2.222222,ntoskrnl.exe,func@0x1402b8e00,[Unknown],0x1402b8e00
"std::array<Bitboard,64>::operator[]",0.019999,0.019999,0.0,0.0,200665000,50.3,50.3,0.388060,frankycpp_v1.4.exe,"std::array<Bitboard,64>::operator[]",array,0x14023993e
"std::ranges::_Stable_sort_fn::_Stable_sort_common_buffered<Move *,moveValueGreaterComparator,std::identity>",0.019999,0.019999,0.0,0.0,35940000,17.0,17.0,2.666667,frankycpp_v1.4.exe,"std::ranges::_Stable_sort_fn::_Stable_sort_common_buffered<Move *,moveValueGreaterComparator,std::identity>(class Move *, class Move *, const __int64, class Move *, const __int64, struct moveValueGreaterComparator, struct std::identity)",algorithm,0x140218fd0
"std::unique_ptr<TT::Entry [0],std::default_delete<TT::Entry [0]> >::operator[]",0.019999,0.019999,0.0,0.0,359400000,75.2,75.2,0.208333,frankycpp_v1.4.exe,"std::unique_ptr<TT::Entry [0],std::default_delete<TT::Entry [0]> >::operator[]",memory,0x140209f34
typeOf,0.019999,0.019999,0.0,0.0,164725000,77.4,77.4,0.290909,frankycpp_v1.4.exe,typeOf,piece.h,0x1402401fb
Move::encode,0.018999,0.018999,0.0,0.0,164725000,34.4,34.4,0.563636,frankycpp_v1.4.exe,Move::encode,move.h,0x140241141
StaticMoveList<256>::end,0.018999,0.018999,0.0,0.0,323460000,52.8,52.8,0.388889,frankycpp_v1.4.exe,StaticMoveList<256>::end,staticmovelist.h,0x14023fed7
func@0x14020f700,0.018999,0.018999,0.0,0.0,20965000,8.7,8.7,5.714286,ntoskrnl.exe,func@0x14020f700,[Unknown],0x14020f700
operator&,0.018999,0.018999,0.0,0.0,131780000,58.1,58.1,0.613636,frankycpp_v1.4.exe,operator&,bitboard.h,0x140245645
operator|,0.018999,0.018999,0.0,0.0,248585000,41.8,41.8,0.626506,frankycpp_v1.4.exe,operator|,bitboard.h,0x1402396fd
typeOf,0.018999,0.018999,0.0,0.0,239600000,66.5,66.5,0.400000,frankycpp_v1.4.exe,typeOf,piece.h,0x1402776b6
Bitboard::operator~,0.017999,0.017999,0.0,0.0,203660000,28.8,28.8,0.308824,frankycpp_v1.4.exe,Bitboard::operator~,bitboard.h,0x1402455c8
Bitboard::popLSB,0.017999,0.017999,0.0,0.0,206655000,30.5,30.5,0.855072,frankycpp_v1.4.exe,Bitboard::popLSB,bitboard.h,0x140240e84
Position::getOccupiedBb,0.017999,0.017999,0.0,0.0,209650000,62.6,62.6,0.457143,frankycpp_v1.4.exe,Position::getOccupiedBb,Position.h,0x140245b65
func@0x140241690,0.017999,0.017999,0.0,0.0,8985000,9.4,9.4,7.333333,ntoskrnl.exe,func@0x140241690,[Unknown],0x140241690
func@0x1402b7070,0.017999,0.017999,0.0,0.0,44925000,8.6,8.6,2.666667,ntoskrnl.exe,func@0x1402b7070,[Unknown],0x1402b7070
func@0x1406b96ae,0.017999,0.017999,0.0,0.0,8985000,13.4,13.4,7.666667,ntoskrnl.exe,func@0x1406b96ae,[Unknown],0x1406b96ae
operator&,0.017999,0.017999,0.0,0.0,311480000,68.4,68.4,0.442308,frankycpp_v1.4.exe,operator&,bitboard.h,0x14027785e
operator&,0.017999,0.017999,0.0,0.0,278535000,40.0,40.0,0.322581,frankycpp_v1.4.exe,operator&,bitboard.h,0x14020ae65
operator|,0.017999,0.017999,0.0,0.0,68885000,46.8,46.8,0.695652,frankycpp_v1.4.exe,operator|,bitboard.h,0x140241220
"std::array<int,64>::operator[]",0.017999,0.017999,0.0,0.0,467220000,44.6,44.6,0.307692,frankycpp_v1.4.exe,"std::array<int,64>::operator[]",array,0x140245957
Bitboard::operator bool,0.016999,0.016999,0.0,0.0,134775000,40.4,40.4,0.644444,frankycpp_v1.4.exe,Bitboard::operator bool,bitboard.h,0x14024554b
Move::stripped,0.016999,0.016999,0.0,0.0,89850000,31.8,31.8,0.700000,frankycpp_v1.4.exe,Move::stripped,move.h,0x14023e390
Value::operator int,0.016999,0.016999,0.0,0.0,215640000,48.0,48.0,0.444444,frankycpp_v1.4.exe,Value::operator int,value.h,0x14023aad5
func@0x140241ec0,0.016999,0.016999,0.0,0.0,92845000,24.2,24.2,1.193548,ntoskrnl.exe,func@0x140241ec0,[Unknown],0x140241ec0
func@0x18001d400,0.016999,0.016999,0.0,0.0,182695000,42.3,42.3,0.459016,ntdll.dll,func@0x18001d400,[Unknown],0x18001d400
memcpy,0.016999,0.016999,0.0,0.0,23960000,7.6,7.6,5.375000,vcruntime140.dll,memcpy,[Unknown],0x180013010
operator+=,0.016999,0.016999,0.0,0.0,143760000,56.0,56.0,0.520833,frankycpp_v1.4.exe,operator+=,value.h,0x1402459a3
operator|,0.016999,0.016999,0.0,0.0,185690000,36.0,36.0,0.516129,frankycpp_v1.4.exe,operator|,bitboard.h,0x140239710
"std::_Hash<std::_Umap_traits<unsigned __int64,BookEntry,std::_Uhash_compare<unsigned __int64,std::hash<unsigned __int64>,std::equal_to<unsigned __int64> >,std::allocator<std::pair<unsigned __int64 const ,BookEntry> >,0> >::_Find_last",0.016999,0.016999,0.0,0.0,8985000,5.4,5.4,11.333333,frankycpp_v1.4.exe,"std::_Hash<std::_Umap_traits<unsigned __int64,BookEntry,std::_Uhash_compare<unsigned __int64,std::hash<unsigned __int64>,std::equal_to<unsigned __int64> >,std::allocator<std::pair<unsigned __int64 const ,BookEntry> >,0> >::_Find_last",xhash,0x140261a00
std::min,0.016999,0.016999,0.0,0.0,191680000,55.5,55.5,0.437500,frankycpp_v1.4.exe,std::min,utility,0x14020a6ba
Move::to,0.015999,0.015999,0.0,0.0,179700000,53.9,53.9,0.350000,frankycpp_v1.4.exe,Move::to,move.h,0x14020a20f
Position::undoNullMove,0.015999,0.015999,0.0,0.0,35940000,14.4,14.4,1.166667,frankycpp_v1.4.exe,Position::undoNullMove(void),Position.cpp,0x140239480
Search::thread,0.015999,0.015999,0.0,0.0,134775000,32.0,32.0,1.177778,frankycpp_v1.4.exe,Search::thread,Search.h,0x14020aca1
operator&,0.015999,0.015999,0.0,0.0,167720000,52.7,52.7,0.535714,frankycpp_v1.4.exe,operator&,bitboard.h,0x140239554
operator+,0.015999,0.015999,0.0,0.0,5990000,11.3,11.3,6.000000,frankycpp_v1.4.exe,operator+,depth.h,0x14020abb5
operator-,0.015999,0.015999,0.0,0.0,26955000,4.1,4.1,3.666667,frankycpp_v1.4.exe,operator-,value.h,0x14020abb2
"std::array<Bitboard,8>::operator[]",0.015999,0.015999,0.0,0.0,137770000,53.2,53.2,0.478261,frankycpp_v1.4.exe,"std::array<Bitboard,8>::operator[]",array,0x140240323
"std::array<std::array<int,64>,64>::operator[]",0.015999,0.015999,0.0,0.0,134775000,44.5,44.5,0.577778,frankycpp_v1.4.exe,"std::array<std::array<int,64>,64>::operator[]",array,0x14020a23e
Bitboard::operator|=,0.014999,0.014999,0.0,0.0,125790000,49.5,49.5,0.404762,frankycpp_v1.4.exe,Bitboard::operator|=,bitboard.h,0x1402455fd
Move::encode,0.014999,0.014999,0.0,0.0,230615000,56.7,56.7,0.324675,frankycpp_v1.4.exe,Move::encode,move.h,0x1402411be
Position::getMidPosValue,0.014999,0.014999,0.0,0.0,194675000,58.7,58.7,0.307692,frankycpp_v1.4.exe,Position::getMidPosValue,Position.h,0x14024518a
Position::getOccupiedBb,0.014999,0.014999,0.0,0.0,137770000,40.1,40.1,0.478261,frankycpp_v1.4.exe,Position::getOccupiedBb,Position.h,0x140245a1b
Position::getPiece,0.014999,0.014999,0.0,0.0,179700000,72.8,72.8,0.383333,frankycpp_v1.4.exe,Position::getPiece,Position.h,0x14020aa80
RtlFreeHeap,0.014999,0.014999,0.0,0.0,92845000,36.8,36.8,0.774194,ntdll.dll,RtlFreeHeap,[Unknown],0x180078bb0
func@0x1402e3a5d,0.014999,0.014999,0.0,0.0,17970000,7.1,7.1,3.666667,ntoskrnl.exe,func@0x1402e3a5d,[Unknown],0x1402e3a5d
operator&,0.014999,0.014999,0.0,0.0,203660000,64.5,64.5,0.338235,frankycpp_v1.4.exe,operator&,bitboard.h,0x140240fcb
operator+=,0.014999,0.014999,0.0,0.0,188685000,42.2,42.2,0.428571,frankycpp_v1.4.exe,operator+=,value.h,0x1402451ad
operator-=,0.014999,0.014999,0.0,0.0,38935000,29.9,29.9,1.076923,frankycpp_v1.4.exe,operator-=,depth.h,0x140209dce
"std::array<Bitboard,64>::operator[]",0.014999,0.014999,0.0,0.0,221630000,51.6,51.6,0.459459,frankycpp_v1.4.exe,"std::array<Bitboard,64>::operator[]",array,0x1402779d4
std::clamp,0.014999,0.014999,0.0,0.0,206655000,42.8,42.8,0.260870,frankycpp_v1.4.exe,std::clamp,algorithm,0x140209eca
std::countr_zero,0.014999,0.014999,0.0,0.0,164725000,44.8,44.8,0.472727,frankycpp_v1.4.exe,std::countr_zero,bit,0x140240e84
"std::ranges::_Buffered_inplace_merge_common<Move *,moveValueGreaterComparator,std::identity>",0.014999,0.014999,0.0,0.0,101830000,20.4,20.4,0.852941,frankycpp_v1.4.exe,"std::ranges::_Buffered_inplace_merge_common<Move *,moveValueGreaterComparator,std::identity>(class Move *, class Move *, class Move *, __int64, __int64, class Move *, const __int64, struct moveValueGreaterComparator, struct std::identity)",algorithm,0x14021b110
Bitboard::operator bool,0.013999,0.013999,0.0,0.0,137770000,64.9,64.9,0.434783,frankycpp_v1.4.exe,Bitboard::operator bool,bitboard.h,0x140240bb2
func@0x1402b6d00,0.013999,0.013999,0.0,0.0,47920000,29.7,29.7,1.187500,ntoskrnl.exe,func@0x1402b6d00,[Unknown],0x1402b6d00
func@0x1406b23e0,0.013999,0.013999,0.0,0.0,2995000,3.7,3.7,19.000000,ntoskrnl.exe,func@0x1406b23e0,[Unknown],0x1406b23e0
operator&,0.013999,0.013999,0.0,0.0,89850000,33.4,33.4,0.933333,frankycpp_v1.4.exe,operator&,bitboard.h,0x1402455f1
operator&,0.013999,0.013999,0.0,0.0,158735000,100.0,100.0,0.264151,frankycpp_v1.4.exe,operator&,bitboard.h,0x140245907
operator~,0.013999,0.013999,0.0,0.0,104825000,52.2,52.2,0.600000,frankycpp_v1.4.exe,operator~,color.h,0x1402779c8
"std::array<int,64>::operator[]",0.013999,0.013999,0.0,0.0,128785000,35.6,35.6,0.558140,frankycpp_v1.4.exe,"std::array<int,64>::operator[]",array,0x140239063
Bitboard::operator^=,0.012999,0.012999,0.0,0.0,191680000,43.5,43.5,0.359375,frankycpp_v1.4.exe,Bitboard::operator^=,bitboard.h,0x14027772c
Bitboard::popLSB,0.012999,0.012999,0.0,0.0,77870000,49.2,49.2,0.615385,frankycpp_v1.4.exe,Bitboard::popLSB,bitboard.h,0x140245590
CastlingRights::isEmpty,0.012999,0.012999,0.0,0.0,134775000,46.3,46.3,0.511111,frankycpp_v1.4.exe,CastlingRights::isEmpty,castlingrights.h,0x140238fd3
Move::encode,0.012999,0.012999,0.0,0.0,185690000,44.8,44.8,0.596774,frankycpp_v1.4.exe,Move::encode,move.h,0x140240ac8
Position::getNextPlayer,0.012999,0.012999,0.0,0.0,83860000,52.0,52.0,0.392857,frankycpp_v1.4.exe,Position::getNextPlayer,Position.h,0x1402775fc
Position::isCapturingMove,0.012999,0.012999,0.0,0.0,59900000,22.5,22.5,1.100000,frankycpp_v1.4.exe,Position::isCapturingMove,Position.h,0x14020a200
Search::isTimeAlmostUp,0.012999,0.012999,0.0,0.0,17970000,11.2,11.2,2.666667,frankycpp_v1.4.exe,Search::isTimeAlmostUp(void),Search.cpp,0x14020e830
func@0x140363a62,0.012999,0.012999,0.0,0.0,29950000,19.1,19.1,1.400000,ntoskrnl.exe,func@0x140363a62,[Unknown],0x140363a62
operator&,0.012999,0.012999,0.0,0.0,173710000,57.3,57.3,0.413793,frankycpp_v1.4.exe,operator&,bitboard.h,0x140277a6b
operator&,0.012999,0.012999,0.0,0.0,218635000,60.1,60.1,0.410959,frankycpp_v1.4.exe,operator&,bitboard.h,0x1402778a2
operator&,0.012999,0.012999,0.0,0.0,155740000,84.8,84.8,0.384615,frankycpp_v1.4.exe,operator&,bitboard.h,0x1402455d3
operator&,0.012999,0.012999,0.0,0.0,77870000,52.2,52.2,0.384615,frankycpp_v1.4.exe,operator&,bitboard.h,0x14020a2f0
operator-,0.012999,0.012999,0.0,0.0,68885000,41.3,41.3,0.826087,frankycpp_v1.4.exe,operator-,direction.h,0x1402405a3
"std::array<Bitboard,8>::operator[]",0.012999,0.012999,0.0,0.0,104825000,44.3,44.3,0.257143,frankycpp_v1.4.exe,"std::array<Bitboard,8>::operator[]",array,0x14024095b
"std::ranges::_Inplace_merge_buffer_right<Move *,moveValueGreaterComparator,std::identity>",0.012999,0.012999,0.0,0.0,62895000,24.5,24.5,1.285714,frankycpp_v1.4.exe,"std::ranges::_Inplace_merge_buffer_right<Move *,moveValueGreaterComparator,std::identity>(class Move *, class Move *, class Move *, class Move *, const __int64, struct moveValueGreaterComparator, struct std::identity)",algorithm,0x14021cee0
valueOf,0.012999,0.012999,0.0,0.0,113810000,62.4,62.4,0.421053,frankycpp_v1.4.exe,valueOf,value.h,0x14027769e
Bitboard::operator|=,0.011999,0.011999,0.0,0.0,71880000,79.5,79.5,0.666667,frankycpp_v1.4.exe,Bitboard::operator|=,bitboard.h,0x140240206
Bitboard::operator~,0.011999,0.011999,0.0,0.0,101830000,20.6,20.6,0.323529,frankycpp_v1.4.exe,Bitboard::operator~,bitboard.h,0x140240e54
Bitboard::popLSB,0.011999,0.011999,0.0,0.0,92845000,51.2,51.2,0.322581,frankycpp_v1.4.exe,Bitboard::popLSB,bitboard.h,0x140241110
Position::getGamePhaseFactor,0.011999,0.011999,0.0,0.0,170715000,93.5,93.5,0.228070,frankycpp_v1.4.exe,Position::getGamePhaseFactor,Position.h,0x140245143
Search::thread,0.011999,0.011999,0.0,0.0,104825000,43.0,43.0,0.885714,frankycpp_v1.4.exe,Search::thread,Search.h,0x140209e0a
Value::operator int,0.011999,0.011999,0.0,0.0,0,4.9,4.9,,frankycpp_v1.4.exe,Value::operator int,value.h,0x14020a75d
func@0x140244270,0.011999,0.011999,0.0,0.0,17970000,15.3,15.3,2.833333,ntoskrnl.exe,func@0x140244270,[Unknown],0x140244270
func@0x140300b80,0.011999,0.011999,0.0,0.0,23960000,7.6,7.6,2.625000,ntoskrnl.exe,func@0x140300b80,[Unknown],0x140300b80
func@0x140309c30,0.011999,0.011999,0.0,0.0,17970000,3.7,3.7,4.333333,ntoskrnl.exe,func@0x140309c30,[Unknown],0x140309c30
func@0x1403be84c,0.011999,0.011999,0.0,0.0,20965000,9.4,9.4,1.428571,ntoskrnl.exe,func@0x1403be84c,[Unknown],0x1403be84c
func@0x1404113d0,0.011999,0.011999,0.0,0.0,26955000,9.7,9.7,1.888889,ntoskrnl.exe,func@0x1404113d0,[Unknown],0x1404113d0
func@0x1406b2300,0.011999,0.011999,0.0,0.0,2995000,7.0,7.0,19.000000,ntoskrnl.exe,func@0x1406b2300,[Unknown],0x1406b2300
func@0x140def930,0.011999,0.011999,0.0,0.0,0,0.0,0.0,,nvlddmkm.sys,func@0x140def930,[Unknown],0x140def930
operator&,0.011999,0.011999,0.0,0.0,116805000,71.4,71.4,0.487179,frankycpp_v1.4.exe,operator&,bitboard.h,0x1402779c0
operator-,0.011999,0.011999,0.0,0.0,23960000,5.4,5.4,1.250000,frankycpp_v1.4.exe,operator-,value.h,0x140209fb5
operator|,0.011999,0.011999,0.0,0.0,65890000,41.0,41.0,0.454545,frankycpp_v1.4.exe,operator|,bitboard.h,0x1402410ec
"std::array<Bitboard,64>::operator[]",0.011999,0.011999,0.0,0.0,119800000,67.1,67.1,0.275000,frankycpp_v1.4.exe,"std::array<Bitboard,64>::operator[]",array,0x14024020a
std::countr_zero,0.011999,0.011999,0.0,0.0,185690000,42.3,42.3,0.500000,frankycpp_v1.4.exe,std::countr_zero,bit,0x140240da5
Bitboard::popLSB,0.010999,0.010999,0.0,0.0,62895000,56.9,56.9,0.571429,frankycpp_v1.4.exe,Bitboard::popLSB,bitboard.h,0x140240ff0
Direction::operator int,0.010999,0.010999,0.0,0.0,254575000,100.0,100.0,0.364706,frankycpp_v1.4.exe,Direction::operator int,direction.h,0x14024033d
Move::value,0.010999,0.010999,0.0,0.0,41930000,22.0,22.0,0.785714,frankycpp_v1.4.exe,Move::value,move.h,0x140240168
Position::getEnPassantSquare,0.010999,0.010999,0.0,0.0,104825000,63.9,63.9,0.571429,frankycpp_v1.4.exe,Position::getEnPassantSquare,Position.h,0x140240672
Search::evaluate,0.010999,0.010999,0.0,0.0,107820000,63.8,63.8,0.472222,frankycpp_v1.4.exe,Search::evaluate,Search.cpp,0x140209170
Square::file,0.010999,0.010999,0.0,0.0,254575000,56.5,56.5,0.376471,frankycpp_v1.4.exe,Square::file,square.h,0x1402460e6
_std_type_info_compare,0.010999,0.010999,0.0,0.0,128785000,78.3,78.3,0.279070,vcruntime140.dll,_std_type_info_compare,[Unknown],0x180005030
func@0x14047cb77,0.010999,0.010999,0.0,0.0,2995000,1.3,1.3,12.000000,ntoskrnl.exe,func@0x14047cb77,[Unknown],0x14047cb77
operator&,0.010999,0.010999,0.0,0.0,119800000,28.6,28.6,0.675000,frankycpp_v1.4.exe,operator&,bitboard.h,0x140240b14
operator&,0.010999,0.010999,0.0,0.0,170715000,65.1,65.1,0.421053,frankycpp_v1.4.exe,operator&,bitboard.h,0x140245c22
operator-,0.010999,0.010999,0.0,0.0,83860000,29.9,29.9,0.464286,frankycpp_v1.4.exe,operator-,value.h,0x140208d49
Bitboard::operator|=,0.009999,0.009999,0.0,0.0,41930000,61.3,61.3,0.357143,frankycpp_v1.4.exe,Bitboard::operator|=,bitboard.h,0x140245637
Move::setValue,0.009999,0.009999,0.0,0.0,179700000,60.3,60.3,0.300000,frankycpp_v1.4.exe,Move::setValue,move.h,0x140240091
MoveGenerator::generateCastling,0.009999,0.009999,0.0,0.0,62895000,20.5,20.5,1.000000,frankycpp_v1.4.exe,"MoveGenerator::generateCastling(class Position const &,class StaticMoveList<256> *,enum GenMode)",MoveGenerator.cpp,0x140241220
Position::getLastMove,0.009999,0.009999,0.0,0.0,95840000,28.7,28.7,0.500000,frankycpp_v1.4.exe,Position::getLastMove,Position.h,0x14020a3a2
TT::resize,0.009999,0.009999,0.0,0.0,92845000,26.4,26.4,0.709677,frankycpp_v1.4.exe,TT::resize(unsigned __int64),TT.cpp,0x140246640
func@0x1402450fb,0.009999,0.009999,0.0,0.0,26955000,5.3,5.3,2.666667,ntoskrnl.exe,func@0x1402450fb,[Unknown],0x1402450fb
func@0x140277720,0.009999,0.009999,0.0,0.0,14975000,12.7,12.7,4.000000,ntoskrnl.exe,func@0x140277720,[Unknown],0x140277720
func@0x140278160,0.009999,0.009999,0.0,0.0,8985000,9.7,9.7,5.666667,ntoskrnl.exe,func@0x140278160,[Unknown],0x140278160
func@0x1402defb6,0.009999,0.009999,0.0,0.0,0,0.0,0.0,,ntoskrnl.exe,func@0x1402defb6,[Unknown],0x1402defb6
func@0x1403bd960,0.009999,0.009999,0.0,0.0,32945000,15.4,15.4,1.181818,ntoskrnl.exe,func@0x1403bd960,[Unknown],0x1403bd960
func@0x140e1c190,0.009999,0.009999,0.0,0.0,0,5.7,5.7,,nvlddmkm.sys,func@0x140e1c190,[Unknown],0x140e1c190
operator-,0.009999,0.009999,0.0,0.0,11980000,1.8,1.8,4.500000,frankycpp_v1.4.exe,operator-,value.h,0x140209fe3
operator|,0.009999,0.009999,0.0,0.0,239600000,64.8,64.8,0.375000,frankycpp_v1.4.exe,operator|,bitboard.h,0x1402775e7
std::countr_zero,0.009999,0.009999,0.0,0.0,62895000,42.1,42.1,0.380952,frankycpp_v1.4.exe,std::countr_zero,bit,0x1402778a8
std::countr_zero,0.009999,0.009999,0.0,0.0,53910000,55.0,55.0,0.500000,frankycpp_v1.4.exe,std::countr_zero,bit,0x140240b57
std::min,0.009999,0.009999,0.0,0.0,68885000,36.1,36.1,0.478261,frankycpp_v1.4.exe,std::min,utility,0x140209d78
std::min,0.009999,0.009999,0.0,0.0,137770000,79.3,79.3,0.369565,frankycpp_v1.4.exe,std::min,utility,0x140209d8b
tablebase::Tablebase::isAvailable,0.009999,0.009999,0.0,0.0,23960000,10.4,10.4,1.250000,frankycpp_v1.4.exe,tablebase::Tablebase::isAvailable,Tablebase.h,0x140208f11
Bitboard::operator bool,0.008999,0.008999,0.0,0.0,86855000,69.2,69.2,0.586207,frankycpp_v1.4.exe,Bitboard::operator bool,bitboard.h,0x1402459ad
Bitboard::operator|=,0.008999,0.008999,0.0,0.0,98835000,53.4,53.4,0.393939,frankycpp_v1.4.exe,Bitboard::operator|=,bitboard.h,0x1402455d0
Bitboard::operator|=,0.008999,0.008999,0.0,0.0,50915000,27.2,27.2,0.823529,frankycpp_v1.4.exe,Bitboard::operator|=,bitboard.h,0x1402455db
Move::promotionType,0.008999,0.008999,0.0,0.0,89850000,38.6,38.6,0.666667,frankycpp_v1.4.exe,Move::promotionType,move.h,0x1402398be
MoveGenerator::setPV,0.008999,0.008999,0.0,0.0,14975000,21.5,21.5,3.000000,frankycpp_v1.4.exe,MoveGenerator::setPV(class Move),MoveGenerator.cpp,0x14023e390
Value::{ctor},0.008999,0.008999,0.0,0.0,113810000,74.8,74.8,0.236842,frankycpp_v1.4.exe,Value::{ctor},value.h,0x140277800
func@0x14001672d,0.008999,0.008999,0.0,0.0,0,13.2,13.2,,wdf01000.sys,func@0x14001672d,[Unknown],0x14001672d
func@0x1400e0af0,0.008999,0.008999,0.0,0.0,5990000,4.1,4.1,9.000000,nvlddmkm.sys,func@0x1400e0af0,[Unknown],0x1400e0af0
func@0x140247c60,0.008999,0.008999,0.0,0.0,14975000,21.8,21.8,2.400000,ntoskrnl.exe,func@0x140247c60,[Unknown],0x140247c60
func@0x140416952,0.008999,0.008999,0.0,0.0,62895000,22.3,22.3,0.476190,ntoskrnl.exe,func@0x140416952,[Unknown],0x140416952
operator-=,0.008999,0.008999,0.0,0.0,56905000,39.5,39.5,0.526316,frankycpp_v1.4.exe,operator-=,depth.h,0x140209e4d
operator|,0.008999,0.008999,0.0,0.0,137770000,,,0.347826,frankycpp_v1.4.exe,operator|,bitboard.h,0x1402455fa
operator|,0.008999,0.008999,0.0,0.0,107820000,96.8,96.8,0.527778,frankycpp_v1.4.exe,operator|,bitboard.h,0x14027764a
std::countr_zero,0.008999,0.008999,0.0,0.0,44925000,72.1,72.1,0.466667,frankycpp_v1.4.exe,std::countr_zero,bit,0x140240aa0
Direction::pawnPush,0.007999,0.007999,0.0,0.0,47920000,23.5,23.5,0.937500,frankycpp_v1.4.exe,Direction::pawnPush,direction.h,0x140240416
ExpInterlockedPopEntrySList,0.007999,0.007999,0.0,0.0,32945000,18.9,18.9,1.181818,ntoskrnl.exe,ExpInterlockedPopEntrySList,[Unknown],0x1406b3210
KeClockInterruptNotify,0.007999,0.007999,0.0,0.0,14975000,9.2,9.2,1.800000,ntoskrnl.exe,KeClockInterruptNotify,[Unknown],0x1402e2e50
Move::operator==,0.007999,0.007999,0.0,0.0,35940000,67.9,67.9,0.833333,frankycpp_v1.4.exe,Move::operator==,PVTable.h,0x140209e59
Move::type,0.007999,0.007999,0.0,0.0,89850000,71.1,71.1,0.266667,frankycpp_v1.4.exe,Move::type,move.h,0x14020a22c
Move::{ctor},0.007999,0.007999,0.0,0.0,53910000,39.7,39.7,0.611111,frankycpp_v1.4.exe,Move::{ctor},move.h,0x140241124
Position::getPiece,0.007999,0.007999,0.0,0.0,80865000,,,0.296296,frankycpp_v1.4.exe,Position::getPiece,Position.h,0x1402401f8
RtlCopyMemory,0.007999,0.007999,0.0,0.0,44925000,12.3,12.3,1.333333,ntoskrnl.exe,RtlCopyMemory,[Unknown],0x1406bf540
calc_symLen,0.007999,0.007999,0.0,0.0,53910000,23.0,23.0,0.777778,frankycpp_v1.4.exe,"calc_symLen(struct PairsData *, unsigned int, char *)",tbprobe.c,0x14027d4e0
func@0x1402b65a0,0.007999,0.007999,0.0,0.0,5990000,14.6,14.6,2.500000,ntoskrnl.exe,func@0x1402b65a0,[Unknown],0x1402b65a0
func@0x1402b83c0,0.007999,0.007999,0.0,0.0,8985000,0.8,0.8,4.000000,ntoskrnl.exe,func@0x1402b83c0,[Unknown],0x1402b83c0
func@0x1402e38c0,0.007999,0.007999,0.0,0.0,2995000,0.0,0.0,19.000000,ntoskrnl.exe,func@0x1402e38c0,[Unknown],0x1402e38c0
func@0x140301c20,0.007999,0.007999,0.0,0.0,11980000,24.6,24.6,2.500000,ntoskrnl.exe,func@0x140301c20,[Unknown],0x140301c20
func@0x1403996f0,0.007999,0.007999,0.0,0.0,11980000,4.8,4.8,6.000000,nvlddmkm.sys,func@0x1403996f0,[Unknown],0x1403996f0
func@0x14043d710,0.007999,0.007999,0.0,0.0,35940000,31.4,31.4,0.833333,ntoskrnl.exe,func@0x14043d710,[Unknown],0x14043d710
operator+,0.007999,0.007999,0.0,0.0,65890000,95.6,95.6,0.318182,frankycpp_v1.4.exe,operator+,direction.h,0x140239616
operator~,0.007999,0.007999,0.0,0.0,83860000,86.2,86.2,0.500000,frankycpp_v1.4.exe,operator~,color.h,0x1402401cd
"std::array<Value,25>::operator[]",0.007999,0.007999,0.0,0.0,68885000,44.0,44.0,0.434783,frankycpp_v1.4.exe,"std::array<Value,25>::operator[]",array,0x140241130
"std::array<Value,25>::operator[]",0.007999,0.007999,0.0,0.0,62895000,64.7,64.7,0.476190,frankycpp_v1.4.exe,"std::array<Value,25>::operator[]",array,0x140240b66
"std::array<int,64>::operator[]",0.007999,0.007999,0.0,0.0,95840000,56.3,56.3,0.312500,frankycpp_v1.4.exe,"std::array<int,64>::operator[]",array,0x140209d73
"std::array<std::array<int,64>,64>::operator[]",0.007999,0.007999,0.0,0.0,164725000,58.1,58.1,0.454545,frankycpp_v1.4.exe,"std::array<std::array<int,64>,64>::operator[]",array,0x14023905f
"std::ranges::_Copy_memcpy_common<Move *,Move *>",0.007999,0.007999,0.0,0.0,32945000,26.1,26.1,0.363636,frankycpp_v1.4.exe,"std::ranges::_Copy_memcpy_common<Move *,Move *>(class Move *, class Move *, class Move *, class Move *)",xmemory,0x14021db70
valueOf,0.007999,0.007999,0.0,0.0,107820000,84.4,84.4,0.194444,frankycpp_v1.4.exe,valueOf,value.h,0x140277643
wcsnicmp,0.007999,0.007999,0.0,0.0,206655000,62.0,62.0,0.173913,ntoskrnl.exe,wcsnicmp,[Unknown],0x1404fe420
Bitboard::popLSB,0.007000,0.007000,0.0,0.0,53910000,34.2,34.2,0.888889,frankycpp_v1.4.exe,Bitboard::popLSB,bitboard.h,0x1402458c0
Search::thread,0.007000,0.007000,0.0,0.0,146755000,78.4,78.4,0.387755,frankycpp_v1.4.exe,Search::thread,Search.h,0x14020a838
Square::file,0.007000,0.007000,0.0,0.0,59900000,24.7,24.7,0.500000,frankycpp_v1.4.exe,Square::file,square.h,0x140239093
[ntoskrnl.exe],0.007000,0.007000,0.0,0.0,5990000,6.4,6.4,4.500000,ntoskrnl.exe,[ntoskrnl.exe],[Unknown],0x0
boost::archive::detail::basic_iarchive_impl::register_type,0.007000,0.007000,0.0,0.0,137770000,52.3,52.3,0.565217,frankycpp_v1.4.exe,boost::archive::detail::basic_iarchive_impl::register_type(class boost::archive::detail::basic_iserializer const &),basic_iarchive.cpp,0x140283600
func@0x140002b5e,0.007000,0.007000,0.0,0.0,29950000,35.3,35.3,1.000000,wpprecorder.sys,func@0x140002b5e,[Unknown],0x140002b5e
func@0x140246000,0.007000,0.007000,0.0,0.0,8985000,12.3,12.3,3.666667,ntoskrnl.exe,func@0x140246000,[Unknown],0x140246000
func@0x140258630,0.007000,0.007000,0.0,0.0,20965000,16.1,16.1,1.285714,ntoskrnl.exe,func@0x140258630,[Unknown],0x140258630
func@0x1402de680,0.007000,0.007000,0.0,0.0,8985000,9.2,9.2,4.333333,ntoskrnl.exe,func@0x1402de680,[Unknown],0x1402de680
func@0x1402e3910,0.007000,0.007000,0.0,0.0,2995000,10.4,10.4,8.000000,ntoskrnl.exe,func@0x1402e3910,[Unknown],0x1402e3910
func@0x14030f980,0.007000,0.007000,0.0,0.0,14975000,17.5,17.5,2.800000,ntoskrnl.exe,func@0x14030f980,[Unknown],0x14030f980
func@0x14030fd85,0.007000,0.007000,0.0,0.0,35940000,24.8,24.8,0.666667,ntoskrnl.exe,func@0x14030fd85,[Unknown],0x14030fd85
func@0x1403acaa0,0.007000,0.007000,0.0,0.0,17970000,12.3,12.3,1.166667,ntoskrnl.exe,func@0x1403acaa0,[Unknown],0x1403acaa0
func@0x1403d50e0,0.007000,0.007000,0.0,0.0,8985000,1.5,1.5,3.000000,nvlddmkm.sys,func@0x1403d50e0,[Unknown],0x1403d50e0
func@0x1406bd983,0.007000,0.007000,0.0,0.0,11980000,5.2,5.2,1.500000,ntoskrnl.exe,func@0x1406bd983,[Unknown],0x1406bd983
operator&,0.007000,0.007000,0.0,0.0,44925000,46.3,46.3,0.266667,frankycpp_v1.4.exe,operator&,bitboard.h,0x140209e7f
operator+,0.007000,0.007000,0.0,0.0,86855000,95.8,95.8,0.206897,frankycpp_v1.4.exe,operator+,direction.h,0x1402395e5
operator-,0.007000,0.007000,0.0,0.0,44925000,20.8,20.8,1.000000,frankycpp_v1.4.exe,operator-,value.h,0x140240eb8
operator|,0.007000,0.007000,0.0,0.0,41930000,27.7,27.7,0.785714,frankycpp_v1.4.exe,operator|,bitboard.h,0x140240948
operator~,0.007000,0.007000,0.0,0.0,2995000,,,7.000000,frankycpp_v1.4.exe,operator~,color.h,0x14020a2ec
"std::array<int,64>::operator[]",0.007000,0.007000,0.0,0.0,119800000,50.3,50.3,0.200000,frankycpp_v1.4.exe,"std::array<int,64>::operator[]",array,0x140209e16
std::popcount,0.007000,0.007000,0.0,0.0,74875000,30.3,30.3,0.400000,frankycpp_v1.4.exe,std::popcount,bit,0x1402456b3
std::popcount,0.007000,0.007000,0.0,0.0,125790000,89.5,89.5,0.380952,frankycpp_v1.4.exe,std::popcount,bit,0x140239cb9
KeSetEvent,0.006000,0.006000,0.0,0.0,8985000,15.4,15.4,2.666667,ntoskrnl.exe,KeSetEvent,[Unknown],0x1402959b0
Move::to,0.006000,0.006000,0.0,0.0,11980000,19.6,19.6,1.250000,frankycpp_v1.4.exe,Move::to,move.h,0x1402392c9
MoveGenerator::storeKiller,0.006000,0.006000,0.0,0.0,29950000,47.3,47.3,0.500000,frankycpp_v1.4.exe,MoveGenerator::storeKiller(class Move),MoveGenerator.cpp,0x14023e3a0
Position::clearEnPassant,0.006000,0.006000,0.0,0.0,20965000,9.7,9.7,1.428571,frankycpp_v1.4.exe,Position::clearEnPassant,Position.cpp,0x140238f83
Position::getNextPlayer,0.006000,0.006000,0.0,0.0,83860000,44.4,44.4,0.392857,frankycpp_v1.4.exe,Position::getNextPlayer,Position.h,0x140240c99
Position::getNextPlayer,0.006000,0.006000,0.0,0.0,32945000,46.9,46.9,0.636364,frankycpp_v1.4.exe,Position::getNextPlayer,Position.h,0x140208d75
Position::getOccupiedBb,0.006000,0.006000,0.0,0.0,62895000,41.8,41.8,0.523810,frankycpp_v1.4.exe,Position::getOccupiedBb,Position.h,0x1402458f8
Position::getPieceBb,0.006000,0.006000,0.0,0.0,20965000,17.5,17.5,1.285714,frankycpp_v1.4.exe,Position::getPieceBb,Position.h,0x140245520
Search::thread,0.006000,0.006000,0.0,0.0,53910000,27.9,27.9,0.611111,frankycpp_v1.4.exe,Search::thread,Search.h,0x14020a296
func@0x140026fb0,0.006000,0.006000,0.0,0.0,8985000,6.7,6.7,3.666667,dxgmms2.sys,func@0x140026fb0,[Unknown],0x140026fb0
func@0x1400f7bd0,0.006000,0.006000,0.0,0.0,17970000,9.1,9.1,1.333333,nvlddmkm.sys,func@0x1400f7bd0,[Unknown],0x1400f7bd0
func@0x140259a80,0.006000,0.006000,0.0,0.0,11980000,14.3,14.3,0.750000,nvlddmkm.sys,func@0x140259a80,[Unknown],0x140259a80
func@0x140300860,0.006000,0.006000,0.0,0.0,8985000,2.2,2.2,4.333333,ntoskrnl.exe,func@0x140300860,[Unknown],0x140300860
func@0x140362b20,0.006000,0.006000,0.0,0.0,8985000,16.1,16.1,3.333333,ntoskrnl.exe,func@0x140362b20,[Unknown],0x140362b20
func@0x1403665a0,0.006000,0.006000,0.0,0.0,2995000,2.3,2.3,8.000000,ntoskrnl.exe,func@0x1403665a0,[Unknown],0x1403665a0
func@0x1403be0a0,0.006000,0.006000,0.0,0.0,5990000,0.0,0.0,1.500000,ntoskrnl.exe,func@0x1403be0a0,[Unknown],0x1403be0a0
func@0x1404e9f58,0.006000,0.006000,0.0,0.0,35940000,10.3,10.3,1.500000,ntoskrnl.exe,func@0x1404e9f58,[Unknown],0x1404e9f58
func@0x1405e1e14,0.006000,0.006000,0.0,0.0,11980000,60.1,60.1,1.000000,ntoskrnl.exe,func@0x1405e1e14,[Unknown],0x1405e1e14
func@0x1406c0240,0.006000,0.006000,0.0,0.0,17970000,10.0,10.0,1.333333,ntoskrnl.exe,func@0x1406c0240,[Unknown],0x1406c0240
operator&,0.006000,0.006000,0.0,0.0,128785000,64.1,64.1,0.418605,frankycpp_v1.4.exe,operator&,bitboard.h,0x14027798f
operator&,0.006000,0.006000,0.0,0.0,47920000,40.0,40.0,0.625000,frankycpp_v1.4.exe,operator&,bitboard.h,0x1402455e2
operator&,0.006000,0.006000,0.0,0.0,83860000,58.1,58.1,0.178571,frankycpp_v1.4.exe,operator&,bitboard.h,0x140245602
operator+,0.006000,0.006000,0.0,0.0,35940000,34.7,34.7,0.750000,frankycpp_v1.4.exe,operator+,value.h,0x140208d39
operator+=,0.006000,0.006000,0.0,0.0,20965000,34.9,34.9,0.428571,frankycpp_v1.4.exe,operator+=,depth.h,0x140209e74
operator-,0.006000,0.006000,0.0,0.0,98835000,34.3,34.3,0.636364,frankycpp_v1.4.exe,operator-,value.h,0x1402776a7
operator-,0.006000,0.006000,0.0,0.0,20965000,27.5,27.5,1.000000,frankycpp_v1.4.exe,operator-,value.h,0x1402092df
operator-,0.006000,0.006000,0.0,0.0,5990000,15.1,15.1,2.500000,frankycpp_v1.4.exe,operator-,value.h,0x14020a113
operator-,0.006000,0.006000,0.0,0.0,8985000,11.9,11.9,1.666667,frankycpp_v1.4.exe,operator-,value.h,0x140209532
operator-,0.006000,0.006000,0.0,0.0,5990000,28.6,28.6,0.0,frankycpp_v1.4.exe,operator-,value.h,0x1402094f3
operator==,0.006000,0.006000,0.0,0.0,2995000,5.1,5.1,12.000000,frankycpp_v1.4.exe,operator==,castlingrights.h,0x140208eec
"std::array<Bitboard,64>::operator[]",0.006000,0.006000,0.0,0.0,95840000,65.6,65.6,0.343750,frankycpp_v1.4.exe,"std::array<Bitboard,64>::operator[]",array,0x14020ae42
"std::array<Bitboard,64>::operator[]",0.006000,0.006000,0.0,0.0,8985000,56.3,56.3,1.666667,frankycpp_v1.4.exe,"std::array<Bitboard,64>::operator[]",array,0x14023976a
"std::array<Bitboard,8>::operator[]",0.006000,0.006000,0.0,0.0,65890000,14.2,14.2,0.681818,frankycpp_v1.4.exe,"std::array<Bitboard,8>::operator[]",array,0x140240b11
"std::array<Move,128>::operator[]",0.006000,0.006000,0.0,0.0,74875000,23.0,23.0,0.720000,frankycpp_v1.4.exe,"std::array<Move,128>::operator[]",array,0x14020a61c
std::countr_zero,0.006000,0.006000,0.0,0.0,41930000,,,0.214286,frankycpp_v1.4.exe,std::countr_zero,bit,0x140245590
std::max,0.006000,0.006000,0.0,0.0,41930000,89.9,89.9,0.214286,frankycpp_v1.4.exe,std::max,utility,0x140208d40
Bitboard::lsb,0.005000,0.005000,0.0,0.0,44925000,54.3,54.3,0.666667,frankycpp_v1.4.exe,Bitboard::lsb,bitboard.h,0x1402401ea
Bitboard::operator bool,0.005000,0.005000,0.0,0.0,56905000,24.9,24.9,0.421053,frankycpp_v1.4.exe,Bitboard::operator bool,bitboard.h,0x140240a66
Direction::pawnPush,0.005000,0.005000,0.0,0.0,32945000,,,0.454545,frankycpp_v1.4.exe,Direction::pawnPush,direction.h,0x140240898
ExFreePoolWithTag,0.005000,0.005000,0.0,0.0,14975000,17.7,17.7,1.800000,ntoskrnl.exe,ExFreePoolWithTag,[Unknown],0x140b70cd0
KfRaiseIrql,0.005000,0.005000,0.0,0.0,32945000,11.1,11.1,1.000000,ntoskrnl.exe,KfRaiseIrql,[Unknown],0x1403fa130
Move::encode,0.005000,0.005000,0.0,0.0,29950000,,,0.300000,frankycpp_v1.4.exe,Move::encode,move.h,0x140240452
Move::operator==,0.005000,0.005000,0.0,0.0,29950000,25.9,25.9,1.100000,frankycpp_v1.4.exe,Move::operator==,PVTable.h,0x14023e3a3
Move::type,0.005000,0.005000,0.0,0.0,32945000,40.0,40.0,0.363636,frankycpp_v1.4.exe,Move::type,move.h,0x14020ae77
Move::{ctor},0.005000,0.005000,0.0,0.0,32945000,49.2,49.2,0.272727,frankycpp_v1.4.exe,Move::{ctor},move.h,0x140240b63
PawnTT::resize,0.005000,0.005000,0.0,0.0,26955000,21.4,21.4,0.888889,frankycpp_v1.4.exe,PawnTT::resize(unsigned __int64),PawnTT.cpp,0x140242b70
Search::thread,0.005000,0.005000,0.0,0.0,65890000,80.9,80.9,0.500000,frankycpp_v1.4.exe,Search::thread,Search.h,0x14020982c
Square::file,0.005000,0.005000,0.0,0.0,47920000,43.5,43.5,0.437500,frankycpp_v1.4.exe,Square::file,square.h,0x140239025
boost::serialization::typeid_system::extended_type_info_typeid_0::is_less_than,0.005000,0.005000,0.0,0.0,38935000,25.3,25.3,0.384615,frankycpp_v1.4.exe,boost::serialization::typeid_system::extended_type_info_typeid_0::is_less_than(class boost::serialization::extended_type_info const &),extended_type_info_typeid.cpp,0x14028d260
encode,0.005000,0.005000,0.0,0.0,53910000,42.9,42.9,0.277778,frankycpp_v1.4.exe,encode,tbprobe.c,0x14027c9b0
func@0x14000d5e0,0.005000,0.005000,0.0,0.0,0,0.0,0.0,,dxgmms2.sys,func@0x14000d5e0,[Unknown],0x14000d5e0
func@0x14001ce6f,0.005000,0.005000,0.0,0.0,0,0.0,0.0,,nvlddmkm.sys,func@0x14001ce6f,[Unknown],0x14001ce6f
func@0x1400f7ad0,0.005000,0.005000,0.0,0.0,5990000,53.3,53.3,4.500000,nvlddmkm.sys,func@0x1400f7ad0,[Unknown],0x1400f7ad0
func@0x14020cfb0,0.005000,0.005000,0.0,0.0,8985000,9.4,9.4,5.666667,ntoskrnl.exe,func@0x14020cfb0,[Unknown],0x14020cfb0
func@0x140247370,0.005000,0.005000,0.0,0.0,0,26.7,26.7,,ntoskrnl.exe,func@0x140247370,[Unknown],0x140247370
func@0x1402479a0,0.005000,0.005000,0.0,0.0,11980000,5.7,5.7,3.500000,ntoskrnl.exe,func@0x1402479a0,[Unknown],0x1402479a0
func@0x14025ae82,0.005000,0.005000,0.0,0.0,23960000,18.7,18.7,0.750000,ntoskrnl.exe,func@0x14025ae82,[Unknown],0x14025ae82
func@0x140279ba0,0.005000,0.005000,0.0,0.0,0,12.3,12.3,,ntoskrnl.exe,func@0x140279ba0,[Unknown],0x140279ba0
func@0x1402801b0,0.005000,0.005000,0.0,0.0,17970000,,,1.500000,ntoskrnl.exe,func@0x1402801b0,[Unknown],0x1402801b0
func@0x14028b170,0.005000,0.005000,0.0,0.0,23960000,40.0,40.0,0.125000,nvlddmkm.sys,func@0x14028b170,[Unknown],0x14028b170
func@0x1402b7dc0,0.005000,0.005000,0.0,0.0,11980000,23.9,23.9,2.250000,ntoskrnl.exe,func@0x1402b7dc0,[Unknown],0x1402b7dc0
func@0x1403224d0,0.005000,0.005000,0.0,0.0,8985000,0.0,0.0,1.000000,ntoskrnl.exe,func@0x1403224d0,[Unknown],0x1403224d0
func@0x14032be30,0.005000,0.005000,0.0,0.0,23960000,50.0,50.0,0.500000,ntoskrnl.exe,func@0x14032be30,[Unknown],0x14032be30
func@0x140396000,0.005000,0.005000,0.0,0.0,8985000,0.0,0.0,2.000000,nvlddmkm.sys,func@0x140396000,[Unknown],0x140396000
func@0x1403da950,0.005000,0.005000,0.0,0.0,11980000,16.4,16.4,1.250000,ntoskrnl.exe,func@0x1403da950,[Unknown],0x1403da950
func@0x1403f7955,0.005000,0.005000,0.0,0.0,0,17.7,17.7,,ntoskrnl.exe,func@0x1403f7955,[Unknown],0x1403f7955
func@0x1406ac630,0.005000,0.005000,0.0,0.0,0,12.9,12.9,,ntoskrnl.exe,func@0x1406ac630,[Unknown],0x1406ac630
func@0x140da8ef0,0.005000,0.005000,0.0,0.0,0,2.3,2.3,,nvlddmkm.sys,func@0x140da8ef0,[Unknown],0x140da8ef0
func@0x18001cd00,0.005000,0.005000,0.0,0.0,11980000,,,1.250000,ntdll.dll,func@0x18001cd00,[Unknown],0x18001cd00
moveValueGreaterComparator::operator(),0.005000,0.005000,0.0,0.0,53910000,34.7,34.7,0.444444,frankycpp_v1.4.exe,moveValueGreaterComparator::operator(),move.h,0x14021cf40
operator&,0.005000,0.005000,0.0,0.0,41930000,,,0.357143,frankycpp_v1.4.exe,operator&,bitboard.h,0x140239774
operator&,0.005000,0.005000,0.0,0.0,53910000,29.6,29.6,0.666667,frankycpp_v1.4.exe,operator&,bitboard.h,0x140240975
operator&,0.005000,0.005000,0.0,0.0,41930000,76.6,76.6,0.214286,frankycpp_v1.4.exe,operator&,bitboard.h,0x140239725
operator&,0.005000,0.005000,0.0,0.0,83860000,85.7,85.7,0.285714,frankycpp_v1.4.exe,operator&,bitboard.h,0x14023972f
operator+,0.005000,0.005000,0.0,0.0,5990000,,,7.000000,frankycpp_v1.4.exe,operator+,depth.h,0x140209fb9
operator-,0.005000,0.005000,0.0,0.0,29950000,49.4,49.4,1.000000,frankycpp_v1.4.exe,operator-,value.h,0x1402411d2
operator-,0.005000,0.005000,0.0,0.0,92845000,35.2,35.2,0.354839,frankycpp_v1.4.exe,operator-,depth.h,0x140209da0
operator-,0.005000,0.005000,0.0,0.0,38935000,31.6,31.6,0.307692,frankycpp_v1.4.exe,operator-,value.h,0x140241155
operator-,0.005000,0.005000,0.0,0.0,74875000,100.0,100.0,0.360000,frankycpp_v1.4.exe,operator-,value.h,0x140209406
operator-=,0.005000,0.005000,0.0,0.0,20965000,64.6,64.6,1.285714,frankycpp_v1.4.exe,operator-=,depth.h,0x140209df5
operator==,0.005000,0.005000,0.0,0.0,20965000,26.7,26.7,0.285714,frankycpp_v1.4.exe,operator==,castlingrights.h,0x1402412bd
operator>,0.005000,0.005000,0.0,0.0,56905000,63.1,63.1,0.684211,frankycpp_v1.4.exe,operator>,value.h,0x140209317
operator~,0.005000,0.005000,0.0,0.0,17970000,19.5,19.5,0.500000,frankycpp_v1.4.exe,operator~,color.h,0x140209e7b
"std::array<Bitboard,8>::operator[]",0.005000,0.005000,0.0,0.0,98835000,35.2,35.2,0.484848,frankycpp_v1.4.exe,"std::array<Bitboard,8>::operator[]",array,0x1402409be
"std::array<Value,25>::operator[]",0.005000,0.005000,0.0,0.0,44925000,35.6,35.6,0.466667,frankycpp_v1.4.exe,"std::array<Value,25>::operator[]",array,0x140240aba
std::popcount,0.005000,0.005000,0.0,0.0,74875000,100.0,100.0,0.280000,frankycpp_v1.4.exe,std::popcount,bit,0x1402401db
Color::iterator::operator++,0.004000,0.004000,0.0,0.0,23960000,39.7,39.7,0.625000,frankycpp_v1.4.exe,Color::iterator::operator++,color.h,0x140245754
Direction::pawnPush,0.004000,0.004000,0.0,0.0,23960000,28.3,28.3,0.750000,frankycpp_v1.4.exe,Direction::pawnPush,direction.h,0x140240b3d
KeLowerIrql,0.004000,0.004000,0.0,0.0,17970000,44.0,44.0,1.333333,ntoskrnl.exe,KeLowerIrql,[Unknown],0x1403f7790
Move::to,0.004000,0.004000,0.0,0.0,29950000,55.3,55.3,0.200000,frankycpp_v1.4.exe,Move::to,move.h,0x14020a343
Move::to,0.004000,0.004000,0.0,0.0,44925000,42.2,42.2,0.400000,frankycpp_v1.4.exe,Move::to,move.h,0x140209e8a
Position::clearEnPassant,0.004000,0.004000,0.0,0.0,23960000,58.0,58.0,0.500000,frankycpp_v1.4.exe,Position::clearEnPassant,Position.cpp,0x140239424
Position::isCapturingMove,0.004000,0.004000,0.0,0.0,77870000,33.6,33.6,0.500000,frankycpp_v1.4.exe,Position::isCapturingMove,Position.h,0x14020ae42
RtlAllocateHeap,0.004000,0.004000,0.0,0.0,14975000,66.7,66.7,0.600000,ntdll.dll,RtlAllocateHeap,[Unknown],0x18001c1d0
boost::archive::detail::basic_iarchive::load_object,0.004000,0.004000,0.0,0.0,47920000,31.6,31.6,0.125000,frankycpp_v1.4.exe,"boost::archive::detail::basic_iarchive::load_object(void *,class boost::archive::detail::basic_iserializer const &)",basic_iarchive.cpp,0x140282dc0
boost::serialization::extended_type_info::operator<,0.004000,0.004000,0.0,0.0,62895000,24.1,24.1,0.380952,frankycpp_v1.4.exe,boost::serialization::extended_type_info::operator<(class boost::serialization::extended_type_info const &),extended_type_info.cpp,0x14028e050
from_le_u16,0.004000,0.004000,0.0,0.0,11980000,43.5,43.5,0.750000,frankycpp_v1.4.exe,from_le_u16(unsigned short),tbprobe.c,0x140277c20
func@0x140002700,0.004000,0.004000,0.0,0.0,0,0.0,0.0,,intelppm.sys,func@0x140002700,[Unknown],0x140002700
func@0x140025820,0.004000,0.004000,0.0,0.0,11980000,6.7,6.7,1.000000,usbxhci.sys,func@0x140025820,[Unknown],0x140025820
func@0x14002a240,0.004000,0.004000,0.0,0.0,14975000,46.7,46.7,1.000000,dxgmms2.sys,func@0x14002a240,[Unknown],0x14002a240
func@0x14023e9e0,0.004000,0.004000,0.0,0.0,5990000,8.5,8.5,2.500000,ntoskrnl.exe,func@0x14023e9e0,[Unknown],0x14023e9e0
func@0x1402467e4,0.004000,0.004000,0.0,0.0,23960000,24.6,24.6,0.375000,ntoskrnl.exe,func@0x1402467e4,[Unknown],0x1402467e4
func@0x140248843,0.004000,0.004000,0.0,0.0,2995000,13.4,13.4,3.000000,ntoskrnl.exe,func@0x140248843,[Unknown],0x140248843
func@0x140295620,0.004000,0.004000,0.0,0.0,0,5.2,5.2,,ntoskrnl.exe,func@0x140295620,[Unknown],0x140295620
func@0x140295b06,0.004000,0.004000,0.0,0.0,0,0.0,0.0,,ntoskrnl.exe,func@0x140295b06,[Unknown],0x140295b06
func@0x1402e5682,0.004000,0.004000,0.0,0.0,17970000,,,0.500000,ntoskrnl.exe,func@0x1402e5682,[Unknown],0x1402e5682
func@0x1402fece0,0.004000,0.004000,0.0,0.0,0,1.9,1.9,,ntoskrnl.exe,func@0x1402fece0,[Unknown],0x1402fece0
func@0x14030fc80,0.004000,0.004000,0.0,0.0,38935000,36.9,36.9,0.692308,ntoskrnl.exe,func@0x14030fc80,[Unknown],0x14030fc80
func@0x140366840,0.004000,0.004000,0.0,0.0,0,,,,ntoskrnl.exe,func@0x140366840,[Unknown],0x140366840
func@0x1404e9450,0.004000,0.004000,0.0,0.0,8985000,63.2,63.2,0.666667,ntoskrnl.exe,func@0x1404e9450,[Unknown],0x1404e9450
func@0x1404e9559,0.004000,0.004000,0.0,0.0,8985000,13.7,13.7,1.666667,ntoskrnl.exe,func@0x1404e9559,[Unknown],0x1404e9559
func@0x1405e06b0,0.004000,0.004000,0.0,0.0,2995000,,,0.0,ntoskrnl.exe,func@0x1405e06b0,[Unknown],0x1405e06b0
func@0x140864ca0,0.004000,0.004000,0.0,0.0,17970000,50.0,50.0,0.166667,ntoskrnl.exe,func@0x140864ca0,[Unknown],0x140864ca0
func@0x140d3e880,0.004000,0.004000,0.0,0.0,2995000,20.0,20.0,2.000000,nvlddmkm.sys,func@0x140d3e880,[Unknown],0x140d3e880
func@0x140dc295f,0.004000,0.004000,0.0,0.0,8985000,9.1,9.1,0.0,nvlddmkm.sys,func@0x140dc295f,[Unknown],0x140dc295f
func@0x18002d8b0,0.004000,0.004000,0.0,0.0,11980000,,,1.000000,cng.sys,func@0x18002d8b0,[Unknown],0x18002d8b0
operator&,0.004000,0.004000,0.0,0.0,56905000,75.1,75.1,0.736842,frankycpp_v1.4.exe,operator&,bitboard.h,0x1402409db
operator&,0.004000,0.004000,0.0,0.0,23960000,,,0.125000,frankycpp_v1.4.exe,operator&,bitboard.h,0x1402409a2
operator*,0.004000,0.004000,0.0,0.0,47920000,52.8,52.8,0.625000,frankycpp_v1.4.exe,operator*,direction.h,0x140240a78
operator+,0.004000,0.004000,0.0,0.0,20965000,,,0.857143,frankycpp_v1.4.exe,operator+,castlingrights.h,0x140238f48
operator-,0.004000,0.004000,0.0,0.0,8985000,59.3,59.3,0.333333,frankycpp_v1.4.exe,operator-,value.h,0x14020956f
operator~,0.004000,0.004000,0.0,0.0,20965000,,,1.000000,frankycpp_v1.4.exe,operator~,color.h,0x14023975e
operator~,0.004000,0.004000,0.0,0.0,56905000,35.9,35.9,0.473684,frankycpp_v1.4.exe,operator~,color.h,0x140240fc7
"std::_Copy_memmove<Move *,Move *>",0.004000,0.004000,0.0,0.0,8985000,0.0,0.0,2.000000,frankycpp_v1.4.exe,"std::_Copy_memmove<Move *,Move *>(class Move *, class Move *, class Move *)",xutility,0x14021dbf0
std::_Copy_memmove_tail<Move *>,0.004000,0.004000,0.0,0.0,8985000,7.5,7.5,2.000000,frankycpp_v1.4.exe,"std::_Copy_memmove_tail<Move *>(const char *, class Move *, const unsigned __int64, const unsigned __int64)",xutility,0x14021dea0
std::_Static_partition_team<__int64>::_Get_next_key,0.004000,0.004000,0.0,0.0,2995000,1.7,1.7,15.000000,frankycpp_v1.4.exe,std::_Static_partition_team<__int64>::_Get_next_key,execution,0x140244880
"std::array<Value,25>::operator[]",0.004000,0.004000,0.0,0.0,32945000,,,0.272727,frankycpp_v1.4.exe,"std::array<Value,25>::operator[]",array,0x1402411b2
Bitboard::operator|=,0.003000,0.003000,0.0,0.0,23960000,100.0,100.0,0.875000,frankycpp_v1.4.exe,Bitboard::operator|=,bitboard.h,0x14024565f
Color::iterator::{ctor},0.003000,0.003000,0.0,0.0,11980000,,,0.250000,frankycpp_v1.4.exe,Color::iterator::{ctor},color.h,0x1402454f8
Direction::pawnPush,0.003000,0.003000,0.0,0.0,47920000,51.9,51.9,0.562500,frankycpp_v1.4.exe,Direction::pawnPush,direction.h,0x140240933
EntropyProvideData,0.003000,0.003000,0.0,0.0,0,0.0,0.0,0.0,cng.sys,EntropyProvideData,[Unknown],0x18002cff0
KeAndAffinityEx2,0.003000,0.003000,0.0,0.0,32945000,20.0,20.0,0.545455,ntoskrnl.exe,KeAndAffinityEx2,[Unknown],0x140312c00
KeGetCurrentIrql,0.003000,0.003000,0.0,0.0,8985000,,,1.666667,ntoskrnl.exe,KeGetCurrentIrql,[Unknown],0x1404169a0
KeReleaseSpinLock,0.003000,0.003000,0.0,0.0,8985000,15.9,15.9,3.000000,ntoskrnl.exe,KeReleaseSpinLock,[Unknown],0x1402da360
Move::encode,0.003000,0.003000,0.0,0.0,14975000,,,0.400000,frankycpp_v1.4.exe,Move::encode,move.h,0x1402408d2
Move::encode,0.003000,0.003000,0.0,0.0,5990000,,,0.500000,frankycpp_v1.4.exe,Move::encode,move.h,0x1402404ae
Move::operator==,0.003000,0.003000,0.0,0.0,26955000,12.3,12.3,0.777778,frankycpp_v1.4.exe,Move::operator==,PVTable.h,0x140209e65
Move::operator==,0.003000,0.003000,0.0,0.0,17970000,7.4,7.4,0.666667,frankycpp_v1.4.exe,Move::operator==,PVTable.h,0x1401fdeb3
Move::type,0.003000,0.003000,0.0,0.0,47920000,38.1,38.1,0.187500,frankycpp_v1.4.exe,Move::type,move.h,0x140209ea3
Move::{ctor},0.003000,0.003000,0.0,0.0,44925000,53.9,53.9,0.400000,frankycpp_v1.4.exe,Move::{ctor},move.h,0x140240ab4
Position::getNextPlayer,0.003000,0.003000,0.0,0.0,14975000,57.9,57.9,0.600000,frankycpp_v1.4.exe,Position::getNextPlayer,Position.h,0x1402401ba
RtlNumberOfSetBitsEx,0.003000,0.003000,0.0,0.0,14975000,17.5,17.5,1.000000,ntoskrnl.exe,RtlNumberOfSetBitsEx,[Unknown],0x140411e70
Search::thread,0.003000,0.003000,0.0,0.0,32945000,20.6,20.6,0.363636,frankycpp_v1.4.exe,Search::thread,Search.h,0x140209170
Square::pawnPush,0.003000,0.003000,0.0,0.0,2995000,,,3.000000,frankycpp_v1.4.exe,Square::pawnPush,square.h,0x140238ec1
StaticMoveList<256>::push_back,0.003000,0.003000,0.0,0.0,2995000,13.4,13.4,2.000000,frankycpp_v1.4.exe,StaticMoveList<256>::push_back,staticmovelist.h,0x1402412d2
StaticMoveList<256>::push_back,0.003000,0.003000,0.0,0.0,2995000,21.1,21.1,2.000000,frankycpp_v1.4.exe,StaticMoveList<256>::push_back,staticmovelist.h,0x14024049c
StaticMoveList<256>::push_back,0.003000,0.003000,0.0,0.0,35940000,15.6,15.6,0.583333,frankycpp_v1.4.exe,StaticMoveList<256>::push_back,staticmovelist.h,0x1402408b8
StaticMoveList<256>::push_back,0.003000,0.003000,0.0,0.0,2995000,2.9,2.9,5.000000,frankycpp_v1.4.exe,StaticMoveList<256>::push_back,staticmovelist.h,0x1402407d2
StaticMoveList<256>::push_back,0.003000,0.003000,0.0,0.0,2995000,,,1.000000,frankycpp_v1.4.exe,StaticMoveList<256>::push_back,staticmovelist.h,0x1402412a3
Value::{ctor},0.003000,0.003000,0.0,0.0,50915000,51.9,51.9,0.352941,frankycpp_v1.4.exe,Value::{ctor},value.h,0x1402092c6
boost::archive::detail::basic_serializer::operator<,0.003000,0.003000,0.0,0.0,59900000,,,0.200000,frankycpp_v1.4.exe,boost::archive::detail::basic_serializer::operator<,basic_serializer.hpp,0x140283653
free,0.003000,0.003000,0.0,0.0,0,13.4,13.4,,ucrtbase.dll,free,[Unknown],0x180015de0
func@0x140010528,0.003000,0.003000,0.0,0.0,0,0.0,0.0,,usbxhci.sys,func@0x140010528,[Unknown],0x140010528
func@0x140013c80,0.003000,0.003000,0.0,0.0,0,5.9,5.9,,dxgmms2.sys,func@0x140013c80,[Unknown],0x140013c80
func@0x140049abf,0.003000,0.003000,0.0,0.0,0,0.0,0.0,,e2fn.sys,func@0x140049abf,[Unknown],0x140049abf
func@0x140067c00,0.003000,0.003000,0.0,0.0,0,0.0,0.0,,e2fn.sys,func@0x140067c00,[Unknown],0x140067c00
func@0x140115cff,0.003000,0.003000,0.0,0.0,5990000,0.0,0.0,0.500000,nvlddmkm.sys,func@0x140115cff,[Unknown],0x140115cff
func@0x140216fa0,0.003000,0.003000,0.0,0.0,17970000,18.6,18.6,0.500000,ntoskrnl.exe,func@0x140216fa0,[Unknown],0x140216fa0
func@0x140245000,0.003000,0.003000,0.0,0.0,8985000,17.8,17.8,1.000000,ntoskrnl.exe,func@0x140245000,[Unknown],0x140245000
func@0x140246bc0,0.003000,0.003000,0.0,0.0,11980000,14.1,14.1,1.250000,ntoskrnl.exe,func@0x140246bc0,[Unknown],0x140246bc0
func@0x140248690,0.003000,0.003000,0.0,0.0,5990000,,,3.500000,ntoskrnl.exe,func@0x140248690,[Unknown],0x140248690
func@0x140252210,0.003000,0.003000,0.0,0.0,0,14.3,14.3,,ntoskrnl.exe,func@0x140252210,[Unknown],0x140252210
func@0x140277f7d,0.003000,0.003000,0.0,0.0,2995000,17.4,17.4,9.000000,ntoskrnl.exe,func@0x140277f7d,[Unknown],0x140277f7d
func@0x140278500,0.003000,0.003000,0.0,0.0,14975000,,,0.0,ntoskrnl.exe,func@0x140278500,[Unknown],0x140278500
func@0x14027a590,0.003000,0.003000,0.0,0.0,0,26.1,26.1,,ntoskrnl.exe,func@0x14027a590,[Unknown],0x14027a590
func@0x1402b4da2,0.003000,0.003000,0.0,0.0,0,12.5,12.5,,ntoskrnl.exe,func@0x1402b4da2,[Unknown],0x1402b4da2
func@0x140313da0,0.003000,0.003000,0.0,0.0,2995000,66.8,66.8,1.000000,ntoskrnl.exe,func@0x140313da0,[Unknown],0x140313da0
func@0x14031aea0,0.003000,0.003000,0.0,0.0,0,,,,ntoskrnl.exe,func@0x14031aea0,[Unknown],0x14031aea0
func@0x1403676d8,0.003000,0.003000,0.0,0.0,5990000,,,4.000000,ntoskrnl.exe,func@0x1403676d8,[Unknown],0x1403676d8
func@0x1403bbe80,0.003000,0.003000,0.0,0.0,0,0.0,0.0,,nvlddmkm.sys,func@0x1403bbe80,[Unknown],0x1403bbe80
func@0x1404233e2,0.003000,0.003000,0.0,0.0,2995000,52.2,52.2,3.000000,ntoskrnl.exe,func@0x1404233e2,[Unknown],0x1404233e2
func@0x140448d30,0.003000,0.003000,0.0,0.0,5990000,,,0.0,ntoskrnl.exe,func@0x140448d30,[Unknown],0x140448d30
func@0x1406a52a0,0.003000,0.003000,0.0,0.0,11980000,30.2,30.2,1.500000,ntoskrnl.exe,func@0x1406a52a0,[Unknown],0x1406a52a0
func@0x1406b0bb0,0.003000,0.003000,0.0,0.0,2995000,0.0,0.0,3.000000,ntoskrnl.exe,func@0x1406b0bb0,[Unknown],0x1406b0bb0
func@0x140849cc0,0.003000,0.003000,0.0,0.0,2995000,15.4,15.4,3.000000,ntoskrnl.exe,func@0x140849cc0,[Unknown],0x140849cc0
func@0x140da2c40,0.003000,0.003000,0.0,0.0,0,14.3,14.3,,nvlddmkm.sys,func@0x140da2c40,[Unknown],0x140da2c40
func@0x140dcbe50,0.003000,0.003000,0.0,0.0,0,0.0,0.0,0.0,nvlddmkm.sys,func@0x140dcbe50,[Unknown],0x140dcbe50
func@0x180077168,0.003000,0.003000,0.0,0.0,0,0.0,0.0,,ntdll.dll,func@0x180077168,[Unknown],0x180077168
func@0x1800cfb90,0.003000,0.003000,0.0,0.0,26955000,26.3,26.3,1.000000,ntdll.dll,func@0x1800cfb90,[Unknown],0x1800cfb90
log,0.003000,0.003000,0.0,0.0,32945000,56.6,56.6,0.818182,ucrtbase.dll,log,[Unknown],0x1800a84b0
moveValueGreaterComparator::operator(),0.003000,0.003000,0.0,0.0,23960000,56.2,56.2,0.500000,frankycpp_v1.4.exe,moveValueGreaterComparator::operator(),move.h,0x14021b129
operator+,0.003000,0.003000,0.0,0.0,26955000,100.0,100.0,0.222222,frankycpp_v1.4.exe,operator+,direction.h,0x140240add
operator+,0.003000,0.003000,0.0,0.0,14975000,13.5,13.5,1.800000,frankycpp_v1.4.exe,operator+,depth.h,0x14020a0ff
operator+,0.003000,0.003000,0.0,0.0,50915000,100.0,100.0,0.411765,frankycpp_v1.4.exe,operator+,value.h,0x140209419
operator+,0.003000,0.003000,0.0,0.0,17970000,42.2,42.2,0.500000,frankycpp_v1.4.exe,operator+,direction.h,0x1402406d3
operator-,0.003000,0.003000,0.0,0.0,2995000,23.0,23.0,3.000000,frankycpp_v1.4.exe,operator-,value.h,0x14020a102
operator~,0.003000,0.003000,0.0,0.0,77870000,38.3,38.3,0.576923,frankycpp_v1.4.exe,operator~,color.h,0x14024101d
operator~,0.003000,0.003000,0.0,0.0,17970000,,,0.166667,frankycpp_v1.4.exe,operator~,color.h,0x140245529
operator~,0.003000,0.003000,0.0,0.0,20965000,,,0.571429,frankycpp_v1.4.exe,operator~,color.h,0x14023fca4
probe_table,0.003000,0.003000,0.0,0.0,8985000,22.6,22.6,1.333333,frankycpp_v1.4.exe,"probe_table(const struct Pos *, int, int *, const int)",tbprobe.c,0x14027e3e0
"std::_List_node<std::pair<unsigned __int64 const ,BookEntry>,void *>::_Freenode",0.003000,0.003000,0.0,0.0,8985000,4.4,4.4,3.000000,frankycpp_v1.4.exe,"std::_List_node<std::pair<unsigned __int64 const ,BookEntry>,void *>::_Freenode",list,0x14021a923
std::_Static_partition_team<__int64>::_Get_next_key,0.003000,0.003000,0.0,0.0,0,0.0,0.0,0.0,frankycpp_v1.4.exe,std::_Static_partition_team<__int64>::_Get_next_key,execution,0x1402481d0
"std::array<HistoryState,512>::operator[]",0.003000,0.003000,0.0,0.0,14975000,26.7,26.7,0.400000,frankycpp_v1.4.exe,"std::array<HistoryState,512>::operator[]",array,0x1402393d7
"std::basic_filebuf<char,struct std::char_traits<char> >::xsgetn",0.003000,0.003000,0.0,0.0,50915000,34.5,34.5,0.352941,frankycpp_v1.4.exe,"std::basic_filebuf<char,struct std::char_traits<char> >::xsgetn(char * __ptr64,__int64)",__msvc_filebuf.hpp,0x14011aaf0
"std::basic_streambuf<char,struct std::char_traits<char> >::sgetn",0.003000,0.003000,0.0,0.0,14975000,66.7,66.7,0.0,msvcp140.dll,"std::basic_streambuf<char,struct std::char_traits<char> >::sgetn(char * __ptr64,__int64)",[Unknown],0x180009110
std::countr_zero,0.003000,0.003000,0.0,0.0,44925000,34.2,34.2,0.666667,frankycpp_v1.4.exe,std::countr_zero,bit,0x140240ff0
std::min,0.003000,0.003000,0.0,0.0,17970000,22.2,22.2,0.833333,frankycpp_v1.4.exe,std::min,utility,0x140208d4f
std::popcount,0.003000,0.003000,0.0,0.0,17970000,44.8,44.8,1.000000,frankycpp_v1.4.exe,std::popcount,bit,0x140245693
typeOf,0.003000,0.003000,0.0,0.0,23960000,,,1.125000,frankycpp_v1.4.exe,typeOf,piece.h,0x140241050
Atomic_load8,0.002000,0.002000,0.0,0.0,0,50.0,50.0,,frankycpp_v1.4.exe,Atomic_load8,vcruntime_c11_atomic_support.h,0x14027e4d9
Bitboard::popLSB,0.002000,0.002000,0.0,0.0,26955000,51.5,51.5,0.555556,frankycpp_v1.4.exe,Bitboard::popLSB,bitboard.h,0x140240b52
Bitboard::popLSB,0.002000,0.002000,0.0,0.0,29950000,39.4,39.4,0.400000,frankycpp_v1.4.exe,Bitboard::popLSB,bitboard.h,0x140240593
CastlingRights::isEmpty,0.002000,0.002000,0.0,0.0,11980000,0.0,0.0,0.750000,frankycpp_v1.4.exe,CastlingRights::isEmpty,castlingrights.h,0x140238f37
ColorOfPiece,0.002000,0.002000,0.0,0.0,0,0.0,0.0,0.0,frankycpp_v1.4.exe,ColorOfPiece,tbchess.c,0x14027e820
ExAcquireRundownProtectionCacheAwareEx,0.002000,0.002000,0.0,0.0,2995000,14.8,14.8,2.000000,ntoskrnl.exe,ExAcquireRundownProtectionCacheAwareEx,[Unknown],0x140406920
ExCleanupRundownProtectionCacheAware,0.002000,0.002000,0.0,0.0,2995000,0.0,0.0,3.000000,ntoskrnl.exe,ExCleanupRundownProtectionCacheAware,[Unknown],0x1404962d0
IoFreeMdl,0.002000,0.002000,0.0,0.0,0,0.0,0.0,0.0,ntoskrnl.exe,IoFreeMdl,[Unknown],0x14028ab60
KeEnumerateNextProcessor,0.002000,0.002000,0.0,0.0,23960000,53.0,53.0,0.250000,ntoskrnl.exe,KeEnumerateNextProcessor,[Unknown],0x140407170
KeInsertQueueDpc,0.002000,0.002000,0.0,0.0,0,0.0,0.0,0.0,ntoskrnl.exe,KeInsertQueueDpc,[Unknown],0x140277700
KeQueryPerformanceCounter,0.002000,0.002000,0.0,0.0,2995000,0.0,0.0,4.000000,ntoskrnl.exe,KeQueryPerformanceCounter,[Unknown],0x140362400
KeRemoveQueueEx,0.002000,0.002000,0.0,0.0,0,0.0,0.0,,ntoskrnl.exe,KeRemoveQueueEx,[Unknown],0x1402501d0
Move::operator==,0.002000,0.002000,0.0,0.0,2995000,,,1.000000,frankycpp_v1.4.exe,Move::operator==,PVTable.h,0x1401fdee5
MoveGenerator::resetOnDemand,0.002000,0.002000,0.0,0.0,0,0.0,0.0,0.0,frankycpp_v1.4.exe,MoveGenerator::resetOnDemand,MoveGenerator.h,0x140203020
Position::clearEnPassant,0.002000,0.002000,0.0,0.0,26955000,,,0.444444,frankycpp_v1.4.exe,Position::clearEnPassant,Position.cpp,0x140238e5f
Position::getMaterialNonPawn,0.002000,0.002000,0.0,0.0,26955000,,,0.222222,frankycpp_v1.4.exe,Position::getMaterialNonPawn,Position.h,0x14020943a
Position::isCapturingMove,0.002000,0.002000,0.0,0.0,17970000,84.6,84.6,0.500000,frankycpp_v1.4.exe,Position::isCapturingMove,Position.h,0x140209e7b
RtlFlsGetValue,0.002000,0.002000,0.0,0.0,2995000,0.0,0.0,0.0,ntdll.dll,RtlFlsGetValue,[Unknown],0x1800dc3e0
Search::helperRun,0.002000,0.002000,0.0,0.0,5990000,6.9,6.9,2.000000,frankycpp_v1.4.exe,Search::helperRun(struct SearchThreadData &),Search.cpp,0x140204c60
SearchThreadData::lmr_reduction_log,0.002000,0.002000,0.0,0.0,20965000,64.6,64.6,0.285714,frankycpp_v1.4.exe,SearchThreadData::lmr_reduction_log,SearchThreadData.h,0x1401ff9a6
StaticMoveList<256>::push_back,0.002000,0.002000,0.0,0.0,17970000,26.0,26.0,0.666667,frankycpp_v1.4.exe,StaticMoveList<256>::push_back,staticmovelist.h,0x14024046f
StaticMoveList<256>::push_back,0.002000,0.002000,0.0,0.0,0,,,,frankycpp_v1.4.exe,StaticMoveList<256>::push_back,staticmovelist.h,0x140241273
Value::operator int,0.002000,0.002000,0.0,0.0,2995000,0.0,0.0,3.000000,frankycpp_v1.4.exe,Value::operator int,value.h,0x140208e3a
Value::{ctor},0.002000,0.002000,0.0,0.0,26955000,30.8,30.8,0.111111,frankycpp_v1.4.exe,Value::{ctor},value.h,0x1402092f0
[Import thunk memcpy],0.002000,0.002000,0.0,0.0,14975000,15.6,15.6,1.400000,frankycpp_v1.4.exe,[Import thunk memcpy],[Unknown],0x1405efa1c
[Outside any known module],0.002000,0.002000,0.0,0.0,0,4.0,4.0,,[Unknown],[Outside any known module],[Unknown],0x0
"boost::archive::basic_binary_iprimitive<class boost::archive::binary_iarchive,char,struct std::char_traits<char> >::load_binary",0.002000,0.002000,0.0,0.0,14975000,,,0.0,frankycpp_v1.4.exe,"boost::archive::basic_binary_iprimitive<class boost::archive::binary_iarchive,char,struct std::char_traits<char> >::load_binary(void *,unsigned __int64)",basic_binary_iprimitive.hpp,0x14025f050
boost::archive::detail::basic_iarchive_impl::load_preamble,0.002000,0.002000,0.0,0.0,20965000,12.8,12.8,0.428571,frankycpp_v1.4.exe,"boost::archive::detail::basic_iarchive_impl::load_preamble(class boost::archive::detail::basic_iarchive &,class boost::archive::detail::basic_iarchive_impl::cobject_id &)",basic_iarchive.cpp,0x140283440
"boost::serialization::load<class boost::archive::binary_iarchive,unsigned __int64>",0.002000,0.002000,0.0,0.0,0,100.0,100.0,0.0,frankycpp_v1.4.exe,"boost::serialization::load<class boost::archive::binary_iarchive,unsigned __int64>(class boost::archive::binary_iarchive &,class boost::serialization::nvp<unsigned __int64> &,unsigned int)",nvp.hpp,0x140265a20
func@0x140002700,0.002000,0.002000,0.0,0.0,2995000,50.0,50.0,4.000000,usbxhci.sys,func@0x140002700,[Unknown],0x140002700
func@0x140005ee0,0.002000,0.002000,0.0,0.0,0,0.0,0.0,,usbxhci.sys,func@0x140005ee0,[Unknown],0x140005ee0
func@0x140015d90,0.002000,0.002000,0.0,0.0,0,0.0,0.0,,dxgmms2.sys,func@0x140015d90,[Unknown],0x140015d90
func@0x14001aa50,0.002000,0.002000,0.0,0.0,2995000,20.0,20.0,2.000000,usbxhci.sys,func@0x14001aa50,[Unknown],0x14001aa50
func@0x14001fabf,0.002000,0.002000,0.0,0.0,0,0.0,0.0,0.0,nvlddmkm.sys,func@0x14001fabf,[Unknown],0x14001fabf
func@0x14001fcfc,0.002000,0.002000,0.0,0.0,0,0.0,0.0,0.0,netadaptercx.sys,func@0x14001fcfc,[Unknown],0x14001fcfc
func@0x140029970,0.002000,0.002000,0.0,0.0,2995000,30.0,30.0,3.000000,dxgmms2.sys,func@0x140029970,[Unknown],0x140029970
func@0x1400f7490,0.002000,0.002000,0.0,0.0,0,0.0,0.0,0.0,nvlddmkm.sys,func@0x1400f7490,[Unknown],0x1400f7490
func@0x140115380,0.002000,0.002000,0.0,0.0,2995000,0.0,0.0,1.000000,nvlddmkm.sys,func@0x140115380,[Unknown],0x140115380
func@0x140119f50,0.002000,0.002000,0.0,0.0,2995000,0.0,0.0,0.0,nvlddmkm.sys,func@0x140119f50,[Unknown],0x140119f50
func@0x140140da0,0.002000,0.002000,0.0,0.0,0,0.0,0.0,0.0,nvlddmkm.sys,func@0x140140da0,[Unknown],0x140140da0
func@0x140162fb0,0.002000,0.002000,0.0,0.0,29950000,100.0,100.0,0.500000,nvlddmkm.sys,func@0x140162fb0,[Unknown],0x140162fb0
func@0x1401a63c0,0.002000,0.002000,0.0,0.0,0,0.0,0.0,0.0,ntfs.sys,func@0x1401a63c0,[Unknown],0x1401a63c0
func@0x14020ed68,0.002000,0.002000,0.0,0.0,0,,,0.0,ntoskrnl.exe,func@0x14020ed68,[Unknown],0x14020ed68
func@0x140212a50,0.002000,0.002000,0.0,0.0,32945000,,,0.181818,ntoskrnl.exe,func@0x140212a50,[Unknown],0x140212a50
func@0x140216c10,0.002000,0.002000,0.0,0.0,0,0.0,0.0,,ntoskrnl.exe,func@0x140216c10,[Unknown],0x140216c10
func@0x140233b80,0.002000,0.002000,0.0,0.0,14975000,11.4,11.4,1.000000,ntoskrnl.exe,func@0x140233b80,[Unknown],0x140233b80
func@0x140235070,0.002000,0.002000,0.0,0.0,5990000,0.0,0.0,0.500000,ntoskrnl.exe,func@0x140235070,[Unknown],0x140235070
func@0x1402450c0,0.002000,0.002000,0.0,0.0,2995000,,,0.0,ntoskrnl.exe,func@0x1402450c0,[Unknown],0x1402450c0
func@0x140249380,0.002000,0.002000,0.0,0.0,0,0.0,0.0,0.0,ntoskrnl.exe,func@0x140249380,[Unknown],0x140249380
func@0x1402498c0,0.002000,0.002000,0.0,0.0,0,0.0,0.0,0.0,ntoskrnl.exe,func@0x1402498c0,[Unknown],0x1402498c0
func@0x14026d9c0,0.002000,0.002000,0.0,0.0,0,0.0,0.0,,nvlddmkm.sys,func@0x14026d9c0,[Unknown],0x14026d9c0
func@0x14027509b,0.002000,0.002000,0.0,0.0,0,0.0,0.0,,ntoskrnl.exe,func@0x14027509b,[Unknown],0x14027509b
func@0x140297300,0.002000,0.002000,0.0,0.0,5990000,0.0,0.0,0.0,ntoskrnl.exe,func@0x140297300,[Unknown],0x140297300
func@0x1402a8b00,0.002000,0.002000,0.0,0.0,20965000,,,0.142857,ntoskrnl.exe,func@0x1402a8b00,[Unknown],0x1402a8b00
func@0x1402abdb0,0.002000,0.002000,0.0,0.0,14975000,3.6,3.6,1.000000,ntoskrnl.exe,func@0x1402abdb0,[Unknown],0x1402abdb0
func@0x1402bfac0,0.002000,0.002000,0.0,0.0,0,10.7,10.7,,ntoskrnl.exe,func@0x1402bfac0,[Unknown],0x1402bfac0
func@0x1402e4480,0.002000,0.002000,0.0,0.0,0,0.0,0.0,,ntoskrnl.exe,func@0x1402e4480,[Unknown],0x1402e4480
func@0x1402e8570,0.002000,0.002000,0.0,0.0,2995000,0.0,0.0,0.0,ntoskrnl.exe,func@0x1402e8570,[Unknown],0x1402e8570
func@0x140301290,0.002000,0.002000,0.0,0.0,0,0.0,0.0,0.0,nvlddmkm.sys,func@0x140301290,[Unknown],0x140301290
func@0x140301cdb,0.002000,0.002000,0.0,0.0,2995000,,,4.000000,ntoskrnl.exe,func@0x140301cdb,[Unknown],0x140301cdb
func@0x140303cc0,0.002000,0.002000,0.0,0.0,0,,,0.0,ntoskrnl.exe,func@0x140303cc0,[Unknown],0x140303cc0
func@0x1403311d0,0.002000,0.002000,0.0,0.0,2995000,0.0,0.0,3.000000,ntoskrnl.exe,func@0x1403311d0,[Unknown],0x1403311d0
func@0x140364160,0.002000,0.002000,0.0,0.0,2995000,0.0,0.0,1.000000,ntoskrnl.exe,func@0x140364160,[Unknown],0x140364160
func@0x140364c30,0.002000,0.002000,0.0,0.0,0,0.0,0.0,,ntoskrnl.exe,func@0x140364c30,[Unknown],0x140364c30
func@0x1403acd4b,0.002000,0.002000,0.0,0.0,11980000,14.1,14.1,0.750000,ntoskrnl.exe,func@0x1403acd4b,[Unknown],0x1403acd4b
func@0x1403dab00,0.002000,0.002000,0.0,0.0,5990000,6.7,6.7,2.000000,ntoskrnl.exe,func@0x1403dab00,[Unknown],0x1403dab00
func@0x1403e7ad0,0.002000,0.002000,0.0,0.0,0,,,0.0,ntoskrnl.exe,func@0x1403e7ad0,[Unknown],0x1403e7ad0
func@0x1403ef7bc,0.002000,0.002000,0.0,0.0,0,0.0,0.0,,ntoskrnl.exe,func@0x1403ef7bc,[Unknown],0x1403ef7bc
func@0x1404112c0,0.002000,0.002000,0.0,0.0,0,0.0,0.0,,ntoskrnl.exe,func@0x1404112c0,[Unknown],0x1404112c0
func@0x140424238,0.002000,0.002000,0.0,0.0,2995000,5.2,5.2,5.000000,ntoskrnl.exe,func@0x140424238,[Unknown],0x140424238
func@0x1404e9290,0.002000,0.002000,0.0,0.0,11980000,41.2,41.2,1.500000,ntoskrnl.exe,func@0x1404e9290,[Unknown],0x1404e9290
func@0x1404e94d0,0.002000,0.002000,0.0,0.0,5990000,23.6,23.6,2.500000,ntoskrnl.exe,func@0x1404e94d0,[Unknown],0x1404e94d0
func@0x14070d53f,0.002000,0.002000,0.0,0.0,0,0.0,0.0,0.0,nvlddmkm.sys,func@0x14070d53f,[Unknown],0x14070d53f
func@0x14084a480,0.002000,0.002000,0.0,0.0,0,0.0,0.0,0.0,ntoskrnl.exe,func@0x14084a480,[Unknown],0x14084a480
func@0x1408650b0,0.002000,0.002000,0.0,0.0,0,,,,ntoskrnl.exe,func@0x1408650b0,[Unknown],0x1408650b0
func@0x140a07e60,0.002000,0.002000,0.0,0.0,0,0.0,0.0,0.0,nvlddmkm.sys,func@0x140a07e60,[Unknown],0x140a07e60
func@0x140d3e8e0,0.002000,0.002000,0.0,0.0,5990000,20.0,20.0,1.500000,nvlddmkm.sys,func@0x140d3e8e0,[Unknown],0x140d3e8e0
func@0x140e1e1f0,0.002000,0.002000,0.0,0.0,0,,,,nvlddmkm.sys,func@0x140e1e1f0,[Unknown],0x140e1e1f0
func@0x180008044,0.002000,0.002000,0.0,0.0,0,0.0,0.0,,fltmgr.sys,func@0x180008044,[Unknown],0x180008044
func@0x180010cd0,0.002000,0.002000,0.0,0.0,0,0.0,0.0,,ntdll.dll,func@0x180010cd0,[Unknown],0x180010cd0
func@0x180040190,0.002000,0.002000,0.0,0.0,2995000,0.0,0.0,0.0,ntdll.dll,func@0x180040190,[Unknown],0x180040190
func@0x180074643,0.002000,0.002000,0.0,0.0,2995000,,,1.000000,ntdll.dll,func@0x180074643,[Unknown],0x180074643
func@0x180074d70,0.002000,0.002000,0.0,0.0,0,0.0,0.0,,ntdll.dll,func@0x180074d70,[Unknown],0x180074d70
func@0x1800752c0,0.002000,0.002000,0.0,0.0,5990000,13.4,13.4,1.000000,ntdll.dll,func@0x1800752c0,[Unknown],0x1800752c0
func@0x180075a90,0.002000,0.002000,0.0,0.0,0,8.7,8.7,,ntdll.dll,func@0x180075a90,[Unknown],0x180075a90
func@0x180076aa0,0.002000,0.002000,0.0,0.0,0,,,,ntdll.dll,func@0x180076aa0,[Unknown],0x180076aa0
func@0x180094c9b,0.002000,0.002000,0.0,0.0,0,0.0,0.0,0.0,ntdll.dll,func@0x180094c9b,[Unknown],0x180094c9b
malloc_base,0.002000,0.002000,0.0,0.0,5990000,,,0.0,ucrtbase.dll,malloc_base,[Unknown],0x180010100
operator new,0.002000,0.002000,0.0,0.0,0,,,0.0,frankycpp_v1.4.exe,operator new(unsigned __int64),new_scalar.cpp,0x1405eded0
operator&,0.002000,0.002000,0.0,0.0,17970000,,,0.500000,frankycpp_v1.4.exe,operator&,bitboard.h,0x14020a34a
operator&,0.002000,0.002000,0.0,0.0,41930000,71.8,71.8,0.214286,frankycpp_v1.4.exe,operator&,bitboard.h,0x140239756
operator&,0.002000,0.002000,0.0,0.0,26955000,31.6,31.6,0.555556,frankycpp_v1.4.exe,operator&,bitboard.h,0x140245611
operator+,0.002000,0.002000,0.0,0.0,35940000,74.3,74.3,0.166667,frankycpp_v1.4.exe,operator+,direction.h,0x140240b77
operator++,0.002000,0.002000,0.0,0.0,0,0.0,0.0,,frankycpp_v1.4.exe,operator++,depth.h,0x1402094b1
operator+=,0.002000,0.002000,0.0,0.0,5990000,,,1.500000,frankycpp_v1.4.exe,operator+=,depth.h,0x1402094c6
operator+=,0.002000,0.002000,0.0,0.0,2995000,11.9,11.9,3.000000,frankycpp_v1.4.exe,operator+=,value.h,0x14024581c
operator-,0.002000,0.002000,0.0,0.0,17970000,24.0,24.0,1.166667,frankycpp_v1.4.exe,operator-,value.h,0x1402093a6
operator-=,0.002000,0.002000,0.0,0.0,20965000,,,0.142857,frankycpp_v1.4.exe,operator-=,depth.h,0x140209da0
operator==,0.002000,0.002000,0.0,0.0,14975000,29.7,29.7,0.200000,frankycpp_v1.4.exe,operator==,castlingrights.h,0x140241245
operator==,0.002000,0.002000,0.0,0.0,0,,,,frankycpp_v1.4.exe,operator==,castlingrights.h,0x140241269
operator|,0.002000,0.002000,0.0,0.0,23960000,53.1,53.1,0.625000,frankycpp_v1.4.exe,operator|,bitboard.h,0x140240920
operator|,0.002000,0.002000,0.0,0.0,2995000,17.6,17.6,4.000000,frankycpp_v1.4.exe,operator|,bitboard.h,0x140208f37
operator~,0.002000,0.002000,0.0,0.0,17970000,64.8,64.8,0.333333,frankycpp_v1.4.exe,operator~,color.h,0x14020a33b
probe_wdl,0.002000,0.002000,0.0,0.0,0,,,0.0,frankycpp_v1.4.exe,"probe_wdl(struct Pos *, int *)",tbprobe.c,0x14027eb40
setup_pairs,0.002000,0.002000,0.0,0.0,17970000,20.0,20.0,0.500000,frankycpp_v1.4.exe,"setup_pairs(unsigned char * *, unsigned __int64, unsigned __int64 *, unsigned char *, int)",tbprobe.c,0x14027d5a0
std::_Fnv1a_append_bytes,0.002000,0.002000,0.0,0.0,26955000,51.3,51.3,0.222222,frankycpp_v1.4.exe,std::_Fnv1a_append_bytes,type_traits,0x14025bd90
"std::array<Bitboard,64>::operator[]",0.002000,0.002000,0.0,0.0,35940000,100.0,100.0,0.250000,frankycpp_v1.4.exe,"std::array<Bitboard,64>::operator[]",array,0x1402455de
"std::array<Move,64>::operator[]",0.002000,0.002000,0.0,0.0,44925000,25.1,25.1,0.800000,frankycpp_v1.4.exe,"std::array<Move,64>::operator[]",array,0x14020a3bf
"std::array<Value,25>::operator[]",0.002000,0.002000,0.0,0.0,23960000,33.8,33.8,0.500000,frankycpp_v1.4.exe,"std::array<Value,25>::operator[]",array,0x140241054
"std::array<std::array<Move,64>,64>::operator[]",0.002000,0.002000,0.0,0.0,35940000,,,0.250000,frankycpp_v1.4.exe,"std::array<std::array<Move,64>,64>::operator[]",array,0x14020a3c9
std::popcount,0.002000,0.002000,0.0,0.0,35940000,,,0.083333,frankycpp_v1.4.exe,std::popcount,bit,0x140245688
std::popcount,0.002000,0.002000,0.0,0.0,23960000,100.0,100.0,1.000000,frankycpp_v1.4.exe,std::popcount,bit,0x14024569d
std::ranges::_Move_unchecked,0.002000,0.002000,0.0,0.0,0,,,,frankycpp_v1.4.exe,std::ranges::_Move_unchecked,algorithm,0x14021ceb7
"std::ranges::_Uninitialized_move_unchecked<Move *,Move *,Move *,Move *>",0.002000,0.002000,0.0,0.0,11980000,23.6,23.6,1.500000,frankycpp_v1.4.exe,"std::ranges::_Uninitialized_move_unchecked<Move *,Move *,Move *,Move *>(class Move *, class Move *, class Move *, class Move *)",xmemory,0x14021d6d0
"std::unique_ptr<tablebase::Tablebase,std::default_delete<tablebase::Tablebase> >::operator bool",0.002000,0.002000,0.0,0.0,0,6.2,6.2,,frankycpp_v1.4.exe,"std::unique_ptr<tablebase::Tablebase,std::default_delete<tablebase::Tablebase> >::operator bool",memory,0x140208f04
Attacks::detail::sliding_attack,0.001000,0.001000,0.0,0.0,0,100.0,100.0,0.0,frankycpp_v1.4.exe,"Attacks::detail::sliding_attack(class Direction const * const,class Square,class Bitboard)",attacks.cpp,0x140166b00
Bitboard::operator bool,0.001000,0.001000,0.0,0.0,38935000,,,0.307692,frankycpp_v1.4.exe,Bitboard::operator bool,bitboard.h,0x140240610
Bitboard::popLSB,0.001000,0.001000,0.0,0.0,20965000,,,0.428571,frankycpp_v1.4.exe,Bitboard::popLSB,bitboard.h,0x140240445
Bitboard::popLSB,0.001000,0.001000,0.0,0.0,17970000,,,0.166667,frankycpp_v1.4.exe,Bitboard::popLSB,bitboard.h,0x1402408a3
Bitboard::{ctor},0.001000,0.001000,0.0,0.0,8985000,21.1,21.1,1.666667,frankycpp_v1.4.exe,Bitboard::{ctor},bitboard.h,0x14024098f
CastlingRights::operator-=,0.001000,0.001000,0.0,0.0,20965000,51.9,51.9,0.857143,frankycpp_v1.4.exe,CastlingRights::operator-=,castlingrights.h,0x140238f66
Direction::pawnPush,0.001000,0.001000,0.0,0.0,2995000,17.4,17.4,1.000000,frankycpp_v1.4.exe,Direction::pawnPush,direction.h,0x140240698
Direction::{ctor},0.001000,0.001000,0.0,0.0,29950000,,,0.0,frankycpp_v1.4.exe,Direction::{ctor},direction.h,0x140240960
DpiGetDxgAdapter,0.001000,0.001000,0.0,0.0,0,0.0,0.0,,dxgkrnl.sys,DpiGetDxgAdapter,[Unknown],0x1400122d0
EtwEventEnabled,0.001000,0.001000,0.0,0.0,0,,,,ntoskrnl.exe,EtwEventEnabled,[Unknown],0x14024d570
EtwWrite,0.001000,0.001000,0.0,0.0,0,0.0,0.0,0.0,ntoskrnl.exe,EtwWrite,[Unknown],0x140415af0
ExAcquireCacheAwarePushLockSharedEx,0.001000,0.001000,0.0,0.0,14975000,,,0.0,ntoskrnl.exe,ExAcquireCacheAwarePushLockSharedEx,[Unknown],0x1402e8320
ExAcquireFastMutex,0.001000,0.001000,0.0,0.0,2995000,33.3,33.3,0.0,ntoskrnl.exe,ExAcquireFastMutex,[Unknown],0x1402e70c0
ExAcquirePushLockSharedEx,0.001000,0.001000,0.0,0.0,0,0.0,0.0,0.0,ntoskrnl.exe,ExAcquirePushLockSharedEx,[Unknown],0x1402e8cf0
ExAcquireResourceExclusiveLite,0.001000,0.001000,0.0,0.0,2995000,0.0,0.0,0.0,ntoskrnl.exe,ExAcquireResourceExclusiveLite,[Unknown],0x140299dd0
ExAcquireResourceSharedLite,0.001000,0.001000,0.0,0.0,2995000,0.0,0.0,0.0,ntoskrnl.exe,ExAcquireResourceSharedLite,[Unknown],0x1402ea6f0
ExAllocateFromNPagedLookasideList,0.001000,0.001000,0.0,0.0,0,0.0,0.0,,ntoskrnl.exe,ExAllocateFromNPagedLookasideList,[Unknown],0x140356520
ExAllocateFromPagedLookasideList,0.001000,0.001000,0.0,0.0,0,0.0,0.0,0.0,ntoskrnl.exe,ExAllocateFromPagedLookasideList,[Unknown],0x1403f2e80
ExAllocatePool2,0.001000,0.001000,0.0,0.0,0,0.0,0.0,,ntoskrnl.exe,ExAllocatePool2,[Unknown],0x140b700f0
ExReleaseFastResource,0.001000,0.001000,0.0,0.0,8985000,10.0,10.0,0.0,ntoskrnl.exe,ExReleaseFastResource,[Unknown],0x14027f260
ExReleaseResourceLite,0.001000,0.001000,0.0,0.0,17970000,19.7,19.7,0.166667,ntoskrnl.exe,ExReleaseResourceLite,[Unknown],0x14027d860
ExReleaseRundownProtectionCacheAwareEx,0.001000,0.001000,0.0,0.0,2995000,,,2.000000,ntoskrnl.exe,ExReleaseRundownProtectionCacheAwareEx,[Unknown],0x14027ca10
ExpInterlockedPushEntrySList,0.001000,0.001000,0.0,0.0,20965000,33.3,33.3,0.285714,ntoskrnl.exe,ExpInterlockedPushEntrySList,[Unknown],0x1406b3250
FsRtlAcquireHeaderMutex,0.001000,0.001000,0.0,0.0,0,33.3,33.3,,ntoskrnl.exe,FsRtlAcquireHeaderMutex,[Unknown],0x1402e6b60
FsRtlReleaseHeaderMutex,0.001000,0.001000,0.0,0.0,2995000,,,0.0,ntoskrnl.exe,FsRtlReleaseHeaderMutex,[Unknown],0x1402fffb0
HvlInvokeFastExtendedHypercall,0.001000,0.001000,0.0,0.0,0,0.0,0.0,0.0,ntoskrnl.exe,HvlInvokeFastExtendedHypercall,[Unknown],0x1403bb600
IoAllocateWorkItem,0.001000,0.001000,0.0,0.0,0,0.0,0.0,0.0,ntoskrnl.exe,IoAllocateWorkItem,[Unknown],0x14043ede0
IoGetRelatedDeviceObject,0.001000,0.001000,0.0,0.0,0,0.0,0.0,,ntoskrnl.exe,IoGetRelatedDeviceObject,[Unknown],0x1402ce2c0
IoReleaseRemoveLockEx,0.001000,0.001000,0.0,0.0,0,0.0,0.0,0.0,ntoskrnl.exe,IoReleaseRemoveLockEx,[Unknown],0x140293a20
KeAcquireInStackQueuedSpinLock,0.001000,0.001000,0.0,0.0,2995000,13.3,13.3,2.000000,ntoskrnl.exe,KeAcquireInStackQueuedSpinLock,[Unknown],0x14020eb60
KeAcquireSpinLockRaiseToDpc,0.001000,0.001000,0.0,0.0,5990000,16.7,16.7,4.000000,ntoskrnl.exe,KeAcquireSpinLockRaiseToDpc,[Unknown],0x140277f30
KeEnterCriticalRegion,0.001000,0.001000,0.0,0.0,0,0.0,0.0,0.0,ntoskrnl.exe,KeEnterCriticalRegion,[Unknown],0x140412d60
KeEnterGuardedRegion,0.001000,0.001000,0.0,0.0,2995000,,,0.0,ntoskrnl.exe,KeEnterGuardedRegion,[Unknown],0x140415be0
KeFindFirstSetRightAffinityEx,0.001000,0.001000,0.0,0.0,0,0.0,0.0,0.0,ntoskrnl.exe,KeFindFirstSetRightAffinityEx,[Unknown],0x140310020
KeGetCurrentProcessorNumberEx,0.001000,0.001000,0.0,0.0,2995000,0.0,0.0,1.000000,ntoskrnl.exe,KeGetCurrentProcessorNumberEx,[Unknown],0x1403f9f80
KeInsertQueueApc,0.001000,0.001000,0.0,0.0,2995000,0.0,0.0,4.000000,ntoskrnl.exe,KeInsertQueueApc,[Unknown],0x1402dfab0
KeIsEmptyAffinityEx,0.001000,0.001000,0.0,0.0,0,0.0,0.0,,ntoskrnl.exe,KeIsEmptyAffinityEx,[Unknown],0x1403c1810
KeOrAffinityEx2,0.001000,0.001000,0.0,0.0,0,0.0,0.0,0.0,ntoskrnl.exe,KeOrAffinityEx2,[Unknown],0x140314110
KeWaitForMutexObject,0.001000,0.001000,0.0,0.0,0,0.0,0.0,,ntoskrnl.exe,KeWaitForMutexObject,[Unknown],0x1402e71d0
Logger::get,0.001000,0.001000,0.0,0.0,0,0.0,0.0,0.0,frankycpp_v1.4.exe,Logger::get,Logging.h,0x140243368
Move::encode,0.001000,0.001000,0.0,0.0,32945000,,,0.272727,frankycpp_v1.4.exe,Move::encode,move.h,0x1402408b4
Move::encode,0.001000,0.001000,0.0,0.0,5990000,,,0.0,frankycpp_v1.4.exe,Move::encode,move.h,0x1402404dd
Move::operator==,0.001000,0.001000,0.0,0.0,17970000,16.0,16.0,1.000000,frankycpp_v1.4.exe,Move::operator==,PVTable.h,0x140209e54
Move::stripped,0.001000,0.001000,0.0,0.0,11980000,,,1.250000,frankycpp_v1.4.exe,Move::stripped,move.h,0x14023e3a0
Move::type,0.001000,0.001000,0.0,0.0,2995000,0.0,0.0,1.000000,frankycpp_v1.4.exe,Move::type,move.h,0x14023fcc6
Move::type,0.001000,0.001000,0.0,0.0,2995000,,,0.0,frankycpp_v1.4.exe,Move::type,move.h,0x14020a35c
Move::{ctor},0.001000,0.001000,0.0,0.0,8985000,7.8,7.8,0.666667,frankycpp_v1.4.exe,Move::{ctor},move.h,0x1402408ad
MoveGenerator::reset,0.001000,0.001000,0.0,0.0,2995000,0.0,0.0,2.000000,frankycpp_v1.4.exe,MoveGenerator::reset,MoveGenerator.h,0x140202fb8
MoveGenerator::resetOnDemand,0.001000,0.001000,0.0,0.0,0,6.7,6.7,,frankycpp_v1.4.exe,MoveGenerator::resetOnDemand,MoveGenerator.h,0x140202fd1
MoveGenerator::resetOnDemand,0.001000,0.001000,0.0,0.0,0,0.0,0.0,,frankycpp_v1.4.exe,MoveGenerator::resetOnDemand,MoveGenerator.h,0x140200628
NtReadFile,0.001000,0.001000,0.0,0.0,0,0.0,0.0,0.0,ntdll.dll,NtReadFile,[Unknown],0x180161b00
NtWaitForSingleObject,0.001000,0.0,0.001000,0.0,0,0.0,0.0,0.0,ntdll.dll,NtWaitForSingleObject,[Unknown],0x180161ac0
NtWaitForSingleObject,0.001000,0.0,0.001000,0.0,0,0.0,0.0,0.0,ntoskrnl.exe,NtWaitForSingleObject,[Unknown],0x140849240
ObDereferenceObjectDeferDeleteWithTag,0.001000,0.001000,0.0,0.0,0,0.0,0.0,0.0,ntoskrnl.exe,ObDereferenceObjectDeferDeleteWithTag,[Unknown],0x140281d60
ObfDereferenceObjectWithTag,0.001000,0.001000,0.0,0.0,0,17.4,17.4,,ntoskrnl.exe,ObfDereferenceObjectWithTag,[Unknown],0x1403072e0
ObfReferenceObjectWithTag,0.001000,0.001000,0.0,0.0,5990000,0.0,0.0,0.500000,ntoskrnl.exe,ObfReferenceObjectWithTag,[Unknown],0x1402e8c50
PVTable::length,0.001000,0.001000,0.0,0.0,0,0.0,0.0,0.0,frankycpp_v1.4.exe,PVTable::length,PVTable.h,0x1402118c3
Position::getCastlingRights,0.001000,0.001000,0.0,0.0,8985000,,,0.0,frankycpp_v1.4.exe,Position::getCastlingRights,Position.h,0x140241231
Position::getKingSquare,0.001000,0.001000,0.0,0.0,5990000,100.0,100.0,0.500000,frankycpp_v1.4.exe,Position::getKingSquare,Position.h,0x1402401c7
Position::isCapturingMove,0.001000,0.001000,0.0,0.0,11980000,,,0.250000,frankycpp_v1.4.exe,Position::isCapturingMove,Position.h,0x14020a2ec
ProbeForWrite,0.001000,0.001000,0.0,0.0,0,0.0,0.0,0.0,ntoskrnl.exe,ProbeForWrite,[Unknown],0x1408beaf0
QueryPerformanceCounter,0.001000,0.001000,0.0,0.0,0,0.0,0.0,0.0,kernel32.dll,QueryPerformanceCounter,[Unknown],0x180023fb0
ReadFile,0.001000,0.001000,0.0,0.0,0,0.0,0.0,0.0,kernelbase.dll,ReadFile,[Unknown],0x180042850
RtlAcquireSRWLockExclusive,0.001000,0.001000,0.0,0.0,0,0.0,0.0,,ntdll.dll,RtlAcquireSRWLockExclusive,[Unknown],0x18003c030
RtlAcquireSRWLockShared,0.001000,0.001000,0.0,0.0,0,0.0,0.0,,ntdll.dll,RtlAcquireSRWLockShared,[Unknown],0x18001af50
RtlCompareMemory,0.001000,0.001000,0.0,0.0,0,0.0,0.0,0.0,ntoskrnl.exe,RtlCompareMemory,[Unknown],0x1406b3310
RtlEnterCriticalSection,0.001000,0.0,0.001000,0.0,0,0.0,0.0,,ntdll.dll,RtlEnterCriticalSection,[Unknown],0x18000d780
RtlQueryPerformanceCounter,0.001000,0.001000,0.0,0.0,0,0.0,0.0,,ntdll.dll,RtlQueryPerformanceCounter,[Unknown],0x180084680
RtlSleepConditionVariableSRW,0.001000,0.001000,0.0,0.0,0,0.0,0.0,0.0,ntdll.dll,RtlSleepConditionVariableSRW,[Unknown],0x180094a40
SeCreateAccessStateEx,0.001000,0.001000,0.0,0.0,0,0.0,0.0,0.0,ntoskrnl.exe,SeCreateAccessStateEx,[Unknown],0x1408a49d0
Search::thread,0.001000,0.001000,0.0,0.0,8985000,19.1,19.1,0.666667,frankycpp_v1.4.exe,Search::thread,Search.h,0x14020a3d4
Search::thread,0.001000,0.001000,0.0,0.0,0,0.0,0.0,0.0,frankycpp_v1.4.exe,Search::thread,Search.h,0x14021189c
Square::operator int,0.001000,0.001000,0.0,0.0,5990000,,,0.0,frankycpp_v1.4.exe,Square::operator int,square.h,0x140239a42
StaticMoveList<256>::push_back,0.001000,0.001000,0.0,0.0,5990000,63.2,63.2,0.500000,frankycpp_v1.4.exe,StaticMoveList<256>::push_back,staticmovelist.h,0x1402404c7
StaticMoveList<256>::push_back,0.001000,0.001000,0.0,0.0,14975000,27.9,27.9,0.400000,frankycpp_v1.4.exe,StaticMoveList<256>::push_back,staticmovelist.h,0x1402404f4
StaticMoveList<256>::push_back,0.001000,0.001000,0.0,0.0,8985000,,,0.0,frankycpp_v1.4.exe,StaticMoveList<256>::push_back,staticmovelist.h,0x14024124f
Value::operator int,0.001000,0.001000,0.0,0.0,5990000,,,0.0,frankycpp_v1.4.exe,Value::operator int,value.h,0x140208ea6
WdLogSingleEntry1,0.001000,0.001000,0.0,0.0,0,0.0,0.0,,watchdog.sys,WdLogSingleEntry1,[Unknown],0x140003440
YAML::Stream::StreamInUtf8,0.001000,0.001000,0.0,0.0,0,0.0,0.0,0.0,frankycpp_v1.4.exe,YAML::Stream::StreamInUtf8,stream.cpp,0x1402d3cda
[Import thunk malloc],0.001000,0.001000,0.0,0.0,2995000,,,1.000000,frankycpp_v1.4.exe,[Import thunk malloc],[Unknown],0x1405efbc0
[Import thunk memset],0.001000,0.001000,0.0,0.0,0,0.0,0.0,,frankycpp_v1.4.exe,[Import thunk memset],[Unknown],0x1405efa2e
[gameflt.sys],0.001000,0.001000,0.0,0.0,0,0.0,0.0,0.0,gameflt.sys,[gameflt.sys],[Unknown],0x0
[nvlddmkm.sys],0.001000,0.001000,0.0,0.0,0,0.0,0.0,,nvlddmkm.sys,[nvlddmkm.sys],[Unknown],0x0
[wdfilter.sys],0.001000,0.001000,0.0,0.0,0,0.0,0.0,0.0,wdfilter.sys,[wdfilter.sys],[Unknown],0x0
__builtin_array_init_helper<class Move>,0.001000,0.001000,0.0,0.0,0,,,0.0,frankycpp_v1.4.exe,"__builtin_array_init_helper<class Move>(class Move *,unsigned __int64)",[Unknown],0x14019ba00
_std_parallel_algorithms_hw_threads,0.001000,0.001000,0.0,0.0,0,0.0,0.0,0.0,msvcp140_atomic_wait.dll,_std_parallel_algorithms_hw_threads,[Unknown],0x180001490
boost::archive::detail::common_iarchive<boost::archive::binary_iarchive>::load_override,0.001000,0.001000,0.0,0.0,5990000,0.0,0.0,0.0,frankycpp_v1.4.exe,boost::archive::detail::common_iarchive<boost::archive::binary_iarchive>::load_override,common_iarchive.hpp,0x140268722
"boost::archive::detail::iserializer<class boost::archive::binary_iarchive,class Move>::load_object_data",0.001000,0.001000,0.0,0.0,5990000,50.0,50.0,0.0,frankycpp_v1.4.exe,"boost::archive::detail::iserializer<class boost::archive::binary_iarchive,class Move>::load_object_data(class boost::archive::detail::basic_iarchive &,void *,unsigned int)",iserializer.hpp,0x14026df30
"boost::archive::detail::iserializer<class boost::archive::binary_iarchive,class std::vector<class Move,class std::allocator<class Move> > >::load_object_data",0.001000,0.001000,0.0,0.0,2995000,26.7,26.7,1.000000,frankycpp_v1.4.exe,"boost::archive::detail::iserializer<class boost::archive::binary_iarchive,class std::vector<class Move,class std::allocator<class Move> > >::load_object_data(class boost::archive::detail::basic_iarchive &,void *,unsigned int)",iserializer.hpp,0x140269b60
boost::archive::version_type::{ctor},0.001000,0.001000,0.0,0.0,0,,,,frankycpp_v1.4.exe,boost::archive::version_type::{ctor},basic_archive.hpp,0x14026a3e0
"boost::serialization::free_loader<boost::archive::binary_iarchive,boost::serialization::nvp<boost::serialization::item_version_type> >::invoke",0.001000,0.001000,0.0,0.0,5990000,,,0.0,frankycpp_v1.4.exe,"boost::serialization::free_loader<boost::archive::binary_iarchive,boost::serialization::nvp<boost::serialization::item_version_type> >::invoke",split_free.hpp,0x140269c29
"boost::serialization::free_loader<boost::archive::binary_iarchive,boost::serialization::nvp<int> >::invoke",0.001000,0.001000,0.0,0.0,0,0.0,0.0,0.0,frankycpp_v1.4.exe,"boost::serialization::free_loader<boost::archive::binary_iarchive,boost::serialization::nvp<int> >::invoke",split_free.hpp,0x1402669e5
"boost::serialization::load<class boost::archive::binary_iarchive,class boost::serialization::collection_size_type>",0.001000,0.001000,0.0,0.0,14975000,0.0,0.0,0.0,frankycpp_v1.4.exe,"boost::serialization::load<class boost::archive::binary_iarchive,class boost::serialization::collection_size_type>(class boost::archive::binary_iarchive &,class boost::serialization::nvp<class boost::serialization::collection_size_type> &,unsigned int)",nvp.hpp,0x1402626f0
"boost::serialization::load<class boost::archive::binary_iarchive,unsigned int>",0.001000,0.001000,0.0,0.0,0,0.0,0.0,0.0,frankycpp_v1.4.exe,"boost::serialization::load<class boost::archive::binary_iarchive,unsigned int>(class boost::archive::binary_iarchive &,class boost::serialization::nvp<unsigned int> &,unsigned int)",nvp.hpp,0x14026d9a0
"boost::serialization::nvp<std::vector<unsigned __int64,std::allocator<unsigned __int64> > >::{ctor}",0.001000,0.001000,0.0,0.0,0,0.0,0.0,0.0,frankycpp_v1.4.exe,"boost::serialization::nvp<std::vector<unsigned __int64,std::allocator<unsigned __int64> > >::{ctor}",nvp.hpp,0x140266a18
"boost::serialization::singleton<class boost::archive::detail::iserializer<class boost::archive::binary_iarchive,class BookEntry> >::get_instance",0.001000,0.001000,0.0,0.0,0,100.0,100.0,0.0,frankycpp_v1.4.exe,"boost::serialization::singleton<class boost::archive::detail::iserializer<class boost::archive::binary_iarchive,class BookEntry> >::get_instance(void)",singleton.hpp,0x140266f40
"boost::serialization::singleton<class boost::archive::detail::iserializer<class boost::archive::binary_iarchive,class std::vector<unsigned __int64,class std::allocator<unsigned __int64> > > >::get_instance",0.001000,0.001000,0.0,0.0,5990000,0.0,0.0,0.500000,frankycpp_v1.4.exe,"boost::serialization::singleton<class boost::archive::detail::iserializer<class boost::archive::binary_iarchive,class std::vector<unsigned __int64,class std::allocator<unsigned __int64> > > >::get_instance(void)",singleton.hpp,0x14026aa10
"boost::serialization::singleton<class boost::archive::detail::iserializer<class boost::archive::binary_iarchive,struct std::pair<unsigned __int64 const ,class BookEntry> > >::get_instance",0.001000,0.001000,0.0,0.0,0,0.0,0.0,0.0,frankycpp_v1.4.exe,"boost::serialization::singleton<class boost::archive::detail::iserializer<class boost::archive::binary_iarchive,struct std::pair<unsigned __int64 const ,class BookEntry> > >::get_instance(void)",singleton.hpp,0x140264ad0
bswap32,0.001000,0.001000,0.0,0.0,0,0.0,0.0,0.0,frankycpp_v1.4.exe,bswap32,stdendian.h,0x140277c40
calc_key,0.001000,0.001000,0.0,0.0,11980000,,,0.250000,frankycpp_v1.4.exe,"calc_key(const struct Pos *, bool)",tbchess.c,0x1402795d0
do_move,0.001000,0.001000,0.0,0.0,5990000,0.0,0.0,0.0,frankycpp_v1.4.exe,"do_move(struct Pos *, const struct Pos *, unsigned short)",tbchess.c,0x14027a430
engine::Benchmark::run,0.001000,0.001000,0.0,0.0,0,0.0,0.0,0.0,frankycpp_v1.4.exe,"engine::Benchmark::run(class std::vector<class std::basic_string<char,struct std::char_traits<char>,class std::allocator<char> >,class std::allocator<class std::basic_string<char,struct std::char_traits<char>,class std::allocator<char> > > > const &,struct engine::BenchConfig const &)",Benchmark.cpp,0x1401a3f20
fill_squares,0.001000,0.001000,0.0,0.0,5990000,,,0.0,frankycpp_v1.4.exe,fill_squares,tbprobe.c,0x14027e820
freefls,0.001000,0.001000,0.0,0.0,0,0.0,0.0,,msvcrt.dll,freefls,[Unknown],0x18003e990
func@0x140001ea0,0.001000,0.001000,0.0,0.0,0,0.0,0.0,,intelppm.sys,func@0x140001ea0,[Unknown],0x140001ea0
func@0x1400020c0,0.001000,0.001000,0.0,0.0,0,0.0,0.0,0.0,classpnp.sys,func@0x1400020c0,[Unknown],0x1400020c0
func@0x140002ff0,0.001000,0.001000,0.0,0.0,0,0.0,0.0,,winhvr.sys,func@0x140002ff0,[Unknown],0x140002ff0
func@0x1400043f0,0.001000,0.001000,0.0,0.0,0,0.0,0.0,0.0,volmgr.sys,func@0x1400043f0,[Unknown],0x1400043f0
func@0x140004cb0,0.001000,0.001000,0.0,0.0,0,25.0,25.0,0.0,ntfs.sys,func@0x140004cb0,[Unknown],0x140004cb0
func@0x140004ee0,0.001000,0.001000,0.0,0.0,0,0.0,0.0,0.0,ndu.sys,func@0x140004ee0,[Unknown],0x140004ee0
func@0x1400057f0,0.001000,0.001000,0.0,0.0,2995000,,,1.000000,wpprecorder.sys,func@0x1400057f0,[Unknown],0x1400057f0
func@0x140005b40,0.001000,0.001000,0.0,0.0,0,0.0,0.0,0.0,intelppm.sys,func@0x140005b40,[Unknown],0x140005b40
func@0x140005bd8,0.001000,0.001000,0.0,0.0,0,0.0,0.0,0.0,tcpip.sys,func@0x140005bd8,[Unknown],0x140005bd8
func@0x140006110,0.001000,0.001000,0.0,0.0,0,0.0,0.0,0.0,nvlddmkm.sys,func@0x140006110,[Unknown],0x140006110
func@0x140006390,0.001000,0.001000,0.0,0.0,2995000,0.0,0.0,1.000000,ntfs.sys,func@0x140006390,[Unknown],0x140006390
func@0x140006960,0.001000,0.001000,0.0,0.0,2995000,0.0,0.0,0.0,dxgmms2.sys,func@0x140006960,[Unknown],0x140006960
func@0x1400079e0,0.001000,0.001000,0.0,0.0,0,0.0,0.0,0.0,tcpip.sys,func@0x1400079e0,[Unknown],0x1400079e0
func@0x1400079e0,0.001000,0.001000,0.0,0.0,0,0.0,0.0,0.0,cldflt.sys,func@0x1400079e0,[Unknown],0x1400079e0
func@0x140009430,0.001000,0.001000,0.0,0.0,0,0.0,0.0,0.0,tcpip.sys,func@0x140009430,[Unknown],0x140009430
func@0x140009630,0.001000,0.001000,0.0,0.0,0,0.0,0.0,,executioncontext.sys,func@0x140009630,[Unknown],0x140009630
func@0x14000acce,0.001000,0.001000,0.0,0.0,0,0.0,0.0,,ntfs.sys,func@0x14000acce,[Unknown],0x14000acce
func@0x14000cf00,0.001000,0.001000,0.0,0.0,0,0.0,0.0,0.0,nvlddmkm.sys,func@0x14000cf00,[Unknown],0x14000cf00
func@0x14000d480,0.001000,0.001000,0.0,0.0,0,0.0,0.0,0.0,nvlddmkm.sys,func@0x14000d480,[Unknown],0x14000d480
func@0x14000df10,0.001000,0.001000,0.0,0.0,0,0.0,0.0,0.0,usbxhci.sys,func@0x14000df10,[Unknown],0x14000df10
func@0x140010440,0.001000,0.001000,0.0,0.0,0,50.0,50.0,0.0,usbxhci.sys,func@0x140010440,[Unknown],0x140010440
func@0x140010dd0,0.001000,0.001000,0.0,0.0,0,0.0,0.0,0.0,classpnp.sys,func@0x140010dd0,[Unknown],0x140010dd0
func@0x1400113ce,0.001000,0.001000,0.0,0.0,0,0.0,0.0,0.0,dxgmms2.sys,func@0x1400113ce,[Unknown],0x1400113ce
func@0x140013900,0.001000,0.001000,0.0,0.0,0,0.0,0.0,0.0,ntfs.sys,func@0x140013900,[Unknown],0x140013900
func@0x140014f30,0.001000,0.001000,0.0,0.0,0,0.0,0.0,0.0,ntfs.sys,func@0x140014f30,[Unknown],0x140014f30
func@0x140017a20,0.001000,0.001000,0.0,0.0,0,0.0,0.0,0.0,ntfs.sys,func@0x140017a20,[Unknown],0x140017a20
func@0x14001eb30,0.001000,0.001000,0.0,0.0,0,0.0,0.0,0.0,ndis.sys,func@0x14001eb30,[Unknown],0x14001eb30
func@0x140020f40,0.001000,0.001000,0.0,0.0,0,0.0,0.0,0.0,nvlddmkm.sys,func@0x140020f40,[Unknown],0x140020f40
func@0x140021110,0.001000,0.001000,0.0,0.0,0,50.0,50.0,0.0,usbxhci.sys,func@0x140021110,[Unknown],0x140021110
func@0x140022364,0.001000,0.001000,0.0,0.0,0,0.0,0.0,0.0,usbxhci.sys,func@0x140022364,[Unknown],0x140022364
func@0x140023a3c,0.001000,0.001000,0.0,0.0,0,0.0,0.0,0.0,usbxhci.sys,func@0x140023a3c,[Unknown],0x140023a3c
func@0x1400251a0,0.001000,0.001000,0.0,0.0,0,0.0,0.0,0.0,usbxhci.sys,func@0x1400251a0,[Unknown],0x1400251a0
func@0x140026328,0.001000,0.001000,0.0,0.0,0,0.0,0.0,0.0,dxgmms2.sys,func@0x140026328,[Unknown],0x140026328
func@0x140028da5,0.001000,0.001000,0.0,0.0,0,0.0,0.0,0.0,dxgmms2.sys,func@0x140028da5,[Unknown],0x140028da5
func@0x140029550,0.001000,0.001000,0.0,0.0,0,0.0,0.0,0.0,tcpip.sys,func@0x140029550,[Unknown],0x140029550
func@0x14002bdf0,0.001000,0.001000,0.0,0.0,0,33.3,33.3,,dxgkrnl.sys,func@0x14002bdf0,[Unknown],0x14002bdf0
func@0x14002c91c,0.001000,0.001000,0.0,0.0,0,0.0,0.0,0.0,dxgmms2.sys,func@0x14002c91c,[Unknown],0x14002c91c
func@0x14002d524,0.001000,0.001000,0.0,0.0,2995000,0.0,0.0,0.0,wdfilter.sys,func@0x14002d524,[Unknown],0x14002d524
func@0x14002db30,0.001000,0.001000,0.0,0.0,0,0.0,0.0,0.0,dxgkrnl.sys,func@0x14002db30,[Unknown],0x14002db30
func@0x14002e7c0,0.001000,0.001000,0.0,0.0,0,0.0,0.0,0.0,wdfilter.sys,func@0x14002e7c0,[Unknown],0x14002e7c0
func@0x14002eee4,0.001000,0.001000,0.0,0.0,0,0.0,0.0,0.0,dxgmms2.sys,func@0x14002eee4,[Unknown],0x14002eee4
func@0x140031673,0.001000,0.001000,0.0,0.0,0,0.0,0.0,0.0,dxgmms2.sys,func@0x140031673,[Unknown],0x140031673
func@0x14003649c,0.001000,0.001000,0.0,0.0,0,0.0,0.0,0.0,dxgmms2.sys,func@0x14003649c,[Unknown],0x14003649c
func@0x140049b80,0.001000,0.001000,0.0,0.0,0,0.0,0.0,,e2fn.sys,func@0x140049b80,[Unknown],0x140049b80
func@0x14004b220,0.001000,0.001000,0.0,0.0,2995000,0.0,0.0,0.0,wdf01000.sys,func@0x14004b220,[Unknown],0x14004b220
func@0x14004c800,0.001000,0.001000,0.0,0.0,0,100.0,100.0,,wdf01000.sys,func@0x14004c800,[Unknown],0x14004c800
func@0x140054a80,0.001000,0.001000,0.0,0.0,5990000,12.5,12.5,0.500000,ntfs.sys,func@0x140054a80,[Unknown],0x140054a80
func@0x140056b70,0.001000,0.001000,0.0,0.0,0,0.0,0.0,0.0,wdf01000.sys,func@0x140056b70,[Unknown],0x140056b70
func@0x140067b60,0.001000,0.001000,0.0,0.0,2995000,0.0,0.0,1.000000,e2fn.sys,func@0x140067b60,[Unknown],0x140067b60
func@0x140085070,0.001000,0.001000,0.0,0.0,0,0.0,0.0,0.0,ibtusb.sys,func@0x140085070,[Unknown],0x140085070
func@0x14009bd10,0.001000,0.001000,0.0,0.0,2995000,9.1,9.1,2.000000,nvlddmkm.sys,func@0x14009bd10,[Unknown],0x14009bd10
func@0x14009dc84,0.001000,0.001000,0.0,0.0,0,0.0,0.0,,e2fn.sys,func@0x14009dc84,[Unknown],0x14009dc84
func@0x1400d90e0,0.001000,0.001000,0.0,0.0,0,0.0,0.0,,nvlddmkm.sys,func@0x1400d90e0,[Unknown],0x1400d90e0
func@0x1400db570,0.001000,0.001000,0.0,0.0,0,0.0,0.0,,nvlddmkm.sys,func@0x1400db570,[Unknown],0x1400db570
func@0x1400db58a,0.001000,0.001000,0.0,0.0,0,0.0,0.0,0.0,win32kbase.sys,func@0x1400db58a,[Unknown],0x1400db58a
func@0x1400e1c30,0.001000,0.001000,0.0,0.0,0,0.0,0.0,,nvlddmkm.sys,func@0x1400e1c30,[Unknown],0x1400e1c30
func@0x1400f6f10,0.001000,0.001000,0.0,0.0,0,,,0.0,nvlddmkm.sys,func@0x1400f6f10,[Unknown],0x1400f6f10
func@0x1400f9a30,0.001000,0.001000,0.0,0.0,0,0.0,0.0,,nvlddmkm.sys,func@0x1400f9a30,[Unknown],0x1400f9a30
func@0x1400fb250,0.001000,0.001000,0.0,0.0,0,0.0,0.0,0.0,nvlddmkm.sys,func@0x1400fb250,[Unknown],0x1400fb250
func@0x1400fb450,0.001000,0.001000,0.0,0.0,0,0.0,0.0,0.0,nvlddmkm.sys,func@0x1400fb450,[Unknown],0x1400fb450
func@0x1400fd9c0,0.001000,0.001000,0.0,0.0,0,33.3,33.3,,nvlddmkm.sys,func@0x1400fd9c0,[Unknown],0x1400fd9c0
func@0x140113a60,0.001000,0.001000,0.0,0.0,5990000,33.3,33.3,3.500000,nvlddmkm.sys,func@0x140113a60,[Unknown],0x140113a60
func@0x140113d10,0.001000,0.001000,0.0,0.0,2995000,100.0,100.0,0.0,nvlddmkm.sys,func@0x140113d10,[Unknown],0x140113d10
func@0x1401142a0,0.001000,0.001000,0.0,0.0,0,0.0,0.0,,ntfs.sys,func@0x1401142a0,[Unknown],0x1401142a0
func@0x140115460,0.001000,0.001000,0.0,0.0,5990000,,,1.000000,ntfs.sys,func@0x140115460,[Unknown],0x140115460
func@0x140117ae0,0.001000,0.001000,0.0,0.0,0,0.0,0.0,0.0,nvlddmkm.sys,func@0x140117ae0,[Unknown],0x140117ae0
func@0x1401184e0,0.001000,0.001000,0.0,0.0,2995000,0.0,0.0,1.000000,nvlddmkm.sys,func@0x1401184e0,[Unknown],0x1401184e0
func@0x140118a80,0.001000,0.001000,0.0,0.0,2995000,,,1.000000,nvlddmkm.sys,func@0x140118a80,[Unknown],0x140118a80
func@0x140119170,0.001000,0.001000,0.0,0.0,0,0.0,0.0,,nvlddmkm.sys,func@0x140119170,[Unknown],0x140119170
func@0x14011a2e0,0.001000,0.001000,0.0,0.0,0,0.0,0.0,0.0,nvlddmkm.sys,func@0x14011a2e0,[Unknown],0x14011a2e0
func@0x14011add0,0.001000,0.001000,0.0,0.0,0,0.0,0.0,0.0,nvlddmkm.sys,func@0x14011add0,[Unknown],0x14011add0
func@0x14011b1d0,0.001000,0.001000,0.0,0.0,2995000,0.0,0.0,0.0,nvlddmkm.sys,func@0x14011b1d0,[Unknown],0x14011b1d0
func@0x1401257a0,0.001000,0.001000,0.0,0.0,0,0.0,0.0,0.0,ntfs.sys,func@0x1401257a0,[Unknown],0x1401257a0
func@0x1401284a0,0.001000,0.001000,0.0,0.0,0,0.0,0.0,,ntfs.sys,func@0x1401284a0,[Unknown],0x1401284a0
func@0x14012ab70,0.001000,0.001000,0.0,0.0,0,0.0,0.0,,ntfs.sys,func@0x14012ab70,[Unknown],0x14012ab70
func@0x14012c8f5,0.001000,0.001000,0.0,0.0,0,0.0,0.0,,ntfs.sys,func@0x14012c8f5,[Unknown],0x14012c8f5
func@0x140131d20,0.001000,0.001000,0.0,0.0,0,0.0,0.0,0.0,bthport.sys,func@0x140131d20,[Unknown],0x140131d20
func@0x14013fe10,0.001000,0.001000,0.0,0.0,0,0.0,0.0,0.0,nvlddmkm.sys,func@0x14013fe10,[Unknown],0x14013fe10
func@0x140142730,0.001000,0.001000,0.0,0.0,0,,,0.0,nvlddmkm.sys,func@0x140142730,[Unknown],0x140142730
func@0x140162550,0.001000,0.001000,0.0,0.0,2995000,0.0,0.0,0.0,nvlddmkm.sys,func@0x140162550,[Unknown],0x140162550
func@0x140168db0,0.001000,0.001000,0.0,0.0,0,0.0,0.0,0.0,nvlddmkm.sys,func@0x140168db0,[Unknown],0x140168db0
func@0x1401af030,0.001000,0.001000,0.0,0.0,0,0.0,0.0,,nvlddmkm.sys,func@0x1401af030,[Unknown],0x1401af030
func@0x1401af071,0.001000,0.001000,0.0,0.0,0,0.0,0.0,0.0,nvlddmkm.sys,func@0x1401af071,[Unknown],0x1401af071
func@0x1401ca470,0.001000,0.001000,0.0,0.0,0,0.0,0.0,0.0,ntfs.sys,func@0x1401ca470,[Unknown],0x1401ca470
func@0x14020b210,0.001000,0.001000,0.0,0.0,2995000,25.0,25.0,0.0,ntoskrnl.exe,func@0x14020b210,[Unknown],0x14020b210
func@0x140210920,0.001000,0.001000,0.0,0.0,20965000,,,0.428571,ntoskrnl.exe,func@0x140210920,[Unknown],0x140210920
func@0x140211da0,0.001000,0.001000,0.0,0.0,11980000,,,1.250000,ntoskrnl.exe,func@0x140211da0,[Unknown],0x140211da0
func@0x140211e8c,0.001000,0.001000,0.0,0.0,0,,,0.0,ntoskrnl.exe,func@0x140211e8c,[Unknown],0x140211e8c
func@0x140216044,0.001000,0.001000,0.0,0.0,0,0.0,0.0,0.0,ntoskrnl.exe,func@0x140216044,[Unknown],0x140216044
func@0x140216099,0.001000,0.001000,0.0,0.0,0,0.0,0.0,0.0,ntoskrnl.exe,func@0x140216099,[Unknown],0x140216099
func@0x140216a30,0.001000,0.001000,0.0,0.0,0,12.3,12.3,,ntoskrnl.exe,func@0x140216a30,[Unknown],0x140216a30
func@0x14021739e,0.001000,0.001000,0.0,0.0,0,0.0,0.0,0.0,ntoskrnl.exe,func@0x14021739e,[Unknown],0x14021739e
func@0x14021a540,0.001000,0.001000,0.0,0.0,5990000,,,0.500000,ntoskrnl.exe,func@0x14021a540,[Unknown],0x14021a540
func@0x140223890,0.001000,0.001000,0.0,0.0,0,0.0,0.0,0.0,ntoskrnl.exe,func@0x140223890,[Unknown],0x140223890
func@0x1402239d5,0.001000,0.001000,0.0,0.0,0,8.5,8.5,,ntoskrnl.exe,func@0x1402239d5,[Unknown],0x1402239d5
func@0x140223cf0,0.001000,0.001000,0.0,0.0,2995000,12.5,12.5,1.000000,ntoskrnl.exe,func@0x140223cf0,[Unknown],0x140223cf0
func@0x140224770,0.001000,0.001000,0.0,0.0,0,0.0,0.0,0.0,ntoskrnl.exe,func@0x140224770,[Unknown],0x140224770
func@0x140229bc0,0.001000,0.001000,0.0,0.0,2995000,0.0,0.0,0.0,ntoskrnl.exe,func@0x140229bc0,[Unknown],0x140229bc0
func@0x14022bfd0,0.001000,0.001000,0.0,0.0,2995000,,,2.000000,ntoskrnl.exe,func@0x14022bfd0,[Unknown],0x14022bfd0
func@0x14022d560,0.001000,0.001000,0.0,0.0,0,0.0,0.0,0.0,ntoskrnl.exe,func@0x14022d560,[Unknown],0x14022d560
func@0x140232450,0.001000,0.001000,0.0,0.0,0,0.0,0.0,0.0,ntoskrnl.exe,func@0x140232450,[Unknown],0x140232450
func@0x140232ba0,0.001000,0.001000,0.0,0.0,0,0.0,0.0,0.0,ntoskrnl.exe,func@0x140232ba0,[Unknown],0x140232ba0
func@0x140236179,0.001000,0.001000,0.0,0.0,0,0.0,0.0,0.0,ntoskrnl.exe,func@0x140236179,[Unknown],0x140236179
func@0x140243574,0.001000,0.001000,0.0,0.0,8985000,14.8,14.8,0.333333,ntoskrnl.exe,func@0x140243574,[Unknown],0x140243574
func@0x140244654,0.001000,0.001000,0.0,0.0,0,25.0,25.0,,ntoskrnl.exe,func@0x140244654,[Unknown],0x140244654
func@0x140244a30,0.001000,0.001000,0.0,0.0,2995000,0.0,0.0,0.0,ntoskrnl.exe,func@0x140244a30,[Unknown],0x140244a30
func@0x1402450ac,0.001000,0.001000,0.0,0.0,0,0.0,0.0,0.0,ntoskrnl.exe,func@0x1402450ac,[Unknown],0x1402450ac
func@0x1402460f9,0.001000,0.001000,0.0,0.0,5990000,,,0.500000,ntoskrnl.exe,func@0x1402460f9,[Unknown],0x1402460f9
func@0x140247f70,0.001000,0.001000,0.0,0.0,2995000,17.7,17.7,2.000000,ntoskrnl.exe,func@0x140247f70,[Unknown],0x140247f70
func@0x14024b630,0.001000,0.001000,0.0,0.0,0,0.0,0.0,0.0,ntoskrnl.exe,func@0x14024b630,[Unknown],0x14024b630
func@0x14024d9d0,0.001000,0.001000,0.0,0.0,2995000,0.0,0.0,1.000000,ntoskrnl.exe,func@0x14024d9d0,[Unknown],0x14024d9d0
func@0x14024e810,0.001000,0.001000,0.0,0.0,2995000,0.0,0.0,2.000000,ntoskrnl.exe,func@0x14024e810,[Unknown],0x14024e810
func@0x14024ec3c,0.001000,0.001000,0.0,0.0,0,0.0,0.0,0.0,ntoskrnl.exe,func@0x14024ec3c,[Unknown],0x14024ec3c
func@0x14024fafc,0.001000,0.001000,0.0,0.0,0,0.0,0.0,,ntoskrnl.exe,func@0x14024fafc,[Unknown],0x14024fafc
func@0x140250635,0.001000,0.001000,0.0,0.0,0,0.0,0.0,,ntoskrnl.exe,func@0x140250635,[Unknown],0x140250635
func@0x1402599f0,0.001000,0.001000,0.0,0.0,5990000,0.0,0.0,0.500000,nvlddmkm.sys,func@0x1402599f0,[Unknown],0x1402599f0
func@0x14025a500,0.001000,0.001000,0.0,0.0,5990000,66.7,66.7,1.500000,nvlddmkm.sys,func@0x14025a500,[Unknown],0x14025a500
func@0x1402613f0,0.001000,0.001000,0.0,0.0,0,42.9,42.9,,ntoskrnl.exe,func@0x1402613f0,[Unknown],0x1402613f0
func@0x1402645a0,0.001000,0.001000,0.0,0.0,2995000,,,2.000000,ntoskrnl.exe,func@0x1402645a0,[Unknown],0x1402645a0
func@0x140264696,0.001000,0.001000,0.0,0.0,0,0.0,0.0,0.0,ntoskrnl.exe,func@0x140264696,[Unknown],0x140264696
func@0x1402665f0,0.001000,0.001000,0.0,0.0,0,0.0,0.0,0.0,ntoskrnl.exe,func@0x1402665f0,[Unknown],0x1402665f0
func@0x140274c30,0.001000,0.001000,0.0,0.0,0,0.0,0.0,,ntoskrnl.exe,func@0x140274c30,[Unknown],0x140274c30
func@0x140274f10,0.001000,0.001000,0.0,0.0,0,0.0,0.0,0.0,ntoskrnl.exe,func@0x140274f10,[Unknown],0x140274f10
func@0x140277070,0.001000,0.001000,0.0,0.0,0,16.7,16.7,0.0,ntoskrnl.exe,func@0x140277070,[Unknown],0x140277070
func@0x1402775d0,0.001000,0.001000,0.0,0.0,0,50.0,50.0,,ntoskrnl.exe,func@0x1402775d0,[Unknown],0x1402775d0
func@0x140278320,0.001000,0.001000,0.0,0.0,5990000,,,1.000000,ntoskrnl.exe,func@0x140278320,[Unknown],0x140278320
func@0x1402791e9,0.001000,0.001000,0.0,0.0,0,20.0,20.0,,ntoskrnl.exe,func@0x1402791e9,[Unknown],0x1402791e9
func@0x14027a888,0.001000,0.001000,0.0,0.0,11980000,16.1,16.1,0.500000,ntoskrnl.exe,func@0x14027a888,[Unknown],0x14027a888
func@0x14027cfe0,0.001000,0.001000,0.0,0.0,2995000,,,0.0,ntoskrnl.exe,func@0x14027cfe0,[Unknown],0x14027cfe0
func@0x140281b8b,0.001000,0.001000,0.0,0.0,0,9.1,9.1,0.0,ntoskrnl.exe,func@0x140281b8b,[Unknown],0x140281b8b
func@0x14028ad20,0.001000,0.001000,0.0,0.0,0,0.0,0.0,0.0,nvlddmkm.sys,func@0x14028ad20,[Unknown],0x14028ad20
func@0x14028b120,0.001000,0.001000,0.0,0.0,0,0.0,0.0,0.0,nvlddmkm.sys,func@0x14028b120,[Unknown],0x14028b120
func@0x140291740,0.001000,0.001000,0.0,0.0,2995000,0.0,0.0,1.000000,ntoskrnl.exe,func@0x140291740,[Unknown],0x140291740
func@0x1402925a0,0.001000,0.001000,0.0,0.0,2995000,0.0,0.0,0.0,ntoskrnl.exe,func@0x1402925a0,[Unknown],0x1402925a0
func@0x140299133,0.001000,0.001000,0.0,0.0,0,10.0,10.0,,ntoskrnl.exe,func@0x140299133,[Unknown],0x140299133
func@0x1402ac8cc,0.001000,0.001000,0.0,0.0,0,0.0,0.0,0.0,ntoskrnl.exe,func@0x1402ac8cc,[Unknown],0x1402ac8cc
func@0x1402ad98c,0.001000,0.001000,0.0,0.0,0,0.0,0.0,0.0,ntoskrnl.exe,func@0x1402ad98c,[Unknown],0x1402ad98c
func@0x1402b3e40,0.001000,0.001000,0.0,0.0,0,0.0,0.0,,ntoskrnl.exe,func@0x1402b3e40,[Unknown],0x1402b3e40
func@0x1402b80e8,0.001000,0.001000,0.0,0.0,11980000,22.3,22.3,0.750000,ntoskrnl.exe,func@0x1402b80e8,[Unknown],0x1402b80e8
func@0x1402ba110,0.001000,0.001000,0.0,0.0,2995000,0.0,0.0,0.0,ntoskrnl.exe,func@0x1402ba110,[Unknown],0x1402ba110
func@0x1402ba66c,0.001000,0.001000,0.0,0.0,0,20.0,20.0,,ntoskrnl.exe,func@0x1402ba66c,[Unknown],0x1402ba66c
func@0x1402bbdf0,0.001000,0.001000,0.0,0.0,0,0.0,0.0,0.0,ntoskrnl.exe,func@0x1402bbdf0,[Unknown],0x1402bbdf0
func@0x1402bc78b,0.001000,0.001000,0.0,0.0,0,0.0,0.0,0.0,ntoskrnl.exe,func@0x1402bc78b,[Unknown],0x1402bc78b
func@0x1402bfb80,0.001000,0.001000,0.0,0.0,2995000,0.0,0.0,0.0,ntoskrnl.exe,func@0x1402bfb80,[Unknown],0x1402bfb80
func@0x1402cbcc0,0.001000,0.001000,0.0,0.0,0,0.0,0.0,0.0,nvlddmkm.sys,func@0x1402cbcc0,[Unknown],0x1402cbcc0
func@0x1402ce31d,0.001000,0.001000,0.0,0.0,0,0.0,0.0,,ntoskrnl.exe,func@0x1402ce31d,[Unknown],0x1402ce31d
func@0x1402ce41d,0.001000,0.001000,0.0,0.0,0,0.0,0.0,0.0,ntoskrnl.exe,func@0x1402ce41d,[Unknown],0x1402ce41d
func@0x1402d7b50,0.001000,0.001000,0.0,0.0,0,0.0,0.0,0.0,ntoskrnl.exe,func@0x1402d7b50,[Unknown],0x1402d7b50
func@0x1402d8c70,0.001000,0.001000,0.0,0.0,0,,,0.0,ntoskrnl.exe,func@0x1402d8c70,[Unknown],0x1402d8c70
func@0x1402dd010,0.001000,0.001000,0.0,0.0,0,0.0,0.0,0.0,ntoskrnl.exe,func@0x1402dd010,[Unknown],0x1402dd010
func@0x1402dd6d0,0.001000,0.001000,0.0,0.0,0,0.0,0.0,,ntoskrnl.exe,func@0x1402dd6d0,[Unknown],0x1402dd6d0
func@0x1402de150,0.001000,0.001000,0.0,0.0,2995000,,,0.0,ntoskrnl.exe,func@0x1402de150,[Unknown],0x1402de150
func@0x1402dec80,0.001000,0.001000,0.0,0.0,2995000,0.0,0.0,1.000000,ntoskrnl.exe,func@0x1402dec80,[Unknown],0x1402dec80
func@0x1402e0180,0.001000,0.001000,0.0,0.0,0,0.0,0.0,0.0,ntoskrnl.exe,func@0x1402e0180,[Unknown],0x1402e0180
func@0x1402e5500,0.001000,0.001000,0.0,0.0,0,17.4,17.4,,ntoskrnl.exe,func@0x1402e5500,[Unknown],0x1402e5500
func@0x1402e74f4,0.001000,0.001000,0.0,0.0,2995000,0.0,0.0,0.0,ntoskrnl.exe,func@0x1402e74f4,[Unknown],0x1402e74f4
func@0x1402e9490,0.001000,0.001000,0.0,0.0,0,0.0,0.0,,ntoskrnl.exe,func@0x1402e9490,[Unknown],0x1402e9490
func@0x1402e9c23,0.001000,0.001000,0.0,0.0,5990000,0.0,0.0,0.0,ntoskrnl.exe,func@0x1402e9c23,[Unknown],0x1402e9c23
func@0x1402eab70,0.001000,0.001000,0.0,0.0,8985000,20.5,20.5,1.333333,ntoskrnl.exe,func@0x1402eab70,[Unknown],0x1402eab70
func@0x140300580,0.001000,0.001000,0.0,0.0,2995000,0.0,0.0,1.000000,ntoskrnl.exe,func@0x140300580,[Unknown],0x140300580
func@0x140300ab8,0.001000,0.001000,0.0,0.0,0,14.3,14.3,,ntoskrnl.exe,func@0x140300ab8,[Unknown],0x140300ab8
func@0x140302951,0.001000,0.001000,0.0,0.0,0,,,,ntoskrnl.exe,func@0x140302951,[Unknown],0x140302951
func@0x140305610,0.001000,0.001000,0.0,0.0,0,0.0,0.0,,nvlddmkm.sys,func@0x140305610,[Unknown],0x140305610
func@0x140305b50,0.001000,0.001000,0.0,0.0,0,,,,ntoskrnl.exe,func@0x140305b50,[Unknown],0x140305b50
func@0x140305d48,0.001000,0.001000,0.0,0.0,0,14.3,14.3,,ntoskrnl.exe,func@0x140305d48,[Unknown],0x140305d48
func@0x14030600c,0.001000,0.001000,0.0,0.0,0,0.0,0.0,,ntoskrnl.exe,func@0x14030600c,[Unknown],0x14030600c
func@0x140306730,0.001000,0.001000,0.0,0.0,0,0.0,0.0,,ntoskrnl.exe,func@0x140306730,[Unknown],0x140306730
func@0x14030e744,0.001000,0.001000,0.0,0.0,0,0.0,0.0,0.0,ntoskrnl.exe,func@0x14030e744,[Unknown],0x14030e744
func@0x14030ea50,0.001000,0.001000,0.0,0.0,0,0.0,0.0,0.0,ntoskrnl.exe,func@0x14030ea50,[Unknown],0x14030ea50
func@0x14030fab2,0.001000,0.001000,0.0,0.0,0,0.0,0.0,0.0,ntoskrnl.exe,func@0x14030fab2,[Unknown],0x14030fab2
func@0x14030fe85,0.001000,0.001000,0.0,0.0,14975000,8.8,8.8,1.000000,ntoskrnl.exe,func@0x14030fe85,[Unknown],0x14030fe85
func@0x14030ff60,0.001000,0.001000,0.0,0.0,11980000,,,0.500000,ntoskrnl.exe,func@0x14030ff60,[Unknown],0x14030ff60
func@0x14031fae0,0.001000,0.001000,0.0,0.0,0,50.0,50.0,0.0,ntoskrnl.exe,func@0x14031fae0,[Unknown],0x14031fae0
func@0x140320940,0.001000,0.001000,0.0,0.0,0,0.0,0.0,,ntoskrnl.exe,func@0x140320940,[Unknown],0x140320940
func@0x140323210,0.001000,0.001000,0.0,0.0,0,0.0,0.0,0.0,ntoskrnl.exe,func@0x140323210,[Unknown],0x140323210
func@0x140323ce0,0.001000,0.001000,0.0,0.0,0,0.0,0.0,0.0,ntoskrnl.exe,func@0x140323ce0,[Unknown],0x140323ce0
func@0x140324fc0,0.001000,0.001000,0.0,0.0,0,0.0,0.0,0.0,ntoskrnl.exe,func@0x140324fc0,[Unknown],0x140324fc0
func@0x14032546e,0.001000,0.001000,0.0,0.0,0,0.0,0.0,,ntoskrnl.exe,func@0x14032546e,[Unknown],0x14032546e
func@0x14032ac60,0.001000,0.001000,0.0,0.0,2995000,25.0,25.0,1.000000,ntoskrnl.exe,func@0x14032ac60,[Unknown],0x14032ac60
func@0x14032d637,0.001000,0.001000,0.0,0.0,0,0.0,0.0,0.0,ntoskrnl.exe,func@0x14032d637,[Unknown],0x14032d637
func@0x14032fb30,0.001000,0.001000,0.0,0.0,14975000,,,0.0,ntoskrnl.exe,func@0x14032fb30,[Unknown],0x14032fb30
func@0x1403300ea,0.001000,0.001000,0.0,0.0,8985000,,,1.333333,ntoskrnl.exe,func@0x1403300ea,[Unknown],0x1403300ea
func@0x14033b898,0.001000,0.001000,0.0,0.0,8985000,0.0,0.0,0.0,ntoskrnl.exe,func@0x14033b898,[Unknown],0x14033b898
func@0x14033f900,0.001000,0.001000,0.0,0.0,5990000,38.3,38.3,1.000000,ntoskrnl.exe,func@0x14033f900,[Unknown],0x14033f900
func@0x140346e20,0.001000,0.001000,0.0,0.0,0,0.0,0.0,0.0,ntoskrnl.exe,func@0x140346e20,[Unknown],0x140346e20
func@0x14034c120,0.001000,0.001000,0.0,0.0,8985000,,,0.333333,ntoskrnl.exe,func@0x14034c120,[Unknown],0x14034c120
func@0x14034fe80,0.001000,0.001000,0.0,0.0,0,,,0.0,ntoskrnl.exe,func@0x14034fe80,[Unknown],0x14034fe80
func@0x140359bc0,0.001000,0.001000,0.0,0.0,0,0.0,0.0,0.0,ntoskrnl.exe,func@0x140359bc0,[Unknown],0x140359bc0
func@0x1403622b0,0.001000,0.001000,0.0,0.0,5990000,0.0,0.0,1.500000,ntoskrnl.exe,func@0x1403622b0,[Unknown],0x1403622b0
func@0x140363a10,0.001000,0.001000,0.0,0.0,0,26.7,26.7,,ntoskrnl.exe,func@0x140363a10,[Unknown],0x140363a10
func@0x1403655f0,0.001000,0.001000,0.0,0.0,0,0.0,0.0,,ntoskrnl.exe,func@0x1403655f0,[Unknown],0x1403655f0
func@0x140366fe4,0.001000,0.001000,0.0,0.0,0,0.0,0.0,,ntoskrnl.exe,func@0x140366fe4,[Unknown],0x140366fe4
func@0x1403671a0,0.001000,0.001000,0.0,0.0,0,0.0,0.0,0.0,ntoskrnl.exe,func@0x1403671a0,[Unknown],0x1403671a0
func@0x140379ad0,0.001000,0.001000,0.0,0.0,0,0.0,0.0,0.0,ntoskrnl.exe,func@0x140379ad0,[Unknown],0x140379ad0
func@0x14039c9b0,0.001000,0.001000,0.0,0.0,0,0.0,0.0,0.0,nvlddmkm.sys,func@0x14039c9b0,[Unknown],0x14039c9b0
func@0x1403bc030,0.001000,0.001000,0.0,0.0,0,0.0,0.0,0.0,ntoskrnl.exe,func@0x1403bc030,[Unknown],0x1403bc030
func@0x1403be9f0,0.001000,0.001000,0.0,0.0,2995000,,,6.000000,ntoskrnl.exe,func@0x1403be9f0,[Unknown],0x1403be9f0
func@0x1403d2e10,0.001000,0.001000,0.0,0.0,0,0.0,0.0,,ntoskrnl.exe,func@0x1403d2e10,[Unknown],0x1403d2e10
func@0x1403d60a0,0.001000,0.001000,0.0,0.0,0,0.0,0.0,0.0,nvlddmkm.sys,func@0x1403d60a0,[Unknown],0x1403d60a0
func@0x1403dab74,0.001000,0.001000,0.0,0.0,0,,,0.0,ntoskrnl.exe,func@0x1403dab74,[Unknown],0x1403dab74
func@0x1403db170,0.001000,0.001000,0.0,0.0,8985000,17.3,17.3,0.666667,ntoskrnl.exe,func@0x1403db170,[Unknown],0x1403db170
func@0x1403dcf70,0.001000,0.001000,0.0,0.0,0,0.0,0.0,0.0,ntoskrnl.exe,func@0x1403dcf70,[Unknown],0x1403dcf70
func@0x1403dd460,0.001000,0.001000,0.0,0.0,0,0.0,0.0,0.0,ntoskrnl.exe,func@0x1403dd460,[Unknown],0x1403dd460
func@0x1403eb0d0,0.001000,0.001000,0.0,0.0,0,0.0,0.0,0.0,ntoskrnl.exe,func@0x1403eb0d0,[Unknown],0x1403eb0d0
func@0x1403ed850,0.001000,0.001000,0.0,0.0,0,26.7,26.7,,ntoskrnl.exe,func@0x1403ed850,[Unknown],0x1403ed850
func@0x1403ed984,0.001000,0.001000,0.0,0.0,0,26.7,26.7,,ntoskrnl.exe,func@0x1403ed984,[Unknown],0x1403ed984
func@0x1403ee081,0.001000,0.001000,0.0,0.0,2995000,13.4,13.4,1.000000,ntoskrnl.exe,func@0x1403ee081,[Unknown],0x1403ee081
func@0x140402e60,0.001000,0.001000,0.0,0.0,5990000,24.5,24.5,1.500000,ntoskrnl.exe,func@0x140402e60,[Unknown],0x140402e60
func@0x14040842d,0.001000,0.001000,0.0,0.0,0,0.0,0.0,0.0,ntoskrnl.exe,func@0x14040842d,[Unknown],0x14040842d
func@0x140411741,0.001000,0.001000,0.0,0.0,2995000,0.0,0.0,0.0,ntoskrnl.exe,func@0x140411741,[Unknown],0x140411741
func@0x14042d0b8,0.001000,0.001000,0.0,0.0,2995000,8.9,8.9,3.000000,ntoskrnl.exe,func@0x14042d0b8,[Unknown],0x14042d0b8
func@0x14042d5e0,0.001000,0.001000,0.0,0.0,0,0.0,0.0,,ntoskrnl.exe,func@0x14042d5e0,[Unknown],0x14042d5e0
func@0x14042dbc0,0.001000,0.001000,0.0,0.0,0,22.7,22.7,,ntoskrnl.exe,func@0x14042dbc0,[Unknown],0x14042dbc0
func@0x140439990,0.001000,0.001000,0.0,0.0,11980000,26.7,26.7,0.500000,ntoskrnl.exe,func@0x140439990,[Unknown],0x140439990
func@0x14043c6a0,0.001000,0.001000,0.0,0.0,0,,,0.0,ntoskrnl.exe,func@0x14043c6a0,[Unknown],0x14043c6a0
func@0x140448414,0.001000,0.001000,0.0,0.0,0,0.0,0.0,0.0,ntoskrnl.exe,func@0x140448414,[Unknown],0x140448414
func@0x140465544,0.001000,0.001000,0.0,0.0,0,0.0,0.0,0.0,ntoskrnl.exe,func@0x140465544,[Unknown],0x140465544
func@0x140465958,0.001000,0.001000,0.0,0.0,0,0.0,0.0,0.0,ntoskrnl.exe,func@0x140465958,[Unknown],0x140465958
func@0x140472800,0.001000,0.001000,0.0,0.0,0,0.0,0.0,0.0,ntoskrnl.exe,func@0x140472800,[Unknown],0x140472800
func@0x14047cb44,0.001000,0.001000,0.0,0.0,0,10.5,10.5,,ntoskrnl.exe,func@0x14047cb44,[Unknown],0x14047cb44
func@0x1404f2b10,0.001000,0.001000,0.0,0.0,0,0.0,0.0,0.0,ntoskrnl.exe,func@0x1404f2b10,[Unknown],0x1404f2b10
func@0x1405d2640,0.001000,0.001000,0.0,0.0,0,0.0,0.0,,ntoskrnl.exe,func@0x1405d2640,[Unknown],0x1405d2640
func@0x1406ab5b0,0.001000,0.001000,0.0,0.0,0,0.0,0.0,0.0,ntoskrnl.exe,func@0x1406ab5b0,[Unknown],0x1406ab5b0
func@0x1406b48b0,0.001000,0.001000,0.0,0.0,2995000,32.3,32.3,2.000000,ntoskrnl.exe,func@0x1406b48b0,[Unknown],0x1406b48b0
func@0x1406b4933,0.001000,0.001000,0.0,0.0,0,0.0,0.0,0.0,ntoskrnl.exe,func@0x1406b4933,[Unknown],0x1406b4933
func@0x1406c0380,0.001000,0.001000,0.0,0.0,2995000,0.0,0.0,1.000000,ntoskrnl.exe,func@0x1406c0380,[Unknown],0x1406c0380
func@0x1406ecb20,0.001000,0.001000,0.0,0.0,0,0.0,0.0,,nvlddmkm.sys,func@0x1406ecb20,[Unknown],0x1406ecb20
func@0x140768b10,0.001000,0.001000,0.0,0.0,0,0.0,0.0,,nvlddmkm.sys,func@0x140768b10,[Unknown],0x140768b10
func@0x1408450a6,0.001000,0.001000,0.0,0.0,0,0.0,0.0,0.0,ntoskrnl.exe,func@0x1408450a6,[Unknown],0x1408450a6
func@0x140849f13,0.001000,0.001000,0.0,0.0,2995000,0.0,0.0,0.0,ntoskrnl.exe,func@0x140849f13,[Unknown],0x140849f13
func@0x14084bf80,0.001000,0.001000,0.0,0.0,5990000,30.8,30.8,1.500000,ntoskrnl.exe,func@0x14084bf80,[Unknown],0x14084bf80
func@0x140863dca,0.001000,0.001000,0.0,0.0,11980000,32.3,32.3,0.500000,ntoskrnl.exe,func@0x140863dca,[Unknown],0x140863dca
func@0x140899770,0.001000,0.001000,0.0,0.0,0,0.0,0.0,0.0,ntoskrnl.exe,func@0x140899770,[Unknown],0x140899770
func@0x14089b6f0,0.001000,0.001000,0.0,0.0,5990000,0.0,0.0,0.0,ntoskrnl.exe,func@0x14089b6f0,[Unknown],0x14089b6f0
func@0x1408a6280,0.001000,0.001000,0.0,0.0,0,0.0,0.0,0.0,ntoskrnl.exe,func@0x1408a6280,[Unknown],0x1408a6280
func@0x1408aa430,0.001000,0.001000,0.0,0.0,0,0.0,0.0,0.0,nvlddmkm.sys,func@0x1408aa430,[Unknown],0x1408aa430
func@0x1408c7720,0.001000,0.001000,0.0,0.0,0,0.0,0.0,0.0,nvlddmkm.sys,func@0x1408c7720,[Unknown],0x1408c7720
func@0x140975606,0.001000,0.001000,0.0,0.0,0,0.0,0.0,0.0,ntoskrnl.exe,func@0x140975606,[Unknown],0x140975606
func@0x1409af14c,0.001000,0.001000,0.0,0.0,0,0.0,0.0,0.0,ntoskrnl.exe,func@0x1409af14c,[Unknown],0x1409af14c
func@0x1409e485b,0.001000,0.001000,0.0,0.0,0,0.0,0.0,0.0,ntoskrnl.exe,func@0x1409e485b,[Unknown],0x1409e485b
func@0x140a8b960,0.001000,0.001000,0.0,0.0,0,0.0,0.0,,nvlddmkm.sys,func@0x140a8b960,[Unknown],0x140a8b960
func@0x140a8be8f,0.001000,0.001000,0.0,0.0,0,0.0,0.0,0.0,nvlddmkm.sys,func@0x140a8be8f,[Unknown],0x140a8be8f
func@0x140a8c9af,0.001000,0.001000,0.0,0.0,0,,,,nvlddmkm.sys,func@0x140a8c9af,[Unknown],0x140a8c9af
func@0x140a8f8a0,0.001000,0.001000,0.0,0.0,0,0.0,0.0,,nvlddmkm.sys,func@0x140a8f8a0,[Unknown],0x140a8f8a0
func@0x140b4f430,0.001000,0.001000,0.0,0.0,0,0.0,0.0,0.0,nvlddmkm.sys,func@0x140b4f430,[Unknown],0x140b4f430
func@0x140b53000,0.001000,0.001000,0.0,0.0,0,0.0,0.0,0.0,nvlddmkm.sys,func@0x140b53000,[Unknown],0x140b53000
func@0x140b71508,0.001000,0.001000,0.0,0.0,2995000,0.0,0.0,1.000000,ntoskrnl.exe,func@0x140b71508,[Unknown],0x140b71508
func@0x140d3eb40,0.001000,0.001000,0.0,0.0,0,0.0,0.0,,nvlddmkm.sys,func@0x140d3eb40,[Unknown],0x140d3eb40
func@0x140d7cbd0,0.001000,0.001000,0.0,0.0,0,0.0,0.0,0.0,nvlddmkm.sys,func@0x140d7cbd0,[Unknown],0x140d7cbd0
func@0x140d7da00,0.001000,0.001000,0.0,0.0,0,0.0,0.0,0.0,nvlddmkm.sys,func@0x140d7da00,[Unknown],0x140d7da00
func@0x140d83010,0.001000,0.001000,0.0,0.0,0,0.0,0.0,0.0,nvlddmkm.sys,func@0x140d83010,[Unknown],0x140d83010
func@0x140d86100,0.001000,0.001000,0.0,0.0,0,0.0,0.0,,nvlddmkm.sys,func@0x140d86100,[Unknown],0x140d86100
func@0x140d8b2b0,0.001000,0.001000,0.0,0.0,0,0.0,0.0,,nvlddmkm.sys,func@0x140d8b2b0,[Unknown],0x140d8b2b0
func@0x140d91710,0.001000,0.001000,0.0,0.0,0,0.0,0.0,,nvlddmkm.sys,func@0x140d91710,[Unknown],0x140d91710
func@0x140d937f0,0.001000,0.001000,0.0,0.0,0,0.0,0.0,0.0,nvlddmkm.sys,func@0x140d937f0,[Unknown],0x140d937f0
func@0x140d946b0,0.001000,0.001000,0.0,0.0,0,0.0,0.0,0.0,nvlddmkm.sys,func@0x140d946b0,[Unknown],0x140d946b0
func@0x140d946f0,0.001000,0.001000,0.0,0.0,0,0.0,0.0,0.0,nvlddmkm.sys,func@0x140d946f0,[Unknown],0x140d946f0
func@0x140d9b380,0.001000,0.001000,0.0,0.0,0,0.0,0.0,0.0,nvlddmkm.sys,func@0x140d9b380,[Unknown],0x140d9b380
func@0x140d9c170,0.001000,0.001000,0.0,0.0,0,0.0,0.0,0.0,nvlddmkm.sys,func@0x140d9c170,[Unknown],0x140d9c170
func@0x140da5730,0.001000,0.001000,0.0,0.0,0,0.0,0.0,0.0,nvlddmkm.sys,func@0x140da5730,[Unknown],0x140da5730
func@0x140da5750,0.001000,0.001000,0.0,0.0,0,0.0,0.0,0.0,nvlddmkm.sys,func@0x140da5750,[Unknown],0x140da5750
func@0x140da57a0,0.001000,0.001000,0.0,0.0,0,0.0,0.0,0.0,nvlddmkm.sys,func@0x140da57a0,[Unknown],0x140da57a0
func@0x140da5a70,0.001000,0.001000,0.0,0.0,0,0.0,0.0,,nvlddmkm.sys,func@0x140da5a70,[Unknown],0x140da5a70
func@0x140da67d0,0.001000,0.001000,0.0,0.0,0,0.0,0.0,0.0,nvlddmkm.sys,func@0x140da67d0,[Unknown],0x140da67d0
func@0x140dac730,0.001000,0.001000,0.0,0.0,0,0.0,0.0,0.0,nvlddmkm.sys,func@0x140dac730,[Unknown],0x140dac730
func@0x140daedc0,0.001000,0.001000,0.0,0.0,0,0.0,0.0,0.0,nvlddmkm.sys,func@0x140daedc0,[Unknown],0x140daedc0
func@0x140dba5f0,0.001000,0.001000,0.0,0.0,0,0.0,0.0,,nvlddmkm.sys,func@0x140dba5f0,[Unknown],0x140dba5f0
func@0x140dc4a30,0.001000,0.001000,0.0,0.0,5990000,100.0,100.0,0.500000,nvlddmkm.sys,func@0x140dc4a30,[Unknown],0x140dc4a30
func@0x140dc9a80,0.001000,0.001000,0.0,0.0,0,0.0,0.0,0.0,nvlddmkm.sys,func@0x140dc9a80,[Unknown],0x140dc9a80
func@0x140dce160,0.001000,0.001000,0.0,0.0,0,0.0,0.0,0.0,nvlddmkm.sys,func@0x140dce160,[Unknown],0x140dce160
func@0x140dd3800,0.001000,0.001000,0.0,0.0,0,0.0,0.0,,nvlddmkm.sys,func@0x140dd3800,[Unknown],0x140dd3800
func@0x140df3140,0.001000,0.001000,0.0,0.0,0,0.0,0.0,0.0,nvlddmkm.sys,func@0x140df3140,[Unknown],0x140df3140
func@0x140df34f0,0.001000,0.001000,0.0,0.0,0,0.0,0.0,,nvlddmkm.sys,func@0x140df34f0,[Unknown],0x140df34f0
func@0x140df3700,0.001000,0.001000,0.0,0.0,0,0.0,0.0,0.0,nvlddmkm.sys,func@0x140df3700,[Unknown],0x140df3700
func@0x140e02500,0.001000,0.001000,0.0,0.0,0,0.0,0.0,0.0,nvlddmkm.sys,func@0x140e02500,[Unknown],0x140e02500
func@0x140e08f30,0.001000,0.001000,0.0,0.0,0,0.0,0.0,,nvlddmkm.sys,func@0x140e08f30,[Unknown],0x140e08f30
func@0x140e0bf80,0.001000,0.001000,0.0,0.0,0,0.0,0.0,0.0,nvlddmkm.sys,func@0x140e0bf80,[Unknown],0x140e0bf80
func@0x140e18610,0.001000,0.001000,0.0,0.0,0,0.0,0.0,,nvlddmkm.sys,func@0x140e18610,[Unknown],0x140e18610
func@0x140e1bc30,0.001000,0.001000,0.0,0.0,2995000,0.0,0.0,0.0,nvlddmkm.sys,func@0x140e1bc30,[Unknown],0x140e1bc30
func@0x140e1bf50,0.001000,0.001000,0.0,0.0,2995000,,,0.0,nvlddmkm.sys,func@0x140e1bf50,[Unknown],0x140e1bf50
func@0x140e1c7d0,0.001000,0.001000,0.0,0.0,0,0.0,0.0,0.0,nvlddmkm.sys,func@0x140e1c7d0,[Unknown],0x140e1c7d0
func@0x140e1cd10,0.001000,0.001000,0.0,0.0,0,0.0,0.0,0.0,nvlddmkm.sys,func@0x140e1cd10,[Unknown],0x140e1cd10
func@0x140e378a0,0.001000,0.001000,0.0,0.0,0,50.0,50.0,,nvlddmkm.sys,func@0x140e378a0,[Unknown],0x140e378a0
func@0x140e37e30,0.001000,0.001000,0.0,0.0,2995000,0.0,0.0,1.000000,nvlddmkm.sys,func@0x140e37e30,[Unknown],0x140e37e30
func@0x141a30b90,0.001000,0.001000,0.0,0.0,0,0.0,0.0,,nvlddmkm.sys,func@0x141a30b90,[Unknown],0x141a30b90
func@0x180003940,0.001000,0.001000,0.0,0.0,0,0.0,0.0,,ucrtbase.dll,func@0x180003940,[Unknown],0x180003940
func@0x1800060f0,0.001000,0.001000,0.0,0.0,2995000,,,1.000000,fltmgr.sys,func@0x1800060f0,[Unknown],0x1800060f0
func@0x18000b520,0.001000,0.001000,0.0,0.0,8985000,,,1.000000,fltmgr.sys,func@0x18000b520,[Unknown],0x18000b520
func@0x18000b720,0.001000,0.001000,0.0,0.0,0,0.0,0.0,,ntdll.dll,func@0x18000b720,[Unknown],0x18000b720
func@0x18000bec7,0.001000,0.001000,0.0,0.0,0,0.0,0.0,0.0,ntdll.dll,func@0x18000bec7,[Unknown],0x18000bec7
func@0x18000c0f0,0.001000,0.001000,0.0,0.0,0,,,,fltmgr.sys,func@0x18000c0f0,[Unknown],0x18000c0f0
func@0x18000d860,0.001000,0.001000,0.0,0.0,0,,,0.0,fltmgr.sys,func@0x18000d860,[Unknown],0x18000d860
func@0x18000e4e0,0.001000,0.001000,0.0,0.0,0,17.4,17.4,,fltmgr.sys,func@0x18000e4e0,[Unknown],0x18000e4e0
func@0x18000e651,0.001000,0.001000,0.0,0.0,0,0.0,0.0,0.0,fltmgr.sys,func@0x18000e651,[Unknown],0x18000e651
func@0x180013230,0.001000,0.001000,0.0,0.0,0,0.0,0.0,0.0,ucrtbase.dll,func@0x180013230,[Unknown],0x180013230
func@0x18001b8e0,0.001000,0.001000,0.0,0.0,2995000,0.0,0.0,0.0,fltmgr.sys,func@0x18001b8e0,[Unknown],0x18001b8e0
func@0x180021f80,0.001000,0.001000,0.0,0.0,0,0.0,0.0,0.0,ntdll.dll,func@0x180021f80,[Unknown],0x180021f80
func@0x180024840,0.001000,0.001000,0.0,0.0,0,0.0,0.0,0.0,fltmgr.sys,func@0x180024840,[Unknown],0x180024840
func@0x1800260eb,0.001000,0.001000,0.0,0.0,0,0.0,0.0,0.0,ntdll.dll,func@0x1800260eb,[Unknown],0x1800260eb
func@0x18003d480,0.001000,0.001000,0.0,0.0,0,0.0,0.0,,ntdll.dll,func@0x18003d480,[Unknown],0x18003d480
func@0x18004ce88,0.001000,0.001000,0.0,0.0,0,0.0,0.0,0.0,msvcp140.dll,func@0x18004ce88,[Unknown],0x18004ce88
func@0x18004d460,0.001000,0.001000,0.0,0.0,0,0.0,0.0,0.0,msvcp140.dll,func@0x18004d460,[Unknown],0x18004d460
func@0x1800506f0,0.001000,0.001000,0.0,0.0,2995000,0.0,0.0,0.0,cng.sys,func@0x1800506f0,[Unknown],0x1800506f0
func@0x18005dca0,0.001000,0.001000,0.0,0.0,0,0.0,0.0,0.0,ucrtbase.dll,func@0x18005dca0,[Unknown],0x18005dca0
func@0x18006e230,0.001000,0.001000,0.0,0.0,0,0.0,0.0,,crypt32.dll,func@0x18006e230,[Unknown],0x18006e230
func@0x18006e490,0.001000,0.001000,0.0,0.0,0,0.0,0.0,0.0,crypt32.dll,func@0x18006e490,[Unknown],0x18006e490
func@0x180073aa0,0.001000,0.001000,0.0,0.0,0,0.0,0.0,0.0,ntdll.dll,func@0x180073aa0,[Unknown],0x180073aa0
func@0x180074480,0.001000,0.001000,0.0,0.0,2995000,0.0,0.0,1.000000,ntdll.dll,func@0x180074480,[Unknown],0x180074480
func@0x180077040,0.001000,0.001000,0.0,0.0,0,33.3,33.3,,ntdll.dll,func@0x180077040,[Unknown],0x180077040
func@0x180078db1,0.001000,0.001000,0.0,0.0,11980000,,,0.250000,ntdll.dll,func@0x180078db1,[Unknown],0x180078db1
func@0x180089920,0.001000,0.001000,0.0,0.0,0,0.0,0.0,0.0,gdi32full.dll,func@0x180089920,[Unknown],0x180089920
func@0x1800b5520,0.001000,0.001000,0.0,0.0,0,0.0,0.0,0.0,crypt32.dll,func@0x1800b5520,[Unknown],0x1800b5520
func@0x1800bb3f0,0.001000,0.001000,0.0,0.0,0,0.0,0.0,0.0,ntdll.dll,func@0x1800bb3f0,[Unknown],0x1800bb3f0
func@0x1800bb4f4,0.001000,0.001000,0.0,0.0,0,0.0,0.0,0.0,ntdll.dll,func@0x1800bb4f4,[Unknown],0x1800bb4f4
func@0x1800bf400,0.001000,0.001000,0.0,0.0,0,0.0,0.0,0.0,kernelbase.dll,func@0x1800bf400,[Unknown],0x1800bf400
func@0x180167fc0,0.001000,0.001000,0.0,0.0,0,0.0,0.0,0.0,ntdll.dll,func@0x180167fc0,[Unknown],0x180167fc0
func@0x24f60,0.001000,0.001000,0.0,0.0,0,0.0,0.0,0.0,vtss.sys,func@0x24f60,[Unknown],0x24f60
gen_captures,0.001000,0.001000,0.0,0.0,2995000,,,0.0,frankycpp_v1.4.exe,"gen_captures(const struct Pos *, unsigned short *)",tbchess.c,0x140279b10
makePiece,0.001000,0.001000,0.0,0.0,17970000,84.3,84.3,0.500000,frankycpp_v1.4.exe,makePiece,piece.h,0x140238fab
memset,0.001000,0.001000,0.0,0.0,14975000,8.1,8.1,0.600000,vcruntime140.dll,memset,[Unknown],0x1800126e0
moveValueGreaterComparator::operator(),0.001000,0.001000,0.0,0.0,2995000,,,0.0,frankycpp_v1.4.exe,moveValueGreaterComparator::operator(),move.h,0x14021b186
open_tb,0.001000,0.001000,0.0,0.0,2995000,0.0,0.0,1.000000,frankycpp_v1.4.exe,"open_tb(const char *, const char *)",tbprobe.c,0x140277cb0
operator!=,0.001000,0.001000,0.0,0.0,0,,,0.0,frankycpp_v1.4.exe,operator!=,color.h,0x1402457aa
operator&,0.001000,0.001000,0.0,0.0,11980000,11.8,11.8,0.750000,frankycpp_v1.4.exe,operator&,bitboard.h,0x1402410fa
operator&,0.001000,0.001000,0.0,0.0,35940000,66.8,66.8,0.083333,frankycpp_v1.4.exe,operator&,bitboard.h,0x140240967
operator&,0.001000,0.001000,0.0,0.0,8985000,,,0.0,frankycpp_v1.4.exe,operator&,bitboard.h,0x140241294
operator&,0.001000,0.001000,0.0,0.0,8985000,15.4,15.4,0.666667,frankycpp_v1.4.exe,operator&,bitboard.h,0x14023fcb4
operator+,0.001000,0.001000,0.0,0.0,41930000,51.2,51.2,0.142857,frankycpp_v1.4.exe,operator+,depth.h,0x1402094e4
operator+,0.001000,0.001000,0.0,0.0,11980000,36.8,36.8,0.750000,frankycpp_v1.4.exe,operator+,direction.h,0x140239623
operator+,0.001000,0.001000,0.0,0.0,0,13.4,13.4,,frankycpp_v1.4.exe,operator+,value.h,0x140209505
operator+,0.001000,0.001000,0.0,0.0,2995000,6.5,6.5,3.000000,frankycpp_v1.4.exe,operator+,depth.h,0x1401fde8d
operator+=,0.001000,0.001000,0.0,0.0,2995000,,,2.000000,frankycpp_v1.4.exe,operator+=,value.h,0x14024578a
operator+=,0.001000,0.001000,0.0,0.0,2995000,32.3,32.3,4.000000,frankycpp_v1.4.exe,operator+=,value.h,0x1402092d8
operator+=,0.001000,0.001000,0.0,0.0,20965000,,,0.0,frankycpp_v1.4.exe,operator+=,value.h,0x140245774
operator-,0.001000,0.001000,0.0,0.0,11980000,100.0,100.0,0.750000,frankycpp_v1.4.exe,operator-,value.h,0x14024016c
operator-,0.001000,0.001000,0.0,0.0,8985000,,,0.333333,frankycpp_v1.4.exe,operator-,value.h,0x1402404ae
operator-,0.001000,0.001000,0.0,0.0,0,0.0,0.0,0.0,frankycpp_v1.4.exe,operator-,value.h,0x140209b02
operator>,0.001000,0.001000,0.0,0.0,2995000,,,1.000000,frankycpp_v1.4.exe,operator>,value.h,0x14020933c
operator>=,0.001000,0.001000,0.0,0.0,2995000,,,0.0,frankycpp_v1.4.exe,operator>=,value.h,0x1402099a3
operator~,0.001000,0.001000,0.0,0.0,5990000,0.0,0.0,1.500000,frankycpp_v1.4.exe,operator~,color.h,0x14023949d
pieces_by_type,0.001000,0.001000,0.0,0.0,14975000,31.6,31.6,0.400000,frankycpp_v1.4.exe,"pieces_by_type(const struct Pos *, Color, PieceType)",tbchess.c,0x140277fc0
rook_attacks,0.001000,0.001000,0.0,0.0,2995000,,,2.000000,frankycpp_v1.4.exe,"rook_attacks(unsigned int, unsigned __int64)",tbchess.c,0x140278e60
round,0.001000,0.001000,0.0,0.0,29950000,,,0.0,ucrtbase.dll,round,[Unknown],0x1800ab240
std::_Ref_count_base::_Decwref,0.001000,0.001000,0.0,0.0,0,0.0,0.0,0.0,frankycpp_v1.4.exe,std::_Ref_count_base::_Decwref,memory,0x14017c075
"std::_Tree<std::_Tset_traits<boost::archive::detail::basic_iarchive_impl::cobject_type,std::less<boost::archive::detail::basic_iarchive_impl::cobject_type>,std::allocator<boost::archive::detail::basic_iarchive_impl::cobject_type>,0> >::insert",0.001000,0.001000,0.0,0.0,11980000,100.0,100.0,0.0,frankycpp_v1.4.exe,"std::_Tree<std::_Tset_traits<boost::archive::detail::basic_iarchive_impl::cobject_type,std::less<boost::archive::detail::basic_iarchive_impl::cobject_type>,std::allocator<boost::archive::detail::basic_iarchive_impl::cobject_type>,0> >::insert",xtree,0x140283638
"std::_Uninitialized_backout<std::_List_unchecked_iterator<std::_List_val<std::_List_simple_types<std::pair<unsigned __int64 const ,BookEntry> > > > *>::_Emplace_back",0.001000,0.001000,0.0,0.0,2995000,0.0,0.0,1.000000,frankycpp_v1.4.exe,"std::_Uninitialized_backout<std::_List_unchecked_iterator<std::_List_val<std::_List_simple_types<std::pair<unsigned __int64 const ,BookEntry> > > > *>::_Emplace_back",xmemory,0x140258860
"std::array<Value,25>::operator[]",0.001000,0.001000,0.0,0.0,62895000,100.0,100.0,0.190476,frankycpp_v1.4.exe,"std::array<Value,25>::operator[]",array,0x140241011
"std::array<Value,25>::operator[]",0.001000,0.001000,0.0,0.0,0,,,0.0,frankycpp_v1.4.exe,"std::array<Value,25>::operator[]",array,0x1402407b9
"std::array<std::array<Move,128>,128>::operator[]",0.001000,0.001000,0.0,0.0,2995000,0.0,0.0,0.0,frankycpp_v1.4.exe,"std::array<std::array<Move,128>,128>::operator[]",array,0x1401fdf22
"std::basic_ostream<char,struct std::char_traits<char> >::operator<<",0.001000,0.001000,0.0,0.0,0,0.0,0.0,0.0,msvcp140.dll,"std::basic_ostream<char,struct std::char_traits<char> >::operator<<(int)",[Unknown],0x18003d320
"std::basic_streambuf<char,struct std::char_traits<char> >::sputn",0.001000,0.001000,0.0,0.0,0,0.0,0.0,0.0,msvcp140.dll,"std::basic_streambuf<char,struct std::char_traits<char> >::sputn(char const * __ptr64,__int64)",[Unknown],0x180009140
std::countr_zero,0.001000,0.001000,0.0,0.0,23960000,26.0,26.0,0.750000,frankycpp_v1.4.exe,std::countr_zero,bit,0x1402401f3
std::countr_zero,0.001000,0.001000,0.0,0.0,2995000,0.0,0.0,0.0,frankycpp_v1.4.exe,std::countr_zero,bit,0x1402408a8
std::min,0.001000,0.001000,0.0,0.0,0,,,0.0,frankycpp_v1.4.exe,std::min,utility,0x14011ab69
std::popcount,0.001000,0.001000,0.0,0.0,17970000,50.5,50.5,0.333333,frankycpp_v1.4.exe,std::popcount,bit,0x1402456a8
std::popcount,0.001000,0.001000,0.0,0.0,5990000,20.5,20.5,0.500000,frankycpp_v1.4.exe,std::popcount,bit,0x14024567b
std::popcount,0.001000,0.001000,0.0,0.0,2995000,,,1.000000,frankycpp_v1.4.exe,std::popcount,bit,0x140208f45
std::ranges::_Move_unchecked,0.001000,0.001000,0.0,0.0,14975000,13.1,13.1,1.000000,frankycpp_v1.4.exe,std::ranges::_Move_unchecked,algorithm,0x14021ce94
std::ranges::_Stable_sort_fn::_Insertion_sort_isort_max_chunks,0.001000,0.001000,0.0,0.0,0,0.0,0.0,,frankycpp_v1.4.exe,std::ranges::_Stable_sort_fn::_Insertion_sort_isort_max_chunks,algorithm,0x14021ad42
std::shared_ptr<YAML::detail::memory_holder>::{dtor},0.001000,0.001000,0.0,0.0,0,0.0,0.0,0.0,frankycpp_v1.4.exe,std::shared_ptr<YAML::detail::memory_holder>::{dtor},memory,0x1401830b6
"std::vector<unsigned __int64,class std::allocator<unsigned __int64> >::_Change_array",0.001000,0.001000,0.0,0.0,11980000,0.0,0.0,0.250000,frankycpp_v1.4.exe,"std::vector<unsigned __int64,class std::allocator<unsigned __int64> >::_Change_array(unsigned __int64 * const,unsigned __int64,unsigned __int64)",vector,0x140259810
"std::vector<unsigned __int64,std::allocator<unsigned __int64> >::_Tidy",0.001000,0.001000,0.0,0.0,2995000,0.0,0.0,4.000000,frankycpp_v1.4.exe,"std::vector<unsigned __int64,std::allocator<unsigned __int64> >::_Tidy",vector,0x140216439
tablebase::Tablebase::tbValueToScore,0.001000,0.001000,0.0,0.0,0,0.0,0.0,0.0,frankycpp_v1.4.exe,"tablebase::Tablebase::tbValueToScore(enum tablebase::TBResult,enum Depth)",Tablebase.cpp,0x140276af0
tb_probe_wdl_impl,0.001000,0.001000,0.0,0.0,0,13.4,13.4,,frankycpp_v1.4.exe,tb_probe_wdl_impl,tbprobe.c,0x14027a870
typeOf,0.001000,0.001000,0.0,0.0,2995000,,,1.000000,frankycpp_v1.4.exe,typeOf,piece.h,0x140240455
Attacks::detail::fill,0.0,0.0,0.0,0.0,2995000,0.0,0.0,0.0,frankycpp_v1.4.exe,"Attacks::detail::fill(class Bitboard * const,class std::array<struct Attacks::detail::Magic,64> const &,class Direction const * const)",attacks.cpp,0x140166ca0
Bitboard::popLSB,0.0,0.0,0.0,0.0,5990000,,,2.000000,frankycpp_v1.4.exe,Bitboard::popLSB,bitboard.h,0x140240aa0
Direction::operator int,0.0,0.0,0.0,0.0,0,100.0,100.0,,frankycpp_v1.4.exe,Direction::operator int,direction.h,0x1402406d7
Direction::pawnPush,0.0,0.0,0.0,0.0,29950000,22.0,22.0,0.300000,frankycpp_v1.4.exe,Direction::pawnPush,direction.h,0x140245557
Direction::pawnPush,0.0,0.0,0.0,0.0,5990000,,,0.500000,frankycpp_v1.4.exe,Direction::pawnPush,direction.h,0x1402398a8
Direction::pawnPush,0.0,0.0,0.0,0.0,2995000,0.0,0.0,0.0,frankycpp_v1.4.exe,Direction::pawnPush,direction.h,0x1402392a5
ExAcquireAutoExpandPushLockExclusive,0.0,0.0,0.0,0.0,0,50.0,50.0,,ntoskrnl.exe,ExAcquireAutoExpandPushLockExclusive,[Unknown],0x1402e6d30
ExAcquireAutoExpandPushLockShared,0.0,0.0,0.0,0.0,5990000,25.0,25.0,0.0,ntoskrnl.exe,ExAcquireAutoExpandPushLockShared,[Unknown],0x1402e83d0
ExAcquireFastResourceShared,0.0,0.0,0.0,0.0,0,25.0,25.0,,ntoskrnl.exe,ExAcquireFastResourceShared,[Unknown],0x1402e9a60
ExReleaseFastMutex,0.0,0.0,0.0,0.0,5990000,0.0,0.0,0.500000,ntoskrnl.exe,ExReleaseFastMutex,[Unknown],0x1403002b0
ExReleasePushLockEx,0.0,0.0,0.0,0.0,2995000,,,0.0,ntoskrnl.exe,ExReleasePushLockEx,[Unknown],0x140281940
FltIs32bitProcess,0.0,0.0,0.0,0.0,2995000,0.0,0.0,0.0,fltmgr.sys,FltIs32bitProcess,[Unknown],0x180013030
FltReleaseContext,0.0,0.0,0.0,0.0,2995000,,,0.0,fltmgr.sys,FltReleaseContext,[Unknown],0x180003820
FltReleaseFileNameInformation,0.0,0.0,0.0,0.0,2995000,0.0,0.0,2.000000,fltmgr.sys,FltReleaseFileNameInformation,[Unknown],0x180059630
FsRtlAreNamesEqual,0.0,0.0,0.0,0.0,2995000,50.0,50.0,0.0,ntoskrnl.exe,FsRtlAreNamesEqual,[Unknown],0x1402f08e0
FsRtlDissectName,0.0,0.0,0.0,0.0,11980000,25.4,25.4,0.250000,ntoskrnl.exe,FsRtlDissectName,[Unknown],0x140401860
FsRtlFindExtraCreateParameter,0.0,0.0,0.0,0.0,2995000,0.0,0.0,0.0,ntoskrnl.exe,FsRtlFindExtraCreateParameter,[Unknown],0x140990470
IoAllocateMdl,0.0,0.0,0.0,0.0,2995000,0.0,0.0,0.0,ntoskrnl.exe,IoAllocateMdl,[Unknown],0x14028b000
IoQueueWorkItemEx,0.0,0.0,0.0,0.0,2995000,,,0.0,ntoskrnl.exe,IoQueueWorkItemEx,[Unknown],0x14043ee40
IoWithinStackLimits,0.0,0.0,0.0,0.0,2995000,0.0,0.0,0.0,ntoskrnl.exe,IoWithinStackLimits,[Unknown],0x1403fa080
KeAddGroupAffinityEx,0.0,0.0,0.0,0.0,2995000,,,0.0,ntoskrnl.exe,KeAddGroupAffinityEx,[Unknown],0x14027a510
KeAddProcessorAffinityEx,0.0,0.0,0.0,0.0,2995000,,,0.0,ntoskrnl.exe,KeAddProcessorAffinityEx,[Unknown],0x14027a540
KeClearEvent,0.0,0.0,0.0,0.0,2995000,0.0,0.0,0.0,ntoskrnl.exe,KeClearEvent,[Unknown],0x1402b22d0
KeCountSetBitsAffinityEx,0.0,0.0,0.0,0.0,2995000,,,0.0,ntoskrnl.exe,KeCountSetBitsAffinityEx,[Unknown],0x1403bbec0
KeReleaseInStackQueuedSpinLock,0.0,0.0,0.0,0.0,0,50.0,50.0,,ntoskrnl.exe,KeReleaseInStackQueuedSpinLock,[Unknown],0x1402990e0
Move::from,0.0,0.0,0.0,0.0,11980000,,,0.0,frankycpp_v1.4.exe,Move::from,move.h,0x1402392ed
Move::promotionType,0.0,0.0,0.0,0.0,8985000,,,0.0,frankycpp_v1.4.exe,Move::promotionType,move.h,0x140238fba
Move::to,0.0,0.0,0.0,0.0,5990000,10.2,10.2,0.500000,frankycpp_v1.4.exe,Move::to,move.h,0x14023fcab
Move::type,0.0,0.0,0.0,0.0,2995000,,,0.0,frankycpp_v1.4.exe,Move::type,move.h,0x14020a30b
Move::type,0.0,0.0,0.0,0.0,2995000,0.0,0.0,0.0,frankycpp_v1.4.exe,Move::type,move.h,0x140239b0a
Move::{ctor},0.0,0.0,0.0,0.0,8985000,0.0,0.0,0.0,frankycpp_v1.4.exe,Move::{ctor},move.h,0x14019ba10
MoveGenerator::reset,0.0,0.0,0.0,0.0,0,5.1,5.1,,frankycpp_v1.4.exe,MoveGenerator::reset,MoveGenerator.h,0x140200613
MoveGenerator::resetOnDemand,0.0,0.0,0.0,0.0,5990000,,,0.0,frankycpp_v1.4.exe,MoveGenerator::resetOnDemand,MoveGenerator.h,0x14020066b
ObOpenObjectByNameEx,0.0,0.0,0.0,0.0,2995000,0.0,0.0,0.0,ntoskrnl.exe,ObOpenObjectByNameEx,[Unknown],0x14089a020
Position::getPiece,0.0,0.0,0.0,0.0,2995000,0.0,0.0,1.000000,frankycpp_v1.4.exe,Position::getPiece,Position.h,0x14024044f
Position::getPieceBb,0.0,0.0,0.0,0.0,11980000,,,0.250000,frankycpp_v1.4.exe,Position::getPieceBb,Position.h,0x140245536
Position::isCapturingMove,0.0,0.0,0.0,0.0,11980000,,,0.500000,frankycpp_v1.4.exe,Position::isCapturingMove,Position.h,0x14020a33b
Position::isCapturingMove,0.0,0.0,0.0,0.0,14975000,13.4,13.4,0.200000,frankycpp_v1.4.exe,Position::isCapturingMove,Position.h,0x14023fca4
Position::isLegalMove,0.0,0.0,0.0,0.0,5990000,0.0,0.0,0.0,frankycpp_v1.4.exe,Position::isLegalMove(class Move),Position.cpp,0x140239b00
PsGetProcessImageFileName,0.0,0.0,0.0,0.0,2995000,0.0,0.0,0.0,ntoskrnl.exe,PsGetProcessImageFileName,[Unknown],0x14044eb70
PsReferenceImpersonationToken,0.0,0.0,0.0,0.0,2995000,0.0,0.0,0.0,ntoskrnl.exe,PsReferenceImpersonationToken,[Unknown],0x140945370
RtlAnsiCharToUnicodeChar,0.0,0.0,0.0,0.0,2995000,0.0,0.0,0.0,ntdll.dll,RtlAnsiCharToUnicodeChar,[Unknown],0x1800cdd60
RtlAnsiStringToUnicodeString,0.0,0.0,0.0,0.0,2995000,0.0,0.0,1.000000,ntdll.dll,RtlAnsiStringToUnicodeString,[Unknown],0x180017c90
RtlCompareUnicodeString,0.0,0.0,0.0,0.0,2995000,0.0,0.0,1.000000,ntoskrnl.exe,RtlCompareUnicodeString,[Unknown],0x140930b30
RtlCopyMemory,0.0,0.0,0.0,0.0,2995000,0.0,0.0,1.000000,ntdll.dll,RtlCopyMemory,[Unknown],0x1801671c0
RtlImageNtHeaderEx,0.0,0.0,0.0,0.0,2995000,0.0,0.0,0.0,ntdll.dll,RtlImageNtHeaderEx,[Unknown],0x18003f640
RtlInitUnicodeStringEx,0.0,0.0,0.0,0.0,2995000,0.0,0.0,0.0,ntdll.dll,RtlInitUnicodeStringEx,[Unknown],0x1800a6930
RtlLeaveCriticalSection,0.0,0.0,0.0,0.0,2995000,,,0.0,ntdll.dll,RtlLeaveCriticalSection,[Unknown],0x18000d880
RtlNtStatusToDosError,0.0,0.0,0.0,0.0,2995000,0.0,0.0,0.0,ntdll.dll,RtlNtStatusToDosError,[Unknown],0x180060760
RtlRbInsertNodeEx,0.0,0.0,0.0,0.0,2995000,0.0,0.0,0.0,ntoskrnl.exe,RtlRbInsertNodeEx,[Unknown],0x140269010
RtlTryEnterCriticalSection,0.0,0.0,0.0,0.0,2995000,0.0,0.0,0.0,ntdll.dll,RtlTryEnterCriticalSection,[Unknown],0x180023800
RtlUserThreadStart,0.0,0.0,0.0,0.0,2995000,0.0,0.0,1.000000,ntdll.dll,RtlUserThreadStart,[Unknown],0x18008c3e0
RtlValidAcl,0.0,0.0,0.0,0.0,2995000,0.0,0.0,0.0,ntoskrnl.exe,RtlValidAcl,[Unknown],0x14091b3c0
RtlValidSid,0.0,0.0,0.0,0.0,2995000,0.0,0.0,0.0,ntoskrnl.exe,RtlValidSid,[Unknown],0x140865400
StaticMoveList<128>::push_back,0.0,0.0,0.0,0.0,2995000,0.0,0.0,0.0,frankycpp_v1.4.exe,StaticMoveList<128>::push_back,staticmovelist.h,0x14020891d
StaticMoveList<256>::empty,0.0,0.0,0.0,0.0,2995000,5.9,5.9,3.000000,frankycpp_v1.4.exe,StaticMoveList<256>::empty,staticmovelist.h,0x14023e358
StaticMoveList<256>::push_back,0.0,0.0,0.0,0.0,14975000,17.9,17.9,1.200000,frankycpp_v1.4.exe,StaticMoveList<256>::push_back,staticmovelist.h,0x1402408e8
StorPortExtendedFunction,0.0,0.0,0.0,0.0,2995000,0.0,0.0,0.0,storport.sys,StorPortExtendedFunction,[Unknown],0x1400463e0
Value::isValid,0.0,0.0,0.0,0.0,2995000,0.0,0.0,0.0,frankycpp_v1.4.exe,Value::isValid,value.h,0x140208e3a
Value::operator int,0.0,0.0,0.0,0.0,26955000,62.8,62.8,0.111111,frankycpp_v1.4.exe,Value::operator int,value.h,0x1402092ab
Value::operator int,0.0,0.0,0.0,0.0,5990000,,,0.0,frankycpp_v1.4.exe,Value::operator int,value.h,0x140209a3b
Value::operator int,0.0,0.0,0.0,0.0,2995000,0.0,0.0,0.0,frankycpp_v1.4.exe,Value::operator int,value.h,0x140208e62
Value::{ctor},0.0,0.0,0.0,0.0,5990000,14.8,14.8,0.500000,frankycpp_v1.4.exe,Value::{ctor},value.h,0x14020ad35
WdLogSingleEntry3,0.0,0.0,0.0,0.0,0,33.3,33.3,,watchdog.sys,WdLogSingleEntry3,[Unknown],0x1400018b0
WppAutoLogTrace,0.0,0.0,0.0,0.0,0,50.0,50.0,0.0,wpprecorder.sys,WppAutoLogTrace,[Unknown],0x140002b00
YAML::RegEx::MatchUnchecked<class YAML::StreamCharSource>,0.0,0.0,0.0,0.0,5990000,66.7,66.7,0.0,frankycpp_v1.4.exe,YAML::RegEx::MatchUnchecked<class YAML::StreamCharSource>(class YAML::StreamCharSource const &),regeximpl.h,0x1402c71a0
YAML::Stream::AdvanceCurrent,0.0,0.0,0.0,0.0,2995000,0.0,0.0,0.0,frankycpp_v1.4.exe,YAML::Stream::AdvanceCurrent,stream.cpp,0x1402d3dd2
YAML::StreamCharSource::operator bool,0.0,0.0,0.0,0.0,0,100.0,100.0,0.0,frankycpp_v1.4.exe,YAML::StreamCharSource::operator bool(void),streamcharsource.h,0x1402c9190
YAML::StreamCharSource::operator+,0.0,0.0,0.0,0.0,2995000,0.0,0.0,0.0,frankycpp_v1.4.exe,YAML::StreamCharSource::operator+,streamcharsource.h,0x1402c7380
"YAML::detail::node::equals<class std::basic_string<char,struct std::char_traits<char>,class std::allocator<char> > >",0.0,0.0,0.0,0.0,0,50.0,50.0,0.0,frankycpp_v1.4.exe,"YAML::detail::node::equals<class std::basic_string<char,struct std::char_traits<char>,class std::allocator<char> > >(class std::basic_string<char,struct std::char_traits<char>,class std::allocator<char> > const &,class std::shared_ptr<class YAML::detail::memory_holder>)",impl.h,0x140182fe0
[Import thunk _std_type_info_compare],0.0,0.0,0.0,0.0,11980000,0.0,0.0,0.750000,frankycpp_v1.4.exe,[Import thunk _std_type_info_compare],[Unknown],0x1405ef9f8
[Import thunk memmove],0.0,0.0,0.0,0.0,2995000,0.0,0.0,0.0,frankycpp_v1.4.exe,[Import thunk memmove],[Unknown],0x1405efa3a
[fileinfo.sys],0.0,0.0,0.0,0.0,2995000,0.0,0.0,1.000000,fileinfo.sys,[fileinfo.sys],[Unknown],0x0
bishop_attacks,0.0,0.0,0.0,0.0,2995000,,,1.000000,frankycpp_v1.4.exe,"bishop_attacks(unsigned int, unsigned __int64)",tbchess.c,0x140278810
"boost::archive::basic_binary_iprimitive<boost::archive::binary_iarchive,char,std::char_traits<char> >::load_binary",0.0,0.0,0.0,0.0,0,26.7,26.7,,frankycpp_v1.4.exe,"boost::archive::basic_binary_iprimitive<boost::archive::binary_iarchive,char,std::char_traits<char> >::load_binary",basic_binary_iprimitive.hpp,0x14025aa44
"boost::archive::basic_binary_iprimitive<boost::archive::binary_iarchive,char,std::char_traits<char> >::load_binary",0.0,0.0,0.0,0.0,2995000,0.0,0.0,0.0,frankycpp_v1.4.exe,"boost::archive::basic_binary_iprimitive<boost::archive::binary_iarchive,char,std::char_traits<char> >::load_binary",basic_binary_iprimitive.hpp,0x14026274a
boost::archive::detail::basic_iarchive::get_library_version,0.0,0.0,0.0,0.0,2995000,,,3.000000,frankycpp_v1.4.exe,boost::archive::detail::basic_iarchive::get_library_version(void),basic_iarchive.cpp,0x140282d60
boost::archive::detail::basic_iarchive::reset_object_address,0.0,0.0,0.0,0.0,2995000,0.0,0.0,0.0,frankycpp_v1.4.exe,"boost::archive::detail::basic_iarchive::reset_object_address(void const *,void const *)",basic_iarchive.cpp,0x1402837b0
boost::archive::detail::basic_iarchive_impl::load_object,0.0,0.0,0.0,0.0,5990000,8.7,8.7,1.000000,frankycpp_v1.4.exe,boost::archive::detail::basic_iarchive_impl::load_object,basic_iarchive.cpp,0x140282de1
boost::archive::detail::basic_serializer::operator<,0.0,0.0,0.0,0.0,5990000,,,0.0,frankycpp_v1.4.exe,boost::archive::detail::basic_serializer::operator<,basic_serializer.hpp,0x1402836a7
boost::archive::detail::common_iarchive<boost::archive::binary_iarchive>::load_override,0.0,0.0,0.0,0.0,5990000,,,0.500000,frankycpp_v1.4.exe,boost::archive::detail::common_iarchive<boost::archive::binary_iarchive>::load_override,common_iarchive.hpp,0x14026d9c2
boost::archive::detail::interface_iarchive<boost::archive::binary_iarchive>::This,0.0,0.0,0.0,0.0,2995000,0.0,0.0,0.0,frankycpp_v1.4.exe,boost::archive::detail::interface_iarchive<boost::archive::binary_iarchive>::This,interface_iarchive.hpp,0x14026263b
boost::archive::detail::interface_iarchive<boost::archive::binary_iarchive>::This,0.0,0.0,0.0,0.0,2995000,0.0,0.0,0.0,frankycpp_v1.4.exe,boost::archive::detail::interface_iarchive<boost::archive::binary_iarchive>::This,interface_iarchive.hpp,0x140262743
boost::archive::detail::interface_iarchive<boost::archive::binary_iarchive>::This,0.0,0.0,0.0,0.0,2995000,0.0,0.0,0.0,frankycpp_v1.4.exe,boost::archive::detail::interface_iarchive<boost::archive::binary_iarchive>::This,interface_iarchive.hpp,0x140262d4f
boost::archive::detail::interface_iarchive<class boost::archive::binary_iarchive>::operator>><unsigned int>,0.0,0.0,0.0,0.0,5990000,50.0,50.0,0.0,frankycpp_v1.4.exe,boost::archive::detail::interface_iarchive<class boost::archive::binary_iarchive>::operator>><unsigned int>(unsigned int &),interface_iarchive.hpp,0x14025aa10
"boost::archive::detail::iserializer<class boost::archive::binary_iarchive,class BookEntry>::load_object_data",0.0,0.0,0.0,0.0,2995000,,,0.0,frankycpp_v1.4.exe,"boost::archive::detail::iserializer<class boost::archive::binary_iarchive,class BookEntry>::load_object_data(class boost::archive::detail::basic_iarchive &,void *,unsigned int)",iserializer.hpp,0x140266950
"boost::archive::detail::iserializer<class boost::archive::binary_iarchive,class Move>::version",0.0,0.0,0.0,0.0,2995000,0.0,0.0,0.0,frankycpp_v1.4.exe,"boost::archive::detail::iserializer<class boost::archive::binary_iarchive,class Move>::version(void)",iserializer.hpp,0x14026e0b0
"boost::archive::detail::iserializer<class boost::archive::binary_iarchive,class std::vector<unsigned __int64,class std::allocator<unsigned __int64> > >::load_object_data",0.0,0.0,0.0,0.0,5990000,,,0.500000,frankycpp_v1.4.exe,"boost::archive::detail::iserializer<class boost::archive::binary_iarchive,class std::vector<unsigned __int64,class std::allocator<unsigned __int64> > >::load_object_data(class boost::archive::detail::basic_iarchive &,void *,unsigned int)",iserializer.hpp,0x14026a2a0
"boost::archive::detail::iserializer<class boost::archive::binary_iarchive,struct std::pair<unsigned __int64 const ,class BookEntry> >::load_object_data",0.0,0.0,0.0,0.0,11980000,75.0,75.0,0.0,frankycpp_v1.4.exe,"boost::archive::detail::iserializer<class boost::archive::binary_iarchive,struct std::pair<unsigned __int64 const ,class BookEntry> >::load_object_data(class boost::archive::detail::basic_iarchive &,void *,unsigned int)",iserializer.hpp,0x140264660
boost::archive::object_id_type::operator<,0.0,0.0,0.0,0.0,2995000,0.0,0.0,0.0,frankycpp_v1.4.exe,boost::archive::object_id_type::operator<,basic_archive.hpp,0x1402837ca
boost::archive::object_id_type::operator=,0.0,0.0,0.0,0.0,11980000,100.0,100.0,0.0,frankycpp_v1.4.exe,boost::archive::object_id_type::operator=,basic_archive.hpp,0x140282da0
boost::archive::object_id_type::{ctor},0.0,0.0,0.0,0.0,2995000,0.0,0.0,1.000000,frankycpp_v1.4.exe,boost::archive::object_id_type::{ctor},basic_archive.hpp,0x140282e56
boost::archive::version_type::{ctor},0.0,0.0,0.0,0.0,2995000,0.0,0.0,0.0,frankycpp_v1.4.exe,boost::archive::version_type::{ctor},basic_archive.hpp,0x140269d60
"boost::serialization::free_loader<boost::archive::binary_iarchive,boost::serialization::nvp<BookEntry> >::invoke",0.0,0.0,0.0,0.0,2995000,,,0.0,frankycpp_v1.4.exe,"boost::serialization::free_loader<boost::archive::binary_iarchive,boost::serialization::nvp<BookEntry> >::invoke",split_free.hpp,0x1402646f2
"boost::serialization::free_loader<boost::archive::binary_iarchive,boost::serialization::nvp<Move> >::invoke",0.0,0.0,0.0,0.0,2995000,0.0,0.0,0.0,frankycpp_v1.4.exe,"boost::serialization::free_loader<boost::archive::binary_iarchive,boost::serialization::nvp<Move> >::invoke",split_free.hpp,0x14026c21a
"boost::serialization::free_loader<boost::archive::binary_iarchive,boost::serialization::nvp<std::vector<Move,std::allocator<Move> > > >::invoke",0.0,0.0,0.0,0.0,2995000,0.0,0.0,0.0,frankycpp_v1.4.exe,"boost::serialization::free_loader<boost::archive::binary_iarchive,boost::serialization::nvp<std::vector<Move,std::allocator<Move> > > >::invoke",split_free.hpp,0x140266a0e
"boost::serialization::free_loader<boost::archive::binary_iarchive,boost::serialization::nvp<std::vector<unsigned __int64,std::allocator<unsigned __int64> > > >::invoke",0.0,0.0,0.0,0.0,2995000,0.0,0.0,0.0,frankycpp_v1.4.exe,"boost::serialization::free_loader<boost::archive::binary_iarchive,boost::serialization::nvp<std::vector<unsigned __int64,std::allocator<unsigned __int64> > > >::invoke",split_free.hpp,0x140266a34
boost::serialization::load,0.0,0.0,0.0,0.0,2995000,,,1.000000,frankycpp_v1.4.exe,boost::serialization::load,vector.hpp,0x140269baa
"boost::serialization::load<class boost::archive::binary_iarchive,class BookEntry>",0.0,0.0,0.0,0.0,5990000,50.0,50.0,0.0,frankycpp_v1.4.exe,"boost::serialization::load<class boost::archive::binary_iarchive,class BookEntry>(class boost::archive::binary_iarchive &,class boost::serialization::nvp<class BookEntry> &,unsigned int)",nvp.hpp,0x1402659d0
"boost::serialization::load<class boost::archive::binary_iarchive,class boost::serialization::item_version_type>",0.0,0.0,0.0,0.0,5990000,100.0,100.0,0.500000,frankycpp_v1.4.exe,"boost::serialization::load<class boost::archive::binary_iarchive,class boost::serialization::item_version_type>(class boost::archive::binary_iarchive &,class boost::serialization::nvp<class boost::serialization::item_version_type> &,unsigned int)",nvp.hpp,0x1402625e0
"boost::serialization::load<class boost::archive::binary_iarchive,class std::vector<class Move,class std::allocator<class Move> > >",0.0,0.0,0.0,0.0,2995000,,,0.0,frankycpp_v1.4.exe,"boost::serialization::load<class boost::archive::binary_iarchive,class std::vector<class Move,class std::allocator<class Move> > >(class boost::archive::binary_iarchive &,class boost::serialization::nvp<class std::vector<class Move,class std::allocator<class Move> > > &,unsigned int)",nvp.hpp,0x140268760
"boost::serialization::load<class boost::archive::binary_iarchive,class std::vector<unsigned __int64,class std::allocator<unsigned __int64> > >",0.0,0.0,0.0,0.0,5990000,0.0,0.0,0.0,frankycpp_v1.4.exe,"boost::serialization::load<class boost::archive::binary_iarchive,class std::vector<unsigned __int64,class std::allocator<unsigned __int64> > >(class boost::archive::binary_iarchive &,class boost::serialization::nvp<class std::vector<unsigned __int64,class std::allocator<unsigned __int64> > > &,unsigned int)",nvp.hpp,0x140268710
"boost::serialization::load<class boost::archive::binary_iarchive,unsigned __int64,class std::allocator<unsigned __int64> >",0.0,0.0,0.0,0.0,8985000,50.0,50.0,0.0,frankycpp_v1.4.exe,"boost::serialization::load<class boost::archive::binary_iarchive,unsigned __int64,class std::allocator<unsigned __int64> >(class boost::archive::binary_iarchive &,class std::vector<unsigned __int64,class std::allocator<unsigned __int64> > &,unsigned int,struct boost::mpl::bool_<1>)",vector.hpp,0x14026c2c0
boost::serialization::nvp<BookEntry>::{ctor},0.0,0.0,0.0,0.0,2995000,0.0,0.0,0.0,frankycpp_v1.4.exe,boost::serialization::nvp<BookEntry>::{ctor},nvp.hpp,0x1402646d6
boost::serialization::nvp<unsigned int>::{ctor},0.0,0.0,0.0,0.0,2995000,0.0,0.0,0.0,frankycpp_v1.4.exe,boost::serialization::nvp<unsigned int>::{ctor},nvp.hpp,0x14026e6ed
"boost::serialization::singleton<boost::archive::detail::iserializer<boost::archive::binary_iarchive,BookEntry> >::get_const_instance",0.0,0.0,0.0,0.0,2995000,0.0,0.0,0.0,frankycpp_v1.4.exe,"boost::serialization::singleton<boost::archive::detail::iserializer<boost::archive::binary_iarchive,BookEntry> >::get_const_instance",singleton.hpp,0x1402659f6
"boost::serialization::singleton<class boost::archive::detail::iserializer<class boost::archive::binary_iarchive,class Move> >::get_instance",0.0,0.0,0.0,0.0,8985000,33.3,33.3,0.0,frankycpp_v1.4.exe,"boost::serialization::singleton<class boost::archive::detail::iserializer<class boost::archive::binary_iarchive,class Move> >::get_instance(void)",singleton.hpp,0x14026e230
"boost::serialization::singleton<class boost::archive::detail::iserializer<class boost::archive::binary_iarchive,class std::vector<class Move,class std::allocator<class Move> > > >::get_instance",0.0,0.0,0.0,0.0,11980000,,,0.0,frankycpp_v1.4.exe,"boost::serialization::singleton<class boost::archive::detail::iserializer<class boost::archive::binary_iarchive,class std::vector<class Move,class std::allocator<class Move> > > >::get_instance(void)",singleton.hpp,0x14026a440
"boost::serialization::smart_cast_reference<boost::archive::binary_iarchive &,boost::archive::detail::basic_iarchive>",0.0,0.0,0.0,0.0,2995000,0.0,0.0,0.0,frankycpp_v1.4.exe,"boost::serialization::smart_cast_reference<boost::archive::binary_iarchive &,boost::archive::detail::basic_iarchive>(class boost::archive::detail::basic_iarchive & const)",smart_cast.hpp,0x14025ffe0
"boost::serialization::stl::collection_load_impl<class boost::archive::binary_iarchive,class std::vector<class Move,class std::allocator<class Move> > >",0.0,0.0,0.0,0.0,8985000,0.0,0.0,0.0,frankycpp_v1.4.exe,"boost::serialization::stl::collection_load_impl<class boost::archive::binary_iarchive,class std::vector<class Move,class std::allocator<class Move> > >(class boost::archive::binary_iarchive &,class std::vector<class Move,class std::allocator<class Move> > &,class boost::serialization::collection_size_type,class boost::serialization::item_version_type)",collections_load_imp.hpp,0x14026c0c0
"boost::serialization::stl::load_unordered_collection<class boost::archive::binary_iarchive,class std::unordered_map<unsigned __int64,class BookEntry,struct std::hash<unsigned __int64>,struct std::equal_to<unsigned __int64>,class std::allocator<struct std::pair<unsigned __int64 const ,class BookEntry> > >,struct boost::serialization::stl::archive_input_unordered_map<class boost::archive::binary_iarchive,class std::unordered_map<unsigned __int64,class BookEntry,struct std::hash<unsigned __int64>,struct std::equal_to<unsigned __int64>,class std::allocator<struct std::pair<unsigned __int64 const ,class BookEntry> > > > >",0.0,0.0,0.0,0.0,2995000,,,0.0,frankycpp_v1.4.exe,"boost::serialization::stl::load_unordered_collection<class boost::archive::binary_iarchive,class std::unordered_map<unsigned __int64,class BookEntry,struct std::hash<unsigned __int64>,struct std::equal_to<unsigned __int64>,class std::allocator<struct std::pair<unsigned __int64 const ,class BookEntry> > >,struct boost::serialization::stl::archive_input_unordered_map<class boost::archive::binary_iarchive,class std::unordered_map<unsigned __int64,class BookEntry,struct std::hash<unsigned __int64>,struct std::equal_to<unsigned __int64>,class std::allocator<struct std::pair<unsigned __int64 const ,class BookEntry> > > > >(class boost::archive::binary_iarchive &,class std::unordered_map<unsigned __int64,class BookEntry,struct std::hash<unsigned __int64>,struct std::equal_to<unsigned __int64>,class std::allocator<struct std::pair<unsigned __int64 const ,class BookEntry> > > &)",unordered_collections_load_imp.hpp,0x140260da0
diag2index,0.0,0.0,0.0,0.0,2995000,,,0.0,frankycpp_v1.4.exe,diag2index,tbchess.c,0x14027887b
fill_squares,0.0,0.0,0.0,0.0,5990000,,,0.0,frankycpp_v1.4.exe,fill_squares,tbprobe.c,0x14027e71a
fread,0.0,0.0,0.0,0.0,2995000,0.0,0.0,0.0,ucrtbase.dll,fread,[Unknown],0x180038720
free_base,0.0,0.0,0.0,0.0,0,100.0,100.0,0.0,ucrtbase.dll,free_base,[Unknown],0x18001e0e0
free_tb_entry,0.0,0.0,0.0,0.0,2995000,0.0,0.0,0.0,frankycpp_v1.4.exe,free_tb_entry(struct BaseEntry *),tbprobe.c,0x14027b3c0
func@0x1400015a0,0.0,0.0,0.0,0.0,2995000,0.0,0.0,0.0,wcifs.sys,func@0x1400015a0,[Unknown],0x1400015a0
func@0x140003550,0.0,0.0,0.0,0.0,2995000,0.0,0.0,0.0,ucx01000.sys,func@0x140003550,[Unknown],0x140003550
func@0x140003a1c,0.0,0.0,0.0,0.0,2995000,0.0,0.0,0.0,usbpcap.sys,func@0x140003a1c,[Unknown],0x140003a1c
func@0x1400055f0,0.0,0.0,0.0,0.0,2995000,0.0,0.0,0.0,ntfs.sys,func@0x1400055f0,[Unknown],0x1400055f0
func@0x140005900,0.0,0.0,0.0,0.0,14975000,100.0,100.0,0.600000,wpprecorder.sys,func@0x140005900,[Unknown],0x140005900
func@0x14000adf0,0.0,0.0,0.0,0.0,2995000,0.0,0.0,1.000000,nvlddmkm.sys,func@0x14000adf0,[Unknown],0x14000adf0
func@0x14000cb90,0.0,0.0,0.0,0.0,0,50.0,50.0,,nvlddmkm.sys,func@0x14000cb90,[Unknown],0x14000cb90
func@0x14000f6e0,0.0,0.0,0.0,0.0,2995000,0.0,0.0,0.0,dxgmms2.sys,func@0x14000f6e0,[Unknown],0x14000f6e0
func@0x140011400,0.0,0.0,0.0,0.0,2995000,0.0,0.0,1.000000,usbxhci.sys,func@0x140011400,[Unknown],0x140011400
func@0x1400142f0,0.0,0.0,0.0,0.0,2995000,0.0,0.0,0.0,ntfs.sys,func@0x1400142f0,[Unknown],0x1400142f0
func@0x140025370,0.0,0.0,0.0,0.0,2995000,0.0,0.0,0.0,wdf01000.sys,func@0x140025370,[Unknown],0x140025370
func@0x140026780,0.0,0.0,0.0,0.0,2995000,0.0,0.0,3.000000,wdf01000.sys,func@0x140026780,[Unknown],0x140026780
func@0x140027780,0.0,0.0,0.0,0.0,0,14.3,14.3,0.0,dxgmms2.sys,func@0x140027780,[Unknown],0x140027780
func@0x140027f17,0.0,0.0,0.0,0.0,2995000,0.0,0.0,1.000000,dxgmms2.sys,func@0x140027f17,[Unknown],0x140027f17
func@0x14002a0b8,0.0,0.0,0.0,0.0,0,100.0,100.0,0.0,dxgmms2.sys,func@0x14002a0b8,[Unknown],0x14002a0b8
func@0x1400357bf,0.0,0.0,0.0,0.0,2995000,0.0,0.0,0.0,dxgmms2.sys,func@0x1400357bf,[Unknown],0x1400357bf
func@0x1400386b0,0.0,0.0,0.0,0.0,0,100.0,100.0,,usbxhci.sys,func@0x1400386b0,[Unknown],0x1400386b0
func@0x1400406f0,0.0,0.0,0.0,0.0,2995000,0.0,0.0,0.0,wdfilter.sys,func@0x1400406f0,[Unknown],0x1400406f0
func@0x140054fc0,0.0,0.0,0.0,0.0,2995000,0.0,0.0,0.0,ntfs.sys,func@0x140054fc0,[Unknown],0x140054fc0
func@0x140098890,0.0,0.0,0.0,0.0,0,100.0,100.0,,nvlddmkm.sys,func@0x140098890,[Unknown],0x140098890
func@0x1400ae9a0,0.0,0.0,0.0,0.0,2995000,0.0,0.0,0.0,ibtusb.sys,func@0x1400ae9a0,[Unknown],0x1400ae9a0
func@0x1400d6bf0,0.0,0.0,0.0,0.0,2995000,0.0,0.0,0.0,nvlddmkm.sys,func@0x1400d6bf0,[Unknown],0x1400d6bf0
func@0x1400d6de0,0.0,0.0,0.0,0.0,0,50.0,50.0,,nvlddmkm.sys,func@0x1400d6de0,[Unknown],0x1400d6de0
func@0x1400f21e0,0.0,0.0,0.0,0.0,2995000,0.0,0.0,0.0,nvlddmkm.sys,func@0x1400f21e0,[Unknown],0x1400f21e0
func@0x1400f9650,0.0,0.0,0.0,0.0,2995000,0.0,0.0,0.0,nvlddmkm.sys,func@0x1400f9650,[Unknown],0x1400f9650
func@0x1400fb0f0,0.0,0.0,0.0,0.0,2995000,0.0,0.0,0.0,nvlddmkm.sys,func@0x1400fb0f0,[Unknown],0x1400fb0f0
func@0x14010c550,0.0,0.0,0.0,0.0,2995000,0.0,0.0,0.0,nvlddmkm.sys,func@0x14010c550,[Unknown],0x14010c550
func@0x140112350,0.0,0.0,0.0,0.0,2995000,0.0,0.0,0.0,ntfs.sys,func@0x140112350,[Unknown],0x140112350
func@0x1401138e0,0.0,0.0,0.0,0.0,5990000,25.0,25.0,0.500000,nvlddmkm.sys,func@0x1401138e0,[Unknown],0x1401138e0
func@0x140114980,0.0,0.0,0.0,0.0,0,8.7,8.7,,ntfs.sys,func@0x140114980,[Unknown],0x140114980
func@0x140114c90,0.0,0.0,0.0,0.0,2995000,,,0.0,ntfs.sys,func@0x140114c90,[Unknown],0x140114c90
func@0x140114cf7,0.0,0.0,0.0,0.0,35940000,,,0.333333,ntfs.sys,func@0x140114cf7,[Unknown],0x140114cf7
func@0x140114da0,0.0,0.0,0.0,0.0,0,50.0,50.0,0.0,ntfs.sys,func@0x140114da0,[Unknown],0x140114da0
func@0x14011582f,0.0,0.0,0.0,0.0,5990000,6.2,6.2,0.500000,ntfs.sys,func@0x14011582f,[Unknown],0x14011582f
func@0x140116390,0.0,0.0,0.0,0.0,2995000,0.0,0.0,0.0,ntfs.sys,func@0x140116390,[Unknown],0x140116390
func@0x140128a0a,0.0,0.0,0.0,0.0,2995000,,,0.0,ntfs.sys,func@0x140128a0a,[Unknown],0x140128a0a
func@0x14012c5a0,0.0,0.0,0.0,0.0,2995000,0.0,0.0,1.000000,ntfs.sys,func@0x14012c5a0,[Unknown],0x14012c5a0
func@0x140138970,0.0,0.0,0.0,0.0,2995000,0.0,0.0,0.0,nvlddmkm.sys,func@0x140138970,[Unknown],0x140138970
func@0x14013b1d0,0.0,0.0,0.0,0.0,0,100.0,100.0,,nvlddmkm.sys,func@0x14013b1d0,[Unknown],0x14013b1d0
func@0x1401411d0,0.0,0.0,0.0,0.0,2995000,14.3,14.3,1.000000,nvlddmkm.sys,func@0x1401411d0,[Unknown],0x1401411d0
func@0x140141290,0.0,0.0,0.0,0.0,2995000,33.3,33.3,0.0,nvlddmkm.sys,func@0x140141290,[Unknown],0x140141290
func@0x140141d90,0.0,0.0,0.0,0.0,2995000,7.1,7.1,2.000000,nvlddmkm.sys,func@0x140141d90,[Unknown],0x140141d90
func@0x140144d10,0.0,0.0,0.0,0.0,2995000,0.0,0.0,0.0,ntfs.sys,func@0x140144d10,[Unknown],0x140144d10
func@0x140146320,0.0,0.0,0.0,0.0,2995000,0.0,0.0,1.000000,ntfs.sys,func@0x140146320,[Unknown],0x140146320
func@0x14014dd20,0.0,0.0,0.0,0.0,0,50.0,50.0,0.0,ntfs.sys,func@0x14014dd20,[Unknown],0x14014dd20
func@0x14015e5e8,0.0,0.0,0.0,0.0,2995000,0.0,0.0,1.000000,ntfs.sys,func@0x14015e5e8,[Unknown],0x14015e5e8
func@0x1401659b0,0.0,0.0,0.0,0.0,2995000,0.0,0.0,0.0,nvlddmkm.sys,func@0x1401659b0,[Unknown],0x1401659b0
func@0x140169590,0.0,0.0,0.0,0.0,0,100.0,100.0,,nvlddmkm.sys,func@0x140169590,[Unknown],0x140169590
func@0x14016b220,0.0,0.0,0.0,0.0,2995000,50.0,50.0,2.000000,ntfs.sys,func@0x14016b220,[Unknown],0x14016b220
func@0x14016b28f,0.0,0.0,0.0,0.0,2995000,0.0,0.0,0.0,ntfs.sys,func@0x14016b28f,[Unknown],0x14016b28f
func@0x14017252f,0.0,0.0,0.0,0.0,2995000,0.0,0.0,0.0,ntfs.sys,func@0x14017252f,[Unknown],0x14017252f
func@0x140178c40,0.0,0.0,0.0,0.0,2995000,0.0,0.0,1.000000,nvlddmkm.sys,func@0x140178c40,[Unknown],0x140178c40
func@0x14018093a,0.0,0.0,0.0,0.0,2995000,0.0,0.0,0.0,ntfs.sys,func@0x14018093a,[Unknown],0x14018093a
func@0x1401c81e0,0.0,0.0,0.0,0.0,0,50.0,50.0,0.0,ntfs.sys,func@0x1401c81e0,[Unknown],0x1401c81e0
func@0x140211154,0.0,0.0,0.0,0.0,5990000,0.0,0.0,0.0,ntoskrnl.exe,func@0x140211154,[Unknown],0x140211154
func@0x140213c64,0.0,0.0,0.0,0.0,2995000,,,0.0,ntoskrnl.exe,func@0x140213c64,[Unknown],0x140213c64
func@0x140214ed0,0.0,0.0,0.0,0.0,11980000,50.0,50.0,0.0,ntoskrnl.exe,func@0x140214ed0,[Unknown],0x140214ed0
func@0x1402154f4,0.0,0.0,0.0,0.0,2995000,0.0,0.0,0.0,ntoskrnl.exe,func@0x1402154f4,[Unknown],0x1402154f4
func@0x140215f90,0.0,0.0,0.0,0.0,2995000,0.0,0.0,0.0,ntoskrnl.exe,func@0x140215f90,[Unknown],0x140215f90
func@0x140217990,0.0,0.0,0.0,0.0,2995000,0.0,0.0,0.0,ntoskrnl.exe,func@0x140217990,[Unknown],0x140217990
func@0x140218b73,0.0,0.0,0.0,0.0,2995000,0.0,0.0,0.0,ntoskrnl.exe,func@0x140218b73,[Unknown],0x140218b73
func@0x14021a100,0.0,0.0,0.0,0.0,2995000,0.0,0.0,0.0,ntoskrnl.exe,func@0x14021a100,[Unknown],0x14021a100
func@0x140232690,0.0,0.0,0.0,0.0,0,5.1,5.1,,ntoskrnl.exe,func@0x140232690,[Unknown],0x140232690
func@0x140232c20,0.0,0.0,0.0,0.0,2995000,0.0,0.0,1.000000,ntoskrnl.exe,func@0x140232c20,[Unknown],0x140232c20
func@0x1402340bf,0.0,0.0,0.0,0.0,0,10.5,10.5,,ntoskrnl.exe,func@0x1402340bf,[Unknown],0x1402340bf
func@0x140234690,0.0,0.0,0.0,0.0,2995000,,,1.000000,ntoskrnl.exe,func@0x140234690,[Unknown],0x140234690
func@0x140236487,0.0,0.0,0.0,0.0,8985000,,,0.333333,ntoskrnl.exe,func@0x140236487,[Unknown],0x140236487
func@0x140237dc0,0.0,0.0,0.0,0.0,2995000,0.0,0.0,1.000000,ntoskrnl.exe,func@0x140237dc0,[Unknown],0x140237dc0
func@0x140242c64,0.0,0.0,0.0,0.0,2995000,0.0,0.0,1.000000,ntoskrnl.exe,func@0x140242c64,[Unknown],0x140242c64
func@0x140246400,0.0,0.0,0.0,0.0,2995000,13.4,13.4,1.000000,ntoskrnl.exe,func@0x140246400,[Unknown],0x140246400
func@0x140246f0c,0.0,0.0,0.0,0.0,2995000,,,2.000000,ntoskrnl.exe,func@0x140246f0c,[Unknown],0x140246f0c
func@0x14024724c,0.0,0.0,0.0,0.0,11980000,,,0.250000,ntoskrnl.exe,func@0x14024724c,[Unknown],0x14024724c
func@0x1402480a9,0.0,0.0,0.0,0.0,0,10.5,10.5,,ntoskrnl.exe,func@0x1402480a9,[Unknown],0x1402480a9
func@0x1402499fc,0.0,0.0,0.0,0.0,2995000,0.0,0.0,0.0,ntoskrnl.exe,func@0x1402499fc,[Unknown],0x1402499fc
func@0x140249ae0,0.0,0.0,0.0,0.0,2995000,,,1.000000,ntoskrnl.exe,func@0x140249ae0,[Unknown],0x140249ae0
func@0x14024b6e0,0.0,0.0,0.0,0.0,2995000,0.0,0.0,0.0,ntoskrnl.exe,func@0x14024b6e0,[Unknown],0x14024b6e0
func@0x14024f9b0,0.0,0.0,0.0,0.0,0,5.9,5.9,,ntoskrnl.exe,func@0x14024f9b0,[Unknown],0x14024f9b0
func@0x1402512c0,0.0,0.0,0.0,0.0,2995000,0.0,0.0,0.0,ntoskrnl.exe,func@0x1402512c0,[Unknown],0x1402512c0
func@0x140258570,0.0,0.0,0.0,0.0,2995000,0.0,0.0,0.0,ntoskrnl.exe,func@0x140258570,[Unknown],0x140258570
func@0x1402595e0,0.0,0.0,0.0,0.0,2995000,0.0,0.0,1.000000,nvlddmkm.sys,func@0x1402595e0,[Unknown],0x1402595e0
func@0x14025a1b0,0.0,0.0,0.0,0.0,0,25.0,25.0,0.0,ntfs.sys,func@0x14025a1b0,[Unknown],0x14025a1b0
func@0x14026de40,0.0,0.0,0.0,0.0,0,6.7,6.7,,ntoskrnl.exe,func@0x14026de40,[Unknown],0x14026de40
func@0x140274ae0,0.0,0.0,0.0,0.0,2995000,0.0,0.0,0.0,ntoskrnl.exe,func@0x140274ae0,[Unknown],0x140274ae0
func@0x140277220,0.0,0.0,0.0,0.0,0,50.0,50.0,0.0,ntoskrnl.exe,func@0x140277220,[Unknown],0x140277220
func@0x14027b230,0.0,0.0,0.0,0.0,5990000,0.0,0.0,0.0,ntoskrnl.exe,func@0x14027b230,[Unknown],0x14027b230
func@0x14027c9d0,0.0,0.0,0.0,0.0,0,100.0,100.0,,ntoskrnl.exe,func@0x14027c9d0,[Unknown],0x14027c9d0
func@0x140280252,0.0,0.0,0.0,0.0,2995000,0.0,0.0,0.0,ntoskrnl.exe,func@0x140280252,[Unknown],0x140280252
func@0x14028151d,0.0,0.0,0.0,0.0,2995000,,,2.000000,ntoskrnl.exe,func@0x14028151d,[Unknown],0x14028151d
func@0x140281f00,0.0,0.0,0.0,0.0,2995000,,,0.0,ntoskrnl.exe,func@0x140281f00,[Unknown],0x140281f00
func@0x1402831a0,0.0,0.0,0.0,0.0,0,13.4,13.4,,ntoskrnl.exe,func@0x1402831a0,[Unknown],0x1402831a0
func@0x140288fb0,0.0,0.0,0.0,0.0,2995000,9.1,9.1,3.000000,nvlddmkm.sys,func@0x140288fb0,[Unknown],0x140288fb0
func@0x140291280,0.0,0.0,0.0,0.0,23960000,41.1,41.1,0.250000,ntoskrnl.exe,func@0x140291280,[Unknown],0x140291280
func@0x1402992d0,0.0,0.0,0.0,0.0,2995000,0.0,0.0,0.0,ntoskrnl.exe,func@0x1402992d0,[Unknown],0x1402992d0
func@0x14029eaac,0.0,0.0,0.0,0.0,0,13.4,13.4,,ntoskrnl.exe,func@0x14029eaac,[Unknown],0x14029eaac
func@0x1402a5f3a,0.0,0.0,0.0,0.0,2995000,0.0,0.0,0.0,ntoskrnl.exe,func@0x1402a5f3a,[Unknown],0x1402a5f3a
func@0x1402ab710,0.0,0.0,0.0,0.0,5990000,0.0,0.0,0.0,ntoskrnl.exe,func@0x1402ab710,[Unknown],0x1402ab710
func@0x1402ac990,0.0,0.0,0.0,0.0,2995000,,,0.0,ntoskrnl.exe,func@0x1402ac990,[Unknown],0x1402ac990
func@0x1402b0000,0.0,0.0,0.0,0.0,0,50.0,50.0,0.0,ntoskrnl.exe,func@0x1402b0000,[Unknown],0x1402b0000
func@0x1402b3320,0.0,0.0,0.0,0.0,2995000,0.0,0.0,1.000000,ntoskrnl.exe,func@0x1402b3320,[Unknown],0x1402b3320
func@0x1402b6710,0.0,0.0,0.0,0.0,2995000,0.0,0.0,0.0,ntoskrnl.exe,func@0x1402b6710,[Unknown],0x1402b6710
func@0x1402b869d,0.0,0.0,0.0,0.0,0,6.5,6.5,,ntoskrnl.exe,func@0x1402b869d,[Unknown],0x1402b869d
func@0x1402bc658,0.0,0.0,0.0,0.0,0,25.0,25.0,0.0,ntfs.sys,func@0x1402bc658,[Unknown],0x1402bc658
func@0x1402dc09f,0.0,0.0,0.0,0.0,0,16.7,16.7,,nvlddmkm.sys,func@0x1402dc09f,[Unknown],0x1402dc09f
func@0x1402e1ba0,0.0,0.0,0.0,0.0,0,17.4,17.4,,ntoskrnl.exe,func@0x1402e1ba0,[Unknown],0x1402e1ba0
func@0x1402e8860,0.0,0.0,0.0,0.0,2995000,0.0,0.0,0.0,ntoskrnl.exe,func@0x1402e8860,[Unknown],0x1402e8860
func@0x1402e8ac0,0.0,0.0,0.0,0.0,5990000,,,0.500000,ntoskrnl.exe,func@0x1402e8ac0,[Unknown],0x1402e8ac0
func@0x1402e8b71,0.0,0.0,0.0,0.0,14975000,,,0.200000,ntoskrnl.exe,func@0x1402e8b71,[Unknown],0x1402e8b71
func@0x1402e8cc0,0.0,0.0,0.0,0.0,2995000,,,0.0,ntoskrnl.exe,func@0x1402e8cc0,[Unknown],0x1402e8cc0
func@0x140301350,0.0,0.0,0.0,0.0,17970000,33.3,33.3,1.000000,nvlddmkm.sys,func@0x140301350,[Unknown],0x140301350
func@0x140306030,0.0,0.0,0.0,0.0,2995000,9.1,9.1,0.0,nvlddmkm.sys,func@0x140306030,[Unknown],0x140306030
func@0x140306960,0.0,0.0,0.0,0.0,2995000,0.0,0.0,2.000000,ntoskrnl.exe,func@0x140306960,[Unknown],0x140306960
func@0x14030eb10,0.0,0.0,0.0,0.0,2995000,0.0,0.0,0.0,ntoskrnl.exe,func@0x14030eb10,[Unknown],0x14030eb10
func@0x14030ffa0,0.0,0.0,0.0,0.0,5990000,,,0.500000,ntoskrnl.exe,func@0x14030ffa0,[Unknown],0x14030ffa0
func@0x140312aa0,0.0,0.0,0.0,0.0,5990000,26.7,26.7,1.000000,ntoskrnl.exe,func@0x140312aa0,[Unknown],0x140312aa0
func@0x14031f5f0,0.0,0.0,0.0,0.0,2995000,8.5,8.5,4.000000,ntoskrnl.exe,func@0x14031f5f0,[Unknown],0x14031f5f0
func@0x1403233a0,0.0,0.0,0.0,0.0,0,50.0,50.0,0.0,ntoskrnl.exe,func@0x1403233a0,[Unknown],0x1403233a0
func@0x140327c10,0.0,0.0,0.0,0.0,2995000,,,0.0,ntoskrnl.exe,func@0x140327c10,[Unknown],0x140327c10
func@0x140328ac0,0.0,0.0,0.0,0.0,2995000,0.0,0.0,0.0,ntoskrnl.exe,func@0x140328ac0,[Unknown],0x140328ac0
func@0x14032b2bf,0.0,0.0,0.0,0.0,5990000,0.0,0.0,0.0,ntoskrnl.exe,func@0x14032b2bf,[Unknown],0x14032b2bf
func@0x14032c1e9,0.0,0.0,0.0,0.0,0,50.0,50.0,0.0,ntoskrnl.exe,func@0x14032c1e9,[Unknown],0x14032c1e9
func@0x14032d2a0,0.0,0.0,0.0,0.0,2995000,,,0.0,ntoskrnl.exe,func@0x14032d2a0,[Unknown],0x14032d2a0
func@0x14032ed00,0.0,0.0,0.0,0.0,2995000,0.0,0.0,1.000000,ntoskrnl.exe,func@0x14032ed00,[Unknown],0x14032ed00
func@0x140330ff0,0.0,0.0,0.0,0.0,2995000,0.0,0.0,1.000000,ntoskrnl.exe,func@0x140330ff0,[Unknown],0x140330ff0
func@0x14033a4a0,0.0,0.0,0.0,0.0,0,25.0,25.0,0.0,ntoskrnl.exe,func@0x14033a4a0,[Unknown],0x14033a4a0
func@0x14033a914,0.0,0.0,0.0,0.0,2995000,0.0,0.0,0.0,ntoskrnl.exe,func@0x14033a914,[Unknown],0x14033a914
func@0x14034bad0,0.0,0.0,0.0,0.0,0,100.0,100.0,0.0,ntoskrnl.exe,func@0x14034bad0,[Unknown],0x14034bad0
func@0x140350e11,0.0,0.0,0.0,0.0,2995000,0.0,0.0,0.0,ntoskrnl.exe,func@0x140350e11,[Unknown],0x140350e11
func@0x140351095,0.0,0.0,0.0,0.0,2995000,0.0,0.0,0.0,ntoskrnl.exe,func@0x140351095,[Unknown],0x140351095
func@0x1403624d0,0.0,0.0,0.0,0.0,11980000,52.2,52.2,0.500000,ntoskrnl.exe,func@0x1403624d0,[Unknown],0x1403624d0
func@0x140364020,0.0,0.0,0.0,0.0,2995000,6.7,6.7,3.000000,ntoskrnl.exe,func@0x140364020,[Unknown],0x140364020
func@0x140365370,0.0,0.0,0.0,0.0,8985000,,,0.333333,ntoskrnl.exe,func@0x140365370,[Unknown],0x140365370
func@0x140365660,0.0,0.0,0.0,0.0,0,13.4,13.4,,ntoskrnl.exe,func@0x140365660,[Unknown],0x140365660
func@0x140366130,0.0,0.0,0.0,0.0,2995000,0.0,0.0,1.000000,ntoskrnl.exe,func@0x140366130,[Unknown],0x140366130
func@0x1403661bf,0.0,0.0,0.0,0.0,2995000,0.0,0.0,0.0,ntoskrnl.exe,func@0x1403661bf,[Unknown],0x1403661bf
func@0x140367f54,0.0,0.0,0.0,0.0,2995000,0.0,0.0,0.0,ntoskrnl.exe,func@0x140367f54,[Unknown],0x140367f54
func@0x14036c450,0.0,0.0,0.0,0.0,2995000,0.0,0.0,0.0,ntoskrnl.exe,func@0x14036c450,[Unknown],0x14036c450
func@0x14039d870,0.0,0.0,0.0,0.0,8985000,100.0,100.0,0.0,nvlddmkm.sys,func@0x14039d870,[Unknown],0x14039d870
func@0x1403b03c0,0.0,0.0,0.0,0.0,2995000,0.0,0.0,1.000000,ntoskrnl.exe,func@0x1403b03c0,[Unknown],0x1403b03c0
func@0x1403bd9a2,0.0,0.0,0.0,0.0,5990000,0.0,0.0,0.0,ntoskrnl.exe,func@0x1403bd9a2,[Unknown],0x1403bd9a2
func@0x1403ca870,0.0,0.0,0.0,0.0,0,13.4,13.4,,ntoskrnl.exe,func@0x1403ca870,[Unknown],0x1403ca870
func@0x1403cc330,0.0,0.0,0.0,0.0,5990000,0.0,0.0,0.0,ntoskrnl.exe,func@0x1403cc330,[Unknown],0x1403cc330
func@0x1403d5330,0.0,0.0,0.0,0.0,5990000,,,0.500000,ntoskrnl.exe,func@0x1403d5330,[Unknown],0x1403d5330
func@0x1403e4a20,0.0,0.0,0.0,0.0,2995000,0.0,0.0,0.0,ntoskrnl.exe,func@0x1403e4a20,[Unknown],0x1403e4a20
func@0x1403ee060,0.0,0.0,0.0,0.0,0,6.7,6.7,,ntoskrnl.exe,func@0x1403ee060,[Unknown],0x1403ee060
func@0x1404071c1,0.0,0.0,0.0,0.0,8985000,26.7,26.7,0.333333,ntoskrnl.exe,func@0x1404071c1,[Unknown],0x1404071c1
func@0x140416930,0.0,0.0,0.0,0.0,0,26.7,26.7,,ntoskrnl.exe,func@0x140416930,[Unknown],0x140416930
func@0x1404243d0,0.0,0.0,0.0,0.0,2995000,0.0,0.0,0.0,ntoskrnl.exe,func@0x1404243d0,[Unknown],0x1404243d0
func@0x140426c27,0.0,0.0,0.0,0.0,2995000,100.0,100.0,0.0,ntoskrnl.exe,func@0x140426c27,[Unknown],0x140426c27
func@0x14042c230,0.0,0.0,0.0,0.0,2995000,0.0,0.0,1.000000,ntoskrnl.exe,func@0x14042c230,[Unknown],0x14042c230
func@0x14042d030,0.0,0.0,0.0,0.0,2995000,0.0,0.0,0.0,ntoskrnl.exe,func@0x14042d030,[Unknown],0x14042d030
func@0x14042d58c,0.0,0.0,0.0,0.0,2995000,0.0,0.0,0.0,ntoskrnl.exe,func@0x14042d58c,[Unknown],0x14042d58c
func@0x140442c20,0.0,0.0,0.0,0.0,0,6.7,6.7,,ntoskrnl.exe,func@0x140442c20,[Unknown],0x140442c20
func@0x140464550,0.0,0.0,0.0,0.0,2995000,0.0,0.0,0.0,ntoskrnl.exe,func@0x140464550,[Unknown],0x140464550
func@0x14046c370,0.0,0.0,0.0,0.0,2995000,0.0,0.0,1.000000,ntoskrnl.exe,func@0x14046c370,[Unknown],0x14046c370
func@0x1404eb658,0.0,0.0,0.0,0.0,0,13.4,13.4,,ntoskrnl.exe,func@0x1404eb658,[Unknown],0x1404eb658
func@0x1404f1c00,0.0,0.0,0.0,0.0,2995000,0.0,0.0,0.0,ntoskrnl.exe,func@0x1404f1c00,[Unknown],0x1404f1c00
func@0x1404f20e0,0.0,0.0,0.0,0.0,2995000,50.0,50.0,0.0,ntoskrnl.exe,func@0x1404f20e0,[Unknown],0x1404f20e0
func@0x1404f3fa0,0.0,0.0,0.0,0.0,0,50.0,50.0,0.0,ntoskrnl.exe,func@0x1404f3fa0,[Unknown],0x1404f3fa0
func@0x1405b4d80,0.0,0.0,0.0,0.0,2995000,0.0,0.0,0.0,ntoskrnl.exe,func@0x1405b4d80,[Unknown],0x1405b4d80
func@0x1405de0f0,0.0,0.0,0.0,0.0,2995000,0.0,0.0,0.0,ntoskrnl.exe,func@0x1405de0f0,[Unknown],0x1405de0f0
func@0x1405e1414,0.0,0.0,0.0,0.0,5990000,0.0,0.0,0.500000,ntoskrnl.exe,func@0x1405e1414,[Unknown],0x1405e1414
func@0x1405e146c,0.0,0.0,0.0,0.0,2995000,0.0,0.0,0.0,ntoskrnl.exe,func@0x1405e146c,[Unknown],0x1405e146c
func@0x1405e2c4c,0.0,0.0,0.0,0.0,0,13.4,13.4,,ntoskrnl.exe,func@0x1405e2c4c,[Unknown],0x1405e2c4c
func@0x1405e30bc,0.0,0.0,0.0,0.0,2995000,0.0,0.0,0.0,ntoskrnl.exe,func@0x1405e30bc,[Unknown],0x1405e30bc
func@0x1406af560,0.0,0.0,0.0,0.0,5990000,,,0.0,nvlddmkm.sys,func@0x1406af560,[Unknown],0x1406af560
func@0x1406b5670,0.0,0.0,0.0,0.0,5990000,0.0,0.0,0.500000,ntoskrnl.exe,func@0x1406b5670,[Unknown],0x1406b5670
func@0x1406e1de0,0.0,0.0,0.0,0.0,0,50.0,50.0,0.0,nvlddmkm.sys,func@0x1406e1de0,[Unknown],0x1406e1de0
func@0x14084e040,0.0,0.0,0.0,0.0,2995000,,,0.0,ntoskrnl.exe,func@0x14084e040,[Unknown],0x14084e040
func@0x1408dd180,0.0,0.0,0.0,0.0,2995000,0.0,0.0,0.0,ntoskrnl.exe,func@0x1408dd180,[Unknown],0x1408dd180
func@0x1409ec03c,0.0,0.0,0.0,0.0,2995000,0.0,0.0,0.0,ntoskrnl.exe,func@0x1409ec03c,[Unknown],0x1409ec03c
func@0x1409fcbe8,0.0,0.0,0.0,0.0,0,50.0,50.0,0.0,ntoskrnl.exe,func@0x1409fcbe8,[Unknown],0x1409fcbe8
func@0x140b51550,0.0,0.0,0.0,0.0,2995000,0.0,0.0,4.000000,nvlddmkm.sys,func@0x140b51550,[Unknown],0x140b51550
func@0x140b51faf,0.0,0.0,0.0,0.0,0,25.0,25.0,0.0,nvlddmkm.sys,func@0x140b51faf,[Unknown],0x140b51faf
func@0x140b53bf0,0.0,0.0,0.0,0.0,2995000,0.0,0.0,0.0,nvlddmkm.sys,func@0x140b53bf0,[Unknown],0x140b53bf0
func@0x140b53e10,0.0,0.0,0.0,0.0,14975000,100.0,100.0,0.0,nvlddmkm.sys,func@0x140b53e10,[Unknown],0x140b53e10
func@0x140b55020,0.0,0.0,0.0,0.0,2995000,0.0,0.0,1.000000,nvlddmkm.sys,func@0x140b55020,[Unknown],0x140b55020
func@0x140b551bf,0.0,0.0,0.0,0.0,2995000,,,0.0,nvlddmkm.sys,func@0x140b551bf,[Unknown],0x140b551bf
func@0x140bbc780,0.0,0.0,0.0,0.0,2995000,0.0,0.0,1.000000,ntoskrnl.exe,func@0x140bbc780,[Unknown],0x140bbc780
func@0x140d85090,0.0,0.0,0.0,0.0,2995000,0.0,0.0,0.0,nvlddmkm.sys,func@0x140d85090,[Unknown],0x140d85090
func@0x140d8e90f,0.0,0.0,0.0,0.0,2995000,0.0,0.0,0.0,nvlddmkm.sys,func@0x140d8e90f,[Unknown],0x140d8e90f
func@0x140da8c2f,0.0,0.0,0.0,0.0,5990000,16.7,16.7,2.000000,nvlddmkm.sys,func@0x140da8c2f,[Unknown],0x140da8c2f
func@0x140dc52ef,0.0,0.0,0.0,0.0,2995000,0.0,0.0,0.0,nvlddmkm.sys,func@0x140dc52ef,[Unknown],0x140dc52ef
func@0x140dc8950,0.0,0.0,0.0,0.0,2995000,0.0,0.0,0.0,nvlddmkm.sys,func@0x140dc8950,[Unknown],0x140dc8950
func@0x140dcaf40,0.0,0.0,0.0,0.0,0,9.1,9.1,,nvlddmkm.sys,func@0x140dcaf40,[Unknown],0x140dcaf40
func@0x140dd99f0,0.0,0.0,0.0,0.0,2995000,0.0,0.0,0.0,nvlddmkm.sys,func@0x140dd99f0,[Unknown],0x140dd99f0
func@0x140e035c0,0.0,0.0,0.0,0.0,2995000,0.0,0.0,0.0,nvlddmkm.sys,func@0x140e035c0,[Unknown],0x140e035c0
func@0x140e03c20,0.0,0.0,0.0,0.0,2995000,0.0,0.0,0.0,nvlddmkm.sys,func@0x140e03c20,[Unknown],0x140e03c20
func@0x140e09ae0,0.0,0.0,0.0,0.0,2995000,0.0,0.0,1.000000,nvlddmkm.sys,func@0x140e09ae0,[Unknown],0x140e09ae0
func@0x140e0ccf0,0.0,0.0,0.0,0.0,0,33.3,33.3,,nvlddmkm.sys,func@0x140e0ccf0,[Unknown],0x140e0ccf0
func@0x140e0fa7f,0.0,0.0,0.0,0.0,2995000,0.0,0.0,2.000000,nvlddmkm.sys,func@0x140e0fa7f,[Unknown],0x140e0fa7f
func@0x140e0fb60,0.0,0.0,0.0,0.0,0,14.3,14.3,0.0,nvlddmkm.sys,func@0x140e0fb60,[Unknown],0x140e0fb60
func@0x140e1dba0,0.0,0.0,0.0,0.0,2995000,0.0,0.0,2.000000,nvlddmkm.sys,func@0x140e1dba0,[Unknown],0x140e1dba0
func@0x140e1e25c,0.0,0.0,0.0,0.0,2995000,0.0,0.0,1.000000,nvlddmkm.sys,func@0x140e1e25c,[Unknown],0x140e1e25c
func@0x18000b0fc,0.0,0.0,0.0,0.0,2995000,0.0,0.0,0.0,msvcp140.dll,func@0x18000b0fc,[Unknown],0x18000b0fc
func@0x18000edc0,0.0,0.0,0.0,0.0,2995000,0.0,0.0,0.0,fltmgr.sys,func@0x18000edc0,[Unknown],0x18000edc0
func@0x18000f1c0,0.0,0.0,0.0,0.0,2995000,0.0,0.0,0.0,fltmgr.sys,func@0x18000f1c0,[Unknown],0x18000f1c0
func@0x18000f2c5,0.0,0.0,0.0,0.0,2995000,0.0,0.0,0.0,fltmgr.sys,func@0x18000f2c5,[Unknown],0x18000f2c5
func@0x18000ff00,0.0,0.0,0.0,0.0,2995000,0.0,0.0,0.0,fltmgr.sys,func@0x18000ff00,[Unknown],0x18000ff00
func@0x180012300,0.0,0.0,0.0,0.0,2995000,0.0,0.0,0.0,fltmgr.sys,func@0x180012300,[Unknown],0x180012300
func@0x18001d8f0,0.0,0.0,0.0,0.0,0,25.0,25.0,0.0,fltmgr.sys,func@0x18001d8f0,[Unknown],0x18001d8f0
func@0x18001e752,0.0,0.0,0.0,0.0,2995000,0.0,0.0,0.0,fltmgr.sys,func@0x18001e752,[Unknown],0x18001e752
func@0x18003a960,0.0,0.0,0.0,0.0,2995000,0.0,0.0,0.0,kernelbase.dll,func@0x18003a960,[Unknown],0x18003a960
func@0x18003c090,0.0,0.0,0.0,0.0,2995000,,,0.0,ntdll.dll,func@0x18003c090,[Unknown],0x18003c090
func@0x18003e784,0.0,0.0,0.0,0.0,2995000,0.0,0.0,0.0,ntdll.dll,func@0x18003e784,[Unknown],0x18003e784
func@0x180041f70,0.0,0.0,0.0,0.0,2995000,50.0,50.0,0.0,ntdll.dll,func@0x180041f70,[Unknown],0x180041f70
func@0x180055e60,0.0,0.0,0.0,0.0,2995000,50.0,50.0,0.0,fltmgr.sys,func@0x180055e60,[Unknown],0x180055e60
func@0x1800567b0,0.0,0.0,0.0,0.0,2995000,0.0,0.0,0.0,fltmgr.sys,func@0x1800567b0,[Unknown],0x1800567b0
func@0x180057552,0.0,0.0,0.0,0.0,2995000,0.0,0.0,0.0,fltmgr.sys,func@0x180057552,[Unknown],0x180057552
func@0x18005d7e0,0.0,0.0,0.0,0.0,2995000,0.0,0.0,1.000000,fltmgr.sys,func@0x18005d7e0,[Unknown],0x18005d7e0
func@0x18005e020,0.0,0.0,0.0,0.0,2995000,0.0,0.0,0.0,fltmgr.sys,func@0x18005e020,[Unknown],0x18005e020
func@0x180077310,0.0,0.0,0.0,0.0,2995000,0.0,0.0,0.0,fltmgr.sys,func@0x180077310,[Unknown],0x180077310
func@0x1800773cc,0.0,0.0,0.0,0.0,2995000,0.0,0.0,0.0,fltmgr.sys,func@0x1800773cc,[Unknown],0x1800773cc
func@0x1801362cc,0.0,0.0,0.0,0.0,5990000,,,0.0,ntdll.dll,func@0x1801362cc,[Unknown],0x1801362cc
func@0x1c0001a54,0.0,0.0,0.0,0.0,2995000,0.0,0.0,0.0,gameflt.sys,func@0x1c0001a54,[Unknown],0x1c0001a54
func@0x1c000f500,0.0,0.0,0.0,0.0,2995000,0.0,0.0,0.0,filecrypt.sys,func@0x1c000f500,[Unknown],0x1c000f500
func@0x1c000f8a0,0.0,0.0,0.0,0.0,2995000,100.0,100.0,0.0,filecrypt.sys,func@0x1c000f8a0,[Unknown],0x1c000f8a0
func@0x1c000fca0,0.0,0.0,0.0,0.0,2995000,0.0,0.0,0.0,filecrypt.sys,func@0x1c000fca0,[Unknown],0x1c000fca0
func@0x1c000fe30,0.0,0.0,0.0,0.0,2995000,0.0,0.0,0.0,filecrypt.sys,func@0x1c000fe30,[Unknown],0x1c000fe30
init_tb,0.0,0.0,0.0,0.0,0,25.0,25.0,,frankycpp_v1.4.exe,init_tb(char *),tbprobe.c,0x14027af70
is_en_passant,0.0,0.0,0.0,0.0,2995000,0.0,0.0,0.0,frankycpp_v1.4.exe,"is_en_passant(const struct Pos *, unsigned short)",tbchess.c,0x14027a0b0
"log<int,0>",0.0,0.0,0.0,0.0,8985000,,,0.333333,frankycpp_v1.4.exe,"log<int,0>(int)",cmath,0x140213330
lround,0.0,0.0,0.0,0.0,23960000,76.3,76.3,0.750000,ucrtbase.dll,lround,[Unknown],0x18002a0a0
makePiece,0.0,0.0,0.0,0.0,5990000,31.6,31.6,1.000000,frankycpp_v1.4.exe,makePiece,piece.h,0x1402392e0
memcmp,0.0,0.0,0.0,0.0,2995000,0.0,0.0,0.0,ntoskrnl.exe,memcmp,[Unknown],0x1406bf810
operator&,0.0,0.0,0.0,0.0,2995000,,,0.0,frankycpp_v1.4.exe,operator&,bitboard.h,0x14024124b
operator&,0.0,0.0,0.0,0.0,5990000,34.8,34.8,0.500000,frankycpp_v1.4.exe,operator&,bitboard.h,0x14024078f
operator&,0.0,0.0,0.0,0.0,5990000,,,1.000000,frankycpp_v1.4.exe,operator&,bitboard.h,0x1402412c3
operator&,0.0,0.0,0.0,0.0,2995000,0.0,0.0,0.0,frankycpp_v1.4.exe,operator&,bitboard.h,0x140277929
operator+,0.0,0.0,0.0,0.0,2995000,0.0,0.0,1.000000,frankycpp_v1.4.exe,operator+,value.h,0x14020b03c
operator+,0.0,0.0,0.0,0.0,2995000,,,0.0,frankycpp_v1.4.exe,operator+,value.h,0x14020aff4
operator+=,0.0,0.0,0.0,0.0,0,10.5,10.5,,frankycpp_v1.4.exe,operator+=,value.h,0x14024580b
operator-,0.0,0.0,0.0,0.0,5990000,0.0,0.0,0.0,frankycpp_v1.4.exe,operator-,direction.h,0x140166b31
operator-,0.0,0.0,0.0,0.0,5990000,0.0,0.0,0.0,frankycpp_v1.4.exe,operator-,direction.h,0x14024045b
operator-,0.0,0.0,0.0,0.0,2995000,0.0,0.0,0.0,frankycpp_v1.4.exe,operator-,depth.h,0x140209a56
operator-,0.0,0.0,0.0,0.0,2995000,0.0,0.0,0.0,frankycpp_v1.4.exe,operator-,value.h,0x1402089bc
operator-,0.0,0.0,0.0,0.0,2995000,,,0.0,frankycpp_v1.4.exe,operator-,value.h,0x14020a052
operator-,0.0,0.0,0.0,0.0,2995000,0.0,0.0,0.0,frankycpp_v1.4.exe,operator-,value.h,0x140240481
operator==,0.0,0.0,0.0,0.0,0,2.8,2.8,,frankycpp_v1.4.exe,operator==,castlingrights.h,0x14024128e
operator|,0.0,0.0,0.0,0.0,2995000,0.0,0.0,0.0,frankycpp_v1.4.exe,operator|,bitboard.h,0x140275805
operator~,0.0,0.0,0.0,0.0,8985000,,,0.333333,frankycpp_v1.4.exe,operator~,color.h,0x14023945d
operator~,0.0,0.0,0.0,0.0,2995000,0.0,0.0,0.0,frankycpp_v1.4.exe,operator~,color.h,0x140239b7c
read,0.0,0.0,0.0,0.0,2995000,0.0,0.0,1.000000,ucrtbase.dll,read,[Unknown],0x180012bd0
"std::_Atomic_storage<bool,1>::load",0.0,0.0,0.0,0.0,0,50.0,50.0,,frankycpp_v1.4.exe,"std::_Atomic_storage<bool,1>::load",atomic,0x140205210
"std::_Atomic_storage<unsigned __int64,8>::store",0.0,0.0,0.0,0.0,11980000,13.1,13.1,2.750000,frankycpp_v1.4.exe,"std::_Atomic_storage<unsigned __int64,8>::store",atomic,0x14024373c
"std::_Char_traits<char,int>::copy",0.0,0.0,0.0,0.0,5990000,,,0.0,frankycpp_v1.4.exe,"std::_Char_traits<char,int>::copy",__msvc_string_view.hpp,0x14011ab6f
"std::_Copy_backward_memmove<Move *,Move *>",0.0,0.0,0.0,0.0,2995000,,,0.0,frankycpp_v1.4.exe,"std::_Copy_backward_memmove<Move *,Move *>(class Move *, class Move *, class Move *)",xutility,0x14021dc10
std::_Deallocate,0.0,0.0,0.0,0.0,2995000,,,0.0,frankycpp_v1.4.exe,std::_Deallocate,xmemory,0x1402164bc
std::_Fnv1a_append_value<unsigned __int64>,0.0,0.0,0.0,0.0,2995000,,,0.0,frankycpp_v1.4.exe,"std::_Fnv1a_append_value<unsigned __int64>(unsigned __int64,unsigned __int64 const &)",type_traits,0x14025bd90
"std::_Hash<class std::_Umap_traits<unsigned __int64,class BookEntry,class std::_Uhash_compare<unsigned __int64,struct std::hash<unsigned __int64>,struct std::equal_to<unsigned __int64> >,class std::allocator<struct std::pair<unsigned __int64 const ,class BookEntry> >,0> >::emplace<struct std::pair<unsigned __int64 const ,class BookEntry> >",0.0,0.0,0.0,0.0,2995000,,,0.0,frankycpp_v1.4.exe,"std::_Hash<class std::_Umap_traits<unsigned __int64,class BookEntry,class std::_Uhash_compare<unsigned __int64,struct std::hash<unsigned __int64>,struct std::equal_to<unsigned __int64> >,class std::allocator<struct std::pair<unsigned __int64 const ,class BookEntry> >,0> >::emplace<struct std::pair<unsigned __int64 const ,class BookEntry> >(struct std::pair<unsigned __int64 const ,class BookEntry> &&)",xhash,0x1402619d0
"std::_Hash<std::_Umap_traits<unsigned __int64,BookEntry,std::_Uhash_compare<unsigned __int64,std::hash<unsigned __int64>,std::equal_to<unsigned __int64> >,std::allocator<std::pair<unsigned __int64 const ,BookEntry> >,0> >::_Check_rehash_required_1",0.0,0.0,0.0,0.0,2995000,,,0.0,frankycpp_v1.4.exe,"std::_Hash<std::_Umap_traits<unsigned __int64,BookEntry,std::_Uhash_compare<unsigned __int64,std::hash<unsigned __int64>,std::equal_to<unsigned __int64> >,std::allocator<std::pair<unsigned __int64 const ,BookEntry> >,0> >::_Check_rehash_required_1",xhash,0x140261b05
"std::_Hash<std::_Umap_traits<unsigned __int64,BookEntry,std::_Uhash_compare<unsigned __int64,std::hash<unsigned __int64>,std::equal_to<unsigned __int64> >,std::allocator<std::pair<unsigned __int64 const ,BookEntry> >,0> >::_Insert_new_node_before",0.0,0.0,0.0,0.0,5990000,0.0,0.0,0.0,frankycpp_v1.4.exe,"std::_Hash<std::_Umap_traits<unsigned __int64,BookEntry,std::_Uhash_compare<unsigned __int64,std::hash<unsigned __int64>,std::equal_to<unsigned __int64> >,std::allocator<std::pair<unsigned __int64 const ,BookEntry> >,0> >::_Insert_new_node_before",xhash,0x140261ba6
"std::_Hash<std::_Umap_traits<unsigned __int64,BookEntry,std::_Uhash_compare<unsigned __int64,std::hash<unsigned __int64>,std::equal_to<unsigned __int64> >,std::allocator<std::pair<unsigned __int64 const ,BookEntry> >,0> >::insert",0.0,0.0,0.0,0.0,2995000,,,0.0,frankycpp_v1.4.exe,"std::_Hash<std::_Umap_traits<unsigned __int64,BookEntry,std::_Uhash_compare<unsigned __int64,std::hash<unsigned __int64>,std::equal_to<unsigned __int64> >,std::allocator<std::pair<unsigned __int64 const ,BookEntry> >,0> >::insert",xhash,0x140260f70
std::_Uninitialized_value_construct_n<class std::allocator<class Move> >,0.0,0.0,0.0,0.0,2995000,0.0,0.0,0.0,frankycpp_v1.4.exe,"std::_Uninitialized_value_construct_n<class std::allocator<class Move> >(class Move *,unsigned __int64,class std::allocator<class Move> &)",xmemory,0x14026d400
"std::array<HistoryState,512>::operator[]",0.0,0.0,0.0,0.0,5990000,20.0,20.0,2.000000,frankycpp_v1.4.exe,"std::array<HistoryState,512>::operator[]",array,0x1402394a0
"std::array<Move,128>::operator[]",0.0,0.0,0.0,0.0,2995000,10.5,10.5,2.000000,frankycpp_v1.4.exe,"std::array<Move,128>::operator[]",array,0x1401fdf26
"std::array<Move,128>::operator[]",0.0,0.0,0.0,0.0,5990000,,,0.500000,frankycpp_v1.4.exe,"std::array<Move,128>::operator[]",array,0x1401fdef6
"std::array<Move,128>::operator[]",0.0,0.0,0.0,0.0,0,13.4,13.4,,frankycpp_v1.4.exe,"std::array<Move,128>::operator[]",array,0x1401fde86
"std::array<int,64>::operator[]",0.0,0.0,0.0,0.0,5990000,50.0,50.0,0.500000,frankycpp_v1.4.exe,"std::array<int,64>::operator[]",array,0x14020a376
"std::array<std::array<Bitboard,64>,8>::operator[]",0.0,0.0,0.0,0.0,8985000,,,0.0,frankycpp_v1.4.exe,"std::array<std::array<Bitboard,64>,8>::operator[]",array,0x140245554
"std::array<std::array<int,64>,64>::operator[]",0.0,0.0,0.0,0.0,2995000,50.0,50.0,0.0,frankycpp_v1.4.exe,"std::array<std::array<int,64>,64>::operator[]",array,0x140166b3f
"std::array<std::array<int,64>,64>::operator[]",0.0,0.0,0.0,0.0,2995000,13.4,13.4,1.000000,frankycpp_v1.4.exe,"std::array<std::array<int,64>,64>::operator[]",array,0x14020a36a
"std::array<unsigned __int64,16>::operator[]",0.0,0.0,0.0,0.0,5990000,0.0,0.0,0.0,frankycpp_v1.4.exe,"std::array<unsigned __int64,16>::operator[]",array,0x140238dc8
"std::array<unsigned __int64,9>::operator[]",0.0,0.0,0.0,0.0,2995000,0.0,0.0,0.0,frankycpp_v1.4.exe,"std::array<unsigned __int64,9>::operator[]",array,0x140239436
"std::basic_streambuf<char,std::char_traits<char> >::_Gnavail",0.0,0.0,0.0,0.0,0,26.7,26.7,,frankycpp_v1.4.exe,"std::basic_streambuf<char,std::char_traits<char> >::_Gnavail",streambuf,0x14011ab3f
"std::basic_streambuf<char,std::char_traits<char> >::gbump",0.0,0.0,0.0,0.0,17970000,,,0.166667,frankycpp_v1.4.exe,"std::basic_streambuf<char,std::char_traits<char> >::gbump",streambuf,0x14011ab7e
"std::basic_string<char,struct std::char_traits<char>,class std::allocator<char> >::_Tidy_deallocate",0.0,0.0,0.0,0.0,2995000,0.0,0.0,0.0,frankycpp_v1.4.exe,"std::basic_string<char,struct std::char_traits<char>,class std::allocator<char> >::_Tidy_deallocate(void)",xstring,0x14010f230
std::countr_zero,0.0,0.0,0.0,0.0,8985000,0.0,0.0,0.666667,frankycpp_v1.4.exe,std::countr_zero,bit,0x14024044a
std::make_unique,0.0,0.0,0.0,0.0,8985000,25.0,25.0,0.0,frankycpp_v1.4.exe,std::make_unique,memory,0x140242eb5
std::make_unique,0.0,0.0,0.0,0.0,5990000,,,0.0,frankycpp_v1.4.exe,std::make_unique,memory,0x140246980
"std::pair<unsigned __int64 const ,BookEntry>::{ctor}",0.0,0.0,0.0,0.0,2995000,0.0,0.0,0.0,frankycpp_v1.4.exe,"std::pair<unsigned __int64 const ,BookEntry>::{ctor}",utility,0x140260f27
std::ranges::_Move_backward_common,0.0,0.0,0.0,0.0,2995000,0.0,0.0,0.0,frankycpp_v1.4.exe,std::ranges::_Move_backward_common,algorithm,0x14021cfa7
std::shared_ptr<YAML::detail::memory_holder>::{ctor},0.0,0.0,0.0,0.0,0,50.0,50.0,0.0,frankycpp_v1.4.exe,std::shared_ptr<YAML::detail::memory_holder>::{ctor},memory,0x14017f3ea
std::shared_ptr<YAML::detail::memory_holder>::{ctor},0.0,0.0,0.0,0.0,0,16.7,16.7,0.0,frankycpp_v1.4.exe,std::shared_ptr<YAML::detail::memory_holder>::{ctor},memory,0x140183037
std::shared_ptr<YAML::detail::memory_holder>::{dtor},0.0,0.0,0.0,0.0,0,100.0,100.0,0.0,frankycpp_v1.4.exe,std::shared_ptr<YAML::detail::memory_holder>::{dtor},memory,0x14018317d
"std::vector<Move,std::allocator<Move> >::reserve",0.0,0.0,0.0,0.0,2995000,,,0.0,frankycpp_v1.4.exe,"std::vector<Move,std::allocator<Move> >::reserve",vector,0x140269c3f
"std::vector<boost::archive::detail::basic_iarchive_impl::cobject_id,std::allocator<boost::archive::detail::basic_iarchive_impl::cobject_id> >::operator[]",0.0,0.0,0.0,0.0,0,50.0,50.0,0.0,frankycpp_v1.4.exe,"std::vector<boost::archive::detail::basic_iarchive_impl::cobject_id,std::allocator<boost::archive::detail::basic_iarchive_impl::cobject_id> >::operator[]",vector,0x140282e30
"std::vector<class Move,class std::allocator<class Move> >::_Change_array",0.0,0.0,0.0,0.0,2995000,0.0,0.0,1.000000,frankycpp_v1.4.exe,"std::vector<class Move,class std::allocator<class Move> >::_Change_array(class Move * const,unsigned __int64,unsigned __int64)",vector,0x1402599a0
"std::vector<class Move,class std::allocator<class Move> >::~vector<class Move,class std::allocator<class Move> >",0.0,0.0,0.0,0.0,2995000,0.0,0.0,0.0,frankycpp_v1.4.exe,"std::vector<class Move,class std::allocator<class Move> >::~vector<class Move,class std::allocator<class Move> >(void)",vector,0x1402164a0
"std::vector<unsigned __int64,std::allocator<unsigned __int64> >::resize",0.0,0.0,0.0,0.0,11980000,0.0,0.0,0.0,frankycpp_v1.4.exe,"std::vector<unsigned __int64,std::allocator<unsigned __int64> >::resize",vector,0x14026c32c
strlen,0.0,0.0,0.0,0.0,2995000,0.0,0.0,0.0,ntoskrnl.exe,strlen,[Unknown],0x1406bfdd0
tablebase::`anonymous namespace'::convertPositionToFathom,0.0,0.0,0.0,0.0,5990000,,,0.500000,frankycpp_v1.4.exe,"tablebase::`anonymous namespace'::convertPositionToFathom(const class Position & const, unsigned __int64 & const, unsigned __int64 & const, unsigned __int64 & const, unsigned __int64 & const, unsigned __int64 & const, unsigned __int64 & const, unsigned __int64 & const, unsigned __int64 & const, unsigned int & const, bool & const)",Tablebase.cpp,0x1402757b0
tablebase::`anonymous namespace'::convertWDL,0.0,0.0,0.0,0.0,2995000,0.0,0.0,0.0,frankycpp_v1.4.exe,tablebase::`anonymous namespace'::convertWDL(const unsigned int),Tablebase.cpp,0x140275a90
typeOf,0.0,0.0,0.0,0.0,41930000,,,0.0,frankycpp_v1.4.exe,typeOf,piece.h,0x14024100d
type_info::before,0.0,0.0,0.0,0.0,5990000,,,0.0,frankycpp_v1.4.exe,type_info::before,vcruntime_typeinfo.h,0x14028d270
