Function,CPU Time,CPU Time:Effective Time,CPU Time:Spin Time,CPU Time:Overhead Time,Instructions Retired,Microarchitecture Usage(%),Microarchitecture Usage:Microarchitecture Usage(%),Microarchitecture Usage:CPI Rate,Module,Function (Full),Source File,Start Address
"std::_Atomic_storage<unsigned __int64,8>::load",2.919806,2.919806,0.0,0.0,7412625000,7.9,7.9,2.172121,frankycpp_v1.8.exe,"std::_Atomic_storage<unsigned __int64,8>::load",atomic,0x14026d603
chess::Attacks::`anonymous namespace'::sliderLookup,1.915873,1.915873,0.0,0.0,28033200000,40.5,40.5,0.386325,frankycpp_v1.8.exe,"chess::Attacks::`anonymous namespace'::sliderLookup(const chess::PieceType, const class chess::Square, const class chess::Bitboard)",attacks.cpp,0x14016c950
chess::Attacks::attacks,0.910940,0.910940,0.0,0.0,13851875000,45.4,45.4,0.364108,frankycpp_v1.8.exe,"chess::Attacks::attacks(enum chess::PieceType,class chess::Square,class chess::Bitboard)",attacks.cpp,0x14016c9b0
engine::TT::ageEntries::__l2::<lambda_1>::operator(),0.763949,0.763949,0.0,0.0,2710475000,12.0,12.0,1.390055,frankycpp_v1.8.exe,engine::TT::ageEntries::__l2::<lambda_1>::operator(),TT.cpp,0x14026e693
engine::Evaluator::kingEval,0.695954,0.695954,0.0,0.0,9862535000,37.8,37.8,0.397510,frankycpp_v1.8.exe,"engine::Evaluator::kingEval(class chess::Position const &,struct chess::Score &,class chess::Color)",Evaluator.cpp,0x14026ad90
engine::Search::search,0.572962,0.572962,0.0,0.0,6699815000,34.8,34.8,0.433169,frankycpp_v1.8.exe,"engine::Search::search(class chess::Position &,enum chess::Depth,enum chess::Depth,class chess::Value,class chess::Value,enum engine::Search::NodeType,enum engine::Search::Do_Null)",Search.cpp,0x14021f280
engine::Evaluator::pieceEval,0.435971,0.435971,0.0,0.0,6445240000,50.0,50.0,0.359201,frankycpp_v1.8.exe,"engine::Evaluator::pieceEval(class chess::Position const &,struct chess::Score &,class chess::Color,enum chess::PieceType)",Evaluator.cpp,0x14026a320
func@0x1800126c0,0.413973,0.413973,0.0,0.0,5990000,1.2,1.2,374.500000,vcruntime140.dll,func@0x1800126c0,[Unknown],0x1800126c0
engine::Search::qsearch,0.381975,0.381975,0.0,0.0,3986345000,28.8,28.8,0.513148,frankycpp_v1.8.exe,"engine::Search::qsearch(class chess::Position &,enum chess::Depth,class chess::Value,class chess::Value,enum engine::Search::NodeType)",Search.cpp,0x140220ca0
std::_Checked_x86_x64_countr_zero<unsigned __int64>,0.326978,0.326978,0.0,0.0,5621615000,,,0.328183,frankycpp_v1.8.exe,std::_Checked_x86_x64_countr_zero<unsigned __int64>(unsigned __int64),__msvc_bit_utils.hpp,0x140265580
engine::Search::thread,0.319979,0.319979,0.0,0.0,1985685000,21.6,21.6,0.886878,frankycpp_v1.8.exe,engine::Search::thread,Search.h,0x1402212c6
chess::MoveGenerator::getNextPseudoLegalMove,0.316979,0.316979,0.0,0.0,3779690000,41.9,41.9,0.421553,frankycpp_v1.8.exe,"chess::MoveGenerator::getNextPseudoLegalMove(class chess::Position const &,enum chess::GenMode,bool)",MoveGenerator.cpp,0x140260df0
engine::Search::thread,0.299980,0.299980,0.0,0.0,1572375000,21.6,21.6,0.868571,frankycpp_v1.8.exe,engine::Search::thread,Search.h,0x140220604
std::_Checked_popcount<unsigned __int64>,0.296980,0.296980,0.0,0.0,3893500000,40.0,40.0,0.439231,frankycpp_v1.8.exe,std::_Checked_popcount<unsigned __int64>(unsigned __int64),__msvc_bit_utils.hpp,0x140241510
chess::MoveGenerator::fillOnDemandMoveList,0.280981,0.280981,0.0,0.0,3698825000,38.5,38.5,0.438866,frankycpp_v1.8.exe,"chess::MoveGenerator::fillOnDemandMoveList(class chess::Position const &,enum chess::GenMode,bool)",MoveGenerator.cpp,0x140262b20
"std::ranges::_Insertion_sort_common<chess::Move *,chess::moveValueGreaterComparator,std::identity>",0.280981,0.280981,0.0,0.0,2662555000,,,0.583802,frankycpp_v1.8.exe,"std::ranges::_Insertion_sort_common<chess::Move *,chess::moveValueGreaterComparator,std::identity>(class chess::Move *, class chess::Move *, struct chess::moveValueGreaterComparator, struct std::identity)",algorithm,0x140236d80
engine::Evaluator::rookEval,0.274982,0.274982,0.0,0.0,4938755000,50.6,50.6,0.328684,frankycpp_v1.8.exe,"engine::Evaluator::rookEval(class chess::Position const &,struct chess::Score &,class chess::Color,class chess::Color,class chess::Square)",Evaluator.cpp,0x14026a9c0
chess::MoveGenerator::updateSortValues,0.272982,0.272982,0.0,0.0,3737760000,37.2,37.2,0.433494,frankycpp_v1.8.exe,"chess::MoveGenerator::updateSortValues(class chess::Position const &,class chess::StaticMoveList<256> *)",MoveGenerator.cpp,0x140262e70
engine::TT::put,0.261983,0.261983,0.0,0.0,3387345000,36.5,36.5,0.491600,frankycpp_v1.8.exe,"engine::TT::put(unsigned __int64,enum chess::Depth,class chess::Move,class chess::Value,enum chess::ValueType,class chess::Value)",TT.cpp,0x14026d390
engine::Evaluator::coordinationEval,0.260983,0.260983,0.0,0.0,2821290000,35.0,35.0,0.502123,frankycpp_v1.8.exe,"engine::Evaluator::coordinationEval(class chess::Position const &,struct chess::Score &,class chess::Color)",Evaluator.cpp,0x14026b380
chess::Position::givesCheck,0.256983,0.256983,0.0,0.0,3953400000,39.6,39.6,0.349242,frankycpp_v1.8.exe,chess::Position::givesCheck(class chess::Move),Position.cpp,0x14025c510
"std::_Atomic_storage<unsigned __int64,8>::load",0.254983,0.254983,0.0,0.0,883525000,11.0,11.0,1.569492,frankycpp_v1.8.exe,"std::_Atomic_storage<unsigned __int64,8>::load",atomic,0x140267581
chess::MoveGenerator::generateMoves,0.238984,0.238984,0.0,0.0,3168710000,,,0.466919,frankycpp_v1.8.exe,"chess::MoveGenerator::generateMoves(class chess::Position const &,class chess::StaticMoveList<256> *,enum chess::GenMode,bool,class chess::Bitboard)",MoveGenerator.cpp,0x140263ad0
engine::Evaluator::evaluate,0.223985,0.223985,0.0,0.0,4073200000,55.5,55.5,0.285294,frankycpp_v1.8.exe,engine::Evaluator::evaluate(class chess::Position const &),Evaluator.cpp,0x140269890
engine::Evaluator::threatEval,0.200987,0.200987,0.0,0.0,3324450000,42.9,42.9,0.379279,frankycpp_v1.8.exe,"engine::Evaluator::threatEval(class chess::Position const &,struct chess::Score &,class chess::Color)",Evaluator.cpp,0x14026b1e0
chess::Position::removePiece,0.183988,0.183988,0.0,0.0,2219295000,35.6,35.6,0.438596,frankycpp_v1.8.exe,chess::Position::removePiece(class chess::Square),Position.cpp,0x14025d720
chess::Position::putPiece,0.169989,0.169989,0.0,0.0,2162390000,,,0.421053,frankycpp_v1.8.exe,"chess::Position::putPiece(enum chess::Piece,class chess::Square)",Position.cpp,0x14025d610
"std::_Atomic_address_as<__int64,std::_Atomic_padded<unsigned __int64> >",0.169989,0.169989,0.0,0.0,3153735000,39.0,39.0,0.350427,frankycpp_v1.8.exe,"std::_Atomic_address_as<__int64,std::_Atomic_padded<unsigned __int64> >",xatomic.h,0x140268d20
chess::Position::isAttacked,0.166989,0.166989,0.0,0.0,2153405000,45.4,45.4,0.378303,frankycpp_v1.8.exe,"chess::Position::isAttacked(class chess::Square,class chess::Color)",Position.cpp,0x14025c1e0
engine::Evaluator::knightEval,0.154990,0.154990,0.0,0.0,2428945000,,,0.330456,frankycpp_v1.8.exe,"engine::Evaluator::knightEval(class chess::Position const &,struct chess::Score &,class chess::Color,class chess::Color,class chess::Square)",Evaluator.cpp,0x14026a6d0
chess::Position::doMove,0.150990,0.150990,0.0,0.0,2306150000,,,0.441558,frankycpp_v1.8.exe,chess::Position::doMove(class chess::Move),Position.cpp,0x14025b980
engine::Evaluator::bishopEval,0.144990,0.144990,0.0,0.0,2114470000,42.4,42.4,0.355524,frankycpp_v1.8.exe,engine::Evaluator::bishopEval,Evaluator.cpp,0x14026a5b8
engine::See::see,0.139991,0.139991,0.0,0.0,1958730000,44.7,44.7,0.353211,frankycpp_v1.8.exe,"engine::See::see(class chess::Position const &,class chess::Move)",See.cpp,0x14029e620
chess::MoveGenerator::generatePawnMoves,0.109993,0.109993,0.0,0.0,1446585000,,,0.422360,frankycpp_v1.8.exe,"chess::MoveGenerator::generatePawnMoves(class chess::Position const &,class chess::StaticMoveList<256> *,enum chess::GenMode,bool,class chess::Bitboard)",MoveGenerator.cpp,0x1402630a0
"std::_Atomic_storage<unsigned __int64,8>::store",0.096994,0.096994,0.0,0.0,1602325000,,,0.362617,frankycpp_v1.8.exe,"std::_Atomic_storage<unsigned __int64,8>::store",atomic,0x14026d478
std::_Unchecked_popcount<unsigned __int64>,0.091994,0.091994,0.0,0.0,943425000,,,0.555556,frankycpp_v1.8.exe,std::_Unchecked_popcount<unsigned __int64>(unsigned __int64),__msvc_bit_utils.hpp,0x140241500
engine::Evaluator::queenEval,0.088994,0.088994,0.0,0.0,1776035000,56.6,56.6,0.333895,frankycpp_v1.8.exe,engine::Evaluator::queenEval,Evaluator.cpp,0x14026a3b9
engine::TT::probe,0.084994,0.084994,0.0,0.0,455240000,11.2,11.2,1.151316,frankycpp_v1.8.exe,engine::TT::probe(unsigned __int64 const &),TT.cpp,0x14026d5d0
chess::Position::wasLegalMove,0.081995,0.081995,0.0,0.0,1209980000,,,0.336634,frankycpp_v1.8.exe,chess::Position::wasLegalMove(void),Position.cpp,0x14025c6d0
chess::Position::undoMove,0.080995,0.080995,0.0,0.0,862560000,,,0.472222,frankycpp_v1.8.exe,chess::Position::undoMove(void),Position.cpp,0x14025be60
chess::MoveGenerator::generateKingMoves,0.076995,0.076995,0.0,0.0,622960000,47.1,47.1,0.480769,frankycpp_v1.8.exe,"chess::MoveGenerator::generateKingMoves(class chess::Position const &,class chess::StaticMoveList<256> *,enum chess::GenMode,bool)",MoveGenerator.cpp,0x140263d90
engine::Evaluator::pawnEval,0.076995,0.076995,0.0,0.0,1177035000,,,0.371501,frankycpp_v1.8.exe,"engine::Evaluator::pawnEval(class chess::Position const &,struct chess::Score &)",Evaluator.cpp,0x140269e60
chess::Bitboard::operator^=,0.073995,0.073995,0.0,0.0,778700000,37.5,37.5,0.511538,frankycpp_v1.8.exe,chess::Bitboard::operator^=,bitboard.h,0x14025d775
chess::Bitboard::shifted,0.072995,0.072995,0.0,0.0,1168050000,,,0.335897,frankycpp_v1.8.exe,chess::Bitboard::shifted,bitboard.h,0x14026319d
chess::Move::encode,0.069995,0.069995,0.0,0.0,778700000,32.1,32.1,0.519231,frankycpp_v1.8.exe,chess::Move::encode,move.h,0x140263c25
"std::array<int,64>::operator[]",0.062996,0.062996,0.0,0.0,847585000,,,0.363958,frankycpp_v1.8.exe,"std::array<int,64>::operator[]",array,0x140262f37
chess::moveValueGreaterComparator::operator(),0.060996,0.060996,0.0,0.0,820630000,,,0.456204,frankycpp_v1.8.exe,chess::moveValueGreaterComparator::operator(),move.h,0x140236da0
"std::ranges::_Sort_fn::_Sort_common<chess::Move *,chess::moveValueGreaterComparator,std::identity>",0.059996,0.059996,0.0,0.0,643925000,,,0.488372,frankycpp_v1.8.exe,"std::ranges::_Sort_fn::_Sort_common<chess::Move *,chess::moveValueGreaterComparator,std::identity>(class chess::Move *, class chess::Move *, __int64, struct chess::moveValueGreaterComparator, struct std::identity)",algorithm,0x1402642e0
chess::operator&,0.057996,0.057996,0.0,0.0,625955000,,,0.435407,frankycpp_v1.8.exe,chess::operator&,bitboard.h,0x14026b296
"std::array<unsigned __int64,64>::operator[]",0.056996,0.056996,0.0,0.0,649915000,36.9,36.9,0.520737,frankycpp_v1.8.exe,"std::array<unsigned __int64,64>::operator[]",array,0x14025d762
engine::See::attacksTo,0.055996,0.055996,0.0,0.0,838600000,48.3,48.3,0.378571,frankycpp_v1.8.exe,"engine::See::attacksTo(class chess::Position const &,class chess::Square,class chess::Color)",See.cpp,0x14029e990
chess::makePiece,0.054996,0.054996,0.0,0.0,521130000,,,0.517241,frankycpp_v1.8.exe,chess::makePiece,piece.h,0x14026ae4c
engine::TT::Entry::{ctor},0.054996,0.054996,0.0,0.0,53910000,3.1,3.1,5.055556,frankycpp_v1.8.exe,engine::TT::Entry::{ctor},TT.h,0x14026d60f
chess::operator*,0.048997,0.048997,0.0,0.0,491180000,40.2,40.2,0.463415,frankycpp_v1.8.exe,chess::operator*,value.h,0x140269d85
chess::Square::{ctor},0.047997,0.047997,0.0,0.0,596005000,36.8,36.8,0.391960,frankycpp_v1.8.exe,chess::Square::{ctor},square.h,0x14025c545
chess::Bitboard::operator bool,0.046997,0.046997,0.0,0.0,823625000,38.6,38.6,0.349091,frankycpp_v1.8.exe,chess::Bitboard::operator bool,bitboard.h,0x140263bc4
std::_Countr_zero_tzcnt<unsigned __int64>,0.041997,0.041997,0.0,0.0,584025000,37.7,37.7,0.435897,frankycpp_v1.8.exe,std::_Countr_zero_tzcnt<unsigned __int64>(unsigned __int64),__msvc_bit_utils.hpp,0x140265570
"std::array<chess::Bitboard,64>::operator[]",0.041997,0.041997,0.0,0.0,548085000,41.1,41.1,0.409836,frankycpp_v1.8.exe,"std::array<chess::Bitboard,64>::operator[]",array,0x14016ca40
chess::operator<,0.039997,0.039997,0.0,0.0,386355000,32.2,32.2,0.372093,frankycpp_v1.8.exe,chess::operator<,rank.h,0x14026ae34
chess::MoveGenerator::isPseudoLegal,0.038997,0.038997,0.0,0.0,188685000,20.0,20.0,0.968254,frankycpp_v1.8.exe,"chess::MoveGenerator::isPseudoLegal(class chess::Position const &,class chess::Move)",MoveGenerator.cpp,0x140261080
chess::Bitboard::operator|=,0.036998,0.036998,0.0,0.0,437270000,37.9,37.9,0.445205,frankycpp_v1.8.exe,chess::Bitboard::operator|=,bitboard.h,0x14025d662
chess::Position::getPiece,0.036998,0.036998,0.0,0.0,464225000,,,0.470968,frankycpp_v1.8.exe,chess::Position::getPiece,Position.h,0x14026ae45
engine::See::revealedAttacks,0.036998,0.036998,0.0,0.0,736770000,49.4,49.4,0.329268,frankycpp_v1.8.exe,"engine::See::revealedAttacks(class chess::Position const &,class chess::Square,class chess::Bitboard,class chess::Color)",See.cpp,0x14029eae0
chess::operator&,0.035998,0.035998,0.0,0.0,607985000,,,0.330049,frankycpp_v1.8.exe,chess::operator&,bitboard.h,0x14026aa85
"std::_Atomic_storage<unsigned __int64,8>::load",0.034998,0.034998,0.0,0.0,551080000,37.2,37.2,0.500000,frankycpp_v1.8.exe,"std::_Atomic_storage<unsigned __int64,8>::load",atomic,0x14026d3e0
engine::Search::storeTt,0.033998,0.033998,0.0,0.0,392345000,42.1,42.1,0.541985,frankycpp_v1.8.exe,"engine::Search::storeTt(class chess::Position const &,enum chess::Depth,enum chess::Depth,class chess::Move,class chess::Value,enum chess::ValueType,class chess::Value)",Search.cpp,0x1402216f0
"std::_Atomic_storage<unsigned __int64,8>::store",0.033998,0.033998,0.0,0.0,377370000,,,0.404762,frankycpp_v1.8.exe,"std::_Atomic_storage<unsigned __int64,8>::store",atomic,0x14026d593
engine::PawnTT::Entry::Entry,0.032998,0.032998,0.0,0.0,727785000,72.8,72.8,0.222222,frankycpp_v1.8.exe,engine::PawnTT::Entry::Entry(struct engine::PawnTT::Entry const &),PawnTT.cpp,0x1402665d0
std::countr_zero,0.032998,0.032998,0.0,0.0,416305000,37.7,37.7,0.474820,frankycpp_v1.8.exe,std::countr_zero,bit,0x140263b72
std::popcount,0.032998,0.032998,0.0,0.0,766720000,44.1,44.1,0.355469,frankycpp_v1.8.exe,std::popcount,bit,0x14026b2af
"std::unique_ptr<engine::TT::TTCluster [0],std::default_delete<engine::TT::TTCluster [0]> >::operator[]",0.031998,0.031998,0.0,0.0,467220000,44.3,44.3,0.314103,frankycpp_v1.8.exe,"std::unique_ptr<engine::TT::TTCluster [0],std::default_delete<engine::TT::TTCluster [0]> >::operator[]",memory,0x1402212bb
chess::Move::operator==,0.030998,0.030998,0.0,0.0,527120000,32.7,32.7,0.278409,frankycpp_v1.8.exe,chess::Move::operator==,PVTable.h,0x140262fa6
engine::See::getLeastValuablePiece,0.030998,0.030998,0.0,0.0,488185000,59.6,59.6,0.331288,frankycpp_v1.8.exe,"engine::See::getLeastValuablePiece(class chess::Position const &,class chess::Bitboard,class chess::Color)",See.cpp,0x14029e910
"std::array<chess::Value,25>::operator[]",0.030998,0.030998,0.0,0.0,326455000,,,0.431193,frankycpp_v1.8.exe,"std::array<chess::Value,25>::operator[]",array,0x140263c19
chess::Position::movePiece,0.029998,0.029998,0.0,0.0,551080000,,,0.402174,frankycpp_v1.8.exe,"chess::Position::movePiece(class chess::Square,class chess::Square)",Position.cpp,0x14025d5e0
chess::Bitboard::shifted,0.028998,0.028998,0.0,0.0,389350000,31.7,31.7,0.423077,frankycpp_v1.8.exe,chess::Bitboard::shifted(class chess::Direction),bitboard.h,0x140265360
chess::Move::encode,0.028998,0.028998,0.0,0.0,242595000,30.0,30.0,0.493827,frankycpp_v1.8.exe,chess::Move::encode,move.h,0x140263cfd
chess::StaticMoveList<256>::push_back,0.028998,0.028998,0.0,0.0,266555000,,,0.707865,frankycpp_v1.8.exe,chess::StaticMoveList<256>::push_back,staticmovelist.h,0x140263d06
chess::typeOf,0.028998,0.028998,0.0,0.0,440265000,36.5,36.5,0.374150,frankycpp_v1.8.exe,chess::typeOf,piece.h,0x14025d744
"std::_Atomic_storage<unsigned __int64,8>::store",0.028998,0.028998,0.0,0.0,131780000,15.3,15.3,1.113636,frankycpp_v1.8.exe,"std::_Atomic_storage<unsigned __int64,8>::store",atomic,0x14026d68f
engine::Search::sendSearchUpdateToUci,0.026998,0.026998,0.0,0.0,104825000,7.9,7.9,2.200000,frankycpp_v1.8.exe,engine::Search::sendSearchUpdateToUci(void),Search.cpp,0x14022aa80
std::countr_zero,0.026998,0.026998,0.0,0.0,218635000,43.8,43.8,0.424658,frankycpp_v1.8.exe,std::countr_zero,bit,0x14026a3b1
chess::operator&,0.025998,0.025998,0.0,0.0,503160000,48.0,48.0,0.172619,frankycpp_v1.8.exe,chess::operator&,bitboard.h,0x14029ea97
std::countr_zero,0.025998,0.025998,0.0,0.0,763725000,99.5,99.5,0.168627,frankycpp_v1.8.exe,std::countr_zero,bit,0x140269a70
chess::Bitboard::operator|=,0.024998,0.024998,0.0,0.0,425290000,68.8,68.8,0.309859,frankycpp_v1.8.exe,chess::Bitboard::operator|=,bitboard.h,0x14026a70b
chess::Position::getPieceBb,0.024998,0.024998,0.0,0.0,332445000,32.9,32.9,0.378378,frankycpp_v1.8.exe,chess::Position::getPieceBb,Position.h,0x14026b28b
chess::Position::hasCheck,0.024998,0.024998,0.0,0.0,197670000,27.2,27.2,0.787879,frankycpp_v1.8.exe,chess::Position::hasCheck(void),Position.cpp,0x14025c4c0
"std::_Hash<std::_Umap_traits<unsigned __int64,book::BookEntry,std::_Uhash_compare<unsigned __int64,std::hash<unsigned __int64>,std::equal_to<unsigned __int64> >,std::allocator<std::pair<unsigned __int64 const ,book::BookEntry> >,0> >::_Find_last",0.024998,0.024998,0.0,0.0,14975000,3.7,3.7,7.400000,frankycpp_v1.8.exe,"std::_Hash<std::_Umap_traits<unsigned __int64,book::BookEntry,std::_Uhash_compare<unsigned __int64,std::hash<unsigned __int64>,std::equal_to<unsigned __int64> >,std::allocator<std::pair<unsigned __int64 const ,book::BookEntry> >,0> >::_Find_last",xhash,0x140288080
chess::operator&,0.023998,0.023998,0.0,0.0,254575000,45.9,45.9,0.258824,frankycpp_v1.8.exe,chess::operator&,bitboard.h,0x140220268
chess::operator&,0.022998,0.022998,0.0,0.0,161730000,43.1,43.1,0.388889,frankycpp_v1.8.exe,chess::operator&,bitboard.h,0x14025c27c
std::countr_zero,0.022998,0.022998,0.0,0.0,185690000,34.5,34.5,0.467742,frankycpp_v1.8.exe,std::countr_zero,bit,0x14026aee0
std::countr_zero,0.022998,0.022998,0.0,0.0,715805000,90.8,90.8,0.175732,frankycpp_v1.8.exe,std::countr_zero,bit,0x140269a30
chess::Bitboard::operator bool,0.021999,0.021999,0.0,0.0,233610000,56.4,56.4,0.320513,frankycpp_v1.8.exe,chess::Bitboard::operator bool,bitboard.h,0x140263b55
chess::operator&,0.021999,0.021999,0.0,0.0,161730000,29.3,29.3,0.574074,frankycpp_v1.8.exe,chess::operator&,bitboard.h,0x14026b27d
chess::operator+,0.021999,0.021999,0.0,0.0,344425000,,,0.321739,frankycpp_v1.8.exe,chess::operator+,value.h,0x140269db1
chess::operator++,0.021999,0.021999,0.0,0.0,275540000,,,0.413043,frankycpp_v1.8.exe,chess::operator++,piecetype.h,0x140263d59
engine::TT::prefetch,0.021999,0.021999,0.0,0.0,377370000,54.4,54.4,0.349206,frankycpp_v1.8.exe,engine::TT::prefetch,TT.h,0x1402205ee
chess::Bitboard::popLSB,0.020999,0.020999,0.0,0.0,191680000,24.1,24.1,0.828125,frankycpp_v1.8.exe,chess::Bitboard::popLSB,bitboard.h,0x14026b3f0
chess::Position::getLastMove,0.020999,0.020999,0.0,0.0,251580000,34.7,34.7,0.392857,frankycpp_v1.8.exe,chess::Position::getLastMove,Position.h,0x140262f70
chess::operator&,0.020999,0.020999,0.0,0.0,221630000,50.0,50.0,0.391892,frankycpp_v1.8.exe,chess::operator&,bitboard.h,0x14025c22c
engine::PawnTT::probe,0.020999,0.020999,0.0,0.0,763725000,,,0.184314,frankycpp_v1.8.exe,engine::PawnTT::probe(unsigned __int64),PawnTT.cpp,0x140267540
func@0x1400e34a0,0.020999,0.020999,0.0,0.0,0,0.0,0.0,,nvlddmkm.sys,func@0x1400e34a0,[Unknown],0x1400e34a0
"std::array<int,64>::operator[]",0.020999,0.020999,0.0,0.0,368385000,57.7,57.7,0.284553,frankycpp_v1.8.exe,"std::array<int,64>::operator[]",array,0x14026a45d
chess::Bitboard::operator|=,0.019999,0.019999,0.0,0.0,230615000,61.8,61.8,0.363636,frankycpp_v1.8.exe,chess::Bitboard::operator|=,bitboard.h,0x14026a5db
chess::Position::attacksTo,0.019999,0.019999,0.0,0.0,350415000,57.9,57.9,0.256410,frankycpp_v1.8.exe,"chess::Position::attacksTo(class chess::Square,class chess::Color)",Position.cpp,0x14025c370
chess::operator<,0.019999,0.019999,0.0,0.0,362395000,42.2,42.2,0.404959,frankycpp_v1.8.exe,chess::operator<,value.h,0x14029e7b8
engine::Search::goodCapture,0.019999,0.019999,0.0,0.0,320465000,,,0.355140,frankycpp_v1.8.exe,"engine::Search::goodCapture(class chess::Position const &,class chess::Move,bool)",Search.cpp,0x1402215b0
std::popcount,0.019999,0.019999,0.0,0.0,221630000,50.0,50.0,0.270270,frankycpp_v1.8.exe,std::popcount,bit,0x14026a72d
chess::MoveGenerator::resetOnDemand,0.018999,0.018999,0.0,0.0,143760000,26.7,26.7,1.041667,frankycpp_v1.8.exe,chess::MoveGenerator::resetOnDemand,MoveGenerator.h,0x14022109e
chess::operator*,0.018999,0.018999,0.0,0.0,143760000,50.0,50.0,0.437500,frankycpp_v1.8.exe,chess::operator*,value.h,0x140269d8d
chess::operator|,0.018999,0.018999,0.0,0.0,152745000,43.1,43.1,0.627451,frankycpp_v1.8.exe,chess::operator|,bitboard.h,0x14026b215
engine::Search::search::__l2::<lambda_1>::operator(),0.018999,0.018999,0.0,0.0,194675000,58.4,58.4,0.369231,frankycpp_v1.8.exe,engine::Search::search::__l2::<lambda_1>::operator(),Search.cpp,0x14021f973
"std::array<chess::Bitboard,64>::operator[]",0.018999,0.018999,0.0,0.0,413310000,53.1,53.1,0.188406,frankycpp_v1.8.exe,"std::array<chess::Bitboard,64>::operator[]",array,0x14026a6ee
chess::Move::from,0.017999,0.017999,0.0,0.0,233610000,68.1,68.1,0.397436,frankycpp_v1.8.exe,chess::Move::from,move.h,0x14021ffed
chess::operator&,0.017999,0.017999,0.0,0.0,158735000,30.9,30.9,0.471698,frankycpp_v1.8.exe,chess::operator&,bitboard.h,0x14026b14d
chess::operator&,0.017999,0.017999,0.0,0.0,281530000,49.4,49.4,0.308511,frankycpp_v1.8.exe,chess::operator&,bitboard.h,0x14026af5f
chess::operator&,0.017999,0.017999,0.0,0.0,194675000,41.8,41.8,0.261538,frankycpp_v1.8.exe,chess::operator&,bitboard.h,0x14025c688
chess::Bitboard::popLSB,0.016999,0.016999,0.0,0.0,326455000,45.1,45.1,0.330275,frankycpp_v1.8.exe,chess::Bitboard::popLSB,bitboard.h,0x14026aee0
chess::Move::stripped,0.015999,0.015999,0.0,0.0,224625000,,,0.400000,frankycpp_v1.8.exe,chess::Move::stripped,move.h,0x140262ec0
chess::MoveGenerator::resetOnDemand,0.015999,0.015999,0.0,0.0,152745000,27.7,27.7,0.352941,frankycpp_v1.8.exe,chess::MoveGenerator::resetOnDemand,MoveGenerator.h,0x14021ff2e
chess::operator|,0.015999,0.015999,0.0,0.0,287520000,,,0.312500,frankycpp_v1.8.exe,chess::operator|,bitboard.h,0x14029ea8c
std::min,0.015999,0.015999,0.0,0.0,185690000,41.7,41.7,0.338710,frankycpp_v1.8.exe,std::min,utility,0x14026b0c1
chess::Position::getPieceBb,0.014999,0.014999,0.0,0.0,176705000,49.0,49.0,0.372881,frankycpp_v1.8.exe,chess::Position::getPieceBb,Position.h,0x140263b40
chess::Value::{ctor},0.014999,0.014999,0.0,0.0,230615000,38.1,38.1,0.467532,frankycpp_v1.8.exe,chess::Value::{ctor},value.h,0x14029eb80
std::popcount,0.014999,0.014999,0.0,0.0,215640000,46.6,46.6,0.277778,frankycpp_v1.8.exe,std::popcount,bit,0x14026a55d
_security_check_cookie,0.013999,0.013999,0.0,0.0,143760000,24.6,24.6,0.791667,frankycpp_v1.8.exe,_security_check_cookie,amdsecgs.asm,0x140619cf0
chess::Bitboard::operator|=,0.013999,0.013999,0.0,0.0,365390000,38.0,38.0,0.409836,frankycpp_v1.8.exe,chess::Bitboard::operator|=,bitboard.h,0x14025d656
chess::Position::getPieceBb,0.013999,0.013999,0.0,0.0,146755000,36.0,36.0,0.285714,frankycpp_v1.8.exe,chess::Position::getPieceBb,Position.h,0x14026a337
chess::colorOf,0.013999,0.013999,0.0,0.0,83860000,,,0.642857,frankycpp_v1.8.exe,chess::colorOf,piece.h,0x14025d749
chess::operator&,0.013999,0.013999,0.0,0.0,137770000,35.4,35.4,0.413043,frankycpp_v1.8.exe,chess::operator&,bitboard.h,0x14025c29b
chess::operator|,0.013999,0.013999,0.0,0.0,146755000,32.3,32.3,0.346939,frankycpp_v1.8.exe,chess::operator|,bitboard.h,0x14029eb03
"std::array<chess::Move,64>::operator[]",0.013999,0.013999,0.0,0.0,290515000,,,0.360825,frankycpp_v1.8.exe,"std::array<chess::Move,64>::operator[]",array,0x140262fa4
chess::Bitboard::popLSB,0.012999,0.012999,0.0,0.0,125790000,58.2,58.2,0.214286,frankycpp_v1.8.exe,chess::Bitboard::popLSB,bitboard.h,0x14026a5b0
chess::Move::operator==,0.012999,0.012999,0.0,0.0,218635000,,,0.383562,frankycpp_v1.8.exe,chess::Move::operator==,PVTable.h,0x14021ffdb
chess::Move::stripped,0.012999,0.012999,0.0,0.0,80865000,34.2,34.2,0.703704,frankycpp_v1.8.exe,chess::Move::stripped,move.h,0x140260f22
chess::Move::to,0.012999,0.012999,0.0,0.0,164725000,,,0.509091,frankycpp_v1.8.exe,chess::Move::to,move.h,0x140220273
chess::StaticMoveList<256>::push_back,0.012999,0.012999,0.0,0.0,170715000,43.5,43.5,0.508772,frankycpp_v1.8.exe,chess::StaticMoveList<256>::push_back,staticmovelist.h,0x140263c4a
chess::operator~,0.012999,0.012999,0.0,0.0,161730000,42.7,42.7,0.259259,frankycpp_v1.8.exe,chess::operator~,color.h,0x140220264
func@0x1406ac320,0.012999,0.012999,0.0,0.0,14975000,11.0,11.0,4.600000,ntoskrnl.exe,func@0x1406ac320,[Unknown],0x1406ac320
"std::array<chess::Bitboard,64>::operator[]",0.012999,0.012999,0.0,0.0,134775000,30.7,30.7,0.533333,frankycpp_v1.8.exe,"std::array<chess::Bitboard,64>::operator[]",array,0x14025c1ff
"std::array<std::array<chess::Move,64>,64>::operator[]",0.012999,0.012999,0.0,0.0,224625000,,,0.280000,frankycpp_v1.8.exe,"std::array<std::array<chess::Move,64>,64>::operator[]",array,0x140262fa0
chess::Bitboard::operator bool,0.011999,0.011999,0.0,0.0,68885000,22.6,22.6,0.695652,frankycpp_v1.8.exe,chess::Bitboard::operator bool,bitboard.h,0x140263ec0
chess::Bitboard::operator|=,0.011999,0.011999,0.0,0.0,143760000,35.6,35.6,0.437500,frankycpp_v1.8.exe,chess::Bitboard::operator|=,bitboard.h,0x14026a5e5
chess::Bitboard::popLSB,0.011999,0.011999,0.0,0.0,197670000,53.1,53.1,0.378788,frankycpp_v1.8.exe,chess::Bitboard::popLSB,bitboard.h,0x140263b72
chess::Bitboard::{ctor},0.011999,0.011999,0.0,0.0,155740000,57.6,57.6,0.230769,frankycpp_v1.8.exe,chess::Bitboard::{ctor},bitboard.h,0x14029eb47
chess::Position::checkRepetitions,0.011999,0.011999,0.0,0.0,41930000,5.4,5.4,1.571429,frankycpp_v1.8.exe,chess::Position::checkRepetitions(int),Position.cpp,0x14025c8d0
chess::Position::getPieceBb,0.011999,0.011999,0.0,0.0,56905000,28.7,28.7,0.631579,frankycpp_v1.8.exe,chess::Position::getPieceBb,Position.h,0x14026b471
chess::Value::isCheckMate,0.011999,0.011999,0.0,0.0,143760000,58.9,58.9,0.354167,frankycpp_v1.8.exe,chess::Value::isCheckMate,value.h,0x140221754
chess::Value::operator int,0.011999,0.011999,0.0,0.0,164725000,29.9,29.9,0.490909,frankycpp_v1.8.exe,chess::Value::operator int,value.h,0x14025d6e6
chess::operator&,0.011999,0.011999,0.0,0.0,182695000,45.2,45.2,0.540984,frankycpp_v1.8.exe,chess::operator&,bitboard.h,0x14025c62a
chess::operator&,0.011999,0.011999,0.0,0.0,185690000,,,0.209677,frankycpp_v1.8.exe,chess::operator&,bitboard.h,0x14026ab03
chess::operator&,0.011999,0.011999,0.0,0.0,179700000,28.4,28.4,0.250000,frankycpp_v1.8.exe,chess::operator&,bitboard.h,0x14026b116
chess::operator<<,0.011999,0.011999,0.0,0.0,209650000,,,0.457143,frankycpp_v1.8.exe,chess::operator<<,bitboard.h,0x14026af5a
chess::typeOf,0.011999,0.011999,0.0,0.0,89850000,43.9,43.9,0.433333,frankycpp_v1.8.exe,chess::typeOf,piece.h,0x14025c54f
chess::typeOf,0.011999,0.011999,0.0,0.0,194675000,30.0,30.0,0.476923,frankycpp_v1.8.exe,chess::typeOf,piece.h,0x140263c2e
engine::Search::checkDrawRepAnd50,0.011999,0.011999,0.0,0.0,8985000,5.6,5.6,8.000000,frankycpp_v1.8.exe,"engine::Search::checkDrawRepAnd50(class chess::Position const &,int)",Search.cpp,0x140225ae0
chess::Attacks::detail::Magic::index,0.010999,0.010999,0.0,0.0,113810000,44.8,44.8,0.210526,frankycpp_v1.8.exe,chess::Attacks::detail::Magic::index,attacks.h,0x14016c985
chess::Bitboard::operator|=,0.010999,0.010999,0.0,0.0,155740000,53.1,53.1,0.365385,frankycpp_v1.8.exe,chess::Bitboard::operator|=,bitboard.h,0x14026aa11
chess::Bitboard::operator|=,0.010999,0.010999,0.0,0.0,116805000,46.2,46.2,0.461538,frankycpp_v1.8.exe,chess::Bitboard::operator|=,bitboard.h,0x14026aa1e
chess::Color::sign,0.010999,0.010999,0.0,0.0,194675000,40.2,40.2,0.430769,frankycpp_v1.8.exe,chess::Color::sign,color.h,0x140263258
chess::Position::getPieceBb,0.010999,0.010999,0.0,0.0,161730000,31.9,31.9,0.537037,frankycpp_v1.8.exe,chess::Position::getPieceBb,Position.h,0x14026b12f
chess::operator&,0.010999,0.010999,0.0,0.0,197670000,76.1,76.1,0.257576,frankycpp_v1.8.exe,chess::operator&,bitboard.h,0x14029e92a
chess::operator&,0.010999,0.010999,0.0,0.0,119800000,20.0,20.0,0.425000,frankycpp_v1.8.exe,chess::operator&,bitboard.h,0x14026b482
chess::operator&,0.010999,0.010999,0.0,0.0,140765000,42.0,42.0,0.468085,frankycpp_v1.8.exe,chess::operator&,bitboard.h,0x14025c2b7
chess::operator~,0.010999,0.010999,0.0,0.0,122795000,34.8,34.8,0.487805,frankycpp_v1.8.exe,chess::operator~,color.h,0x14026adbf
engine::Search::stopConditions,0.010999,0.010999,0.0,0.0,77870000,15.5,15.5,0.653846,frankycpp_v1.8.exe,engine::Search::stopConditions(void),Search.cpp,0x140225a60
engine::Search::thread,0.010999,0.010999,0.0,0.0,62895000,23.8,23.8,1.238095,frankycpp_v1.8.exe,engine::Search::thread,Search.h,0x140221095
"std::_Atomic_address_as<__int64,std::_Atomic_padded<unsigned __int64> >",0.010999,0.010999,0.0,0.0,131780000,46.8,46.8,0.363636,frankycpp_v1.8.exe,"std::_Atomic_address_as<__int64,std::_Atomic_padded<unsigned __int64> >",xatomic.h,0x140268c10
"std::_Atomic_reinterpret_as<__int64,unsigned __int64>",0.010999,0.010999,0.0,0.0,155740000,,,0.538462,frankycpp_v1.8.exe,"std::_Atomic_reinterpret_as<__int64,unsigned __int64>(unsigned __int64 const & __ptr64)",atomic,0x140268c00
"std::_Atomic_storage<unsigned __int64,8>::load",0.010999,0.010999,0.0,0.0,71880000,31.9,31.9,0.791667,frankycpp_v1.8.exe,"std::_Atomic_storage<unsigned __int64,8>::load",atomic,0x14026e6a0
std::atomic<bool>::operator bool,0.010999,0.010999,0.0,0.0,5990000,3.2,3.2,7.500000,frankycpp_v1.8.exe,std::atomic<bool>::operator bool,atomic,0x140225acb
std::popcount,0.010999,0.010999,0.0,0.0,86855000,42.2,42.2,0.655172,frankycpp_v1.8.exe,std::popcount,bit,0x14026b247
chess::Bitboard::operator|=,0.009999,0.009999,0.0,0.0,92845000,56.1,56.1,0.419355,frankycpp_v1.8.exe,chess::Bitboard::operator|=,bitboard.h,0x140269a78
chess::Bitboard::popLSB,0.009999,0.009999,0.0,0.0,74875000,32.8,32.8,0.720000,frankycpp_v1.8.exe,chess::Bitboard::popLSB,bitboard.h,0x14026b412
chess::Move::to,0.009999,0.009999,0.0,0.0,86855000,47.1,47.1,0.482759,frankycpp_v1.8.exe,chess::Move::to,move.h,0x1402215cd
chess::Position::clearEnPassant,0.009999,0.009999,0.0,0.0,137770000,49.4,49.4,0.260870,frankycpp_v1.8.exe,chess::Position::clearEnPassant,Position.cpp,0x14025bd1c
chess::Position::getPieceBb,0.009999,0.009999,0.0,0.0,86855000,26.9,26.9,0.620690,frankycpp_v1.8.exe,chess::Position::getPieceBb,Position.h,0x14026b48d
chess::StaticMoveList<256>::empty,0.009999,0.009999,0.0,0.0,68885000,38.9,38.9,0.652174,frankycpp_v1.8.exe,chess::StaticMoveList<256>::empty,staticmovelist.h,0x140262de2
chess::colorOf,0.009999,0.009999,0.0,0.0,62895000,52.3,52.3,0.333333,frankycpp_v1.8.exe,chess::colorOf,piece.h,0x14025d622
chess::operator&,0.009999,0.009999,0.0,0.0,47920000,14.7,14.7,1.187500,frankycpp_v1.8.exe,chess::operator&,bitboard.h,0x14026b444
chess::operator&,0.009999,0.009999,0.0,0.0,125790000,50.7,50.7,0.309524,frankycpp_v1.8.exe,chess::operator&,bitboard.h,0x14026ab80
chess::operator&,0.009999,0.009999,0.0,0.0,134775000,76.6,76.6,0.311111,frankycpp_v1.8.exe,chess::operator&,bitboard.h,0x14025c66f
chess::operator&,0.009999,0.009999,0.0,0.0,110815000,39.2,39.2,0.459459,frankycpp_v1.8.exe,chess::operator&,bitboard.h,0x14026b4aa
chess::operator&,0.009999,0.009999,0.0,0.0,152745000,35.2,35.2,0.313725,frankycpp_v1.8.exe,chess::operator&,bitboard.h,0x14026b4b8
chess::operator|,0.009999,0.009999,0.0,0.0,95840000,41.6,41.6,0.375000,frankycpp_v1.8.exe,chess::operator|,bitboard.h,0x14029ea27
engine::TT::Entry::Entry,0.009999,0.009999,0.0,0.0,92845000,35.3,35.3,0.548387,frankycpp_v1.8.exe,engine::TT::Entry::Entry(void),TT.h,0x14026dd70
"std::_Atomic_storage<unsigned __int64,8>::store",0.009999,0.009999,0.0,0.0,53910000,24.7,24.7,1.277778,frankycpp_v1.8.exe,"std::_Atomic_storage<unsigned __int64,8>::store",atomic,0x14026d64f
"std::array<chess::Value,32>::operator[]",0.009999,0.009999,0.0,0.0,92845000,30.8,30.8,0.483871,frankycpp_v1.8.exe,"std::array<chess::Value,32>::operator[]",array,0x14029e788
"std::array<std::array<unsigned __int64,64>,16>::operator[]",0.009999,0.009999,0.0,0.0,119800000,22.0,22.0,0.700000,frankycpp_v1.8.exe,"std::array<std::array<unsigned __int64,64>,16>::operator[]",array,0x14025d75b
std::popcount,0.009999,0.009999,0.0,0.0,41930000,5.7,5.7,0.642857,frankycpp_v1.8.exe,std::popcount,bit,0x14026b272
std::ranges::_Sort_fn::operator(),0.009999,0.009999,0.0,0.0,71880000,41.7,41.7,1.000000,frankycpp_v1.8.exe,std::ranges::_Sort_fn::operator(),algorithm,0x140262dee
chess::Bitboard::operator~,0.008999,0.008999,0.0,0.0,56905000,35.3,35.3,0.315789,frankycpp_v1.8.exe,chess::Bitboard::operator~,bitboard.h,0x14026b0e7
chess::Move::setValue,0.008999,0.008999,0.0,0.0,68885000,50.0,50.0,0.260870,frankycpp_v1.8.exe,chess::Move::setValue,move.h,0x140262fc4
chess::Position::getPieceBb,0.008999,0.008999,0.0,0.0,107820000,29.2,29.2,0.750000,frankycpp_v1.8.exe,chess::Position::getPieceBb,Position.h,0x14026adcb
chess::Value::operator int,0.008999,0.008999,0.0,0.0,194675000,25.9,25.9,0.538462,frankycpp_v1.8.exe,chess::Value::operator int,value.h,0x14025d7f9
chess::operator+=,0.008999,0.008999,0.0,0.0,182695000,82.9,82.9,0.229508,frankycpp_v1.8.exe,chess::operator+=,value.h,0x140269ecb
chess::operator-,0.008999,0.008999,0.0,0.0,11980000,7.3,7.3,4.000000,frankycpp_v1.8.exe,chess::operator-,value.h,0x140220d9a
chess::operator~,0.008999,0.008999,0.0,0.0,152745000,43.9,43.9,0.352941,frankycpp_v1.8.exe,chess::operator~,color.h,0x14025bdcb
chess::typeOf,0.008999,0.008999,0.0,0.0,221630000,46.2,46.2,0.418919,frankycpp_v1.8.exe,chess::typeOf,piece.h,0x14022121b
engine::Search::thread,0.008999,0.008999,0.0,0.0,35940000,27.9,27.9,0.833333,frankycpp_v1.8.exe,engine::Search::thread,Search.h,0x14021f2aa
func@0x1406b1283,0.008999,0.008999,0.0,0.0,2995000,17.6,17.6,10.000000,ntoskrnl.exe,func@0x1406b1283,[Unknown],0x1406b1283
"std::_Atomic_address_as<char,struct std::_Atomic_padded<bool> >",0.008999,0.008999,0.0,0.0,47920000,20.3,20.3,1.437500,frankycpp_v1.8.exe,"std::_Atomic_address_as<char,struct std::_Atomic_padded<bool> >(struct std::_Atomic_padded<bool> const &)",xatomic.h,0x140160710
"std::array<chess::Value,25>::operator[]",0.008999,0.008999,0.0,0.0,68885000,,,0.304348,frankycpp_v1.8.exe,"std::array<chess::Value,25>::operator[]",array,0x140263cf2
chess::Move::operator==,0.007999,0.007999,0.0,0.0,68885000,27.5,27.5,0.521739,frankycpp_v1.8.exe,chess::Move::operator==,PVTable.h,0x1402211ce
chess::Move::operator==,0.007999,0.007999,0.0,0.0,38935000,43.8,43.8,0.384615,frankycpp_v1.8.exe,chess::Move::operator==,PVTable.h,0x140260eff
chess::Position::checkInsufficientMaterial,0.007999,0.007999,0.0,0.0,176705000,,,0.254237,frankycpp_v1.8.exe,chess::Position::checkInsufficientMaterial(void),Position.cpp,0x14025c9a0
chess::StaticMoveList<128>::pop_back,0.007999,0.007999,0.0,0.0,71880000,21.6,21.6,0.833333,frankycpp_v1.8.exe,chess::StaticMoveList<128>::pop_back,staticmovelist.h,0x140220818
chess::Value::operator int,0.007999,0.007999,0.0,0.0,50915000,54.9,54.9,0.647059,frankycpp_v1.8.exe,chess::Value::operator int,value.h,0x14025d7be
chess::operator&,0.007999,0.007999,0.0,0.0,128785000,43.6,43.6,0.209302,frankycpp_v1.8.exe,chess::operator&,bitboard.h,0x14026aa36
chess::operator&,0.007999,0.007999,0.0,0.0,170715000,55.7,55.7,0.350877,frankycpp_v1.8.exe,chess::operator&,bitboard.h,0x14025c641
chess::operator&,0.007999,0.007999,0.0,0.0,122795000,40.6,40.6,0.341463,frankycpp_v1.8.exe,chess::operator&,bitboard.h,0x14026af65
chess::operator&,0.007999,0.007999,0.0,0.0,101830000,57.6,57.6,0.617647,frankycpp_v1.8.exe,chess::operator&,bitboard.h,0x14026a7c9
chess::operator*,0.007999,0.007999,0.0,0.0,68885000,35.2,35.2,1.130435,frankycpp_v1.8.exe,chess::operator*,value.h,0x140269dc7
chess::operator-,0.007999,0.007999,0.0,0.0,74875000,43.4,43.4,0.480000,frankycpp_v1.8.exe,chess::operator-,depth.h,0x14022000a
chess::operator-,0.007999,0.007999,0.0,0.0,29950000,22.7,22.7,0.800000,frankycpp_v1.8.exe,chess::operator-,depth.h,0x14022044c
chess::operator<,0.007999,0.007999,0.0,0.0,77870000,46.5,46.5,0.538462,frankycpp_v1.8.exe,chess::operator<,file.h,0x14026ae20
chess::operator|,0.007999,0.007999,0.0,0.0,68885000,41.9,41.9,0.434783,frankycpp_v1.8.exe,chess::operator|,bitboard.h,0x14026b436
engine::PawnTT::put,0.007999,0.007999,0.0,0.0,68885000,13.5,13.5,0.304348,frankycpp_v1.8.exe,"engine::PawnTT::put(struct engine::PawnTT::Entry *,unsigned __int64,struct chess::Score,class chess::Bitboard,class chess::Bitboard)",PawnTT.cpp,0x140267360
engine::Search::valueToTt,0.007999,0.007999,0.0,0.0,98835000,32.9,32.9,0.636364,frankycpp_v1.8.exe,"engine::Search::valueToTt(class chess::Value,enum chess::Depth)",Search.cpp,0x140221750
func@0x140cbc720,0.007999,0.007999,0.0,0.0,0,0.0,0.0,,nvlddmkm.sys,func@0x140cbc720,[Unknown],0x140cbc720
func@0x18001d470,0.007999,0.007999,0.0,0.0,146755000,53.8,53.8,0.326531,ntdll.dll,func@0x18001d470,[Unknown],0x18001d470
"std::array<chess::Move,128>::operator[]",0.007999,0.007999,0.0,0.0,2995000,2.2,2.2,7.000000,frankycpp_v1.8.exe,"std::array<chess::Move,128>::operator[]",array,0x140220cfb
"std::array<chess::Value,25>::operator[]",0.007999,0.007999,0.0,0.0,77870000,14.8,14.8,0.538462,frankycpp_v1.8.exe,"std::array<chess::Value,25>::operator[]",array,0x14026340a
std::countr_zero,0.007999,0.007999,0.0,0.0,41930000,32.2,32.2,0.571429,frankycpp_v1.8.exe,std::countr_zero,bit,0x14026b3f5
std::optional<engine::PawnTT::Entry>::{ctor},0.007999,0.007999,0.0,0.0,149750000,91.7,91.7,0.200000,frankycpp_v1.8.exe,std::optional<engine::PawnTT::Entry>::{ctor},optional,0x1402675a0
std::ranges::_Partition_by_median_guess_common,0.007999,0.007999,0.0,0.0,104825000,13.9,13.9,1.371429,frankycpp_v1.8.exe,std::ranges::_Partition_by_median_guess_common,algorithm,0x14026433f
chess::Bitboard::operator bool,0.007000,0.007000,0.0,0.0,125790000,45.0,45.0,0.261905,frankycpp_v1.8.exe,chess::Bitboard::operator bool,bitboard.h,0x14026af1d
chess::Bitboard::operator^=,0.007000,0.007000,0.0,0.0,77870000,32.2,32.2,0.653846,frankycpp_v1.8.exe,chess::Bitboard::operator^=,bitboard.h,0x14025d769
chess::Bitboard::operator~,0.007000,0.007000,0.0,0.0,113810000,81.6,81.6,0.263158,frankycpp_v1.8.exe,chess::Bitboard::operator~,bitboard.h,0x14026a00a
chess::CastlingRights::operator-=,0.007000,0.007000,0.0,0.0,41930000,61.9,61.9,0.428571,frankycpp_v1.8.exe,chess::CastlingRights::operator-=,castlingrights.h,0x14025bcff
chess::Move::from,0.007000,0.007000,0.0,0.0,80865000,18.0,18.0,0.333333,frankycpp_v1.8.exe,chess::Move::from,move.h,0x14025bfff
chess::Position::getKingSquare,0.007000,0.007000,0.0,0.0,116805000,29.2,29.2,0.384615,frankycpp_v1.8.exe,chess::Position::getKingSquare,Position.h,0x14026abd8
chess::Position::isCapturingMove,0.007000,0.007000,0.0,0.0,179700000,38.5,38.5,0.450000,frankycpp_v1.8.exe,chess::Position::isCapturingMove,Position.h,0x140220264
chess::StaticMoveList<256>::push_back,0.007000,0.007000,0.0,0.0,50915000,34.9,34.9,0.588235,frankycpp_v1.8.exe,chess::StaticMoveList<256>::push_back,staticmovelist.h,0x140263f9a
chess::Value::operator int,0.007000,0.007000,0.0,0.0,65890000,37.2,37.2,0.318182,frankycpp_v1.8.exe,chess::Value::operator int,value.h,0x14025d7e6
chess::operator&,0.007000,0.007000,0.0,0.0,107820000,57.9,57.9,0.111111,frankycpp_v1.8.exe,chess::operator&,bitboard.h,0x140263bb5
chess::operator*,0.007000,0.007000,0.0,0.0,212645000,82.8,82.8,0.197183,frankycpp_v1.8.exe,chess::operator*,value.h,0x14026998c
chess::operator+,0.007000,0.007000,0.0,0.0,113810000,18.3,18.3,0.631579,frankycpp_v1.8.exe,chess::operator+,direction.h,0x140263199
chess::operator+=,0.007000,0.007000,0.0,0.0,107820000,68.3,68.3,0.111111,frankycpp_v1.8.exe,chess::operator+=,value.h,0x140269ec3
chess::operator<,0.007000,0.007000,0.0,0.0,137770000,35.2,35.2,0.413043,frankycpp_v1.8.exe,chess::operator<,file.h,0x14026af4a
chess::operator|,0.007000,0.007000,0.0,0.0,167720000,40.6,40.6,0.267857,frankycpp_v1.8.exe,chess::operator|,bitboard.h,0x14029eb16
chess::operator|,0.007000,0.007000,0.0,0.0,50915000,21.7,21.7,0.117647,frankycpp_v1.8.exe,chess::operator|,bitboard.h,0x14025c5cd
chess::operator~,0.007000,0.007000,0.0,0.0,56905000,24.4,24.4,1.105263,frankycpp_v1.8.exe,chess::operator~,color.h,0x14025be8c
chess::typeOf,0.007000,0.007000,0.0,0.0,56905000,32.3,32.3,0.631579,frankycpp_v1.8.exe,chess::typeOf,piece.h,0x140263c13
engine::Search::thread,0.007000,0.007000,0.0,0.0,41930000,37.2,37.2,0.571429,frankycpp_v1.8.exe,engine::Search::thread,Search.h,0x14021fef1
func@0x140294a20,0.007000,0.007000,0.0,0.0,47920000,34.8,34.8,0.562500,ntoskrnl.exe,func@0x140294a20,[Unknown],0x140294a20
std::_Static_partition_team<__int64>::_Get_next_key,0.007000,0.007000,0.0,0.0,8985000,0.0,0.0,0.0,frankycpp_v1.8.exe,std::_Static_partition_team<__int64>::_Get_next_key,execution,0x14026ecc0
"std::array<std::array<chess::Bitboard,64>,2>::operator[]",0.007000,0.007000,0.0,0.0,101830000,52.5,52.5,0.205882,frankycpp_v1.8.exe,"std::array<std::array<chess::Bitboard,64>,2>::operator[]",array,0x14026a7bb
std::atomic<bool>::operator bool,0.007000,0.007000,0.0,0.0,89850000,27.8,27.8,0.333333,frankycpp_v1.8.exe,std::atomic<bool>::operator bool,atomic,0x140225a64
std::countr_zero,0.007000,0.007000,0.0,0.0,62895000,,,0.571429,frankycpp_v1.8.exe,std::countr_zero,bit,0x14026a520
std::max,0.007000,0.007000,0.0,0.0,65890000,,,0.409091,frankycpp_v1.8.exe,std::max,utility,0x14029e7af
std::popcount,0.007000,0.007000,0.0,0.0,104825000,,,0.400000,frankycpp_v1.8.exe,std::popcount,bit,0x14026b4b0
_std_type_info_compare,0.006000,0.006000,0.0,0.0,86855000,35.1,35.1,0.586207,vcruntime140.dll,_std_type_info_compare,[Unknown],0x180005030
chess::Bitboard::operator bool,0.006000,0.006000,0.0,0.0,77870000,61.9,61.9,0.230769,frankycpp_v1.8.exe,chess::Bitboard::operator bool,bitboard.h,0x14026a546
chess::Bitboard::operator bool,0.006000,0.006000,0.0,0.0,23960000,34.8,34.8,1.125000,frankycpp_v1.8.exe,chess::Bitboard::operator bool,bitboard.h,0x14026b3dc
chess::Bitboard::operator|=,0.006000,0.006000,0.0,0.0,74875000,52.9,52.9,0.440000,frankycpp_v1.8.exe,chess::Bitboard::operator|=,bitboard.h,0x14026a078
chess::Direction::operator int,0.006000,0.006000,0.0,0.0,110815000,50.0,50.0,0.189189,frankycpp_v1.8.exe,chess::Direction::operator int,direction.h,0x140265360
chess::Direction::pawnPush,0.006000,0.006000,0.0,0.0,83860000,35.6,35.6,0.571429,frankycpp_v1.8.exe,chess::Direction::pawnPush,direction.h,0x1402633ca
chess::Position::getPieceBb,0.006000,0.006000,0.0,0.0,68885000,34.1,34.1,0.478261,frankycpp_v1.8.exe,chess::Position::getPieceBb,Position.h,0x14026b16a
chess::Square::file,0.006000,0.006000,0.0,0.0,107820000,34.6,34.6,0.194444,frankycpp_v1.8.exe,chess::Square::file,square.h,0x14026ae06
chess::Square::rank,0.006000,0.006000,0.0,0.0,95840000,,,0.312500,frankycpp_v1.8.exe,chess::Square::rank,square.h,0x14026aacd
chess::Value::operator int,0.006000,0.006000,0.0,0.0,101830000,46.3,46.3,0.647059,frankycpp_v1.8.exe,chess::Value::operator int,value.h,0x14025d6f6
chess::Value::{ctor},0.006000,0.006000,0.0,0.0,89850000,39.5,39.5,0.200000,frankycpp_v1.8.exe,chess::Value::{ctor},value.h,0x14029e7a5
chess::operator&,0.006000,0.006000,0.0,0.0,26955000,25.0,25.0,0.777778,frankycpp_v1.8.exe,chess::operator&,bitboard.h,0x14026b25a
chess::operator&,0.006000,0.006000,0.0,0.0,41930000,25.0,25.0,0.714286,frankycpp_v1.8.exe,chess::operator&,bitboard.h,0x14026a5fa
chess::operator+=,0.006000,0.006000,0.0,0.0,50915000,51.5,51.5,0.470588,frankycpp_v1.8.exe,chess::operator+=,value.h,0x14026a639
chess::operator+=,0.006000,0.006000,0.0,0.0,182695000,36.5,36.5,0.262295,frankycpp_v1.8.exe,chess::operator+=,value.h,0x14026a762
chess::operator+=,0.006000,0.006000,0.0,0.0,71880000,37.0,37.0,0.500000,frankycpp_v1.8.exe,chess::operator+=,value.h,0x14026b4f9
chess::operator-,0.006000,0.006000,0.0,0.0,56905000,17.5,17.5,0.473684,frankycpp_v1.8.exe,chess::operator-,value.h,0x14029e783
chess::operator|,0.006000,0.006000,0.0,0.0,74875000,47.1,47.1,0.280000,frankycpp_v1.8.exe,chess::operator|,bitboard.h,0x14029ea08
chess::operator|,0.006000,0.006000,0.0,0.0,83860000,39.0,39.0,0.250000,frankycpp_v1.8.exe,chess::operator|,bitboard.h,0x14026b0ec
chess::typeOf,0.006000,0.006000,0.0,0.0,134775000,70.0,70.0,0.177778,frankycpp_v1.8.exe,chess::typeOf,piece.h,0x14029e711
chess::typeOf,0.006000,0.006000,0.0,0.0,77870000,34.9,34.9,0.461538,frankycpp_v1.8.exe,chess::typeOf,piece.h,0x14025bd51
func@0x140256400,0.006000,0.006000,0.0,0.0,5990000,5.3,5.3,2.000000,ntoskrnl.exe,func@0x140256400,[Unknown],0x140256400
"std::_Atomic_storage<unsigned __int64,8>::load",0.006000,0.006000,0.0,0.0,26955000,9.4,9.4,0.777778,frankycpp_v1.8.exe,"std::_Atomic_storage<unsigned __int64,8>::load",atomic,0x14026d6b7
"std::array<chess::Bitboard,64>::operator[]",0.006000,0.006000,0.0,0.0,68885000,42.9,42.9,0.391304,frankycpp_v1.8.exe,"std::array<chess::Bitboard,64>::operator[]",array,0x140269fe0
"std::array<std::array<int,64>,64>::operator[]",0.006000,0.006000,0.0,0.0,17970000,16.7,16.7,0.166667,frankycpp_v1.8.exe,"std::array<std::array<int,64>,64>::operator[]",array,0x14025bd5f
std::atomic<unsigned __int64>::{ctor},0.006000,0.006000,0.0,0.0,149750000,100.0,100.0,0.180000,frankycpp_v1.8.exe,std::atomic<unsigned __int64>::{ctor},atomic,0x1402665df
std::clamp,0.006000,0.006000,0.0,0.0,65890000,39.4,39.4,0.181818,frankycpp_v1.8.exe,std::clamp,algorithm,0x140220581
RtlFreeHeap,0.005000,0.005000,0.0,0.0,65890000,36.6,36.6,0.590909,ntdll.dll,RtlFreeHeap,[Unknown],0x180078ba0
boost::archive::detail::basic_iarchive_impl::register_type,0.005000,0.005000,0.0,0.0,68885000,88.5,88.5,0.086957,frankycpp_v1.8.exe,boost::archive::detail::basic_iarchive_impl::register_type(class boost::archive::detail::basic_iserializer const &),basic_iarchive.cpp,0x1402af740
chess::Bitboard::operator bool,0.005000,0.005000,0.0,0.0,137770000,34.7,34.7,0.369565,frankycpp_v1.8.exe,chess::Bitboard::operator bool,bitboard.h,0x140263cb9
chess::Bitboard::operator bool,0.005000,0.005000,0.0,0.0,86855000,27.7,27.7,0.551724,frankycpp_v1.8.exe,chess::Bitboard::operator bool,bitboard.h,0x14026b45c
chess::Bitboard::operator bool,0.005000,0.005000,0.0,0.0,86855000,44.1,44.1,0.379310,frankycpp_v1.8.exe,chess::Bitboard::operator bool,bitboard.h,0x1402636e1
chess::Bitboard::operator~,0.005000,0.005000,0.0,0.0,29950000,28.3,28.3,1.400000,frankycpp_v1.8.exe,chess::Bitboard::operator~,bitboard.h,0x1402633b2
chess::Bitboard::popLSB,0.005000,0.005000,0.0,0.0,86855000,47.2,47.2,0.448276,frankycpp_v1.8.exe,chess::Bitboard::popLSB,bitboard.h,0x14026a1d4
chess::Move::type,0.005000,0.005000,0.0,0.0,47920000,22.2,22.2,0.375000,frankycpp_v1.8.exe,chess::Move::type,move.h,0x140220250
chess::MoveGenerator::getEvasionTargets,0.005000,0.005000,0.0,0.0,146755000,,,0.306122,frankycpp_v1.8.exe,chess::MoveGenerator::getEvasionTargets(class chess::Position const &),MoveGenerator.cpp,0x140263010
chess::Position::getOccupiedBb,0.005000,0.005000,0.0,0.0,14975000,75.0,75.0,1.200000,frankycpp_v1.8.exe,chess::Position::getOccupiedBb,Position.h,0x14026b3e5
chess::Square::pawnPush,0.005000,0.005000,0.0,0.0,47920000,36.6,36.6,0.437500,frankycpp_v1.8.exe,chess::Square::pawnPush,square.h,0x14025bd75
chess::Value::isCheckMate,0.005000,0.005000,0.0,0.0,20965000,14.3,14.3,1.285714,frankycpp_v1.8.exe,chess::Value::isCheckMate,value.h,0x140221794
chess::operator&,0.005000,0.005000,0.0,0.0,164725000,61.7,61.7,0.272727,frankycpp_v1.8.exe,chess::operator&,bitboard.h,0x14029eb33
chess::operator&,0.005000,0.005000,0.0,0.0,38935000,36.4,36.4,1.000000,frankycpp_v1.8.exe,chess::operator&,bitboard.h,0x14026b26f
chess::operator&,0.005000,0.005000,0.0,0.0,29950000,31.7,31.7,1.300000,frankycpp_v1.8.exe,chess::operator&,bitboard.h,0x14026b49d
chess::operator+,0.005000,0.005000,0.0,0.0,44925000,33.3,33.3,0.466667,frankycpp_v1.8.exe,chess::operator+,depth.h,0x140220207
chess::operator+=,0.005000,0.005000,0.0,0.0,101830000,33.3,33.3,0.794118,frankycpp_v1.8.exe,chess::operator+=,value.h,0x14026b1a5
chess::operator-,0.005000,0.005000,0.0,0.0,26955000,21.1,21.1,1.222222,frankycpp_v1.8.exe,chess::operator-,value.h,0x14029e795
chess::operator-,0.005000,0.005000,0.0,0.0,74875000,73.3,73.3,0.400000,frankycpp_v1.8.exe,chess::operator-,value.h,0x14029e8cd
chess::operator~,0.005000,0.005000,0.0,0.0,83860000,,,0.178571,frankycpp_v1.8.exe,chess::operator~,color.h,0x14026a86a
engine::Evaluator::valueFromScore,0.005000,0.005000,0.0,0.0,80865000,70.0,70.0,0.259259,frankycpp_v1.8.exe,engine::Evaluator::valueFromScore,Evaluator.cpp,0x14026998c
engine::Search::evaluate,0.005000,0.005000,0.0,0.0,155740000,75.0,75.0,0.192308,frankycpp_v1.8.exe,engine::Search::evaluate,Search.cpp,0x140220fc7
engine::Search::valueFromTt,0.005000,0.005000,0.0,0.0,23960000,20.7,20.7,1.000000,frankycpp_v1.8.exe,"engine::Search::valueFromTt(class chess::Value,enum chess::Depth)",Search.cpp,0x140221790
func@0x140319000,0.005000,0.005000,0.0,0.0,11980000,2.6,2.6,2.500000,ntoskrnl.exe,func@0x140319000,[Unknown],0x140319000
func@0x1406b239f,0.005000,0.005000,0.0,0.0,0,4.6,4.6,,ntoskrnl.exe,func@0x1406b239f,[Unknown],0x1406b239f
"std::_Atomic_storage<unsigned __int64,8>::store",0.005000,0.005000,0.0,0.0,47920000,13.2,13.2,0.500000,frankycpp_v1.8.exe,"std::_Atomic_storage<unsigned __int64,8>::store",atomic,0x14026d4f6
"std::array<chess::HistoryState,1024>::operator[]",0.005000,0.005000,0.0,0.0,92845000,,,0.290323,frankycpp_v1.8.exe,"std::array<chess::HistoryState,1024>::operator[]",array,0x14025be9a
"std::array<int,64>::operator[]",0.005000,0.005000,0.0,0.0,17970000,33.3,33.3,0.500000,frankycpp_v1.8.exe,"std::array<int,64>::operator[]",array,0x140220419
std::popcount,0.005000,0.005000,0.0,0.0,74875000,26.8,26.8,0.320000,frankycpp_v1.8.exe,std::popcount,bit,0x14026b155
std::popcount,0.005000,0.005000,0.0,0.0,107820000,48.4,48.4,0.277778,frankycpp_v1.8.exe,std::popcount,bit,0x14026a607
std::popcount,0.005000,0.005000,0.0,0.0,29950000,31.8,31.8,0.100000,frankycpp_v1.8.exe,std::popcount,bit,0x14026a41c
chess::Bitboard::operator|=,0.004000,0.004000,0.0,0.0,68885000,41.7,41.7,0.565217,frankycpp_v1.8.exe,chess::Bitboard::operator|=,bitboard.h,0x14026a007
chess::Bitboard::operator|=,0.004000,0.004000,0.0,0.0,101830000,62.0,62.0,0.205882,frankycpp_v1.8.exe,chess::Bitboard::operator|=,bitboard.h,0x14026a706
chess::Bitboard::popLSB,0.004000,0.004000,0.0,0.0,53910000,66.7,66.7,0.444444,frankycpp_v1.8.exe,chess::Bitboard::popLSB,bitboard.h,0x14026a6a0
chess::Bitboard::{ctor},0.004000,0.004000,0.0,0.0,20965000,55.6,55.6,0.714286,frankycpp_v1.8.exe,chess::Bitboard::{ctor},bitboard.h,0x14025c462
chess::Direction::{ctor},0.004000,0.004000,0.0,0.0,29950000,52.9,52.9,0.200000,frankycpp_v1.8.exe,chess::Direction::{ctor},direction.h,0x1402636cd
chess::Move::operator==,0.004000,0.004000,0.0,0.0,95840000,39.5,39.5,0.343750,frankycpp_v1.8.exe,chess::Move::operator==,PVTable.h,0x140262f08
chess::Move::type,0.004000,0.004000,0.0,0.0,56905000,67.9,67.9,0.263158,frankycpp_v1.8.exe,chess::Move::type,move.h,0x1402211e9
chess::Position::getKingSquare,0.004000,0.004000,0.0,0.0,173710000,100.0,100.0,0.120690,frankycpp_v1.8.exe,chess::Position::getKingSquare,Position.h,0x140269a05
chess::Position::getLastMove,0.004000,0.004000,0.0,0.0,113810000,,,0.263158,frankycpp_v1.8.exe,chess::Position::getLastMove,Position.h,0x140262f7b
chess::Position::getPiece,0.004000,0.004000,0.0,0.0,98835000,51.0,51.0,0.393939,frankycpp_v1.8.exe,chess::Position::getPiece,Position.h,0x14029e70d
chess::Position::getPiece,0.004000,0.004000,0.0,0.0,11980000,28.6,28.6,0.250000,frankycpp_v1.8.exe,chess::Position::getPiece,Position.h,0x14022120e
chess::Position::getPieceBb,0.004000,0.004000,0.0,0.0,23960000,43.5,43.5,0.875000,frankycpp_v1.8.exe,chess::Position::getPieceBb,Position.h,0x1402630d1
chess::Position::getPieceBb,0.004000,0.004000,0.0,0.0,41930000,56.7,56.7,0.214286,frankycpp_v1.8.exe,chess::Position::getPieceBb,Position.h,0x14026a7b8
chess::Square::rank,0.004000,0.004000,0.0,0.0,38935000,21.4,21.4,0.230769,frankycpp_v1.8.exe,chess::Square::rank,square.h,0x14026aac5
chess::StaticMoveList<128>::push_back,0.004000,0.004000,0.0,0.0,2995000,3.6,3.6,12.000000,frankycpp_v1.8.exe,chess::StaticMoveList<128>::push_back,staticmovelist.h,0x1402212f8
chess::StaticMoveList<128>::push_back,0.004000,0.004000,0.0,0.0,17970000,13.6,13.6,1.000000,frankycpp_v1.8.exe,chess::StaticMoveList<128>::push_back,staticmovelist.h,0x140220616
chess::StaticMoveList<256>::empty,0.004000,0.004000,0.0,0.0,68885000,35.3,35.3,0.565217,frankycpp_v1.8.exe,chess::StaticMoveList<256>::empty,staticmovelist.h,0x140260ed3
chess::StaticMoveList<256>::empty,0.004000,0.004000,0.0,0.0,53910000,59.1,59.1,0.166667,frankycpp_v1.8.exe,chess::StaticMoveList<256>::empty,staticmovelist.h,0x140262b2b
chess::StaticMoveList<256>::push_back,0.004000,0.004000,0.0,0.0,32945000,,,0.727273,frankycpp_v1.8.exe,chess::StaticMoveList<256>::push_back,staticmovelist.h,0x140263fff
chess::Value::operator int,0.004000,0.004000,0.0,0.0,98835000,68.9,68.9,0.242424,frankycpp_v1.8.exe,chess::Value::operator int,value.h,0x14025d6be
chess::operator&,0.004000,0.004000,0.0,0.0,62895000,63.0,63.0,0.095238,frankycpp_v1.8.exe,chess::operator&,bitboard.h,0x140263265
chess::operator&,0.004000,0.004000,0.0,0.0,32945000,54.5,54.5,0.272727,frankycpp_v1.8.exe,chess::operator&,bitboard.h,0x14026b102
chess::operator+,0.004000,0.004000,0.0,0.0,98835000,29.0,29.0,0.303030,frankycpp_v1.8.exe,chess::operator+,value.h,0x140221228
chess::operator+,0.004000,0.004000,0.0,0.0,77870000,,,0.230769,frankycpp_v1.8.exe,chess::operator+,castlingrights.h,0x14025bce4
chess::operator-,0.004000,0.004000,0.0,0.0,2995000,40.0,40.0,3.000000,frankycpp_v1.8.exe,chess::operator-,value.h,0x14021f385
chess::operator-,0.004000,0.004000,0.0,0.0,32945000,14.3,14.3,0.363636,frankycpp_v1.8.exe,chess::operator-,value.h,0x140221375
chess::operator|,0.004000,0.004000,0.0,0.0,23960000,15.8,15.8,0.500000,frankycpp_v1.8.exe,chess::operator|,bitboard.h,0x14026b224
chess::operator|,0.004000,0.004000,0.0,0.0,17970000,9.1,9.1,0.166667,frankycpp_v1.8.exe,chess::operator|,bitboard.h,0x140263685
chess::operator~,0.004000,0.004000,0.0,0.0,65890000,39.6,39.6,0.409091,frankycpp_v1.8.exe,chess::operator~,color.h,0x140263bb0
chess::operator~,0.004000,0.004000,0.0,0.0,23960000,31.6,31.6,0.500000,frankycpp_v1.8.exe,chess::operator~,color.h,0x14026a78c
chess::typeOf,0.004000,0.004000,0.0,0.0,8985000,40.0,40.0,1.333333,frankycpp_v1.8.exe,chess::typeOf,piece.h,0x14029e776
chess::typeOf,0.004000,0.004000,0.0,0.0,20965000,25.0,25.0,0.428571,frankycpp_v1.8.exe,chess::typeOf,piece.h,0x14026305b
engine::Search::thread,0.004000,0.004000,0.0,0.0,14975000,42.9,42.9,1.000000,frankycpp_v1.8.exe,engine::Search::thread,Search.h,0x14021f9ba
engine::Search::thread,0.004000,0.004000,0.0,0.0,20965000,52.9,52.9,0.428571,frankycpp_v1.8.exe,engine::Search::thread,Search.h,0x1402204b9
func@0x1400010e0,0.004000,0.004000,0.0,0.0,0,0.0,0.0,,intelppm.sys,func@0x1400010e0,[Unknown],0x1400010e0
func@0x140295af0,0.004000,0.004000,0.0,0.0,17970000,22.2,22.2,0.333333,ntoskrnl.exe,func@0x140295af0,[Unknown],0x140295af0
func@0x14029ddc3,0.004000,0.004000,0.0,0.0,0,18.8,18.8,,ntoskrnl.exe,func@0x14029ddc3,[Unknown],0x14029ddc3
func@0x14033c480,0.004000,0.004000,0.0,0.0,5990000,3.2,3.2,2.000000,ntoskrnl.exe,func@0x14033c480,[Unknown],0x14033c480
"std::array<chess::HistoryState,1024>::operator[]",0.004000,0.004000,0.0,0.0,17970000,52.6,52.6,1.166667,frankycpp_v1.8.exe,"std::array<chess::HistoryState,1024>::operator[]",array,0x14025b9f8
"std::array<engine::PlyInfo,128>::operator[]",0.004000,0.004000,0.0,0.0,14975000,21.2,21.2,0.600000,frankycpp_v1.8.exe,"std::array<engine::PlyInfo,128>::operator[]",array,0x14021ff0c
"std::array<std::array<chess::Bitboard,64>,2>::operator[]",0.004000,0.004000,0.0,0.0,26955000,63.6,63.6,0.444444,frankycpp_v1.8.exe,"std::array<std::array<chess::Bitboard,64>,2>::operator[]",array,0x14026a7e0
"std::array<std::array<int,64>,64>::operator[]",0.004000,0.004000,0.0,0.0,53910000,40.9,40.9,0.444444,frankycpp_v1.8.exe,"std::array<std::array<int,64>,64>::operator[]",array,0x140262f45
"std::basic_streambuf<char,struct std::char_traits<char> >::sgetn",0.004000,0.004000,0.0,0.0,59900000,100.0,100.0,0.150000,msvcp140.dll,"std::basic_streambuf<char,struct std::char_traits<char> >::sgetn(char * __ptr64,__int64)",[Unknown],0x180009110
std::countr_zero,0.004000,0.004000,0.0,0.0,47920000,21.6,21.6,0.250000,frankycpp_v1.8.exe,std::countr_zero,bit,0x140263de4
std::countr_zero,0.004000,0.004000,0.0,0.0,32945000,25.0,25.0,0.727273,frankycpp_v1.8.exe,std::countr_zero,bit,0x14026a1d4
std::max,0.004000,0.004000,0.0,0.0,47920000,62.5,62.5,0.625000,frankycpp_v1.8.exe,std::max,utility,0x14029e8b5
std::popcount,0.004000,0.004000,0.0,0.0,122795000,46.7,46.7,0.365854,frankycpp_v1.8.exe,std::popcount,bit,0x14026b498
"std::unique_ptr<engine::PawnTT::Entry [0],std::default_delete<engine::PawnTT::Entry [0]> >::operator[]",0.004000,0.004000,0.0,0.0,8985000,4.7,4.7,4.000000,frankycpp_v1.8.exe,"std::unique_ptr<engine::PawnTT::Entry [0],std::default_delete<engine::PawnTT::Entry [0]> >::operator[]",memory,0x1402212e9
RtlCopyMemory,0.003000,0.003000,0.0,0.0,5990000,33.3,33.3,1.000000,ntoskrnl.exe,RtlCopyMemory,[Unknown],0x1406bf140
[Outside any known module],0.003000,0.003000,0.0,0.0,2995000,8.3,8.3,1.000000,[Unknown],[Outside any known module],[Unknown],0x0
boost::serialization::extended_type_info::operator<,0.003000,0.003000,0.0,0.0,29950000,84.6,84.6,0.300000,frankycpp_v1.8.exe,boost::serialization::extended_type_info::operator<(class boost::serialization::extended_type_info const &),extended_type_info.cpp,0x1402ba150
chess::Bitboard::operator bool,0.003000,0.003000,0.0,0.0,44925000,42.9,42.9,0.066667,frankycpp_v1.8.exe,chess::Bitboard::operator bool,bitboard.h,0x14026b018
chess::Bitboard::operator bool,0.003000,0.003000,0.0,0.0,53910000,21.2,21.2,0.555556,frankycpp_v1.8.exe,chess::Bitboard::operator bool,bitboard.h,0x14026a68b
chess::Bitboard::operator^=,0.003000,0.003000,0.0,0.0,104825000,,,0.142857,frankycpp_v1.8.exe,chess::Bitboard::operator^=,bitboard.h,0x14029e81d
chess::Bitboard::operator|=,0.003000,0.003000,0.0,0.0,47920000,43.8,43.8,0.375000,frankycpp_v1.8.exe,chess::Bitboard::operator|=,bitboard.h,0x14026a054
chess::Bitboard::operator|=,0.003000,0.003000,0.0,0.0,32945000,64.7,64.7,0.363636,frankycpp_v1.8.exe,chess::Bitboard::operator|=,bitboard.h,0x14029e823
chess::Bitboard::operator|=,0.003000,0.003000,0.0,0.0,53910000,61.1,61.1,0.555556,frankycpp_v1.8.exe,chess::Bitboard::operator|=,bitboard.h,0x140269a95
chess::Bitboard::popLSB,0.003000,0.003000,0.0,0.0,11980000,11.1,11.1,1.250000,frankycpp_v1.8.exe,chess::Bitboard::popLSB,bitboard.h,0x140263ce4
chess::Bitboard::popLSB,0.003000,0.003000,0.0,0.0,11980000,0.0,0.0,0.500000,frankycpp_v1.8.exe,chess::Bitboard::popLSB,bitboard.h,0x14026a3b1
chess::Bitboard::popLSB,0.003000,0.003000,0.0,0.0,35940000,50.0,50.0,0.333333,frankycpp_v1.8.exe,chess::Bitboard::popLSB,bitboard.h,0x140269fc0
chess::Bitboard::shifted,0.003000,0.003000,0.0,0.0,20965000,15.0,15.0,0.428571,frankycpp_v1.8.exe,chess::Bitboard::shifted,bitboard.h,0x140263537
chess::Move::encode,0.003000,0.003000,0.0,0.0,44925000,5.9,5.9,0.066667,frankycpp_v1.8.exe,chess::Move::encode,move.h,0x14026401e
chess::Move::encode,0.003000,0.003000,0.0,0.0,56905000,33.3,33.3,0.578947,frankycpp_v1.8.exe,chess::Move::encode,move.h,0x14026343d
chess::Move::setValue,0.003000,0.003000,0.0,0.0,20965000,64.3,64.3,0.571429,frankycpp_v1.8.exe,chess::Move::setValue,move.h,0x140262ef1
chess::Move::to,0.003000,0.003000,0.0,0.0,17970000,6.7,6.7,0.333333,frankycpp_v1.8.exe,chess::Move::to,move.h,0x14025bfc9
chess::Position::getKingSquare,0.003000,0.003000,0.0,0.0,44925000,100.0,100.0,0.133333,frankycpp_v1.8.exe,chess::Position::getKingSquare,Position.h,0x14026a48f
chess::Position::getKingSquare,0.003000,0.003000,0.0,0.0,26955000,26.7,26.7,0.777778,frankycpp_v1.8.exe,chess::Position::getKingSquare,Position.h,0x14026adb9
chess::Position::getPieceBb,0.003000,0.003000,0.0,0.0,17970000,100.0,100.0,0.333333,frankycpp_v1.8.exe,chess::Position::getPieceBb,Position.h,0x140263dce
chess::Rank::promotionFor,0.003000,0.003000,0.0,0.0,20965000,34.8,34.8,0.714286,frankycpp_v1.8.exe,chess::Rank::promotionFor,rank.h,0x1402637ff
chess::Square::file,0.003000,0.003000,0.0,0.0,38935000,34.6,34.6,0.461538,frankycpp_v1.8.exe,chess::Square::file,square.h,0x14026af35
chess::Square::rank,0.003000,0.003000,0.0,0.0,5990000,15.8,15.8,5.000000,frankycpp_v1.8.exe,chess::Square::rank,square.h,0x14026a1ea
chess::StaticMoveList<128>::pop_back,0.003000,0.003000,0.0,0.0,38935000,33.3,33.3,0.769231,frankycpp_v1.8.exe,chess::StaticMoveList<128>::pop_back,staticmovelist.h,0x14022137b
chess::StaticMoveList<256>::push_back,0.003000,0.003000,0.0,0.0,107820000,,,0.388889,frankycpp_v1.8.exe,chess::StaticMoveList<256>::push_back,staticmovelist.h,0x140263446
chess::operator&,0.003000,0.003000,0.0,0.0,68885000,68.4,68.4,0.260870,frankycpp_v1.8.exe,chess::operator&,bitboard.h,0x14026a037
chess::operator&,0.003000,0.003000,0.0,0.0,44925000,60.0,60.0,0.333333,frankycpp_v1.8.exe,chess::operator&,bitboard.h,0x1402208d4
chess::operator&,0.003000,0.003000,0.0,0.0,0,25.0,25.0,0.0,frankycpp_v1.8.exe,chess::operator&,bitboard.h,0x1402637d5
chess::operator&,0.003000,0.003000,0.0,0.0,74875000,48.3,48.3,0.120000,frankycpp_v1.8.exe,chess::operator&,bitboard.h,0x14026a876
chess::operator&,0.003000,0.003000,0.0,0.0,101830000,53.3,53.3,0.147059,frankycpp_v1.8.exe,chess::operator&,bitboard.h,0x14025c46d
chess::operator&,0.003000,0.003000,0.0,0.0,32945000,74.1,74.1,0.363636,frankycpp_v1.8.exe,chess::operator&,bitboard.h,0x14026b188
chess::operator&,0.003000,0.003000,0.0,0.0,59900000,85.7,85.7,0.450000,frankycpp_v1.8.exe,chess::operator&,bitboard.h,0x14029e94e
chess::operator&,0.003000,0.003000,0.0,0.0,44925000,36.8,36.8,0.133333,frankycpp_v1.8.exe,chess::operator&,bitboard.h,0x14029e962
chess::operator&,0.003000,0.003000,0.0,0.0,2995000,44.4,44.4,3.000000,frankycpp_v1.8.exe,chess::operator&,bitboard.h,0x140263e2b
chess::operator&,0.003000,0.003000,0.0,0.0,122795000,,,0.292683,frankycpp_v1.8.exe,chess::operator&,bitboard.h,0x14026abde
chess::operator+,0.003000,0.003000,0.0,0.0,71880000,27.9,27.9,0.208333,frankycpp_v1.8.exe,chess::operator+,value.h,0x140220311
chess::operator+=,0.003000,0.003000,0.0,0.0,113810000,100.0,100.0,0.289474,frankycpp_v1.8.exe,chess::operator+=,value.h,0x14026996a
chess::operator+=,0.003000,0.003000,0.0,0.0,20965000,0.0,0.0,0.714286,frankycpp_v1.8.exe,chess::operator+=,value.h,0x14026a773
chess::operator-,0.003000,0.003000,0.0,0.0,5990000,21.4,21.4,1.000000,frankycpp_v1.8.exe,chess::operator-,value.h,0x14022080e
chess::operator-,0.003000,0.003000,0.0,0.0,35940000,39.3,39.3,0.250000,frankycpp_v1.8.exe,chess::operator-,value.h,0x140263931
chess::operator-,0.003000,0.003000,0.0,0.0,14975000,57.1,57.1,1.200000,frankycpp_v1.8.exe,chess::operator-,value.h,0x14029e8b0
chess::operator-,0.003000,0.003000,0.0,0.0,8985000,,,0.333333,frankycpp_v1.8.exe,chess::operator-,value.h,0x14021fbbb
chess::operator-,0.003000,0.003000,0.0,0.0,8985000,37.5,37.5,1.000000,frankycpp_v1.8.exe,chess::operator-,value.h,0x14021fcd7
chess::operator^=,0.003000,0.003000,0.0,0.0,35940000,35.3,35.3,0.166667,frankycpp_v1.8.exe,chess::operator^=,bitboards.h,0x14029e7d2
chess::operator|,0.003000,0.003000,0.0,0.0,101830000,40.9,40.9,0.117647,frankycpp_v1.8.exe,chess::operator|,bitboard.h,0x14029ea3a
chess::operator|,0.003000,0.003000,0.0,0.0,8985000,60.0,60.0,0.333333,frankycpp_v1.8.exe,chess::operator|,bitboard.h,0x14029eb41
chess::operator|,0.003000,0.003000,0.0,0.0,29950000,50.0,50.0,0.500000,frankycpp_v1.8.exe,chess::operator|,bitboard.h,0x14025c462
chess::operator|,0.003000,0.003000,0.0,0.0,62895000,33.3,33.3,0.285714,frankycpp_v1.8.exe,chess::operator|,bitboard.h,0x14026a5b8
chess::operator|,0.003000,0.003000,0.0,0.0,20965000,29.9,29.9,1.428571,frankycpp_v1.8.exe,chess::operator|,bitboard.h,0x14026aec7
chess::operator|,0.003000,0.003000,0.0,0.0,44925000,20.0,20.0,0.466667,frankycpp_v1.8.exe,chess::operator|,bitboard.h,0x14025c3fd
chess::operator~,0.003000,0.003000,0.0,0.0,14975000,30.0,30.0,0.400000,frankycpp_v1.8.exe,chess::operator~,color.h,0x1402215da
chess::operator~,0.003000,0.003000,0.0,0.0,17970000,17.6,17.6,0.500000,frankycpp_v1.8.exe,chess::operator~,color.h,0x140263fd4
chess::operator~,0.003000,0.003000,0.0,0.0,20965000,11.9,11.9,0.714286,frankycpp_v1.8.exe,chess::operator~,color.h,0x14026b20a
chess::typeOf,0.003000,0.003000,0.0,0.0,8985000,22.2,22.2,0.333333,frankycpp_v1.8.exe,chess::typeOf,piece.h,0x140261109
chess::typeOf,0.003000,0.003000,0.0,0.0,86855000,31.7,31.7,0.344828,frankycpp_v1.8.exe,chess::typeOf,piece.h,0x1402202c0
engine::Search::evaluate,0.003000,0.003000,0.0,0.0,11980000,46.2,46.2,0.500000,frankycpp_v1.8.exe,engine::Search::evaluate,Search.cpp,0x14021f8aa
engine::Search::thread,0.003000,0.003000,0.0,0.0,23960000,29.4,29.4,0.125000,frankycpp_v1.8.exe,engine::Search::thread,Search.h,0x14021f932
func@0x14002706b,0.003000,0.003000,0.0,0.0,11980000,11.1,11.1,1.500000,dxgmms2.sys,func@0x14002706b,[Unknown],0x14002706b
func@0x14021e510,0.003000,0.003000,0.0,0.0,17970000,19.2,19.2,0.500000,ntoskrnl.exe,func@0x14021e510,[Unknown],0x14021e510
func@0x140256220,0.003000,0.003000,0.0,0.0,11980000,0.0,0.0,0.0,ntoskrnl.exe,func@0x140256220,[Unknown],0x140256220
func@0x140273340,0.003000,0.003000,0.0,0.0,2995000,50.0,50.0,1.000000,ntoskrnl.exe,func@0x140273340,[Unknown],0x140273340
func@0x14029b580,0.003000,0.003000,0.0,0.0,2995000,0.0,0.0,2.000000,ntoskrnl.exe,func@0x14029b580,[Unknown],0x14029b580
func@0x14029ea20,0.003000,0.003000,0.0,0.0,2995000,0.0,0.0,3.000000,ntoskrnl.exe,func@0x14029ea20,[Unknown],0x14029ea20
func@0x1402e4c76,0.003000,0.003000,0.0,0.0,2995000,12.5,12.5,10.000000,ntoskrnl.exe,func@0x1402e4c76,[Unknown],0x1402e4c76
func@0x1402e6c70,0.003000,0.003000,0.0,0.0,0,12.5,12.5,,ntoskrnl.exe,func@0x1402e6c70,[Unknown],0x1402e6c70
func@0x1402eb8ad,0.003000,0.003000,0.0,0.0,5990000,,,2.500000,ntoskrnl.exe,func@0x1402eb8ad,[Unknown],0x1402eb8ad
func@0x1403446c0,0.003000,0.003000,0.0,0.0,0,0.0,0.0,,ntoskrnl.exe,func@0x1403446c0,[Unknown],0x1403446c0
func@0x14040f6d0,0.003000,0.003000,0.0,0.0,2995000,17.6,17.6,1.000000,ntoskrnl.exe,func@0x14040f6d0,[Unknown],0x14040f6d0
func@0x180078da1,0.003000,0.003000,0.0,0.0,26955000,45.5,45.5,0.222222,ntdll.dll,func@0x180078da1,[Unknown],0x180078da1
"std::array<chess::Bitboard,64>::operator[]",0.003000,0.003000,0.0,0.0,20965000,27.3,27.3,0.142857,frankycpp_v1.8.exe,"std::array<chess::Bitboard,64>::operator[]",array,0x14025d640
"std::array<chess::Bitboard,64>::operator[]",0.003000,0.003000,0.0,0.0,26955000,33.3,33.3,0.333333,frankycpp_v1.8.exe,"std::array<chess::Bitboard,64>::operator[]",array,0x14026a871
"std::array<chess::Bitboard,64>::operator[]",0.003000,0.003000,0.0,0.0,32945000,42.9,42.9,0.272727,frankycpp_v1.8.exe,"std::array<chess::Bitboard,64>::operator[]",array,0x14026a7e4
"std::array<chess::Bitboard,8>::operator[]",0.003000,0.003000,0.0,0.0,32945000,33.3,33.3,0.909091,frankycpp_v1.8.exe,"std::array<chess::Bitboard,8>::operator[]",array,0x1402636ba
"std::array<int,64>::operator[]",0.003000,0.003000,0.0,0.0,38935000,42.9,42.9,0.230769,frankycpp_v1.8.exe,"std::array<int,64>::operator[]",array,0x1402204c5
"std::array<std::array<chess::Bitboard,64>,8>::operator[]",0.003000,0.003000,0.0,0.0,8985000,50.0,50.0,1.000000,frankycpp_v1.8.exe,"std::array<std::array<chess::Bitboard,64>,8>::operator[]",array,0x14026ab90
std::countr_zero,0.003000,0.003000,0.0,0.0,47920000,39.0,39.0,0.562500,frankycpp_v1.8.exe,std::countr_zero,bit,0x14026a6a0
std::popcount,0.003000,0.003000,0.0,0.0,23960000,20.9,20.9,1.375000,frankycpp_v1.8.exe,std::popcount,bit,0x14026b3cb
"std::unique_ptr<engine::PawnTT::Entry [0],std::default_delete<engine::PawnTT::Entry [0]> >::operator[]",0.003000,0.003000,0.0,0.0,17970000,33.3,33.3,1.833333,frankycpp_v1.8.exe,"std::unique_ptr<engine::PawnTT::Entry [0],std::default_delete<engine::PawnTT::Entry [0]> >::operator[]",memory,0x14026a2d6
ExReleaseResourceLite,0.002000,0.002000,0.0,0.0,0,0.0,0.0,0.0,ntoskrnl.exe,ExReleaseResourceLite,[Unknown],0x14025b580
KeClockInterruptNotify,0.002000,0.002000,0.0,0.0,8985000,12.5,12.5,3.000000,ntoskrnl.exe,KeClockInterruptNotify,[Unknown],0x1402eb510
RtlEnterCriticalSection,0.002000,0.0,0.002000,0.0,2995000,0.0,0.0,1.000000,ntdll.dll,RtlEnterCriticalSection,[Unknown],0x18000d7f0
`vector constructor iterator',0.002000,0.002000,0.0,0.0,29950000,53.3,53.3,0.400000,frankycpp_v1.8.exe,"`vector constructor iterator'(void *,unsigned __int64,unsigned __int64,void * (*)(void *))",[Unknown],0x14010f320
chess::Bitboard::operator bool,0.002000,0.002000,0.0,0.0,65890000,46.7,46.7,0.181818,frankycpp_v1.8.exe,chess::Bitboard::operator bool,bitboard.h,0x14026a6c2
chess::Bitboard::operator bool,0.002000,0.002000,0.0,0.0,17970000,69.2,69.2,0.500000,frankycpp_v1.8.exe,chess::Bitboard::operator bool,bitboard.h,0x14026abbf
chess::Bitboard::operator^=,0.002000,0.002000,0.0,0.0,2995000,66.7,66.7,0.0,frankycpp_v1.8.exe,chess::Bitboard::operator^=,bitboard.h,0x14025c5e2
chess::Bitboard::operator|=,0.002000,0.002000,0.0,0.0,14975000,25.0,25.0,0.400000,frankycpp_v1.8.exe,chess::Bitboard::operator|=,bitboard.h,0x14026a043
chess::Bitboard::operator|=,0.002000,0.002000,0.0,0.0,5990000,0.0,0.0,1.500000,frankycpp_v1.8.exe,chess::Bitboard::operator|=,bitboard.h,0x140269a55
chess::Bitboard::operator|=,0.002000,0.002000,0.0,0.0,32945000,100.0,100.0,0.363636,frankycpp_v1.8.exe,chess::Bitboard::operator|=,bitboard.h,0x14026a3e9
chess::Bitboard::operator~,0.002000,0.002000,0.0,0.0,2995000,0.0,0.0,1.000000,frankycpp_v1.8.exe,chess::Bitboard::operator~,bitboard.h,0x140263cb4
chess::Color::iterator::operator++,0.002000,0.002000,0.0,0.0,32945000,20.8,20.8,0.545455,frankycpp_v1.8.exe,chess::Color::iterator::operator++,color.h,0x14026a21c
chess::Color::sign,0.002000,0.002000,0.0,0.0,17970000,25.0,25.0,0.500000,frankycpp_v1.8.exe,chess::Color::sign,color.h,0x14026adf4
chess::Direction::operator int,0.002000,0.002000,0.0,0.0,5990000,80.0,80.0,0.500000,frankycpp_v1.8.exe,chess::Direction::operator int,direction.h,0x14026319d
chess::Direction::pawnPush,0.002000,0.002000,0.0,0.0,5990000,,,0.0,frankycpp_v1.8.exe,chess::Direction::pawnPush,direction.h,0x140269f9d
chess::Move::operator==,0.002000,0.002000,0.0,0.0,17970000,50.0,50.0,0.333333,frankycpp_v1.8.exe,chess::Move::operator==,PVTable.h,0x1402200fb
chess::Move::operator==,0.002000,0.002000,0.0,0.0,47920000,38.3,38.3,0.937500,frankycpp_v1.8.exe,chess::Move::operator==,PVTable.h,0x140262eca
chess::Move::operator==,0.002000,0.002000,0.0,0.0,35940000,52.2,52.2,0.333333,frankycpp_v1.8.exe,chess::Move::operator==,PVTable.h,0x140262ee9
chess::Move::stripped,0.002000,0.002000,0.0,0.0,53910000,31.8,31.8,0.500000,frankycpp_v1.8.exe,chess::Move::stripped,move.h,0x140260efc
chess::Move::to,0.002000,0.002000,0.0,0.0,0,0.0,0.0,,frankycpp_v1.8.exe,chess::Move::to,move.h,0x14025c55e
chess::Move::{ctor},0.002000,0.002000,0.0,0.0,44925000,38.1,38.1,0.133333,frankycpp_v1.8.exe,chess::Move::{ctor},move.h,0x140264006
chess::Position::getNextPlayer,0.002000,0.002000,0.0,0.0,14975000,15.6,15.6,1.600000,frankycpp_v1.8.exe,chess::Position::getNextPlayer,Position.h,0x140262e7e
chess::Position::getPieceBb,0.002000,0.002000,0.0,0.0,65890000,79.5,79.5,0.318182,frankycpp_v1.8.exe,chess::Position::getPieceBb,Position.h,0x14029ea5c
chess::Position::getPieceBb,0.002000,0.002000,0.0,0.0,11980000,17.0,17.0,0.750000,frankycpp_v1.8.exe,chess::Position::getPieceBb,Position.h,0x14026adae
chess::Position::getPieceBb,0.002000,0.002000,0.0,0.0,14975000,28.6,28.6,1.400000,frankycpp_v1.8.exe,chess::Position::getPieceBb,Position.h,0x14026b3bc
chess::Position::getPieceBb,0.002000,0.002000,0.0,0.0,8985000,37.5,37.5,1.000000,frankycpp_v1.8.exe,chess::Position::getPieceBb,Position.h,0x14026b107
chess::Square::rank,0.002000,0.002000,0.0,0.0,41930000,25.0,25.0,0.142857,frankycpp_v1.8.exe,chess::Square::rank,square.h,0x14026a79f
chess::Square::rank,0.002000,0.002000,0.0,0.0,14975000,7.1,7.1,0.400000,frankycpp_v1.8.exe,chess::Square::rank,square.h,0x14026ae03
chess::Square::{ctor},0.002000,0.002000,0.0,0.0,38935000,17.6,17.6,0.461538,frankycpp_v1.8.exe,chess::Square::{ctor},square.h,0x14025b9c5
chess::StaticMoveList<256>::end,0.002000,0.002000,0.0,0.0,38935000,52.6,52.6,0.153846,frankycpp_v1.8.exe,chess::StaticMoveList<256>::end,staticmovelist.h,0x140262dee
chess::StaticMoveList<256>::push_back,0.002000,0.002000,0.0,0.0,26955000,40.0,40.0,0.666667,frankycpp_v1.8.exe,chess::StaticMoveList<256>::push_back,staticmovelist.h,0x14026390d
chess::Value::operator int,0.002000,0.002000,0.0,0.0,29950000,40.0,40.0,0.200000,frankycpp_v1.8.exe,chess::Value::operator int,value.h,0x14025d6d5
chess::Value::{ctor},0.002000,0.002000,0.0,0.0,20965000,9.1,9.1,0.714286,frankycpp_v1.8.exe,chess::Value::{ctor},value.h,0x14021fa6f
chess::operator&,0.002000,0.002000,0.0,0.0,8985000,0.0,0.0,1.000000,frankycpp_v1.8.exe,chess::operator&,bitboard.h,0x1402215e5
chess::operator&,0.002000,0.002000,0.0,0.0,59900000,26.9,26.9,0.300000,frankycpp_v1.8.exe,chess::operator&,bitboard.h,0x14026a088
chess::operator&,0.002000,0.002000,0.0,0.0,23960000,17.4,17.4,0.500000,frankycpp_v1.8.exe,chess::operator&,bitboard.h,0x140261331
chess::operator&,0.002000,0.002000,0.0,0.0,20965000,31.6,31.6,0.142857,frankycpp_v1.8.exe,chess::operator&,bitboard.h,0x14026aed7
chess::operator&,0.002000,0.002000,0.0,0.0,8985000,40.0,40.0,0.666667,frankycpp_v1.8.exe,chess::operator&,bitboard.h,0x14026a019
chess::operator+,0.002000,0.002000,0.0,0.0,53910000,26.1,26.1,0.333333,frankycpp_v1.8.exe,chess::operator+,value.h,0x140220315
chess::operator+=,0.002000,0.002000,0.0,0.0,17970000,47.8,47.8,0.500000,frankycpp_v1.8.exe,chess::operator+=,value.h,0x14026b348
chess::operator+=,0.002000,0.002000,0.0,0.0,80865000,68.6,68.6,0.370370,frankycpp_v1.8.exe,chess::operator+=,value.h,0x14026a4cf
chess::operator+=,0.002000,0.002000,0.0,0.0,80865000,72.0,72.0,0.296296,frankycpp_v1.8.exe,chess::operator+=,value.h,0x14026ac23
chess::operator-,0.002000,0.002000,0.0,0.0,2995000,0.0,0.0,2.000000,frankycpp_v1.8.exe,chess::operator-,value.h,0x1402207e3
chess::operator-,0.002000,0.002000,0.0,0.0,26955000,50.0,50.0,0.333333,frankycpp_v1.8.exe,chess::operator-,value.h,0x1402639e4
chess::operator-,0.002000,0.002000,0.0,0.0,26955000,20.0,20.0,0.555556,frankycpp_v1.8.exe,chess::operator-,direction.h,0x140263403
chess::operator-,0.002000,0.002000,0.0,0.0,0,28.6,28.6,,frankycpp_v1.8.exe,chess::operator-,value.h,0x14021fa54
chess::operator-,0.002000,0.002000,0.0,0.0,23960000,58.8,58.8,0.500000,frankycpp_v1.8.exe,chess::operator-,value.h,0x140263c51
chess::operator>=,0.002000,0.002000,0.0,0.0,14975000,34.8,34.8,1.200000,frankycpp_v1.8.exe,chess::operator>=,value.h,0x14022162d
chess::operator|,0.002000,0.002000,0.0,0.0,14975000,60.9,60.9,0.600000,frankycpp_v1.8.exe,chess::operator|,bitboard.h,0x14025c410
chess::operator|,0.002000,0.002000,0.0,0.0,0,0.0,0.0,0.0,frankycpp_v1.8.exe,chess::operator|,bitboard.h,0x140261102
chess::operator|,0.002000,0.002000,0.0,0.0,8985000,41.2,41.2,1.666667,frankycpp_v1.8.exe,chess::operator|,bitboard.h,0x14026a3b9
chess::operator~,0.002000,0.002000,0.0,0.0,38935000,100.0,100.0,0.153846,frankycpp_v1.8.exe,chess::operator~,color.h,0x14026a65f
chess::typeOf,0.002000,0.002000,0.0,0.0,32945000,48.0,48.0,0.363636,frankycpp_v1.8.exe,chess::typeOf,piece.h,0x14026340e
chess::valueOf,0.002000,0.002000,0.0,0.0,35940000,48.0,48.0,0.583333,frankycpp_v1.8.exe,chess::valueOf,value.h,0x1402202c0
engine::Search::isTimeAlmostUp,0.002000,0.002000,0.0,0.0,8985000,20.0,20.0,1.333333,frankycpp_v1.8.exe,engine::Search::isTimeAlmostUp(void),Search.cpp,0x1402271e0
engine::Search::thread,0.002000,0.002000,0.0,0.0,5990000,0.0,0.0,0.500000,frankycpp_v1.8.exe,engine::Search::thread,Search.h,0x140221133
engine::Search::thread,0.002000,0.002000,0.0,0.0,26955000,13.0,13.0,0.666667,frankycpp_v1.8.exe,engine::Search::thread,Search.h,0x140220e4f
engine::Search::thread,0.002000,0.002000,0.0,0.0,5990000,0.0,0.0,0.500000,frankycpp_v1.8.exe,engine::Search::thread,Search.h,0x14021fca5
engine::TT::getClusterIndex,0.002000,0.002000,0.0,0.0,2995000,100.0,100.0,3.000000,frankycpp_v1.8.exe,engine::TT::getClusterIndex,TT.h,0x14026d3a1
func@0x1400e3530,0.002000,0.002000,0.0,0.0,0,6.7,6.7,,nvlddmkm.sys,func@0x1400e3530,[Unknown],0x1400e3530
func@0x14025377f,0.002000,0.002000,0.0,0.0,0,0.0,0.0,,ntoskrnl.exe,func@0x14025377f,[Unknown],0x14025377f
func@0x140255440,0.002000,0.002000,0.0,0.0,5990000,0.0,0.0,1.500000,ntoskrnl.exe,func@0x140255440,[Unknown],0x140255440
func@0x1402578c0,0.002000,0.002000,0.0,0.0,0,0.0,0.0,0.0,ntoskrnl.exe,func@0x1402578c0,[Unknown],0x1402578c0
func@0x1402582b0,0.002000,0.002000,0.0,0.0,0,0.0,0.0,,ntoskrnl.exe,func@0x1402582b0,[Unknown],0x1402582b0
func@0x1402c6e30,0.002000,0.002000,0.0,0.0,2995000,7.1,7.1,0.0,ntoskrnl.exe,func@0x1402c6e30,[Unknown],0x1402c6e30
func@0x1402e1b20,0.002000,0.002000,0.0,0.0,5990000,25.0,25.0,1.500000,ntoskrnl.exe,func@0x1402e1b20,[Unknown],0x1402e1b20
func@0x140317160,0.002000,0.002000,0.0,0.0,5990000,0.0,0.0,1.500000,ntoskrnl.exe,func@0x140317160,[Unknown],0x140317160
func@0x14032df50,0.002000,0.002000,0.0,0.0,2995000,0.0,0.0,0.0,ntoskrnl.exe,func@0x14032df50,[Unknown],0x14032df50
func@0x14033b990,0.002000,0.002000,0.0,0.0,0,33.3,33.3,0.0,ntoskrnl.exe,func@0x14033b990,[Unknown],0x14033b990
func@0x14033bfe0,0.002000,0.002000,0.0,0.0,0,6.2,6.2,,ntoskrnl.exe,func@0x14033bfe0,[Unknown],0x14033bfe0
func@0x14033cf22,0.002000,0.002000,0.0,0.0,8985000,0.0,0.0,1.000000,ntoskrnl.exe,func@0x14033cf22,[Unknown],0x14033cf22
func@0x1403b2b10,0.002000,0.002000,0.0,0.0,11980000,5.9,5.9,1.250000,ntoskrnl.exe,func@0x1403b2b10,[Unknown],0x1403b2b10
func@0x140438770,0.002000,0.002000,0.0,0.0,5990000,14.3,14.3,1.000000,ntoskrnl.exe,func@0x140438770,[Unknown],0x140438770
func@0x1404f2aa0,0.002000,0.002000,0.0,0.0,0,25.0,25.0,0.0,ntoskrnl.exe,func@0x1404f2aa0,[Unknown],0x1404f2aa0
func@0x1406b2070,0.002000,0.002000,0.0,0.0,0,0.0,0.0,,ntoskrnl.exe,func@0x1406b2070,[Unknown],0x1406b2070
func@0x1406b92ae,0.002000,0.002000,0.0,0.0,2995000,13.9,13.9,12.000000,ntoskrnl.exe,func@0x1406b92ae,[Unknown],0x1406b92ae
func@0x140ce0a50,0.002000,0.002000,0.0,0.0,0,0.0,0.0,,nvlddmkm.sys,func@0x140ce0a50,[Unknown],0x140ce0a50
func@0x140d0e350,0.002000,0.002000,0.0,0.0,0,5.3,5.3,,nvlddmkm.sys,func@0x140d0e350,[Unknown],0x140d0e350
func@0x18000b520,0.002000,0.002000,0.0,0.0,14975000,50.0,50.0,0.0,fltmgr.sys,func@0x18000b520,[Unknown],0x18000b520
func@0x180011200,0.002000,0.002000,0.0,0.0,35940000,71.4,71.4,0.250000,vcruntime140.dll,func@0x180011200,[Unknown],0x180011200
func@0x18001cd70,0.002000,0.002000,0.0,0.0,11980000,61.5,61.5,1.000000,ntdll.dll,func@0x18001cd70,[Unknown],0x18001cd70
func@0x1800509e0,0.002000,0.002000,0.0,0.0,0,33.3,33.3,,ntdll.dll,func@0x1800509e0,[Unknown],0x1800509e0
func@0x1800cfb60,0.002000,0.002000,0.0,0.0,23960000,6.1,6.1,0.500000,ntdll.dll,func@0x1800cfb60,[Unknown],0x1800cfb60
std::_Fnv1a_append_bytes,0.002000,0.002000,0.0,0.0,17970000,15.4,15.4,0.500000,frankycpp_v1.8.exe,std::_Fnv1a_append_bytes,type_traits,0x140282960
"std::array<chess::Bitboard,64>::operator[]",0.002000,0.002000,0.0,0.0,38935000,83.3,83.3,0.153846,frankycpp_v1.8.exe,"std::array<chess::Bitboard,64>::operator[]",array,0x14026306a
"std::array<chess::Move,64>::operator[]",0.002000,0.002000,0.0,0.0,20965000,33.3,33.3,0.428571,frankycpp_v1.8.exe,"std::array<chess::Move,64>::operator[]",array,0x140220aac
"std::array<chess::Value,25>::operator[]",0.002000,0.002000,0.0,0.0,0,25.0,25.0,,frankycpp_v1.8.exe,"std::array<chess::Value,25>::operator[]",array,0x140263f90
"std::array<int,64>::operator[]",0.002000,0.002000,0.0,0.0,14975000,22.2,22.2,0.600000,frankycpp_v1.8.exe,"std::array<int,64>::operator[]",array,0x14025bd63
"std::array<int,64>::operator[]",0.002000,0.002000,0.0,0.0,17970000,68.4,68.4,1.166667,frankycpp_v1.8.exe,"std::array<int,64>::operator[]",array,0x14022091a
"std::array<std::array<unsigned __int64,64>,16>::operator[]",0.002000,0.002000,0.0,0.0,14975000,20.0,20.0,0.600000,frankycpp_v1.8.exe,"std::array<std::array<unsigned __int64,64>,16>::operator[]",array,0x14025d676
"std::array<unsigned __int64,64>::operator[]",0.002000,0.002000,0.0,0.0,62895000,40.0,40.0,0.428571,frankycpp_v1.8.exe,"std::array<unsigned __int64,64>::operator[]",array,0x14025d67a
std::atomic<unsigned __int64>::{ctor},0.002000,0.002000,0.0,0.0,8985000,11.8,11.8,2.000000,frankycpp_v1.8.exe,std::atomic<unsigned __int64>::{ctor},atomic,0x14026d60f
"std::basic_filebuf<char,struct std::char_traits<char> >::xsgetn",0.002000,0.002000,0.0,0.0,32945000,50.0,50.0,0.272727,frankycpp_v1.8.exe,"std::basic_filebuf<char,struct std::char_traits<char> >::xsgetn(char * __ptr64,__int64)",__msvc_filebuf.hpp,0x14011a550
std::min,0.002000,0.002000,0.0,0.0,38935000,48.1,48.1,0.461538,frankycpp_v1.8.exe,std::min,utility,0x140220437
std::popcount,0.002000,0.002000,0.0,0.0,11980000,12.5,12.5,0.500000,frankycpp_v1.8.exe,std::popcount,bit,0x14026a160
std::popcount,0.002000,0.002000,0.0,0.0,11980000,33.3,33.3,0.500000,frankycpp_v1.8.exe,std::popcount,bit,0x14026a0c8
"std::ranges::_Med3_common<chess::Move *,chess::moveValueGreaterComparator,std::identity>",0.002000,0.002000,0.0,0.0,0,0.0,0.0,0.0,frankycpp_v1.8.exe,"std::ranges::_Med3_common<chess::Move *,chess::moveValueGreaterComparator,std::identity>(class chess::Move *, class chess::Move *, class chess::Move *, struct chess::moveValueGreaterComparator, struct std::identity)",algorithm,0x140265100
std::ranges::_Swap::_Cpo::operator(),0.002000,0.002000,0.0,0.0,8985000,16.7,16.7,0.333333,frankycpp_v1.8.exe,std::ranges::_Swap::_Cpo::operator(),concepts,0x1402644c8
std::ranges::_Swap::_Cpo::operator(),0.002000,0.002000,0.0,0.0,2995000,0.0,0.0,0.0,frankycpp_v1.8.exe,std::ranges::_Swap::_Cpo::operator(),concepts,0x14026445e
"std::unique_ptr<engine::TT::TTCluster [0],std::default_delete<engine::TT::TTCluster [0]> >::operator[]",0.002000,0.002000,0.0,0.0,20965000,61.9,61.9,0.571429,frankycpp_v1.8.exe,"std::unique_ptr<engine::TT::TTCluster [0],std::default_delete<engine::TT::TTCluster [0]> >::operator[]",memory,0x1402205f9
type_info::before,0.002000,0.002000,0.0,0.0,2995000,50.0,50.0,1.000000,frankycpp_v1.8.exe,type_info::before,vcruntime_typeinfo.h,0x1402b9370
CloseHandle,0.001000,0.001000,0.0,0.0,0,0.0,0.0,0.0,kernel32.dll,CloseHandle,[Unknown],0x180056e50
EtwEventEnabled,0.001000,0.001000,0.0,0.0,0,0.0,0.0,,ntoskrnl.exe,EtwEventEnabled,[Unknown],0x140322d70
ExReleaseRundownProtectionCacheAwareEx,0.001000,0.001000,0.0,0.0,5990000,0.0,0.0,0.500000,ntoskrnl.exe,ExReleaseRundownProtectionCacheAwareEx,[Unknown],0x14025a730
GetCurrentThreadId,0.001000,0.001000,0.0,0.0,0,0.0,0.0,0.0,kernel32.dll,GetCurrentThreadId,[Unknown],0x180018620
KeAcquireInStackQueuedSpinLock,0.001000,0.001000,0.0,0.0,0,33.3,33.3,,ntoskrnl.exe,KeAcquireInStackQueuedSpinLock,[Unknown],0x1402b1ca0
KeAcquireSpinLockRaiseToDpc,0.001000,0.001000,0.0,0.0,0,0.0,0.0,,ntoskrnl.exe,KeAcquireSpinLockRaiseToDpc,[Unknown],0x140255c50
KeGetCurrentIrql,0.001000,0.001000,0.0,0.0,0,,,0.0,ntoskrnl.exe,KeGetCurrentIrql,[Unknown],0x140415150
KeIsEmptyAffinityEx,0.001000,0.001000,0.0,0.0,0,0.0,0.0,0.0,ntoskrnl.exe,KeIsEmptyAffinityEx,[Unknown],0x1403baf40
KeReleaseInStackQueuedSpinLockFromDpcLevel,0.001000,0.001000,0.0,0.0,0,,,0.0,ntoskrnl.exe,KeReleaseInStackQueuedSpinLockFromDpcLevel,[Unknown],0x14031b620
KeReleaseSpinLock,0.001000,0.001000,0.0,0.0,0,0.0,0.0,0.0,ntoskrnl.exe,KeReleaseSpinLock,[Unknown],0x14024ee60
KeTryToAcquireSpinLockAtDpcLevel,0.001000,0.001000,0.0,0.0,0,0.0,0.0,0.0,ntoskrnl.exe,KeTryToAcquireSpinLockAtDpcLevel,[Unknown],0x140463490
PsReturnProcessNonPagedPoolQuota,0.001000,0.001000,0.0,0.0,0,0.0,0.0,0.0,ntoskrnl.exe,PsReturnProcessNonPagedPoolQuota,[Unknown],0x140413330
RtlAllocateHeap,0.001000,0.001000,0.0,0.0,5990000,28.6,28.6,1.500000,ntdll.dll,RtlAllocateHeap,[Unknown],0x18001c240
RtlQueryPerformanceCounter,0.001000,0.001000,0.0,0.0,0,0.0,0.0,0.0,ntdll.dll,RtlQueryPerformanceCounter,[Unknown],0x180084670
RtlWakeAddressSingle,0.001000,0.001000,0.0,0.0,0,0.0,0.0,,ntdll.dll,RtlWakeAddressSingle,[Unknown],0x1800f2410
[Import thunk malloc],0.001000,0.001000,0.0,0.0,0,50.0,50.0,,frankycpp_v1.8.exe,[Import thunk malloc],[Unknown],0x14061ba6c
__builtin_array_init_helper<struct chess::HistoryState>,0.001000,0.001000,0.0,0.0,2995000,0.0,0.0,0.0,frankycpp_v1.8.exe,"__builtin_array_init_helper<struct chess::HistoryState>(struct chess::HistoryState *,unsigned __int64)",[Unknown],0x14025e970
boost::archive::detail::basic_iarchive::load_object,0.001000,0.001000,0.0,0.0,14975000,44.4,44.4,0.800000,frankycpp_v1.8.exe,"boost::archive::detail::basic_iarchive::load_object(void *,class boost::archive::detail::basic_iserializer const &)",basic_iarchive.cpp,0x1402aef00
boost::archive::detail::basic_iarchive_impl::load_object,0.001000,0.001000,0.0,0.0,17970000,20.0,20.0,0.166667,frankycpp_v1.8.exe,boost::archive::detail::basic_iarchive_impl::load_object,basic_iarchive.cpp,0x1402aef21
boost::archive::detail::basic_iarchive_impl::load_preamble,0.001000,0.001000,0.0,0.0,11980000,25.0,25.0,0.250000,frankycpp_v1.8.exe,"boost::archive::detail::basic_iarchive_impl::load_preamble(class boost::archive::detail::basic_iarchive &,class boost::archive::detail::basic_iarchive_impl::cobject_id &)",basic_iarchive.cpp,0x1402af580
boost::archive::detail::basic_serializer::operator<,0.001000,0.001000,0.0,0.0,11980000,0.0,0.0,0.250000,frankycpp_v1.8.exe,boost::archive::detail::basic_serializer::operator<,basic_serializer.hpp,0x1402af7d8
boost::archive::detail::interface_iarchive<boost::archive::binary_iarchive>::This,0.001000,0.001000,0.0,0.0,2995000,0.0,0.0,0.0,frankycpp_v1.8.exe,boost::archive::detail::interface_iarchive<boost::archive::binary_iarchive>::This,interface_iarchive.hpp,0x14028ad40
boost::archive::detail::interface_iarchive<boost::archive::binary_iarchive>::This,0.001000,0.001000,0.0,0.0,0,,,,frankycpp_v1.8.exe,boost::archive::detail::interface_iarchive<boost::archive::binary_iarchive>::This,interface_iarchive.hpp,0x140288dc3
boost::archive::detail::interface_iarchive<boost::archive::binary_iarchive>::This,0.001000,0.001000,0.0,0.0,0,0.0,0.0,0.0,frankycpp_v1.8.exe,boost::archive::detail::interface_iarchive<boost::archive::binary_iarchive>::This,interface_iarchive.hpp,0x14029025c
"boost::archive::detail::iserializer<class boost::archive::binary_iarchive,class std::vector<unsigned __int64,class std::allocator<unsigned __int64> > >::load_object_data",0.001000,0.001000,0.0,0.0,8985000,100.0,100.0,0.0,frankycpp_v1.8.exe,"boost::archive::detail::iserializer<class boost::archive::binary_iarchive,class std::vector<unsigned __int64,class std::allocator<unsigned __int64> > >::load_object_data(class boost::archive::detail::basic_iarchive &,void *,unsigned int)",iserializer.hpp,0x140290920
"boost::archive::detail::iserializer<class boost::archive::binary_iarchive,struct std::pair<unsigned __int64 const ,class book::BookEntry> >::load_object_data",0.001000,0.001000,0.0,0.0,5990000,100.0,100.0,0.0,frankycpp_v1.8.exe,"boost::archive::detail::iserializer<class boost::archive::binary_iarchive,struct std::pair<unsigned __int64 const ,class book::BookEntry> >::load_object_data(class boost::archive::detail::basic_iarchive &,void *,unsigned int)",iserializer.hpp,0x14028ace0
boost::archive::object_id_type::operator=,0.001000,0.001000,0.0,0.0,2995000,100.0,100.0,0.0,frankycpp_v1.8.exe,boost::archive::object_id_type::operator=,basic_archive.hpp,0x1402aeee0
"boost::serialization::load<class boost::archive::binary_iarchive,class boost::serialization::item_version_type>",0.001000,0.001000,0.0,0.0,0,100.0,100.0,0.0,frankycpp_v1.8.exe,"boost::serialization::load<class boost::archive::binary_iarchive,class boost::serialization::item_version_type>(class boost::archive::binary_iarchive &,class boost::serialization::nvp<class boost::serialization::item_version_type> &,unsigned int)",nvp.hpp,0x140288c60
"boost::serialization::singleton<class boost::archive::detail::iserializer<class boost::archive::binary_iarchive,class book::BookEntry> >::get_instance",0.001000,0.001000,0.0,0.0,14975000,50.0,50.0,0.0,frankycpp_v1.8.exe,"boost::serialization::singleton<class boost::archive::detail::iserializer<class boost::archive::binary_iarchive,class book::BookEntry> >::get_instance(void)",singleton.hpp,0x14028d5c0
"boost::serialization::singleton<class boost::archive::detail::iserializer<class boost::archive::binary_iarchive,class std::vector<unsigned __int64,class std::allocator<unsigned __int64> > > >::get_instance",0.001000,0.001000,0.0,0.0,11980000,83.3,83.3,0.0,frankycpp_v1.8.exe,"boost::serialization::singleton<class boost::archive::detail::iserializer<class boost::archive::binary_iarchive,class std::vector<unsigned __int64,class std::allocator<unsigned __int64> > > >::get_instance(void)",singleton.hpp,0x140291090
"boost::serialization::smart_cast_reference<boost::archive::binary_iarchive &,boost::archive::detail::basic_iarchive>",0.001000,0.001000,0.0,0.0,8985000,0.0,0.0,0.0,frankycpp_v1.8.exe,"boost::serialization::smart_cast_reference<boost::archive::binary_iarchive &,boost::archive::detail::basic_iarchive>(class boost::archive::detail::basic_iarchive & const)",smart_cast.hpp,0x140286660
chess::Bitboard::operator bool,0.001000,0.001000,0.0,0.0,14975000,33.3,33.3,0.200000,frankycpp_v1.8.exe,chess::Bitboard::operator bool,bitboard.h,0x14026a100
chess::Bitboard::operator bool,0.001000,0.001000,0.0,0.0,0,0.0,0.0,,frankycpp_v1.8.exe,chess::Bitboard::operator bool,bitboard.h,0x1402638c6
chess::Bitboard::operator bool,0.001000,0.001000,0.0,0.0,38935000,60.0,60.0,0.384615,frankycpp_v1.8.exe,chess::Bitboard::operator bool,bitboard.h,0x14026b06b
chess::Bitboard::operator bool,0.001000,0.001000,0.0,0.0,20965000,26.7,26.7,0.714286,frankycpp_v1.8.exe,chess::Bitboard::operator bool,bitboard.h,0x140264054
chess::Bitboard::operator bool,0.001000,0.001000,0.0,0.0,23960000,14.8,14.8,0.625000,frankycpp_v1.8.exe,chess::Bitboard::operator bool,bitboard.h,0x14026a217
chess::Bitboard::operator&=,0.001000,0.001000,0.0,0.0,26955000,5.6,5.6,0.333333,frankycpp_v1.8.exe,chess::Bitboard::operator&=,bitboard.h,0x1402633ba
chess::Bitboard::operator^=,0.001000,0.001000,0.0,0.0,2995000,62.5,62.5,2.000000,frankycpp_v1.8.exe,chess::Bitboard::operator^=,bitboard.h,0x14029e7ec
chess::Bitboard::operator|=,0.001000,0.001000,0.0,0.0,0,0.0,0.0,0.0,frankycpp_v1.8.exe,chess::Bitboard::operator|=,bitboard.h,0x14026a0a8
chess::Bitboard::operator|=,0.001000,0.001000,0.0,0.0,68885000,80.0,80.0,0.173913,frankycpp_v1.8.exe,chess::Bitboard::operator|=,bitboard.h,0x14026a3f6
chess::Bitboard::popLSB,0.001000,0.001000,0.0,0.0,44925000,13.2,13.2,0.266667,frankycpp_v1.8.exe,chess::Bitboard::popLSB,bitboard.h,0x140263c05
chess::Bitboard::popLSB,0.001000,0.001000,0.0,0.0,8985000,44.4,44.4,0.333333,frankycpp_v1.8.exe,chess::Bitboard::popLSB,bitboard.h,0x140263e50
chess::Bitboard::{ctor},0.001000,0.001000,0.0,0.0,2995000,0.0,0.0,0.0,frankycpp_v1.8.exe,chess::Bitboard::{ctor},bitboard.h,0x1402637ef
chess::Direction::pawnPush,0.001000,0.001000,0.0,0.0,65890000,,,0.272727,frankycpp_v1.8.exe,chess::Direction::pawnPush,direction.h,0x1402636a0
chess::Move::encode,0.001000,0.001000,0.0,0.0,14975000,14.3,14.3,0.0,frankycpp_v1.8.exe,chess::Move::encode,move.h,0x1402632b2
chess::Move::encode,0.001000,0.001000,0.0,0.0,23960000,0.0,0.0,0.500000,frankycpp_v1.8.exe,chess::Move::encode,move.h,0x140263fa1
chess::Move::encode,0.001000,0.001000,0.0,0.0,0,0.0,0.0,0.0,frankycpp_v1.8.exe,chess::Move::encode,move.h,0x140263714
chess::Move::encode,0.001000,0.001000,0.0,0.0,8985000,33.3,33.3,0.0,frankycpp_v1.8.exe,chess::Move::encode,move.h,0x140263732
chess::Move::from,0.001000,0.001000,0.0,0.0,0,0.0,0.0,0.0,frankycpp_v1.8.exe,chess::Move::from,move.h,0x14025bf88
chess::Move::operator==,0.001000,0.001000,0.0,0.0,2995000,14.3,14.3,0.0,frankycpp_v1.8.exe,chess::Move::operator==,PVTable.h,0x140260fc3
chess::Move::setValue,0.001000,0.001000,0.0,0.0,20965000,33.3,33.3,0.571429,frankycpp_v1.8.exe,chess::Move::setValue,move.h,0x140262f10
chess::Move::setValue,0.001000,0.001000,0.0,0.0,0,0.0,0.0,0.0,frankycpp_v1.8.exe,chess::Move::setValue,move.h,0x14021f0f0
chess::Move::stripped,0.001000,0.001000,0.0,0.0,5990000,40.0,40.0,0.500000,frankycpp_v1.8.exe,chess::Move::stripped,move.h,0x140260fb0
chess::Move::to,0.001000,0.001000,0.0,0.0,20965000,50.0,50.0,0.0,frankycpp_v1.8.exe,chess::Move::to,move.h,0x14022053a
chess::Move::type,0.001000,0.001000,0.0,0.0,8985000,7.7,7.7,1.666667,frankycpp_v1.8.exe,chess::Move::type,move.h,0x1402208fc
chess::Move::type,0.001000,0.001000,0.0,0.0,2995000,100.0,100.0,0.0,frankycpp_v1.8.exe,chess::Move::type,move.h,0x1402215f7
chess::Move::type,0.001000,0.001000,0.0,0.0,8985000,12.5,12.5,1.000000,frankycpp_v1.8.exe,chess::Move::type,move.h,0x140261113
chess::Move::type,0.001000,0.001000,0.0,0.0,2995000,50.0,50.0,0.0,frankycpp_v1.8.exe,chess::Move::type,move.h,0x140220553
chess::Move::{ctor},0.001000,0.001000,0.0,0.0,29950000,62.5,62.5,0.800000,frankycpp_v1.8.exe,chess::Move::{ctor},move.h,0x140263f84
chess::MoveGenerator::generateCastling,0.001000,0.001000,0.0,0.0,8985000,27.3,27.3,0.666667,frankycpp_v1.8.exe,"chess::MoveGenerator::generateCastling(class chess::Position const &,class chess::StaticMoveList<256> *,enum chess::GenMode)",MoveGenerator.cpp,0x140264080
chess::MoveGenerator::storeKiller,0.001000,0.001000,0.0,0.0,8985000,60.0,60.0,0.0,frankycpp_v1.8.exe,chess::MoveGenerator::storeKiller(class chess::Move),MoveGenerator.cpp,0x140260fc0
chess::Position::clearEnPassant,0.001000,0.001000,0.0,0.0,5990000,0.0,0.0,0.0,frankycpp_v1.8.exe,chess::Position::clearEnPassant,Position.cpp,0x14025bc83
chess::Position::doNullMove,0.001000,0.001000,0.0,0.0,32945000,22.2,22.2,0.636364,frankycpp_v1.8.exe,chess::Position::doNullMove(void),Position.cpp,0x14025c0a0
chess::Position::getEnPassantSquare,0.001000,0.001000,0.0,0.0,11980000,33.3,33.3,0.500000,frankycpp_v1.8.exe,chess::Position::getEnPassantSquare,Position.h,0x1402634d2
chess::Position::getGamePhaseFactor,0.001000,0.001000,0.0,0.0,125790000,100.0,100.0,0.119048,frankycpp_v1.8.exe,chess::Position::getGamePhaseFactor,Position.h,0x14026991b
chess::Position::getKingSquare,0.001000,0.001000,0.0,0.0,17970000,64.3,64.3,0.333333,frankycpp_v1.8.exe,chess::Position::getKingSquare,Position.h,0x14026a448
chess::Position::getLastMove,0.001000,0.001000,0.0,0.0,0,0.0,0.0,0.0,frankycpp_v1.8.exe,chess::Position::getLastMove,Position.h,0x140220a8f
chess::Position::getNextPlayer,0.001000,0.001000,0.0,0.0,20965000,45.0,45.0,0.857143,frankycpp_v1.8.exe,chess::Position::getNextPlayer,Position.h,0x140263dae
chess::Position::getNextPlayer,0.001000,0.001000,0.0,0.0,14975000,16.7,16.7,0.200000,frankycpp_v1.8.exe,chess::Position::getNextPlayer,Position.h,0x1402630c3
chess::Position::getNextPlayer,0.001000,0.001000,0.0,0.0,0,0.0,0.0,,frankycpp_v1.8.exe,chess::Position::getNextPlayer,Position.h,0x140263af9
chess::Position::getOccupiedBb,0.001000,0.001000,0.0,0.0,11980000,25.0,25.0,0.250000,frankycpp_v1.8.exe,chess::Position::getOccupiedBb,Position.h,0x14025c5cd
chess::Position::getPiece,0.001000,0.001000,0.0,0.0,2995000,0.0,0.0,0.0,frankycpp_v1.8.exe,chess::Position::getPiece,Position.h,0x14025d72a
chess::Position::getPieceBb,0.001000,0.001000,0.0,0.0,26955000,23.5,23.5,0.444444,frankycpp_v1.8.exe,chess::Position::getPieceBb,Position.h,0x14026b211
chess::Position::getPieceBb,0.001000,0.001000,0.0,0.0,56905000,37.5,37.5,0.578947,frankycpp_v1.8.exe,chess::Position::getPieceBb,Position.h,0x14029e95a
chess::Position::getPieceBb,0.001000,0.001000,0.0,0.0,0,0.0,0.0,0.0,frankycpp_v1.8.exe,chess::Position::getPieceBb,Position.h,0x1402699f5
chess::Position::undoNullMove,0.001000,0.001000,0.0,0.0,20965000,18.2,18.2,0.571429,frankycpp_v1.8.exe,chess::Position::undoNullMove(void),Position.cpp,0x14025c180
chess::Square::file,0.001000,0.001000,0.0,0.0,5990000,30.0,30.0,1.000000,frankycpp_v1.8.exe,chess::Square::file,square.h,0x14025bd93
chess::Square::rank,0.001000,0.001000,0.0,0.0,14975000,0.0,0.0,0.400000,frankycpp_v1.8.exe,chess::Square::rank,square.h,0x14026a1e2
chess::Square::{ctor},0.001000,0.001000,0.0,0.0,38935000,21.1,21.1,0.153846,frankycpp_v1.8.exe,chess::Square::{ctor},square.h,0x14026a5cb
chess::StaticMoveList<256>::push_back,0.001000,0.001000,0.0,0.0,41930000,22.6,22.6,0.285714,frankycpp_v1.8.exe,chess::StaticMoveList<256>::push_back,staticmovelist.h,0x1402639bc
chess::StaticMoveList<256>::push_back,0.001000,0.001000,0.0,0.0,0,100.0,100.0,0.0,frankycpp_v1.8.exe,chess::StaticMoveList<256>::push_back,staticmovelist.h,0x140263748
chess::Value::isValid,0.001000,0.001000,0.0,0.0,0,0.0,0.0,0.0,frankycpp_v1.8.exe,chess::Value::isValid,value.h,0x14021f4f7
chess::Value::operator int,0.001000,0.001000,0.0,0.0,11980000,0.0,0.0,0.500000,frankycpp_v1.8.exe,chess::Value::operator int,value.h,0x140220edc
chess::Value::operator int,0.001000,0.001000,0.0,0.0,2995000,33.3,33.3,1.000000,frankycpp_v1.8.exe,chess::Value::operator int,value.h,0x14025d7d5
chess::Value::{ctor},0.001000,0.001000,0.0,0.0,2995000,,,0.0,frankycpp_v1.8.exe,chess::Value::{ctor},value.h,0x14021fa3d
chess::colorOf,0.001000,0.001000,0.0,0.0,0,100.0,100.0,0.0,frankycpp_v1.8.exe,chess::colorOf,piece.h,0x1402610ce
chess::colorOf,0.001000,0.001000,0.0,0.0,14975000,20.0,20.0,0.400000,frankycpp_v1.8.exe,chess::colorOf,piece.h,0x1402610f1
chess::moveValueGreaterComparator::operator(),0.001000,0.001000,0.0,0.0,11980000,15.0,15.0,2.000000,frankycpp_v1.8.exe,chess::moveValueGreaterComparator::operator(),move.h,0x140264440
chess::moveValueGreaterComparator::operator(),0.001000,0.001000,0.0,0.0,17970000,3.3,3.3,1.833333,frankycpp_v1.8.exe,chess::moveValueGreaterComparator::operator(),move.h,0x140264480
chess::operator&,0.001000,0.001000,0.0,0.0,8985000,100.0,100.0,0.666667,frankycpp_v1.8.exe,chess::operator&,bitboard.h,0x14026a028
chess::operator&,0.001000,0.001000,0.0,0.0,11980000,17.6,17.6,1.000000,frankycpp_v1.8.exe,chess::operator&,bitboard.h,0x14026a048
chess::operator&,0.001000,0.001000,0.0,0.0,2995000,27.3,27.3,2.000000,frankycpp_v1.8.exe,chess::operator&,bitboard.h,0x14026ab45
chess::operator&,0.001000,0.001000,0.0,0.0,5990000,,,1.000000,frankycpp_v1.8.exe,chess::operator&,bitboard.h,0x14026a66c
chess::operator&,0.001000,0.001000,0.0,0.0,68885000,100.0,100.0,0.217391,frankycpp_v1.8.exe,chess::operator&,bitboard.h,0x14029e942
chess::operator&,0.001000,0.001000,0.0,0.0,11980000,33.3,33.3,0.250000,frankycpp_v1.8.exe,chess::operator&,bitboard.h,0x14026ab9c
chess::operator&,0.001000,0.001000,0.0,0.0,2995000,100.0,100.0,1.000000,frankycpp_v1.8.exe,chess::operator&,bitboard.h,0x14026383b
chess::operator&,0.001000,0.001000,0.0,0.0,0,100.0,100.0,0.0,frankycpp_v1.8.exe,chess::operator&,bitboard.h,0x140261370
chess::operator&,0.001000,0.001000,0.0,0.0,17970000,0.0,0.0,0.0,frankycpp_v1.8.exe,chess::operator&,bitboard.h,0x14025c2d3
chess::operator&,0.001000,0.001000,0.0,0.0,14975000,8.3,8.3,0.600000,frankycpp_v1.8.exe,chess::operator&,bitboard.h,0x140263974
chess::operator&,0.001000,0.001000,0.0,0.0,8985000,,,0.666667,frankycpp_v1.8.exe,chess::operator&,bitboard.h,0x14026a40f
chess::operator&,0.001000,0.001000,0.0,0.0,35940000,57.1,57.1,0.333333,frankycpp_v1.8.exe,chess::operator&,bitboard.h,0x14026a720
chess::operator+,0.001000,0.001000,0.0,0.0,41930000,42.1,42.1,0.285714,frankycpp_v1.8.exe,chess::operator+,direction.h,0x14026a07c
chess::operator+,0.001000,0.001000,0.0,0.0,5990000,100.0,100.0,0.500000,frankycpp_v1.8.exe,chess::operator+,value.h,0x140221211
chess::operator+,0.001000,0.001000,0.0,0.0,0,0.0,0.0,,frankycpp_v1.8.exe,chess::operator+,direction.h,0x140263533
chess::operator+,0.001000,0.001000,0.0,0.0,2995000,0.0,0.0,1.000000,frankycpp_v1.8.exe,chess::operator+,direction.h,0x14026393d
chess::operator+=,0.001000,0.001000,0.0,0.0,8985000,25.0,25.0,0.666667,frankycpp_v1.8.exe,chess::operator+=,value.h,0x14026a836
chess::operator+=,0.001000,0.001000,0.0,0.0,11980000,0.0,0.0,0.250000,frankycpp_v1.8.exe,chess::operator+=,value.h,0x140269956
chess::operator+=,0.001000,0.001000,0.0,0.0,8985000,,,1.333333,frankycpp_v1.8.exe,chess::operator+=,value.h,0x140269d74
chess::operator+=,0.001000,0.001000,0.0,0.0,2995000,50.0,50.0,2.000000,frankycpp_v1.8.exe,chess::operator+=,value.h,0x14026a57e
chess::operator+=,0.001000,0.001000,0.0,0.0,0,100.0,100.0,,frankycpp_v1.8.exe,chess::operator+=,depth.h,0x140220524
chess::operator+=,0.001000,0.001000,0.0,0.0,5990000,100.0,100.0,0.500000,frankycpp_v1.8.exe,chess::operator+=,value.h,0x14026b1c7
chess::operator+=,0.001000,0.001000,0.0,0.0,8985000,0.0,0.0,0.0,frankycpp_v1.8.exe,chess::operator+=,value.h,0x14026a2ed
chess::operator+=,0.001000,0.001000,0.0,0.0,23960000,83.3,83.3,0.125000,frankycpp_v1.8.exe,chess::operator+=,value.h,0x14026ac13
chess::operator-,0.001000,0.001000,0.0,0.0,11980000,50.0,50.0,0.750000,frankycpp_v1.8.exe,chess::operator-,value.h,0x140263fb5
chess::operator-,0.001000,0.001000,0.0,0.0,2995000,0.0,0.0,2.000000,frankycpp_v1.8.exe,chess::operator-,value.h,0x140262fcc
chess::operator-,0.001000,0.001000,0.0,0.0,0,0.0,0.0,,frankycpp_v1.8.exe,chess::operator-,value.h,0x140221342
chess::operator-,0.001000,0.001000,0.0,0.0,11980000,20.0,20.0,0.250000,frankycpp_v1.8.exe,chess::operator-,value.h,0x14029e767
chess::operator-,0.001000,0.001000,0.0,0.0,2995000,100.0,100.0,1.000000,frankycpp_v1.8.exe,chess::operator-,value.h,0x140264032
chess::operator-,0.001000,0.001000,0.0,0.0,8985000,30.0,30.0,1.666667,frankycpp_v1.8.exe,chess::operator-,value.h,0x1402206d2
chess::operator-=,0.001000,0.001000,0.0,0.0,0,100.0,100.0,0.0,frankycpp_v1.8.exe,chess::operator-=,depth.h,0x1402204a4
chess::operator==,0.001000,0.001000,0.0,0.0,2995000,0.0,0.0,1.000000,frankycpp_v1.8.exe,chess::operator==,castlingrights.h,0x14021f619
chess::operator==,0.001000,0.001000,0.0,0.0,0,0.0,0.0,0.0,frankycpp_v1.8.exe,chess::operator==,castlingrights.h,0x1402640ee
chess::operator|,0.001000,0.001000,0.0,0.0,2995000,100.0,100.0,0.0,frankycpp_v1.8.exe,chess::operator|,bitboard.h,0x140263b0c
chess::operator|,0.001000,0.001000,0.0,0.0,14975000,20.0,20.0,1.200000,frankycpp_v1.8.exe,chess::operator|,bitboard.h,0x14026a9e4
chess::operator|,0.001000,0.001000,0.0,0.0,0,100.0,100.0,0.0,frankycpp_v1.8.exe,chess::operator|,bitboard.h,0x140263f4c
chess::operator|,0.001000,0.001000,0.0,0.0,29950000,40.9,40.9,0.500000,frankycpp_v1.8.exe,chess::operator|,bitboard.h,0x14025c3de
chess::operator|,0.001000,0.001000,0.0,0.0,29950000,50.0,50.0,0.600000,frankycpp_v1.8.exe,chess::operator|,bitboard.h,0x140264080
chess::operator|,0.001000,0.001000,0.0,0.0,8985000,50.0,50.0,0.666667,frankycpp_v1.8.exe,chess::operator|,bitboard.h,0x14016ca06
chess::operator~,0.001000,0.001000,0.0,0.0,29950000,37.5,37.5,0.200000,frankycpp_v1.8.exe,chess::operator~,color.h,0x1402208d0
chess::operator~,0.001000,0.001000,0.0,0.0,0,0.0,0.0,0.0,frankycpp_v1.8.exe,chess::operator~,color.h,0x14022052b
chess::operator~,0.001000,0.001000,0.0,0.0,8985000,16.7,16.7,0.666667,frankycpp_v1.8.exe,chess::operator~,color.h,0x14026302d
chess::operator~,0.001000,0.001000,0.0,0.0,8985000,7.7,7.7,0.333333,frankycpp_v1.8.exe,chess::operator~,color.h,0x14025c4df
chess::operator~,0.001000,0.001000,0.0,0.0,11980000,71.4,71.4,0.250000,frankycpp_v1.8.exe,chess::operator~,color.h,0x140263e7d
chess::operator~,0.001000,0.001000,0.0,0.0,2995000,0.0,0.0,0.0,frankycpp_v1.8.exe,chess::operator~,color.h,0x1402209c8
chess::typeOf,0.001000,0.001000,0.0,0.0,0,50.0,50.0,,frankycpp_v1.8.exe,chess::typeOf,piece.h,0x140263eb0
chess::typeOf,0.001000,0.001000,0.0,0.0,29950000,66.7,66.7,0.0,frankycpp_v1.8.exe,chess::typeOf,piece.h,0x14025d61a
chess::typeOf,0.001000,0.001000,0.0,0.0,20965000,40.0,40.0,0.714286,frankycpp_v1.8.exe,chess::typeOf,piece.h,0x1402633ff
engine::Evaluator::valueFromScore,0.001000,0.001000,0.0,0.0,14975000,33.3,33.3,0.200000,frankycpp_v1.8.exe,engine::Evaluator::valueFromScore,Evaluator.cpp,0x140269d85
engine::PVTable::clear,0.001000,0.001000,0.0,0.0,11980000,12.9,12.9,1.250000,frankycpp_v1.8.exe,engine::PVTable::clear,PVTable.h,0x14021f2b6
engine::PawnTT::Entry::{ctor},0.001000,0.001000,0.0,0.0,2995000,8.3,8.3,1.000000,frankycpp_v1.8.exe,engine::PawnTT::Entry::{ctor},PawnTT.h,0x1402677f0
engine::PawnTT::getHash,0.001000,0.001000,0.0,0.0,0,,,,frankycpp_v1.8.exe,engine::PawnTT::getHash,PawnTT.h,0x140267572
engine::PawnTT::getHash,0.001000,0.001000,0.0,0.0,8985000,0.0,0.0,0.333333,frankycpp_v1.8.exe,engine::PawnTT::getHash,PawnTT.h,0x14026a2bd
engine::PawnTT::prefetch,0.001000,0.001000,0.0,0.0,11980000,16.7,16.7,0.0,frankycpp_v1.8.exe,engine::PawnTT::prefetch,PawnTT.h,0x1402212e0
engine::Search::thread,0.001000,0.001000,0.0,0.0,26955000,26.7,26.7,0.111111,frankycpp_v1.8.exe,engine::Search::thread,Search.h,0x14021faff
engine::Search::thread,0.001000,0.001000,0.0,0.0,8985000,12.5,12.5,0.333333,frankycpp_v1.8.exe,engine::Search::thread,Search.h,0x14021fa66
engine::Search::thread,0.001000,0.001000,0.0,0.0,2995000,0.0,0.0,0.0,frankycpp_v1.8.exe,engine::Search::thread,Search.h,0x14022aaae
engine::TT::prefetch,0.001000,0.001000,0.0,0.0,47920000,,,0.125000,frankycpp_v1.8.exe,engine::TT::prefetch,TT.h,0x1402212b3
engine::TT::resize,0.001000,0.001000,0.0,0.0,2995000,66.7,66.7,1.000000,frankycpp_v1.8.exe,engine::TT::resize(unsigned __int64),TT.cpp,0x14026c8d0
func@0x140002700,0.001000,0.001000,0.0,0.0,0,0.0,0.0,,intelppm.sys,func@0x140002700,[Unknown],0x140002700
func@0x140008dc8,0.001000,0.001000,0.0,0.0,0,0.0,0.0,0.0,executioncontext.sys,func@0x140008dc8,[Unknown],0x140008dc8
func@0x14000bd0a,0.001000,0.001000,0.0,0.0,0,0.0,0.0,0.0,winhvr.sys,func@0x14000bd0a,[Unknown],0x14000bd0a
func@0x14000f9a9,0.001000,0.001000,0.0,0.0,0,0.0,0.0,,dxgmms2.sys,func@0x14000f9a9,[Unknown],0x14000f9a9
func@0x14000fb20,0.001000,0.001000,0.0,0.0,0,0.0,0.0,0.0,afd.sys,func@0x14000fb20,[Unknown],0x14000fb20
func@0x1400106b0,0.001000,0.001000,0.0,0.0,0,0.0,0.0,0.0,usbxhci.sys,func@0x1400106b0,[Unknown],0x1400106b0
func@0x140015d90,0.001000,0.001000,0.0,0.0,0,100.0,100.0,0.0,dxgmms2.sys,func@0x140015d90,[Unknown],0x140015d90
func@0x140018430,0.001000,0.001000,0.0,0.0,0,0.0,0.0,0.0,dxgmms2.sys,func@0x140018430,[Unknown],0x140018430
func@0x140020680,0.001000,0.001000,0.0,0.0,0,0.0,0.0,0.0,nvlddmkm.sys,func@0x140020680,[Unknown],0x140020680
func@0x14004c800,0.001000,0.001000,0.0,0.0,0,0.0,0.0,0.0,wdf01000.sys,func@0x14004c800,[Unknown],0x14004c800
func@0x14005a976,0.001000,0.001000,0.0,0.0,0,0.0,0.0,0.0,wdfilter.sys,func@0x14005a976,[Unknown],0x14005a976
func@0x140066358,0.001000,0.001000,0.0,0.0,0,0.0,0.0,0.0,wdf01000.sys,func@0x140066358,[Unknown],0x140066358
func@0x1400f9200,0.001000,0.001000,0.0,0.0,0,100.0,100.0,0.0,nvlddmkm.sys,func@0x1400f9200,[Unknown],0x1400f9200
func@0x1400f9ec0,0.001000,0.001000,0.0,0.0,0,0.0,0.0,0.0,nvlddmkm.sys,func@0x1400f9ec0,[Unknown],0x1400f9ec0
func@0x1400fab80,0.001000,0.001000,0.0,0.0,2995000,0.0,0.0,1.000000,nvlddmkm.sys,func@0x1400fab80,[Unknown],0x1400fab80
func@0x14011e010,0.001000,0.001000,0.0,0.0,0,0.0,0.0,,nvlddmkm.sys,func@0x14011e010,[Unknown],0x14011e010
func@0x140201ab0,0.001000,0.001000,0.0,0.0,0,0.0,0.0,0.0,ntoskrnl.exe,func@0x140201ab0,[Unknown],0x140201ab0
func@0x140202060,0.001000,0.001000,0.0,0.0,8985000,50.0,50.0,0.333333,ntoskrnl.exe,func@0x140202060,[Unknown],0x140202060
func@0x140202360,0.001000,0.001000,0.0,0.0,26955000,50.0,50.0,0.666667,ntoskrnl.exe,func@0x140202360,[Unknown],0x140202360
func@0x140202565,0.001000,0.001000,0.0,0.0,2995000,50.0,50.0,2.000000,ntoskrnl.exe,func@0x140202565,[Unknown],0x140202565
func@0x140202640,0.001000,0.001000,0.0,0.0,8985000,33.3,33.3,0.333333,ntoskrnl.exe,func@0x140202640,[Unknown],0x140202640
func@0x1402026a4,0.001000,0.001000,0.0,0.0,0,0.0,0.0,,ntoskrnl.exe,func@0x1402026a4,[Unknown],0x1402026a4
func@0x140216750,0.001000,0.001000,0.0,0.0,0,0.0,0.0,,ntoskrnl.exe,func@0x140216750,[Unknown],0x140216750
func@0x1402238b0,0.001000,0.001000,0.0,0.0,2995000,0.0,0.0,1.000000,ntoskrnl.exe,func@0x1402238b0,[Unknown],0x1402238b0
func@0x1402292d0,0.001000,0.001000,0.0,0.0,0,0.0,0.0,0.0,ntoskrnl.exe,func@0x1402292d0,[Unknown],0x1402292d0
func@0x140231af0,0.001000,0.001000,0.0,0.0,2995000,75.0,75.0,1.000000,ntoskrnl.exe,func@0x140231af0,[Unknown],0x140231af0
func@0x14024ded0,0.001000,0.001000,0.0,0.0,0,0.0,0.0,0.0,ntoskrnl.exe,func@0x14024ded0,[Unknown],0x14024ded0
func@0x140255da0,0.001000,0.001000,0.0,0.0,0,0.0,0.0,0.0,ntoskrnl.exe,func@0x140255da0,[Unknown],0x140255da0
func@0x14025ded0,0.001000,0.001000,0.0,0.0,0,,,,ntoskrnl.exe,func@0x14025ded0,[Unknown],0x14025ded0
func@0x140281fc0,0.001000,0.001000,0.0,0.0,0,0.0,0.0,0.0,ntoskrnl.exe,func@0x140281fc0,[Unknown],0x140281fc0
func@0x140286820,0.001000,0.001000,0.0,0.0,17970000,80.0,80.0,0.166667,ntoskrnl.exe,func@0x140286820,[Unknown],0x140286820
func@0x140289ad0,0.001000,0.001000,0.0,0.0,8985000,17.6,17.6,2.333333,ntoskrnl.exe,func@0x140289ad0,[Unknown],0x140289ad0
func@0x14028dd20,0.001000,0.001000,0.0,0.0,0,0.0,0.0,0.0,ntoskrnl.exe,func@0x14028dd20,[Unknown],0x14028dd20
func@0x140292ac2,0.001000,0.001000,0.0,0.0,0,0.0,0.0,0.0,ntoskrnl.exe,func@0x140292ac2,[Unknown],0x140292ac2
func@0x140294430,0.001000,0.001000,0.0,0.0,5990000,19.0,19.0,2.500000,ntoskrnl.exe,func@0x140294430,[Unknown],0x140294430
func@0x1402947e0,0.001000,0.001000,0.0,0.0,11980000,,,0.500000,ntoskrnl.exe,func@0x1402947e0,[Unknown],0x1402947e0
func@0x140299070,0.001000,0.001000,0.0,0.0,0,0.0,0.0,0.0,nvlddmkm.sys,func@0x140299070,[Unknown],0x140299070
func@0x14029a040,0.001000,0.001000,0.0,0.0,0,0.0,0.0,0.0,ntoskrnl.exe,func@0x14029a040,[Unknown],0x14029a040
func@0x14029a67b,0.001000,0.001000,0.0,0.0,0,0.0,0.0,,ntoskrnl.exe,func@0x14029a67b,[Unknown],0x14029a67b
func@0x14029bd64,0.001000,0.001000,0.0,0.0,11980000,62.5,62.5,1.000000,ntoskrnl.exe,func@0x14029bd64,[Unknown],0x14029bd64
func@0x14029bfad,0.001000,0.001000,0.0,0.0,0,0.0,0.0,0.0,ntoskrnl.exe,func@0x14029bfad,[Unknown],0x14029bfad
func@0x14029c8f0,0.001000,0.001000,0.0,0.0,5990000,10.5,10.5,2.000000,ntoskrnl.exe,func@0x14029c8f0,[Unknown],0x14029c8f0
func@0x14029dc10,0.001000,0.001000,0.0,0.0,0,50.0,50.0,0.0,ntoskrnl.exe,func@0x14029dc10,[Unknown],0x14029dc10
func@0x14029e348,0.001000,0.001000,0.0,0.0,0,0.0,0.0,0.0,ntoskrnl.exe,func@0x14029e348,[Unknown],0x14029e348
func@0x1402b2840,0.001000,0.001000,0.0,0.0,2995000,25.0,25.0,0.0,ntoskrnl.exe,func@0x1402b2840,[Unknown],0x1402b2840
func@0x1402b3a60,0.001000,0.001000,0.0,0.0,2995000,66.7,66.7,0.0,ntoskrnl.exe,func@0x1402b3a60,[Unknown],0x1402b3a60
func@0x1402b4ee0,0.001000,0.001000,0.0,0.0,0,50.0,50.0,0.0,ntoskrnl.exe,func@0x1402b4ee0,[Unknown],0x1402b4ee0
func@0x1402b8930,0.001000,0.001000,0.0,0.0,0,0.0,0.0,0.0,ntoskrnl.exe,func@0x1402b8930,[Unknown],0x1402b8930
func@0x1402beaf0,0.001000,0.001000,0.0,0.0,0,100.0,100.0,0.0,ntoskrnl.exe,func@0x1402beaf0,[Unknown],0x1402beaf0
func@0x1402c69d0,0.001000,0.001000,0.0,0.0,2995000,0.0,0.0,0.0,ntoskrnl.exe,func@0x1402c69d0,[Unknown],0x1402c69d0
func@0x1402cf110,0.001000,0.001000,0.0,0.0,0,0.0,0.0,0.0,ntoskrnl.exe,func@0x1402cf110,[Unknown],0x1402cf110
func@0x1402ec11d,0.001000,0.001000,0.0,0.0,0,25.0,25.0,,ntoskrnl.exe,func@0x1402ec11d,[Unknown],0x1402ec11d
func@0x1402f14f4,0.001000,0.001000,0.0,0.0,0,0.0,0.0,0.0,ntoskrnl.exe,func@0x1402f14f4,[Unknown],0x1402f14f4
func@0x140309300,0.001000,0.001000,0.0,0.0,5990000,0.0,0.0,0.500000,nvlddmkm.sys,func@0x140309300,[Unknown],0x140309300
func@0x14030acb0,0.001000,0.001000,0.0,0.0,0,0.0,0.0,0.0,ntoskrnl.exe,func@0x14030acb0,[Unknown],0x14030acb0
func@0x140318ce0,0.001000,0.001000,0.0,0.0,0,0.0,0.0,,ntoskrnl.exe,func@0x140318ce0,[Unknown],0x140318ce0
func@0x14031a0a0,0.001000,0.001000,0.0,0.0,0,23.1,23.1,,ntoskrnl.exe,func@0x14031a0a0,[Unknown],0x14031a0a0
func@0x14031e1c8,0.001000,0.001000,0.0,0.0,0,0.0,0.0,0.0,ntoskrnl.exe,func@0x14031e1c8,[Unknown],0x14031e1c8
func@0x14031ef00,0.001000,0.001000,0.0,0.0,0,0.0,0.0,0.0,ntoskrnl.exe,func@0x14031ef00,[Unknown],0x14031ef00
func@0x140325350,0.001000,0.001000,0.0,0.0,0,0.0,0.0,0.0,ntoskrnl.exe,func@0x140325350,[Unknown],0x140325350
func@0x140325fd5,0.001000,0.001000,0.0,0.0,0,0.0,0.0,0.0,ntoskrnl.exe,func@0x140325fd5,[Unknown],0x140325fd5
func@0x14033c2e4,0.001000,0.001000,0.0,0.0,5990000,16.7,16.7,0.0,ntoskrnl.exe,func@0x14033c2e4,[Unknown],0x14033c2e4
func@0x14033d9d0,0.001000,0.001000,0.0,0.0,2995000,0.0,0.0,1.000000,ntoskrnl.exe,func@0x14033d9d0,[Unknown],0x14033d9d0
func@0x14033fa70,0.001000,0.001000,0.0,0.0,2995000,0.0,0.0,2.000000,ntoskrnl.exe,func@0x14033fa70,[Unknown],0x14033fa70
func@0x140340ba8,0.001000,0.001000,0.0,0.0,11980000,0.0,0.0,0.0,ntoskrnl.exe,func@0x140340ba8,[Unknown],0x140340ba8
func@0x140341a3e,0.001000,0.001000,0.0,0.0,0,0.0,0.0,0.0,ntoskrnl.exe,func@0x140341a3e,[Unknown],0x140341a3e
func@0x140343680,0.001000,0.001000,0.0,0.0,0,33.3,33.3,,ntoskrnl.exe,func@0x140343680,[Unknown],0x140343680
func@0x140399120,0.001000,0.001000,0.0,0.0,0,0.0,0.0,0.0,ntoskrnl.exe,func@0x140399120,[Unknown],0x140399120
func@0x1403b5b08,0.001000,0.001000,0.0,0.0,0,0.0,0.0,0.0,ntoskrnl.exe,func@0x1403b5b08,[Unknown],0x1403b5b08
func@0x1403c6bd0,0.001000,0.001000,0.0,0.0,0,0.0,0.0,0.0,ntoskrnl.exe,func@0x1403c6bd0,[Unknown],0x1403c6bd0
func@0x1403c7560,0.001000,0.001000,0.0,0.0,0,0.0,0.0,,ntoskrnl.exe,func@0x1403c7560,[Unknown],0x1403c7560
func@0x1403d1190,0.001000,0.001000,0.0,0.0,0,0.0,0.0,0.0,ntoskrnl.exe,func@0x1403d1190,[Unknown],0x1403d1190
func@0x1403d6ed0,0.001000,0.001000,0.0,0.0,14975000,0.0,0.0,0.200000,ntoskrnl.exe,func@0x1403d6ed0,[Unknown],0x1403d6ed0
func@0x1403e1d50,0.001000,0.001000,0.0,0.0,0,0.0,0.0,,ntoskrnl.exe,func@0x1403e1d50,[Unknown],0x1403e1d50
func@0x1403ea474,0.001000,0.001000,0.0,0.0,8985000,18.2,18.2,0.333333,ntoskrnl.exe,func@0x1403ea474,[Unknown],0x1403ea474
func@0x1403f3d00,0.001000,0.001000,0.0,0.0,0,0.0,0.0,0.0,nvlddmkm.sys,func@0x1403f3d00,[Unknown],0x1403f3d00
func@0x1403f5600,0.001000,0.001000,0.0,0.0,0,,,,ntoskrnl.exe,func@0x1403f5600,[Unknown],0x1403f5600
func@0x1403f5655,0.001000,0.001000,0.0,0.0,0,0.0,0.0,0.0,ntoskrnl.exe,func@0x1403f5655,[Unknown],0x1403f5655
func@0x14040f5c0,0.001000,0.001000,0.0,0.0,5990000,0.0,0.0,0.500000,ntoskrnl.exe,func@0x14040f5c0,[Unknown],0x14040f5c0
func@0x14042b5d0,0.001000,0.001000,0.0,0.0,5990000,23.1,23.1,0.500000,ntoskrnl.exe,func@0x14042b5d0,[Unknown],0x14042b5d0
func@0x140432540,0.001000,0.001000,0.0,0.0,0,0.0,0.0,0.0,ntoskrnl.exe,func@0x140432540,[Unknown],0x140432540
func@0x1404350b0,0.001000,0.001000,0.0,0.0,0,0.0,0.0,0.0,ntoskrnl.exe,func@0x1404350b0,[Unknown],0x1404350b0
func@0x14044fd9c,0.001000,0.001000,0.0,0.0,2995000,0.0,0.0,0.0,ntoskrnl.exe,func@0x14044fd9c,[Unknown],0x14044fd9c
func@0x140454b44,0.001000,0.001000,0.0,0.0,0,0.0,0.0,0.0,ntoskrnl.exe,func@0x140454b44,[Unknown],0x140454b44
func@0x1404e78e0,0.001000,0.001000,0.0,0.0,0,0.0,0.0,,ntoskrnl.exe,func@0x1404e78e0,[Unknown],0x1404e78e0
func@0x1406bd583,0.001000,0.001000,0.0,0.0,0,0.0,0.0,0.0,ntoskrnl.exe,func@0x1406bd583,[Unknown],0x1406bd583
func@0x1406bfe40,0.001000,0.001000,0.0,0.0,14975000,20.0,20.0,0.400000,ntoskrnl.exe,func@0x1406bfe40,[Unknown],0x1406bfe40
func@0x1408a0eda,0.001000,0.001000,0.0,0.0,0,0.0,0.0,0.0,ntoskrnl.exe,func@0x1408a0eda,[Unknown],0x1408a0eda
func@0x1408a23a0,0.001000,0.001000,0.0,0.0,0,0.0,0.0,0.0,ntoskrnl.exe,func@0x1408a23a0,[Unknown],0x1408a23a0
func@0x1408d95cd,0.001000,0.001000,0.0,0.0,0,0.0,0.0,0.0,ntoskrnl.exe,func@0x1408d95cd,[Unknown],0x1408d95cd
func@0x1408f92d0,0.001000,0.001000,0.0,0.0,0,0.0,0.0,0.0,ntoskrnl.exe,func@0x1408f92d0,[Unknown],0x1408f92d0
func@0x140c31d90,0.001000,0.001000,0.0,0.0,2995000,0.0,0.0,0.0,nvlddmkm.sys,func@0x140c31d90,[Unknown],0x140c31d90
func@0x140c9b32f,0.001000,0.001000,0.0,0.0,0,0.0,0.0,0.0,nvlddmkm.sys,func@0x140c9b32f,[Unknown],0x140c9b32f
func@0x140c9b5f0,0.001000,0.001000,0.0,0.0,0,0.0,0.0,,nvlddmkm.sys,func@0x140c9b5f0,[Unknown],0x140c9b5f0
func@0x140cbb790,0.001000,0.001000,0.0,0.0,0,0.0,0.0,0.0,nvlddmkm.sys,func@0x140cbb790,[Unknown],0x140cbb790
func@0x14198fe80,0.001000,0.001000,0.0,0.0,0,0.0,0.0,0.0,nvlddmkm.sys,func@0x14198fe80,[Unknown],0x14198fe80
func@0x180007fa0,0.001000,0.001000,0.0,0.0,0,0.0,0.0,0.0,fltmgr.sys,func@0x180007fa0,[Unknown],0x180007fa0
func@0x18001d880,0.001000,0.001000,0.0,0.0,0,0.0,0.0,0.0,fltmgr.sys,func@0x18001d880,[Unknown],0x18001d880
func@0x180021396,0.001000,0.001000,0.0,0.0,0,0.0,0.0,0.0,advapi32.dll,func@0x180021396,[Unknown],0x180021396
func@0x1800401a4,0.001000,0.001000,0.0,0.0,0,0.0,0.0,0.0,msvcrt.dll,func@0x1800401a4,[Unknown],0x1800401a4
func@0x1800710e0,0.001000,0.001000,0.0,0.0,0,0.0,0.0,0.0,crypt32.dll,func@0x1800710e0,[Unknown],0x1800710e0
func@0x180094c8b,0.001000,0.001000,0.0,0.0,0,0.0,0.0,,ntdll.dll,func@0x180094c8b,[Unknown],0x180094c8b
func@0x18009bfbf,0.001000,0.001000,0.0,0.0,0,0.0,0.0,,ntdll.dll,func@0x18009bfbf,[Unknown],0x18009bfbf
func@0x1c0001000,0.001000,0.001000,0.0,0.0,0,0.0,0.0,0.0,fileinfo.sys,func@0x1c0001000,[Unknown],0x1c0001000
memset,0.001000,0.001000,0.0,0.0,5990000,37.5,37.5,0.0,vcruntime140.dll,memset,[Unknown],0x1800126e0
read,0.001000,0.001000,0.0,0.0,0,0.0,0.0,,ucrtbase.dll,read,[Unknown],0x180012bd0
round,0.001000,0.001000,0.0,0.0,0,0.0,0.0,,ucrtbase.dll,round,[Unknown],0x1800ab260
spdlog::pattern_formatter::handle_flag_<struct spdlog::details::null_scoped_padder>,0.001000,0.001000,0.0,0.0,0,0.0,0.0,0.0,frankycpp_v1.8.exe,"spdlog::pattern_formatter::handle_flag_<struct spdlog::details::null_scoped_padder>(char,struct spdlog::details::padding_info)",pattern_formatter-inl.h,0x140140250
"std::_Atomic_storage<unsigned __int64,8>::load",0.001000,0.001000,0.0,0.0,8985000,0.0,0.0,0.333333,frankycpp_v1.8.exe,"std::_Atomic_storage<unsigned __int64,8>::load",atomic,0x14026738b
"std::_For_each_ivdep<engine::TT::TTCluster *,`engine::TT::ageEntries'::`2'::<lambda_1> >",0.001000,0.001000,0.0,0.0,38935000,42.7,42.7,0.230769,frankycpp_v1.8.exe,"std::_For_each_ivdep<engine::TT::TTCluster *,`engine::TT::ageEntries'::`2'::<lambda_1> >(struct engine::TT::TTCluster *, struct engine::TT::TTCluster *, class engine::TT::ageEntries::__l2::<lambda_1>)",execution,0x14026e670
"std::_Tree<std::_Tset_traits<boost::archive::detail::basic_iarchive_impl::cobject_type,std::less<boost::archive::detail::basic_iarchive_impl::cobject_type>,std::allocator<boost::archive::detail::basic_iarchive_impl::cobject_type>,0> >::insert",0.001000,0.001000,0.0,0.0,14975000,80.0,80.0,0.400000,frankycpp_v1.8.exe,"std::_Tree<std::_Tset_traits<boost::archive::detail::basic_iarchive_impl::cobject_type,std::less<boost::archive::detail::basic_iarchive_impl::cobject_type>,std::allocator<boost::archive::detail::basic_iarchive_impl::cobject_type>,0> >::insert",xtree,0x1402af778
"std::_Uninitialized_backout<std::_List_unchecked_iterator<std::_List_val<std::_List_simple_types<std::pair<unsigned __int64 const ,book::BookEntry> > > > *>::_Emplace_back",0.001000,0.001000,0.0,0.0,5990000,0.0,0.0,1.000000,frankycpp_v1.8.exe,"std::_Uninitialized_backout<std::_List_unchecked_iterator<std::_List_val<std::_List_simple_types<std::pair<unsigned __int64 const ,book::BookEntry> > > > *>::_Emplace_back",xmemory,0x14027f4c0
std::_Vector_val<std::_Simple_types<chess::Move> >::{ctor},0.001000,0.001000,0.0,0.0,0,0.0,0.0,0.0,frankycpp_v1.8.exe,std::_Vector_val<std::_Simple_types<chess::Move> >::{ctor},vector,0x140288155
"std::array<chess::Bitboard,64>::operator[]",0.001000,0.001000,0.0,0.0,2995000,0.0,0.0,1.000000,frankycpp_v1.8.exe,"std::array<chess::Bitboard,64>::operator[]",array,0x14029ea94
"std::array<chess::HistoryState,1024>::operator[]",0.001000,0.001000,0.0,0.0,2995000,14.3,14.3,1.000000,frankycpp_v1.8.exe,"std::array<chess::HistoryState,1024>::operator[]",array,0x14025c1a0
"std::array<chess::Move,128>::operator[]",0.001000,0.001000,0.0,0.0,0,0.0,0.0,,frankycpp_v1.8.exe,"std::array<chess::Move,128>::operator[]",array,0x14021f2d3
"std::array<engine::PlyInfo,128>::operator[]",0.001000,0.001000,0.0,0.0,8985000,14.3,14.3,0.666667,frankycpp_v1.8.exe,"std::array<engine::PlyInfo,128>::operator[]",array,0x14021f966
"std::array<int,64>::operator[]",0.001000,0.001000,0.0,0.0,0,25.0,25.0,0.0,frankycpp_v1.8.exe,"std::array<int,64>::operator[]",array,0x140220a53
"std::array<std::array<chess::Bitboard,64>,8>::operator[]",0.001000,0.001000,0.0,0.0,32945000,61.5,61.5,0.454545,frankycpp_v1.8.exe,"std::array<std::array<chess::Bitboard,64>,8>::operator[]",array,0x14026ab2e
"std::array<std::array<chess::Move,64>,64>::operator[]",0.001000,0.001000,0.0,0.0,2995000,40.0,40.0,0.0,frankycpp_v1.8.exe,"std::array<std::array<chess::Move,64>,64>::operator[]",array,0x140220ab6
std::atomic<unsigned __int64>::{ctor},0.001000,0.001000,0.0,0.0,47920000,80.0,80.0,0.125000,frankycpp_v1.8.exe,std::atomic<unsigned __int64>::{ctor},atomic,0x14026dd70
"std::basic_ostream<char,struct std::char_traits<char> >::operator<<",0.001000,0.001000,0.0,0.0,0,0.0,0.0,0.0,msvcp140.dll,"std::basic_ostream<char,struct std::char_traits<char> >::operator<<(int)",[Unknown],0x18003d320
std::countr_zero,0.001000,0.001000,0.0,0.0,17970000,100.0,100.0,0.166667,frankycpp_v1.8.exe,std::countr_zero,bit,0x14026b030
std::countr_zero,0.001000,0.001000,0.0,0.0,11980000,7.1,7.1,0.500000,frankycpp_v1.8.exe,std::countr_zero,bit,0x1402633f8
std::countr_zero,0.001000,0.001000,0.0,0.0,8985000,83.3,83.3,0.0,frankycpp_v1.8.exe,std::countr_zero,bit,0x140263c05
std::countr_zero,0.001000,0.001000,0.0,0.0,17970000,25.0,25.0,0.166667,frankycpp_v1.8.exe,std::countr_zero,bit,0x14029e968
std::countr_zero,0.001000,0.001000,0.0,0.0,35940000,33.3,33.3,0.500000,frankycpp_v1.8.exe,std::countr_zero,bit,0x14026a5b0
std::countr_zero,0.001000,0.001000,0.0,0.0,0,66.7,66.7,0.0,frankycpp_v1.8.exe,std::countr_zero,bit,0x14026b412
std::countr_zero,0.001000,0.001000,0.0,0.0,2995000,0.0,0.0,0.0,frankycpp_v1.8.exe,std::countr_zero,bit,0x14026a110
std::min,0.001000,0.001000,0.0,0.0,5990000,11.1,11.1,0.500000,frankycpp_v1.8.exe,std::min,utility,0x14022041e
std::popcount,0.001000,0.001000,0.0,0.0,8985000,16.7,16.7,1.333333,frankycpp_v1.8.exe,std::popcount,bit,0x14026a172
std::popcount,0.001000,0.001000,0.0,0.0,14975000,31.4,31.4,1.600000,frankycpp_v1.8.exe,std::popcount,bit,0x14026b263
std::popcount,0.001000,0.001000,0.0,0.0,0,0.0,0.0,0.0,frankycpp_v1.8.exe,std::popcount,bit,0x14026b283
std::popcount,0.001000,0.001000,0.0,0.0,0,0.0,0.0,0.0,frankycpp_v1.8.exe,std::popcount,bit,0x14026b190
std::popcount,0.001000,0.001000,0.0,0.0,17970000,34.6,34.6,0.500000,frankycpp_v1.8.exe,std::popcount,bit,0x14026b4a5
std::popcount,0.001000,0.001000,0.0,0.0,38935000,45.0,45.0,0.461538,frankycpp_v1.8.exe,std::popcount,bit,0x14026a0dd
std::ranges::_Guess_median_common,0.001000,0.001000,0.0,0.0,2995000,25.0,25.0,0.0,frankycpp_v1.8.exe,std::ranges::_Guess_median_common,algorithm,0x140264343
std::ranges::_Swap::_Cpo::operator(),0.001000,0.001000,0.0,0.0,2995000,33.3,33.3,0.0,frankycpp_v1.8.exe,std::ranges::_Swap::_Cpo::operator(),concepts,0x1402644d2
std::ranges::_Swap::_Cpo::operator(),0.001000,0.001000,0.0,0.0,0,0.0,0.0,0.0,frankycpp_v1.8.exe,std::ranges::_Swap::_Cpo::operator(),concepts,0x140265148
std::ranges::_Swap::_Cpo::operator(),0.001000,0.001000,0.0,0.0,0,0.0,0.0,0.0,frankycpp_v1.8.exe,std::ranges::_Swap::_Cpo::operator(),concepts,0x1402644fd
"std::unique_ptr<engine::PawnTT::Entry [0],std::default_delete<engine::PawnTT::Entry [0]> >::operator[]",0.001000,0.001000,0.0,0.0,53910000,84.6,84.6,0.444444,frankycpp_v1.8.exe,"std::unique_ptr<engine::PawnTT::Entry [0],std::default_delete<engine::PawnTT::Entry [0]> >::operator[]",memory,0x140267579
"std::unique_ptr<engine::TT::TTCluster [0],std::default_delete<engine::TT::TTCluster [0]> >::operator[]",0.001000,0.001000,0.0,0.0,0,0.0,0.0,,frankycpp_v1.8.exe,"std::unique_ptr<engine::TT::TTCluster [0],std::default_delete<engine::TT::TTCluster [0]> >::operator[]",memory,0x14026d3ad
"std::vector<unsigned __int64,std::allocator<unsigned __int64> >::_Tidy",0.001000,0.001000,0.0,0.0,5990000,7.7,7.7,0.500000,frankycpp_v1.8.exe,"std::vector<unsigned __int64,std::allocator<unsigned __int64> >::_Tidy",vector,0x1402330a9
strlen,0.001000,0.001000,0.0,0.0,0,0.0,0.0,0.0,ntdll.dll,strlen,[Unknown],0x180167aa0
wcsnicmp,0.001000,0.001000,0.0,0.0,0,100.0,100.0,0.0,ntoskrnl.exe,wcsnicmp,[Unknown],0x1404fce90
EntropyProvideData,0.0,0.0,0.0,0.0,0,100.0,100.0,0.0,cng.sys,EntropyProvideData,[Unknown],0x18002d0e0
ExAcquirePushLockExclusiveEx,0.0,0.0,0.0,0.0,2995000,0.0,0.0,0.0,ntoskrnl.exe,ExAcquirePushLockExclusiveEx,[Unknown],0x1402f0bb0
ExAllocatePoolWithTag,0.0,0.0,0.0,0.0,2995000,0.0,0.0,0.0,ntoskrnl.exe,ExAllocatePoolWithTag,[Unknown],0x140b71010
ExReleaseSpinLockSharedFromDpcLevel,0.0,0.0,0.0,0.0,2995000,0.0,0.0,1.000000,ntoskrnl.exe,ExReleaseSpinLockSharedFromDpcLevel,[Unknown],0x140210c80
ExpInterlockedPopEntrySList,0.0,0.0,0.0,0.0,0,11.1,11.1,,ntoskrnl.exe,ExpInterlockedPopEntrySList,[Unknown],0x1406b2dc0
FltGetStreamContext,0.0,0.0,0.0,0.0,2995000,0.0,0.0,0.0,fltmgr.sys,FltGetStreamContext,[Unknown],0x180007ca0
KeAndAffinityEx2,0.0,0.0,0.0,0.0,2995000,16.7,16.7,1.000000,ntoskrnl.exe,KeAndAffinityEx2,[Unknown],0x1402052e0
KeEnumerateNextProcessor,0.0,0.0,0.0,0.0,5990000,66.7,66.7,0.500000,ntoskrnl.exe,KeEnumerateNextProcessor,[Unknown],0x140405530
KeLowerIrql,0.0,0.0,0.0,0.0,2995000,0.0,0.0,1.000000,ntoskrnl.exe,KeLowerIrql,[Unknown],0x1403f5490
KeReleaseInStackQueuedSpinLock,0.0,0.0,0.0,0.0,2995000,0.0,0.0,0.0,ntoskrnl.exe,KeReleaseInStackQueuedSpinLock,[Unknown],0x140276e00
RtlFlsSetValue,0.0,0.0,0.0,0.0,2995000,0.0,0.0,0.0,ntdll.dll,RtlFlsSetValue,[Unknown],0x180034dd0
RtlLeaveCriticalSection,0.0,0.0,0.0,0.0,2995000,0.0,0.0,0.0,ntdll.dll,RtlLeaveCriticalSection,[Unknown],0x18000d8f0
RtlNumberOfSetBitsEx,0.0,0.0,0.0,0.0,2995000,18.2,18.2,3.000000,ntoskrnl.exe,RtlNumberOfSetBitsEx,[Unknown],0x140410170
RtlRbRemoveNode,0.0,0.0,0.0,0.0,2995000,0.0,0.0,1.000000,ntoskrnl.exe,RtlRbRemoveNode,[Unknown],0x140304310
W32GetUserSessionState,0.0,0.0,0.0,0.0,2995000,0.0,0.0,0.0,win32k.sys,W32GetUserSessionState,[Unknown],0x1400197e0
YAML::RegEx::MatchOpOr,0.0,0.0,0.0,0.0,2995000,0.0,0.0,0.0,frankycpp_v1.8.exe,YAML::RegEx::MatchOpOr,regeximpl.h,0x1402f3150
[Import thunk _std_type_info_compare],0.0,0.0,0.0,0.0,2995000,100.0,100.0,1.000000,frankycpp_v1.8.exe,[Import thunk _std_type_info_compare],[Unknown],0x14061b89e
[Import thunk memcpy],0.0,0.0,0.0,0.0,8985000,25.0,25.0,1.000000,frankycpp_v1.8.exe,[Import thunk memcpy],[Unknown],0x14061b8c2
[wof.sys],0.0,0.0,0.0,0.0,2995000,0.0,0.0,0.0,wof.sys,[wof.sys],[Unknown],0x0
__builtin_array_init_helper<class chess::Move>,0.0,0.0,0.0,0.0,2995000,0.0,0.0,0.0,frankycpp_v1.8.exe,"__builtin_array_init_helper<class chess::Move>(class chess::Move *,unsigned __int64)",[Unknown],0x1401a06a0
__builtin_array_init_helper<class chess::Value>,0.0,0.0,0.0,0.0,11980000,50.0,50.0,0.250000,frankycpp_v1.8.exe,"__builtin_array_init_helper<class chess::Value>(class chess::Value *,unsigned __int64)",[Unknown],0x14029eb80
book::BookEntry::serialize,0.0,0.0,0.0,0.0,8985000,,,0.0,frankycpp_v1.8.exe,book::BookEntry::serialize,bookentry.h,0x14028d01b
boost::archive::basic_binary_iarchive<boost::archive::binary_iarchive>::load_override,0.0,0.0,0.0,0.0,2995000,0.0,0.0,0.0,frankycpp_v1.8.exe,boost::archive::basic_binary_iarchive<boost::archive::binary_iarchive>::load_override,basic_binary_iarchive.hpp,0x140288c8f
boost::archive::basic_binary_iarchive<boost::archive::binary_iarchive>::load_override,0.0,0.0,0.0,0.0,8985000,100.0,100.0,1.000000,frankycpp_v1.8.exe,boost::archive::basic_binary_iarchive<boost::archive::binary_iarchive>::load_override,basic_binary_iarchive.hpp,0x140288d9f
"boost::archive::basic_binary_iprimitive<boost::archive::binary_iarchive,char,std::char_traits<char> >::load_binary",0.0,0.0,0.0,0.0,17970000,100.0,100.0,0.166667,frankycpp_v1.8.exe,"boost::archive::basic_binary_iprimitive<boost::archive::binary_iarchive,char,std::char_traits<char> >::load_binary",basic_binary_iprimitive.hpp,0x140281724
"boost::archive::basic_binary_iprimitive<boost::archive::binary_iarchive,char,std::char_traits<char> >::load_binary",0.0,0.0,0.0,0.0,2995000,0.0,0.0,0.0,frankycpp_v1.8.exe,"boost::archive::basic_binary_iprimitive<boost::archive::binary_iarchive,char,std::char_traits<char> >::load_binary",basic_binary_iprimitive.hpp,0x140288cc2
"boost::archive::basic_binary_iprimitive<boost::archive::binary_iarchive,char,std::char_traits<char> >::load_binary",0.0,0.0,0.0,0.0,2995000,,,1.000000,frankycpp_v1.8.exe,"boost::archive::basic_binary_iprimitive<boost::archive::binary_iarchive,char,std::char_traits<char> >::load_binary",basic_binary_iprimitive.hpp,0x140288dca
"boost::archive::basic_binary_iprimitive<boost::archive::binary_iarchive,char,std::char_traits<char> >::load_binary",0.0,0.0,0.0,0.0,2995000,20.0,20.0,4.000000,frankycpp_v1.8.exe,"boost::archive::basic_binary_iprimitive<boost::archive::binary_iarchive,char,std::char_traits<char> >::load_binary",basic_binary_iprimitive.hpp,0x14028ee64
"boost::archive::basic_binary_iprimitive<boost::archive::binary_iarchive,char,std::char_traits<char> >::load_binary",0.0,0.0,0.0,0.0,8985000,100.0,100.0,0.0,frankycpp_v1.8.exe,"boost::archive::basic_binary_iprimitive<boost::archive::binary_iarchive,char,std::char_traits<char> >::load_binary",basic_binary_iprimitive.hpp,0x14028c0d4
"boost::archive::basic_binary_iprimitive<class boost::archive::binary_iarchive,char,struct std::char_traits<char> >::load_binary",0.0,0.0,0.0,0.0,5990000,0.0,0.0,0.0,frankycpp_v1.8.exe,"boost::archive::basic_binary_iprimitive<class boost::archive::binary_iarchive,char,struct std::char_traits<char> >::load_binary(void *,unsigned __int64)",basic_binary_iprimitive.hpp,0x140285820
boost::archive::detail::basic_iarchive::get_library_version,0.0,0.0,0.0,0.0,47920000,42.9,42.9,0.187500,frankycpp_v1.8.exe,boost::archive::detail::basic_iarchive::get_library_version(void),basic_iarchive.cpp,0x1402aeea0
boost::archive::detail::basic_serializer::operator<,0.0,0.0,0.0,0.0,35940000,60.0,60.0,0.250000,frankycpp_v1.8.exe,boost::archive::detail::basic_serializer::operator<,basic_serializer.hpp,0x1402af793
boost::archive::detail::common_iarchive<boost::archive::binary_iarchive>::load_override,0.0,0.0,0.0,0.0,2995000,66.7,66.7,0.0,frankycpp_v1.8.exe,boost::archive::detail::common_iarchive<boost::archive::binary_iarchive>::load_override,common_iarchive.hpp,0x14028170b
boost::archive::detail::common_iarchive<boost::archive::binary_iarchive>::load_override,0.0,0.0,0.0,0.0,5990000,,,0.0,frankycpp_v1.8.exe,boost::archive::detail::common_iarchive<boost::archive::binary_iarchive>::load_override,common_iarchive.hpp,0x14028ee50
boost::archive::detail::common_iarchive<boost::archive::binary_iarchive>::load_override,0.0,0.0,0.0,0.0,5990000,0.0,0.0,0.0,frankycpp_v1.8.exe,boost::archive::detail::common_iarchive<boost::archive::binary_iarchive>::load_override,common_iarchive.hpp,0x14028c0c0
boost::archive::detail::interface_iarchive<boost::archive::binary_iarchive>::This,0.0,0.0,0.0,0.0,2995000,0.0,0.0,0.0,frankycpp_v1.8.exe,boost::archive::detail::interface_iarchive<boost::archive::binary_iarchive>::This,interface_iarchive.hpp,0x14028edff
boost::archive::detail::interface_iarchive<boost::archive::binary_iarchive>::This,0.0,0.0,0.0,0.0,5990000,0.0,0.0,0.0,frankycpp_v1.8.exe,boost::archive::detail::interface_iarchive<boost::archive::binary_iarchive>::This,interface_iarchive.hpp,0x14028d030
boost::archive::detail::interface_iarchive<boost::archive::binary_iarchive>::operator&,0.0,0.0,0.0,0.0,0,100.0,100.0,0.0,frankycpp_v1.8.exe,boost::archive::detail::interface_iarchive<boost::archive::binary_iarchive>::operator&,interface_iarchive.hpp,0x140294d6c
"boost::archive::detail::iserializer<class boost::archive::binary_iarchive,class book::BookEntry>::load_object_data",0.0,0.0,0.0,0.0,17970000,100.0,100.0,0.0,frankycpp_v1.8.exe,"boost::archive::detail::iserializer<class boost::archive::binary_iarchive,class book::BookEntry>::load_object_data(class boost::archive::detail::basic_iarchive &,void *,unsigned int)",iserializer.hpp,0x14028cfd0
"boost::archive::detail::iserializer<class boost::archive::binary_iarchive,class chess::Move>::load_object_data",0.0,0.0,0.0,0.0,2995000,80.0,80.0,1.000000,frankycpp_v1.8.exe,"boost::archive::detail::iserializer<class boost::archive::binary_iarchive,class chess::Move>::load_object_data(class boost::archive::detail::basic_iarchive &,void *,unsigned int)",iserializer.hpp,0x140294590
"boost::archive::detail::iserializer<class boost::archive::binary_iarchive,class std::vector<class chess::Move,class std::allocator<class chess::Move> > >::load_object_data",0.0,0.0,0.0,0.0,2995000,66.7,66.7,1.000000,frankycpp_v1.8.exe,"boost::archive::detail::iserializer<class boost::archive::binary_iarchive,class std::vector<class chess::Move,class std::allocator<class chess::Move> > >::load_object_data(class boost::archive::detail::basic_iarchive &,void *,unsigned int)",iserializer.hpp,0x1402901e0
boost::archive::detail::load_non_pointer_type<boost::archive::binary_iarchive>::load_standard::invoke,0.0,0.0,0.0,0.0,0,100.0,100.0,0.0,frankycpp_v1.8.exe,boost::archive::detail::load_non_pointer_type<boost::archive::binary_iarchive>::load_standard::invoke,iserializer.hpp,0x14028ee06
boost::archive::object_id_type::operator=,0.0,0.0,0.0,0.0,2995000,0.0,0.0,0.0,frankycpp_v1.8.exe,boost::archive::object_id_type::operator=,basic_archive.hpp,0x1402af057
boost::archive::object_id_type::{ctor},0.0,0.0,0.0,0.0,5990000,0.0,0.0,0.0,frankycpp_v1.8.exe,boost::archive::object_id_type::{ctor},basic_archive.hpp,0x1402aef96
boost::archive::version_type::{ctor},0.0,0.0,0.0,0.0,5990000,,,0.0,frankycpp_v1.8.exe,boost::archive::version_type::{ctor},basic_archive.hpp,0x14028d150
boost::archive::version_type::{ctor},0.0,0.0,0.0,0.0,2995000,0.0,0.0,0.0,frankycpp_v1.8.exe,boost::archive::version_type::{ctor},basic_archive.hpp,0x140290a60
boost::archive::version_type::{ctor},0.0,0.0,0.0,0.0,2995000,0.0,0.0,0.0,frankycpp_v1.8.exe,boost::archive::version_type::{ctor},basic_archive.hpp,0x14028ae10
"boost::serialization::free_loader<boost::archive::binary_iarchive,boost::serialization::nvp<book::BookEntry> >::invoke",0.0,0.0,0.0,0.0,2995000,0.0,0.0,0.0,frankycpp_v1.8.exe,"boost::serialization::free_loader<boost::archive::binary_iarchive,boost::serialization::nvp<book::BookEntry> >::invoke",split_free.hpp,0x14028ad72
"boost::serialization::free_loader<boost::archive::binary_iarchive,boost::serialization::nvp<boost::serialization::collection_size_type> >::invoke",0.0,0.0,0.0,0.0,2995000,0.0,0.0,0.0,frankycpp_v1.8.exe,"boost::serialization::free_loader<boost::archive::binary_iarchive,boost::serialization::nvp<boost::serialization::collection_size_type> >::invoke",split_free.hpp,0x140290269
"boost::serialization::free_loader<boost::archive::binary_iarchive,boost::serialization::nvp<int> >::invoke",0.0,0.0,0.0,0.0,8985000,0.0,0.0,0.0,frankycpp_v1.8.exe,"boost::serialization::free_loader<boost::archive::binary_iarchive,boost::serialization::nvp<int> >::invoke",split_free.hpp,0x14028d065
"boost::serialization::free_loader<boost::archive::binary_iarchive,chess::Move>::invoke",0.0,0.0,0.0,0.0,5990000,0.0,0.0,0.0,frankycpp_v1.8.exe,"boost::serialization::free_loader<boost::archive::binary_iarchive,chess::Move>::invoke",split_free.hpp,0x140294920
boost::serialization::load,0.0,0.0,0.0,0.0,2995000,0.0,0.0,0.0,frankycpp_v1.8.exe,boost::serialization::load,vector.hpp,0x14029022a
"boost::serialization::load<class boost::archive::binary_iarchive,class book::BookEntry>",0.0,0.0,0.0,0.0,2995000,0.0,0.0,0.0,frankycpp_v1.8.exe,"boost::serialization::load<class boost::archive::binary_iarchive,class book::BookEntry>(class boost::archive::binary_iarchive &,class boost::serialization::nvp<class book::BookEntry> &,unsigned int)",nvp.hpp,0x14028c050
"boost::serialization::load<class boost::archive::binary_iarchive,class boost::serialization::collection_size_type>",0.0,0.0,0.0,0.0,11980000,33.3,33.3,0.250000,frankycpp_v1.8.exe,"boost::serialization::load<class boost::archive::binary_iarchive,class boost::serialization::collection_size_type>(class boost::archive::binary_iarchive &,class boost::serialization::nvp<class boost::serialization::collection_size_type> &,unsigned int)",nvp.hpp,0x140288d70
"boost::serialization::load<class boost::archive::binary_iarchive,class chess::Move>",0.0,0.0,0.0,0.0,8985000,0.0,0.0,0.0,frankycpp_v1.8.exe,"boost::serialization::load<class boost::archive::binary_iarchive,class chess::Move>(class boost::archive::binary_iarchive &,class boost::serialization::nvp<class chess::Move> &,unsigned int)",nvp.hpp,0x140294010
"boost::serialization::load<class boost::archive::binary_iarchive,class std::vector<class chess::Move,class std::allocator<class chess::Move> > >",0.0,0.0,0.0,0.0,2995000,,,0.0,frankycpp_v1.8.exe,"boost::serialization::load<class boost::archive::binary_iarchive,class std::vector<class chess::Move,class std::allocator<class chess::Move> > >(class boost::archive::binary_iarchive &,class boost::serialization::nvp<class std::vector<class chess::Move,class std::allocator<class chess::Move> > > &,unsigned int)",nvp.hpp,0x14028ede0
"boost::serialization::load<class boost::archive::binary_iarchive,class std::vector<unsigned __int64,class std::allocator<unsigned __int64> > >",0.0,0.0,0.0,0.0,0,100.0,100.0,0.0,frankycpp_v1.8.exe,"boost::serialization::load<class boost::archive::binary_iarchive,class std::vector<unsigned __int64,class std::allocator<unsigned __int64> > >(class boost::archive::binary_iarchive &,class boost::serialization::nvp<class std::vector<unsigned __int64,class std::allocator<unsigned __int64> > > &,unsigned int)",nvp.hpp,0x14028ed90
"boost::serialization::load<class boost::archive::binary_iarchive,int>",0.0,0.0,0.0,0.0,2995000,0.0,0.0,0.0,frankycpp_v1.8.exe,"boost::serialization::load<class boost::archive::binary_iarchive,int>(class boost::archive::binary_iarchive &,class boost::serialization::nvp<int> &,unsigned int)",nvp.hpp,0x14028ee30
"boost::serialization::load<class boost::archive::binary_iarchive,struct std::pair<unsigned __int64 const ,class book::BookEntry> >",0.0,0.0,0.0,0.0,2995000,0.0,0.0,1.000000,frankycpp_v1.8.exe,"boost::serialization::load<class boost::archive::binary_iarchive,struct std::pair<unsigned __int64 const ,class book::BookEntry> >(class boost::archive::binary_iarchive &,class boost::serialization::nvp<struct std::pair<unsigned __int64 const ,class book::BookEntry> > &,unsigned int)",nvp.hpp,0x1402893b0
"boost::serialization::load<class boost::archive::binary_iarchive,unsigned __int64,class std::allocator<unsigned __int64> >",0.0,0.0,0.0,0.0,14975000,0.0,0.0,0.400000,frankycpp_v1.8.exe,"boost::serialization::load<class boost::archive::binary_iarchive,unsigned __int64,class std::allocator<unsigned __int64> >(class boost::archive::binary_iarchive &,class std::vector<unsigned __int64,class std::allocator<unsigned __int64> > &,unsigned int,struct boost::mpl::bool_<1>)",vector.hpp,0x140292940
"boost::serialization::load<class boost::archive::binary_iarchive,unsigned __int64>",0.0,0.0,0.0,0.0,5990000,0.0,0.0,0.500000,frankycpp_v1.8.exe,"boost::serialization::load<class boost::archive::binary_iarchive,unsigned __int64>(class boost::archive::binary_iarchive &,class boost::serialization::nvp<unsigned __int64> &,unsigned int)",nvp.hpp,0x14028c0a0
"boost::serialization::load<class boost::archive::binary_iarchive,unsigned int>",0.0,0.0,0.0,0.0,2995000,0.0,0.0,0.0,frankycpp_v1.8.exe,"boost::serialization::load<class boost::archive::binary_iarchive,unsigned int>(class boost::archive::binary_iarchive &,class boost::serialization::nvp<unsigned int> &,unsigned int)",nvp.hpp,0x140294000
boost::serialization::nvp<book::BookEntry>::{ctor},0.0,0.0,0.0,0.0,8985000,0.0,0.0,0.0,frankycpp_v1.8.exe,boost::serialization::nvp<book::BookEntry>::{ctor},nvp.hpp,0x14028ad56
boost::serialization::nvp<boost::serialization::collection_size_type>::{ctor},0.0,0.0,0.0,0.0,2995000,0.0,0.0,0.0,frankycpp_v1.8.exe,boost::serialization::nvp<boost::serialization::collection_size_type>::{ctor},nvp.hpp,0x140290246
boost::serialization::nvp<chess::Move>::{ctor},0.0,0.0,0.0,0.0,0,100.0,100.0,0.0,frankycpp_v1.8.exe,boost::serialization::nvp<chess::Move>::{ctor},nvp.hpp,0x140292874
boost::serialization::nvp<int>::{ctor},0.0,0.0,0.0,0.0,8985000,0.0,0.0,0.0,frankycpp_v1.8.exe,boost::serialization::nvp<int>::{ctor},nvp.hpp,0x14028d046
"boost::serialization::nvp<std::vector<chess::Move,std::allocator<chess::Move> > >::{ctor}",0.0,0.0,0.0,0.0,2995000,0.0,0.0,0.0,frankycpp_v1.8.exe,"boost::serialization::nvp<std::vector<chess::Move,std::allocator<chess::Move> > >::{ctor}",nvp.hpp,0x14028d06f
boost::serialization::serialize,0.0,0.0,0.0,0.0,2995000,0.0,0.0,0.0,frankycpp_v1.8.exe,boost::serialization::serialize,utility.hpp,0x14028ad2b
"boost::serialization::singleton<boost::archive::detail::iserializer<boost::archive::binary_iarchive,book::BookEntry> >::get_const_instance",0.0,0.0,0.0,0.0,5990000,0.0,0.0,0.0,frankycpp_v1.8.exe,"boost::serialization::singleton<boost::archive::detail::iserializer<boost::archive::binary_iarchive,book::BookEntry> >::get_const_instance",singleton.hpp,0x14028c076
"boost::serialization::singleton<boost::archive::detail::iserializer<boost::archive::binary_iarchive,std::vector<chess::Move,std::allocator<chess::Move> > > >::get_const_instance",0.0,0.0,0.0,0.0,2995000,0.0,0.0,0.0,frankycpp_v1.8.exe,"boost::serialization::singleton<boost::archive::detail::iserializer<boost::archive::binary_iarchive,std::vector<chess::Move,std::allocator<chess::Move> > > >::get_const_instance",singleton.hpp,0x14028ee06
"boost::serialization::singleton<class boost::archive::detail::iserializer<class boost::archive::binary_iarchive,class chess::Move> >::get_instance",0.0,0.0,0.0,0.0,2995000,50.0,50.0,0.0,frankycpp_v1.8.exe,"boost::serialization::singleton<class boost::archive::detail::iserializer<class boost::archive::binary_iarchive,class chess::Move> >::get_instance(void)",singleton.hpp,0x140294890
"boost::serialization::singleton<class boost::archive::detail::iserializer<class boost::archive::binary_iarchive,class std::vector<class chess::Move,class std::allocator<class chess::Move> > > >::get_instance",0.0,0.0,0.0,0.0,11980000,20.0,20.0,0.250000,frankycpp_v1.8.exe,"boost::serialization::singleton<class boost::archive::detail::iserializer<class boost::archive::binary_iarchive,class std::vector<class chess::Move,class std::allocator<class chess::Move> > > >::get_instance(void)",singleton.hpp,0x140290ac0
"boost::serialization::singleton<class boost::archive::detail::iserializer<class boost::archive::binary_iarchive,struct std::pair<unsigned __int64 const ,class book::BookEntry> > >::get_instance",0.0,0.0,0.0,0.0,2995000,,,0.0,frankycpp_v1.8.exe,"boost::serialization::singleton<class boost::archive::detail::iserializer<class boost::archive::binary_iarchive,struct std::pair<unsigned __int64 const ,class book::BookEntry> > >::get_instance(void)",singleton.hpp,0x14028b150
boost::serialization::state_saver<boost::archive::object_id_type>::{ctor},0.0,0.0,0.0,0.0,2995000,0.0,0.0,0.0,frankycpp_v1.8.exe,boost::serialization::state_saver<boost::archive::object_id_type>::{ctor},state_saver.hpp,0x1402aef96
"boost::serialization::stl::collection_load_impl<class boost::archive::binary_iarchive,class std::vector<class chess::Move,class std::allocator<class chess::Move> > >",0.0,0.0,0.0,0.0,11980000,100.0,100.0,0.0,frankycpp_v1.8.exe,"boost::serialization::stl::collection_load_impl<class boost::archive::binary_iarchive,class std::vector<class chess::Move,class std::allocator<class chess::Move> > >(class boost::archive::binary_iarchive &,class std::vector<class chess::Move,class std::allocator<class chess::Move> > &,class boost::serialization::collection_size_type,class boost::serialization::item_version_type)",collections_load_imp.hpp,0x140292740
boost::serialization::typeid_system::extended_type_info_typeid_0::is_less_than,0.0,0.0,0.0,0.0,41930000,30.8,30.8,0.357143,frankycpp_v1.8.exe,boost::serialization::typeid_system::extended_type_info_typeid_0::is_less_than(class boost::serialization::extended_type_info const &),extended_type_info_typeid.cpp,0x1402b9360
chess::Attacks::detail::Magic::index,0.0,0.0,0.0,0.0,11980000,0.0,0.0,0.0,frankycpp_v1.8.exe,chess::Attacks::detail::Magic::index,attacks.h,0x14016c964
chess::Attacks::detail::sliding_attack,0.0,0.0,0.0,0.0,14975000,42.9,42.9,0.200000,frankycpp_v1.8.exe,"chess::Attacks::detail::sliding_attack(class chess::Direction const * const,class chess::Square,class chess::Bitboard)",attacks.cpp,0x14016c6d0
chess::Bitboard::lsb,0.0,0.0,0.0,0.0,11980000,0.0,0.0,0.0,frankycpp_v1.8.exe,chess::Bitboard::lsb,bitboard.h,0x14026304a
chess::Bitboard::operator bool,0.0,0.0,0.0,0.0,5990000,0.0,0.0,0.0,frankycpp_v1.8.exe,chess::Bitboard::operator bool,bitboard.h,0x140269a25
chess::Bitboard::operator bool,0.0,0.0,0.0,0.0,5990000,0.0,0.0,0.500000,frankycpp_v1.8.exe,chess::Bitboard::operator bool,bitboard.h,0x14026ab69
chess::Bitboard::operator bool,0.0,0.0,0.0,0.0,17970000,,,0.166667,frankycpp_v1.8.exe,chess::Bitboard::operator bool,bitboard.h,0x140269a64
chess::Bitboard::operator bool,0.0,0.0,0.0,0.0,17970000,25.0,25.0,0.333333,frankycpp_v1.8.exe,chess::Bitboard::operator bool,bitboard.h,0x140263a12
chess::Bitboard::operator bool,0.0,0.0,0.0,0.0,20965000,100.0,100.0,0.285714,frankycpp_v1.8.exe,chess::Bitboard::operator bool,bitboard.h,0x140269f78
chess::Bitboard::operator bool,0.0,0.0,0.0,0.0,5990000,75.0,75.0,0.500000,frankycpp_v1.8.exe,chess::Bitboard::operator bool,bitboard.h,0x14026a4ec
chess::Bitboard::operator bool,0.0,0.0,0.0,0.0,2995000,0.0,0.0,0.0,frankycpp_v1.8.exe,chess::Bitboard::operator bool,bitboard.h,0x140263470
chess::Bitboard::operator|=,0.0,0.0,0.0,0.0,8985000,44.4,44.4,1.000000,frankycpp_v1.8.exe,chess::Bitboard::operator|=,bitboard.h,0x140269a38
chess::Bitboard::operator|=,0.0,0.0,0.0,0.0,2995000,0.0,0.0,0.0,frankycpp_v1.8.exe,chess::Bitboard::operator|=,bitboard.h,0x14025c5ed
chess::Bitboard::operator|=,0.0,0.0,0.0,0.0,0,25.0,25.0,0.0,frankycpp_v1.8.exe,chess::Bitboard::operator|=,bitboard.h,0x14026a021
chess::Bitboard::popLSB,0.0,0.0,0.0,0.0,5990000,0.0,0.0,0.0,frankycpp_v1.8.exe,chess::Bitboard::popLSB,bitboard.h,0x1402632a5
chess::Bitboard::popLSB,0.0,0.0,0.0,0.0,5990000,,,0.0,frankycpp_v1.8.exe,chess::Bitboard::popLSB,bitboard.h,0x14026b030
chess::Bitboard::popLSB,0.0,0.0,0.0,0.0,2995000,100.0,100.0,0.0,frankycpp_v1.8.exe,chess::Bitboard::popLSB,bitboard.h,0x1402639b2
chess::Bitboard::popLSB,0.0,0.0,0.0,0.0,2995000,0.0,0.0,4.000000,frankycpp_v1.8.exe,chess::Bitboard::popLSB,bitboard.h,0x140263dda
chess::Bitboard::popLSB,0.0,0.0,0.0,0.0,2995000,0.0,0.0,1.000000,frankycpp_v1.8.exe,chess::Bitboard::popLSB,bitboard.h,0x1402633f3
chess::Bitboard::popLSB,0.0,0.0,0.0,0.0,2995000,0.0,0.0,0.0,frankycpp_v1.8.exe,chess::Bitboard::popLSB,bitboard.h,0x14026b080
chess::Bitboard::popLSB,0.0,0.0,0.0,0.0,0,100.0,100.0,0.0,frankycpp_v1.8.exe,chess::Bitboard::popLSB,bitboard.h,0x140263900
chess::Bitboard::popLSB,0.0,0.0,0.0,0.0,5990000,0.0,0.0,1.000000,frankycpp_v1.8.exe,chess::Bitboard::popLSB,bitboard.h,0x14026ab97
chess::Bitboard::popLSB,0.0,0.0,0.0,0.0,5990000,62.5,62.5,0.0,frankycpp_v1.8.exe,chess::Bitboard::popLSB,bitboard.h,0x140263f70
chess::Bitboard::popLSB,0.0,0.0,0.0,0.0,2995000,0.0,0.0,0.0,frankycpp_v1.8.exe,chess::Bitboard::popLSB,bitboard.h,0x14026a110
chess::Bitboard::popLSB,0.0,0.0,0.0,0.0,0,100.0,100.0,0.0,frankycpp_v1.8.exe,chess::Bitboard::popLSB,bitboard.h,0x140269a30
chess::Bitboard::{ctor},0.0,0.0,0.0,0.0,2995000,66.7,66.7,1.000000,frankycpp_v1.8.exe,chess::Bitboard::{ctor},bitboard.h,0x14029ea8c
chess::Bitboard::{ctor},0.0,0.0,0.0,0.0,53910000,85.7,85.7,0.388889,frankycpp_v1.8.exe,chess::Bitboard::{ctor},bitboard.h,0x14026ab03
chess::CastlingRights::isEmpty,0.0,0.0,0.0,0.0,2995000,0.0,0.0,0.0,frankycpp_v1.8.exe,chess::CastlingRights::isEmpty,castlingrights.h,0x14025bc37
chess::CastlingRights::isEmpty,0.0,0.0,0.0,0.0,2995000,25.0,25.0,0.0,frankycpp_v1.8.exe,chess::CastlingRights::isEmpty,castlingrights.h,0x14025bcd3
chess::CastlingRights::operator-=,0.0,0.0,0.0,0.0,2995000,25.0,25.0,0.0,frankycpp_v1.8.exe,chess::CastlingRights::operator-=,castlingrights.h,0x14025bc66
chess::Color::iterator::{ctor},0.0,0.0,0.0,0.0,2995000,0.0,0.0,0.0,frankycpp_v1.8.exe,chess::Color::iterator::{ctor},color.h,0x140269f21
chess::Direction::pawnPush,0.0,0.0,0.0,0.0,0,100.0,100.0,0.0,frankycpp_v1.8.exe,chess::Direction::pawnPush,direction.h,0x1402634f8
chess::Direction::pawnPush,0.0,0.0,0.0,0.0,2995000,33.3,33.3,2.000000,frankycpp_v1.8.exe,chess::Direction::pawnPush,direction.h,0x1402636f8
chess::Direction::pawnPush,0.0,0.0,0.0,0.0,17970000,25.0,25.0,0.333333,frankycpp_v1.8.exe,chess::Direction::pawnPush,direction.h,0x140263144
chess::Direction::pawnPush,0.0,0.0,0.0,0.0,14975000,25.0,25.0,0.200000,frankycpp_v1.8.exe,chess::Direction::pawnPush,direction.h,0x140263276
chess::Move::encode,0.0,0.0,0.0,0.0,35940000,58.3,58.3,0.166667,frankycpp_v1.8.exe,chess::Move::encode,move.h,0x1402639db
chess::Move::encode,0.0,0.0,0.0,0.0,0,100.0,100.0,0.0,frankycpp_v1.8.exe,chess::Move::encode,move.h,0x14026330e
chess::Move::encode,0.0,0.0,0.0,0.0,17970000,23.1,23.1,0.833333,frankycpp_v1.8.exe,chess::Move::encode,move.h,0x140263928
chess::Move::from,0.0,0.0,0.0,0.0,2995000,0.0,0.0,1.000000,frankycpp_v1.8.exe,chess::Move::from,move.h,0x14025b9bf
chess::Move::from,0.0,0.0,0.0,0.0,2995000,100.0,100.0,1.000000,frankycpp_v1.8.exe,chess::Move::from,move.h,0x14026109f
chess::Move::operator==,0.0,0.0,0.0,0.0,5990000,50.0,50.0,1.000000,frankycpp_v1.8.exe,chess::Move::operator==,PVTable.h,0x1402211e0
chess::Move::operator==,0.0,0.0,0.0,0.0,8985000,35.7,35.7,1.666667,frankycpp_v1.8.exe,chess::Move::operator==,PVTable.h,0x140220508
chess::Move::operator==,0.0,0.0,0.0,0.0,0,100.0,100.0,,frankycpp_v1.8.exe,chess::Move::operator==,PVTable.h,0x140220515
chess::Move::operator==,0.0,0.0,0.0,0.0,0,50.0,50.0,0.0,frankycpp_v1.8.exe,chess::Move::operator==,PVTable.h,0x14022099d
chess::Move::promotionType,0.0,0.0,0.0,0.0,14975000,16.7,16.7,0.800000,frankycpp_v1.8.exe,chess::Move::promotionType,move.h,0x14025c5be
chess::Move::setValue,0.0,0.0,0.0,0.0,11980000,55.6,55.6,1.000000,frankycpp_v1.8.exe,chess::Move::setValue,move.h,0x140262ed2
chess::Move::stripped,0.0,0.0,0.0,0.0,2995000,0.0,0.0,0.0,frankycpp_v1.8.exe,chess::Move::stripped,move.h,0x140260fc0
chess::Move::to,0.0,0.0,0.0,0.0,5990000,50.0,50.0,0.0,frankycpp_v1.8.exe,chess::Move::to,move.h,0x1402209d0
chess::Move::to,0.0,0.0,0.0,0.0,2995000,0.0,0.0,0.0,frankycpp_v1.8.exe,chess::Move::to,move.h,0x1402208df
chess::Move::to,0.0,0.0,0.0,0.0,8985000,10.0,10.0,0.666667,frankycpp_v1.8.exe,chess::Move::to,move.h,0x1402610a2
chess::Move::to,0.0,0.0,0.0,0.0,32945000,30.0,30.0,0.181818,frankycpp_v1.8.exe,chess::Move::to,move.h,0x14029e6bf
chess::Move::type,0.0,0.0,0.0,0.0,2995000,0.0,0.0,2.000000,frankycpp_v1.8.exe,chess::Move::type,move.h,0x1402209e9
chess::Move::type,0.0,0.0,0.0,0.0,2995000,0.0,0.0,1.000000,frankycpp_v1.8.exe,chess::Move::type,move.h,0x14025c542
chess::Move::type,0.0,0.0,0.0,0.0,50915000,38.5,38.5,0.411765,frankycpp_v1.8.exe,chess::Move::type,move.h,0x14029e63d
chess::Move::value,0.0,0.0,0.0,0.0,32945000,62.5,62.5,0.272727,frankycpp_v1.8.exe,chess::Move::value,move.h,0x140262fc8
chess::Move::{ctor},0.0,0.0,0.0,0.0,2995000,0.0,0.0,0.0,frankycpp_v1.8.exe,chess::Move::{ctor},move.h,0x1402639c3
chess::Move::{ctor},0.0,0.0,0.0,0.0,0,50.0,50.0,0.0,frankycpp_v1.8.exe,chess::Move::{ctor},move.h,0x14026370d
chess::Move::{ctor},0.0,0.0,0.0,0.0,2995000,0.0,0.0,0.0,frankycpp_v1.8.exe,chess::Move::{ctor},move.h,0x140263914
chess::Move::{ctor},0.0,0.0,0.0,0.0,2995000,0.0,0.0,0.0,frankycpp_v1.8.exe,chess::Move::{ctor},move.h,0x1401a06b0
chess::MoveGenerator::generateLegalMoves,0.0,0.0,0.0,0.0,5990000,0.0,0.0,0.0,frankycpp_v1.8.exe,"chess::MoveGenerator::generateLegalMoves(class chess::Position const &,enum chess::GenMode)",MoveGenerator.cpp,0x140260d40
chess::MoveGenerator::generatePseudoLegalMoves,0.0,0.0,0.0,0.0,2995000,0.0,0.0,0.0,frankycpp_v1.8.exe,"chess::MoveGenerator::generatePseudoLegalMoves(class chess::Position const &,enum chess::GenMode,bool)",MoveGenerator.cpp,0x140260bd0
chess::MoveGenerator::resetOnDemand,0.0,0.0,0.0,0.0,2995000,0.0,0.0,0.0,frankycpp_v1.8.exe,chess::MoveGenerator::resetOnDemand,MoveGenerator.h,0x1402166a9
chess::MoveGenerator::validateMove,0.0,0.0,0.0,0.0,2995000,0.0,0.0,0.0,frankycpp_v1.8.exe,"chess::MoveGenerator::validateMove(class chess::Position const &,class chess::Move)",MoveGenerator.cpp,0x140260ff0
chess::Position::clearEnPassant,0.0,0.0,0.0,0.0,0,100.0,100.0,0.0,frankycpp_v1.8.exe,chess::Position::clearEnPassant,Position.cpp,0x14025c124
chess::Position::clearEnPassant,0.0,0.0,0.0,0.0,0,100.0,100.0,0.0,frankycpp_v1.8.exe,chess::Position::clearEnPassant,Position.cpp,0x14025bb5f
chess::Position::getEnPassantSquare,0.0,0.0,0.0,0.0,2995000,,,1.000000,frankycpp_v1.8.exe,chess::Position::getEnPassantSquare,Position.h,0x14029e9a4
chess::Position::getKingSquare,0.0,0.0,0.0,0.0,2995000,50.0,50.0,1.000000,frankycpp_v1.8.exe,chess::Position::getKingSquare,Position.h,0x14026a666
chess::Position::getPiece,0.0,0.0,0.0,0.0,2995000,100.0,100.0,0.0,frankycpp_v1.8.exe,chess::Position::getPiece,Position.h,0x140263058
chess::Position::getPiece,0.0,0.0,0.0,0.0,14975000,20.0,20.0,0.0,frankycpp_v1.8.exe,chess::Position::getPiece,Position.h,0x14029e6ba
chess::Position::getPieceBb,0.0,0.0,0.0,0.0,32945000,35.3,35.3,0.636364,frankycpp_v1.8.exe,chess::Position::getPieceBb,Position.h,0x14026b23f
chess::Position::getPieceBb,0.0,0.0,0.0,0.0,2995000,25.0,25.0,2.000000,frankycpp_v1.8.exe,chess::Position::getPieceBb,Position.h,0x14029ea1d
chess::Position::getPieceBb,0.0,0.0,0.0,0.0,2995000,0.0,0.0,1.000000,frankycpp_v1.8.exe,chess::Position::getPieceBb,Position.h,0x14026aa7d
chess::Position::getPieceBb,0.0,0.0,0.0,0.0,11980000,40.0,40.0,0.250000,frankycpp_v1.8.exe,chess::Position::getPieceBb,Position.h,0x14026aa81
chess::Position::getPieceBb,0.0,0.0,0.0,0.0,2995000,0.0,0.0,0.0,frankycpp_v1.8.exe,chess::Position::getPieceBb,Position.h,0x14026a7e7
chess::Position::isCapturingMove,0.0,0.0,0.0,0.0,2995000,0.0,0.0,0.0,frankycpp_v1.8.exe,chess::Position::isCapturingMove,Position.h,0x1402209c8
chess::Position::isCapturingMove,0.0,0.0,0.0,0.0,5990000,100.0,100.0,0.0,frankycpp_v1.8.exe,chess::Position::isCapturingMove,Position.h,0x1402208d0
chess::Position::isCapturingMove,0.0,0.0,0.0,0.0,2995000,0.0,0.0,0.0,frankycpp_v1.8.exe,chess::Position::isCapturingMove,Position.h,0x1402215c2
chess::Position::isLegalMove,0.0,0.0,0.0,0.0,17970000,83.3,83.3,0.166667,frankycpp_v1.8.exe,chess::Position::isLegalMove(class chess::Move),Position.cpp,0x14025c800
chess::Rank::operator int,0.0,0.0,0.0,0.0,2995000,0.0,0.0,0.0,frankycpp_v1.8.exe,chess::Rank::operator int,rank.h,0x1402612fa
chess::Square::file,0.0,0.0,0.0,0.0,2995000,0.0,0.0,1.000000,frankycpp_v1.8.exe,chess::Square::file,square.h,0x14025bd25
chess::Square::rank,0.0,0.0,0.0,0.0,8985000,100.0,100.0,0.666667,frankycpp_v1.8.exe,chess::Square::rank,square.h,0x14026a797
chess::StaticMoveList<128>::push_back,0.0,0.0,0.0,0.0,2995000,0.0,0.0,0.0,frankycpp_v1.8.exe,chess::StaticMoveList<128>::push_back,staticmovelist.h,0x14021ef31
chess::StaticMoveList<256>::push_back,0.0,0.0,0.0,0.0,0,50.0,50.0,0.0,frankycpp_v1.8.exe,chess::StaticMoveList<256>::push_back,staticmovelist.h,0x1402640af
chess::StaticMoveList<256>::push_back,0.0,0.0,0.0,0.0,0,100.0,100.0,0.0,frankycpp_v1.8.exe,chess::StaticMoveList<256>::push_back,staticmovelist.h,0x1402632cf
chess::StaticMoveList<256>::push_back,0.0,0.0,0.0,0.0,2995000,0.0,0.0,0.0,frankycpp_v1.8.exe,chess::StaticMoveList<256>::push_back,staticmovelist.h,0x1402640d3
chess::StaticMoveList<256>::push_back,0.0,0.0,0.0,0.0,2995000,100.0,100.0,0.0,frankycpp_v1.8.exe,chess::StaticMoveList<256>::push_back,staticmovelist.h,0x140263718
chess::StaticMoveList<256>::push_back,0.0,0.0,0.0,0.0,0,50.0,50.0,0.0,frankycpp_v1.8.exe,chess::StaticMoveList<256>::push_back,staticmovelist.h,0x140263632
chess::StaticMoveList<256>::push_back,0.0,0.0,0.0,0.0,2995000,0.0,0.0,1.000000,frankycpp_v1.8.exe,chess::StaticMoveList<256>::push_back,staticmovelist.h,0x140263354
chess::Value::isValid,0.0,0.0,0.0,0.0,2995000,0.0,0.0,0.0,frankycpp_v1.8.exe,chess::Value::isValid,value.h,0x140220edc
chess::Value::operator int,0.0,0.0,0.0,0.0,5990000,0.0,0.0,0.0,frankycpp_v1.8.exe,chess::Value::operator int,value.h,0x14021fa1e
chess::Value::{ctor},0.0,0.0,0.0,0.0,14975000,50.0,50.0,0.400000,frankycpp_v1.8.exe,chess::Value::{ctor},value.h,0x14029e8c0
chess::makePiece,0.0,0.0,0.0,0.0,0,50.0,50.0,,frankycpp_v1.8.exe,chess::makePiece,piece.h,0x14025bcab
chess::makePiece,0.0,0.0,0.0,0.0,2995000,0.0,0.0,0.0,frankycpp_v1.8.exe,chess::makePiece,piece.h,0x14025bfc1
chess::moveValueGreaterComparator::operator(),0.0,0.0,0.0,0.0,2995000,0.0,0.0,1.000000,frankycpp_v1.8.exe,chess::moveValueGreaterComparator::operator(),move.h,0x14026512b
chess::moveValueGreaterComparator::operator(),0.0,0.0,0.0,0.0,2995000,0.0,0.0,0.0,frankycpp_v1.8.exe,chess::moveValueGreaterComparator::operator(),move.h,0x1402643e0
chess::operator&,0.0,0.0,0.0,0.0,0,20.0,20.0,,frankycpp_v1.8.exe,chess::operator&,bitboard.h,0x1402209d7
chess::operator&,0.0,0.0,0.0,0.0,2995000,16.7,16.7,2.000000,frankycpp_v1.8.exe,chess::operator&,bitboard.h,0x14025c42f
chess::operator&,0.0,0.0,0.0,0.0,5990000,40.0,40.0,1.000000,frankycpp_v1.8.exe,chess::operator&,bitboard.h,0x14026a057
chess::operator&,0.0,0.0,0.0,0.0,0,50.0,50.0,,frankycpp_v1.8.exe,chess::operator&,bitboard.h,0x1402637c7
chess::operator&,0.0,0.0,0.0,0.0,26955000,30.0,30.0,0.222222,frankycpp_v1.8.exe,chess::operator&,bitboard.h,0x14029e936
chess::operator&,0.0,0.0,0.0,0.0,2995000,0.0,0.0,0.0,frankycpp_v1.8.exe,chess::operator&,bitboard.h,0x14022052f
chess::operator&,0.0,0.0,0.0,0.0,2995000,0.0,0.0,0.0,frankycpp_v1.8.exe,chess::operator&,bitboard.h,0x1402640f4
chess::operator&,0.0,0.0,0.0,0.0,47920000,83.3,83.3,0.562500,frankycpp_v1.8.exe,chess::operator&,bitboard.h,0x14026aa8d
chess::operator&,0.0,0.0,0.0,0.0,14975000,31.2,31.2,0.600000,frankycpp_v1.8.exe,chess::operator&,bitboard.h,0x14026a498
chess::operator&,0.0,0.0,0.0,0.0,38935000,100.0,100.0,0.153846,frankycpp_v1.8.exe,chess::operator&,bitboard.h,0x14029ea59
chess::operator&,0.0,0.0,0.0,0.0,0,33.3,33.3,0.0,frankycpp_v1.8.exe,chess::operator&,bitboard.h,0x140261353
chess::operator&,0.0,0.0,0.0,0.0,2995000,20.0,20.0,1.000000,frankycpp_v1.8.exe,chess::operator&,bitboard.h,0x14025c6a1
chess::operator&,0.0,0.0,0.0,0.0,2995000,0.0,0.0,0.0,frankycpp_v1.8.exe,chess::operator&,bitboard.h,0x14026a1cd
chess::operator&,0.0,0.0,0.0,0.0,5990000,33.3,33.3,0.0,frankycpp_v1.8.exe,chess::operator&,bitboard.h,0x140269fc9
chess::operator&,0.0,0.0,0.0,0.0,8985000,0.0,0.0,0.0,frankycpp_v1.8.exe,chess::operator&,bitboard.h,0x14029ea9e
chess::operator&,0.0,0.0,0.0,0.0,14975000,50.0,50.0,0.200000,frankycpp_v1.8.exe,chess::operator&,bitboard.h,0x14026a7eb
chess::operator&,0.0,0.0,0.0,0.0,11980000,20.0,20.0,0.750000,frankycpp_v1.8.exe,chess::operator&,bitboard.h,0x14026139a
chess::operator&,0.0,0.0,0.0,0.0,2995000,0.0,0.0,1.000000,frankycpp_v1.8.exe,chess::operator&,bitboard.h,0x14029eb2b
chess::operator*,0.0,0.0,0.0,0.0,2995000,100.0,100.0,1.000000,frankycpp_v1.8.exe,chess::operator*,direction.h,0x1402638d8
chess::operator*,0.0,0.0,0.0,0.0,20965000,25.0,25.0,0.714286,frankycpp_v1.8.exe,chess::operator*,value.h,0x140269994
chess::operator+,0.0,0.0,0.0,0.0,8985000,100.0,100.0,0.0,frankycpp_v1.8.exe,chess::operator+,castlingrights.h,0x14025bc48
chess::operator+,0.0,0.0,0.0,0.0,5990000,50.0,50.0,0.0,frankycpp_v1.8.exe,chess::operator+,value.h,0x1402699c1
chess::operator+,0.0,0.0,0.0,0.0,0,100.0,100.0,0.0,frankycpp_v1.8.exe,chess::operator+,value.h,0x14021f374
chess::operator+,0.0,0.0,0.0,0.0,2995000,0.0,0.0,1.000000,frankycpp_v1.8.exe,chess::operator+,value.h,0x140221774
chess::operator+,0.0,0.0,0.0,0.0,8985000,42.9,42.9,0.666667,frankycpp_v1.8.exe,chess::operator+,direction.h,0x14025c2e5
chess::operator+,0.0,0.0,0.0,0.0,8985000,0.0,0.0,0.333333,frankycpp_v1.8.exe,chess::operator+,direction.h,0x14025c316
chess::operator+,0.0,0.0,0.0,0.0,2995000,0.0,0.0,0.0,frankycpp_v1.8.exe,chess::operator+,value.h,0x14021fce3
chess::operator+=,0.0,0.0,0.0,0.0,2995000,33.3,33.3,0.0,frankycpp_v1.8.exe,chess::operator+=,value.h,0x14026a242
chess::operator+=,0.0,0.0,0.0,0.0,20965000,22.2,22.2,0.142857,frankycpp_v1.8.exe,chess::operator+=,value.h,0x14026a64a
chess::operator+=,0.0,0.0,0.0,0.0,0,50.0,50.0,,frankycpp_v1.8.exe,chess::operator+=,value.h,0x14026a257
chess::operator+=,0.0,0.0,0.0,0.0,5990000,,,0.0,frankycpp_v1.8.exe,chess::operator+=,value.h,0x14026b35f
chess::operator+=,0.0,0.0,0.0,0.0,17970000,,,0.333333,frankycpp_v1.8.exe,chess::operator+=,value.h,0x14026a59d
chess::operator+=,0.0,0.0,0.0,0.0,0,100.0,100.0,0.0,frankycpp_v1.8.exe,chess::operator+=,direction.h,0x14016c73a
chess::operator+=,0.0,0.0,0.0,0.0,2995000,50.0,50.0,0.0,frankycpp_v1.8.exe,chess::operator+=,depth.h,0x14021fc8e
chess::operator+=,0.0,0.0,0.0,0.0,80865000,70.0,70.0,0.185185,frankycpp_v1.8.exe,chess::operator+=,value.h,0x14026a4e2
chess::operator+=,0.0,0.0,0.0,0.0,0,28.6,28.6,,frankycpp_v1.8.exe,chess::operator+=,value.h,0x14026a2fd
chess::operator-,0.0,0.0,0.0,0.0,2995000,0.0,0.0,0.0,frankycpp_v1.8.exe,chess::operator-,value.h,0x14022071a
chess::operator-,0.0,0.0,0.0,0.0,2995000,50.0,50.0,0.0,frankycpp_v1.8.exe,chess::operator-,value.h,0x14021fb4a
chess::operator-,0.0,0.0,0.0,0.0,0,100.0,100.0,0.0,frankycpp_v1.8.exe,chess::operator-,value.h,0x14022177d
chess::operator-,0.0,0.0,0.0,0.0,5990000,50.0,50.0,1.000000,frankycpp_v1.8.exe,chess::operator-,value.h,0x14022068f
chess::operator-=,0.0,0.0,0.0,0.0,17970000,41.7,41.7,0.500000,frankycpp_v1.8.exe,chess::operator-=,depth.h,0x14022047a
chess::operator>,0.0,0.0,0.0,0.0,17970000,40.0,40.0,0.500000,frankycpp_v1.8.exe,chess::operator>,value.h,0x14021faa1
chess::operator>,0.0,0.0,0.0,0.0,0,100.0,100.0,0.0,frankycpp_v1.8.exe,chess::operator>,value.h,0x14021fac6
chess::operator>=,0.0,0.0,0.0,0.0,5990000,0.0,0.0,0.0,frankycpp_v1.8.exe,chess::operator>=,value.h,0x140220073
chess::operator|,0.0,0.0,0.0,0.0,2995000,80.0,80.0,0.0,frankycpp_v1.8.exe,chess::operator|,bitboard.h,0x1402637a8
chess::operator|,0.0,0.0,0.0,0.0,11980000,33.3,33.3,0.750000,frankycpp_v1.8.exe,chess::operator|,bitboard.h,0x14026a040
chess::operator|,0.0,0.0,0.0,0.0,0,100.0,100.0,0.0,frankycpp_v1.8.exe,chess::operator|,bitboard.h,0x14029e70a
chess::operator|,0.0,0.0,0.0,0.0,20965000,52.6,52.6,0.571429,frankycpp_v1.8.exe,chess::operator|,bitboard.h,0x14029e6a7
chess::operator~,0.0,0.0,0.0,0.0,20965000,7.7,7.7,0.428571,frankycpp_v1.8.exe,chess::operator~,color.h,0x14025c52f
chess::operator~,0.0,0.0,0.0,0.0,5990000,33.3,33.3,0.0,frankycpp_v1.8.exe,chess::operator~,color.h,0x140220a13
chess::operator~,0.0,0.0,0.0,0.0,2995000,0.0,0.0,0.0,frankycpp_v1.8.exe,chess::operator~,color.h,0x14025c15d
chess::operator~,0.0,0.0,0.0,0.0,2995000,0.0,0.0,0.0,frankycpp_v1.8.exe,chess::operator~,color.h,0x140262c00
chess::operator~,0.0,0.0,0.0,0.0,2995000,0.0,0.0,1.000000,frankycpp_v1.8.exe,chess::operator~,color.h,0x14025c19d
chess::operator~,0.0,0.0,0.0,0.0,2995000,0.0,0.0,0.0,frankycpp_v1.8.exe,chess::operator~,color.h,0x14025c217
chess::typeOf,0.0,0.0,0.0,0.0,0,25.0,25.0,,frankycpp_v1.8.exe,chess::typeOf,piece.h,0x140263e6d
chess::valueOf,0.0,0.0,0.0,0.0,17970000,42.9,42.9,0.833333,frankycpp_v1.8.exe,chess::valueOf,value.h,0x14029e75e
engine::PVTable::clear,0.0,0.0,0.0,0.0,2995000,11.1,11.1,3.000000,frankycpp_v1.8.exe,engine::PVTable::clear,PVTable.h,0x140220cf9
engine::Search::extractPvWithTT,0.0,0.0,0.0,0.0,0,100.0,100.0,0.0,frankycpp_v1.8.exe,engine::Search::extractPvWithTT(class chess::Position &),Search.cpp,0x14022b860
engine::Search::rootSearch,0.0,0.0,0.0,0.0,5990000,33.3,33.3,0.0,frankycpp_v1.8.exe,"engine::Search::rootSearch(class chess::Position &,enum chess::Depth,class chess::Value,class chess::Value,int)",Search.cpp,0x14021ee80
engine::Search::thread,0.0,0.0,0.0,0.0,2995000,0.0,0.0,0.0,frankycpp_v1.8.exe,engine::Search::thread,Search.h,0x140221105
engine::Search::thread,0.0,0.0,0.0,0.0,17970000,37.5,37.5,0.0,frankycpp_v1.8.exe,engine::Search::thread,Search.h,0x140221418
engine::Search::thread,0.0,0.0,0.0,0.0,2995000,0.0,0.0,2.000000,frankycpp_v1.8.exe,engine::Search::thread,Search.h,0x14021fb5b
engine::Search::thread,0.0,0.0,0.0,0.0,14975000,58.8,58.8,1.000000,frankycpp_v1.8.exe,engine::Search::thread,Search.h,0x14022095c
engine::Search::thread,0.0,0.0,0.0,0.0,2995000,0.0,0.0,0.0,frankycpp_v1.8.exe,engine::Search::thread,Search.h,0x140221487
engine::Search::thread,0.0,0.0,0.0,0.0,0,33.3,33.3,0.0,frankycpp_v1.8.exe,engine::Search::thread,Search.h,0x140220ac1
engine::Search::thread,0.0,0.0,0.0,0.0,8985000,,,0.666667,frankycpp_v1.8.exe,engine::Search::thread,Search.h,0x140220fc7
engine::SearchThreadData::lmr_reduction_log,0.0,0.0,0.0,0.0,5990000,0.0,0.0,0.0,frankycpp_v1.8.exe,engine::SearchThreadData::lmr_reduction_log,SearchThreadData.h,0x140216826
free_base,0.0,0.0,0.0,0.0,8985000,100.0,100.0,0.333333,ucrtbase.dll,free_base,[Unknown],0x18001e0e0
func@0x140002b5e,0.0,0.0,0.0,0.0,2995000,100.0,100.0,2.000000,wpprecorder.sys,func@0x140002b5e,[Unknown],0x140002b5e
func@0x140004f80,0.0,0.0,0.0,0.0,2995000,,,0.0,wpprecorder.sys,func@0x140004f80,[Unknown],0x140004f80
func@0x140021ef0,0.0,0.0,0.0,0.0,2995000,0.0,0.0,0.0,usbxhci.sys,func@0x140021ef0,[Unknown],0x140021ef0
func@0x140029970,0.0,0.0,0.0,0.0,0,100.0,100.0,0.0,dxgmms2.sys,func@0x140029970,[Unknown],0x140029970
func@0x14009e620,0.0,0.0,0.0,0.0,0,50.0,50.0,0.0,nvlddmkm.sys,func@0x14009e620,[Unknown],0x14009e620
func@0x1400e4520,0.0,0.0,0.0,0.0,0,50.0,50.0,0.0,nvlddmkm.sys,func@0x1400e4520,[Unknown],0x1400e4520
func@0x1400e52b0,0.0,0.0,0.0,0.0,2995000,0.0,0.0,0.0,nvlddmkm.sys,func@0x1400e52b0,[Unknown],0x1400e52b0
func@0x140122800,0.0,0.0,0.0,0.0,2995000,0.0,0.0,0.0,nvlddmkm.sys,func@0x140122800,[Unknown],0x140122800
func@0x140127260,0.0,0.0,0.0,0.0,5990000,0.0,0.0,0.500000,nvlddmkm.sys,func@0x140127260,[Unknown],0x140127260
func@0x1401677c0,0.0,0.0,0.0,0.0,2995000,0.0,0.0,0.0,nvlddmkm.sys,func@0x1401677c0,[Unknown],0x1401677c0
func@0x1402019bc,0.0,0.0,0.0,0.0,2995000,100.0,100.0,0.0,ntoskrnl.exe,func@0x1402019bc,[Unknown],0x1402019bc
func@0x140201fdc,0.0,0.0,0.0,0.0,2995000,0.0,0.0,0.0,ntoskrnl.exe,func@0x140201fdc,[Unknown],0x140201fdc
func@0x140205180,0.0,0.0,0.0,0.0,2995000,0.0,0.0,0.0,ntoskrnl.exe,func@0x140205180,[Unknown],0x140205180
func@0x1402142b0,0.0,0.0,0.0,0.0,5990000,,,0.0,ntoskrnl.exe,func@0x1402142b0,[Unknown],0x1402142b0
func@0x1402176a0,0.0,0.0,0.0,0.0,2995000,0.0,0.0,0.0,ntoskrnl.exe,func@0x1402176a0,[Unknown],0x1402176a0
func@0x14021a250,0.0,0.0,0.0,0.0,2995000,0.0,0.0,0.0,ntoskrnl.exe,func@0x14021a250,[Unknown],0x14021a250
func@0x14021d340,0.0,0.0,0.0,0.0,5990000,0.0,0.0,0.0,ntoskrnl.exe,func@0x14021d340,[Unknown],0x14021d340
func@0x14021e8c9,0.0,0.0,0.0,0.0,2995000,,,0.0,ntoskrnl.exe,func@0x14021e8c9,[Unknown],0x14021e8c9
func@0x14021fd17,0.0,0.0,0.0,0.0,0,33.3,33.3,0.0,ntoskrnl.exe,func@0x14021fd17,[Unknown],0x14021fd17
func@0x140222210,0.0,0.0,0.0,0.0,0,16.7,16.7,0.0,ntoskrnl.exe,func@0x140222210,[Unknown],0x140222210
func@0x1402227ca,0.0,0.0,0.0,0.0,5990000,0.0,0.0,1.000000,ntoskrnl.exe,func@0x1402227ca,[Unknown],0x1402227ca
func@0x14022d9f0,0.0,0.0,0.0,0.0,2995000,0.0,0.0,0.0,ntoskrnl.exe,func@0x14022d9f0,[Unknown],0x14022d9f0
func@0x14023f8c0,0.0,0.0,0.0,0.0,0,33.3,33.3,0.0,ntoskrnl.exe,func@0x14023f8c0,[Unknown],0x14023f8c0
func@0x140243620,0.0,0.0,0.0,0.0,2995000,,,0.0,ntoskrnl.exe,func@0x140243620,[Unknown],0x140243620
func@0x140251369,0.0,0.0,0.0,0.0,0,100.0,100.0,0.0,ntoskrnl.exe,func@0x140251369,[Unknown],0x140251369
func@0x140255c9d,0.0,0.0,0.0,0.0,2995000,0.0,0.0,2.000000,ntoskrnl.exe,func@0x140255c9d,[Unknown],0x140255c9d
func@0x14025ad00,0.0,0.0,0.0,0.0,2995000,0.0,0.0,0.0,ntoskrnl.exe,func@0x14025ad00,[Unknown],0x14025ad00
func@0x14025dcc0,0.0,0.0,0.0,0.0,2995000,0.0,0.0,1.000000,nvlddmkm.sys,func@0x14025dcc0,[Unknown],0x14025dcc0
func@0x14025f8ab,0.0,0.0,0.0,0.0,2995000,0.0,0.0,0.0,ntoskrnl.exe,func@0x14025f8ab,[Unknown],0x14025f8ab
func@0x140266b60,0.0,0.0,0.0,0.0,2995000,0.0,0.0,0.0,nvlddmkm.sys,func@0x140266b60,[Unknown],0x140266b60
func@0x1402794d0,0.0,0.0,0.0,0.0,2995000,0.0,0.0,0.0,nvlddmkm.sys,func@0x1402794d0,[Unknown],0x1402794d0
func@0x14027c7cc,0.0,0.0,0.0,0.0,5990000,0.0,0.0,0.0,ntoskrnl.exe,func@0x14027c7cc,[Unknown],0x14027c7cc
func@0x140289430,0.0,0.0,0.0,0.0,0,100.0,100.0,,ntoskrnl.exe,func@0x140289430,[Unknown],0x140289430
func@0x1402900b0,0.0,0.0,0.0,0.0,2995000,0.0,0.0,0.0,ntoskrnl.exe,func@0x1402900b0,[Unknown],0x1402900b0
func@0x140295e18,0.0,0.0,0.0,0.0,17970000,20.0,20.0,0.500000,ntoskrnl.exe,func@0x140295e18,[Unknown],0x140295e18
func@0x1402960f0,0.0,0.0,0.0,0.0,2995000,0.0,0.0,0.0,ntoskrnl.exe,func@0x1402960f0,[Unknown],0x1402960f0
func@0x140296b30,0.0,0.0,0.0,0.0,2995000,0.0,0.0,0.0,ntoskrnl.exe,func@0x140296b30,[Unknown],0x140296b30
func@0x14029839c,0.0,0.0,0.0,0.0,0,100.0,100.0,0.0,ntoskrnl.exe,func@0x14029839c,[Unknown],0x14029839c
func@0x14029a640,0.0,0.0,0.0,0.0,2995000,,,0.0,ntoskrnl.exe,func@0x14029a640,[Unknown],0x14029a640
func@0x14029c140,0.0,0.0,0.0,0.0,26955000,31.6,31.6,0.222222,ntoskrnl.exe,func@0x14029c140,[Unknown],0x14029c140
func@0x14029c48c,0.0,0.0,0.0,0.0,14975000,40.0,40.0,0.200000,ntoskrnl.exe,func@0x14029c48c,[Unknown],0x14029c48c
func@0x14029c7cc,0.0,0.0,0.0,0.0,14975000,0.0,0.0,0.0,ntoskrnl.exe,func@0x14029c7cc,[Unknown],0x14029c7cc
func@0x14029cf20,0.0,0.0,0.0,0.0,5990000,16.7,16.7,0.0,ntoskrnl.exe,func@0x14029cf20,[Unknown],0x14029cf20
func@0x14029d1e0,0.0,0.0,0.0,0.0,5990000,37.5,37.5,0.0,ntoskrnl.exe,func@0x14029d1e0,[Unknown],0x14029d1e0
func@0x14029d629,0.0,0.0,0.0,0.0,2995000,0.0,0.0,0.0,ntoskrnl.exe,func@0x14029d629,[Unknown],0x14029d629
func@0x1402b8634,0.0,0.0,0.0,0.0,2995000,0.0,0.0,0.0,ntoskrnl.exe,func@0x1402b8634,[Unknown],0x1402b8634
func@0x1402b9b70,0.0,0.0,0.0,0.0,0,100.0,100.0,0.0,ntoskrnl.exe,func@0x1402b9b70,[Unknown],0x1402b9b70
func@0x1402b9d50,0.0,0.0,0.0,0.0,2995000,0.0,0.0,1.000000,ntoskrnl.exe,func@0x1402b9d50,[Unknown],0x1402b9d50
func@0x1402ba0e0,0.0,0.0,0.0,0.0,0,62.5,62.5,,ntoskrnl.exe,func@0x1402ba0e0,[Unknown],0x1402ba0e0
func@0x1402bafb0,0.0,0.0,0.0,0.0,0,100.0,100.0,0.0,ntoskrnl.exe,func@0x1402bafb0,[Unknown],0x1402bafb0
func@0x1402c6590,0.0,0.0,0.0,0.0,2995000,0.0,0.0,0.0,ntoskrnl.exe,func@0x1402c6590,[Unknown],0x1402c6590
func@0x1402c6b15,0.0,0.0,0.0,0.0,0,20.0,20.0,,ntoskrnl.exe,func@0x1402c6b15,[Unknown],0x1402c6b15
func@0x1402ccd00,0.0,0.0,0.0,0.0,5990000,0.0,0.0,0.500000,ntoskrnl.exe,func@0x1402ccd00,[Unknown],0x1402ccd00
func@0x1402cf333,0.0,0.0,0.0,0.0,2995000,0.0,0.0,0.0,ntoskrnl.exe,func@0x1402cf333,[Unknown],0x1402cf333
func@0x1402d5590,0.0,0.0,0.0,0.0,2995000,0.0,0.0,1.000000,ntoskrnl.exe,func@0x1402d5590,[Unknown],0x1402d5590
func@0x1402d6520,0.0,0.0,0.0,0.0,5990000,0.0,0.0,0.0,ntoskrnl.exe,func@0x1402d6520,[Unknown],0x1402d6520
func@0x1402d6cc0,0.0,0.0,0.0,0.0,2995000,0.0,0.0,1.000000,ntoskrnl.exe,func@0x1402d6cc0,[Unknown],0x1402d6cc0
func@0x1402d71ff,0.0,0.0,0.0,0.0,2995000,0.0,0.0,1.000000,ntoskrnl.exe,func@0x1402d71ff,[Unknown],0x1402d71ff
func@0x1402e4940,0.0,0.0,0.0,0.0,5990000,0.0,0.0,0.500000,ntoskrnl.exe,func@0x1402e4940,[Unknown],0x1402e4940
func@0x1402e6875,0.0,0.0,0.0,0.0,2995000,0.0,0.0,0.0,ntoskrnl.exe,func@0x1402e6875,[Unknown],0x1402e6875
func@0x1402ea260,0.0,0.0,0.0,0.0,2995000,0.0,0.0,0.0,ntoskrnl.exe,func@0x1402ea260,[Unknown],0x1402ea260
func@0x1402edd42,0.0,0.0,0.0,0.0,5990000,33.3,33.3,0.0,ntoskrnl.exe,func@0x1402edd42,[Unknown],0x1402edd42
func@0x1402f1180,0.0,0.0,0.0,0.0,2995000,0.0,0.0,2.000000,ntoskrnl.exe,func@0x1402f1180,[Unknown],0x1402f1180
func@0x1402f1231,0.0,0.0,0.0,0.0,2995000,,,1.000000,ntoskrnl.exe,func@0x1402f1231,[Unknown],0x1402f1231
func@0x1402f91f0,0.0,0.0,0.0,0.0,2995000,0.0,0.0,2.000000,ntoskrnl.exe,func@0x1402f91f0,[Unknown],0x1402f91f0
func@0x140309bb0,0.0,0.0,0.0,0.0,0,50.0,50.0,0.0,nvlddmkm.sys,func@0x140309bb0,[Unknown],0x140309bb0
func@0x14031c140,0.0,0.0,0.0,0.0,0,100.0,100.0,0.0,ntoskrnl.exe,func@0x14031c140,[Unknown],0x14031c140
func@0x1403220b0,0.0,0.0,0.0,0.0,11980000,33.3,33.3,1.000000,ntoskrnl.exe,func@0x1403220b0,[Unknown],0x1403220b0
func@0x140339b80,0.0,0.0,0.0,0.0,5990000,7.1,7.1,1.500000,ntoskrnl.exe,func@0x140339b80,[Unknown],0x140339b80
func@0x14033fba1,0.0,0.0,0.0,0.0,2995000,0.0,0.0,0.0,ntoskrnl.exe,func@0x14033fba1,[Unknown],0x14033fba1
func@0x140340c90,0.0,0.0,0.0,0.0,2995000,0.0,0.0,0.0,ntoskrnl.exe,func@0x140340c90,[Unknown],0x140340c90
func@0x1403993e0,0.0,0.0,0.0,0.0,2995000,25.0,25.0,1.000000,nvlddmkm.sys,func@0x1403993e0,[Unknown],0x1403993e0
func@0x1403b5a80,0.0,0.0,0.0,0.0,2995000,0.0,0.0,0.0,ntoskrnl.exe,func@0x1403b5a80,[Unknown],0x1403b5a80
func@0x1403c76eb,0.0,0.0,0.0,0.0,2995000,16.7,16.7,0.0,ntoskrnl.exe,func@0x1403c76eb,[Unknown],0x1403c76eb
func@0x1403c846a,0.0,0.0,0.0,0.0,2995000,0.0,0.0,0.0,ntoskrnl.exe,func@0x1403c846a,[Unknown],0x1403c846a
func@0x1403d66b0,0.0,0.0,0.0,0.0,0,21.1,21.1,,ntoskrnl.exe,func@0x1403d66b0,[Unknown],0x1403d66b0
func@0x1403ea340,0.0,0.0,0.0,0.0,2995000,,,0.0,ntoskrnl.exe,func@0x1403ea340,[Unknown],0x1403ea340
func@0x1403eadf0,0.0,0.0,0.0,0.0,2995000,0.0,0.0,0.0,nvlddmkm.sys,func@0x1403eadf0,[Unknown],0x1403eadf0
func@0x1404063e0,0.0,0.0,0.0,0.0,0,50.0,50.0,0.0,ntoskrnl.exe,func@0x1404063e0,[Unknown],0x1404063e0
func@0x14040fa41,0.0,0.0,0.0,0.0,2995000,0.0,0.0,0.0,ntoskrnl.exe,func@0x14040fa41,[Unknown],0x14040fa41
func@0x1404206e2,0.0,0.0,0.0,0.0,2995000,0.0,0.0,0.0,ntoskrnl.exe,func@0x1404206e2,[Unknown],0x1404206e2
func@0x1404259b0,0.0,0.0,0.0,0.0,2995000,0.0,0.0,0.0,ntoskrnl.exe,func@0x1404259b0,[Unknown],0x1404259b0
func@0x14044473c,0.0,0.0,0.0,0.0,5990000,,,0.0,ntoskrnl.exe,func@0x14044473c,[Unknown],0x14044473c
func@0x1404e579c,0.0,0.0,0.0,0.0,5990000,100.0,100.0,0.0,ntoskrnl.exe,func@0x1404e579c,[Unknown],0x1404e579c
func@0x1404e76a0,0.0,0.0,0.0,0.0,2995000,50.0,50.0,4.000000,ntoskrnl.exe,func@0x1404e76a0,[Unknown],0x1404e76a0
func@0x1404e7860,0.0,0.0,0.0,0.0,2995000,0.0,0.0,0.0,ntoskrnl.exe,func@0x1404e7860,[Unknown],0x1404e7860
func@0x1404e9a08,0.0,0.0,0.0,0.0,0,100.0,100.0,0.0,ntoskrnl.exe,func@0x1404e9a08,[Unknown],0x1404e9a08
func@0x1404f0c20,0.0,0.0,0.0,0.0,2995000,0.0,0.0,1.000000,ntoskrnl.exe,func@0x1404f0c20,[Unknown],0x1404f0c20
func@0x1405c4348,0.0,0.0,0.0,0.0,0,50.0,50.0,0.0,ntoskrnl.exe,func@0x1405c4348,[Unknown],0x1405c4348
func@0x1405de2fc,0.0,0.0,0.0,0.0,2995000,0.0,0.0,1.000000,ntoskrnl.exe,func@0x1405de2fc,[Unknown],0x1405de2fc
func@0x1405dfe10,0.0,0.0,0.0,0.0,8985000,40.0,40.0,0.666667,ntoskrnl.exe,func@0x1405dfe10,[Unknown],0x1405dfe10
func@0x1405e1574,0.0,0.0,0.0,0.0,5990000,0.0,0.0,0.500000,ntoskrnl.exe,func@0x1405e1574,[Unknown],0x1405e1574
func@0x1405e1faa,0.0,0.0,0.0,0.0,2995000,100.0,100.0,0.0,ntoskrnl.exe,func@0x1405e1faa,[Unknown],0x1405e1faa
func@0x1406a4e50,0.0,0.0,0.0,0.0,0,50.0,50.0,,ntoskrnl.exe,func@0x1406a4e50,[Unknown],0x1406a4e50
func@0x1406ac1e0,0.0,0.0,0.0,0.0,8985000,0.0,0.0,0.0,ntoskrnl.exe,func@0x1406ac1e0,[Unknown],0x1406ac1e0
func@0x1406b0760,0.0,0.0,0.0,0.0,0,25.0,25.0,0.0,ntoskrnl.exe,func@0x1406b0760,[Unknown],0x1406b0760
func@0x1406b1730,0.0,0.0,0.0,0.0,0,25.0,25.0,,ntoskrnl.exe,func@0x1406b1730,[Unknown],0x1406b1730
func@0x140846520,0.0,0.0,0.0,0.0,2995000,0.0,0.0,0.0,ntoskrnl.exe,func@0x140846520,[Unknown],0x140846520
func@0x140846ce0,0.0,0.0,0.0,0.0,2995000,0.0,0.0,0.0,ntoskrnl.exe,func@0x140846ce0,[Unknown],0x140846ce0
func@0x14084a8a0,0.0,0.0,0.0,0.0,2995000,0.0,0.0,0.0,ntoskrnl.exe,func@0x14084a8a0,[Unknown],0x14084a8a0
func@0x140c31d30,0.0,0.0,0.0,0.0,2995000,0.0,0.0,0.0,nvlddmkm.sys,func@0x140c31d30,[Unknown],0x140c31d30
func@0x140cd6550,0.0,0.0,0.0,0.0,2995000,0.0,0.0,0.0,nvlddmkm.sys,func@0x140cd6550,[Unknown],0x140cd6550
func@0x140cfe320,0.0,0.0,0.0,0.0,2995000,0.0,0.0,0.0,nvlddmkm.sys,func@0x140cfe320,[Unknown],0x140cfe320
func@0x140cff090,0.0,0.0,0.0,0.0,2995000,0.0,0.0,0.0,nvlddmkm.sys,func@0x140cff090,[Unknown],0x140cff090
func@0x140d0ddc0,0.0,0.0,0.0,0.0,0,100.0,100.0,0.0,nvlddmkm.sys,func@0x140d0ddc0,[Unknown],0x140d0ddc0
func@0x140d0e0e0,0.0,0.0,0.0,0.0,2995000,0.0,0.0,0.0,nvlddmkm.sys,func@0x140d0e0e0,[Unknown],0x140d0e0e0
func@0x1800060f0,0.0,0.0,0.0,0.0,2995000,0.0,0.0,0.0,fltmgr.sys,func@0x1800060f0,[Unknown],0x1800060f0
func@0x180008880,0.0,0.0,0.0,0.0,2995000,0.0,0.0,0.0,ucrtbase.dll,func@0x180008880,[Unknown],0x180008880
func@0x18000b100,0.0,0.0,0.0,0.0,2995000,0.0,0.0,0.0,ntdll.dll,func@0x18000b100,[Unknown],0x18000b100
func@0x18000d3d0,0.0,0.0,0.0,0.0,2995000,0.0,0.0,0.0,ntdll.dll,func@0x18000d3d0,[Unknown],0x18000d3d0
func@0x18000d860,0.0,0.0,0.0,0.0,0,100.0,100.0,0.0,fltmgr.sys,func@0x18000d860,[Unknown],0x18000d860
func@0x180010e40,0.0,0.0,0.0,0.0,0,18.2,18.2,,vcruntime140.dll,func@0x180010e40,[Unknown],0x180010e40
func@0x180018080,0.0,0.0,0.0,0.0,2995000,0.0,0.0,0.0,ntdll.dll,func@0x180018080,[Unknown],0x180018080
func@0x18001cf4a,0.0,0.0,0.0,0.0,2995000,0.0,0.0,0.0,ntdll.dll,func@0x18001cf4a,[Unknown],0x18001cf4a
func@0x180024680,0.0,0.0,0.0,0.0,2995000,0.0,0.0,0.0,fltmgr.sys,func@0x180024680,[Unknown],0x180024680
func@0x180128650,0.0,0.0,0.0,0.0,2995000,0.0,0.0,0.0,ntdll.dll,func@0x180128650,[Unknown],0x180128650
func@0x18013635c,0.0,0.0,0.0,0.0,2995000,0.0,0.0,0.0,ntdll.dll,func@0x18013635c,[Unknown],0x18013635c
func@0x180171440,0.0,0.0,0.0,0.0,2995000,0.0,0.0,0.0,ntdll.dll,func@0x180171440,[Unknown],0x180171440
log,0.0,0.0,0.0,0.0,11980000,50.0,50.0,0.250000,ucrtbase.dll,log,[Unknown],0x1800a84d0
malloc_base,0.0,0.0,0.0,0.0,0,10.0,10.0,,ucrtbase.dll,malloc_base,[Unknown],0x180010100
memcpy,0.0,0.0,0.0,0.0,2995000,0.0,0.0,0.0,ucrtbase.dll,memcpy,[Unknown],0x1800edb20
operator delete,0.0,0.0,0.0,0.0,8985000,,,0.333333,frankycpp_v1.8.exe,"operator delete(void *,unsigned __int64)",delete_scalar_size.cpp,0x14061a188
operator new,0.0,0.0,0.0,0.0,2995000,0.0,0.0,0.0,frankycpp_v1.8.exe,operator new(unsigned __int64),new_scalar.cpp,0x140619d10
"std::_Copy_memmove<unsigned __int64 *,unsigned __int64 *>",0.0,0.0,0.0,0.0,2995000,,,0.0,frankycpp_v1.8.exe,"std::_Copy_memmove<unsigned __int64 *,unsigned __int64 *>(unsigned __int64 *,unsigned __int64 *,unsigned __int64 *)",xutility,0x140281380
std::_Copy_memmove_tail<unsigned __int64 *>,0.0,0.0,0.0,0.0,2995000,0.0,0.0,0.0,frankycpp_v1.8.exe,"std::_Copy_memmove_tail<unsigned __int64 *>(char const * const,unsigned __int64 * const,unsigned __int64,unsigned __int64)",xutility,0x1402825a0
"std::_Hash<class std::_Umap_traits<unsigned __int64,class book::BookEntry,class std::_Uhash_compare<unsigned __int64,struct std::hash<unsigned __int64>,struct std::equal_to<unsigned __int64> >,class std::allocator<struct std::pair<unsigned __int64 const ,class book::BookEntry> >,0> >::emplace<struct std::pair<unsigned __int64 const ,class book::BookEntry> >",0.0,0.0,0.0,0.0,2995000,0.0,0.0,0.0,frankycpp_v1.8.exe,"std::_Hash<class std::_Umap_traits<unsigned __int64,class book::BookEntry,class std::_Uhash_compare<unsigned __int64,struct std::hash<unsigned __int64>,struct std::equal_to<unsigned __int64> >,class std::allocator<struct std::pair<unsigned __int64 const ,class book::BookEntry> >,0> >::emplace<struct std::pair<unsigned __int64 const ,class book::BookEntry> >(struct std::pair<unsigned __int64 const ,class book::BookEntry> &&)",xhash,0x140288050
"std::_Hash<std::_Umap_traits<unsigned __int64,book::BookEntry,std::_Uhash_compare<unsigned __int64,std::hash<unsigned __int64>,std::equal_to<unsigned __int64> >,std::allocator<std::pair<unsigned __int64 const ,book::BookEntry> >,0> >::insert",0.0,0.0,0.0,0.0,0,50.0,50.0,0.0,frankycpp_v1.8.exe,"std::_Hash<std::_Umap_traits<unsigned __int64,book::BookEntry,std::_Uhash_compare<unsigned __int64,std::hash<unsigned __int64>,std::equal_to<unsigned __int64> >,std::allocator<std::pair<unsigned __int64 const ,book::BookEntry> >,0> >::insert",xhash,0x1402875f0
std::_Hash_representation<unsigned __int64>,0.0,0.0,0.0,0.0,2995000,0.0,0.0,2.000000,frankycpp_v1.8.exe,std::_Hash_representation<unsigned __int64>(unsigned __int64 const &),type_traits,0x1402818f0
"std::_List_node<std::pair<unsigned __int64 const ,book::BookEntry>,void *>::_Freenode",0.0,0.0,0.0,0.0,11980000,17.6,17.6,0.750000,frankycpp_v1.8.exe,"std::_List_node<std::pair<unsigned __int64 const ,book::BookEntry>,void *>::_Freenode",list,0x140239d73
std::_Zero_range<unsigned __int64 *>,0.0,0.0,0.0,0.0,2995000,,,0.0,frankycpp_v1.8.exe,"std::_Zero_range<unsigned __int64 *>(unsigned __int64 * const,unsigned __int64 * const)",xmemory,0x140293b80
"std::array<chess::Bitboard,64>::operator[]",0.0,0.0,0.0,0.0,0,100.0,100.0,0.0,frankycpp_v1.8.exe,"std::array<chess::Bitboard,64>::operator[]",array,0x14026ab49
"std::array<chess::Bitboard,64>::operator[]",0.0,0.0,0.0,0.0,26955000,22.2,22.2,0.111111,frankycpp_v1.8.exe,"std::array<chess::Bitboard,64>::operator[]",array,0x14025c63e
"std::array<chess::Bitboard,64>::operator[]",0.0,0.0,0.0,0.0,0,100.0,100.0,0.0,frankycpp_v1.8.exe,"std::array<chess::Bitboard,64>::operator[]",array,0x14025c46a
"std::array<chess::Bitboard,64>::operator[]",0.0,0.0,0.0,0.0,23960000,42.9,42.9,0.250000,frankycpp_v1.8.exe,"std::array<chess::Bitboard,64>::operator[]",array,0x14026a7c2
"std::array<chess::Bitboard,64>::operator[]",0.0,0.0,0.0,0.0,0,25.0,25.0,,frankycpp_v1.8.exe,"std::array<chess::Bitboard,64>::operator[]",array,0x1402699e4
"std::array<chess::Bitboard,64>::operator[]",0.0,0.0,0.0,0.0,20965000,23.1,23.1,0.285714,frankycpp_v1.8.exe,"std::array<chess::Bitboard,64>::operator[]",array,0x14025c5d4
"std::array<chess::Bitboard,64>::operator[]",0.0,0.0,0.0,0.0,0,62.5,62.5,0.0,frankycpp_v1.8.exe,"std::array<chess::Bitboard,64>::operator[]",array,0x14026a024
"std::array<chess::Bitboard,64>::operator[]",0.0,0.0,0.0,0.0,5990000,0.0,0.0,0.0,frankycpp_v1.8.exe,"std::array<chess::Bitboard,64>::operator[]",array,0x1402215c2
"std::array<chess::Bitboard,8>::operator[]",0.0,0.0,0.0,0.0,8985000,18.2,18.2,0.666667,frankycpp_v1.8.exe,"std::array<chess::Bitboard,8>::operator[]",array,0x1402637bb
"std::array<chess::Bitboard,8>::operator[]",0.0,0.0,0.0,0.0,5990000,50.0,50.0,0.0,frankycpp_v1.8.exe,"std::array<chess::Bitboard,8>::operator[]",array,0x14026381e
"std::array<chess::Bitboard,8>::operator[]",0.0,0.0,0.0,0.0,11980000,37.5,37.5,0.0,frankycpp_v1.8.exe,"std::array<chess::Bitboard,8>::operator[]",array,0x140263971
"std::array<chess::HistoryState,1024>::operator[]",0.0,0.0,0.0,0.0,0,100.0,100.0,,frankycpp_v1.8.exe,"std::array<chess::HistoryState,1024>::operator[]",array,0x14025c0d7
"std::array<chess::Value,25>::operator[]",0.0,0.0,0.0,0.0,0,100.0,100.0,,frankycpp_v1.8.exe,"std::array<chess::Value,25>::operator[]",array,0x140263eb4
"std::array<chess::Value,25>::operator[]",0.0,0.0,0.0,0.0,5990000,0.0,0.0,0.500000,frankycpp_v1.8.exe,"std::array<chess::Value,25>::operator[]",array,0x14026391a
"std::array<chess::Value,25>::operator[]",0.0,0.0,0.0,0.0,8985000,25.0,25.0,0.0,frankycpp_v1.8.exe,"std::array<chess::Value,25>::operator[]",array,0x140263e71
"std::array<int,64>::operator[]",0.0,0.0,0.0,0.0,2995000,0.0,0.0,4.000000,frankycpp_v1.8.exe,"std::array<int,64>::operator[]",array,0x14026b03d
"std::array<int,64>::operator[]",0.0,0.0,0.0,0.0,8985000,50.0,50.0,0.333333,frankycpp_v1.8.exe,"std::array<int,64>::operator[]",array,0x14026b08d
"std::array<std::array<chess::Bitboard,64>,8>::operator[]",0.0,0.0,0.0,0.0,0,100.0,100.0,0.0,frankycpp_v1.8.exe,"std::array<std::array<chess::Bitboard,64>,8>::operator[]",array,0x140269f81
"std::array<std::array<int,64>,64>::operator[]",0.0,0.0,0.0,0.0,2995000,,,0.0,frankycpp_v1.8.exe,"std::array<std::array<int,64>,64>::operator[]",array,0x14016c70f
"std::array<unsigned __int64,9>::operator[]",0.0,0.0,0.0,0.0,5990000,0.0,0.0,0.0,frankycpp_v1.8.exe,"std::array<unsigned __int64,9>::operator[]",array,0x14025c136
"std::basic_streambuf<char,std::char_traits<char> >::_Gnavail",0.0,0.0,0.0,0.0,8985000,20.0,20.0,0.333333,frankycpp_v1.8.exe,"std::basic_streambuf<char,std::char_traits<char> >::_Gnavail",streambuf,0x14011a59f
"std::basic_streambuf<char,std::char_traits<char> >::gbump",0.0,0.0,0.0,0.0,14975000,100.0,100.0,0.400000,frankycpp_v1.8.exe,"std::basic_streambuf<char,std::char_traits<char> >::gbump",streambuf,0x14011a5de
std::countr_zero,0.0,0.0,0.0,0.0,2995000,0.0,0.0,0.0,frankycpp_v1.8.exe,std::countr_zero,bit,0x1402632aa
std::countr_zero,0.0,0.0,0.0,0.0,8985000,0.0,0.0,0.333333,frankycpp_v1.8.exe,std::countr_zero,bit,0x1402639b7
std::countr_zero,0.0,0.0,0.0,0.0,2995000,0.0,0.0,0.0,frankycpp_v1.8.exe,std::countr_zero,bit,0x140263ce4
std::countr_zero,0.0,0.0,0.0,0.0,2995000,0.0,0.0,0.0,frankycpp_v1.8.exe,std::countr_zero,bit,0x1402635f4
std::countr_zero,0.0,0.0,0.0,0.0,8985000,62.5,62.5,0.666667,frankycpp_v1.8.exe,std::countr_zero,bit,0x14026b080
std::countr_zero,0.0,0.0,0.0,0.0,5990000,100.0,100.0,0.500000,frankycpp_v1.8.exe,std::countr_zero,bit,0x140263900
std::countr_zero,0.0,0.0,0.0,0.0,2995000,0.0,0.0,1.000000,frankycpp_v1.8.exe,std::countr_zero,bit,0x14026ab97
std::countr_zero,0.0,0.0,0.0,0.0,2995000,30.0,30.0,1.000000,frankycpp_v1.8.exe,std::countr_zero,bit,0x140269fc0
std::countr_zero,0.0,0.0,0.0,0.0,8985000,100.0,100.0,0.333333,frankycpp_v1.8.exe,std::countr_zero,bit,0x140263e50
std::countr_zero,0.0,0.0,0.0,0.0,8985000,28.6,28.6,1.000000,frankycpp_v1.8.exe,std::countr_zero,bit,0x140263f70
"std::deque<char,std::allocator<char> >::_Emplace_back_internal",0.0,0.0,0.0,0.0,2995000,0.0,0.0,0.0,frankycpp_v1.8.exe,"std::deque<char,std::allocator<char> >::_Emplace_back_internal",deque,0x1402fffb0
"std::deque<char,std::allocator<char> >::operator[]",0.0,0.0,0.0,0.0,2995000,0.0,0.0,0.0,frankycpp_v1.8.exe,"std::deque<char,std::allocator<char> >::operator[]",deque,0x1402f30ca
std::hash<unsigned __int64>::_Do_hash,0.0,0.0,0.0,0.0,2995000,0.0,0.0,0.0,frankycpp_v1.8.exe,std::hash<unsigned __int64>::_Do_hash,type_traits,0x140288075
std::ios_base::good,0.0,0.0,0.0,0.0,2995000,,,0.0,msvcp140.dll,std::ios_base::good(void),[Unknown],0x180008430
std::max,0.0,0.0,0.0,0.0,2995000,100.0,100.0,0.0,frankycpp_v1.8.exe,std::max,utility,0x14021f37c
std::min,0.0,0.0,0.0,0.0,8985000,100.0,100.0,0.333333,frankycpp_v1.8.exe,std::min,utility,0x14011a5c9
std::min,0.0,0.0,0.0,0.0,2995000,0.0,0.0,1.000000,frankycpp_v1.8.exe,std::min,utility,0x14021f38c
std::popcount,0.0,0.0,0.0,0.0,14975000,11.1,11.1,0.600000,frankycpp_v1.8.exe,std::popcount,bit,0x14026a168
std::popcount,0.0,0.0,0.0,0.0,2995000,0.0,0.0,0.0,frankycpp_v1.8.exe,std::popcount,bit,0x14026b4bd
std::popcount,0.0,0.0,0.0,0.0,17970000,62.5,62.5,0.0,frankycpp_v1.8.exe,std::popcount,bit,0x14026b121
std::ranges::_Sort_fn::operator(),0.0,0.0,0.0,0.0,5990000,0.0,0.0,0.0,frankycpp_v1.8.exe,std::ranges::_Sort_fn::operator(),algorithm,0x140260cc7
std::ranges::_Swap::_Cpo::operator(),0.0,0.0,0.0,0.0,2995000,0.0,0.0,0.0,frankycpp_v1.8.exe,std::ranges::_Swap::_Cpo::operator(),concepts,0x140264507
std::ranges::_Swap::_Cpo::operator(),0.0,0.0,0.0,0.0,0,50.0,50.0,,frankycpp_v1.8.exe,std::ranges::_Swap::_Cpo::operator(),concepts,0x140265125
"std::unique_ptr<tablebase::Tablebase,std::default_delete<tablebase::Tablebase> >::operator bool",0.0,0.0,0.0,0.0,2995000,25.0,25.0,2.000000,frankycpp_v1.8.exe,"std::unique_ptr<tablebase::Tablebase,std::default_delete<tablebase::Tablebase> >::operator bool",memory,0x14021f631
"std::vector<boost::archive::detail::basic_iarchive_impl::aobject,std::allocator<boost::archive::detail::basic_iarchive_impl::aobject> >::size",0.0,0.0,0.0,0.0,2995000,0.0,0.0,1.000000,frankycpp_v1.8.exe,"std::vector<boost::archive::detail::basic_iarchive_impl::aobject,std::allocator<boost::archive::detail::basic_iarchive_impl::aobject> >::size",vector,0x1402aefa7
"std::vector<boost::archive::detail::basic_iarchive_impl::cobject_id,std::allocator<boost::archive::detail::basic_iarchive_impl::cobject_id> >::operator[]",0.0,0.0,0.0,0.0,11980000,33.3,33.3,0.0,frankycpp_v1.8.exe,"std::vector<boost::archive::detail::basic_iarchive_impl::cobject_id,std::allocator<boost::archive::detail::basic_iarchive_impl::cobject_id> >::operator[]",vector,0x1402aef70
"std::vector<chess::Move,std::allocator<chess::Move> >::_Tidy",0.0,0.0,0.0,0.0,2995000,0.0,0.0,0.0,frankycpp_v1.8.exe,"std::vector<chess::Move,std::allocator<chess::Move> >::_Tidy",vector,0x140233119
"std::vector<chess::Move,std::allocator<chess::Move> >::reserve",0.0,0.0,0.0,0.0,2995000,50.0,50.0,0.0,frankycpp_v1.8.exe,"std::vector<chess::Move,std::allocator<chess::Move> >::reserve",vector,0x1402902bf
"std::vector<chess::Move,std::allocator<chess::Move> >::resize",0.0,0.0,0.0,0.0,2995000,,,0.0,frankycpp_v1.8.exe,"std::vector<chess::Move,std::allocator<chess::Move> >::resize",vector,0x140292762
"std::vector<unsigned __int64,class std::allocator<unsigned __int64> >::_Change_array",0.0,0.0,0.0,0.0,2995000,0.0,0.0,1.000000,frankycpp_v1.8.exe,"std::vector<unsigned __int64,class std::allocator<unsigned __int64> >::_Change_array(unsigned __int64 * const,unsigned __int64,unsigned __int64)",vector,0x140280630
"std::vector<unsigned __int64,class std::allocator<unsigned __int64> >::~vector<unsigned __int64,class std::allocator<unsigned __int64> >",0.0,0.0,0.0,0.0,2995000,0.0,0.0,0.0,frankycpp_v1.8.exe,"std::vector<unsigned __int64,class std::allocator<unsigned __int64> >::~vector<unsigned __int64,class std::allocator<unsigned __int64> >(void)",vector,0x1402330a0
"std::vector<unsigned __int64,std::allocator<unsigned __int64> >::resize",0.0,0.0,0.0,0.0,2995000,0.0,0.0,0.0,frankycpp_v1.8.exe,"std::vector<unsigned __int64,std::allocator<unsigned __int64> >::resize",vector,0x1402929ac
