Function,CPU Time,Performance-core (P-core):Memory Bound(%),Performance-core (P-core):Memory Bound:L1 Bound(%),Performance-core (P-core):Memory Bound:L2 Bound(%),Performance-core (P-core):Memory Bound:L3 Bound(%),Performance-core (P-core):Memory Bound:DRAM Bound(%),Performance-core (P-core):Memory Bound:Store Bound(%),Efficient-core (E-core):Memory Bound(%),Efficient-core (E-core):Memory Bound:L1 Bound(%),Efficient-core (E-core):Memory Bound:L2 Bound(%),Efficient-core (E-core):Memory Bound:L3 Bound(%),Efficient-core (E-core):Memory Bound:DRAM Bound(%),Loads,Stores,LLC Miss Count,Module,Function (Full),Source File,Start Address
TT::probe,8.593420,37.5,1.4,0.6,31.1,14.0,0.0,59.9,0.6,0.1,1.1,3.1,7734332023,5985979574,1100462,frankycpp_v1.4.exe,TT::probe(unsigned __int64 const &),TT.cpp,0x1402471a0
Attacks::`anonymous namespace'::sliderLookup,5.277644,6.5,5.7,1.4,2.9,2.4,1.0,9.1,6.3,0.3,0.0,0.0,22498474934,12308969258,550231,frankycpp_v1.4.exe,"Attacks::`anonymous namespace'::sliderLookup(const PieceType, const class Square, const class Bitboard)",attacks.cpp,0x140166d80
"std::_Atomic_storage<unsigned __int64,8>::load",5.104655,81.7,0.2,0.3,12.8,74.5,0.0,84.5,6.9,0.1,8.7,0.0,1165934977,787123613,0,frankycpp_v1.4.exe,"std::_Atomic_storage<unsigned __int64,8>::load",atomic,0x1402471bd
"std::_Atomic_storage<unsigned __int64,8>::load",4.252713,32.1,3.4,0.4,43.4,0.2,0.8,54.3,0.0,0.7,0.5,0.0,3199895994,1828854864,0,frankycpp_v1.4.exe,"std::_Atomic_storage<unsigned __int64,8>::load",atomic,0x140247043
Attacks::attacks,3.388771,8.9,3.1,1.6,4.4,2.0,2.3,5.1,1.7,0.2,0.9,0.2,15551266524,8952768575,0,frankycpp_v1.4.exe,"Attacks::attacks(enum PieceType,class Square,class Bitboard)",attacks.cpp,0x140166de0
TT::put,3.118789,45.7,0.0,0.8,47.0,0.0,1.4,56.1,6.7,0.4,6.3,0.0,2309069270,1216836504,0,frankycpp_v1.4.exe,"TT::put(unsigned __int64,enum Depth,class Move,class Value,enum ValueType,class Value)",TT.cpp,0x140247020
TT::clear::__l2::<lambda_1>::operator(),2.417837,82.9,0.0,1.0,58.9,30.2,4.7,64.5,0.8,0.8,0.9,4.8,1072632178,1840755221,4401848,frankycpp_v1.4.exe,TT::clear::__l2::<lambda_1>::operator(),TT.cpp,0x140247e2c
Search::qsearch,1.621890,18.0,2.0,1.0,7.6,4.1,4.0,34.0,10.3,0.1,0.5,0.1,4712941384,2008060240,0,frankycpp_v1.4.exe,"Search::qsearch(class Position &,enum Depth,class Value,class Value,enum Search::NodeType)",Search.cpp,0x14020a630
Search::search,1.399905,8.9,1.8,0.6,6.1,0.5,2.4,15.8,3.1,0.1,0.5,0.0,5544866341,2427572825,0,frankycpp_v1.4.exe,"Search::search(class Position &,enum Depth,enum Depth,class Value,class Value,enum Search::NodeType,enum Search::Do_Null)",Search.cpp,0x140208cd0
Search::thread,1.206919,6.6,5.8,0.4,4.8,2.1,0.0,34.7,43.9,0.0,0.0,0.0,3274698238,883126493,0,frankycpp_v1.4.exe,Search::thread,Search.h,0x14020abc3
MoveGenerator::updateSortValues,1.189920,11.5,3.9,2.7,0.0,5.8,6.3,10.3,9.1,1.1,0.5,0.0,3494304826,1370041100,0,frankycpp_v1.4.exe,"MoveGenerator::updateSortValues(class Position const &,class StaticMoveList<256> *)",MoveGenerator.cpp,0x140240160
MoveGenerator::getNextPseudoLegalMove,1.069928,7.2,6.4,0.0,3.3,0.6,9.0,8.0,0.0,0.0,0.0,0.0,4757542722,2214766441,950243,frankycpp_v1.4.exe,"MoveGenerator::getNextPseudoLegalMove(class Position const &,enum GenMode,bool)",MoveGenerator.cpp,0x14023e320
Evaluator::kingEval,1.002932,0.0,3.8,0.4,0.0,0.0,0.0,0.0,0.0,0.0,0.0,0.0,3216696498,1164334929,0,frankycpp_v1.4.exe,"Evaluator::kingEval(class Position const &,struct Score &,class Color)",Evaluator.cpp,0x1402461e0
MoveGenerator::fillOnDemandMoveList,0.983934,4.3,3.4,0.4,2.3,0.2,6.5,7.6,2.7,0.0,0.0,0.0,3348300446,2543276296,0,frankycpp_v1.4.exe,"MoveGenerator::fillOnDemandMoveList(class Position const &,enum GenMode,bool)",MoveGenerator.cpp,0x14023fd00
MoveGenerator::generateMoves,0.964935,7.6,7.0,0.0,0.9,0.0,8.1,2.7,2.7,0.3,0.0,0.0,2957388719,1941158233,0,frankycpp_v1.4.exe,"MoveGenerator::generateMoves(class Position const &,class StaticMoveList<256> *,enum GenMode,bool,class Bitboard)",MoveGenerator.cpp,0x140240dc0
Evaluator::pieceEval,0.957935,13.0,9.4,0.0,1.2,0.2,13.8,5.9,0.0,0.0,0.0,0.0,3813014387,2191165733,0,frankycpp_v1.4.exe,"Evaluator::pieceEval(class Position const &,struct Score &,class Color,enum PieceType)",Evaluator.cpp,0x140245990
"std::ranges::_Insertion_sort_common<Move *,moveValueGreaterComparator,std::identity>",0.867941,2.6,9.5,0.5,0.2,0.0,0.0,0.0,0.0,0.0,0.0,0.0,1344240326,707321219,0,frankycpp_v1.4.exe,"std::ranges::_Insertion_sort_common<Move *,moveValueGreaterComparator,std::identity>(class Move *, class Move *, struct moveValueGreaterComparator, struct std::identity)",algorithm,0x140219000
Position::givesCheck,0.852942,3.6,6.8,0.5,0.5,0.0,1.8,4.5,2.8,0.1,0.0,0.0,4275428259,1979759391,0,frankycpp_v1.4.exe,Position::givesCheck(class Move),Position.cpp,0x140239960
Search::thread,0.842943,5.9,0.0,1.0,5.1,3.6,0.8,35.3,96.2,0.0,0.0,0.0,2761282836,835325059,0,frankycpp_v1.4.exe,Search::thread,Search.h,0x140209fbf
Position::doMove,0.840943,22.0,7.1,0.2,0.2,0.0,30.0,2.9,0.0,0.1,0.0,0.0,3139294176,1567647028,0,frankycpp_v1.4.exe,Position::doMove(class Move),Position.cpp,0x140238dd0
Evaluator::rookEval,0.753949,0.8,5.9,0.3,0.3,0.0,1.1,4.5,8.9,0.0,0.0,0.0,2864985947,1564846944,0,frankycpp_v1.4.exe,Evaluator::rookEval,Evaluator.cpp,0x140245b38
Evaluator::evaluate,0.658956,13.3,7.4,0.0,3.0,1.7,2.7,11.6,5.8,0.0,0.0,0.0,2532275966,1263037890,0,frankycpp_v1.4.exe,Evaluator::evaluate(class Position const &),Evaluator.cpp,0x140245250
Position::removePiece,0.643957,27.0,3.9,1.2,10.2,0.3,12.0,14.3,4.3,0.1,1.7,0.0,2366470992,1366640998,0,frankycpp_v1.4.exe,Position::removePiece(class Square),Position.cpp,0x14023ab70
Position::putPiece,0.599959,26.7,13.6,0.0,19.2,0.0,5.3,25.2,0.0,0.1,0.1,0.0,1675950277,1308939267,0,frankycpp_v1.4.exe,"Position::putPiece(enum Piece,class Square)",Position.cpp,0x14023aa60
std::_Checked_x86_x64_countr_zero<unsigned __int64>,0.575961,3.4,5.8,1.4,0.0,0.3,3.4,0.0,22.3,0.2,0.0,0.0,2475674268,1399941997,0,frankycpp_v1.4.exe,std::_Checked_x86_x64_countr_zero<unsigned __int64>(unsigned __int64),__msvc_bit_utils.hpp,0x140241ac0
See::see,0.569962,11.4,3.6,0.0,0.0,0.0,7.2,6.4,0.0,0.0,0.0,0.0,2593977817,1294138823,0,frankycpp_v1.4.exe,"See::see(class Position const &,class Move)",See.cpp,0x1402776b0
PawnTT::clear::__l2::<lambda_1>::operator(),0.546963,100.0,3.7,0.0,1.5,0.7,90.1,74.5,1.7,0.0,0.0,0.0,79602388,197905937,0,frankycpp_v1.4.exe,PawnTT::clear::__l2::<lambda_1>::operator(),PawnTT.cpp,0x1402444a7
Position::isAttacked,0.533964,19.7,0.0,1.9,12.4,4.3,0.0,18.4,0.0,0.0,1.9,0.0,2132663978,1515145453,0,frankycpp_v1.4.exe,"Position::isAttacked(class Square,class Color)",Position.cpp,0x140239630
MoveGenerator::generatePawnMoves,0.505966,23.8,6.3,0.0,1.2,0.0,20.3,9.3,6.7,0.0,0.0,0.0,1605948177,1320339609,0,frankycpp_v1.4.exe,"MoveGenerator::generatePawnMoves(class Position const &,class StaticMoveList<256> *,enum GenMode,bool,class Bitboard)",MoveGenerator.cpp,0x140240390
Evaluator::queenEval,0.410972,0.9,11.7,0.0,0.0,1.5,0.0,0.0,0.0,0.2,0.1,0.0,2045761371,998129943,550231,frankycpp_v1.4.exe,Evaluator::queenEval,Evaluator.cpp,0x140245a18
"std::_Atomic_address_as<__int64,std::_Atomic_padded<unsigned __int64> >",0.409972,77.4,15.1,0.0,11.6,2.7,62.3,65.4,0.0,0.0,0.0,0.2,387211616,718421552,2200924,frankycpp_v1.4.exe,"std::_Atomic_address_as<__int64,std::_Atomic_padded<unsigned __int64> >",xatomic.h,0x140245090
Evaluator::bishopEval,0.347977,10.1,1.0,0.0,0.0,0.5,5.0,0.0,0.0,0.0,0.0,0.0,2084362529,1161834854,0,frankycpp_v1.4.exe,Evaluator::bishopEval,Evaluator.cpp,0x140245c88
std::_Checked_popcount<unsigned __int64>,0.347977,9.6,0.0,3.6,2.1,0.0,5.7,13.4,0.0,0.0,0.0,0.0,1801654048,867426022,0,frankycpp_v1.4.exe,std::_Checked_popcount<unsigned __int64>(unsigned __int64),__msvc_bit_utils.hpp,0x14021e6d0
Position::wasLegalMove,0.331978,0.0,5.5,0.6,0.0,0.0,0.0,,0.0,1.9,0.6,0.0,1467944037,1097932937,0,frankycpp_v1.4.exe,Position::wasLegalMove(void),Position.cpp,0x140239b20
"std::_Atomic_storage<unsigned __int64,8>::load",0.325978,57.1,5.8,0.0,28.9,41.2,0.0,83.5,33.4,0.0,3.2,0.0,456613698,294508835,0,frankycpp_v1.4.exe,"std::_Atomic_storage<unsigned __int64,8>::load",atomic,0x1402455ef
"std::_Atomic_storage<unsigned __int64,8>::store",0.269982,81.1,7.9,0.0,0.0,0.0,91.4,47.2,4.6,0.0,0.0,0.0,62201866,216306489,0,frankycpp_v1.4.exe,"std::_Atomic_storage<unsigned __int64,8>::store",atomic,0x1402444a7
Move::encode,0.262982,5.8,18.6,0.0,0.8,2.4,1.6,1.2,5.8,0.1,0.0,0.0,611018330,502215066,0,frankycpp_v1.4.exe,Move::encode,move.h,0x140240f15
"std::array<int,64>::operator[]",0.248983,0.0,7.9,2.0,0.0,0.0,1.0,0.0,0.0,1.3,0.0,0.0,679520385,223106693,0,frankycpp_v1.4.exe,"std::array<int,64>::operator[]",array,0x140240227
Position::undoMove,0.230984,42.6,10.5,0.0,29.6,0.0,10.5,18.4,0.0,0.1,1.3,0.0,759522785,445613368,0,frankycpp_v1.4.exe,Position::undoMove(void),Position.cpp,0x1402392b0
Bitboard::operator bool,0.229984,0.0,10.3,1.7,0.0,0.0,0.9,0.0,0.0,0.0,0.0,0.0,759622788,467714031,0,frankycpp_v1.4.exe,Bitboard::operator bool,bitboard.h,0x140240eb4
Bitboard::shifted,0.225985,3.2,0.0,1.8,1.8,0.0,1.8,0.0,0.0,0.0,0.0,0.0,885726571,1150434512,0,frankycpp_v1.4.exe,Bitboard::shifted,bitboard.h,0x14024048d
See::attacksTo,0.224985,1.4,4.8,0.0,0.8,0.0,2.4,12.1,0.0,0.2,0.0,0.0,1036931107,1021230636,0,frankycpp_v1.4.exe,"See::attacksTo(class Position const &,class Square,class Color)",See.cpp,0x140277a20
moveValueGreaterComparator::operator(),0.212986,0.0,12.8,1.0,0.0,0.0,0.0,0.0,0.0,0.0,0.0,0.0,354910647,169305079,0,frankycpp_v1.4.exe,moveValueGreaterComparator::operator(),move.h,0x140219020
Bitboard::operator^=,0.211986,18.3,4.9,1.0,0.0,0.0,5.9,17.8,0.0,0.0,0.0,0.0,914327429,479414382,0,frankycpp_v1.4.exe,Bitboard::operator^=,bitboard.h,0x14023abc5
std::popcount,0.205986,1.6,9.4,0.0,1.9,0.0,0.0,0.0,0.0,0.0,0.0,0.0,728021840,359710791,0,frankycpp_v1.4.exe,std::popcount,bit,0x140245b81
MoveGenerator::generateKingMoves,0.196987,1.7,10.2,0.0,1.0,0.0,2.0,0.0,0.0,0.0,0.0,0.0,775123253,552016560,0,frankycpp_v1.4.exe,"MoveGenerator::generateKingMoves(class Position const &,class StaticMoveList<256> *,enum GenMode,bool)",MoveGenerator.cpp,0x140241080
See::revealedAttacks,0.185987,0.0,1.2,1.2,0.0,0.0,0.0,0.0,0.0,0.0,0.0,0.0,1001230036,439713191,0,frankycpp_v1.4.exe,"See::revealedAttacks(class Position const &,class Square,class Bitboard,class Color)",See.cpp,0x140277b70
"std::array<unsigned __int64,64>::operator[]",0.175988,10.4,13.6,0.0,2.5,0.0,3.7,0.0,0.0,0.0,0.0,0.0,724321729,326009780,0,frankycpp_v1.4.exe,"std::array<unsigned __int64,64>::operator[]",array,0x14023abb2
operator<,0.170988,0.0,5.3,0.0,0.0,0.0,0.0,0.0,0.0,0.0,0.0,0.0,495114853,204006120,0,frankycpp_v1.4.exe,operator<,rank.h,0x140246251
Position::getPieceBb,0.165989,11.9,4.1,2.7,1.4,0.0,0.0,,0.0,0.0,0.0,0.0,852425572,596617898,0,frankycpp_v1.4.exe,Position::getPieceBb,Position.h,0x1402459a2
makePiece,0.163989,0.0,8.3,0.0,0.0,0.0,0.0,0.0,0.0,0.0,0.0,0.0,478414352,192805784,0,frankycpp_v1.4.exe,makePiece,piece.h,0x140246269
std::_Unchecked_popcount<unsigned __int64>,0.162989,4.2,9.8,0.0,0.0,0.0,1.2,0.0,0.0,0.0,0.0,0.0,816524495,432312969,0,frankycpp_v1.4.exe,std::_Unchecked_popcount<unsigned __int64>(unsigned __int64),__msvc_bit_utils.hpp,0x14021e6c0
TT::prefetch,0.161989,5.6,5.2,3.9,0.0,1.3,0.0,0.0,0.0,0.0,0.0,0.0,711921357,340910227,0,frankycpp_v1.4.exe,TT::prefetch,TT.h,0x14020abb1
Position::movePiece,0.160989,46.7,14.1,0.0,23.0,0.0,14.1,26.3,0.0,0.0,0.0,0.0,487714631,306409192,0,frankycpp_v1.4.exe,"Position::movePiece(class Square,class Square)",Position.cpp,0x14023aa30
Square::{ctor},0.160989,0.0,7.7,1.5,0.0,0.0,1.5,0.0,0.0,0.0,0.0,0.0,687620628,298508955,0,frankycpp_v1.4.exe,Square::{ctor},square.h,0x140239995
Evaluator::knightEval,0.150990,3.6,19.7,0.0,0.0,1.4,1.4,0.0,0.0,0.0,0.2,0.7,1437443122,805124153,0,frankycpp_v1.4.exe,Evaluator::knightEval,Evaluator.cpp,0x140245d40
Search::storeTt,0.150990,6.5,9.4,5.4,1.3,0.0,2.7,9.9,0.0,0.0,0.0,0.0,761022830,337210116,0,frankycpp_v1.4.exe,"Search::storeTt(class Position const &,enum Depth,enum Depth,class Move,class Value,enum ValueType,class Value)",Search.cpp,0x14020aff0
"std::array<Bitboard,64>::operator[]",0.148990,14.9,1.4,1.4,8.3,2.8,2.8,,0.0,0.0,0.0,0.0,668820064,382911487,0,frankycpp_v1.4.exe,"std::array<Bitboard,64>::operator[]",array,0x140166e70
std::popcount,0.146990,20.0,12.7,0.0,0.0,0.0,20.6,0.0,0.0,,,,671420142,386911607,0,frankycpp_v1.4.exe,std::popcount,bit,0x140245ccb
_security_check_cookie,0.143990,2.9,0.0,0.0,5.2,1.7,0.0,20.0,66.8,0.0,0.0,0.0,339510185,203406102,0,frankycpp_v1.4.exe,_security_check_cookie,amdsecgs.asm,0x1405ee000
Search::goodCapture,0.140990,20.8,0.0,0.0,0.0,0.0,15.1,,44.5,0.0,0.0,0.0,394911847,150604518,0,frankycpp_v1.4.exe,"Search::goodCapture(class Position const &,class Move,bool)",Search.cpp,0x14020aeb0
Search::sendSearchUpdateToUci,0.140990,2.5,0.0,4.9,1.6,3.3,0.0,100.0,100.0,0.0,0.0,0.0,129903897,38501155,0,frankycpp_v1.4.exe,Search::sendSearchUpdateToUci(void),Search.cpp,0x1402110b0
std::countr_zero,0.138991,4.0,15.4,3.1,0.0,0.0,1.5,0.0,0.0,3.3,0.0,0.0,423512705,250707521,0,frankycpp_v1.4.exe,std::countr_zero,bit,0x140240e62
Evaluator::pawnEval,0.134991,15.8,37.0,1.5,0.0,10.4,4.4,3.0,0.0,0.3,0.0,0.0,591317739,145504365,0,frankycpp_v1.4.exe,"Evaluator::pawnEval(class Position const &,struct Score &)",Evaluator.cpp,0x140245590
Bitboard::shifted,0.126991,4.2,0.0,2.0,0.0,0.0,2.0,0.0,0.0,0.0,0.0,0.0,290808724,250207506,0,frankycpp_v1.4.exe,Bitboard::shifted(class Direction),bitboard.h,0x1402418a0
"std::array<Value,25>::operator[]",0.125991,0.0,7.5,0.0,0.0,0.0,1.9,,0.0,,,,389111673,217506525,0,frankycpp_v1.4.exe,"std::array<Value,25>::operator[]",array,0x140240f09
func@0x1400e0a60,0.121992,78.9,5.0,97.3,1.7,0.0,0.0,0.0,0.0,0.0,0.0,0.0,1100033,1100033,0,nvlddmkm.sys,func@0x1400e0a60,[Unknown],0x1400e0a60
operator<,0.118992,0.0,3.6,0.0,0.0,0.0,0.0,0.0,0.0,0.0,0.0,0.0,410012300,243907317,0,frankycpp_v1.4.exe,operator<,value.h,0x140277848
Move::operator==,0.113992,0.0,13.1,0.0,0.0,0.0,0.0,44.5,0.0,0.1,0.0,0.1,350410512,66902007,0,frankycpp_v1.4.exe,Move::operator==,PVTable.h,0x140240296
Position::hasCheck,0.113992,33.3,45.6,0.0,60.9,15.2,0.0,0.0,100.0,0.0,0.0,0.0,93302799,53101593,0,frankycpp_v1.4.exe,Position::hasCheck(void),Position.cpp,0x140239910
operator*,0.112992,0.0,3.2,0.0,0.0,0.0,0.0,0.0,0.0,0.0,0.0,0.0,142704281,52801584,0,frankycpp_v1.4.exe,operator*,value.h,0x1402454b5
_chkstk,0.111992,0.0,9.8,2.0,0.0,0.0,0.0,0.0,0.0,0.0,0.0,0.0,460813824,327009810,0,frankycpp_v1.4.exe,_chkstk,chkstk.asm,0x1405eed50
PawnTT::prefetch,0.108993,13.3,0.0,0.0,42.0,0.0,0.0,0.0,0.0,0.0,0.0,0.0,36101083,2200066,0,frankycpp_v1.4.exe,PawnTT::prefetch,PawnTT.h,0x14020abde
"std::_Atomic_storage<unsigned __int64,8>::store",0.099993,38.5,6.0,0.0,9.0,9.0,30.1,37.6,0.0,0.3,0.5,5.9,326609798,557616728,1650693,frankycpp_v1.4.exe,"std::_Atomic_storage<unsigned __int64,8>::store",atomic,0x140247e2c
typeOf,0.099993,15.8,0.0,13.5,13.5,0.0,6.8,26.7,0.0,0.0,0.0,0.0,359010770,168505055,0,frankycpp_v1.4.exe,typeOf,piece.h,0x14023ab94
Position::getPiece,0.098993,0.0,14.8,0.0,0.0,0.0,0.0,0.0,0.0,0.0,0.0,0.0,286308589,127503825,0,frankycpp_v1.4.exe,Position::getPiece,Position.h,0x140246262
Search::stopConditions,0.097993,30.8,0.0,0.0,10.1,3.4,0.0,4.0,0.0,0.0,0.0,0.0,297908937,151104533,0,frankycpp_v1.4.exe,Search::stopConditions(void),Search.cpp,0x14020d1b0
std::_Countr_zero_tzcnt<unsigned __int64>,0.096993,0.0,4.6,0.0,2.3,0.0,6.8,,0.0,0.0,0.0,0.0,220406612,173105193,0,frankycpp_v1.4.exe,std::_Countr_zero_tzcnt<unsigned __int64>(unsigned __int64),__msvc_bit_utils.hpp,0x140241ab0
Bitboard::operator|=,0.095994,7.5,23.6,0.0,3.2,0.0,7.9,8.6,0.0,0.0,0.0,0.0,322909687,327709831,0,frankycpp_v1.4.exe,Bitboard::operator|=,bitboard.h,0x14023aab2
"std::array<Move,64>::operator[]",0.095994,0.0,11.2,0.0,0.0,0.0,0.0,0.0,0.0,0.0,0.0,0.0,378611358,98702961,0,frankycpp_v1.4.exe,"std::array<Move,64>::operator[]",array,0x140240294
StaticMoveList<256>::push_back,0.093994,0.0,4.5,0.0,6.8,0.0,2.3,5.3,0.0,1.9,0.4,0.0,136704101,173405202,0,frankycpp_v1.4.exe,StaticMoveList<256>::push_back,staticmovelist.h,0x140240ff6
"std::_Atomic_address_as<char,struct std::_Atomic_padded<bool> >",0.093994,10.0,13.6,2.7,5.4,0.0,0.0,48.1,0.0,0.0,0.0,0.0,362210866,144704341,0,frankycpp_v1.4.exe,"std::_Atomic_address_as<char,struct std::_Atomic_padded<bool> >(struct std::_Atomic_padded<bool> const &)",xatomic.h,0x14015c7e0
operator*,0.090994,0.0,0.0,0.0,0.0,0.0,0.0,0.0,0.0,0.0,0.0,0.0,208306249,169405082,0,frankycpp_v1.4.exe,operator*,value.h,0x1402454ad
See::getLeastValuablePiece,0.088994,0.0,4.0,0.0,0.0,0.0,0.0,0.0,0.0,0.0,0.0,0.0,616818504,262907887,0,frankycpp_v1.4.exe,"See::getLeastValuablePiece(class Position const &,class Bitboard,class Color)",See.cpp,0x1402779a0
operator&,0.088994,4.8,0.0,0.0,0.0,0.0,2.4,0.0,0.0,0.0,0.0,0.0,323309699,118503555,0,frankycpp_v1.4.exe,operator&,bitboard.h,0x140209c5a
"std::_Atomic_address_as<__int64,std::_Atomic_padded<unsigned __int64> >",0.086994,35.7,17.6,0.0,66.0,8.8,4.4,29.1,0.0,0.0,0.0,0.0,399011970,101303039,0,frankycpp_v1.4.exe,"std::_Atomic_address_as<__int64,std::_Atomic_padded<unsigned __int64> >",xatomic.h,0x1402451a0
std::ranges::_Insertion_sort_common,0.086994,0.0,5.6,0.0,0.0,0.0,0.0,0.0,0.0,0.0,0.0,0.0,81602448,72202166,0,frankycpp_v1.4.exe,std::ranges::_Insertion_sort_common,algorithm,0x14021af3a
Move::encode,0.079995,11.5,13.3,0.0,2.2,0.0,2.2,0.0,0.0,0.0,0.0,0.0,168905067,118503555,0,frankycpp_v1.4.exe,Move::encode,move.h,0x140240fed
Position::getLastMove,0.078995,0.0,2.6,0.0,0.0,2.6,0.0,13.4,0.0,0.0,0.0,0.0,267408022,81502445,0,frankycpp_v1.4.exe,Position::getLastMove,Position.h,0x140240260
operator<,0.076995,0.0,11.0,0.0,0.0,0.0,0.0,0.0,0.0,,,,270108103,110803324,0,frankycpp_v1.4.exe,operator<,file.h,0x140246240
"std::unique_ptr<TT::Entry [0],std::default_delete<TT::Entry [0]> >::operator[]",0.076995,3.8,6.3,0.0,3.1,0.0,3.1,0.0,0.0,0.0,0.0,0.0,309609288,101603048,0,frankycpp_v1.4.exe,"std::unique_ptr<TT::Entry [0],std::default_delete<TT::Entry [0]> >::operator[]",memory,0x140247037
Position::checkRepetitions,0.075995,0.0,3.3,0.0,9.8,3.3,3.3,58.8,53.4,0.0,0.0,0.0,51901557,19800594,0,frankycpp_v1.4.exe,Position::checkRepetitions(int),Position.cpp,0x140239d20
Bitboard::operator bool,0.073995,8.7,0.0,0.0,2.9,0.0,8.7,0.0,0.0,0.0,0.0,0.0,292408772,220406612,0,frankycpp_v1.4.exe,Bitboard::operator bool,bitboard.h,0x140240e45
PawnTT::getHash,0.073995,8.0,14.9,7.4,12.4,0.0,2.5,,0.0,0.0,0.0,0.0,117303519,216806504,0,frankycpp_v1.4.exe,PawnTT::getHash,PawnTT.h,0x1402455d1
Value::operator int,0.072995,18.5,23.3,0.0,0.0,0.0,35.0,0.0,0.0,0.0,0.0,0.0,259107773,142004260,0,frankycpp_v1.4.exe,Value::operator int,value.h,0x14023ac49
MoveGenerator::resetOnDemand,0.070995,3.3,0.0,0.0,36.5,2.3,0.0,1.6,0.0,0.0,0.0,0.0,222906687,62401872,0,frankycpp_v1.4.exe,MoveGenerator::resetOnDemand,MoveGenerator.h,0x14020a991
Position::attacksTo,0.069995,6.9,5.0,5.0,2.5,2.5,7.5,0.0,0.0,0.0,0.0,0.0,271708151,210506315,0,frankycpp_v1.4.exe,"Position::attacksTo(class Square,class Color)",Position.cpp,0x1402397c0
operator+=,0.069995,16.0,23.0,0.0,0.0,0.0,28.7,0.0,0.0,0.0,0.0,0.0,319509585,170305109,0,frankycpp_v1.4.exe,operator+=,value.h,0x140245cfe
operator++,0.068995,10.0,6.7,0.0,0.0,0.0,6.7,0.0,0.0,0.0,0.0,0.0,235307059,122303669,0,frankycpp_v1.4.exe,operator++,piecetype.h,0x140241049
Bitboard::popLSB,0.067995,15.4,0.0,0.0,0.0,0.0,6.1,0.0,0.0,0.0,0.0,0.0,238007140,144504335,0,frankycpp_v1.4.exe,Bitboard::popLSB,bitboard.h,0x140240e62
operator&,0.067995,21.1,11.2,0.0,30.0,3.7,0.0,0.0,0.0,0.0,0.0,0.0,223106693,119203576,0,frankycpp_v1.4.exe,operator&,bitboard.h,0x1402396cc
"std::_For_each_ivdep<TT::Entry *,`TT::clear'::`2'::<lambda_1> >",0.067995,20.0,8.3,25.0,0.0,0.0,33.4,55.3,2.3,0.3,0.1,6.3,172305169,324409732,0,frankycpp_v1.4.exe,"std::_For_each_ivdep<TT::Entry *,`TT::clear'::`2'::<lambda_1> >(struct TT::Entry *, struct TT::Entry *, class TT::clear::__l2::<lambda_1>)",execution,0x140247e10
Color::sign,0.065996,6.7,0.0,0.0,0.0,0.0,13.0,0.0,0.0,2.4,0.0,0.0,235207056,284808544,0,frankycpp_v1.4.exe,Color::sign,color.h,0x140240548
PawnTT::put,0.064996,6.2,11.9,0.0,20.9,0.0,0.0,0.0,0.0,0.0,0.0,0.0,31200936,8800264,0,frankycpp_v1.4.exe,"PawnTT::put(struct PawnTT::Entry *,unsigned __int64,struct Score)",PawnTT.cpp,0x140243730
Search::checkDrawRepAnd50,0.064996,40.0,15.0,0.0,15.0,0.0,0.0,51.1,44.5,0.0,0.0,0.0,52201566,8800264,0,frankycpp_v1.4.exe,"Search::checkDrawRepAnd50(class Position const &,int)",Search.cpp,0x14020d230
Value::{ctor},0.064996,47.1,0.0,0.0,0.0,0.0,21.4,,0.0,,,,227206816,104703141,0,frankycpp_v1.4.exe,Value::{ctor},value.h,0x140277c10
StaticMoveList<256>::push_back,0.063996,23.8,4.3,0.0,4.3,0.0,0.0,,0.0,,,,154304629,111603348,0,frankycpp_v1.4.exe,StaticMoveList<256>::push_back,staticmovelist.h,0x140240f3a
operator+,0.063996,0.0,0.0,0.0,0.0,0.0,0.0,0.0,0.0,,,,111103333,6600198,0,frankycpp_v1.4.exe,operator+,value.h,0x1402454d9
TT::prefetch,0.062996,0.0,5.4,0.0,5.4,0.0,0.0,33.4,0.0,0.0,0.0,0.0,306509195,150404512,0,frankycpp_v1.4.exe,TT::prefetch,TT.h,0x140209fa9
typeOf,0.062996,0.0,0.0,0.0,3.0,0.0,0.0,0.0,0.0,0.0,0.0,0.0,195105853,164804944,0,frankycpp_v1.4.exe,typeOf,piece.h,0x140240f1e
operator&,0.061996,0.0,0.0,0.0,9.8,0.0,0.0,,0.0,,,,245907377,184605538,0,frankycpp_v1.4.exe,operator&,bitboard.h,0x14023967c
typeOf,0.061996,0.0,0.0,0.0,0.0,0.0,0.0,0.0,0.0,,,,306609198,150704521,0,frankycpp_v1.4.exe,typeOf,piece.h,0x1402777a1
Bitboard::operator|=,0.058996,6.2,22.7,0.0,7.6,0.0,7.6,0.0,0.0,0.0,0.0,0.0,168705061,125803774,0,frankycpp_v1.4.exe,Bitboard::operator|=,bitboard.h,0x14023aaa6
operator&,0.058996,0.0,0.0,0.0,2.8,0.0,0.0,0.0,0.0,0.0,0.0,0.0,245307359,284208526,0,frankycpp_v1.4.exe,operator&,bitboard.h,0x140277b27
"std::_For_each_ivdep<PawnTT::Entry *,`PawnTT::clear'::`2'::<lambda_1> >",0.056996,60.0,28.3,0.0,0.0,0.0,100.0,37.2,0.0,0.0,0.1,0.0,8500255,28800864,0,frankycpp_v1.4.exe,"std::_For_each_ivdep<PawnTT::Entry *,`PawnTT::clear'::`2'::<lambda_1> >(struct PawnTT::Entry *, struct PawnTT::Entry *, class PawnTT::clear::__l2::<lambda_1>)",execution,0x140244490
std::atomic<bool>::operator bool,0.056996,5.6,0.0,15.3,3.1,3.1,0.0,0.0,0.0,0.0,0.0,0.0,205506165,90502715,0,frankycpp_v1.4.exe,std::atomic<bool>::operator bool,atomic,0x14020d21b
Search::thread,0.053996,0.0,0.0,0.0,0.0,0.0,0.0,0.0,0.0,,,,71002130,15400462,0,frankycpp_v1.4.exe,Search::thread,Search.h,0x14020a988
"std::array<std::array<Move,64>,64>::operator[]",0.053996,0.0,0.0,3.7,0.0,0.0,0.0,0.0,33.4,0.0,0.0,0.0,209206276,84002520,0,frankycpp_v1.4.exe,"std::array<std::array<Move,64>,64>::operator[]",array,0x140240290
Move::stripped,0.052996,9.1,8.6,0.0,0.0,0.0,0.0,26.7,0.0,22.3,0.0,0.0,141504245,12900387,0,frankycpp_v1.4.exe,Move::stripped,move.h,0x1402401b0
operator+,0.052996,0.0,0.0,0.0,0.0,0.0,0.0,0.0,0.0,0.0,0.0,0.0,216106483,84402532,0,frankycpp_v1.4.exe,operator+,value.h,0x14020ab03
Move::operator==,0.051996,8.3,0.0,0.0,0.0,0.0,0.0,0.0,0.0,0.0,0.0,0.0,286008580,102703081,0,frankycpp_v1.4.exe,Move::operator==,PVTable.h,0x14020998c
operator+=,0.051996,0.0,21.0,0.0,0.0,0.0,0.0,0.0,0.0,,,,238807164,136804104,0,frankycpp_v1.4.exe,operator+=,value.h,0x140245c22
std::countr_zero,0.051996,15.0,0.0,0.0,0.0,0.0,95.2,0.0,0.0,0.0,0.0,0.0,125503765,61301839,0,frankycpp_v1.4.exe,std::countr_zero,bit,0x140245c80
Position::getPieceBb,0.050997,6.7,7.7,0.0,0.0,0.0,15.5,,0.0,0.0,0.0,0.0,165304959,136604098,0,frankycpp_v1.4.exe,Position::getPieceBb,Position.h,0x140240e30
Bitboard::operator bool,0.049997,0.0,18.8,0.0,4.7,0.0,0.0,0.0,0.0,0.0,0.0,0.0,78902367,73402202,0,frankycpp_v1.4.exe,Bitboard::operator bool,bitboard.h,0x140240fa9
operator&,0.048997,0.0,0.0,0.0,0.0,0.0,0.0,0.0,0.0,0.0,0.0,0.0,241007230,129503885,0,frankycpp_v1.4.exe,operator&,bitboard.h,0x140239a7a
std::ranges::_Stable_sort_fn::operator(),0.048997,0.0,10.3,0.0,0.0,0.0,0.0,6.7,0.0,0.0,0.0,0.0,134004020,46601398,0,frankycpp_v1.4.exe,std::ranges::_Stable_sort_fn::operator(),algorithm,0x140240027
Position::getPieceBb,0.047997,0.0,17.5,0.0,0.0,0.0,0.0,0.0,0.0,0.0,0.0,0.0,154804644,63201896,0,frankycpp_v1.4.exe,Position::getPieceBb,Position.h,0x140245bde
operator&,0.047997,0.0,11.8,0.0,5.9,0.0,0.0,0.0,0.0,0.0,0.0,0.0,159504785,60901827,0,frankycpp_v1.4.exe,operator&,bitboard.h,0x140239a91
operator|,0.047997,0.0,0.0,0.0,0.0,0.0,0.0,0.0,0.0,0.0,0.0,0.0,126603798,80102403,0,frankycpp_v1.4.exe,operator|,bitboard.h,0x140277ba6
"std::array<Bitboard,64>::operator[]",0.047997,33.3,17.5,8.7,5.8,8.7,0.0,,0.0,0.0,0.0,0.0,135804074,115503465,0,frankycpp_v1.4.exe,"std::array<Bitboard,64>::operator[]",array,0x14023964f
operator-,0.046997,6.7,8.1,0.0,0.0,0.0,0.0,0.0,0.0,,,,170605118,83302499,0,frankycpp_v1.4.exe,operator-,depth.h,0x1402099b9
Bitboard::{ctor},0.044997,0.0,0.0,0.0,0.0,0.0,0.0,0.0,0.0,,,,148204446,95702871,0,frankycpp_v1.4.exe,Bitboard::{ctor},bitboard.h,0x140277bd7
operator&,0.044997,0.0,0.0,0.0,0.0,0.0,0.0,0.0,0.0,,,,186405592,131703951,0,frankycpp_v1.4.exe,operator&,bitboard.h,0x140277bc3
operator&,0.044997,63.6,0.0,0.0,47.7,4.8,0.0,0.0,0.0,0.0,0.0,0.0,200706021,102403072,0,frankycpp_v1.4.exe,operator&,bitboard.h,0x1402396eb
operator&,0.043997,0.0,0.0,0.0,5.0,0.0,0.0,,0.0,,,,235907077,123603708,0,frankycpp_v1.4.exe,operator&,bitboard.h,0x140239ad8
Position::getKingSquare,0.042997,7.1,8.3,0.0,0.0,0.0,0.0,0.0,0.0,,,,147804434,86902607,0,frankycpp_v1.4.exe,Position::getKingSquare,Position.h,0x140246229
Position::clearEnPassant,0.041997,0.0,12.0,0.0,0.0,0.0,18.1,0.0,0.0,0.0,0.0,0.0,134904047,65701971,0,frankycpp_v1.4.exe,Position::clearEnPassant,Position.cpp,0x14023916c
Value::operator int,0.041997,13.3,0.0,4.8,24.2,0.0,9.7,9.8,0.0,0.0,0.0,0.0,117603528,95502865,0,frankycpp_v1.4.exe,Value::operator int,value.h,0x14023ab36
Direction::pawnPush,0.038997,0.0,0.0,6.1,0.0,0.0,0.0,0.0,0.0,0.0,0.0,0.0,91502745,131803954,0,frankycpp_v1.4.exe,Direction::pawnPush,direction.h,0x1402406ba
operator&,0.038997,0.0,16.5,0.0,0.0,0.0,0.0,,0.0,,,,192905787,97602928,0,frankycpp_v1.4.exe,operator&,bitboard.h,0x140245bd7
operator&,0.038997,0.0,0.0,0.0,0.0,0.0,0.0,0.0,0.0,0.0,0.0,0.0,165404962,81402442,0,frankycpp_v1.4.exe,operator&,bitboard.h,0x140245b7a
operator+=,0.038997,62.5,0.0,0.0,0.0,0.0,73.5,0.0,0.0,0.0,0.0,0.0,102803084,61301839,0,frankycpp_v1.4.exe,operator+=,value.h,0x140245c6a
operator|,0.038997,0.0,9.7,0.0,4.8,0.0,0.0,0.0,0.0,,,,164704941,128103843,0,frankycpp_v1.4.exe,operator|,bitboard.h,0x140277ab7
"std::array<Value,25>::operator[]",0.038997,0.0,0.0,0.0,6.3,0.0,0.0,0.0,0.0,0.0,0.0,0.0,47001410,60201806,0,frankycpp_v1.4.exe,"std::array<Value,25>::operator[]",array,0x1402406fa
Attacks::detail::Magic::index,0.037997,0.0,0.0,18.8,0.0,0.0,0.0,0.0,0.0,0.0,0.0,0.0,89002670,58901767,0,frankycpp_v1.4.exe,Attacks::detail::Magic::index,attacks.h,0x140166db5
Value::isCheckMate,0.037997,0.0,0.0,4.3,0.0,0.0,4.3,0.0,0.0,0.0,0.0,0.0,211206336,127103813,0,frankycpp_v1.4.exe,Value::isCheckMate,value.h,0x14020b054
"std::_Atomic_storage<unsigned __int64,8>::load",0.037997,22.2,19.1,0.0,23.8,0.0,0.0,0.0,0.0,0.0,0.0,0.0,16500495,11000330,0,frankycpp_v1.4.exe,"std::_Atomic_storage<unsigned __int64,8>::load",atomic,0x14024375b
MoveGenerator::getEvasionTargets,0.036998,18.2,0.0,25.0,0.0,25.0,0.0,0.0,26.7,0.0,0.0,0.0,89702691,59501785,0,frankycpp_v1.4.exe,MoveGenerator::getEvasionTargets(class Position const &),MoveGenerator.cpp,0x140240300
operator*,0.036998,0.0,0.0,0.0,5.3,0.0,0.0,0.0,0.0,,,,83602508,3300099,0,frankycpp_v1.4.exe,operator*,value.h,0x1402454fa
operator|,0.036998,0.0,0.0,0.0,0.0,0.0,0.0,0.0,0.0,0.0,0.0,0.0,206506195,54701641,0,frankycpp_v1.4.exe,operator|,bitboard.h,0x140277b93
Direction::operator int,0.035998,14.3,0.0,0.0,6.8,0.0,0.0,0.0,0.0,,,,75602268,95402862,0,frankycpp_v1.4.exe,Direction::operator int,direction.h,0x1402418a0
Move::operator==,0.035998,5.9,0.0,0.0,0.0,0.0,0.0,0.0,0.0,0.0,0.0,0.0,135804074,44001320,0,frankycpp_v1.4.exe,Move::operator==,PVTable.h,0x1402401f8
operator-,0.035998,0.0,11.7,0.0,0.0,0.0,0.0,0.0,0.0,0.0,0.0,0.0,173505205,107603228,0,frankycpp_v1.4.exe,operator-,value.h,0x14027795d
operator~,0.035998,0.0,0.0,6.1,0.0,0.0,0.0,0.0,0.0,0.0,0.0,0.0,86302589,45901377,0,frankycpp_v1.4.exe,operator~,color.h,0x140240ea0
Bitboard::popLSB,0.034998,0.0,13.4,0.0,0.0,0.0,0.0,0.0,0.0,0.0,0.0,0.0,60501815,35701071,0,frankycpp_v1.4.exe,Bitboard::popLSB,bitboard.h,0x140245b30
operator&,0.034998,0.0,0.0,0.0,0.0,0.0,0.0,0.0,0.0,0.0,0.0,0.0,196705901,131703951,0,frankycpp_v1.4.exe,operator&,bitboard.h,0x1402779ba
operator&,0.034998,44.4,0.0,25.5,35.7,5.1,0.0,0.0,0.0,,,,180105403,100503015,0,frankycpp_v1.4.exe,operator&,bitboard.h,0x140239707
Bitboard::operator bool,0.033998,50.0,0.0,0.0,0.0,0.0,20.0,0.0,0.0,0.0,0.0,0.0,111203336,76702301,0,frankycpp_v1.4.exe,Bitboard::operator bool,bitboard.h,0x140245d1e
operator+=,0.033998,0.0,0.0,0.0,0.0,0.0,6.6,0.0,0.0,0.0,0.0,0.0,213506405,95802874,0,frankycpp_v1.4.exe,operator+=,value.h,0x140245d0a
std::popcount,0.033998,0.0,0.0,0.0,0.0,0.0,0.0,0.0,0.0,0.0,0.0,0.0,205806174,107603228,0,frankycpp_v1.4.exe,std::popcount,bit,0x140245c5d
Value::operator int,0.032998,71.4,14.9,0.0,14.9,9.9,14.9,,0.0,,,,123103693,72402172,0,frankycpp_v1.4.exe,Value::operator int,value.h,0x14023ac36
operator&,0.032998,11.1,0.0,0.0,0.0,0.0,0.0,0.0,0.0,,,,297008910,122103663,0,frankycpp_v1.4.exe,operator&,bitboard.h,0x140245cc4
operator~,0.032998,0.0,10.5,0.0,0.0,0.0,0.0,0.0,0.0,0.0,0.0,0.0,150604518,127003810,0,frankycpp_v1.4.exe,operator~,color.h,0x14023921b
"std::array<Value,32>::operator[]",0.032998,0.0,0.0,0.0,0.0,0.0,0.0,0.0,0.0,,,,151604548,112303369,0,frankycpp_v1.4.exe,"std::array<Value,32>::operator[]",array,0x140277818
std::popcount,0.031998,0.0,0.0,0.0,8.2,0.0,0.0,0.0,0.0,,,,122603678,48801464,0,frankycpp_v1.4.exe,std::popcount,bit,0x140245a5e
Move::to,0.030998,0.0,0.0,0.0,0.0,0.0,0.0,0.0,0.0,,,,113003390,46601398,0,frankycpp_v1.4.exe,Move::to,move.h,0x140209c65
operator|,0.029998,0.0,0.0,0.0,0.0,0.0,0.0,,0.0,0.0,0.0,0.0,98002940,70102103,0,frankycpp_v1.4.exe,operator|,bitboard.h,0x140277a98
std::atomic<bool>::operator bool,0.029998,41.7,0.0,0.0,0.0,0.0,0.0,0.0,0.0,0.0,0.0,0.0,185505565,96402892,0,frankycpp_v1.4.exe,std::atomic<bool>::operator bool,atomic,0x14020d1b4
func@0x1406b16d3,0.028998,100.0,0.0,0.0,22.3,0.0,0.0,14.8,0.0,0.0,0.0,0.0,2600078,4400132,0,ntoskrnl.exe,func@0x1406b16d3,[Unknown],0x1406b16d3
std::max,0.028998,0.0,16.3,0.0,0.0,0.0,0.0,0.0,0.0,0.0,0.0,0.0,118503555,62701881,0,frankycpp_v1.4.exe,std::max,utility,0x14027783f
"std::unique_ptr<PawnTT::Entry [0],std::default_delete<PawnTT::Entry [0]> >::operator[]",0.028998,0.0,0.0,0.0,8.3,0.0,0.0,,0.0,,,,19800594,9900297,0,frankycpp_v1.4.exe,"std::unique_ptr<PawnTT::Entry [0],std::default_delete<PawnTT::Entry [0]> >::operator[]",memory,0x14020abe6
Move::type,0.027998,0.0,17.9,0.0,9.0,0.0,0.0,0.0,0.0,,,,119003570,32300969,0,frankycpp_v1.4.exe,Move::type,move.h,0x140209c42
moveValueGreaterComparator::operator(),0.027998,0.0,0.0,0.0,0.0,0.0,0.0,0.0,0.0,,,,20600618,28300849,0,frankycpp_v1.4.exe,moveValueGreaterComparator::operator(),move.h,0x14021af50
operator+,0.027998,20.0,15.3,0.0,0.0,0.0,7.7,0.0,0.0,0.0,0.0,0.0,106003180,91702751,0,frankycpp_v1.4.exe,operator+,direction.h,0x140240489
Bitboard::operator bool,0.026998,0.0,17.1,0.0,0.0,0.0,0.0,0.0,0.0,0.0,0.0,0.0,95802874,105603168,0,frankycpp_v1.4.exe,Bitboard::operator bool,bitboard.h,0x1402409d1
Bitboard::operator^=,0.026998,16.7,22.0,7.3,0.0,0.0,36.7,3.1,0.0,0.0,0.0,0.0,98002940,52201566,0,frankycpp_v1.4.exe,Bitboard::operator^=,bitboard.h,0x14023abb9
StaticMoveList<256>::push_back,0.026998,0.0,23.0,0.0,0.0,11.5,0.0,0.0,0.0,0.0,0.0,0.0,80702421,90302709,0,frankycpp_v1.4.exe,StaticMoveList<256>::push_back,staticmovelist.h,0x140240736
operator-,0.026998,20.0,36.7,0.0,22.0,0.0,0.0,0.0,0.0,0.0,0.0,0.0,14000420,12100363,0,frankycpp_v1.4.exe,operator-,value.h,0x14020a734
"std::array<int,64>::operator[]",0.026998,0.0,0.0,0.0,0.0,0.0,0.0,0.0,0.0,0.0,0.0,0.0,112303369,69702091,0,frankycpp_v1.4.exe,"std::array<int,64>::operator[]",array,0x140245aa7
Move::operator==,0.025998,0.0,0.0,0.0,0.0,7.2,0.0,0.0,0.0,0.0,0.0,0.0,74602238,22100663,0,frankycpp_v1.4.exe,Move::operator==,PVTable.h,0x1402401ba
MoveGenerator::resetOnDemand,0.025998,12.5,33.4,0.0,0.0,0.0,0.0,,0.0,,,,115103453,52901587,0,frankycpp_v1.4.exe,MoveGenerator::resetOnDemand,MoveGenerator.h,0x1402098b1
operator&,0.025998,0.0,0.0,0.0,0.0,0.0,0.0,,0.0,,,,218606558,85102553,0,frankycpp_v1.4.exe,operator&,bitboard.h,0x140239abf
operator+=,0.025998,0.0,15.6,0.0,0.0,0.0,0.0,0.0,0.0,0.0,0.0,0.0,136404092,62701881,0,frankycpp_v1.4.exe,operator+=,value.h,0x140245ae1
Search::evaluate,0.024998,57.1,0.0,8.5,34.2,0.0,0.0,0.0,0.0,0.0,0.0,0.0,40201206,20200606,0,frankycpp_v1.4.exe,Search::evaluate,Search.cpp,0x14020a8b8
StaticMoveList<128>::pop_back,0.024998,100.0,0.0,19.9,9.9,9.9,0.0,,0.0,,,,56201686,25400762,0,frankycpp_v1.4.exe,StaticMoveList<128>::pop_back,staticmovelist.h,0x14020a1c8
"std::array<Value,25>::operator[]",0.024998,0.0,0.0,10.2,0.0,0.0,0.0,0.0,0.0,0.0,0.0,0.0,29800894,42201266,0,frankycpp_v1.4.exe,"std::array<Value,25>::operator[]",array,0x140240fe2
colorOf,0.023998,42.9,0.0,0.0,0.0,0.0,7.2,1.1,0.0,0.0,0.0,0.0,83102493,79102373,0,frankycpp_v1.4.exe,colorOf,piece.h,0x14023ab99
typeOf,0.023998,0.0,21.0,0.0,0.0,0.0,0.0,0.0,0.0,0.0,0.0,0.0,112303369,51701551,0,frankycpp_v1.4.exe,typeOf,piece.h,0x14023999f
Bitboard::operator bool,0.022998,0.0,17.1,0.0,0.0,0.0,0.0,0.0,0.0,0.0,0.0,0.0,88202646,53201596,0,frankycpp_v1.4.exe,Bitboard::operator bool,bitboard.h,0x1402411b0
Position::getEndPosValue,0.022998,0.0,13.1,13.1,0.0,13.1,0.0,53.4,0.0,0.0,0.0,0.0,52501575,80302409,0,frankycpp_v1.4.exe,Position::getEndPosValue,Position.h,0x1402452ef
Position::getPieceBb,0.022998,0.0,0.0,0.0,0.0,0.0,0.0,,0.0,0.0,0.0,0.0,84702541,54301629,0,frankycpp_v1.4.exe,Position::getPieceBb,Position.h,0x1402779ea
Value::operator int,0.022998,25.0,41.6,13.9,0.0,0.0,13.9,7.8,0.0,0.0,0.0,0.0,95602868,67202016,0,frankycpp_v1.4.exe,Value::operator int,value.h,0x14023ab46
Value::operator int,0.022998,0.0,0.0,0.0,0.0,0.0,0.0,,0.0,,,,66501995,58401752,0,frankycpp_v1.4.exe,Value::operator int,value.h,0x14023ab0e
operator+=,0.022998,100.0,0.0,0.0,0.0,0.0,45.9,0.0,0.0,0.0,0.0,0.0,133103993,79602388,0,frankycpp_v1.4.exe,operator+=,value.h,0x140245c72
"std::unique_ptr<PawnTT::Entry [0],std::default_delete<PawnTT::Entry [0]> >::operator[]",0.022998,33.3,21.0,0.0,31.5,0.0,10.5,0.0,0.0,,,,24300729,22500675,0,frankycpp_v1.4.exe,"std::unique_ptr<PawnTT::Entry [0],std::default_delete<PawnTT::Entry [0]> >::operator[]",memory,0x1402455dd
typeOf,0.022998,0.0,0.0,0.0,0.0,0.0,0.0,0.0,0.0,,,,74602238,19800594,0,frankycpp_v1.4.exe,typeOf,piece.h,0x140240f03
Move::operator==,0.021999,0.0,0.0,0.0,0.0,0.0,0.0,0.0,0.0,,,,102303069,42901287,0,frankycpp_v1.4.exe,Move::operator==,PVTable.h,0x14020aada
Position::checkInsufficientMaterial,0.021999,0.0,0.0,0.0,11.1,0.0,0.0,0.0,0.0,0.0,0.0,0.0,73902217,36301089,0,frankycpp_v1.4.exe,Position::checkInsufficientMaterial(void),Position.cpp,0x140239df0
Search::valueToTt,0.021999,9.1,0.0,0.0,7.2,0.0,14.4,,0.0,0.0,0.0,0.0,158204746,119903597,0,frankycpp_v1.4.exe,"Search::valueToTt(class Value,enum Depth)",Search.cpp,0x14020b050
StaticMoveList<256>::empty,0.021999,0.0,23.7,0.0,0.0,0.0,0.0,0.0,0.0,0.0,0.0,0.0,60101803,38201146,0,frankycpp_v1.4.exe,StaticMoveList<256>::empty,staticmovelist.h,0x14023fd3d
StaticMoveList<256>::push_back,0.021999,0.0,36.7,12.2,0.0,0.0,0.0,0.0,0.0,0.0,0.0,0.0,35301059,37801134,0,frankycpp_v1.4.exe,StaticMoveList<256>::push_back,staticmovelist.h,0x14024128a
func@0x1406b27ef,0.021999,75.0,33.4,11.1,22.3,0.0,0.0,10.3,30.8,0.0,0.5,0.2,1500045,0,0,ntoskrnl.exe,func@0x1406b27ef,[Unknown],0x1406b27ef
operator-,0.021999,0.0,39.7,0.0,0.0,0.0,0.0,0.0,0.0,0.0,0.0,0.0,55201656,43701311,0,frankycpp_v1.4.exe,operator-,value.h,0x140277825
"std::array<PlyInfo,128>::operator[]",0.021999,0.0,15.0,7.5,7.5,0.0,0.0,,0.0,,,,59101773,4800144,0,frankycpp_v1.4.exe,"std::array<PlyInfo,128>::operator[]",array,0x14020a994
"std::array<std::array<unsigned __int64,64>,16>::operator[]",0.021999,0.0,0.0,13.6,6.8,0.0,6.8,0.0,66.8,0.0,0.0,0.0,119403582,62001860,0,frankycpp_v1.4.exe,"std::array<std::array<unsigned __int64,64>,16>::operator[]",array,0x14023abab
Move::encode,0.020999,0.0,0.0,25.3,0.0,0.0,0.0,0.0,100.0,0.0,0.0,0.0,52501575,41801254,0,frankycpp_v1.4.exe,Move::encode,move.h,0x14024072d
Move::type,0.020999,33.3,0.0,0.0,0.0,0.0,36.7,0.0,0.0,,,,67102013,22800684,0,frankycpp_v1.4.exe,Move::type,move.h,0x1402776cd
Position::getPieceBb,0.020999,0.0,0.0,0.0,0.0,0.0,57.4,0.0,0.0,0.0,0.0,0.0,49701491,25000750,0,frankycpp_v1.4.exe,Position::getPieceBb,Position.h,0x1402403c1
Value::operator int,0.020999,0.0,0.0,9.7,0.0,0.0,0.0,,0.0,0.0,0.0,0.0,68802064,37101113,0,frankycpp_v1.4.exe,Value::operator int,value.h,0x14023ac0e
func@0x1800126c0,0.020999,57.1,15.3,0.0,0.0,0.0,45.9,26.7,0.0,0.0,0.0,0.0,0,0,0,vcruntime140.dll,func@0x1800126c0,[Unknown],0x1800126c0
operator&,0.020999,20.0,31.3,0.0,7.8,0.0,39.1,0.0,0.0,0.0,0.0,0.0,84102523,102403072,0,frankycpp_v1.4.exe,operator&,bitboard.h,0x140240555
operator+,0.020999,100.0,0.0,0.0,11.1,0.0,0.0,0.0,0.0,,,,15400462,348810464,0,frankycpp_v1.4.exe,operator+,value.h,0x140245345
operator+=,0.020999,0.0,18.8,0.0,0.0,0.0,0.0,0.0,0.0,,,,41101233,14300429,0,frankycpp_v1.4.exe,operator+=,value.h,0x1402462e6
operator-,0.020999,0.0,0.0,62.7,26.9,0.0,0.0,,0.0,,,,44401332,23100693,0,frankycpp_v1.4.exe,operator-,value.h,0x14020ac6d
operator-,0.020999,0.0,0.0,0.0,0.0,0.0,0.0,0.0,0.0,,,,99002970,48401452,0,frankycpp_v1.4.exe,operator-,value.h,0x140277813
operator|,0.020999,0.0,17.9,0.0,0.0,0.0,0.0,0.0,0.0,,,,87302619,59101773,0,frankycpp_v1.4.exe,operator|,bitboard.h,0x140277aca
Position::getLastMove,0.019999,0.0,0.0,0.0,0.0,0.0,0.0,,0.0,,,,50201506,13600408,0,frankycpp_v1.4.exe,Position::getLastMove,Position.h,0x14024026b
Search::thread,0.019999,0.0,0.0,14.4,0.0,0.0,0.0,,0.0,,,,39501185,20400612,0,frankycpp_v1.4.exe,Search::thread,Search.h,0x140208d02
StaticMoveList<256>::empty,0.019999,16.7,0.0,0.0,23.0,0.0,0.0,0.0,0.0,0.0,0.0,0.0,46001380,32000960,0,frankycpp_v1.4.exe,StaticMoveList<256>::empty,staticmovelist.h,0x14023e403
func@0x14002706b,0.019999,20.0,0.0,0.0,0.0,100.0,0.0,0.0,0.0,0.0,0.0,0.0,6600198,2200066,550231,dxgmms2.sys,func@0x14002706b,[Unknown],0x14002706b
operator&,0.019999,0.0,0.0,0.0,0.0,0.0,0.0,0.0,0.0,0.0,0.0,0.0,108803264,59901797,0,frankycpp_v1.4.exe,operator&,bitboard.h,0x140240ea5
operator+,0.019999,0.0,0.0,0.0,0.0,0.0,0.0,0.0,0.0,,,,45901377,23500705,0,frankycpp_v1.4.exe,operator+,castlingrights.h,0x140239134
operator|,0.019999,0.0,0.0,0.0,0.0,0.0,43.2,0.0,0.0,,,,14000420,12900387,0,frankycpp_v1.4.exe,operator|,bitboard.h,0x140166e36
"std::ranges::_Inplace_merge_buffer_left<Move *,moveValueGreaterComparator,std::identity>",0.019999,0.0,0.0,0.0,0.0,0.0,0.0,0.0,0.0,0.0,0.0,0.0,22800684,10700321,0,frankycpp_v1.4.exe,"std::ranges::_Inplace_merge_buffer_left<Move *,moveValueGreaterComparator,std::identity>(class Move *, class Move *, class Move *, class Move *, const __int64, struct moveValueGreaterComparator, struct std::identity)",algorithm,0x14021cf60
Move::from,0.018999,25.0,23.7,0.0,82.9,0.0,0.0,2.8,0.0,0.0,0.0,0.0,48801464,17300519,0,frankycpp_v1.4.exe,Move::from,move.h,0x14023944f
Move::from,0.018999,0.0,38.7,0.0,0.0,0.0,9.7,0.0,0.0,0.0,0.0,0.0,97302919,32300969,0,frankycpp_v1.4.exe,Move::from,move.h,0x14020999c
Search::valueFromTt,0.018999,20.0,0.0,0.0,30.6,0.0,0.0,,0.0,,,,5500165,2200066,0,frankycpp_v1.4.exe,"Search::valueFromTt(class Value,enum Depth)",Search.cpp,0x14020b090
StaticMoveList<256>::empty,0.018999,0.0,0.0,0.0,0.0,0.0,0.0,0.0,0.0,0.0,0.0,0.0,48101443,30100903,0,frankycpp_v1.4.exe,StaticMoveList<256>::empty,staticmovelist.h,0x140240010
func@0x140def930,0.018999,66.7,0.0,100.0,0.0,0.0,0.0,0.0,0.0,0.0,0.0,0.0,0,0,0,nvlddmkm.sys,func@0x140def930,[Unknown],0x140def930
"std::_Hash<std::_Umap_traits<unsigned __int64,BookEntry,std::_Uhash_compare<unsigned __int64,std::hash<unsigned __int64>,std::equal_to<unsigned __int64> >,std::allocator<std::pair<unsigned __int64 const ,BookEntry> >,0> >::_Find_last",0.018999,100.0,54.0,0.0,10.8,75.6,0.0,0.0,0.0,0.0,0.0,0.0,12100363,0,0,frankycpp_v1.4.exe,"std::_Hash<std::_Umap_traits<unsigned __int64,BookEntry,std::_Uhash_compare<unsigned __int64,std::hash<unsigned __int64>,std::equal_to<unsigned __int64> >,std::allocator<std::pair<unsigned __int64 const ,BookEntry> >,0> >::_Find_last",xhash,0x140261b50
std::max,0.018999,0.0,0.0,0.0,0.0,0.0,0.0,0.0,0.0,0.0,0.0,0.0,61701851,27500825,0,frankycpp_v1.4.exe,std::max,utility,0x140277945
typeOf,0.018999,0.0,0.0,0.0,0.0,0.0,0.0,0.0,0.0,,,,34901047,7700231,0,frankycpp_v1.4.exe,typeOf,piece.h,0x140277806
Position::getNextPlayer,0.017999,0.0,0.0,0.0,0.0,0.0,10.8,0.0,0.0,,,,61401842,47701431,0,frankycpp_v1.4.exe,Position::getNextPlayer,Position.h,0x14024016e
Value::isCheckMate,0.017999,100.0,76.5,0.0,45.9,0.0,0.0,0.0,0.0,0.0,19.1,0.0,8100243,5900177,0,frankycpp_v1.4.exe,Value::isCheckMate,value.h,0x14020b094
colorOf,0.017999,60.0,0.0,0.0,0.0,0.0,9.9,,0.0,,,,41201236,32800984,0,frankycpp_v1.4.exe,colorOf,piece.h,0x14023aa72
"std::array<HistoryState,512>::operator[]",0.017999,33.3,0.0,0.0,0.0,0.0,64.8,0.0,0.0,0.0,0.0,0.0,39401182,9900297,0,frankycpp_v1.4.exe,"std::array<HistoryState,512>::operator[]",array,0x140238e48
"std::array<unsigned __int64,64>::operator[]",0.017999,30.8,0.0,6.7,26.7,0.0,6.7,,0.0,0.0,0.0,0.0,50001500,46001380,0,frankycpp_v1.4.exe,"std::array<unsigned __int64,64>::operator[]",array,0x14023aaca
Bitboard::operator~,0.016999,0.0,0.0,0.0,12.7,0.0,0.0,0.0,0.0,,,,43701311,76402292,0,frankycpp_v1.4.exe,Bitboard::operator~,bitboard.h,0x1402406a2
Rank::promotionFor,0.016999,0.0,81.6,0.0,0.0,0.0,0.0,0.0,0.0,0.0,0.0,0.0,27200816,30500915,0,frankycpp_v1.4.exe,Rank::promotionFor,rank.h,0x140240aef
operator-,0.016999,100.0,0.0,0.0,61.2,0.0,0.0,0.0,0.0,0.0,0.0,0.0,36701101,21300639,0,frankycpp_v1.4.exe,operator-,value.h,0x14020a078
operator|,0.016999,0.0,0.0,0.0,0.0,0.0,0.0,0.0,0.0,,,,65201956,21700651,0,frankycpp_v1.4.exe,operator|,bitboard.h,0x140239a1d
std::countr_zero,0.016999,0.0,0.0,0.0,0.0,0.0,0.0,0.0,0.0,,,,36301089,29000870,0,frankycpp_v1.4.exe,std::countr_zero,bit,0x1402406e8
Bitboard::operator bool,0.015999,0.0,0.0,0.0,0.0,0.0,0.0,0.0,0.0,0.0,0.0,0.0,87702631,35201056,0,frankycpp_v1.4.exe,Bitboard::operator bool,bitboard.h,0x140245c45
operator+=,0.015999,0.0,0.0,0.0,0.0,0.0,0.0,0.0,0.0,,,,28600858,13200396,0,frankycpp_v1.4.exe,operator+=,value.h,0x14024549c
"std::_Atomic_reinterpret_as<__int64,unsigned __int64>",0.015999,42.9,0.0,0.0,91.8,0.0,0.0,,0.0,0.0,0.0,0.0,47301419,21300639,0,frankycpp_v1.4.exe,"std::_Atomic_reinterpret_as<__int64,unsigned __int64>(unsigned __int64 const & __ptr64)",atomic,0x140245080
typeOf,0.015999,60.0,35.8,0.0,0.0,0.0,9.0,0.0,0.0,,,,96602898,58401752,0,frankycpp_v1.4.exe,typeOf,piece.h,0x1402391a1
Direction::pawnPush,0.014999,25.0,0.0,0.0,0.0,0.0,0.0,0.0,0.0,,,,55401662,40401212,0,frankycpp_v1.4.exe,Direction::pawnPush,direction.h,0x140240990
Direction::{ctor},0.014999,0.0,0.0,0.0,0.0,0.0,0.0,0.0,0.0,,,,28300849,13600408,0,frankycpp_v1.4.exe,Direction::{ctor},direction.h,0x1402409bd
Move::operator==,0.014999,12.5,0.0,0.0,0.0,0.0,0.0,0.0,0.0,0.8,0.8,0.0,59901797,19200576,0,frankycpp_v1.4.exe,Move::operator==,PVTable.h,0x1402401d9
PVTable::update,0.014999,0.0,66.8,0.0,0.0,0.0,0.0,,0.0,5.8,0.0,0.0,30100903,13600408,0,frankycpp_v1.4.exe,"PVTable::update(class Move,enum Depth)",PVTable.h,0x1401fdea0
Square::pawnPush,0.014999,0.0,0.0,0.0,0.0,0.0,11.5,0.0,0.0,,,,61801854,37101113,0,frankycpp_v1.4.exe,Square::pawnPush,square.h,0x1402391c5
"std::array<HistoryState,512>::operator[]",0.014999,11.1,0.0,0.0,44.5,0.0,0.0,,0.0,,,,59801794,18400552,0,frankycpp_v1.4.exe,"std::array<HistoryState,512>::operator[]",array,0x1402392ea
Bitboard::operator^=,0.013999,0.0,0.0,0.0,0.0,0.0,0.0,0.0,0.0,,,,61601848,42901287,0,frankycpp_v1.4.exe,Bitboard::operator^=,bitboard.h,0x1402778ad
Move::operator==,0.013999,0.0,0.0,0.0,0.0,0.0,0.0,0.0,0.0,0.0,0.0,0.0,43701311,21100633,0,frankycpp_v1.4.exe,Move::operator==,PVTable.h,0x140209aa3
Move::stripped,0.013999,0.0,0.0,0.0,0.0,0.0,0.0,,0.0,,,,53401602,18100543,0,frankycpp_v1.4.exe,Move::stripped,move.h,0x14023e452
Move::to,0.013999,0.0,12.9,0.0,0.0,0.0,0.0,0.0,0.0,,,,124003720,36401092,0,frankycpp_v1.4.exe,Move::to,move.h,0x14020aecd
StaticMoveList<128>::pop_back,0.013999,14.3,53.7,0.0,89.6,0.0,9.0,,0.0,,,,39601188,26800804,0,frankycpp_v1.4.exe,StaticMoveList<128>::pop_back,staticmovelist.h,0x14020ac73
StaticMoveList<256>::push_back,0.013999,0.0,0.0,0.0,0.0,0.0,0.0,0.0,0.0,,,,17600528,13200396,0,frankycpp_v1.4.exe,StaticMoveList<256>::push_back,staticmovelist.h,0x140240cac
operator+,0.013999,0.0,0.0,0.0,16.0,0.0,0.0,0.0,0.0,,,,38501155,19100573,0,frankycpp_v1.4.exe,operator+,direction.h,0x140245782
operator+=,0.013999,0.0,77.3,0.0,0.0,0.0,0.0,0.0,0.0,0.0,0.0,0.0,58301749,28600858,0,frankycpp_v1.4.exe,operator+=,value.h,0x140245608
operator-,0.013999,40.0,0.0,0.0,0.0,0.0,0.0,0.0,0.0,0.0,0.0,0.0,5900177,0,0,frankycpp_v1.4.exe,operator-,value.h,0x14020ac44
operator~,0.013999,0.0,0.0,0.0,0.0,0.0,0.0,0.0,0.0,,,,56201686,22800684,0,frankycpp_v1.4.exe,operator~,color.h,0x140209c56
operator~,0.013999,100.0,24.5,0.0,0.0,0.0,24.5,0.0,0.0,0.0,0.0,0.0,51701551,19100573,0,frankycpp_v1.4.exe,operator~,color.h,0x1402392dc
Position::isCapturingMove,0.012999,0.0,0.0,0.0,0.0,0.0,0.0,0.0,0.0,0.0,0.0,0.0,63701911,31600948,0,frankycpp_v1.4.exe,Position::isCapturingMove,Position.h,0x140209c56
StaticMoveList<128>::push_back,0.012999,0.0,0.0,0.0,30.6,0.0,0.0,,,,,,14300429,4800144,0,frankycpp_v1.4.exe,StaticMoveList<128>::push_back,staticmovelist.h,0x140209fd0
func@0x140241690,0.012999,,49.0,0.0,24.5,49.0,0.0,67.6,66.8,4.5,13.4,17.8,1900057,1100033,950243,ntoskrnl.exe,func@0x140241690,[Unknown],0x140241690
func@0x1406ac770,0.012999,0.0,47.4,0.0,0.0,23.7,0.0,66.8,0.0,0.0,0.0,0.0,6300189,3700111,0,ntoskrnl.exe,func@0x1406ac770,[Unknown],0x1406ac770
func@0x1406b96ae,0.012999,100.0,0.0,0.0,0.0,0.0,0.0,,0.0,0.0,0.0,0.0,1100033,1100033,0,ntoskrnl.exe,func@0x1406b96ae,[Unknown],0x1406b96ae
operator-,0.012999,0.0,0.0,52.5,0.0,0.0,0.0,0.0,0.0,0.0,0.0,0.0,31200936,24600738,0,frankycpp_v1.4.exe,operator-,value.h,0x140240c21
operator>=,0.012999,0.0,0.0,0.0,0.0,0.0,0.0,0.0,0.0,,,,20600618,18400552,0,frankycpp_v1.4.exe,operator>=,value.h,0x14020af2d
"std::array<Bitboard,8>::operator[]",0.012999,0.0,14.7,14.7,0.0,0.0,0.0,0.0,0.0,0.0,0.0,0.0,27600828,20600618,0,frankycpp_v1.4.exe,"std::array<Bitboard,8>::operator[]",array,0x1402409aa
"std::array<Move,128>::operator[]",0.012999,0.0,0.0,0.0,13.6,0.0,0.0,0.0,0.0,,,,16600498,6700201,0,frankycpp_v1.4.exe,"std::array<Move,128>::operator[]",array,0x140208d07
std::countr_zero,0.012999,0.0,0.0,0.0,0.0,0.0,0.0,0.0,0.0,0.0,0.0,0.0,24800744,10400312,0,frankycpp_v1.4.exe,std::countr_zero,bit,0x140245b30
typeOf,0.012999,0.0,0.0,0.0,0.0,0.0,0.0,26.7,0.0,0.0,0.0,0.0,35301059,15700471,0,frankycpp_v1.4.exe,typeOf,piece.h,0x14023aa6a
Bitboard::popLSB,0.011999,0.0,0.0,0.0,0.0,0.0,19.3,0.0,0.0,,,,27700831,14300429,0,frankycpp_v1.4.exe,Bitboard::popLSB,bitboard.h,0x140240ef5
Position::getNextPlayer,0.011999,33.3,0.0,0.0,0.0,0.0,24.5,,0.0,,,,17000510,8200246,0,frankycpp_v1.4.exe,Position::getNextPlayer,Position.h,0x1402403b3
Search::search::__l2::<lambda_1>::operator(),0.011999,0.0,0.0,0.0,16.7,0.0,0.0,0.0,0.0,0.0,0.0,0.0,51801554,22400672,0,frankycpp_v1.4.exe,Search::search::__l2::<lambda_1>::operator(),Search.cpp,0x14020929c
boost::archive::detail::basic_iarchive_impl::register_type,0.011999,0.0,38.7,0.0,0.0,0.0,0.0,0.0,0.0,0.0,0.0,0.0,70402112,38501155,0,frankycpp_v1.4.exe,boost::archive::detail::basic_iarchive_impl::register_type(class boost::archive::detail::basic_iserializer const &),basic_iarchive.cpp,0x140283750
func@0x140278080,0.011999,0.0,0.0,0.0,38.0,0.0,0.0,66.8,0.0,0.0,0.0,0.0,1500045,0,0,ntoskrnl.exe,func@0x140278080,[Unknown],0x140278080
func@0x1402e31ed,0.011999,0.0,0.0,0.0,16.7,0.0,0.0,0.0,0.0,0.0,0.0,0.0,4800144,5500165,0,ntoskrnl.exe,func@0x1402e31ed,[Unknown],0x1402e31ed
operator&,0.011999,0.0,0.0,0.0,0.0,0.0,0.0,0.0,0.0,0.0,0.0,0.0,65001950,31600948,0,frankycpp_v1.4.exe,operator&,bitboard.h,0x1402779d2
operator&,0.011999,0.0,0.0,0.0,0.0,0.0,26.2,0.0,0.0,0.0,0.0,0.0,51701551,36301089,0,frankycpp_v1.4.exe,operator&,bitboard.h,0x1402398bd
operator+,0.011999,0.0,0.0,0.0,0.0,0.0,0.0,0.0,0.0,,,,37401122,20900627,0,frankycpp_v1.4.exe,operator+,value.h,0x140209d05
operator|,0.011999,0.0,0.0,0.0,19.3,0.0,0.0,0.0,0.0,0.0,0.0,0.0,31900957,16500495,0,frankycpp_v1.4.exe,operator|,bitboard.h,0x14024574a
"std::array<std::array<int,64>,64>::operator[]",0.011999,0.0,0.0,0.0,0.0,0.0,0.0,0.0,0.0,,,,42601278,6700201,0,frankycpp_v1.4.exe,"std::array<std::array<int,64>,64>::operator[]",array,0x140240235
Bitboard::operator bool,0.010999,0.0,0.0,0.0,0.0,0.0,0.0,0.0,0.0,,,,44001320,25300759,0,frankycpp_v1.4.exe,Bitboard::operator bool,bitboard.h,0x14024569b
Position::getPieceBb,0.010999,0.0,0.0,0.0,0.0,0.0,0.0,0.0,0.0,0.0,0.0,0.0,57001710,61601848,0,frankycpp_v1.4.exe,Position::getPieceBb,Position.h,0x140277aec
func@0x1400010e0,0.010999,100.0,100.0,81.6,0.0,0.0,0.0,,0.0,,,,2200066,0,0,intelppm.sys,func@0x1400010e0,[Unknown],0x1400010e0
func@0x1402786e0,0.010999,0.0,0.0,16.0,31.9,0.0,0.0,53.4,0.0,0.0,0.0,0.0,4400132,4400132,0,ntoskrnl.exe,func@0x1402786e0,[Unknown],0x1402786e0
operator&,0.010999,0.0,0.0,0.0,0.0,0.0,0.0,0.0,0.0,0.0,0.0,0.0,88502655,37801134,0,frankycpp_v1.4.exe,operator&,bitboard.h,0x1402779c6
operator+,0.010999,0.0,52.5,0.0,0.0,0.0,0.0,0.0,0.0,,,,54401632,25000750,0,frankycpp_v1.4.exe,operator+,value.h,0x140209d01
operator|,0.010999,33.3,49.0,0.0,24.5,0.0,0.0,,0.0,,,,35601068,27500825,0,frankycpp_v1.4.exe,operator|,bitboard.h,0x14023984d
"std::array<Bitboard,64>::operator[]",0.010999,33.3,0.0,0.0,0.0,0.0,0.0,0.0,0.0,0.0,0.0,0.0,32200966,17600528,0,frankycpp_v1.4.exe,"std::array<Bitboard,64>::operator[]",array,0x14023aa90
std::popcount,0.010999,0.0,0.0,0.0,0.0,0.0,0.0,,0.0,,,,49701491,32300969,0,frankycpp_v1.4.exe,std::popcount,bit,0x140245d79
"std::unique_ptr<TT::Entry [0],std::default_delete<TT::Entry [0]> >::operator[]",0.010999,0.0,0.0,0.0,0.0,0.0,0.0,0.0,0.0,0.0,0.0,0.0,19100573,12100363,0,frankycpp_v1.4.exe,"std::unique_ptr<TT::Entry [0],std::default_delete<TT::Entry [0]> >::operator[]",memory,0x140209fb4
typeOf,0.010999,0.0,0.0,0.0,0.0,0.0,0.0,0.0,0.0,0.0,0.0,0.0,60901827,29700891,0,frankycpp_v1.4.exe,typeOf,piece.h,0x140209cb2
Bitboard::operator|=,0.009999,0.0,61.2,0.0,0.0,0.0,0.0,0.0,0.0,,,,52801584,23500705,0,frankycpp_v1.4.exe,Bitboard::operator|=,bitboard.h,0x14024575e
CastlingRights::operator-=,0.009999,0.0,0.0,0.0,0.0,0.0,0.0,0.0,0.0,0.0,0.0,0.0,90302709,47101413,0,frankycpp_v1.4.exe,CastlingRights::operator-=,castlingrights.h,0x14023914f
Move::encode,0.009999,0.0,0.0,0.0,0.0,0.0,0.0,0.0,0.0,,,,11400342,11000330,0,frankycpp_v1.4.exe,Move::encode,move.h,0x140240c18
Move::stripped,0.009999,0.0,0.0,0.0,0.0,0.0,0.0,0.0,0.0,,,,13200396,14300429,0,frankycpp_v1.4.exe,Move::stripped,move.h,0x14023e42c
Square::{ctor},0.009999,0.0,0.0,0.0,0.0,0.0,26.2,0.0,0.0,0.0,0.0,0.0,23600708,9900297,0,frankycpp_v1.4.exe,Square::{ctor},square.h,0x140238e15
StaticMoveList<128>::push_back,0.009999,0.0,0.0,0.0,13.1,0.0,0.0,,0.0,,,,13200396,4400132,0,frankycpp_v1.4.exe,StaticMoveList<128>::push_back,staticmovelist.h,0x14020abf5
TT::resize,0.009999,0.0,0.0,0.0,0.0,0.0,0.0,0.0,0.0,0.0,0.0,0.0,45101353,111103333,0,frankycpp_v1.4.exe,TT::resize(unsigned __int64),TT.cpp,0x140246790
func@0x1400e0af0,0.009999,50.0,100.0,0.0,0.0,0.0,0.0,0.0,0.0,0.0,0.0,0.0,1100033,0,0,nvlddmkm.sys,func@0x1400e0af0,[Unknown],0x1400e0af0
operator+=,0.009999,0.0,0.0,0.0,0.0,0.0,0.0,0.0,0.0,,,,8800264,0,0,frankycpp_v1.4.exe,operator+=,value.h,0x1402462f9
operator+=,0.009999,0.0,0.0,0.0,0.0,0.0,0.0,0.0,0.0,0.0,0.0,0.0,36401092,25300759,0,frankycpp_v1.4.exe,operator+=,value.h,0x140245c34
operator-,0.009999,0.0,100.0,0.0,0.0,0.0,0.0,0.0,0.0,0.0,0.0,0.0,13200396,7000210,0,frankycpp_v1.4.exe,operator-,value.h,0x140240cd4
operator|,0.009999,0.0,0.0,0.0,0.0,0.0,30.6,0.0,0.0,0.0,0.0,0.0,23100693,11400342,0,frankycpp_v1.4.exe,operator|,bitboard.h,0x140277737
"std::array<Bitboard,64>::operator[]",0.009999,50.0,66.8,0.0,0.0,0.0,0.0,0.0,0.0,,,,11400342,4400132,0,frankycpp_v1.4.exe,"std::array<Bitboard,64>::operator[]",array,0x1402456f9
Move::encode,0.008999,0.0,0.0,0.0,0.0,0.0,0.0,0.0,0.0,,,,6600198,1100033,0,frankycpp_v1.4.exe,Move::encode,move.h,0x140240ccb
Move::encode,0.008999,0.0,0.0,0.0,0.0,0.0,0.0,0.0,0.0,0.0,0.0,0.0,29400882,6600198,0,frankycpp_v1.4.exe,Move::encode,move.h,0x14024130e
Move::to,0.008999,0.0,0.0,0.0,0.0,0.0,0.0,0.0,0.0,0.0,0.0,0.0,23500705,11000330,0,frankycpp_v1.4.exe,Move::to,move.h,0x14027774f
Position::doNullMove,0.008999,0.0,0.0,0.0,28.3,0.0,0.0,0.0,0.0,0.0,0.0,0.0,28300849,14300429,0,frankycpp_v1.4.exe,Position::doNullMove(void),Position.cpp,0x1402394f0
Position::getPiece,0.008999,100.0,0.0,0.0,0.0,0.0,52.5,0.0,0.0,0.0,0.0,0.0,8500255,5900177,0,frankycpp_v1.4.exe,Position::getPiece,Position.h,0x14023ab7a
StaticMoveList<256>::push_back,0.008999,0.0,0.0,20.4,61.2,0.0,20.4,0.0,0.0,0.0,0.0,0.0,47001410,26400792,0,frankycpp_v1.4.exe,StaticMoveList<256>::push_back,staticmovelist.h,0x1402412ef
Value::isValid,0.008999,0.0,0.0,73.5,0.0,36.7,0.0,0.0,0.0,0.0,0.0,0.0,8100243,0,0,frankycpp_v1.4.exe,Value::isValid,value.h,0x14020a7dd
func@0x1402494a0,0.008999,0.0,0.0,0.0,49.0,0.0,0.0,0.0,0.0,0.0,0.0,0.0,4400132,3700111,0,ntoskrnl.exe,func@0x1402494a0,[Unknown],0x1402494a0
func@0x18001d400,0.008999,0.0,70.0,17.5,17.5,0.0,0.0,0.0,0.0,0.0,0.0,0.0,68202046,89102673,0,ntdll.dll,func@0x18001d400,[Unknown],0x18001d400
operator&,0.008999,0.0,61.2,0.0,0.0,0.0,0.0,0.0,0.0,,,,45601368,31200936,0,frankycpp_v1.4.exe,operator&,bitboard.h,0x1402779de
operator*,0.008999,20.0,13.1,0.0,26.2,0.0,0.0,0.0,0.0,0.0,0.0,0.0,113003390,129103873,0,frankycpp_v1.4.exe,operator*,value.h,0x140245313
operator+,0.008999,0.0,0.0,0.0,0.0,0.0,28.3,0.0,0.0,0.0,0.0,0.0,41501245,26400792,0,frankycpp_v1.4.exe,operator+,depth.h,0x140209bfc
operator-,0.008999,0.0,0.0,0.0,0.0,0.0,0.0,0.0,0.0,,,,31200936,17600528,0,frankycpp_v1.4.exe,operator-,value.h,0x140240f41
operator~,0.008999,0.0,0.0,0.0,0.0,0.0,0.0,0.0,0.0,,,,25800774,12500375,0,frankycpp_v1.4.exe,operator~,color.h,0x14023997f
std::countr_zero,0.008999,0.0,0.0,0.0,0.0,0.0,0.0,,0.0,,,,60001800,47301419,0,frankycpp_v1.4.exe,std::countr_zero,bit,0x140245d38
"std::ranges::_Buffered_inplace_merge_common<Move *,moveValueGreaterComparator,std::identity>",0.008999,0.0,0.0,0.0,0.0,0.0,0.0,0.0,0.0,0.0,0.0,0.0,4400132,3300099,0,frankycpp_v1.4.exe,"std::ranges::_Buffered_inplace_merge_common<Move *,moveValueGreaterComparator,std::identity>(class Move *, class Move *, class Move *, __int64, __int64, class Move *, const __int64, struct moveValueGreaterComparator, struct std::identity)",algorithm,0x14021b260
"std::ranges::_Stable_sort_fn::_Buffered_merge_sort_common<Move *,moveValueGreaterComparator,std::identity>",0.008999,0.0,0.0,0.0,0.0,0.0,0.0,0.0,0.0,0.0,0.0,0.0,8800264,14000420,0,frankycpp_v1.4.exe,"std::ranges::_Stable_sort_fn::_Buffered_merge_sort_common<Move *,moveValueGreaterComparator,std::identity>(class Move *, class Move *, const __int64, class Move *, struct moveValueGreaterComparator, struct std::identity)",algorithm,0x14021ae60
Bitboard::operator bool,0.007999,0.0,0.0,0.0,0.0,0.0,0.0,,0.0,0.0,0.0,0.0,45501365,27600828,0,frankycpp_v1.4.exe,Bitboard::operator bool,bitboard.h,0x140245ddb
Bitboard::operator|=,0.007999,0.0,0.0,0.0,0.0,0.0,0.0,0.0,0.0,,,,43001290,30800924,0,frankycpp_v1.4.exe,Bitboard::operator|=,bitboard.h,0x1402778b3
Bitboard::shifted,0.007999,0.0,0.0,0.0,0.0,0.0,0.0,0.0,0.0,0.0,0.0,0.0,15400462,1100033,0,frankycpp_v1.4.exe,Bitboard::shifted,bitboard.h,0x140240827
Move::setValue,0.007999,0.0,52.5,0.0,0.0,0.0,0.0,0.0,0.0,,,,40001200,10300309,0,frankycpp_v1.4.exe,Move::setValue,move.h,0x1402402b4
StaticMoveList<256>::push_back,0.007999,0.0,0.0,0.0,0.0,0.0,0.0,0.0,0.0,,,,23100693,22000660,0,frankycpp_v1.4.exe,StaticMoveList<256>::push_back,staticmovelist.h,0x140240bfd
_std_type_info_compare,0.007999,0.0,61.2,0.0,0.0,0.0,0.0,0.0,0.0,0.0,0.0,0.0,73702211,26400792,0,vcruntime140.dll,_std_type_info_compare,[Unknown],0x180005030
decompress_pairs,0.007999,50.0,100.0,0.0,0.0,49.0,0.0,0.0,0.0,0.0,0.0,0.0,6600198,1100033,0,frankycpp_v1.4.exe,"decompress_pairs(struct PairsData *, unsigned __int64)",tbprobe.c,0x14027e290
func@0x140258630,0.007999,0.0,0.0,0.0,91.8,0.0,0.0,0.0,0.0,0.0,0.0,0.0,3300099,3300099,0,ntoskrnl.exe,func@0x140258630,[Unknown],0x140258630
func@0x1403996f0,0.007999,100.0,52.5,0.0,26.2,52.5,0.0,0.0,0.0,0.0,0.0,0.0,2200066,1100033,0,nvlddmkm.sys,func@0x1403996f0,[Unknown],0x1403996f0
operator+,0.007999,0.0,0.0,0.0,0.0,0.0,0.0,0.0,0.0,,,,33401002,14700441,0,frankycpp_v1.4.exe,operator+,value.h,0x14020ab1a
operator+=,0.007999,,0.0,73.5,73.5,0.0,0.0,,0.0,0.0,11.1,0.0,8500255,2200066,0,frankycpp_v1.4.exe,operator+=,value.h,0x140245600
operator|,0.007999,0.0,0.0,0.0,0.0,0.0,0.0,0.0,0.0,0.0,0.0,0.0,23500705,30900927,0,frankycpp_v1.4.exe,operator|,bitboard.h,0x140240975
operator~,0.007999,33.3,0.0,24.5,49.0,0.0,0.0,,0.0,,,,1100033,3300099,0,frankycpp_v1.4.exe,operator~,color.h,0x14023992f
std::clamp,0.007999,0.0,0.0,0.0,0.0,0.0,0.0,,0.0,,,,38901167,4800144,0,frankycpp_v1.4.exe,std::clamp,algorithm,0x140209f4a
"std::unique_ptr<TT::Entry [0],std::default_delete<TT::Entry [0]> >::operator[]",0.007999,100.0,0.0,0.0,0.0,0.0,0.0,,0.0,,,,36001080,15800474,0,frankycpp_v1.4.exe,"std::unique_ptr<TT::Entry [0],std::default_delete<TT::Entry [0]> >::operator[]",memory,0x14020abb8
typeOf,0.007999,0.0,0.0,0.0,0.0,0.0,0.0,0.0,0.0,0.0,0.0,0.0,16500495,17600528,0,frankycpp_v1.4.exe,typeOf,piece.h,0x1402406ef
Bitboard::operator|=,0.007000,0.0,100.0,0.0,0.0,0.0,0.0,0.0,0.0,0.0,0.0,0.0,7700231,7000210,0,frankycpp_v1.4.exe,Bitboard::operator|=,bitboard.h,0x14024574d
Move::operator==,0.007000,0.0,0.0,0.0,0.0,0.0,0.0,0.0,0.0,0.0,0.0,0.0,27200816,3300099,0,frankycpp_v1.4.exe,Move::operator==,PVTable.h,0x14023e42f
StaticMoveList<256>::end,0.007000,0.0,91.8,0.0,0.0,0.0,0.0,0.0,0.0,0.0,0.0,0.0,29800894,5900177,0,frankycpp_v1.4.exe,StaticMoveList<256>::end,staticmovelist.h,0x140240027
Value::{ctor},0.007000,0.0,0.0,0.0,0.0,0.0,0.0,0.0,0.0,0.0,0.0,0.0,40701221,29700891,0,frankycpp_v1.4.exe,Value::{ctor},value.h,0x140277835
Value::{ctor},0.007000,0.0,91.8,0.0,0.0,0.0,0.0,0.0,0.0,,,,26400792,7700231,0,frankycpp_v1.4.exe,Value::{ctor},value.h,0x140277950
func@0x140026fb0,0.007000,0.0,0.0,100.0,0.0,0.0,0.0,0.0,0.0,0.0,0.0,0.0,2200066,1100033,550231,dxgmms2.sys,func@0x140026fb0,[Unknown],0x140026fb0
func@0x1402b6d00,0.007000,0.0,0.0,0.0,0.0,0.0,0.0,0.0,0.0,,,,3300099,0,0,ntoskrnl.exe,func@0x1402b6d00,[Unknown],0x1402b6d00
func@0x140309c30,0.007000,,0.0,100.0,61.2,0.0,0.0,0.0,0.0,0.0,0.0,0.0,1100033,2200066,0,ntoskrnl.exe,func@0x140309c30,[Unknown],0x140309c30
operator&,0.007000,0.0,0.0,100.0,0.0,0.0,0.0,0.0,0.0,0.0,0.0,0.0,18700561,8100243,0,frankycpp_v1.4.exe,operator&,bitboard.h,0x1402456e9
operator&,0.007000,0.0,0.0,0.0,0.0,0.0,0.0,0.0,0.0,,,,34101023,15500465,0,frankycpp_v1.4.exe,operator&,bitboard.h,0x1402779f2
operator&,0.007000,0.0,0.0,0.0,0.0,0.0,0.0,0.0,0.0,,,,6300189,7000210,0,frankycpp_v1.4.exe,operator&,bitboard.h,0x140277b10
operator+=,0.007000,0.0,0.0,0.0,0.0,0.0,0.0,,0.0,,,,46301389,29000870,0,frankycpp_v1.4.exe,operator+=,value.h,0x140245dbb
operator|,0.007000,0.0,66.8,0.0,0.0,0.0,0.0,,0.0,0.0,0.0,0.0,33000990,34501035,0,frankycpp_v1.4.exe,operator|,bitboard.h,0x140239860
operator|,0.007000,0.0,0.0,0.0,0.0,0.0,0.0,0.0,0.0,0.0,0.0,0.0,49401482,42601278,0,frankycpp_v1.4.exe,operator|,bitboard.h,0x140277b1c
operator|,0.007000,,0.0,0.0,0.0,0.0,0.0,0.0,0.0,,,,40701221,3300099,0,frankycpp_v1.4.exe,operator|,bitboard.h,0x14023982e
"std::array<int,64>::operator[]",0.007000,0.0,0.0,0.0,0.0,0.0,0.0,,0.0,0.0,0.0,0.0,41701251,33801014,0,frankycpp_v1.4.exe,"std::array<int,64>::operator[]",array,0x14020a2ca
std::countr_zero,0.007000,0.0,0.0,0.0,0.0,0.0,0.0,0.0,0.0,0.0,0.0,0.0,30900927,13200396,0,frankycpp_v1.4.exe,std::countr_zero,bit,0x140240ef5
"std::ranges::_Copy_memcpy_common<Move *,Move *>",0.007000,0.0,0.0,0.0,0.0,0.0,0.0,0.0,0.0,,,,1500045,1100033,0,frankycpp_v1.4.exe,"std::ranges::_Copy_memcpy_common<Move *,Move *>(class Move *, class Move *, class Move *, class Move *)",xmemory,0x14021dcc0
wcsnicmp,0.007000,0.0,0.0,0.0,0.0,0.0,0.0,0.0,0.0,0.0,0.0,0.0,20900627,7700231,0,ntoskrnl.exe,wcsnicmp,[Unknown],0x1404fe420
Bitboard::operator bool,0.006000,0.0,0.0,0.0,0.0,0.0,0.0,0.0,0.0,0.0,0.0,0.0,6600198,6600198,0,frankycpp_v1.4.exe,Bitboard::operator bool,bitboard.h,0x140240d02
Bitboard::popLSB,0.006000,0.0,0.0,0.0,0.0,0.0,0.0,0.0,0.0,,,,12100363,11000330,0,frankycpp_v1.4.exe,Bitboard::popLSB,bitboard.h,0x1402410ca
Bitboard::popLSB,0.006000,0.0,0.0,0.0,0.0,0.0,0.0,0.0,0.0,0.0,0.0,0.0,17600528,13600408,0,frankycpp_v1.4.exe,Bitboard::popLSB,bitboard.h,0x140241260
Color::iterator::operator++,0.006000,0.0,0.0,0.0,0.0,0.0,100.0,0.0,0.0,0.0,0.0,0.0,1100033,3300099,0,frankycpp_v1.4.exe,Color::iterator::operator++,color.h,0x1402458a4
Move::encode,0.006000,0.0,81.6,0.0,0.0,0.0,0.0,0.0,0.0,,,,16500495,9900297,0,frankycpp_v1.4.exe,Move::encode,move.h,0x140241291
Move::to,0.006000,0.0,0.0,0.0,0.0,0.0,0.0,,0.0,0.0,0.0,0.0,36401092,22400672,0,frankycpp_v1.4.exe,Move::to,move.h,0x14020a28f
Move::type,0.006000,0.0,0.0,0.0,0.0,0.0,0.0,0.0,0.0,0.0,0.0,0.0,13700411,12500375,0,frankycpp_v1.4.exe,Move::type,move.h,0x140239992
Move::{ctor},0.006000,0.0,91.8,0.0,0.0,0.0,0.0,0.0,0.0,0.0,0.0,0.0,16200486,12100363,0,frankycpp_v1.4.exe,Move::{ctor},move.h,0x1402412f6
Position::getPieceBb,0.006000,0.0,100.0,0.0,0.0,0.0,0.0,0.0,0.0,,,,25000750,7400222,0,frankycpp_v1.4.exe,Position::getPieceBb,Position.h,0x140245bc7
[ntoskrnl.exe],0.006000,50.0,0.0,0.0,0.0,100.0,0.0,,0.0,0.0,0.0,0.0,4400132,2200066,0,ntoskrnl.exe,[ntoskrnl.exe],[Unknown],0x0
__builtin_array_init_helper<class Value>,0.006000,0.0,0.0,0.0,0.0,0.0,0.0,0.0,0.0,0.0,0.0,0.0,29700891,15800474,0,frankycpp_v1.4.exe,"__builtin_array_init_helper<class Value>(class Value *,unsigned __int64)",[Unknown],0x140277c10
calc_symLen,0.006000,0.0,0.0,0.0,0.0,0.0,0.0,0.0,0.0,0.0,0.0,0.0,4400132,3300099,0,frankycpp_v1.4.exe,"calc_symLen(struct PairsData *, unsigned int, char *)",tbprobe.c,0x14027d630
func@0x1403606c0,0.006000,50.0,0.0,68.9,0.0,0.0,0.0,35.6,0.0,0.0,0.0,1.1,6300189,2200066,0,ntoskrnl.exe,func@0x1403606c0,[Unknown],0x1403606c0
func@0x180011200,0.006000,0.0,0.0,0.0,0.0,0.0,0.0,0.0,0.0,0.0,0.0,0.0,6600198,6600198,0,vcruntime140.dll,func@0x180011200,[Unknown],0x180011200
moveValueGreaterComparator::operator(),0.006000,0.0,0.0,0.0,0.0,0.0,0.0,0.0,0.0,0.0,0.0,0.0,12100363,1100033,0,frankycpp_v1.4.exe,moveValueGreaterComparator::operator(),move.h,0x14021cfc0
operator&,0.006000,0.0,0.0,0.0,0.0,0.0,0.0,0.0,0.0,0.0,0.0,0.0,16200486,1100033,0,frankycpp_v1.4.exe,operator&,bitboard.h,0x140245795
operator&,0.006000,0.0,0.0,0.0,0.0,0.0,0.0,0.0,0.0,,,,31900957,45501365,0,frankycpp_v1.4.exe,operator&,bitboard.h,0x140277ae9
operator-,0.006000,0.0,0.0,0.0,0.0,0.0,0.0,0.0,0.0,0.0,0.0,0.0,14700441,11000330,0,frankycpp_v1.4.exe,operator-,direction.h,0x1402406f3
operator-,0.006000,0.0,0.0,40.8,81.6,0.0,0.0,,0.0,,,,14700441,4800144,0,frankycpp_v1.4.exe,operator-,value.h,0x14020a1be
operator|,0.006000,0.0,0.0,0.0,0.0,0.0,0.0,0.0,0.0,,,,15100453,4400132,0,frankycpp_v1.4.exe,operator|,bitboard.h,0x140245a31
operator|,0.006000,0.0,0.0,0.0,0.0,0.0,0.0,0.0,0.0,0.0,0.0,0.0,12900387,10500315,0,frankycpp_v1.4.exe,operator|,bitboard.h,0x140245b54
"std::array<std::array<int,64>,64>::operator[]",0.006000,0.0,0.0,0.0,0.0,0.0,0.0,0.0,0.0,0.0,0.0,0.0,27500825,4400132,0,frankycpp_v1.4.exe,"std::array<std::array<int,64>,64>::operator[]",array,0x1402391af
std::countr_zero,0.006000,0.0,0.0,0.0,0.0,0.0,0.0,0.0,0.0,0.0,0.0,0.0,23100693,5500165,0,frankycpp_v1.4.exe,std::countr_zero,bit,0x1402779f8
"std::ranges::_Inplace_merge_buffer_right<Move *,moveValueGreaterComparator,std::identity>",0.006000,0.0,0.0,0.0,0.0,0.0,0.0,0.0,0.0,,,,3700111,1500045,0,frankycpp_v1.4.exe,"std::ranges::_Inplace_merge_buffer_right<Move *,moveValueGreaterComparator,std::identity>(class Move *, class Move *, class Move *, class Move *, const __int64, struct moveValueGreaterComparator, struct std::identity)",algorithm,0x14021d030
typeOf,0.006000,0.0,0.0,0.0,0.0,0.0,18.4,,0.0,,,,30800924,33401002,0,frankycpp_v1.4.exe,typeOf,piece.h,0x1402406fe
Bitboard::operator bool,0.005000,0.0,0.0,0.0,0.0,0.0,0.0,0.0,0.0,0.0,0.0,0.0,34501035,12100363,0,frankycpp_v1.4.exe,Bitboard::operator bool,bitboard.h,0x140241344
Bitboard::popLSB,0.005000,0.0,0.0,0.0,0.0,0.0,0.0,0.0,0.0,,,,11800354,6300189,0,frankycpp_v1.4.exe,Bitboard::popLSB,bitboard.h,0x140240fd4
Direction::pawnPush,0.005000,100.0,0.0,0.0,0.0,0.0,0.0,,0.0,,,,12500375,11400342,0,frankycpp_v1.4.exe,Direction::pawnPush,direction.h,0x140240434
ExpInterlockedPopEntrySList,0.005000,100.0,100.0,0.0,45.9,0.0,0.0,,0.0,0.0,0.0,0.0,4400132,4400132,0,ntoskrnl.exe,ExpInterlockedPopEntrySList,[Unknown],0x1406b3210
KeReleaseSpinLock,0.005000,,,0.0,0.0,0.0,0.0,0.0,0.0,0.0,0.0,0.0,4800144,2200066,0,ntoskrnl.exe,KeReleaseSpinLock,[Unknown],0x1402da360
Move::setValue,0.005000,50.0,49.0,0.0,0.0,0.0,0.0,0.0,0.0,0.0,0.0,0.0,19500585,6600198,0,frankycpp_v1.4.exe,Move::setValue,move.h,0x1402401c2
PVTable::clear,0.005000,0.0,0.0,0.0,0.0,0.0,0.0,42.0,0.0,0.0,0.0,0.0,7100213,1900057,0,frankycpp_v1.4.exe,PVTable::clear,PVTable.h,0x140208cf8
Position::getNextPlayer,0.005000,0.0,0.0,0.0,0.0,0.0,0.0,0.0,0.0,,,,30200906,29700891,0,frankycpp_v1.4.exe,Position::getNextPlayer,Position.h,0x14024109e
Position::getPieceBb,0.005000,0.0,0.0,0.0,0.0,0.0,0.0,0.0,0.0,,,,4800144,3300099,0,frankycpp_v1.4.exe,Position::getPieceBb,Position.h,0x1402410be
Search::isTimeAlmostUp,0.005000,0.0,0.0,0.0,52.5,0.0,0.0,0.0,0.0,,,,4400132,1100033,0,frankycpp_v1.4.exe,Search::isTimeAlmostUp(void),Search.cpp,0x14020e8f0
Square::file,0.005000,0.0,0.0,0.0,0.0,0.0,0.0,0.0,0.0,,,,13200396,12100363,0,frankycpp_v1.4.exe,Square::file,square.h,0x1402391e3
func@0x1402abdb0,0.005000,0.0,0.0,0.0,100.0,0.0,0.0,0.0,0.0,0.0,0.0,0.0,0,0,0,ntoskrnl.exe,func@0x1402abdb0,[Unknown],0x1402abdb0
func@0x1402b8e00,0.005000,0.0,100.0,0.0,0.0,0.0,0.0,0.0,66.8,4.8,0.0,0.0,2600078,1500045,0,ntoskrnl.exe,func@0x1402b8e00,[Unknown],0x1402b8e00
func@0x140300b80,0.005000,0.0,0.0,36.7,0.0,36.7,0.0,0.0,100.0,0.0,0.0,0.0,2200066,1100033,0,ntoskrnl.exe,func@0x140300b80,[Unknown],0x140300b80
func@0x14031d3a0,0.005000,100.0,0.0,0.0,0.0,0.0,0.0,26.7,0.0,0.0,0.0,0.0,0,0,0,ntoskrnl.exe,func@0x14031d3a0,[Unknown],0x14031d3a0
func@0x1406ac630,0.005000,0.0,0.0,0.0,52.5,0.0,0.0,0.0,0.0,0.0,0.0,0.0,1100033,2200066,0,ntoskrnl.exe,func@0x1406ac630,[Unknown],0x1406ac630
func@0x1406b1b80,0.005000,0.0,0.0,0.0,0.0,0.0,0.0,0.0,0.0,0.0,0.0,0.0,7000210,1100033,0,ntoskrnl.exe,func@0x1406b1b80,[Unknown],0x1406b1b80
func@0x1406b23e0,0.005000,0.0,0.0,0.0,100.0,0.0,0.0,,0.0,,,,1100033,0,0,ntoskrnl.exe,func@0x1406b23e0,[Unknown],0x1406b23e0
operator&,0.005000,,0.0,0.0,0.0,0.0,0.0,0.0,0.0,0.0,0.0,0.0,8800264,3300099,0,frankycpp_v1.4.exe,operator&,bitboard.h,0x140240ac5
operator&,0.005000,0.0,0.0,0.0,0.0,33.4,0.0,0.0,0.0,,,,35201056,11000330,0,frankycpp_v1.4.exe,operator&,bitboard.h,0x140245723
operator+=,0.005000,0.0,33.4,0.0,0.0,0.0,0.0,0.0,0.0,,,,52101563,54301629,0,frankycpp_v1.4.exe,operator+=,value.h,0x140245dc7
operator^=,0.005000,0.0,66.8,0.0,0.0,0.0,0.0,0.0,0.0,,,,31600948,14000420,0,frankycpp_v1.4.exe,operator^=,bitboards.h,0x140277862
operator|,0.005000,50.0,0.0,0.0,0.0,0.0,100.0,0.0,0.0,,,,10300309,6600198,0,frankycpp_v1.4.exe,operator|,bitboard.h,0x140240dfc
operator|,0.005000,0.0,73.5,0.0,0.0,0.0,0.0,0.0,0.0,0.0,0.0,0.0,15400462,12100363,0,frankycpp_v1.4.exe,operator|,bitboard.h,0x14024123c
operator|,0.005000,0.0,0.0,0.0,0.0,0.0,0.0,0.0,0.0,0.0,0.0,0.0,9200276,8100243,0,frankycpp_v1.4.exe,operator|,bitboard.h,0x1402398b2
operator|,0.005000,0.0,0.0,0.0,0.0,0.0,0.0,0.0,0.0,0.0,0.0,0.0,15400462,10300309,0,frankycpp_v1.4.exe,operator|,bitboard.h,0x140241370
"std::array<Bitboard,64>::operator[]",0.005000,,0.0,0.0,0.0,0.0,0.0,0.0,0.0,,,,18400552,11400342,0,frankycpp_v1.4.exe,"std::array<Bitboard,64>::operator[]",array,0x140239a8e
"std::array<Bitboard,64>::operator[]",0.005000,0.0,0.0,0.0,0.0,0.0,0.0,0.0,0.0,,,,18500555,9200276,0,frankycpp_v1.4.exe,"std::array<Bitboard,64>::operator[]",array,0x140239a24
"std::array<int,64>::operator[]",0.005000,0.0,0.0,0.0,0.0,0.0,0.0,0.0,0.0,0.0,0.0,0.0,11000330,7400222,0,frankycpp_v1.4.exe,"std::array<int,64>::operator[]",array,0x1402391b3
"std::array<int,64>::operator[]",0.005000,0.0,0.0,0.0,0.0,0.0,0.0,0.0,0.0,0.0,0.0,0.0,18800564,4400132,0,frankycpp_v1.4.exe,"std::array<int,64>::operator[]",array,0x140209df3
std::min,0.005000,0.0,0.0,0.0,0.0,0.0,0.0,0.0,0.0,0.0,0.0,0.0,31200936,8800264,0,frankycpp_v1.4.exe,std::min,utility,0x140209e0b
"std::unique_ptr<TT::Entry [0],std::default_delete<TT::Entry [0]> >::operator[]",0.005000,0.0,0.0,0.0,33.4,0.0,0.0,,0.0,,,,10300309,5900177,0,frankycpp_v1.4.exe,"std::unique_ptr<TT::Entry [0],std::default_delete<TT::Entry [0]> >::operator[]",memory,0x1402471b5
typeOf,0.005000,0.0,0.0,0.0,0.0,0.0,0.0,0.0,0.0,,,,4400132,13600408,0,frankycpp_v1.4.exe,typeOf,piece.h,0x14024034b
Bitboard::operator bool,0.004000,0.0,100.0,0.0,0.0,0.0,0.0,0.0,0.0,0.0,0.0,0.0,16500495,12500375,0,frankycpp_v1.4.exe,Bitboard::operator bool,bitboard.h,0x140245afd
Bitboard::operator^=,0.004000,0.0,0.0,0.0,0.0,0.0,0.0,0.0,0.0,0.0,0.0,0.0,10700321,3000090,0,frankycpp_v1.4.exe,Bitboard::operator^=,bitboard.h,0x140239a32
Bitboard::operator~,0.004000,0.0,0.0,0.0,0.0,0.0,0.0,0.0,0.0,0.0,0.0,0.0,27900837,4400132,0,frankycpp_v1.4.exe,Bitboard::operator~,bitboard.h,0x140245718
Bitboard::operator~,0.004000,0.0,0.0,0.0,0.0,0.0,0.0,0.0,0.0,,,,6600198,4400132,0,frankycpp_v1.4.exe,Bitboard::operator~,bitboard.h,0x140240fa4
Bitboard::popLSB,0.004000,0.0,0.0,0.0,0.0,0.0,0.0,0.0,0.0,,,,4800144,400012,0,frankycpp_v1.4.exe,Bitboard::popLSB,bitboard.h,0x140245d38
Color::sign,0.004000,0.0,0.0,0.0,0.0,0.0,0.0,0.0,0.0,0.0,0.0,0.0,5300159,2300069,0,frankycpp_v1.4.exe,Color::sign,color.h,0x14024620e
Direction::operator int,0.004000,0.0,0.0,0.0,0.0,0.0,0.0,,0.0,,,,3300099,3700111,0,frankycpp_v1.4.exe,Direction::operator int,direction.h,0x14024048d
KeAcquireInStackQueuedSpinLock,0.004000,0.0,0.0,100.0,0.0,0.0,0.0,0.0,0.0,0.0,0.0,0.0,3300099,3300099,0,ntoskrnl.exe,KeAcquireInStackQueuedSpinLock,[Unknown],0x14020eb60
Move::setValue,0.004000,0.0,0.0,0.0,0.0,0.0,0.0,0.0,0.0,,,,17600528,2200066,0,frankycpp_v1.4.exe,Move::setValue,move.h,0x1402401e1
Move::setValue,0.004000,0.0,56.5,0.0,0.0,0.0,0.0,0.0,0.0,,,,34901047,3700111,0,frankycpp_v1.4.exe,Move::setValue,move.h,0x140240200
Move::value,0.004000,0.0,0.0,0.0,0.0,0.0,0.0,0.0,0.0,0.0,0.0,0.0,2200066,2200066,0,frankycpp_v1.4.exe,Move::value,move.h,0x1402402b8
Move::{ctor},0.004000,0.0,0.0,0.0,0.0,0.0,0.0,0.0,0.0,,,,4400132,5900177,0,frankycpp_v1.4.exe,Move::{ctor},move.h,0x140241274
Position::getLastMove,0.004000,0.0,0.0,0.0,0.0,0.0,0.0,0.0,0.0,0.0,0.0,0.0,24600738,4400132,0,frankycpp_v1.4.exe,Position::getLastMove,Position.h,0x14020a422
Position::getOccupiedBb,0.004000,0.0,100.0,0.0,0.0,0.0,0.0,0.0,0.0,0.0,0.0,0.0,12700381,4100123,0,frankycpp_v1.4.exe,Position::getOccupiedBb,Position.h,0x140239a1d
Position::getPiece,0.004000,0.0,0.0,0.0,0.0,0.0,0.0,0.0,0.0,,,,16500495,13700411,0,frankycpp_v1.4.exe,Position::getPiece,Position.h,0x14027779d
Position::getPieceBb,0.004000,0.0,0.0,100.0,0.0,0.0,0.0,0.0,0.0,,,,14400432,2200066,0,frankycpp_v1.4.exe,Position::getPieceBb,Position.h,0x140277aad
Position::getPieceBb,0.004000,100.0,100.0,0.0,0.0,0.0,0.0,0.0,0.0,,,,4400132,1100033,0,frankycpp_v1.4.exe,Position::getPieceBb,Position.h,0x140245670
Search::thread,0.004000,0.0,0.0,0.0,0.0,0.0,0.0,0.0,0.0,0.0,0.0,0.0,16500495,14300429,0,frankycpp_v1.4.exe,Search::thread,Search.h,0x140209e8a
Search::thread,0.004000,0.0,0.0,0.0,0.0,0.0,0.0,0.0,0.0,,,,4800144,3300099,0,frankycpp_v1.4.exe,Search::thread,Search.h,0x14020a316
Value::operator int,0.004000,0.0,0.0,0.0,0.0,0.0,0.0,,0.0,,,,10700321,6000180,0,frankycpp_v1.4.exe,Value::operator int,value.h,0x14023ac25
[Import thunk memcpy],0.004000,0.0,0.0,0.0,100.0,0.0,0.0,0.0,0.0,0.0,0.0,0.0,1100033,4400132,0,frankycpp_v1.4.exe,[Import thunk memcpy],[Unknown],0x1405efb6c
func@0x140002700,0.004000,,0.0,0.0,0.0,0.0,0.0,0.0,0.0,,,,0,0,0,intelppm.sys,func@0x140002700,[Unknown],0x140002700
func@0x140295620,0.004000,100.0,100.0,0.0,0.0,0.0,0.0,0.0,0.0,0.0,0.0,0.0,0,0,0,ntoskrnl.exe,func@0x140295620,[Unknown],0x140295620
func@0x1402b6ac0,0.004000,0.0,0.0,0.0,0.0,0.0,0.0,,0.0,0.0,0.0,0.0,3300099,1500045,0,ntoskrnl.exe,func@0x1402b6ac0,[Unknown],0x1402b6ac0
func@0x1402e38c0,0.004000,,0.0,100.0,100.0,0.0,0.0,0.0,0.0,,,,0,0,0,ntoskrnl.exe,func@0x1402e38c0,[Unknown],0x1402e38c0
func@0x1402e5682,0.004000,0.0,0.0,0.0,0.0,0.0,0.0,,0.0,,,,0,0,0,ntoskrnl.exe,func@0x1402e5682,[Unknown],0x1402e5682
func@0x140301c20,0.004000,0.0,0.0,0.0,0.0,0.0,0.0,0.0,0.0,,,,0,1100033,0,ntoskrnl.exe,func@0x140301c20,[Unknown],0x140301c20
func@0x140362fc0,0.004000,0.0,36.7,0.0,0.0,36.7,0.0,,0.0,,,,0,0,0,ntoskrnl.exe,func@0x140362fc0,[Unknown],0x140362fc0
func@0x140396000,0.004000,0.0,36.7,73.5,0.0,36.7,0.0,0.0,0.0,0.0,0.0,0.0,3300099,1100033,0,nvlddmkm.sys,func@0x140396000,[Unknown],0x140396000
func@0x1403acaa0,0.004000,0.0,0.0,0.0,0.0,0.0,0.0,0.0,0.0,0.0,0.0,0.0,0,1500045,0,ntoskrnl.exe,func@0x1403acaa0,[Unknown],0x1403acaa0
func@0x1403d50e0,0.004000,,81.6,81.6,0.0,0.0,0.0,0.0,0.0,0.0,0.0,0.0,2200066,0,0,nvlddmkm.sys,func@0x1403d50e0,[Unknown],0x1403d50e0
func@0x140e1c190,0.004000,14.3,0.0,91.8,0.0,0.0,0.0,0.0,0.0,0.0,0.0,0.0,1100033,1100033,0,nvlddmkm.sys,func@0x140e1c190,[Unknown],0x140e1c190
func@0x1800cfb90,0.004000,,52.5,52.5,0.0,52.5,0.0,0.0,0.0,0.0,0.0,0.0,1100033,3300099,0,ntdll.dll,func@0x1800cfb90,[Unknown],0x1800cfb90
memcpy,0.004000,0.0,81.6,0.0,40.8,0.0,0.0,0.0,0.0,0.0,0.0,0.0,2200066,9900297,0,vcruntime140.dll,memcpy,[Unknown],0x180013010
memmove,0.004000,0.0,40.8,0.0,0.0,0.0,0.0,,0.0,,,,1100033,3700111,0,vcruntime140.dll,memmove,[Unknown],0x180012030
moveValueGreaterComparator::operator(),0.004000,0.0,0.0,0.0,0.0,0.0,0.0,0.0,0.0,,,,3300099,0,0,frankycpp_v1.4.exe,moveValueGreaterComparator::operator(),move.h,0x14021d090
operator&,0.004000,0.0,0.0,0.0,0.0,0.0,0.0,0.0,0.0,0.0,0.0,0.0,5500165,1100033,0,frankycpp_v1.4.exe,operator&,bitboard.h,0x140240b2b
operator+,0.004000,0.0,0.0,0.0,0.0,0.0,0.0,0.0,0.0,0.0,0.0,0.0,2600078,400012,0,frankycpp_v1.4.exe,operator+,depth.h,0x14020a17f
operator-,0.004000,0.0,0.0,0.0,0.0,0.0,0.0,0.0,0.0,0.0,0.0,0.0,2200066,0,0,frankycpp_v1.4.exe,operator-,value.h,0x14020a063
operator-,0.004000,0.0,0.0,0.0,0.0,0.0,0.0,,0.0,,,,4800144,3300099,0,frankycpp_v1.4.exe,operator-,value.h,0x140208dc9
operator-,0.004000,0.0,0.0,0.0,0.0,0.0,0.0,0.0,0.0,,,,11400342,2200066,0,frankycpp_v1.4.exe,operator-,depth.h,0x140209e20
operator|,0.004000,0.0,0.0,0.0,0.0,0.0,0.0,,0.0,,,,24900747,10700321,0,frankycpp_v1.4.exe,operator|,bitboard.h,0x140245c9e
operator|,0.004000,0.0,0.0,0.0,0.0,0.0,0.0,0.0,0.0,0.0,0.0,0.0,11200336,9600288,0,frankycpp_v1.4.exe,operator|,bitboard.h,0x140277bd1
operator~,0.004000,0.0,0.0,0.0,0.0,0.0,0.0,0.0,0.0,0.0,0.0,0.0,8800264,15400462,0,frankycpp_v1.4.exe,operator~,color.h,0x1402412c4
operator~,0.004000,0.0,0.0,0.0,45.9,0.0,0.0,0.0,0.0,0.0,0.0,0.0,7700231,17600528,0,frankycpp_v1.4.exe,operator~,color.h,0x14024031d
"std::array<Bitboard,8>::operator[]",0.004000,0.0,0.0,0.0,0.0,0.0,0.0,0.0,0.0,0.0,0.0,0.0,14300429,13200396,0,frankycpp_v1.4.exe,"std::array<Bitboard,8>::operator[]",array,0x140240aab
"std::array<PlyInfo,128>::operator[]",0.004000,100.0,0.0,0.0,28.3,0.0,0.0,0.0,0.0,0.0,0.0,0.0,21300639,12100363,0,frankycpp_v1.4.exe,"std::array<PlyInfo,128>::operator[]",array,0x1402098ba
"std::array<std::array<int,64>,64>::operator[]",0.004000,0.0,0.0,0.0,0.0,0.0,0.0,,0.0,,,,29900897,21300639,0,frankycpp_v1.4.exe,"std::array<std::array<int,64>,64>::operator[]",array,0x14020a2be
std::countr_zero,0.004000,0.0,0.0,0.0,0.0,0.0,0.0,0.0,0.0,,,,21700651,8100243,0,frankycpp_v1.4.exe,std::countr_zero,bit,0x1402410d4
std::countr_zero,0.004000,0.0,0.0,0.0,0.0,0.0,0.0,0.0,0.0,0.0,0.0,0.0,4400132,4400132,0,frankycpp_v1.4.exe,std::countr_zero,bit,0x140240bf0
std::countr_zero,0.004000,0.0,0.0,0.0,0.0,0.0,0.0,0.0,0.0,0.0,0.0,0.0,2200066,4400132,0,frankycpp_v1.4.exe,std::countr_zero,bit,0x1402456e0
std::countr_zero,0.004000,0.0,0.0,0.0,0.0,0.0,0.0,0.0,0.0,0.0,0.0,0.0,10300309,6600198,0,frankycpp_v1.4.exe,std::countr_zero,bit,0x140241140
std::countr_zero,0.004000,0.0,0.0,0.0,0.0,0.0,0.0,0.0,0.0,0.0,0.0,0.0,19100573,4400132,0,frankycpp_v1.4.exe,std::countr_zero,bit,0x140245a10
std::popcount,0.004000,0.0,100.0,0.0,0.0,0.0,0.0,0.0,0.0,0.0,0.0,0.0,14300429,3300099,0,frankycpp_v1.4.exe,std::popcount,bit,0x140245803
"std::ranges::_Stable_sort_fn::_Stable_sort_common_buffered<Move *,moveValueGreaterComparator,std::identity>",0.004000,0.0,0.0,0.0,0.0,0.0,0.0,0.0,0.0,,,,4400132,2200066,0,frankycpp_v1.4.exe,"std::ranges::_Stable_sort_fn::_Stable_sort_common_buffered<Move *,moveValueGreaterComparator,std::identity>(class Move *, class Move *, const __int64, class Move *, const __int64, struct moveValueGreaterComparator, struct std::identity)",algorithm,0x140219120
typeOf,0.004000,0.0,0.0,0.0,0.0,0.0,0.0,0.0,0.0,0.0,0.0,0.0,5500165,5500165,0,frankycpp_v1.4.exe,typeOf,piece.h,0x1402411a0
Attacks::detail::Magic::index,0.003000,0.0,0.0,0.0,0.0,0.0,0.0,0.0,0.0,0.0,0.0,0.0,7200216,8300249,0,frankycpp_v1.4.exe,Attacks::detail::Magic::index,attacks.h,0x140166d94
Bitboard::operator&=,0.003000,0.0,0.0,0.0,0.0,0.0,40.8,0.0,0.0,,,,12500375,18000540,0,frankycpp_v1.4.exe,Bitboard::operator&=,bitboard.h,0x1402406aa
Bitboard::operator^=,0.003000,0.0,0.0,0.0,0.0,0.0,0.0,0.0,0.0,0.0,0.0,0.0,11400342,13200396,0,frankycpp_v1.4.exe,Bitboard::operator^=,bitboard.h,0x14027787c
Bitboard::operator|=,0.003000,0.0,0.0,0.0,0.0,0.0,0.0,0.0,0.0,0.0,0.0,0.0,11000330,5500165,0,frankycpp_v1.4.exe,Bitboard::operator|=,bitboard.h,0x140245787
Bitboard::operator|=,0.003000,0.0,0.0,0.0,0.0,0.0,0.0,,0.0,0.0,0.0,0.0,10300309,1500045,0,frankycpp_v1.4.exe,Bitboard::operator|=,bitboard.h,0x14024572b
Bitboard::popLSB,0.003000,0.0,0.0,0.0,0.0,0.0,0.0,0.0,0.0,0.0,0.0,0.0,12100363,5500165,0,frankycpp_v1.4.exe,Bitboard::popLSB,bitboard.h,0x140241140
Direction::pawnPush,0.003000,0.0,0.0,0.0,0.0,0.0,0.0,0.0,0.0,0.0,0.0,0.0,3300099,1100033,0,frankycpp_v1.4.exe,Direction::pawnPush,direction.h,0x1402409e8
Evaluator::valueFromScore,0.003000,0.0,0.0,0.0,0.0,0.0,0.0,,0.0,,,,20900627,8800264,0,frankycpp_v1.4.exe,Evaluator::valueFromScore,Evaluator.cpp,0x140245313
KeLowerIrql,0.003000,0.0,0.0,0.0,61.2,0.0,0.0,0.0,0.0,0.0,0.0,0.0,5500165,0,0,ntoskrnl.exe,KeLowerIrql,[Unknown],0x1403f7790
Move::operator==,0.003000,0.0,0.0,0.0,0.0,0.0,0.0,0.0,0.0,0.0,0.0,0.0,18000540,4400132,0,frankycpp_v1.4.exe,Move::operator==,PVTable.h,0x14020aacd
Move::type,0.003000,0.0,100.0,0.0,0.0,0.0,0.0,,0.0,,,,7000210,7000210,0,frankycpp_v1.4.exe,Move::type,move.h,0x14020a2ac
MoveGenerator::generateCastling,0.003000,0.0,0.0,0.0,0.0,0.0,0.0,0.0,0.0,0.0,0.0,0.0,6600198,3300099,0,frankycpp_v1.4.exe,"MoveGenerator::generateCastling(class Position const &,class StaticMoveList<256> *,enum GenMode)",MoveGenerator.cpp,0x140241370
Position::clearEnPassant,0.003000,0.0,0.0,0.0,0.0,0.0,0.0,0.0,0.0,0.0,0.0,0.0,3300099,2200066,0,frankycpp_v1.4.exe,Position::clearEnPassant,Position.cpp,0x1402390d3
Position::getEnPassantSquare,0.003000,0.0,0.0,0.0,0.0,0.0,0.0,0.0,0.0,,,,4400132,13200396,0,frankycpp_v1.4.exe,Position::getEnPassantSquare,Position.h,0x1402407c2
boost::archive::detail::basic_iarchive_impl::load_preamble,0.003000,0.0,0.0,0.0,0.0,0.0,0.0,0.0,0.0,0.0,0.0,0.0,9900297,6600198,0,frankycpp_v1.4.exe,"boost::archive::detail::basic_iarchive_impl::load_preamble(class boost::archive::detail::basic_iarchive &,class boost::archive::detail::basic_iarchive_impl::cobject_id &)",basic_iarchive.cpp,0x140283590
boost::archive::detail::basic_serializer::operator<,0.003000,0.0,0.0,0.0,0.0,0.0,0.0,0.0,0.0,0.0,0.0,0.0,24200726,9900297,0,frankycpp_v1.4.exe,boost::archive::detail::basic_serializer::operator<,basic_serializer.hpp,0x1402837a3
func@0x1400f7ad0,0.003000,0.0,0.0,0.0,100.0,0.0,0.0,0.0,0.0,0.0,0.0,0.0,4400132,2200066,0,nvlddmkm.sys,func@0x1400f7ad0,[Unknown],0x1400f7ad0
func@0x14020f700,0.003000,,0.0,0.0,0.0,0.0,0.0,0.0,0.0,0.0,0.0,0.0,2200066,0,0,ntoskrnl.exe,func@0x14020f700,[Unknown],0x14020f700
func@0x140277720,0.003000,100.0,100.0,0.0,91.8,45.9,0.0,,0.0,,,,0,1100033,0,ntoskrnl.exe,func@0x140277720,[Unknown],0x140277720
func@0x1402e3a5d,0.003000,0.0,100.0,100.0,0.0,0.0,0.0,0.0,0.0,0.0,0.0,0.0,0,1500045,0,ntoskrnl.exe,func@0x1402e3a5d,[Unknown],0x1402e3a5d
func@0x1402e9490,0.003000,0.0,100.0,0.0,0.0,0.0,0.0,,0.0,,,,0,400012,0,ntoskrnl.exe,func@0x1402e9490,[Unknown],0x1402e9490
func@0x140301cdb,0.003000,0.0,,,0.0,0.0,0.0,0.0,0.0,,,,0,1100033,0,ntoskrnl.exe,func@0x140301cdb,[Unknown],0x140301cdb
func@0x14030fe85,0.003000,0.0,0.0,0.0,0.0,0.0,0.0,0.0,0.0,0.0,0.0,0.0,1100033,0,0,ntoskrnl.exe,func@0x14030fe85,[Unknown],0x14030fe85
func@0x140363a62,0.003000,0.0,100.0,0.0,0.0,45.9,0.0,0.0,0.0,0.0,0.0,0.0,3300099,1100033,0,ntoskrnl.exe,func@0x140363a62,[Unknown],0x140363a62
func@0x1404e9f58,0.003000,0.0,100.0,0.0,0.0,0.0,0.0,0.0,0.0,0.0,,,0,3700111,0,ntoskrnl.exe,func@0x1404e9f58,[Unknown],0x1404e9f58
func@0x1406bd983,0.003000,0.0,0.0,0.0,0.0,100.0,0.0,53.4,0.0,26.7,0.0,0.0,3300099,1100033,0,ntoskrnl.exe,func@0x1406bd983,[Unknown],0x1406bd983
func@0x140864ca0,0.003000,0.0,0.0,0.0,0.0,0.0,0.0,0.0,0.0,0.0,0.0,0.0,1100033,0,0,ntoskrnl.exe,func@0x140864ca0,[Unknown],0x140864ca0
func@0x18000b520,0.003000,0.0,0.0,0.0,0.0,0.0,0.0,0.0,0.0,0.0,0.0,0.0,2200066,3300099,0,fltmgr.sys,func@0x18000b520,[Unknown],0x18000b520
func@0x18001cd00,0.003000,0.0,0.0,0.0,0.0,0.0,0.0,0.0,0.0,0.0,0.0,0.0,13200396,6600198,0,ntdll.dll,func@0x18001cd00,[Unknown],0x18001cd00
operator&,0.003000,0.0,0.0,0.0,0.0,0.0,0.0,0.0,0.0,,,,18400552,12200366,0,frankycpp_v1.4.exe,operator&,bitboard.h,0x140245be5
operator&,0.003000,0.0,0.0,0.0,0.0,0.0,0.0,0.0,0.0,0.0,0.0,0.0,11400342,7700231,0,frankycpp_v1.4.exe,operator&,bitboard.h,0x140240c64
operator&,0.003000,0.0,66.8,0.0,0.0,0.0,0.0,0.0,0.0,,,,14300429,3300099,0,frankycpp_v1.4.exe,operator&,bitboard.h,0x140245741
operator&,0.003000,0.0,0.0,0.0,0.0,0.0,0.0,0.0,0.0,,,,7100213,3300099,0,frankycpp_v1.4.exe,operator&,bitboard.h,0x140277b2e
operator+,0.003000,0.0,0.0,91.8,0.0,0.0,0.0,0.0,0.0,0.0,0.0,0.0,10700321,3300099,0,frankycpp_v1.4.exe,operator+,value.h,0x140209499
operator+,0.003000,0.0,0.0,0.0,0.0,0.0,0.0,0.0,0.0,0.0,0.0,0.0,0,0,0,frankycpp_v1.4.exe,operator+,direction.h,0x140240823
operator+=,0.003000,0.0,0.0,0.0,0.0,0.0,0.0,0.0,0.0,0.0,0.0,0.0,5500165,3300099,0,frankycpp_v1.4.exe,operator+=,value.h,0x1402458c4
"std::_List_node<std::pair<unsigned __int64 const ,BookEntry>,void *>::_Freenode",0.003000,100.0,0.0,0.0,73.5,100.0,0.0,0.0,0.0,0.0,0.0,0.0,0,0,0,frankycpp_v1.4.exe,"std::_List_node<std::pair<unsigned __int64 const ,BookEntry>,void *>::_Freenode",list,0x14021aa73
std::_Static_partition_team<__int64>::_Get_next_key,0.003000,0.0,100.0,61.2,0.0,0.0,0.0,,,,,,400012,0,0,frankycpp_v1.4.exe,std::_Static_partition_team<__int64>::_Get_next_key,execution,0x1402449d0
"std::array<Bitboard,64>::operator[]",0.003000,100.0,0.0,0.0,0.0,0.0,0.0,,0.0,,,,5300159,4100123,0,frankycpp_v1.4.exe,"std::array<Bitboard,64>::operator[]",array,0x14023ab7e
"std::array<Bitboard,64>::operator[]",0.003000,0.0,0.0,0.0,0.0,0.0,0.0,0.0,0.0,0.0,0.0,0.0,2200066,0,0,frankycpp_v1.4.exe,"std::array<Bitboard,64>::operator[]",array,0x14024572e
"std::array<Bitboard,8>::operator[]",0.003000,0.0,0.0,0.0,0.0,0.0,0.0,0.0,0.0,,,,7700231,9900297,0,frankycpp_v1.4.exe,"std::array<Bitboard,8>::operator[]",array,0x140240c61
std::countr_zero,0.003000,0.0,0.0,0.0,0.0,0.0,0.0,0.0,0.0,,,,12100363,8800264,0,frankycpp_v1.4.exe,std::countr_zero,bit,0x140241260
std::popcount,0.003000,0.0,0.0,0.0,0.0,0.0,0.0,0.0,0.0,0.0,0.0,0.0,5500165,0,0,frankycpp_v1.4.exe,std::popcount,bit,0x1402457f8
typeOf,0.003000,0.0,0.0,0.0,0.0,0.0,0.0,0.0,0.0,,,,11400342,5500165,0,frankycpp_v1.4.exe,typeOf,piece.h,0x14020ab0a
Bitboard::operator bool,0.002000,0.0,0.0,0.0,0.0,0.0,0.0,0.0,0.0,0.0,0.0,0.0,1100033,3300099,0,frankycpp_v1.4.exe,Bitboard::operator bool,bitboard.h,0x140240bb6
Bitboard::operator|=,0.002000,0.0,0.0,0.0,0.0,0.0,0.0,0.0,0.0,0.0,0.0,0.0,13600408,4400132,0,frankycpp_v1.4.exe,Bitboard::operator|=,bitboard.h,0x140245720
Bitboard::popLSB,0.002000,0.0,0.0,0.0,0.0,0.0,0.0,0.0,0.0,,,,1500045,2200066,0,frankycpp_v1.4.exe,Bitboard::popLSB,bitboard.h,0x1402456e0
Bitboard::{ctor},0.002000,0.0,35.0,0.0,0.0,0.0,0.0,0.0,0.0,0.0,0.0,0.0,44001320,35201056,0,frankycpp_v1.4.exe,Bitboard::{ctor},bitboard.h,0x1402398b2
Bitboard::{ctor},0.002000,0.0,0.0,0.0,0.0,0.0,0.0,0.0,0.0,,,,2400072,1600048,0,frankycpp_v1.4.exe,Bitboard::{ctor},bitboard.h,0x140166e3c
CastlingRights::isEmpty,0.002000,0.0,0.0,0.0,0.0,0.0,0.0,0.0,0.0,0.0,0.0,0.0,2000060,3300099,0,frankycpp_v1.4.exe,CastlingRights::isEmpty,castlingrights.h,0x140239123
CastlingRights::operator-=,0.002000,0.0,0.0,0.0,0.0,0.0,0.0,0.0,0.0,0.0,0.0,0.0,1100033,1100033,0,frankycpp_v1.4.exe,CastlingRights::operator-=,castlingrights.h,0x1402390b6
Color::iterator::{ctor},0.002000,0.0,0.0,0.0,0.0,0.0,0.0,0.0,0.0,0.0,0.0,,2200066,1100033,0,frankycpp_v1.4.exe,Color::iterator::{ctor},color.h,0x140245648
Direction::pawnPush,0.002000,0.0,0.0,0.0,100.0,0.0,0.0,0.0,0.0,0.0,0.0,0.0,7700231,4400132,0,frankycpp_v1.4.exe,Direction::pawnPush,direction.h,0x140240566
Evaluator::valueFromScore,0.002000,0.0,0.0,0.0,0.0,0.0,0.0,0.0,0.0,,,,3300099,0,0,frankycpp_v1.4.exe,Evaluator::valueFromScore,Evaluator.cpp,0x1402454ad
ExReleaseResourceLite,0.002000,0.0,0.0,0.0,0.0,0.0,0.0,0.0,0.0,0.0,0.0,0.0,3300099,3300099,0,ntoskrnl.exe,ExReleaseResourceLite,[Unknown],0x14027d860
FltGetStreamContext,0.002000,0.0,0.0,0.0,0.0,0.0,0.0,0.0,0.0,0.0,0.0,0.0,0,0,0,fltmgr.sys,FltGetStreamContext,[Unknown],0x180007ca0
KeAcquireSpinLockRaiseToDpc,0.002000,0.0,0.0,0.0,0.0,0.0,0.0,,0.0,,,,2200066,1100033,0,ntoskrnl.exe,KeAcquireSpinLockRaiseToDpc,[Unknown],0x140277f30
KeClockInterruptNotify,0.002000,0.0,0.0,0.0,100.0,0.0,0.0,,0.0,,,,0,0,0,ntoskrnl.exe,KeClockInterruptNotify,[Unknown],0x1402e2e50
KeReleaseInStackQueuedSpinLock,0.002000,0.0,100.0,0.0,0.0,0.0,0.0,0.0,0.0,,,,2200066,0,0,ntoskrnl.exe,KeReleaseInStackQueuedSpinLock,[Unknown],0x1402990e0
Move::encode,0.002000,0.0,0.0,0.0,0.0,0.0,0.0,0.0,0.0,0.0,0.0,0.0,1100033,1100033,0,frankycpp_v1.4.exe,Move::encode,move.h,0x1402405a2
Move::from,0.002000,0.0,0.0,0.0,0.0,0.0,0.0,0.0,0.0,,,,2700081,400012,0,frankycpp_v1.4.exe,Move::from,move.h,0x140238e0f
Move::operator==,0.002000,0.0,0.0,0.0,0.0,0.0,0.0,,0.0,,,,2200066,1100033,0,frankycpp_v1.4.exe,Move::operator==,PVTable.h,0x14023e4f3
Move::to,0.002000,0.0,0.0,0.0,0.0,0.0,0.0,0.0,0.0,,,,4200126,1200036,0,frankycpp_v1.4.exe,Move::to,move.h,0x1402399ae
Move::to,0.002000,0.0,0.0,0.0,0.0,0.0,0.0,0.0,0.0,0.0,0.0,0.0,18700561,5900177,0,frankycpp_v1.4.exe,Move::to,move.h,0x14020a3c3
Move::to,0.002000,0.0,0.0,0.0,0.0,0.0,0.0,0.0,0.0,0.0,0.0,0.0,9900297,1100033,0,frankycpp_v1.4.exe,Move::to,move.h,0x140209f0a
MoveGenerator::resetOnDemand,0.002000,0.0,0.0,0.0,0.0,0.0,0.0,0.0,0.0,,,,0,0,0,frankycpp_v1.4.exe,MoveGenerator::resetOnDemand,MoveGenerator.h,0x140203060
MoveGenerator::storeKiller,0.002000,0.0,0.0,0.0,0.0,0.0,0.0,0.0,0.0,0.0,0.0,0.0,12100363,1100033,0,frankycpp_v1.4.exe,MoveGenerator::storeKiller(class Move),MoveGenerator.cpp,0x14023e4f0
PVTable::clear,0.002000,0.0,0.0,0.0,0.0,0.0,0.0,,0.0,,,,17400522,4800144,0,frankycpp_v1.4.exe,PVTable::clear,PVTable.h,0x14020a699
PawnTT::resize,0.002000,0.0,0.0,0.0,0.0,0.0,0.0,0.0,0.0,0.0,0.0,0.0,0,0,0,frankycpp_v1.4.exe,PawnTT::resize(unsigned __int64),PawnTT.cpp,0x140242cc0
Position::getCastlingRights,0.002000,0.0,0.0,0.0,0.0,0.0,0.0,0.0,0.0,,,,4400132,6600198,0,frankycpp_v1.4.exe,Position::getCastlingRights,Position.h,0x140241381
Position::getEnPassantSquare,0.002000,0.0,0.0,0.0,0.0,0.0,0.0,,0.0,,,,6400192,1100033,0,frankycpp_v1.4.exe,Position::getEnPassantSquare,Position.h,0x140277a34
Position::getOccupiedBb,0.002000,0.0,0.0,0.0,0.0,0.0,0.0,,0.0,,,,8800264,2200066,0,frankycpp_v1.4.exe,Position::getOccupiedBb,Position.h,0x140245cb5
Position::getPiece,0.002000,50.0,73.5,0.0,0.0,0.0,0.0,0.0,0.0,,,,20600618,9600288,0,frankycpp_v1.4.exe,Position::getPiece,Position.h,0x14027774a
Position::getPiece,0.002000,0.0,0.0,0.0,0.0,0.0,0.0,0.0,0.0,0.0,0.0,0.0,9900297,6600198,0,frankycpp_v1.4.exe,Position::getPiece,Position.h,0x14020ab00
Position::getPieceBb,0.002000,0.0,0.0,0.0,0.0,0.0,0.0,0.0,0.0,0.0,0.0,0.0,0,0,0,frankycpp_v1.4.exe,Position::getPieceBb,Position.h,0x140245686
Position::isCapturingMove,0.002000,0.0,0.0,0.0,0.0,0.0,0.0,0.0,0.0,,,,4600138,1200036,0,frankycpp_v1.4.exe,Position::isCapturingMove,Position.h,0x14020a280
Position::undoNullMove,0.002000,0.0,0.0,0.0,100.0,0.0,0.0,0.0,0.0,,,,8800264,2200066,0,frankycpp_v1.4.exe,Position::undoNullMove(void),Position.cpp,0x1402395d0
RtlAllocateHeap,0.002000,0.0,0.0,0.0,0.0,0.0,0.0,0.0,0.0,0.0,0.0,0.0,5500165,3300099,0,ntdll.dll,RtlAllocateHeap,[Unknown],0x18001c1d0
RtlFreeHeap,0.002000,0.0,0.0,45.9,0.0,23.0,0.0,0.0,0.0,0.0,0.0,0.0,7700231,0,0,ntdll.dll,RtlFreeHeap,[Unknown],0x180078bb0
Search::thread,0.002000,0.0,0.0,0.0,0.0,0.0,0.0,,0.0,0.0,0.0,0.0,7700231,7700231,0,frankycpp_v1.4.exe,Search::thread,Search.h,0x1402098ac
Square::file,0.002000,0.0,0.0,0.0,0.0,0.0,0.0,0.0,0.0,,,,2200066,2600078,0,frankycpp_v1.4.exe,Square::file,square.h,0x140246236
Square::file,0.002000,0.0,0.0,0.0,0.0,0.0,0.0,0.0,0.0,0.0,0.0,0.0,8800264,5900177,0,frankycpp_v1.4.exe,Square::file,square.h,0x140239175
Square::rank,0.002000,0.0,0.0,0.0,0.0,0.0,0.0,0.0,0.0,0.0,0.0,0.0,7000210,800024,0,frankycpp_v1.4.exe,Square::rank,square.h,0x14024622c
TT::getHash,0.002000,0.0,0.0,0.0,0.0,100.0,0.0,,0.0,,,,0,0,0,frankycpp_v1.4.exe,TT::getHash,TT.h,0x1402471ab
Value::operator int,0.002000,0.0,0.0,0.0,0.0,0.0,0.0,0.0,0.0,0.0,0.0,0.0,0,2200066,0,frankycpp_v1.4.exe,Value::operator int,value.h,0x14020a7dd
Value::operator int,0.002000,0.0,0.0,0.0,100.0,0.0,0.0,,0.0,,,,12500375,15900477,0,frankycpp_v1.4.exe,Value::operator int,value.h,0x14023ab25
Value::{ctor},0.002000,0.0,0.0,0.0,0.0,0.0,0.0,0.0,0.0,0.0,0.0,0.0,0,2200066,0,frankycpp_v1.4.exe,Value::{ctor},value.h,0x14020adb5
Value::{ctor},0.002000,0.0,0.0,0.0,0.0,0.0,0.0,0.0,0.0,,,,12100363,8800264,0,frankycpp_v1.4.exe,Value::{ctor},value.h,0x140209346
boost::archive::detail::basic_iarchive::load_object,0.002000,0.0,0.0,0.0,0.0,0.0,0.0,0.0,0.0,0.0,0.0,0.0,20900627,7700231,0,frankycpp_v1.4.exe,"boost::archive::detail::basic_iarchive::load_object(void *,class boost::archive::detail::basic_iserializer const &)",basic_iarchive.cpp,0x140282f10
boost::serialization::extended_type_info::operator<,0.002000,0.0,0.0,0.0,0.0,0.0,0.0,0.0,0.0,0.0,0.0,0.0,26400792,14300429,0,frankycpp_v1.4.exe,boost::serialization::extended_type_info::operator<(class boost::serialization::extended_type_info const &),extended_type_info.cpp,0x14028e1a0
func@0x140001000,0.002000,0.0,0.0,0.0,0.0,100.0,0.0,0.0,0.0,0.0,0.0,0.0,0,0,0,winhvr.sys,func@0x140001000,[Unknown],0x140001000
func@0x140010528,0.002000,0.0,,0.0,,0.0,0.0,0.0,0.0,0.0,0.0,0.0,1100033,0,0,usbxhci.sys,func@0x140010528,[Unknown],0x140010528
func@0x140013c80,0.002000,0.0,0.0,0.0,0.0,0.0,0.0,0.0,0.0,0.0,0.0,0.0,0,0,0,dxgmms2.sys,func@0x140013c80,[Unknown],0x140013c80
func@0x140020190,0.002000,,100.0,0.0,0.0,0.0,0.0,0.0,0.0,0.0,0.0,0.0,0,0,0,nvlddmkm.sys,func@0x140020190,[Unknown],0x140020190
func@0x1400f7bd0,0.002000,0.0,0.0,0.0,0.0,0.0,0.0,0.0,0.0,0.0,0.0,0.0,3300099,1100033,0,nvlddmkm.sys,func@0x1400f7bd0,[Unknown],0x1400f7bd0
func@0x140114cf7,0.002000,0.0,0.0,0.0,0.0,0.0,0.0,0.0,0.0,0.0,0.0,0.0,4400132,3300099,0,ntfs.sys,func@0x140114cf7,[Unknown],0x140114cf7
func@0x140115460,0.002000,,0.0,0.0,0.0,0.0,0.0,0.0,0.0,0.0,0.0,0.0,1100033,0,0,ntfs.sys,func@0x140115460,[Unknown],0x140115460
func@0x14011a2e0,0.002000,0.0,0.0,0.0,0.0,0.0,0.0,0.0,0.0,0.0,0.0,0.0,0,1100033,0,nvlddmkm.sys,func@0x14011a2e0,[Unknown],0x14011a2e0
func@0x14015e490,0.002000,0.0,0.0,0.0,0.0,0.0,0.0,0.0,0.0,0.0,0.0,0.0,0,0,0,ntfs.sys,func@0x14015e490,[Unknown],0x14015e490
func@0x140212a50,0.002000,0.0,0.0,0.0,0.0,0.0,0.0,0.0,0.0,0.0,0.0,0.0,0,0,0,ntoskrnl.exe,func@0x140212a50,[Unknown],0x140212a50
func@0x140216fa0,0.002000,0.0,0.0,0.0,0.0,0.0,0.0,0.0,0.0,0.0,0.0,0.0,4400132,1100033,0,ntoskrnl.exe,func@0x140216fa0,[Unknown],0x140216fa0
func@0x14023539f,0.002000,0.0,0.0,0.0,0.0,0.0,0.0,0.0,0.0,0.0,0.0,0.0,0,0,0,ntoskrnl.exe,func@0x14023539f,[Unknown],0x14023539f
func@0x140241ec0,0.002000,0.0,0.0,100.0,0.0,100.0,0.0,0.0,0.0,0.0,0.0,0.0,5200156,3300099,0,ntoskrnl.exe,func@0x140241ec0,[Unknown],0x140241ec0
func@0x140244270,0.002000,0.0,100.0,0.0,0.0,0.0,0.0,0.0,0.0,0.0,0.0,0.0,1100033,2600078,0,ntoskrnl.exe,func@0x140244270,[Unknown],0x140244270
func@0x1402467e4,0.002000,0.0,0.0,100.0,0.0,100.0,0.0,0.0,0.0,,,,2200066,1100033,0,ntoskrnl.exe,func@0x1402467e4,[Unknown],0x1402467e4
func@0x14024e810,0.002000,0.0,0.0,0.0,0.0,0.0,0.0,0.0,0.0,,,,1500045,0,0,ntoskrnl.exe,func@0x14024e810,[Unknown],0x14024e810
func@0x140252210,0.002000,0.0,0.0,0.0,0.0,0.0,0.0,,0.0,0.0,0.0,0.0,1100033,0,0,ntoskrnl.exe,func@0x140252210,[Unknown],0x140252210
func@0x1402613f0,0.002000,0.0,0.0,0.0,0.0,100.0,0.0,0.0,0.0,0.0,0.0,0.0,1100033,0,0,ntoskrnl.exe,func@0x1402613f0,[Unknown],0x1402613f0
func@0x140277f7d,0.002000,0.0,100.0,0.0,100.0,0.0,0.0,0.0,0.0,,,,0,0,0,ntoskrnl.exe,func@0x140277f7d,[Unknown],0x140277f7d
func@0x140278500,0.002000,0.0,100.0,0.0,100.0,0.0,0.0,0.0,0.0,0.0,0.0,0.0,1100033,1100033,0,ntoskrnl.exe,func@0x140278500,[Unknown],0x140278500
func@0x140279ba0,0.002000,0.0,0.0,0.0,0.0,0.0,0.0,0.0,0.0,,,,0,0,0,ntoskrnl.exe,func@0x140279ba0,[Unknown],0x140279ba0
func@0x140288fb0,0.002000,0.0,0.0,100.0,0.0,0.0,0.0,0.0,0.0,0.0,0.0,0.0,0,0,0,nvlddmkm.sys,func@0x140288fb0,[Unknown],0x140288fb0
func@0x1402b4da2,0.002000,0.0,0.0,0.0,0.0,0.0,0.0,0.0,0.0,0.0,0.0,0.0,0,0,0,ntoskrnl.exe,func@0x1402b4da2,[Unknown],0x1402b4da2
func@0x1402b83c0,0.002000,0.0,,,,0.0,0.0,0.0,0.0,0.0,0.0,0.0,0,0,0,ntoskrnl.exe,func@0x1402b83c0,[Unknown],0x1402b83c0
func@0x1402ba66c,0.002000,0.0,0.0,0.0,0.0,0.0,0.0,0.0,0.0,0.0,0.0,0.0,0,0,0,ntoskrnl.exe,func@0x1402ba66c,[Unknown],0x1402ba66c
func@0x1402e8b71,0.002000,0.0,0.0,0.0,0.0,0.0,0.0,0.0,0.0,0.0,0.0,0.0,4400132,2200066,0,ntoskrnl.exe,func@0x1402e8b71,[Unknown],0x1402e8b71
func@0x140300860,0.002000,0.0,0.0,0.0,100.0,0.0,0.0,,0.0,0.0,0.0,0.0,3300099,0,0,ntoskrnl.exe,func@0x140300860,[Unknown],0x140300860
func@0x14030e744,0.002000,0.0,0.0,0.0,0.0,0.0,0.0,0.0,0.0,0.0,0.0,0.0,0,0,0,ntoskrnl.exe,func@0x14030e744,[Unknown],0x14030e744
func@0x140320940,0.002000,0.0,0.0,0.0,0.0,0.0,0.0,0.0,0.0,0.0,0.0,0.0,0,0,0,ntoskrnl.exe,func@0x140320940,[Unknown],0x140320940
func@0x140324070,0.002000,0.0,0.0,0.0,0.0,0.0,0.0,0.0,0.0,0.0,0.0,0.0,0,1100033,0,ntoskrnl.exe,func@0x140324070,[Unknown],0x140324070
func@0x14032be30,0.002000,0.0,0.0,0.0,0.0,0.0,0.0,0.0,0.0,0.0,0.0,0.0,11000330,8100243,0,ntoskrnl.exe,func@0x14032be30,[Unknown],0x14032be30
func@0x14032ed00,0.002000,0.0,0.0,0.0,0.0,0.0,0.0,0.0,0.0,0.0,0.0,0.0,0,0,0,ntoskrnl.exe,func@0x14032ed00,[Unknown],0x14032ed00
func@0x1403300ea,0.002000,0.0,0.0,100.0,0.0,0.0,0.0,0.0,0.0,0.0,0.0,0.0,0,0,0,ntoskrnl.exe,func@0x1403300ea,[Unknown],0x1403300ea
func@0x1403bd960,0.002000,0.0,0.0,61.2,0.0,0.0,0.0,0.0,100.0,0.0,0.0,0.0,3400102,0,0,ntoskrnl.exe,func@0x1403bd960,[Unknown],0x1403bd960
func@0x1403e3700,0.002000,0.0,0.0,0.0,0.0,0.0,0.0,0.0,0.0,0.0,0.0,0.0,3000090,0,0,ntoskrnl.exe,func@0x1403e3700,[Unknown],0x1403e3700
func@0x1403f7900,0.002000,0.0,0.0,0.0,0.0,0.0,0.0,0.0,0.0,0.0,0.0,0.0,0,0,0,ntoskrnl.exe,func@0x1403f7900,[Unknown],0x1403f7900
func@0x1404113d0,0.002000,,,0.0,,0.0,0.0,,0.0,,,,2200066,0,0,ntoskrnl.exe,func@0x1404113d0,[Unknown],0x1404113d0
func@0x14042dbc0,0.002000,0.0,0.0,0.0,0.0,0.0,0.0,0.0,0.0,,,,0,1100033,0,ntoskrnl.exe,func@0x14042dbc0,[Unknown],0x14042dbc0
func@0x14043d710,0.002000,0.0,0.0,0.0,0.0,0.0,0.0,0.0,0.0,,,,1500045,1100033,0,ntoskrnl.exe,func@0x14043d710,[Unknown],0x14043d710
func@0x1406b24c0,0.002000,,0.0,0.0,0.0,91.8,0.0,0.0,0.0,0.0,0.0,0.0,1100033,3000090,0,ntoskrnl.exe,func@0x1406b24c0,[Unknown],0x1406b24c0
func@0x140768b10,0.002000,0.0,0.0,0.0,0.0,0.0,0.0,0.0,0.0,0.0,0.0,0.0,0,0,0,nvlddmkm.sys,func@0x140768b10,[Unknown],0x140768b10
func@0x140b51550,0.002000,0.0,0.0,0.0,0.0,0.0,0.0,0.0,0.0,0.0,0.0,0.0,3300099,0,0,nvlddmkm.sys,func@0x140b51550,[Unknown],0x140b51550
func@0x140d3e8e0,0.002000,0.0,0.0,0.0,0.0,0.0,0.0,0.0,0.0,0.0,0.0,0.0,1100033,1100033,0,nvlddmkm.sys,func@0x140d3e8e0,[Unknown],0x140d3e8e0
func@0x140da8c2f,0.002000,,100.0,0.0,0.0,0.0,0.0,0.0,0.0,0.0,0.0,0.0,0,0,0,nvlddmkm.sys,func@0x140da8c2f,[Unknown],0x140da8c2f
func@0x140da8ef0,0.002000,0.0,0.0,100.0,0.0,0.0,0.0,0.0,0.0,0.0,0.0,0.0,0,0,0,nvlddmkm.sys,func@0x140da8ef0,[Unknown],0x140da8ef0
func@0x140dcbe50,0.002000,0.0,0.0,0.0,0.0,0.0,0.0,0.0,0.0,0.0,0.0,0.0,0,0,0,nvlddmkm.sys,func@0x140dcbe50,[Unknown],0x140dcbe50
func@0x180077168,0.002000,0.0,0.0,0.0,0.0,0.0,0.0,0.0,0.0,,,,0,0,0,ntdll.dll,func@0x180077168,[Unknown],0x180077168
operator&,0.002000,0.0,0.0,0.0,0.0,0.0,0.0,0.0,0.0,0.0,0.0,0.0,3300099,1100033,0,frankycpp_v1.4.exe,operator&,bitboard.h,0x140240af2
operator&,0.002000,0.0,0.0,0.0,0.0,0.0,0.0,,0.0,0.0,0.0,0.0,22900687,3000090,0,frankycpp_v1.4.exe,operator&,bitboard.h,0x14020a284
operator&,0.002000,66.7,0.0,0.0,0.0,0.0,0.0,0.0,0.0,0.0,0.0,0.0,5900177,4100123,0,frankycpp_v1.4.exe,operator&,bitboard.h,0x14020aee5
operator*,0.002000,0.0,0.0,0.0,0.0,0.0,0.0,0.0,0.0,0.0,0.0,0.0,13800414,4100123,0,frankycpp_v1.4.exe,operator*,value.h,0x140245318
operator+=,0.002000,0.0,0.0,0.0,0.0,0.0,0.0,0.0,0.0,0.0,0.0,0.0,2200066,1100033,0,frankycpp_v1.4.exe,operator+=,depth.h,0x140209ef4
operator-,0.002000,0.0,0.0,0.0,0.0,0.0,0.0,0.0,0.0,0.0,0.0,0.0,4400132,1100033,0,frankycpp_v1.4.exe,operator-,value.h,0x140209573
operator-,0.002000,100.0,0.0,0.0,0.0,0.0,0.0,0.0,0.0,,,,9900297,5500165,0,frankycpp_v1.4.exe,operator-,value.h,0x140209486
operator-,0.002000,0.0,0.0,0.0,0.0,0.0,0.0,0.0,0.0,,,,7700231,6600198,0,frankycpp_v1.4.exe,operator-,value.h,0x1402777f7
operator-,0.002000,0.0,0.0,0.0,0.0,0.0,0.0,0.0,0.0,0.0,0.0,0.0,0,3300099,0,frankycpp_v1.4.exe,operator-,direction.h,0x1402405ab
operator-,0.002000,0.0,0.0,0.0,0.0,0.0,0.0,0.0,0.0,0.0,0.0,0.0,400012,0,0,frankycpp_v1.4.exe,operator-,value.h,0x140209426
operator-,0.002000,0.0,0.0,0.0,0.0,0.0,0.0,0.0,0.0,,,,23100693,16500495,0,frankycpp_v1.4.exe,operator-,value.h,0x140277940
operator-=,0.002000,,0.0,0.0,0.0,0.0,0.0,0.0,0.0,0.0,0.0,0.0,9900297,0,0,frankycpp_v1.4.exe,operator-=,depth.h,0x140209e4e
operator==,0.002000,0.0,0.0,0.0,100.0,0.0,0.0,0.0,0.0,0.0,0.0,0.0,0,0,0,frankycpp_v1.4.exe,operator==,castlingrights.h,0x140208f6c
operator|,0.002000,0.0,,0.0,0.0,0.0,0.0,0.0,0.0,,,,3300099,1100033,0,frankycpp_v1.4.exe,operator|,bitboard.h,0x140240a70
operator~,0.002000,0.0,0.0,0.0,0.0,0.0,0.0,0.0,0.0,0.0,0.0,0.0,15400462,3300099,0,frankycpp_v1.4.exe,operator~,color.h,0x14024116d
operator~,0.002000,0.0,0.0,0.0,0.0,0.0,0.0,0.0,0.0,,,,22900687,7000210,0,frankycpp_v1.4.exe,operator~,color.h,0x14020aeda
operator~,0.002000,0.0,0.0,0.0,0.0,0.0,0.0,0.0,0.0,0.0,0.0,0.0,6700201,1200036,0,frankycpp_v1.4.exe,operator~,color.h,0x140239b31
std::_Copy_memmove_tail<Move *>,0.002000,0.0,0.0,0.0,0.0,0.0,0.0,0.0,0.0,0.0,0.0,0.0,1100033,0,0,frankycpp_v1.4.exe,"std::_Copy_memmove_tail<Move *>(const char *, class Move *, const unsigned __int64, const unsigned __int64)",xutility,0x14021dff0
std::_Fnv1a_append_bytes,0.002000,0.0,0.0,0.0,0.0,0.0,0.0,0.0,0.0,0.0,0.0,0.0,28600858,6600198,0,frankycpp_v1.4.exe,std::_Fnv1a_append_bytes,type_traits,0x14025bee0
"std::array<Move,64>::operator[]",0.002000,0.0,0.0,0.0,0.0,0.0,0.0,0.0,0.0,,,,12100363,3300099,0,frankycpp_v1.4.exe,"std::array<Move,64>::operator[]",array,0x14020a43f
"std::array<Value,25>::operator[]",0.002000,0.0,0.0,0.0,0.0,0.0,0.0,0.0,0.0,,,,17300519,7700231,0,frankycpp_v1.4.exe,"std::array<Value,25>::operator[]",array,0x140241280
"std::array<Value,25>::operator[]",0.002000,0.0,0.0,0.0,0.0,0.0,0.0,0.0,0.0,0.0,0.0,0.0,0,1100033,0,frankycpp_v1.4.exe,"std::array<Value,25>::operator[]",array,0x140240cb6
"std::array<int,64>::operator[]",0.002000,0.0,61.2,0.0,0.0,0.0,0.0,0.0,0.0,0.0,0.0,0.0,20900627,4400132,0,frankycpp_v1.4.exe,"std::array<int,64>::operator[]",array,0x140209e96
"std::basic_filebuf<char,struct std::char_traits<char> >::xsgetn",0.002000,0.0,0.0,0.0,0.0,0.0,0.0,0.0,0.0,0.0,0.0,0.0,15400462,9900297,0,frankycpp_v1.4.exe,"std::basic_filebuf<char,struct std::char_traits<char> >::xsgetn(char * __ptr64,__int64)",__msvc_filebuf.hpp,0x14011aaf0
std::countr_zero,0.002000,0.0,0.0,0.0,0.0,0.0,0.0,0.0,0.0,0.0,0.0,0.0,2600078,0,0,frankycpp_v1.4.exe,std::countr_zero,bit,0x140240ca7
std::make_unique,0.002000,0.0,0.0,0.0,0.0,0.0,0.0,0.0,0.0,0.0,0.0,0.0,0,0,0,frankycpp_v1.4.exe,std::make_unique,memory,0x140243005
std::popcount,0.002000,0.0,0.0,0.0,0.0,0.0,0.0,0.0,0.0,0.0,0.0,0.0,5500165,2200066,0,frankycpp_v1.4.exe,std::popcount,bit,0x1402457ed
"std::ranges::_Uninitialized_move_unchecked<Move *,Move *,Move *,Move *>",0.002000,0.0,0.0,0.0,0.0,0.0,0.0,0.0,0.0,,,,0,0,0,frankycpp_v1.4.exe,"std::ranges::_Uninitialized_move_unchecked<Move *,Move *,Move *,Move *>(class Move *, class Move *, class Move *, class Move *)",xmemory,0x14021d820
valueOf,0.002000,0.0,0.0,0.0,0.0,0.0,0.0,0.0,0.0,,,,14300429,5500165,0,frankycpp_v1.4.exe,valueOf,value.h,0x140209cb2
valueOf,0.002000,0.0,0.0,0.0,0.0,0.0,0.0,0.0,0.0,0.0,0.0,0.0,8800264,2200066,0,frankycpp_v1.4.exe,valueOf,value.h,0x1402777ee
Bitboard::lsb,0.001000,0.0,0.0,0.0,0.0,0.0,0.0,0.0,0.0,0.0,0.0,0.0,1100033,0,0,frankycpp_v1.4.exe,Bitboard::lsb,bitboard.h,0x14024033a
Bitboard::operator|=,0.001000,0.0,0.0,0.0,0.0,0.0,0.0,0.0,0.0,0.0,0.0,0.0,3300099,0,0,frankycpp_v1.4.exe,Bitboard::operator|=,bitboard.h,0x1402457af
Bitboard::popLSB,0.001000,0.0,0.0,0.0,0.0,0.0,0.0,,0.0,,,,8800264,16500495,0,frankycpp_v1.4.exe,Bitboard::popLSB,bitboard.h,0x140245c80
Bitboard::popLSB,0.001000,0.0,0.0,0.0,0.0,0.0,0.0,0.0,0.0,,,,4400132,3300099,0,frankycpp_v1.4.exe,Bitboard::popLSB,bitboard.h,0x1402406e3
Bitboard::popLSB,0.001000,0.0,0.0,0.0,0.0,0.0,0.0,0.0,0.0,0.0,0.0,0.0,0,0,0,frankycpp_v1.4.exe,Bitboard::popLSB,bitboard.h,0x140240bf0
Bitboard::{ctor},0.001000,0.0,0.0,0.0,0.0,0.0,0.0,0.0,0.0,0.0,0.0,0.0,5500165,1100033,0,frankycpp_v1.4.exe,Bitboard::{ctor},bitboard.h,0x140240adf
Bitboard::{ctor},0.001000,0.0,0.0,0.0,0.0,0.0,0.0,,0.0,,,,5900177,3500105,0,frankycpp_v1.4.exe,Bitboard::{ctor},bitboard.h,0x140277b1c
BookEntry::{ctor},0.001000,0.0,0.0,0.0,0.0,0.0,0.0,0.0,0.0,0.0,0.0,0.0,0,0,0,frankycpp_v1.4.exe,BookEntry::{ctor},bookentry.h,0x140261089
CastlingRights::isEmpty,0.001000,0.0,0.0,0.0,0.0,0.0,0.0,0.0,0.0,0.0,0.0,0.0,0,0,0,frankycpp_v1.4.exe,CastlingRights::isEmpty,castlingrights.h,0x140239087
Direction::pawnPush,0.001000,0.0,0.0,0.0,0.0,0.0,0.0,0.0,0.0,0.0,0.0,0.0,0,2200066,0,frankycpp_v1.4.exe,Direction::pawnPush,direction.h,0x1402399f8
Direction::pawnPush,0.001000,0.0,0.0,0.0,0.0,0.0,0.0,0.0,0.0,0.0,0.0,0.0,1100033,0,0,frankycpp_v1.4.exe,Direction::pawnPush,direction.h,0x140240c8d
EntropyProvideData,0.001000,0.0,0.0,,,0.0,0.0,,0.0,0.0,0.0,0.0,0,0,0,cng.sys,EntropyProvideData,[Unknown],0x18002cff0
EtwWriteEx,0.001000,0.0,0.0,0.0,0.0,0.0,0.0,0.0,0.0,0.0,0.0,0.0,0,0,0,ntoskrnl.exe,EtwWriteEx,[Unknown],0x14027ca90
Evaluator::prefetch,0.001000,0.0,0.0,0.0,0.0,0.0,0.0,0.0,0.0,0.0,0.0,0.0,1100033,400012,0,frankycpp_v1.4.exe,Evaluator::prefetch,Evaluator.h,0x14020abd2
ExAcquireFastResourceShared,0.001000,0.0,0.0,0.0,0.0,0.0,0.0,0.0,0.0,0.0,0.0,0.0,0,1100033,0,ntoskrnl.exe,ExAcquireFastResourceShared,[Unknown],0x1402e9a60
ExFreeToNPagedLookasideList,0.001000,0.0,0.0,0.0,0.0,0.0,0.0,0.0,0.0,0.0,0.0,0.0,0,0,0,ntoskrnl.exe,ExFreeToNPagedLookasideList,[Unknown],0x140358350
FltReleaseFileNameInformation,0.001000,0.0,0.0,0.0,0.0,0.0,0.0,0.0,0.0,0.0,0.0,0.0,0,1100033,0,fltmgr.sys,FltReleaseFileNameInformation,[Unknown],0x180059630
FsRtlAreNamesEqual,0.001000,0.0,0.0,0.0,0.0,0.0,0.0,0.0,0.0,0.0,0.0,0.0,0,1100033,0,ntoskrnl.exe,FsRtlAreNamesEqual,[Unknown],0x1402f08e0
FsRtlReleaseHeaderMutex,0.001000,0.0,0.0,0.0,0.0,0.0,0.0,,0.0,0.0,0.0,0.0,0,2200066,0,ntoskrnl.exe,FsRtlReleaseHeaderMutex,[Unknown],0x1402fffb0
GetFileType,0.001000,0.0,0.0,0.0,0.0,0.0,0.0,0.0,0.0,0.0,0.0,0.0,0,0,0,kernelbase.dll,GetFileType,[Unknown],0x1800cd3b0
KeRemoveQueueEx,0.001000,0.0,0.0,0.0,0.0,0.0,0.0,0.0,0.0,0.0,0.0,0.0,0,0,0,ntoskrnl.exe,KeRemoveQueueEx,[Unknown],0x1402501d0
KeSetEvent,0.001000,0.0,0.0,0.0,52.5,0.0,0.0,0.0,0.0,0.0,0.0,0.0,2200066,3300099,0,ntoskrnl.exe,KeSetEvent,[Unknown],0x1402959b0
LdrInitializeThunk,0.001000,0.0,0.0,0.0,0.0,0.0,0.0,0.0,0.0,0.0,0.0,0.0,0,0,0,ntdll.dll,LdrInitializeThunk,[Unknown],0x1800eb0a0
MmUnmapLockedPages,0.001000,0.0,0.0,100.0,0.0,0.0,0.0,0.0,0.0,0.0,0.0,0.0,0,0,0,ntoskrnl.exe,MmUnmapLockedPages,[Unknown],0x1402b0dd0
Move::operator==,0.001000,0.0,0.0,0.0,0.0,0.0,0.0,0.0,0.0,,,,12100363,1100033,0,frankycpp_v1.4.exe,Move::operator==,PVTable.h,0x140209ed9
Move::stripped,0.001000,0.0,0.0,0.0,0.0,0.0,0.0,,0.0,,,,6600198,4400132,0,frankycpp_v1.4.exe,Move::stripped,move.h,0x14023e4e0
Move::stripped,0.001000,0.0,0.0,0.0,0.0,0.0,0.0,0.0,0.0,,,,7700231,0,0,frankycpp_v1.4.exe,Move::stripped,move.h,0x14023e4f0
Move::to,0.001000,,0.0,73.5,0.0,0.0,0.0,0.0,0.0,0.0,0.0,0.0,5500165,5500165,0,frankycpp_v1.4.exe,Move::to,move.h,0x140239419
Move::type,0.001000,0.0,0.0,0.0,0.0,0.0,0.0,0.0,0.0,,,,19500585,9200276,0,frankycpp_v1.4.exe,Move::type,move.h,0x14020aae2
Move::type,0.001000,0.0,0.0,0.0,0.0,0.0,0.0,0.0,0.0,0.0,0.0,0.0,2200066,1100033,0,frankycpp_v1.4.exe,Move::type,move.h,0x14020aef7
Move::type,0.001000,0.0,0.0,0.0,0.0,0.0,0.0,0.0,0.0,,,,1500045,1100033,0,frankycpp_v1.4.exe,Move::type,move.h,0x140209f23
Move::type,0.001000,0.0,0.0,0.0,0.0,0.0,0.0,0.0,0.0,0.0,0.0,0.0,0,0,0,frankycpp_v1.4.exe,Move::type,move.h,0x14023fe16
Move::type,0.001000,0.0,0.0,0.0,0.0,0.0,0.0,0.0,0.0,0.0,0.0,0.0,1100033,0,0,frankycpp_v1.4.exe,Move::type,move.h,0x14020a38b
Move::{ctor},0.001000,0.0,0.0,0.0,0.0,0.0,0.0,0.0,0.0,0.0,0.0,0.0,0,4400132,0,frankycpp_v1.4.exe,Move::{ctor},move.h,0x14019ba30
Move::{ctor},0.001000,0.0,0.0,0.0,0.0,0.0,0.0,0.0,0.0,0.0,0.0,0.0,2200066,2200066,0,frankycpp_v1.4.exe,Move::{ctor},move.h,0x140240c04
MoveGenerator::resetOnDemand,0.001000,0.0,0.0,0.0,0.0,0.0,100.0,0.0,0.0,0.0,0.0,0.0,0,0,0,frankycpp_v1.4.exe,MoveGenerator::resetOnDemand,MoveGenerator.h,0x14020069b
MoveGenerator::resetOnDemand,0.001000,0.0,0.0,0.0,0.0,0.0,0.0,,0.0,0.0,0.0,0.0,0,0,0,frankycpp_v1.4.exe,MoveGenerator::resetOnDemand,MoveGenerator.h,0x140200658
NtWaitForWorkViaWorkerFactory,0.001000,0.0,0.0,0.0,0.0,0.0,0.0,0.0,0.0,0.0,0.0,0.0,0,0,0,ntdll.dll,NtWaitForWorkViaWorkerFactory,[Unknown],0x1801656f0
Position::getMidPosValue,0.001000,0.0,0.0,0.0,0.0,0.0,0.0,0.0,0.0,0.0,0.0,0.0,1100033,1100033,0,frankycpp_v1.4.exe,Position::getMidPosValue,Position.h,0x1402452da
Position::getOccupiedBb,0.001000,0.0,0.0,0.0,0.0,0.0,0.0,0.0,0.0,,,,3700111,1100033,0,frankycpp_v1.4.exe,Position::getOccupiedBb,Position.h,0x140245b6b
Position::getPieceBb,0.001000,0.0,0.0,0.0,0.0,0.0,0.0,0.0,0.0,0.0,0.0,0.0,5000150,1200036,0,frankycpp_v1.4.exe,Position::getPieceBb,Position.h,0x140277b7d
Position::isCapturingMove,0.001000,0.0,0.0,0.0,0.0,0.0,0.0,0.0,0.0,0.0,0.0,0.0,0,0,0,frankycpp_v1.4.exe,Position::isCapturingMove,Position.h,0x140209efb
Query_perf_frequency,0.001000,0.0,0.0,0.0,0.0,0.0,0.0,0.0,0.0,0.0,0.0,0.0,0,0,0,msvcp140.dll,Query_perf_frequency,[Unknown],0x180012980
RtlAcquireSRWLockExclusive,0.001000,0.0,0.0,0.0,0.0,0.0,0.0,0.0,0.0,0.0,0.0,0.0,0,0,0,ntdll.dll,RtlAcquireSRWLockExclusive,[Unknown],0x18003c030
RtlAcquireSRWLockShared,0.001000,0.0,,,0.0,0.0,0.0,0.0,0.0,0.0,0.0,0.0,0,0,0,ntdll.dll,RtlAcquireSRWLockShared,[Unknown],0x18001af50
RtlCopyMemory,0.001000,0.0,100.0,0.0,100.0,0.0,0.0,,0.0,,,,1100033,4400132,0,ntoskrnl.exe,RtlCopyMemory,[Unknown],0x1406bf540
RtlFlsSetValue,0.001000,0.0,0.0,0.0,0.0,0.0,0.0,0.0,0.0,0.0,0.0,0.0,0,0,0,ntdll.dll,RtlFlsSetValue,[Unknown],0x180034d60
RtlReturnTimerWheelEntry,0.001000,0.0,0.0,0.0,0.0,0.0,0.0,0.0,0.0,0.0,0.0,0.0,0,0,0,netio.sys,RtlReturnTimerWheelEntry,[Unknown],0x140034050
SbSelectProcedure,0.001000,0.0,0.0,,,0.0,0.0,0.0,0.0,0.0,0.0,0.0,0,0,0,ntdll.dll,SbSelectProcedure,[Unknown],0x1800696f0
Search::evaluate,0.001000,0.0,0.0,0.0,0.0,0.0,0.0,0.0,0.0,0.0,0.0,0.0,10300309,4400132,0,frankycpp_v1.4.exe,Search::evaluate,Search.cpp,0x1402091f0
Search::helperRun,0.001000,0.0,0.0,0.0,0.0,0.0,0.0,0.0,0.0,,,,1100033,0,0,frankycpp_v1.4.exe,Search::helperRun(struct SearchThreadData &),Search.cpp,0x140204ca0
Search::thread,0.001000,0.0,0.0,0.0,0.0,0.0,0.0,0.0,0.0,,,,18400552,16900507,0,frankycpp_v1.4.exe,Search::thread,Search.h,0x14020ad21
Search::thread,0.001000,0.0,0.0,100.0,0.0,100.0,0.0,25.0,0.0,0.0,0.0,0.0,800024,400012,0,frankycpp_v1.4.exe,Search::thread,Search.h,0x1402110de
SearchThreadData::regenerateLmrTable,0.001000,0.0,0.0,0.0,0.0,0.0,0.0,0.0,0.0,0.0,0.0,0.0,1100033,0,0,frankycpp_v1.4.exe,"SearchThreadData::regenerateLmrTable(bool,double)",SearchThreadData.h,0x1401ff990
Square::isValid,0.001000,0.0,0.0,0.0,0.0,0.0,0.0,0.0,0.0,0.0,0.0,0.0,0,0,0,frankycpp_v1.4.exe,Square::isValid,square.h,0x140166b11
StaticMoveList<256>::push_back,0.001000,0.0,0.0,0.0,0.0,0.0,0.0,0.0,0.0,0.0,0.0,0.0,0,0,0,frankycpp_v1.4.exe,StaticMoveList<256>::push_back,staticmovelist.h,0x140240644
TT::getHash,0.001000,0.0,0.0,0.0,0.0,0.0,0.0,,0.0,,,,2000060,800024,0,frankycpp_v1.4.exe,TT::getHash,TT.h,0x14024702a
Value::operator int,0.001000,0.0,0.0,0.0,0.0,0.0,0.0,0.0,0.0,0.0,0.0,0.0,3300099,2600078,0,frankycpp_v1.4.exe,Value::operator int,value.h,0x14020932b
Value::operator int,0.001000,0.0,0.0,0.0,0.0,0.0,0.0,0.0,0.0,0.0,0.0,0.0,0,0,0,frankycpp_v1.4.exe,Value::operator int,value.h,0x140208f26
Value::{ctor},0.001000,0.0,0.0,0.0,0.0,0.0,0.0,0.0,0.0,0.0,0.0,0.0,0,0,0,frankycpp_v1.4.exe,Value::{ctor},value.h,0x14020b0c0
WppAutoLogTrace,0.001000,0.0,0.0,0.0,100.0,0.0,0.0,0.0,0.0,0.0,0.0,0.0,0,0,0,wpprecorder.sys,WppAutoLogTrace,[Unknown],0x140002b00
YAML::Stream::operator bool,0.001000,0.0,0.0,0.0,0.0,0.0,0.0,0.0,0.0,0.0,0.0,0.0,0,0,0,frankycpp_v1.4.exe,YAML::Stream::operator bool(void),stream.cpp,0x1402d3810
[Import thunk malloc],0.001000,0.0,0.0,0.0,0.0,0.0,0.0,0.0,0.0,0.0,0.0,0.0,0,0,0,frankycpp_v1.4.exe,[Import thunk malloc],[Unknown],0x1405efd10
[Import thunk memmove],0.001000,0.0,0.0,0.0,0.0,0.0,0.0,0.0,0.0,0.0,0.0,0.0,0,0,0,frankycpp_v1.4.exe,[Import thunk memmove],[Unknown],0x1405efb8a
"[Import thunk std::basic_streambuf<char,struct std::char_traits<char> >::xsputn]",0.001000,0.0,0.0,0.0,0.0,0.0,0.0,0.0,0.0,0.0,0.0,0.0,0,0,0,frankycpp_v1.4.exe,"[Import thunk std::basic_streambuf<char,struct std::char_traits<char> >::xsputn(char const * __ptr64,__int64)]",[Unknown],0x1405ca8d8
[dxgmms2.sys],0.001000,0.0,0.0,0.0,0.0,0.0,0.0,0.0,0.0,0.0,0.0,0.0,0,0,0,dxgmms2.sys,[dxgmms2.sys],[Unknown],0x0
[nvlddmkm.sys],0.001000,0.0,0.0,0.0,0.0,0.0,0.0,0.0,0.0,0.0,0.0,0.0,0,0,0,nvlddmkm.sys,[nvlddmkm.sys],[Unknown],0x0
[wdfilter.sys],0.001000,0.0,0.0,0.0,0.0,0.0,0.0,0.0,0.0,0.0,0.0,0.0,0,0,0,wdfilter.sys,[wdfilter.sys],[Unknown],0x0
_local_stdio_printf_options,0.001000,0.0,0.0,0.0,0.0,0.0,0.0,0.0,0.0,0.0,0.0,0.0,0,0,0,frankycpp_v1.4.exe,_local_stdio_printf_options,corecrt_stdio_config.h,0x14015e100
"`anonymous namespace'::__std_find_trivial_impl<`anonymous namespace'::_Find_traits_1,unsigned char>",0.001000,0.0,0.0,0.0,0.0,0.0,0.0,0.0,0.0,0.0,0.0,0.0,0,0,0,frankycpp_v1.4.exe,"`anonymous namespace'::__std_find_trivial_impl<`anonymous namespace'::_Find_traits_1,unsigned char>(const void *, const void *, unsigned char)",vector_algorithms.cpp,0x1405d8730
boost::archive::detail::basic_iarchive::get_library_version,0.001000,0.0,0.0,0.0,0.0,0.0,0.0,0.0,0.0,0.0,0.0,0.0,3300099,1100033,0,frankycpp_v1.4.exe,boost::archive::detail::basic_iarchive::get_library_version(void),basic_iarchive.cpp,0x140282eb0
boost::archive::detail::basic_serializer::operator<,0.001000,0.0,0.0,0.0,0.0,0.0,0.0,0.0,0.0,0.0,0.0,0.0,1100033,0,0,frankycpp_v1.4.exe,boost::archive::detail::basic_serializer::operator<,basic_serializer.hpp,0x1402837f7
"boost::serialization::load<class boost::archive::binary_iarchive,class boost::serialization::collection_size_type>",0.001000,0.0,0.0,0.0,0.0,0.0,0.0,0.0,0.0,0.0,0.0,0.0,1100033,1100033,0,frankycpp_v1.4.exe,"boost::serialization::load<class boost::archive::binary_iarchive,class boost::serialization::collection_size_type>(class boost::archive::binary_iarchive &,class boost::serialization::nvp<class boost::serialization::collection_size_type> &,unsigned int)",nvp.hpp,0x140262840
"boost::serialization::load<class boost::archive::binary_iarchive,unsigned __int64,class std::allocator<unsigned __int64> >",0.001000,0.0,0.0,0.0,0.0,0.0,0.0,0.0,0.0,0.0,0.0,0.0,4400132,0,0,frankycpp_v1.4.exe,"boost::serialization::load<class boost::archive::binary_iarchive,unsigned __int64,class std::allocator<unsigned __int64> >(class boost::archive::binary_iarchive &,class std::vector<unsigned __int64,class std::allocator<unsigned __int64> > &,unsigned int,struct boost::mpl::bool_<1>)",vector.hpp,0x14026c410
"boost::serialization::singleton<class boost::archive::detail::iserializer<class boost::archive::binary_iarchive,class Move> >::get_instance",0.001000,0.0,0.0,0.0,0.0,0.0,0.0,0.0,0.0,0.0,0.0,0.0,3300099,2200066,0,frankycpp_v1.4.exe,"boost::serialization::singleton<class boost::archive::detail::iserializer<class boost::archive::binary_iarchive,class Move> >::get_instance(void)",singleton.hpp,0x14026e380
"boost::serialization::singleton<class boost::archive::detail::iserializer<class boost::archive::binary_iarchive,class std::vector<unsigned __int64,class std::allocator<unsigned __int64> > > >::get_instance",0.001000,0.0,0.0,0.0,0.0,0.0,0.0,0.0,0.0,0.0,0.0,0.0,5500165,5500165,0,frankycpp_v1.4.exe,"boost::serialization::singleton<class boost::archive::detail::iserializer<class boost::archive::binary_iarchive,class std::vector<unsigned __int64,class std::allocator<unsigned __int64> > > >::get_instance(void)",singleton.hpp,0x14026ab60
boost::serialization::typeid_system::extended_type_info_typeid_0::is_less_than,0.001000,100.0,0.0,0.0,0.0,0.0,0.0,0.0,0.0,,0.0,0.0,17600528,12100363,0,frankycpp_v1.4.exe,boost::serialization::typeid_system::extended_type_info_typeid_0::is_less_than(class boost::serialization::extended_type_info const &),extended_type_info_typeid.cpp,0x14028d3b0
func@0x13574,0.001000,0.0,0.0,0.0,,,0.0,0.0,0.0,0.0,0.0,0.0,0,0,0,sepdrv5.sys,func@0x13574,[Unknown],0x13574
func@0x140002700,0.001000,0.0,0.0,0.0,0.0,0.0,0.0,0.0,0.0,0.0,0.0,0.0,1100033,0,0,usbxhci.sys,func@0x140002700,[Unknown],0x140002700
func@0x140002b5e,0.001000,0.0,0.0,0.0,0.0,0.0,0.0,0.0,0.0,0.0,0.0,0.0,1100033,2200066,0,wpprecorder.sys,func@0x140002b5e,[Unknown],0x140002b5e
func@0x140002ff0,0.001000,0.0,0.0,0.0,0.0,0.0,0.0,0.0,0.0,0.0,0.0,0.0,0,0,0,winhvr.sys,func@0x140002ff0,[Unknown],0x140002ff0
func@0x140003550,0.001000,0.0,0.0,0.0,0.0,0.0,0.0,0.0,0.0,0.0,0.0,0.0,0,0,0,ucx01000.sys,func@0x140003550,[Unknown],0x140003550
func@0x140003a60,0.001000,0.0,0.0,0.0,0.0,0.0,0.0,0.0,0.0,0.0,0.0,0.0,0,0,0,mmcss.sys,func@0x140003a60,[Unknown],0x140003a60
func@0x140005ee0,0.001000,0.0,0.0,0.0,0.0,0.0,0.0,0.0,0.0,0.0,0.0,0.0,0,0,0,usbxhci.sys,func@0x140005ee0,[Unknown],0x140005ee0
func@0x140009630,0.001000,0.0,0.0,0.0,0.0,0.0,0.0,0.0,0.0,0.0,0.0,0.0,0,0,0,executioncontext.sys,func@0x140009630,[Unknown],0x140009630
func@0x14000a7cf,0.001000,0.0,0.0,0.0,0.0,0.0,0.0,0.0,0.0,0.0,0.0,0.0,0,0,0,ntfs.sys,func@0x14000a7cf,[Unknown],0x14000a7cf
func@0x14000d5e0,0.001000,0.0,0.0,0.0,0.0,0.0,0.0,0.0,0.0,0.0,0.0,0.0,0,1100033,0,dxgmms2.sys,func@0x14000d5e0,[Unknown],0x14000d5e0
func@0x14000d928,0.001000,0.0,0.0,0.0,100.0,0.0,0.0,0.0,0.0,0.0,0.0,0.0,0,0,0,dxgmms2.sys,func@0x14000d928,[Unknown],0x14000d928
func@0x14000e290,0.001000,0.0,0.0,0.0,0.0,0.0,0.0,0.0,0.0,0.0,0.0,0.0,0,0,0,usbxhci.sys,func@0x14000e290,[Unknown],0x14000e290
func@0x140010440,0.001000,0.0,0.0,0.0,0.0,0.0,0.0,0.0,0.0,0.0,0.0,0.0,0,0,0,usbxhci.sys,func@0x140010440,[Unknown],0x140010440
func@0x140013160,0.001000,0.0,0.0,0.0,0.0,0.0,0.0,0.0,0.0,0.0,0.0,0.0,0,0,0,stornvme.sys,func@0x140013160,[Unknown],0x140013160
func@0x14001672d,0.001000,0.0,100.0,0.0,0.0,100.0,0.0,0.0,0.0,,,,0,0,0,wdf01000.sys,func@0x14001672d,[Unknown],0x14001672d
func@0x140019520,0.001000,0.0,0.0,0.0,0.0,0.0,0.0,0.0,0.0,0.0,0.0,0.0,0,0,0,nvlddmkm.sys,func@0x140019520,[Unknown],0x140019520
func@0x14001fe40,0.001000,0.0,0.0,0.0,0.0,0.0,0.0,0.0,0.0,0.0,0.0,0.0,0,0,0,nvlddmkm.sys,func@0x14001fe40,[Unknown],0x14001fe40
func@0x140020340,0.001000,0.0,0.0,0.0,0.0,0.0,0.0,0.0,0.0,0.0,0.0,0.0,0,0,0,netadaptercx.sys,func@0x140020340,[Unknown],0x140020340
func@0x140023cc0,0.001000,0.0,0.0,0.0,0.0,0.0,0.0,0.0,0.0,0.0,0.0,0.0,0,0,0,dxgkrnl.sys,func@0x140023cc0,[Unknown],0x140023cc0
func@0x140025820,0.001000,0.0,0.0,0.0,0.0,100.0,0.0,0.0,0.0,0.0,0.0,0.0,0,0,0,usbxhci.sys,func@0x140025820,[Unknown],0x140025820
func@0x140026780,0.001000,,0.0,0.0,0.0,0.0,0.0,0.0,0.0,0.0,0.0,0.0,0,0,0,wdf01000.sys,func@0x140026780,[Unknown],0x140026780
func@0x140028748,0.001000,0.0,0.0,0.0,0.0,0.0,0.0,0.0,0.0,0.0,0.0,0.0,0,0,0,dxgmms2.sys,func@0x140028748,[Unknown],0x140028748
func@0x140028c90,0.001000,0.0,0.0,0.0,0.0,0.0,0.0,0.0,0.0,0.0,0.0,0.0,0,0,0,dxgkrnl.sys,func@0x140028c90,[Unknown],0x140028c90
func@0x140029970,0.001000,0.0,0.0,100.0,0.0,0.0,0.0,0.0,0.0,0.0,0.0,0.0,0,2200066,0,dxgmms2.sys,func@0x140029970,[Unknown],0x140029970
func@0x14002a240,0.001000,0.0,0.0,0.0,0.0,0.0,0.0,0.0,0.0,0.0,0.0,0.0,4400132,1100033,0,dxgmms2.sys,func@0x14002a240,[Unknown],0x14002a240
func@0x14002bdf0,0.001000,0.0,0.0,0.0,0.0,0.0,0.0,0.0,0.0,0.0,0.0,0.0,0,0,0,dxgkrnl.sys,func@0x14002bdf0,[Unknown],0x14002bdf0
func@0x14002e7c0,0.001000,0.0,0.0,0.0,0.0,0.0,0.0,0.0,0.0,0.0,0.0,0.0,0,0,0,wdfilter.sys,func@0x14002e7c0,[Unknown],0x14002e7c0
func@0x140038ea0,0.001000,0.0,0.0,0.0,0.0,0.0,0.0,0.0,0.0,0.0,0.0,0.0,0,0,0,dxgmms2.sys,func@0x140038ea0,[Unknown],0x140038ea0
func@0x14003b430,0.001000,0.0,0.0,0.0,0.0,0.0,0.0,0.0,0.0,0.0,0.0,0.0,0,0,0,dxgmms2.sys,func@0x14003b430,[Unknown],0x14003b430
func@0x140040dd0,0.001000,0.0,0.0,0.0,0.0,0.0,0.0,0.0,0.0,0.0,0.0,0.0,0,0,0,wdfilter.sys,func@0x140040dd0,[Unknown],0x140040dd0
func@0x140049b80,0.001000,0.0,0.0,0.0,0.0,0.0,0.0,0.0,0.0,0.0,0.0,0.0,0,0,0,e2fn.sys,func@0x140049b80,[Unknown],0x140049b80
func@0x14004c800,0.001000,0.0,0.0,0.0,0.0,0.0,0.0,0.0,0.0,0.0,0.0,0.0,0,0,0,wdf01000.sys,func@0x14004c800,[Unknown],0x14004c800
func@0x1400548f0,0.001000,0.0,0.0,0.0,0.0,0.0,0.0,0.0,0.0,0.0,0.0,0.0,0,0,0,ntfs.sys,func@0x1400548f0,[Unknown],0x1400548f0
func@0x140055100,0.001000,0.0,0.0,0.0,0.0,0.0,0.0,0.0,0.0,0.0,0.0,0.0,1100033,0,0,ntfs.sys,func@0x140055100,[Unknown],0x140055100
func@0x140064870,0.001000,0.0,0.0,0.0,0.0,0.0,0.0,0.0,0.0,0.0,0.0,0.0,0,0,0,wdfilter.sys,func@0x140064870,[Unknown],0x140064870
func@0x1400987c0,0.001000,0.0,0.0,0.0,0.0,0.0,0.0,0.0,0.0,0.0,0.0,0.0,0,0,0,nvlddmkm.sys,func@0x1400987c0,[Unknown],0x1400987c0
func@0x14009bd10,0.001000,0.0,0.0,100.0,0.0,0.0,0.0,0.0,0.0,0.0,0.0,0.0,0,0,0,nvlddmkm.sys,func@0x14009bd10,[Unknown],0x14009bd10
func@0x14009d2e0,0.001000,0.0,0.0,0.0,0.0,0.0,0.0,0.0,0.0,0.0,0.0,0.0,0,0,0,nvlddmkm.sys,func@0x14009d2e0,[Unknown],0x14009d2e0
func@0x1400d6bf0,0.001000,0.0,0.0,0.0,0.0,0.0,0.0,0.0,0.0,0.0,0.0,0.0,0,0,0,nvlddmkm.sys,func@0x1400d6bf0,[Unknown],0x1400d6bf0
func@0x1400d6de0,0.001000,0.0,0.0,0.0,0.0,0.0,100.0,0.0,0.0,0.0,0.0,0.0,1100033,1100033,0,nvlddmkm.sys,func@0x1400d6de0,[Unknown],0x1400d6de0
func@0x1400d90e0,0.001000,0.0,0.0,0.0,0.0,0.0,0.0,0.0,0.0,0.0,0.0,0.0,0,0,0,nvlddmkm.sys,func@0x1400d90e0,[Unknown],0x1400d90e0
func@0x1400db5c0,0.001000,0.0,0.0,0.0,0.0,0.0,0.0,0.0,0.0,0.0,0.0,0.0,0,0,0,nvlddmkm.sys,func@0x1400db5c0,[Unknown],0x1400db5c0
func@0x1400dd530,0.001000,0.0,0.0,0.0,0.0,0.0,0.0,0.0,0.0,0.0,0.0,0.0,0,0,0,nvlddmkm.sys,func@0x1400dd530,[Unknown],0x1400dd530
func@0x1400e29e0,0.001000,0.0,0.0,0.0,0.0,0.0,0.0,0.0,0.0,0.0,0.0,0.0,0,0,0,nvlddmkm.sys,func@0x1400e29e0,[Unknown],0x1400e29e0
func@0x1400f2100,0.001000,0.0,0.0,0.0,0.0,0.0,0.0,0.0,0.0,0.0,0.0,0.0,0,0,0,nvlddmkm.sys,func@0x1400f2100,[Unknown],0x1400f2100
func@0x1400f21e0,0.001000,0.0,0.0,0.0,0.0,0.0,0.0,0.0,0.0,0.0,0.0,0.0,0,0,0,nvlddmkm.sys,func@0x1400f21e0,[Unknown],0x1400f21e0
func@0x1400f6d70,0.001000,0.0,0.0,0.0,0.0,0.0,0.0,0.0,0.0,0.0,0.0,0.0,0,0,0,nvlddmkm.sys,func@0x1400f6d70,[Unknown],0x1400f6d70
func@0x1400f9b50,0.001000,0.0,0.0,0.0,,,0.0,0.0,0.0,0.0,0.0,0.0,0,0,0,nvlddmkm.sys,func@0x1400f9b50,[Unknown],0x1400f9b50
func@0x1400fa8e0,0.001000,0.0,0.0,0.0,0.0,0.0,0.0,0.0,0.0,0.0,0.0,0.0,0,0,0,nvlddmkm.sys,func@0x1400fa8e0,[Unknown],0x1400fa8e0
func@0x1400fb0f0,0.001000,0.0,0.0,0.0,0.0,0.0,0.0,0.0,0.0,0.0,0.0,0.0,0,0,0,nvlddmkm.sys,func@0x1400fb0f0,[Unknown],0x1400fb0f0
func@0x1401138e0,0.001000,0.0,0.0,0.0,0.0,0.0,0.0,0.0,0.0,0.0,0.0,0.0,2200066,0,0,nvlddmkm.sys,func@0x1401138e0,[Unknown],0x1401138e0
func@0x140115380,0.001000,0.0,0.0,0.0,0.0,0.0,0.0,0.0,0.0,0.0,0.0,0.0,0,0,0,nvlddmkm.sys,func@0x140115380,[Unknown],0x140115380
func@0x140119170,0.001000,0.0,100.0,0.0,0.0,0.0,0.0,0.0,0.0,0.0,0.0,0.0,0,0,0,nvlddmkm.sys,func@0x140119170,[Unknown],0x140119170
func@0x140119f50,0.001000,0.0,0.0,0.0,0.0,0.0,0.0,0.0,0.0,0.0,0.0,0.0,1100033,0,0,nvlddmkm.sys,func@0x140119f50,[Unknown],0x140119f50
func@0x14011a5c0,0.001000,0.0,0.0,0.0,0.0,0.0,0.0,0.0,0.0,0.0,0.0,0.0,0,0,0,nvlddmkm.sys,func@0x14011a5c0,[Unknown],0x14011a5c0
func@0x14011b1d0,0.001000,0.0,0.0,0.0,0.0,0.0,0.0,0.0,0.0,0.0,0.0,0.0,0,1100033,0,nvlddmkm.sys,func@0x14011b1d0,[Unknown],0x14011b1d0
func@0x14011c680,0.001000,0.0,0.0,0.0,0.0,0.0,0.0,0.0,0.0,0.0,0.0,0.0,0,0,0,nvlddmkm.sys,func@0x14011c680,[Unknown],0x14011c680
func@0x14013fc30,0.001000,0.0,0.0,0.0,0.0,0.0,0.0,0.0,0.0,0.0,0.0,0.0,1100033,0,0,nvlddmkm.sys,func@0x14013fc30,[Unknown],0x14013fc30
func@0x140141030,0.001000,0.0,0.0,0.0,0.0,0.0,0.0,0.0,0.0,0.0,0.0,0.0,0,0,0,nvlddmkm.sys,func@0x140141030,[Unknown],0x140141030
func@0x140141290,0.001000,0.0,0.0,0.0,0.0,0.0,0.0,0.0,0.0,0.0,0.0,0.0,0,1100033,0,nvlddmkm.sys,func@0x140141290,[Unknown],0x140141290
func@0x14015e5e8,0.001000,0.0,0.0,0.0,0.0,0.0,0.0,0.0,0.0,0.0,0.0,0.0,1100033,0,0,ntfs.sys,func@0x14015e5e8,[Unknown],0x14015e5e8
func@0x140162fb0,0.001000,0.0,0.0,0.0,0.0,0.0,0.0,0.0,0.0,0.0,0.0,0.0,4400132,3300099,0,nvlddmkm.sys,func@0x140162fb0,[Unknown],0x140162fb0
func@0x140165720,0.001000,0.0,0.0,0.0,0.0,0.0,0.0,0.0,0.0,0.0,0.0,0.0,0,0,0,nvlddmkm.sys,func@0x140165720,[Unknown],0x140165720
func@0x14016b220,0.001000,0.0,0.0,0.0,0.0,0.0,0.0,0.0,0.0,0.0,0.0,0.0,0,0,0,ntfs.sys,func@0x14016b220,[Unknown],0x14016b220
func@0x140178c40,0.001000,0.0,0.0,0.0,0.0,0.0,0.0,0.0,0.0,0.0,0.0,0.0,0,0,0,nvlddmkm.sys,func@0x140178c40,[Unknown],0x140178c40
func@0x14017c100,0.001000,0.0,0.0,0.0,0.0,0.0,0.0,0.0,0.0,0.0,0.0,0.0,0,0,0,ntfs.sys,func@0x14017c100,[Unknown],0x14017c100
func@0x1401815cc,0.001000,0.0,0.0,0.0,0.0,0.0,0.0,0.0,0.0,0.0,0.0,0.0,0,0,0,ntfs.sys,func@0x1401815cc,[Unknown],0x1401815cc
func@0x1401b0f40,0.001000,0.0,0.0,0.0,0.0,0.0,0.0,0.0,0.0,0.0,0.0,0.0,0,0,0,ntfs.sys,func@0x1401b0f40,[Unknown],0x1401b0f40
func@0x14020cfb0,0.001000,0.0,0.0,0.0,0.0,0.0,0.0,0.0,0.0,0.0,0.0,0.0,400012,0,0,ntoskrnl.exe,func@0x14020cfb0,[Unknown],0x14020cfb0
func@0x140215490,0.001000,0.0,0.0,0.0,0.0,0.0,0.0,0.0,0.0,0.0,0.0,0.0,0,0,0,ntoskrnl.exe,func@0x140215490,[Unknown],0x140215490
func@0x1402154f4,0.001000,0.0,0.0,0.0,0.0,0.0,0.0,0.0,0.0,0.0,0.0,0.0,0,0,0,ntoskrnl.exe,func@0x1402154f4,[Unknown],0x1402154f4
func@0x140216a30,0.001000,0.0,0.0,0.0,0.0,0.0,0.0,0.0,0.0,0.0,0.0,0.0,0,3300099,0,ntoskrnl.exe,func@0x140216a30,[Unknown],0x140216a30
func@0x1402239d5,0.001000,0.0,0.0,0.0,0.0,0.0,0.0,0.0,0.0,0.0,0.0,0.0,0,0,0,ntoskrnl.exe,func@0x1402239d5,[Unknown],0x1402239d5
func@0x140227100,0.001000,0.0,0.0,0.0,0.0,0.0,0.0,0.0,0.0,0.0,0.0,0.0,0,1100033,0,ntoskrnl.exe,func@0x140227100,[Unknown],0x140227100
func@0x140228185,0.001000,0.0,,0.0,0.0,0.0,0.0,0.0,0.0,0.0,0.0,0.0,0,0,0,ntoskrnl.exe,func@0x140228185,[Unknown],0x140228185
func@0x140233b80,0.001000,0.0,0.0,0.0,0.0,0.0,0.0,0.0,0.0,0.0,0.0,0.0,0,0,0,ntoskrnl.exe,func@0x140233b80,[Unknown],0x140233b80
func@0x140234690,0.001000,0.0,0.0,0.0,0.0,0.0,0.0,0.0,0.0,0.0,0.0,0.0,1100033,0,0,ntoskrnl.exe,func@0x140234690,[Unknown],0x140234690
func@0x14023e9e0,0.001000,100.0,0.0,0.0,0.0,0.0,0.0,0.0,0.0,0.0,0.0,0.0,1100033,4400132,0,ntoskrnl.exe,func@0x14023e9e0,[Unknown],0x14023e9e0
func@0x140244654,0.001000,0.0,0.0,0.0,0.0,0.0,0.0,0.0,0.0,0.0,0.0,0.0,0,0,0,ntoskrnl.exe,func@0x140244654,[Unknown],0x140244654
func@0x1402450fb,0.001000,0.0,100.0,0.0,0.0,0.0,0.0,0.0,0.0,0.0,0.0,0.0,0,0,0,ntoskrnl.exe,func@0x1402450fb,[Unknown],0x1402450fb
func@0x140246bc0,0.001000,0.0,0.0,0.0,,,0.0,,0.0,0.0,0.0,0.0,1100033,1100033,0,ntoskrnl.exe,func@0x140246bc0,[Unknown],0x140246bc0
func@0x1402479a0,0.001000,0.0,0.0,0.0,0.0,0.0,0.0,,0.0,,0.0,0.0,1100033,1100033,0,ntoskrnl.exe,func@0x1402479a0,[Unknown],0x1402479a0
func@0x14024ec3c,0.001000,0.0,0.0,0.0,0.0,0.0,0.0,0.0,0.0,0.0,0.0,0.0,0,0,0,ntoskrnl.exe,func@0x14024ec3c,[Unknown],0x14024ec3c
func@0x140259a80,0.001000,0.0,0.0,0.0,0.0,0.0,0.0,0.0,0.0,0.0,0.0,0.0,0,0,0,nvlddmkm.sys,func@0x140259a80,[Unknown],0x140259a80
func@0x140261bd4,0.001000,0.0,0.0,0.0,0.0,0.0,0.0,0.0,0.0,0.0,0.0,0.0,0,0,0,ntoskrnl.exe,func@0x140261bd4,[Unknown],0x140261bd4
func@0x140269e30,0.001000,0.0,0.0,0.0,0.0,0.0,0.0,0.0,0.0,0.0,0.0,0.0,0,0,0,nvlddmkm.sys,func@0x140269e30,[Unknown],0x140269e30
func@0x140274c30,0.001000,0.0,0.0,0.0,0.0,0.0,0.0,0.0,0.0,0.0,0.0,0.0,0,1100033,0,ntoskrnl.exe,func@0x140274c30,[Unknown],0x140274c30
func@0x140277070,0.001000,0.0,0.0,0.0,0.0,0.0,0.0,0.0,0.0,0.0,0.0,0.0,0,1100033,0,ntoskrnl.exe,func@0x140277070,[Unknown],0x140277070
func@0x1402775d0,0.001000,0.0,0.0,0.0,0.0,0.0,0.0,0.0,0.0,0.0,0.0,0.0,0,0,0,ntoskrnl.exe,func@0x1402775d0,[Unknown],0x1402775d0
func@0x1402791e9,0.001000,0.0,0.0,0.0,0.0,0.0,0.0,0.0,0.0,0.0,0.0,0.0,400012,0,0,ntoskrnl.exe,func@0x1402791e9,[Unknown],0x1402791e9
func@0x14027cfe0,0.001000,0.0,0.0,0.0,0.0,0.0,0.0,0.0,0.0,0.0,0.0,0.0,2200066,1100033,0,ntoskrnl.exe,func@0x14027cfe0,[Unknown],0x14027cfe0
func@0x1402801b0,0.001000,0.0,0.0,0.0,0.0,0.0,0.0,0.0,0.0,0.0,0.0,0.0,2200066,2200066,0,ntoskrnl.exe,func@0x1402801b0,[Unknown],0x1402801b0
func@0x140280252,0.001000,0.0,0.0,0.0,0.0,0.0,0.0,0.0,0.0,0.0,0.0,0.0,0,0,0,ntoskrnl.exe,func@0x140280252,[Unknown],0x140280252
func@0x140281b8b,0.001000,0.0,0.0,0.0,0.0,0.0,0.0,0.0,0.0,0.0,0.0,0.0,3300099,0,0,ntoskrnl.exe,func@0x140281b8b,[Unknown],0x140281b8b
func@0x1402895a0,0.001000,0.0,0.0,0.0,0.0,0.0,0.0,0.0,0.0,0.0,0.0,0.0,0,0,0,nvlddmkm.sys,func@0x1402895a0,[Unknown],0x1402895a0
func@0x1402afa53,0.001000,0.0,0.0,0.0,0.0,0.0,0.0,0.0,0.0,0.0,0.0,0.0,0,0,0,ntoskrnl.exe,func@0x1402afa53,[Unknown],0x1402afa53
func@0x1402b65a0,0.001000,0.0,100.0,0.0,0.0,100.0,0.0,,0.0,,,,0,0,0,ntoskrnl.exe,func@0x1402b65a0,[Unknown],0x1402b65a0
func@0x1402b7dc0,0.001000,0.0,0.0,0.0,0.0,0.0,0.0,,0.0,,,,0,0,0,ntoskrnl.exe,func@0x1402b7dc0,[Unknown],0x1402b7dc0
func@0x1402b869d,0.001000,0.0,0.0,0.0,0.0,0.0,0.0,0.0,0.0,,,,0,0,0,ntoskrnl.exe,func@0x1402b869d,[Unknown],0x1402b869d
func@0x1402bc78b,0.001000,0.0,0.0,0.0,0.0,0.0,0.0,0.0,0.0,0.0,0.0,0.0,0,0,0,ntoskrnl.exe,func@0x1402bc78b,[Unknown],0x1402bc78b
func@0x1402bfac0,0.001000,0.0,0.0,0.0,0.0,0.0,0.0,0.0,0.0,,,,0,0,0,ntoskrnl.exe,func@0x1402bfac0,[Unknown],0x1402bfac0
func@0x1402de680,0.001000,0.0,0.0,,,0.0,0.0,0.0,0.0,0.0,0.0,0.0,1100033,0,0,ntoskrnl.exe,func@0x1402de680,[Unknown],0x1402de680
func@0x1402dec80,0.001000,0.0,0.0,0.0,0.0,0.0,0.0,0.0,0.0,0.0,0.0,0.0,0,0,0,ntoskrnl.exe,func@0x1402dec80,[Unknown],0x1402dec80
func@0x1402e01b9,0.001000,0.0,0.0,0.0,0.0,0.0,0.0,0.0,0.0,0.0,0.0,0.0,0,0,0,ntoskrnl.exe,func@0x1402e01b9,[Unknown],0x1402e01b9
func@0x1402e1cb3,0.001000,0.0,0.0,0.0,0.0,0.0,0.0,0.0,0.0,0.0,0.0,0.0,0,0,0,ntoskrnl.exe,func@0x1402e1cb3,[Unknown],0x1402e1cb3
func@0x1402e3910,0.001000,0.0,0.0,100.0,0.0,0.0,0.0,0.0,0.0,,,,1100033,2200066,0,ntoskrnl.exe,func@0x1402e3910,[Unknown],0x1402e3910
func@0x1402e4480,0.001000,0.0,0.0,0.0,0.0,0.0,0.0,0.0,0.0,0.0,0.0,0.0,0,0,0,ntoskrnl.exe,func@0x1402e4480,[Unknown],0x1402e4480
func@0x1402e5500,0.001000,0.0,0.0,0.0,0.0,0.0,0.0,0.0,0.0,0.0,0.0,0.0,0,0,0,ntoskrnl.exe,func@0x1402e5500,[Unknown],0x1402e5500
func@0x1402e8570,0.001000,0.0,0.0,0.0,0.0,0.0,0.0,0.0,0.0,0.0,0.0,0.0,0,0,0,ntoskrnl.exe,func@0x1402e8570,[Unknown],0x1402e8570
func@0x1402e8ac0,0.001000,0.0,0.0,0.0,0.0,0.0,0.0,0.0,0.0,0.0,0.0,0.0,4400132,3300099,0,ntoskrnl.exe,func@0x1402e8ac0,[Unknown],0x1402e8ac0
func@0x1402eab70,0.001000,100.0,0.0,0.0,0.0,0.0,0.0,0.0,0.0,0.0,,0.0,4400132,2200066,0,ntoskrnl.exe,func@0x1402eab70,[Unknown],0x1402eab70
func@0x1402f3ab0,0.001000,0.0,0.0,0.0,0.0,0.0,0.0,0.0,0.0,0.0,0.0,0.0,0,0,0,ntoskrnl.exe,func@0x1402f3ab0,[Unknown],0x1402f3ab0
func@0x140302951,0.001000,0.0,0.0,0.0,0.0,0.0,0.0,0.0,0.0,0.0,0.0,0.0,0,0,0,ntoskrnl.exe,func@0x140302951,[Unknown],0x140302951
func@0x140303d00,0.001000,0.0,0.0,0.0,0.0,0.0,0.0,0.0,0.0,0.0,0.0,0.0,0,0,0,ntoskrnl.exe,func@0x140303d00,[Unknown],0x140303d00
func@0x140305610,0.001000,0.0,0.0,0.0,0.0,0.0,0.0,0.0,0.0,0.0,0.0,0.0,0,0,0,nvlddmkm.sys,func@0x140305610,[Unknown],0x140305610
func@0x140305860,0.001000,0.0,0.0,0.0,0.0,0.0,0.0,0.0,0.0,0.0,0.0,0.0,0,0,0,nvlddmkm.sys,func@0x140305860,[Unknown],0x140305860
func@0x14030cb20,0.001000,0.0,0.0,0.0,0.0,0.0,0.0,0.0,0.0,0.0,0.0,0.0,0,0,0,nvlddmkm.sys,func@0x14030cb20,[Unknown],0x14030cb20
func@0x14030eabc,0.001000,0.0,0.0,0.0,0.0,0.0,0.0,0.0,0.0,,,,0,0,0,ntoskrnl.exe,func@0x14030eabc,[Unknown],0x14030eabc
func@0x14030f980,0.001000,0.0,0.0,73.5,0.0,0.0,0.0,0.0,0.0,,,,0,1100033,0,ntoskrnl.exe,func@0x14030f980,[Unknown],0x14030f980
func@0x14030fc80,0.001000,0.0,100.0,0.0,0.0,0.0,0.0,0.0,0.0,,,,0,0,0,ntoskrnl.exe,func@0x14030fc80,[Unknown],0x14030fc80
func@0x14030ff60,0.001000,0.0,0.0,0.0,0.0,0.0,0.0,0.0,0.0,0.0,0.0,0.0,0,0,0,ntoskrnl.exe,func@0x14030ff60,[Unknown],0x14030ff60
func@0x14030ffc4,0.001000,0.0,0.0,0.0,0.0,0.0,0.0,0.0,0.0,0.0,0.0,0.0,1100033,0,0,ntoskrnl.exe,func@0x14030ffc4,[Unknown],0x14030ffc4
func@0x14031f5f0,0.001000,0.0,0.0,0.0,0.0,0.0,0.0,0.0,0.0,0.0,0.0,0.0,5500165,1100033,0,ntoskrnl.exe,func@0x14031f5f0,[Unknown],0x14031f5f0
func@0x14032d637,0.001000,0.0,0.0,0.0,0.0,0.0,0.0,0.0,0.0,0.0,0.0,0.0,0,1100033,0,ntoskrnl.exe,func@0x14032d637,[Unknown],0x14032d637
func@0x14034c120,0.001000,0.0,0.0,0.0,0.0,0.0,0.0,0.0,0.0,0.0,0.0,0.0,0,0,0,ntoskrnl.exe,func@0x14034c120,[Unknown],0x14034c120
func@0x140350c70,0.001000,0.0,0.0,0.0,0.0,0.0,0.0,0.0,0.0,0.0,0.0,0.0,0,0,0,ntoskrnl.exe,func@0x140350c70,[Unknown],0x140350c70
func@0x140359d7d,0.001000,0.0,0.0,0.0,0.0,0.0,0.0,0.0,0.0,0.0,0.0,0.0,0,0,0,ntoskrnl.exe,func@0x140359d7d,[Unknown],0x140359d7d
func@0x1403622b0,0.001000,0.0,0.0,0.0,0.0,0.0,0.0,0.0,0.0,0.0,0.0,0.0,0,0,0,ntoskrnl.exe,func@0x1403622b0,[Unknown],0x1403622b0
func@0x1403624d0,0.001000,0.0,0.0,0.0,0.0,0.0,0.0,0.0,0.0,0.0,0.0,0.0,2200066,2200066,0,ntoskrnl.exe,func@0x1403624d0,[Unknown],0x1403624d0
func@0x140362b20,0.001000,0.0,0.0,0.0,100.0,0.0,0.0,,0.0,,,,2200066,3300099,0,ntoskrnl.exe,func@0x140362b20,[Unknown],0x140362b20
func@0x140364160,0.001000,0.0,0.0,0.0,0.0,0.0,0.0,0.0,0.0,0.0,0.0,0.0,0,0,0,ntoskrnl.exe,func@0x140364160,[Unknown],0x140364160
func@0x140364c30,0.001000,0.0,0.0,0.0,0.0,0.0,0.0,0.0,0.0,0.0,0.0,0.0,0,0,0,ntoskrnl.exe,func@0x140364c30,[Unknown],0x140364c30
func@0x1403655f0,0.001000,0.0,0.0,0.0,0.0,0.0,0.0,0.0,0.0,0.0,0.0,0.0,0,0,0,ntoskrnl.exe,func@0x1403655f0,[Unknown],0x1403655f0
func@0x14036703a,0.001000,0.0,0.0,0.0,0.0,0.0,0.0,0.0,0.0,0.0,0.0,0.0,0,0,0,ntoskrnl.exe,func@0x14036703a,[Unknown],0x14036703a
func@0x1403acd4b,0.001000,0.0,0.0,0.0,0.0,0.0,0.0,0.0,0.0,0.0,0.0,0.0,0,0,0,ntoskrnl.exe,func@0x1403acd4b,[Unknown],0x1403acd4b
func@0x1403be84c,0.001000,0.0,0.0,0.0,0.0,0.0,0.0,0.0,0.0,0.0,0.0,0.0,400012,0,0,ntoskrnl.exe,func@0x1403be84c,[Unknown],0x1403be84c
func@0x1403da950,0.001000,0.0,0.0,0.0,0.0,0.0,0.0,0.0,0.0,0.0,0.0,0.0,400012,1100033,0,ntoskrnl.exe,func@0x1403da950,[Unknown],0x1403da950
func@0x1403db170,0.001000,0.0,0.0,0.0,0.0,0.0,0.0,,0.0,,,,0,0,0,ntoskrnl.exe,func@0x1403db170,[Unknown],0x1403db170
func@0x1403e0c90,0.001000,0.0,0.0,0.0,0.0,0.0,0.0,0.0,0.0,0.0,0.0,0.0,0,0,0,ntoskrnl.exe,func@0x1403e0c90,[Unknown],0x1403e0c90
func@0x1403eb1c5,0.001000,0.0,0.0,0.0,0.0,0.0,0.0,0.0,0.0,0.0,0.0,0.0,0,0,0,ntoskrnl.exe,func@0x1403eb1c5,[Unknown],0x1403eb1c5
func@0x1403f62a0,0.001000,0.0,0.0,0.0,0.0,0.0,0.0,0.0,0.0,0.0,0.0,0.0,0,0,0,ntoskrnl.exe,func@0x1403f62a0,[Unknown],0x1403f62a0
func@0x14040fbb0,0.001000,0.0,0.0,0.0,0.0,0.0,0.0,0.0,0.0,0.0,0.0,0.0,0,0,0,ntoskrnl.exe,func@0x14040fbb0,[Unknown],0x14040fbb0
func@0x1404233e2,0.001000,0.0,0.0,0.0,0.0,0.0,0.0,0.0,0.0,0.0,0.0,0.0,0,0,0,ntoskrnl.exe,func@0x1404233e2,[Unknown],0x1404233e2
func@0x140431c0c,0.001000,0.0,0.0,0.0,0.0,0.0,0.0,0.0,0.0,0.0,0.0,0.0,0,0,0,ntoskrnl.exe,func@0x140431c0c,[Unknown],0x140431c0c
func@0x140447cc0,0.001000,0.0,0.0,0.0,0.0,0.0,0.0,0.0,0.0,0.0,0.0,0.0,0,0,0,ntoskrnl.exe,func@0x140447cc0,[Unknown],0x140447cc0
func@0x1405e1e14,0.001000,0.0,0.0,0.0,0.0,0.0,0.0,0.0,0.0,0.0,0.0,0.0,0,2200066,0,ntoskrnl.exe,func@0x1405e1e14,[Unknown],0x1405e1e14
func@0x1406b0bb0,0.001000,0.0,0.0,0.0,0.0,0.0,0.0,0.0,0.0,0.0,0.0,0.0,0,0,0,ntoskrnl.exe,func@0x1406b0bb0,[Unknown],0x1406b0bb0
func@0x1406b1570,0.001000,0.0,0.0,0.0,0.0,0.0,0.0,0.0,0.0,0.0,0.0,0.0,1100033,0,0,nvlddmkm.sys,func@0x1406b1570,[Unknown],0x1406b1570
func@0x1406b2300,0.001000,0.0,0.0,0.0,52.5,0.0,0.0,0.0,0.0,,0.0,0.0,0,1100033,0,ntoskrnl.exe,func@0x1406b2300,[Unknown],0x1406b2300
func@0x1406ecb20,0.001000,0.0,0.0,0.0,0.0,0.0,0.0,0.0,0.0,0.0,0.0,0.0,0,0,0,nvlddmkm.sys,func@0x1406ecb20,[Unknown],0x1406ecb20
func@0x1406ed3c0,0.001000,0.0,0.0,0.0,0.0,0.0,0.0,0.0,0.0,0.0,0.0,0.0,0,0,0,nvlddmkm.sys,func@0x1406ed3c0,[Unknown],0x1406ed3c0
func@0x140849cc0,0.001000,0.0,,,0.0,0.0,0.0,0.0,0.0,0.0,0.0,0.0,0,0,0,ntoskrnl.exe,func@0x140849cc0,[Unknown],0x140849cc0
func@0x14084a410,0.001000,0.0,0.0,0.0,0.0,0.0,0.0,,0.0,,,,0,0,0,ntoskrnl.exe,func@0x14084a410,[Unknown],0x14084a410
func@0x14084a480,0.001000,0.0,0.0,0.0,0.0,0.0,0.0,0.0,0.0,0.0,0.0,0.0,0,0,0,ntoskrnl.exe,func@0x14084a480,[Unknown],0x14084a480
func@0x14084bf80,0.001000,0.0,0.0,0.0,0.0,0.0,0.0,0.0,0.0,0.0,0.0,,0,1100033,0,ntoskrnl.exe,func@0x14084bf80,[Unknown],0x14084bf80
func@0x140899770,0.001000,0.0,0.0,0.0,0.0,0.0,0.0,0.0,0.0,0.0,0.0,0.0,0,0,0,ntoskrnl.exe,func@0x140899770,[Unknown],0x140899770
func@0x14089b6f0,0.001000,0.0,100.0,0.0,0.0,0.0,0.0,,0.0,0.0,0.0,0.0,0,1100033,0,ntoskrnl.exe,func@0x14089b6f0,[Unknown],0x14089b6f0
func@0x1408e0c30,0.001000,0.0,0.0,0.0,0.0,0.0,0.0,0.0,0.0,0.0,0.0,0.0,0,0,0,ntoskrnl.exe,func@0x1408e0c30,[Unknown],0x1408e0c30
func@0x1408e1580,0.001000,0.0,0.0,0.0,0.0,0.0,0.0,0.0,0.0,0.0,0.0,0.0,1100033,0,0,ntoskrnl.exe,func@0x1408e1580,[Unknown],0x1408e1580
func@0x1409904a5,0.001000,0.0,0.0,0.0,0.0,0.0,0.0,0.0,0.0,0.0,0.0,0.0,0,0,0,ntoskrnl.exe,func@0x1409904a5,[Unknown],0x1409904a5
func@0x140a8b960,0.001000,0.0,0.0,0.0,0.0,0.0,0.0,0.0,0.0,0.0,0.0,0.0,1100033,0,0,nvlddmkm.sys,func@0x140a8b960,[Unknown],0x140a8b960
func@0x140b53e10,0.001000,0.0,0.0,0.0,0.0,0.0,0.0,0.0,0.0,0.0,0.0,0.0,2200066,2200066,0,nvlddmkm.sys,func@0x140b53e10,[Unknown],0x140b53e10
func@0x140b54260,0.001000,0.0,0.0,0.0,0.0,0.0,0.0,0.0,0.0,0.0,0.0,0.0,0,0,0,nvlddmkm.sys,func@0x140b54260,[Unknown],0x140b54260
func@0x140b543a0,0.001000,0.0,0.0,0.0,0.0,0.0,0.0,0.0,0.0,0.0,0.0,0.0,0,0,0,nvlddmkm.sys,func@0x140b543a0,[Unknown],0x140b543a0
func@0x140bbc780,0.001000,0.0,0.0,0.0,0.0,0.0,0.0,0.0,0.0,0.0,0.0,0.0,0,0,0,ntoskrnl.exe,func@0x140bbc780,[Unknown],0x140bbc780
func@0x140c28600,0.001000,0.0,0.0,0.0,0.0,0.0,0.0,0.0,0.0,0.0,0.0,0.0,0,0,0,nvlddmkm.sys,func@0x140c28600,[Unknown],0x140c28600
func@0x140d3e880,0.001000,0.0,0.0,0.0,0.0,0.0,0.0,0.0,0.0,0.0,0.0,0.0,2200066,1100033,0,nvlddmkm.sys,func@0x140d3e880,[Unknown],0x140d3e880
func@0x140d80e10,0.001000,0.0,0.0,0.0,0.0,0.0,0.0,0.0,0.0,0.0,0.0,0.0,0,0,0,nvlddmkm.sys,func@0x140d80e10,[Unknown],0x140d80e10
func@0x140d83010,0.001000,0.0,0.0,0.0,0.0,0.0,0.0,0.0,0.0,0.0,0.0,0.0,0,0,0,nvlddmkm.sys,func@0x140d83010,[Unknown],0x140d83010
func@0x140d8aa60,0.001000,0.0,0.0,0.0,0.0,0.0,0.0,0.0,0.0,0.0,0.0,0.0,0,0,0,nvlddmkm.sys,func@0x140d8aa60,[Unknown],0x140d8aa60
func@0x140d8b2b0,0.001000,0.0,100.0,0.0,0.0,0.0,0.0,0.0,0.0,0.0,0.0,0.0,1100033,0,0,nvlddmkm.sys,func@0x140d8b2b0,[Unknown],0x140d8b2b0
func@0x140d8eb40,0.001000,0.0,0.0,0.0,0.0,0.0,0.0,0.0,0.0,0.0,0.0,0.0,0,0,0,nvlddmkm.sys,func@0x140d8eb40,[Unknown],0x140d8eb40
func@0x140d96d30,0.001000,0.0,0.0,0.0,0.0,0.0,0.0,0.0,0.0,0.0,0.0,0.0,0,0,0,nvlddmkm.sys,func@0x140d96d30,[Unknown],0x140d96d30
func@0x140da8250,0.001000,0.0,0.0,0.0,0.0,0.0,0.0,0.0,0.0,0.0,0.0,0.0,1100033,0,0,nvlddmkm.sys,func@0x140da8250,[Unknown],0x140da8250
func@0x140dac57f,0.001000,0.0,0.0,0.0,0.0,0.0,0.0,0.0,0.0,0.0,0.0,0.0,0,0,0,nvlddmkm.sys,func@0x140dac57f,[Unknown],0x140dac57f
func@0x140dba230,0.001000,0.0,0.0,0.0,0.0,0.0,0.0,0.0,0.0,0.0,0.0,0.0,0,0,0,nvlddmkm.sys,func@0x140dba230,[Unknown],0x140dba230
func@0x140dcaf40,0.001000,0.0,,0.0,,0.0,0.0,0.0,0.0,0.0,0.0,0.0,0,0,0,nvlddmkm.sys,func@0x140dcaf40,[Unknown],0x140dcaf40
func@0x140dd144f,0.001000,0.0,0.0,0.0,0.0,0.0,0.0,0.0,0.0,0.0,0.0,0.0,0,0,0,nvlddmkm.sys,func@0x140dd144f,[Unknown],0x140dd144f
func@0x140dd17e0,0.001000,0.0,0.0,0.0,0.0,0.0,0.0,0.0,0.0,0.0,0.0,0.0,0,0,0,nvlddmkm.sys,func@0x140dd17e0,[Unknown],0x140dd17e0
func@0x140df4da0,0.001000,0.0,0.0,0.0,0.0,0.0,0.0,0.0,0.0,0.0,0.0,0.0,0,0,0,nvlddmkm.sys,func@0x140df4da0,[Unknown],0x140df4da0
func@0x140dfc3b0,0.001000,0.0,0.0,0.0,0.0,0.0,0.0,0.0,0.0,0.0,0.0,0.0,0,0,0,nvlddmkm.sys,func@0x140dfc3b0,[Unknown],0x140dfc3b0
func@0x140e0fa7f,0.001000,0.0,0.0,0.0,0.0,0.0,0.0,0.0,0.0,0.0,0.0,0.0,1100033,1100033,0,nvlddmkm.sys,func@0x140e0fa7f,[Unknown],0x140e0fa7f
func@0x140e11880,0.001000,0.0,0.0,0.0,0.0,0.0,0.0,0.0,0.0,0.0,0.0,0.0,0,0,0,nvlddmkm.sys,func@0x140e11880,[Unknown],0x140e11880
func@0x140e18610,0.001000,0.0,0.0,0.0,0.0,0.0,0.0,0.0,0.0,0.0,0.0,0.0,0,0,0,nvlddmkm.sys,func@0x140e18610,[Unknown],0x140e18610
func@0x140e1ca60,0.001000,0.0,0.0,0.0,0.0,0.0,0.0,0.0,0.0,0.0,0.0,0.0,0,0,0,nvlddmkm.sys,func@0x140e1ca60,[Unknown],0x140e1ca60
func@0x140e1e1f0,0.001000,0.0,0.0,0.0,0.0,0.0,0.0,0.0,0.0,0.0,0.0,0.0,0,0,0,nvlddmkm.sys,func@0x140e1e1f0,[Unknown],0x140e1e1f0
func@0x140e373a0,0.001000,0.0,0.0,0.0,0.0,0.0,0.0,0.0,0.0,0.0,0.0,0.0,1100033,0,0,nvlddmkm.sys,func@0x140e373a0,[Unknown],0x140e373a0
func@0x140e475c0,0.001000,0.0,0.0,0.0,0.0,0.0,0.0,0.0,0.0,0.0,0.0,0.0,0,0,0,nvlddmkm.sys,func@0x140e475c0,[Unknown],0x140e475c0
func@0x180006b97,0.001000,0.0,0.0,0.0,0.0,0.0,0.0,0.0,0.0,0.0,0.0,0.0,0,0,0,msvcp140.dll,func@0x180006b97,[Unknown],0x180006b97
func@0x180007a54,0.001000,0.0,0.0,0.0,0.0,0.0,0.0,0.0,0.0,0.0,0.0,0.0,0,0,0,msvcrt.dll,func@0x180007a54,[Unknown],0x180007a54
func@0x1800083e0,0.001000,0.0,0.0,0.0,0.0,0.0,0.0,0.0,0.0,0.0,0.0,0.0,1100033,1100033,0,fltmgr.sys,func@0x1800083e0,[Unknown],0x1800083e0
func@0x18000b490,0.001000,0.0,0.0,0.0,0.0,0.0,0.0,0.0,0.0,0.0,0.0,0.0,0,0,0,ntdll.dll,func@0x18000b490,[Unknown],0x18000b490
func@0x18000c0f0,0.001000,0.0,0.0,0.0,0.0,0.0,0.0,0.0,0.0,0.0,0.0,0.0,0,0,0,fltmgr.sys,func@0x18000c0f0,[Unknown],0x18000c0f0
func@0x180010e40,0.001000,,0.0,100.0,0.0,0.0,0.0,,0.0,,,,0,0,0,vcruntime140.dll,func@0x180010e40,[Unknown],0x180010e40
func@0x18001d8f0,0.001000,0.0,0.0,0.0,0.0,0.0,0.0,0.0,0.0,0.0,0.0,0.0,2200066,0,0,fltmgr.sys,func@0x18001d8f0,[Unknown],0x18001d8f0
func@0x180024980,0.001000,0.0,0.0,0.0,0.0,0.0,0.0,0.0,0.0,0.0,0.0,0.0,1100033,0,0,fltmgr.sys,func@0x180024980,[Unknown],0x180024980
func@0x1800260eb,0.001000,0.0,0.0,0.0,0.0,0.0,0.0,0.0,0.0,0.0,0.0,0.0,0,0,0,ntdll.dll,func@0x1800260eb,[Unknown],0x1800260eb
func@0x18002d8b0,0.001000,0.0,0.0,0.0,0.0,0.0,0.0,0.0,0.0,0.0,0.0,0.0,0,0,0,cng.sys,func@0x18002d8b0,[Unknown],0x18002d8b0
func@0x180038184,0.001000,0.0,0.0,0.0,0.0,0.0,0.0,0.0,0.0,0.0,0.0,0.0,0,0,0,kernelbase.dll,func@0x180038184,[Unknown],0x180038184
func@0x180040190,0.001000,0.0,0.0,0.0,0.0,0.0,0.0,0.0,0.0,0.0,0.0,0.0,0,0,0,ntdll.dll,func@0x180040190,[Unknown],0x180040190
func@0x18005b1e0,0.001000,0.0,0.0,0.0,0.0,0.0,0.0,0.0,0.0,0.0,0.0,0.0,0,0,0,cng.sys,func@0x18005b1e0,[Unknown],0x18005b1e0
func@0x180066f30,0.001000,0.0,0.0,0.0,0.0,0.0,0.0,0.0,0.0,0.0,0.0,0.0,0,0,0,fltmgr.sys,func@0x180066f30,[Unknown],0x180066f30
func@0x180075a90,0.001000,0.0,0.0,100.0,0.0,0.0,0.0,,0.0,,,,0,0,0,ntdll.dll,func@0x180075a90,[Unknown],0x180075a90
func@0x180076aa0,0.001000,0.0,0.0,0.0,0.0,0.0,0.0,,0.0,0.0,0.0,0.0,0,400012,0,ntdll.dll,func@0x180076aa0,[Unknown],0x180076aa0
func@0x1800899a0,0.001000,0.0,0.0,0.0,0.0,0.0,0.0,0.0,0.0,0.0,0.0,0.0,0,0,0,gdi32full.dll,func@0x1800899a0,[Unknown],0x1800899a0
func@0x180094c9b,0.001000,0.0,0.0,0.0,0.0,0.0,0.0,,0.0,0.0,0.0,0.0,0,0,0,ntdll.dll,func@0x180094c9b,[Unknown],0x180094c9b
func@0x18009bfcf,0.001000,0.0,0.0,0.0,0.0,0.0,0.0,0.0,0.0,0.0,0.0,0.0,0,0,0,ntdll.dll,func@0x18009bfcf,[Unknown],0x18009bfcf
func@0x1800b5520,0.001000,0.0,0.0,0.0,0.0,0.0,0.0,0.0,0.0,0.0,0.0,0.0,0,0,0,crypt32.dll,func@0x1800b5520,[Unknown],0x1800b5520
func@0x1800be6a0,0.001000,0.0,0.0,0.0,0.0,0.0,0.0,0.0,0.0,0.0,0.0,0.0,0,0,0,crypt32.dll,func@0x1800be6a0,[Unknown],0x1800be6a0
func@0x1800c0cd4,0.001000,0.0,0.0,0.0,0.0,0.0,0.0,0.0,0.0,0.0,0.0,0.0,0,0,0,crypt32.dll,func@0x1800c0cd4,[Unknown],0x1800c0cd4
func@0x1c000bbd0,0.001000,0.0,0.0,0.0,0.0,0.0,0.0,,0.0,0.0,0.0,0.0,0,0,0,condrv.sys,func@0x1c000bbd0,[Unknown],0x1c000bbd0
func@0x1d194,0.001000,0.0,0.0,0.0,0.0,0.0,0.0,0.0,0.0,0.0,0.0,0.0,0,0,0,sepdrv5.sys,func@0x1d194,[Unknown],0x1d194
func@0x24f60,0.001000,0.0,0.0,0.0,0.0,0.0,0.0,0.0,0.0,0.0,0.0,0.0,0,0,0,vtss.sys,func@0x24f60,[Unknown],0x24f60
"log<int,0>",0.001000,0.0,0.0,0.0,0.0,0.0,0.0,0.0,0.0,0.0,0.0,0.0,2200066,0,0,frankycpp_v1.4.exe,"log<int,0>(int)",cmath,0x140213480
lround,0.001000,0.0,0.0,0.0,0.0,0.0,0.0,0.0,0.0,,,,1100033,2200066,0,ucrtbase.dll,lround,[Unknown],0x18002a0a0
memset,0.001000,,0.0,0.0,100.0,0.0,0.0,0.0,0.0,,,,4400132,2200066,0,vcruntime140.dll,memset,[Unknown],0x1800126e0
moveValueGreaterComparator::operator(),0.001000,0.0,0.0,0.0,0.0,0.0,0.0,0.0,0.0,0.0,0.0,0.0,2200066,0,0,frankycpp_v1.4.exe,moveValueGreaterComparator::operator(),move.h,0x14021b279
operator delete,0.001000,0.0,0.0,0.0,0.0,0.0,0.0,0.0,0.0,0.0,0.0,0.0,0,0,0,frankycpp_v1.4.exe,"operator delete(void *,unsigned __int64)",delete_scalar_size.cpp,0x1405ee498
operator new,0.001000,0.0,0.0,0.0,0.0,0.0,0.0,0.0,0.0,0.0,0.0,0.0,0,1100033,0,frankycpp_v1.4.exe,operator new(unsigned __int64),new_scalar.cpp,0x1405ee020
operator&,0.001000,0.0,0.0,0.0,0.0,0.0,0.0,0.0,0.0,0.0,0.0,0.0,21300639,11800354,0,frankycpp_v1.4.exe,operator&,bitboard.h,0x14020a370
operator&,0.001000,0.0,0.0,0.0,0.0,0.0,0.0,0.0,0.0,0.0,0.0,0.0,12100363,5900177,0,frankycpp_v1.4.exe,operator&,bitboard.h,0x14023987f
operator&,0.001000,0.0,0.0,0.0,0.0,0.0,0.0,0.0,0.0,,,,23100693,11000330,0,frankycpp_v1.4.exe,operator&,bitboard.h,0x14024111b
operator&,0.001000,0.0,0.0,0.0,73.5,0.0,0.0,0.0,0.0,,,,3400102,800024,0,frankycpp_v1.4.exe,operator&,bitboard.h,0x1402396a4
operator&,0.001000,0.0,0.0,0.0,0.0,0.0,0.0,0.0,0.0,,,,6600198,0,0,frankycpp_v1.4.exe,operator&,bitboard.h,0x140245732
operator&,0.001000,0.0,100.0,0.0,0.0,0.0,0.0,0.0,0.0,,,,4800144,1100033,0,frankycpp_v1.4.exe,operator&,bitboard.h,0x140245752
operator&,0.001000,0.0,0.0,0.0,0.0,0.0,0.0,0.0,0.0,0.0,0.0,0.0,1100033,0,0,frankycpp_v1.4.exe,operator&,bitboard.h,0x14024139b
operator&,0.001000,0.0,0.0,0.0,0.0,0.0,0.0,0.0,0.0,,,,7000210,3700111,0,frankycpp_v1.4.exe,operator&,bitboard.h,0x140245a57
operator&,0.001000,0.0,0.0,0.0,0.0,0.0,0.0,0.0,0.0,0.0,0.0,0.0,2200066,0,0,frankycpp_v1.4.exe,operator&,bitboard.h,0x140245761
operator&,0.001000,0.0,0.0,0.0,0.0,0.0,0.0,0.0,0.0,,,,8000240,3300099,0,frankycpp_v1.4.exe,operator&,bitboard.h,0x140239723
operator&,0.001000,,0.0,0.0,0.0,0.0,0.0,0.0,0.0,0.0,0.0,0.0,2200066,2200066,0,frankycpp_v1.4.exe,operator&,bitboard.h,0x140240ab7
operator&,0.001000,0.0,0.0,0.0,0.0,0.0,0.0,0.0,0.0,0.0,0.0,0.0,1100033,0,0,frankycpp_v1.4.exe,operator&,bitboard.h,0x140277bbb
operator&,0.001000,0.0,0.0,0.0,0.0,0.0,0.0,0.0,0.0,0.0,0.0,0.0,0,0,0,frankycpp_v1.4.exe,operator&,bitboard.h,0x14023fe04
operator*,0.001000,0.0,0.0,0.0,0.0,0.0,0.0,0.0,0.0,0.0,0.0,0.0,3700111,2600078,0,frankycpp_v1.4.exe,operator*,direction.h,0x140240bc8
operator+,0.001000,0.0,0.0,0.0,0.0,0.0,0.0,0.0,0.0,0.0,0.0,0.0,5500165,3300099,0,frankycpp_v1.4.exe,operator+,direction.h,0x140239766
operator+,0.001000,0.0,0.0,0.0,0.0,0.0,0.0,0.0,0.0,,,,0,0,0,frankycpp_v1.4.exe,operator+,depth.h,0x14020ac35
operator+,0.001000,0.0,0.0,0.0,0.0,0.0,0.0,0.0,0.0,0.0,0.0,0.0,1100033,1100033,0,frankycpp_v1.4.exe,operator+,castlingrights.h,0x140239098
operator+,0.001000,0.0,0.0,0.0,0.0,0.0,0.0,0.0,0.0,0.0,0.0,0.0,1900057,1100033,0,frankycpp_v1.4.exe,operator+,value.h,0x140208db9
operator+,0.001000,0.0,0.0,0.0,0.0,0.0,0.0,0.0,0.0,0.0,0.0,0.0,5000150,7000210,0,frankycpp_v1.4.exe,operator+,value.h,0x14020a726
operator++,0.001000,0.0,0.0,0.0,0.0,0.0,0.0,0.0,0.0,0.0,0.0,0.0,0,0,0,frankycpp_v1.4.exe,operator++,depth.h,0x140209531
operator+=,0.001000,0.0,0.0,0.0,0.0,0.0,0.0,0.0,0.0,0.0,0.0,0.0,13200396,4400132,0,frankycpp_v1.4.exe,operator+=,value.h,0x140245af3
operator+=,0.001000,0.0,0.0,0.0,0.0,0.0,0.0,0.0,0.0,,,,5500165,5200156,0,frankycpp_v1.4.exe,operator+=,value.h,0x1402452fd
operator-,0.001000,0.0,0.0,0.0,91.8,0.0,0.0,0.0,0.0,,,,1500045,0,0,frankycpp_v1.4.exe,operator-,value.h,0x1402095ef
operator-,0.001000,0.0,0.0,0.0,0.0,0.0,0.0,,0.0,0.0,0.0,0.0,4400132,2200066,0,frankycpp_v1.4.exe,operator-,value.h,0x14020a035
operator-,0.001000,0.0,0.0,0.0,0.0,0.0,0.0,,0.0,0.0,0.0,0.0,0,0,0,frankycpp_v1.4.exe,operator-,value.h,0x14020a182
operator-,0.001000,0.0,0.0,0.0,0.0,0.0,0.0,0.0,0.0,0.0,0.0,0.0,3300099,0,0,frankycpp_v1.4.exe,operator-,value.h,0x1402412a5
operator-,0.001000,0.0,0.0,0.0,0.0,0.0,0.0,0.0,0.0,0.0,0.0,0.0,0,0,0,frankycpp_v1.4.exe,operator-,depth.h,0x140209b24
operator-=,0.001000,0.0,0.0,0.0,0.0,0.0,0.0,0.0,0.0,,,,3700111,0,0,frankycpp_v1.4.exe,operator-=,depth.h,0x140209e75
operator-=,0.001000,0.0,0.0,0.0,0.0,0.0,0.0,0.0,0.0,0.0,0.0,0.0,4400132,1100033,0,frankycpp_v1.4.exe,operator-=,depth.h,0x140209e20
operator|,0.001000,0.0,0.0,0.0,0.0,0.0,0.0,0.0,0.0,0.0,,0.0,0,1100033,0,frankycpp_v1.4.exe,operator|,bitboard.h,0x140208fb7
operator~,0.001000,0.0,0.0,0.0,0.0,0.0,0.0,0.0,0.0,,,,8600258,12900387,0,frankycpp_v1.4.exe,operator~,color.h,0x14020a280
operator~,0.001000,0.0,0.0,0.0,0.0,0.0,0.0,0.0,0.0,,,,6600198,2200066,0,frankycpp_v1.4.exe,operator~,color.h,0x14020a3bb
operator~,0.001000,0.0,0.0,0.0,0.0,0.0,0.0,,0.0,0.0,0.0,0.0,0,1100033,0,frankycpp_v1.4.exe,operator~,color.h,0x1402395ed
pieces_by_type,0.001000,0.0,0.0,0.0,0.0,0.0,0.0,0.0,0.0,0.0,0.0,0.0,0,0,0,frankycpp_v1.4.exe,"pieces_by_type(const struct Pos *, Color, PieceType)",tbchess.c,0x140278110
probe_table,0.001000,0.0,0.0,0.0,0.0,0.0,0.0,0.0,0.0,0.0,0.0,0.0,1100033,0,0,frankycpp_v1.4.exe,"probe_table(const struct Pos *, int, int *, const int)",tbprobe.c,0x14027e530
round,0.001000,0.0,0.0,0.0,0.0,0.0,0.0,0.0,0.0,0.0,0.0,0.0,0,0,0,ucrtbase.dll,round,[Unknown],0x1800ab240
"std::_Copy_memmove<Move *,Move *>",0.001000,0.0,0.0,0.0,0.0,0.0,0.0,0.0,0.0,,,,0,0,0,frankycpp_v1.4.exe,"std::_Copy_memmove<Move *,Move *>(class Move *, class Move *, class Move *)",xutility,0x14021dd40
"std::_Hash<class std::_Umap_traits<unsigned __int64,class BookEntry,class std::_Uhash_compare<unsigned __int64,struct std::hash<unsigned __int64>,struct std::equal_to<unsigned __int64> >,class std::allocator<struct std::pair<unsigned __int64 const ,class BookEntry> >,0> >::emplace<struct std::pair<unsigned __int64 const ,class BookEntry> >",0.001000,0.0,0.0,0.0,0.0,0.0,0.0,0.0,0.0,0.0,0.0,0.0,8800264,4400132,0,frankycpp_v1.4.exe,"std::_Hash<class std::_Umap_traits<unsigned __int64,class BookEntry,class std::_Uhash_compare<unsigned __int64,struct std::hash<unsigned __int64>,struct std::equal_to<unsigned __int64> >,class std::allocator<struct std::pair<unsigned __int64 const ,class BookEntry> >,0> >::emplace<struct std::pair<unsigned __int64 const ,class BookEntry> >(struct std::pair<unsigned __int64 const ,class BookEntry> &&)",xhash,0x140261b20
"std::_Hash<std::_Umap_traits<std::basic_string<char,std::char_traits<char>,std::allocator<char> >,std::shared_ptr<spdlog::logger>,std::_Uhash_compare<std::basic_string<char,std::char_traits<char>,std::allocator<char> >,std::hash<std::basic_string<char,std::char_traits<char>,std::allocator<char> > >,std::equal_to<std::basic_string<char,std::char_traits<char>,std::allocator<char> > > >,std::allocator<std::pair<std::basic_string<char,std::char_traits<char>,std::allocator<char> > const ,std::shared_ptr<spdlog::logger> > >,0> >::_Unchecked_begin",0.001000,0.0,0.0,0.0,0.0,0.0,0.0,0.0,0.0,0.0,0.0,0.0,0,0,0,frankycpp_v1.4.exe,"std::_Hash<std::_Umap_traits<std::basic_string<char,std::char_traits<char>,std::allocator<char> >,std::shared_ptr<spdlog::logger>,std::_Uhash_compare<std::basic_string<char,std::char_traits<char>,std::allocator<char> >,std::hash<std::basic_string<char,std::char_traits<char>,std::allocator<char> > >,std::equal_to<std::basic_string<char,std::char_traits<char>,std::allocator<char> > > >,std::allocator<std::pair<std::basic_string<char,std::char_traits<char>,std::allocator<char> > const ,std::shared_ptr<spdlog::logger> > >,0> >::_Unchecked_begin",xhash,0x14019598d
std::_Hash_representation<unsigned __int64>,0.001000,0.0,0.0,0.0,0.0,0.0,0.0,0.0,0.0,0.0,0.0,0.0,13200396,2200066,0,frankycpp_v1.4.exe,std::_Hash_representation<unsigned __int64>(unsigned __int64 const &),type_traits,0x14025ad60
std::_Zero_range<unsigned __int64 *>,0.001000,0.0,0.0,0.0,0.0,0.0,0.0,0.0,0.0,0.0,0.0,0.0,0,0,0,frankycpp_v1.4.exe,"std::_Zero_range<unsigned __int64 *>(unsigned __int64 * const,unsigned __int64 * const)",xmemory,0x14026d670
"std::array<Bitboard,8>::operator[]",0.001000,0.0,0.0,0.0,0.0,0.0,0.0,0.0,0.0,,,,5500165,9900297,0,frankycpp_v1.4.exe,"std::array<Bitboard,8>::operator[]",array,0x140240b0e
"std::array<HistoryState,512>::operator[]",0.001000,0.0,0.0,0.0,0.0,0.0,0.0,0.0,0.0,0.0,0.0,0.0,0,1100033,0,frankycpp_v1.4.exe,"std::array<HistoryState,512>::operator[]",array,0x1402395f0
"std::array<HistoryState,512>::operator[]",0.001000,0.0,0.0,0.0,0.0,0.0,0.0,,0.0,0.0,0.0,0.0,2200066,1100033,0,frankycpp_v1.4.exe,"std::array<HistoryState,512>::operator[]",array,0x140239527
"std::array<Move,128>::operator[]",0.001000,0.0,0.0,0.0,0.0,0.0,0.0,0.0,0.0,,,,400012,0,0,frankycpp_v1.4.exe,"std::array<Move,128>::operator[]",array,0x14020a69c
"std::array<Value,25>::operator[]",0.001000,0.0,0.0,0.0,0.0,0.0,0.0,0.0,0.0,,,,2200066,5500165,0,frankycpp_v1.4.exe,"std::array<Value,25>::operator[]",array,0x140240c0a
"std::array<Value,25>::operator[]",0.001000,0.0,0.0,0.0,0.0,0.0,0.0,0.0,0.0,,0.0,0.0,1100033,0,0,frankycpp_v1.4.exe,"std::array<Value,25>::operator[]",array,0x1402411a4
"std::array<std::array<Move,64>,64>::operator[]",0.001000,0.0,0.0,0.0,0.0,0.0,0.0,0.0,0.0,,,,12100363,11000330,0,frankycpp_v1.4.exe,"std::array<std::array<Move,64>,64>::operator[]",array,0x14020a449
"std::array<std::array<unsigned __int64,64>,16>::operator[]",0.001000,0.0,0.0,0.0,0.0,0.0,0.0,0.0,0.0,0.0,0.0,0.0,20800624,17400522,0,frankycpp_v1.4.exe,"std::array<std::array<unsigned __int64,64>,16>::operator[]",array,0x14023aac6
"std::array<unsigned __int64,9>::operator[]",0.001000,0.0,0.0,0.0,0.0,0.0,0.0,0.0,0.0,0.0,0.0,0.0,0,0,0,frankycpp_v1.4.exe,"std::array<unsigned __int64,9>::operator[]",array,0x140239586
"std::basic_streambuf<char,struct std::char_traits<char> >::sgetn",0.001000,0.0,100.0,0.0,0.0,0.0,0.0,0.0,0.0,0.0,0.0,0.0,5500165,3300099,0,msvcp140.dll,"std::basic_streambuf<char,struct std::char_traits<char> >::sgetn(char * __ptr64,__int64)",[Unknown],0x180009110
std::locale::_Init,0.001000,0.0,0.0,0.0,0.0,0.0,0.0,0.0,0.0,0.0,0.0,0.0,0,0,0,msvcp140.dll,std::locale::_Init(bool),[Unknown],0x1800113b0
std::min,0.001000,0.0,0.0,0.0,0.0,0.0,0.0,0.0,0.0,,,,2600078,1100033,0,frankycpp_v1.4.exe,std::min,utility,0x140208dcf
std::popcount,0.001000,0.0,0.0,0.0,0.0,0.0,0.0,0.0,0.0,0.0,0.0,0.0,4400132,0,0,frankycpp_v1.4.exe,std::popcount,bit,0x1402457e3
std::ranges::_Move_backward_common,0.001000,0.0,0.0,0.0,0.0,0.0,0.0,0.0,0.0,0.0,0.0,0.0,0,0,0,frankycpp_v1.4.exe,std::ranges::_Move_backward_common,algorithm,0x14021d0cd
std::ranges::_Move_backward_common,0.001000,0.0,0.0,0.0,0.0,0.0,0.0,0.0,0.0,0.0,0.0,0.0,0,0,0,frankycpp_v1.4.exe,std::ranges::_Move_backward_common,algorithm,0x14021d0f7
"std::vector<unsigned __int64,class std::allocator<unsigned __int64> >::_Change_array",0.001000,0.0,0.0,0.0,0.0,0.0,0.0,0.0,0.0,0.0,0.0,0.0,3300099,1100033,0,frankycpp_v1.4.exe,"std::vector<unsigned __int64,class std::allocator<unsigned __int64> >::_Change_array(unsigned __int64 * const,unsigned __int64,unsigned __int64)",vector,0x140259960
strtol,0.001000,0.0,0.0,0.0,0.0,0.0,0.0,0.0,0.0,0.0,0.0,0.0,0,0,0,ucrtbase.dll,strtol,[Unknown],0x180055860
tablebase::Tablebase::isAvailable,0.001000,0.0,0.0,0.0,100.0,0.0,0.0,0.0,0.0,0.0,0.0,0.0,3700111,1100033,0,frankycpp_v1.4.exe,tablebase::Tablebase::isAvailable,Tablebase.h,0x140208f91
tablebase::`anonymous namespace'::convertWDL,0.001000,0.0,0.0,0.0,0.0,0.0,0.0,0.0,0.0,0.0,0.0,0.0,1100033,0,0,frankycpp_v1.4.exe,tablebase::`anonymous namespace'::convertWDL(const unsigned int),Tablebase.cpp,0x140275be0
typeOf,0.001000,0.0,0.0,0.0,0.0,0.0,0.0,0.0,0.0,0.0,0.0,0.0,8800264,2200066,0,frankycpp_v1.4.exe,typeOf,piece.h,0x14024115d
valueOf,0.001000,0.0,0.0,0.0,0.0,0.0,0.0,0.0,0.0,0.0,0.0,0.0,1100033,5200156,0,frankycpp_v1.4.exe,valueOf,value.h,0x140277793
Attacks::detail::fill,0.0,0.0,0.0,0.0,0.0,0.0,0.0,0.0,0.0,0.0,0.0,0.0,3300099,0,0,frankycpp_v1.4.exe,"Attacks::detail::fill(class Bitboard * const,class std::array<struct Attacks::detail::Magic,64> const &,class Direction const * const)",attacks.cpp,0x140166ca0
Attacks::detail::sliding_attack,0.0,0.0,0.0,0.0,0.0,0.0,0.0,0.0,0.0,0.0,0.0,0.0,15400462,6600198,0,frankycpp_v1.4.exe,"Attacks::detail::sliding_attack(class Direction const * const,class Square,class Bitboard)",attacks.cpp,0x140166b00
Bitboard::operator bool,0.0,0.0,0.0,0.0,0.0,0.0,0.0,0.0,0.0,0.0,0.0,0.0,0,1100033,0,frankycpp_v1.4.exe,Bitboard::operator bool,bitboard.h,0x140240760
Bitboard::operator|=,0.0,0.0,0.0,0.0,0.0,0.0,0.0,0.0,0.0,0.0,0.0,0.0,6600198,8800264,0,frankycpp_v1.4.exe,Bitboard::operator|=,bitboard.h,0x140240356
Bitboard::operator|=,0.0,0.0,0.0,0.0,0.0,0.0,0.0,0.0,0.0,0.0,0.0,0.0,4400132,1100033,0,frankycpp_v1.4.exe,Bitboard::operator|=,bitboard.h,0x140166b52
Bitboard::operator|=,0.0,0.0,0.0,0.0,0.0,0.0,0.0,0.0,0.0,,,,1600048,1100033,0,frankycpp_v1.4.exe,Bitboard::operator|=,bitboard.h,0x140239a3d
Bitboard::popLSB,0.0,0.0,0.0,0.0,0.0,0.0,0.0,0.0,0.0,0.0,0.0,0.0,0,1100033,0,frankycpp_v1.4.exe,Bitboard::popLSB,bitboard.h,0x1402409f3
Bitboard::popLSB,0.0,0.0,0.0,0.0,0.0,0.0,0.0,0.0,0.0,0.0,0.0,0.0,4400132,1100033,0,frankycpp_v1.4.exe,Bitboard::popLSB,bitboard.h,0x140240595
Bitboard::popLSB,0.0,0.0,0.0,0.0,0.0,0.0,0.0,0.0,0.0,,,,0,2200066,0,frankycpp_v1.4.exe,Bitboard::popLSB,bitboard.h,0x140240ca2
CcCopyReadEx,0.0,0.0,0.0,0.0,0.0,0.0,0.0,0.0,0.0,0.0,0.0,0.0,0,1100033,0,ntoskrnl.exe,CcCopyReadEx,[Unknown],0x1404dbd30
CreateFileA,0.0,0.0,0.0,0.0,0.0,0.0,0.0,0.0,0.0,0.0,0.0,0.0,1100033,0,0,kernelbase.dll,CreateFileA,[Unknown],0x180046550
Direction::pawnPush,0.0,0.0,0.0,0.0,0.0,0.0,0.0,0.0,0.0,0.0,0.0,0.0,5500165,1100033,0,frankycpp_v1.4.exe,Direction::pawnPush,direction.h,0x1402407e8
Direction::pawnPush,0.0,0.0,0.0,0.0,0.0,0.0,0.0,0.0,0.0,0.0,0.0,0.0,5500165,2200066,0,frankycpp_v1.4.exe,Direction::pawnPush,direction.h,0x1402456a7
Direction::pawnPush,0.0,0.0,0.0,0.0,0.0,0.0,0.0,0.0,0.0,0.0,0.0,0.0,14300429,4400132,0,frankycpp_v1.4.exe,Direction::pawnPush,direction.h,0x140240a83
EtwWrite,0.0,0.0,0.0,0.0,0.0,0.0,0.0,0.0,0.0,0.0,0.0,0.0,0,1100033,0,ntoskrnl.exe,EtwWrite,[Unknown],0x140415af0
ExAcquireAutoExpandPushLockExclusive,0.0,0.0,0.0,0.0,0.0,0.0,0.0,0.0,0.0,0.0,0.0,0.0,1100033,0,0,ntoskrnl.exe,ExAcquireAutoExpandPushLockExclusive,[Unknown],0x1402e6d30
ExAcquireAutoExpandPushLockShared,0.0,0.0,0.0,0.0,0.0,0.0,0.0,0.0,0.0,0.0,0.0,0.0,1100033,1100033,0,ntoskrnl.exe,ExAcquireAutoExpandPushLockShared,[Unknown],0x1402e83d0
ExAcquireCacheAwarePushLockSharedEx,0.0,0.0,0.0,0.0,0.0,0.0,0.0,0.0,0.0,0.0,0.0,0.0,2200066,1100033,0,ntoskrnl.exe,ExAcquireCacheAwarePushLockSharedEx,[Unknown],0x1402e8320
ExAcquireFastMutex,0.0,0.0,0.0,0.0,0.0,0.0,0.0,0.0,0.0,0.0,0.0,0.0,1100033,0,0,ntoskrnl.exe,ExAcquireFastMutex,[Unknown],0x1402e70c0
ExAcquireResourceExclusiveLite,0.0,0.0,0.0,0.0,0.0,0.0,0.0,0.0,0.0,0.0,0.0,0.0,0,1100033,0,ntoskrnl.exe,ExAcquireResourceExclusiveLite,[Unknown],0x140299dd0
ExAcquireRundownProtection,0.0,0.0,0.0,0.0,0.0,0.0,0.0,0.0,0.0,0.0,0.0,0.0,0,1100033,0,ntoskrnl.exe,ExAcquireRundownProtection,[Unknown],0x140354ba0
ExAcquireRundownProtectionCacheAwareEx,0.0,0.0,100.0,0.0,0.0,0.0,0.0,0.0,0.0,0.0,0.0,0.0,4400132,0,0,ntoskrnl.exe,ExAcquireRundownProtectionCacheAwareEx,[Unknown],0x140406920
ExAllocateFromLookasideListEx,0.0,0.0,0.0,0.0,0.0,0.0,0.0,0.0,0.0,0.0,0.0,0.0,1100033,1100033,0,ntoskrnl.exe,ExAllocateFromLookasideListEx,[Unknown],0x1403dafe0
ExReleaseFastResource,0.0,0.0,0.0,0.0,0.0,0.0,0.0,0.0,0.0,0.0,0.0,0.0,2200066,0,0,ntoskrnl.exe,ExReleaseFastResource,[Unknown],0x14027f260
ExReleaseRundownProtectionCacheAwareEx,0.0,0.0,0.0,0.0,0.0,0.0,0.0,0.0,0.0,0.0,0.0,0.0,3300099,1100033,0,ntoskrnl.exe,ExReleaseRundownProtectionCacheAwareEx,[Unknown],0x14027ca10
ExReleaseSpinLockSharedFromDpcLevel,0.0,0.0,0.0,0.0,0.0,0.0,0.0,0.0,0.0,0.0,0.0,0.0,1100033,0,0,ntoskrnl.exe,ExReleaseSpinLockSharedFromDpcLevel,[Unknown],0x14031e5a0
ExpInterlockedPushEntrySList,0.0,0.0,0.0,100.0,0.0,0.0,0.0,0.0,0.0,0.0,0.0,0.0,5500165,2200066,0,ntoskrnl.exe,ExpInterlockedPushEntrySList,[Unknown],0x1406b3250
FltGetInstanceContext,0.0,0.0,0.0,0.0,0.0,0.0,0.0,0.0,0.0,0.0,0.0,0.0,1100033,0,0,fltmgr.sys,FltGetInstanceContext,[Unknown],0x18000ecf0
FltReleaseContext,0.0,0.0,0.0,0.0,0.0,0.0,0.0,0.0,0.0,0.0,0.0,0.0,0,1100033,0,fltmgr.sys,FltReleaseContext,[Unknown],0x180003820
FsRtlDissectName,0.0,0.0,0.0,0.0,0.0,0.0,0.0,0.0,0.0,0.0,0.0,0.0,2200066,0,0,ntoskrnl.exe,FsRtlDissectName,[Unknown],0x140401860
IoFreeIrp,0.0,0.0,0.0,0.0,0.0,0.0,0.0,0.0,0.0,0.0,0.0,0.0,1100033,0,0,ntoskrnl.exe,IoFreeIrp,[Unknown],0x1402fc360
IoGetCurrentProcess,0.0,0.0,0.0,0.0,0.0,0.0,0.0,0.0,0.0,0.0,0.0,0.0,1100033,0,0,ntoskrnl.exe,IoGetCurrentProcess,[Unknown],0x1404143a0
IoGetRequestorProcessId,0.0,0.0,0.0,0.0,0.0,0.0,0.0,0.0,0.0,0.0,0.0,0.0,0,1100033,0,ntoskrnl.exe,IoGetRequestorProcessId,[Unknown],0x1404049f0
KeAndAffinityEx2,0.0,0.0,0.0,0.0,0.0,0.0,0.0,0.0,0.0,,,,5500165,400012,0,ntoskrnl.exe,KeAndAffinityEx2,[Unknown],0x140312c00
KeClearEvent,0.0,0.0,0.0,0.0,0.0,0.0,0.0,0.0,0.0,0.0,0.0,0.0,1100033,0,0,ntoskrnl.exe,KeClearEvent,[Unknown],0x1402b22d0
KeGetCurrentIrql,0.0,0.0,0.0,0.0,0.0,0.0,0.0,0.0,0.0,0.0,0.0,0.0,4400132,0,0,ntoskrnl.exe,KeGetCurrentIrql,[Unknown],0x1404169a0
KeIsEmptyAffinityEx,0.0,0.0,0.0,0.0,0.0,0.0,0.0,0.0,0.0,0.0,0.0,0.0,2200066,0,0,ntoskrnl.exe,KeIsEmptyAffinityEx,[Unknown],0x1403c1810
KePulseEvent,0.0,0.0,0.0,0.0,0.0,0.0,0.0,0.0,0.0,0.0,0.0,0.0,1100033,0,0,ntoskrnl.exe,KePulseEvent,[Unknown],0x140469ad0
KeReleaseInStackQueuedSpinLockFromDpcLevel,0.0,0.0,0.0,100.0,0.0,0.0,0.0,0.0,0.0,0.0,0.0,0.0,1100033,2200066,0,ntoskrnl.exe,KeReleaseInStackQueuedSpinLockFromDpcLevel,[Unknown],0x1403031a0
KfRaiseIrql,0.0,0.0,0.0,0.0,0.0,0.0,0.0,0.0,0.0,0.0,0.0,0.0,6600198,1100033,0,ntoskrnl.exe,KfRaiseIrql,[Unknown],0x1403fa130
Move::encode,0.0,0.0,0.0,0.0,0.0,0.0,0.0,0.0,0.0,0.0,0.0,0.0,2200066,0,0,frankycpp_v1.4.exe,Move::encode,move.h,0x140240a04
Move::encode,0.0,0.0,0.0,0.0,0.0,0.0,0.0,0.0,0.0,0.0,0.0,0.0,1100033,1100033,0,frankycpp_v1.4.exe,Move::encode,move.h,0x140240a22
Move::encode,0.0,0.0,0.0,0.0,0.0,0.0,0.0,0.0,0.0,0.0,0.0,0.0,0,2200066,0,frankycpp_v1.4.exe,Move::encode,move.h,0x14024062d
Move::operator==,0.0,0.0,0.0,0.0,0.0,0.0,0.0,0.0,0.0,0.0,0.0,0.0,2200066,0,0,frankycpp_v1.4.exe,Move::operator==,PVTable.h,0x140209ed4
Move::operator==,0.0,0.0,0.0,0.0,0.0,0.0,0.0,0.0,0.0,0.0,0.0,0.0,2200066,0,0,frankycpp_v1.4.exe,Move::operator==,PVTable.h,0x140209ee5
Move::promotionType,0.0,0.0,0.0,0.0,0.0,0.0,0.0,0.0,0.0,,,,2200066,1100033,0,frankycpp_v1.4.exe,Move::promotionType,move.h,0x140239a0e
Move::promotionType,0.0,0.0,0.0,0.0,0.0,0.0,0.0,0.0,0.0,0.0,0.0,0.0,400012,0,0,frankycpp_v1.4.exe,Move::promotionType,move.h,0x14023910a
Move::to,0.0,0.0,0.0,0.0,0.0,0.0,0.0,0.0,0.0,0.0,0.0,0.0,1100033,0,0,frankycpp_v1.4.exe,Move::to,move.h,0x14023fdfb
Move::{ctor},0.0,0.0,0.0,0.0,0.0,0.0,0.0,0.0,0.0,,0.0,0.0,1100033,0,0,frankycpp_v1.4.exe,Move::{ctor},move.h,0x140240cb3
Move::{ctor},0.0,0.0,0.0,0.0,0.0,0.0,0.0,0.0,0.0,0.0,0.0,0.0,3300099,2200066,0,frankycpp_v1.4.exe,Move::{ctor},move.h,0x1402409fd
MoveGenerator::MoveGenerator,0.0,0.0,0.0,0.0,0.0,0.0,0.0,0.0,0.0,0.0,0.0,0.0,0,1100033,0,frankycpp_v1.4.exe,MoveGenerator::MoveGenerator(void),MoveGenerator.cpp,0x14023e040
MoveGenerator::generateLegalMoves,0.0,0.0,0.0,0.0,0.0,0.0,0.0,0.0,0.0,0.0,0.0,0.0,1100033,0,0,frankycpp_v1.4.exe,"MoveGenerator::generateLegalMoves(class Position const &,enum GenMode)",MoveGenerator.cpp,0x14023e270
MoveGenerator::resetOnDemand,0.0,0.0,0.0,0.0,0.0,0.0,100.0,0.0,0.0,0.0,0.0,0.0,0,0,0,frankycpp_v1.4.exe,MoveGenerator::resetOnDemand,MoveGenerator.h,0x140203011
NtQueryInformationFile,0.0,0.0,0.0,0.0,0.0,0.0,0.0,0.0,0.0,0.0,0.0,0.0,0,1100033,0,ntdll.dll,NtQueryInformationFile,[Unknown],0x180161c60
NtReadFile,0.0,0.0,0.0,0.0,0.0,0.0,0.0,0.0,0.0,0.0,0.0,0.0,1100033,0,0,ntdll.dll,NtReadFile,[Unknown],0x180161b00
ObfDereferenceObject,0.0,0.0,0.0,0.0,0.0,0.0,0.0,,0.0,0.0,0.0,0.0,1100033,0,0,ntoskrnl.exe,ObfDereferenceObject,[Unknown],0x1403074c0
ObfReferenceObjectWithTag,0.0,0.0,100.0,0.0,0.0,100.0,0.0,,0.0,,,,0,0,0,ntoskrnl.exe,ObfReferenceObjectWithTag,[Unknown],0x1402e8c50
PVTable::update,0.0,0.0,0.0,0.0,0.0,0.0,0.0,0.0,0.0,0.0,0.0,0.0,1100033,0,0,frankycpp_v1.4.exe,PVTable::update,PVTable.h,0x140208b81
Position::clearEnPassant,0.0,0.0,0.0,0.0,0.0,0.0,0.0,0.0,0.0,0.0,0.0,0.0,3700111,3300099,0,frankycpp_v1.4.exe,Position::clearEnPassant,Position.cpp,0x140238faf
Position::getGamePhaseFactor,0.0,0.0,0.0,0.0,0.0,0.0,0.0,,0.0,,,,800024,0,0,frankycpp_v1.4.exe,Position::getGamePhaseFactor,Position.h,0x140245293
Position::getKingSquare,0.0,0.0,0.0,0.0,0.0,0.0,0.0,0.0,0.0,,,,2800084,1200036,0,frankycpp_v1.4.exe,Position::getKingSquare,Position.h,0x140245a91
Position::getKingSquare,0.0,0.0,0.0,0.0,0.0,0.0,0.0,0.0,0.0,0.0,0.0,0.0,400012,0,0,frankycpp_v1.4.exe,Position::getKingSquare,Position.h,0x140240317
Position::getMaterialNonPawn,0.0,,0.0,0.0,0.0,0.0,0.0,0.0,0.0,0.0,,0.0,2200066,0,0,frankycpp_v1.4.exe,Position::getMaterialNonPawn,Position.h,0x1402094ba
Position::getNextPlayer,0.0,0.0,0.0,0.0,0.0,0.0,0.0,0.0,0.0,,,,5500165,2200066,0,frankycpp_v1.4.exe,Position::getNextPlayer,Position.h,0x140240de9
Position::getNextPlayer,0.0,0.0,0.0,0.0,0.0,0.0,0.0,0.0,0.0,,,,400012,0,0,frankycpp_v1.4.exe,Position::getNextPlayer,Position.h,0x140208df5
Position::getNextPlayer,0.0,0.0,0.0,0.0,0.0,0.0,0.0,0.0,0.0,0.0,0.0,0.0,3000090,400012,0,frankycpp_v1.4.exe,Position::getNextPlayer,Position.h,0x14027774c
Position::getOccupiedBb,0.0,0.0,0.0,0.0,0.0,0.0,0.0,0.0,0.0,0.0,0.0,0.0,800024,2000060,0,frankycpp_v1.4.exe,Position::getOccupiedBb,Position.h,0x140245d5f
Position::getOccupiedBb,0.0,0.0,0.0,0.0,0.0,0.0,0.0,0.0,0.0,,,,3000090,0,0,frankycpp_v1.4.exe,Position::getOccupiedBb,Position.h,0x140245a48
Position::getPiece,0.0,0.0,0.0,0.0,0.0,0.0,0.0,0.0,0.0,,,,1100033,2200066,0,frankycpp_v1.4.exe,Position::getPiece,Position.h,0x140240348
Position::getPiece,0.0,0.0,0.0,0.0,0.0,0.0,0.0,0.0,0.0,0.0,0.0,0.0,1100033,0,0,frankycpp_v1.4.exe,Position::getPiece,Position.h,0x14024059f
Position::getPieceBb,0.0,0.0,0.0,0.0,0.0,0.0,0.0,0.0,0.0,0.0,0.0,0.0,1200036,1600048,0,frankycpp_v1.4.exe,Position::getPieceBb,Position.h,0x1402779a4
Position::isCapturingMove,0.0,0.0,0.0,0.0,0.0,0.0,0.0,0.0,0.0,0.0,0.0,0.0,1500045,0,0,frankycpp_v1.4.exe,Position::isCapturingMove,Position.h,0x14023fdf4
Position::isCapturingMove,0.0,0.0,0.0,0.0,0.0,0.0,0.0,0.0,0.0,0.0,0.0,0.0,4400132,2200066,0,frankycpp_v1.4.exe,Position::isCapturingMove,Position.h,0x14020a3bb
Position::isCapturingMove,0.0,0.0,0.0,0.0,0.0,0.0,0.0,,0.0,0.0,0.0,0.0,400012,0,0,frankycpp_v1.4.exe,Position::isCapturingMove,Position.h,0x14020aec2
Position::isLegalMove,0.0,0.0,0.0,0.0,0.0,0.0,0.0,0.0,0.0,0.0,0.0,0.0,2200066,0,0,frankycpp_v1.4.exe,Position::isLegalMove(class Move),Position.cpp,0x140239c50
Position::strFen,0.0,0.0,0.0,0.0,0.0,0.0,0.0,0.0,0.0,0.0,0.0,0.0,1100033,0,0,frankycpp_v1.4.exe,Position::strFen(void),Position.cpp,0x14023a510
PsGetCurrentSilo,0.0,0.0,0.0,0.0,0.0,0.0,0.0,0.0,0.0,0.0,0.0,0.0,0,1100033,0,ntoskrnl.exe,PsGetCurrentSilo,[Unknown],0x1403fadd0
RtlEnterCriticalSection,0.0,0.0,0.0,0.0,0.0,0.0,0.0,0.0,0.0,0.0,0.0,0.0,0,2200066,0,ntdll.dll,RtlEnterCriticalSection,[Unknown],0x18000d780
RtlFlsGetValue,0.0,0.0,100.0,0.0,0.0,0.0,0.0,0.0,0.0,0.0,0.0,0.0,0,0,0,ntdll.dll,RtlFlsGetValue,[Unknown],0x1800dc3e0
RtlFreeAnsiString,0.0,0.0,0.0,0.0,0.0,0.0,0.0,0.0,0.0,0.0,0.0,0.0,1100033,0,0,ntdll.dll,RtlFreeAnsiString,[Unknown],0x18007b0c0
RtlLengthSid,0.0,0.0,0.0,0.0,0.0,0.0,0.0,0.0,0.0,0.0,0.0,0.0,1100033,0,0,ntoskrnl.exe,RtlLengthSid,[Unknown],0x1404583d0
Search::rootSearch,0.0,0.0,0.0,0.0,0.0,0.0,0.0,0.0,0.0,0.0,0.0,0.0,1100033,0,0,frankycpp_v1.4.exe,"Search::rootSearch(class Position &,enum Depth,class Value,class Value)",Search.cpp,0x1402088f0
Search::sendIterationEndInfoToUci,0.0,0.0,0.0,0.0,0.0,0.0,0.0,0.0,0.0,0.0,0.0,0.0,1100033,0,0,frankycpp_v1.4.exe,Search::sendIterationEndInfoToUci(void),Search.cpp,0x140210aa0
Search::thread,0.0,0.0,0.0,0.0,0.0,0.0,0.0,0.0,0.0,0.0,0.0,0.0,2200066,2200066,0,frankycpp_v1.4.exe,Search::thread,Search.h,0x14020a454
Search::thread,0.0,0.0,0.0,0.0,0.0,0.0,0.0,0.0,0.0,0.0,0.0,0.0,3300099,0,0,frankycpp_v1.4.exe,Search::thread,Search.h,0x14020ada0
Search::thread,0.0,0.0,0.0,0.0,0.0,0.0,0.0,0.0,0.0,0.0,0.0,0.0,3100093,1500045,0,frankycpp_v1.4.exe,Search::thread,Search.h,0x14020a8b8
SearchThreadData::lmr_reduction_log,0.0,0.0,0.0,0.0,0.0,0.0,0.0,0.0,0.0,,,,2200066,0,0,frankycpp_v1.4.exe,SearchThreadData::lmr_reduction_log,SearchThreadData.h,0x1401ff9c6
Square::pawnPush,0.0,0.0,0.0,0.0,0.0,0.0,0.0,0.0,0.0,0.0,0.0,0.0,2200066,2200066,0,frankycpp_v1.4.exe,Square::pawnPush,square.h,0x140239011
StaticMoveList<128>::pop_back,0.0,0.0,0.0,0.0,0.0,0.0,0.0,0.0,0.0,0.0,0.0,0.0,1100033,1100033,0,frankycpp_v1.4.exe,StaticMoveList<128>::pop_back,staticmovelist.h,0x140208b11
StaticMoveList<256>::push_back,0.0,0.0,0.0,0.0,0.0,0.0,0.0,0.0,0.0,0.0,0.0,0.0,1100033,1500045,0,frankycpp_v1.4.exe,StaticMoveList<256>::push_back,staticmovelist.h,0x1402405bf
StaticMoveList<256>::push_back,0.0,0.0,0.0,0.0,0.0,0.0,0.0,0.0,0.0,0.0,0.0,0.0,2200066,0,0,frankycpp_v1.4.exe,StaticMoveList<256>::push_back,staticmovelist.h,0x1402405ec
StaticMoveList<256>::push_back,0.0,0.0,0.0,0.0,0.0,0.0,0.0,0.0,0.0,0.0,0.0,0.0,0,1100033,0,frankycpp_v1.4.exe,StaticMoveList<256>::push_back,staticmovelist.h,0x140240a08
StaticMoveList<256>::push_back,0.0,0.0,0.0,0.0,0.0,0.0,0.0,0.0,0.0,0.0,0.0,0.0,0,1500045,0,frankycpp_v1.4.exe,StaticMoveList<256>::push_back,staticmovelist.h,0x140240617
StaticMoveList<256>::push_back,0.0,0.0,0.0,0.0,0.0,0.0,0.0,0.0,0.0,0.0,0.0,0.0,1100033,0,0,frankycpp_v1.4.exe,StaticMoveList<256>::push_back,staticmovelist.h,0x140241422
StaticMoveList<256>::push_back,0.0,0.0,0.0,0.0,0.0,0.0,0.0,0.0,0.0,0.0,0.0,0.0,1100033,0,0,frankycpp_v1.4.exe,StaticMoveList<256>::push_back,staticmovelist.h,0x140240a38
StaticMoveList<256>::push_back,0.0,0.0,0.0,0.0,0.0,0.0,0.0,0.0,0.0,0.0,0.0,0.0,2200066,0,0,frankycpp_v1.4.exe,StaticMoveList<256>::push_back,staticmovelist.h,0x1402413c3
StaticMoveList<256>::push_back,0.0,0.0,0.0,0.0,0.0,0.0,0.0,0.0,0.0,0.0,0.0,0.0,1100033,0,0,frankycpp_v1.4.exe,StaticMoveList<256>::push_back,staticmovelist.h,0x1402413f3
StaticMoveList<256>::push_back,0.0,0.0,0.0,0.0,0.0,0.0,0.0,0.0,0.0,0.0,0.0,0.0,1100033,0,0,frankycpp_v1.4.exe,StaticMoveList<256>::push_back,staticmovelist.h,0x14024139f
TypeOfPiece,0.0,0.0,0.0,0.0,0.0,0.0,0.0,0.0,0.0,0.0,0.0,0.0,1100033,0,0,frankycpp_v1.4.exe,TypeOfPiece,tbchess.c,0x14027e888
Value::operator int,0.0,0.0,0.0,0.0,0.0,0.0,0.0,0.0,0.0,,,,2200066,0,0,frankycpp_v1.4.exe,Value::operator int,value.h,0x140208eba
Value::operator int,0.0,0.0,0.0,0.0,0.0,0.0,0.0,0.0,0.0,0.0,0.0,0.0,1100033,0,0,frankycpp_v1.4.exe,Value::operator int,value.h,0x140209abb
Value::operator int,0.0,0.0,0.0,0.0,0.0,0.0,0.0,0.0,0.0,0.0,0.0,0.0,1100033,0,0,frankycpp_v1.4.exe,Value::operator int,value.h,0x140208ee2
Value::{ctor},0.0,0.0,0.0,0.0,0.0,0.0,0.0,0.0,0.0,0.0,0.0,0.0,400012,0,0,frankycpp_v1.4.exe,Value::{ctor},value.h,0x140209370
WdLogSingleEntry4,0.0,0.0,0.0,0.0,0.0,0.0,0.0,0.0,0.0,0.0,0.0,0.0,1100033,0,0,watchdog.sys,WdLogSingleEntry4,[Unknown],0x140002650
YAML::RegEx::MatchUnchecked<class YAML::StreamCharSource>,0.0,0.0,0.0,0.0,0.0,0.0,0.0,0.0,0.0,0.0,0.0,0.0,2200066,3300099,0,frankycpp_v1.4.exe,YAML::RegEx::MatchUnchecked<class YAML::StreamCharSource>(class YAML::StreamCharSource const &),regeximpl.h,0x1402c72f0
YAML::SingleDocParser::HandleBlockMap,0.0,0.0,0.0,0.0,0.0,0.0,0.0,0.0,0.0,0.0,0.0,0.0,1100033,0,0,frankycpp_v1.4.exe,YAML::SingleDocParser::HandleBlockMap(class YAML::EventHandler &),singledocparser.cpp,0x1402cfc50
YAML::Stream::CharAt,0.0,0.0,0.0,0.0,0.0,0.0,0.0,0.0,0.0,0.0,0.0,0.0,1100033,0,0,frankycpp_v1.4.exe,YAML::Stream::CharAt,stream.h,0x1402c7361
YAML::Stream::peek,0.0,0.0,0.0,0.0,0.0,0.0,0.0,0.0,0.0,0.0,0.0,0.0,1100033,0,0,frankycpp_v1.4.exe,YAML::Stream::peek,stream.cpp,0x1402d4156
YAML::StreamCharSource::operator bool,0.0,0.0,0.0,0.0,0.0,0.0,0.0,0.0,0.0,0.0,0.0,0.0,0,2200066,0,frankycpp_v1.4.exe,YAML::StreamCharSource::operator bool(void),streamcharsource.h,0x1402c92e0
YAML::StreamCharSource::operator+,0.0,0.0,0.0,0.0,0.0,0.0,0.0,0.0,0.0,0.0,0.0,0.0,2200066,1100033,0,frankycpp_v1.4.exe,YAML::StreamCharSource::operator+,streamcharsource.h,0x1402c74d0
[Import thunk _std_type_info_compare],0.0,0.0,0.0,0.0,0.0,0.0,0.0,0.0,0.0,0.0,0.0,0.0,5500165,2200066,0,frankycpp_v1.4.exe,[Import thunk _std_type_info_compare],[Unknown],0x1405efb48
[Import thunk memset],0.0,0.0,0.0,0.0,0.0,0.0,0.0,0.0,0.0,,,,0,1100033,0,frankycpp_v1.4.exe,[Import thunk memset],[Unknown],0x1405efb7e
boost::archive::basic_binary_iarchive<boost::archive::binary_iarchive>::load_override,0.0,0.0,0.0,0.0,0.0,0.0,0.0,0.0,0.0,0.0,0.0,0.0,3300099,1100033,0,frankycpp_v1.4.exe,boost::archive::basic_binary_iarchive<boost::archive::binary_iarchive>::load_override,basic_binary_iarchive.hpp,0x14026275f
"boost::archive::basic_binary_iprimitive<boost::archive::binary_iarchive,char,std::char_traits<char> >::load_binary",0.0,0.0,0.0,0.0,0.0,0.0,0.0,0.0,0.0,0.0,0.0,0.0,1100033,0,0,frankycpp_v1.4.exe,"boost::archive::basic_binary_iprimitive<boost::archive::binary_iarchive,char,std::char_traits<char> >::load_binary",basic_binary_iprimitive.hpp,0x140265ba4
"boost::archive::basic_binary_iprimitive<class boost::archive::binary_iarchive,char,struct std::char_traits<char> >::load_binary",0.0,0.0,0.0,0.0,0.0,0.0,0.0,0.0,0.0,0.0,0.0,0.0,5500165,0,0,frankycpp_v1.4.exe,"boost::archive::basic_binary_iprimitive<class boost::archive::binary_iarchive,char,struct std::char_traits<char> >::load_binary(void *,unsigned __int64)",basic_binary_iprimitive.hpp,0x14025f1a0
boost::archive::detail::basic_iarchive_impl::load_object,0.0,0.0,0.0,0.0,0.0,0.0,0.0,0.0,0.0,0.0,0.0,0.0,6600198,2200066,0,frankycpp_v1.4.exe,boost::archive::detail::basic_iarchive_impl::load_object,basic_iarchive.cpp,0x140282f31
boost::archive::detail::common_iarchive<boost::archive::binary_iarchive>::load_override,0.0,0.0,0.0,0.0,0.0,0.0,0.0,0.0,0.0,0.0,0.0,0.0,1100033,0,0,frankycpp_v1.4.exe,boost::archive::detail::common_iarchive<boost::archive::binary_iarchive>::load_override,common_iarchive.hpp,0x1402688c2
boost::archive::detail::common_iarchive<boost::archive::binary_iarchive>::load_override,0.0,0.0,0.0,0.0,0.0,0.0,0.0,0.0,0.0,0.0,0.0,0.0,1100033,0,0,frankycpp_v1.4.exe,boost::archive::detail::common_iarchive<boost::archive::binary_iarchive>::load_override,common_iarchive.hpp,0x140268920
boost::archive::detail::interface_iarchive<boost::archive::binary_iarchive>::This,0.0,0.0,0.0,0.0,0.0,0.0,0.0,0.0,0.0,0.0,0.0,0.0,1100033,0,0,frankycpp_v1.4.exe,boost::archive::detail::interface_iarchive<boost::archive::binary_iarchive>::This,interface_iarchive.hpp,0x140264810
boost::archive::detail::interface_iarchive<class boost::archive::binary_iarchive>::operator>><unsigned int>,0.0,0.0,0.0,0.0,0.0,0.0,0.0,0.0,0.0,0.0,0.0,0.0,1100033,1100033,0,frankycpp_v1.4.exe,boost::archive::detail::interface_iarchive<class boost::archive::binary_iarchive>::operator>><unsigned int>(unsigned int &),interface_iarchive.hpp,0x14025ab60
"boost::archive::detail::iserializer<class boost::archive::binary_iarchive,class BookEntry>::load_object_data",0.0,0.0,0.0,0.0,0.0,0.0,0.0,0.0,0.0,0.0,0.0,0.0,1100033,2200066,0,frankycpp_v1.4.exe,"boost::archive::detail::iserializer<class boost::archive::binary_iarchive,class BookEntry>::load_object_data(class boost::archive::detail::basic_iarchive &,void *,unsigned int)",iserializer.hpp,0x140266aa0
"boost::archive::detail::iserializer<class boost::archive::binary_iarchive,class std::vector<class Move,class std::allocator<class Move> > >::load_object_data",0.0,0.0,0.0,0.0,0.0,0.0,0.0,0.0,0.0,0.0,0.0,0.0,1100033,0,0,frankycpp_v1.4.exe,"boost::archive::detail::iserializer<class boost::archive::binary_iarchive,class std::vector<class Move,class std::allocator<class Move> > >::load_object_data(class boost::archive::detail::basic_iarchive &,void *,unsigned int)",iserializer.hpp,0x140269cb0
"boost::archive::detail::iserializer<class boost::archive::binary_iarchive,class std::vector<unsigned __int64,class std::allocator<unsigned __int64> > >::load_object_data",0.0,0.0,0.0,0.0,0.0,0.0,0.0,0.0,0.0,0.0,0.0,0.0,2200066,0,0,frankycpp_v1.4.exe,"boost::archive::detail::iserializer<class boost::archive::binary_iarchive,class std::vector<unsigned __int64,class std::allocator<unsigned __int64> > >::load_object_data(class boost::archive::detail::basic_iarchive &,void *,unsigned int)",iserializer.hpp,0x14026a3f0
"boost::archive::detail::iserializer<class boost::archive::binary_iarchive,struct std::pair<unsigned __int64 const ,class BookEntry> >::load_object_data",0.0,0.0,0.0,0.0,0.0,0.0,0.0,0.0,0.0,0.0,0.0,0.0,4400132,3300099,0,frankycpp_v1.4.exe,"boost::archive::detail::iserializer<class boost::archive::binary_iarchive,struct std::pair<unsigned __int64 const ,class BookEntry> >::load_object_data(class boost::archive::detail::basic_iarchive &,void *,unsigned int)",iserializer.hpp,0x1402647b0
boost::archive::detail::load_non_pointer_type<boost::archive::binary_iarchive>::load_standard::invoke,0.0,0.0,0.0,0.0,0.0,0.0,0.0,0.0,0.0,0.0,0.0,0.0,1100033,1100033,0,frankycpp_v1.4.exe,boost::archive::detail::load_non_pointer_type<boost::archive::binary_iarchive>::load_standard::invoke,iserializer.hpp,0x140262ea6
boost::archive::object_id_type::operator=,0.0,0.0,0.0,0.0,0.0,0.0,0.0,0.0,0.0,0.0,0.0,0.0,2200066,2200066,0,frankycpp_v1.4.exe,boost::archive::object_id_type::operator=,basic_archive.hpp,0x140282ef0
boost::archive::object_id_type::operator=,0.0,0.0,0.0,0.0,0.0,0.0,0.0,0.0,0.0,0.0,0.0,0.0,1100033,0,0,frankycpp_v1.4.exe,boost::archive::object_id_type::operator=,basic_archive.hpp,0x140283067
boost::archive::version_type::{ctor},0.0,0.0,0.0,0.0,0.0,0.0,0.0,0.0,0.0,0.0,0.0,0.0,1100033,0,0,frankycpp_v1.4.exe,boost::archive::version_type::{ctor},basic_archive.hpp,0x14026e200
boost::archive::version_type::{ctor},0.0,0.0,0.0,0.0,0.0,0.0,0.0,0.0,0.0,0.0,0.0,0.0,4400132,0,0,frankycpp_v1.4.exe,boost::archive::version_type::{ctor},basic_archive.hpp,0x1402648e0
boost::archive::version_type::{ctor},0.0,0.0,0.0,0.0,0.0,0.0,0.0,0.0,0.0,0.0,0.0,0.0,2200066,0,0,frankycpp_v1.4.exe,boost::archive::version_type::{ctor},basic_archive.hpp,0x140269eb0
boost::archive::version_type::{ctor},0.0,0.0,0.0,0.0,0.0,0.0,0.0,0.0,0.0,0.0,0.0,0.0,2200066,0,0,frankycpp_v1.4.exe,boost::archive::version_type::{ctor},basic_archive.hpp,0x14026a530
"boost::serialization::free_loader<boost::archive::binary_iarchive,Move>::invoke",0.0,0.0,0.0,0.0,0.0,0.0,0.0,0.0,0.0,0.0,0.0,0.0,1100033,0,0,frankycpp_v1.4.exe,"boost::serialization::free_loader<boost::archive::binary_iarchive,Move>::invoke",split_free.hpp,0x14026e410
"boost::serialization::free_loader<boost::archive::binary_iarchive,boost::serialization::nvp<BookEntry> >::invoke",0.0,0.0,0.0,0.0,0.0,0.0,0.0,0.0,0.0,0.0,0.0,0.0,1100033,0,0,frankycpp_v1.4.exe,"boost::serialization::free_loader<boost::archive::binary_iarchive,boost::serialization::nvp<BookEntry> >::invoke",split_free.hpp,0x140264842
"boost::serialization::free_loader<boost::archive::binary_iarchive,boost::serialization::nvp<std::vector<Move,std::allocator<Move> > > >::invoke",0.0,0.0,0.0,0.0,0.0,0.0,0.0,0.0,0.0,0.0,0.0,0.0,4400132,1100033,0,frankycpp_v1.4.exe,"boost::serialization::free_loader<boost::archive::binary_iarchive,boost::serialization::nvp<std::vector<Move,std::allocator<Move> > > >::invoke",split_free.hpp,0x140266b5e
boost::serialization::load,0.0,0.0,0.0,0.0,0.0,0.0,0.0,0.0,0.0,0.0,0.0,0.0,1100033,1100033,0,frankycpp_v1.4.exe,boost::serialization::load,vector.hpp,0x140269cfa
"boost::serialization::load<class boost::archive::binary_iarchive,class BookEntry>",0.0,0.0,0.0,0.0,0.0,0.0,0.0,0.0,0.0,0.0,0.0,0.0,1100033,0,0,frankycpp_v1.4.exe,"boost::serialization::load<class boost::archive::binary_iarchive,class BookEntry>(class boost::archive::binary_iarchive &,class boost::serialization::nvp<class BookEntry> &,unsigned int)",nvp.hpp,0x140265b20
"boost::serialization::load<class boost::archive::binary_iarchive,class Move>",0.0,0.0,0.0,0.0,0.0,0.0,0.0,0.0,0.0,0.0,0.0,0.0,1100033,1100033,0,frankycpp_v1.4.exe,"boost::serialization::load<class boost::archive::binary_iarchive,class Move>(class boost::archive::binary_iarchive &,class boost::serialization::nvp<class Move> &,unsigned int)",nvp.hpp,0x14026db00
"boost::serialization::load<class boost::archive::binary_iarchive,class boost::serialization::item_version_type>",0.0,0.0,0.0,0.0,0.0,0.0,0.0,0.0,0.0,0.0,0.0,0.0,8800264,12100363,0,frankycpp_v1.4.exe,"boost::serialization::load<class boost::archive::binary_iarchive,class boost::serialization::item_version_type>(class boost::archive::binary_iarchive &,class boost::serialization::nvp<class boost::serialization::item_version_type> &,unsigned int)",nvp.hpp,0x140262730
"boost::serialization::load<class boost::archive::binary_iarchive,class std::vector<class Move,class std::allocator<class Move> > >",0.0,0.0,0.0,0.0,0.0,0.0,0.0,0.0,0.0,0.0,0.0,0.0,0,2200066,0,frankycpp_v1.4.exe,"boost::serialization::load<class boost::archive::binary_iarchive,class std::vector<class Move,class std::allocator<class Move> > >(class boost::archive::binary_iarchive &,class boost::serialization::nvp<class std::vector<class Move,class std::allocator<class Move> > > &,unsigned int)",nvp.hpp,0x1402688b0
"boost::serialization::load<class boost::archive::binary_iarchive,class std::vector<unsigned __int64,class std::allocator<unsigned __int64> > >",0.0,0.0,0.0,0.0,0.0,0.0,0.0,0.0,0.0,0.0,0.0,0.0,1100033,3300099,0,frankycpp_v1.4.exe,"boost::serialization::load<class boost::archive::binary_iarchive,class std::vector<unsigned __int64,class std::allocator<unsigned __int64> > >(class boost::archive::binary_iarchive &,class boost::serialization::nvp<class std::vector<unsigned __int64,class std::allocator<unsigned __int64> > > &,unsigned int)",nvp.hpp,0x140268860
"boost::serialization::load<class boost::archive::binary_iarchive,int>",0.0,0.0,0.0,0.0,0.0,0.0,0.0,0.0,0.0,0.0,0.0,0.0,1100033,0,0,frankycpp_v1.4.exe,"boost::serialization::load<class boost::archive::binary_iarchive,int>(class boost::archive::binary_iarchive &,class boost::serialization::nvp<int> &,unsigned int)",nvp.hpp,0x140268900
"boost::serialization::load<class boost::archive::binary_iarchive,unsigned __int64>",0.0,0.0,0.0,0.0,0.0,0.0,0.0,0.0,0.0,0.0,0.0,0.0,2200066,1100033,0,frankycpp_v1.4.exe,"boost::serialization::load<class boost::archive::binary_iarchive,unsigned __int64>(class boost::archive::binary_iarchive &,class boost::serialization::nvp<unsigned __int64> &,unsigned int)",nvp.hpp,0x140265b70
boost::serialization::load<class boost::archive::binary_iarchive>,0.0,0.0,0.0,0.0,0.0,0.0,0.0,0.0,0.0,0.0,0.0,0.0,1100033,0,0,frankycpp_v1.4.exe,"boost::serialization::load<class boost::archive::binary_iarchive>(class boost::archive::binary_iarchive &,class Move &,unsigned int)",move.h,0x14026e830
boost::serialization::nvp<boost::serialization::collection_size_type>::{ctor},0.0,0.0,0.0,0.0,0.0,0.0,0.0,0.0,0.0,0.0,0.0,0.0,2200066,0,0,frankycpp_v1.4.exe,boost::serialization::nvp<boost::serialization::collection_size_type>::{ctor},nvp.hpp,0x14026c44c
boost::serialization::nvp<boost::serialization::item_version_type>::{ctor},0.0,0.0,0.0,0.0,0.0,0.0,0.0,0.0,0.0,0.0,0.0,0.0,0,1100033,0,frankycpp_v1.4.exe,boost::serialization::nvp<boost::serialization::item_version_type>::{ctor},nvp.hpp,0x140269d56
"boost::serialization::singleton<boost::archive::detail::iserializer<boost::archive::binary_iarchive,Move> >::get_const_instance",0.0,0.0,0.0,0.0,0.0,0.0,0.0,0.0,0.0,0.0,0.0,0.0,2200066,0,0,frankycpp_v1.4.exe,"boost::serialization::singleton<boost::archive::detail::iserializer<boost::archive::binary_iarchive,Move> >::get_const_instance",singleton.hpp,0x14026db26
"boost::serialization::singleton<boost::archive::detail::iserializer<boost::archive::binary_iarchive,std::pair<unsigned __int64 const ,BookEntry> > >::get_const_instance",0.0,0.0,0.0,0.0,0.0,0.0,0.0,0.0,0.0,0.0,0.0,0.0,1100033,0,0,frankycpp_v1.4.exe,"boost::serialization::singleton<boost::archive::detail::iserializer<boost::archive::binary_iarchive,std::pair<unsigned __int64 const ,BookEntry> > >::get_const_instance",singleton.hpp,0x140262ea6
"boost::serialization::singleton<class boost::archive::detail::iserializer<class boost::archive::binary_iarchive,class BookEntry> >::get_instance",0.0,0.0,0.0,0.0,0.0,0.0,0.0,0.0,0.0,0.0,0.0,0.0,5500165,0,0,frankycpp_v1.4.exe,"boost::serialization::singleton<class boost::archive::detail::iserializer<class boost::archive::binary_iarchive,class BookEntry> >::get_instance(void)",singleton.hpp,0x140267090
"boost::serialization::singleton<class boost::archive::detail::iserializer<class boost::archive::binary_iarchive,class std::vector<class Move,class std::allocator<class Move> > > >::get_instance",0.0,0.0,0.0,0.0,0.0,0.0,0.0,0.0,0.0,0.0,0.0,0.0,1100033,3300099,0,frankycpp_v1.4.exe,"boost::serialization::singleton<class boost::archive::detail::iserializer<class boost::archive::binary_iarchive,class std::vector<class Move,class std::allocator<class Move> > > >::get_instance(void)",singleton.hpp,0x14026a590
"boost::serialization::singleton<class boost::archive::detail::iserializer<class boost::archive::binary_iarchive,struct std::pair<unsigned __int64 const ,class BookEntry> > >::get_instance",0.0,0.0,0.0,0.0,0.0,0.0,0.0,0.0,0.0,0.0,0.0,0.0,1100033,0,0,frankycpp_v1.4.exe,"boost::serialization::singleton<class boost::archive::detail::iserializer<class boost::archive::binary_iarchive,struct std::pair<unsigned __int64 const ,class BookEntry> > >::get_instance(void)",singleton.hpp,0x140264c20
"boost::serialization::smart_cast_reference<boost::archive::binary_iarchive &,boost::archive::detail::basic_iarchive>",0.0,0.0,0.0,0.0,0.0,0.0,0.0,0.0,0.0,0.0,0.0,0.0,3300099,0,0,frankycpp_v1.4.exe,"boost::serialization::smart_cast_reference<boost::archive::binary_iarchive &,boost::archive::detail::basic_iarchive>(class boost::archive::detail::basic_iarchive & const)",smart_cast.hpp,0x140260130
"boost::serialization::stl::collection_load_impl<class boost::archive::binary_iarchive,class std::vector<class Move,class std::allocator<class Move> > >",0.0,0.0,0.0,0.0,0.0,0.0,0.0,0.0,0.0,0.0,0.0,0.0,8800264,0,0,frankycpp_v1.4.exe,"boost::serialization::stl::collection_load_impl<class boost::archive::binary_iarchive,class std::vector<class Move,class std::allocator<class Move> > >(class boost::archive::binary_iarchive &,class std::vector<class Move,class std::allocator<class Move> > &,class boost::serialization::collection_size_type,class boost::serialization::item_version_type)",collections_load_imp.hpp,0x14026c210
encode,0.0,0.0,0.0,0.0,0.0,0.0,0.0,0.0,0.0,0.0,0.0,0.0,1100033,2200066,0,frankycpp_v1.4.exe,encode,tbprobe.c,0x14027cb00
func@0x140002053,0.0,0.0,0.0,0.0,0.0,0.0,0.0,0.0,0.0,0.0,0.0,0.0,1100033,0,0,usbpcap.sys,func@0x140002053,[Unknown],0x140002053
func@0x140002070,0.0,0.0,0.0,0.0,0.0,0.0,0.0,0.0,0.0,0.0,0.0,0.0,1100033,0,0,wdfilter.sys,func@0x140002070,[Unknown],0x140002070
func@0x1400055f0,0.0,0.0,0.0,0.0,0.0,0.0,0.0,0.0,0.0,0.0,0.0,0.0,1100033,0,0,ntfs.sys,func@0x1400055f0,[Unknown],0x1400055f0
func@0x1400057f0,0.0,0.0,0.0,0.0,0.0,0.0,0.0,0.0,0.0,0.0,0.0,0.0,0,1100033,0,wpprecorder.sys,func@0x1400057f0,[Unknown],0x1400057f0
func@0x140005900,0.0,0.0,0.0,0.0,0.0,0.0,0.0,0.0,0.0,0.0,0.0,0.0,0,1100033,0,wpprecorder.sys,func@0x140005900,[Unknown],0x140005900
func@0x140006a79,0.0,0.0,0.0,0.0,0.0,0.0,0.0,0.0,0.0,0.0,0.0,0.0,1100033,0,0,dxgmms2.sys,func@0x140006a79,[Unknown],0x140006a79
func@0x1400079e0,0.0,0.0,0.0,0.0,0.0,100.0,0.0,0.0,0.0,0.0,0.0,0.0,0,0,0,dxgmms2.sys,func@0x1400079e0,[Unknown],0x1400079e0
func@0x140008728,0.0,0.0,0.0,0.0,0.0,0.0,0.0,0.0,0.0,0.0,0.0,0.0,1100033,0,0,executioncontext.sys,func@0x140008728,[Unknown],0x140008728
func@0x140009afc,0.0,0.0,0.0,0.0,0.0,0.0,0.0,0.0,0.0,0.0,0.0,0.0,0,1100033,0,dxgmms2.sys,func@0x140009afc,[Unknown],0x140009afc
func@0x14000ac00,0.0,0.0,0.0,0.0,0.0,0.0,0.0,0.0,0.0,0.0,0.0,0.0,0,1100033,0,ntfs.sys,func@0x14000ac00,[Unknown],0x14000ac00
func@0x14000cbf0,0.0,0.0,0.0,100.0,0.0,0.0,0.0,0.0,0.0,0.0,0.0,0.0,0,0,0,nvlddmkm.sys,func@0x14000cbf0,[Unknown],0x14000cbf0
func@0x14000d100,0.0,0.0,0.0,0.0,0.0,0.0,0.0,0.0,0.0,0.0,0.0,0.0,0,2200066,0,ntfs.sys,func@0x14000d100,[Unknown],0x14000d100
func@0x14000e4e0,0.0,0.0,0.0,0.0,0.0,0.0,0.0,0.0,0.0,0.0,0.0,0.0,1100033,0,0,dxgmms2.sys,func@0x14000e4e0,[Unknown],0x14000e4e0
func@0x14000f6e0,0.0,0.0,0.0,0.0,0.0,0.0,0.0,0.0,0.0,0.0,0.0,0.0,1100033,0,0,dxgmms2.sys,func@0x14000f6e0,[Unknown],0x14000f6e0
func@0x14001162e,0.0,0.0,0.0,0.0,0.0,0.0,0.0,0.0,0.0,0.0,0.0,0.0,1100033,0,0,usbxhci.sys,func@0x14001162e,[Unknown],0x14001162e
func@0x140013440,0.0,0.0,0.0,0.0,0.0,0.0,0.0,0.0,0.0,0.0,0.0,0.0,0,1100033,0,ntfs.sys,func@0x140013440,[Unknown],0x140013440
func@0x140017a20,0.0,0.0,0.0,0.0,0.0,0.0,0.0,0.0,0.0,0.0,0.0,0.0,1100033,0,0,ntfs.sys,func@0x140017a20,[Unknown],0x140017a20
func@0x1400193e0,0.0,0.0,0.0,0.0,0.0,0.0,0.0,0.0,0.0,0.0,0.0,0.0,1100033,0,0,nvlddmkm.sys,func@0x1400193e0,[Unknown],0x1400193e0
func@0x140019730,0.0,0.0,0.0,0.0,0.0,0.0,0.0,0.0,0.0,0.0,0.0,0.0,1100033,0,0,nvlddmkm.sys,func@0x140019730,[Unknown],0x140019730
func@0x14001aa50,0.0,0.0,0.0,0.0,0.0,0.0,0.0,0.0,0.0,0.0,0.0,0.0,0,1100033,0,usbxhci.sys,func@0x14001aa50,[Unknown],0x14001aa50
func@0x14001ba54,0.0,0.0,0.0,0.0,0.0,0.0,0.0,0.0,0.0,0.0,0.0,0.0,0,1100033,0,dxgmms2.sys,func@0x14001ba54,[Unknown],0x14001ba54
func@0x14001fe90,0.0,0.0,0.0,0.0,0.0,0.0,0.0,0.0,0.0,0.0,0.0,0.0,1100033,0,0,nvlddmkm.sys,func@0x14001fe90,[Unknown],0x14001fe90
func@0x140020a60,0.0,0.0,0.0,0.0,100.0,0.0,0.0,0.0,0.0,0.0,0.0,0.0,0,0,0,nvlddmkm.sys,func@0x140020a60,[Unknown],0x140020a60
func@0x140021c73,0.0,0.0,0.0,0.0,0.0,0.0,0.0,0.0,0.0,0.0,0.0,0.0,1100033,0,0,prjflt.sys,func@0x140021c73,[Unknown],0x140021c73
func@0x140025370,0.0,0.0,0.0,0.0,0.0,0.0,0.0,0.0,0.0,0.0,0.0,0.0,0,1100033,0,wdf01000.sys,func@0x140025370,[Unknown],0x140025370
func@0x1400276ac,0.0,0.0,0.0,0.0,0.0,0.0,0.0,0.0,0.0,0.0,0.0,0.0,1100033,0,0,dxgmms2.sys,func@0x1400276ac,[Unknown],0x1400276ac
func@0x140028980,0.0,0.0,0.0,100.0,0.0,0.0,0.0,0.0,0.0,0.0,0.0,0.0,0,1100033,0,dxgmms2.sys,func@0x140028980,[Unknown],0x140028980
func@0x14002ab90,0.0,0.0,0.0,0.0,0.0,0.0,0.0,0.0,0.0,0.0,0.0,0.0,1100033,0,0,dxgmms2.sys,func@0x14002ab90,[Unknown],0x14002ab90
func@0x14002c91c,0.0,0.0,0.0,0.0,0.0,0.0,0.0,0.0,0.0,0.0,0.0,0.0,1100033,0,0,dxgmms2.sys,func@0x14002c91c,[Unknown],0x14002c91c
func@0x14002db30,0.0,0.0,0.0,0.0,0.0,0.0,0.0,0.0,0.0,0.0,0.0,0.0,1100033,0,0,dxgkrnl.sys,func@0x14002db30,[Unknown],0x14002db30
func@0x140030b10,0.0,0.0,0.0,0.0,0.0,0.0,0.0,0.0,0.0,0.0,0.0,0.0,1100033,0,0,wdfilter.sys,func@0x140030b10,[Unknown],0x140030b10
func@0x140037060,0.0,0.0,0.0,0.0,0.0,0.0,0.0,0.0,0.0,0.0,0.0,0.0,1100033,0,0,wdfilter.sys,func@0x140037060,[Unknown],0x140037060
func@0x1400412a0,0.0,0.0,0.0,0.0,0.0,0.0,0.0,0.0,0.0,0.0,0.0,0.0,1100033,0,0,wdfilter.sys,func@0x1400412a0,[Unknown],0x1400412a0
func@0x140041e90,0.0,0.0,0.0,0.0,0.0,0.0,0.0,0.0,0.0,0.0,0.0,0.0,0,1100033,0,wdfilter.sys,func@0x140041e90,[Unknown],0x140041e90
func@0x1400421b0,0.0,0.0,0.0,0.0,0.0,0.0,0.0,0.0,0.0,0.0,0.0,0.0,1100033,0,0,wdfilter.sys,func@0x1400421b0,[Unknown],0x1400421b0
func@0x140046f30,0.0,0.0,0.0,0.0,0.0,100.0,0.0,0.0,0.0,0.0,0.0,0.0,0,0,0,dxgmms2.sys,func@0x140046f30,[Unknown],0x140046f30
func@0x140048b20,0.0,0.0,0.0,0.0,0.0,0.0,0.0,0.0,0.0,0.0,0.0,0.0,1100033,0,0,cldflt.sys,func@0x140048b20,[Unknown],0x140048b20
func@0x14004ecb0,0.0,0.0,0.0,0.0,0.0,0.0,0.0,0.0,0.0,0.0,0.0,0.0,1100033,0,0,cldflt.sys,func@0x14004ecb0,[Unknown],0x14004ecb0
func@0x1400535b0,0.0,0.0,100.0,0.0,0.0,0.0,0.0,0.0,0.0,0.0,0.0,0.0,0,0,0,wdf01000.sys,func@0x1400535b0,[Unknown],0x1400535b0
func@0x14005408c,0.0,0.0,,,,,0.0,0.0,0.0,0.0,0.0,0.0,1100033,0,0,dxgmms2.sys,func@0x14005408c,[Unknown],0x14005408c
func@0x14005cad0,0.0,0.0,0.0,0.0,0.0,0.0,0.0,0.0,0.0,0.0,0.0,0.0,1100033,0,0,wdfilter.sys,func@0x14005cad0,[Unknown],0x14005cad0
func@0x14005d0c0,0.0,0.0,0.0,0.0,0.0,0.0,0.0,0.0,0.0,0.0,0.0,0.0,0,1100033,0,wdfilter.sys,func@0x14005d0c0,[Unknown],0x14005d0c0
func@0x140067c00,0.0,0.0,0.0,100.0,0.0,0.0,0.0,0.0,0.0,0.0,0.0,0.0,0,0,0,e2fn.sys,func@0x140067c00,[Unknown],0x140067c00
func@0x140098890,0.0,0.0,0.0,0.0,0.0,0.0,0.0,0.0,0.0,0.0,0.0,0.0,1100033,1100033,0,nvlddmkm.sys,func@0x140098890,[Unknown],0x140098890
func@0x1400b080f,0.0,0.0,0.0,100.0,0.0,0.0,0.0,0.0,0.0,0.0,0.0,0.0,0,0,0,nvlddmkm.sys,func@0x1400b080f,[Unknown],0x1400b080f
func@0x1400f6f10,0.0,0.0,100.0,0.0,0.0,0.0,0.0,0.0,0.0,0.0,0.0,0.0,0,0,0,nvlddmkm.sys,func@0x1400f6f10,[Unknown],0x1400f6f10
func@0x1400f7030,0.0,0.0,0.0,0.0,0.0,0.0,0.0,0.0,0.0,0.0,0.0,0.0,1100033,0,0,nvlddmkm.sys,func@0x1400f7030,[Unknown],0x1400f7030
func@0x1400f9e70,0.0,0.0,0.0,0.0,0.0,0.0,0.0,0.0,0.0,0.0,0.0,0.0,1100033,0,0,nvlddmkm.sys,func@0x1400f9e70,[Unknown],0x1400f9e70
func@0x140112350,0.0,0.0,0.0,0.0,0.0,0.0,0.0,0.0,0.0,0.0,0.0,0.0,1100033,0,0,ntfs.sys,func@0x140112350,[Unknown],0x140112350
func@0x140113a60,0.0,0.0,0.0,0.0,100.0,0.0,0.0,0.0,0.0,0.0,0.0,0.0,1100033,1100033,0,nvlddmkm.sys,func@0x140113a60,[Unknown],0x140113a60
func@0x140113d10,0.0,0.0,0.0,0.0,0.0,0.0,0.0,0.0,0.0,0.0,0.0,0.0,3300099,1100033,0,nvlddmkm.sys,func@0x140113d10,[Unknown],0x140113d10
func@0x140114980,0.0,0.0,0.0,0.0,0.0,0.0,0.0,0.0,0.0,0.0,0.0,0.0,1100033,0,0,ntfs.sys,func@0x140114980,[Unknown],0x140114980
func@0x140114c90,0.0,0.0,0.0,0.0,0.0,0.0,0.0,0.0,0.0,0.0,0.0,0.0,3300099,0,0,ntfs.sys,func@0x140114c90,[Unknown],0x140114c90
func@0x14011582f,0.0,0.0,0.0,0.0,0.0,0.0,0.0,0.0,0.0,0.0,0.0,0.0,1100033,1100033,0,ntfs.sys,func@0x14011582f,[Unknown],0x14011582f
func@0x140115d00,0.0,0.0,0.0,0.0,0.0,0.0,0.0,0.0,0.0,0.0,0.0,0.0,0,1100033,0,nvlddmkm.sys,func@0x140115d00,[Unknown],0x140115d00
func@0x140116090,0.0,0.0,0.0,0.0,0.0,0.0,0.0,0.0,0.0,0.0,0.0,0.0,0,1100033,0,ntfs.sys,func@0x140116090,[Unknown],0x140116090
func@0x140117ae0,0.0,0.0,0.0,0.0,,,0.0,0.0,0.0,0.0,0.0,0.0,0,1100033,0,nvlddmkm.sys,func@0x140117ae0,[Unknown],0x140117ae0
func@0x1401183c0,0.0,0.0,0.0,0.0,0.0,0.0,0.0,0.0,0.0,0.0,0.0,0.0,1100033,1100033,0,nvlddmkm.sys,func@0x1401183c0,[Unknown],0x1401183c0
func@0x1401184e0,0.0,0.0,0.0,0.0,0.0,0.0,0.0,0.0,0.0,0.0,0.0,0.0,0,1100033,0,nvlddmkm.sys,func@0x1401184e0,[Unknown],0x1401184e0
func@0x140118a80,0.0,0.0,0.0,0.0,0.0,100.0,0.0,0.0,0.0,0.0,0.0,0.0,0,0,0,nvlddmkm.sys,func@0x140118a80,[Unknown],0x140118a80
func@0x140119880,0.0,0.0,0.0,0.0,0.0,0.0,0.0,0.0,0.0,0.0,0.0,0.0,2200066,0,0,nvlddmkm.sys,func@0x140119880,[Unknown],0x140119880
func@0x140125e80,0.0,0.0,0.0,0.0,0.0,0.0,0.0,0.0,0.0,0.0,0.0,0.0,0,1100033,0,ntfs.sys,func@0x140125e80,[Unknown],0x140125e80
func@0x1401284a0,0.0,0.0,0.0,0.0,0.0,0.0,0.0,0.0,0.0,0.0,0.0,0.0,0,1100033,0,ntfs.sys,func@0x1401284a0,[Unknown],0x1401284a0
func@0x14012c5a0,0.0,0.0,0.0,0.0,,,0.0,0.0,0.0,0.0,0.0,0.0,1100033,0,0,ntfs.sys,func@0x14012c5a0,[Unknown],0x14012c5a0
func@0x14012c8f5,0.0,0.0,,0.0,0.0,0.0,0.0,0.0,0.0,0.0,0.0,0.0,0,2200066,0,ntfs.sys,func@0x14012c8f5,[Unknown],0x14012c8f5
func@0x1401411d0,0.0,0.0,0.0,0.0,0.0,0.0,0.0,0.0,0.0,0.0,0.0,0.0,1100033,0,0,nvlddmkm.sys,func@0x1401411d0,[Unknown],0x1401411d0
func@0x140141d90,0.0,0.0,0.0,0.0,0.0,0.0,0.0,0.0,0.0,0.0,0.0,0.0,1100033,1100033,0,nvlddmkm.sys,func@0x140141d90,[Unknown],0x140141d90
func@0x14014c2c0,0.0,0.0,0.0,0.0,0.0,0.0,0.0,0.0,0.0,0.0,0.0,0.0,1100033,0,0,ntfs.sys,func@0x14014c2c0,[Unknown],0x14014c2c0
func@0x14014cfc0,0.0,0.0,0.0,0.0,0.0,0.0,0.0,0.0,0.0,0.0,0.0,0.0,1100033,0,0,ntfs.sys,func@0x14014cfc0,[Unknown],0x14014cfc0
func@0x140162d80,0.0,0.0,0.0,0.0,0.0,0.0,0.0,0.0,0.0,0.0,0.0,0.0,0,1100033,0,nvlddmkm.sys,func@0x140162d80,[Unknown],0x140162d80
func@0x1401659b0,0.0,0.0,0.0,0.0,100.0,0.0,0.0,0.0,0.0,0.0,0.0,0.0,0,0,0,nvlddmkm.sys,func@0x1401659b0,[Unknown],0x1401659b0
func@0x140165ba0,0.0,0.0,0.0,0.0,0.0,0.0,0.0,0.0,0.0,0.0,0.0,0.0,1100033,0,0,nvlddmkm.sys,func@0x140165ba0,[Unknown],0x140165ba0
func@0x140172430,0.0,0.0,0.0,100.0,0.0,0.0,0.0,0.0,0.0,0.0,0.0,0.0,0,0,0,ntfs.sys,func@0x140172430,[Unknown],0x140172430
func@0x140173ee0,0.0,0.0,0.0,0.0,0.0,0.0,0.0,0.0,0.0,0.0,0.0,0.0,0,2200066,0,ntfs.sys,func@0x140173ee0,[Unknown],0x140173ee0
func@0x1401760e3,0.0,0.0,0.0,0.0,0.0,0.0,0.0,0.0,0.0,0.0,0.0,0.0,0,1100033,0,ntfs.sys,func@0x1401760e3,[Unknown],0x1401760e3
func@0x140191b30,0.0,0.0,0.0,0.0,0.0,0.0,0.0,0.0,0.0,0.0,0.0,0.0,0,1100033,0,ntfs.sys,func@0x140191b30,[Unknown],0x140191b30
func@0x1401ad180,0.0,0.0,0.0,0.0,0.0,0.0,0.0,0.0,0.0,0.0,0.0,0.0,1100033,0,0,nvlddmkm.sys,func@0x1401ad180,[Unknown],0x1401ad180
func@0x1401af030,0.0,0.0,0.0,0.0,0.0,0.0,0.0,0.0,0.0,0.0,0.0,0.0,1100033,0,0,nvlddmkm.sys,func@0x1401af030,[Unknown],0x1401af030
func@0x1401bb752,0.0,0.0,0.0,0.0,0.0,0.0,0.0,0.0,0.0,0.0,0.0,0.0,2200066,0,0,ntfs.sys,func@0x1401bb752,[Unknown],0x1401bb752
func@0x14020b210,0.0,0.0,0.0,0.0,0.0,0.0,0.0,0.0,0.0,0.0,0.0,0.0,1100033,0,0,ntoskrnl.exe,func@0x14020b210,[Unknown],0x14020b210
func@0x140210920,0.0,0.0,0.0,0.0,0.0,0.0,0.0,0.0,0.0,0.0,0.0,0.0,3300099,1100033,0,ntoskrnl.exe,func@0x140210920,[Unknown],0x140210920
func@0x140211da0,0.0,0.0,0.0,0.0,0.0,0.0,0.0,,0.0,0.0,0.0,0.0,400012,0,0,ntoskrnl.exe,func@0x140211da0,[Unknown],0x140211da0
func@0x140215518,0.0,0.0,0.0,0.0,0.0,0.0,0.0,0.0,0.0,0.0,0.0,0.0,0,1100033,0,ntoskrnl.exe,func@0x140215518,[Unknown],0x140215518
func@0x1402157f0,0.0,0.0,0.0,0.0,0.0,100.0,0.0,0.0,0.0,0.0,0.0,0.0,0,0,0,ntoskrnl.exe,func@0x1402157f0,[Unknown],0x1402157f0
func@0x140216c10,0.0,0.0,0.0,0.0,0.0,0.0,0.0,0.0,0.0,0.0,0.0,0.0,2200066,0,0,ntoskrnl.exe,func@0x140216c10,[Unknown],0x140216c10
func@0x14021739e,0.0,0.0,0.0,0.0,0.0,0.0,0.0,0.0,0.0,0.0,0.0,0.0,1100033,0,0,ntoskrnl.exe,func@0x14021739e,[Unknown],0x14021739e
func@0x140218b18,0.0,0.0,0.0,0.0,0.0,0.0,0.0,0.0,0.0,0.0,0.0,0.0,1100033,0,0,ntoskrnl.exe,func@0x140218b18,[Unknown],0x140218b18
func@0x140223450,0.0,0.0,0.0,0.0,0.0,0.0,0.0,0.0,0.0,0.0,0.0,0.0,0,1100033,0,ntoskrnl.exe,func@0x140223450,[Unknown],0x140223450
func@0x140224770,0.0,0.0,,,0.0,0.0,0.0,0.0,0.0,0.0,0.0,0.0,0,1100033,0,ntoskrnl.exe,func@0x140224770,[Unknown],0x140224770
func@0x14022bfd0,0.0,0.0,0.0,0.0,0.0,100.0,0.0,0.0,0.0,0.0,0.0,0.0,0,1100033,0,ntoskrnl.exe,func@0x14022bfd0,[Unknown],0x14022bfd0
func@0x14022c1f3,0.0,0.0,0.0,0.0,0.0,0.0,0.0,0.0,0.0,0.0,0.0,0.0,1100033,0,0,ntoskrnl.exe,func@0x14022c1f3,[Unknown],0x14022c1f3
func@0x140232450,0.0,0.0,0.0,0.0,0.0,0.0,0.0,0.0,0.0,0.0,0.0,0.0,1100033,0,0,ntoskrnl.exe,func@0x140232450,[Unknown],0x140232450
func@0x140232c20,0.0,0.0,0.0,0.0,0.0,0.0,0.0,0.0,0.0,0.0,0.0,0.0,1500045,0,0,ntoskrnl.exe,func@0x140232c20,[Unknown],0x140232c20
func@0x140232e9a,0.0,0.0,0.0,0.0,0.0,0.0,0.0,0.0,0.0,0.0,0.0,0.0,0,1100033,0,ntoskrnl.exe,func@0x140232e9a,[Unknown],0x140232e9a
func@0x1402333e0,0.0,0.0,0.0,0.0,0.0,0.0,0.0,0.0,0.0,0.0,0.0,0.0,0,2200066,0,ntoskrnl.exe,func@0x1402333e0,[Unknown],0x1402333e0
func@0x1402340bf,0.0,0.0,0.0,0.0,0.0,0.0,0.0,0.0,0.0,0.0,0.0,0.0,1100033,0,0,ntoskrnl.exe,func@0x1402340bf,[Unknown],0x1402340bf
func@0x140235070,0.0,0.0,0.0,0.0,0.0,0.0,0.0,0.0,0.0,0.0,0.0,0.0,2200066,1100033,0,ntoskrnl.exe,func@0x140235070,[Unknown],0x140235070
func@0x140236487,0.0,0.0,0.0,0.0,0.0,0.0,0.0,0.0,0.0,0.0,0.0,0.0,1100033,0,0,ntoskrnl.exe,func@0x140236487,[Unknown],0x140236487
func@0x140244a30,0.0,0.0,0.0,0.0,0.0,0.0,0.0,0.0,0.0,0.0,0.0,0.0,1100033,0,0,ntoskrnl.exe,func@0x140244a30,[Unknown],0x140244a30
func@0x140246000,0.0,0.0,0.0,0.0,0.0,100.0,0.0,,0.0,,,,400012,0,0,ntoskrnl.exe,func@0x140246000,[Unknown],0x140246000
func@0x140246f0c,0.0,0.0,0.0,0.0,0.0,0.0,0.0,0.0,0.0,0.0,0.0,0.0,1100033,1100033,0,ntoskrnl.exe,func@0x140246f0c,[Unknown],0x140246f0c
func@0x14024724c,0.0,0.0,0.0,0.0,0.0,0.0,0.0,0.0,0.0,0.0,0.0,0.0,400012,0,0,ntoskrnl.exe,func@0x14024724c,[Unknown],0x14024724c
func@0x140247c60,0.0,0.0,0.0,100.0,0.0,0.0,0.0,0.0,0.0,0.0,0.0,0.0,4800144,0,0,ntoskrnl.exe,func@0x140247c60,[Unknown],0x140247c60
func@0x140247f70,0.0,0.0,0.0,,,0.0,0.0,0.0,0.0,0.0,0.0,0.0,0,1100033,0,ntoskrnl.exe,func@0x140247f70,[Unknown],0x140247f70
func@0x140248690,0.0,0.0,0.0,0.0,0.0,0.0,0.0,0.0,0.0,0.0,0.0,0.0,0,1500045,0,ntoskrnl.exe,func@0x140248690,[Unknown],0x140248690
func@0x14024da08,0.0,0.0,0.0,0.0,0.0,0.0,0.0,0.0,0.0,0.0,0.0,0.0,1100033,0,0,ntoskrnl.exe,func@0x14024da08,[Unknown],0x14024da08
func@0x14024f9b0,0.0,0.0,0.0,0.0,0.0,0.0,0.0,,0.0,0.0,0.0,,0,1100033,0,ntoskrnl.exe,func@0x14024f9b0,[Unknown],0x14024f9b0
func@0x140256c00,0.0,0.0,0.0,0.0,0.0,0.0,0.0,0.0,0.0,0.0,0.0,0.0,0,1100033,0,ntoskrnl.exe,func@0x140256c00,[Unknown],0x140256c00
func@0x1402595e0,0.0,0.0,,,,,0.0,0.0,0.0,0.0,0.0,0.0,2200066,0,0,nvlddmkm.sys,func@0x1402595e0,[Unknown],0x1402595e0
func@0x14025a500,0.0,0.0,0.0,0.0,0.0,0.0,0.0,0.0,0.0,0.0,0.0,0.0,1100033,1100033,0,nvlddmkm.sys,func@0x14025a500,[Unknown],0x14025a500
func@0x140266180,0.0,0.0,0.0,0.0,0.0,0.0,0.0,0.0,0.0,0.0,0.0,0.0,0,1100033,0,ntfs.sys,func@0x140266180,[Unknown],0x140266180
func@0x140269710,0.0,0.0,0.0,0.0,0.0,0.0,0.0,0.0,0.0,0.0,0.0,0.0,1100033,0,0,nvlddmkm.sys,func@0x140269710,[Unknown],0x140269710
func@0x140274ae0,0.0,0.0,0.0,0.0,0.0,0.0,0.0,0.0,0.0,0.0,0.0,0.0,1100033,0,0,ntoskrnl.exe,func@0x140274ae0,[Unknown],0x140274ae0
func@0x140278160,0.0,0.0,0.0,0.0,0.0,0.0,0.0,0.0,0.0,,,,0,1900057,0,ntoskrnl.exe,func@0x140278160,[Unknown],0x140278160
func@0x14027a590,0.0,,0.0,0.0,0.0,0.0,0.0,0.0,0.0,0.0,0.0,0.0,0,2200066,0,ntoskrnl.exe,func@0x14027a590,[Unknown],0x14027a590
func@0x14027a888,0.0,0.0,0.0,0.0,0.0,0.0,0.0,0.0,0.0,0.0,0.0,0.0,1100033,1100033,0,ntoskrnl.exe,func@0x14027a888,[Unknown],0x14027a888
func@0x14027b230,0.0,0.0,0.0,0.0,0.0,0.0,0.0,0.0,0.0,,0.0,0.0,1100033,2200066,0,ntoskrnl.exe,func@0x14027b230,[Unknown],0x14027b230
func@0x14028151d,0.0,0.0,0.0,0.0,0.0,0.0,0.0,0.0,0.0,0.0,0.0,0.0,1100033,0,0,ntoskrnl.exe,func@0x14028151d,[Unknown],0x14028151d
func@0x140281e6b,0.0,0.0,0.0,0.0,0.0,0.0,0.0,0.0,0.0,0.0,0.0,0.0,1100033,0,0,ntoskrnl.exe,func@0x140281e6b,[Unknown],0x140281e6b
func@0x14028ab10,0.0,0.0,0.0,0.0,0.0,0.0,0.0,0.0,0.0,0.0,0.0,0.0,0,1100033,0,nvlddmkm.sys,func@0x14028ab10,[Unknown],0x14028ab10
func@0x14028b170,0.0,0.0,0.0,0.0,0.0,0.0,0.0,0.0,0.0,0.0,0.0,0.0,3300099,1100033,0,nvlddmkm.sys,func@0x14028b170,[Unknown],0x14028b170
func@0x1402900f0,0.0,0.0,0.0,0.0,0.0,0.0,0.0,0.0,0.0,0.0,0.0,0.0,0,1100033,0,ntoskrnl.exe,func@0x1402900f0,[Unknown],0x1402900f0
func@0x140294910,0.0,0.0,0.0,0.0,0.0,0.0,0.0,0.0,0.0,0.0,0.0,0.0,1100033,0,0,ntoskrnl.exe,func@0x140294910,[Unknown],0x140294910
func@0x140295b06,0.0,0.0,0.0,91.8,0.0,0.0,0.0,0.0,0.0,0.0,0.0,0.0,2200066,0,0,ntoskrnl.exe,func@0x140295b06,[Unknown],0x140295b06
func@0x140297300,0.0,0.0,0.0,0.0,0.0,0.0,0.0,0.0,0.0,0.0,0.0,0.0,1100033,1100033,0,ntoskrnl.exe,func@0x140297300,[Unknown],0x140297300
func@0x1402a42a0,0.0,0.0,0.0,0.0,0.0,0.0,0.0,0.0,0.0,0.0,0.0,0.0,1100033,0,0,ntoskrnl.exe,func@0x1402a42a0,[Unknown],0x1402a42a0
func@0x1402a43ca,0.0,0.0,0.0,0.0,0.0,0.0,0.0,0.0,0.0,0.0,0.0,0.0,1100033,0,0,ntoskrnl.exe,func@0x1402a43ca,[Unknown],0x1402a43ca
func@0x1402a97f0,0.0,0.0,0.0,0.0,0.0,0.0,0.0,0.0,0.0,0.0,0.0,0.0,0,1100033,0,ntoskrnl.exe,func@0x1402a97f0,[Unknown],0x1402a97f0
func@0x1402b18f0,0.0,0.0,0.0,0.0,0.0,0.0,0.0,0.0,0.0,0.0,0.0,0.0,0,1100033,0,ntoskrnl.exe,func@0x1402b18f0,[Unknown],0x1402b18f0
func@0x1402b7070,0.0,100.0,0.0,0.0,0.0,0.0,0.0,0.0,0.0,0.0,0.0,0.0,2200066,0,0,ntoskrnl.exe,func@0x1402b7070,[Unknown],0x1402b7070
func@0x1402ba110,0.0,0.0,0.0,0.0,0.0,100.0,0.0,0.0,0.0,0.0,0.0,0.0,0,0,0,ntoskrnl.exe,func@0x1402ba110,[Unknown],0x1402ba110
func@0x1402bb710,0.0,0.0,0.0,0.0,0.0,0.0,0.0,0.0,0.0,0.0,0.0,0.0,400012,0,0,ntoskrnl.exe,func@0x1402bb710,[Unknown],0x1402bb710
func@0x1402ce839,0.0,0.0,0.0,100.0,0.0,0.0,0.0,0.0,0.0,0.0,0.0,0.0,0,0,0,ntoskrnl.exe,func@0x1402ce839,[Unknown],0x1402ce839
func@0x1402defb6,0.0,0.0,0.0,0.0,100.0,0.0,0.0,0.0,0.0,0.0,0.0,0.0,0,0,0,ntoskrnl.exe,func@0x1402defb6,[Unknown],0x1402defb6
func@0x1402e1ba0,0.0,0.0,0.0,0.0,0.0,0.0,0.0,0.0,0.0,0.0,0.0,0.0,1100033,0,0,ntoskrnl.exe,func@0x1402e1ba0,[Unknown],0x1402e1ba0
func@0x1402e83b3,0.0,0.0,0.0,0.0,0.0,0.0,0.0,0.0,0.0,0.0,0.0,0.0,1100033,0,0,ntoskrnl.exe,func@0x1402e83b3,[Unknown],0x1402e83b3
func@0x1402e9c23,0.0,0.0,0.0,0.0,0.0,0.0,0.0,0.0,0.0,0.0,0.0,0.0,3300099,1100033,0,ntoskrnl.exe,func@0x1402e9c23,[Unknown],0x1402e9c23
func@0x1402f0580,0.0,0.0,0.0,0.0,0.0,0.0,0.0,0.0,0.0,0.0,0.0,0.0,0,1100033,0,ntoskrnl.exe,func@0x1402f0580,[Unknown],0x1402f0580
func@0x1403006b3,0.0,0.0,0.0,0.0,0.0,0.0,0.0,0.0,0.0,0.0,0.0,0.0,1100033,0,0,ntoskrnl.exe,func@0x1403006b3,[Unknown],0x1403006b3
func@0x140301350,0.0,0.0,0.0,0.0,0.0,0.0,0.0,0.0,0.0,0.0,0.0,0.0,1100033,1100033,0,nvlddmkm.sys,func@0x140301350,[Unknown],0x140301350
func@0x1403066f0,0.0,0.0,0.0,0.0,0.0,0.0,0.0,0.0,0.0,0.0,0.0,0.0,1100033,0,0,nvlddmkm.sys,func@0x1403066f0,[Unknown],0x1403066f0
func@0x140306730,0.0,0.0,0.0,0.0,100.0,0.0,0.0,0.0,0.0,0.0,0.0,0.0,1100033,0,0,ntoskrnl.exe,func@0x140306730,[Unknown],0x140306730
func@0x14030e5e4,0.0,0.0,0.0,0.0,0.0,0.0,0.0,0.0,0.0,0.0,0.0,0.0,1100033,0,0,ntoskrnl.exe,func@0x14030e5e4,[Unknown],0x14030e5e4
func@0x14030fab2,0.0,0.0,0.0,0.0,0.0,0.0,0.0,,0.0,,,,400012,0,0,ntoskrnl.exe,func@0x14030fab2,[Unknown],0x14030fab2
func@0x140313da0,0.0,0.0,0.0,0.0,0.0,0.0,0.0,0.0,0.0,,0.0,0.0,400012,0,0,ntoskrnl.exe,func@0x140313da0,[Unknown],0x140313da0
func@0x140321bd0,0.0,0.0,0.0,0.0,0.0,0.0,0.0,0.0,0.0,0.0,0.0,0.0,2200066,0,0,ntoskrnl.exe,func@0x140321bd0,[Unknown],0x140321bd0
func@0x1403224d0,0.0,0.0,100.0,0.0,100.0,0.0,0.0,0.0,0.0,0.0,0.0,0.0,0,0,0,ntoskrnl.exe,func@0x1403224d0,[Unknown],0x1403224d0
func@0x140323210,0.0,0.0,100.0,0.0,0.0,0.0,0.0,0.0,0.0,0.0,0.0,0.0,0,0,0,ntoskrnl.exe,func@0x140323210,[Unknown],0x140323210
func@0x14032ac60,0.0,0.0,0.0,0.0,0.0,0.0,0.0,0.0,0.0,0.0,0.0,0.0,2200066,0,0,ntoskrnl.exe,func@0x14032ac60,[Unknown],0x14032ac60
func@0x14032f1dd,0.0,0.0,0.0,0.0,100.0,0.0,0.0,0.0,0.0,0.0,0.0,0.0,0,0,0,ntoskrnl.exe,func@0x14032f1dd,[Unknown],0x14032f1dd
func@0x14032fb30,0.0,0.0,0.0,0.0,0.0,0.0,0.0,0.0,0.0,0.0,0.0,0.0,1100033,0,0,ntoskrnl.exe,func@0x14032fb30,[Unknown],0x14032fb30
func@0x1403311d0,0.0,0.0,0.0,100.0,0.0,100.0,0.0,0.0,0.0,0.0,0.0,0.0,1100033,0,0,ntoskrnl.exe,func@0x1403311d0,[Unknown],0x1403311d0
func@0x140351095,0.0,0.0,0.0,0.0,0.0,0.0,0.0,0.0,0.0,0.0,0.0,0.0,1100033,0,0,ntoskrnl.exe,func@0x140351095,[Unknown],0x140351095
func@0x140359bc0,0.0,0.0,0.0,0.0,0.0,0.0,0.0,0.0,0.0,0.0,0.0,0.0,1100033,0,0,ntoskrnl.exe,func@0x140359bc0,[Unknown],0x140359bc0
func@0x14035c4bc,0.0,0.0,0.0,0.0,0.0,0.0,0.0,0.0,0.0,0.0,0.0,0.0,0,1100033,0,ntoskrnl.exe,func@0x14035c4bc,[Unknown],0x14035c4bc
func@0x140365370,0.0,0.0,0.0,0.0,0.0,0.0,0.0,0.0,0.0,,,,0,400012,0,ntoskrnl.exe,func@0x140365370,[Unknown],0x140365370
func@0x140365660,0.0,0.0,0.0,0.0,0.0,0.0,0.0,0.0,0.0,0.0,0.0,0.0,0,1100033,0,ntoskrnl.exe,func@0x140365660,[Unknown],0x140365660
func@0x1403665a0,0.0,0.0,0.0,0.0,0.0,0.0,0.0,0.0,0.0,0.0,0.0,6.7,1100033,0,0,ntoskrnl.exe,func@0x1403665a0,[Unknown],0x1403665a0
func@0x1403676d8,0.0,0.0,0.0,0.0,0.0,0.0,0.0,0.0,0.0,,,,1500045,1500045,0,ntoskrnl.exe,func@0x1403676d8,[Unknown],0x1403676d8
func@0x14036e610,0.0,0.0,0.0,0.0,0.0,0.0,0.0,0.0,0.0,0.0,0.0,0.0,1100033,1100033,0,ntoskrnl.exe,func@0x14036e610,[Unknown],0x14036e610
func@0x1403aeca4,0.0,0.0,0.0,0.0,0.0,0.0,0.0,,0.0,26.7,26.7,0.0,0,0,0,ntoskrnl.exe,func@0x1403aeca4,[Unknown],0x1403aeca4
func@0x1403bbe80,0.0,0.0,0.0,0.0,0.0,100.0,0.0,0.0,0.0,0.0,0.0,0.0,0,0,0,nvlddmkm.sys,func@0x1403bbe80,[Unknown],0x1403bbe80
func@0x1403bd9a2,0.0,0.0,0.0,0.0,0.0,0.0,0.0,0.0,0.0,,,,1100033,0,0,ntoskrnl.exe,func@0x1403bd9a2,[Unknown],0x1403bd9a2
func@0x1403be9f0,0.0,0.0,0.0,0.0,0.0,0.0,0.0,0.0,0.0,0.0,0.0,0.0,1100033,0,0,ntoskrnl.exe,func@0x1403be9f0,[Unknown],0x1403be9f0
func@0x1403c24e2,0.0,0.0,0.0,0.0,0.0,0.0,0.0,0.0,0.0,0.0,0.0,0.0,1100033,0,0,ntoskrnl.exe,func@0x1403c24e2,[Unknown],0x1403c24e2
func@0x1403dcf70,0.0,0.0,0.0,0.0,0.0,0.0,0.0,0.0,0.0,0.0,0.0,0.0,1100033,0,0,ntoskrnl.exe,func@0x1403dcf70,[Unknown],0x1403dcf70
func@0x1403ed850,0.0,0.0,0.0,0.0,0.0,0.0,0.0,0.0,0.0,0.0,0.0,0.0,1100033,0,0,ntoskrnl.exe,func@0x1403ed850,[Unknown],0x1403ed850
func@0x1403f7955,0.0,0.0,100.0,0.0,0.0,0.0,0.0,0.0,0.0,0.0,,0.0,0,0,0,ntoskrnl.exe,func@0x1403f7955,[Unknown],0x1403f7955
func@0x1404071c1,0.0,0.0,0.0,0.0,0.0,0.0,0.0,0.0,0.0,0.0,0.0,0.0,0,1100033,0,ntoskrnl.exe,func@0x1404071c1,[Unknown],0x1404071c1
func@0x1404120a0,0.0,0.0,0.0,0.0,0.0,0.0,0.0,0.0,0.0,0.0,0.0,0.0,0,1100033,0,ntoskrnl.exe,func@0x1404120a0,[Unknown],0x1404120a0
func@0x140412550,0.0,0.0,0.0,0.0,0.0,0.0,0.0,0.0,0.0,0.0,0.0,0.0,0,1100033,0,ntoskrnl.exe,func@0x140412550,[Unknown],0x140412550
func@0x140414040,0.0,0.0,0.0,0.0,0.0,0.0,0.0,0.0,0.0,0.0,0.0,0.0,1100033,0,0,ntoskrnl.exe,func@0x140414040,[Unknown],0x140414040
func@0x140424238,0.0,0.0,0.0,0.0,0.0,0.0,0.0,0.0,0.0,0.0,0.0,0.0,1100033,0,0,ntoskrnl.exe,func@0x140424238,[Unknown],0x140424238
func@0x14042c230,0.0,0.0,0.0,0.0,0.0,0.0,0.0,,0.0,0.0,0.0,0.0,0,1100033,0,ntoskrnl.exe,func@0x14042c230,[Unknown],0x14042c230
func@0x14042ceb0,0.0,0.0,0.0,0.0,0.0,0.0,0.0,0.0,0.0,0.0,0.0,0.0,0,1100033,0,ntoskrnl.exe,func@0x14042ceb0,[Unknown],0x14042ceb0
func@0x140448d30,0.0,0.0,0.0,0.0,100.0,0.0,0.0,0.0,0.0,,,,0,400012,0,ntoskrnl.exe,func@0x140448d30,[Unknown],0x140448d30
func@0x140464550,0.0,0.0,0.0,0.0,0.0,0.0,0.0,0.0,0.0,0.0,0.0,0.0,0,1100033,0,ntoskrnl.exe,func@0x140464550,[Unknown],0x140464550
func@0x14047cb77,0.0,0.0,0.0,0.0,0.0,0.0,0.0,0.0,0.0,0.0,0.0,0.0,0,400012,0,ntoskrnl.exe,func@0x14047cb77,[Unknown],0x14047cb77
func@0x140488910,0.0,0.0,0.0,0.0,0.0,0.0,0.0,0.0,0.0,0.0,0.0,0.0,1100033,0,0,nvlddmkm.sys,func@0x140488910,[Unknown],0x140488910
func@0x1404e6b90,0.0,0.0,0.0,0.0,0.0,0.0,0.0,0.0,0.0,0.0,0.0,0.0,1100033,0,0,ntoskrnl.exe,func@0x1404e6b90,[Unknown],0x1404e6b90
func@0x1404e9290,0.0,0.0,0.0,0.0,0.0,0.0,0.0,0.0,0.0,,,,0,1100033,0,ntoskrnl.exe,func@0x1404e9290,[Unknown],0x1404e9290
func@0x1404e9450,0.0,0.0,0.0,0.0,100.0,0.0,0.0,0.0,0.0,0.0,0.0,0.0,0,0,0,ntoskrnl.exe,func@0x1404e9450,[Unknown],0x1404e9450
func@0x1405e06b0,0.0,0.0,0.0,0.0,0.0,0.0,0.0,0.0,0.0,,,,1500045,0,0,ntoskrnl.exe,func@0x1405e06b0,[Unknown],0x1405e06b0
func@0x1406a52a0,0.0,0.0,0.0,0.0,0.0,0.0,0.0,0.0,0.0,,,,1100033,400012,0,ntoskrnl.exe,func@0x1406a52a0,[Unknown],0x1406a52a0
func@0x1406c0240,0.0,0.0,0.0,100.0,0.0,0.0,0.0,,0.0,,,,2600078,1500045,0,ntoskrnl.exe,func@0x1406c0240,[Unknown],0x1406c0240
func@0x1406ed2cf,0.0,0.0,0.0,0.0,0.0,100.0,0.0,0.0,0.0,0.0,0.0,0.0,0,0,0,nvlddmkm.sys,func@0x1406ed2cf,[Unknown],0x1406ed2cf
func@0x140849f13,0.0,0.0,0.0,0.0,0.0,0.0,0.0,0.0,0.0,0.0,0.0,0.0,0,1100033,0,ntoskrnl.exe,func@0x140849f13,[Unknown],0x140849f13
func@0x14084e040,0.0,0.0,0.0,0.0,0.0,0.0,0.0,0.0,0.0,0.0,0.0,0.0,1100033,0,0,ntoskrnl.exe,func@0x14084e040,[Unknown],0x14084e040
func@0x140863c30,0.0,0.0,0.0,0.0,0.0,0.0,0.0,0.0,0.0,0.0,0.0,0.0,1100033,0,0,ntoskrnl.exe,func@0x140863c30,[Unknown],0x140863c30
func@0x140863dca,0.0,0.0,0.0,0.0,0.0,0.0,0.0,0.0,0.0,0.0,0.0,0.0,1100033,0,0,ntoskrnl.exe,func@0x140863dca,[Unknown],0x140863dca
func@0x14089dd60,0.0,0.0,0.0,0.0,0.0,0.0,0.0,0.0,0.0,0.0,0.0,0.0,2200066,0,0,ntoskrnl.exe,func@0x14089dd60,[Unknown],0x14089dd60
func@0x1408aa430,0.0,0.0,0.0,0.0,0.0,0.0,0.0,0.0,0.0,0.0,0.0,0.0,1100033,0,0,nvlddmkm.sys,func@0x1408aa430,[Unknown],0x1408aa430
func@0x1408beb4d,0.0,0.0,0.0,0.0,0.0,0.0,0.0,0.0,0.0,0.0,0.0,0.0,0,1100033,0,ntoskrnl.exe,func@0x1408beb4d,[Unknown],0x1408beb4d
func@0x1408dca84,0.0,0.0,0.0,0.0,0.0,0.0,0.0,0.0,0.0,0.0,0.0,0.0,0,1500045,0,ntoskrnl.exe,func@0x1408dca84,[Unknown],0x1408dca84
func@0x1409403a0,0.0,0.0,0.0,0.0,0.0,0.0,0.0,0.0,0.0,0.0,0.0,0.0,1100033,0,0,ntoskrnl.exe,func@0x1409403a0,[Unknown],0x1409403a0
func@0x140a8c9af,0.0,0.0,0.0,0.0,0.0,0.0,0.0,0.0,0.0,0.0,0.0,0.0,0,1100033,0,nvlddmkm.sys,func@0x140a8c9af,[Unknown],0x140a8c9af
func@0x140b5513f,0.0,0.0,0.0,0.0,0.0,0.0,0.0,0.0,0.0,0.0,0.0,0.0,1100033,0,0,nvlddmkm.sys,func@0x140b5513f,[Unknown],0x140b5513f
func@0x140b55210,0.0,0.0,0.0,0.0,0.0,0.0,0.0,0.0,0.0,0.0,0.0,0.0,2200066,0,0,nvlddmkm.sys,func@0x140b55210,[Unknown],0x140b55210
func@0x140d3eb40,0.0,0.0,0.0,0.0,100.0,0.0,0.0,0.0,0.0,0.0,0.0,0.0,1100033,0,0,nvlddmkm.sys,func@0x140d3eb40,[Unknown],0x140d3eb40
func@0x140d91710,0.0,0.0,0.0,0.0,0.0,0.0,0.0,0.0,0.0,0.0,0.0,0.0,1100033,0,0,nvlddmkm.sys,func@0x140d91710,[Unknown],0x140d91710
func@0x140d9dc20,0.0,0.0,0.0,0.0,0.0,0.0,0.0,0.0,0.0,0.0,0.0,0.0,1100033,0,0,nvlddmkm.sys,func@0x140d9dc20,[Unknown],0x140d9dc20
func@0x140da2c40,0.0,,0.0,0.0,91.8,0.0,0.0,0.0,0.0,0.0,0.0,0.0,1100033,0,0,nvlddmkm.sys,func@0x140da2c40,[Unknown],0x140da2c40
func@0x140dba5f0,0.0,0.0,100.0,100.0,0.0,100.0,0.0,0.0,0.0,0.0,0.0,0.0,0,1100033,0,nvlddmkm.sys,func@0x140dba5f0,[Unknown],0x140dba5f0
func@0x140dc28e0,0.0,0.0,0.0,0.0,0.0,0.0,0.0,0.0,0.0,0.0,0.0,0.0,2200066,0,0,nvlddmkm.sys,func@0x140dc28e0,[Unknown],0x140dc28e0
func@0x140dc295f,0.0,0.0,0.0,0.0,100.0,0.0,0.0,0.0,0.0,0.0,0.0,0.0,6600198,0,550231,nvlddmkm.sys,func@0x140dc295f,[Unknown],0x140dc295f
func@0x140dc4a30,0.0,0.0,0.0,0.0,0.0,0.0,0.0,0.0,0.0,0.0,0.0,0.0,2200066,0,0,nvlddmkm.sys,func@0x140dc4a30,[Unknown],0x140dc4a30
func@0x140df3140,0.0,0.0,0.0,0.0,0.0,0.0,0.0,0.0,0.0,0.0,0.0,0.0,1100033,0,0,nvlddmkm.sys,func@0x140df3140,[Unknown],0x140df3140
func@0x140df7cb0,0.0,0.0,0.0,0.0,0.0,0.0,0.0,0.0,0.0,0.0,0.0,0.0,1100033,0,0,nvlddmkm.sys,func@0x140df7cb0,[Unknown],0x140df7cb0
func@0x140e02500,0.0,0.0,0.0,0.0,0.0,0.0,0.0,0.0,0.0,0.0,0.0,0.0,1100033,0,0,nvlddmkm.sys,func@0x140e02500,[Unknown],0x140e02500
func@0x140e0ccf0,0.0,0.0,0.0,0.0,0.0,0.0,0.0,0.0,0.0,0.0,0.0,0.0,0,1100033,0,nvlddmkm.sys,func@0x140e0ccf0,[Unknown],0x140e0ccf0
func@0x140e0fb60,0.0,0.0,,,0.0,0.0,0.0,0.0,0.0,0.0,0.0,0.0,2200066,0,0,nvlddmkm.sys,func@0x140e0fb60,[Unknown],0x140e0fb60
func@0x140e1bf50,0.0,0.0,0.0,100.0,0.0,0.0,0.0,0.0,0.0,0.0,0.0,0.0,1100033,0,0,nvlddmkm.sys,func@0x140e1bf50,[Unknown],0x140e1bf50
func@0x140e1c540,0.0,0.0,0.0,,,0.0,0.0,0.0,0.0,0.0,0.0,0.0,0,1100033,0,nvlddmkm.sys,func@0x140e1c540,[Unknown],0x140e1c540
func@0x140e1c850,0.0,0.0,0.0,0.0,0.0,0.0,0.0,0.0,0.0,0.0,0.0,0.0,1100033,0,0,nvlddmkm.sys,func@0x140e1c850,[Unknown],0x140e1c850
func@0x140e1e25c,0.0,0.0,0.0,0.0,0.0,0.0,0.0,0.0,0.0,0.0,0.0,0.0,0,1100033,0,nvlddmkm.sys,func@0x140e1e25c,[Unknown],0x140e1e25c
func@0x1800060f0,0.0,0.0,0.0,100.0,0.0,0.0,0.0,0.0,0.0,0.0,0.0,0.0,1100033,0,0,fltmgr.sys,func@0x1800060f0,[Unknown],0x1800060f0
func@0x180007dd6,0.0,0.0,0.0,0.0,0.0,0.0,0.0,0.0,0.0,0.0,0.0,0.0,0,1100033,0,fltmgr.sys,func@0x180007dd6,[Unknown],0x180007dd6
func@0x180008044,0.0,0.0,0.0,0.0,0.0,0.0,0.0,0.0,0.0,0.0,0.0,0.0,0,1100033,0,fltmgr.sys,func@0x180008044,[Unknown],0x180008044
func@0x180008b60,0.0,0.0,0.0,0.0,0.0,0.0,0.0,0.0,0.0,0.0,0.0,0.0,1100033,1100033,0,fltmgr.sys,func@0x180008b60,[Unknown],0x180008b60
func@0x18000d5d0,0.0,0.0,0.0,0.0,0.0,0.0,0.0,0.0,0.0,0.0,0.0,0.0,1100033,0,0,fltmgr.sys,func@0x18000d5d0,[Unknown],0x18000d5d0
func@0x18000d860,0.0,0.0,0.0,0.0,0.0,0.0,0.0,0.0,0.0,0.0,0.0,0.0,1100033,0,0,fltmgr.sys,func@0x18000d860,[Unknown],0x18000d860
func@0x18000dfa0,0.0,0.0,0.0,0.0,0.0,0.0,0.0,0.0,0.0,0.0,0.0,0.0,0,1100033,0,fltmgr.sys,func@0x18000dfa0,[Unknown],0x18000dfa0
func@0x18000e4e0,0.0,0.0,0.0,0.0,0.0,0.0,0.0,0.0,0.0,0.0,0.0,0.0,1100033,0,0,fltmgr.sys,func@0x18000e4e0,[Unknown],0x18000e4e0
func@0x18000e651,0.0,0.0,0.0,0.0,0.0,0.0,0.0,0.0,0.0,0.0,0.0,0.0,1100033,0,0,fltmgr.sys,func@0x18000e651,[Unknown],0x18000e651
func@0x18000f2c5,0.0,0.0,0.0,0.0,0.0,0.0,0.0,,0.0,0.0,0.0,0.0,1100033,0,0,fltmgr.sys,func@0x18000f2c5,[Unknown],0x18000f2c5
func@0x18000ff00,0.0,0.0,0.0,0.0,0.0,0.0,0.0,0.0,0.0,0.0,0.0,0.0,0,1100033,0,fltmgr.sys,func@0x18000ff00,[Unknown],0x18000ff00
func@0x180010a81,0.0,0.0,0.0,100.0,0.0,0.0,0.0,0.0,0.0,0.0,0.0,0.0,0,0,0,fltmgr.sys,func@0x180010a81,[Unknown],0x180010a81
func@0x180021190,0.0,0.0,0.0,0.0,0.0,0.0,0.0,0.0,0.0,0.0,0.0,0.0,0,1100033,0,advapi32.dll,func@0x180021190,[Unknown],0x180021190
func@0x180024840,0.0,0.0,0.0,0.0,0.0,0.0,0.0,0.0,0.0,0.0,0.0,0.0,1100033,0,0,fltmgr.sys,func@0x180024840,[Unknown],0x180024840
func@0x180024962,0.0,0.0,0.0,0.0,0.0,0.0,0.0,0.0,0.0,0.0,0.0,0.0,1100033,0,0,ntdll.dll,func@0x180024962,[Unknown],0x180024962
func@0x180041f70,0.0,0.0,0.0,0.0,0.0,0.0,0.0,0.0,0.0,0.0,0.0,0.0,0,1100033,0,ntdll.dll,func@0x180041f70,[Unknown],0x180041f70
func@0x18004ccb0,0.0,0.0,0.0,0.0,0.0,0.0,0.0,0.0,0.0,0.0,0.0,0.0,0,1100033,0,msvcp140.dll,func@0x18004ccb0,[Unknown],0x18004ccb0
func@0x180050970,0.0,0.0,0.0,0.0,0.0,0.0,0.0,0.0,0.0,0.0,0.0,0.0,1100033,0,0,ntdll.dll,func@0x180050970,[Unknown],0x180050970
func@0x180055e60,0.0,0.0,0.0,0.0,0.0,0.0,0.0,0.0,0.0,0.0,0.0,0.0,1100033,0,0,fltmgr.sys,func@0x180055e60,[Unknown],0x180055e60
func@0x1800578d0,0.0,0.0,0.0,0.0,0.0,0.0,0.0,0.0,0.0,0.0,0.0,0.0,0,1100033,0,fltmgr.sys,func@0x1800578d0,[Unknown],0x1800578d0
func@0x18005e020,0.0,0.0,0.0,0.0,0.0,0.0,0.0,0.0,0.0,0.0,0.0,0.0,0,1100033,0,fltmgr.sys,func@0x18005e020,[Unknown],0x18005e020
func@0x180074643,0.0,0.0,0.0,0.0,100.0,0.0,0.0,,0.0,,,,0,0,0,ntdll.dll,func@0x180074643,[Unknown],0x180074643
func@0x1800752c0,0.0,0.0,0.0,0.0,0.0,0.0,0.0,0.0,0.0,0.0,13.4,26.7,1100033,0,0,ntdll.dll,func@0x1800752c0,[Unknown],0x1800752c0
func@0x1800773cc,0.0,0.0,0.0,0.0,0.0,0.0,0.0,0.0,0.0,0.0,0.0,0.0,2200066,0,0,fltmgr.sys,func@0x1800773cc,[Unknown],0x1800773cc
func@0x180078db1,0.0,0.0,0.0,0.0,0.0,0.0,0.0,0.0,0.0,0.0,0.0,0.0,1100033,0,0,ntdll.dll,func@0x180078db1,[Unknown],0x180078db1
func@0x180165770,0.0,0.0,0.0,0.0,0.0,0.0,0.0,0.0,0.0,0.0,0.0,0.0,1100033,0,0,ntdll.dll,func@0x180165770,[Unknown],0x180165770
func@0x1c0001dc0,0.0,0.0,0.0,0.0,0.0,0.0,0.0,0.0,0.0,0.0,0.0,0.0,1100033,0,0,fileinfo.sys,func@0x1c0001dc0,[Unknown],0x1c0001dc0
func@0x1c000f8a0,0.0,0.0,0.0,0.0,0.0,0.0,0.0,0.0,0.0,0.0,0.0,0.0,2200066,0,0,filecrypt.sys,func@0x1c000f8a0,[Unknown],0x1c000f8a0
lock,0.0,0.0,0.0,0.0,0.0,0.0,0.0,0.0,0.0,0.0,0.0,0.0,0,1100033,0,msvcrt.dll,lock,[Unknown],0x18003f190
log,0.0,0.0,0.0,0.0,0.0,0.0,0.0,0.0,0.0,,,,15400462,0,0,ucrtbase.dll,log,[Unknown],0x1800a84b0
makePiece,0.0,0.0,0.0,0.0,0.0,0.0,0.0,0.0,0.0,0.0,0.0,0.0,1100033,0,0,frankycpp_v1.4.exe,makePiece,piece.h,0x1402390fb
makePiece,0.0,0.0,0.0,0.0,0.0,0.0,0.0,0.0,0.0,0.0,0.0,0.0,1100033,0,0,frankycpp_v1.4.exe,makePiece,piece.h,0x14023b1cd
malloc_base,0.0,0.0,0.0,0.0,0.0,0.0,0.0,0.0,0.0,0.0,0.0,0.0,5500165,0,0,ucrtbase.dll,malloc_base,[Unknown],0x180010100
operator&,0.0,0.0,0.0,0.0,0.0,0.0,0.0,0.0,0.0,,,,2200066,1100033,0,frankycpp_v1.4.exe,operator&,bitboard.h,0x1402413e4
operator&,0.0,0.0,0.0,0.0,0.0,0.0,0.0,0.0,0.0,0.0,0.0,0.0,1100033,0,0,frankycpp_v1.4.exe,operator&,bitboard.h,0x140239875
operator&,0.0,0.0,0.0,0.0,0.0,0.0,0.0,0.0,0.0,0.0,0.0,0.0,2200066,2200066,0,frankycpp_v1.4.exe,operator&,bitboard.h,0x140241413
operator&,0.0,0.0,0.0,0.0,0.0,0.0,0.0,0.0,0.0,,,,2200066,2200066,0,frankycpp_v1.4.exe,operator&,bitboard.h,0x14020a3ca
operator&,0.0,0.0,0.0,0.0,0.0,0.0,0.0,0.0,0.0,,,,4900147,4400132,0,frankycpp_v1.4.exe,operator&,bitboard.h,0x140239af1
operator&,0.0,0.0,0.0,0.0,0.0,0.0,0.0,0.0,0.0,0.0,0.0,0.0,3300099,0,0,frankycpp_v1.4.exe,operator&,bitboard.h,0x140209eff
operator&,0.0,0.0,0.0,0.0,0.0,0.0,0.0,0.0,0.0,0.0,0.0,0.0,800024,0,0,frankycpp_v1.4.exe,operator&,bitboard.h,0x1402779ae
operator&,0.0,0.0,0.0,0.0,0.0,0.0,0.0,0.0,0.0,,,,800024,0,0,frankycpp_v1.4.exe,operator&,bitboard.h,0x140245d72
operator&,0.0,0.0,0.0,0.0,0.0,0.0,0.0,0.0,0.0,0.0,0.0,0.0,1100033,1100033,0,frankycpp_v1.4.exe,operator&,bitboard.h,0x14024124a
operator&,0.0,0.0,0.0,0.0,0.0,0.0,0.0,0.0,0.0,0.0,0.0,0.0,0,1100033,0,frankycpp_v1.4.exe,operator&,bitboard.h,0x1402413bf
operator+,0.0,0.0,0.0,0.0,0.0,0.0,0.0,0.0,0.0,0.0,0.0,0.0,2200066,0,0,frankycpp_v1.4.exe,operator+,direction.h,0x140166b6a
operator+,0.0,0.0,0.0,0.0,0.0,0.0,0.0,0.0,0.0,,,,3300099,4400132,0,frankycpp_v1.4.exe,operator+,depth.h,0x140209564
operator+,0.0,0.0,0.0,0.0,0.0,0.0,0.0,0.0,0.0,0.0,0.0,0.0,5500165,2200066,0,frankycpp_v1.4.exe,operator+,direction.h,0x140166b20
operator+,0.0,0.0,0.0,,,0.0,0.0,0.0,0.0,0.0,0.0,0.0,5500165,0,0,frankycpp_v1.4.exe,operator+,direction.h,0x140240c2d
operator+,0.0,0.0,0.0,0.0,0.0,0.0,0.0,0.0,0.0,0.0,0.0,0.0,7000210,2200066,0,frankycpp_v1.4.exe,operator+,direction.h,0x140239735
operator+,0.0,0.0,0.0,0.0,0.0,0.0,0.0,0.0,0.0,0.0,0.0,0.0,2200066,0,0,frankycpp_v1.4.exe,operator+,direction.h,0x140240cc7
operator+,0.0,0.0,0.0,0.0,0.0,0.0,0.0,0.0,0.0,0.0,0.0,0.0,1100033,2200066,0,frankycpp_v1.4.exe,operator+,value.h,0x14020b074
operator+,0.0,0.0,0.0,0.0,0.0,0.0,0.0,0.0,0.0,0.0,0.0,0.0,400012,0,0,frankycpp_v1.4.exe,operator+,value.h,0x140209585
operator+,0.0,0.0,0.0,0.0,0.0,0.0,0.0,0.0,0.0,0.0,0.0,0.0,0,1100033,0,frankycpp_v1.4.exe,operator+,value.h,0x14020b0bc
operator+,0.0,0.0,0.0,0.0,0.0,0.0,0.0,0.0,0.0,0.0,0.0,0.0,400012,0,0,frankycpp_v1.4.exe,operator+,depth.h,0x1401fdead
operator+=,0.0,0.0,0.0,0.0,0.0,0.0,0.0,0.0,0.0,0.0,0.0,0.0,3300099,0,0,frankycpp_v1.4.exe,operator+=,direction.h,0x140166b6a
operator+=,0.0,0.0,0.0,0.0,0.0,0.0,0.0,0.0,0.0,,,,5900177,0,0,frankycpp_v1.4.exe,operator+=,value.h,0x14024596c
operator+=,0.0,0.0,0.0,0.0,0.0,0.0,0.0,0.0,0.0,0.0,0.0,0.0,1100033,0,0,frankycpp_v1.4.exe,operator+=,value.h,0x140209358
operator+=,0.0,0.0,0.0,0.0,0.0,0.0,0.0,0.0,0.0,0.0,0.0,0.0,400012,0,0,frankycpp_v1.4.exe,operator+=,value.h,0x1402452e8
operator-,0.0,0.0,0.0,0.0,0.0,0.0,0.0,0.0,0.0,0.0,0.0,0.0,0,1100033,0,frankycpp_v1.4.exe,operator-,value.h,0x1402405d1
operator-,0.0,0.0,0.0,0.0,0.0,0.0,0.0,0.0,0.0,0.0,0.0,0.0,2200066,0,0,frankycpp_v1.4.exe,operator-,value.h,0x14020ac32
operator-,0.0,0.0,0.0,0.0,0.0,0.0,0.0,0.0,0.0,0.0,0.0,0.0,4400132,0,0,frankycpp_v1.4.exe,operator-,direction.h,0x140166b31
operator-,0.0,,0.0,0.0,0.0,0.0,0.0,0.0,0.0,0.0,0.0,0.0,0,1100033,0,frankycpp_v1.4.exe,operator-,value.h,0x140241008
operator-,0.0,0.0,0.0,0.0,0.0,0.0,0.0,,0.0,0.0,0.0,0.0,1100033,2200066,0,frankycpp_v1.4.exe,operator-,value.h,0x14020a193
operator-,0.0,0.0,0.0,0.0,0.0,0.0,0.0,0.0,0.0,0.0,0.0,0.0,5500165,4400132,0,frankycpp_v1.4.exe,operator-,value.h,0x140241322
operator-,0.0,0.0,0.0,0.0,0.0,0.0,0.0,,0.0,0.0,,0.0,1100033,0,0,frankycpp_v1.4.exe,operator-,value.h,0x1402095b2
operator-,0.0,0.0,0.0,0.0,0.0,0.0,0.0,0.0,0.0,0.0,0.0,0.0,1100033,1100033,0,frankycpp_v1.4.exe,operator-,bitboard.h,0x140166cfc
operator-,0.0,0.0,0.0,0.0,0.0,0.0,0.0,0.0,0.0,,,,4800144,1100033,0,frankycpp_v1.4.exe,operator-,value.h,0x14020935f
operator-,0.0,0.0,0.0,0.0,0.0,0.0,0.0,0.0,0.0,0.0,0.0,0.0,3300099,1100033,0,frankycpp_v1.4.exe,operator-,value.h,0x1402402bc
operator-,0.0,0.0,0.0,0.0,0.0,0.0,0.0,0.0,0.0,0.0,0.0,0.0,1100033,0,0,frankycpp_v1.4.exe,operator-,depth.h,0x1402097b0
operator-,0.0,0.0,0.0,0.0,0.0,0.0,0.0,0.0,0.0,0.0,0.0,0.0,400012,0,0,frankycpp_v1.4.exe,operator-,value.h,0x14020a14c
operator-,0.0,0.0,0.0,0.0,0.0,0.0,0.0,0.0,0.0,0.0,0.0,0.0,1100033,0,0,frankycpp_v1.4.exe,operator-,value.h,0x1402408f9
operator-=,0.0,100.0,0.0,0.0,0.0,0.0,,0.0,0.0,0.0,0.0,0.0,1100033,0,0,frankycpp_v1.4.exe,operator-=,depth.h,0x140209ecd
operator==,0.0,0.0,0.0,0.0,0.0,0.0,0.0,0.0,0.0,,,,3300099,2200066,0,frankycpp_v1.4.exe,operator==,castlingrights.h,0x1402413de
operator==,0.0,0.0,0.0,0.0,0.0,0.0,0.0,0.0,0.0,0.0,0.0,0.0,2200066,2200066,0,frankycpp_v1.4.exe,operator==,castlingrights.h,0x14024140d
operator==,0.0,0.0,0.0,0.0,0.0,0.0,0.0,0.0,0.0,0.0,0.0,0.0,1100033,0,0,frankycpp_v1.4.exe,operator==,castlingrights.h,0x1402413b9
operator>,0.0,0.0,0.0,0.0,0.0,0.0,0.0,0.0,0.0,,,,1500045,2200066,0,frankycpp_v1.4.exe,operator>,value.h,0x140209397
operator|,0.0,0.0,0.0,0.0,0.0,0.0,0.0,0.0,0.0,0.0,0.0,0.0,1200036,3200096,0,frankycpp_v1.4.exe,operator|,bitboard.h,0x140239648
operator|,0.0,0.0,0.0,0.0,0.0,0.0,0.0,0.0,0.0,0.0,0.0,0.0,3300099,0,0,frankycpp_v1.4.exe,operator|,bitboard.h,0x140240a98
operator|,0.0,0.0,0.0,0.0,0.0,0.0,0.0,0.0,0.0,0.0,0.0,0.0,400012,1100033,0,frankycpp_v1.4.exe,operator|,bitboard.h,0x14027779a
operator~,0.0,0.0,0.0,0.0,0.0,0.0,0.0,0.0,0.0,,,,2200066,400012,0,frankycpp_v1.4.exe,operator~,color.h,0x14023fdf4
operator~,0.0,0.0,0.0,0.0,0.0,0.0,0.0,0.0,0.0,0.0,0.0,0.0,1900057,400012,0,frankycpp_v1.4.exe,operator~,color.h,0x140239667
operator~,0.0,0.0,0.0,0.0,0.0,0.0,0.0,0.0,0.0,,,,1100033,0,0,frankycpp_v1.4.exe,operator~,color.h,0x1402395ad
operator~,0.0,0.0,0.0,0.0,0.0,0.0,0.0,0.0,0.0,0.0,0.0,0.0,400012,1100033,0,frankycpp_v1.4.exe,operator~,color.h,0x1402398ae
operator~,0.0,0.0,0.0,0.0,0.0,0.0,0.0,0.0,0.0,,,,2200066,1500045,0,frankycpp_v1.4.exe,operator~,color.h,0x14020a36c
operator~,0.0,0.0,0.0,0.0,0.0,0.0,0.0,0.0,0.0,,,,400012,0,0,frankycpp_v1.4.exe,operator~,color.h,0x140277b18
operator~,0.0,0.0,0.0,0.0,0.0,0.0,0.0,0.0,0.0,0.0,0.0,0.0,3300099,2200066,0,frankycpp_v1.4.exe,operator~,color.h,0x140245679
operator~,0.0,0.0,0.0,0.0,0.0,0.0,0.0,0.0,0.0,,,,400012,400012,0,frankycpp_v1.4.exe,operator~,color.h,0x140241117
setup_pairs,0.0,0.0,0.0,0.0,0.0,0.0,0.0,0.0,0.0,0.0,0.0,0.0,3300099,1100033,0,frankycpp_v1.4.exe,"setup_pairs(unsigned char * *, unsigned __int64, unsigned __int64 *, unsigned char *, int)",tbprobe.c,0x14027d6f0
spdlog::sinks::base_sink<class std::mutex>::flush,0.0,0.0,0.0,0.0,0.0,0.0,0.0,0.0,0.0,0.0,0.0,0.0,0,0,550231,frankycpp_v1.4.exe,spdlog::sinks::base_sink<class std::mutex>::flush(void),base_sink-inl.h,0x140126d00
"std::_Atomic_integral<unsigned __int64,8>::operator++",0.0,0.0,0.0,0.0,0.0,0.0,0.0,0.0,0.0,,,,1100033,0,0,frankycpp_v1.4.exe,"std::_Atomic_integral<unsigned __int64,8>::operator++",atomic,0x140248320
"std::_Atomic_storage<unsigned __int64,8>::store",0.0,0.0,0.0,0.0,0.0,0.0,0.0,0.0,0.0,,,,1100033,0,0,frankycpp_v1.4.exe,"std::_Atomic_storage<unsigned __int64,8>::store",atomic,0x14024388c
"std::_Copy_backward_memmove<Move *,Move *>",0.0,0.0,0.0,0.0,0.0,0.0,0.0,0.0,0.0,0.0,0.0,0.0,0,1100033,0,frankycpp_v1.4.exe,"std::_Copy_backward_memmove<Move *,Move *>(class Move *, class Move *, class Move *)",xutility,0x14021dd60
"std::_Hash<std::_Umap_traits<unsigned __int64,BookEntry,std::_Uhash_compare<unsigned __int64,std::hash<unsigned __int64>,std::equal_to<unsigned __int64> >,std::allocator<std::pair<unsigned __int64 const ,BookEntry> >,0> >::insert",0.0,0.0,0.0,0.0,0.0,0.0,0.0,0.0,0.0,0.0,0.0,0.0,3300099,0,0,frankycpp_v1.4.exe,"std::_Hash<std::_Umap_traits<unsigned __int64,BookEntry,std::_Uhash_compare<unsigned __int64,std::hash<unsigned __int64>,std::equal_to<unsigned __int64> >,std::allocator<std::pair<unsigned __int64 const ,BookEntry> >,0> >::insert",xhash,0x1402610c0
std::_Ref_count_base::_Decref,0.0,0.0,0.0,0.0,0.0,0.0,0.0,0.0,0.0,0.0,0.0,0.0,2200066,0,0,frankycpp_v1.4.exe,std::_Ref_count_base::_Decref,memory,0x140174d54
std::_Static_partition_team<__int64>::_Get_next_key,0.0,100.0,0.0,0.0,0.0,0.0,0.0,26.7,0.0,0.0,0.0,0.0,0,0,0,frankycpp_v1.4.exe,std::_Static_partition_team<__int64>::_Get_next_key,execution,0x140248320
"std::_Tree<std::_Tset_traits<boost::archive::detail::basic_iarchive_impl::cobject_type,std::less<boost::archive::detail::basic_iarchive_impl::cobject_type>,std::allocator<boost::archive::detail::basic_iarchive_impl::cobject_type>,0> >::insert",0.0,0.0,0.0,0.0,0.0,0.0,0.0,0.0,0.0,0.0,0.0,0.0,11000330,1100033,0,frankycpp_v1.4.exe,"std::_Tree<std::_Tset_traits<boost::archive::detail::basic_iarchive_impl::cobject_type,std::less<boost::archive::detail::basic_iarchive_impl::cobject_type>,std::allocator<boost::archive::detail::basic_iarchive_impl::cobject_type>,0> >::insert",xtree,0x140283788
"std::_Tree<std::_Tset_traits<std::shared_ptr<YAML::detail::node>,std::less<std::shared_ptr<YAML::detail::node> >,std::allocator<std::shared_ptr<YAML::detail::node> >,0> >::insert",0.0,0.0,0.0,0.0,0.0,0.0,0.0,0.0,0.0,0.0,0.0,0.0,1100033,0,0,frankycpp_v1.4.exe,"std::_Tree<std::_Tset_traits<std::shared_ptr<YAML::detail::node>,std::less<std::shared_ptr<YAML::detail::node> >,std::allocator<std::shared_ptr<YAML::detail::node> >,0> >::insert",xtree,0x1402be511
"std::_Uninitialized_backout<std::_List_unchecked_iterator<std::_List_val<std::_List_simple_types<std::pair<unsigned __int64 const ,BookEntry> > > > *>::_Emplace_back",0.0,0.0,0.0,0.0,0.0,0.0,100.0,0.0,0.0,0.0,0.0,0.0,0,0,0,frankycpp_v1.4.exe,"std::_Uninitialized_backout<std::_List_unchecked_iterator<std::_List_val<std::_List_simple_types<std::pair<unsigned __int64 const ,BookEntry> > > > *>::_Emplace_back",xmemory,0x1402589b0
"std::array<Bitboard,64>::operator[]",0.0,0.0,0.0,0.0,0.0,0.0,0.0,0.0,0.0,0.0,0.0,0.0,18700561,16500495,0,frankycpp_v1.4.exe,"std::array<Bitboard,64>::operator[]",array,0x14024035a
"std::array<Bitboard,64>::operator[]",0.0,0.0,0.0,0.0,0.0,0.0,0.0,0.0,0.0,0.0,0.0,0.0,1500045,0,0,frankycpp_v1.4.exe,"std::array<Bitboard,64>::operator[]",array,0x140277b24
"std::array<Bitboard,64>::operator[]",0.0,0.0,0.0,0.0,0.0,0.0,0.0,0.0,0.0,0.0,0.0,0.0,1100033,0,0,frankycpp_v1.4.exe,"std::array<Bitboard,64>::operator[]",array,0x14020aec2
"std::array<Bitboard,8>::operator[]",0.0,50.0,0.0,0.0,0.0,0.0,0.0,,0.0,0.0,0.0,0.0,3300099,7100213,0,frankycpp_v1.4.exe,"std::array<Bitboard,8>::operator[]",array,0x140240473
"std::array<Move,128>::operator[]",0.0,0.0,0.0,0.0,0.0,0.0,0.0,0.0,0.0,0.0,0.0,0.0,0,1100033,0,frankycpp_v1.4.exe,"std::array<Move,128>::operator[]",array,0x1401fdf16
"std::array<Move,128>::operator[]",0.0,0.0,0.0,0.0,0.0,0.0,0.0,0.0,0.0,,,,1100033,0,0,frankycpp_v1.4.exe,"std::array<Move,128>::operator[]",array,0x1401fdf46
"std::array<Value,25>::operator[]",0.0,0.0,0.0,0.0,0.0,0.0,0.0,0.0,0.0,0.0,0.0,0.0,2200066,0,0,frankycpp_v1.4.exe,"std::array<Value,25>::operator[]",array,0x140241302
"std::array<Value,25>::operator[]",0.0,0.0,0.0,0.0,0.0,0.0,0.0,0.0,0.0,0.0,0.0,0.0,1100033,3300099,0,frankycpp_v1.4.exe,"std::array<Value,25>::operator[]",array,0x140241161
"std::array<int,64>::operator[]",0.0,0.0,0.0,0.0,0.0,0.0,0.0,0.0,0.0,0.0,0.0,0.0,0,2200066,0,frankycpp_v1.4.exe,"std::array<int,64>::operator[]",array,0x140166b45
"std::array<int,64>::operator[]",0.0,0.0,0.0,0.0,0.0,0.0,0.0,0.0,0.0,0.0,0.0,0.0,3300099,0,0,frankycpp_v1.4.exe,"std::array<int,64>::operator[]",array,0x14020a3f6
"std::array<std::array<Bitboard,64>,8>::operator[]",0.0,0.0,0.0,0.0,91.8,0.0,0.0,0.0,0.0,0.0,0.0,0.0,2200066,0,0,frankycpp_v1.4.exe,"std::array<std::array<Bitboard,64>,8>::operator[]",array,0x1402456a4
"std::array<std::array<Move,128>,128>::operator[]",0.0,0.0,0.0,0.0,0.0,0.0,0.0,0.0,0.0,0.0,0.0,0.0,2200066,0,0,frankycpp_v1.4.exe,"std::array<std::array<Move,128>,128>::operator[]",array,0x1401fdf42
"std::array<std::array<int,64>,64>::operator[]",0.0,0.0,0.0,0.0,0.0,0.0,0.0,0.0,0.0,0.0,0.0,0.0,1100033,2200066,0,frankycpp_v1.4.exe,"std::array<std::array<int,64>,64>::operator[]",array,0x140166b3f
"std::basic_streambuf<char,std::char_traits<char> >::gbump",0.0,0.0,0.0,0.0,0.0,0.0,0.0,0.0,0.0,0.0,0.0,0.0,5500165,0,0,frankycpp_v1.4.exe,"std::basic_streambuf<char,std::char_traits<char> >::gbump",streambuf,0x14011ab7e
"std::basic_streambuf<char,struct std::char_traits<char> >::sbumpc",0.0,0.0,0.0,0.0,0.0,0.0,0.0,0.0,0.0,0.0,0.0,0.0,1100033,0,0,msvcp140.dll,"std::basic_streambuf<char,struct std::char_traits<char> >::sbumpc(void)",[Unknown],0x180011240
"std::basic_string<char,struct std::char_traits<char>,class std::allocator<char> >::_Tidy_deallocate",0.0,0.0,0.0,0.0,0.0,0.0,0.0,0.0,0.0,0.0,0.0,0.0,1100033,0,0,frankycpp_v1.4.exe,"std::basic_string<char,struct std::char_traits<char>,class std::allocator<char> >::_Tidy_deallocate(void)",xstring,0x14010f230
std::countr_zero,0.0,0.0,0.0,0.0,0.0,0.0,0.0,0.0,0.0,,,,800024,1500045,0,frankycpp_v1.4.exe,std::countr_zero,bit,0x140240fd4
std::countr_zero,0.0,0.0,0.0,0.0,0.0,0.0,0.0,0.0,0.0,0.0,0.0,0.0,0,1100033,0,frankycpp_v1.4.exe,std::countr_zero,bit,0x1402409f8
std::countr_zero,0.0,0.0,0.0,0.0,0.0,0.0,0.0,0.0,0.0,0.0,0.0,0.0,1500045,0,0,frankycpp_v1.4.exe,std::countr_zero,bit,0x140240343
"std::deque<char,std::allocator<char> >::operator[]",0.0,0.0,0.0,0.0,0.0,0.0,0.0,0.0,0.0,0.0,0.0,0.0,1100033,0,0,frankycpp_v1.4.exe,"std::deque<char,std::allocator<char> >::operator[]",deque,0x1402c736a
std::equal_to<unsigned __int64>::operator(),0.0,0.0,0.0,0.0,0.0,0.0,0.0,0.0,0.0,0.0,0.0,0.0,2200066,0,0,frankycpp_v1.4.exe,std::equal_to<unsigned __int64>::operator(),xutility,0x140261b74
std::exchange,0.0,0.0,0.0,0.0,0.0,0.0,0.0,0.0,0.0,0.0,0.0,0.0,1100033,0,0,frankycpp_v1.4.exe,std::exchange,utility,0x140261c39
std::hash<unsigned __int64>::_Do_hash,0.0,0.0,0.0,0.0,0.0,0.0,0.0,0.0,0.0,0.0,0.0,0.0,3300099,1100033,0,frankycpp_v1.4.exe,std::hash<unsigned __int64>::_Do_hash,type_traits,0x140261b45
std::ios_base::good,0.0,0.0,0.0,0.0,0.0,0.0,0.0,0.0,0.0,,,,1100033,0,0,msvcp140.dll,std::ios_base::good(void),[Unknown],0x180008430
std::make_unique,0.0,0.0,0.0,0.0,0.0,0.0,0.0,0.0,0.0,0.0,0.0,0.0,2200066,4400132,0,frankycpp_v1.4.exe,std::make_unique,memory,0x140246ad0
std::max,0.0,0.0,100.0,0.0,0.0,0.0,0.0,0.0,0.0,0.0,0.0,0.0,6600198,3000090,0,frankycpp_v1.4.exe,std::max,utility,0x140208dc0
std::max,0.0,0.0,0.0,0.0,0.0,0.0,0.0,0.0,0.0,0.0,0.0,0.0,4000120,1200036,0,frankycpp_v1.4.exe,std::max,utility,0x14020a72d
std::min,0.0,0.0,0.0,0.0,0.0,0.0,0.0,0.0,0.0,,,,2000060,0,0,frankycpp_v1.4.exe,std::min,utility,0x14020a73a
std::min,0.0,0.0,100.0,0.0,0.0,0.0,0.0,0.0,0.0,,,,3700111,1100033,0,frankycpp_v1.4.exe,std::min,utility,0x140209df8
"std::num_put<char,class std::ostreambuf_iterator<char,struct std::char_traits<char> > >::do_put",0.0,0.0,0.0,0.0,0.0,0.0,0.0,0.0,0.0,0.0,0.0,0.0,1100033,0,0,msvcp140.dll,"std::num_put<char,class std::ostreambuf_iterator<char,struct std::char_traits<char> > >::do_put(class std::ostreambuf_iterator<char,struct std::char_traits<char> >,class std::ios_base & __ptr64,char,long)",[Unknown],0x1800103f0
"std::pair<unsigned __int64 const ,BookEntry>::{ctor}",0.0,0.0,0.0,0.0,0.0,0.0,0.0,0.0,0.0,0.0,0.0,0.0,1100033,0,0,frankycpp_v1.4.exe,"std::pair<unsigned __int64 const ,BookEntry>::{ctor}",utility,0x140261077
std::popcount,0.0,0.0,0.0,0.0,0.0,0.0,0.0,0.0,0.0,0.0,0.0,0.0,0,2200066,0,frankycpp_v1.4.exe,std::popcount,bit,0x1402457cb
std::popcount,0.0,0.0,0.0,0.0,0.0,0.0,0.0,0.0,0.0,0.0,0.0,0.0,4400132,1100033,0,frankycpp_v1.4.exe,std::popcount,bit,0x1402457d8
std::popcount,0.0,0.0,0.0,0.0,0.0,0.0,0.0,0.0,0.0,0.0,0.0,0.0,4400132,2600078,0,frankycpp_v1.4.exe,std::popcount,bit,0x140239e09
std::popcount,0.0,0.0,0.0,0.0,0.0,0.0,0.0,0.0,0.0,,,,400012,1100033,0,frankycpp_v1.4.exe,std::popcount,bit,0x14024032b
std::ranges::_Move_unchecked,0.0,0.0,0.0,0.0,0.0,0.0,0.0,0.0,0.0,0.0,0.0,0.0,0,3300099,0,frankycpp_v1.4.exe,std::ranges::_Move_unchecked,algorithm,0x14021cfe4
std::shared_ptr<YAML::detail::memory_holder>::{ctor},0.0,0.0,0.0,0.0,0.0,0.0,0.0,0.0,0.0,0.0,0.0,0.0,1100033,0,0,frankycpp_v1.4.exe,std::shared_ptr<YAML::detail::memory_holder>::{ctor},memory,0x14017f3ea
std::shared_ptr<YAML::detail::memory_holder>::{ctor},0.0,0.0,0.0,0.0,0.0,0.0,0.0,0.0,0.0,0.0,0.0,0.0,0,1100033,0,frankycpp_v1.4.exe,std::shared_ptr<YAML::detail::memory_holder>::{ctor},memory,0x140174e9c
std::shared_ptr<YAML::detail::memory_holder>::{ctor},0.0,0.0,0.0,0.0,0.0,0.0,0.0,0.0,0.0,0.0,0.0,0.0,1100033,0,0,frankycpp_v1.4.exe,std::shared_ptr<YAML::detail::memory_holder>::{ctor},memory,0x140183037
std::shared_ptr<YAML::detail::memory_holder>::{ctor},0.0,0.0,0.0,0.0,0.0,0.0,0.0,0.0,0.0,0.0,0.0,0.0,1100033,3300099,0,frankycpp_v1.4.exe,std::shared_ptr<YAML::detail::memory_holder>::{ctor},memory,0x14016894a
std::shared_ptr<YAML::detail::memory_holder>::{dtor},0.0,0.0,0.0,0.0,0.0,0.0,0.0,0.0,0.0,0.0,0.0,0.0,1100033,0,0,frankycpp_v1.4.exe,std::shared_ptr<YAML::detail::memory_holder>::{dtor},memory,0x1401830b6
std::shared_ptr<YAML::detail::memory_holder>::{dtor},0.0,0.0,0.0,0.0,0.0,0.0,0.0,0.0,0.0,0.0,0.0,0.0,0,1100033,0,frankycpp_v1.4.exe,std::shared_ptr<YAML::detail::memory_holder>::{dtor},memory,0x140168972
std::shared_ptr<YAML::detail::memory_holder>::{dtor},0.0,0.0,0.0,0.0,0.0,0.0,0.0,0.0,0.0,0.0,0.0,0.0,4400132,1100033,0,frankycpp_v1.4.exe,std::shared_ptr<YAML::detail::memory_holder>::{dtor},memory,0x14018317d
"std::vector<Move,std::allocator<Move> >::reserve",0.0,0.0,0.0,0.0,0.0,0.0,0.0,0.0,0.0,0.0,0.0,0.0,1100033,2200066,0,frankycpp_v1.4.exe,"std::vector<Move,std::allocator<Move> >::reserve",vector,0x140269d8f
"std::vector<Move,std::allocator<Move> >::resize",0.0,0.0,0.0,0.0,0.0,0.0,0.0,0.0,0.0,0.0,0.0,0.0,1100033,0,0,frankycpp_v1.4.exe,"std::vector<Move,std::allocator<Move> >::resize",vector,0x14026c232
"std::vector<boost::archive::detail::basic_iarchive_impl::aobject,std::allocator<boost::archive::detail::basic_iarchive_impl::aobject> >::size",0.0,0.0,0.0,0.0,0.0,0.0,0.0,0.0,0.0,0.0,0.0,0.0,1100033,0,0,frankycpp_v1.4.exe,"std::vector<boost::archive::detail::basic_iarchive_impl::aobject,std::allocator<boost::archive::detail::basic_iarchive_impl::aobject> >::size",vector,0x140282fb7
"std::vector<boost::archive::detail::basic_iarchive_impl::cobject_id,std::allocator<boost::archive::detail::basic_iarchive_impl::cobject_id> >::operator[]",0.0,0.0,0.0,0.0,0.0,0.0,0.0,0.0,0.0,0.0,0.0,0.0,0,1100033,0,frankycpp_v1.4.exe,"std::vector<boost::archive::detail::basic_iarchive_impl::cobject_id,std::allocator<boost::archive::detail::basic_iarchive_impl::cobject_id> >::operator[]",vector,0x140282f80
"std::vector<class Move,class std::allocator<class Move> >::_Change_array",0.0,0.0,0.0,0.0,0.0,0.0,0.0,0.0,0.0,0.0,0.0,0.0,1100033,0,0,frankycpp_v1.4.exe,"std::vector<class Move,class std::allocator<class Move> >::_Change_array(class Move * const,unsigned __int64,unsigned __int64)",vector,0x140259af0
"std::vector<unsigned __int64,std::allocator<unsigned __int64> >::_Tidy",0.0,,,,,,0.0,0.0,0.0,0.0,0.0,0.0,0,0,550231,frankycpp_v1.4.exe,"std::vector<unsigned __int64,std::allocator<unsigned __int64> >::_Tidy",vector,0x140216589
"std::vector<unsigned __int64,std::allocator<unsigned __int64> >::resize",0.0,0.0,0.0,0.0,0.0,0.0,0.0,0.0,0.0,0.0,0.0,0.0,5500165,1100033,0,frankycpp_v1.4.exe,"std::vector<unsigned __int64,std::allocator<unsigned __int64> >::resize",vector,0x14026c47c
strlen,0.0,0.0,0.0,0.0,0.0,0.0,0.0,0.0,0.0,0.0,0.0,0.0,0,1100033,0,ntoskrnl.exe,strlen,[Unknown],0x1406bfdd0
typeOf,0.0,0.0,0.0,0.0,0.0,0.0,0.0,0.0,0.0,0.0,0.0,0.0,1100033,0,0,frankycpp_v1.4.exe,typeOf,piece.h,0x1402405a5
type_info::before,0.0,0.0,0.0,0.0,0.0,0.0,0.0,0.0,0.0,0.0,0.0,0.0,5500165,0,0,frankycpp_v1.4.exe,type_info::before,vcruntime_typeinfo.h,0x14028d3c0
