Function,CPU Time,CPU Time:Effective Time,CPU Time:Spin Time,CPU Time:Overhead Time,Instructions Retired,Microarchitecture Usage(%),Microarchitecture Usage:Microarchitecture Usage(%),Microarchitecture Usage:CPI Rate,Module,Function (Full),Source File,Start Address
TT::put,10.098318,10.098318,0.0,0.0,16238890000,6.1,6.1,3.293250,frankycpp_v1.4.exe,"TT::put(unsigned __int64,enum Depth,class Move,class Value,enum ValueType,class Value)",TT.cpp,0x140247020
"std::_Atomic_storage<unsigned __int64,8>::load",7.359503,7.359503,0.0,0.0,14444885000,6.8,6.8,2.718847,frankycpp_v1.4.exe,"std::_Atomic_storage<unsigned __int64,8>::load",atomic,0x1402471bd
Attacks::`anonymous namespace'::sliderLookup,5.890602,5.890602,0.0,0.0,78034725000,43.2,43.2,0.399616,frankycpp_v1.4.exe,"Attacks::`anonymous namespace'::sliderLookup(const PieceType, const class Square, const class Bitboard)",attacks.cpp,0x140166d80
TT::probe,5.129654,5.129654,0.0,0.0,6517120000,4.9,4.9,4.129136,frankycpp_v1.4.exe,TT::probe(unsigned __int64 const &),TT.cpp,0x1402471a0
TT::prefetch,4.466698,4.466698,0.0,0.0,13447550000,10.5,10.5,1.737639,frankycpp_v1.4.exe,TT::prefetch,TT.h,0x14020abb1
Attacks::attacks,4.189717,4.189717,0.0,0.0,58408490000,48.1,48.1,0.365450,frankycpp_v1.4.exe,"Attacks::attacks(enum PieceType,class Square,class Bitboard)",attacks.cpp,0x140166de0
Search::stopConditions,3.986731,3.986731,0.0,0.0,17613595000,16.5,16.5,1.192484,frankycpp_v1.4.exe,Search::stopConditions(void),Search.cpp,0x14020d1b0
TT::prefetch,3.525762,3.525762,0.0,0.0,10452550000,10.2,10.2,1.773352,frankycpp_v1.4.exe,TT::prefetch,TT.h,0x140209fa9
TT::clear::__l2::<lambda_1>::operator(),2.461834,2.461834,0.0,0.0,3429275000,7.8,7.8,3.318777,frankycpp_v1.4.exe,TT::clear::__l2::<lambda_1>::operator(),TT.cpp,0x140247e2c
Search::qsearch,1.907871,1.907871,0.0,0.0,16295795000,29.4,29.4,0.598052,frankycpp_v1.4.exe,"Search::qsearch(class Position &,enum Depth,class Value,class Value,enum Search::NodeType)",Search.cpp,0x14020a630
Search::search,1.711884,1.711884,0.0,0.0,20129395000,38.1,38.1,0.437137,frankycpp_v1.4.exe,"Search::search(class Position &,enum Depth,enum Depth,class Value,class Value,enum Search::NodeType,enum Search::Do_Null)",Search.cpp,0x140208cd0
Evaluator::pieceEval,1.706885,1.706885,0.0,0.0,19784970000,37.0,37.0,0.451862,frankycpp_v1.4.exe,"Evaluator::pieceEval(class Position const &,struct Score &,class Color,enum PieceType)",Evaluator.cpp,0x140245990
Search::thread,1.470901,1.470901,0.0,0.0,563060000,1.8,1.8,13.590426,frankycpp_v1.4.exe,Search::thread,Search.h,0x14020abc3
Position::doMove,1.456902,1.456902,0.0,0.0,13264855000,28.9,28.9,0.608038,frankycpp_v1.4.exe,Position::doMove(class Move),Position.cpp,0x140238dd0
MoveGenerator::getNextPseudoLegalMove,1.374907,1.374907,0.0,0.0,15690805000,38.2,38.2,0.464211,frankycpp_v1.4.exe,"MoveGenerator::getNextPseudoLegalMove(class Position const &,enum GenMode,bool)",MoveGenerator.cpp,0x14023e320
MoveGenerator::updateSortValues,1.366908,1.366908,0.0,0.0,15202620000,35.5,35.5,0.478132,frankycpp_v1.4.exe,"MoveGenerator::updateSortValues(class Position const &,class StaticMoveList<256> *)",MoveGenerator.cpp,0x140240160
MoveGenerator::fillOnDemandMoveList,1.333910,1.333910,0.0,0.0,14049545000,35.5,35.5,0.475378,frankycpp_v1.4.exe,"MoveGenerator::fillOnDemandMoveList(class Position const &,enum GenMode,bool)",MoveGenerator.cpp,0x14023fd00
"std::_Atomic_storage<unsigned __int64,8>::load",1.169921,1.169921,0.0,0.0,146755000,1.2,1.2,41.306122,frankycpp_v1.4.exe,"std::_Atomic_storage<unsigned __int64,8>::load",atomic,0x140247043
MoveGenerator::generateMoves,1.158922,1.158922,0.0,0.0,13681160000,39.8,39.8,0.429072,frankycpp_v1.4.exe,"MoveGenerator::generateMoves(class Position const &,class StaticMoveList<256> *,enum GenMode,bool,class Bitboard)",MoveGenerator.cpp,0x140240dc0
Search::thread,1.137923,1.137923,0.0,0.0,718800000,3.0,3.0,8.033333,frankycpp_v1.4.exe,Search::thread,Search.h,0x140209fbf
Evaluator::kingEval,1.102926,1.102926,0.0,0.0,17472830000,49.9,49.9,0.319849,frankycpp_v1.4.exe,"Evaluator::kingEval(class Position const &,struct Score &,class Color)",Evaluator.cpp,0x1402461e0
Position::givesCheck,1.065928,1.065928,0.0,0.0,15388310000,46.3,46.3,0.393538,frankycpp_v1.4.exe,Position::givesCheck(class Move),Position.cpp,0x140239960
"std::ranges::_Insertion_sort_common<Move *,moveValueGreaterComparator,std::identity>",0.987933,0.987933,0.0,0.0,9272520000,27.2,27.2,0.540698,frankycpp_v1.4.exe,"std::ranges::_Insertion_sort_common<Move *,moveValueGreaterComparator,std::identity>(class Move *, class Move *, struct moveValueGreaterComparator, struct std::identity)",algorithm,0x140219000
Evaluator::rookEval,0.879941,0.879941,0.0,0.0,11926090000,43.1,43.1,0.394525,frankycpp_v1.4.exe,Evaluator::rookEval,Evaluator.cpp,0x140245b38
MoveGenerator::generatePawnMoves,0.845943,0.845943,0.0,0.0,8209295000,31.3,31.3,0.536665,frankycpp_v1.4.exe,"MoveGenerator::generatePawnMoves(class Position const &,class StaticMoveList<256> *,enum GenMode,bool,class Bitboard)",MoveGenerator.cpp,0x140240390
Evaluator::evaluate,0.828944,0.828944,0.0,0.0,13857865000,49.2,49.2,0.329587,frankycpp_v1.4.exe,Evaluator::evaluate(class Position const &),Evaluator.cpp,0x140245250
Position::putPiece,0.821944,0.821944,0.0,0.0,7897815000,35.9,35.9,0.505878,frankycpp_v1.4.exe,"Position::putPiece(enum Piece,class Square)",Position.cpp,0x14023aa60
Position::removePiece,0.774948,0.774948,0.0,0.0,7490495000,34.1,34.1,0.537385,frankycpp_v1.4.exe,Position::removePiece(class Square),Position.cpp,0x14023ab70
Position::isAttacked,0.728951,0.728951,0.0,0.0,9011955000,42.5,42.5,0.439349,frankycpp_v1.4.exe,"Position::isAttacked(class Square,class Color)",Position.cpp,0x140239630
See::see,0.702953,0.702953,0.0,0.0,9371355000,49.8,49.8,0.381911,frankycpp_v1.4.exe,"See::see(class Position const &,class Move)",See.cpp,0x1402776b0
std::_Checked_x86_x64_countr_zero<unsigned __int64>,0.608959,0.608959,0.0,0.0,9260540000,48.4,48.4,0.346701,frankycpp_v1.4.exe,std::_Checked_x86_x64_countr_zero<unsigned __int64>(unsigned __int64),__msvc_bit_utils.hpp,0x140241ac0
PawnTT::clear::__l2::<lambda_1>::operator(),0.588960,0.588960,0.0,0.0,625955000,4.3,4.3,4.349282,frankycpp_v1.4.exe,PawnTT::clear::__l2::<lambda_1>::operator(),PawnTT.cpp,0x1402444a7
Evaluator::bishopEval,0.551963,0.551963,0.0,0.0,6517120000,37.5,37.5,0.427849,frankycpp_v1.4.exe,Evaluator::bishopEval,Evaluator.cpp,0x140245c88
"std::_Atomic_address_as<__int64,std::_Atomic_padded<unsigned __int64> >",0.466968,0.466968,0.0,0.0,1746085000,14.8,14.8,1.379074,frankycpp_v1.4.exe,"std::_Atomic_address_as<__int64,std::_Atomic_padded<unsigned __int64> >",xatomic.h,0x140245090
Evaluator::queenEval,0.462969,0.462969,0.0,0.0,8667530000,53.6,53.6,0.286455,frankycpp_v1.4.exe,Evaluator::queenEval,Evaluator.cpp,0x140245a18
"std::_Atomic_storage<unsigned __int64,8>::load",0.421972,0.421972,0.0,0.0,1859895000,16.4,16.4,1.103060,frankycpp_v1.4.exe,"std::_Atomic_storage<unsigned __int64,8>::load",atomic,0x1402455ef
std::_Checked_popcount<unsigned __int64>,0.372975,0.372975,0.0,0.0,5513795000,45.0,45.0,0.348724,frankycpp_v1.4.exe,std::_Checked_popcount<unsigned __int64>(unsigned __int64),__msvc_bit_utils.hpp,0x14021e6d0
Position::undoMove,0.364975,0.364975,0.0,0.0,2953070000,28.3,28.3,0.675456,frankycpp_v1.4.exe,Position::undoMove(void),Position.cpp,0x1402392b0
Position::wasLegalMove,0.337977,0.337977,0.0,0.0,5609635000,54.5,54.5,0.306994,frankycpp_v1.4.exe,Position::wasLegalMove(void),Position.cpp,0x140239b20
Move::encode,0.327978,0.327978,0.0,0.0,3162720000,38.5,38.5,0.520833,frankycpp_v1.4.exe,Move::encode,move.h,0x140240f15
See::attacksTo,0.305979,0.305979,0.0,0.0,5310135000,57.2,57.2,0.294980,frankycpp_v1.4.exe,"See::attacksTo(class Position const &,class Square,class Color)",See.cpp,0x140277a20
Position::hasCheck,0.300980,0.300980,0.0,0.0,871545000,10.7,10.7,1.883162,frankycpp_v1.4.exe,Position::hasCheck(void),Position.cpp,0x140239910
"std::array<int,64>::operator[]",0.269982,0.269982,0.0,0.0,3261555000,42.2,42.2,0.372819,frankycpp_v1.4.exe,"std::array<int,64>::operator[]",array,0x140240227
Bitboard::shifted,0.247983,0.247983,0.0,0.0,4067210000,49.5,49.5,0.337997,frankycpp_v1.4.exe,Bitboard::shifted,bitboard.h,0x14024048d
moveValueGreaterComparator::operator(),0.226985,0.226985,0.0,0.0,2884185000,31.2,31.2,0.436137,frankycpp_v1.4.exe,moveValueGreaterComparator::operator(),move.h,0x140219020
Search::storeTt,0.225985,0.225985,0.0,0.0,1916800000,28.1,28.1,0.610938,frankycpp_v1.4.exe,"Search::storeTt(class Position const &,enum Depth,enum Depth,class Move,class Value,enum ValueType,class Value)",Search.cpp,0x14020aff0
Bitboard::operator^=,0.214985,0.214985,0.0,0.0,2545750000,39.4,39.4,0.415294,frankycpp_v1.4.exe,Bitboard::operator^=,bitboard.h,0x14023abc5
MoveGenerator::generateKingMoves,0.213986,0.213986,0.0,0.0,3102820000,41.5,41.5,0.397683,frankycpp_v1.4.exe,"MoveGenerator::generateKingMoves(class Position const &,class StaticMoveList<256> *,enum GenMode,bool)",MoveGenerator.cpp,0x140241080
Position::movePiece,0.213986,0.213986,0.0,0.0,1892840000,28.9,28.9,0.523734,frankycpp_v1.4.exe,"Position::movePiece(class Square,class Square)",Position.cpp,0x14023aa30
Search::sendSearchUpdateToUci,0.213986,0.213986,0.0,0.0,68885000,1.0,1.0,15.347826,frankycpp_v1.4.exe,Search::sendSearchUpdateToUci(void),Search.cpp,0x1402110b0
See::revealedAttacks,0.212986,0.212986,0.0,0.0,3267545000,58.6,58.6,0.323556,frankycpp_v1.4.exe,"See::revealedAttacks(class Position const &,class Square,class Bitboard,class Color)",See.cpp,0x140277b70
std::popcount,0.203986,0.203986,0.0,0.0,1991675000,32.8,32.8,0.515789,frankycpp_v1.4.exe,std::popcount,bit,0x140245ccb
Evaluator::knightEval,0.202986,0.202986,0.0,0.0,4938755000,77.0,77.0,0.218921,frankycpp_v1.4.exe,Evaluator::knightEval,Evaluator.cpp,0x140245d40
"std::_Atomic_storage<unsigned __int64,8>::store",0.202986,0.202986,0.0,0.0,500165000,13.7,13.7,2.000000,frankycpp_v1.4.exe,"std::_Atomic_storage<unsigned __int64,8>::store",atomic,0x1402444a7
Bitboard::operator bool,0.201986,0.201986,0.0,0.0,3066880000,40.5,40.5,0.359375,frankycpp_v1.4.exe,Bitboard::operator bool,bitboard.h,0x140240eb4
Position::getPieceBb,0.191987,0.191987,0.0,0.0,3270540000,52.1,52.1,0.347070,frankycpp_v1.4.exe,Position::getPieceBb,Position.h,0x1402459a2
std::popcount,0.183988,0.183988,0.0,0.0,2141425000,40.3,40.3,0.409790,frankycpp_v1.4.exe,std::popcount,bit,0x140245b81
std::countr_zero,0.181988,0.181988,0.0,0.0,1428615000,23.1,23.1,0.700210,frankycpp_v1.4.exe,std::countr_zero,bit,0x140245c80
std::_Unchecked_popcount<unsigned __int64>,0.178988,0.178988,0.0,0.0,2264220000,40.1,40.1,0.436508,frankycpp_v1.4.exe,std::_Unchecked_popcount<unsigned __int64>(unsigned __int64),__msvc_bit_utils.hpp,0x14021e6c0
_security_check_cookie,0.175988,0.175988,0.0,0.0,1485520000,30.9,30.9,0.594758,frankycpp_v1.4.exe,_security_check_cookie,amdsecgs.asm,0x1405ee000
Evaluator::pawnEval,0.172988,0.172988,0.0,0.0,2153405000,47.6,47.6,0.470097,frankycpp_v1.4.exe,"Evaluator::pawnEval(class Position const &,struct Score &)",Evaluator.cpp,0x140245590
Move::operator==,0.157989,0.157989,0.0,0.0,1952740000,37.5,37.5,0.389571,frankycpp_v1.4.exe,Move::operator==,PVTable.h,0x140240296
Position::getEndPosValue,0.154990,0.154990,0.0,0.0,859565000,22.4,22.4,0.770035,frankycpp_v1.4.exe,Position::getEndPosValue,Position.h,0x1402452ef
"std::array<Bitboard,64>::operator[]",0.154990,0.154990,0.0,0.0,2455900000,42.9,42.9,0.365854,frankycpp_v1.4.exe,"std::array<Bitboard,64>::operator[]",array,0x140166e70
operator<,0.145990,0.145990,0.0,0.0,2656565000,54.2,54.2,0.278467,frankycpp_v1.4.exe,operator<,rank.h,0x140246251
makePiece,0.141990,0.141990,0.0,0.0,2668545000,56.0,56.0,0.319865,frankycpp_v1.4.exe,makePiece,piece.h,0x140246269
operator+=,0.133991,0.133991,0.0,0.0,1126120000,32.1,32.1,0.590426,frankycpp_v1.4.exe,operator+=,value.h,0x140245cfe
"std::array<unsigned __int64,64>::operator[]",0.131991,0.131991,0.0,0.0,1779030000,38.6,38.6,0.496633,frankycpp_v1.4.exe,"std::array<unsigned __int64,64>::operator[]",array,0x14023abb2
Bitboard::operator|=,0.130991,0.130991,0.0,0.0,1371710000,40.3,40.3,0.454148,frankycpp_v1.4.exe,Bitboard::operator|=,bitboard.h,0x14023aab2
_chkstk,0.130991,0.130991,0.0,0.0,1401660000,33.8,33.8,0.527778,frankycpp_v1.4.exe,_chkstk,chkstk.asm,0x1405eed50
Search::goodCapture,0.128991,0.128991,0.0,0.0,1509480000,38.2,38.2,0.434524,frankycpp_v1.4.exe,"Search::goodCapture(class Position const &,class Move,bool)",Search.cpp,0x14020aeb0
std::countr_zero,0.125991,0.125991,0.0,0.0,1488515000,35.7,35.7,0.503018,frankycpp_v1.4.exe,std::countr_zero,bit,0x140240e62
Position::getPiece,0.120992,0.120992,0.0,0.0,1734105000,48.6,48.6,0.329879,frankycpp_v1.4.exe,Position::getPiece,Position.h,0x140246262
func@0x1400e0a60,0.120992,0.120992,0.0,0.0,17970000,0.3,0.3,35.833333,nvlddmkm.sys,func@0x1400e0a60,[Unknown],0x1400e0a60
operator*,0.118992,0.118992,0.0,0.0,2884185000,49.7,49.7,0.222222,frankycpp_v1.4.exe,operator*,value.h,0x1402454b5
Square::{ctor},0.117992,0.117992,0.0,0.0,1829945000,50.4,50.4,0.409165,frankycpp_v1.4.exe,Square::{ctor},square.h,0x140239995
Bitboard::shifted,0.116992,0.116992,0.0,0.0,1497500000,35.6,35.6,0.424000,frankycpp_v1.4.exe,Bitboard::shifted(class Direction),bitboard.h,0x1402418a0
Position::checkRepetitions,0.115992,0.115992,0.0,0.0,53910000,2.2,2.2,11.611111,frankycpp_v1.4.exe,Position::checkRepetitions(int),Position.cpp,0x140239d20
See::getLeastValuablePiece,0.114992,0.114992,0.0,0.0,2105485000,67.3,67.3,0.250356,frankycpp_v1.4.exe,"See::getLeastValuablePiece(class Position const &,class Bitboard,class Color)",See.cpp,0x1402779a0
operator<,0.110993,0.110993,0.0,0.0,1554405000,53.0,53.0,0.327553,frankycpp_v1.4.exe,operator<,value.h,0x140277848
StaticMoveList<256>::push_back,0.108993,0.108993,0.0,0.0,1075205000,35.5,35.5,0.621170,frankycpp_v1.4.exe,StaticMoveList<256>::push_back,staticmovelist.h,0x140240ff6
std::atomic<bool>::operator bool,0.107993,0.107993,0.0,0.0,1251910000,34.0,34.0,0.428230,frankycpp_v1.4.exe,std::atomic<bool>::operator bool,atomic,0x14020d1b4
Value::{ctor},0.105993,0.105993,0.0,0.0,1057235000,35.8,35.8,0.473088,frankycpp_v1.4.exe,Value::{ctor},value.h,0x140277c10
std::_Countr_zero_tzcnt<unsigned __int64>,0.102993,0.102993,0.0,0.0,1308815000,37.7,37.7,0.416476,frankycpp_v1.4.exe,std::_Countr_zero_tzcnt<unsigned __int64>(unsigned __int64),__msvc_bit_utils.hpp,0x140241ab0
"std::_Atomic_address_as<char,struct std::_Atomic_padded<bool> >",0.101993,0.101993,0.0,0.0,1099165000,39.7,39.7,0.419619,frankycpp_v1.4.exe,"std::_Atomic_address_as<char,struct std::_Atomic_padded<bool> >(struct std::_Atomic_padded<bool> const &)",xatomic.h,0x14015c7e0
typeOf,0.100993,0.100993,0.0,0.0,1066220000,32.0,32.0,0.469101,frankycpp_v1.4.exe,typeOf,piece.h,0x14023ab94
MoveGenerator::resetOnDemand,0.099993,0.099993,0.0,0.0,706820000,23.1,23.1,0.877119,frankycpp_v1.4.exe,MoveGenerator::resetOnDemand,MoveGenerator.h,0x14020a991
std::atomic<bool>::operator bool,0.099993,0.099993,0.0,0.0,572045000,16.3,16.3,0.921466,frankycpp_v1.4.exe,std::atomic<bool>::operator bool,atomic,0x14020d21b
"std::array<Value,25>::operator[]",0.098993,0.098993,0.0,0.0,1539430000,42.7,42.7,0.317121,frankycpp_v1.4.exe,"std::array<Value,25>::operator[]",array,0x140240f09
Position::attacksTo,0.097993,0.097993,0.0,0.0,1368715000,48.5,48.5,0.385120,frankycpp_v1.4.exe,"Position::attacksTo(class Square,class Color)",Position.cpp,0x1402397c0
operator+=,0.097993,0.097993,0.0,0.0,781695000,23.9,23.9,0.727969,frankycpp_v1.4.exe,operator+=,value.h,0x140245c6a
"std::array<Move,64>::operator[]",0.095994,0.095994,0.0,0.0,1608315000,39.5,39.5,0.385475,frankycpp_v1.4.exe,"std::array<Move,64>::operator[]",array,0x140240294
std::ranges::_Insertion_sort_common,0.095994,0.095994,0.0,0.0,865555000,21.7,21.7,0.584775,frankycpp_v1.4.exe,std::ranges::_Insertion_sort_common,algorithm,0x14021af3a
operator*,0.089994,0.089994,0.0,0.0,1467550000,50.1,50.1,0.330612,frankycpp_v1.4.exe,operator*,value.h,0x1402454ad
"std::_Atomic_storage<unsigned __int64,8>::store",0.089994,0.089994,0.0,0.0,946420000,55.7,55.7,0.452532,frankycpp_v1.4.exe,"std::_Atomic_storage<unsigned __int64,8>::store",atomic,0x140247e2c
Color::sign,0.087994,0.087994,0.0,0.0,1335770000,49.5,49.5,0.374439,frankycpp_v1.4.exe,Color::sign,color.h,0x140240548
"std::_For_each_ivdep<PawnTT::Entry *,`PawnTT::clear'::`2'::<lambda_1> >",0.087994,0.087994,0.0,0.0,86855000,5.9,5.9,4.034483,frankycpp_v1.4.exe,"std::_For_each_ivdep<PawnTT::Entry *,`PawnTT::clear'::`2'::<lambda_1> >(struct PawnTT::Entry *, struct PawnTT::Entry *, class PawnTT::clear::__l2::<lambda_1>)",execution,0x140244490
operator<,0.084994,0.084994,0.0,0.0,1171045000,39.8,39.8,0.327366,frankycpp_v1.4.exe,operator<,file.h,0x140246240
Position::getLastMove,0.083994,0.083994,0.0,0.0,1452575000,44.5,44.5,0.362887,frankycpp_v1.4.exe,Position::getLastMove,Position.h,0x140240260
operator&,0.083994,0.083994,0.0,0.0,1332775000,46.1,46.1,0.359551,frankycpp_v1.4.exe,operator&,bitboard.h,0x140209c5a
Move::encode,0.081994,0.081994,0.0,0.0,991345000,39.1,39.1,0.453172,frankycpp_v1.4.exe,Move::encode,move.h,0x140240fed
Bitboard::operator bool,0.080995,0.080995,0.0,0.0,718800000,25.2,25.2,0.604167,frankycpp_v1.4.exe,Bitboard::operator bool,bitboard.h,0x140245d1e
Bitboard::operator bool,0.079995,0.079995,0.0,0.0,1051245000,42.1,42.1,0.421652,frankycpp_v1.4.exe,Bitboard::operator bool,bitboard.h,0x140240e45
"std::_Atomic_address_as<__int64,std::_Atomic_padded<unsigned __int64> >",0.073995,0.073995,0.0,0.0,676870000,32.7,32.7,0.575221,frankycpp_v1.4.exe,"std::_Atomic_address_as<__int64,std::_Atomic_padded<unsigned __int64> >",xatomic.h,0x1402451a0
typeOf,0.073995,0.073995,0.0,0.0,1033275000,47.3,47.3,0.350725,frankycpp_v1.4.exe,typeOf,piece.h,0x140240f1e
Position::getPieceBb,0.071995,0.071995,0.0,0.0,760730000,37.9,37.9,0.425197,frankycpp_v1.4.exe,Position::getPieceBb,Position.h,0x140240e30
StaticMoveList<256>::push_back,0.069995,0.069995,0.0,0.0,736770000,38.0,38.0,0.536585,frankycpp_v1.4.exe,StaticMoveList<256>::push_back,staticmovelist.h,0x140240f3a
Search::checkDrawRepAnd50,0.067995,0.067995,0.0,0.0,41930000,1.4,1.4,9.571429,frankycpp_v1.4.exe,"Search::checkDrawRepAnd50(class Position const &,int)",Search.cpp,0x14020d230
operator++,0.067995,0.067995,0.0,0.0,970380000,37.7,37.7,0.373457,frankycpp_v1.4.exe,operator++,piecetype.h,0x140241049
std::ranges::_Stable_sort_fn::operator(),0.067995,0.067995,0.0,0.0,566055000,37.4,37.4,0.555556,frankycpp_v1.4.exe,std::ranges::_Stable_sort_fn::operator(),algorithm,0x140240027
operator&,0.065996,0.065996,0.0,0.0,679865000,39.6,39.6,0.449339,frankycpp_v1.4.exe,operator&,bitboard.h,0x14023967c
operator+=,0.065996,0.065996,0.0,0.0,865555000,29.3,29.3,0.460208,frankycpp_v1.4.exe,operator+=,value.h,0x140245c72
"std::array<Bitboard,64>::operator[]",0.062996,0.062996,0.0,0.0,455240000,30.6,30.6,0.657895,frankycpp_v1.4.exe,"std::array<Bitboard,64>::operator[]",array,0x14023964f
operator&,0.061996,0.061996,0.0,0.0,1180030000,70.4,70.4,0.314721,frankycpp_v1.4.exe,operator&,bitboard.h,0x140277b27
Value::operator int,0.060996,0.060996,0.0,0.0,625955000,43.1,43.1,0.392344,frankycpp_v1.4.exe,Value::operator int,value.h,0x14023ab36
operator+=,0.059996,0.059996,0.0,0.0,853575000,42.3,42.3,0.410526,frankycpp_v1.4.exe,operator+=,value.h,0x140245c22
"std::unique_ptr<TT::Entry [0],std::default_delete<TT::Entry [0]> >::operator[]",0.058996,0.058996,0.0,0.0,14975000,1.3,1.3,16.600000,frankycpp_v1.4.exe,"std::unique_ptr<TT::Entry [0],std::default_delete<TT::Entry [0]> >::operator[]",memory,0x14020abb8
"std::_For_each_ivdep<TT::Entry *,`TT::clear'::`2'::<lambda_1> >",0.057996,0.057996,0.0,0.0,494175000,40.9,40.9,0.539394,frankycpp_v1.4.exe,"std::_For_each_ivdep<TT::Entry *,`TT::clear'::`2'::<lambda_1> >(struct TT::Entry *, struct TT::Entry *, class TT::clear::__l2::<lambda_1>)",execution,0x140247e10
Bitboard::popLSB,0.054996,0.054996,0.0,0.0,940430000,44.8,44.8,0.353503,frankycpp_v1.4.exe,Bitboard::popLSB,bitboard.h,0x140240e62
Evaluator::prefetch,0.054996,0.054996,0.0,0.0,0,0.4,0.4,,frankycpp_v1.4.exe,Evaluator::prefetch,Evaluator.h,0x14020abd2
Move::stripped,0.054996,0.054996,0.0,0.0,584025000,35.1,35.1,0.451282,frankycpp_v1.4.exe,Move::stripped,move.h,0x1402401b0
MoveGenerator::getEvasionTargets,0.052996,0.052996,0.0,0.0,542095000,42.8,42.8,0.497238,frankycpp_v1.4.exe,MoveGenerator::getEvasionTargets(class Position const &),MoveGenerator.cpp,0x140240300
operator&,0.052996,0.052996,0.0,0.0,613975000,44.8,44.8,0.346341,frankycpp_v1.4.exe,operator&,bitboard.h,0x140245bd7
operator+,0.052996,0.052996,0.0,0.0,1545420000,52.8,52.8,0.244186,frankycpp_v1.4.exe,operator+,value.h,0x1402454d9
std::popcount,0.052996,0.052996,0.0,0.0,464225000,53.9,53.9,0.477419,frankycpp_v1.4.exe,std::popcount,bit,0x140245c5d
func@0x1406b27ef,0.051996,0.051996,0.0,0.0,11980000,6.3,6.3,15.500000,ntoskrnl.exe,func@0x1406b27ef,[Unknown],0x1406b27ef
operator&,0.051996,0.051996,0.0,0.0,566055000,52.1,52.1,0.391534,frankycpp_v1.4.exe,operator&,bitboard.h,0x140245b7a
Bitboard::operator|=,0.050997,0.050997,0.0,0.0,610980000,39.4,39.4,0.490196,frankycpp_v1.4.exe,Bitboard::operator|=,bitboard.h,0x14023aaa6
StaticMoveList<256>::push_back,0.049997,0.049997,0.0,0.0,407320000,28.1,28.1,0.602941,frankycpp_v1.4.exe,StaticMoveList<256>::push_back,staticmovelist.h,0x140240736
Value::operator int,0.049997,0.049997,0.0,0.0,604990000,37.2,37.2,0.475248,frankycpp_v1.4.exe,Value::operator int,value.h,0x14023ac49
operator&,0.049997,0.049997,0.0,0.0,593010000,,,0.520202,frankycpp_v1.4.exe,operator&,bitboard.h,0x1402396cc
operator-,0.049997,0.049997,0.0,0.0,599000000,51.2,51.2,0.410000,frankycpp_v1.4.exe,operator-,depth.h,0x1402099b9
"std::array<std::array<Move,64>,64>::operator[]",0.049997,0.049997,0.0,0.0,967385000,34.6,34.6,0.352941,frankycpp_v1.4.exe,"std::array<std::array<Move,64>,64>::operator[]",array,0x140240290
"std::_Atomic_storage<unsigned __int64,8>::load",0.048997,0.048997,0.0,0.0,95840000,10.6,10.6,2.500000,frankycpp_v1.4.exe,"std::_Atomic_storage<unsigned __int64,8>::load",atomic,0x14024375b
Position::getKingSquare,0.047997,0.047997,0.0,0.0,637935000,36.6,36.6,0.389671,frankycpp_v1.4.exe,Position::getKingSquare,Position.h,0x140246229
operator&,0.047997,0.047997,0.0,0.0,793675000,66.4,66.4,0.271698,frankycpp_v1.4.exe,operator&,bitboard.h,0x140277bc3
Bitboard::operator bool,0.046997,0.046997,0.0,0.0,443260000,38.6,38.6,0.506757,frankycpp_v1.4.exe,Bitboard::operator bool,bitboard.h,0x140240fa9
Move::operator==,0.046997,0.046997,0.0,0.0,862560000,48.1,48.1,0.361111,frankycpp_v1.4.exe,Move::operator==,PVTable.h,0x14020998c
func@0x1406b16d3,0.046997,0.046997,0.0,0.0,17970000,6.5,6.5,7.333333,ntoskrnl.exe,func@0x1406b16d3,[Unknown],0x1406b16d3
operator&,0.046997,0.046997,0.0,0.0,533110000,43.0,43.0,0.438202,frankycpp_v1.4.exe,operator&,bitboard.h,0x140240555
operator&,0.046997,0.046997,0.0,0.0,625955000,41.9,41.9,0.468900,frankycpp_v1.4.exe,operator&,bitboard.h,0x1402396eb
Value::operator int,0.045997,0.045997,0.0,0.0,488185000,35.7,35.7,0.503067,frankycpp_v1.4.exe,Value::operator int,value.h,0x14023ab46
operator+,0.045997,0.045997,0.0,0.0,691845000,42.5,42.5,0.359307,frankycpp_v1.4.exe,operator+,value.h,0x14020ab03
Attacks::detail::Magic::index,0.044997,0.044997,0.0,0.0,530115000,39.7,39.7,0.418079,frankycpp_v1.4.exe,Attacks::detail::Magic::index,attacks.h,0x140166db5
"std::unique_ptr<TT::Entry [0],std::default_delete<TT::Entry [0]> >::operator[]",0.043997,0.043997,0.0,0.0,5990000,1.6,1.6,27.500000,frankycpp_v1.4.exe,"std::unique_ptr<TT::Entry [0],std::default_delete<TT::Entry [0]> >::operator[]",memory,0x140209fb4
MoveGenerator::resetOnDemand,0.042997,0.042997,0.0,0.0,536105000,33.6,33.6,0.435754,frankycpp_v1.4.exe,MoveGenerator::resetOnDemand,MoveGenerator.h,0x1402098b1
Search::thread,0.042997,0.042997,0.0,0.0,281530000,27.7,27.7,0.712766,frankycpp_v1.4.exe,Search::thread,Search.h,0x14020a988
operator-,0.042997,0.042997,0.0,0.0,673875000,63.9,63.9,0.297778,frankycpp_v1.4.exe,operator-,value.h,0x14027795d
std::popcount,0.042997,0.042997,0.0,0.0,476205000,52.1,52.1,0.308176,frankycpp_v1.4.exe,std::popcount,bit,0x140245a5e
operator|,0.041997,0.041997,0.0,0.0,488185000,38.4,38.4,0.472393,frankycpp_v1.4.exe,operator|,bitboard.h,0x140277b93
Position::getPieceBb,0.039997,0.039997,0.0,0.0,359400000,25.2,25.2,0.541667,frankycpp_v1.4.exe,Position::getPieceBb,Position.h,0x1402403c1
Value::isCheckMate,0.039997,0.039997,0.0,0.0,509150000,44.2,44.2,0.552941,frankycpp_v1.4.exe,Value::isCheckMate,value.h,0x14020b054
operator&,0.039997,0.039997,0.0,0.0,715805000,61.7,61.7,0.401674,frankycpp_v1.4.exe,operator&,bitboard.h,0x140239a7a
operator&,0.039997,0.039997,0.0,0.0,715805000,,,0.238494,frankycpp_v1.4.exe,operator&,bitboard.h,0x140239ad8
operator+,0.039997,0.039997,0.0,0.0,386355000,34.7,34.7,0.457364,frankycpp_v1.4.exe,operator+,direction.h,0x140240489
Bitboard::{ctor},0.038997,0.038997,0.0,0.0,763725000,,,0.219608,frankycpp_v1.4.exe,Bitboard::{ctor},bitboard.h,0x140277bd7
"std::array<HistoryState,512>::operator[]",0.038997,0.038997,0.0,0.0,167720000,14.3,14.3,1.339286,frankycpp_v1.4.exe,"std::array<HistoryState,512>::operator[]",array,0x140238e48
typeOf,0.038997,0.038997,0.0,0.0,958400000,79.7,79.7,0.209375,frankycpp_v1.4.exe,typeOf,piece.h,0x1402777a1
Search::valueToTt,0.037997,0.037997,0.0,0.0,437270000,36.9,36.9,0.513699,frankycpp_v1.4.exe,"Search::valueToTt(class Value,enum Depth)",Search.cpp,0x14020b050
colorOf,0.037997,0.037997,0.0,0.0,317470000,44.4,44.4,0.358491,frankycpp_v1.4.exe,colorOf,piece.h,0x14023aa72
operator&,0.037997,0.037997,0.0,0.0,563060000,39.5,39.5,0.393617,frankycpp_v1.4.exe,operator&,bitboard.h,0x140239a91
operator&,0.037997,0.037997,0.0,0.0,841595000,62.3,62.3,0.238434,frankycpp_v1.4.exe,operator&,bitboard.h,0x1402779ba
operator*,0.037997,0.037997,0.0,0.0,536105000,47.5,47.5,0.307263,frankycpp_v1.4.exe,operator*,value.h,0x1402454fa
Direction::pawnPush,0.036998,0.036998,0.0,0.0,536105000,35.8,35.8,0.312849,frankycpp_v1.4.exe,Direction::pawnPush,direction.h,0x1402406ba
Move::operator==,0.036998,0.036998,0.0,0.0,542095000,41.5,41.5,0.386740,frankycpp_v1.4.exe,Move::operator==,PVTable.h,0x1402401f8
PVTable::clear,0.036998,0.036998,0.0,0.0,230615000,22.8,22.8,0.519481,frankycpp_v1.4.exe,PVTable::clear,PVTable.h,0x14020a699
"std::array<Value,25>::operator[]",0.036998,0.036998,0.0,0.0,302495000,44.9,44.9,0.485149,frankycpp_v1.4.exe,"std::array<Value,25>::operator[]",array,0x1402406fa
typeOf,0.036998,0.036998,0.0,0.0,173710000,35.4,35.4,0.655172,frankycpp_v1.4.exe,typeOf,piece.h,0x140240f03
"std::array<std::array<unsigned __int64,64>,16>::operator[]",0.035998,0.035998,0.0,0.0,398335000,31.2,31.2,0.458647,frankycpp_v1.4.exe,"std::array<std::array<unsigned __int64,64>,16>::operator[]",array,0x14023abab
Position::clearEnPassant,0.034998,0.034998,0.0,0.0,437270000,34.4,34.4,0.349315,frankycpp_v1.4.exe,Position::clearEnPassant,Position.cpp,0x14023916c
Position::getPieceBb,0.034998,0.034998,0.0,0.0,533110000,36.0,36.0,0.477528,frankycpp_v1.4.exe,Position::getPieceBb,Position.h,0x140245bde
colorOf,0.034998,0.034998,0.0,0.0,362395000,34.6,34.6,0.528926,frankycpp_v1.4.exe,colorOf,piece.h,0x14023ab99
Bitboard::operator^=,0.033998,0.033998,0.0,0.0,338435000,28.2,28.2,0.557522,frankycpp_v1.4.exe,Bitboard::operator^=,bitboard.h,0x14023abb9
StaticMoveList<256>::empty,0.033998,0.033998,0.0,0.0,350415000,33.5,33.5,0.427350,frankycpp_v1.4.exe,StaticMoveList<256>::empty,staticmovelist.h,0x14023fd3d
operator~,0.033998,0.033998,0.0,0.0,530115000,54.8,54.8,0.457627,frankycpp_v1.4.exe,operator~,color.h,0x14023921b
operator+=,0.032998,0.032998,0.0,0.0,607985000,41.3,41.3,0.438424,frankycpp_v1.4.exe,operator+=,value.h,0x140245d0a
Move::operator==,0.031998,0.031998,0.0,0.0,401330000,35.8,35.8,0.395522,frankycpp_v1.4.exe,Move::operator==,PVTable.h,0x1402401ba
StaticMoveList<128>::pop_back,0.031998,0.031998,0.0,0.0,143760000,14.9,14.9,1.291667,frankycpp_v1.4.exe,StaticMoveList<128>::pop_back,staticmovelist.h,0x14020a1c8
operator&,0.031998,0.031998,0.0,0.0,440265000,38.6,38.6,0.455782,frankycpp_v1.4.exe,operator&,bitboard.h,0x140239707
operator|,0.031998,0.031998,0.0,0.0,569050000,61.0,61.0,0.357895,frankycpp_v1.4.exe,operator|,bitboard.h,0x140277ab7
Bitboard::operator bool,0.030998,0.030998,0.0,0.0,302495000,35.6,35.6,0.425743,frankycpp_v1.4.exe,Bitboard::operator bool,bitboard.h,0x1402411b0
Position::getLastMove,0.030998,0.030998,0.0,0.0,344425000,41.9,41.9,0.434783,frankycpp_v1.4.exe,Position::getLastMove,Position.h,0x14024026b
operator-,0.030998,0.030998,0.0,0.0,77870000,13.9,13.9,1.769231,frankycpp_v1.4.exe,operator-,value.h,0x14020ac6d
operator-,0.030998,0.030998,0.0,0.0,110815000,18.6,18.6,1.486486,frankycpp_v1.4.exe,operator-,value.h,0x14020a734
operator|,0.030998,0.030998,0.0,0.0,652910000,40.3,40.3,0.330275,frankycpp_v1.4.exe,operator|,bitboard.h,0x140277ba6
"std::array<Value,32>::operator[]",0.030998,0.030998,0.0,0.0,569050000,61.4,61.4,0.357895,frankycpp_v1.4.exe,"std::array<Value,32>::operator[]",array,0x140277818
Move::from,0.029998,0.029998,0.0,0.0,281530000,40.1,40.1,0.478723,frankycpp_v1.4.exe,Move::from,move.h,0x14020999c
moveValueGreaterComparator::operator(),0.029998,0.029998,0.0,0.0,260565000,34.7,34.7,0.505747,frankycpp_v1.4.exe,moveValueGreaterComparator::operator(),move.h,0x14021af50
"std::array<PlyInfo,128>::operator[]",0.029998,0.029998,0.0,0.0,230615000,29.2,29.2,0.441558,frankycpp_v1.4.exe,"std::array<PlyInfo,128>::operator[]",array,0x14020a994
Direction::operator int,0.028998,0.028998,0.0,0.0,398335000,34.5,34.5,0.466165,frankycpp_v1.4.exe,Direction::operator int,direction.h,0x1402418a0
Move::to,0.028998,0.028998,0.0,0.0,365390000,36.9,36.9,0.450820,frankycpp_v1.4.exe,Move::to,move.h,0x140209c65
func@0x1800126c0,0.028998,0.028998,0.0,0.0,0,2.6,2.6,,vcruntime140.dll,func@0x1800126c0,[Unknown],0x1800126c0
typeOf,0.028998,0.028998,0.0,0.0,284525000,29.4,29.4,0.473684,frankycpp_v1.4.exe,typeOf,piece.h,0x1402391a1
Move::type,0.027998,0.027998,0.0,0.0,431280000,52.0,52.0,0.340278,frankycpp_v1.4.exe,Move::type,move.h,0x140209c42
Search::evaluate,0.027998,0.027998,0.0,0.0,497170000,47.6,47.6,0.271084,frankycpp_v1.4.exe,Search::evaluate,Search.cpp,0x14020a8b8
Bitboard::operator bool,0.026998,0.026998,0.0,0.0,341430000,45.0,45.0,0.429825,frankycpp_v1.4.exe,Bitboard::operator bool,bitboard.h,0x1402409d1
Value::operator int,0.026998,0.026998,0.0,0.0,347420000,27.6,27.6,0.646552,frankycpp_v1.4.exe,Value::operator int,value.h,0x14023ac36
Move::operator==,0.025998,0.025998,0.0,0.0,308485000,39.0,39.0,0.466019,frankycpp_v1.4.exe,Move::operator==,PVTable.h,0x1402401d9
Position::isCapturingMove,0.025998,0.025998,0.0,0.0,440265000,45.8,45.8,0.299320,frankycpp_v1.4.exe,Position::isCapturingMove,Position.h,0x140209c56
operator~,0.025998,0.025998,0.0,0.0,449250000,36.1,36.1,0.446667,frankycpp_v1.4.exe,operator~,color.h,0x140240ea0
"std::unique_ptr<TT::Entry [0],std::default_delete<TT::Entry [0]> >::operator[]",0.025998,0.025998,0.0,0.0,86855000,5.4,5.4,2.379310,frankycpp_v1.4.exe,"std::unique_ptr<TT::Entry [0],std::default_delete<TT::Entry [0]> >::operator[]",memory,0x1402471b5
Position::getNextPlayer,0.024998,0.024998,0.0,0.0,206655000,22.9,22.9,0.507246,frankycpp_v1.4.exe,Position::getNextPlayer,Position.h,0x1402403b3
operator&,0.024998,0.024998,0.0,0.0,673875000,65.5,65.5,0.244444,frankycpp_v1.4.exe,operator&,bitboard.h,0x140239abf
operator|,0.024998,0.024998,0.0,0.0,374375000,47.3,47.3,0.312000,frankycpp_v1.4.exe,operator|,bitboard.h,0x140277aca
operator~,0.024998,0.024998,0.0,0.0,17970000,8.3,8.3,3.333333,frankycpp_v1.4.exe,operator~,color.h,0x14023992f
Position::checkInsufficientMaterial,0.023998,0.023998,0.0,0.0,473210000,44.6,44.6,0.379747,frankycpp_v1.4.exe,Position::checkInsufficientMaterial(void),Position.cpp,0x140239df0
StaticMoveList<128>::push_back,0.023998,0.023998,0.0,0.0,0,0.5,0.5,,frankycpp_v1.4.exe,StaticMoveList<128>::push_back,staticmovelist.h,0x14020abf5
operator+=,0.023998,0.023998,0.0,0.0,383360000,,,0.218750,frankycpp_v1.4.exe,operator+=,value.h,0x140245ae1
operator|,0.023998,0.023998,0.0,0.0,128785000,56.9,56.9,0.441860,frankycpp_v1.4.exe,operator|,bitboard.h,0x140245c9e
typeOf,0.023998,0.023998,0.0,0.0,434275000,49.2,49.2,0.248276,frankycpp_v1.4.exe,typeOf,piece.h,0x14023999f
Move::operator==,0.022998,0.022998,0.0,0.0,290515000,41.8,41.8,0.453608,frankycpp_v1.4.exe,Move::operator==,PVTable.h,0x14020aada
Move::to,0.022998,0.022998,0.0,0.0,395340000,59.8,59.8,0.295455,frankycpp_v1.4.exe,Move::to,move.h,0x14020aecd
Move::type,0.022998,0.022998,0.0,0.0,266555000,37.2,37.2,0.370787,frankycpp_v1.4.exe,Move::type,move.h,0x1402776cd
Position::getNextPlayer,0.022998,0.022998,0.0,0.0,212645000,50.5,50.5,0.549296,frankycpp_v1.4.exe,Position::getNextPlayer,Position.h,0x14024016e
Search::search::__l2::<lambda_1>::operator(),0.022998,0.022998,0.0,0.0,296505000,44.9,44.9,0.282828,frankycpp_v1.4.exe,Search::search::__l2::<lambda_1>::operator(),Search.cpp,0x14020929c
Value::isCheckMate,0.022998,0.022998,0.0,0.0,77870000,9.5,9.5,1.576923,frankycpp_v1.4.exe,Value::isCheckMate,value.h,0x14020b094
Value::isValid,0.022998,0.022998,0.0,0.0,65890000,14.1,14.1,2.272727,frankycpp_v1.4.exe,Value::isValid,value.h,0x14020a7dd
Move::stripped,0.021999,0.021999,0.0,0.0,152745000,22.8,22.8,0.647059,frankycpp_v1.4.exe,Move::stripped,move.h,0x14023e452
PawnTT::put,0.021999,0.021999,0.0,0.0,41930000,6.3,6.3,3.142857,frankycpp_v1.4.exe,"PawnTT::put(struct PawnTT::Entry *,unsigned __int64,struct Score)",PawnTT.cpp,0x140243730
Position::getPieceBb,0.021999,0.021999,0.0,0.0,407320000,56.8,56.8,0.279412,frankycpp_v1.4.exe,Position::getPieceBb,Position.h,0x1402779ea
Position::getPieceBb,0.021999,0.021999,0.0,0.0,275540000,57.5,57.5,0.282609,frankycpp_v1.4.exe,Position::getPieceBb,Position.h,0x140277aec
StaticMoveList<128>::push_back,0.021999,0.021999,0.0,0.0,5990000,0.9,0.9,13.000000,frankycpp_v1.4.exe,StaticMoveList<128>::push_back,staticmovelist.h,0x140209fd0
StaticMoveList<256>::push_back,0.021999,0.021999,0.0,0.0,197670000,31.4,31.4,0.500000,frankycpp_v1.4.exe,StaticMoveList<256>::push_back,staticmovelist.h,0x14024128a
func@0x1403606c0,0.021999,0.021999,0.0,0.0,50915000,17.6,17.6,0.941176,ntoskrnl.exe,func@0x1403606c0,[Unknown],0x1403606c0
operator&,0.021999,0.021999,0.0,0.0,470215000,42.8,42.8,0.248408,frankycpp_v1.4.exe,operator&,bitboard.h,0x140240ea5
operator-,0.021999,0.021999,0.0,0.0,275540000,52.3,52.3,0.402174,frankycpp_v1.4.exe,operator-,value.h,0x140277813
"std::array<int,64>::operator[]",0.021999,0.021999,0.0,0.0,452245000,57.9,57.9,0.218543,frankycpp_v1.4.exe,"std::array<int,64>::operator[]",array,0x140245aa7
Bitboard::operator~,0.020999,0.020999,0.0,0.0,194675000,46.0,46.0,0.446154,frankycpp_v1.4.exe,Bitboard::operator~,bitboard.h,0x1402406a2
Search::thread,0.020999,0.020999,0.0,0.0,0,0.3,0.3,,frankycpp_v1.4.exe,Search::thread,Search.h,0x1402110de
StaticMoveList<256>::empty,0.020999,0.020999,0.0,0.0,170715000,43.4,43.4,0.578947,frankycpp_v1.4.exe,StaticMoveList<256>::empty,staticmovelist.h,0x14023e403
func@0x1400010e0,0.020999,0.020999,0.0,0.0,2995000,1.0,1.0,25.000000,intelppm.sys,func@0x1400010e0,[Unknown],0x1400010e0
func@0x1406ac770,0.020999,0.020999,0.0,0.0,26955000,8.7,8.7,6.222222,ntoskrnl.exe,func@0x1406ac770,[Unknown],0x1406ac770
operator+=,0.020999,0.020999,0.0,0.0,275540000,45.0,45.0,0.293478,frankycpp_v1.4.exe,operator+=,value.h,0x1402462e6
operator~,0.020999,0.020999,0.0,0.0,221630000,48.4,48.4,0.486486,frankycpp_v1.4.exe,operator~,color.h,0x140209c56
operator~,0.020999,0.020999,0.0,0.0,140765000,16.6,16.6,0.617021,frankycpp_v1.4.exe,operator~,color.h,0x1402392dc
"std::array<Value,25>::operator[]",0.020999,0.020999,0.0,0.0,269550000,33.6,33.6,0.400000,frankycpp_v1.4.exe,"std::array<Value,25>::operator[]",array,0x140240fe2
std::max,0.020999,0.020999,0.0,0.0,179700000,31.0,31.0,0.533333,frankycpp_v1.4.exe,std::max,utility,0x140277945
"std::ranges::_Inplace_merge_buffer_left<Move *,moveValueGreaterComparator,std::identity>",0.020999,0.020999,0.0,0.0,173710000,16.9,16.9,0.689655,frankycpp_v1.4.exe,"std::ranges::_Inplace_merge_buffer_left<Move *,moveValueGreaterComparator,std::identity>(class Move *, class Move *, class Move *, class Move *, const __int64, struct moveValueGreaterComparator, struct std::identity)",algorithm,0x14021cf60
Bitboard::popLSB,0.019999,0.019999,0.0,0.0,215640000,27.7,27.7,0.791667,frankycpp_v1.4.exe,Bitboard::popLSB,bitboard.h,0x140245b30
Search::valueFromTt,0.019999,0.019999,0.0,0.0,41930000,6.4,6.4,1.928571,frankycpp_v1.4.exe,"Search::valueFromTt(class Value,enum Depth)",Search.cpp,0x14020b090
Value::operator int,0.019999,0.019999,0.0,0.0,353410000,43.9,43.9,0.457627,frankycpp_v1.4.exe,Value::operator int,value.h,0x14023ab0e
func@0x140def930,0.019999,0.019999,0.0,0.0,0,0.0,0.0,,nvlddmkm.sys,func@0x140def930,[Unknown],0x140def930
std::max,0.019999,0.019999,0.0,0.0,500165000,61.8,61.8,0.317365,frankycpp_v1.4.exe,std::max,utility,0x14027783f
"std::unique_ptr<PawnTT::Entry [0],std::default_delete<PawnTT::Entry [0]> >::operator[]",0.019999,0.019999,0.0,0.0,17970000,2.4,2.4,5.333333,frankycpp_v1.4.exe,"std::unique_ptr<PawnTT::Entry [0],std::default_delete<PawnTT::Entry [0]> >::operator[]",memory,0x14020abe6
CastlingRights::operator-=,0.018999,0.018999,0.0,0.0,287520000,35.9,35.9,0.260417,frankycpp_v1.4.exe,CastlingRights::operator-=,castlingrights.h,0x14023914f
Position::doNullMove,0.018999,0.018999,0.0,0.0,101830000,42.3,42.3,0.500000,frankycpp_v1.4.exe,Position::doNullMove(void),Position.cpp,0x1402394f0
operator+=,0.018999,0.018999,0.0,0.0,173710000,36.5,36.5,0.413793,frankycpp_v1.4.exe,operator+=,value.h,0x140245c34
"std::array<Move,128>::operator[]",0.018999,0.018999,0.0,0.0,41930000,8.8,8.8,1.928571,frankycpp_v1.4.exe,"std::array<Move,128>::operator[]",array,0x140208d07
"std::array<unsigned __int64,64>::operator[]",0.018999,0.018999,0.0,0.0,311480000,50.2,50.2,0.365385,frankycpp_v1.4.exe,"std::array<unsigned __int64,64>::operator[]",array,0x14023aaca
std::countr_zero,0.018999,0.018999,0.0,0.0,137770000,,,0.586957,frankycpp_v1.4.exe,std::countr_zero,bit,0x1402406e8
"std::unique_ptr<TT::Entry [0],std::default_delete<TT::Entry [0]> >::operator[]",0.018999,0.018999,0.0,0.0,155740000,18.0,18.0,0.884615,frankycpp_v1.4.exe,"std::unique_ptr<TT::Entry [0],std::default_delete<TT::Entry [0]> >::operator[]",memory,0x140247037
Move::encode,0.017999,0.017999,0.0,0.0,263560000,37.9,37.9,0.386364,frankycpp_v1.4.exe,Move::encode,move.h,0x14024072d
Move::from,0.017999,0.017999,0.0,0.0,125790000,12.4,12.4,1.142857,frankycpp_v1.4.exe,Move::from,move.h,0x14023944f
StaticMoveList<256>::empty,0.017999,0.017999,0.0,0.0,176705000,32.0,32.0,0.677966,frankycpp_v1.4.exe,StaticMoveList<256>::empty,staticmovelist.h,0x140240010
func@0x1402786e0,0.017999,0.017999,0.0,0.0,14975000,9.4,9.4,4.600000,ntoskrnl.exe,func@0x1402786e0,[Unknown],0x1402786e0
operator&,0.017999,0.017999,0.0,0.0,584025000,84.0,84.0,0.220513,frankycpp_v1.4.exe,operator&,bitboard.h,0x140245cc4
operator-,0.017999,0.017999,0.0,0.0,191680000,46.0,46.0,0.656250,frankycpp_v1.4.exe,operator-,value.h,0x140277825
operator|,0.017999,0.017999,0.0,0.0,332445000,48.3,48.3,0.315315,frankycpp_v1.4.exe,operator|,bitboard.h,0x140277a98
operator|,0.017999,0.017999,0.0,0.0,167720000,29.5,29.5,0.732143,frankycpp_v1.4.exe,operator|,bitboard.h,0x140166e36
"std::array<HistoryState,512>::operator[]",0.017999,0.017999,0.0,0.0,92845000,24.9,24.9,1.419355,frankycpp_v1.4.exe,"std::array<HistoryState,512>::operator[]",array,0x1402392ea
std::popcount,0.017999,0.017999,0.0,0.0,191680000,43.3,43.3,0.546875,frankycpp_v1.4.exe,std::popcount,bit,0x140245d79
"std::unique_ptr<PawnTT::Entry [0],std::default_delete<PawnTT::Entry [0]> >::operator[]",0.017999,0.017999,0.0,0.0,71880000,21.7,21.7,0.833333,frankycpp_v1.4.exe,"std::unique_ptr<PawnTT::Entry [0],std::default_delete<PawnTT::Entry [0]> >::operator[]",memory,0x1402455dd
Attacks::detail::Magic::index,0.016999,0.016999,0.0,0.0,254575000,42.2,42.2,0.529412,frankycpp_v1.4.exe,Attacks::detail::Magic::index,attacks.h,0x140166d94
PawnTT::getHash,0.016999,0.016999,0.0,0.0,634940000,79.7,79.7,0.198113,frankycpp_v1.4.exe,PawnTT::getHash,PawnTT.h,0x1402455d1
Square::{ctor},0.016999,0.016999,0.0,0.0,110815000,25.7,25.7,0.702703,frankycpp_v1.4.exe,Square::{ctor},square.h,0x140238e15
Value::operator int,0.016999,0.016999,0.0,0.0,245590000,27.8,27.8,0.378049,frankycpp_v1.4.exe,Value::operator int,value.h,0x14023ac0e
operator*,0.016999,0.016999,0.0,0.0,350415000,67.1,67.1,0.196581,frankycpp_v1.4.exe,operator*,value.h,0x140245313
operator+=,0.016999,0.016999,0.0,0.0,266555000,62.7,62.7,0.258427,frankycpp_v1.4.exe,operator+=,value.h,0x140245dc7
Search::thread,0.015999,0.015999,0.0,0.0,98835000,13.7,13.7,1.121212,frankycpp_v1.4.exe,Search::thread,Search.h,0x140208d02
StaticMoveList<128>::pop_back,0.015999,0.015999,0.0,0.0,86855000,14.7,14.7,1.758621,frankycpp_v1.4.exe,StaticMoveList<128>::pop_back,staticmovelist.h,0x14020ac73
StaticMoveList<256>::push_back,0.015999,0.015999,0.0,0.0,155740000,38.6,38.6,0.500000,frankycpp_v1.4.exe,StaticMoveList<256>::push_back,staticmovelist.h,0x1402412ef
func@0x140241690,0.015999,0.015999,0.0,0.0,5990000,1.1,1.1,8.500000,ntoskrnl.exe,func@0x140241690,[Unknown],0x140241690
func@0x140278080,0.015999,0.015999,0.0,0.0,2995000,3.5,3.5,30.000000,ntoskrnl.exe,func@0x140278080,[Unknown],0x140278080
func@0x180011200,0.015999,0.015999,0.0,0.0,41930000,13.6,13.6,1.285714,vcruntime140.dll,func@0x180011200,[Unknown],0x180011200
operator&,0.015999,0.015999,0.0,0.0,287520000,52.2,52.2,0.177083,frankycpp_v1.4.exe,operator&,bitboard.h,0x1402398bd
operator+,0.015999,0.015999,0.0,0.0,239600000,64.3,64.3,0.362500,frankycpp_v1.4.exe,operator+,value.h,0x140209d01
operator|,0.015999,0.015999,0.0,0.0,143760000,40.5,40.5,0.583333,frankycpp_v1.4.exe,operator|,bitboard.h,0x140245b54
"std::_Atomic_reinterpret_as<__int64,unsigned __int64>",0.015999,0.015999,0.0,0.0,62895000,12.9,12.9,1.714286,frankycpp_v1.4.exe,"std::_Atomic_reinterpret_as<__int64,unsigned __int64>(unsigned __int64 const & __ptr64)",atomic,0x140245080
"std::ranges::_Stable_sort_fn::_Buffered_merge_sort_common<Move *,moveValueGreaterComparator,std::identity>",0.015999,0.015999,0.0,0.0,119800000,23.7,23.7,0.400000,frankycpp_v1.4.exe,"std::ranges::_Stable_sort_fn::_Buffered_merge_sort_common<Move *,moveValueGreaterComparator,std::identity>(class Move *, class Move *, const __int64, class Move *, struct moveValueGreaterComparator, struct std::identity)",algorithm,0x14021ae60
Direction::pawnPush,0.014999,0.014999,0.0,0.0,236605000,31.0,31.0,0.316456,frankycpp_v1.4.exe,Direction::pawnPush,direction.h,0x140240990
Move::type,0.014999,0.014999,0.0,0.0,107820000,38.6,38.6,0.611111,frankycpp_v1.4.exe,Move::type,move.h,0x140239992
func@0x1402e31ed,0.014999,0.014999,0.0,0.0,41930000,21.6,21.6,2.857143,ntoskrnl.exe,func@0x1402e31ed,[Unknown],0x1402e31ed
operator+=,0.014999,0.014999,0.0,0.0,736770000,34.3,34.3,0.138211,frankycpp_v1.4.exe,operator+=,value.h,0x140245608
operator-,0.014999,0.014999,0.0,0.0,119800000,29.4,29.4,0.625000,frankycpp_v1.4.exe,operator-,value.h,0x140240cd4
operator|,0.014999,0.014999,0.0,0.0,308485000,90.1,90.1,0.223301,frankycpp_v1.4.exe,operator|,bitboard.h,0x140277b1c
"std::_Hash<std::_Umap_traits<unsigned __int64,BookEntry,std::_Uhash_compare<unsigned __int64,std::hash<unsigned __int64>,std::equal_to<unsigned __int64> >,std::allocator<std::pair<unsigned __int64 const ,BookEntry> >,0> >::_Find_last",0.014999,0.014999,0.0,0.0,14975000,5.8,5.8,5.800000,frankycpp_v1.4.exe,"std::_Hash<std::_Umap_traits<unsigned __int64,BookEntry,std::_Uhash_compare<unsigned __int64,std::hash<unsigned __int64>,std::equal_to<unsigned __int64> >,std::allocator<std::pair<unsigned __int64 const ,BookEntry> >,0> >::_Find_last",xhash,0x140261b50
std::countr_zero,0.014999,0.014999,0.0,0.0,110815000,30.9,30.9,0.783784,frankycpp_v1.4.exe,std::countr_zero,bit,0x140245b30
Bitboard::{ctor},0.013999,0.013999,0.0,0.0,197670000,60.3,60.3,0.318182,frankycpp_v1.4.exe,Bitboard::{ctor},bitboard.h,0x1402398b2
Color::sign,0.013999,0.013999,0.0,0.0,98835000,70.9,70.9,0.454545,frankycpp_v1.4.exe,Color::sign,color.h,0x14024620e
Direction::{ctor},0.013999,0.013999,0.0,0.0,125790000,28.7,28.7,0.595238,frankycpp_v1.4.exe,Direction::{ctor},direction.h,0x1402409bd
Evaluator::valueFromScore,0.013999,0.013999,0.0,0.0,137770000,53.7,53.7,0.282609,frankycpp_v1.4.exe,Evaluator::valueFromScore,Evaluator.cpp,0x140245313
operator+,0.013999,0.013999,0.0,0.0,802660000,,,0.067164,frankycpp_v1.4.exe,operator+,value.h,0x140245345
typeOf,0.013999,0.013999,0.0,0.0,116805000,48.5,48.5,0.384615,frankycpp_v1.4.exe,typeOf,piece.h,0x1402406ef
typeOf,0.013999,0.013999,0.0,0.0,158735000,39.3,39.3,0.547170,frankycpp_v1.4.exe,typeOf,piece.h,0x14023aa6a
typeOf,0.013999,0.013999,0.0,0.0,350415000,43.9,43.9,0.213675,frankycpp_v1.4.exe,typeOf,piece.h,0x140209cb2
Bitboard::popLSB,0.012999,0.012999,0.0,0.0,158735000,36.4,36.4,0.528302,frankycpp_v1.4.exe,Bitboard::popLSB,bitboard.h,0x140240ef5
PVTable::clear,0.012999,0.012999,0.0,0.0,20965000,8.8,8.8,2.428571,frankycpp_v1.4.exe,PVTable::clear,PVTable.h,0x140208cf8
PawnTT::prefetch,0.012999,0.012999,0.0,0.0,11980000,6.8,6.8,9.000000,frankycpp_v1.4.exe,PawnTT::prefetch,PawnTT.h,0x14020abde
Rank::promotionFor,0.012999,0.012999,0.0,0.0,116805000,47.2,47.2,0.564103,frankycpp_v1.4.exe,Rank::promotionFor,rank.h,0x140240aef
Search::evaluate,0.012999,0.012999,0.0,0.0,62895000,31.2,31.2,0.476190,frankycpp_v1.4.exe,Search::evaluate,Search.cpp,0x1402091f0
StaticMoveList<256>::end,0.012999,0.012999,0.0,0.0,83860000,41.5,41.5,0.571429,frankycpp_v1.4.exe,StaticMoveList<256>::end,staticmovelist.h,0x140240027
boost::archive::detail::basic_iarchive_impl::register_type,0.012999,0.012999,0.0,0.0,143760000,45.5,45.5,0.458333,frankycpp_v1.4.exe,boost::archive::detail::basic_iarchive_impl::register_type(class boost::archive::detail::basic_iserializer const &),basic_iarchive.cpp,0x140283750
operator&,0.012999,0.012999,0.0,0.0,269550000,75.0,75.0,0.288889,frankycpp_v1.4.exe,operator&,bitboard.h,0x1402779c6
operator+,0.012999,0.012999,0.0,0.0,122795000,34.9,34.9,0.439024,frankycpp_v1.4.exe,operator+,castlingrights.h,0x140239134
operator+,0.012999,0.012999,0.0,0.0,116805000,34.3,34.3,0.487179,frankycpp_v1.4.exe,operator+,value.h,0x14020a726
operator-,0.012999,0.012999,0.0,0.0,38935000,18.0,18.0,2.307692,frankycpp_v1.4.exe,operator-,value.h,0x14020a078
Bitboard::operator bool,0.011999,0.011999,0.0,0.0,179700000,55.3,55.3,0.316667,frankycpp_v1.4.exe,Bitboard::operator bool,bitboard.h,0x140245ddb
Bitboard::operator&=,0.011999,0.011999,0.0,0.0,65890000,22.8,22.8,0.590909,frankycpp_v1.4.exe,Bitboard::operator&=,bitboard.h,0x1402406aa
Bitboard::operator^=,0.011999,0.011999,0.0,0.0,347420000,,,0.155172,frankycpp_v1.4.exe,Bitboard::operator^=,bitboard.h,0x1402778ad
Move::setValue,0.011999,0.011999,0.0,0.0,116805000,29.1,29.1,0.615385,frankycpp_v1.4.exe,Move::setValue,move.h,0x1402402b4
Search::thread,0.011999,0.011999,0.0,0.0,56905000,26.2,26.2,0.421053,frankycpp_v1.4.exe,Search::thread,Search.h,0x14020ad21
func@0x1403996f0,0.011999,0.011999,0.0,0.0,11980000,11.8,11.8,3.750000,nvlddmkm.sys,func@0x1403996f0,[Unknown],0x1403996f0
operator+=,0.011999,0.011999,0.0,0.0,125790000,37.1,37.1,0.333333,frankycpp_v1.4.exe,operator+=,value.h,0x14024549c
operator-,0.011999,0.011999,0.0,0.0,152745000,41.2,41.2,0.352941,frankycpp_v1.4.exe,operator-,value.h,0x140240f41
operator|,0.011999,0.011999,0.0,0.0,161730000,38.6,38.6,0.462963,frankycpp_v1.4.exe,operator|,bitboard.h,0x140239a1d
std::clamp,0.011999,0.011999,0.0,0.0,98835000,39.1,39.1,0.424242,frankycpp_v1.4.exe,std::clamp,algorithm,0x140209f4a
std::countr_zero,0.011999,0.011999,0.0,0.0,110815000,,,0.378378,frankycpp_v1.4.exe,std::countr_zero,bit,0x140245a10
std::countr_zero,0.011999,0.011999,0.0,0.0,56905000,36.8,36.8,0.526316,frankycpp_v1.4.exe,std::countr_zero,bit,0x140241260
Direction::pawnPush,0.010999,0.010999,0.0,0.0,137770000,30.5,30.5,0.586957,frankycpp_v1.4.exe,Direction::pawnPush,direction.h,0x140240434
PVTable::update,0.010999,0.010999,0.0,0.0,59900000,17.5,17.5,0.650000,frankycpp_v1.4.exe,"PVTable::update(class Move,enum Depth)",PVTable.h,0x1401fdea0
Position::getNextPlayer,0.010999,0.010999,0.0,0.0,101830000,39.7,39.7,0.529412,frankycpp_v1.4.exe,Position::getNextPlayer,Position.h,0x14024109e
StaticMoveList<256>::push_back,0.010999,0.010999,0.0,0.0,185690000,40.8,40.8,0.500000,frankycpp_v1.4.exe,StaticMoveList<256>::push_back,staticmovelist.h,0x140240cac
func@0x14002706b,0.010999,0.010999,0.0,0.0,38935000,8.8,8.8,1.615385,dxgmms2.sys,func@0x14002706b,[Unknown],0x14002706b
func@0x1402b6ac0,0.010999,0.010999,0.0,0.0,29950000,11.2,11.2,0.900000,ntoskrnl.exe,func@0x1402b6ac0,[Unknown],0x1402b6ac0
operator&,0.010999,0.010999,0.0,0.0,242595000,58.0,58.0,0.234568,frankycpp_v1.4.exe,operator&,bitboard.h,0x1402779d2
operator&,0.010999,0.010999,0.0,0.0,161730000,,,0.203704,frankycpp_v1.4.exe,operator&,bitboard.h,0x140277ae9
operator*,0.010999,0.010999,0.0,0.0,134775000,37.2,37.2,0.355556,frankycpp_v1.4.exe,operator*,value.h,0x140245318
operator+,0.010999,0.010999,0.0,0.0,134775000,57.5,57.5,0.555556,frankycpp_v1.4.exe,operator+,value.h,0x140209d05
operator+,0.010999,0.010999,0.0,0.0,122795000,32.9,32.9,0.487805,frankycpp_v1.4.exe,operator+,value.h,0x14020ab1a
operator-,0.010999,0.010999,0.0,0.0,146755000,32.5,32.5,0.448980,frankycpp_v1.4.exe,operator-,value.h,0x140240c21
operator|,0.010999,0.010999,0.0,0.0,113810000,44.9,44.9,0.289474,frankycpp_v1.4.exe,operator|,bitboard.h,0x140239860
operator|,0.010999,0.010999,0.0,0.0,122795000,33.9,33.9,0.317073,frankycpp_v1.4.exe,operator|,bitboard.h,0x140240dfc
wcsnicmp,0.010999,0.010999,0.0,0.0,128785000,72.7,72.7,0.279070,ntoskrnl.exe,wcsnicmp,[Unknown],0x1404fe420
Bitboard::{ctor},0.009999,0.009999,0.0,0.0,86855000,100.0,100.0,0.241379,frankycpp_v1.4.exe,Bitboard::{ctor},bitboard.h,0x140166e3c
Position::getPiece,0.009999,0.009999,0.0,0.0,80865000,32.4,32.4,0.481481,frankycpp_v1.4.exe,Position::getPiece,Position.h,0x14023ab7a
TT::getHash,0.009999,0.009999,0.0,0.0,17970000,18.2,18.2,1.833333,frankycpp_v1.4.exe,TT::getHash,TT.h,0x14024702a
calc_symLen,0.009999,0.009999,0.0,0.0,56905000,36.7,36.7,0.473684,frankycpp_v1.4.exe,"calc_symLen(struct PairsData *, unsigned int, char *)",tbprobe.c,0x14027d630
func@0x1402494a0,0.009999,0.009999,0.0,0.0,59900000,16.5,16.5,0.850000,ntoskrnl.exe,func@0x1402494a0,[Unknown],0x1402494a0
func@0x140277720,0.009999,0.009999,0.0,0.0,14975000,11.6,11.6,1.600000,ntoskrnl.exe,func@0x140277720,[Unknown],0x140277720
func@0x18001d400,0.009999,0.009999,0.0,0.0,164725000,58.2,58.2,0.254545,ntdll.dll,func@0x18001d400,[Unknown],0x18001d400
operator&,0.009999,0.009999,0.0,0.0,59900000,33.7,33.7,0.500000,frankycpp_v1.4.exe,operator&,bitboard.h,0x14024111b
operator&,0.009999,0.009999,0.0,0.0,173710000,82.1,82.1,0.224138,frankycpp_v1.4.exe,operator&,bitboard.h,0x1402779de
operator+,0.009999,0.009999,0.0,0.0,191680000,65.2,65.2,0.328125,frankycpp_v1.4.exe,operator+,direction.h,0x140245782
operator+=,0.009999,0.009999,0.0,0.0,35940000,14.5,14.5,1.250000,frankycpp_v1.4.exe,operator+=,value.h,0x140245600
operator-,0.009999,0.009999,0.0,0.0,17970000,21.4,21.4,2.000000,frankycpp_v1.4.exe,operator-,value.h,0x14020a1be
operator^=,0.009999,0.009999,0.0,0.0,161730000,41.8,41.8,0.240741,frankycpp_v1.4.exe,operator^=,bitboards.h,0x140277862
operator|,0.009999,0.009999,0.0,0.0,74875000,54.6,54.6,0.440000,frankycpp_v1.4.exe,operator|,bitboard.h,0x1402398b2
operator|,0.009999,0.009999,0.0,0.0,95840000,42.2,42.2,0.406250,frankycpp_v1.4.exe,operator|,bitboard.h,0x140240975
operator|,0.009999,0.009999,0.0,0.0,116805000,44.1,44.1,0.384615,frankycpp_v1.4.exe,operator|,bitboard.h,0x140277737
"std::array<Bitboard,8>::operator[]",0.009999,0.009999,0.0,0.0,125790000,38.6,38.6,0.500000,frankycpp_v1.4.exe,"std::array<Bitboard,8>::operator[]",array,0x1402409aa
"std::array<std::array<unsigned __int64,64>,16>::operator[]",0.009999,0.009999,0.0,0.0,95840000,39.2,39.2,0.437500,frankycpp_v1.4.exe,"std::array<std::array<unsigned __int64,64>,16>::operator[]",array,0x14023aac6
typeOf,0.009999,0.009999,0.0,0.0,89850000,52.0,52.0,0.300000,frankycpp_v1.4.exe,typeOf,piece.h,0x140277806
Bitboard::operator bool,0.008999,0.008999,0.0,0.0,98835000,67.5,67.5,0.515152,frankycpp_v1.4.exe,Bitboard::operator bool,bitboard.h,0x140240d02
Bitboard::operator|=,0.008999,0.008999,0.0,0.0,161730000,58.5,58.5,0.259259,frankycpp_v1.4.exe,Bitboard::operator|=,bitboard.h,0x14024575e
Move::encode,0.008999,0.008999,0.0,0.0,92845000,33.7,33.7,0.322581,frankycpp_v1.4.exe,Move::encode,move.h,0x140240c18
Move::setValue,0.008999,0.008999,0.0,0.0,53910000,67.2,67.2,0.500000,frankycpp_v1.4.exe,Move::setValue,move.h,0x1402401e1
Move::to,0.008999,0.008999,0.0,0.0,92845000,,,0.129032,frankycpp_v1.4.exe,Move::to,move.h,0x14020a28f
Move::to,0.008999,0.008999,0.0,0.0,134775000,,,0.244444,frankycpp_v1.4.exe,Move::to,move.h,0x14027774f
Position::getPiece,0.008999,0.008999,0.0,0.0,101830000,34.1,34.1,0.352941,frankycpp_v1.4.exe,Position::getPiece,Position.h,0x14027774a
RtlFreeHeap,0.008999,0.008999,0.0,0.0,77870000,56.8,56.8,0.500000,ntdll.dll,RtlFreeHeap,[Unknown],0x180078bb0
Search::thread,0.008999,0.008999,0.0,0.0,35940000,33.1,33.1,0.250000,frankycpp_v1.4.exe,Search::thread,Search.h,0x140209e8a
TT::resize,0.008999,0.008999,0.0,0.0,92845000,27.2,27.2,0.612903,frankycpp_v1.4.exe,TT::resize(unsigned __int64),TT.cpp,0x140246790
Value::{ctor},0.008999,0.008999,0.0,0.0,161730000,35.2,35.2,0.259259,frankycpp_v1.4.exe,Value::{ctor},value.h,0x140277835
func@0x140362fc0,0.008999,0.008999,0.0,0.0,17970000,2.5,2.5,3.666667,ntoskrnl.exe,func@0x140362fc0,[Unknown],0x140362fc0
moveValueGreaterComparator::operator(),0.008999,0.008999,0.0,0.0,53910000,17.0,17.0,0.777778,frankycpp_v1.4.exe,moveValueGreaterComparator::operator(),move.h,0x14021cfc0
operator+,0.008999,0.008999,0.0,0.0,134775000,41.9,41.9,0.444444,frankycpp_v1.4.exe,operator+,depth.h,0x140209bfc
operator|,0.008999,0.008999,0.0,0.0,77870000,33.9,33.9,0.307692,frankycpp_v1.4.exe,operator|,bitboard.h,0x140239648
operator|,0.008999,0.008999,0.0,0.0,83860000,58.5,58.5,0.428571,frankycpp_v1.4.exe,operator|,bitboard.h,0x140245a31
"std::array<Bitboard,64>::operator[]",0.008999,0.008999,0.0,0.0,113810000,39.5,39.5,0.421053,frankycpp_v1.4.exe,"std::array<Bitboard,64>::operator[]",array,0x140239a24
"std::array<std::array<int,64>,64>::operator[]",0.008999,0.008999,0.0,0.0,188685000,48.1,48.1,0.285714,frankycpp_v1.4.exe,"std::array<std::array<int,64>,64>::operator[]",array,0x140240235
typeOf,0.008999,0.008999,0.0,0.0,146755000,34.7,34.7,0.367347,frankycpp_v1.4.exe,typeOf,piece.h,0x1402406fe
Bitboard::operator bool,0.007999,0.007999,0.0,0.0,161730000,,,0.314815,frankycpp_v1.4.exe,Bitboard::operator bool,bitboard.h,0x14024569b
Bitboard::operator bool,0.007999,0.007999,0.0,0.0,233610000,35.2,35.2,0.346154,frankycpp_v1.4.exe,Bitboard::operator bool,bitboard.h,0x140245c45
Bitboard::operator~,0.007999,0.007999,0.0,0.0,98835000,57.2,57.2,0.515152,frankycpp_v1.4.exe,Bitboard::operator~,bitboard.h,0x140245718
Move::setValue,0.007999,0.007999,0.0,0.0,128785000,44.3,44.3,0.279070,frankycpp_v1.4.exe,Move::setValue,move.h,0x140240200
Move::setValue,0.007999,0.007999,0.0,0.0,98835000,29.9,29.9,0.575758,frankycpp_v1.4.exe,Move::setValue,move.h,0x1402401c2
Move::stripped,0.007999,0.007999,0.0,0.0,95840000,29.7,29.7,0.687500,frankycpp_v1.4.exe,Move::stripped,move.h,0x14023e42c
Position::getOccupiedBb,0.007999,0.007999,0.0,0.0,83860000,29.6,29.6,0.535714,frankycpp_v1.4.exe,Position::getOccupiedBb,Position.h,0x140239a1d
Position::getPieceBb,0.007999,0.007999,0.0,0.0,83860000,26.9,26.9,0.464286,frankycpp_v1.4.exe,Position::getPieceBb,Position.h,0x140245bc7
Search::isTimeAlmostUp,0.007999,0.007999,0.0,0.0,14975000,,,2.200000,frankycpp_v1.4.exe,Search::isTimeAlmostUp(void),Search.cpp,0x14020e8f0
Square::pawnPush,0.007999,0.007999,0.0,0.0,227620000,31.9,31.9,0.381579,frankycpp_v1.4.exe,Square::pawnPush,square.h,0x1402391c5
[ntoskrnl.exe],0.007999,0.007999,0.0,0.0,20965000,30.0,30.0,1.428571,ntoskrnl.exe,[ntoskrnl.exe],[Unknown],0x0
func@0x140e1c190,0.007999,0.007999,0.0,0.0,8985000,5.9,5.9,3.000000,nvlddmkm.sys,func@0x140e1c190,[Unknown],0x140e1c190
memmove,0.007999,0.007999,0.0,0.0,23960000,7.4,7.4,2.750000,vcruntime140.dll,memmove,[Unknown],0x180012030
operator&,0.007999,0.007999,0.0,0.0,59900000,35.5,35.5,0.600000,frankycpp_v1.4.exe,operator&,bitboard.h,0x1402456e9
operator&,0.007999,0.007999,0.0,0.0,89850000,49.5,49.5,0.200000,frankycpp_v1.4.exe,operator&,bitboard.h,0x1402779f2
operator&,0.007999,0.007999,0.0,0.0,62895000,50.5,50.5,0.571429,frankycpp_v1.4.exe,operator&,bitboard.h,0x140240c64
operator+=,0.007999,0.007999,0.0,0.0,59900000,30.8,30.8,0.900000,frankycpp_v1.4.exe,operator+=,value.h,0x1402462f9
operator-,0.007999,0.007999,0.0,0.0,8985000,1.5,1.5,4.666667,frankycpp_v1.4.exe,operator-,value.h,0x14020ac44
operator>=,0.007999,0.007999,0.0,0.0,119800000,24.6,24.6,0.525000,frankycpp_v1.4.exe,operator>=,value.h,0x14020af2d
operator|,0.007999,0.007999,0.0,0.0,56905000,52.8,52.8,0.631579,frankycpp_v1.4.exe,operator|,bitboard.h,0x14024123c
operator|,0.007999,0.007999,0.0,0.0,119800000,59.6,59.6,0.525000,frankycpp_v1.4.exe,operator|,bitboard.h,0x140277bd1
operator~,0.007999,0.007999,0.0,0.0,101830000,41.4,41.4,0.647059,frankycpp_v1.4.exe,operator~,color.h,0x14023997f
operator~,0.007999,0.007999,0.0,0.0,65890000,25.6,25.6,0.636364,frankycpp_v1.4.exe,operator~,color.h,0x140239b31
std::countr_zero,0.007999,0.007999,0.0,0.0,71880000,34.4,34.4,0.541667,frankycpp_v1.4.exe,std::countr_zero,bit,0x1402410d4
Bitboard::operator bool,0.007000,0.007000,0.0,0.0,95840000,28.8,28.8,0.718750,frankycpp_v1.4.exe,Bitboard::operator bool,bitboard.h,0x140241344
Bitboard::operator|=,0.007000,0.007000,0.0,0.0,56905000,,,0.157895,frankycpp_v1.4.exe,Bitboard::operator|=,bitboard.h,0x140245720
Bitboard::popLSB,0.007000,0.007000,0.0,0.0,77870000,34.1,34.1,0.461538,frankycpp_v1.4.exe,Bitboard::popLSB,bitboard.h,0x140245c80
Bitboard::shifted,0.007000,0.007000,0.0,0.0,86855000,32.2,32.2,0.482759,frankycpp_v1.4.exe,Bitboard::shifted,bitboard.h,0x140240827
Move::encode,0.007000,0.007000,0.0,0.0,71880000,58.3,58.3,0.541667,frankycpp_v1.4.exe,Move::encode,move.h,0x140241291
Move::{ctor},0.007000,0.007000,0.0,0.0,146755000,66.3,66.3,0.326531,frankycpp_v1.4.exe,Move::{ctor},move.h,0x1402412f6
RtlCopyMemory,0.007000,0.007000,0.0,0.0,20965000,,,1.714286,ntoskrnl.exe,RtlCopyMemory,[Unknown],0x1406bf540
StaticMoveList<256>::push_back,0.007000,0.007000,0.0,0.0,143760000,75.9,75.9,0.291667,frankycpp_v1.4.exe,StaticMoveList<256>::push_back,staticmovelist.h,0x140240bfd
decompress_pairs,0.007000,0.007000,0.0,0.0,41930000,18.9,18.9,1.785714,frankycpp_v1.4.exe,"decompress_pairs(struct PairsData *, unsigned __int64)",tbprobe.c,0x14027e290
func@0x140026fb0,0.007000,0.007000,0.0,0.0,8985000,5.6,5.6,2.000000,dxgmms2.sys,func@0x140026fb0,[Unknown],0x140026fb0
func@0x1400e0af0,0.007000,0.007000,0.0,0.0,8985000,4.8,4.8,4.666667,nvlddmkm.sys,func@0x1400e0af0,[Unknown],0x1400e0af0
func@0x1406b1b80,0.007000,0.007000,0.0,0.0,11980000,9.3,9.3,3.500000,ntoskrnl.exe,func@0x1406b1b80,[Unknown],0x1406b1b80
func@0x1406b96ae,0.007000,0.007000,0.0,0.0,11980000,10.1,10.1,4.000000,ntoskrnl.exe,func@0x1406b96ae,[Unknown],0x1406b96ae
operator&,0.007000,0.007000,0.0,0.0,62895000,50.3,50.3,0.285714,frankycpp_v1.4.exe,operator&,bitboard.h,0x140245795
operator~,0.007000,0.007000,0.0,0.0,53910000,35.4,35.4,0.444444,frankycpp_v1.4.exe,operator~,color.h,0x1402412c4
operator~,0.007000,0.007000,0.0,0.0,20965000,16.8,16.8,1.571429,frankycpp_v1.4.exe,operator~,color.h,0x14024031d
"std::array<Bitboard,64>::operator[]",0.007000,0.007000,0.0,0.0,137770000,60.5,60.5,0.326087,frankycpp_v1.4.exe,"std::array<Bitboard,64>::operator[]",array,0x14023aa90
"std::array<Bitboard,64>::operator[]",0.007000,0.007000,0.0,0.0,77870000,26.2,26.2,0.653846,frankycpp_v1.4.exe,"std::array<Bitboard,64>::operator[]",array,0x1402456f9
"std::array<PlyInfo,128>::operator[]",0.007000,0.007000,0.0,0.0,98835000,34.0,34.0,0.333333,frankycpp_v1.4.exe,"std::array<PlyInfo,128>::operator[]",array,0x1402098ba
"std::array<int,64>::operator[]",0.007000,0.007000,0.0,0.0,44925000,66.3,66.3,0.933333,frankycpp_v1.4.exe,"std::array<int,64>::operator[]",array,0x14020a2ca
std::countr_zero,0.007000,0.007000,0.0,0.0,254575000,95.1,95.1,0.352941,frankycpp_v1.4.exe,std::countr_zero,bit,0x140245d38
Bitboard::operator bool,0.006000,0.006000,0.0,0.0,56905000,,,0.315789,frankycpp_v1.4.exe,Bitboard::operator bool,bitboard.h,0x140245afd
Bitboard::operator^=,0.006000,0.006000,0.0,0.0,83860000,31.4,31.4,0.321429,frankycpp_v1.4.exe,Bitboard::operator^=,bitboard.h,0x14027787c
Bitboard::popLSB,0.006000,0.006000,0.0,0.0,53910000,23.7,23.7,0.666667,frankycpp_v1.4.exe,Bitboard::popLSB,bitboard.h,0x140240fd4
Color::iterator::operator++,0.006000,0.006000,0.0,0.0,17970000,33.1,33.1,0.833333,frankycpp_v1.4.exe,Color::iterator::operator++,color.h,0x1402458a4
ExpInterlockedPopEntrySList,0.006000,0.006000,0.0,0.0,29950000,13.2,13.2,0.600000,ntoskrnl.exe,ExpInterlockedPopEntrySList,[Unknown],0x1406b3210
KeClockInterruptNotify,0.006000,0.006000,0.0,0.0,11980000,13.4,13.4,2.250000,ntoskrnl.exe,KeClockInterruptNotify,[Unknown],0x1402e2e50
Move::encode,0.006000,0.006000,0.0,0.0,68885000,26.8,26.8,0.304348,frankycpp_v1.4.exe,Move::encode,move.h,0x14024130e
Move::operator==,0.006000,0.006000,0.0,0.0,65890000,37.9,37.9,0.636364,frankycpp_v1.4.exe,Move::operator==,PVTable.h,0x14023e42f
Move::type,0.006000,0.006000,0.0,0.0,95840000,50.0,50.0,0.375000,frankycpp_v1.4.exe,Move::type,move.h,0x14020aae2
Position::getKingSquare,0.006000,0.006000,0.0,0.0,74875000,100.0,100.0,0.200000,frankycpp_v1.4.exe,Position::getKingSquare,Position.h,0x140245a91
Position::getOccupiedBb,0.006000,0.006000,0.0,0.0,38935000,37.1,37.1,0.692308,frankycpp_v1.4.exe,Position::getOccupiedBb,Position.h,0x140245d5f
Square::file,0.006000,0.006000,0.0,0.0,38935000,26.1,26.1,0.692308,frankycpp_v1.4.exe,Square::file,square.h,0x1402391e3
TT::getHash,0.006000,0.006000,0.0,0.0,29950000,12.6,12.6,1.100000,frankycpp_v1.4.exe,TT::getHash,TT.h,0x1402471ab
func@0x1402450fb,0.006000,0.006000,0.0,0.0,8985000,6.7,6.7,2.666667,ntoskrnl.exe,func@0x1402450fb,[Unknown],0x1402450fb
func@0x140300860,0.006000,0.006000,0.0,0.0,2995000,0.0,0.0,7.000000,ntoskrnl.exe,func@0x140300860,[Unknown],0x140300860
func@0x14030f980,0.006000,0.006000,0.0,0.0,17970000,8.8,8.8,1.000000,ntoskrnl.exe,func@0x14030f980,[Unknown],0x14030f980
moveValueGreaterComparator::operator(),0.006000,0.006000,0.0,0.0,11980000,,,1.500000,frankycpp_v1.4.exe,moveValueGreaterComparator::operator(),move.h,0x14021d090
operator&,0.006000,0.006000,0.0,0.0,8985000,41.8,41.8,1.333333,frankycpp_v1.4.exe,operator&,bitboard.h,0x14020a284
operator&,0.006000,0.006000,0.0,0.0,113810000,64.0,64.0,0.447368,frankycpp_v1.4.exe,operator&,bitboard.h,0x140245723
operator&,0.006000,0.006000,0.0,0.0,53910000,29.6,29.6,0.611111,frankycpp_v1.4.exe,operator&,bitboard.h,0x14020aee5
operator&,0.006000,0.006000,0.0,0.0,56905000,42.4,42.4,0.315789,frankycpp_v1.4.exe,operator&,bitboard.h,0x140245741
operator+=,0.006000,0.006000,0.0,0.0,155740000,80.2,80.2,0.365385,frankycpp_v1.4.exe,operator+=,value.h,0x140245dbb
operator-,0.006000,0.006000,0.0,0.0,47920000,41.1,41.1,0.437500,frankycpp_v1.4.exe,operator-,direction.h,0x1402406f3
operator-,0.006000,0.006000,0.0,0.0,137770000,37.8,37.8,0.260870,frankycpp_v1.4.exe,operator-,value.h,0x140277940
operator-,0.006000,0.006000,0.0,0.0,5990000,0.0,0.0,0.500000,frankycpp_v1.4.exe,operator-,value.h,0x14020ac32
operator>,0.006000,0.006000,0.0,0.0,26955000,16.1,16.1,1.111111,frankycpp_v1.4.exe,operator>,value.h,0x140209397
operator|,0.006000,0.006000,0.0,0.0,113810000,62.8,62.8,0.236842,frankycpp_v1.4.exe,operator|,bitboard.h,0x14023982e
"std::array<Bitboard,64>::operator[]",0.006000,0.006000,0.0,0.0,32945000,57.2,57.2,0.454545,frankycpp_v1.4.exe,"std::array<Bitboard,64>::operator[]",array,0x14023ab7e
std::countr_zero,0.006000,0.006000,0.0,0.0,44925000,69.9,69.9,0.400000,frankycpp_v1.4.exe,std::countr_zero,bit,0x140240ef5
"std::ranges::_Inplace_merge_buffer_right<Move *,moveValueGreaterComparator,std::identity>",0.006000,0.006000,0.0,0.0,35940000,11.7,11.7,0.750000,frankycpp_v1.4.exe,"std::ranges::_Inplace_merge_buffer_right<Move *,moveValueGreaterComparator,std::identity>(class Move *, class Move *, class Move *, class Move *, const __int64, struct moveValueGreaterComparator, struct std::identity)",algorithm,0x14021d030
typeOf,0.006000,0.006000,0.0,0.0,65890000,33.6,33.6,0.272727,frankycpp_v1.4.exe,typeOf,piece.h,0x14020ab0a
valueOf,0.006000,0.006000,0.0,0.0,101830000,32.1,32.1,0.264706,frankycpp_v1.4.exe,valueOf,value.h,0x140209cb2
Bitboard::operator|=,0.005000,0.005000,0.0,0.0,266555000,71.1,71.1,0.292135,frankycpp_v1.4.exe,Bitboard::operator|=,bitboard.h,0x1402778b3
Bitboard::operator~,0.005000,0.005000,0.0,0.0,26955000,23.1,23.1,0.777778,frankycpp_v1.4.exe,Bitboard::operator~,bitboard.h,0x140240fa4
Bitboard::popLSB,0.005000,0.005000,0.0,0.0,59900000,45.1,45.1,0.550000,frankycpp_v1.4.exe,Bitboard::popLSB,bitboard.h,0x1402410ca
Bitboard::popLSB,0.005000,0.005000,0.0,0.0,26955000,28.6,28.6,0.555556,frankycpp_v1.4.exe,Bitboard::popLSB,bitboard.h,0x140241140
Bitboard::{ctor},0.005000,0.005000,0.0,0.0,74875000,40.3,40.3,0.520000,frankycpp_v1.4.exe,Bitboard::{ctor},bitboard.h,0x140277b1c
KeAcquireInStackQueuedSpinLock,0.005000,0.005000,0.0,0.0,11980000,4.2,4.2,1.500000,ntoskrnl.exe,KeAcquireInStackQueuedSpinLock,[Unknown],0x14020eb60
Move::encode,0.005000,0.005000,0.0,0.0,95840000,38.1,38.1,0.437500,frankycpp_v1.4.exe,Move::encode,move.h,0x140240ccb
Move::operator==,0.005000,0.005000,0.0,0.0,92845000,45.9,45.9,0.290323,frankycpp_v1.4.exe,Move::operator==,PVTable.h,0x14020aacd
Position::getPiece,0.005000,0.005000,0.0,0.0,77870000,57.4,57.4,0.346154,frankycpp_v1.4.exe,Position::getPiece,Position.h,0x14020ab00
Position::getPieceBb,0.005000,0.005000,0.0,0.0,74875000,44.9,44.9,0.520000,frankycpp_v1.4.exe,Position::getPieceBb,Position.h,0x140277b7d
Position::getPieceBb,0.005000,0.005000,0.0,0.0,80865000,51.1,51.1,0.296296,frankycpp_v1.4.exe,Position::getPieceBb,Position.h,0x140277aad
Value::operator int,0.005000,0.005000,0.0,0.0,38935000,64.1,64.1,0.307692,frankycpp_v1.4.exe,Value::operator int,value.h,0x14023ac25
Value::{ctor},0.005000,0.005000,0.0,0.0,98835000,65.2,65.2,0.151515,frankycpp_v1.4.exe,Value::{ctor},value.h,0x140277950
func@0x1400f7bd0,0.005000,0.005000,0.0,0.0,2995000,9.5,9.5,4.000000,nvlddmkm.sys,func@0x1400f7bd0,[Unknown],0x1400f7bd0
func@0x14020f700,0.005000,0.005000,0.0,0.0,0,16.0,16.0,,ntoskrnl.exe,func@0x14020f700,[Unknown],0x14020f700
func@0x140241ec0,0.005000,0.005000,0.0,0.0,11980000,13.2,13.2,1.750000,ntoskrnl.exe,func@0x140241ec0,[Unknown],0x140241ec0
func@0x1402e3910,0.005000,0.005000,0.0,0.0,0,12.1,12.1,,ntoskrnl.exe,func@0x1402e3910,[Unknown],0x1402e3910
func@0x140300b80,0.005000,0.005000,0.0,0.0,11980000,,,3.000000,ntoskrnl.exe,func@0x140300b80,[Unknown],0x140300b80
func@0x1403e3700,0.005000,0.005000,0.0,0.0,5990000,2.4,2.4,6.000000,ntoskrnl.exe,func@0x1403e3700,[Unknown],0x1403e3700
func@0x1404113d0,0.005000,0.005000,0.0,0.0,11980000,11.1,11.1,1.000000,ntoskrnl.exe,func@0x1404113d0,[Unknown],0x1404113d0
func@0x1406b23e0,0.005000,0.005000,0.0,0.0,0,4.9,4.9,,ntoskrnl.exe,func@0x1406b23e0,[Unknown],0x1406b23e0
operator&,0.005000,0.005000,0.0,0.0,62895000,40.5,40.5,0.761905,frankycpp_v1.4.exe,operator&,bitboard.h,0x140245be5
operator&,0.005000,0.005000,0.0,0.0,77870000,75.7,75.7,0.192308,frankycpp_v1.4.exe,operator&,bitboard.h,0x140239723
operator+,0.005000,0.005000,0.0,0.0,41930000,,,0.142857,frankycpp_v1.4.exe,operator+,direction.h,0x140239766
operator-=,0.005000,0.005000,0.0,0.0,35940000,,,0.583333,frankycpp_v1.4.exe,operator-=,depth.h,0x140209e4e
operator|,0.005000,0.005000,0.0,0.0,74875000,80.0,80.0,0.400000,frankycpp_v1.4.exe,operator|,bitboard.h,0x140241370
operator|,0.005000,0.005000,0.0,0.0,86855000,82.9,82.9,0.379310,frankycpp_v1.4.exe,operator|,bitboard.h,0x14024574a
operator~,0.005000,0.005000,0.0,0.0,71880000,33.9,33.9,0.458333,frankycpp_v1.4.exe,operator~,color.h,0x14020aeda
"std::array<Bitboard,64>::operator[]",0.005000,0.005000,0.0,0.0,68885000,41.9,41.9,0.391304,frankycpp_v1.4.exe,"std::array<Bitboard,64>::operator[]",array,0x140239a8e
"std::array<Bitboard,8>::operator[]",0.005000,0.005000,0.0,0.0,38935000,34.5,34.5,0.769231,frankycpp_v1.4.exe,"std::array<Bitboard,8>::operator[]",array,0x140240aab
"std::array<std::array<int,64>,64>::operator[]",0.005000,0.005000,0.0,0.0,80865000,35.7,35.7,0.370370,frankycpp_v1.4.exe,"std::array<std::array<int,64>,64>::operator[]",array,0x14020a2be
std::countr_zero,0.005000,0.005000,0.0,0.0,68885000,,,0.173913,frankycpp_v1.4.exe,std::countr_zero,bit,0x1402779f8
std::max,0.005000,0.005000,0.0,0.0,20965000,37.6,37.6,0.714286,frankycpp_v1.4.exe,std::max,utility,0x14020a72d
"std::ranges::_Stable_sort_fn::_Stable_sort_common_buffered<Move *,moveValueGreaterComparator,std::identity>",0.005000,0.005000,0.0,0.0,29950000,16.4,16.4,1.200000,frankycpp_v1.4.exe,"std::ranges::_Stable_sort_fn::_Stable_sort_common_buffered<Move *,moveValueGreaterComparator,std::identity>(class Move *, class Move *, const __int64, class Move *, const __int64, struct moveValueGreaterComparator, struct std::identity)",algorithm,0x140219120
typeOf,0.005000,0.005000,0.0,0.0,53910000,,,0.111111,frankycpp_v1.4.exe,typeOf,piece.h,0x14024034b
Bitboard::popLSB,0.004000,0.004000,0.0,0.0,8985000,,,0.0,frankycpp_v1.4.exe,Bitboard::popLSB,bitboard.h,0x1402456e0
Bitboard::popLSB,0.004000,0.004000,0.0,0.0,14975000,,,0.600000,frankycpp_v1.4.exe,Bitboard::popLSB,bitboard.h,0x140240ca2
Direction::operator int,0.004000,0.004000,0.0,0.0,44925000,46.5,46.5,0.600000,frankycpp_v1.4.exe,Direction::operator int,direction.h,0x14024048d
Direction::pawnPush,0.004000,0.004000,0.0,0.0,26955000,16.7,16.7,0.222222,frankycpp_v1.4.exe,Direction::pawnPush,direction.h,0x1402409e8
ExAcquireRundownProtectionCacheAwareEx,0.004000,0.004000,0.0,0.0,8985000,0.0,0.0,0.0,ntoskrnl.exe,ExAcquireRundownProtectionCacheAwareEx,[Unknown],0x140406920
KeGetCurrentIrql,0.004000,0.004000,0.0,0.0,2995000,40.0,40.0,4.000000,ntoskrnl.exe,KeGetCurrentIrql,[Unknown],0x1404169a0
KeLowerIrql,0.004000,0.004000,0.0,0.0,8985000,27.3,27.3,2.333333,ntoskrnl.exe,KeLowerIrql,[Unknown],0x1403f7790
KeSetEvent,0.004000,0.004000,0.0,0.0,17970000,19.2,19.2,1.166667,ntoskrnl.exe,KeSetEvent,[Unknown],0x1402959b0
Move::operator==,0.004000,0.004000,0.0,0.0,191680000,76.5,76.5,0.312500,frankycpp_v1.4.exe,Move::operator==,PVTable.h,0x140209aa3
Move::to,0.004000,0.004000,0.0,0.0,92845000,39.8,39.8,0.322581,frankycpp_v1.4.exe,Move::to,move.h,0x1402399ae
PawnTT::resize,0.004000,0.004000,0.0,0.0,26955000,25.7,25.7,0.888889,frankycpp_v1.4.exe,PawnTT::resize(unsigned __int64),PawnTT.cpp,0x140242cc0
Position::getEnPassantSquare,0.004000,0.004000,0.0,0.0,23960000,42.9,42.9,0.875000,frankycpp_v1.4.exe,Position::getEnPassantSquare,Position.h,0x1402407c2
Position::getOccupiedBb,0.004000,0.004000,0.0,0.0,59900000,17.2,17.2,0.700000,frankycpp_v1.4.exe,Position::getOccupiedBb,Position.h,0x140245cb5
Position::getOccupiedBb,0.004000,0.004000,0.0,0.0,29950000,,,0.600000,frankycpp_v1.4.exe,Position::getOccupiedBb,Position.h,0x140245b6b
Position::getPieceBb,0.004000,0.004000,0.0,0.0,68885000,100.0,100.0,0.173913,frankycpp_v1.4.exe,Position::getPieceBb,Position.h,0x1402779a4
Search::thread,0.004000,0.004000,0.0,0.0,32945000,,,0.272727,frankycpp_v1.4.exe,Search::thread,Search.h,0x1402098ac
Search::thread,0.004000,0.004000,0.0,0.0,62895000,55.8,55.8,0.523810,frankycpp_v1.4.exe,Search::thread,Search.h,0x14020a8b8
Search::thread,0.004000,0.004000,0.0,0.0,11980000,65.7,65.7,0.500000,frankycpp_v1.4.exe,Search::thread,Search.h,0x14020a316
Square::rank,0.004000,0.004000,0.0,0.0,71880000,70.0,70.0,0.416667,frankycpp_v1.4.exe,Square::rank,square.h,0x14024622c
Value::operator int,0.004000,0.004000,0.0,0.0,62895000,37.7,37.7,0.476190,frankycpp_v1.4.exe,Value::operator int,value.h,0x14023ab25
[Outside any known module],0.004000,0.004000,0.0,0.0,0,0.0,0.0,,[Unknown],[Outside any known module],[Unknown],0x0
func@0x14020cfb0,0.004000,0.004000,0.0,0.0,2995000,,,5.000000,ntoskrnl.exe,func@0x14020cfb0,[Unknown],0x14020cfb0
func@0x140246bc0,0.004000,0.004000,0.0,0.0,11980000,15.4,15.4,1.500000,ntoskrnl.exe,func@0x140246bc0,[Unknown],0x140246bc0
func@0x140259a80,0.004000,0.004000,0.0,0.0,5990000,20.0,20.0,2.000000,nvlddmkm.sys,func@0x140259a80,[Unknown],0x140259a80
func@0x1402abdb0,0.004000,0.004000,0.0,0.0,14975000,4.5,4.5,2.000000,ntoskrnl.exe,func@0x1402abdb0,[Unknown],0x1402abdb0
func@0x1402b65a0,0.004000,0.004000,0.0,0.0,0,17.2,17.2,,ntoskrnl.exe,func@0x1402b65a0,[Unknown],0x1402b65a0
func@0x1402b6d00,0.004000,0.004000,0.0,0.0,23960000,35.0,35.0,1.500000,ntoskrnl.exe,func@0x1402b6d00,[Unknown],0x1402b6d00
func@0x1402de680,0.004000,0.004000,0.0,0.0,2995000,4.7,4.7,7.000000,ntoskrnl.exe,func@0x1402de680,[Unknown],0x1402de680
func@0x1402e38c0,0.004000,0.004000,0.0,0.0,0,1.0,1.0,,ntoskrnl.exe,func@0x1402e38c0,[Unknown],0x1402e38c0
func@0x1402e3a5d,0.004000,0.004000,0.0,0.0,2995000,15.4,15.4,9.000000,ntoskrnl.exe,func@0x1402e3a5d,[Unknown],0x1402e3a5d
func@0x140301c20,0.004000,0.004000,0.0,0.0,8985000,20.9,20.9,2.666667,ntoskrnl.exe,func@0x140301c20,[Unknown],0x140301c20
func@0x1403224d0,0.004000,0.004000,0.0,0.0,0,0.0,0.0,,ntoskrnl.exe,func@0x1403224d0,[Unknown],0x1403224d0
func@0x140363a62,0.004000,0.004000,0.0,0.0,23960000,5.2,5.2,1.625000,ntoskrnl.exe,func@0x140363a62,[Unknown],0x140363a62
func@0x1403d50e0,0.004000,0.004000,0.0,0.0,5990000,2.9,2.9,6.000000,nvlddmkm.sys,func@0x1403d50e0,[Unknown],0x1403d50e0
func@0x1406b24c0,0.004000,0.004000,0.0,0.0,17970000,11.6,11.6,2.500000,ntoskrnl.exe,func@0x1406b24c0,[Unknown],0x1406b24c0
func@0x140d3e8e0,0.004000,0.004000,0.0,0.0,8985000,0.0,0.0,1.000000,nvlddmkm.sys,func@0x140d3e8e0,[Unknown],0x140d3e8e0
func@0x1800752c0,0.004000,0.004000,0.0,0.0,5990000,0.0,0.0,1.000000,ntdll.dll,func@0x1800752c0,[Unknown],0x1800752c0
func@0x180075a90,0.004000,0.004000,0.0,0.0,0,0.0,0.0,,ntdll.dll,func@0x180075a90,[Unknown],0x180075a90
memcpy,0.004000,0.004000,0.0,0.0,20965000,7.6,7.6,1.428571,vcruntime140.dll,memcpy,[Unknown],0x180013010
operator+=,0.004000,0.004000,0.0,0.0,68885000,,,0.217391,frankycpp_v1.4.exe,operator+=,value.h,0x140245af3
operator+=,0.004000,0.004000,0.0,0.0,47920000,60.3,60.3,0.437500,frankycpp_v1.4.exe,operator+=,value.h,0x1402452fd
operator-,0.004000,0.004000,0.0,0.0,35940000,,,0.500000,frankycpp_v1.4.exe,operator-,value.h,0x1402777f7
operator~,0.004000,0.004000,0.0,0.0,29950000,50.5,50.5,0.700000,frankycpp_v1.4.exe,operator~,color.h,0x14020a280
"std::_List_node<std::pair<unsigned __int64 const ,BookEntry>,void *>::_Freenode",0.004000,0.004000,0.0,0.0,8985000,0.0,0.0,2.666667,frankycpp_v1.4.exe,"std::_List_node<std::pair<unsigned __int64 const ,BookEntry>,void *>::_Freenode",list,0x14021aa73
std::_Static_partition_team<__int64>::_Get_next_key,0.004000,0.004000,0.0,0.0,5990000,0.0,0.0,3.000000,frankycpp_v1.4.exe,std::_Static_partition_team<__int64>::_Get_next_key,execution,0x1402449d0
"std::array<int,64>::operator[]",0.004000,0.004000,0.0,0.0,29950000,18.5,18.5,1.300000,frankycpp_v1.4.exe,"std::array<int,64>::operator[]",array,0x1402391b3
std::countr_zero,0.004000,0.004000,0.0,0.0,17970000,42.5,42.5,1.333333,frankycpp_v1.4.exe,std::countr_zero,bit,0x140240fd4
std::min,0.004000,0.004000,0.0,0.0,89850000,43.5,43.5,0.433333,frankycpp_v1.4.exe,std::min,utility,0x140209e0b
"std::ranges::_Buffered_inplace_merge_common<Move *,moveValueGreaterComparator,std::identity>",0.004000,0.004000,0.0,0.0,29950000,,,0.800000,frankycpp_v1.4.exe,"std::ranges::_Buffered_inplace_merge_common<Move *,moveValueGreaterComparator,std::identity>(class Move *, class Move *, class Move *, __int64, __int64, class Move *, const __int64, struct moveValueGreaterComparator, struct std::identity)",algorithm,0x14021b260
"std::ranges::_Uninitialized_move_unchecked<Move *,Move *,Move *,Move *>",0.004000,0.004000,0.0,0.0,0,0.0,0.0,,frankycpp_v1.4.exe,"std::ranges::_Uninitialized_move_unchecked<Move *,Move *,Move *,Move *>(class Move *, class Move *, class Move *, class Move *)",xmemory,0x14021d820
"std::unique_ptr<tablebase::Tablebase,std::default_delete<tablebase::Tablebase> >::operator bool",0.004000,0.004000,0.0,0.0,0,17.2,17.2,,frankycpp_v1.4.exe,"std::unique_ptr<tablebase::Tablebase,std::default_delete<tablebase::Tablebase> >::operator bool",memory,0x140208f84
Bitboard::operator|=,0.003000,0.003000,0.0,0.0,47920000,27.7,27.7,0.500000,frankycpp_v1.4.exe,Bitboard::operator|=,bitboard.h,0x14024572b
Bitboard::operator|=,0.003000,0.003000,0.0,0.0,50915000,50.1,50.1,0.235294,frankycpp_v1.4.exe,Bitboard::operator|=,bitboard.h,0x140239a3d
Bitboard::popLSB,0.003000,0.003000,0.0,0.0,44925000,,,0.466667,frankycpp_v1.4.exe,Bitboard::popLSB,bitboard.h,0x140241260
Direction::pawnPush,0.003000,0.003000,0.0,0.0,20965000,,,0.714286,frankycpp_v1.4.exe,Direction::pawnPush,direction.h,0x140240566
Move::from,0.003000,0.003000,0.0,0.0,23960000,39.1,39.1,0.750000,frankycpp_v1.4.exe,Move::from,move.h,0x140238e0f
Move::promotionType,0.003000,0.003000,0.0,0.0,41930000,,,0.428571,frankycpp_v1.4.exe,Move::promotionType,move.h,0x140239a0e
Move::stripped,0.003000,0.003000,0.0,0.0,26955000,50.7,50.7,0.555556,frankycpp_v1.4.exe,Move::stripped,move.h,0x14023e4e0
Move::to,0.003000,0.003000,0.0,0.0,26955000,,,0.444444,frankycpp_v1.4.exe,Move::to,move.h,0x140209f0a
Move::to,0.003000,0.003000,0.0,0.0,11980000,,,0.250000,frankycpp_v1.4.exe,Move::to,move.h,0x140239419
Move::type,0.003000,0.003000,0.0,0.0,32945000,20.9,20.9,0.272727,frankycpp_v1.4.exe,Move::type,move.h,0x14020a2ac
Move::value,0.003000,0.003000,0.0,0.0,32945000,58.8,58.8,0.727273,frankycpp_v1.4.exe,Move::value,move.h,0x1402402b8
Position::getEnPassantSquare,0.003000,0.003000,0.0,0.0,50915000,91.4,91.4,0.176471,frankycpp_v1.4.exe,Position::getEnPassantSquare,Position.h,0x140277a34
Position::getNextPlayer,0.003000,0.003000,0.0,0.0,29950000,,,0.300000,frankycpp_v1.4.exe,Position::getNextPlayer,Position.h,0x140208df5
Position::getPiece,0.003000,0.003000,0.0,0.0,17970000,,,0.333333,frankycpp_v1.4.exe,Position::getPiece,Position.h,0x140240348
Search::helperRun,0.003000,0.003000,0.0,0.0,0,10.3,10.3,,frankycpp_v1.4.exe,Search::helperRun(struct SearchThreadData &),Search.cpp,0x140204ca0
Square::file,0.003000,0.003000,0.0,0.0,44925000,23.0,23.0,0.333333,frankycpp_v1.4.exe,Square::file,square.h,0x140246236
Square::pawnPush,0.003000,0.003000,0.0,0.0,2995000,100.0,100.0,0.0,frankycpp_v1.4.exe,Square::pawnPush,square.h,0x140239011
_std_type_info_compare,0.003000,0.003000,0.0,0.0,128785000,48.1,48.1,0.325581,vcruntime140.dll,_std_type_info_compare,[Unknown],0x180005030
boost::archive::detail::basic_iarchive::load_object,0.003000,0.003000,0.0,0.0,35940000,40.0,40.0,0.083333,frankycpp_v1.4.exe,"boost::archive::detail::basic_iarchive::load_object(void *,class boost::archive::detail::basic_iserializer const &)",basic_iarchive.cpp,0x140282f10
func@0x14000d5e0,0.003000,0.003000,0.0,0.0,0,0.0,0.0,,dxgmms2.sys,func@0x14000d5e0,[Unknown],0x14000d5e0
func@0x140010528,0.003000,0.003000,0.0,0.0,0,0.0,0.0,,usbxhci.sys,func@0x140010528,[Unknown],0x140010528
func@0x1400f7ad0,0.003000,0.003000,0.0,0.0,17970000,19.2,19.2,0.166667,nvlddmkm.sys,func@0x1400f7ad0,[Unknown],0x1400f7ad0
func@0x140246000,0.003000,0.003000,0.0,0.0,2995000,1.9,1.9,4.000000,ntoskrnl.exe,func@0x140246000,[Unknown],0x140246000
func@0x1402479a0,0.003000,0.003000,0.0,0.0,8985000,7.7,7.7,2.000000,ntoskrnl.exe,func@0x1402479a0,[Unknown],0x1402479a0
func@0x140248843,0.003000,0.003000,0.0,0.0,5990000,5.3,5.3,1.500000,ntoskrnl.exe,func@0x140248843,[Unknown],0x140248843
func@0x140258630,0.003000,0.003000,0.0,0.0,14975000,17.4,17.4,0.800000,ntoskrnl.exe,func@0x140258630,[Unknown],0x140258630
func@0x140295620,0.003000,0.003000,0.0,0.0,0,0.0,0.0,,ntoskrnl.exe,func@0x140295620,[Unknown],0x140295620
func@0x1402b7070,0.003000,0.003000,0.0,0.0,5990000,4.9,4.9,4.000000,ntoskrnl.exe,func@0x1402b7070,[Unknown],0x1402b7070
func@0x1402b8e00,0.003000,0.003000,0.0,0.0,5990000,6.9,6.9,5.000000,ntoskrnl.exe,func@0x1402b8e00,[Unknown],0x1402b8e00
func@0x1402defb6,0.003000,0.003000,0.0,0.0,5990000,8.8,8.8,2.000000,ntoskrnl.exe,func@0x1402defb6,[Unknown],0x1402defb6
func@0x1402fece0,0.003000,0.003000,0.0,0.0,0,6.7,6.7,,ntoskrnl.exe,func@0x1402fece0,[Unknown],0x1402fece0
func@0x140306960,0.003000,0.003000,0.0,0.0,0,0.0,0.0,0.0,ntoskrnl.exe,func@0x140306960,[Unknown],0x140306960
func@0x14030fd85,0.003000,0.003000,0.0,0.0,11980000,,,0.500000,ntoskrnl.exe,func@0x14030fd85,[Unknown],0x14030fd85
func@0x14031d3a0,0.003000,0.003000,0.0,0.0,5990000,4.9,4.9,2.000000,ntoskrnl.exe,func@0x14031d3a0,[Unknown],0x14031d3a0
func@0x1403624d0,0.003000,0.003000,0.0,0.0,2995000,57.1,57.1,1.000000,ntoskrnl.exe,func@0x1403624d0,[Unknown],0x1403624d0
func@0x1403bd960,0.003000,0.003000,0.0,0.0,11980000,16.4,16.4,3.000000,ntoskrnl.exe,func@0x1403bd960,[Unknown],0x1403bd960
func@0x1403be84c,0.003000,0.003000,0.0,0.0,5990000,10.5,10.5,0.500000,ntoskrnl.exe,func@0x1403be84c,[Unknown],0x1403be84c
func@0x1403f7955,0.003000,0.003000,0.0,0.0,0,0.0,0.0,,ntoskrnl.exe,func@0x1403f7955,[Unknown],0x1403f7955
func@0x14047cb77,0.003000,0.003000,0.0,0.0,2995000,6.9,6.9,4.000000,ntoskrnl.exe,func@0x14047cb77,[Unknown],0x14047cb77
func@0x1404e9450,0.003000,0.003000,0.0,0.0,0,0.0,0.0,,ntoskrnl.exe,func@0x1404e9450,[Unknown],0x1404e9450
func@0x1406ac630,0.003000,0.003000,0.0,0.0,5990000,15.6,15.6,7.000000,ntoskrnl.exe,func@0x1406ac630,[Unknown],0x1406ac630
func@0x1406b2300,0.003000,0.003000,0.0,0.0,0,11.3,11.3,,ntoskrnl.exe,func@0x1406b2300,[Unknown],0x1406b2300
func@0x140da2c40,0.003000,0.003000,0.0,0.0,0,0.0,0.0,,nvlddmkm.sys,func@0x140da2c40,[Unknown],0x140da2c40
func@0x140da8c2f,0.003000,0.003000,0.0,0.0,0,0.0,0.0,,nvlddmkm.sys,func@0x140da8c2f,[Unknown],0x140da8c2f
func@0x140da8ef0,0.003000,0.003000,0.0,0.0,2995000,0.0,0.0,6.000000,nvlddmkm.sys,func@0x140da8ef0,[Unknown],0x140da8ef0
func@0x140dcbe50,0.003000,0.003000,0.0,0.0,0,0.0,0.0,,nvlddmkm.sys,func@0x140dcbe50,[Unknown],0x140dcbe50
operator&,0.003000,0.003000,0.0,0.0,47920000,,,0.500000,frankycpp_v1.4.exe,operator&,bitboard.h,0x140240ac5
operator&,0.003000,0.003000,0.0,0.0,56905000,,,0.368421,frankycpp_v1.4.exe,operator&,bitboard.h,0x14020a370
operator&,0.003000,0.003000,0.0,0.0,38935000,,,0.076923,frankycpp_v1.4.exe,operator&,bitboard.h,0x140240b2b
operator&,0.003000,0.003000,0.0,0.0,26955000,18.2,18.2,0.666667,frankycpp_v1.4.exe,operator&,bitboard.h,0x140277bbb
operator&,0.003000,0.003000,0.0,0.0,56905000,61.3,61.3,0.105263,frankycpp_v1.4.exe,operator&,bitboard.h,0x140277b10
operator&,0.003000,0.003000,0.0,0.0,29950000,,,0.200000,frankycpp_v1.4.exe,operator&,bitboard.h,0x140245752
operator&,0.003000,0.003000,0.0,0.0,50915000,,,0.117647,frankycpp_v1.4.exe,operator&,bitboard.h,0x140245a57
operator+,0.003000,0.003000,0.0,0.0,0,0.0,0.0,,frankycpp_v1.4.exe,operator+,depth.h,0x14020a17f
operator+=,0.003000,0.003000,0.0,0.0,20965000,,,0.285714,frankycpp_v1.4.exe,operator+=,value.h,0x1402458c4
operator-,0.003000,0.003000,0.0,0.0,41930000,46.2,46.2,0.571429,frankycpp_v1.4.exe,operator-,value.h,0x140241322
operator-,0.003000,0.003000,0.0,0.0,2995000,0.0,0.0,2.000000,frankycpp_v1.4.exe,operator-,value.h,0x140208dc9
operator-,0.003000,0.003000,0.0,0.0,5990000,,,0.0,frankycpp_v1.4.exe,operator-,value.h,0x1402095ef
operator-,0.003000,0.003000,0.0,0.0,41930000,31.6,31.6,0.428571,frankycpp_v1.4.exe,operator-,depth.h,0x140209e20
operator|,0.003000,0.003000,0.0,0.0,143760000,,,0.479167,frankycpp_v1.4.exe,operator|,bitboard.h,0x14023984d
operator~,0.003000,0.003000,0.0,0.0,35940000,15.4,15.4,0.416667,frankycpp_v1.4.exe,operator~,color.h,0x14024116d
pieces_by_type,0.003000,0.003000,0.0,0.0,0,0.0,0.0,,frankycpp_v1.4.exe,"pieces_by_type(const struct Pos *, Color, PieceType)",tbchess.c,0x140278110
std::_Fnv1a_append_bytes,0.003000,0.003000,0.0,0.0,11980000,42.9,42.9,1.000000,frankycpp_v1.4.exe,std::_Fnv1a_append_bytes,type_traits,0x14025bee0
"std::array<Bitboard,8>::operator[]",0.003000,0.003000,0.0,0.0,8985000,33.0,33.0,2.000000,frankycpp_v1.4.exe,"std::array<Bitboard,8>::operator[]",array,0x140240b0e
"std::array<Bitboard,8>::operator[]",0.003000,0.003000,0.0,0.0,29950000,,,0.500000,frankycpp_v1.4.exe,"std::array<Bitboard,8>::operator[]",array,0x140240c61
"std::array<Bitboard,8>::operator[]",0.003000,0.003000,0.0,0.0,41930000,,,0.428571,frankycpp_v1.4.exe,"std::array<Bitboard,8>::operator[]",array,0x140240473
"std::array<Value,25>::operator[]",0.003000,0.003000,0.0,0.0,8985000,,,0.333333,frankycpp_v1.4.exe,"std::array<Value,25>::operator[]",array,0x140240c0a
"std::array<int,64>::operator[]",0.003000,0.003000,0.0,0.0,32945000,,,0.545455,frankycpp_v1.4.exe,"std::array<int,64>::operator[]",array,0x140209df3
"std::array<std::array<int,64>,64>::operator[]",0.003000,0.003000,0.0,0.0,38935000,45.2,45.2,1.000000,frankycpp_v1.4.exe,"std::array<std::array<int,64>,64>::operator[]",array,0x1402391af
std::countr_zero,0.003000,0.003000,0.0,0.0,26955000,34.5,34.5,0.444444,frankycpp_v1.4.exe,std::countr_zero,bit,0x140240bf0
std::max,0.003000,0.003000,0.0,0.0,14975000,34.2,34.2,0.600000,frankycpp_v1.4.exe,std::max,utility,0x140208dc0
std::min,0.003000,0.003000,0.0,0.0,8985000,,,0.666667,frankycpp_v1.4.exe,std::min,utility,0x140208dcf
std::popcount,0.003000,0.003000,0.0,0.0,35940000,,,0.416667,frankycpp_v1.4.exe,std::popcount,bit,0x140245803
std::popcount,0.003000,0.003000,0.0,0.0,26955000,32.6,32.6,0.666667,frankycpp_v1.4.exe,std::popcount,bit,0x140239e09
"std::ranges::_Copy_memcpy_common<Move *,Move *>",0.003000,0.003000,0.0,0.0,17970000,,,0.166667,frankycpp_v1.4.exe,"std::ranges::_Copy_memcpy_common<Move *,Move *>(class Move *, class Move *, class Move *, class Move *)",xmemory,0x14021dcc0
tablebase::Tablebase::isAvailable,0.003000,0.003000,0.0,0.0,14975000,25.6,25.6,1.400000,frankycpp_v1.4.exe,tablebase::Tablebase::isAvailable,Tablebase.h,0x140208f91
Bitboard::lsb,0.002000,0.002000,0.0,0.0,14975000,,,0.0,frankycpp_v1.4.exe,Bitboard::lsb,bitboard.h,0x14024033a
Bitboard::operator|=,0.002000,0.002000,0.0,0.0,17970000,77.0,77.0,0.666667,frankycpp_v1.4.exe,Bitboard::operator|=,bitboard.h,0x140240356
Bitboard::popLSB,0.002000,0.002000,0.0,0.0,26955000,47.1,47.1,0.333333,frankycpp_v1.4.exe,Bitboard::popLSB,bitboard.h,0x1402406e3
Bitboard::popLSB,0.002000,0.002000,0.0,0.0,47920000,59.5,59.5,0.437500,frankycpp_v1.4.exe,Bitboard::popLSB,bitboard.h,0x140245d38
Bitboard::{ctor},0.002000,0.002000,0.0,0.0,2995000,16.7,16.7,0.0,frankycpp_v1.4.exe,Bitboard::{ctor},bitboard.h,0x140240adf
CastlingRights::isEmpty,0.002000,0.002000,0.0,0.0,23960000,35.6,35.6,1.000000,frankycpp_v1.4.exe,CastlingRights::isEmpty,castlingrights.h,0x140239123
CastlingRights::operator-=,0.002000,0.002000,0.0,0.0,17970000,51.3,51.3,0.166667,frankycpp_v1.4.exe,CastlingRights::operator-=,castlingrights.h,0x1402390b6
Color::iterator::{ctor},0.002000,0.002000,0.0,0.0,14975000,,,0.0,frankycpp_v1.4.exe,Color::iterator::{ctor},color.h,0x140245648
KeReleaseInStackQueuedSpinLock,0.002000,0.002000,0.0,0.0,0,8.3,8.3,,ntoskrnl.exe,KeReleaseInStackQueuedSpinLock,[Unknown],0x1402990e0
KeReleaseSpinLock,0.002000,0.002000,0.0,0.0,5990000,25.0,25.0,0.0,ntoskrnl.exe,KeReleaseSpinLock,[Unknown],0x1402da360
KeRemoveQueueEx,0.002000,0.002000,0.0,0.0,0,0.0,0.0,,ntoskrnl.exe,KeRemoveQueueEx,[Unknown],0x1402501d0
KfRaiseIrql,0.002000,0.002000,0.0,0.0,11980000,31.8,31.8,1.000000,ntoskrnl.exe,KfRaiseIrql,[Unknown],0x1403fa130
LdrShutdownThread,0.002000,0.002000,0.0,0.0,0,0.0,0.0,0.0,ntdll.dll,LdrShutdownThread,[Unknown],0x18008c770
Move::operator==,0.002000,0.002000,0.0,0.0,5990000,38.7,38.7,4.000000,frankycpp_v1.4.exe,Move::operator==,PVTable.h,0x14023e4f3
Move::type,0.002000,0.002000,0.0,0.0,20965000,27.9,27.9,0.428571,frankycpp_v1.4.exe,Move::type,move.h,0x14020aef7
MoveGenerator::storeKiller,0.002000,0.002000,0.0,0.0,8985000,80.0,80.0,1.666667,frankycpp_v1.4.exe,MoveGenerator::storeKiller(class Move),MoveGenerator.cpp,0x14023e4f0
Position::clearEnPassant,0.002000,0.002000,0.0,0.0,11980000,,,0.250000,frankycpp_v1.4.exe,Position::clearEnPassant,Position.cpp,0x140238faf
Position::getLastMove,0.002000,0.002000,0.0,0.0,65890000,43.6,43.6,0.363636,frankycpp_v1.4.exe,Position::getLastMove,Position.h,0x14020a422
Position::getPiece,0.002000,0.002000,0.0,0.0,50915000,,,0.176471,frankycpp_v1.4.exe,Position::getPiece,Position.h,0x14027779d
Position::isCapturingMove,0.002000,0.002000,0.0,0.0,20965000,30.5,30.5,0.571429,frankycpp_v1.4.exe,Position::isCapturingMove,Position.h,0x14020a280
Position::isCapturingMove,0.002000,0.002000,0.0,0.0,8985000,0.0,0.0,0.0,frankycpp_v1.4.exe,Position::isCapturingMove,Position.h,0x14020a3bb
Position::undoNullMove,0.002000,0.002000,0.0,0.0,11980000,16.3,16.3,1.000000,frankycpp_v1.4.exe,Position::undoNullMove(void),Position.cpp,0x1402395d0
RtlAllocateHeap,0.002000,0.002000,0.0,0.0,20965000,11.1,11.1,0.142857,ntdll.dll,RtlAllocateHeap,[Unknown],0x18001c1d0
Square::file,0.002000,0.002000,0.0,0.0,17970000,28.6,28.6,0.0,frankycpp_v1.4.exe,Square::file,square.h,0x140239175
Value::operator int,0.002000,0.002000,0.0,0.0,2995000,10.0,10.0,0.0,frankycpp_v1.4.exe,Value::operator int,value.h,0x14020a7dd
Value::operator int,0.002000,0.002000,0.0,0.0,5990000,,,1.500000,frankycpp_v1.4.exe,Value::operator int,value.h,0x14020932b
[Import thunk memcpy],0.002000,0.002000,0.0,0.0,8985000,28.9,28.9,0.666667,frankycpp_v1.4.exe,[Import thunk memcpy],[Unknown],0x1405efb6c
__builtin_array_init_helper<class Move>,0.002000,0.002000,0.0,0.0,2995000,0.0,0.0,0.0,frankycpp_v1.4.exe,"__builtin_array_init_helper<class Move>(class Move *,unsigned __int64)",[Unknown],0x14019ba20
boost::serialization::extended_type_info::operator<,0.002000,0.002000,0.0,0.0,56905000,81.2,81.2,0.315789,frankycpp_v1.4.exe,boost::serialization::extended_type_info::operator<(class boost::serialization::extended_type_info const &),extended_type_info.cpp,0x14028e1a0
"boost::serialization::singleton<class boost::archive::detail::iserializer<class boost::archive::binary_iarchive,class BookEntry> >::get_instance",0.002000,0.002000,0.0,0.0,8985000,0.0,0.0,0.0,frankycpp_v1.4.exe,"boost::serialization::singleton<class boost::archive::detail::iserializer<class boost::archive::binary_iarchive,class BookEntry> >::get_instance(void)",singleton.hpp,0x140267090
calc_key,0.002000,0.002000,0.0,0.0,0,0.0,0.0,0.0,frankycpp_v1.4.exe,"calc_key(const struct Pos *, bool)",tbchess.c,0x140279720
func@0x140002b5e,0.002000,0.002000,0.0,0.0,23960000,100.0,100.0,0.500000,wpprecorder.sys,func@0x140002b5e,[Unknown],0x140002b5e
func@0x1400055f0,0.002000,0.002000,0.0,0.0,2995000,0.0,0.0,1.000000,ntfs.sys,func@0x1400055f0,[Unknown],0x1400055f0
func@0x14002a27d,0.002000,0.002000,0.0,0.0,11980000,20.0,20.0,1.250000,dxgmms2.sys,func@0x14002a27d,[Unknown],0x14002a27d
func@0x1401138e0,0.002000,0.002000,0.0,0.0,0,9.1,9.1,,nvlddmkm.sys,func@0x1401138e0,[Unknown],0x1401138e0
func@0x140114cf7,0.002000,0.002000,0.0,0.0,35940000,30.8,30.8,0.333333,ntfs.sys,func@0x140114cf7,[Unknown],0x140114cf7
func@0x140115d00,0.002000,0.002000,0.0,0.0,2995000,33.3,33.3,2.000000,nvlddmkm.sys,func@0x140115d00,[Unknown],0x140115d00
func@0x140119880,0.002000,0.002000,0.0,0.0,0,0.0,0.0,,nvlddmkm.sys,func@0x140119880,[Unknown],0x140119880
func@0x14013fe10,0.002000,0.002000,0.0,0.0,0,0.0,0.0,0.0,nvlddmkm.sys,func@0x14013fe10,[Unknown],0x14013fe10
func@0x14016b220,0.002000,0.002000,0.0,0.0,0,33.3,33.3,0.0,ntfs.sys,func@0x14016b220,[Unknown],0x14016b220
func@0x140212a50,0.002000,0.002000,0.0,0.0,14975000,56.1,56.1,0.400000,ntoskrnl.exe,func@0x140212a50,[Unknown],0x140212a50
func@0x140216fa0,0.002000,0.002000,0.0,0.0,5990000,33.3,33.3,1.000000,ntoskrnl.exe,func@0x140216fa0,[Unknown],0x140216fa0
func@0x140232690,0.002000,0.002000,0.0,0.0,0,0.0,0.0,,ntoskrnl.exe,func@0x140232690,[Unknown],0x140232690
func@0x140252210,0.002000,0.002000,0.0,0.0,11980000,9.3,9.3,0.250000,ntoskrnl.exe,func@0x140252210,[Unknown],0x140252210
func@0x140299133,0.002000,0.002000,0.0,0.0,2995000,20.0,20.0,0.0,ntoskrnl.exe,func@0x140299133,[Unknown],0x140299133
func@0x1402b4da2,0.002000,0.002000,0.0,0.0,0,0.0,0.0,,ntoskrnl.exe,func@0x1402b4da2,[Unknown],0x1402b4da2
func@0x1402b6710,0.002000,0.002000,0.0,0.0,0,0.0,0.0,,ntoskrnl.exe,func@0x1402b6710,[Unknown],0x1402b6710
func@0x1402b7dc0,0.002000,0.002000,0.0,0.0,17970000,25.0,25.0,0.166667,ntoskrnl.exe,func@0x1402b7dc0,[Unknown],0x1402b7dc0
func@0x1402e4480,0.002000,0.002000,0.0,0.0,0,0.0,0.0,,ntoskrnl.exe,func@0x1402e4480,[Unknown],0x1402e4480
func@0x140306a80,0.002000,0.002000,0.0,0.0,0,0.0,0.0,,ntoskrnl.exe,func@0x140306a80,[Unknown],0x140306a80
func@0x140309c30,0.002000,0.002000,0.0,0.0,0,20.4,20.4,,ntoskrnl.exe,func@0x140309c30,[Unknown],0x140309c30
func@0x14030ffa0,0.002000,0.002000,0.0,0.0,0,,,0.0,ntoskrnl.exe,func@0x14030ffa0,[Unknown],0x14030ffa0
func@0x14032be30,0.002000,0.002000,0.0,0.0,29950000,32.0,32.0,0.500000,ntoskrnl.exe,func@0x14032be30,[Unknown],0x14032be30
func@0x1403311d0,0.002000,0.002000,0.0,0.0,0,34.8,34.8,,ntoskrnl.exe,func@0x1403311d0,[Unknown],0x1403311d0
func@0x1403be0a0,0.002000,0.002000,0.0,0.0,0,0.0,0.0,,ntoskrnl.exe,func@0x1403be0a0,[Unknown],0x1403be0a0
func@0x1403da950,0.002000,0.002000,0.0,0.0,2995000,,,0.0,ntoskrnl.exe,func@0x1403da950,[Unknown],0x1403da950
func@0x140416952,0.002000,0.002000,0.0,0.0,8985000,3.9,3.9,1.666667,ntoskrnl.exe,func@0x140416952,[Unknown],0x140416952
func@0x14042dbc0,0.002000,0.002000,0.0,0.0,0,16.7,16.7,,ntoskrnl.exe,func@0x14042dbc0,[Unknown],0x14042dbc0
func@0x1404e94d0,0.002000,0.002000,0.0,0.0,0,,,,ntoskrnl.exe,func@0x1404e94d0,[Unknown],0x1404e94d0
func@0x1406bd6c0,0.002000,0.002000,0.0,0.0,2995000,0.0,0.0,1.000000,ntoskrnl.exe,func@0x1406bd6c0,[Unknown],0x1406bd6c0
func@0x1406bd983,0.002000,0.002000,0.0,0.0,2995000,0.0,0.0,0.0,ntoskrnl.exe,func@0x1406bd983,[Unknown],0x1406bd983
func@0x1406c0240,0.002000,0.002000,0.0,0.0,29950000,29.4,29.4,0.200000,ntoskrnl.exe,func@0x1406c0240,[Unknown],0x1406c0240
func@0x140864ca0,0.002000,0.002000,0.0,0.0,14975000,44.4,44.4,0.200000,ntoskrnl.exe,func@0x140864ca0,[Unknown],0x140864ca0
func@0x140d3e880,0.002000,0.002000,0.0,0.0,5990000,16.7,16.7,0.0,nvlddmkm.sys,func@0x140d3e880,[Unknown],0x140d3e880
func@0x140da5730,0.002000,0.002000,0.0,0.0,2995000,0.0,0.0,5.000000,nvlddmkm.sys,func@0x140da5730,[Unknown],0x140da5730
func@0x140dba5f0,0.002000,0.002000,0.0,0.0,2995000,0.0,0.0,3.000000,nvlddmkm.sys,func@0x140dba5f0,[Unknown],0x140dba5f0
func@0x140dbfd90,0.002000,0.002000,0.0,0.0,0,0.0,0.0,0.0,nvlddmkm.sys,func@0x140dbfd90,[Unknown],0x140dbfd90
func@0x140e1ca60,0.002000,0.002000,0.0,0.0,0,0.0,0.0,,nvlddmkm.sys,func@0x140e1ca60,[Unknown],0x140e1ca60
func@0x18001cd00,0.002000,0.002000,0.0,0.0,35940000,66.7,66.7,0.166667,ntdll.dll,func@0x18001cd00,[Unknown],0x18001cd00
func@0x1800cfb90,0.002000,0.002000,0.0,0.0,14975000,16.0,16.0,1.800000,ntdll.dll,func@0x1800cfb90,[Unknown],0x1800cfb90
operator&,0.002000,0.002000,0.0,0.0,29950000,80.8,80.8,0.800000,frankycpp_v1.4.exe,operator&,bitboard.h,0x1402779ae
operator&,0.002000,0.002000,0.0,0.0,56905000,59.1,59.1,0.263158,frankycpp_v1.4.exe,operator&,bitboard.h,0x140239af1
operator&,0.002000,0.002000,0.0,0.0,74875000,39.8,39.8,0.400000,frankycpp_v1.4.exe,operator&,bitboard.h,0x140277b2e
operator&,0.002000,0.002000,0.0,0.0,23960000,62.1,62.1,0.375000,frankycpp_v1.4.exe,operator&,bitboard.h,0x1402396a4
operator+,0.002000,0.002000,0.0,0.0,5990000,,,1.000000,frankycpp_v1.4.exe,operator+,direction.h,0x140240c2d
operator+=,0.002000,0.002000,0.0,0.0,11980000,20.0,20.0,0.250000,frankycpp_v1.4.exe,operator+=,depth.h,0x140209ef4
operator+=,0.002000,0.002000,0.0,0.0,8985000,,,0.333333,frankycpp_v1.4.exe,operator+=,value.h,0x14024596c
operator-,0.002000,0.002000,0.0,0.0,8985000,,,0.666667,frankycpp_v1.4.exe,operator-,value.h,0x14020935f
operator-,0.002000,0.002000,0.0,0.0,2995000,0.0,0.0,5.000000,frankycpp_v1.4.exe,operator-,value.h,0x1402095b2
operator-,0.002000,0.002000,0.0,0.0,14975000,33.9,33.9,1.200000,frankycpp_v1.4.exe,operator-,value.h,0x1402412a5
operator-=,0.002000,0.002000,0.0,0.0,11980000,,,1.500000,frankycpp_v1.4.exe,operator-=,depth.h,0x140209e75
operator-=,0.002000,0.002000,0.0,0.0,17970000,18.2,18.2,0.500000,frankycpp_v1.4.exe,operator-=,depth.h,0x140209ecd
operator==,0.002000,0.002000,0.0,0.0,11980000,6.6,6.6,1.500000,frankycpp_v1.4.exe,operator==,castlingrights.h,0x140208f6c
operator~,0.002000,0.002000,0.0,0.0,50915000,35.1,35.1,0.647059,frankycpp_v1.4.exe,operator~,color.h,0x140239667
operator~,0.002000,0.002000,0.0,0.0,5990000,,,1.000000,frankycpp_v1.4.exe,operator~,color.h,0x14020a36c
rook_attacks,0.002000,0.002000,0.0,0.0,2995000,,,0.0,frankycpp_v1.4.exe,"rook_attacks(unsigned int, unsigned __int64)",tbchess.c,0x140278fb0
"std::array<Move,64>::operator[]",0.002000,0.002000,0.0,0.0,2995000,50.8,50.8,2.000000,frankycpp_v1.4.exe,"std::array<Move,64>::operator[]",array,0x14020a43f
"std::array<int,64>::operator[]",0.002000,0.002000,0.0,0.0,65890000,52.1,52.1,0.454545,frankycpp_v1.4.exe,"std::array<int,64>::operator[]",array,0x140209e96
"std::array<int,64>::operator[]",0.002000,0.002000,0.0,0.0,5990000,33.3,33.3,0.500000,frankycpp_v1.4.exe,"std::array<int,64>::operator[]",array,0x14020a3f6
"std::basic_filebuf<char,struct std::char_traits<char> >::xsgetn",0.002000,0.002000,0.0,0.0,56905000,47.1,47.1,0.263158,frankycpp_v1.4.exe,"std::basic_filebuf<char,struct std::char_traits<char> >::xsgetn(char * __ptr64,__int64)",__msvc_filebuf.hpp,0x14011aaf0
"std::basic_streambuf<char,struct std::char_traits<char> >::sgetn",0.002000,0.002000,0.0,0.0,17970000,71.4,71.4,0.666667,msvcp140.dll,"std::basic_streambuf<char,struct std::char_traits<char> >::sgetn(char * __ptr64,__int64)",[Unknown],0x180009110
std::countr_zero,0.002000,0.002000,0.0,0.0,38935000,48.7,48.7,0.769231,frankycpp_v1.4.exe,std::countr_zero,bit,0x140241140
std::countr_zero,0.002000,0.002000,0.0,0.0,20965000,10.3,10.3,0.142857,frankycpp_v1.4.exe,std::countr_zero,bit,0x140240ca7
std::min,0.002000,0.002000,0.0,0.0,14975000,69.5,69.5,0.600000,frankycpp_v1.4.exe,std::min,utility,0x14020a73a
std::popcount,0.002000,0.002000,0.0,0.0,20965000,50.0,50.0,0.571429,frankycpp_v1.4.exe,std::popcount,bit,0x1402457f8
typeOf,0.002000,0.002000,0.0,0.0,14975000,33.3,33.3,0.800000,frankycpp_v1.4.exe,typeOf,piece.h,0x1402411a0
valueOf,0.002000,0.002000,0.0,0.0,8985000,28.6,28.6,0.333333,frankycpp_v1.4.exe,valueOf,value.h,0x140277793
valueOf,0.002000,0.002000,0.0,0.0,44925000,,,0.333333,frankycpp_v1.4.exe,valueOf,value.h,0x1402777ee
Bitboard::operator bool,0.001000,0.001000,0.0,0.0,8985000,,,0.0,frankycpp_v1.4.exe,Bitboard::operator bool,bitboard.h,0x140240760
Bitboard::operator^=,0.001000,0.001000,0.0,0.0,71880000,48.6,48.6,0.375000,frankycpp_v1.4.exe,Bitboard::operator^=,bitboard.h,0x140239a32
Bitboard::operator^=,0.001000,0.001000,0.0,0.0,0,0.0,0.0,0.0,frankycpp_v1.4.exe,Bitboard::operator^=,bitboard.h,0x140239a4e
Bitboard::operator|=,0.001000,0.001000,0.0,0.0,26955000,57.1,57.1,0.333333,frankycpp_v1.4.exe,Bitboard::operator|=,bitboard.h,0x1402457af
Bitboard::operator|=,0.001000,0.001000,0.0,0.0,0,0.0,0.0,0.0,frankycpp_v1.4.exe,Bitboard::operator|=,bitboard.h,0x140166b52
Bitboard::operator|=,0.001000,0.001000,0.0,0.0,62895000,,,0.333333,frankycpp_v1.4.exe,Bitboard::operator|=,bitboard.h,0x14024574d
Bitboard::popLSB,0.001000,0.001000,0.0,0.0,2995000,46.7,46.7,2.000000,frankycpp_v1.4.exe,Bitboard::popLSB,bitboard.h,0x140245a10
Direction::pawnPush,0.001000,0.001000,0.0,0.0,14975000,0.0,0.0,0.200000,frankycpp_v1.4.exe,Direction::pawnPush,direction.h,0x1402407e8
Direction::pawnPush,0.001000,0.001000,0.0,0.0,0,0.0,0.0,0.0,frankycpp_v1.4.exe,Direction::pawnPush,direction.h,0x140240b43
Direction::{ctor},0.001000,0.001000,0.0,0.0,0,,,0.0,frankycpp_v1.4.exe,Direction::{ctor},direction.h,0x140240ab0
EntropyProvideData,0.001000,0.001000,0.0,0.0,0,0.0,0.0,0.0,cng.sys,EntropyProvideData,[Unknown],0x18002cff0
EtwEventEnabled,0.001000,0.001000,0.0,0.0,0,0.0,0.0,,ntoskrnl.exe,EtwEventEnabled,[Unknown],0x14024d570
Evaluator::valueFromScore,0.001000,0.001000,0.0,0.0,11980000,29.9,29.9,1.000000,frankycpp_v1.4.exe,Evaluator::valueFromScore,Evaluator.cpp,0x1402454ad
ExAcquireAutoExpandPushLockExclusive,0.001000,0.001000,0.0,0.0,0,0.0,0.0,,ntoskrnl.exe,ExAcquireAutoExpandPushLockExclusive,[Unknown],0x1402e6d30
ExReleaseCacheAwarePushLockSharedEx,0.001000,0.001000,0.0,0.0,0,0.0,0.0,0.0,ntoskrnl.exe,ExReleaseCacheAwarePushLockSharedEx,[Unknown],0x140281aa0
ExReleaseFastResource,0.001000,0.001000,0.0,0.0,0,0.0,0.0,,ntoskrnl.exe,ExReleaseFastResource,[Unknown],0x14027f260
ExReleaseResourceLite,0.001000,0.001000,0.0,0.0,5990000,62.5,62.5,2.500000,ntoskrnl.exe,ExReleaseResourceLite,[Unknown],0x14027d860
ExReleaseRundownProtectionCacheAwareEx,0.001000,0.001000,0.0,0.0,5990000,8.3,8.3,1.500000,ntoskrnl.exe,ExReleaseRundownProtectionCacheAwareEx,[Unknown],0x14027ca10
ExpInterlockedPushEntrySList,0.001000,0.001000,0.0,0.0,17970000,20.0,20.0,0.500000,ntoskrnl.exe,ExpInterlockedPushEntrySList,[Unknown],0x1406b3250
FsRtlAcquireHeaderMutex,0.001000,0.001000,0.0,0.0,0,100.0,100.0,0.0,ntoskrnl.exe,FsRtlAcquireHeaderMutex,[Unknown],0x1402e6b60
FsRtlFindExtraCreateParameter,0.001000,0.001000,0.0,0.0,0,0.0,0.0,0.0,ntoskrnl.exe,FsRtlFindExtraCreateParameter,[Unknown],0x140990470
FsRtlReleaseHeaderMutex,0.001000,0.001000,0.0,0.0,2995000,0.0,0.0,0.0,ntoskrnl.exe,FsRtlReleaseHeaderMutex,[Unknown],0x1402fffb0
KeAcquireSpinLockRaiseToDpc,0.001000,0.001000,0.0,0.0,2995000,0.0,0.0,3.000000,ntoskrnl.exe,KeAcquireSpinLockRaiseToDpc,[Unknown],0x140277f30
KeAndAffinityEx2,0.001000,0.001000,0.0,0.0,5990000,26.7,26.7,0.500000,ntoskrnl.exe,KeAndAffinityEx2,[Unknown],0x140312c00
KeEnumerateNextProcessor,0.001000,0.001000,0.0,0.0,14975000,,,0.200000,ntoskrnl.exe,KeEnumerateNextProcessor,[Unknown],0x140407170
MapViewOfFile,0.001000,0.001000,0.0,0.0,0,0.0,0.0,0.0,kernelbase.dll,MapViewOfFile,[Unknown],0x180043630
MmUnlockPages,0.001000,0.001000,0.0,0.0,0,0.0,0.0,,ntoskrnl.exe,MmUnlockPages,[Unknown],0x14028b340
MmUnmapLockedPages,0.001000,0.001000,0.0,0.0,2995000,0.0,0.0,0.0,ntoskrnl.exe,MmUnmapLockedPages,[Unknown],0x1402b0dd0
Move::encode,0.001000,0.001000,0.0,0.0,0,100.0,100.0,0.0,frankycpp_v1.4.exe,Move::encode,move.h,0x1402405fe
Move::encode,0.001000,0.001000,0.0,0.0,2995000,50.0,50.0,0.0,frankycpp_v1.4.exe,Move::encode,move.h,0x140240a22
Move::operator==,0.001000,0.001000,0.0,0.0,5990000,,,0.0,frankycpp_v1.4.exe,Move::operator==,PVTable.h,0x140209ed4
Move::operator==,0.001000,0.001000,0.0,0.0,26955000,22.8,22.8,0.444444,frankycpp_v1.4.exe,Move::operator==,PVTable.h,0x140209ed9
Move::operator==,0.001000,0.001000,0.0,0.0,0,8.7,8.7,,frankycpp_v1.4.exe,Move::operator==,PVTable.h,0x1401fded3
Move::stripped,0.001000,0.001000,0.0,0.0,8985000,100.0,100.0,0.0,frankycpp_v1.4.exe,Move::stripped,move.h,0x14023e4f0
Move::type,0.001000,0.001000,0.0,0.0,2995000,0.0,0.0,1.000000,frankycpp_v1.4.exe,Move::type,move.h,0x14020a38b
Move::{ctor},0.001000,0.001000,0.0,0.0,5990000,100.0,100.0,0.500000,frankycpp_v1.4.exe,Move::{ctor},move.h,0x140240cb3
Move::{ctor},0.001000,0.001000,0.0,0.0,8985000,66.7,66.7,0.0,frankycpp_v1.4.exe,Move::{ctor},move.h,0x1402409fd
Move::{ctor},0.001000,0.001000,0.0,0.0,17970000,13.8,13.8,0.833333,frankycpp_v1.4.exe,Move::{ctor},move.h,0x140240c04
MoveGenerator::generateCastling,0.001000,0.001000,0.0,0.0,32945000,,,0.454545,frankycpp_v1.4.exe,"MoveGenerator::generateCastling(class Position const &,class StaticMoveList<256> *,enum GenMode)",MoveGenerator.cpp,0x140241370
MoveGenerator::generateLegalMoves,0.001000,0.001000,0.0,0.0,2995000,,,0.0,frankycpp_v1.4.exe,"MoveGenerator::generateLegalMoves(class Position const &,enum GenMode)",MoveGenerator.cpp,0x14023e270
MoveGenerator::reset,0.001000,0.001000,0.0,0.0,0,0.0,0.0,0.0,frankycpp_v1.4.exe,MoveGenerator::reset,MoveGenerator.h,0x140202ff8
MoveGenerator::resetOnDemand,0.001000,0.001000,0.0,0.0,0,0.0,0.0,,frankycpp_v1.4.exe,MoveGenerator::resetOnDemand,MoveGenerator.h,0x140203011
MoveGenerator::resetOnDemand,0.001000,0.001000,0.0,0.0,0,0.0,0.0,0.0,frankycpp_v1.4.exe,MoveGenerator::resetOnDemand,MoveGenerator.h,0x14020069b
MoveGenerator::setPV,0.001000,0.001000,0.0,0.0,0,0.0,0.0,,frankycpp_v1.4.exe,MoveGenerator::setPV(class Move),MoveGenerator.cpp,0x14023e4e0
NtWaitForWorkViaWorkerFactory,0.001000,0.001000,0.0,0.0,0,0.0,0.0,,ntdll.dll,NtWaitForWorkViaWorkerFactory,[Unknown],0x1801656f0
ObfDereferenceObjectWithTag,0.001000,0.001000,0.0,0.0,0,0.0,0.0,0.0,ntoskrnl.exe,ObfDereferenceObjectWithTag,[Unknown],0x1403072e0
PlyInfo::resetSearchState,0.001000,0.001000,0.0,0.0,0,0.0,0.0,,frankycpp_v1.4.exe,PlyInfo::resetSearchState,PlyInfo.h,0x140202ff0
Position::clearEnPassant,0.001000,0.001000,0.0,0.0,17970000,14.3,14.3,0.333333,frankycpp_v1.4.exe,Position::clearEnPassant,Position.cpp,0x1402390d3
Position::getCastlingRights,0.001000,0.001000,0.0,0.0,11980000,,,1.000000,frankycpp_v1.4.exe,Position::getCastlingRights,Position.h,0x140241381
Position::getGamePhaseFactor,0.001000,0.001000,0.0,0.0,29950000,37.6,37.6,0.400000,frankycpp_v1.4.exe,Position::getGamePhaseFactor,Position.h,0x140245293
Position::getMaterialNonPawn,0.001000,0.001000,0.0,0.0,8985000,46.8,46.8,0.333333,frankycpp_v1.4.exe,Position::getMaterialNonPawn,Position.h,0x1402094ba
Position::getMidPosValue,0.001000,0.001000,0.0,0.0,11980000,57.2,57.2,1.000000,frankycpp_v1.4.exe,Position::getMidPosValue,Position.h,0x1402452da
Position::getNextPlayer,0.001000,0.001000,0.0,0.0,8985000,21.1,21.1,1.333333,frankycpp_v1.4.exe,Position::getNextPlayer,Position.h,0x140240de9
Position::getNextPlayer,0.001000,0.001000,0.0,0.0,8985000,59.3,59.3,0.666667,frankycpp_v1.4.exe,Position::getNextPlayer,Position.h,0x14027774c
Position::getOccupiedBb,0.001000,0.001000,0.0,0.0,11980000,58.9,58.9,0.500000,frankycpp_v1.4.exe,Position::getOccupiedBb,Position.h,0x140245a48
Position::getPiece,0.001000,0.001000,0.0,0.0,0,0.0,0.0,0.0,frankycpp_v1.4.exe,Position::getPiece,Position.h,0x14024059f
Position::getPieceBb,0.001000,0.001000,0.0,0.0,2995000,,,1.000000,frankycpp_v1.4.exe,Position::getPieceBb,Position.h,0x140245686
Position::isLegalMove,0.001000,0.001000,0.0,0.0,2995000,50.0,50.0,1.000000,frankycpp_v1.4.exe,Position::isLegalMove(class Move),Position.cpp,0x140239c50
Query_perf_frequency,0.001000,0.001000,0.0,0.0,0,0.0,0.0,,msvcp140.dll,Query_perf_frequency,[Unknown],0x180012980
RtlCopyMemory,0.001000,0.001000,0.0,0.0,0,0.0,0.0,,ntdll.dll,RtlCopyMemory,[Unknown],0x1801671c0
RtlInitUnicodeString,0.001000,0.001000,0.0,0.0,0,0.0,0.0,0.0,ntoskrnl.exe,RtlInitUnicodeString,[Unknown],0x140426b20
RtlPcToFileHeader,0.001000,0.001000,0.0,0.0,0,0.0,0.0,0.0,ntdll.dll,RtlPcToFileHeader,[Unknown],0x18006da30
RtlRestoreLastWin32Error,0.001000,0.001000,0.0,0.0,0,0.0,0.0,0.0,ntdll.dll,RtlRestoreLastWin32Error,[Unknown],0x180060710
SbSelectProcedure,0.001000,0.001000,0.0,0.0,0,0.0,0.0,0.0,ntdll.dll,SbSelectProcedure,[Unknown],0x1800696f0
Search::getTBScoreForSearch,0.001000,0.001000,0.0,0.0,0,0.0,0.0,0.0,frankycpp_v1.4.exe,"Search::getTBScoreForSearch(enum tablebase::TBResult,int,enum Depth)",Search.cpp,0x14020d120
Search::run,0.001000,0.001000,0.0,0.0,0,0.0,0.0,0.0,frankycpp_v1.4.exe,Search::run(void),Search.cpp,0x140202960
StaticMoveList<128>::push_back,0.001000,0.001000,0.0,0.0,2995000,0.0,0.0,0.0,frankycpp_v1.4.exe,StaticMoveList<128>::push_back,staticmovelist.h,0x14020899d
StaticMoveList<256>::push_back,0.001000,0.001000,0.0,0.0,2995000,0.0,0.0,0.0,frankycpp_v1.4.exe,StaticMoveList<256>::push_back,staticmovelist.h,0x1402405ec
StaticMoveList<256>::push_back,0.001000,0.001000,0.0,0.0,5990000,11.4,11.4,0.500000,frankycpp_v1.4.exe,StaticMoveList<256>::push_back,staticmovelist.h,0x140240a08
StaticMoveList<256>::push_back,0.001000,0.001000,0.0,0.0,5990000,33.3,33.3,0.0,frankycpp_v1.4.exe,StaticMoveList<256>::push_back,staticmovelist.h,0x140240617
StaticMoveList<256>::push_back,0.001000,0.001000,0.0,0.0,2995000,,,1.000000,frankycpp_v1.4.exe,StaticMoveList<256>::push_back,staticmovelist.h,0x140240a38
StaticMoveList<256>::push_back,0.001000,0.001000,0.0,0.0,8985000,,,0.333333,frankycpp_v1.4.exe,StaticMoveList<256>::push_back,staticmovelist.h,0x140240644
StorPortExtendedFunction,0.001000,0.001000,0.0,0.0,0,0.0,0.0,0.0,storport.sys,StorPortExtendedFunction,[Unknown],0x1400463e0
Value::operator int,0.001000,0.001000,0.0,0.0,0,50.0,50.0,,frankycpp_v1.4.exe,Value::operator int,value.h,0x140208eba
Value::{ctor},0.001000,0.001000,0.0,0.0,26955000,,,0.111111,frankycpp_v1.4.exe,Value::{ctor},value.h,0x140209346
WdLogSingleEntry1,0.001000,0.001000,0.0,0.0,0,20.0,20.0,0.0,watchdog.sys,WdLogSingleEntry1,[Unknown],0x140003440
WdLogSingleEntry3,0.001000,0.001000,0.0,0.0,0,,,0.0,watchdog.sys,WdLogSingleEntry3,[Unknown],0x1400018b0
WppAutoLogTrace,0.001000,0.001000,0.0,0.0,2995000,0.0,0.0,0.0,wpprecorder.sys,WppAutoLogTrace,[Unknown],0x140002b00
YAML::Node::Type,0.001000,0.001000,0.0,0.0,0,0.0,0.0,0.0,frankycpp_v1.4.exe,YAML::Node::Type(void),impl.h,0x140168dd0
YAML::RegEx::MatchUnchecked<class YAML::StreamCharSource>,0.001000,0.001000,0.0,0.0,2995000,50.0,50.0,0.0,frankycpp_v1.4.exe,YAML::RegEx::MatchUnchecked<class YAML::StreamCharSource>(class YAML::StreamCharSource const &),regeximpl.h,0x1402c72f0
[nvlddmkm.sys],0.001000,0.001000,0.0,0.0,0,0.0,0.0,,nvlddmkm.sys,[nvlddmkm.sys],[Unknown],0x0
boost::archive::detail::basic_iarchive_impl::load_preamble,0.001000,0.001000,0.0,0.0,20965000,60.0,60.0,0.142857,frankycpp_v1.4.exe,"boost::archive::detail::basic_iarchive_impl::load_preamble(class boost::archive::detail::basic_iarchive &,class boost::archive::detail::basic_iarchive_impl::cobject_id &)",basic_iarchive.cpp,0x140283590
boost::archive::detail::basic_serializer::operator<,0.001000,0.001000,0.0,0.0,0,0.0,0.0,,frankycpp_v1.4.exe,boost::archive::detail::basic_serializer::operator<,basic_serializer.hpp,0x1402837f7
boost::archive::version_type::{ctor},0.001000,0.001000,0.0,0.0,5990000,,,0.0,frankycpp_v1.4.exe,boost::archive::version_type::{ctor},basic_archive.hpp,0x1402648e0
boost::archive::version_type::{ctor},0.001000,0.001000,0.0,0.0,0,0.0,0.0,0.0,frankycpp_v1.4.exe,boost::archive::version_type::{ctor},basic_archive.hpp,0x140266c20
"boost::serialization::load<class boost::archive::binary_iarchive,unsigned __int64,class std::allocator<unsigned __int64> >",0.001000,0.001000,0.0,0.0,2995000,100.0,100.0,0.0,frankycpp_v1.4.exe,"boost::serialization::load<class boost::archive::binary_iarchive,unsigned __int64,class std::allocator<unsigned __int64> >(class boost::archive::binary_iarchive &,class std::vector<unsigned __int64,class std::allocator<unsigned __int64> > &,unsigned int,struct boost::mpl::bool_<1>)",vector.hpp,0x14026c410
"boost::serialization::load<class boost::archive::binary_iarchive,unsigned __int64>",0.001000,0.001000,0.0,0.0,8985000,50.0,50.0,0.333333,frankycpp_v1.4.exe,"boost::serialization::load<class boost::archive::binary_iarchive,unsigned __int64>(class boost::archive::binary_iarchive &,class boost::serialization::nvp<unsigned __int64> &,unsigned int)",nvp.hpp,0x140265b70
"boost::serialization::singleton<class boost::archive::detail::iserializer<class boost::archive::binary_iarchive,class std::vector<unsigned __int64,class std::allocator<unsigned __int64> > > >::get_instance",0.001000,0.001000,0.0,0.0,14975000,57.1,57.1,0.0,frankycpp_v1.4.exe,"boost::serialization::singleton<class boost::archive::detail::iserializer<class boost::archive::binary_iarchive,class std::vector<unsigned __int64,class std::allocator<unsigned __int64> > > >::get_instance(void)",singleton.hpp,0x14026ab60
"boost::serialization::smart_cast_reference<boost::archive::binary_iarchive &,boost::archive::detail::basic_iarchive>",0.001000,0.001000,0.0,0.0,2995000,33.3,33.3,1.000000,frankycpp_v1.4.exe,"boost::serialization::smart_cast_reference<boost::archive::binary_iarchive &,boost::archive::detail::basic_iarchive>(class boost::archive::detail::basic_iarchive & const)",smart_cast.hpp,0x140260130
"boost::serialization::stl::collection_load_impl<class boost::archive::binary_iarchive,class std::vector<class Move,class std::allocator<class Move> > >",0.001000,0.001000,0.0,0.0,5990000,100.0,100.0,0.500000,frankycpp_v1.4.exe,"boost::serialization::stl::collection_load_impl<class boost::archive::binary_iarchive,class std::vector<class Move,class std::allocator<class Move> > >(class boost::archive::binary_iarchive &,class std::vector<class Move,class std::allocator<class Move> > &,class boost::serialization::collection_size_type,class boost::serialization::item_version_type)",collections_load_imp.hpp,0x14026c210
func@0x140002700,0.001000,0.001000,0.0,0.0,0,0.0,0.0,,intelppm.sys,func@0x140002700,[Unknown],0x140002700
func@0x140005e27,0.001000,0.001000,0.0,0.0,0,0.0,0.0,0.0,dxgmms2.sys,func@0x140005e27,[Unknown],0x140005e27
func@0x14000ad90,0.001000,0.001000,0.0,0.0,0,0.0,0.0,0.0,stornvme.sys,func@0x14000ad90,[Unknown],0x14000ad90
func@0x14000bd0a,0.001000,0.001000,0.0,0.0,0,0.0,0.0,,winhvr.sys,func@0x14000bd0a,[Unknown],0x14000bd0a
func@0x14000c844,0.001000,0.001000,0.0,0.0,0,0.0,0.0,0.0,dxgmms2.sys,func@0x14000c844,[Unknown],0x14000c844
func@0x14000f9a9,0.001000,0.001000,0.0,0.0,0,0.0,0.0,0.0,dxgmms2.sys,func@0x14000f9a9,[Unknown],0x14000f9a9
func@0x140011150,0.001000,0.001000,0.0,0.0,0,0.0,0.0,,afd.sys,func@0x140011150,[Unknown],0x140011150
func@0x1400113f0,0.001000,0.001000,0.0,0.0,0,0.0,0.0,0.0,bthport.sys,func@0x1400113f0,[Unknown],0x1400113f0
func@0x140013440,0.001000,0.001000,0.0,0.0,0,0.0,0.0,0.0,ntfs.sys,func@0x140013440,[Unknown],0x140013440
func@0x14001672d,0.001000,0.001000,0.0,0.0,0,0.0,0.0,,wdf01000.sys,func@0x14001672d,[Unknown],0x14001672d
func@0x140019238,0.001000,0.001000,0.0,0.0,0,0.0,0.0,0.0,stornvme.sys,func@0x140019238,[Unknown],0x140019238
func@0x14001ce30,0.001000,0.001000,0.0,0.0,0,0.0,0.0,0.0,nvlddmkm.sys,func@0x14001ce30,[Unknown],0x14001ce30
func@0x14001f370,0.001000,0.001000,0.0,0.0,0,0.0,0.0,,nvlddmkm.sys,func@0x14001f370,[Unknown],0x14001f370
func@0x140020340,0.001000,0.001000,0.0,0.0,0,0.0,0.0,0.0,netadaptercx.sys,func@0x140020340,[Unknown],0x140020340
func@0x1400203b0,0.001000,0.001000,0.0,0.0,0,0.0,0.0,0.0,nvlddmkm.sys,func@0x1400203b0,[Unknown],0x1400203b0
func@0x140020a60,0.001000,0.001000,0.0,0.0,0,0.0,0.0,0.0,nvlddmkm.sys,func@0x140020a60,[Unknown],0x140020a60
func@0x14002633e,0.001000,0.001000,0.0,0.0,0,0.0,0.0,,dxgmms2.sys,func@0x14002633e,[Unknown],0x14002633e
func@0x140026780,0.001000,0.001000,0.0,0.0,0,0.0,0.0,,wdf01000.sys,func@0x140026780,[Unknown],0x140026780
func@0x140028980,0.001000,0.001000,0.0,0.0,0,0.0,0.0,,dxgmms2.sys,func@0x140028980,[Unknown],0x140028980
func@0x14002dbe8,0.001000,0.001000,0.0,0.0,0,0.0,0.0,0.0,bthport.sys,func@0x14002dbe8,[Unknown],0x14002dbe8
func@0x1400310ec,0.001000,0.001000,0.0,0.0,0,0.0,0.0,0.0,dxgmms2.sys,func@0x1400310ec,[Unknown],0x1400310ec
func@0x140033500,0.001000,0.001000,0.0,0.0,0,0.0,0.0,0.0,stornvme.sys,func@0x140033500,[Unknown],0x140033500
func@0x140036b90,0.001000,0.001000,0.0,0.0,0,0.0,0.0,0.0,wdf01000.sys,func@0x140036b90,[Unknown],0x140036b90
func@0x1400386b0,0.001000,0.001000,0.0,0.0,0,0.0,0.0,0.0,usbxhci.sys,func@0x1400386b0,[Unknown],0x1400386b0
func@0x14003e03c,0.001000,0.001000,0.0,0.0,0,0.0,0.0,0.0,dxgmms2.sys,func@0x14003e03c,[Unknown],0x14003e03c
func@0x140042cb0,0.001000,0.001000,0.0,0.0,0,0.0,0.0,0.0,bthport.sys,func@0x140042cb0,[Unknown],0x140042cb0
func@0x140047730,0.001000,0.001000,0.0,0.0,0,0.0,0.0,0.0,e2fn.sys,func@0x140047730,[Unknown],0x140047730
func@0x140049abf,0.001000,0.001000,0.0,0.0,0,0.0,0.0,,e2fn.sys,func@0x140049abf,[Unknown],0x140049abf
func@0x140049b80,0.001000,0.001000,0.0,0.0,0,0.0,0.0,,e2fn.sys,func@0x140049b80,[Unknown],0x140049b80
func@0x14004c800,0.001000,0.001000,0.0,0.0,0,0.0,0.0,0.0,wdf01000.sys,func@0x14004c800,[Unknown],0x14004c800
func@0x14004cb63,0.001000,0.001000,0.0,0.0,0,0.0,0.0,0.0,wdf01000.sys,func@0x14004cb63,[Unknown],0x14004cb63
func@0x14005c0e0,0.001000,0.001000,0.0,0.0,0,0.0,0.0,0.0,wdf01000.sys,func@0x14005c0e0,[Unknown],0x14005c0e0
func@0x14005d49d,0.001000,0.001000,0.0,0.0,0,0.0,0.0,0.0,wdfilter.sys,func@0x14005d49d,[Unknown],0x14005d49d
func@0x140066170,0.001000,0.001000,0.0,0.0,0,0.0,0.0,,tcpip.sys,func@0x140066170,[Unknown],0x140066170
func@0x140067b60,0.001000,0.001000,0.0,0.0,2995000,0.0,0.0,2.000000,e2fn.sys,func@0x140067b60,[Unknown],0x140067b60
func@0x14009f390,0.001000,0.001000,0.0,0.0,0,0.0,0.0,0.0,tcpip.sys,func@0x14009f390,[Unknown],0x14009f390
func@0x1400b11c0,0.001000,0.001000,0.0,0.0,0,0.0,0.0,0.0,e2fn.sys,func@0x1400b11c0,[Unknown],0x1400b11c0
func@0x1400d6ad0,0.001000,0.001000,0.0,0.0,0,0.0,0.0,0.0,nvlddmkm.sys,func@0x1400d6ad0,[Unknown],0x1400d6ad0
func@0x1400dd530,0.001000,0.001000,0.0,0.0,0,0.0,0.0,0.0,nvlddmkm.sys,func@0x1400dd530,[Unknown],0x1400dd530
func@0x1400f1b40,0.001000,0.001000,0.0,0.0,0,0.0,0.0,0.0,nvlddmkm.sys,func@0x1400f1b40,[Unknown],0x1400f1b40
func@0x1400f6ff0,0.001000,0.001000,0.0,0.0,0,0.0,0.0,0.0,nvlddmkm.sys,func@0x1400f6ff0,[Unknown],0x1400f6ff0
func@0x1400f7490,0.001000,0.001000,0.0,0.0,0,0.0,0.0,0.0,nvlddmkm.sys,func@0x1400f7490,[Unknown],0x1400f7490
func@0x1400fdd00,0.001000,0.001000,0.0,0.0,0,0.0,0.0,0.0,nvlddmkm.sys,func@0x1400fdd00,[Unknown],0x1400fdd00
func@0x140113a60,0.001000,0.001000,0.0,0.0,0,9.1,9.1,,nvlddmkm.sys,func@0x140113a60,[Unknown],0x140113a60
func@0x14011465f,0.001000,0.001000,0.0,0.0,0,0.0,0.0,,nvlddmkm.sys,func@0x14011465f,[Unknown],0x14011465f
func@0x140114980,0.001000,0.001000,0.0,0.0,5990000,100.0,100.0,0.500000,ntfs.sys,func@0x140114980,[Unknown],0x140114980
func@0x140115380,0.001000,0.001000,0.0,0.0,2995000,0.0,0.0,0.0,nvlddmkm.sys,func@0x140115380,[Unknown],0x140115380
func@0x140115460,0.001000,0.001000,0.0,0.0,2995000,33.3,33.3,1.000000,ntfs.sys,func@0x140115460,[Unknown],0x140115460
func@0x140118db0,0.001000,0.001000,0.0,0.0,0,0.0,0.0,0.0,nvlddmkm.sys,func@0x140118db0,[Unknown],0x140118db0
func@0x140119170,0.001000,0.001000,0.0,0.0,0,0.0,0.0,,nvlddmkm.sys,func@0x140119170,[Unknown],0x140119170
func@0x140119240,0.001000,0.001000,0.0,0.0,0,0.0,0.0,0.0,nvlddmkm.sys,func@0x140119240,[Unknown],0x140119240
func@0x14013b1d0,0.001000,0.001000,0.0,0.0,0,0.0,0.0,,nvlddmkm.sys,func@0x14013b1d0,[Unknown],0x14013b1d0
func@0x140141290,0.001000,0.001000,0.0,0.0,0,16.7,16.7,,nvlddmkm.sys,func@0x140141290,[Unknown],0x140141290
func@0x140141d90,0.001000,0.001000,0.0,0.0,0,42.9,42.9,,nvlddmkm.sys,func@0x140141d90,[Unknown],0x140141d90
func@0x1401659b0,0.001000,0.001000,0.0,0.0,5990000,0.0,0.0,0.500000,nvlddmkm.sys,func@0x1401659b0,[Unknown],0x1401659b0
func@0x14020b210,0.001000,0.001000,0.0,0.0,0,100.0,100.0,0.0,ntoskrnl.exe,func@0x14020b210,[Unknown],0x14020b210
func@0x140211da0,0.001000,0.001000,0.0,0.0,8985000,55.8,55.8,0.333333,ntoskrnl.exe,func@0x140211da0,[Unknown],0x140211da0
func@0x1402157f0,0.001000,0.001000,0.0,0.0,5990000,0.0,0.0,1.000000,ntoskrnl.exe,func@0x1402157f0,[Unknown],0x1402157f0
func@0x140216a30,0.001000,0.001000,0.0,0.0,5990000,0.0,0.0,0.500000,ntoskrnl.exe,func@0x140216a30,[Unknown],0x140216a30
func@0x140223890,0.001000,0.001000,0.0,0.0,8985000,,,0.0,ntoskrnl.exe,func@0x140223890,[Unknown],0x140223890
func@0x140223cf0,0.001000,0.001000,0.0,0.0,5990000,,,0.0,ntoskrnl.exe,func@0x140223cf0,[Unknown],0x140223cf0
func@0x140232450,0.001000,0.001000,0.0,0.0,0,0.0,0.0,0.0,ntoskrnl.exe,func@0x140232450,[Unknown],0x140232450
func@0x140233b80,0.001000,0.001000,0.0,0.0,2995000,0.0,0.0,4.000000,ntoskrnl.exe,func@0x140233b80,[Unknown],0x140233b80
func@0x14023e9e0,0.001000,0.001000,0.0,0.0,2995000,0.0,0.0,4.000000,ntoskrnl.exe,func@0x14023e9e0,[Unknown],0x14023e9e0
func@0x140243574,0.001000,0.001000,0.0,0.0,0,0.0,0.0,0.0,ntoskrnl.exe,func@0x140243574,[Unknown],0x140243574
func@0x140244270,0.001000,0.001000,0.0,0.0,8985000,8.7,8.7,1.000000,ntoskrnl.exe,func@0x140244270,[Unknown],0x140244270
func@0x140245000,0.001000,0.001000,0.0,0.0,0,,,0.0,ntoskrnl.exe,func@0x140245000,[Unknown],0x140245000
func@0x1402467e4,0.001000,0.001000,0.0,0.0,8985000,15.9,15.9,1.666667,ntoskrnl.exe,func@0x1402467e4,[Unknown],0x1402467e4
func@0x140247370,0.001000,0.001000,0.0,0.0,11980000,25.0,25.0,0.750000,ntoskrnl.exe,func@0x140247370,[Unknown],0x140247370
func@0x140247f70,0.001000,0.001000,0.0,0.0,0,0.0,0.0,,ntoskrnl.exe,func@0x140247f70,[Unknown],0x140247f70
func@0x140248690,0.001000,0.001000,0.0,0.0,0,0.0,0.0,,ntoskrnl.exe,func@0x140248690,[Unknown],0x140248690
func@0x140248dc8,0.001000,0.001000,0.0,0.0,0,0.0,0.0,,ntoskrnl.exe,func@0x140248dc8,[Unknown],0x140248dc8
func@0x1402499fc,0.001000,0.001000,0.0,0.0,0,0.0,0.0,0.0,ntoskrnl.exe,func@0x1402499fc,[Unknown],0x1402499fc
func@0x14024ac80,0.001000,0.001000,0.0,0.0,0,0.0,0.0,0.0,ntoskrnl.exe,func@0x14024ac80,[Unknown],0x14024ac80
func@0x14024ec3c,0.001000,0.001000,0.0,0.0,0,0.0,0.0,0.0,ntoskrnl.exe,func@0x14024ec3c,[Unknown],0x14024ec3c
func@0x14024fafc,0.001000,0.001000,0.0,0.0,0,0.0,0.0,,ntoskrnl.exe,func@0x14024fafc,[Unknown],0x14024fafc
func@0x140250635,0.001000,0.001000,0.0,0.0,0,0.0,0.0,,ntoskrnl.exe,func@0x140250635,[Unknown],0x140250635
func@0x1402595e0,0.001000,0.001000,0.0,0.0,0,0.0,0.0,,nvlddmkm.sys,func@0x1402595e0,[Unknown],0x1402595e0
func@0x140259910,0.001000,0.001000,0.0,0.0,0,0.0,0.0,0.0,nvlddmkm.sys,func@0x140259910,[Unknown],0x140259910
func@0x14025a500,0.001000,0.001000,0.0,0.0,0,0.0,0.0,0.0,nvlddmkm.sys,func@0x14025a500,[Unknown],0x14025a500
func@0x14025ae82,0.001000,0.001000,0.0,0.0,14975000,17.4,17.4,0.400000,ntoskrnl.exe,func@0x14025ae82,[Unknown],0x14025ae82
func@0x1402613f0,0.001000,0.001000,0.0,0.0,5990000,14.3,14.3,2.000000,ntoskrnl.exe,func@0x1402613f0,[Unknown],0x1402613f0
func@0x1402645a0,0.001000,0.001000,0.0,0.0,5990000,66.7,66.7,0.500000,ntoskrnl.exe,func@0x1402645a0,[Unknown],0x1402645a0
func@0x140266180,0.001000,0.001000,0.0,0.0,0,0.0,0.0,0.0,ntfs.sys,func@0x140266180,[Unknown],0x140266180
func@0x1402665f0,0.001000,0.001000,0.0,0.0,0,0.0,0.0,0.0,ntoskrnl.exe,func@0x1402665f0,[Unknown],0x1402665f0
func@0x140267df7,0.001000,0.001000,0.0,0.0,0,0.0,0.0,,ntoskrnl.exe,func@0x140267df7,[Unknown],0x140267df7
func@0x140269710,0.001000,0.001000,0.0,0.0,0,0.0,0.0,,nvlddmkm.sys,func@0x140269710,[Unknown],0x140269710
func@0x14026d9c0,0.001000,0.001000,0.0,0.0,0,0.0,0.0,0.0,nvlddmkm.sys,func@0x14026d9c0,[Unknown],0x14026d9c0
func@0x140273260,0.001000,0.001000,0.0,0.0,0,0.0,0.0,0.0,ntoskrnl.exe,func@0x140273260,[Unknown],0x140273260
func@0x140275f0f,0.001000,0.001000,0.0,0.0,0,0.0,0.0,,ntoskrnl.exe,func@0x140275f0f,[Unknown],0x140275f0f
func@0x140277070,0.001000,0.001000,0.0,0.0,0,0.0,0.0,0.0,ntoskrnl.exe,func@0x140277070,[Unknown],0x140277070
func@0x140277f7d,0.001000,0.001000,0.0,0.0,5990000,22.2,22.2,3.000000,ntoskrnl.exe,func@0x140277f7d,[Unknown],0x140277f7d
func@0x140278320,0.001000,0.001000,0.0,0.0,0,100.0,100.0,,ntoskrnl.exe,func@0x140278320,[Unknown],0x140278320
func@0x140278500,0.001000,0.001000,0.0,0.0,8985000,,,1.000000,ntoskrnl.exe,func@0x140278500,[Unknown],0x140278500
func@0x14027a590,0.001000,0.001000,0.0,0.0,0,14.3,14.3,0.0,ntoskrnl.exe,func@0x14027a590,[Unknown],0x14027a590
func@0x1402801b0,0.001000,0.001000,0.0,0.0,14975000,13.6,13.6,0.800000,ntoskrnl.exe,func@0x1402801b0,[Unknown],0x1402801b0
func@0x14028408e,0.001000,0.001000,0.0,0.0,0,0.0,0.0,0.0,ntoskrnl.exe,func@0x14028408e,[Unknown],0x14028408e
func@0x14028702c,0.001000,0.001000,0.0,0.0,0,0.0,0.0,0.0,ntoskrnl.exe,func@0x14028702c,[Unknown],0x14028702c
func@0x140288fb0,0.001000,0.001000,0.0,0.0,0,0.0,0.0,,nvlddmkm.sys,func@0x140288fb0,[Unknown],0x140288fb0
func@0x1402895a0,0.001000,0.001000,0.0,0.0,2995000,0.0,0.0,1.000000,nvlddmkm.sys,func@0x1402895a0,[Unknown],0x1402895a0
func@0x140295960,0.001000,0.001000,0.0,0.0,0,,,0.0,ntoskrnl.exe,func@0x140295960,[Unknown],0x140295960
func@0x14029c710,0.001000,0.001000,0.0,0.0,0,0.0,0.0,0.0,ntoskrnl.exe,func@0x14029c710,[Unknown],0x14029c710
func@0x1402a42a0,0.001000,0.001000,0.0,0.0,0,,,0.0,ntoskrnl.exe,func@0x1402a42a0,[Unknown],0x1402a42a0
func@0x1402a8627,0.001000,0.001000,0.0,0.0,0,0.0,0.0,0.0,ntoskrnl.exe,func@0x1402a8627,[Unknown],0x1402a8627
func@0x1402a8b00,0.001000,0.001000,0.0,0.0,11980000,45.2,45.2,0.250000,ntoskrnl.exe,func@0x1402a8b00,[Unknown],0x1402a8b00
func@0x1402ac990,0.001000,0.001000,0.0,0.0,0,0.0,0.0,0.0,ntoskrnl.exe,func@0x1402ac990,[Unknown],0x1402ac990
func@0x1402b6ff0,0.001000,0.001000,0.0,0.0,0,0.0,0.0,,ntoskrnl.exe,func@0x1402b6ff0,[Unknown],0x1402b6ff0
func@0x1402b869d,0.001000,0.001000,0.0,0.0,5990000,,,0.500000,ntoskrnl.exe,func@0x1402b869d,[Unknown],0x1402b869d
func@0x1402ba66c,0.001000,0.001000,0.0,0.0,0,0.0,0.0,,ntoskrnl.exe,func@0x1402ba66c,[Unknown],0x1402ba66c
func@0x1402bbdf0,0.001000,0.001000,0.0,0.0,0,,,,ntoskrnl.exe,func@0x1402bbdf0,[Unknown],0x1402bbdf0
func@0x1402bc2bd,0.001000,0.001000,0.0,0.0,0,0.0,0.0,0.0,ntoskrnl.exe,func@0x1402bc2bd,[Unknown],0x1402bc2bd
func@0x1402bfac0,0.001000,0.001000,0.0,0.0,0,,,0.0,ntoskrnl.exe,func@0x1402bfac0,[Unknown],0x1402bfac0
func@0x1402dd010,0.001000,0.001000,0.0,0.0,0,0.0,0.0,0.0,ntoskrnl.exe,func@0x1402dd010,[Unknown],0x1402dd010
func@0x1402dd6d0,0.001000,0.001000,0.0,0.0,2995000,0.0,0.0,0.0,ntoskrnl.exe,func@0x1402dd6d0,[Unknown],0x1402dd6d0
func@0x1402e1ba0,0.001000,0.001000,0.0,0.0,2995000,12.9,12.9,1.000000,ntoskrnl.exe,func@0x1402e1ba0,[Unknown],0x1402e1ba0
func@0x1402e1bf9,0.001000,0.001000,0.0,0.0,0,0.0,0.0,0.0,ntoskrnl.exe,func@0x1402e1bf9,[Unknown],0x1402e1bf9
func@0x1402e8570,0.001000,0.001000,0.0,0.0,0,0.0,0.0,,ntoskrnl.exe,func@0x1402e8570,[Unknown],0x1402e8570
func@0x1402e8ac0,0.001000,0.001000,0.0,0.0,14975000,16.7,16.7,0.600000,ntoskrnl.exe,func@0x1402e8ac0,[Unknown],0x1402e8ac0
func@0x1402eab70,0.001000,0.001000,0.0,0.0,2995000,11.1,11.1,1.000000,ntoskrnl.exe,func@0x1402eab70,[Unknown],0x1402eab70
func@0x140300580,0.001000,0.001000,0.0,0.0,0,0.0,0.0,0.0,ntoskrnl.exe,func@0x140300580,[Unknown],0x140300580
func@0x140301350,0.001000,0.001000,0.0,0.0,2995000,44.4,44.4,1.000000,nvlddmkm.sys,func@0x140301350,[Unknown],0x140301350
func@0x140304bd0,0.001000,0.001000,0.0,0.0,0,0.0,0.0,,nvlddmkm.sys,func@0x140304bd0,[Unknown],0x140304bd0
func@0x14030e5e4,0.001000,0.001000,0.0,0.0,0,0.0,0.0,,ntoskrnl.exe,func@0x14030e5e4,[Unknown],0x14030e5e4
func@0x14030ed34,0.001000,0.001000,0.0,0.0,0,0.0,0.0,,ntoskrnl.exe,func@0x14030ed34,[Unknown],0x14030ed34
func@0x14030fa4c,0.001000,0.001000,0.0,0.0,5990000,50.0,50.0,0.0,ntoskrnl.exe,func@0x14030fa4c,[Unknown],0x14030fa4c
func@0x14030ff60,0.001000,0.001000,0.0,0.0,17970000,14.3,14.3,0.333333,ntoskrnl.exe,func@0x14030ff60,[Unknown],0x14030ff60
func@0x14031e3e0,0.001000,0.001000,0.0,0.0,0,0.0,0.0,0.0,nvlddmkm.sys,func@0x14031e3e0,[Unknown],0x14031e3e0
func@0x140320240,0.001000,0.001000,0.0,0.0,0,,,0.0,ntoskrnl.exe,func@0x140320240,[Unknown],0x140320240
func@0x140321bd0,0.001000,0.001000,0.0,0.0,5990000,0.0,0.0,0.0,ntoskrnl.exe,func@0x140321bd0,[Unknown],0x140321bd0
func@0x140322906,0.001000,0.001000,0.0,0.0,0,0.0,0.0,0.0,ntoskrnl.exe,func@0x140322906,[Unknown],0x140322906
func@0x1403248e3,0.001000,0.001000,0.0,0.0,0,0.0,0.0,,ntoskrnl.exe,func@0x1403248e3,[Unknown],0x1403248e3
func@0x140328ac0,0.001000,0.001000,0.0,0.0,0,0.0,0.0,0.0,ntoskrnl.exe,func@0x140328ac0,[Unknown],0x140328ac0
func@0x14032cac0,0.001000,0.001000,0.0,0.0,2995000,0.0,0.0,0.0,ntoskrnl.exe,func@0x14032cac0,[Unknown],0x14032cac0
func@0x14032d637,0.001000,0.001000,0.0,0.0,5990000,66.7,66.7,0.500000,ntoskrnl.exe,func@0x14032d637,[Unknown],0x14032d637
func@0x14032fb30,0.001000,0.001000,0.0,0.0,5990000,0.0,0.0,0.0,ntoskrnl.exe,func@0x14032fb30,[Unknown],0x14032fb30
func@0x14033a914,0.001000,0.001000,0.0,0.0,0,0.0,0.0,0.0,ntoskrnl.exe,func@0x14033a914,[Unknown],0x14033a914
func@0x14033b380,0.001000,0.001000,0.0,0.0,2995000,0.0,0.0,0.0,ntoskrnl.exe,func@0x14033b380,[Unknown],0x14033b380
func@0x14033f900,0.001000,0.001000,0.0,0.0,2995000,12.3,12.3,4.000000,ntoskrnl.exe,func@0x14033f900,[Unknown],0x14033f900
func@0x140359bc0,0.001000,0.001000,0.0,0.0,0,0.0,0.0,,ntoskrnl.exe,func@0x140359bc0,[Unknown],0x140359bc0
func@0x1403622b0,0.001000,0.001000,0.0,0.0,0,33.3,33.3,,ntoskrnl.exe,func@0x1403622b0,[Unknown],0x1403622b0
func@0x140362b20,0.001000,0.001000,0.0,0.0,2995000,,,11.000000,ntoskrnl.exe,func@0x140362b20,[Unknown],0x140362b20
func@0x140363a10,0.001000,0.001000,0.0,0.0,0,0.0,0.0,,ntoskrnl.exe,func@0x140363a10,[Unknown],0x140363a10
func@0x140364100,0.001000,0.001000,0.0,0.0,0,0.0,0.0,0.0,ntoskrnl.exe,func@0x140364100,[Unknown],0x140364100
func@0x140364c30,0.001000,0.001000,0.0,0.0,0,0.0,0.0,,ntoskrnl.exe,func@0x140364c30,[Unknown],0x140364c30
func@0x1403665a0,0.001000,0.001000,0.0,0.0,0,0.0,0.0,,ntoskrnl.exe,func@0x1403665a0,[Unknown],0x1403665a0
func@0x1403676d8,0.001000,0.001000,0.0,0.0,14975000,,,0.0,ntoskrnl.exe,func@0x1403676d8,[Unknown],0x1403676d8
func@0x1403be9f0,0.001000,0.001000,0.0,0.0,0,6.7,6.7,,ntoskrnl.exe,func@0x1403be9f0,[Unknown],0x1403be9f0
func@0x1403d2e10,0.001000,0.001000,0.0,0.0,0,0.0,0.0,,ntoskrnl.exe,func@0x1403d2e10,[Unknown],0x1403d2e10
func@0x1403d33e0,0.001000,0.001000,0.0,0.0,0,0.0,0.0,0.0,nvlddmkm.sys,func@0x1403d33e0,[Unknown],0x1403d33e0
func@0x1403dd460,0.001000,0.001000,0.0,0.0,0,0.0,0.0,,ntoskrnl.exe,func@0x1403dd460,[Unknown],0x1403dd460
func@0x1404087d0,0.001000,0.001000,0.0,0.0,0,0.0,0.0,0.0,ntoskrnl.exe,func@0x1404087d0,[Unknown],0x1404087d0
func@0x1404120a0,0.001000,0.001000,0.0,0.0,0,0.0,0.0,0.0,ntoskrnl.exe,func@0x1404120a0,[Unknown],0x1404120a0
func@0x1404233e2,0.001000,0.001000,0.0,0.0,5990000,0.0,0.0,0.500000,ntoskrnl.exe,func@0x1404233e2,[Unknown],0x1404233e2
func@0x140424030,0.001000,0.001000,0.0,0.0,0,0.0,0.0,0.0,ntoskrnl.exe,func@0x140424030,[Unknown],0x140424030
func@0x140447c60,0.001000,0.001000,0.0,0.0,0,0.0,0.0,,ntoskrnl.exe,func@0x140447c60,[Unknown],0x140447c60
func@0x140447cc0,0.001000,0.001000,0.0,0.0,0,0.0,0.0,0.0,ntoskrnl.exe,func@0x140447cc0,[Unknown],0x140447cc0
func@0x140448d30,0.001000,0.001000,0.0,0.0,0,14.3,14.3,,ntoskrnl.exe,func@0x140448d30,[Unknown],0x140448d30
func@0x140448f10,0.001000,0.001000,0.0,0.0,0,0.0,0.0,0.0,ntoskrnl.exe,func@0x140448f10,[Unknown],0x140448f10
func@0x140459924,0.001000,0.001000,0.0,0.0,0,0.0,0.0,0.0,ntoskrnl.exe,func@0x140459924,[Unknown],0x140459924
func@0x1405c4e64,0.001000,0.001000,0.0,0.0,0,,,0.0,ntoskrnl.exe,func@0x1405c4e64,[Unknown],0x1405c4e64
func@0x1405dcf60,0.001000,0.001000,0.0,0.0,0,0.0,0.0,0.0,ntoskrnl.exe,func@0x1405dcf60,[Unknown],0x1405dcf60
func@0x1405e1e14,0.001000,0.001000,0.0,0.0,8985000,,,0.0,ntoskrnl.exe,func@0x1405e1e14,[Unknown],0x1405e1e14
func@0x1406b2de0,0.001000,0.001000,0.0,0.0,0,0.0,0.0,0.0,ntoskrnl.exe,func@0x1406b2de0,[Unknown],0x1406b2de0
func@0x1406c0380,0.001000,0.001000,0.0,0.0,5990000,0.0,0.0,0.500000,ntoskrnl.exe,func@0x1406c0380,[Unknown],0x1406c0380
func@0x1406d00a0,0.001000,0.001000,0.0,0.0,0,0.0,0.0,0.0,nvlddmkm.sys,func@0x1406d00a0,[Unknown],0x1406d00a0
func@0x1406ecb20,0.001000,0.001000,0.0,0.0,2995000,0.0,0.0,2.000000,nvlddmkm.sys,func@0x1406ecb20,[Unknown],0x1406ecb20
func@0x140768b10,0.001000,0.001000,0.0,0.0,0,0.0,0.0,,nvlddmkm.sys,func@0x140768b10,[Unknown],0x140768b10
func@0x1408491d0,0.001000,0.001000,0.0,0.0,0,0.0,0.0,,ntoskrnl.exe,func@0x1408491d0,[Unknown],0x1408491d0
func@0x14084a410,0.001000,0.001000,0.0,0.0,2995000,0.0,0.0,2.000000,ntoskrnl.exe,func@0x14084a410,[Unknown],0x14084a410
func@0x140863dca,0.001000,0.001000,0.0,0.0,11980000,100.0,100.0,0.250000,ntoskrnl.exe,func@0x140863dca,[Unknown],0x140863dca
func@0x140864e30,0.001000,0.001000,0.0,0.0,5990000,0.0,0.0,0.0,ntoskrnl.exe,func@0x140864e30,[Unknown],0x140864e30
func@0x14089b6f0,0.001000,0.001000,0.0,0.0,0,14.3,14.3,,ntoskrnl.exe,func@0x14089b6f0,[Unknown],0x14089b6f0
func@0x1408bee32,0.001000,0.001000,0.0,0.0,5990000,0.0,0.0,0.0,ntoskrnl.exe,func@0x1408bee32,[Unknown],0x1408bee32
func@0x140918490,0.001000,0.001000,0.0,0.0,0,0.0,0.0,0.0,ntoskrnl.exe,func@0x140918490,[Unknown],0x140918490
func@0x140949e60,0.001000,0.001000,0.0,0.0,0,0.0,0.0,0.0,ntoskrnl.exe,func@0x140949e60,[Unknown],0x140949e60
func@0x1409904a5,0.001000,0.001000,0.0,0.0,0,0.0,0.0,0.0,ntoskrnl.exe,func@0x1409904a5,[Unknown],0x1409904a5
func@0x140a8c9af,0.001000,0.001000,0.0,0.0,0,0.0,0.0,,nvlddmkm.sys,func@0x140a8c9af,[Unknown],0x140a8c9af
func@0x140b51550,0.001000,0.001000,0.0,0.0,5990000,100.0,100.0,1.000000,nvlddmkm.sys,func@0x140b51550,[Unknown],0x140b51550
func@0x140b51faf,0.001000,0.001000,0.0,0.0,0,0.0,0.0,0.0,nvlddmkm.sys,func@0x140b51faf,[Unknown],0x140b51faf
func@0x140b52700,0.001000,0.001000,0.0,0.0,0,0.0,0.0,0.0,nvlddmkm.sys,func@0x140b52700,[Unknown],0x140b52700
func@0x140b54340,0.001000,0.001000,0.0,0.0,0,0.0,0.0,0.0,nvlddmkm.sys,func@0x140b54340,[Unknown],0x140b54340
func@0x140d3eb40,0.001000,0.001000,0.0,0.0,0,0.0,0.0,0.0,nvlddmkm.sys,func@0x140d3eb40,[Unknown],0x140d3eb40
func@0x140d84480,0.001000,0.001000,0.0,0.0,0,0.0,0.0,0.0,nvlddmkm.sys,func@0x140d84480,[Unknown],0x140d84480
func@0x140d84c1f,0.001000,0.001000,0.0,0.0,0,0.0,0.0,0.0,nvlddmkm.sys,func@0x140d84c1f,[Unknown],0x140d84c1f
func@0x140d8eb90,0.001000,0.001000,0.0,0.0,0,25.0,25.0,,nvlddmkm.sys,func@0x140d8eb90,[Unknown],0x140d8eb90
func@0x140d8ee90,0.001000,0.001000,0.0,0.0,0,0.0,0.0,0.0,nvlddmkm.sys,func@0x140d8ee90,[Unknown],0x140d8ee90
func@0x140dad84f,0.001000,0.001000,0.0,0.0,0,0.0,0.0,0.0,nvlddmkm.sys,func@0x140dad84f,[Unknown],0x140dad84f
func@0x140daf760,0.001000,0.001000,0.0,0.0,0,0.0,0.0,0.0,nvlddmkm.sys,func@0x140daf760,[Unknown],0x140daf760
func@0x140dba290,0.001000,0.001000,0.0,0.0,0,0.0,0.0,0.0,nvlddmkm.sys,func@0x140dba290,[Unknown],0x140dba290
func@0x140dc28e0,0.001000,0.001000,0.0,0.0,0,0.0,0.0,0.0,nvlddmkm.sys,func@0x140dc28e0,[Unknown],0x140dc28e0
func@0x140dc295f,0.001000,0.001000,0.0,0.0,14975000,30.0,30.0,0.0,nvlddmkm.sys,func@0x140dc295f,[Unknown],0x140dc295f
func@0x140dca6e0,0.001000,0.001000,0.0,0.0,0,0.0,0.0,0.0,nvlddmkm.sys,func@0x140dca6e0,[Unknown],0x140dca6e0
func@0x140dcaf40,0.001000,0.001000,0.0,0.0,0,0.0,0.0,,nvlddmkm.sys,func@0x140dcaf40,[Unknown],0x140dcaf40
func@0x140dd00e0,0.001000,0.001000,0.0,0.0,0,0.0,0.0,,nvlddmkm.sys,func@0x140dd00e0,[Unknown],0x140dd00e0
func@0x140dd0f30,0.001000,0.001000,0.0,0.0,0,0.0,0.0,0.0,nvlddmkm.sys,func@0x140dd0f30,[Unknown],0x140dd0f30
func@0x140dd17de,0.001000,0.001000,0.0,0.0,0,0.0,0.0,,nvlddmkm.sys,func@0x140dd17de,[Unknown],0x140dd17de
func@0x140dd99f0,0.001000,0.001000,0.0,0.0,0,0.0,0.0,0.0,nvlddmkm.sys,func@0x140dd99f0,[Unknown],0x140dd99f0
func@0x140de5520,0.001000,0.001000,0.0,0.0,0,0.0,0.0,0.0,nvlddmkm.sys,func@0x140de5520,[Unknown],0x140de5520
func@0x140df34f0,0.001000,0.001000,0.0,0.0,0,0.0,0.0,0.0,nvlddmkm.sys,func@0x140df34f0,[Unknown],0x140df34f0
func@0x140e035c0,0.001000,0.001000,0.0,0.0,0,0.0,0.0,0.0,nvlddmkm.sys,func@0x140e035c0,[Unknown],0x140e035c0
func@0x140e09ae0,0.001000,0.001000,0.0,0.0,0,0.0,0.0,,nvlddmkm.sys,func@0x140e09ae0,[Unknown],0x140e09ae0
func@0x140e0fa7f,0.001000,0.001000,0.0,0.0,2995000,0.0,0.0,1.000000,nvlddmkm.sys,func@0x140e0fa7f,[Unknown],0x140e0fa7f
func@0x140e11880,0.001000,0.001000,0.0,0.0,0,0.0,0.0,0.0,nvlddmkm.sys,func@0x140e11880,[Unknown],0x140e11880
func@0x140e18610,0.001000,0.001000,0.0,0.0,0,0.0,0.0,0.0,nvlddmkm.sys,func@0x140e18610,[Unknown],0x140e18610
func@0x140e186d0,0.001000,0.001000,0.0,0.0,0,0.0,0.0,,nvlddmkm.sys,func@0x140e186d0,[Unknown],0x140e186d0
func@0x140e1bf50,0.001000,0.001000,0.0,0.0,2995000,14.3,14.3,1.000000,nvlddmkm.sys,func@0x140e1bf50,[Unknown],0x140e1bf50
func@0x140e1c540,0.001000,0.001000,0.0,0.0,0,0.0,0.0,0.0,nvlddmkm.sys,func@0x140e1c540,[Unknown],0x140e1c540
func@0x140e1c7d0,0.001000,0.001000,0.0,0.0,0,0.0,0.0,,nvlddmkm.sys,func@0x140e1c7d0,[Unknown],0x140e1c7d0
func@0x140e26fd0,0.001000,0.001000,0.0,0.0,0,0.0,0.0,0.0,nvlddmkm.sys,func@0x140e26fd0,[Unknown],0x140e26fd0
func@0x140e37e30,0.001000,0.001000,0.0,0.0,0,0.0,0.0,0.0,nvlddmkm.sys,func@0x140e37e30,[Unknown],0x140e37e30
func@0x140e47180,0.001000,0.001000,0.0,0.0,0,0.0,0.0,,nvlddmkm.sys,func@0x140e47180,[Unknown],0x140e47180
func@0x140e4a2d0,0.001000,0.001000,0.0,0.0,0,0.0,0.0,,nvlddmkm.sys,func@0x140e4a2d0,[Unknown],0x140e4a2d0
func@0x141a30b90,0.001000,0.001000,0.0,0.0,0,0.0,0.0,0.0,nvlddmkm.sys,func@0x141a30b90,[Unknown],0x141a30b90
func@0x180007a10,0.001000,0.001000,0.0,0.0,0,0.0,0.0,,msvcrt.dll,func@0x180007a10,[Unknown],0x180007a10
func@0x18000b490,0.001000,0.001000,0.0,0.0,0,0.0,0.0,0.0,ntdll.dll,func@0x18000b490,[Unknown],0x18000b490
func@0x18000b520,0.001000,0.001000,0.0,0.0,14975000,44.4,44.4,0.400000,fltmgr.sys,func@0x18000b520,[Unknown],0x18000b520
func@0x18000bdc0,0.001000,0.001000,0.0,0.0,0,0.0,0.0,0.0,ntdll.dll,func@0x18000bdc0,[Unknown],0x18000bdc0
func@0x18000c0f0,0.001000,0.001000,0.0,0.0,2995000,0.0,0.0,1.000000,fltmgr.sys,func@0x18000c0f0,[Unknown],0x18000c0f0
func@0x18000d5d0,0.001000,0.001000,0.0,0.0,2995000,0.0,0.0,0.0,fltmgr.sys,func@0x18000d5d0,[Unknown],0x18000d5d0
func@0x180010e40,0.001000,0.001000,0.0,0.0,0,0.0,0.0,0.0,vcruntime140.dll,func@0x180010e40,[Unknown],0x180010e40
func@0x180019e70,0.001000,0.001000,0.0,0.0,0,0.0,0.0,0.0,ucrtbase.dll,func@0x180019e70,[Unknown],0x180019e70
func@0x18001a220,0.001000,0.001000,0.0,0.0,0,0.0,0.0,,ucrtbase.dll,func@0x18001a220,[Unknown],0x18001a220
func@0x18001d8f0,0.001000,0.001000,0.0,0.0,8985000,0.0,0.0,0.0,fltmgr.sys,func@0x18001d8f0,[Unknown],0x18001d8f0
func@0x18002c420,0.001000,0.001000,0.0,0.0,0,0.0,0.0,0.0,ucrtbase.dll,func@0x18002c420,[Unknown],0x18002c420
func@0x18002ca2c,0.001000,0.001000,0.0,0.0,0,0.0,0.0,0.0,msvcrt.dll,func@0x18002ca2c,[Unknown],0x18002ca2c
func@0x18003d480,0.001000,0.001000,0.0,0.0,2995000,33.3,33.3,0.0,ntdll.dll,func@0x18003d480,[Unknown],0x18003d480
func@0x180041f70,0.001000,0.001000,0.0,0.0,5990000,50.0,50.0,0.500000,ntdll.dll,func@0x180041f70,[Unknown],0x180041f70
func@0x180042928,0.001000,0.001000,0.0,0.0,0,0.0,0.0,0.0,kernelbase.dll,func@0x180042928,[Unknown],0x180042928
func@0x18005b1e0,0.001000,0.001000,0.0,0.0,0,0.0,0.0,0.0,cng.sys,func@0x18005b1e0,[Unknown],0x18005b1e0
func@0x18005e020,0.001000,0.001000,0.0,0.0,0,0.0,0.0,0.0,fltmgr.sys,func@0x18005e020,[Unknown],0x18005e020
func@0x180063c10,0.001000,0.001000,0.0,0.0,0,0.0,0.0,0.0,ucrtbase.dll,func@0x180063c10,[Unknown],0x180063c10
func@0x180071940,0.001000,0.001000,0.0,0.0,0,0.0,0.0,0.0,ntdll.dll,func@0x180071940,[Unknown],0x180071940
func@0x180074d70,0.001000,0.001000,0.0,0.0,0,0.0,0.0,,ntdll.dll,func@0x180074d70,[Unknown],0x180074d70
func@0x180077040,0.001000,0.001000,0.0,0.0,0,0.0,0.0,,ntdll.dll,func@0x180077040,[Unknown],0x180077040
func@0x180077168,0.001000,0.001000,0.0,0.0,0,0.0,0.0,,ntdll.dll,func@0x180077168,[Unknown],0x180077168
func@0x180078db1,0.001000,0.001000,0.0,0.0,20965000,70.0,70.0,0.142857,ntdll.dll,func@0x180078db1,[Unknown],0x180078db1
func@0x180094c9b,0.001000,0.001000,0.0,0.0,2995000,0.0,0.0,2.000000,ntdll.dll,func@0x180094c9b,[Unknown],0x180094c9b
func@0x18009bfcf,0.001000,0.001000,0.0,0.0,0,0.0,0.0,,ntdll.dll,func@0x18009bfcf,[Unknown],0x18009bfcf
func@0x1801287f0,0.001000,0.001000,0.0,0.0,0,0.0,0.0,0.0,ntdll.dll,func@0x1801287f0,[Unknown],0x1801287f0
func@0x180165770,0.001000,0.001000,0.0,0.0,0,0.0,0.0,0.0,ntdll.dll,func@0x180165770,[Unknown],0x180165770
func@0x1c000bbd0,0.001000,0.001000,0.0,0.0,0,0.0,0.0,0.0,condrv.sys,func@0x1c000bbd0,[Unknown],0x1c000bbd0
func@0x1c000f8a0,0.001000,0.001000,0.0,0.0,2995000,50.0,50.0,0.0,filecrypt.sys,func@0x1c000f8a0,[Unknown],0x1c000f8a0
func@0x29740,0.001000,0.001000,0.0,0.0,0,0.0,0.0,0.0,vtss.sys,func@0x29740,[Unknown],0x29740
log,0.001000,0.001000,0.0,0.0,23960000,43.9,43.9,0.500000,ucrtbase.dll,log,[Unknown],0x1800a84b0
lround,0.001000,0.001000,0.0,0.0,14975000,,,0.0,ucrtbase.dll,lround,[Unknown],0x18002a0a0
moveValueGreaterComparator::operator(),0.001000,0.001000,0.0,0.0,2995000,25.0,25.0,0.0,frankycpp_v1.4.exe,moveValueGreaterComparator::operator(),move.h,0x14021b2d6
operator new,0.001000,0.001000,0.0,0.0,8985000,0.0,0.0,0.0,frankycpp_v1.4.exe,operator new(unsigned __int64),new_scalar.cpp,0x1405ee020
operator&,0.001000,0.001000,0.0,0.0,5990000,,,0.500000,frankycpp_v1.4.exe,operator&,bitboard.h,0x1402413e4
operator&,0.001000,0.001000,0.0,0.0,0,100.0,100.0,0.0,frankycpp_v1.4.exe,operator&,bitboard.h,0x14023fe04
operator&,0.001000,0.001000,0.0,0.0,41930000,53.0,53.0,0.285714,frankycpp_v1.4.exe,operator&,bitboard.h,0x14023987f
operator&,0.001000,0.001000,0.0,0.0,0,0.0,0.0,0.0,frankycpp_v1.4.exe,operator&,bitboard.h,0x140241413
operator&,0.001000,0.001000,0.0,0.0,5990000,,,0.500000,frankycpp_v1.4.exe,operator&,bitboard.h,0x14024124a
operator&,0.001000,0.001000,0.0,0.0,11980000,40.0,40.0,0.250000,frankycpp_v1.4.exe,operator&,bitboard.h,0x14020a3ca
operator&,0.001000,0.001000,0.0,0.0,20965000,27.7,27.7,1.000000,frankycpp_v1.4.exe,operator&,bitboard.h,0x140245732
operator&,0.001000,0.001000,0.0,0.0,17970000,100.0,100.0,0.333333,frankycpp_v1.4.exe,operator&,bitboard.h,0x140245d72
operator&,0.001000,0.001000,0.0,0.0,0,0.0,0.0,0.0,frankycpp_v1.4.exe,operator&,bitboard.h,0x1402413bf
operator&,0.001000,0.001000,0.0,0.0,8985000,80.1,80.1,0.666667,frankycpp_v1.4.exe,operator&,bitboard.h,0x140277adf
operator*,0.001000,0.001000,0.0,0.0,17970000,,,0.833333,frankycpp_v1.4.exe,operator*,direction.h,0x140240bc8
operator+,0.001000,0.001000,0.0,0.0,5990000,0.0,0.0,0.500000,frankycpp_v1.4.exe,operator+,direction.h,0x140240a00
operator+,0.001000,0.001000,0.0,0.0,11980000,0.0,0.0,0.500000,frankycpp_v1.4.exe,operator+,castlingrights.h,0x140239098
operator+,0.001000,0.001000,0.0,0.0,2995000,,,4.000000,frankycpp_v1.4.exe,operator+,value.h,0x140209499
operator+,0.001000,0.001000,0.0,0.0,14975000,18.2,18.2,0.800000,frankycpp_v1.4.exe,operator+,direction.h,0x140239735
operator+,0.001000,0.001000,0.0,0.0,0,,,,frankycpp_v1.4.exe,operator+,depth.h,0x14020a039
operator+,0.001000,0.001000,0.0,0.0,2995000,,,0.0,frankycpp_v1.4.exe,operator+,direction.h,0x140240cc7
operator-,0.001000,0.001000,0.0,0.0,2995000,0.0,0.0,3.000000,frankycpp_v1.4.exe,operator-,value.h,0x14020a063
operator-,0.001000,0.001000,0.0,0.0,5990000,100.0,100.0,0.0,frankycpp_v1.4.exe,operator-,value.h,0x1402405fe
operator-,0.001000,0.001000,0.0,0.0,0,0.0,0.0,,frankycpp_v1.4.exe,operator-,value.h,0x14020a182
operator-,0.001000,0.001000,0.0,0.0,0,0.0,0.0,,frankycpp_v1.4.exe,operator-,value.h,0x14020a193
operator-,0.001000,0.001000,0.0,0.0,11980000,,,0.500000,frankycpp_v1.4.exe,operator-,value.h,0x140209426
operator-,0.001000,0.001000,0.0,0.0,11980000,,,0.0,frankycpp_v1.4.exe,operator-,value.h,0x140241008
operator-=,0.001000,0.001000,0.0,0.0,5990000,44.4,44.4,0.0,frankycpp_v1.4.exe,operator-=,depth.h,0x140209e20
operator>,0.001000,0.001000,0.0,0.0,0,0.0,0.0,0.0,frankycpp_v1.4.exe,operator>,value.h,0x1402093bc
operator|,0.001000,0.001000,0.0,0.0,11980000,,,0.750000,frankycpp_v1.4.exe,operator|,bitboard.h,0x140240a98
operator|,0.001000,0.001000,0.0,0.0,0,22.2,22.2,,frankycpp_v1.4.exe,operator|,bitboard.h,0x140208fb7
operator~,0.001000,0.001000,0.0,0.0,8985000,,,0.333333,frankycpp_v1.4.exe,operator~,color.h,0x140241117
operator~,0.001000,0.001000,0.0,0.0,5990000,,,1.000000,frankycpp_v1.4.exe,operator~,color.h,0x1402395ed
operator~,0.001000,0.001000,0.0,0.0,20965000,9.3,9.3,0.428571,frankycpp_v1.4.exe,operator~,color.h,0x140245679
operator~,0.001000,0.001000,0.0,0.0,5990000,,,0.0,frankycpp_v1.4.exe,operator~,color.h,0x1402398ae
operator~,0.001000,0.001000,0.0,0.0,14975000,,,0.0,frankycpp_v1.4.exe,operator~,color.h,0x140277b18
read,0.001000,0.001000,0.0,0.0,0,0.0,0.0,0.0,ucrtbase.dll,read,[Unknown],0x180012bd0
register_onexit_function,0.001000,0.001000,0.0,0.0,0,0.0,0.0,0.0,ucrtbase.dll,register_onexit_function,[Unknown],0x1800147f0
spdlog::logger::flush,0.001000,0.001000,0.0,0.0,0,0.0,0.0,0.0,frankycpp_v1.4.exe,spdlog::logger::flush,logger-inl.h,0x1401959a4
"std::_Copy_memmove<Move *,Move *>",0.001000,0.001000,0.0,0.0,2995000,6.5,6.5,1.000000,frankycpp_v1.4.exe,"std::_Copy_memmove<Move *,Move *>(class Move *, class Move *, class Move *)",xutility,0x14021dd40
std::_Copy_memmove_tail<Move *>,0.001000,0.001000,0.0,0.0,11980000,33.3,33.3,0.500000,frankycpp_v1.4.exe,"std::_Copy_memmove_tail<Move *>(const char *, class Move *, const unsigned __int64, const unsigned __int64)",xutility,0x14021dff0
std::_Fnv1a_append_value<unsigned __int64>,0.001000,0.001000,0.0,0.0,0,0.0,0.0,0.0,frankycpp_v1.4.exe,"std::_Fnv1a_append_value<unsigned __int64>(unsigned __int64,unsigned __int64 const &)",type_traits,0x14025bee0
"std::_Hash<class std::_Umap_traits<unsigned __int64,class BookEntry,class std::_Uhash_compare<unsigned __int64,struct std::hash<unsigned __int64>,struct std::equal_to<unsigned __int64> >,class std::allocator<struct std::pair<unsigned __int64 const ,class BookEntry> >,0> >::emplace<struct std::pair<unsigned __int64 const ,class BookEntry> >",0.001000,0.001000,0.0,0.0,11980000,66.7,66.7,0.0,frankycpp_v1.4.exe,"std::_Hash<class std::_Umap_traits<unsigned __int64,class BookEntry,class std::_Uhash_compare<unsigned __int64,struct std::hash<unsigned __int64>,struct std::equal_to<unsigned __int64> >,class std::allocator<struct std::pair<unsigned __int64 const ,class BookEntry> >,0> >::emplace<struct std::pair<unsigned __int64 const ,class BookEntry> >(struct std::pair<unsigned __int64 const ,class BookEntry> &&)",xhash,0x140261b20
"std::_Hash<std::_Umap_traits<unsigned __int64,BookEntry,std::_Uhash_compare<unsigned __int64,std::hash<unsigned __int64>,std::equal_to<unsigned __int64> >,std::allocator<std::pair<unsigned __int64 const ,BookEntry> >,0> >::_Insert_new_node_before",0.001000,0.001000,0.0,0.0,0,0.0,0.0,,frankycpp_v1.4.exe,"std::_Hash<std::_Umap_traits<unsigned __int64,BookEntry,std::_Uhash_compare<unsigned __int64,std::hash<unsigned __int64>,std::equal_to<unsigned __int64> >,std::allocator<std::pair<unsigned __int64 const ,BookEntry> >,0> >::_Insert_new_node_before",xhash,0x140261cf6
"std::_Hash<std::_Umap_traits<unsigned __int64,BookEntry,std::_Uhash_compare<unsigned __int64,std::hash<unsigned __int64>,std::equal_to<unsigned __int64> >,std::allocator<std::pair<unsigned __int64 const ,BookEntry> >,0> >::insert",0.001000,0.001000,0.0,0.0,2995000,100.0,100.0,0.0,frankycpp_v1.4.exe,"std::_Hash<std::_Umap_traits<unsigned __int64,BookEntry,std::_Uhash_compare<unsigned __int64,std::hash<unsigned __int64>,std::equal_to<unsigned __int64> >,std::allocator<std::pair<unsigned __int64 const ,BookEntry> >,0> >::insert",xhash,0x1402610c0
"std::_Run_available_chunked_work<std::_Static_partitioned_for_each2<PawnTT::Entry *,__int64,`PawnTT::clear'::`2'::<lambda_1> > >",0.001000,0.001000,0.0,0.0,0,0.0,0.0,0.0,frankycpp_v1.4.exe,"std::_Run_available_chunked_work<std::_Static_partitioned_for_each2<PawnTT::Entry *,__int64,`PawnTT::clear'::`2'::<lambda_1> > >(struct std::_Static_partitioned_for_each2<PawnTT::Entry *,__int64,`PawnTT::clear'::`2'::<lambda_1> > & const)",execution,0x1402449b0
std::_Static_partition_team<__int64>::_Get_next_key,0.001000,0.001000,0.0,0.0,2995000,8.1,8.1,2.000000,frankycpp_v1.4.exe,std::_Static_partition_team<__int64>::_Get_next_key,execution,0x140248320
std::_Work_ptr::{dtor},0.001000,0.001000,0.0,0.0,0,0.0,0.0,0.0,frankycpp_v1.4.exe,std::_Work_ptr::{dtor},execution,0x140247ddf
"std::array<Bitboard,64>::operator[]",0.001000,0.001000,0.0,0.0,2995000,,,1.000000,frankycpp_v1.4.exe,"std::array<Bitboard,64>::operator[]",array,0x1402398ba
"std::array<Bitboard,64>::operator[]",0.001000,0.001000,0.0,0.0,83860000,,,0.214286,frankycpp_v1.4.exe,"std::array<Bitboard,64>::operator[]",array,0x14024035a
"std::array<Bitboard,64>::operator[]",0.001000,0.001000,0.0,0.0,11980000,37.1,37.1,0.500000,frankycpp_v1.4.exe,"std::array<Bitboard,64>::operator[]",array,0x14020aec2
"std::array<Bitboard,64>::operator[]",0.001000,0.001000,0.0,0.0,5990000,45.2,45.2,1.500000,frankycpp_v1.4.exe,"std::array<Bitboard,64>::operator[]",array,0x14024572e
"std::array<Move,128>::operator[]",0.001000,0.001000,0.0,0.0,5990000,20.0,20.0,1.000000,frankycpp_v1.4.exe,"std::array<Move,128>::operator[]",array,0x14020a69c
"std::array<Value,25>::operator[]",0.001000,0.001000,0.0,0.0,17970000,11.8,11.8,0.500000,frankycpp_v1.4.exe,"std::array<Value,25>::operator[]",array,0x140241302
"std::array<Value,25>::operator[]",0.001000,0.001000,0.0,0.0,11980000,51.5,51.5,0.500000,frankycpp_v1.4.exe,"std::array<Value,25>::operator[]",array,0x140241161
"std::array<Value,25>::operator[]",0.001000,0.001000,0.0,0.0,38935000,,,0.769231,frankycpp_v1.4.exe,"std::array<Value,25>::operator[]",array,0x140241280
"std::array<Value,25>::operator[]",0.001000,0.001000,0.0,0.0,8985000,,,0.333333,frankycpp_v1.4.exe,"std::array<Value,25>::operator[]",array,0x1402411a4
"std::array<std::array<Move,64>,64>::operator[]",0.001000,0.001000,0.0,0.0,35940000,100.0,100.0,0.250000,frankycpp_v1.4.exe,"std::array<std::array<Move,64>,64>::operator[]",array,0x14020a449
"std::basic_ostream<char,struct std::char_traits<char> >::operator<<",0.001000,0.001000,0.0,0.0,2995000,0.0,0.0,0.0,msvcp140.dll,"std::basic_ostream<char,struct std::char_traits<char> >::operator<<(int)",[Unknown],0x18003d320
"std::basic_ostringstream<char,struct std::char_traits<char>,class std::allocator<char> >::basic_ostringstream<char,struct std::char_traits<char>,class std::allocator<char> >",0.001000,0.001000,0.0,0.0,0,0.0,0.0,0.0,frankycpp_v1.4.exe,"std::basic_ostringstream<char,struct std::char_traits<char>,class std::allocator<char> >::basic_ostringstream<char,struct std::char_traits<char>,class std::allocator<char> >(void)",sstream,0x14018b8a0
"std::basic_streambuf<char,struct std::char_traits<char> >::sbumpc",0.001000,0.001000,0.0,0.0,0,0.0,0.0,0.0,msvcp140.dll,"std::basic_streambuf<char,struct std::char_traits<char> >::sbumpc(void)",[Unknown],0x180011240
"std::deque<char,std::allocator<char> >::_Emplace_back_internal",0.001000,0.001000,0.0,0.0,0,0.0,0.0,0.0,frankycpp_v1.4.exe,"std::deque<char,std::allocator<char> >::_Emplace_back_internal",deque,0x1402d4250
std::equal_to<unsigned __int64>::operator(),0.001000,0.001000,0.0,0.0,0,0.0,0.0,0.0,frankycpp_v1.4.exe,std::equal_to<unsigned __int64>::operator(),xutility,0x140261b74
std::exchange,0.001000,0.001000,0.0,0.0,0,0.0,0.0,0.0,frankycpp_v1.4.exe,std::exchange,utility,0x140261c0d
std::make_unique,0.001000,0.001000,0.0,0.0,0,100.0,100.0,0.0,frankycpp_v1.4.exe,std::make_unique,memory,0x140246ad0
std::popcount,0.001000,0.001000,0.0,0.0,23960000,,,0.375000,frankycpp_v1.4.exe,std::popcount,bit,0x1402457d8
std::popcount,0.001000,0.001000,0.0,0.0,0,63.2,63.2,,frankycpp_v1.4.exe,std::popcount,bit,0x14024032b
"std::vector<Move,std::allocator<Move> >::reserve",0.001000,0.001000,0.0,0.0,8985000,50.0,50.0,0.0,frankycpp_v1.4.exe,"std::vector<Move,std::allocator<Move> >::reserve",vector,0x140269d8f
"std::vector<boost::archive::detail::basic_iarchive_impl::cobject_id,std::allocator<boost::archive::detail::basic_iarchive_impl::cobject_id> >::operator[]",0.001000,0.001000,0.0,0.0,8985000,0.0,0.0,0.666667,frankycpp_v1.4.exe,"std::vector<boost::archive::detail::basic_iarchive_impl::cobject_id,std::allocator<boost::archive::detail::basic_iarchive_impl::cobject_id> >::operator[]",vector,0x140282f80
"std::vector<unsigned __int64,std::allocator<unsigned __int64> >::_Tidy",0.001000,0.001000,0.0,0.0,0,0.0,0.0,,frankycpp_v1.4.exe,"std::vector<unsigned __int64,std::allocator<unsigned __int64> >::_Tidy",vector,0x140216589
typeOf,0.001000,0.001000,0.0,0.0,11980000,83.3,83.3,0.0,frankycpp_v1.4.exe,typeOf,piece.h,0x14024115d
Attacks::detail::sliding_attack,0.0,0.0,0.0,0.0,2995000,100.0,100.0,0.0,frankycpp_v1.4.exe,"Attacks::detail::sliding_attack(class Direction const * const,class Square,class Bitboard)",attacks.cpp,0x140166b00
Bitboard::operator bool,0.0,0.0,0.0,0.0,17970000,,,0.333333,frankycpp_v1.4.exe,Bitboard::operator bool,bitboard.h,0x140240bb6
Bitboard::operator|=,0.0,0.0,0.0,0.0,38935000,,,0.307692,frankycpp_v1.4.exe,Bitboard::operator|=,bitboard.h,0x140245787
Bitboard::popLSB,0.0,0.0,0.0,0.0,5990000,,,0.500000,frankycpp_v1.4.exe,Bitboard::popLSB,bitboard.h,0x140240bf0
Bitboard::popLSB,0.0,0.0,0.0,0.0,2995000,50.0,50.0,0.0,frankycpp_v1.4.exe,Bitboard::popLSB,bitboard.h,0x1402409f3
Bitboard::popLSB,0.0,0.0,0.0,0.0,2995000,0.0,0.0,1.000000,frankycpp_v1.4.exe,Bitboard::popLSB,bitboard.h,0x140240595
BookEntry::serialize,0.0,0.0,0.0,0.0,2995000,0.0,0.0,0.0,frankycpp_v1.4.exe,BookEntry::serialize,bookentry.h,0x140266aeb
CastlingRights::isEmpty,0.0,0.0,0.0,0.0,2995000,100.0,100.0,0.0,frankycpp_v1.4.exe,CastlingRights::isEmpty,castlingrights.h,0x140239087
Direction::operator int,0.0,0.0,0.0,0.0,5990000,50.0,50.0,0.0,frankycpp_v1.4.exe,Direction::operator int,direction.h,0x140240827
Direction::pawnPush,0.0,0.0,0.0,0.0,5990000,100.0,100.0,0.500000,frankycpp_v1.4.exe,Direction::pawnPush,direction.h,0x1402456a7
Direction::pawnPush,0.0,0.0,0.0,0.0,38935000,,,0.307692,frankycpp_v1.4.exe,Direction::pawnPush,direction.h,0x140240a83
Direction::pawnPush,0.0,0.0,0.0,0.0,5990000,,,0.500000,frankycpp_v1.4.exe,Direction::pawnPush,direction.h,0x140240c8d
DpiGetSchedulerCallbackState,0.0,0.0,0.0,0.0,2995000,0.0,0.0,0.0,dxgkrnl.sys,DpiGetSchedulerCallbackState,[Unknown],0x140032270
ExAcquireAutoExpandPushLockShared,0.0,0.0,0.0,0.0,8985000,28.6,28.6,0.0,ntoskrnl.exe,ExAcquireAutoExpandPushLockShared,[Unknown],0x1402e83d0
ExAcquireCacheAwarePushLockSharedEx,0.0,0.0,0.0,0.0,8985000,6.4,6.4,1.000000,ntoskrnl.exe,ExAcquireCacheAwarePushLockSharedEx,[Unknown],0x1402e8320
ExAcquireFastMutex,0.0,0.0,0.0,0.0,2995000,16.7,16.7,0.0,ntoskrnl.exe,ExAcquireFastMutex,[Unknown],0x1402e70c0
ExAcquireFastResourceShared,0.0,0.0,0.0,0.0,2995000,0.0,0.0,0.0,ntoskrnl.exe,ExAcquireFastResourceShared,[Unknown],0x1402e9a60
ExAcquirePushLockExclusiveEx,0.0,0.0,0.0,0.0,2995000,0.0,0.0,0.0,ntoskrnl.exe,ExAcquirePushLockExclusiveEx,[Unknown],0x1402e84f0
ExAcquirePushLockSharedEx,0.0,0.0,0.0,0.0,2995000,20.0,20.0,2.000000,ntoskrnl.exe,ExAcquirePushLockSharedEx,[Unknown],0x1402e8cf0
ExAcquireResourceExclusiveLite,0.0,0.0,0.0,0.0,0,25.0,25.0,,ntoskrnl.exe,ExAcquireResourceExclusiveLite,[Unknown],0x140299dd0
ExAcquireSpinLockExclusive,0.0,0.0,0.0,0.0,2995000,0.0,0.0,0.0,ntoskrnl.exe,ExAcquireSpinLockExclusive,[Unknown],0x1402b2780
ExAcquireSpinLockExclusiveAtDpcLevel,0.0,0.0,0.0,0.0,2995000,0.0,0.0,1.000000,ntoskrnl.exe,ExAcquireSpinLockExclusiveAtDpcLevel,[Unknown],0x14031da90
ExAllocatePool2,0.0,0.0,0.0,0.0,2995000,100.0,100.0,0.0,ntoskrnl.exe,ExAllocatePool2,[Unknown],0x140b700f0
ExReleaseFastMutex,0.0,0.0,0.0,0.0,0,20.0,20.0,,ntoskrnl.exe,ExReleaseFastMutex,[Unknown],0x1403002b0
ExReleasePushLockEx,0.0,0.0,0.0,0.0,2995000,50.0,50.0,0.0,ntoskrnl.exe,ExReleasePushLockEx,[Unknown],0x140281940
ExReleaseSpinLockSharedFromDpcLevel,0.0,0.0,0.0,0.0,2995000,,,0.0,ntoskrnl.exe,ExReleaseSpinLockSharedFromDpcLevel,[Unknown],0x14031e5a0
FltAllocateContext,0.0,0.0,0.0,0.0,2995000,0.0,0.0,0.0,fltmgr.sys,FltAllocateContext,[Unknown],0x180009d10
FltGetEcpListFromCallbackData,0.0,0.0,0.0,0.0,2995000,0.0,0.0,1.000000,fltmgr.sys,FltGetEcpListFromCallbackData,[Unknown],0x18005de40
FltGetStreamContext,0.0,0.0,0.0,0.0,2995000,,,0.0,fltmgr.sys,FltGetStreamContext,[Unknown],0x180007ca0
FltReleaseContext,0.0,0.0,0.0,0.0,0,100.0,100.0,0.0,fltmgr.sys,FltReleaseContext,[Unknown],0x180003820
FltReleaseFileNameInformation,0.0,0.0,0.0,0.0,5990000,0.0,0.0,0.500000,fltmgr.sys,FltReleaseFileNameInformation,[Unknown],0x180059630
FsRtlDissectName,0.0,0.0,0.0,0.0,11980000,12.5,12.5,0.250000,ntoskrnl.exe,FsRtlDissectName,[Unknown],0x140401860
HalAdjustResourceList,0.0,0.0,0.0,0.0,2995000,0.0,0.0,0.0,ntoskrnl.exe,HalAdjustResourceList,[Unknown],0x1404864b0
IoGetRelatedDeviceObject,0.0,0.0,0.0,0.0,2995000,0.0,0.0,0.0,ntoskrnl.exe,IoGetRelatedDeviceObject,[Unknown],0x1402ce2c0
IoIrpHasFsTrackOffsetExtensionType,0.0,0.0,0.0,0.0,2995000,0.0,0.0,0.0,ntoskrnl.exe,IoIrpHasFsTrackOffsetExtensionType,[Unknown],0x14042da70
IofCompleteRequest,0.0,0.0,0.0,0.0,0,100.0,100.0,0.0,ntoskrnl.exe,IofCompleteRequest,[Unknown],0x1403d52f0
KeGetCurrentProcessorNumberEx,0.0,0.0,0.0,0.0,2995000,0.0,0.0,0.0,ntoskrnl.exe,KeGetCurrentProcessorNumberEx,[Unknown],0x1403f9f80
KeInsertQueueApc,0.0,0.0,0.0,0.0,2995000,0.0,0.0,1.000000,ntoskrnl.exe,KeInsertQueueApc,[Unknown],0x1402dfab0
KeQueryPerformanceCounter,0.0,0.0,0.0,0.0,0,100.0,100.0,0.0,ntoskrnl.exe,KeQueryPerformanceCounter,[Unknown],0x140362400
KeQueryTimeIncrement,0.0,0.0,0.0,0.0,2995000,0.0,0.0,0.0,ntoskrnl.exe,KeQueryTimeIncrement,[Unknown],0x140448160
KeReleaseInStackQueuedSpinLockFromDpcLevel,0.0,0.0,0.0,0.0,2995000,40.0,40.0,1.000000,ntoskrnl.exe,KeReleaseInStackQueuedSpinLockFromDpcLevel,[Unknown],0x1403031a0
KeSubtractAffinityEx2,0.0,0.0,0.0,0.0,2995000,0.0,0.0,0.0,ntoskrnl.exe,KeSubtractAffinityEx2,[Unknown],0x1403678f0
KeSynchronizeExecution,0.0,0.0,0.0,0.0,2995000,0.0,0.0,0.0,ntoskrnl.exe,KeSynchronizeExecution,[Unknown],0x140276910
LdrInitializeThunk,0.0,0.0,0.0,0.0,0,100.0,100.0,,ntdll.dll,LdrInitializeThunk,[Unknown],0x1800eb0a0
Move::encode,0.0,0.0,0.0,0.0,8985000,60.0,60.0,0.666667,frankycpp_v1.4.exe,Move::encode,move.h,0x1402405a2
Move::encode,0.0,0.0,0.0,0.0,5990000,,,1.500000,frankycpp_v1.4.exe,Move::encode,move.h,0x140240a04
Move::encode,0.0,0.0,0.0,0.0,5990000,50.0,50.0,0.0,frankycpp_v1.4.exe,Move::encode,move.h,0x14024062d
Move::operator==,0.0,0.0,0.0,0.0,2995000,0.0,0.0,0.0,frankycpp_v1.4.exe,Move::operator==,PVTable.h,0x1401fdf05
Move::operator==,0.0,0.0,0.0,0.0,17970000,14.3,14.3,0.0,frankycpp_v1.4.exe,Move::operator==,PVTable.h,0x140209ee5
Move::to,0.0,0.0,0.0,0.0,20965000,53.8,53.8,0.142857,frankycpp_v1.4.exe,Move::to,move.h,0x14020a3c3
Move::to,0.0,0.0,0.0,0.0,2995000,0.0,0.0,0.0,frankycpp_v1.4.exe,Move::to,move.h,0x14023fdfb
Move::type,0.0,0.0,0.0,0.0,0,21.1,21.1,,frankycpp_v1.4.exe,Move::type,move.h,0x140209f23
Move::type,0.0,0.0,0.0,0.0,2995000,,,0.0,frankycpp_v1.4.exe,Move::type,move.h,0x14023fe16
Move::{ctor},0.0,0.0,0.0,0.0,35940000,,,0.416667,frankycpp_v1.4.exe,Move::{ctor},move.h,0x140241274
NtReadFile,0.0,0.0,0.0,0.0,2995000,0.0,0.0,0.0,ntoskrnl.exe,NtReadFile,[Unknown],0x140848860
NtSetEvent,0.0,0.0,0.0,0.0,2995000,0.0,0.0,0.0,ntdll.dll,NtSetEvent,[Unknown],0x180161c00
ObOpenObjectByNameEx,0.0,0.0,0.0,0.0,2995000,0.0,0.0,1.000000,ntoskrnl.exe,ObOpenObjectByNameEx,[Unknown],0x14089a020
ObfReferenceObjectWithTag,0.0,0.0,0.0,0.0,5990000,0.0,0.0,1.000000,ntoskrnl.exe,ObfReferenceObjectWithTag,[Unknown],0x1402e8c50
Position::clearEnPassant,0.0,0.0,0.0,0.0,8985000,25.8,25.8,0.666667,frankycpp_v1.4.exe,Position::clearEnPassant,Position.cpp,0x140239574
Position::getNextPlayer,0.0,0.0,0.0,0.0,0,6.7,6.7,,frankycpp_v1.4.exe,Position::getNextPlayer,Position.h,0x14024030a
Position::getPieceBb,0.0,0.0,0.0,0.0,14975000,25.0,25.0,0.400000,frankycpp_v1.4.exe,Position::getPieceBb,Position.h,0x140245670
Position::getPieceBb,0.0,0.0,0.0,0.0,20965000,,,0.428571,frankycpp_v1.4.exe,Position::getPieceBb,Position.h,0x1402410be
Position::initializeBoard,0.0,0.0,0.0,0.0,2995000,0.0,0.0,0.0,frankycpp_v1.4.exe,Position::initializeBoard(void),Position.cpp,0x14023ac90
Position::isCapturingMove,0.0,0.0,0.0,0.0,2995000,,,2.000000,frankycpp_v1.4.exe,Position::isCapturingMove,Position.h,0x14023fdf4
Position::isCapturingMove,0.0,0.0,0.0,0.0,20965000,,,0.0,frankycpp_v1.4.exe,Position::isCapturingMove,Position.h,0x14020aec2
Position::isCapturingMove,0.0,0.0,0.0,0.0,14975000,,,0.0,frankycpp_v1.4.exe,Position::isCapturingMove,Position.h,0x140209efb
RtlAnsiCharToUnicodeChar,0.0,0.0,0.0,0.0,2995000,50.0,50.0,0.0,ntdll.dll,RtlAnsiCharToUnicodeChar,[Unknown],0x1800cdd60
RtlCompareMemory,0.0,0.0,0.0,0.0,0,100.0,100.0,0.0,ntoskrnl.exe,RtlCompareMemory,[Unknown],0x1406b3310
RtlGetNextExpiredTimerWheelEntry,0.0,0.0,0.0,0.0,2995000,0.0,0.0,0.0,netio.sys,RtlGetNextExpiredTimerWheelEntry,[Unknown],0x1400346b0
RtlLeaveCriticalSection,0.0,0.0,0.0,0.0,0,100.0,100.0,0.0,ntdll.dll,RtlLeaveCriticalSection,[Unknown],0x18000d880
RtlNumberOfSetBitsEx,0.0,0.0,0.0,0.0,8985000,11.1,11.1,0.0,ntoskrnl.exe,RtlNumberOfSetBitsEx,[Unknown],0x140411e70
RtlValidAcl,0.0,0.0,0.0,0.0,2995000,0.0,0.0,0.0,ntoskrnl.exe,RtlValidAcl,[Unknown],0x14091b3c0
SeQueryInformationToken,0.0,0.0,0.0,0.0,2995000,0.0,0.0,0.0,ntoskrnl.exe,SeQueryInformationToken,[Unknown],0x14090c120
Search::iterativeDeepening,0.0,0.0,0.0,0.0,2995000,0.0,0.0,0.0,frankycpp_v1.4.exe,Search::iterativeDeepening(class Position &),Search.cpp,0x140205890
Search::thread,0.0,0.0,0.0,0.0,5990000,52.7,52.7,1.000000,frankycpp_v1.4.exe,Search::thread,Search.h,0x14020a454
Search::thread,0.0,0.0,0.0,0.0,2995000,,,1.000000,frankycpp_v1.4.exe,Search::thread,Search.h,0x1402091f0
Search::thread,0.0,0.0,0.0,0.0,2995000,0.0,0.0,0.0,frankycpp_v1.4.exe,Search::thread,Search.h,0x140208989
SearchThreadData::lmr_reduction_log,0.0,0.0,0.0,0.0,5990000,,,0.0,frankycpp_v1.4.exe,SearchThreadData::lmr_reduction_log,SearchThreadData.h,0x1401ff9c6
SearchThreadData::regenerateLmrTable,0.0,0.0,0.0,0.0,2995000,,,0.0,frankycpp_v1.4.exe,"SearchThreadData::regenerateLmrTable(bool,double)",SearchThreadData.h,0x1401ff990
StaticMoveList<256>::empty,0.0,0.0,0.0,0.0,2995000,0.0,0.0,1.000000,frankycpp_v1.4.exe,StaticMoveList<256>::empty,staticmovelist.h,0x14023e4a8
StaticMoveList<256>::push_back,0.0,0.0,0.0,0.0,2995000,0.0,0.0,1.000000,frankycpp_v1.4.exe,StaticMoveList<256>::push_back,staticmovelist.h,0x1402413c3
StaticMoveList<256>::push_back,0.0,0.0,0.0,0.0,5990000,50.0,50.0,0.0,frankycpp_v1.4.exe,StaticMoveList<256>::push_back,staticmovelist.h,0x1402413f3
StaticMoveList<256>::push_back,0.0,0.0,0.0,0.0,5990000,0.0,0.0,0.500000,frankycpp_v1.4.exe,StaticMoveList<256>::push_back,staticmovelist.h,0x140240922
StaticMoveList<256>::push_back,0.0,0.0,0.0,0.0,2995000,0.0,0.0,2.000000,frankycpp_v1.4.exe,StaticMoveList<256>::push_back,staticmovelist.h,0x1402405bf
StaticMoveList<256>::push_back,0.0,0.0,0.0,0.0,2995000,0.0,0.0,0.0,frankycpp_v1.4.exe,StaticMoveList<256>::push_back,staticmovelist.h,0x14023e2e0
Value::isValid,0.0,0.0,0.0,0.0,0,7.4,7.4,,frankycpp_v1.4.exe,Value::isValid,value.h,0x140208eba
Value::operator int,0.0,0.0,0.0,0.0,0,66.7,66.7,,frankycpp_v1.4.exe,Value::operator int,value.h,0x140208ee2
Value::operator int,0.0,0.0,0.0,0.0,2995000,0.0,0.0,2.000000,frankycpp_v1.4.exe,Value::operator int,value.h,0x140208f26
Value::{ctor},0.0,0.0,0.0,0.0,2995000,100.0,100.0,1.000000,frankycpp_v1.4.exe,Value::{ctor},value.h,0x140209370
Value::{ctor},0.0,0.0,0.0,0.0,2995000,0.0,0.0,0.0,frankycpp_v1.4.exe,Value::{ctor},value.h,0x14020adb5
YAML::RegEx::MatchOpOr,0.0,0.0,0.0,0.0,2995000,0.0,0.0,0.0,frankycpp_v1.4.exe,YAML::RegEx::MatchOpOr,regeximpl.h,0x1402c73f0
YAML::Stream::operator bool,0.0,0.0,0.0,0.0,2995000,0.0,0.0,0.0,frankycpp_v1.4.exe,YAML::Stream::operator bool(void),stream.cpp,0x1402d3810
YAML::StreamCharSource::operator bool,0.0,0.0,0.0,0.0,2995000,0.0,0.0,0.0,frankycpp_v1.4.exe,YAML::StreamCharSource::operator bool(void),streamcharsource.h,0x1402c92e0
YAML::StreamCharSource::operator+,0.0,0.0,0.0,0.0,2995000,0.0,0.0,0.0,frankycpp_v1.4.exe,YAML::StreamCharSource::operator+,streamcharsource.h,0x1402c74d0
ZwQueryInformationProcess,0.0,0.0,0.0,0.0,2995000,0.0,0.0,0.0,ntoskrnl.exe,ZwQueryInformationProcess,[Unknown],0x1406a60b0
[Import thunk _std_type_info_compare],0.0,0.0,0.0,0.0,23960000,100.0,100.0,0.0,frankycpp_v1.4.exe,[Import thunk _std_type_info_compare],[Unknown],0x1405efb48
[Import thunk memmove],0.0,0.0,0.0,0.0,0,17.4,17.4,,frankycpp_v1.4.exe,[Import thunk memmove],[Unknown],0x1405efb8a
[Import thunk memset],0.0,0.0,0.0,0.0,5990000,0.0,0.0,0.0,frankycpp_v1.4.exe,[Import thunk memset],[Unknown],0x1405efb7e
__builtin_array_init_helper<class Value>,0.0,0.0,0.0,0.0,128785000,50.0,50.0,0.209302,frankycpp_v1.4.exe,"__builtin_array_init_helper<class Value>(class Value *,unsigned __int64)",[Unknown],0x140277c10
"boost::archive::basic_binary_iprimitive<class boost::archive::binary_iarchive,char,struct std::char_traits<char> >::load_binary",0.0,0.0,0.0,0.0,5990000,0.0,0.0,0.0,frankycpp_v1.4.exe,"boost::archive::basic_binary_iprimitive<class boost::archive::binary_iarchive,char,struct std::char_traits<char> >::load_binary(void *,unsigned __int64)",basic_binary_iprimitive.hpp,0x14025f1a0
boost::archive::detail::basic_iarchive::get_library_version,0.0,0.0,0.0,0.0,11980000,100.0,100.0,0.250000,frankycpp_v1.4.exe,boost::archive::detail::basic_iarchive::get_library_version(void),basic_iarchive.cpp,0x140282eb0
boost::archive::detail::basic_iarchive_impl::load_object,0.0,0.0,0.0,0.0,20965000,75.0,75.0,0.142857,frankycpp_v1.4.exe,boost::archive::detail::basic_iarchive_impl::load_object,basic_iarchive.cpp,0x140282f31
boost::archive::detail::basic_serializer::operator<,0.0,0.0,0.0,0.0,41930000,100.0,100.0,0.428571,frankycpp_v1.4.exe,boost::archive::detail::basic_serializer::operator<,basic_serializer.hpp,0x1402837a3
boost::archive::detail::common_iarchive<boost::archive::binary_iarchive>::load_override,0.0,0.0,0.0,0.0,2995000,0.0,0.0,0.0,frankycpp_v1.4.exe,boost::archive::detail::common_iarchive<boost::archive::binary_iarchive>::load_override,common_iarchive.hpp,0x140265b90
boost::archive::detail::common_iarchive<boost::archive::binary_iarchive>::load_override,0.0,0.0,0.0,0.0,2995000,100.0,100.0,0.0,frankycpp_v1.4.exe,boost::archive::detail::common_iarchive<boost::archive::binary_iarchive>::load_override,common_iarchive.hpp,0x14026db12
boost::archive::detail::common_iarchive<boost::archive::binary_iarchive>::load_override,0.0,0.0,0.0,0.0,0,100.0,100.0,0.0,frankycpp_v1.4.exe,boost::archive::detail::common_iarchive<boost::archive::binary_iarchive>::load_override,common_iarchive.hpp,0x1402688c2
boost::archive::detail::interface_iarchive<class boost::archive::binary_iarchive>::operator>><unsigned int>,0.0,0.0,0.0,0.0,5990000,0.0,0.0,0.0,frankycpp_v1.4.exe,boost::archive::detail::interface_iarchive<class boost::archive::binary_iarchive>::operator>><unsigned int>(unsigned int &),interface_iarchive.hpp,0x14025ab60
"boost::archive::detail::iserializer<class boost::archive::binary_iarchive,class BookEntry>::load_object_data",0.0,0.0,0.0,0.0,2995000,100.0,100.0,0.0,frankycpp_v1.4.exe,"boost::archive::detail::iserializer<class boost::archive::binary_iarchive,class BookEntry>::load_object_data(class boost::archive::detail::basic_iarchive &,void *,unsigned int)",iserializer.hpp,0x140266aa0
"boost::archive::detail::iserializer<class boost::archive::binary_iarchive,class Move>::load_object_data",0.0,0.0,0.0,0.0,5990000,0.0,0.0,0.0,frankycpp_v1.4.exe,"boost::archive::detail::iserializer<class boost::archive::binary_iarchive,class Move>::load_object_data(class boost::archive::detail::basic_iarchive &,void *,unsigned int)",iserializer.hpp,0x14026e080
"boost::archive::detail::iserializer<class boost::archive::binary_iarchive,class std::vector<unsigned __int64,class std::allocator<unsigned __int64> > >::load_object_data",0.0,0.0,0.0,0.0,5990000,0.0,0.0,0.500000,frankycpp_v1.4.exe,"boost::archive::detail::iserializer<class boost::archive::binary_iarchive,class std::vector<unsigned __int64,class std::allocator<unsigned __int64> > >::load_object_data(class boost::archive::detail::basic_iarchive &,void *,unsigned int)",iserializer.hpp,0x14026a3f0
"boost::archive::detail::iserializer<class boost::archive::binary_iarchive,struct std::pair<unsigned __int64 const ,class BookEntry> >::load_object_data",0.0,0.0,0.0,0.0,5990000,66.7,66.7,0.0,frankycpp_v1.4.exe,"boost::archive::detail::iserializer<class boost::archive::binary_iarchive,struct std::pair<unsigned __int64 const ,class BookEntry> >::load_object_data(class boost::archive::detail::basic_iarchive &,void *,unsigned int)",iserializer.hpp,0x1402647b0
boost::archive::detail::load_non_pointer_type<boost::archive::binary_iarchive>::load_standard::invoke,0.0,0.0,0.0,0.0,2995000,0.0,0.0,0.0,frankycpp_v1.4.exe,boost::archive::detail::load_non_pointer_type<boost::archive::binary_iarchive>::load_standard::invoke,iserializer.hpp,0x14026db26
boost::archive::object_id_type::operator<,0.0,0.0,0.0,0.0,2995000,0.0,0.0,0.0,frankycpp_v1.4.exe,boost::archive::object_id_type::operator<,basic_archive.hpp,0x14028391a
boost::archive::object_id_type::operator=,0.0,0.0,0.0,0.0,2995000,25.0,25.0,0.0,frankycpp_v1.4.exe,boost::archive::object_id_type::operator=,basic_archive.hpp,0x140282ef0
boost::archive::version_type::{ctor},0.0,0.0,0.0,0.0,2995000,0.0,0.0,1.000000,frankycpp_v1.4.exe,boost::archive::version_type::{ctor},basic_archive.hpp,0x140269eb0
boost::archive::version_type::{ctor},0.0,0.0,0.0,0.0,5990000,0.0,0.0,0.0,frankycpp_v1.4.exe,boost::archive::version_type::{ctor},basic_archive.hpp,0x14026a530
boost::serialization::array_wrapper<unsigned __int64>::load,0.0,0.0,0.0,0.0,2995000,0.0,0.0,0.0,frankycpp_v1.4.exe,boost::serialization::array_wrapper<unsigned __int64>::load,array_wrapper.hpp,0x14026c5f6
"boost::serialization::free_loader<boost::archive::binary_iarchive,boost::serialization::nvp<std::vector<Move,std::allocator<Move> > > >::invoke",0.0,0.0,0.0,0.0,5990000,0.0,0.0,0.0,frankycpp_v1.4.exe,"boost::serialization::free_loader<boost::archive::binary_iarchive,boost::serialization::nvp<std::vector<Move,std::allocator<Move> > > >::invoke",split_free.hpp,0x140266b5e
boost::serialization::load,0.0,0.0,0.0,0.0,2995000,,,0.0,frankycpp_v1.4.exe,boost::serialization::load,vector.hpp,0x140269cfa
"boost::serialization::load<class boost::archive::binary_iarchive,class boost::serialization::collection_size_type>",0.0,0.0,0.0,0.0,2995000,0.0,0.0,1.000000,frankycpp_v1.4.exe,"boost::serialization::load<class boost::archive::binary_iarchive,class boost::serialization::collection_size_type>(class boost::archive::binary_iarchive &,class boost::serialization::nvp<class boost::serialization::collection_size_type> &,unsigned int)",nvp.hpp,0x140262840
"boost::serialization::load<class boost::archive::binary_iarchive,class boost::serialization::item_version_type>",0.0,0.0,0.0,0.0,8985000,100.0,100.0,0.0,frankycpp_v1.4.exe,"boost::serialization::load<class boost::archive::binary_iarchive,class boost::serialization::item_version_type>(class boost::archive::binary_iarchive &,class boost::serialization::nvp<class boost::serialization::item_version_type> &,unsigned int)",nvp.hpp,0x140262730
"boost::serialization::load<class boost::archive::binary_iarchive,class std::vector<class Move,class std::allocator<class Move> > >",0.0,0.0,0.0,0.0,2995000,0.0,0.0,0.0,frankycpp_v1.4.exe,"boost::serialization::load<class boost::archive::binary_iarchive,class std::vector<class Move,class std::allocator<class Move> > >(class boost::archive::binary_iarchive &,class boost::serialization::nvp<class std::vector<class Move,class std::allocator<class Move> > > &,unsigned int)",nvp.hpp,0x1402688b0
"boost::serialization::load<class boost::archive::binary_iarchive,class std::vector<unsigned __int64,class std::allocator<unsigned __int64> > >",0.0,0.0,0.0,0.0,2995000,100.0,100.0,0.0,frankycpp_v1.4.exe,"boost::serialization::load<class boost::archive::binary_iarchive,class std::vector<unsigned __int64,class std::allocator<unsigned __int64> > >(class boost::archive::binary_iarchive &,class boost::serialization::nvp<class std::vector<unsigned __int64,class std::allocator<unsigned __int64> > > &,unsigned int)",nvp.hpp,0x140268860
"boost::serialization::load<class boost::archive::binary_iarchive,int>",0.0,0.0,0.0,0.0,2995000,0.0,0.0,0.0,frankycpp_v1.4.exe,"boost::serialization::load<class boost::archive::binary_iarchive,int>(class boost::archive::binary_iarchive &,class boost::serialization::nvp<int> &,unsigned int)",nvp.hpp,0x140268900
"boost::serialization::load<class boost::archive::binary_iarchive,struct std::pair<unsigned __int64 const ,class BookEntry> >",0.0,0.0,0.0,0.0,8985000,33.3,33.3,0.0,frankycpp_v1.4.exe,"boost::serialization::load<class boost::archive::binary_iarchive,struct std::pair<unsigned __int64 const ,class BookEntry> >(class boost::archive::binary_iarchive &,class boost::serialization::nvp<struct std::pair<unsigned __int64 const ,class BookEntry> > &,unsigned int)",nvp.hpp,0x140262e80
boost::serialization::nvp<Move>::{ctor},0.0,0.0,0.0,0.0,2995000,50.0,50.0,0.0,frankycpp_v1.4.exe,boost::serialization::nvp<Move>::{ctor},nvp.hpp,0x14026c344
boost::serialization::nvp<int>::{ctor},0.0,0.0,0.0,0.0,2995000,0.0,0.0,0.0,frankycpp_v1.4.exe,boost::serialization::nvp<int>::{ctor},nvp.hpp,0x140266b16
"boost::serialization::nvp<std::vector<unsigned __int64,std::allocator<unsigned __int64> > >::{ctor}",0.0,0.0,0.0,0.0,0,100.0,100.0,0.0,frankycpp_v1.4.exe,"boost::serialization::nvp<std::vector<unsigned __int64,std::allocator<unsigned __int64> > >::{ctor}",nvp.hpp,0x140266b68
"boost::serialization::singleton<class boost::archive::detail::iserializer<class boost::archive::binary_iarchive,class Move> >::get_instance",0.0,0.0,0.0,0.0,14975000,100.0,100.0,0.0,frankycpp_v1.4.exe,"boost::serialization::singleton<class boost::archive::detail::iserializer<class boost::archive::binary_iarchive,class Move> >::get_instance(void)",singleton.hpp,0x14026e380
"boost::serialization::singleton<class boost::archive::detail::iserializer<class boost::archive::binary_iarchive,class std::vector<class Move,class std::allocator<class Move> > > >::get_instance",0.0,0.0,0.0,0.0,5990000,0.0,0.0,0.0,frankycpp_v1.4.exe,"boost::serialization::singleton<class boost::archive::detail::iserializer<class boost::archive::binary_iarchive,class std::vector<class Move,class std::allocator<class Move> > > >::get_instance(void)",singleton.hpp,0x14026a590
boost::serialization::state_saver<bool>::{ctor},0.0,0.0,0.0,0.0,2995000,0.0,0.0,0.0,frankycpp_v1.4.exe,boost::serialization::state_saver<bool>::{ctor},state_saver.hpp,0x140282f39
boost::serialization::state_saver<boost::archive::object_id_type>::{ctor},0.0,0.0,0.0,0.0,2995000,0.0,0.0,0.0,frankycpp_v1.4.exe,boost::serialization::state_saver<boost::archive::object_id_type>::{ctor},state_saver.hpp,0x140282fa6
boost::serialization::typeid_system::extended_type_info_typeid_0::is_less_than,0.0,0.0,0.0,0.0,41930000,100.0,100.0,0.571429,frankycpp_v1.4.exe,boost::serialization::typeid_system::extended_type_info_typeid_0::is_less_than(class boost::serialization::extended_type_info const &),extended_type_info_typeid.cpp,0x14028d3b0
encode,0.0,0.0,0.0,0.0,5990000,20.0,20.0,0.500000,frankycpp_v1.4.exe,encode,tbprobe.c,0x14027cb00
fill_squares,0.0,0.0,0.0,0.0,2995000,0.0,0.0,0.0,frankycpp_v1.4.exe,fill_squares,tbprobe.c,0x14027e970
first_ei,0.0,0.0,0.0,0.0,2995000,0.0,0.0,0.0,frankycpp_v1.4.exe,first_ei,tbprobe.c,0x14027b4c0
free_base,0.0,0.0,0.0,0.0,0,5.9,5.9,,ucrtbase.dll,free_base,[Unknown],0x18001e0e0
from_le_u16,0.0,0.0,0.0,0.0,5990000,0.0,0.0,0.0,frankycpp_v1.4.exe,from_le_u16(unsigned short),tbprobe.c,0x140277d70
func@0x140002700,0.0,0.0,0.0,0.0,8985000,0.0,0.0,0.333333,usbxhci.sys,func@0x140002700,[Unknown],0x140002700
func@0x140003550,0.0,0.0,0.0,0.0,2995000,0.0,0.0,0.0,ucx01000.sys,func@0x140003550,[Unknown],0x140003550
func@0x140005900,0.0,0.0,0.0,0.0,5990000,0.0,0.0,0.0,wpprecorder.sys,func@0x140005900,[Unknown],0x140005900
func@0x140006550,0.0,0.0,0.0,0.0,2995000,100.0,100.0,0.0,ntfs.sys,func@0x140006550,[Unknown],0x140006550
func@0x140007c60,0.0,0.0,0.0,0.0,2995000,0.0,0.0,0.0,ntfs.sys,func@0x140007c60,[Unknown],0x140007c60
func@0x14000ac00,0.0,0.0,0.0,0.0,8985000,0.0,0.0,0.0,ntfs.sys,func@0x14000ac00,[Unknown],0x14000ac00
func@0x14000acd0,0.0,0.0,0.0,0.0,0,25.0,25.0,0.0,nvlddmkm.sys,func@0x14000acd0,[Unknown],0x14000acd0
func@0x14000b630,0.0,0.0,0.0,0.0,5990000,0.0,0.0,0.0,ntfs.sys,func@0x14000b630,[Unknown],0x14000b630
func@0x14000e788,0.0,0.0,0.0,0.0,2995000,0.0,0.0,0.0,dxgmms2.sys,func@0x14000e788,[Unknown],0x14000e788
func@0x14000e8b0,0.0,0.0,0.0,0.0,2995000,0.0,0.0,0.0,dxgmms2.sys,func@0x14000e8b0,[Unknown],0x14000e8b0
func@0x140010440,0.0,0.0,0.0,0.0,0,50.0,50.0,0.0,usbxhci.sys,func@0x140010440,[Unknown],0x140010440
func@0x140011550,0.0,0.0,0.0,0.0,2995000,0.0,0.0,1.000000,dxgmms2.sys,func@0x140011550,[Unknown],0x140011550
func@0x140011b00,0.0,0.0,0.0,0.0,0,100.0,100.0,,usbxhci.sys,func@0x140011b00,[Unknown],0x140011b00
func@0x140013f30,0.0,0.0,0.0,0.0,2995000,0.0,0.0,3.000000,dxgkrnl.sys,func@0x140013f30,[Unknown],0x140013f30
func@0x140016770,0.0,0.0,0.0,0.0,2995000,0.0,0.0,0.0,ntfs.sys,func@0x140016770,[Unknown],0x140016770
func@0x14001ac80,0.0,0.0,0.0,0.0,0,100.0,100.0,,dxgmms2.sys,func@0x14001ac80,[Unknown],0x14001ac80
func@0x14001ce6f,0.0,0.0,0.0,0.0,2995000,0.0,0.0,1.000000,nvlddmkm.sys,func@0x14001ce6f,[Unknown],0x14001ce6f
func@0x14001e3f0,0.0,0.0,0.0,0.0,2995000,0.0,0.0,0.0,netadaptercx.sys,func@0x14001e3f0,[Unknown],0x14001e3f0
func@0x14001f450,0.0,0.0,0.0,0.0,0,100.0,100.0,0.0,nvlddmkm.sys,func@0x14001f450,[Unknown],0x14001f450
func@0x140020ed0,0.0,0.0,0.0,0.0,2995000,0.0,0.0,0.0,nvlddmkm.sys,func@0x140020ed0,[Unknown],0x140020ed0
func@0x140025370,0.0,0.0,0.0,0.0,0,100.0,100.0,0.0,wdf01000.sys,func@0x140025370,[Unknown],0x140025370
func@0x140025800,0.0,0.0,0.0,0.0,0,100.0,100.0,0.0,usbxhci.sys,func@0x140025800,[Unknown],0x140025800
func@0x140025820,0.0,0.0,0.0,0.0,0,25.0,25.0,,usbxhci.sys,func@0x140025820,[Unknown],0x140025820
func@0x1400258c0,0.0,0.0,0.0,0.0,2995000,0.0,0.0,0.0,wdf01000.sys,func@0x1400258c0,[Unknown],0x1400258c0
func@0x140028748,0.0,0.0,0.0,0.0,0,33.3,33.3,0.0,dxgmms2.sys,func@0x140028748,[Unknown],0x140028748
func@0x140029970,0.0,0.0,0.0,0.0,2995000,8.3,8.3,5.000000,dxgmms2.sys,func@0x140029970,[Unknown],0x140029970
func@0x14002b3f0,0.0,0.0,0.0,0.0,2995000,0.0,0.0,1.000000,dxgmms2.sys,func@0x14002b3f0,[Unknown],0x14002b3f0
func@0x14002bdf0,0.0,0.0,0.0,0.0,0,33.3,33.3,0.0,dxgkrnl.sys,func@0x14002bdf0,[Unknown],0x14002bdf0
func@0x14002d524,0.0,0.0,0.0,0.0,2995000,0.0,0.0,0.0,wdfilter.sys,func@0x14002d524,[Unknown],0x14002d524
func@0x1400412a0,0.0,0.0,0.0,0.0,0,100.0,100.0,0.0,wdfilter.sys,func@0x1400412a0,[Unknown],0x1400412a0
func@0x140054a80,0.0,0.0,0.0,0.0,0,100.0,100.0,0.0,ntfs.sys,func@0x140054a80,[Unknown],0x140054a80
func@0x140098890,0.0,0.0,0.0,0.0,2995000,0.0,0.0,1.000000,nvlddmkm.sys,func@0x140098890,[Unknown],0x140098890
func@0x14009aa1f,0.0,0.0,0.0,0.0,2995000,0.0,0.0,0.0,nvlddmkm.sys,func@0x14009aa1f,[Unknown],0x14009aa1f
func@0x14009bd0f,0.0,0.0,0.0,0.0,0,10.0,10.0,,nvlddmkm.sys,func@0x14009bd0f,[Unknown],0x14009bd0f
func@0x1400e1c30,0.0,0.0,0.0,0.0,2995000,0.0,0.0,1.000000,nvlddmkm.sys,func@0x1400e1c30,[Unknown],0x1400e1c30
func@0x1400e2480,0.0,0.0,0.0,0.0,0,100.0,100.0,,nvlddmkm.sys,func@0x1400e2480,[Unknown],0x1400e2480
func@0x1400f6d70,0.0,0.0,0.0,0.0,0,33.3,33.3,,nvlddmkm.sys,func@0x1400f6d70,[Unknown],0x1400f6d70
func@0x1400f9a30,0.0,0.0,0.0,0.0,0,50.0,50.0,0.0,nvlddmkm.sys,func@0x1400f9a30,[Unknown],0x1400f9a30
func@0x140112350,0.0,0.0,0.0,0.0,0,100.0,100.0,0.0,ntfs.sys,func@0x140112350,[Unknown],0x140112350
func@0x140112fe0,0.0,0.0,0.0,0.0,2995000,0.0,0.0,0.0,ntfs.sys,func@0x140112fe0,[Unknown],0x140112fe0
func@0x140113d10,0.0,0.0,0.0,0.0,11980000,50.0,50.0,0.250000,nvlddmkm.sys,func@0x140113d10,[Unknown],0x140113d10
func@0x140114c90,0.0,0.0,0.0,0.0,2995000,50.0,50.0,2.000000,ntfs.sys,func@0x140114c90,[Unknown],0x140114c90
func@0x140114da0,0.0,0.0,0.0,0.0,5990000,100.0,100.0,0.0,ntfs.sys,func@0x140114da0,[Unknown],0x140114da0
func@0x14011582f,0.0,0.0,0.0,0.0,5990000,100.0,100.0,0.500000,ntfs.sys,func@0x14011582f,[Unknown],0x14011582f
func@0x1401184e0,0.0,0.0,0.0,0.0,0,50.0,50.0,0.0,nvlddmkm.sys,func@0x1401184e0,[Unknown],0x1401184e0
func@0x140118a80,0.0,0.0,0.0,0.0,2995000,0.0,0.0,0.0,nvlddmkm.sys,func@0x140118a80,[Unknown],0x140118a80
func@0x14011a5c0,0.0,0.0,0.0,0.0,0,100.0,100.0,0.0,nvlddmkm.sys,func@0x14011a5c0,[Unknown],0x14011a5c0
func@0x14011c680,0.0,0.0,0.0,0.0,2995000,0.0,0.0,0.0,nvlddmkm.sys,func@0x14011c680,[Unknown],0x14011c680
func@0x14011ebc0,0.0,0.0,0.0,0.0,0,100.0,100.0,0.0,ntfs.sys,func@0x14011ebc0,[Unknown],0x14011ebc0
func@0x140128a0a,0.0,0.0,0.0,0.0,0,100.0,100.0,0.0,ntfs.sys,func@0x140128a0a,[Unknown],0x140128a0a
func@0x14012c2a0,0.0,0.0,0.0,0.0,2995000,0.0,0.0,0.0,ntfs.sys,func@0x14012c2a0,[Unknown],0x14012c2a0
func@0x14012c5a0,0.0,0.0,0.0,0.0,2995000,0.0,0.0,0.0,ntfs.sys,func@0x14012c5a0,[Unknown],0x14012c5a0
func@0x14012c8f5,0.0,0.0,0.0,0.0,8985000,0.0,0.0,0.666667,ntfs.sys,func@0x14012c8f5,[Unknown],0x14012c8f5
func@0x140138970,0.0,0.0,0.0,0.0,2995000,0.0,0.0,0.0,nvlddmkm.sys,func@0x140138970,[Unknown],0x140138970
func@0x14013fc30,0.0,0.0,0.0,0.0,2995000,0.0,0.0,0.0,nvlddmkm.sys,func@0x14013fc30,[Unknown],0x14013fc30
func@0x1401411d0,0.0,0.0,0.0,0.0,2995000,20.0,20.0,0.0,nvlddmkm.sys,func@0x1401411d0,[Unknown],0x1401411d0
func@0x1401456d0,0.0,0.0,0.0,0.0,2995000,0.0,0.0,0.0,ntfs.sys,func@0x1401456d0,[Unknown],0x1401456d0
func@0x14015e490,0.0,0.0,0.0,0.0,2995000,100.0,100.0,0.0,ntfs.sys,func@0x14015e490,[Unknown],0x14015e490
func@0x14015e5e8,0.0,0.0,0.0,0.0,0,50.0,50.0,,ntfs.sys,func@0x14015e5e8,[Unknown],0x14015e5e8
func@0x140162d80,0.0,0.0,0.0,0.0,5990000,0.0,0.0,0.0,nvlddmkm.sys,func@0x140162d80,[Unknown],0x140162d80
func@0x140162fb0,0.0,0.0,0.0,0.0,32945000,90.9,90.9,0.454545,nvlddmkm.sys,func@0x140162fb0,[Unknown],0x140162fb0
func@0x140165720,0.0,0.0,0.0,0.0,8985000,0.0,0.0,0.333333,nvlddmkm.sys,func@0x140165720,[Unknown],0x140165720
func@0x140170960,0.0,0.0,0.0,0.0,0,50.0,50.0,0.0,ntfs.sys,func@0x140170960,[Unknown],0x140170960
func@0x140173d70,0.0,0.0,0.0,0.0,2995000,0.0,0.0,0.0,ntfs.sys,func@0x140173d70,[Unknown],0x140173d70
func@0x140173ee0,0.0,0.0,0.0,0.0,0,25.0,25.0,0.0,ntfs.sys,func@0x140173ee0,[Unknown],0x140173ee0
func@0x140191b30,0.0,0.0,0.0,0.0,5990000,0.0,0.0,0.500000,ntfs.sys,func@0x140191b30,[Unknown],0x140191b30
func@0x1401c81e0,0.0,0.0,0.0,0.0,2995000,0.0,0.0,0.0,ntfs.sys,func@0x1401c81e0,[Unknown],0x1401c81e0
func@0x140210920,0.0,0.0,0.0,0.0,26955000,60.9,60.9,0.333333,ntoskrnl.exe,func@0x140210920,[Unknown],0x140210920
func@0x140211e8c,0.0,0.0,0.0,0.0,5990000,0.0,0.0,0.0,ntoskrnl.exe,func@0x140211e8c,[Unknown],0x140211e8c
func@0x140213c64,0.0,0.0,0.0,0.0,2995000,,,0.0,ntoskrnl.exe,func@0x140213c64,[Unknown],0x140213c64
func@0x140214ed0,0.0,0.0,0.0,0.0,14975000,,,0.200000,ntoskrnl.exe,func@0x140214ed0,[Unknown],0x140214ed0
func@0x140216044,0.0,0.0,0.0,0.0,2995000,0.0,0.0,0.0,ntoskrnl.exe,func@0x140216044,[Unknown],0x140216044
func@0x140216c10,0.0,0.0,0.0,0.0,2995000,0.0,0.0,0.0,ntoskrnl.exe,func@0x140216c10,[Unknown],0x140216c10
func@0x140217e70,0.0,0.0,0.0,0.0,2995000,0.0,0.0,0.0,ntoskrnl.exe,func@0x140217e70,[Unknown],0x140217e70
func@0x14021a540,0.0,0.0,0.0,0.0,11980000,100.0,100.0,0.0,ntoskrnl.exe,func@0x14021a540,[Unknown],0x14021a540
func@0x14021adc4,0.0,0.0,0.0,0.0,2995000,0.0,0.0,0.0,ntoskrnl.exe,func@0x14021adc4,[Unknown],0x14021adc4
func@0x140222340,0.0,0.0,0.0,0.0,0,50.0,50.0,,ntoskrnl.exe,func@0x140222340,[Unknown],0x140222340
func@0x140227100,0.0,0.0,0.0,0.0,2995000,0.0,0.0,0.0,ntoskrnl.exe,func@0x140227100,[Unknown],0x140227100
func@0x140227d80,0.0,0.0,0.0,0.0,2995000,0.0,0.0,0.0,ntoskrnl.exe,func@0x140227d80,[Unknown],0x140227d80
func@0x140228d90,0.0,0.0,0.0,0.0,2995000,0.0,0.0,0.0,ntoskrnl.exe,func@0x140228d90,[Unknown],0x140228d90
func@0x140229bc0,0.0,0.0,0.0,0.0,2995000,0.0,0.0,0.0,ntoskrnl.exe,func@0x140229bc0,[Unknown],0x140229bc0
func@0x14022bfd0,0.0,0.0,0.0,0.0,2995000,0.0,0.0,0.0,ntoskrnl.exe,func@0x14022bfd0,[Unknown],0x14022bfd0
func@0x140232e9a,0.0,0.0,0.0,0.0,2995000,0.0,0.0,0.0,ntoskrnl.exe,func@0x140232e9a,[Unknown],0x140232e9a
func@0x1402333e0,0.0,0.0,0.0,0.0,2995000,0.0,0.0,0.0,ntoskrnl.exe,func@0x1402333e0,[Unknown],0x1402333e0
func@0x140234690,0.0,0.0,0.0,0.0,2995000,100.0,100.0,0.0,ntoskrnl.exe,func@0x140234690,[Unknown],0x140234690
func@0x140235070,0.0,0.0,0.0,0.0,2995000,0.0,0.0,1.000000,ntoskrnl.exe,func@0x140235070,[Unknown],0x140235070
func@0x140236487,0.0,0.0,0.0,0.0,5990000,50.0,50.0,0.0,ntoskrnl.exe,func@0x140236487,[Unknown],0x140236487
func@0x140244654,0.0,0.0,0.0,0.0,0,25.0,25.0,,ntoskrnl.exe,func@0x140244654,[Unknown],0x140244654
func@0x1402460f9,0.0,0.0,0.0,0.0,2995000,,,0.0,ntoskrnl.exe,func@0x1402460f9,[Unknown],0x1402460f9
func@0x140246400,0.0,0.0,0.0,0.0,2995000,0.0,0.0,0.0,ntoskrnl.exe,func@0x140246400,[Unknown],0x140246400
func@0x140246f0c,0.0,0.0,0.0,0.0,2995000,,,0.0,ntoskrnl.exe,func@0x140246f0c,[Unknown],0x140246f0c
func@0x14024724c,0.0,0.0,0.0,0.0,2995000,,,1.000000,ntoskrnl.exe,func@0x14024724c,[Unknown],0x14024724c
func@0x140247c60,0.0,0.0,0.0,0.0,11980000,47.3,47.3,0.750000,ntoskrnl.exe,func@0x140247c60,[Unknown],0x140247c60
func@0x14024e810,0.0,0.0,0.0,0.0,2995000,0.0,0.0,1.000000,ntoskrnl.exe,func@0x14024e810,[Unknown],0x14024e810
func@0x140256c00,0.0,0.0,0.0,0.0,2995000,100.0,100.0,0.0,ntoskrnl.exe,func@0x140256c00,[Unknown],0x140256c00
func@0x140257630,0.0,0.0,0.0,0.0,0,50.0,50.0,0.0,nvlddmkm.sys,func@0x140257630,[Unknown],0x140257630
func@0x1402599f0,0.0,0.0,0.0,0.0,0,100.0,100.0,,nvlddmkm.sys,func@0x1402599f0,[Unknown],0x1402599f0
func@0x14025a92f,0.0,0.0,0.0,0.0,2995000,100.0,100.0,0.0,ntfs.sys,func@0x14025a92f,[Unknown],0x14025a92f
func@0x1402662a0,0.0,0.0,0.0,0.0,0,100.0,100.0,0.0,ntoskrnl.exe,func@0x1402662a0,[Unknown],0x1402662a0
func@0x140267a40,0.0,0.0,0.0,0.0,2995000,0.0,0.0,0.0,ntoskrnl.exe,func@0x140267a40,[Unknown],0x140267a40
func@0x140268e60,0.0,0.0,0.0,0.0,2995000,0.0,0.0,0.0,nvlddmkm.sys,func@0x140268e60,[Unknown],0x140268e60
func@0x140269e30,0.0,0.0,0.0,0.0,2995000,0.0,0.0,2.000000,nvlddmkm.sys,func@0x140269e30,[Unknown],0x140269e30
func@0x14026de40,0.0,0.0,0.0,0.0,2995000,0.0,0.0,1.000000,ntoskrnl.exe,func@0x14026de40,[Unknown],0x14026de40
func@0x14026e910,0.0,0.0,0.0,0.0,2995000,0.0,0.0,1.000000,nvlddmkm.sys,func@0x14026e910,[Unknown],0x14026e910
func@0x1402720f0,0.0,0.0,0.0,0.0,0,100.0,100.0,,ntoskrnl.exe,func@0x1402720f0,[Unknown],0x1402720f0
func@0x140273794,0.0,0.0,0.0,0.0,0,100.0,100.0,0.0,ntoskrnl.exe,func@0x140273794,[Unknown],0x140273794
func@0x140274ae0,0.0,0.0,0.0,0.0,2995000,50.0,50.0,0.0,ntoskrnl.exe,func@0x140274ae0,[Unknown],0x140274ae0
func@0x140274e1e,0.0,0.0,0.0,0.0,0,100.0,100.0,0.0,ntoskrnl.exe,func@0x140274e1e,[Unknown],0x140274e1e
func@0x140277220,0.0,0.0,0.0,0.0,2995000,0.0,0.0,1.000000,ntoskrnl.exe,func@0x140277220,[Unknown],0x140277220
func@0x1402775d0,0.0,0.0,0.0,0.0,0,33.3,33.3,,ntoskrnl.exe,func@0x1402775d0,[Unknown],0x1402775d0
func@0x140278160,0.0,0.0,0.0,0.0,5990000,23.8,23.8,2.000000,ntoskrnl.exe,func@0x140278160,[Unknown],0x140278160
func@0x1402791e9,0.0,0.0,0.0,0.0,2995000,0.0,0.0,1.000000,ntoskrnl.exe,func@0x1402791e9,[Unknown],0x1402791e9
func@0x140279ba0,0.0,0.0,0.0,0.0,5990000,25.0,25.0,0.500000,ntoskrnl.exe,func@0x140279ba0,[Unknown],0x140279ba0
func@0x14027a888,0.0,0.0,0.0,0.0,5990000,33.3,33.3,0.500000,ntoskrnl.exe,func@0x14027a888,[Unknown],0x14027a888
func@0x14027b230,0.0,0.0,0.0,0.0,5990000,100.0,100.0,0.500000,ntoskrnl.exe,func@0x14027b230,[Unknown],0x14027b230
func@0x14027cfe0,0.0,0.0,0.0,0.0,2995000,100.0,100.0,0.0,ntoskrnl.exe,func@0x14027cfe0,[Unknown],0x14027cfe0
func@0x1402800f0,0.0,0.0,0.0,0.0,2995000,0.0,0.0,0.0,ntoskrnl.exe,func@0x1402800f0,[Unknown],0x1402800f0
func@0x140280252,0.0,0.0,0.0,0.0,2995000,0.0,0.0,0.0,ntoskrnl.exe,func@0x140280252,[Unknown],0x140280252
func@0x14028151d,0.0,0.0,0.0,0.0,2995000,100.0,100.0,0.0,ntoskrnl.exe,func@0x14028151d,[Unknown],0x14028151d
func@0x140281b8b,0.0,0.0,0.0,0.0,14975000,11.1,11.1,0.200000,ntoskrnl.exe,func@0x140281b8b,[Unknown],0x140281b8b
func@0x14028b170,0.0,0.0,0.0,0.0,26955000,20.0,20.0,0.333333,nvlddmkm.sys,func@0x14028b170,[Unknown],0x14028b170
func@0x140291280,0.0,0.0,0.0,0.0,8985000,78.3,78.3,0.333333,ntoskrnl.exe,func@0x140291280,[Unknown],0x140291280
func@0x140291740,0.0,0.0,0.0,0.0,2995000,,,1.000000,ntoskrnl.exe,func@0x140291740,[Unknown],0x140291740
func@0x14029257e,0.0,0.0,0.0,0.0,2995000,,,0.0,ntoskrnl.exe,func@0x14029257e,[Unknown],0x14029257e
func@0x140295b06,0.0,0.0,0.0,0.0,0,4.6,4.6,,ntoskrnl.exe,func@0x140295b06,[Unknown],0x140295b06
func@0x140297300,0.0,0.0,0.0,0.0,0,100.0,100.0,0.0,ntoskrnl.exe,func@0x140297300,[Unknown],0x140297300
func@0x1402af940,0.0,0.0,0.0,0.0,0,33.3,33.3,0.0,ntoskrnl.exe,func@0x1402af940,[Unknown],0x1402af940
func@0x1402b0000,0.0,0.0,0.0,0.0,2995000,0.0,0.0,0.0,ntoskrnl.exe,func@0x1402b0000,[Unknown],0x1402b0000
func@0x1402b80e8,0.0,0.0,0.0,0.0,2995000,100.0,100.0,4.000000,ntoskrnl.exe,func@0x1402b80e8,[Unknown],0x1402b80e8
func@0x1402b8420,0.0,0.0,0.0,0.0,2995000,0.0,0.0,0.0,ntoskrnl.exe,func@0x1402b8420,[Unknown],0x1402b8420
func@0x1402de150,0.0,0.0,0.0,0.0,0,50.0,50.0,0.0,ntoskrnl.exe,func@0x1402de150,[Unknown],0x1402de150
func@0x1402e5500,0.0,0.0,0.0,0.0,2995000,50.0,50.0,1.000000,ntoskrnl.exe,func@0x1402e5500,[Unknown],0x1402e5500
func@0x1402e5682,0.0,0.0,0.0,0.0,14975000,,,0.400000,ntoskrnl.exe,func@0x1402e5682,[Unknown],0x1402e5682
func@0x1402e8b71,0.0,0.0,0.0,0.0,32945000,44.4,44.4,0.0,ntoskrnl.exe,func@0x1402e8b71,[Unknown],0x1402e8b71
func@0x1402e9c23,0.0,0.0,0.0,0.0,2995000,0.0,0.0,0.0,ntoskrnl.exe,func@0x1402e9c23,[Unknown],0x1402e9c23
func@0x1402f0580,0.0,0.0,0.0,0.0,2995000,0.0,0.0,0.0,ntoskrnl.exe,func@0x1402f0580,[Unknown],0x1402f0580
func@0x140301cdb,0.0,0.0,0.0,0.0,2995000,0.0,0.0,0.0,ntoskrnl.exe,func@0x140301cdb,[Unknown],0x140301cdb
func@0x140302820,0.0,0.0,0.0,0.0,0,33.3,33.3,0.0,ntoskrnl.exe,func@0x140302820,[Unknown],0x140302820
func@0x140302951,0.0,0.0,0.0,0.0,2995000,0.0,0.0,3.000000,ntoskrnl.exe,func@0x140302951,[Unknown],0x140302951
func@0x140303cc0,0.0,0.0,0.0,0.0,5990000,0.0,0.0,0.0,ntoskrnl.exe,func@0x140303cc0,[Unknown],0x140303cc0
func@0x140303d00,0.0,0.0,0.0,0.0,5990000,100.0,100.0,1.000000,ntoskrnl.exe,func@0x140303d00,[Unknown],0x140303d00
func@0x140305860,0.0,0.0,0.0,0.0,0,50.0,50.0,0.0,nvlddmkm.sys,func@0x140305860,[Unknown],0x140305860
func@0x140306730,0.0,0.0,0.0,0.0,2995000,0.0,0.0,0.0,ntoskrnl.exe,func@0x140306730,[Unknown],0x140306730
func@0x14030e744,0.0,0.0,0.0,0.0,2995000,10.0,10.0,0.0,ntoskrnl.exe,func@0x14030e744,[Unknown],0x14030e744
func@0x14030ea50,0.0,0.0,0.0,0.0,5990000,0.0,0.0,0.0,ntoskrnl.exe,func@0x14030ea50,[Unknown],0x14030ea50
func@0x14030fab2,0.0,0.0,0.0,0.0,0,50.0,50.0,0.0,ntoskrnl.exe,func@0x14030fab2,[Unknown],0x14030fab2
func@0x14030fc80,0.0,0.0,0.0,0.0,8985000,25.5,25.5,1.333333,ntoskrnl.exe,func@0x14030fc80,[Unknown],0x14030fc80
func@0x14030fe85,0.0,0.0,0.0,0.0,8985000,11.1,11.1,1.333333,ntoskrnl.exe,func@0x14030fe85,[Unknown],0x14030fe85
func@0x14030ffc4,0.0,0.0,0.0,0.0,2995000,0.0,0.0,1.000000,ntoskrnl.exe,func@0x14030ffc4,[Unknown],0x14030ffc4
func@0x140312aa0,0.0,0.0,0.0,0.0,5990000,,,0.0,ntoskrnl.exe,func@0x140312aa0,[Unknown],0x140312aa0
func@0x140314260,0.0,0.0,0.0,0.0,2995000,0.0,0.0,0.0,ntoskrnl.exe,func@0x140314260,[Unknown],0x140314260
func@0x140314f7c,0.0,0.0,0.0,0.0,2995000,0.0,0.0,0.0,ntoskrnl.exe,func@0x140314f7c,[Unknown],0x140314f7c
func@0x14031f5f0,0.0,0.0,0.0,0.0,5990000,25.0,25.0,1.500000,ntoskrnl.exe,func@0x14031f5f0,[Unknown],0x14031f5f0
func@0x140323bb0,0.0,0.0,0.0,0.0,2995000,0.0,0.0,0.0,ntoskrnl.exe,func@0x140323bb0,[Unknown],0x140323bb0
func@0x140324070,0.0,0.0,0.0,0.0,2995000,50.0,50.0,2.000000,ntoskrnl.exe,func@0x140324070,[Unknown],0x140324070
func@0x1403300ea,0.0,0.0,0.0,0.0,5990000,0.0,0.0,0.0,ntoskrnl.exe,func@0x1403300ea,[Unknown],0x1403300ea
func@0x140331117,0.0,0.0,0.0,0.0,2995000,0.0,0.0,0.0,ntoskrnl.exe,func@0x140331117,[Unknown],0x140331117
func@0x14033b898,0.0,0.0,0.0,0.0,2995000,,,0.0,ntoskrnl.exe,func@0x14033b898,[Unknown],0x14033b898
func@0x14034c120,0.0,0.0,0.0,0.0,8985000,100.0,100.0,0.0,ntoskrnl.exe,func@0x14034c120,[Unknown],0x14034c120
func@0x14034d9a8,0.0,0.0,0.0,0.0,2995000,0.0,0.0,0.0,ntoskrnl.exe,func@0x14034d9a8,[Unknown],0x14034d9a8
func@0x140350c70,0.0,0.0,0.0,0.0,0,13.4,13.4,,ntoskrnl.exe,func@0x140350c70,[Unknown],0x140350c70
func@0x14035b3c0,0.0,0.0,0.0,0.0,2995000,0.0,0.0,0.0,ntoskrnl.exe,func@0x14035b3c0,[Unknown],0x14035b3c0
func@0x140362e24,0.0,0.0,0.0,0.0,17970000,40.0,40.0,0.166667,ntoskrnl.exe,func@0x140362e24,[Unknown],0x140362e24
func@0x140365370,0.0,0.0,0.0,0.0,11980000,0.0,0.0,0.250000,ntoskrnl.exe,func@0x140365370,[Unknown],0x140365370
func@0x140366130,0.0,0.0,0.0,0.0,2995000,0.0,0.0,0.0,ntoskrnl.exe,func@0x140366130,[Unknown],0x140366130
func@0x140367f54,0.0,0.0,0.0,0.0,2995000,,,0.0,ntoskrnl.exe,func@0x140367f54,[Unknown],0x140367f54
func@0x14039d870,0.0,0.0,0.0,0.0,5990000,33.3,33.3,0.0,nvlddmkm.sys,func@0x14039d870,[Unknown],0x14039d870
func@0x1403acaa0,0.0,0.0,0.0,0.0,2995000,,,0.0,ntoskrnl.exe,func@0x1403acaa0,[Unknown],0x1403acaa0
func@0x1403aeca4,0.0,0.0,0.0,0.0,2995000,0.0,0.0,0.0,ntoskrnl.exe,func@0x1403aeca4,[Unknown],0x1403aeca4
func@0x1403ca870,0.0,0.0,0.0,0.0,0,12.5,12.5,,ntoskrnl.exe,func@0x1403ca870,[Unknown],0x1403ca870
func@0x1403db170,0.0,0.0,0.0,0.0,5990000,20.5,20.5,0.500000,ntoskrnl.exe,func@0x1403db170,[Unknown],0x1403db170
func@0x1403de8b0,0.0,0.0,0.0,0.0,2995000,0.0,0.0,0.0,ntoskrnl.exe,func@0x1403de8b0,[Unknown],0x1403de8b0
func@0x1403eac80,0.0,0.0,0.0,0.0,0,100.0,100.0,0.0,ntoskrnl.exe,func@0x1403eac80,[Unknown],0x1403eac80
func@0x1403eb0d0,0.0,0.0,0.0,0.0,2995000,0.0,0.0,0.0,ntoskrnl.exe,func@0x1403eb0d0,[Unknown],0x1403eb0d0
func@0x1403eb1c5,0.0,0.0,0.0,0.0,2995000,0.0,0.0,0.0,ntoskrnl.exe,func@0x1403eb1c5,[Unknown],0x1403eb1c5
func@0x1403ed850,0.0,0.0,0.0,0.0,2995000,100.0,100.0,1.000000,ntoskrnl.exe,func@0x1403ed850,[Unknown],0x1403ed850
func@0x1403ed984,0.0,0.0,0.0,0.0,11980000,,,0.750000,ntoskrnl.exe,func@0x1403ed984,[Unknown],0x1403ed984
func@0x1403ee420,0.0,0.0,0.0,0.0,2995000,0.0,0.0,0.0,ntoskrnl.exe,func@0x1403ee420,[Unknown],0x1403ee420
func@0x140402e60,0.0,0.0,0.0,0.0,11980000,9.5,9.5,1.000000,ntoskrnl.exe,func@0x140402e60,[Unknown],0x140402e60
func@0x1404071c1,0.0,0.0,0.0,0.0,2995000,0.0,0.0,0.0,ntoskrnl.exe,func@0x1404071c1,[Unknown],0x1404071c1
func@0x140411741,0.0,0.0,0.0,0.0,2995000,0.0,0.0,0.0,ntoskrnl.exe,func@0x140411741,[Unknown],0x140411741
func@0x140426b70,0.0,0.0,0.0,0.0,2995000,,,0.0,ntoskrnl.exe,func@0x140426b70,[Unknown],0x140426b70
func@0x14042d030,0.0,0.0,0.0,0.0,2995000,0.0,0.0,1.000000,ntoskrnl.exe,func@0x14042d030,[Unknown],0x14042d030
func@0x14042d0b8,0.0,0.0,0.0,0.0,0,8.7,8.7,,ntoskrnl.exe,func@0x14042d0b8,[Unknown],0x14042d0b8
func@0x140439990,0.0,0.0,0.0,0.0,8985000,,,0.0,ntoskrnl.exe,func@0x140439990,[Unknown],0x140439990
func@0x14043d710,0.0,0.0,0.0,0.0,20965000,29.1,29.1,0.571429,ntoskrnl.exe,func@0x14043d710,[Unknown],0x14043d710
func@0x140442c00,0.0,0.0,0.0,0.0,2995000,0.0,0.0,0.0,ntoskrnl.exe,func@0x140442c00,[Unknown],0x140442c00
func@0x140448414,0.0,0.0,0.0,0.0,2995000,0.0,0.0,0.0,ntoskrnl.exe,func@0x140448414,[Unknown],0x140448414
func@0x1404e6b90,0.0,0.0,0.0,0.0,2995000,0.0,0.0,1.000000,ntoskrnl.exe,func@0x1404e6b90,[Unknown],0x1404e6b90
func@0x1404e9290,0.0,0.0,0.0,0.0,5990000,10.0,10.0,1.000000,ntoskrnl.exe,func@0x1404e9290,[Unknown],0x1404e9290
func@0x1404e9f58,0.0,0.0,0.0,0.0,5990000,11.8,11.8,4.500000,ntoskrnl.exe,func@0x1404e9f58,[Unknown],0x1404e9f58
func@0x1404eb658,0.0,0.0,0.0,0.0,2995000,,,0.0,ntoskrnl.exe,func@0x1404eb658,[Unknown],0x1404eb658
func@0x1404f20e0,0.0,0.0,0.0,0.0,11980000,15.8,15.8,1.000000,ntoskrnl.exe,func@0x1404f20e0,[Unknown],0x1404f20e0
func@0x1405e06b0,0.0,0.0,0.0,0.0,8985000,100.0,100.0,1.000000,ntoskrnl.exe,func@0x1405e06b0,[Unknown],0x1405e06b0
func@0x1405e1414,0.0,0.0,0.0,0.0,2995000,0.0,0.0,0.0,ntoskrnl.exe,func@0x1405e1414,[Unknown],0x1405e1414
func@0x1406a52a0,0.0,0.0,0.0,0.0,5990000,,,2.000000,ntoskrnl.exe,func@0x1406a52a0,[Unknown],0x1406a52a0
func@0x1406ab5b0,0.0,0.0,0.0,0.0,2995000,,,0.0,ntoskrnl.exe,func@0x1406ab5b0,[Unknown],0x1406ab5b0
func@0x1406af560,0.0,0.0,0.0,0.0,2995000,100.0,100.0,1.000000,nvlddmkm.sys,func@0x1406af560,[Unknown],0x1406af560
func@0x1406b0bb0,0.0,0.0,0.0,0.0,0,50.0,50.0,,ntoskrnl.exe,func@0x1406b0bb0,[Unknown],0x1406b0bb0
func@0x1406b5670,0.0,0.0,0.0,0.0,2995000,0.0,0.0,0.0,ntoskrnl.exe,func@0x1406b5670,[Unknown],0x1406b5670
func@0x1406ed2cf,0.0,0.0,0.0,0.0,0,25.0,25.0,0.0,nvlddmkm.sys,func@0x1406ed2cf,[Unknown],0x1406ed2cf
func@0x1408461f0,0.0,0.0,0.0,0.0,2995000,0.0,0.0,0.0,ntoskrnl.exe,func@0x1408461f0,[Unknown],0x1408461f0
func@0x14084a853,0.0,0.0,0.0,0.0,2995000,0.0,0.0,1.000000,ntoskrnl.exe,func@0x14084a853,[Unknown],0x14084a853
func@0x14084bf80,0.0,0.0,0.0,0.0,2995000,50.0,50.0,1.000000,ntoskrnl.exe,func@0x14084bf80,[Unknown],0x14084bf80
func@0x1408623ac,0.0,0.0,0.0,0.0,5990000,0.0,0.0,0.500000,ntoskrnl.exe,func@0x1408623ac,[Unknown],0x1408623ac
func@0x140863c30,0.0,0.0,0.0,0.0,2995000,0.0,0.0,0.0,ntoskrnl.exe,func@0x140863c30,[Unknown],0x140863c30
func@0x1408650b0,0.0,0.0,0.0,0.0,14975000,0.0,0.0,0.0,ntoskrnl.exe,func@0x1408650b0,[Unknown],0x1408650b0
func@0x140899650,0.0,0.0,0.0,0.0,2995000,0.0,0.0,0.0,nvlddmkm.sys,func@0x140899650,[Unknown],0x140899650
func@0x14089dd60,0.0,0.0,0.0,0.0,8985000,0.0,0.0,0.333333,ntoskrnl.exe,func@0x14089dd60,[Unknown],0x14089dd60
func@0x1408ddab0,0.0,0.0,0.0,0.0,2995000,0.0,0.0,0.0,ntoskrnl.exe,func@0x1408ddab0,[Unknown],0x1408ddab0
func@0x140930bc3,0.0,0.0,0.0,0.0,2995000,0.0,0.0,0.0,ntoskrnl.exe,func@0x140930bc3,[Unknown],0x140930bc3
func@0x1409adad0,0.0,0.0,0.0,0.0,2995000,0.0,0.0,0.0,ntoskrnl.exe,func@0x1409adad0,[Unknown],0x1409adad0
func@0x1409b2b27,0.0,0.0,0.0,0.0,2995000,0.0,0.0,0.0,ntoskrnl.exe,func@0x1409b2b27,[Unknown],0x1409b2b27
func@0x1409eb583,0.0,0.0,0.0,0.0,2995000,0.0,0.0,0.0,ntoskrnl.exe,func@0x1409eb583,[Unknown],0x1409eb583
func@0x140b53000,0.0,0.0,0.0,0.0,2995000,0.0,0.0,0.0,nvlddmkm.sys,func@0x140b53000,[Unknown],0x140b53000
func@0x140b53e10,0.0,0.0,0.0,0.0,14975000,100.0,100.0,0.400000,nvlddmkm.sys,func@0x140b53e10,[Unknown],0x140b53e10
func@0x140b55020,0.0,0.0,0.0,0.0,0,100.0,100.0,0.0,nvlddmkm.sys,func@0x140b55020,[Unknown],0x140b55020
func@0x140b55100,0.0,0.0,0.0,0.0,2995000,0.0,0.0,0.0,nvlddmkm.sys,func@0x140b55100,[Unknown],0x140b55100
func@0x140bbc780,0.0,0.0,0.0,0.0,2995000,0.0,0.0,1.000000,ntoskrnl.exe,func@0x140bbc780,[Unknown],0x140bbc780
func@0x140da56b0,0.0,0.0,0.0,0.0,2995000,0.0,0.0,0.0,nvlddmkm.sys,func@0x140da56b0,[Unknown],0x140da56b0
func@0x140dc4a30,0.0,0.0,0.0,0.0,8985000,62.5,62.5,0.333333,nvlddmkm.sys,func@0x140dc4a30,[Unknown],0x140dc4a30
func@0x140ddf050,0.0,0.0,0.0,0.0,2995000,0.0,0.0,0.0,nvlddmkm.sys,func@0x140ddf050,[Unknown],0x140ddf050
func@0x140df3140,0.0,0.0,0.0,0.0,2995000,50.0,50.0,0.0,nvlddmkm.sys,func@0x140df3140,[Unknown],0x140df3140
func@0x140df7cb0,0.0,0.0,0.0,0.0,2995000,0.0,0.0,0.0,nvlddmkm.sys,func@0x140df7cb0,[Unknown],0x140df7cb0
func@0x140e03c20,0.0,0.0,0.0,0.0,2995000,0.0,0.0,0.0,nvlddmkm.sys,func@0x140e03c20,[Unknown],0x140e03c20
func@0x140e0fb60,0.0,0.0,0.0,0.0,0,25.0,25.0,,nvlddmkm.sys,func@0x140e0fb60,[Unknown],0x140e0fb60
func@0x140e1e1f0,0.0,0.0,0.0,0.0,2995000,,,2.000000,nvlddmkm.sys,func@0x140e1e1f0,[Unknown],0x140e1e1f0
func@0x140e378a0,0.0,0.0,0.0,0.0,0,33.3,33.3,0.0,nvlddmkm.sys,func@0x140e378a0,[Unknown],0x140e378a0
func@0x1800060f0,0.0,0.0,0.0,0.0,5990000,0.0,0.0,0.500000,fltmgr.sys,func@0x1800060f0,[Unknown],0x1800060f0
func@0x180007db0,0.0,0.0,0.0,0.0,0,50.0,50.0,,fltmgr.sys,func@0x180007db0,[Unknown],0x180007db0
func@0x180007fa0,0.0,0.0,0.0,0.0,0,100.0,100.0,,fltmgr.sys,func@0x180007fa0,[Unknown],0x180007fa0
func@0x180008044,0.0,0.0,0.0,0.0,8985000,25.0,25.0,0.0,fltmgr.sys,func@0x180008044,[Unknown],0x180008044
func@0x18000b0e0,0.0,0.0,0.0,0.0,2995000,0.0,0.0,0.0,fltmgr.sys,func@0x18000b0e0,[Unknown],0x18000b0e0
func@0x18000bba0,0.0,0.0,0.0,0.0,2995000,0.0,0.0,0.0,ntdll.dll,func@0x18000bba0,[Unknown],0x18000bba0
func@0x18000bec7,0.0,0.0,0.0,0.0,2995000,0.0,0.0,0.0,ntdll.dll,func@0x18000bec7,[Unknown],0x18000bec7
func@0x18000d860,0.0,0.0,0.0,0.0,0,50.0,50.0,,fltmgr.sys,func@0x18000d860,[Unknown],0x18000d860
func@0x18000ed79,0.0,0.0,0.0,0.0,2995000,,,0.0,fltmgr.sys,func@0x18000ed79,[Unknown],0x18000ed79
func@0x18000edc0,0.0,0.0,0.0,0.0,0,100.0,100.0,,fltmgr.sys,func@0x18000edc0,[Unknown],0x18000edc0
func@0x1800102a0,0.0,0.0,0.0,0.0,0,100.0,100.0,0.0,fltmgr.sys,func@0x1800102a0,[Unknown],0x1800102a0
func@0x180010a81,0.0,0.0,0.0,0.0,2995000,0.0,0.0,1.000000,fltmgr.sys,func@0x180010a81,[Unknown],0x180010a81
func@0x180012180,0.0,0.0,0.0,0.0,2995000,0.0,0.0,0.0,ucrtbase.dll,func@0x180012180,[Unknown],0x180012180
func@0x1800166b0,0.0,0.0,0.0,0.0,2995000,0.0,0.0,0.0,ntdll.dll,func@0x1800166b0,[Unknown],0x1800166b0
func@0x18002d8b0,0.0,0.0,0.0,0.0,2995000,26.1,26.1,3.000000,cng.sys,func@0x18002d8b0,[Unknown],0x18002d8b0
func@0x18003c090,0.0,0.0,0.0,0.0,2995000,0.0,0.0,0.0,ntdll.dll,func@0x18003c090,[Unknown],0x18003c090
func@0x18005a9f0,0.0,0.0,0.0,0.0,2995000,0.0,0.0,0.0,fltmgr.sys,func@0x18005a9f0,[Unknown],0x18005a9f0
func@0x18005ded0,0.0,0.0,0.0,0.0,2995000,0.0,0.0,0.0,fltmgr.sys,func@0x18005ded0,[Unknown],0x18005ded0
func@0x180074480,0.0,0.0,0.0,0.0,2995000,,,1.000000,ntdll.dll,func@0x180074480,[Unknown],0x180074480
func@0x1800773cc,0.0,0.0,0.0,0.0,2995000,0.0,0.0,0.0,fltmgr.sys,func@0x1800773cc,[Unknown],0x1800773cc
func@0x1800965a0,0.0,0.0,0.0,0.0,2995000,0.0,0.0,0.0,ntdll.dll,func@0x1800965a0,[Unknown],0x1800965a0
func@0x18012c520,0.0,0.0,0.0,0.0,2995000,0.0,0.0,0.0,ntdll.dll,func@0x18012c520,[Unknown],0x18012c520
func@0x1c000f500,0.0,0.0,0.0,0.0,2995000,0.0,0.0,0.0,filecrypt.sys,func@0x1c000f500,[Unknown],0x1c000f500
"log<int,0>",0.0,0.0,0.0,0.0,5990000,50.0,50.0,0.500000,frankycpp_v1.4.exe,"log<int,0>(int)",cmath,0x140213480
makePiece,0.0,0.0,0.0,0.0,0,100.0,100.0,,frankycpp_v1.4.exe,makePiece,piece.h,0x1402390fb
malloc_base,0.0,0.0,0.0,0.0,0,50.0,50.0,,ucrtbase.dll,malloc_base,[Unknown],0x180010100
memset,0.0,0.0,0.0,0.0,14975000,8.0,8.0,1.200000,vcruntime140.dll,memset,[Unknown],0x1800126e0
moveValueGreaterComparator::operator(),0.0,0.0,0.0,0.0,2995000,12.7,12.7,5.000000,frankycpp_v1.4.exe,moveValueGreaterComparator::operator(),move.h,0x14021b279
open_tb,0.0,0.0,0.0,0.0,2995000,100.0,100.0,0.0,frankycpp_v1.4.exe,"open_tb(const char *, const char *)",tbprobe.c,0x140277e00
operator delete,0.0,0.0,0.0,0.0,8985000,,,0.0,frankycpp_v1.4.exe,"operator delete(void *,unsigned __int64)",delete_scalar_size.cpp,0x1405ee498
operator!=,0.0,0.0,0.0,0.0,5990000,,,1.000000,frankycpp_v1.4.exe,operator!=,color.h,0x1402458fa
operator&,0.0,0.0,0.0,0.0,2995000,0.0,0.0,0.0,frankycpp_v1.4.exe,operator&,bitboard.h,0x1402408df
operator&,0.0,0.0,0.0,0.0,5990000,0.0,0.0,1.000000,frankycpp_v1.4.exe,operator&,bitboard.h,0x140240af2
operator&,0.0,0.0,0.0,0.0,5990000,,,0.0,frankycpp_v1.4.exe,operator&,bitboard.h,0x140239875
operator&,0.0,0.0,0.0,0.0,2995000,0.0,0.0,0.0,frankycpp_v1.4.exe,operator&,bitboard.h,0x140166b60
operator&,0.0,0.0,0.0,0.0,20965000,,,0.285714,frankycpp_v1.4.exe,operator&,bitboard.h,0x140209eff
operator&,0.0,0.0,0.0,0.0,2995000,,,2.000000,frankycpp_v1.4.exe,operator&,bitboard.h,0x140245761
operator&,0.0,0.0,0.0,0.0,5990000,37.5,37.5,0.500000,frankycpp_v1.4.exe,operator&,bitboard.h,0x140240ab7
operator&,0.0,0.0,0.0,0.0,5990000,13.4,13.4,0.500000,frankycpp_v1.4.exe,operator&,bitboard.h,0x1402398a6
operator&,0.0,0.0,0.0,0.0,0,26.7,26.7,,frankycpp_v1.4.exe,operator&,bitboard.h,0x1402398c4
operator&,0.0,0.0,0.0,0.0,0,100.0,100.0,,frankycpp_v1.4.exe,operator&,bitboard.h,0x14024139b
operator+,0.0,0.0,0.0,0.0,0,10.5,10.5,,frankycpp_v1.4.exe,operator+,depth.h,0x14020ac35
operator+,0.0,0.0,0.0,0.0,14975000,,,0.400000,frankycpp_v1.4.exe,operator+,depth.h,0x140209564
operator+,0.0,0.0,0.0,0.0,2995000,100.0,100.0,0.0,frankycpp_v1.4.exe,operator+,value.h,0x14020b074
operator+,0.0,0.0,0.0,0.0,8985000,40.0,40.0,0.0,frankycpp_v1.4.exe,operator+,direction.h,0x140166b20
operator+,0.0,0.0,0.0,0.0,2995000,,,2.000000,frankycpp_v1.4.exe,operator+,value.h,0x140208db9
operator+,0.0,0.0,0.0,0.0,11980000,0.0,0.0,0.0,frankycpp_v1.4.exe,operator+,direction.h,0x140239773
operator+,0.0,0.0,0.0,0.0,2995000,,,2.000000,frankycpp_v1.4.exe,operator+,direction.h,0x140240823
operator+=,0.0,0.0,0.0,0.0,8985000,,,0.0,frankycpp_v1.4.exe,operator+=,value.h,0x140209358
operator+=,0.0,0.0,0.0,0.0,14975000,53.4,53.4,0.400000,frankycpp_v1.4.exe,operator+=,value.h,0x1402452e8
operator-,0.0,0.0,0.0,0.0,5990000,0.0,0.0,0.0,frankycpp_v1.4.exe,operator-,value.h,0x1402405d1
operator-,0.0,0.0,0.0,0.0,2995000,0.0,0.0,7.000000,frankycpp_v1.4.exe,operator-,value.h,0x14020a035
operator-,0.0,0.0,0.0,0.0,8985000,42.9,42.9,0.666667,frankycpp_v1.4.exe,operator-,value.h,0x140209573
operator-,0.0,0.0,0.0,0.0,20965000,,,0.142857,frankycpp_v1.4.exe,operator-,value.h,0x140209486
operator-,0.0,0.0,0.0,0.0,0,100.0,100.0,0.0,frankycpp_v1.4.exe,operator-,direction.h,0x1402405ab
operator-,0.0,0.0,0.0,0.0,8985000,,,1.000000,frankycpp_v1.4.exe,operator-,value.h,0x1402402bc
operator-,0.0,0.0,0.0,0.0,2995000,,,0.0,frankycpp_v1.4.exe,operator-,value.h,0x14020a14c
operator-,0.0,0.0,0.0,0.0,0,10.5,10.5,,frankycpp_v1.4.exe,operator-,value.h,0x14020a0d2
operator==,0.0,0.0,0.0,0.0,2995000,0.0,0.0,4.000000,frankycpp_v1.4.exe,operator==,castlingrights.h,0x1402413de
operator==,0.0,0.0,0.0,0.0,2995000,,,1.000000,frankycpp_v1.4.exe,operator==,castlingrights.h,0x14024140d
operator|,0.0,0.0,0.0,0.0,17970000,,,0.0,frankycpp_v1.4.exe,operator|,bitboard.h,0x14027779a
operator|,0.0,0.0,0.0,0.0,8985000,,,0.333333,frankycpp_v1.4.exe,operator|,bitboard.h,0x140240a70
operator~,0.0,0.0,0.0,0.0,8985000,,,0.333333,frankycpp_v1.4.exe,operator~,color.h,0x14023fdf4
operator~,0.0,0.0,0.0,0.0,5990000,50.0,50.0,0.0,frankycpp_v1.4.exe,operator~,color.h,0x1402395ad
operator~,0.0,0.0,0.0,0.0,2995000,,,1.000000,frankycpp_v1.4.exe,operator~,color.h,0x14020a3bb
operator~,0.0,0.0,0.0,0.0,11980000,,,0.250000,frankycpp_v1.4.exe,operator~,color.h,0x140209efb
probe_table,0.0,0.0,0.0,0.0,8985000,0.0,0.0,0.333333,frankycpp_v1.4.exe,"probe_table(const struct Pos *, int, int *, const int)",tbprobe.c,0x14027e530
round,0.0,0.0,0.0,0.0,5990000,38.1,38.1,1.000000,ucrtbase.dll,round,[Unknown],0x1800ab240
setup_pairs,0.0,0.0,0.0,0.0,11980000,50.0,50.0,0.500000,frankycpp_v1.4.exe,"setup_pairs(unsigned char * *, unsigned __int64, unsigned __int64 *, unsigned char *, int)",tbprobe.c,0x14027d6f0
"std::_Alloc_construct_ptr<std::allocator<std::_List_node<std::pair<unsigned __int64 const ,BookEntry>,void *> > >::_Allocate",0.0,0.0,0.0,0.0,2995000,0.0,0.0,0.0,frankycpp_v1.4.exe,"std::_Alloc_construct_ptr<std::allocator<std::_List_node<std::pair<unsigned __int64 const ,BookEntry>,void *> > >::_Allocate",xmemory,0x140261bdd
"std::_Atomic_storage<unsigned __int64,8>::store",0.0,0.0,0.0,0.0,2995000,9.1,9.1,1.000000,frankycpp_v1.4.exe,"std::_Atomic_storage<unsigned __int64,8>::store",atomic,0x14024388c
std::_Copy_memmove_tail<unsigned __int64 *>,0.0,0.0,0.0,0.0,2995000,0.0,0.0,0.0,frankycpp_v1.4.exe,"std::_Copy_memmove_tail<unsigned __int64 *>(char const * const,unsigned __int64 * const,unsigned __int64,unsigned __int64)",xutility,0x14025bb20
std::_Deallocate,0.0,0.0,0.0,0.0,2995000,0.0,0.0,0.0,frankycpp_v1.4.exe,std::_Deallocate,xmemory,0x14021660c
std::_Hash_representation<unsigned __int64>,0.0,0.0,0.0,0.0,14975000,50.0,50.0,0.0,frankycpp_v1.4.exe,std::_Hash_representation<unsigned __int64>(unsigned __int64 const &),type_traits,0x14025ad60
"std::_Tree<std::_Tset_traits<boost::archive::detail::basic_iarchive_impl::cobject_type,std::less<boost::archive::detail::basic_iarchive_impl::cobject_type>,std::allocator<boost::archive::detail::basic_iarchive_impl::cobject_type>,0> >::insert",0.0,0.0,0.0,0.0,14975000,27.3,27.3,0.0,frankycpp_v1.4.exe,"std::_Tree<std::_Tset_traits<boost::archive::detail::basic_iarchive_impl::cobject_type,std::less<boost::archive::detail::basic_iarchive_impl::cobject_type>,std::allocator<boost::archive::detail::basic_iarchive_impl::cobject_type>,0> >::insert",xtree,0x140283788
"std::_Uninitialized_backout<std::_List_unchecked_iterator<std::_List_val<std::_List_simple_types<std::pair<unsigned __int64 const ,BookEntry> > > > *>::_Emplace_back",0.0,0.0,0.0,0.0,5990000,0.0,0.0,1.000000,frankycpp_v1.4.exe,"std::_Uninitialized_backout<std::_List_unchecked_iterator<std::_List_val<std::_List_simple_types<std::pair<unsigned __int64 const ,BookEntry> > > > *>::_Emplace_back",xmemory,0x1402589b0
std::_Uninitialized_value_construct_n<class std::allocator<class Move> >,0.0,0.0,0.0,0.0,2995000,100.0,100.0,0.0,frankycpp_v1.4.exe,"std::_Uninitialized_value_construct_n<class std::allocator<class Move> >(class Move *,unsigned __int64,class std::allocator<class Move> &)",xmemory,0x14026d550
"std::array<Bitboard,64>::operator[]",0.0,0.0,0.0,0.0,20965000,,,0.142857,frankycpp_v1.4.exe,"std::array<Bitboard,64>::operator[]",array,0x140277b24
"std::array<HistoryState,512>::operator[]",0.0,0.0,0.0,0.0,2995000,0.0,0.0,1.000000,frankycpp_v1.4.exe,"std::array<HistoryState,512>::operator[]",array,0x1402395f0
"std::array<HistoryState,512>::operator[]",0.0,0.0,0.0,0.0,5990000,17.7,17.7,2.000000,frankycpp_v1.4.exe,"std::array<HistoryState,512>::operator[]",array,0x140239527
"std::array<Move,128>::operator[]",0.0,0.0,0.0,0.0,8985000,0.0,0.0,0.0,frankycpp_v1.4.exe,"std::array<Move,128>::operator[]",array,0x1401fdf16
"std::array<Move,128>::operator[]",0.0,0.0,0.0,0.0,2995000,,,0.0,frankycpp_v1.4.exe,"std::array<Move,128>::operator[]",array,0x1401fdf46
"std::array<Move,128>::operator[]",0.0,0.0,0.0,0.0,2995000,0.0,0.0,0.0,frankycpp_v1.4.exe,"std::array<Move,128>::operator[]",array,0x1401fdf36
"std::array<Value,25>::operator[]",0.0,0.0,0.0,0.0,14975000,,,0.600000,frankycpp_v1.4.exe,"std::array<Value,25>::operator[]",array,0x140240cb6
"std::array<std::array<Bitboard,64>,8>::operator[]",0.0,0.0,0.0,0.0,8985000,100.0,100.0,0.333333,frankycpp_v1.4.exe,"std::array<std::array<Bitboard,64>,8>::operator[]",array,0x1402456a4
"std::array<std::array<int,64>,64>::operator[]",0.0,0.0,0.0,0.0,2995000,33.3,33.3,1.000000,frankycpp_v1.4.exe,"std::array<std::array<int,64>,64>::operator[]",array,0x140166b3f
"std::basic_filebuf<char,std::char_traits<char> >::_Reset_back",0.0,0.0,0.0,0.0,2995000,0.0,0.0,0.0,frankycpp_v1.4.exe,"std::basic_filebuf<char,std::char_traits<char> >::_Reset_back",__msvc_filebuf.hpp,0x14011aba7
"std::basic_streambuf<char,std::char_traits<char> >::gbump",0.0,0.0,0.0,0.0,11980000,66.7,66.7,0.0,frankycpp_v1.4.exe,"std::basic_streambuf<char,std::char_traits<char> >::gbump",streambuf,0x14011ab7e
"std::basic_string<char,std::char_traits<char>,std::allocator<char> >::{dtor}",0.0,0.0,0.0,0.0,2995000,0.0,0.0,0.0,frankycpp_v1.4.exe,"std::basic_string<char,std::char_traits<char>,std::allocator<char> >::{dtor}",xstring,0x1401830f1
std::countr_zero,0.0,0.0,0.0,0.0,35940000,36.2,36.2,0.583333,frankycpp_v1.4.exe,std::countr_zero,bit,0x1402456e0
std::countr_zero,0.0,0.0,0.0,0.0,2995000,,,0.0,frankycpp_v1.4.exe,std::countr_zero,bit,0x140240343
std::hash<unsigned __int64>::_Do_hash,0.0,0.0,0.0,0.0,0,33.3,33.3,0.0,frankycpp_v1.4.exe,std::hash<unsigned __int64>::_Do_hash,type_traits,0x140261b45
std::locale::facet::_Incref,0.0,0.0,0.0,0.0,2995000,33.3,33.3,0.0,msvcp140.dll,std::locale::facet::_Incref(void),[Unknown],0x1800065f0
std::make_unique,0.0,0.0,0.0,0.0,5990000,0.0,0.0,0.500000,frankycpp_v1.4.exe,std::make_unique,memory,0x140243005
std::min,0.0,0.0,0.0,0.0,2995000,,,0.0,frankycpp_v1.4.exe,std::min,utility,0x14011ab69
std::min,0.0,0.0,0.0,0.0,14975000,,,0.200000,frankycpp_v1.4.exe,std::min,utility,0x140209df8
std::popcount,0.0,0.0,0.0,0.0,20965000,14.3,14.3,0.142857,frankycpp_v1.4.exe,std::popcount,bit,0x1402457cb
std::popcount,0.0,0.0,0.0,0.0,14975000,,,0.600000,frankycpp_v1.4.exe,std::popcount,bit,0x1402457e3
std::popcount,0.0,0.0,0.0,0.0,35940000,61.5,61.5,0.250000,frankycpp_v1.4.exe,std::popcount,bit,0x1402457ed
std::popcount,0.0,0.0,0.0,0.0,2995000,0.0,0.0,0.0,frankycpp_v1.4.exe,std::popcount,bit,0x140239e1a
std::ranges::_Move_unchecked,0.0,0.0,0.0,0.0,8985000,100.0,100.0,0.333333,frankycpp_v1.4.exe,std::ranges::_Move_unchecked,algorithm,0x14021cfe4
std::shared_ptr<YAML::detail::memory_holder>::{ctor},0.0,0.0,0.0,0.0,2995000,50.0,50.0,0.0,frankycpp_v1.4.exe,std::shared_ptr<YAML::detail::memory_holder>::{ctor},memory,0x14017f3ea
std::shared_ptr<YAML::detail::memory_holder>::{ctor},0.0,0.0,0.0,0.0,2995000,0.0,0.0,0.0,frankycpp_v1.4.exe,std::shared_ptr<YAML::detail::memory_holder>::{ctor},memory,0x140183037
std::shared_ptr<YAML::detail::memory_holder>::{dtor},0.0,0.0,0.0,0.0,0,33.3,33.3,0.0,frankycpp_v1.4.exe,std::shared_ptr<YAML::detail::memory_holder>::{dtor},memory,0x140168972
std::shared_ptr<YAML::detail::memory_holder>::{dtor},0.0,0.0,0.0,0.0,11980000,0.0,0.0,0.0,frankycpp_v1.4.exe,std::shared_ptr<YAML::detail::memory_holder>::{dtor},memory,0x14018317d
"std::vector<Move,std::allocator<Move> >::_Tidy",0.0,0.0,0.0,0.0,5990000,0.0,0.0,0.0,frankycpp_v1.4.exe,"std::vector<Move,std::allocator<Move> >::_Tidy",vector,0x1402165f9
"std::vector<Move,std::allocator<Move> >::resize",0.0,0.0,0.0,0.0,5990000,0.0,0.0,0.0,frankycpp_v1.4.exe,"std::vector<Move,std::allocator<Move> >::resize",vector,0x14026c232
"std::vector<class Move,class std::allocator<class Move> >::_Change_array",0.0,0.0,0.0,0.0,0,100.0,100.0,,frankycpp_v1.4.exe,"std::vector<class Move,class std::allocator<class Move> >::_Change_array(class Move * const,unsigned __int64,unsigned __int64)",vector,0x140259af0
"std::vector<unsigned __int64,class std::allocator<unsigned __int64> >::_Change_array",0.0,0.0,0.0,0.0,5990000,0.0,0.0,0.0,frankycpp_v1.4.exe,"std::vector<unsigned __int64,class std::allocator<unsigned __int64> >::_Change_array(unsigned __int64 * const,unsigned __int64,unsigned __int64)",vector,0x140259960
"std::vector<unsigned __int64,std::allocator<unsigned __int64> >::resize",0.0,0.0,0.0,0.0,8985000,0.0,0.0,0.0,frankycpp_v1.4.exe,"std::vector<unsigned __int64,std::allocator<unsigned __int64> >::resize",vector,0x14026c47c
typeOf,0.0,0.0,0.0,0.0,5990000,0.0,0.0,0.0,frankycpp_v1.4.exe,typeOf,piece.h,0x1402405a5
type_info::before,0.0,0.0,0.0,0.0,8985000,0.0,0.0,0.0,frankycpp_v1.4.exe,type_info::before,vcruntime_typeinfo.h,0x14028d3c0
