Function,CPU Time,CPU Time:Effective Time,CPU Time:Spin Time,CPU Time:Overhead Time,Memory Bound(%),Memory Bound:Performance-core (P-core):Memory Bound(%),Memory Bound:Performance-core (P-core):Memory Bound:L1 Bound(%),Memory Bound:Performance-core (P-core):Memory Bound:L2 Bound(%),Memory Bound:Performance-core (P-core):Memory Bound:L3 Bound(%),Memory Bound:Performance-core (P-core):Memory Bound:DRAM Bound(%),Memory Bound:Efficient-core (E-core):Memory Bound(%),Memory Bound:Efficient-core (E-core):Memory Bound:L1 Bound(%),Memory Bound:Efficient-core (E-core):Memory Bound:L2 Bound(%),Memory Bound:Efficient-core (E-core):Memory Bound:L3 Bound(%),Memory Bound:Efficient-core (E-core):Memory Bound:DRAM Bound(%),Vectorization(%),Vectorization:% of FP Ops(%),Vectorization:FP Ops: Packed(%),Vectorization:FP Ops: Scalar(%),Vectorization:Vector Instruction Set,Vectorization:Loop Type,Instructions Retired,CPI Rate,Average CPU Frequency
engine::TT::put,5.734620,5.734620,0.0,0.0,33.1,33.1,1.2,2.3,41.6,0.0,34.9,1.6,0.6,20.4,0.0,0.0,0.6,0.0,100.0,AVX(128),,12746720000,2.486137,5526102259.924499
chess::Attacks::`anonymous namespace'::sliderLookup,5.305648,5.305648,0.0,0.0,3.6,3.6,6.0,0.3,1.4,1.4,12.6,11.1,5.6,3.0,0.0,0.0,0.0,0.0,0.0,,,76336560000,0.369390,5314699375.217678
"std::_Atomic_storage<unsigned __int64,8>::load",4.644692,4.644692,0.0,0.0,62.9,62.9,1.8,0.8,8.7,66.1,67.0,0.0,0.0,18.2,1.3,0.0,0.0,0.0,0.0,,,13651210000,1.881308,5529349419.811625
engine::TT::probe,3.580763,3.580763,0.0,0.0,25.0,25.0,0.0,2.2,22.9,13.4,42.4,0.0,0.4,16.6,0.0,0.0,0.0,0.0,0.0,,,8038580000,2.434799,5465965623.218375
chess::Attacks::attacks,2.685822,2.685822,0.0,0.0,6.4,6.4,5.5,0.8,1.8,2.0,6.3,2.1,2.9,3.6,0.4,0.0,0.0,0.0,0.0,,,40016195000,0.360901,5377084021.948623
engine::TT::prefetch,2.160857,2.160857,0.0,0.0,24.2,24.2,0.5,0.0,32.0,0.0,63.6,0.0,5.2,14.8,0.0,0.0,0.0,0.0,0.0,,,5495825000,2.187466,5563501716.102730
engine::TT::prefetch,2.036865,2.036865,0.0,0.0,23.1,23.1,4.6,0.0,37.4,0.0,56.6,2.9,1.8,8.2,0.0,0.0,0.0,0.0,0.0,,,6199650000,1.822222,5546337332.157094
[Loop at line 149 in engine::TT::put],1.219919,1.219919,0.0,0.0,49.2,49.2,2.9,2.7,49.0,0.0,33.4,0.0,1.1,71.2,0.0,0.0,0.0,0.0,0.0,,,3306480000,1.878623,5091837631.900000
engine::Evaluator::kingEval,1.098927,1.098927,0.0,0.0,0.7,0.7,6.2,0.1,0.0,0.0,0.0,0.0,0.0,0.0,0.0,0.0,0.0,0.0,0.0,,,14645550000,0.441104,5878656410.645132
engine::PawnTT::probe,1.089928,1.089928,0.0,0.0,39.6,39.6,8.6,1.0,38.8,1.0,52.6,0.0,0.0,5.0,0.0,0.0,2.1,0.0,100.0,,,8730425000,0.718353,5754078791.796330
[Loop at line 1661 in engine::Search::search],1.032932,1.032932,0.0,0.0,8.2,8.2,7.9,1.4,1.6,0.3,12.3,15.4,2.3,0.8,0.0,0.0,0.0,0.0,0.0,,,14082490000,0.393024,5358303025.881898
engine::Evaluator::pieceEval,0.983935,0.983935,0.0,0.0,13.4,13.4,8.3,0.0,1.7,0.1,4.4,0.0,0.0,0.0,0.0,0.0,0.0,0.0,0.0,,,14052540000,0.390026,5570338872.774390
engine::Search::thread,0.918939,0.918939,0.0,0.0,77.7,77.7,12.7,8.1,43.2,0.9,50.9,57.8,0.1,9.4,0.0,0.0,0.0,0.0,0.0,,,413310000,12.144928,5462407905.693145
std::_Checked_x86_x64_countr_zero<unsigned __int64>,0.915939,0.915939,0.0,0.0,3.2,3.2,10.4,0.2,0.3,0.0,,0.0,0.0,0.0,0.0,0.0,0.2,0.0,100.0,,,14630575000,0.339816,5427980008.318777
"std::_Atomic_storage<unsigned __int64,8>::store",0.832945,0.832945,0.0,0.0,79.2,79.2,41.9,0.8,25.6,0.0,72.5,66.8,0.0,23.4,0.0,0.0,0.0,0.0,0.0,,,1141095000,4.160105,5699147409.477791
engine::Evaluator::rookEval,0.813946,0.813946,0.0,0.0,5.1,5.1,6.4,0.5,0.0,0.0,5.0,0.0,0.0,0.0,0.0,0.0,0.0,0.0,0.0,,,13744055000,0.317716,5364864335.388206
chess::MoveGenerator::getNextPseudoLegalMove,0.764949,0.764949,0.0,0.0,7.3,7.3,9.2,0.7,1.0,0.6,19.0,0.0,0.0,0.0,0.0,0.0,0.2,0.0,100.0,,,10838905000,0.382979,5426595123.270588
chess::Position::givesCheck,0.739951,0.739951,0.0,0.0,4.3,4.3,5.8,1.2,0.1,0.0,10.0,0.0,0.0,0.0,0.0,0.0,0.0,0.0,0.0,,,11557705000,0.367194,5735400575.836487
std::_Checked_popcount<unsigned __int64>,0.737951,0.737951,0.0,0.0,1.8,1.8,11.8,0.0,0.5,0.0,0.0,0.0,0.0,20.0,0.0,0.0,0.0,0.0,0.0,,,10623265000,0.392444,5649480299.382114
engine::Search::thread,0.718952,0.718952,0.0,0.0,58.9,58.9,10.7,5.1,38.3,1.5,100.0,56.3,0.6,12.2,0.0,0.0,0.0,0.0,0.0,,,634940000,6.754717,5965402510.742699
chess::MoveGenerator::fillOnDemandMoveList,0.679955,0.679955,0.0,0.0,7.3,7.3,8.3,1.2,1.0,0.0,1.1,0.0,0.0,0.0,0.0,0.0,0.4,0.0,100.0,,,8374020000,0.413805,5096242335.733824
"std::_Atomic_storage<unsigned __int64,8>::load",0.671955,0.671955,0.0,0.0,64.0,64.0,2.8,0.0,25.8,42.9,100.0,40.1,8.0,64.1,0.0,0.0,6.2,0.0,100.0,,,527120000,6.710227,5263883266.171131
"std::_Atomic_storage<unsigned __int64,8>::store",0.647957,0.647957,0.0,0.0,40.2,40.2,42.0,0.4,18.8,0.0,23.2,9.1,1.8,5.5,0.0,0.0,0.0,0.0,0.0,,,2234270000,1.585791,5468086345.804012
engine::Search::qsearch,0.634958,0.634958,0.0,0.0,27.4,27.4,16.3,3.6,10.7,2.3,12.5,0.0,0.0,0.0,0.0,0.0,0.4,0.0,100.0,,,5849235000,0.603687,5561164027.800000
[Loop at line 803 in chess::MoveGenerator::updateSortValues],0.614959,0.614959,0.0,0.0,6.1,6.1,3.8,0.8,2.6,4.1,14.3,0.0,21.5,4.8,2.4,0.0,0.0,0.0,0.0,,,7164040000,0.466137,5430319425.699187
engine::Evaluator::threatEval,0.610959,0.610959,0.0,0.0,0.2,0.2,14.0,0.1,0.0,0.0,0.0,0.0,0.0,0.0,0.0,0.0,0.0,0.0,0.0,,,8688495000,0.395036,5617835685.142389
engine::Evaluator::evaluate,0.603960,0.603960,0.0,0.0,5.7,5.7,15.7,0.1,1.4,0.0,33.6,0.0,0.0,0.0,0.0,0.0,0.1,0.0,100.0,AVX(128); AVX(256),,9925430000,0.356065,5851546947.450331
engine::Evaluator::coordinationEval,0.596960,0.596960,0.0,0.0,0.7,0.7,21.8,0.0,0.2,0.0,0.0,0.0,2.9,0.0,0.0,0.0,0.0,0.0,0.0,,,7086170000,0.463229,5498723070.807370
chess::Position::doMove,0.503967,0.503967,0.0,0.0,5.5,5.5,11.4,0.4,0.5,0.2,0.0,0.0,0.0,0.0,0.0,0.0,0.0,0.0,0.0,,,6609965000,0.429995,5639768805.640873
[Loop at line 818 in engine::Evaluator::kingEval],0.497967,0.497967,0.0,0.0,0.6,0.6,12.1,0.0,0.0,0.0,0.0,0.0,4.0,0.0,0.0,0.0,0.0,0.0,0.0,,,5969035000,0.457602,5485182991.132530
chess::Position::removePiece,0.457970,0.457970,0.0,0.0,8.5,8.5,12.2,1.7,0.8,0.4,1.3,0.0,0.0,0.0,0.0,0.0,0.0,0.0,0.0,,,5316125000,0.452394,5251407164.674672
engine::PawnTT::Entry::Entry,0.450970,0.450970,0.0,0.0,76.1,76.1,7.4,0.0,10.2,1.4,53.4,66.8,0.0,0.0,0.0,0.0,2.4,0.0,100.0,AVX(128),,2914135000,0.860226,5558716705.230598
[Loop at line 1029 in chess::MoveGenerator::generateMoves],0.434971,0.434971,0.0,0.0,0.7,0.7,15.1,0.4,0.6,0.0,5.0,0.0,10.0,7.5,0.0,0.0,0.0,0.0,0.0,,,5705475000,0.415748,5453327118.951724
func@0x1800126c0,0.430971,0.430971,0.0,0.0,62.0,62.0,2.1,0.0,0.4,0.0,38.2,0.0,0.0,0.0,0.0,0.0,0.0,0.0,0.0,,,0,,5420545042.830626
engine::Search::search,0.419972,0.419972,0.0,0.0,21.3,21.3,17.7,5.5,7.2,0.4,45.3,73.8,0.4,4.1,0.2,0.0,0.0,0.0,0.0,,,3878525000,0.626255,5783585881.611905
chess::Position::putPiece,0.418972,0.418972,0.0,0.0,8.6,8.6,19.8,0.5,3.2,0.0,2.2,0.0,4.5,4.5,0.0,0.0,0.0,0.0,0.0,,,4492500000,0.461333,4946724191.035800
chess::Position::isAttacked,0.416972,0.416972,0.0,0.0,9.7,9.7,4.7,2.1,1.9,7.4,2.0,0.0,0.0,4.2,7.6,0.0,0.0,0.0,0.0,,,5969035000,0.410938,5882656256.913669
"[Loop at line 8440 in std::ranges::_Insertion_sort_common<chess::Move *,chess::moveValueGreaterComparator,std::identity>]",0.401973,0.401973,0.0,0.0,0.8,0.8,10.6,0.2,0.0,0.0,0.0,0.0,0.0,0.0,0.0,0.0,0.0,0.0,0.0,,,3629940000,0.614686,5550803388.594527
[Loop at line 2212 in engine::Search::qsearch],0.370975,0.370975,0.0,0.0,23.7,23.7,8.6,0.0,11.3,3.0,20.0,0.0,0.0,0.0,0.0,0.0,0.2,0.0,100.0,,,4267875000,0.475088,5465631959.404312
"[Loop at line 8440 in std::ranges::_Insertion_sort_common<chess::Move *,chess::moveValueGreaterComparator,std::identity>]",0.364976,0.364976,0.0,0.0,0.8,0.8,9.4,0.3,0.0,0.0,0.0,0.0,0.0,0.0,0.0,0.0,0.0,0.0,0.0,,,3629940000,0.545380,5424181586.923287
engine::PawnTT::prefetch,0.353977,0.353977,0.0,0.0,28.2,28.2,8.5,0.0,36.0,6.1,30.1,0.0,0.0,0.0,0.0,0.0,0.0,0.0,0.0,,,92845000,20.451613,5364282250.954803
chess::MoveGenerator::generatePawnMoves,0.339977,0.339977,0.0,0.0,43.7,43.7,7.4,0.3,1.5,0.0,4.7,0.0,0.0,0.0,0.0,0.0,0.3,0.0,100.0,,,3546080000,0.558277,5823018468.314706
engine::Evaluator::bishopEval,0.325978,0.325978,0.0,0.0,8.5,8.5,7.4,0.3,0.0,0.0,0.0,0.0,0.0,0.0,0.0,0.0,0.0,0.0,0.0,,,5786340000,0.341097,6054711294.518405
engine::Evaluator::knightEval,0.318979,0.318979,0.0,0.0,8.2,8.2,6.9,1.8,0.0,0.9,0.0,0.0,2.9,0.0,0.0,0.0,0.0,0.0,0.0,,,4444580000,0.378706,5276807577.222570
"std::_Atomic_address_as<__int64,std::_Atomic_padded<unsigned __int64> >",0.286981,0.286981,0.0,0.0,47.1,47.1,5.3,0.0,24.5,13.2,20.0,0.0,0.0,0.0,0.0,0.0,1.5,0.0,100.0,,,1623290000,0.983395,5562511698.714286
engine::Evaluator::queenEval,0.276982,0.276982,0.0,0.0,0.0,0.0,8.3,0.0,0.7,0.0,4.5,0.0,2.2,0.0,0.0,0.0,0.0,0.0,0.0,,,4519455000,0.327369,5341617732.339351
std::optional<engine::PawnTT::Entry>::{ctor},0.253983,0.253983,0.0,0.0,44.2,44.2,0.0,5.9,31.1,1.7,,0.0,,,,0.0,1.4,0.0,100.0,,,718800000,1.991667,5636633599.000000
chess::MoveGenerator::updateSortValues,0.252983,0.252983,0.0,0.0,3.7,3.7,6.7,0.4,0.0,1.2,0.0,0.0,0.0,0.0,0.0,0.0,0.0,0.0,0.0,,,3144750000,0.405714,5043298840.245059
chess::Position::wasLegalMove,0.252983,0.252983,0.0,0.0,0.5,0.5,1.6,0.3,0.0,0.3,0.0,0.0,0.0,0.0,0.0,0.0,0.0,0.0,0.0,,,4372700000,0.352740,6096945781.047430
engine::Evaluator::pawnEval,0.246984,0.246984,0.0,0.0,36.6,36.6,4.1,5.9,8.8,0.4,30.1,50.1,0.0,0.0,10.0,0.0,0.0,0.0,0.0,,,2291175000,0.594771,5517471118.157894
chess::Bitboard::shifted,0.227985,0.227985,0.0,0.0,5.5,5.5,7.3,1.7,2.6,0.4,0.0,0.0,0.0,0.0,0.0,0.0,0.0,0.0,0.0,,,3153735000,0.375119,5189050218.267544
std::_Unchecked_popcount<unsigned __int64>,0.199987,0.199987,0.0,0.0,0.8,0.8,15.7,0.0,0.0,0.0,0.0,0.0,0.0,0.0,0.0,0.0,0.0,0.0,0.0,,,2614635000,0.465063,6080253172.209999
[Loop at line 55 in engine::See::see],0.184988,0.184988,0.0,0.0,1.7,1.7,7.0,0.0,0.0,0.0,0.0,0.0,0.0,0.0,0.0,0.0,0.0,0.0,0.0,,,2605650000,0.386207,5439928280.821622
chess::moveValueGreaterComparator::operator(),0.181988,0.181988,0.0,0.0,0.7,0.7,7.7,0.9,0.0,0.4,0.0,0.0,6.7,0.0,0.0,0.0,0.0,0.0,0.0,,,2375035000,0.493064,6434739864.489011
chess::Position::undoMove,0.175988,0.175988,0.0,0.0,26.1,26.1,18.1,0.0,11.1,0.0,2.3,16.7,0.0,0.0,0.0,0.0,0.0,0.0,0.0,,,1940760000,0.521605,5752142779.352273
chess::Bitboard::operator^=,0.173988,0.173988,0.0,0.0,1.1,1.1,7.2,1.3,0.7,0.0,0.0,0.0,0.0,0.0,0.0,0.0,0.0,0.0,0.0,,,1737100000,0.439655,4389515199.913793
chess::Move::encode,0.172989,0.172989,0.0,0.0,0.0,0.0,7.6,1.0,2.5,0.0,0.0,0.0,0.0,0.0,0.0,0.0,0.0,0.0,0.0,,,2120460000,0.471751,5782637773.052023
engine::See::attacksTo,0.171989,0.171989,0.0,0.0,0.0,0.0,7.6,0.0,0.6,0.0,0.0,0.0,20.0,0.0,0.0,0.0,0.0,0.0,0.0,,,2327115000,0.370656,5015216272.186047
[Loop at line 1025 in chess::MoveGenerator::generateMoves],0.170989,0.170989,0.0,0.0,3.9,3.9,11.2,0.0,1.5,0.0,0.0,0.0,20.0,0.0,0.0,0.0,0.0,0.0,0.0,,,2021625000,0.508148,6007912995.327486
"std::ranges::_Sort_fn::_Sort_common<chess::Move *,chess::moveValueGreaterComparator,std::identity>",0.169989,0.169989,0.0,0.0,3.6,3.6,7.9,0.0,1.7,0.0,0.0,0.0,,,,0.0,0.0,0.0,0.0,,,1991675000,0.443609,5197550523.911765
engine::See::see,0.158989,0.158989,0.0,0.0,7.1,7.1,6.8,0.6,0.0,0.0,0.0,0.0,0.0,0.0,0.0,0.0,0.0,0.0,0.0,,,2291175000,0.352941,5086186313.773585
chess::Bitboard::operator bool,0.151990,0.151990,0.0,0.0,1.0,1.0,12.1,1.2,0.0,0.0,0.0,0.0,0.0,0.0,0.0,0.0,0.0,0.0,0.0,,,2054570000,0.403790,5458355356.177631
chess::MoveGenerator::generateKingMoves,0.151990,0.151990,0.0,0.0,3.3,3.3,6.6,2.9,0.7,0.0,0.0,0.0,0.0,5.0,0.0,0.0,0.0,0.0,0.0,,,1773040000,0.390203,4551913672.480263
"std::array<int,64>::operator[]",0.149990,0.149990,0.0,0.0,0.8,0.8,11.7,1.0,0.5,0.0,0.0,0.0,0.0,0.0,0.0,0.0,0.0,0.0,0.0,,,2437930000,0.404177,6569468944.686666
[Loop at line 700 in chess::MoveGenerator::fillOnDemandMoveList],0.146990,0.146990,0.0,0.0,3.1,3.1,14.9,0.6,1.2,0.0,0.0,0.0,0.0,0.0,0.0,0.0,0.5,0.0,100.0,,,2000660000,0.423653,5766266705.993197
chess::operator&,0.146990,0.146990,0.0,0.0,0.0,0.0,7.2,0.0,0.7,0.0,0.0,0.0,0.0,0.0,0.0,0.0,0.0,0.0,0.0,,,1758065000,0.398637,4767867170.326530
chess::makePiece,0.145990,0.145990,0.0,0.0,0.0,0.0,25.5,0.0,0.0,0.0,0.0,0.0,0.0,0.0,0.0,0.0,0.0,0.0,0.0,,,1200995000,0.591022,4862068971.636987
[Loop at line 894 in chess::MoveGenerator::generatePawnMoves],0.139991,0.139991,0.0,0.0,9.1,9.1,0.7,3.5,2.8,0.0,0.0,0.0,0.0,0.0,0.0,0.0,0.0,0.0,0.0,,,1473540000,0.493902,5198809010.721429
[Loop at line 839 in engine::Evaluator::kingEval],0.135991,0.135991,0.0,0.0,1.2,1.2,3.4,0.0,0.0,0.0,0.0,0.0,0.0,0.0,0.0,0.0,0.0,0.0,0.0,,,2515800000,0.236905,4382680314.654411
engine::See::revealedAttacks,0.132991,0.132991,0.0,0.0,2.3,2.3,2.7,0.0,0.0,0.0,0.0,0.0,0.0,0.0,0.0,0.0,0.0,0.0,0.0,,,1919795000,0.386895,5585031988.992481
"std::ranges::_Insertion_sort_common<chess::Move *,chess::moveValueGreaterComparator,std::identity>",0.126992,0.126992,0.0,0.0,4.2,4.2,6.1,1.7,0.9,0.0,0.0,0.0,0.0,0.0,0.0,0.0,0.0,0.0,0.0,,,1066220000,0.542135,4551758513.000000
"std::array<chess::Bitboard,64>::operator[]",0.122992,0.122992,0.0,0.0,8.3,8.3,0.0,0.7,5.0,4.3,0.0,0.0,0.0,5.0,0.0,0.0,0.0,0.0,0.0,,,1799995000,0.394343,5771236340.317073
"std::array<unsigned __int64,64>::operator[]",0.120992,0.120992,0.0,0.0,3.4,3.4,7.7,0.0,1.8,0.0,0.0,0.0,0.0,0.0,0.0,0.0,0.0,0.0,0.0,,,1659230000,0.509025,6980545513.834710
std::popcount,0.120992,0.120992,0.0,0.0,0.0,0.0,5.2,0.0,0.0,0.0,0.0,0.0,0.0,0.0,0.0,0.0,0.0,0.0,0.0,,,1862890000,0.311897,4802219254.198347
std::countr_zero,0.116992,0.116992,0.0,0.0,4.9,4.9,7.4,0.0,0.0,0.0,0.0,0.0,0.0,0.0,0.0,0.0,0.0,0.0,0.0,,,1159065000,0.465116,4607997856.923078
chess::Square::{ctor},0.113992,0.113992,0.0,0.0,4.8,4.8,5.6,0.0,0.0,0.0,0.0,0.0,0.0,0.0,0.0,0.0,0.0,0.0,0.0,,,1904820000,0.375786,6279407605.903509
chess::Bitboard::shifted,0.112993,0.112993,0.0,0.0,0.0,0.0,14.2,0.0,3.0,0.0,0.0,0.0,0.0,0.0,0.0,0.0,0.0,0.0,0.0,,,1021295000,0.486804,4400026272.230088
engine::Search::sendSearchUpdateToUci,0.112993,0.112993,0.0,0.0,88.2,88.2,22.7,15.9,43.6,5.0,40.1,100.0,0.0,0.0,0.0,0.0,0.0,0.0,0.0,,,11980000,50.500000,5354248837.292035
engine::TT::Entry::{ctor},0.112993,0.112993,0.0,0.0,100.0,100.0,0.0,13.6,10.2,72.0,0.0,0.0,0.0,0.0,0.0,0.0,0.0,0.0,0.0,,,233610000,2.576923,5327742654.929204
chess::operator*,0.110993,0.110993,0.0,0.0,0.0,0.0,2.6,0.9,0.0,0.0,0.0,0.0,0.0,0.0,0.0,0.0,0.0,0.0,0.0,,,1380695000,0.416486,5180884076.972973
chess::Position::movePiece,0.102993,0.102993,0.0,0.0,15.2,15.2,11.3,0.0,5.7,0.0,3.5,0.0,6.7,13.4,0.0,0.0,0.0,0.0,0.0,,,1260895000,0.427553,5234327662.718447
engine::Search::storeTt,0.102993,0.102993,0.0,0.0,5.0,5.0,11.4,0.0,3.8,1.0,0.0,0.0,0.0,0.0,0.0,0.0,0.0,0.0,0.0,,,1464555000,0.364008,5176168466.466019
std::_Countr_zero_tzcnt<unsigned __int64>,0.098993,0.098993,0.0,0.0,6.4,6.4,6.1,0.0,0.0,0.0,0.0,0.0,0.0,0.0,0.0,0.0,0.0,0.0,0.0,,,1242925000,0.404819,5082761272.484849
chess::operator<,0.097994,0.097994,0.0,0.0,2.8,2.8,10.6,0.0,0.0,0.0,0.0,0.0,0.0,0.0,0.0,0.0,0.0,0.0,0.0,,,1030280000,0.465116,4890120174.693877
chess::Position::getPiece,0.095994,0.095994,0.0,0.0,1.6,1.6,15.5,0.0,0.0,0.0,0.0,0.0,,0.0,0.0,0.0,0.0,0.0,0.0,,,1018300000,0.570588,6052797184.979167
[Loop at line 546 in engine::Evaluator::pieceEval],0.092994,0.092994,0.0,0.0,11.8,11.8,6.3,0.0,0.0,0.0,0.0,0.0,0.0,0.0,0.0,0.0,0.0,0.0,0.0,,,1186020000,0.401515,5120823424.870968
"std::array<chess::Value,25>::operator[]",0.090994,0.090994,0.0,0.0,0.0,0.0,4.8,2.4,0.0,0.0,0.0,0.0,0.0,0.0,0.0,0.0,0.0,0.0,0.0,,,1000330000,0.416168,4575083586.516483
chess::MoveGenerator::generateMoves,0.088994,0.088994,0.0,0.0,14.9,14.9,6.7,0.0,0.0,0.0,0.0,0.0,0.0,0.0,0.0,0.0,0.0,0.0,0.0,,,1719130000,0.353659,6831745137.314607
engine::Search::goodCapture,0.087994,0.087994,0.0,0.0,2.1,2.1,5.1,0.0,0.0,0.0,,0.0,,,,0.0,0.0,0.0,0.0,,,976370000,0.401840,4458761562.693182
chess::Move::operator==,0.085994,0.085994,0.0,0.0,1.6,1.6,4.7,0.0,0.0,0.0,40.1,0.0,0.0,0.0,0.0,0.0,0.0,0.0,0.0,,,1419630000,0.305907,5050044162.965117
[Loop at line 245 in engine::TT::probe],0.082994,0.082994,0.0,0.0,71.7,71.7,0.0,0.0,41.4,40.2,32.1,0.0,0.0,12.0,0.0,0.0,0.0,0.0,0.0,,,98835000,4.181818,4979968768.265060
chess::Position::hasCheck,0.079995,0.079995,0.0,0.0,31.2,31.2,1.1,0.0,14.3,23.1,0.0,0.0,0.0,0.0,0.0,0.0,0.0,0.0,0.0,,,667885000,0.690583,5765757318.475000
chess::MoveGenerator::isPseudoLegal,0.078995,0.078995,0.0,0.0,18.3,18.3,0.0,11.9,10.0,3.6,0.0,0.0,0.0,0.0,0.0,0.0,0.0,0.0,0.0,,,572045000,0.968586,7014072687.278481
chess::StaticMoveList<256>::push_back,0.077995,0.077995,0.0,0.0,9.1,9.1,9.2,6.6,0.0,0.0,0.0,0.0,0.0,0.0,0.0,0.0,0.0,0.0,0.0,,,808650000,0.481481,4991997678.333334
chess::Position::getPieceBb,0.072995,0.072995,0.0,0.0,0.0,0.0,2.5,0.0,0.0,0.0,0.0,0.0,0.0,0.0,0.0,0.0,0.0,0.0,0.0,,,763725000,0.525490,5498035799.150685
chess::typeOf,0.072995,0.072995,0.0,0.0,12.8,12.8,17.0,0.0,6.8,0.0,,0.0,,,,0.0,0.0,0.0,0.0,,,844590000,0.521277,6031427331.904110
func@0x1400e34a0,0.072995,0.072995,0.0,0.0,100.0,100.0,0.0,90.2,0.0,1.1,0.0,0.0,0.0,0.0,0.0,0.0,0.0,0.0,0.0,,,5990000,74.000000,6072457449.808220
chess::Bitboard::popLSB,0.070995,0.070995,0.0,0.0,0.0,0.0,23.2,0.0,0.0,0.0,0.0,0.0,0.0,0.0,0.0,0.0,0.0,0.0,0.0,,,398335000,0.864662,4851378025.422535
chess::operator&,0.070995,0.070995,0.0,0.0,4.7,4.7,7.6,0.0,0.0,0.0,0.0,0.0,0.0,0.0,0.0,0.0,0.0,0.0,0.0,,,1395670000,0.283262,5568538255.267606
[Loop at line 881 in engine::Evaluator::kingEval],0.068995,0.068995,0.0,0.0,2.0,2.0,23.0,0.0,0.0,1.4,0.0,0.0,0.0,0.0,0.0,0.0,0.0,0.0,0.0,,,946420000,0.370253,5078815029.260870
[Loop at line 891 in engine::Evaluator::kingEval],0.067995,0.067995,0.0,0.0,0.0,0.0,4.5,0.0,1.5,0.0,0.0,0.0,0.0,0.0,0.0,0.0,0.0,0.0,0.0,,,814640000,0.415441,4977315332.220589
chess::Move::encode,0.065996,0.065996,0.0,0.0,1.7,1.7,9.6,5.3,0.0,0.0,0.0,0.0,,,,0.0,0.0,0.0,0.0,,,778700000,0.603846,7124942140.893940
chess::Bitboard::operator|=,0.064996,0.064996,0.0,0.0,5.9,5.9,10.4,0.0,1.3,0.0,0.0,0.0,0.0,0.0,0.0,0.0,0.0,0.0,0.0,,,919465000,0.416938,5898237256.861539
chess::operator+,0.063996,0.063996,0.0,0.0,0.0,0.0,6.8,0.0,0.0,0.0,0.0,0.0,0.0,0.0,0.0,0.0,0.0,0.0,0.0,,,736770000,0.402439,4633197845.203125
chess::operator<,0.063996,0.063996,0.0,0.0,2.6,2.6,18.9,0.0,0.0,0.0,0.0,0.0,0.0,0.0,0.0,0.0,0.0,0.0,0.0,,,991345000,0.320242,4960797692.843750
std::countr_zero,0.063996,0.063996,0.0,0.0,0.0,0.0,14.6,0.0,0.0,0.0,0.0,0.0,,,,0.0,0.0,0.0,0.0,,,560065000,0.609626,5335197518.718750
_security_check_cookie,0.061996,0.061996,0.0,0.0,43.2,43.2,3.4,0.0,23.6,3.4,,0.0,0.0,0.0,0.0,0.0,0.0,0.0,0.0,,,302495000,0.980198,4782655840.209677
engine::PawnTT::put,0.060996,0.060996,0.0,0.0,35.5,35.5,0.0,0.0,40.9,0.0,0.0,0.0,,,,0.0,0.0,0.0,0.0,AVX(128),,68885000,4.434783,5008364883.836066
std::countr_zero,0.060996,0.060996,0.0,0.0,0.0,0.0,36.6,2.9,1.5,0.0,0.0,0.0,,,,0.0,0.0,0.0,0.0,,,2039595000,0.167401,5597584281.934426
engine::See::getLeastValuablePiece,0.059996,0.059996,0.0,0.0,0.0,0.0,4.7,0.0,0.0,0.0,0.0,0.0,0.0,0.0,0.0,0.0,0.0,0.0,0.0,,,1482525000,0.288889,7138556680.016666
std::countr_zero,0.058996,0.058996,0.0,0.0,0.0,0.0,8.9,0.0,0.0,0.0,0.0,0.0,0.0,0.0,0.0,0.0,0.0,0.0,0.0,,,1877865000,0.178628,5685800745.491526
chess::Color::sign,0.056996,0.056996,0.0,0.0,34.2,34.2,0.0,1.6,0.0,0.0,0.0,0.0,0.0,0.0,0.0,0.0,1.2,0.0,100.0,,,631945000,0.492891,5464923774.175438
chess::Position::attacksTo,0.055996,0.055996,0.0,0.0,11.4,11.4,17.5,0.0,5.8,0.0,2.5,0.0,0.0,0.0,0.0,0.0,0.0,0.0,0.0,,,850580000,0.313380,4760226357.553571
chess::typeOf,0.055996,0.055996,0.0,0.0,0.0,0.0,0.0,0.0,0.0,0.0,0.0,0.0,0.0,0.0,0.0,0.0,0.0,0.0,0.0,,,646920000,0.342593,3957941016.392857
chess::Move::operator==,0.054996,0.054996,0.0,0.0,0.0,0.0,8.7,0.0,0.0,0.0,,0.0,0.0,0.0,0.0,0.0,0.0,0.0,0.0,,,727785000,0.316872,4193278049.800000
chess::Move::stripped,0.052996,0.052996,0.0,0.0,0.0,0.0,1.9,0.0,1.9,0.0,,0.0,,,,0.0,0.0,0.0,0.0,,,628950000,0.414286,4916646769.981133
chess::operator++,0.052996,0.052996,0.0,0.0,3.6,3.6,12.7,3.2,0.0,0.0,0.0,0.0,,0.0,0.0,0.0,0.0,0.0,0.0,,,757735000,0.415020,5933884032.735849
chess::operator&,0.050997,0.050997,0.0,0.0,0.0,0.0,8.2,0.0,0.0,0.0,0.0,0.0,0.0,0.0,0.0,0.0,0.0,0.0,0.0,,,697835000,0.351931,4815809524.980392
"std::array<int,64>::operator[]",0.050997,0.050997,0.0,0.0,0.0,0.0,2.8,0.0,0.0,0.0,0.0,0.0,0.0,0.0,0.0,0.0,0.0,0.0,0.0,,,1084190000,0.328729,6988796749.666667
chess::operator&,0.049997,0.049997,0.0,0.0,0.0,0.0,3.4,0.0,0.0,0.0,0.0,0.0,0.0,0.0,0.0,0.0,0.0,0.0,0.0,,,649915000,0.460829,5990397214.000000
chess::operator&,0.049997,0.049997,0.0,0.0,0.0,0.0,15.9,0.0,0.0,0.0,0.0,0.0,0.0,0.0,0.0,0.0,0.0,0.0,0.0,,,524125000,0.480000,5031933659.760000
chess::operator|,0.049997,0.049997,0.0,0.0,0.0,0.0,9.4,0.0,0.0,0.0,0.0,0.0,0.0,0.0,0.0,0.0,0.0,0.0,0.0,,,503160000,0.422619,4253182021.940000
chess::Position::checkRepetitions,0.048997,0.048997,0.0,0.0,67.5,67.5,63.5,0.0,27.2,1.8,23.7,0.0,0.0,0.0,0.0,0.0,0.0,0.0,0.0,,,0,,5684764703.081633
chess::Position::getLastMove,0.048997,0.048997,0.0,0.0,2.9,2.9,0.0,0.0,3.1,0.0,0.0,0.0,,,,0.0,0.0,0.0,0.0,,,757735000,0.426877,6601662235.836734
chess::operator|,0.048997,0.048997,0.0,0.0,0.0,0.0,4.8,4.8,0.0,0.0,0.0,0.0,0.0,0.0,0.0,0.0,0.0,0.0,0.0,,,889515000,0.235690,4278855152.857143
"std::_Atomic_reinterpret_as<__int64,unsigned __int64>",0.048997,0.048997,0.0,0.0,84.6,84.6,19.1,0.0,21.5,11.9,,0.0,,,,0.0,0.0,0.0,0.0,,,173710000,1.206897,4278855152.857143
chess::Bitboard::popLSB,0.047997,0.047997,0.0,0.0,0.0,0.0,0.0,0.0,0.0,0.0,0.0,0.0,0.0,0.0,0.0,0.0,0.0,0.0,0.0,,,682860000,0.359649,5116797620.291666
chess::MoveGenerator::resetOnDemand,0.047997,0.047997,0.0,0.0,2.6,2.6,0.0,0.0,25.3,0.0,0.0,0.0,0.0,0.0,0.0,0.0,0.0,0.0,0.0,,,293510000,1.030612,6302397068.895833
chess::operator&,0.047997,0.047997,0.0,0.0,0.0,0.0,15.2,0.0,0.0,0.0,0.0,0.0,0.0,0.0,0.0,0.0,0.0,0.0,0.0,,,1203990000,0.218905,5491197446.166666
chess::StaticMoveList<256>::push_back,0.046997,0.046997,0.0,0.0,0.0,0.0,13.9,2.0,0.0,0.0,0.0,0.0,0.0,0.0,0.0,0.0,0.0,0.0,0.0,,,479200000,0.525000,5353120914.638298
chess::Position::isCapturingMove,0.045997,0.045997,0.0,0.0,0.0,0.0,5.4,0.0,0.0,0.0,0.0,0.0,10.0,0.0,0.0,0.0,0.0,0.0,0.0,,,679865000,0.281938,4167232844.521739
chess::operator&,0.044997,0.044997,0.0,0.0,17.6,17.6,15.2,0.0,25.3,10.1,0.0,0.0,0.0,0.0,0.0,0.0,0.0,0.0,0.0,,,470215000,0.420382,4392957956.933333
"std::array<chess::Move,64>::operator[]",0.044997,0.044997,0.0,0.0,0.0,0.0,0.0,1.8,0.0,0.0,,0.0,0.0,0.0,0.0,0.0,0.0,0.0,0.0,,,820630000,0.332117,6056957183.044444
"std::array<chess::Bitboard,64>::operator[]",0.042997,0.042997,0.0,0.0,6.2,6.2,17.7,0.0,5.1,0.0,0.0,0.0,0.0,0.0,0.0,0.0,0.0,0.0,0.0,,,515140000,0.383721,4597281582.837210
chess::Value::{ctor},0.041997,0.041997,0.0,0.0,4.0,4.0,4.3,0.0,0.0,2.2,0.0,0.0,0.0,0.0,0.0,0.0,0.0,0.0,0.0,,,772710000,0.302326,5562511698.714286
chess::Bitboard::operator|=,0.040997,0.040997,0.0,0.0,6.7,6.7,0.0,2.7,0.0,0.0,0.0,0.0,20.0,0.0,0.0,0.0,2.2,0.0,100.0,,,625955000,0.301435,4602378347.341463
"std::_Atomic_storage<unsigned __int64,8>::load",0.040997,0.040997,0.0,0.0,7.4,7.4,15.0,0.0,19.9,0.0,20.0,0.0,0.0,100.0,0.0,0.0,0.0,0.0,0.0,,,326455000,0.623853,4967646470.146341
"std::_Atomic_storage<unsigned __int64,8>::store",0.039997,0.039997,0.0,0.0,29.0,29.0,51.8,1.9,7.7,0.0,0.0,0.0,,,,0.0,0.0,0.0,0.0,,,83860000,3.107143,6514556970.224999
chess::Bitboard::operator bool,0.038997,0.038997,0.0,0.0,0.0,0.0,11.9,0.0,0.0,0.0,0.0,0.0,0.0,0.0,0.0,0.0,0.0,0.0,0.0,,,359400000,0.475000,4377597964.076922
chess::Bitboard::popLSB,0.038997,0.038997,0.0,0.0,0.0,0.0,2.1,2.1,0.0,0.0,0.0,0.0,0.0,0.0,0.0,0.0,0.0,0.0,0.0,,,548085000,0.431694,6067197178.282051
chess::operator&,0.038997,0.038997,0.0,0.0,0.0,0.0,0.0,0.0,0.0,0.0,0.0,0.0,0.0,0.0,0.0,0.0,0.0,0.0,0.0,,,494175000,0.242424,3071998571.282051
chess::operator&,0.038997,0.038997,0.0,0.0,0.0,0.0,13.9,0.0,0.0,0.0,0.0,0.0,0.0,0.0,0.0,0.0,0.0,0.0,0.0,,,395340000,0.545455,5529597428.307693
chess::operator~,0.038997,0.038997,0.0,0.0,0.0,0.0,0.0,0.0,0.0,0.0,0.0,0.0,10.0,0.0,0.0,0.0,0.0,0.0,0.0,,,488185000,0.380368,4761597785.487179
engine::Search::checkDrawRepAnd50,0.038997,0.038997,0.0,0.0,54.5,54.5,33.0,18.5,24.7,10.3,20.0,0.0,0.0,0.0,0.0,0.0,0.0,0.0,0.0,,,8985000,27.666667,6374397035.410256
"std::_Atomic_storage<unsigned __int64,8>::store",0.038997,0.038997,0.0,0.0,63.3,63.3,28.9,0.0,46.7,15.6,0.0,0.0,0.0,0.0,0.0,0.0,0.0,0.0,0.0,,,110815000,2.054054,5836797285.435897
[Loop at line 391 in engine::Evaluator::pawnEval],0.037997,0.037997,0.0,0.0,2.9,2.9,22.7,0.0,2.1,0.0,0.0,0.0,0.0,0.0,0.0,0.0,0.0,0.0,0.0,,,593010000,0.409091,6384502293.868422
chess::Position::getPieceBb,0.037997,0.037997,0.0,0.0,0.0,0.0,41.1,0.0,0.0,0.0,0.0,0.0,0.0,0.0,0.0,0.0,0.0,0.0,0.0,,,413310000,0.471014,5123366038.289474
chess::Value::isCheckMate,0.037997,0.037997,0.0,0.0,16.7,16.7,23.8,2.6,0.0,0.0,0.0,0.0,,0.0,0.0,0.0,0.0,0.0,0.0,,,392345000,0.480916,4965724006.342106
chess::Value::operator int,0.037997,0.037997,0.0,0.0,0.0,0.0,6.0,0.0,3.0,0.0,0.0,0.0,0.0,0.0,0.0,0.0,0.0,0.0,0.0,,,395340000,0.424242,4413976894.526316
"std::array<chess::Bitboard,64>::operator[]",0.037997,0.037997,0.0,0.0,17.2,17.2,10.8,6.5,0.0,19.5,0.0,0.0,,,,0.0,0.0,0.0,0.0,,,479200000,0.481250,6069218229.973683
chess::Bitboard::operator|=,0.036998,0.036998,0.0,0.0,10.5,10.5,5.8,1.9,3.8,0.0,0.0,0.0,0.0,0.0,0.0,0.0,0.0,0.0,0.0,,,688850000,0.378261,7042764292.135135
chess::operator&,0.036998,0.036998,0.0,0.0,0.0,0.0,16.4,0.0,0.0,0.0,0.0,0.0,0.0,0.0,0.0,0.0,0.0,0.0,0.0,,,179700000,1.016667,4938030135.864865
chess::operator~,0.036998,0.036998,0.0,0.0,0.0,0.0,0.0,0.0,0.0,0.0,0.0,0.0,0.0,0.0,0.0,0.0,0.0,0.0,0.0,,,548085000,0.338798,5018981449.567568
std::min,0.036998,0.036998,0.0,0.0,0.0,0.0,0.0,0.0,0.0,0.0,0.0,0.0,0.0,0.0,0.0,0.0,0.0,0.0,0.0,,,470215000,0.292994,3723760430.324324
std::popcount,0.036998,0.036998,0.0,0.0,0.0,0.0,8.1,0.0,0.0,0.0,0.0,0.0,,,,0.0,0.0,0.0,0.0,,,323460000,0.379630,3319003861.810811
chess::operator*,0.035998,0.035998,0.0,0.0,0.0,0.0,0.0,0.0,0.0,0.0,0.0,0.0,0.0,0.0,0.0,0.0,0.0,0.0,0.0,,,158735000,0.849057,3743998258.750000
engine::PawnTT::getHash,0.035998,0.035998,0.0,0.0,80.0,80.0,0.0,0.0,63.9,0.0,0.0,0.0,0.0,0.0,0.0,0.0,0.0,0.0,0.0,,,59900000,2.400000,3993598142.666667
chess::Bitboard::operator|=,0.034998,0.034998,0.0,0.0,0.0,0.0,5.1,0.0,0.0,0.0,0.0,0.0,0.0,0.0,0.0,0.0,0.0,0.0,0.0,,,721795000,0.273859,5648088801.771428
chess::MoveGenerator::getEvasionTargets,0.034998,0.034998,0.0,0.0,18.8,18.8,27.2,0.0,7.8,15.5,0.0,0.0,0.0,0.0,0.0,0.0,0.0,0.0,0.0,,,308485000,0.436893,3850969637.571429
chess::Position::getPieceBb,0.034998,0.034998,0.0,0.0,0.0,0.0,5.6,0.0,2.8,0.0,0.0,0.0,0.0,0.0,0.0,0.0,0.0,0.0,0.0,,,383360000,0.468750,5134626183.428571
chess::operator<<,0.034998,0.034998,0.0,0.0,0.0,0.0,7.9,0.0,0.0,0.0,0.0,0.0,0.0,0.0,0.0,0.0,0.0,0.0,0.0,,,566055000,0.449735,7274053759.857142
std::countr_zero,0.034998,0.034998,0.0,0.0,0.0,0.0,0.0,0.0,0.0,0.0,0.0,0.0,0.0,0.0,0.0,0.0,0.0,0.0,0.0,,,634940000,0.320755,5819243007.885715
chess::Bitboard::operator|=,0.033998,0.033998,0.0,0.0,9.5,9.5,15.5,1.9,1.9,0.0,0.0,0.0,0.0,0.0,0.0,0.0,0.0,0.0,0.0,,,533110000,0.483146,7576090594.176470
engine::Search::thread,0.033998,0.033998,0.0,0.0,0.0,0.0,0.0,2.5,2.5,0.0,0.0,0.0,0.0,0.0,0.0,0.0,5.6,0.0,100.0,,,176705000,1.152542,5990397214.000000
engine::Search::valueToTt,0.033998,0.033998,0.0,0.0,9.5,9.5,25.2,0.0,0.0,0.0,0.0,0.0,0.0,0.0,0.0,0.0,0.0,0.0,0.0,,,323460000,0.490741,4668986063.852942
chess::Position::getPieceBb,0.032998,0.032998,0.0,0.0,40.9,40.9,7.6,0.0,0.0,0.0,,0.0,0.0,0.0,0.0,0.0,0.0,0.0,0.0,,,203660000,0.647059,3993598142.666667
chess::operator&,0.032998,0.032998,0.0,0.0,0.0,0.0,11.9,0.0,0.0,0.0,0.0,0.0,0.0,0.0,0.0,0.0,0.0,0.0,0.0,,,428285000,0.391608,5082761272.484849
chess::operator&,0.032998,0.032998,0.0,0.0,11.1,11.1,0.0,13.4,3.3,16.7,0.0,0.0,0.0,0.0,0.0,0.0,0.0,0.0,0.0,,,410315000,0.364964,4538179707.575758
chess::operator|,0.032998,0.032998,0.0,0.0,0.0,0.0,5.6,0.0,2.8,0.0,0.0,0.0,0.0,0.0,0.0,0.0,0.0,0.0,0.0,,,350415000,0.512821,5445815649.090909
[Loop at line 1011 in engine::Evaluator::coordinationEval],0.031998,0.031998,0.0,0.0,0.0,0.0,15.5,0.0,0.0,0.0,0.0,0.0,0.0,0.0,0.0,0.0,0.0,0.0,0.0,,,200665000,0.641791,4024798128.156250
chess::Bitboard::operator bool,0.031998,0.031998,0.0,0.0,3.4,3.4,4.5,0.0,0.0,0.0,0.0,0.0,0.0,0.0,0.0,0.0,0.0,0.0,0.0,,,637935000,0.347418,6926396778.687500
chess::Bitboard::operator|=,0.031998,0.031998,0.0,0.0,0.0,0.0,6.4,0.0,0.0,0.0,0.0,0.0,0.0,0.0,0.0,0.0,0.0,0.0,0.0,,,479200000,0.325000,4867197736.375000
chess::Bitboard::popLSB,0.031998,0.031998,0.0,0.0,0.0,0.0,10.1,0.0,0.0,0.0,0.0,0.0,0.0,0.0,0.0,0.0,0.0,0.0,0.0,,,566055000,0.174603,3088798563.468750
chess::operator&,0.031998,0.031998,0.0,0.0,5.6,5.6,6.8,0.0,4.5,0.0,0.0,0.0,0.0,0.0,0.0,0.0,0.0,0.0,0.0,,,488185000,0.466258,7113596691.625000
chess::typeOf,0.031998,0.031998,0.0,0.0,0.0,0.0,5.5,0.0,0.0,0.0,0.0,0.0,0.0,0.0,0.0,0.0,0.0,0.0,0.0,,,643925000,0.283721,5709597344.593750
std::popcount,0.031998,0.031998,0.0,0.0,0.0,0.0,5.8,0.0,0.0,0.0,0.0,0.0,0.0,0.0,0.0,0.0,0.0,0.0,0.0,,,613975000,0.282927,5428797475.187500
std::ranges::_Sort_fn::operator(),0.031998,0.031998,0.0,0.0,0.0,0.0,3.3,3.3,0.0,0.0,0.0,0.0,,0.0,0.0,0.0,0.0,0.0,0.0,,,269550000,0.566667,4773597779.906250
[Loop at line 1008 in engine::Evaluator::coordinationEval],0.030998,0.030998,0.0,0.0,0.0,0.0,22.3,0.0,0.0,0.0,0.0,0.0,0.0,0.0,0.0,0.0,0.0,0.0,0.0,,,215640000,0.847222,5893777904.096774
chess::operator*,0.030998,0.030998,0.0,0.0,0.0,0.0,12.8,0.0,0.0,0.0,0.0,0.0,0.0,0.0,0.0,0.0,0.0,0.0,0.0,,,437270000,0.363014,5120823424.870968
chess::Bitboard::operator bool,0.029998,0.029998,0.0,0.0,0.0,0.0,27.8,0.0,4.6,0.0,0.0,0.0,,,,0.0,0.0,0.0,0.0,,,254575000,0.423529,3594238328.400000
chess::Move::from,0.029998,0.029998,0.0,0.0,0.0,0.0,14.3,0.0,0.0,0.0,0.0,0.0,0.0,0.0,0.0,0.0,0.0,0.0,0.0,,,748750000,0.280000,6988796749.666667
chess::StaticMoveList<256>::push_back,0.029998,0.029998,0.0,0.0,0.0,0.0,23.4,13.4,3.3,0.0,0.0,0.0,0.0,0.0,0.0,0.0,0.0,0.0,0.0,,,263560000,0.568182,4991997678.333334
chess::Value::operator int,0.029998,0.029998,0.0,0.0,18.2,18.2,4.5,4.5,0.0,0.0,0.0,0.0,20.0,0.0,0.0,0.0,0.0,0.0,0.0,,,326455000,0.348624,3793918235.533333
"std::array<std::array<chess::Move,64>,64>::operator[]",0.029998,0.029998,0.0,0.0,4.2,4.2,13.9,0.0,0.0,0.0,0.0,0.0,,,,0.0,0.0,0.0,0.0,,,628950000,0.342857,7188476656.800000
[Loop at line 80 in engine::See::see],0.028998,0.028998,0.0,0.0,4.8,4.8,17.1,0.0,0.0,0.0,0.0,0.0,0.0,0.0,0.0,0.0,0.0,0.0,0.0,,,413310000,0.282609,4028025712.862069
engine::Search::stopConditions,0.028998,0.028998,0.0,0.0,100.0,100.0,47.7,26.2,7.2,4.8,,0.0,0.0,0.0,0.0,0.0,0.0,0.0,0.0,,,413310000,0.507246,7229789741.034483
"std::_Atomic_address_as<__int64,std::_Atomic_padded<unsigned __int64> >",0.028998,0.028998,0.0,0.0,43.8,43.8,33.4,0.0,37.1,3.7,0.0,0.0,0.0,0.0,0.0,0.0,0.0,0.0,0.0,,,155740000,0.865385,4647721976.379311
std::atomic<unsigned __int64>::{ctor},0.028998,0.028998,0.0,0.0,58.8,58.8,23.4,2.9,0.0,2.9,,0.0,,,,0.0,0.0,0.0,0.0,,,143760000,1.187500,5887114503.413793
chess::MoveGenerator::resetOnDemand,0.027998,0.027998,0.0,0.0,4.8,4.8,7.6,0.0,0.0,0.0,,0.0,0.0,0.0,0.0,0.0,0.0,0.0,0.0,,,326455000,0.403670,4706740668.142857
chess::operator&,0.027998,0.027998,0.0,0.0,0.0,0.0,0.0,0.0,0.0,0.0,0.0,0.0,0.0,0.0,0.0,0.0,0.0,0.0,0.0,,,410315000,0.350365,5134626183.428571
chess::Position::getPieceBb,0.026998,0.026998,0.0,0.0,18.2,18.2,0.0,0.0,0.0,0.0,0.0,0.0,0.0,0.0,0.0,0.0,0.0,0.0,0.0,,,356405000,0.310924,4104531424.407408
chess::operator&,0.026998,0.026998,0.0,0.0,0.0,0.0,6.8,0.0,0.0,0.0,0.0,0.0,0.0,0.0,0.0,0.0,0.0,0.0,0.0,,,386355000,0.379845,5435730805.296296
chess::operator&,0.026998,0.026998,0.0,0.0,58.3,58.3,8.6,0.0,0.0,0.0,0.0,0.0,0.0,0.0,0.0,0.0,0.0,0.0,0.0,,,194675000,0.600000,4326397987.888888
chess::operator+=,0.026998,0.026998,0.0,0.0,35.7,35.7,0.0,21.4,8.6,4.3,26.7,33.4,0.0,0.0,0.0,0.0,0.0,0.0,0.0,,,113810000,1.184211,4991997678.333334
std::atomic<bool>::operator bool,0.026998,0.026998,0.0,0.0,53.8,53.8,7.0,17.4,3.5,0.0,12.5,0.0,0.0,0.0,0.0,0.0,0.0,0.0,0.0,,,341430000,0.438596,5546664087.037037
"std::unique_ptr<engine::TT::TTCluster [0],std::default_delete<engine::TT::TTCluster [0]> >::operator[]",0.026998,0.026998,0.0,0.0,18.2,18.2,0.0,27.1,13.5,0.0,0.0,0.0,0.0,0.0,0.0,0.0,0.0,0.0,0.0,,,122795000,0.926829,4215464706.148148
chess::Bitboard::operator bool,0.025998,0.025998,0.0,0.0,0.0,0.0,8.8,0.0,4.4,0.0,0.0,0.0,0.0,0.0,0.0,0.0,0.0,0.0,0.0,,,197670000,0.590909,4492797910.500000
chess::Bitboard::{ctor},0.025998,0.025998,0.0,0.0,0.0,0.0,0.0,0.0,0.0,0.0,0.0,0.0,0.0,0.0,0.0,0.0,0.0,0.0,0.0,,,584025000,0.241026,5414397481.884616
chess::Move::to,0.025998,0.025998,0.0,0.0,0.0,0.0,12.1,0.0,0.0,0.0,0.0,0.0,0.0,0.0,0.0,0.0,0.0,0.0,0.0,,,482195000,0.341615,6335997053.269231
chess::operator&,0.025998,0.025998,0.0,0.0,4.0,4.0,6.4,6.4,0.0,3.2,0.0,0.0,0.0,0.0,0.0,0.0,0.0,0.0,0.0,,,673875000,0.231111,5990397214.000000
chess::operator+,0.025998,0.025998,0.0,0.0,0.0,0.0,13.9,0.0,7.0,0.0,0.0,0.0,0.0,0.0,0.0,0.0,0.0,0.0,0.0,,,287520000,0.500000,5529597428.307693
chess::operator<,0.025998,0.025998,0.0,0.0,0.0,0.0,20.0,6.7,0.0,0.0,,0.0,0.0,,0.0,0.0,0.0,0.0,0.0,,,248585000,0.301205,2879998660.576923
chess::operator|,0.025998,0.025998,0.0,0.0,0.0,0.0,9.3,0.0,0.0,0.0,0.0,0.0,0.0,0.0,0.0,0.0,0.0,0.0,0.0,,,191680000,0.562500,4147198071.230769
chess::operator|,0.025998,0.025998,0.0,0.0,0.0,0.0,8.1,0.0,0.0,0.0,0.0,0.0,0.0,0.0,0.0,0.0,0.0,0.0,0.0,,,404325000,0.303704,4723197803.346153
std::ranges::_Partition_by_median_guess_common,0.025998,0.025998,0.0,0.0,0.0,0.0,17.0,0.0,0.0,0.0,0.0,0.0,0.0,0.0,0.0,0.0,0.0,0.0,0.0,,,104825000,1.714286,6911996785.384615
chess::Bitboard::operator|=,0.024998,0.024998,0.0,0.0,16.7,16.7,6.5,0.0,0.0,0.0,0.0,0.0,0.0,0.0,0.0,0.0,0.0,0.0,0.0,,,353410000,0.432203,6110205158.280000
chess::Position::clearEnPassant,0.024998,0.024998,0.0,0.0,0.0,0.0,0.0,0.0,0.0,0.0,0.0,0.0,0.0,0.0,0.0,0.0,0.0,0.0,0.0,,,311480000,0.576923,7188476656.800000
chess::Square::file,0.024998,0.024998,0.0,0.0,0.0,0.0,9.8,0.0,0.0,0.0,0.0,0.0,0.0,0.0,0.0,0.0,0.0,0.0,0.0,,,239600000,0.425000,4073470105.520000
chess::operator-,0.024998,0.024998,0.0,0.0,6.2,6.2,0.0,0.0,0.0,0.0,0.0,0.0,0.0,0.0,0.0,0.0,0.0,0.0,0.0,,,398335000,0.285714,4552701882.640000
chess::operator|,0.024998,0.024998,0.0,0.0,0.0,0.0,0.0,0.0,0.0,0.0,,0.0,0.0,0.0,0.0,0.0,0.0,0.0,0.0,,,275540000,0.380435,4193278049.800000
"std::_Atomic_address_as<char,struct std::_Atomic_padded<bool> >",0.024998,0.024998,0.0,0.0,31.6,31.6,0.0,27.8,11.1,0.0,0.0,0.0,0.0,0.0,0.0,0.0,0.0,0.0,0.0,,,161730000,1.129630,7308284601.080000
chess::operator&,0.023998,0.023998,0.0,0.0,0.0,0.0,9.6,1.9,0.0,0.0,0.0,0.0,0.0,0.0,0.0,0.0,0.0,0.0,0.0,,,652910000,0.399083,10857594950.375000
chess::operator&,0.023998,0.023998,0.0,0.0,0.0,0.0,0.0,0.0,0.0,0.0,0.0,0.0,0.0,0.0,0.0,0.0,0.0,0.0,0.0,,,425290000,0.323944,5740797330.083334
chess::operator+=,0.023998,0.023998,0.0,0.0,0.0,0.0,13.9,0.0,0.0,0.0,0.0,0.0,0.0,0.0,0.0,0.0,0.0,0.0,0.0,,,383360000,0.382812,6115197155.958333
chess::operator~,0.023998,0.023998,0.0,0.0,6.7,6.7,19.1,0.0,0.0,0.0,0.0,0.0,0.0,0.0,0.0,0.0,0.0,0.0,0.0,,,263560000,0.397727,4367997968.541666
[Loop at line 404 in engine::Evaluator::pawnEval],0.022998,0.022998,0.0,0.0,0.0,0.0,40.7,0.0,8.1,0.0,0.0,0.0,,,,0.0,0.0,0.0,0.0,,,215640000,0.569444,5339267082.043478
chess::Bitboard::operator|=,0.022998,0.022998,0.0,0.0,0.0,0.0,0.0,0.0,5.4,0.0,0.0,0.0,0.0,0.0,0.0,0.0,0.0,0.0,0.0,,,356405000,0.260504,4037006818.130435
chess::Position::getPieceBb,0.022998,0.022998,0.0,0.0,0.0,0.0,6.7,0.0,0.0,0.0,0.0,0.0,0.0,0.0,0.0,0.0,0.0,0.0,0.0,,,392345000,0.381679,6511301319.565217
chess::Value::isCheckMate,0.022998,0.022998,0.0,0.0,11.1,11.1,9.8,0.0,14.7,0.0,23.4,0.0,0.0,20.0,0.0,0.0,0.0,0.0,0.0,,,95840000,1.125000,4688136950.086957
chess::Value::operator int,0.022998,0.022998,0.0,0.0,6.2,6.2,31.1,0.0,7.8,0.0,0.0,0.0,0.0,0.0,0.0,0.0,0.0,0.0,0.0,,,239600000,0.537500,5599719134.826087
chess::Value::operator int,0.022998,0.022998,0.0,0.0,22.2,22.2,11.5,0.0,17.3,0.0,,0.0,0.0,0.0,0.0,0.0,0.0,0.0,0.0,,,272545000,0.318681,3776554765.347826
chess::operator&,0.022998,0.022998,0.0,0.0,0.0,0.0,11.7,0.0,2.9,0.0,0.0,0.0,0.0,0.0,0.0,0.0,0.0,0.0,0.0,,,533110000,0.320225,7422883504.304348
chess::operator&,0.022998,0.022998,0.0,0.0,0.0,0.0,12.6,0.0,0.0,0.0,0.0,0.0,0.0,0.0,0.0,0.0,0.0,0.0,0.0,,,284525000,0.557895,6901979398.739130
func@0x1406b1283,0.022998,0.022998,0.0,0.0,28.6,28.6,20.9,0.0,16.7,0.0,0.0,0.0,0.0,0.0,0.0,0.0,0.0,0.0,0.0,SSE(128),,0,,6120623240.391305
std::popcount,0.022998,0.022998,0.0,0.0,28.6,28.6,26.7,0.0,16.7,0.0,,0.0,0.0,0.0,0.0,0.0,0.0,0.0,0.0,,,419300000,0.357143,6511301319.565217
"std::unique_ptr<engine::TT::TTCluster [0],std::default_delete<engine::TT::TTCluster [0]> >::operator[]",0.022998,0.022998,0.0,0.0,40.0,40.0,0.0,11.9,47.7,0.0,,0.0,,,,0.0,0.0,0.0,0.0,,,26955000,3.111111,3646328738.956522
chess::Value::operator int,0.021999,0.021999,0.0,0.0,0.0,0.0,6.2,6.2,0.0,0.0,0.0,0.0,,,,0.0,0.0,0.0,0.0,,,131780000,0.613636,3675925563.136364
chess::operator&,0.021999,0.021999,0.0,0.0,0.0,0.0,41.7,0.0,0.0,0.0,0.0,0.0,0.0,0.0,0.0,0.0,0.0,0.0,0.0,,,239600000,0.300000,3267489389.454545
"std::array<chess::Value,32>::operator[]",0.021999,0.021999,0.0,0.0,0.0,0.0,0.0,0.0,0.0,0.0,0.0,0.0,0.0,0.0,0.0,0.0,0.0,0.0,0.0,,,284525000,0.421053,5445815649.090909
std::atomic<bool>::operator bool,0.021999,0.021999,0.0,0.0,64.7,64.7,96.0,0.0,25.0,4.2,0.0,0.0,0.0,0.0,0.0,0.0,0.0,0.0,0.0,,,173710000,0.689655,5445815649.090909
std::popcount,0.021999,0.021999,0.0,0.0,0.0,0.0,24.7,0.0,0.0,0.0,0.0,0.0,0.0,0.0,0.0,0.0,0.0,0.0,0.0,,,371380000,0.217742,3675925563.136364
chess::Direction::operator int,0.020999,0.020999,0.0,0.0,6.2,6.2,11.4,3.8,0.0,0.0,0.0,,0.0,0.0,0.0,0.0,0.0,0.0,0.0,,,263560000,0.500000,6275654224.190476
chess::Position::getKingSquare,0.020999,0.020999,0.0,0.0,0.0,0.0,26.4,0.0,0.0,0.0,0.0,0.0,0.0,0.0,0.0,0.0,0.0,0.0,0.0,,,311480000,0.365385,5419883193.619048
chess::Position::getPiece,0.020999,0.020999,0.0,0.0,0.0,0.0,0.0,0.0,0.0,0.0,0.0,0.0,0.0,0.0,0.0,0.0,0.0,0.0,0.0,,,266555000,0.404494,5134626183.428571
chess::StaticMoveList<128>::pop_back,0.020999,0.020999,0.0,0.0,7.7,7.7,16.7,22.3,5.6,0.0,0.0,,,,,0.0,0.0,0.0,0.0,,,128785000,0.697674,4278855152.857143
chess::operator&,0.020999,0.020999,0.0,0.0,0.0,0.0,3.6,0.0,3.6,0.0,0.0,0.0,0.0,0.0,0.0,0.0,0.0,0.0,0.0,,,536105000,0.262570,6703539739.476191
chess::operator+=,0.020999,0.020999,0.0,0.0,41.7,41.7,46.7,0.0,46.7,0.0,0.0,0.0,0.0,0.0,0.0,0.0,0.0,0.0,0.0,,,50915000,1.470588,3565712627.380952
chess::operator<,0.020999,0.020999,0.0,0.0,0.0,0.0,18.5,0.0,0.0,0.0,0.0,0.0,0.0,0.0,0.0,0.0,0.0,0.0,0.0,,,203660000,0.264706,2567313091.714285
engine::Search::search::__l2::<lambda_1>::operator(),0.020999,0.020999,0.0,0.0,11.8,11.8,14.2,0.0,0.0,0.0,0.0,0.0,0.0,0.0,0.0,0.0,0.0,0.0,0.0,,,320465000,0.457944,6988796749.666667
std::popcount,0.020999,0.020999,0.0,0.0,0.0,0.0,9.5,0.0,0.0,0.0,0.0,0.0,0.0,0.0,0.0,0.0,0.0,0.0,0.0,,,260565000,0.402299,4991997678.333334
chess::Position::getPieceBb,0.019999,0.019999,0.0,0.0,5.9,5.9,29.7,0.0,0.0,0.0,0.0,0.0,0.0,0.0,0.0,0.0,0.0,0.0,0.0,,,161730000,0.851852,6888956796.099999
chess::operator+,0.019999,0.019999,0.0,0.0,10.0,10.0,0.0,0.0,0.0,0.0,0.0,0.0,0.0,0.0,0.0,0.0,0.0,0.0,0.0,,,170715000,0.298246,2545918815.950000
chess::typeOf,0.019999,0.019999,0.0,0.0,0.0,0.0,11.5,0.0,0.0,0.0,0.0,0.0,0.0,0.0,0.0,0.0,0.0,0.0,0.0,,,209650000,0.414286,4343037980.150000
chess::typeOf,0.019999,0.019999,0.0,0.0,0.0,0.0,0.0,4.4,0.0,0.0,0.0,0.0,0.0,0.0,0.0,0.0,0.0,0.0,0.0,,,272545000,0.417582,5690877353.300000
engine::Search::thread,0.019999,0.019999,0.0,0.0,0.0,0.0,0.0,18.5,9.3,0.0,100.0,100.0,0.0,15.0,1.3,0.0,0.0,0.0,0.0,,,98835000,0.787879,3893758189.100000
func@0x1406b239f,0.019999,0.019999,0.0,0.0,40.0,40.0,23.0,0.0,40.3,0.0,25.0,0.0,0.0,0.0,0.0,0.0,0.0,0.0,0.0,,,20965000,4.714286,4942077701.550000
"std::array<std::array<unsigned __int64,64>,16>::operator[]",0.019999,0.019999,0.0,0.0,0.0,0.0,3.8,0.0,3.8,0.0,0.0,0.0,0.0,0.0,0.0,0.0,0.0,0.0,0.0,,,134775000,0.977778,6589436935.400001
chess::Move::from,0.018999,0.018999,0.0,0.0,45.5,45.5,40.1,0.0,20.0,0.0,0.0,0.0,,,,0.0,0.0,0.0,0.0,,,131780000,0.568182,3941050798.684211
chess::Position::getLastMove,0.018999,0.018999,0.0,0.0,0.0,0.0,0.0,0.0,5.1,0.0,0.0,0.0,0.0,20.0,0.0,0.0,0.0,0.0,0.0,,,272545000,0.373626,5359829086.210526
chess::operator&,0.018999,0.018999,0.0,0.0,0.0,0.0,0.0,0.0,0.0,0.0,0.0,0.0,0.0,0.0,0.0,0.0,0.0,0.0,0.0,,,284525000,0.273684,4098692830.631579
chess::operator+,0.018999,0.018999,0.0,0.0,0.0,0.0,0.0,0.0,0.0,0.0,0.0,0.0,0.0,0.0,0.0,0.0,0.0,0.0,0.0,,,221630000,0.445946,5202187054.263158
chess::operator+=,0.018999,0.018999,0.0,0.0,0.0,0.0,10.4,0.0,0.0,0.0,0.0,0.0,0.0,0.0,0.0,0.0,0.0,0.0,0.0,,,224625000,0.426667,5044545022.315789
chess::operator-,0.018999,0.018999,0.0,0.0,9.1,9.1,13.4,0.0,0.0,0.0,0.0,0.0,0.0,0.0,0.0,0.0,0.0,0.0,0.0,,,104825000,0.742857,4098692830.631579
chess::operator-,0.018999,0.018999,0.0,0.0,0.0,0.0,10.8,0.0,0.0,0.0,0.0,0.0,0.0,0.0,0.0,0.0,0.0,0.0,0.0,,,236605000,0.405063,5044545022.315789
func@0x1406ac320,0.018999,0.018999,0.0,0.0,33.3,33.3,44.5,0.0,27.8,11.1,,0.0,0.0,0.0,0.0,0.0,0.0,0.0,0.0,,,20965000,4.285714,4729260958.421053
[Loop at line 524 in engine::Evaluator::pieceEval],0.017999,0.017999,0.0,0.0,0.0,0.0,0.0,0.0,0.0,0.0,0.0,0.0,0.0,0.0,0.0,0.0,0.0,0.0,0.0,,,158735000,0.339623,2995198607.000000
chess::Bitboard::popLSB,0.017999,0.017999,0.0,0.0,5.6,5.6,42.8,0.0,0.0,0.0,0.0,0.0,0.0,0.0,0.0,0.0,0.0,0.0,0.0,,,116805000,1.000000,6489596981.833333
chess::CastlingRights::operator-=,0.017999,0.017999,0.0,0.0,0.0,0.0,0.0,0.0,0.0,0.0,0.0,0.0,0.0,0.0,0.0,0.0,0.0,0.0,0.0,,,200665000,0.611940,6822396827.055555
chess::Move::stripped,0.017999,0.017999,0.0,0.0,23.1,23.1,13.9,0.0,0.0,0.0,0.0,0.0,0.0,0.0,0.0,0.0,0.0,0.0,0.0,,,215640000,0.333333,3993598142.666667
chess::Move::to,0.017999,0.017999,0.0,0.0,0.0,0.0,6.8,0.0,0.0,0.0,0.0,0.0,,,,0.0,0.0,0.0,0.0,,,272545000,0.538462,8153596207.944445
chess::colorOf,0.017999,0.017999,0.0,0.0,0.0,0.0,0.0,11.5,0.0,0.0,0.0,0.0,0.0,0.0,0.0,0.0,0.0,0.0,0.0,,,215640000,0.430556,5158397600.944445
chess::operator&,0.017999,0.017999,0.0,0.0,0.0,0.0,27.1,0.0,0.0,0.0,0.0,0.0,0.0,0.0,0.0,0.0,0.0,0.0,0.0,,,341430000,0.324561,6156797136.611111
chess::typeOf,0.017999,0.017999,0.0,0.0,0.0,0.0,0.0,0.0,0.0,0.0,0.0,0.0,0.0,0.0,0.0,0.0,0.0,0.0,0.0,,,251580000,0.250000,3494398374.833333
chess::typeOf,0.017999,0.017999,0.0,0.0,0.0,0.0,0.0,0.0,0.0,0.0,0.0,0.0,0.0,0.0,0.0,0.0,0.0,0.0,0.0,,,191680000,1.093750,11647994582.777777
"std::array<chess::Value,25>::operator[]",0.017999,0.017999,0.0,0.0,0.0,0.0,0.0,0.0,0.0,0.0,0.0,0.0,0.0,0.0,0.0,0.0,0.0,0.0,0.0,,,200665000,0.462687,5158397600.944445
std::countr_zero,0.017999,0.017999,0.0,0.0,0.0,0.0,4.0,4.0,0.0,0.0,0.0,0.0,0.0,0.0,0.0,0.0,0.0,0.0,0.0,,,125790000,1.023810,7155196672.277778
chess::Attacks::detail::Magic::index,0.016999,0.016999,0.0,0.0,0.0,0.0,8.2,0.0,2.7,0.0,0.0,0.0,0.0,0.0,0.0,0.0,0.0,0.0,0.0,,,254575000,0.717647,10747477354.529411
chess::Bitboard::operator~,0.016999,0.016999,0.0,0.0,0.0,0.0,0.0,7.3,0.0,0.0,0.0,0.0,0.0,0.0,0.0,0.0,0.0,0.0,0.0,,,101830000,0.676471,4052327527.117647
chess::Position::getPieceBb,0.016999,0.016999,0.0,0.0,0.0,0.0,0.0,0.0,0.0,0.0,0.0,0.0,0.0,0.0,0.0,0.0,0.0,0.0,0.0,,,203660000,0.544118,6518961674.058823
chess::Square::pawnPush,0.016999,0.016999,0.0,0.0,0.0,0.0,0.0,0.0,0.0,0.0,0.0,0.0,0.0,0.0,0.0,0.0,0.0,0.0,0.0,,,179700000,0.333333,3523763067.058824
chess::colorOf,0.016999,0.016999,0.0,0.0,16.7,16.7,22.3,0.0,5.6,0.0,0.0,0.0,0.0,0.0,0.0,0.0,0.0,0.0,0.0,,,161730000,0.574074,5461832753.941176
chess::operator&,0.016999,0.016999,0.0,0.0,0.0,0.0,10.1,0.0,0.0,0.0,0.0,0.0,6.7,0.0,0.0,0.0,0.0,0.0,0.0,,,278535000,0.387097,6342773520.705882
chess::operator&,0.016999,0.016999,0.0,0.0,33.3,33.3,0.0,3.6,7.3,25.4,0.0,0.0,0.0,0.0,0.0,0.0,0.0,0.0,0.0,,,284525000,0.484211,8104655054.235294
"std::_Hash<std::_Umap_traits<unsigned __int64,book::BookEntry,std::_Uhash_compare<unsigned __int64,std::hash<unsigned __int64>,std::equal_to<unsigned __int64> >,std::allocator<std::pair<unsigned __int64 const ,book::BookEntry> >,0> >::_Find_last",0.016999,0.016999,0.0,0.0,60.0,60.0,0.0,0.0,0.0,89.4,0.0,0.0,0.0,0.0,0.0,0.0,0.0,0.0,0.0,,,14975000,5.600000,4933268293.882353
"std::array<std::array<chess::Bitboard,64>,2>::operator[]",0.016999,0.016999,0.0,0.0,0.0,0.0,29.0,0.0,7.3,0.0,0.0,0.0,0.0,0.0,0.0,0.0,0.0,0.0,0.0,,,221630000,0.310811,4052327527.117647
std::max,0.016999,0.016999,0.0,0.0,0.0,0.0,0.0,0.0,0.0,0.0,0.0,0.0,0.0,0.0,0.0,0.0,0.0,0.0,0.0,,,149750000,0.600000,5285644600.588235
chess::Square::rank,0.015999,0.015999,0.0,0.0,0.0,0.0,0.0,0.0,0.0,0.0,0.0,0.0,0.0,0.0,0.0,0.0,0.0,0.0,0.0,,,242595000,0.308642,4679997823.437500
chess::operator&,0.015999,0.015999,0.0,0.0,0.0,0.0,0.0,0.0,0.0,0.0,0.0,0.0,0.0,0.0,0.0,0.0,0.0,0.0,0.0,,,290515000,0.360825,6551996952.812500
chess::operator+=,0.015999,0.015999,0.0,0.0,0.0,0.0,11.1,0.0,0.0,0.0,0.0,0.0,0.0,0.0,0.0,0.0,0.0,0.0,0.0,,,191680000,0.468750,5615997388.125000
chess::operator-,0.015999,0.015999,0.0,0.0,80.0,80.0,72.3,11.1,11.1,5.6,0.0,0.0,0.0,0.0,0.0,0.0,0.0,0.0,0.0,,,44925000,2.066667,5803197301.062500
chess::operator|,0.015999,0.015999,0.0,0.0,0.0,0.0,25.7,0.0,0.0,0.0,0.0,0.0,0.0,0.0,0.0,0.0,0.0,0.0,0.0,,,227620000,0.342105,4867197736.375000
chess::operator~,0.015999,0.015999,0.0,0.0,0.0,0.0,0.0,0.0,0.0,0.0,0.0,0.0,0.0,0.0,0.0,0.0,0.0,0.0,0.0,,,257570000,0.232558,3743998258.750000
chess::operator~,0.015999,0.015999,0.0,0.0,15.4,15.4,45.5,5.1,0.0,0.0,0.0,0.0,0.0,0.0,0.0,0.0,0.0,0.0,0.0,,,311480000,0.317308,6177597126.937500
engine::Search::evaluate,0.015999,0.015999,0.0,0.0,33.3,33.3,0.0,0.0,4.4,0.0,41.7,0.0,0.0,0.0,0.0,0.0,0.0,0.0,0.0,,,413310000,0.282609,7300796604.562500
engine::Search::thread,0.015999,0.015999,0.0,0.0,27.3,27.3,61.8,6.2,0.0,6.2,20.0,0.0,0.0,0.0,0.0,0.0,0.0,0.0,0.0,,,74875000,1.120000,5241597562.250000
"std::array<chess::Value,25>::operator[]",0.015999,0.015999,0.0,0.0,0.0,0.0,11.1,0.0,0.0,0.0,0.0,0.0,0.0,0.0,0.0,0.0,0.0,0.0,0.0,,,197670000,0.454545,5615997388.125000
"std::array<unsigned __int64,64>::operator[]",0.015999,0.015999,0.0,0.0,20.0,20.0,43.3,0.0,6.2,0.0,0.0,0.0,0.0,0.0,0.0,0.0,0.0,0.0,0.0,,,152745000,0.568627,5428797475.187500
std::popcount,0.015999,0.015999,0.0,0.0,0.0,0.0,0.0,0.0,0.0,0.0,0.0,0.0,20.0,0.0,0.0,0.0,0.0,0.0,0.0,,,140765000,0.702128,6177597126.937500
"std::unique_ptr<engine::PawnTT::Entry [0],std::default_delete<engine::PawnTT::Entry [0]> >::operator[]",0.015999,0.015999,0.0,0.0,58.3,58.3,20.9,15.7,26.1,0.0,0.0,0.0,0.0,0.0,0.0,0.0,0.0,0.0,0.0,,,59900000,1.600000,5990397214.000000
"std::unique_ptr<engine::PawnTT::Entry [0],std::default_delete<engine::PawnTT::Entry [0]> >::operator[]",0.015999,0.015999,0.0,0.0,100.0,100.0,0.0,13.9,48.7,0.0,0.0,0.0,,,,0.0,0.0,0.0,0.0,,,0,,4492797910.500000
chess::Move::operator==,0.014999,0.014999,0.0,0.0,5.9,5.9,4.6,0.0,4.6,0.0,0.0,0.0,,,,0.0,0.0,0.0,0.0,,,290515000,0.371134,7188476656.800000
chess::Position::getPieceBb,0.014999,0.014999,0.0,0.0,0.0,0.0,13.4,0.0,0.0,0.0,0.0,0.0,0.0,0.0,0.0,0.0,0.0,0.0,0.0,,,218635000,0.342466,4991997678.333334
chess::Square::{ctor},0.014999,0.014999,0.0,0.0,0.0,0.0,0.0,0.0,0.0,0.0,0.0,0.0,,,,0.0,0.0,0.0,0.0,,,86855000,0.551724,3194878514.133333
chess::StaticMoveList<256>::push_back,0.014999,0.014999,0.0,0.0,0.0,0.0,38.5,0.0,0.0,0.0,0.0,0.0,0.0,0.0,0.0,0.0,0.0,0.0,0.0,,,152745000,0.549020,5591037399.733334
chess::operator&,0.014999,0.014999,0.0,0.0,0.0,0.0,0.0,0.0,0.0,0.0,0.0,0.0,0.0,0.0,0.0,0.0,0.0,0.0,0.0,,,380365000,0.299213,7587836471.066667
chess::operator&,0.014999,0.014999,0.0,0.0,0.0,0.0,0.0,0.0,0.0,0.0,0.0,0.0,0.0,0.0,0.0,0.0,0.0,0.0,0.0,,,68885000,0.956522,4392957956.933333
chess::operator+=,0.014999,0.014999,0.0,0.0,0.0,0.0,0.0,0.0,0.0,0.0,0.0,0.0,0.0,0.0,0.0,0.0,0.0,0.0,0.0,,,251580000,0.226190,3793918235.533333
chess::operator-,0.014999,0.014999,0.0,0.0,20.0,20.0,0.0,7.9,0.0,0.0,0.0,0.0,0.0,0.0,0.0,0.0,0.0,0.0,0.0,,,146755000,0.448980,4392957956.933333
chess::operator-,0.014999,0.014999,0.0,0.0,100.0,100.0,70.8,0.0,15.2,0.0,0.0,0.0,,,,0.0,0.0,0.0,0.0,,,53910000,1.833333,6589436935.400001
chess::valueOf,0.014999,0.014999,0.0,0.0,11.1,11.1,0.0,0.0,0.0,0.0,0.0,0.0,0.0,0.0,0.0,0.0,0.0,0.0,0.0,,,254575000,0.152941,2595838792.733334
std::atomic<unsigned __int64>::{ctor},0.014999,0.014999,0.0,0.0,60.0,60.0,19.3,0.0,64.2,32.1,0.0,0.0,,,,0.0,0.0,0.0,0.0,,,14975000,5.200000,5191677585.466667
[Loop at line 476 in engine::Evaluator::pawnEval],0.013999,0.013999,0.0,0.0,0.0,0.0,9.8,0.0,0.0,0.0,0.0,0.0,0.0,,0.0,0.0,0.0,0.0,0.0,,,164725000,0.618182,7274053759.857142
chess::Bitboard::operator bool,0.013999,0.013999,0.0,0.0,0.0,0.0,18.5,0.0,0.0,0.0,0.0,0.0,0.0,0.0,0.0,0.0,0.0,0.0,0.0,,,122795000,0.439024,3850969637.571429
chess::Bitboard::operator bool,0.013999,0.013999,0.0,0.0,0.0,0.0,0.0,0.0,0.0,0.0,0.0,0.0,0.0,0.0,0.0,0.0,0.0,0.0,0.0,,,341430000,0.324561,7915882032.785714
chess::Bitboard::operator|=,0.013999,0.013999,0.0,0.0,0.0,0.0,15.2,0.0,0.0,0.0,0.0,0.0,0.0,0.0,0.0,0.0,0.0,0.0,0.0,,,185690000,0.370968,4920683425.785714
chess::Bitboard::operator|=,0.013999,0.013999,0.0,0.0,0.0,0.0,0.0,0.0,0.0,0.0,0.0,0.0,0.0,0.0,0.0,0.0,0.0,0.0,0.0,,,131780000,0.386364,3637026879.928571
chess::Direction::pawnPush,0.013999,0.013999,0.0,0.0,0.0,0.0,14.7,0.0,9.8,0.0,0.0,0.0,0.0,0.0,0.0,0.0,0.0,0.0,0.0,,,242595000,0.419753,7274053759.857142
chess::Position::checkInsufficientMaterial,0.013999,0.013999,0.0,0.0,0.0,0.0,83.5,0.0,0.0,0.0,,0.0,0.0,0.0,0.0,0.0,0.0,0.0,0.0,,,380365000,0.157480,4278855152.857143
chess::operator&,0.013999,0.013999,0.0,0.0,0.0,0.0,0.0,0.0,0.0,0.0,0.0,0.0,0.0,0.0,0.0,0.0,0.0,0.0,0.0,,,212645000,0.169014,2567313091.714285
chess::operator&,0.013999,0.013999,0.0,0.0,0.0,0.0,0.0,0.0,0.0,0.0,0.0,0.0,0.0,0.0,0.0,0.0,0.0,0.0,0.0,,,104825000,0.457143,3423084122.285714
func@0x140cbc720,0.013999,0.013999,0.0,0.0,84.6,84.6,21.8,100.0,0.0,0.0,0.0,0.0,0.0,0.0,0.0,0.0,0.0,0.0,0.0,SSE(128),,0,,4920683425.785714
std::clamp,0.013999,0.013999,0.0,0.0,0.0,0.0,16.7,0.0,0.0,0.0,0.0,0.0,0.0,0.0,0.0,0.0,0.0,0.0,0.0,,,227620000,0.263158,4278855152.857143
std::min,0.013999,0.013999,0.0,0.0,0.0,0.0,0.0,0.0,0.0,0.0,0.0,0.0,0.0,0.0,0.0,0.0,0.0,0.0,0.0,,,113810000,0.342105,2781255849.357143
std::popcount,0.013999,0.013999,0.0,0.0,0.0,0.0,37.1,0.0,0.0,0.0,0.0,0.0,0.0,0.0,0.0,0.0,0.0,0.0,0.0,,,239600000,0.337500,5776454456.357143
chess::Bitboard::operator bool,0.012999,0.012999,0.0,0.0,0.0,0.0,0.0,0.0,0.0,0.0,0.0,0.0,0.0,0.0,0.0,0.0,0.0,0.0,0.0,,,113810000,0.394737,3455998392.692307
chess::Bitboard::operator bool,0.012999,0.012999,0.0,0.0,0.0,0.0,21.4,4.3,0.0,0.0,0.0,0.0,0.0,0.0,0.0,0.0,0.0,0.0,0.0,,,170715000,0.684211,8985595821.000000
chess::Bitboard::popLSB,0.012999,0.012999,0.0,0.0,0.0,0.0,8.1,0.0,12.2,0.0,,0.0,0.0,0.0,0.0,0.0,0.0,0.0,0.0,,,305490000,0.401961,9446395606.692307
chess::StaticMoveList<128>::pop_back,0.012999,0.012999,0.0,0.0,45.5,45.5,55.6,0.0,9.3,0.0,,0.0,,,,0.0,0.0,0.0,0.0,,,92845000,0.580645,4147198071.230769
chess::operator&,0.012999,0.012999,0.0,0.0,0.0,0.0,16.7,0.0,0.0,0.0,0.0,0.0,20.0,0.0,0.0,0.0,0.0,0.0,0.0,,,104825000,0.600000,4838397749.769231
chess::operator*,0.012999,0.012999,0.0,0.0,0.0,0.0,51.8,0.0,5.8,0.0,0.0,0.0,0.0,0.0,0.0,0.0,0.0,0.0,0.0,,,652910000,0.133028,6681596892.538462
chess::operator+,0.012999,0.012999,0.0,0.0,0.0,0.0,19.6,0.0,0.0,0.0,0.0,0.0,0.0,0.0,0.0,0.0,0.0,0.0,0.0,,,233610000,0.217949,3916798178.384615
chess::operator~,0.012999,0.012999,0.0,0.0,40.0,40.0,26.7,0.0,0.0,6.7,0.0,0.0,0.0,0.0,0.0,0.0,0.0,0.0,0.0,,,95840000,0.781250,5759997321.153847
engine::Search::valueFromTt,0.012999,0.012999,0.0,0.0,33.3,33.3,21.8,0.0,7.3,7.3,0.0,0.0,0.0,0.0,20.0,0.0,0.0,0.0,0.0,,,29950000,2.400000,5529597428.307693
std::countr_zero,0.012999,0.012999,0.0,0.0,8.3,8.3,12.8,0.0,0.0,0.0,0.0,0.0,0.0,0.0,0.0,0.0,0.0,0.0,0.0,,,137770000,0.565217,5990397214.000000
[Loop@0x140255db0 in func@0x140255da0],0.011999,0.011999,0.0,0.0,0.0,0.0,0.0,0.0,7.6,0.0,0.0,0.0,0.0,0.0,0.0,0.0,0.0,0.0,0.0,,,2995000,23.000000,5740797330.083334
chess::Bitboard::operator bool,0.011999,0.011999,0.0,0.0,0.0,0.0,33.4,0.0,0.0,0.0,0.0,0.0,0.0,0.0,0.0,0.0,0.0,0.0,0.0,,,122795000,0.243902,2495998839.166667
chess::Bitboard::operator^=,0.011999,0.011999,0.0,0.0,0.0,0.0,0.0,0.0,0.0,0.0,0.0,0.0,,,,0.0,0.0,0.0,0.0,,,299500000,0.250000,6239997097.916667
chess::Move::operator==,0.011999,0.011999,0.0,0.0,0.0,0.0,18.5,0.0,0.0,0.0,0.0,0.0,0.0,0.0,0.0,0.0,0.0,0.0,0.0,,,185690000,0.290323,4492797910.500000
chess::Position::getKingSquare,0.011999,0.011999,0.0,0.0,14.3,14.3,16.7,0.0,0.0,0.0,0.0,0.0,0.0,0.0,0.0,0.0,0.0,0.0,0.0,,,410315000,0.145985,4991997678.333334
chess::Position::getPieceBb,0.011999,0.011999,0.0,0.0,0.0,0.0,16.7,0.0,0.0,0.0,0.0,0.0,0.0,0.0,0.0,0.0,0.0,0.0,0.0,,,134775000,0.444444,4991997678.333334
chess::StaticMoveList<128>::push_back,0.011999,0.011999,0.0,0.0,72.7,72.7,25.0,0.0,41.7,0.0,0.0,0.0,0.0,0.0,0.0,0.0,0.0,0.0,0.0,,,0,,5241597562.250000
chess::Value::operator int,0.011999,0.011999,0.0,0.0,0.0,0.0,5.2,0.0,5.2,0.0,0.0,0.0,0.0,0.0,0.0,0.0,0.0,0.0,0.0,,,188685000,0.523810,8236796169.250000
chess::Value::{ctor},0.011999,0.011999,0.0,0.0,0.0,0.0,0.0,0.0,0.0,0.0,0.0,0.0,0.0,0.0,0.0,0.0,0.0,0.0,0.0,,,239600000,0.287500,5740797330.083334
chess::operator&,0.011999,0.011999,0.0,0.0,0.0,0.0,0.0,0.0,0.0,0.0,0.0,0.0,0.0,0.0,0.0,0.0,0.0,0.0,0.0,,,173710000,0.344828,4991997678.333334
chess::operator&,0.011999,0.011999,0.0,0.0,0.0,0.0,0.0,0.0,0.0,0.0,0.0,0.0,0.0,0.0,0.0,0.0,0.0,0.0,0.0,,,155740000,0.365385,4742397794.416666
chess::operator|,0.011999,0.011999,0.0,0.0,9.1,9.1,9.8,0.0,9.8,0.0,0.0,0.0,0.0,0.0,0.0,0.0,0.0,0.0,0.0,,,107820000,0.472222,4243198026.583333
chess::operator~,0.011999,0.011999,0.0,0.0,0.0,0.0,47.7,0.0,0.0,0.0,0.0,0.0,0.0,0.0,0.0,0.0,0.0,0.0,0.0,,,233610000,0.269231,5241597562.250000
chess::typeOf,0.011999,0.011999,0.0,0.0,0.0,0.0,14.5,0.0,0.0,0.0,0.0,0.0,0.0,0.0,0.0,0.0,0.0,0.0,0.0,,,233610000,0.294872,5740797330.083334
func@0x14033c480,0.011999,0.011999,0.0,0.0,100.0,100.0,0.0,0.0,33.4,33.4,0.0,0.0,,,,0.0,0.0,0.0,0.0,,,8985000,5.000000,3743998258.750000
chess::Bitboard::operator bool,0.010999,0.010999,0.0,0.0,0.0,0.0,19.6,0.0,0.0,0.0,0.0,0.0,0.0,0.0,0.0,0.0,0.0,0.0,0.0,,,125790000,0.404762,4628943301.727273
chess::Bitboard::operator bool,0.010999,0.010999,0.0,0.0,0.0,0.0,0.0,0.0,0.0,0.0,0.0,0.0,0.0,0.0,0.0,0.0,0.0,0.0,0.0,,,77870000,0.923077,6534978778.909090
chess::Bitboard::popLSB,0.010999,0.010999,0.0,0.0,0.0,0.0,0.0,0.0,0.0,0.0,0.0,0.0,0.0,0.0,0.0,0.0,0.0,0.0,0.0,,,83860000,0.857143,6534978778.909090
chess::Move::stripped,0.010999,0.010999,0.0,0.0,0.0,0.0,0.0,0.0,0.0,0.0,0.0,0.0,0.0,0.0,0.0,0.0,0.0,0.0,0.0,,,89850000,0.466667,3812070954.363636
chess::Position::getPieceBb,0.010999,0.010999,0.0,0.0,0.0,0.0,0.0,0.0,0.0,0.0,0.0,0.0,0.0,0.0,0.0,0.0,0.0,0.0,0.0,,,92845000,0.612903,5173524866.636364
chess::Position::getPieceBb,0.010999,0.010999,0.0,0.0,0.0,0.0,0.0,0.0,0.0,0.0,,0.0,0.0,0.0,0.0,0.0,0.0,0.0,0.0,,,233610000,0.217949,4628943301.727273
chess::Rank::promotionFor,0.010999,0.010999,0.0,0.0,0.0,0.0,0.0,0.0,0.0,0.0,0.0,0.0,0.0,0.0,0.0,0.0,0.0,0.0,0.0,,,104825000,0.514286,4901234084.181818
chess::Square::rank,0.010999,0.010999,0.0,0.0,0.0,0.0,0.0,0.0,0.0,0.0,0.0,0.0,0.0,0.0,0.0,0.0,0.0,0.0,0.0,,,74875000,0.280000,1906035477.181818
chess::StaticMoveList<256>::push_back,0.010999,0.010999,0.0,0.0,0.0,0.0,0.0,0.0,0.0,0.0,0.0,0.0,,0.0,0.0,0.0,0.0,0.0,0.0,,,140765000,0.489362,6262687996.454545
chess::operator&,0.010999,0.010999,0.0,0.0,25.0,25.0,0.0,0.0,83.5,0.0,0.0,0.0,0.0,0.0,0.0,0.0,0.0,0.0,0.0,,,80865000,0.333333,2450617042.090909
chess::operator+=,0.010999,0.010999,0.0,0.0,0.0,0.0,0.0,0.0,0.0,0.0,0.0,0.0,0.0,0.0,0.0,0.0,0.0,0.0,0.0,,,215640000,0.388889,7624141908.727273
chess::operator|,0.010999,0.010999,0.0,0.0,0.0,0.0,12.4,0.0,0.0,0.0,0.0,0.0,0.0,0.0,0.0,0.0,0.0,0.0,0.0,,,203660000,0.397059,7351851126.272727
chess::typeOf,0.010999,0.010999,0.0,0.0,0.0,0.0,0.0,0.0,0.0,0.0,0.0,0.0,0.0,0.0,0.0,0.0,0.0,0.0,0.0,,,59900000,0.550000,2995198607.000000
engine::PVTable::clear,0.010999,0.010999,0.0,0.0,83.3,83.3,89.0,0.0,11.1,11.1,,0.0,0.0,0.0,0.0,0.0,0.0,0.0,0.0,,,53910000,0.833333,4084361736.818182
func@0x140317160,0.010999,0.010999,0.0,0.0,16.7,16.7,0.0,0.0,83.5,13.9,0.0,0.0,0.0,0.0,0.0,0.0,0.0,0.0,0.0,,,0,,3267489389.454545
func@0x1406b1730,0.010999,0.010999,0.0,0.0,0.0,0.0,0.0,0.0,0.0,0.0,0.0,0.0,0.0,0.0,0.0,0.0,0.0,0.0,0.0,,,17970000,2.000000,3267489389.454545
"std::array<chess::HistoryState,1024>::operator[]",0.010999,0.010999,0.0,0.0,50.0,50.0,0.0,0.0,11.5,0.0,0.0,0.0,0.0,0.0,0.0,0.0,0.0,0.0,0.0,,,119800000,0.750000,8168723473.636363
"std::array<chess::Move,128>::operator[]",0.010999,0.010999,0.0,0.0,100.0,100.0,23.8,11.9,35.8,0.0,0.0,0.0,0.0,0.0,0.0,0.0,0.0,0.0,0.0,,,14975000,2.800000,3812070954.363636
std::countr_zero,0.010999,0.010999,0.0,0.0,9.1,9.1,30.4,0.0,0.0,0.0,0.0,0.0,0.0,0.0,0.0,0.0,0.0,0.0,0.0,,,128785000,0.279070,3267489389.454545
std::popcount,0.010999,0.010999,0.0,0.0,0.0,0.0,0.0,0.0,0.0,0.0,0.0,0.0,0.0,0.0,0.0,0.0,0.0,0.0,0.0,,,221630000,0.459459,9257886603.454546
std::popcount,0.010999,0.010999,0.0,0.0,0.0,0.0,0.0,0.0,0.0,0.0,0.0,0.0,0.0,0.0,0.0,0.0,0.0,0.0,0.0,,,53910000,1.611111,7896432691.181818
[Loop at line 1076 in chess::MoveGenerator::generateKingMoves],0.009999,0.009999,0.0,0.0,0.0,0.0,20.9,0.0,0.0,0.0,0.0,0.0,0.0,0.0,0.0,0.0,0.0,0.0,0.0,,,68885000,0.695652,4792317771.200000
[Loop at line 554 in engine::Evaluator::pieceEval],0.009999,0.009999,0.0,0.0,0.0,0.0,47.7,0.0,0.0,0.0,0.0,0.0,0.0,0.0,0.0,0.0,0.0,0.0,0.0,,,74875000,0.560000,4193278049.800000
chess::Bitboard::operator^=,0.009999,0.009999,0.0,0.0,0.0,0.0,14.7,4.9,0.0,0.0,0.0,0.0,20.0,0.0,0.0,0.0,0.0,0.0,0.0,,,197670000,0.530303,10483195124.500000
chess::Bitboard::operator~,0.009999,0.009999,0.0,0.0,14.3,14.3,0.0,7.0,13.9,0.0,0.0,0.0,0.0,0.0,0.0,0.0,0.0,0.0,0.0,,,176705000,0.406780,7188476656.800000
chess::Move::setValue,0.009999,0.009999,0.0,0.0,0.0,0.0,0.0,0.0,0.0,0.0,0.0,0.0,0.0,0.0,0.0,0.0,0.0,0.0,0.0,,,53910000,0.388889,2096639024.900000
chess::Move::type,0.009999,0.009999,0.0,0.0,33.3,33.3,0.0,0.0,0.0,0.0,0.0,0.0,0.0,0.0,0.0,0.0,0.0,0.0,0.0,,,182695000,0.245902,4492797910.500000
chess::Position::getGamePhaseFactor,0.009999,0.009999,0.0,0.0,0.0,0.0,16.7,0.0,0.0,0.0,0.0,0.0,0.0,0.0,0.0,0.0,0.0,0.0,0.0,,,434275000,0.137931,5990397214.000000
chess::Position::getNextPlayer,0.009999,0.009999,0.0,0.0,0.0,0.0,51.4,0.0,0.0,0.0,0.0,0.0,0.0,0.0,0.0,0.0,0.0,0.0,0.0,,,56905000,0.684211,3893758189.100000
chess::Square::file,0.009999,0.009999,0.0,0.0,0.0,0.0,0.0,0.0,0.0,0.0,0.0,0.0,0.0,0.0,0.0,0.0,0.0,0.0,0.0,,,140765000,0.468085,6589436935.400001
chess::StaticMoveList<128>::push_back,0.009999,0.009999,0.0,0.0,100.0,100.0,0.0,0.0,68.3,0.0,,0.0,0.0,0.0,0.0,0.0,0.0,0.0,0.0,,,5990000,11.000000,6589436935.400001
chess::StaticMoveList<256>::empty,0.009999,0.009999,0.0,0.0,0.0,0.0,0.0,8.3,0.0,0.0,,0.0,0.0,0.0,0.0,0.0,0.0,0.0,0.0,,,161730000,0.370370,5990397214.000000
chess::StaticMoveList<256>::empty,0.009999,0.009999,0.0,0.0,0.0,0.0,10.1,0.0,0.0,0.0,,0.0,0.0,0.0,0.0,0.0,0.0,0.0,0.0,,,167720000,0.589286,9884155403.100000
chess::StaticMoveList<256>::empty,0.009999,0.009999,0.0,0.0,0.0,0.0,60.7,0.0,0.0,0.0,0.0,0.0,0.0,0.0,0.0,0.0,0.0,0.0,0.0,,,167720000,0.214286,3594238328.400000
chess::colorOf,0.009999,0.009999,0.0,0.0,33.3,33.3,0.0,13.9,27.8,0.0,0.0,0.0,,,,0.0,0.0,0.0,0.0,,,23960000,1.500000,3594238328.400000
chess::operator&,0.009999,0.009999,0.0,0.0,0.0,0.0,0.0,0.0,0.0,0.0,0.0,0.0,0.0,0.0,0.0,0.0,0.0,0.0,0.0,,,95840000,0.343750,3294718467.700000
chess::operator-,0.009999,0.009999,0.0,0.0,0.0,0.0,0.0,8.3,0.0,0.0,0.0,0.0,0.0,0.0,0.0,0.0,0.0,0.0,0.0,,,128785000,0.465116,5990397214.000000
chess::operator|,0.009999,0.009999,0.0,0.0,20.0,20.0,0.0,0.0,0.0,0.0,0.0,0.0,0.0,0.0,0.0,0.0,0.0,0.0,0.0,,,98835000,0.545455,5391357492.600000
chess::operator~,0.009999,0.009999,0.0,0.0,20.0,20.0,0.0,0.0,18.5,0.0,0.0,0.0,,,,0.0,0.0,0.0,0.0,,,26955000,1.000000,2695678746.300000
chess::typeOf,0.009999,0.009999,0.0,0.0,14.3,14.3,0.0,0.0,0.0,0.0,0.0,0.0,0.0,0.0,0.0,0.0,0.0,0.0,0.0,,,101830000,0.441176,4492797910.500000
std::max,0.009999,0.009999,0.0,0.0,0.0,0.0,0.0,0.0,0.0,0.0,0.0,0.0,0.0,0.0,0.0,0.0,0.0,0.0,0.0,,,224625000,0.413333,9285115681.700001
[Loop at line 1093 in chess::MoveGenerator::generateKingMoves],0.008999,0.008999,0.0,0.0,0.0,0.0,10.8,0.0,0.0,0.0,0.0,0.0,,,,0.0,0.0,0.0,0.0,,,152745000,0.607843,10316795201.888889
[Loop@0x140294b30 in func@0x140294a20],0.008999,0.008999,0.0,0.0,0.0,0.0,0.0,0.0,0.0,0.0,0.0,0.0,0.0,0.0,0.0,0.0,0.0,0.0,0.0,SSE(128),,95840000,0.562500,5990397214.000000
[Loop@0x1402e4d21 in func@0x1402e4c76],0.008999,0.008999,0.0,0.0,100.0,100.0,11.9,23.8,0.0,35.8,0.0,0.0,0.0,0.0,0.0,0.0,0.0,0.0,0.0,,,11980000,3.500000,4659197833.111112
[Loop@0x180005040 in _std_type_info_compare],0.008999,0.008999,0.0,0.0,0.0,0.0,0.0,0.0,0.0,0.0,0.0,0.0,0.0,0.0,0.0,0.0,0.0,0.0,0.0,,,95840000,0.406250,4326397987.888888
chess::Bitboard::operator|=,0.008999,0.008999,0.0,0.0,20.0,20.0,17.6,0.0,0.0,0.0,0.0,0.0,0.0,0.0,0.0,0.0,0.0,0.0,0.0,,,116805000,0.487179,6323197059.222222
chess::Bitboard::popLSB,0.008999,0.008999,0.0,0.0,0.0,0.0,12.8,0.0,0.0,0.0,0.0,0.0,0.0,0.0,0.0,0.0,0.0,0.0,0.0,,,179700000,0.433333,8652795975.777777
chess::Bitboard::{ctor},0.008999,0.008999,0.0,0.0,0.0,0.0,0.0,0.0,0.0,0.0,0.0,0.0,0.0,0.0,0.0,0.0,0.0,0.0,0.0,,,134775000,0.333333,4991997678.333334
chess::Direction::{ctor},0.008999,0.008999,0.0,0.0,0.0,0.0,22.3,0.0,0.0,0.0,0.0,0.0,0.0,0.0,0.0,0.0,0.0,0.0,0.0,,,74875000,0.600000,4991997678.333334
chess::Move::operator==,0.008999,0.008999,0.0,0.0,0.0,0.0,0.0,0.0,0.0,0.0,0.0,0.0,0.0,0.0,0.0,0.0,0.0,0.0,0.0,,,95840000,0.343750,3660798297.444445
chess::Move::operator==,0.008999,0.008999,0.0,0.0,0.0,0.0,19.6,0.0,0.0,0.0,0.0,0.0,0.0,0.0,0.0,0.0,0.0,0.0,0.0,,,104825000,0.514286,5990397214.000000
chess::Move::operator==,0.008999,0.008999,0.0,0.0,0.0,0.0,0.0,0.0,0.0,0.0,0.0,0.0,0.0,0.0,0.0,0.0,0.0,0.0,0.0,,,125790000,0.523810,7321596594.888889
chess::Move::setValue,0.008999,0.008999,0.0,0.0,0.0,0.0,0.0,8.3,0.0,0.0,0.0,0.0,,,,0.0,0.0,0.0,0.0,,,146755000,0.408163,6655996904.444445
chess::Move::type,0.008999,0.008999,0.0,0.0,0.0,0.0,0.0,0.0,0.0,0.0,0.0,0.0,0.0,0.0,0.0,0.0,0.0,0.0,0.0,,,182695000,0.344262,6988796749.666667
chess::MoveGenerator::generateCastling,0.008999,0.008999,0.0,0.0,0.0,0.0,0.0,0.0,0.0,0.0,0.0,0.0,0.0,0.0,0.0,0.0,0.0,0.0,0.0,,,26955000,0.555556,1663999226.111111
chess::Position::getNextPlayer,0.008999,0.008999,0.0,0.0,0.0,0.0,0.0,0.0,0.0,0.0,0.0,0.0,0.0,0.0,0.0,0.0,0.0,0.0,0.0,,,71880000,0.500000,3993598142.666667
chess::moveValueGreaterComparator::operator(),0.008999,0.008999,0.0,0.0,0.0,0.0,0.0,0.0,0.0,0.0,0.0,0.0,0.0,0.0,0.0,0.0,0.0,0.0,0.0,,,77870000,0.961538,8319996130.555555
chess::operator&,0.008999,0.008999,0.0,0.0,0.0,0.0,0.0,0.0,0.0,0.0,0.0,0.0,0.0,0.0,0.0,0.0,0.0,0.0,0.0,,,101830000,0.441176,4991997678.333334
chess::operator+=,0.008999,0.008999,0.0,0.0,0.0,0.0,0.0,0.0,0.0,0.0,0.0,0.0,0.0,0.0,0.0,0.0,0.0,0.0,0.0,,,245590000,0.268293,7321596594.888889
chess::operator+=,0.008999,0.008999,0.0,0.0,0.0,0.0,17.6,0.0,0.0,0.0,0.0,0.0,0.0,0.0,0.0,0.0,0.0,0.0,0.0,,,263560000,0.215909,6323197059.222222
chess::operator-,0.008999,0.008999,0.0,0.0,0.0,0.0,0.0,11.1,11.1,0.0,0.0,0.0,,,,0.0,0.0,0.0,0.0,,,101830000,0.441176,4991997678.333334
chess::operator-,0.008999,0.008999,0.0,0.0,100.0,100.0,37.1,0.0,27.8,0.0,0.0,0.0,0.0,,0.0,0.0,0.0,0.0,0.0,,,53910000,1.000000,5990397214.000000
engine::Evaluator::valueFromScore,0.008999,0.008999,0.0,0.0,12.5,12.5,0.0,0.0,0.0,0.0,0.0,0.0,0.0,0.0,0.0,0.0,0.0,0.0,0.0,,,230615000,0.181818,4659197833.111112
engine::PVTable::clear,0.008999,0.008999,0.0,0.0,100.0,100.0,39.7,15.9,7.9,0.0,0.0,0.0,0.0,0.0,0.0,0.0,0.0,0.0,0.0,,,41930000,1.571429,7321596594.888889
func@0x140414020,0.008999,0.008999,0.0,0.0,0.0,0.0,0.0,0.0,0.0,0.0,0.0,0.0,0.0,0.0,0.0,0.0,0.0,0.0,0.0,,,0,,4991997678.333334
"std::array<chess::Bitboard,64>::operator[]",0.008999,0.008999,0.0,0.0,20.0,20.0,0.0,0.0,17.6,0.0,0.0,0.0,0.0,0.0,0.0,0.0,0.0,0.0,0.0,,,119800000,0.475000,6323197059.222222
std::countr_zero,0.008999,0.008999,0.0,0.0,14.3,14.3,0.0,0.0,0.0,0.0,0.0,0.0,0.0,0.0,0.0,0.0,0.0,0.0,0.0,,,158735000,0.433962,7654396440.111111
[Loop at line 8518 in std::ranges::_Partition_by_median_guess_common],0.007999,0.007999,0.0,0.0,0.0,0.0,0.0,0.0,0.0,0.0,0.0,0.0,0.0,0.0,0.0,0.0,0.0,0.0,0.0,,,50915000,1.823529,11606394602.125000
[Loop@0x14000115b in func@0x1400010e0],0.007999,0.007999,0.0,0.0,42.9,42.9,100.0,0.0,13.9,0.0,0.0,0.0,0.0,0.0,0.0,0.0,0.0,0.0,0.0,,,0,,4867197736.375000
[Loop@0x1402e6d32 in func@0x1402e6c70],0.007999,0.007999,0.0,0.0,66.7,66.7,18.5,0.0,92.7,37.1,0.0,0.0,0.0,0.0,0.0,0.0,0.0,0.0,0.0,,,2995000,9.000000,3369598432.875000
chess::Bitboard::operator|=,0.007999,0.007999,0.0,0.0,0.0,0.0,0.0,0.0,0.0,0.0,0.0,0.0,0.0,0.0,0.0,0.0,0.0,0.0,0.0,,,62895000,0.523810,4118398084.625000
chess::Bitboard::operator|=,0.007999,0.007999,0.0,0.0,16.7,16.7,0.0,0.0,0.0,0.0,0.0,0.0,0.0,0.0,0.0,0.0,0.0,0.0,0.0,,,80865000,0.148148,1497599303.500000
chess::Bitboard::operator|=,0.007999,0.007999,0.0,0.0,50.0,50.0,0.0,0.0,0.0,15.2,0.0,0.0,0.0,0.0,0.0,0.0,0.0,0.0,0.0,,,137770000,0.239130,4118398084.625000
chess::Bitboard::operator~,0.007999,0.007999,0.0,0.0,0.0,0.0,0.0,0.0,7.9,0.0,0.0,0.0,0.0,0.0,0.0,0.0,0.0,0.0,0.0,,,149750000,0.420000,7862396343.375000
chess::Direction::pawnPush,0.007999,0.007999,0.0,0.0,0.0,0.0,0.0,0.0,0.0,0.0,0.0,0.0,0.0,0.0,0.0,0.0,0.0,0.0,0.0,,,119800000,0.350000,5241597562.250000
chess::Move::encode,0.007999,0.007999,0.0,0.0,0.0,0.0,0.0,7.0,0.0,0.0,0.0,0.0,0.0,0.0,0.0,0.0,0.0,0.0,0.0,,,173710000,0.413793,8985595821.000000
chess::Position::getPieceBb,0.007999,0.007999,0.0,0.0,0.0,0.0,26.7,0.0,0.0,0.0,0.0,0.0,0.0,0.0,0.0,0.0,0.0,0.0,0.0,,,98835000,0.757576,9359995646.875000
chess::Square::rank,0.007999,0.007999,0.0,0.0,0.0,0.0,55.6,0.0,0.0,0.0,0.0,0.0,0.0,0.0,0.0,0.0,0.0,0.0,0.0,,,32945000,0.545455,2246398955.250000
chess::StaticMoveList<256>::end,0.007999,0.007999,0.0,0.0,0.0,0.0,0.0,0.0,0.0,0.0,0.0,0.0,0.0,0.0,0.0,0.0,0.0,0.0,0.0,,,95840000,0.375000,4492797910.500000
chess::operator&,0.007999,0.007999,0.0,0.0,0.0,0.0,0.0,8.3,0.0,0.0,0.0,0.0,0.0,0.0,0.0,0.0,0.0,0.0,0.0,,,170715000,0.350877,7487996517.500000
chess::operator+,0.007999,0.007999,0.0,0.0,0.0,0.0,0.0,0.0,0.0,0.0,0.0,0.0,0.0,0.0,0.0,0.0,0.0,0.0,0.0,,,143760000,0.458333,8236796169.250000
chess::operator+,0.007999,0.007999,0.0,0.0,25.0,25.0,0.0,0.0,0.0,0.0,,0.0,0.0,0.0,0.0,0.0,0.0,0.0,0.0,,,116805000,0.256410,3743998258.750000
chess::operator+=,0.007999,0.007999,0.0,0.0,0.0,0.0,25.7,0.0,0.0,0.0,0.0,0.0,0.0,0.0,0.0,0.0,0.0,0.0,0.0,,,80865000,0.481481,4867197736.375000
chess::operator+=,0.007999,0.007999,0.0,0.0,0.0,0.0,0.0,0.0,0.0,0.0,0.0,0.0,0.0,0.0,0.0,0.0,0.0,0.0,0.0,,,107820000,0.444444,5990397214.000000
chess::operator|,0.007999,0.007999,0.0,0.0,0.0,0.0,0.0,0.0,0.0,0.0,,0.0,0.0,0.0,0.0,0.0,0.0,0.0,0.0,,,83860000,0.535714,5615997388.125000
chess::operator|,0.007999,0.007999,0.0,0.0,0.0,0.0,0.0,0.0,0.0,0.0,0.0,0.0,0.0,0.0,0.0,0.0,0.0,0.0,0.0,,,50915000,0.588235,3743998258.750000
chess::operator|,0.007999,0.007999,0.0,0.0,0.0,0.0,0.0,0.0,0.0,0.0,0.0,0.0,0.0,0.0,0.0,0.0,0.0,0.0,0.0,,,131780000,0.250000,4118398084.625000
chess::operator~,0.007999,0.007999,0.0,0.0,0.0,0.0,0.0,0.0,0.0,0.0,0.0,0.0,0.0,0.0,0.0,0.0,0.0,0.0,0.0,,,29950000,1.200000,4492797910.500000
engine::Search::thread,0.007999,0.007999,0.0,0.0,0.0,0.0,19.6,0.0,9.8,0.0,,0.0,0.0,0.0,0.0,0.0,0.0,0.0,0.0,,,131780000,0.386364,6364797039.875000
engine::TT::Entry::Entry,0.007999,0.007999,0.0,0.0,55.6,55.6,20.9,0.0,0.0,0.0,0.0,0.0,0.0,0.0,0.0,0.0,0.0,0.0,0.0,,,101830000,0.470588,5990397214.000000
func@0x140202060,0.007999,0.007999,0.0,0.0,33.3,33.3,0.0,0.0,74.2,0.0,0.0,0.0,0.0,0.0,0.0,0.0,0.0,0.0,0.0,SSE(128),,68885000,0.391304,3369598432.875000
func@0x140202565,0.007999,0.007999,0.0,0.0,100.0,100.0,0.0,0.0,0.0,0.0,0.0,0.0,0.0,0.0,0.0,0.0,0.0,0.0,0.0,,,8985000,0.666667,748799651.750000
func@0x140319000,0.007999,0.007999,0.0,0.0,100.0,100.0,0.0,16.7,0.0,50.1,0.0,0.0,0.0,0.0,0.0,0.0,0.0,0.0,0.0,SSE(128),,26955000,1.111111,3743998258.750000
"std::array<chess::HistoryState,1024>::operator[]",0.007999,0.007999,0.0,0.0,0.0,0.0,0.0,0.0,0.0,0.0,0.0,0.0,0.0,0.0,0.0,0.0,0.0,0.0,0.0,,,77870000,0.807692,7862396343.375000
"std::array<std::array<int,64>,64>::operator[]",0.007999,0.007999,0.0,0.0,0.0,0.0,0.0,33.4,0.0,0.0,0.0,0.0,0.0,0.0,0.0,0.0,0.0,0.0,0.0,,,86855000,0.344828,3743998258.750000
std::countr_zero,0.007999,0.007999,0.0,0.0,0.0,0.0,0.0,20.9,0.0,0.0,,0.0,0.0,0.0,0.0,0.0,0.0,0.0,0.0,,,113810000,0.421053,5990397214.000000
std::countr_zero,0.007999,0.007999,0.0,0.0,0.0,0.0,30.4,0.0,0.0,0.0,0.0,0.0,0.0,0.0,0.0,0.0,0.0,0.0,0.0,,,71880000,0.458333,4118398084.625000
[Loop at line 919 in chess::MoveGenerator::generatePawnMoves],0.007000,0.007000,0.0,0.0,0.0,0.0,0.0,0.0,0.0,0.0,0.0,0.0,0.0,0.0,0.0,0.0,0.0,0.0,0.0,,,107820000,0.361111,5562511698.714286
chess::Bitboard::operator|=,0.007000,0.007000,0.0,0.0,0.0,0.0,0.0,0.0,9.3,0.0,0.0,0.0,0.0,0.0,0.0,0.0,0.0,0.0,0.0,,,158735000,0.339623,7701939275.142858
chess::Bitboard::shifted,0.007000,0.007000,0.0,0.0,0.0,0.0,11.1,11.1,0.0,0.0,0.0,0.0,0.0,0.0,0.0,0.0,0.0,0.0,0.0,,,53910000,0.833333,6418282729.285714
chess::Move::type,0.007000,0.007000,0.0,0.0,0.0,0.0,6.4,6.4,0.0,0.0,0.0,0.0,0.0,0.0,0.0,0.0,0.0,0.0,0.0,,,179700000,0.450000,11552908912.714287
chess::Position::doNullMove,0.007000,0.007000,0.0,0.0,0.0,0.0,37.1,0.0,0.0,0.0,,0.0,0.0,0.0,0.0,0.0,0.0,0.0,0.0,,,83860000,0.642857,7701939275.142858
chess::Position::getNextPlayer,0.007000,0.007000,0.0,0.0,87.5,87.5,0.0,0.0,0.0,0.0,0.0,0.0,0.0,0.0,0.0,0.0,0.0,0.0,0.0,,,83860000,0.714286,8557710305.714286
chess::Position::getPiece,0.007000,0.007000,0.0,0.0,0.0,0.0,0.0,0.0,0.0,0.0,0.0,0.0,0.0,0.0,0.0,0.0,0.0,0.0,0.0,,,38935000,0.307692,1711542061.142857
chess::operator&,0.007000,0.007000,0.0,0.0,0.0,0.0,0.0,0.0,0.0,0.0,0.0,0.0,0.0,0.0,0.0,0.0,0.0,0.0,0.0,,,143760000,0.458333,9413481336.285713
chess::operator&,0.007000,0.007000,0.0,0.0,0.0,0.0,0.0,0.0,0.0,0.0,0.0,0.0,0.0,0.0,0.0,0.0,0.0,0.0,0.0,,,197670000,0.212121,5990397214.000000
chess::operator&,0.007000,0.007000,0.0,0.0,0.0,0.0,0.0,23.8,0.0,0.0,0.0,0.0,0.0,0.0,0.0,0.0,0.0,0.0,0.0,,,35940000,0.750000,3850969637.571429
chess::operator&,0.007000,0.007000,0.0,0.0,0.0,0.0,0.0,0.0,0.0,0.0,0.0,0.0,0.0,0.0,0.0,0.0,0.0,0.0,0.0,,,41930000,0.285714,1711542061.142857
chess::operator*,0.007000,0.007000,0.0,0.0,0.0,0.0,44.5,0.0,0.0,0.0,0.0,0.0,0.0,0.0,0.0,0.0,0.0,0.0,0.0,,,113810000,0.421053,6846168244.571428
chess::operator+=,0.007000,0.007000,0.0,0.0,0.0,0.0,35.8,0.0,0.0,0.0,0.0,0.0,0.0,0.0,0.0,0.0,0.0,0.0,0.0,,,353410000,0.237288,11980794428.000000
chess::operator-,0.007000,0.007000,0.0,0.0,0.0,0.0,0.0,0.0,33.4,0.0,,0.0,0.0,0.0,0.0,0.0,0.0,0.0,0.0,,,0,,2139427576.428571
chess::operator|,0.007000,0.007000,0.0,0.0,0.0,0.0,0.0,0.0,0.0,0.0,0.0,0.0,0.0,0.0,0.0,0.0,0.0,0.0,0.0,,,77870000,0.346154,3850969637.571429
chess::operator|,0.007000,0.007000,0.0,0.0,0.0,0.0,0.0,0.0,0.0,0.0,0.0,0.0,0.0,0.0,0.0,0.0,0.0,0.0,0.0,,,53910000,0.611111,4706740668.142857
chess::operator~,0.007000,0.007000,0.0,0.0,25.0,25.0,0.0,0.0,0.0,0.0,,0.0,0.0,0.0,0.0,0.0,0.0,0.0,0.0,,,113810000,0.289474,4706740668.142857
func@0x14002706b,0.007000,0.007000,0.0,0.0,75.0,75.0,9.8,0.0,19.6,29.5,0.0,0.0,0.0,0.0,0.0,0.0,0.0,0.0,0.0,,,20965000,2.428571,7274053759.857142
func@0x140255440,0.007000,0.007000,0.0,0.0,33.3,33.3,0.0,83.5,0.0,55.6,0.0,0.0,0.0,0.0,0.0,0.0,0.0,0.0,0.0,,,5990000,3.000000,2567313091.714285
func@0x140256400,0.007000,0.007000,0.0,0.0,75.0,75.0,9.8,29.5,0.0,0.0,0.0,0.0,0.0,0.0,0.0,0.0,0.0,0.0,0.0,SSE(128),,14975000,3.400000,7274053759.857142
func@0x140295af0,0.007000,0.007000,0.0,0.0,0.0,0.0,0.0,33.4,33.4,0.0,,0.0,0.0,0.0,0.0,0.0,0.0,0.0,0.0,,,41930000,0.357143,2139427576.428571
"std::_Atomic_storage<unsigned __int64,8>::load",0.007000,0.007000,0.0,0.0,75.0,75.0,41.7,0.0,55.6,0.0,,0.0,0.0,0.0,0.0,0.0,0.0,0.0,0.0,,,29950000,1.200000,5134626183.428571
"std::array<chess::Bitboard,64>::operator[]",0.007000,0.007000,0.0,0.0,0.0,0.0,0.0,0.0,55.6,0.0,,0.0,0.0,0.0,0.0,0.0,0.0,0.0,0.0,,,107820000,0.083333,1283656545.857143
"std::array<chess::Bitboard,8>::operator[]",0.007000,0.007000,0.0,0.0,0.0,0.0,12.8,0.0,6.4,0.0,,0.0,0.0,0.0,0.0,0.0,0.0,0.0,0.0,,,125790000,0.619048,11125023397.428572
"std::array<int,64>::operator[]",0.007000,0.007000,0.0,0.0,0.0,0.0,0.0,0.0,0.0,0.0,0.0,0.0,0.0,0.0,0.0,0.0,0.0,0.0,0.0,,,59900000,0.800000,6846168244.571428
"std::array<int,64>::operator[]",0.007000,0.007000,0.0,0.0,100.0,100.0,0.0,0.0,16.7,0.0,0.0,0.0,0.0,0.0,0.0,0.0,0.0,0.0,0.0,,,44925000,0.666667,4278855152.857143
RtlCopyMemory,0.006000,0.006000,0.0,0.0,33.3,33.3,0.0,0.0,100.0,0.0,0.0,0.0,0.0,0.0,0.0,0.0,0.0,0.0,0.0,SSE(128),,11980000,1.250000,2495998839.166667
[Loop at line 8531 in std::ranges::_Partition_by_median_guess_common],0.006000,0.006000,0.0,0.0,0.0,0.0,0.0,0.0,0.0,0.0,0.0,0.0,0.0,0.0,0.0,0.0,0.0,0.0,0.0,,,38935000,1.461538,9484795588.833332
chess::Bitboard::operator bool,0.006000,0.006000,0.0,0.0,0.0,0.0,0.0,0.0,0.0,0.0,0.0,0.0,0.0,0.0,0.0,0.0,0.0,0.0,0.0,,,71880000,0.541667,6489596981.833333
chess::Bitboard::operator|=,0.006000,0.006000,0.0,0.0,0.0,0.0,0.0,0.0,0.0,0.0,,0.0,0.0,0.0,0.0,0.0,0.0,0.0,0.0,,,89850000,0.200000,2995198607.000000
chess::Bitboard::operator|=,0.006000,0.006000,0.0,0.0,16.7,16.7,0.0,0.0,26.4,0.0,0.0,0.0,,0.0,0.0,0.0,0.0,0.0,0.0,,,131780000,0.431818,9484795588.833332
chess::Bitboard::operator|=,0.006000,0.006000,0.0,0.0,0.0,0.0,17.6,0.0,0.0,0.0,0.0,0.0,0.0,0.0,0.0,0.0,0.0,0.0,0.0,,,62895000,0.904762,9484795588.833332
chess::Move::encode,0.006000,0.006000,0.0,0.0,0.0,0.0,22.3,0.0,0.0,0.0,0.0,0.0,0.0,0.0,0.0,0.0,0.0,0.0,0.0,,,83860000,0.535714,7487996517.500000
chess::Move::promotionType,0.006000,0.006000,0.0,0.0,0.0,0.0,66.8,0.0,0.0,0.0,0.0,0.0,0.0,0.0,0.0,0.0,0.0,0.0,0.0,,,65890000,0.227273,2495998839.166667
chess::Move::{ctor},0.006000,0.006000,0.0,0.0,0.0,0.0,47.7,0.0,0.0,0.0,0.0,0.0,0.0,0.0,0.0,0.0,0.0,0.0,0.0,,,62895000,0.333333,3494398374.833333
chess::Position::getEnPassantSquare,0.006000,0.006000,0.0,0.0,0.0,0.0,0.0,0.0,0.0,0.0,0.0,0.0,0.0,0.0,0.0,0.0,0.0,0.0,0.0,,,23960000,0.625000,2495998839.166667
chess::Position::getKingSquare,0.006000,0.006000,0.0,0.0,0.0,0.0,0.0,0.0,0.0,0.0,0.0,0.0,0.0,0.0,0.0,0.0,0.0,0.0,0.0,,,80865000,0.259259,3494398374.833333
chess::Position::getOccupiedBb,0.006000,0.006000,0.0,0.0,0.0,0.0,0.0,0.0,0.0,0.0,0.0,0.0,0.0,0.0,0.0,0.0,0.0,0.0,0.0,,,56905000,0.421053,3993598142.666667
chess::Square::file,0.006000,0.006000,0.0,0.0,0.0,0.0,0.0,0.0,0.0,0.0,0.0,0.0,0.0,0.0,0.0,0.0,0.0,0.0,0.0,,,26955000,0.333333,1497599303.500000
chess::StaticMoveList<256>::push_back,0.006000,0.006000,0.0,0.0,0.0,0.0,22.3,0.0,0.0,11.1,0.0,0.0,0.0,20.0,0.0,0.0,0.0,0.0,0.0,,,116805000,0.410256,7987196285.333333
chess::operator&,0.006000,0.006000,0.0,0.0,0.0,0.0,0.0,0.0,0.0,0.0,,0.0,0.0,0.0,0.0,0.0,0.0,0.0,0.0,,,50915000,0.529412,4492797910.500000
chess::operator&,0.006000,0.006000,0.0,0.0,0.0,0.0,0.0,15.2,0.0,0.0,0.0,0.0,,,,0.0,0.0,0.0,0.0,,,44925000,0.733333,5491197446.166666
chess::operator+=,0.006000,0.006000,0.0,0.0,0.0,0.0,0.0,0.0,0.0,0.0,0.0,0.0,0.0,0.0,0.0,0.0,0.0,0.0,0.0,,,41930000,0.785714,5491197446.166666
chess::operator-,0.006000,0.006000,0.0,0.0,0.0,0.0,0.0,0.0,0.0,0.0,0.0,0.0,0.0,0.0,0.0,0.0,0.0,0.0,0.0,,,53910000,0.388889,3494398374.833333
chess::operator-,0.006000,0.006000,0.0,0.0,0.0,0.0,0.0,0.0,0.0,0.0,0.0,0.0,0.0,0.0,0.0,0.0,0.0,0.0,0.0,,,113810000,0.184211,3494398374.833333
chess::operator-,0.006000,0.006000,0.0,0.0,0.0,0.0,0.0,0.0,0.0,0.0,0.0,0.0,0.0,0.0,0.0,0.0,0.0,0.0,0.0,,,119800000,0.375000,7487996517.500000
chess::operator|,0.006000,0.006000,0.0,0.0,0.0,0.0,0.0,0.0,0.0,0.0,0.0,0.0,0.0,0.0,0.0,0.0,0.0,0.0,0.0,,,38935000,0.615385,3993598142.666667
chess::operator|,0.006000,0.006000,0.0,0.0,0.0,0.0,0.0,0.0,0.0,0.0,0.0,0.0,0.0,0.0,0.0,0.0,0.0,0.0,0.0,,,47920000,0.500000,3993598142.666667
engine::Search::thread,0.006000,0.006000,0.0,0.0,100.0,100.0,83.5,0.0,62.6,20.9,,0.0,,,,0.0,0.0,0.0,0.0,,,0,,3993598142.666667
func@0x1402947e0,0.006000,0.006000,0.0,0.0,25.0,25.0,30.4,0.0,15.2,0.0,0.0,0.0,0.0,,0.0,0.0,0.0,0.0,0.0,,,14975000,2.200000,5491197446.166666
func@0x1402e6c70,0.006000,0.006000,0.0,0.0,100.0,100.0,33.4,0.0,0.0,0.0,0.0,0.0,0.0,0.0,0.0,0.0,0.0,0.0,0.0,SSE(128),,2995000,10.000000,4991997678.333334
func@0x140339b80,0.006000,0.006000,0.0,0.0,50.0,50.0,0.0,37.1,0.0,0.0,10.0,0.0,20.0,0.0,0.0,0.0,0.0,0.0,0.0,,,14975000,2.200000,5491197446.166666
func@0x14033bfe0,0.006000,0.006000,0.0,0.0,0.0,0.0,23.8,0.0,47.7,100.0,,0.0,0.0,0.0,0.0,0.0,0.0,0.0,0.0,SSE(128),,5990000,3.500000,3494398374.833333
func@0x14033cf22,0.006000,0.006000,0.0,0.0,0.0,0.0,66.8,33.4,0.0,100.0,0.0,0.0,0.0,0.0,0.0,0.0,0.0,0.0,0.0,SSE(128),,5990000,2.500000,2495998839.166667
func@0x14040f6d0,0.006000,0.006000,0.0,0.0,100.0,100.0,66.8,0.0,100.0,33.4,0.0,0.0,0.0,0.0,0.0,0.0,0.0,0.0,0.0,SSE(128),,8985000,1.666667,2495998839.166667
func@0x180010e40,0.006000,0.006000,0.0,0.0,100.0,100.0,55.6,0.0,55.6,37.1,,0.0,,,,0.0,0.0,0.0,0.0,,,0,,4492797910.500000
func@0x180011200,0.006000,0.006000,0.0,0.0,0.0,0.0,0.0,0.0,33.4,0.0,0.0,0.0,0.0,0.0,0.0,0.0,0.0,0.0,0.0,AVX(256); SSE2(128),,44925000,0.333333,2495998839.166667
"std::array<chess::Bitboard,64>::operator[]",0.006000,0.006000,0.0,0.0,0.0,0.0,0.0,0.0,0.0,0.0,0.0,0.0,0.0,0.0,0.0,0.0,0.0,0.0,0.0,,,68885000,0.260870,2995198607.000000
"std::array<int,64>::operator[]",0.006000,0.006000,0.0,0.0,0.0,0.0,95.4,0.0,0.0,0.0,0.0,0.0,0.0,0.0,0.0,0.0,0.0,0.0,0.0,,,98835000,0.212121,3494398374.833333
"std::array<std::array<chess::Bitboard,64>,8>::operator[]",0.006000,0.006000,0.0,0.0,0.0,0.0,0.0,0.0,0.0,0.0,0.0,0.0,0.0,0.0,0.0,0.0,0.0,0.0,0.0,,,47920000,1.125000,8985595821.000000
std::popcount,0.006000,0.006000,0.0,0.0,0.0,0.0,0.0,0.0,0.0,0.0,,0.0,0.0,0.0,0.0,0.0,0.0,0.0,0.0,,,23960000,0.500000,1996799071.333333
std::popcount,0.006000,0.006000,0.0,0.0,0.0,0.0,0.0,0.0,0.0,0.0,0.0,0.0,0.0,0.0,0.0,0.0,0.0,0.0,0.0,,,56905000,0.368421,3494398374.833333
KeClockInterruptNotify,0.005000,0.005000,0.0,0.0,0.0,0.0,23.8,23.8,0.0,0.0,0.0,0.0,0.0,0.0,0.0,0.0,0.0,0.0,0.0,,,8985000,2.333333,4193278049.800000
[Loop at line 447 in engine::Evaluator::pawnEval],0.005000,0.005000,0.0,0.0,0.0,0.0,0.0,0.0,0.0,0.0,0.0,0.0,0.0,0.0,0.0,0.0,0.0,0.0,0.0,,,89850000,0.266667,4792317771.200000
[Loop at line 621 in chess::Position::checkRepetitions],0.005000,0.005000,0.0,0.0,100.0,100.0,100.0,0.0,20.9,0.0,,,,,,0.0,0.0,0.0,0.0,,,2995000,8.000000,4792317771.200000
[Loop@0x140d0e460 in func@0x140d0e350],0.005000,0.005000,0.0,0.0,100.0,100.0,100.0,100.0,0.0,0.0,0.0,0.0,0.0,0.0,0.0,0.0,0.0,0.0,0.0,,,0,,1797119164.200000
chess::Bitboard::operator bool,0.005000,0.005000,0.0,0.0,0.0,0.0,22.3,0.0,0.0,0.0,0.0,0.0,0.0,0.0,0.0,0.0,0.0,0.0,0.0,,,65890000,0.681818,8985595821.000000
chess::Bitboard::operator&=,0.005000,0.005000,0.0,0.0,16.7,16.7,0.0,0.0,0.0,0.0,0.0,0.0,0.0,0.0,0.0,0.0,0.0,0.0,0.0,,,47920000,0.750000,7188476656.800000
chess::Bitboard::popLSB,0.005000,0.005000,0.0,0.0,0.0,0.0,0.0,0.0,0.0,0.0,0.0,0.0,0.0,0.0,0.0,0.0,0.0,0.0,0.0,,,20965000,0.571429,2396158885.600000
chess::Move::operator==,0.005000,0.005000,0.0,0.0,0.0,0.0,0.0,0.0,0.0,0.0,0.0,0.0,0.0,0.0,0.0,0.0,0.0,0.0,0.0,,,98835000,0.363636,7188476656.800000
chess::Move::setValue,0.005000,0.005000,0.0,0.0,0.0,0.0,0.0,0.0,0.0,0.0,0.0,0.0,0.0,0.0,0.0,0.0,0.0,0.0,0.0,,,104825000,0.228571,4792317771.200000
chess::Move::to,0.005000,0.005000,0.0,0.0,0.0,0.0,0.0,0.0,0.0,0.0,,0.0,0.0,0.0,0.0,0.0,0.0,0.0,0.0,,,83860000,0.250000,4193278049.800000
chess::Move::{ctor},0.005000,0.005000,0.0,0.0,0.0,0.0,37.1,0.0,18.5,0.0,0.0,0.0,0.0,0.0,0.0,0.0,0.0,0.0,0.0,,,71880000,0.416667,5990397214.000000
chess::Position::getPieceBb,0.005000,0.005000,0.0,0.0,0.0,0.0,0.0,0.0,0.0,0.0,0.0,0.0,0.0,0.0,0.0,0.0,0.0,0.0,0.0,,,62895000,1.095238,13777913592.199999
chess::Square::rank,0.005000,0.005000,0.0,0.0,0.0,0.0,100.0,0.0,0.0,0.0,0.0,0.0,0.0,0.0,0.0,0.0,0.0,0.0,0.0,,,53910000,0.166667,1797119164.200000
chess::StaticMoveList<256>::push_back,0.005000,0.005000,0.0,0.0,0.0,0.0,0.0,0.0,0.0,0.0,0.0,0.0,0.0,0.0,0.0,0.0,0.0,0.0,0.0,,,92845000,0.290323,5391357492.600000
chess::moveValueGreaterComparator::operator(),0.005000,0.005000,0.0,0.0,0.0,0.0,0.0,0.0,0.0,0.0,0.0,0.0,0.0,0.0,0.0,0.0,0.0,0.0,0.0,,,29950000,1.700000,10183675263.799999
chess::operator&,0.005000,0.005000,0.0,0.0,0.0,0.0,55.6,0.0,18.5,0.0,0.0,0.0,0.0,0.0,0.0,0.0,0.0,0.0,0.0,,,80865000,0.333333,5391357492.600000
chess::operator&,0.005000,0.005000,0.0,0.0,33.3,33.3,0.0,0.0,0.0,0.0,0.0,0.0,0.0,0.0,0.0,0.0,0.0,0.0,0.0,,,47920000,0.875000,8386556099.599999
chess::operator&,0.005000,0.005000,0.0,0.0,0.0,0.0,0.0,0.0,0.0,0.0,0.0,0.0,0.0,0.0,0.0,0.0,0.0,0.0,0.0,,,101830000,0.117647,2396158885.600000
chess::operator-,0.005000,0.005000,0.0,0.0,100.0,100.0,100.0,0.0,0.0,0.0,0.0,0.0,,,,0.0,0.0,0.0,0.0,,,29950000,1.100000,6589436935.400001
chess::operator-,0.005000,0.005000,0.0,0.0,0.0,0.0,0.0,0.0,0.0,0.0,0.0,0.0,0.0,0.0,0.0,0.0,0.0,0.0,0.0,,,59900000,0.600000,7188476656.800000
chess::typeOf,0.005000,0.005000,0.0,0.0,0.0,0.0,0.0,0.0,0.0,0.0,0.0,0.0,0.0,0.0,0.0,0.0,0.0,0.0,0.0,,,53910000,0.500000,5391357492.600000
chess::typeOf,0.005000,0.005000,0.0,0.0,0.0,0.0,27.8,0.0,55.6,0.0,0.0,0.0,,,,0.0,0.0,0.0,0.0,,,11980000,1.500000,3594238328.400000
chess::typeOf,0.005000,0.005000,0.0,0.0,0.0,0.0,0.0,0.0,0.0,0.0,0.0,0.0,0.0,0.0,0.0,0.0,0.0,0.0,0.0,,,62895000,0.095238,1198079442.800000
engine::Evaluator::valueFromScore,0.005000,0.005000,0.0,0.0,0.0,0.0,0.0,0.0,0.0,0.0,0.0,0.0,0.0,0.0,0.0,0.0,0.0,0.0,0.0,,,41930000,0.285714,2396158885.600000
engine::Search::thread,0.005000,0.005000,0.0,0.0,0.0,0.0,0.0,0.0,0.0,0.0,0.0,0.0,0.0,0.0,0.0,0.0,0.0,0.0,0.0,,,29950000,0.300000,1797119164.200000
func@0x140256220,0.005000,0.005000,0.0,0.0,0.0,0.0,0.0,47.7,47.7,0.0,0.0,0.0,0.0,0.0,0.0,0.0,0.0,0.0,0.0,,,11980000,1.750000,4193278049.800000
func@0x1402eb8ad,0.005000,0.005000,0.0,0.0,0.0,0.0,11.1,33.4,0.0,0.0,0.0,0.0,0.0,0.0,0.0,0.0,0.0,0.0,0.0,,,17970000,2.500000,8985595821.000000
func@0x140318ce0,0.005000,0.005000,0.0,0.0,66.7,66.7,0.0,0.0,83.5,0.0,0.0,0.0,0.0,0.0,0.0,0.0,0.0,0.0,0.0,,,14975000,1.600000,4792317771.200000
func@0x18001d470,0.005000,0.005000,0.0,0.0,0.0,0.0,100.0,0.0,0.0,0.0,0.0,0.0,0.0,0.0,0.0,0.0,0.0,0.0,0.0,,,47920000,0.062500,599039721.400000
"std::array<chess::Bitboard,8>::operator[]",0.005000,0.005000,0.0,0.0,0.0,0.0,0.0,0.0,0.0,0.0,0.0,0.0,0.0,0.0,0.0,0.0,0.0,0.0,0.0,,,20965000,0.428571,1797119164.200000
std::atomic<unsigned __int64>::{ctor},0.005000,0.005000,0.0,0.0,25.0,25.0,0.0,33.4,0.0,0.0,0.0,0.0,0.0,0.0,0.0,0.0,0.0,0.0,0.0,,,8985000,1.666667,2995198607.000000
std::min,0.005000,0.005000,0.0,0.0,0.0,0.0,0.0,0.0,0.0,0.0,0.0,0.0,0.0,0.0,0.0,0.0,0.0,0.0,0.0,,,17970000,0.500000,1797119164.200000
std::popcount,0.005000,0.005000,0.0,0.0,0.0,0.0,19.6,0.0,0.0,0.0,0.0,0.0,0.0,0.0,0.0,0.0,0.0,0.0,0.0,,,89850000,0.566667,10183675263.799999
std::popcount,0.005000,0.005000,0.0,0.0,0.0,0.0,0.0,0.0,0.0,0.0,0.0,0.0,0.0,0.0,0.0,0.0,0.0,0.0,0.0,,,62895000,0.333333,4193278049.800000
RtlFreeHeap,0.004000,0.004000,0.0,0.0,,,0.0,0.0,83.5,16.7,0.0,0.0,0.0,0.0,0.0,0.0,0.0,0.0,0.0,,,38935000,0.769231,7487996517.500000
[Loop at line 1005 in chess::MoveGenerator::generatePawnMoves],0.004000,0.004000,0.0,0.0,0.0,0.0,0.0,0.0,0.0,0.0,0.0,0.0,,,,0.0,0.0,0.0,0.0,,,65890000,0.181818,2995198607.000000
[Loop@0x1402024c0 in func@0x140202360],0.004000,0.004000,0.0,0.0,33.3,33.3,0.0,0.0,0.0,0.0,0.0,0.0,0.0,0.0,0.0,0.0,0.0,0.0,0.0,,,23960000,0.375000,2246398955.250000
[Loop@0x14033da45 in func@0x14033d9d0],0.004000,0.004000,0.0,0.0,100.0,100.0,0.0,0.0,,,0.0,0.0,0.0,0.0,0.0,0.0,0.0,0.0,0.0,,,2995000,0.0,0.0
[Loop@0x1404101f0 in RtlNumberOfSetBitsEx],0.004000,0.004000,0.0,0.0,0.0,0.0,0.0,0.0,100.0,0.0,0.0,0.0,0.0,0.0,0.0,0.0,0.0,0.0,0.0,,,8985000,0.333333,748799651.750000
[Loop@0x18001d610 in func@0x18001d470],0.004000,0.004000,0.0,0.0,50.0,50.0,0.0,0.0,0.0,18.5,0.0,0.0,0.0,0.0,0.0,0.0,0.0,0.0,0.0,,,59900000,0.450000,6739196865.750000
boost::serialization::typeid_system::extended_type_info_typeid_0::is_less_than,0.004000,0.004000,0.0,0.0,0.0,0.0,0.0,0.0,0.0,0.0,0.0,0.0,0.0,0.0,0.0,0.0,0.0,0.0,0.0,,,17970000,0.500000,2246398955.250000
chess::Bitboard::operator bool,0.004000,0.004000,0.0,0.0,33.3,33.3,30.4,0.0,0.0,0.0,0.0,0.0,20.0,0.0,0.0,0.0,0.0,0.0,0.0,,,62895000,0.571429,8985595821.000000
chess::Bitboard::operator bool,0.004000,0.004000,0.0,0.0,0.0,0.0,0.0,0.0,0.0,0.0,0.0,0.0,0.0,0.0,0.0,0.0,0.0,0.0,0.0,,,50915000,0.529412,6739196865.750000
chess::Bitboard::operator^=,0.004000,0.004000,0.0,0.0,0.0,0.0,0.0,0.0,0.0,0.0,0.0,0.0,0.0,0.0,0.0,0.0,0.0,0.0,0.0,,,47920000,0.187500,2246398955.250000
chess::Bitboard::operator|=,0.004000,0.004000,0.0,0.0,0.0,0.0,0.0,0.0,0.0,0.0,0.0,0.0,0.0,0.0,0.0,0.0,0.0,0.0,0.0,,,116805000,0.179487,5241597562.250000
chess::Bitboard::popLSB,0.004000,0.004000,0.0,0.0,0.0,0.0,0.0,0.0,0.0,0.0,0.0,0.0,0.0,0.0,0.0,0.0,0.0,0.0,0.0,,,26955000,0.444444,2995198607.000000
chess::Bitboard::{ctor},0.004000,0.004000,0.0,0.0,0.0,0.0,0.0,0.0,0.0,0.0,0.0,0.0,0.0,0.0,0.0,0.0,0.0,0.0,0.0,,,92845000,0.225806,5241597562.250000
chess::Direction::pawnPush,0.004000,0.004000,0.0,0.0,0.0,0.0,0.0,0.0,0.0,0.0,0.0,0.0,0.0,0.0,0.0,0.0,0.0,0.0,0.0,,,20965000,0.285714,1497599303.500000
chess::Move::to,0.004000,0.004000,0.0,0.0,0.0,0.0,100.0,0.0,0.0,0.0,0.0,0.0,0.0,0.0,0.0,0.0,0.0,0.0,0.0,,,5990000,2.500000,3743998258.750000
chess::Position::getKingSquare,0.004000,0.004000,0.0,0.0,0.0,0.0,30.4,0.0,0.0,0.0,0.0,0.0,0.0,0.0,0.0,0.0,0.0,0.0,0.0,,,59900000,0.550000,8236796169.250000
chess::Position::getPieceBb,0.004000,0.004000,0.0,0.0,0.0,0.0,0.0,0.0,0.0,0.0,0.0,0.0,0.0,0.0,0.0,0.0,0.0,0.0,0.0,,,29950000,0.400000,2995198607.000000
chess::StaticMoveList<256>::push_back,0.004000,0.004000,0.0,0.0,0.0,0.0,0.0,0.0,0.0,0.0,0.0,0.0,0.0,0.0,0.0,0.0,0.0,0.0,0.0,,,11980000,0.250000,748799651.750000
chess::Value::operator int,0.004000,0.004000,0.0,0.0,,,0.0,0.0,0.0,0.0,0.0,0.0,0.0,,0.0,0.0,0.0,0.0,0.0,,,14975000,0.800000,2995198607.000000
chess::operator&,0.004000,0.004000,0.0,0.0,0.0,0.0,0.0,0.0,0.0,0.0,0.0,0.0,0.0,0.0,0.0,0.0,0.0,0.0,0.0,,,104825000,0.142857,3743998258.750000
chess::operator&,0.004000,0.004000,0.0,0.0,0.0,0.0,0.0,0.0,0.0,0.0,0.0,0.0,0.0,0.0,0.0,0.0,0.0,0.0,0.0,,,35940000,0.250000,2246398955.250000
chess::operator&,0.004000,0.004000,0.0,0.0,0.0,0.0,0.0,0.0,0.0,0.0,0.0,0.0,0.0,0.0,0.0,0.0,0.0,0.0,0.0,,,29950000,0.200000,1497599303.500000
chess::operator+,0.004000,0.004000,0.0,0.0,50.0,50.0,0.0,18.5,0.0,0.0,0.0,0.0,0.0,0.0,0.0,0.0,0.0,0.0,0.0,,,50915000,0.529412,6739196865.750000
chess::operator+=,0.004000,0.004000,0.0,0.0,50.0,50.0,0.0,0.0,0.0,0.0,0.0,0.0,0.0,0.0,0.0,0.0,0.0,0.0,0.0,,,56905000,0.368421,5241597562.250000
chess::operator-,0.004000,0.004000,0.0,0.0,0.0,0.0,0.0,0.0,0.0,0.0,0.0,0.0,0.0,0.0,0.0,0.0,0.0,0.0,0.0,,,17970000,0.166667,748799651.750000
chess::operator-=,0.004000,0.004000,0.0,0.0,0.0,0.0,83.5,0.0,0.0,0.0,0.0,0.0,0.0,0.0,0.0,0.0,0.0,0.0,0.0,,,23960000,0.500000,2995198607.000000
chess::operator>,0.004000,0.004000,0.0,0.0,0.0,0.0,0.0,0.0,0.0,0.0,0.0,0.0,0.0,0.0,0.0,0.0,0.0,0.0,0.0,,,68885000,0.260870,4492797910.500000
chess::operator>=,0.004000,0.004000,0.0,0.0,0.0,0.0,0.0,0.0,0.0,0.0,0.0,0.0,0.0,0.0,0.0,0.0,0.0,0.0,0.0,,,65890000,0.500000,8236796169.250000
chess::operator|,0.004000,0.004000,0.0,0.0,0.0,0.0,0.0,0.0,0.0,0.0,0.0,0.0,0.0,0.0,0.0,0.0,0.0,0.0,0.0,,,53910000,0.277778,3743998258.750000
chess::operator~,0.004000,0.004000,0.0,0.0,0.0,0.0,66.8,0.0,0.0,0.0,0.0,0.0,0.0,0.0,0.0,0.0,0.0,0.0,0.0,,,50915000,0.294118,3743998258.750000
engine::Search::thread,0.004000,0.004000,0.0,0.0,0.0,0.0,0.0,0.0,0.0,0.0,0.0,0.0,,0.0,0.0,0.0,0.0,0.0,0.0,,,20965000,0.857143,4492797910.500000
engine::Search::thread,0.004000,0.004000,0.0,0.0,0.0,0.0,0.0,0.0,0.0,0.0,0.0,0.0,0.0,0.0,0.0,0.0,0.0,0.0,0.0,,,44925000,0.533333,5990397214.000000
engine::Search::thread,0.004000,0.004000,0.0,0.0,0.0,0.0,30.4,0.0,0.0,0.0,0.0,0.0,0.0,0.0,0.0,0.0,0.0,0.0,0.0,,,89850000,0.366667,8236796169.250000
func@0x14021e510,0.004000,0.004000,0.0,0.0,0.0,0.0,0.0,0.0,0.0,0.0,0.0,0.0,0.0,0.0,0.0,0.0,0.0,0.0,0.0,,,8985000,2.333333,5241597562.250000
func@0x14025377f,0.004000,0.004000,0.0,0.0,0.0,0.0,0.0,0.0,0.0,0.0,0.0,0.0,0.0,0.0,0.0,0.0,0.0,0.0,0.0,,,11980000,0.0,0.0
func@0x140289ad0,0.004000,0.004000,0.0,0.0,,,0.0,100.0,0.0,100.0,0.0,0.0,0.0,0.0,0.0,0.0,0.0,0.0,0.0,,,8985000,1.333333,2995198607.000000
func@0x14029d1e0,0.004000,0.004000,0.0,0.0,100.0,100.0,0.0,0.0,0.0,0.0,0.0,0.0,0.0,0.0,0.0,0.0,0.0,0.0,0.0,SSE2(128),,8985000,0.333333,748799651.750000
func@0x1402e4c76,0.004000,0.004000,0.0,0.0,0.0,0.0,18.5,9.3,9.3,0.0,0.0,0.0,0.0,0.0,0.0,0.0,0.0,0.0,0.0,,,20965000,2.571429,13478393731.500000
func@0x1402ebf80,0.004000,0.004000,0.0,0.0,100.0,100.0,100.0,0.0,100.0,0.0,0.0,0.0,0.0,,0.0,0.0,0.0,0.0,0.0,,,0,,2246398955.250000
func@0x14031a0a0,0.004000,0.004000,0.0,0.0,0.0,0.0,0.0,20.9,0.0,0.0,0.0,0.0,0.0,0.0,0.0,0.0,0.0,0.0,0.0,SSE(128),,0,,5990397214.000000
func@0x1404e8368,0.004000,0.004000,0.0,0.0,100.0,100.0,23.8,23.8,0.0,0.0,0.0,0.0,0.0,,0.0,0.0,0.0,0.0,0.0,,,20965000,1.000000,5241597562.250000
func@0x1406b2070,0.004000,0.004000,0.0,0.0,0.0,0.0,0.0,55.6,0.0,0.0,,0.0,,0.0,0.0,0.0,0.0,0.0,0.0,,,5990000,1.500000,2246398955.250000
func@0x1406b92ae,0.004000,0.004000,0.0,0.0,0.0,0.0,47.7,0.0,23.8,0.0,0.0,0.0,0.0,0.0,0.0,0.0,0.0,0.0,0.0,SSE(128),,5990000,3.500000,5241597562.250000
func@0x1406bfe40,0.004000,0.004000,0.0,0.0,0.0,0.0,0.0,33.4,0.0,0.0,0.0,0.0,0.0,0.0,0.0,0.0,0.0,0.0,0.0,SSE(128); SSE2(128),,14975000,1.000000,3743998258.750000
"std::_Atomic_storage<unsigned __int64,8>::load",0.004000,0.004000,0.0,0.0,0.0,0.0,0.0,0.0,0.0,0.0,0.0,0.0,0.0,0.0,0.0,0.0,0.0,0.0,0.0,,,2995000,1.000000,748799651.750000
"std::_List_node<std::pair<unsigned __int64 const ,book::BookEntry>,void *>::_Freenode",0.004000,0.004000,0.0,0.0,0.0,0.0,0.0,0.0,100.0,100.0,0.0,0.0,0.0,0.0,0.0,0.0,0.0,0.0,0.0,,,5990000,1.000000,1497599303.500000
"std::array<chess::Bitboard,64>::operator[]",0.004000,0.004000,0.0,0.0,0.0,0.0,0.0,0.0,0.0,0.0,0.0,0.0,0.0,0.0,0.0,0.0,0.0,0.0,0.0,,,68885000,0.260870,4492797910.500000
"std::array<engine::PlyInfo,128>::operator[]",0.004000,0.004000,0.0,0.0,0.0,0.0,100.0,0.0,0.0,0.0,,0.0,0.0,0.0,0.0,0.0,0.0,0.0,0.0,,,68885000,0.434783,7487996517.500000
"std::array<engine::PlyInfo,128>::operator[]",0.004000,0.004000,0.0,0.0,0.0,0.0,0.0,0.0,0.0,0.0,0.0,0.0,0.0,0.0,0.0,0.0,0.0,0.0,0.0,,,11980000,0.500000,1497599303.500000
"std::array<int,64>::operator[]",0.004000,0.004000,0.0,0.0,0.0,0.0,0.0,0.0,0.0,0.0,0.0,0.0,0.0,0.0,0.0,0.0,0.0,0.0,0.0,,,44925000,0.466667,5241597562.250000
"std::array<std::array<unsigned __int64,64>,16>::operator[]",0.004000,0.004000,0.0,0.0,0.0,0.0,0.0,0.0,0.0,0.0,,0.0,,,,0.0,0.0,0.0,0.0,,,50915000,0.235294,2995198607.000000
std::countr_zero,0.004000,0.004000,0.0,0.0,0.0,0.0,0.0,0.0,0.0,0.0,0.0,0.0,0.0,0.0,0.0,0.0,0.0,0.0,0.0,,,47920000,0.500000,5990397214.000000
std::countr_zero,0.004000,0.004000,0.0,0.0,0.0,0.0,0.0,0.0,0.0,0.0,0.0,0.0,0.0,0.0,0.0,0.0,0.0,0.0,0.0,,,23960000,0.375000,2246398955.250000
std::popcount,0.004000,0.004000,0.0,0.0,0.0,0.0,0.0,0.0,0.0,0.0,0.0,0.0,0.0,0.0,0.0,0.0,0.0,0.0,0.0,,,29950000,0.100000,748799651.750000
std::ranges::_Swap::_Cpo::operator(),0.004000,0.004000,0.0,0.0,0.0,0.0,0.0,0.0,0.0,0.0,0.0,0.0,0.0,0.0,0.0,0.0,0.0,0.0,0.0,,,5990000,1.500000,2246398955.250000
KeAcquireSpinLockRaiseToDpc,0.003000,0.003000,0.0,0.0,0.0,0.0,0.0,0.0,0.0,0.0,0.0,0.0,0.0,0.0,0.0,0.0,0.0,0.0,0.0,,,0,,2995198607.000000
KfRaiseIrql,0.003000,0.003000,0.0,0.0,100.0,100.0,55.6,0.0,0.0,0.0,0.0,0.0,0.0,0.0,0.0,0.0,0.0,0.0,0.0,,,0,,5990397214.000000
"[Loop at line 8602 in std::ranges::_Sort_fn::_Sort_common<chess::Move *,chess::moveValueGreaterComparator,std::identity>]",0.003000,0.003000,0.0,0.0,0.0,0.0,33.4,0.0,0.0,0.0,0.0,0.0,0.0,0.0,0.0,0.0,0.0,0.0,0.0,,,35940000,0.833333,9983995356.666668
[Loop@0x140001240 in func@0x1400010e0],0.003000,0.003000,0.0,0.0,0.0,0.0,100.0,0.0,0.0,55.6,0.0,0.0,0.0,0.0,0.0,0.0,0.0,0.0,0.0,,,0,,2995198607.000000
[Loop@0x14002701b in func@0x140026fb0],0.003000,0.003000,0.0,0.0,0.0,0.0,83.5,83.5,0.0,100.0,0.0,0.0,0.0,0.0,0.0,0.0,0.0,0.0,0.0,,,0,,1996799071.333333
[Loop@0x14030acd8 in func@0x14030acb0],0.003000,0.003000,0.0,0.0,0.0,0.0,0.0,0.0,0.0,0.0,0.0,0.0,0.0,0.0,0.0,0.0,0.0,0.0,0.0,,,0,,3993598142.666667
[Loop@0x140399460 in func@0x1403993e0],0.003000,0.003000,0.0,0.0,25.0,25.0,0.0,0.0,,,0.0,0.0,0.0,0.0,0.0,0.0,0.0,0.0,0.0,,,5990000,0.0,0.0
[Loop@0x18001d592 in func@0x18001d470],0.003000,0.003000,0.0,0.0,0.0,0.0,0.0,0.0,13.9,0.0,0.0,0.0,0.0,0.0,0.0,0.0,0.0,0.0,0.0,,,50915000,0.764706,12979193963.666666
[Loop@0x180078d00 in RtlFreeHeap],0.003000,0.003000,0.0,0.0,0.0,0.0,0.0,83.5,0.0,0.0,0.0,0.0,0.0,0.0,0.0,0.0,0.0,0.0,0.0,,,23960000,0.250000,1996799071.333333
[Loop@0x1800cfc21 in func@0x1800cfb60],0.003000,0.003000,0.0,0.0,0.0,0.0,66.8,0.0,100.0,0.0,0.0,0.0,0.0,0.0,0.0,0.0,0.0,0.0,0.0,,,8985000,1.666667,4991997678.333334
__builtin_array_init_helper<class chess::Value>,0.003000,0.003000,0.0,0.0,0.0,0.0,0.0,0.0,0.0,0.0,0.0,0.0,0.0,0.0,0.0,0.0,0.0,0.0,0.0,,,50915000,0.411765,6988796749.666667
boost::archive::detail::basic_iarchive::get_library_version,0.003000,0.003000,0.0,0.0,0.0,0.0,0.0,0.0,0.0,0.0,0.0,0.0,0.0,0.0,0.0,0.0,0.0,0.0,0.0,,,23960000,0.125000,998399535.666667
chess::Bitboard::operator bool,0.003000,0.003000,0.0,0.0,0.0,0.0,0.0,0.0,0.0,0.0,0.0,0.0,0.0,0.0,0.0,0.0,0.0,0.0,0.0,,,2995000,2.000000,1996799071.333333
chess::Bitboard::operator bool,0.003000,0.003000,0.0,0.0,0.0,0.0,0.0,0.0,0.0,0.0,0.0,0.0,0.0,0.0,0.0,0.0,0.0,0.0,0.0,,,74875000,0.200000,4991997678.333334
chess::Bitboard::operator bool,0.003000,0.003000,0.0,0.0,0.0,0.0,0.0,0.0,0.0,0.0,0.0,0.0,0.0,0.0,0.0,0.0,0.0,0.0,0.0,,,14975000,1.200000,5990397214.000000
chess::Bitboard::operator bool,0.003000,0.003000,0.0,0.0,0.0,0.0,83.5,0.0,0.0,0.0,0.0,0.0,0.0,0.0,0.0,0.0,0.0,0.0,0.0,,,50915000,0.470588,7987196285.333333
chess::Bitboard::popLSB,0.003000,0.003000,0.0,0.0,0.0,0.0,0.0,0.0,0.0,0.0,0.0,0.0,0.0,0.0,0.0,0.0,0.0,0.0,0.0,,,0,,998399535.666667
chess::Bitboard::popLSB,0.003000,0.003000,0.0,0.0,0.0,0.0,0.0,18.5,0.0,0.0,0.0,0.0,,0.0,0.0,0.0,0.0,0.0,0.0,,,47920000,0.562500,8985595821.000000
chess::Bitboard::popLSB,0.003000,0.003000,0.0,0.0,0.0,0.0,0.0,0.0,0.0,0.0,0.0,0.0,0.0,0.0,0.0,0.0,0.0,0.0,0.0,,,50915000,0.529412,8985595821.000000
chess::Bitboard::popLSB,0.003000,0.003000,0.0,0.0,0.0,0.0,0.0,0.0,0.0,0.0,0.0,0.0,0.0,0.0,0.0,0.0,0.0,0.0,0.0,,,23960000,0.875000,6988796749.666667
chess::Bitboard::popLSB,0.003000,0.003000,0.0,0.0,0.0,0.0,0.0,0.0,0.0,0.0,0.0,0.0,0.0,0.0,0.0,0.0,0.0,0.0,0.0,,,17970000,0.833333,4991997678.333334
chess::Color::iterator::operator++,0.003000,0.003000,0.0,0.0,0.0,0.0,27.8,0.0,0.0,0.0,0.0,0.0,0.0,0.0,0.0,0.0,0.0,0.0,0.0,,,53910000,0.666667,11980794428.000000
chess::Direction::operator int,0.003000,0.003000,0.0,0.0,0.0,0.0,0.0,0.0,41.7,0.0,0.0,0.0,0.0,0.0,0.0,0.0,0.0,0.0,0.0,,,14975000,0.800000,3993598142.666667
chess::Direction::pawnPush,0.003000,0.003000,0.0,0.0,33.3,33.3,0.0,0.0,0.0,0.0,0.0,0.0,0.0,0.0,0.0,0.0,0.0,0.0,0.0,,,8985000,2.000000,5990397214.000000
chess::Move::encode,0.003000,0.003000,0.0,0.0,0.0,0.0,0.0,0.0,0.0,0.0,0.0,0.0,0.0,0.0,0.0,0.0,0.0,0.0,0.0,,,56905000,0.473684,8985595821.000000
chess::Move::encode,0.003000,0.003000,0.0,0.0,0.0,0.0,30.4,0.0,0.0,0.0,0.0,0.0,0.0,0.0,0.0,0.0,0.0,0.0,0.0,,,62895000,0.523810,10982394892.333332
chess::Move::encode,0.003000,0.003000,0.0,0.0,0.0,0.0,0.0,0.0,0.0,0.0,0.0,0.0,0.0,0.0,0.0,0.0,0.0,0.0,0.0,,,77870000,0.538462,13977593499.333334
chess::Move::setValue,0.003000,0.003000,0.0,0.0,0.0,0.0,0.0,0.0,0.0,0.0,0.0,0.0,0.0,0.0,0.0,0.0,0.0,0.0,0.0,,,77870000,0.153846,3993598142.666667
chess::Move::to,0.003000,0.003000,0.0,0.0,0.0,0.0,0.0,0.0,0.0,0.0,0.0,0.0,0.0,0.0,0.0,0.0,0.0,0.0,0.0,,,17970000,0.333333,1996799071.333333
chess::Move::value,0.003000,0.003000,0.0,0.0,0.0,0.0,0.0,0.0,0.0,0.0,0.0,0.0,0.0,0.0,0.0,0.0,0.0,0.0,0.0,,,62895000,0.428571,8985595821.000000
chess::MoveGenerator::storeKiller,0.003000,0.003000,0.0,0.0,100.0,100.0,0.0,0.0,0.0,0.0,0.0,0.0,0.0,0.0,0.0,0.0,0.0,0.0,0.0,,,11980000,0.500000,1996799071.333333
chess::Position::getKingSquare,0.003000,0.003000,0.0,0.0,0.0,0.0,100.0,0.0,0.0,0.0,0.0,0.0,0.0,0.0,0.0,0.0,0.0,0.0,0.0,,,98835000,0.060606,1996799071.333333
chess::Position::getNextPlayer,0.003000,0.003000,0.0,0.0,0.0,0.0,83.5,0.0,83.5,0.0,,0.0,0.0,0.0,0.0,0.0,0.0,0.0,0.0,,,17970000,0.333333,1996799071.333333
chess::Position::getPieceBb,0.003000,0.003000,0.0,0.0,0.0,0.0,95.4,0.0,0.0,0.0,0.0,0.0,0.0,0.0,0.0,0.0,0.0,0.0,0.0,,,62895000,0.333333,6988796749.666667
chess::Position::getPieceBb,0.003000,0.003000,0.0,0.0,0.0,0.0,0.0,0.0,0.0,83.5,0.0,0.0,0.0,0.0,0.0,0.0,0.0,0.0,0.0,,,8985000,0.666667,1996799071.333333
chess::Square::rank,0.003000,0.003000,0.0,0.0,0.0,0.0,37.1,0.0,0.0,0.0,0.0,0.0,0.0,0.0,0.0,0.0,0.0,0.0,0.0,,,32945000,0.818182,8985595821.000000
chess::Value::isValid,0.003000,0.003000,0.0,0.0,0.0,0.0,100.0,83.5,0.0,0.0,,0.0,0.0,20.0,0.0,0.0,0.0,0.0,0.0,,,17970000,0.833333,4991997678.333334
chess::operator&,0.003000,0.003000,0.0,0.0,0.0,0.0,0.0,0.0,0.0,0.0,0.0,0.0,,,,0.0,0.0,0.0,0.0,,,14975000,0.800000,3993598142.666667
chess::operator&,0.003000,0.003000,0.0,0.0,0.0,0.0,0.0,0.0,0.0,0.0,0.0,0.0,0.0,0.0,0.0,0.0,0.0,0.0,0.0,,,20965000,0.285714,1996799071.333333
chess::operator+,0.003000,0.003000,0.0,0.0,0.0,0.0,0.0,0.0,0.0,0.0,0.0,0.0,0.0,0.0,0.0,0.0,0.0,0.0,0.0,,,35940000,0.083333,998399535.666667
chess::operator-,0.003000,0.003000,0.0,0.0,0.0,0.0,0.0,0.0,0.0,0.0,0.0,0.0,0.0,0.0,0.0,0.0,0.0,0.0,0.0,,,8985000,2.000000,5990397214.000000
chess::operator-,0.003000,0.003000,0.0,0.0,0.0,0.0,0.0,0.0,0.0,0.0,0.0,0.0,0.0,0.0,0.0,0.0,0.0,0.0,0.0,,,5990000,1.000000,1996799071.333333
chess::operator-,0.003000,0.003000,0.0,0.0,0.0,0.0,0.0,83.5,41.7,0.0,,0.0,0.0,0.0,0.0,0.0,0.0,0.0,0.0,,,8985000,1.333333,3993598142.666667
chess::operator|,0.003000,0.003000,0.0,0.0,0.0,0.0,0.0,0.0,20.9,0.0,0.0,0.0,0.0,0.0,0.0,0.0,0.0,0.0,0.0,,,11980000,2.000000,7987196285.333333
chess::operator|,0.003000,0.003000,0.0,0.0,0.0,0.0,0.0,0.0,0.0,8.3,,0.0,0.0,0.0,0.0,0.0,0.0,0.0,0.0,,,248585000,0.240964,19967990713.333336
chess::operator|,0.003000,0.003000,0.0,0.0,0.0,0.0,0.0,0.0,0.0,0.0,0.0,0.0,0.0,0.0,0.0,0.0,0.0,0.0,0.0,,,71880000,0.333333,7987196285.333333
chess::operator|,0.003000,0.003000,0.0,0.0,0.0,0.0,0.0,0.0,0.0,0.0,0.0,0.0,20.0,0.0,0.0,0.0,0.0,0.0,0.0,,,2995000,2.000000,1996799071.333333
chess::operator|,0.003000,0.003000,0.0,0.0,0.0,0.0,0.0,0.0,0.0,0.0,0.0,0.0,0.0,0.0,0.0,0.0,0.0,0.0,0.0,,,53910000,0.333333,5990397214.000000
chess::operator~,0.003000,0.003000,0.0,0.0,0.0,0.0,0.0,0.0,0.0,0.0,0.0,0.0,0.0,0.0,0.0,0.0,0.0,0.0,0.0,,,56905000,0.210526,3993598142.666667
chess::operator~,0.003000,0.003000,0.0,0.0,0.0,0.0,0.0,0.0,0.0,0.0,0.0,0.0,0.0,0.0,0.0,0.0,0.0,0.0,0.0,,,47920000,0.562500,8985595821.000000
chess::operator~,0.003000,0.003000,0.0,0.0,0.0,0.0,0.0,0.0,0.0,0.0,0.0,0.0,0.0,0.0,0.0,0.0,0.0,0.0,0.0,,,17970000,1.333333,7987196285.333333
engine::Search::evaluate,0.003000,0.003000,0.0,0.0,0.0,0.0,66.8,0.0,33.4,0.0,,0.0,0.0,0.0,0.0,0.0,0.0,0.0,0.0,,,32945000,0.454545,4991997678.333334
engine::Search::thread,0.003000,0.003000,0.0,0.0,0.0,0.0,55.6,0.0,27.8,0.0,0.0,0.0,0.0,0.0,0.0,0.0,0.0,0.0,0.0,,,35940000,0.500000,5990397214.000000
engine::Search::thread,0.003000,0.003000,0.0,0.0,0.0,0.0,0.0,0.0,0.0,0.0,0.0,0.0,0.0,0.0,0.0,0.0,0.0,0.0,0.0,,,23960000,1.000000,7987196285.333333
func@0x1400e3530,0.003000,0.003000,0.0,0.0,0.0,0.0,83.5,0.0,0.0,0.0,0.0,0.0,0.0,0.0,0.0,0.0,0.0,0.0,0.0,,,5990000,4.000000,7987196285.333333
func@0x140202360,0.003000,0.003000,0.0,0.0,0.0,0.0,0.0,0.0,0.0,0.0,0.0,0.0,0.0,0.0,0.0,0.0,0.0,0.0,0.0,SSE(128),,11980000,1.500000,5990397214.000000
func@0x1402960f0,0.003000,0.003000,0.0,0.0,0.0,0.0,0.0,0.0,0.0,0.0,0.0,0.0,0.0,0.0,0.0,0.0,0.0,0.0,0.0,,,2995000,0.0,0.0
func@0x14029c8f0,0.003000,0.003000,0.0,0.0,20.0,20.0,20.9,0.0,20.9,0.0,0.0,0.0,0.0,0.0,0.0,0.0,0.0,0.0,0.0,,,5990000,4.000000,7987196285.333333
func@0x1403b2b10,0.003000,0.003000,0.0,0.0,,,0.0,100.0,0.0,100.0,0.0,0.0,0.0,0.0,0.0,0.0,0.0,0.0,0.0,,,0,,998399535.666667
func@0x1403e1d50,0.003000,0.003000,0.0,0.0,50.0,50.0,0.0,0.0,83.5,0.0,0.0,0.0,,,,0.0,0.0,0.0,0.0,SSE(128),,0,,3993598142.666667
func@0x140438770,0.003000,0.003000,0.0,0.0,0.0,0.0,0.0,0.0,0.0,0.0,0.0,0.0,0.0,0.0,0.0,0.0,0.0,0.0,0.0,SSE(128),,17970000,0.833333,4991997678.333334
func@0x1406ac1e0,0.003000,0.003000,0.0,0.0,0.0,0.0,0.0,0.0,100.0,0.0,0.0,0.0,0.0,0.0,0.0,0.0,0.0,0.0,0.0,,,2995000,5.000000,4991997678.333334
func@0x1406b1eb0,0.003000,0.003000,0.0,0.0,0.0,0.0,0.0,55.6,0.0,0.0,,0.0,0.0,0.0,0.0,0.0,0.0,0.0,0.0,,,0,,2995198607.000000
func@0x140ce0a50,0.003000,0.003000,0.0,0.0,,,100.0,95.4,0.0,23.8,0.0,0.0,0.0,0.0,0.0,0.0,0.0,0.0,0.0,,,0,,6988796749.666667
"std::array<chess::Bitboard,64>::operator[]",0.003000,0.003000,0.0,0.0,0.0,0.0,0.0,0.0,0.0,0.0,0.0,0.0,0.0,0.0,0.0,0.0,0.0,0.0,0.0,,,53910000,0.388889,6988796749.666667
"std::array<chess::Bitboard,64>::operator[]",0.003000,0.003000,0.0,0.0,0.0,0.0,0.0,0.0,0.0,0.0,0.0,0.0,,,,0.0,0.0,0.0,0.0,,,35940000,0.166667,1996799071.333333
"std::array<chess::Bitboard,64>::operator[]",0.003000,0.003000,0.0,0.0,0.0,0.0,0.0,0.0,0.0,0.0,0.0,0.0,0.0,0.0,0.0,0.0,0.0,0.0,0.0,,,53910000,0.166667,2995198607.000000
"std::array<chess::Bitboard,64>::operator[]",0.003000,0.003000,0.0,0.0,0.0,0.0,0.0,0.0,0.0,0.0,0.0,0.0,0.0,0.0,0.0,0.0,0.0,0.0,0.0,,,23960000,0.625000,4991997678.333334
"std::array<chess::Bitboard,8>::operator[]",0.003000,0.003000,0.0,0.0,0.0,0.0,0.0,0.0,0.0,0.0,0.0,0.0,0.0,0.0,0.0,0.0,0.0,0.0,0.0,,,29950000,0.600000,5990397214.000000
"std::array<chess::Move,64>::operator[]",0.003000,0.003000,0.0,0.0,0.0,0.0,83.5,0.0,0.0,0.0,0.0,0.0,0.0,0.0,0.0,0.0,0.0,0.0,0.0,,,35940000,0.333333,3993598142.666667
"std::array<std::array<chess::Bitboard,64>,8>::operator[]",0.003000,0.003000,0.0,0.0,0.0,0.0,0.0,0.0,0.0,0.0,0.0,0.0,0.0,0.0,0.0,0.0,0.0,0.0,0.0,,,56905000,0.105263,1996799071.333333
"std::array<std::array<int,64>,64>::operator[]",0.003000,0.003000,0.0,0.0,66.7,66.7,83.5,0.0,0.0,0.0,0.0,0.0,0.0,0.0,0.0,0.0,0.0,0.0,0.0,,,44925000,0.266667,3993598142.666667
std::countr_zero,0.003000,0.003000,0.0,0.0,0.0,0.0,0.0,0.0,0.0,0.0,0.0,0.0,0.0,0.0,0.0,0.0,0.0,0.0,0.0,,,59900000,0.200000,3993598142.666667
std::countr_zero,0.003000,0.003000,0.0,0.0,0.0,0.0,0.0,0.0,0.0,0.0,0.0,0.0,0.0,0.0,0.0,0.0,0.0,0.0,0.0,,,23960000,0.125000,998399535.666667
std::popcount,0.003000,0.003000,0.0,0.0,0.0,0.0,0.0,0.0,0.0,0.0,0.0,0.0,0.0,0.0,0.0,0.0,0.0,0.0,0.0,,,59900000,0.600000,11980794428.000000
std::ranges::_Guess_median_common,0.003000,0.003000,0.0,0.0,0.0,0.0,0.0,0.0,0.0,0.0,0.0,0.0,0.0,0.0,0.0,0.0,0.0,0.0,0.0,,,5990000,1.500000,2995198607.000000
std::ranges::_Swap::_Cpo::operator(),0.003000,0.003000,0.0,0.0,0.0,0.0,0.0,0.0,0.0,0.0,0.0,0.0,0.0,0.0,0.0,0.0,0.0,0.0,0.0,,,2995000,2.000000,1996799071.333333
KeAcquireInStackQueuedSpinLock,0.002000,0.002000,0.0,0.0,0.0,0.0,0.0,0.0,41.7,0.0,0.0,0.0,0.0,0.0,0.0,0.0,0.0,0.0,0.0,,,2995000,4.000000,5990397214.000000
KeLowerIrql,0.002000,0.002000,0.0,0.0,0.0,0.0,0.0,0.0,0.0,0.0,0.0,0.0,0.0,0.0,0.0,0.0,0.0,0.0,0.0,,,5990000,0.500000,1497599303.500000
KeSetEvent,0.002000,0.002000,0.0,0.0,0.0,0.0,0.0,100.0,0.0,0.0,0.0,0.0,,,,0.0,0.0,0.0,0.0,,,2995000,1.000000,1497599303.500000
Query_perf_frequency,0.002000,0.002000,0.0,0.0,0.0,0.0,0.0,0.0,100.0,0.0,0.0,0.0,0.0,0.0,0.0,0.0,0.0,0.0,0.0,,,0,,1497599303.500000
RtlLeaveCriticalSection,0.002000,0.0,0.002000,0.0,0.0,0.0,0.0,0.0,0.0,0.0,0.0,0.0,0.0,0.0,0.0,0.0,0.0,0.0,0.0,,,2995000,0.0,0.0
[Import thunk memcpy],0.002000,0.002000,0.0,0.0,0.0,0.0,0.0,0.0,0.0,0.0,0.0,0.0,0.0,0.0,0.0,0.0,0.0,0.0,0.0,,,11980000,0.250000,1497599303.500000
[Loop at line 721 in engine::Evaluator::rookEval],0.002000,0.002000,0.0,0.0,0.0,0.0,33.4,0.0,0.0,0.0,0.0,0.0,0.0,0.0,0.0,0.0,0.0,0.0,0.0,,,44925000,0.666667,14975993035.000000
[Loop@0x140202402 in func@0x140202360],0.002000,0.002000,0.0,0.0,0.0,0.0,0.0,0.0,55.6,0.0,0.0,0.0,0.0,0.0,0.0,0.0,0.0,0.0,0.0,,,29950000,0.300000,4492797910.500000
[Loop@0x140294b70 in func@0x140294a20],0.002000,0.002000,0.0,0.0,0.0,0.0,0.0,0.0,0.0,0.0,0.0,0.0,0.0,0.0,0.0,0.0,0.0,0.0,0.0,,,5990000,0.500000,1497599303.500000
[Loop@0x140296ba0 in func@0x140296b30],0.002000,0.002000,0.0,0.0,0.0,0.0,0.0,55.6,100.0,0.0,0.0,0.0,0.0,0.0,0.0,0.0,0.0,0.0,0.0,,,5990000,1.500000,4492797910.500000
[Loop@0x14029bf11 in func@0x14029bd64],0.002000,0.002000,0.0,0.0,0.0,0.0,0.0,0.0,0.0,0.0,0.0,0.0,0.0,0.0,0.0,0.0,0.0,0.0,0.0,,,11980000,0.0,0.0
[Loop@0x1402e6d0b in func@0x1402e6c70],0.002000,0.002000,0.0,0.0,,,0.0,33.4,0.0,100.0,0.0,0.0,0.0,0.0,0.0,0.0,0.0,0.0,0.0,,,2995000,5.000000,7487996517.500000
[Loop@0x1402edd9d in func@0x1402edd42],0.002000,0.002000,0.0,0.0,,,0.0,0.0,0.0,0.0,0.0,0.0,0.0,0.0,0.0,0.0,0.0,0.0,0.0,,,14975000,0.800000,5990397214.000000
[Loop@0x140319ac7 in func@0x140319000],0.002000,0.002000,0.0,0.0,0.0,0.0,0.0,0.0,33.4,0.0,0.0,0.0,0.0,0.0,0.0,0.0,0.0,0.0,0.0,,,11980000,1.250000,7487996517.500000
[Loop@0x1403220fe in func@0x1403220b0],0.002000,0.002000,0.0,0.0,,,0.0,55.6,0.0,100.0,0.0,0.0,0.0,0.0,0.0,0.0,0.0,0.0,0.0,SSE(128),,2995000,3.000000,4492797910.500000
[Loop@0x14033d160 in func@0x14033cf22],0.002000,0.002000,0.0,0.0,0.0,0.0,0.0,100.0,0.0,0.0,0.0,0.0,0.0,0.0,0.0,0.0,0.0,0.0,0.0,,,5990000,0.500000,1497599303.500000
[Loop@0x1403d19b0 in func@0x1403d1820],0.002000,0.002000,0.0,0.0,,,0.0,0.0,0.0,0.0,0.0,0.0,0.0,0.0,0.0,0.0,0.0,0.0,0.0,,,2995000,2.000000,2995198607.000000
[Loop@0x14040f67a in func@0x14040f5c0],0.002000,0.002000,0.0,0.0,0.0,0.0,0.0,0.0,0.0,0.0,0.0,0.0,0.0,0.0,0.0,0.0,0.0,0.0,0.0,,,0,,1497599303.500000
[Loop@0x14042b670 in func@0x14042b5d0],0.002000,0.002000,0.0,0.0,,,0.0,0.0,0.0,0.0,0.0,0.0,0.0,0.0,0.0,0.0,0.0,0.0,0.0,,,2995000,2.000000,2995198607.000000
[Loop@0x1404f2cec in func@0x1404f2aa0],0.002000,0.002000,0.0,0.0,0.0,0.0,0.0,0.0,0.0,100.0,0.0,0.0,0.0,0.0,0.0,0.0,0.0,0.0,0.0,,,0,,1497599303.500000
[Loop@0x1406b2dc7 in ExpInterlockedPopEntrySList],0.002000,0.002000,0.0,0.0,,,0.0,100.0,0.0,0.0,,0.0,0.0,0.0,0.0,0.0,0.0,0.0,0.0,,,8985000,0.333333,1497599303.500000
[Loop@0x18000bf65 in func@0x18000bf37],0.002000,0.002000,0.0,0.0,0.0,0.0,,0.0,0.0,0.0,0.0,0.0,0.0,0.0,0.0,0.0,0.0,0.0,0.0,,,0,0.0,0.0
[Loop@0x180012810 in memset],0.002000,0.002000,0.0,0.0,0.0,0.0,0.0,0.0,0.0,0.0,0.0,0.0,0.0,0.0,0.0,0.0,0.0,0.0,0.0,AVX(256),,0,,4492797910.500000
[ntoskrnl.exe],0.002000,0.002000,0.0,0.0,,,100.0,0.0,0.0,55.6,0.0,0.0,0.0,0.0,0.0,0.0,0.0,0.0,0.0,,,0,,4492797910.500000
boost::archive::detail::basic_iarchive_impl::load_object,0.002000,0.002000,0.0,0.0,0.0,0.0,0.0,0.0,0.0,0.0,0.0,0.0,0.0,0.0,0.0,0.0,0.0,0.0,0.0,,,11980000,0.0,0.0
boost::archive::detail::basic_iarchive_impl::load_preamble,0.002000,0.002000,0.0,0.0,0.0,0.0,0.0,0.0,0.0,0.0,0.0,0.0,0.0,0.0,0.0,0.0,0.0,0.0,0.0,,,26955000,0.333333,4492797910.500000
boost::archive::object_id_type::operator=,0.002000,0.002000,0.0,0.0,0.0,0.0,0.0,0.0,0.0,0.0,0.0,0.0,0.0,0.0,0.0,0.0,0.0,0.0,0.0,,,8985000,0.333333,1497599303.500000
chess::Attacks::detail::Magic::index,0.002000,0.002000,0.0,0.0,0.0,0.0,0.0,0.0,0.0,0.0,0.0,0.0,0.0,0.0,0.0,0.0,0.0,0.0,0.0,,,11980000,1.000000,5990397214.000000
chess::Bitboard::operator^=,0.002000,0.002000,0.0,0.0,0.0,0.0,0.0,0.0,0.0,0.0,0.0,0.0,0.0,0.0,0.0,0.0,0.0,0.0,0.0,,,23960000,0.0,0.0
chess::CastlingRights::isEmpty,0.002000,0.002000,0.0,0.0,0.0,0.0,0.0,0.0,0.0,0.0,0.0,0.0,0.0,0.0,0.0,0.0,0.0,0.0,0.0,,,14975000,0.200000,1497599303.500000
chess::Color::sign,0.002000,0.002000,0.0,0.0,0.0,0.0,0.0,0.0,0.0,0.0,0.0,0.0,0.0,0.0,0.0,0.0,0.0,0.0,0.0,,,11980000,0.500000,2995198607.000000
chess::Direction::pawnPush,0.002000,0.002000,0.0,0.0,0.0,0.0,0.0,0.0,0.0,0.0,0.0,0.0,0.0,0.0,0.0,0.0,0.0,0.0,0.0,,,2995000,2.000000,2995198607.000000
chess::Move::encode,0.002000,0.002000,0.0,0.0,0.0,0.0,0.0,0.0,100.0,0.0,0.0,0.0,0.0,0.0,0.0,0.0,0.0,0.0,0.0,,,14975000,0.200000,1497599303.500000
chess::Move::from,0.002000,0.002000,0.0,0.0,0.0,0.0,0.0,41.7,0.0,0.0,0.0,0.0,0.0,0.0,0.0,0.0,0.0,0.0,0.0,,,5990000,2.000000,5990397214.000000
chess::Move::operator==,0.002000,0.002000,0.0,0.0,0.0,0.0,0.0,0.0,0.0,0.0,0.0,0.0,0.0,0.0,0.0,0.0,0.0,0.0,0.0,,,53910000,0.055556,1497599303.500000
chess::Move::to,0.002000,0.002000,0.0,0.0,0.0,0.0,0.0,0.0,0.0,0.0,0.0,0.0,0.0,0.0,0.0,0.0,0.0,0.0,0.0,,,38935000,0.384615,7487996517.500000
chess::Move::type,0.002000,0.002000,0.0,0.0,16.7,16.7,0.0,27.8,0.0,0.0,0.0,0.0,0.0,0.0,0.0,0.0,0.0,0.0,0.0,,,20965000,0.857143,8985595821.000000
chess::MoveGenerator::reset,0.002000,0.002000,0.0,0.0,,,0.0,0.0,0.0,0.0,0.0,0.0,0.0,0.0,0.0,0.0,0.0,0.0,0.0,,,0,,5990397214.000000
chess::Position::getOccupiedBb,0.002000,0.002000,0.0,0.0,0.0,0.0,0.0,0.0,0.0,0.0,0.0,0.0,0.0,0.0,0.0,0.0,0.0,0.0,0.0,,,38935000,0.307692,5990397214.000000
chess::Position::getPiece,0.002000,0.002000,0.0,0.0,0.0,0.0,0.0,0.0,0.0,0.0,0.0,0.0,0.0,0.0,0.0,0.0,0.0,0.0,0.0,,,14975000,0.0,0.0
chess::Position::getPieceBb,0.002000,0.002000,0.0,0.0,0.0,0.0,0.0,0.0,0.0,0.0,0.0,0.0,0.0,0.0,0.0,0.0,0.0,0.0,0.0,,,5990000,0.0,0.0
chess::Position::getPieceBb,0.002000,0.002000,0.0,0.0,0.0,0.0,0.0,0.0,0.0,0.0,0.0,0.0,0.0,0.0,0.0,0.0,0.0,0.0,0.0,,,41930000,0.357143,7487996517.500000
chess::Position::undoNullMove,0.002000,0.002000,0.0,0.0,0.0,0.0,0.0,0.0,0.0,0.0,0.0,0.0,0.0,0.0,0.0,0.0,0.0,0.0,0.0,,,32945000,1.000000,16473592338.500000
chess::Value::operator int,0.002000,0.002000,0.0,0.0,0.0,0.0,0.0,0.0,0.0,0.0,0.0,0.0,0.0,0.0,0.0,0.0,0.0,0.0,0.0,,,35940000,0.250000,4492797910.500000
chess::Value::{ctor},0.002000,0.002000,0.0,0.0,0.0,0.0,0.0,0.0,0.0,0.0,0.0,0.0,0.0,0.0,0.0,0.0,0.0,0.0,0.0,,,29950000,0.900000,13478393731.500000
chess::moveValueGreaterComparator::operator(),0.002000,0.002000,0.0,0.0,0.0,0.0,0.0,0.0,0.0,0.0,0.0,0.0,0.0,0.0,0.0,0.0,0.0,0.0,0.0,,,14975000,0.400000,2995198607.000000
chess::operator&,0.002000,0.002000,0.0,0.0,0.0,0.0,0.0,0.0,0.0,0.0,0.0,0.0,0.0,0.0,0.0,0.0,0.0,0.0,0.0,,,29950000,0.300000,4492797910.500000
chess::operator&,0.002000,0.002000,0.0,0.0,0.0,0.0,0.0,0.0,0.0,0.0,0.0,0.0,0.0,0.0,0.0,0.0,0.0,0.0,0.0,,,20965000,0.428571,4492797910.500000
chess::operator&,0.002000,0.002000,0.0,0.0,,,0.0,0.0,0.0,0.0,0.0,0.0,0.0,0.0,0.0,0.0,0.0,0.0,0.0,,,23960000,0.500000,5990397214.000000
chess::operator&,0.002000,0.002000,0.0,0.0,0.0,0.0,0.0,0.0,0.0,0.0,0.0,0.0,0.0,0.0,0.0,0.0,0.0,0.0,0.0,,,74875000,0.200000,7487996517.500000
chess::operator&,0.002000,0.002000,0.0,0.0,0.0,0.0,0.0,0.0,0.0,0.0,0.0,0.0,0.0,0.0,0.0,0.0,0.0,0.0,0.0,,,50915000,0.235294,5990397214.000000
chess::operator&,0.002000,0.002000,0.0,0.0,0.0,0.0,0.0,0.0,0.0,0.0,0.0,0.0,0.0,0.0,0.0,0.0,0.0,0.0,0.0,,,23960000,0.125000,1497599303.500000
chess::operator&,0.002000,0.002000,0.0,0.0,0.0,0.0,0.0,0.0,0.0,0.0,0.0,0.0,0.0,0.0,0.0,0.0,0.0,0.0,0.0,,,68885000,0.304348,10483195124.500000
chess::operator&,0.002000,0.002000,0.0,0.0,0.0,0.0,0.0,0.0,0.0,0.0,0.0,0.0,0.0,0.0,0.0,0.0,0.0,0.0,0.0,,,5990000,1.000000,2995198607.000000
chess::operator&,0.002000,0.002000,0.0,0.0,0.0,0.0,41.7,0.0,0.0,0.0,0.0,0.0,0.0,0.0,0.0,0.0,0.0,0.0,0.0,,,29950000,0.800000,11980794428.000000
chess::operator&,0.002000,0.002000,0.0,0.0,0.0,0.0,0.0,27.8,0.0,0.0,,0.0,,,,0.0,0.0,0.0,0.0,,,44925000,0.400000,8985595821.000000
chess::operator*,0.002000,0.002000,0.0,0.0,0.0,0.0,0.0,0.0,0.0,0.0,0.0,0.0,,0.0,0.0,0.0,0.0,0.0,0.0,,,17970000,0.500000,4492797910.500000
chess::operator+,0.002000,0.002000,0.0,0.0,0.0,0.0,0.0,0.0,0.0,0.0,0.0,0.0,0.0,0.0,0.0,0.0,0.0,0.0,0.0,,,17970000,0.833333,7487996517.500000
chess::operator+,0.002000,0.002000,0.0,0.0,0.0,0.0,0.0,0.0,0.0,0.0,0.0,0.0,0.0,0.0,0.0,0.0,0.0,0.0,0.0,,,11980000,0.500000,2995198607.000000
chess::operator+,0.002000,0.002000,0.0,0.0,50.0,50.0,37.1,0.0,37.1,0.0,0.0,0.0,0.0,0.0,0.0,0.0,0.0,0.0,0.0,,,89850000,0.300000,13478393731.500000
chess::operator+,0.002000,0.002000,0.0,0.0,0.0,0.0,0.0,0.0,0.0,0.0,0.0,0.0,0.0,0.0,0.0,0.0,0.0,0.0,0.0,,,26955000,0.333333,4492797910.500000
chess::operator+=,0.002000,0.002000,0.0,0.0,0.0,0.0,0.0,0.0,0.0,0.0,0.0,0.0,0.0,0.0,0.0,0.0,0.0,0.0,0.0,,,20965000,0.285714,2995198607.000000
chess::operator+=,0.002000,0.002000,0.0,0.0,0.0,0.0,0.0,0.0,0.0,0.0,0.0,0.0,0.0,0.0,0.0,0.0,0.0,0.0,0.0,,,41930000,0.0,0.0
chess::operator+=,0.002000,0.002000,0.0,0.0,0.0,0.0,0.0,0.0,0.0,0.0,0.0,0.0,0.0,0.0,0.0,0.0,0.0,0.0,0.0,,,14975000,0.400000,2995198607.000000
chess::operator-,0.002000,0.002000,0.0,0.0,50.0,50.0,55.6,0.0,0.0,0.0,0.0,0.0,0.0,0.0,0.0,0.0,0.0,0.0,0.0,,,0,,8985595821.000000
chess::operator-,0.002000,0.002000,0.0,0.0,0.0,0.0,0.0,0.0,0.0,0.0,0.0,0.0,0.0,0.0,0.0,0.0,0.0,0.0,0.0,,,17970000,0.166667,1497599303.500000
chess::operator-,0.002000,0.002000,0.0,0.0,100.0,100.0,100.0,0.0,0.0,0.0,0.0,0.0,0.0,0.0,0.0,0.0,0.0,0.0,0.0,,,2995000,2.000000,2995198607.000000
chess::operator-,0.002000,0.002000,0.0,0.0,100.0,100.0,0.0,0.0,0.0,0.0,0.0,0.0,0.0,0.0,0.0,0.0,0.0,0.0,0.0,,,11980000,1.250000,7487996517.500000
chess::operator-,0.002000,0.002000,0.0,0.0,0.0,0.0,0.0,0.0,0.0,0.0,0.0,0.0,0.0,0.0,0.0,0.0,0.0,0.0,0.0,,,29950000,0.600000,8985595821.000000
chess::operator==,0.002000,0.002000,0.0,0.0,0.0,0.0,0.0,0.0,0.0,0.0,0.0,0.0,0.0,0.0,0.0,0.0,0.0,0.0,0.0,,,5990000,0.0,0.0
chess::operator^=,0.002000,0.002000,0.0,0.0,0.0,0.0,0.0,0.0,0.0,0.0,0.0,0.0,0.0,0.0,0.0,0.0,0.0,0.0,0.0,,,50915000,0.529412,13478393731.500000
chess::operator|,0.002000,0.002000,0.0,0.0,0.0,0.0,100.0,0.0,0.0,0.0,0.0,0.0,0.0,0.0,0.0,0.0,0.0,0.0,0.0,,,17970000,0.333333,2995198607.000000
chess::operator|,0.002000,0.002000,0.0,0.0,0.0,0.0,0.0,0.0,0.0,0.0,0.0,0.0,0.0,0.0,0.0,0.0,0.0,0.0,0.0,,,11980000,0.750000,4492797910.500000
chess::operator|,0.002000,0.002000,0.0,0.0,,,0.0,0.0,0.0,0.0,0.0,0.0,0.0,0.0,0.0,0.0,0.0,0.0,0.0,,,38935000,1.153846,22463989552.500000
chess::operator~,0.002000,0.002000,0.0,0.0,0.0,0.0,0.0,0.0,0.0,0.0,0.0,0.0,0.0,0.0,0.0,0.0,0.0,0.0,0.0,,,14975000,1.800000,13478393731.500000
chess::operator~,0.002000,0.002000,0.0,0.0,0.0,0.0,0.0,23.8,0.0,0.0,0.0,0.0,0.0,0.0,0.0,0.0,0.0,0.0,0.0,,,53910000,0.388889,10483195124.500000
chess::operator~,0.002000,0.002000,0.0,0.0,0.0,0.0,0.0,0.0,0.0,0.0,0.0,0.0,0.0,0.0,0.0,0.0,0.0,0.0,0.0,,,17970000,0.333333,2995198607.000000
chess::typeOf,0.002000,0.002000,0.0,0.0,0.0,0.0,0.0,0.0,0.0,0.0,0.0,0.0,0.0,0.0,0.0,0.0,0.0,0.0,0.0,,,41930000,0.714286,14975993035.000000
chess::valueOf,0.002000,0.002000,0.0,0.0,0.0,0.0,0.0,0.0,0.0,0.0,0.0,0.0,0.0,0.0,0.0,0.0,0.0,0.0,0.0,,,47920000,0.312500,7487996517.500000
engine::Evaluator::prefetch,0.002000,0.002000,0.0,0.0,0.0,0.0,55.6,27.8,27.8,0.0,100.0,0.0,0.0,20.0,0.0,0.0,0.0,0.0,0.0,,,0,,10483195124.500000
engine::PawnTT::getHash,0.002000,0.002000,0.0,0.0,0.0,0.0,0.0,0.0,0.0,0.0,0.0,0.0,0.0,0.0,0.0,0.0,0.0,0.0,0.0,,,2995000,1.000000,1497599303.500000
engine::Search::isTimeAlmostUp,0.002000,0.002000,0.0,0.0,50.0,50.0,0.0,0.0,27.8,0.0,,0.0,0.0,0.0,0.0,0.0,0.0,0.0,0.0,,,20965000,1.000000,10483195124.500000
engine::Search::thread,0.002000,0.002000,0.0,0.0,0.0,0.0,100.0,0.0,100.0,0.0,0.0,0.0,0.0,0.0,0.0,0.0,0.0,0.0,0.0,,,59900000,0.050000,1497599303.500000
engine::Search::thread,0.002000,0.002000,0.0,0.0,0.0,0.0,0.0,0.0,0.0,0.0,0.0,0.0,0.0,0.0,0.0,0.0,0.0,0.0,0.0,,,0,,1497599303.500000
engine::Search::thread,0.002000,0.002000,0.0,0.0,0.0,0.0,0.0,0.0,0.0,0.0,0.0,0.0,0.0,0.0,0.0,0.0,0.0,0.0,0.0,,,11980000,0.500000,2995198607.000000
engine::Search::thread,0.002000,0.002000,0.0,0.0,0.0,0.0,0.0,0.0,0.0,0.0,0.0,0.0,0.0,0.0,0.0,0.0,0.0,0.0,0.0,,,29950000,0.400000,5990397214.000000
func@0x140013c80,0.002000,0.002000,0.0,0.0,0.0,0.0,0.0,0.0,0.0,0.0,0.0,0.0,0.0,0.0,0.0,0.0,0.0,0.0,0.0,SSE(128),,0,0.0,0.0
func@0x140025370,0.002000,0.002000,0.0,0.0,0.0,0.0,0.0,0.0,0.0,0.0,0.0,0.0,0.0,0.0,0.0,0.0,0.0,0.0,0.0,SSE(128),,0,,2995198607.000000
func@0x140067c00,0.002000,0.002000,0.0,0.0,0.0,0.0,,0.0,0.0,0.0,0.0,0.0,0.0,0.0,0.0,0.0,0.0,0.0,0.0,,,0,0.0,0.0
func@0x1400f9dc0,0.002000,0.002000,0.0,0.0,0.0,0.0,,0.0,,,0.0,0.0,0.0,0.0,0.0,0.0,0.0,0.0,0.0,,,0,0.0,0.0
func@0x140106260,0.002000,0.002000,0.0,0.0,0.0,0.0,,,0.0,0.0,0.0,0.0,0.0,0.0,0.0,0.0,0.0,0.0,0.0,,,0,0.0,0.0
func@0x14011f200,0.002000,0.002000,0.0,0.0,,,0.0,100.0,0.0,0.0,0.0,0.0,0.0,0.0,0.0,0.0,0.0,0.0,0.0,,,0,,1497599303.500000
func@0x1402227ca,0.002000,0.002000,0.0,0.0,0.0,0.0,,,,,0.0,0.0,0.0,0.0,0.0,0.0,0.0,0.0,0.0,,,0,0.0,0.0
func@0x140279b30,0.002000,0.002000,0.0,0.0,0.0,0.0,0.0,0.0,0.0,0.0,0.0,0.0,0.0,0.0,0.0,0.0,0.0,0.0,0.0,,,11980000,0.250000,1497599303.500000
func@0x140294430,0.002000,0.002000,0.0,0.0,0.0,0.0,0.0,0.0,100.0,0.0,0.0,0.0,0.0,0.0,0.0,0.0,0.0,0.0,0.0,,,11980000,0.500000,2995198607.000000
func@0x14029b580,0.002000,0.002000,0.0,0.0,50.0,50.0,0.0,100.0,0.0,100.0,0.0,0.0,,,,0.0,0.0,0.0,0.0,,,5990000,2.000000,5990397214.000000
func@0x14029dc10,0.002000,0.002000,0.0,0.0,0.0,0.0,0.0,0.0,100.0,0.0,0.0,0.0,0.0,0.0,0.0,0.0,0.0,0.0,0.0,SSE(128),,5990000,0.500000,1497599303.500000
func@0x14029ea20,0.002000,0.002000,0.0,0.0,0.0,0.0,41.7,100.0,0.0,0.0,0.0,0.0,0.0,0.0,0.0,0.0,0.0,0.0,0.0,SSE(128),,5990000,2.000000,5990397214.000000
func@0x1402ebfd0,0.002000,0.002000,0.0,0.0,,,0.0,100.0,0.0,83.5,0.0,0.0,0.0,0.0,0.0,0.0,0.0,0.0,0.0,,,2995000,2.000000,2995198607.000000
func@0x1402ec11d,0.002000,0.002000,0.0,0.0,0.0,0.0,16.7,16.7,0.0,0.0,0.0,0.0,0.0,0.0,0.0,0.0,0.0,0.0,0.0,,,11980000,2.500000,14975993035.000000
func@0x1402ec8e8,0.002000,0.002000,0.0,0.0,0.0,0.0,0.0,0.0,0.0,0.0,0.0,0.0,0.0,0.0,0.0,0.0,0.0,0.0,0.0,,,0,,1497599303.500000
func@0x140309bb0,0.002000,0.002000,0.0,0.0,0.0,0.0,0.0,,,0.0,0.0,0.0,0.0,0.0,0.0,0.0,0.0,0.0,0.0,,,8985000,0.0,0.0
func@0x1403ea474,0.002000,0.002000,0.0,0.0,0.0,0.0,100.0,0.0,33.4,0.0,0.0,0.0,0.0,0.0,0.0,0.0,0.0,0.0,0.0,SSE(128),,2995000,5.000000,7487996517.500000
func@0x1404154d0,0.002000,0.002000,0.0,0.0,0.0,0.0,0.0,0.0,0.0,0.0,0.0,0.0,0.0,0.0,0.0,0.0,0.0,0.0,0.0,,,0,,7487996517.500000
func@0x1404e76a0,0.002000,0.002000,0.0,0.0,0.0,0.0,0.0,0.0,41.7,0.0,0.0,0.0,0.0,0.0,0.0,0.0,0.0,0.0,0.0,SSE(128),,8985000,1.333333,5990397214.000000
func@0x140cde380,0.002000,0.002000,0.0,0.0,0.0,0.0,0.0,0.0,0.0,0.0,0.0,0.0,0.0,0.0,0.0,0.0,0.0,0.0,0.0,,,0,0.0,0.0
func@0x140cff08b,0.002000,0.002000,0.0,0.0,0.0,0.0,0.0,0.0,0.0,0.0,0.0,0.0,0.0,0.0,0.0,0.0,0.0,0.0,0.0,,,0,0.0,0.0
func@0x140d0e700,0.002000,0.002000,0.0,0.0,0.0,0.0,0.0,0.0,0.0,0.0,0.0,0.0,0.0,0.0,0.0,0.0,0.0,0.0,0.0,,,0,,2995198607.000000
func@0x1d194,0.002000,0.002000,0.0,0.0,0.0,0.0,100.0,0.0,0.0,0.0,0.0,0.0,0.0,0.0,0.0,0.0,0.0,0.0,0.0,,,0,,1497599303.500000
memmove,0.002000,0.002000,0.0,0.0,0.0,0.0,0.0,0.0,0.0,0.0,0.0,0.0,0.0,0.0,0.0,0.0,0.0,0.0,0.0,AVX(256); SSE(128); SSE2(128),,0,0.0,0.0
"std::_Atomic_storage<unsigned __int64,8>::load",0.002000,0.002000,0.0,0.0,0.0,0.0,0.0,0.0,0.0,0.0,,0.0,0.0,0.0,0.0,0.0,0.0,0.0,0.0,,,0,,1497599303.500000
"std::_Atomic_storage<unsigned __int64,8>::store",0.002000,0.002000,0.0,0.0,0.0,0.0,0.0,0.0,41.7,0.0,0.0,0.0,0.0,0.0,0.0,0.0,0.0,0.0,0.0,,,17970000,0.666667,5990397214.000000
"std::array<chess::Bitboard,64>::operator[]",0.002000,0.002000,0.0,0.0,0.0,0.0,0.0,0.0,0.0,0.0,0.0,0.0,0.0,0.0,0.0,0.0,0.0,0.0,0.0,,,14975000,0.0,0.0
"std::array<chess::Bitboard,8>::operator[]",0.002000,0.002000,0.0,0.0,0.0,0.0,0.0,0.0,0.0,0.0,0.0,0.0,0.0,0.0,0.0,0.0,0.0,0.0,0.0,,,23960000,0.875000,10483195124.500000
"std::array<chess::Bitboard,8>::operator[]",0.002000,0.002000,0.0,0.0,100.0,100.0,100.0,0.0,0.0,0.0,,0.0,0.0,0.0,0.0,0.0,0.0,0.0,0.0,,,17970000,0.500000,4492797910.500000
"std::array<std::array<chess::Bitboard,64>,2>::operator[]",0.002000,0.002000,0.0,0.0,0.0,0.0,66.8,0.0,0.0,0.0,0.0,0.0,0.0,0.0,0.0,0.0,0.0,0.0,0.0,,,68885000,0.217391,7487996517.500000
"std::basic_streambuf<char,std::char_traits<char> >::gbump",0.002000,0.002000,0.0,0.0,0.0,0.0,0.0,0.0,0.0,0.0,0.0,0.0,0.0,0.0,0.0,0.0,0.0,0.0,0.0,,,11980000,0.500000,2995198607.000000
std::countr_zero,0.002000,0.002000,0.0,0.0,0.0,0.0,0.0,0.0,0.0,0.0,0.0,0.0,0.0,0.0,0.0,0.0,0.0,0.0,0.0,,,23960000,0.125000,1497599303.500000
std::countr_zero,0.002000,0.002000,0.0,0.0,0.0,0.0,0.0,0.0,0.0,0.0,0.0,0.0,0.0,0.0,0.0,0.0,0.0,0.0,0.0,,,59900000,0.150000,4492797910.500000
std::popcount,0.002000,0.002000,0.0,0.0,0.0,0.0,0.0,0.0,0.0,0.0,0.0,0.0,0.0,0.0,0.0,0.0,0.0,0.0,0.0,,,8985000,0.0,0.0
std::ranges::_Swap::_Cpo::operator(),0.002000,0.002000,0.0,0.0,0.0,0.0,0.0,0.0,0.0,0.0,0.0,0.0,0.0,0.0,0.0,0.0,0.0,0.0,0.0,,,11980000,1.250000,7487996517.500000
std::ranges::_Swap::_Cpo::operator(),0.002000,0.002000,0.0,0.0,0.0,0.0,0.0,0.0,0.0,0.0,0.0,0.0,0.0,0.0,0.0,0.0,0.0,0.0,0.0,,,2995000,1.000000,1497599303.500000
std::ranges::_Swap::_Cpo::operator(),0.002000,0.002000,0.0,0.0,0.0,0.0,0.0,0.0,0.0,0.0,0.0,0.0,0.0,0.0,0.0,0.0,0.0,0.0,0.0,,,8985000,0.0,0.0
"std::unique_ptr<engine::TT::TTCluster [0],std::default_delete<engine::TT::TTCluster [0]> >::operator[]",0.002000,0.002000,0.0,0.0,100.0,100.0,0.0,33.4,0.0,33.4,0.0,0.0,0.0,,0.0,0.0,0.0,0.0,0.0,,,5990000,2.500000,7487996517.500000
"std::unique_ptr<tablebase::Tablebase,std::default_delete<tablebase::Tablebase> >::operator bool",0.002000,0.002000,0.0,0.0,0.0,0.0,0.0,0.0,0.0,0.0,0.0,0.0,0.0,0.0,0.0,0.0,0.0,0.0,0.0,,,0,,1497599303.500000
"std::vector<boost::archive::detail::basic_iarchive_impl::cobject_id,std::allocator<boost::archive::detail::basic_iarchive_impl::cobject_id> >::operator[]",0.002000,0.002000,0.0,0.0,0.0,0.0,0.0,0.0,0.0,0.0,0.0,0.0,0.0,0.0,0.0,0.0,0.0,0.0,0.0,,,14975000,0.200000,1497599303.500000
"std::vector<unsigned __int64,std::allocator<unsigned __int64> >::_Tidy",0.002000,0.002000,0.0,0.0,0.0,0.0,0.0,83.5,0.0,83.5,0.0,0.0,0.0,0.0,0.0,0.0,0.0,0.0,0.0,,,2995000,2.000000,2995198607.000000
EntropyProvideData,0.001000,0.001000,0.0,0.0,0.0,0.0,0.0,0.0,0.0,0.0,0.0,0.0,0.0,0.0,0.0,0.0,0.0,0.0,0.0,,,0,,2995198607.000000
ExAcquireCacheAwarePushLockSharedEx,0.001000,0.001000,0.0,0.0,0.0,0.0,0.0,0.0,0.0,0.0,0.0,0.0,0.0,0.0,0.0,0.0,0.0,0.0,0.0,,,2995000,2.000000,5990397214.000000
FltReleaseContext,0.001000,0.001000,0.0,0.0,0.0,0.0,0.0,0.0,0.0,0.0,0.0,0.0,0.0,0.0,0.0,0.0,0.0,0.0,0.0,,,2995000,0.0,0.0
KeReleaseInStackQueuedSpinLock,0.001000,0.001000,0.0,0.0,0.0,0.0,0.0,0.0,0.0,0.0,0.0,0.0,0.0,0.0,0.0,0.0,0.0,0.0,0.0,,,0,0.0,0.0
ObfDereferenceObject,0.001000,0.001000,0.0,0.0,0.0,0.0,0.0,0.0,0.0,0.0,0.0,0.0,0.0,0.0,0.0,0.0,0.0,0.0,0.0,,,0,0.0,0.0
RtlNumberOfSetBitsEx,0.001000,0.001000,0.0,0.0,0.0,0.0,0.0,0.0,0.0,0.0,0.0,0.0,0.0,0.0,0.0,0.0,0.0,0.0,0.0,,,11980000,0.250000,2995198607.000000
RtlSetLastWin32ErrorAndNtStatusFromNtStatus,0.001000,0.001000,0.0,0.0,0.0,0.0,0.0,0.0,0.0,0.0,0.0,0.0,0.0,0.0,0.0,0.0,0.0,0.0,0.0,,,0,0.0,0.0
SbSelectProcedure,0.001000,0.001000,0.0,0.0,0.0,0.0,0.0,0.0,0.0,0.0,0.0,0.0,0.0,0.0,0.0,0.0,0.0,0.0,0.0,SSE(128),,0,0.0,0.0
StorPortExtendedFunction,0.001000,0.001000,0.0,0.0,0.0,0.0,0.0,0.0,0.0,0.0,0.0,0.0,0.0,0.0,0.0,0.0,0.0,0.0,0.0,SSE(128); SSE2(128),,0,,2995198607.000000
WdLogSingleEntry4,0.001000,0.001000,0.0,0.0,0.0,0.0,0.0,0.0,0.0,0.0,0.0,0.0,0.0,0.0,0.0,0.0,0.0,0.0,0.0,,,0,,2995198607.000000
WppAutoLogTrace,0.001000,0.001000,0.0,0.0,0.0,0.0,0.0,0.0,0.0,0.0,0.0,0.0,0.0,0.0,0.0,0.0,0.0,0.0,0.0,,,0,,2995198607.000000
[Loop at line 209 in engine::Search::getTotalNodes],0.001000,0.001000,0.0,0.0,0.0,0.0,,,0.0,0.0,0.0,0.0,0.0,0.0,0.0,0.0,0.0,0.0,0.0,,,0,0.0,0.0
[Loop at line 216 in engine::SearchThreadData::regenerateLmrTable],0.001000,0.001000,0.0,0.0,0.0,0.0,0.0,0.0,0.0,0.0,0.0,0.0,0.0,0.0,0.0,0.0,0.0,0.0,0.0,,,5990000,0.0,0.0
"[Loop at line 456 in std::_Narrow_char_traits<char,int>::length]",0.001000,0.001000,0.0,0.0,0.0,0.0,0.0,0.0,0.0,0.0,0.0,0.0,0.0,0.0,0.0,0.0,0.0,0.0,0.0,,,0,0.0,0.0
[Loop at line 700 in engine::Search::iterativeDeepening],0.001000,0.001000,0.0,0.0,0.0,0.0,0.0,0.0,0.0,0.0,0.0,0.0,0.0,0.0,0.0,0.0,0.0,0.0,0.0,AVX(128); AVX(256),,0,,2995198607.000000
[Loop at line 734 in engine::Evaluator::rookEval],0.001000,0.001000,0.0,0.0,0.0,0.0,0.0,0.0,0.0,0.0,0.0,0.0,0.0,0.0,0.0,0.0,0.0,0.0,0.0,,,11980000,0.250000,2995198607.000000
"[Loop at line 90 in common::trimFast<class std::basic_string<char,struct std::char_traits<char>,class std::allocator<char> > >]",0.001000,0.001000,0.0,0.0,0.0,0.0,0.0,0.0,0.0,0.0,0.0,0.0,0.0,0.0,0.0,0.0,0.0,0.0,0.0,,,0,0.0,0.0
[Loop at line 931 in chess::MoveGenerator::generatePawnMoves],0.001000,0.001000,0.0,0.0,0.0,0.0,0.0,0.0,0.0,0.0,0.0,0.0,0.0,0.0,0.0,0.0,0.0,0.0,0.0,,,2995000,2.000000,5990397214.000000
[Loop@0x14000b17b in func@0x14000b120],0.001000,0.001000,0.0,0.0,0.0,0.0,0.0,0.0,0.0,0.0,0.0,0.0,0.0,0.0,0.0,0.0,0.0,0.0,0.0,,,0,0.0,0.0
[Loop@0x140012ed0 in func@0x140012948],0.001000,0.001000,0.0,0.0,0.0,0.0,100.0,0.0,0.0,0.0,0.0,0.0,0.0,0.0,0.0,0.0,0.0,0.0,0.0,,,0,,2995198607.000000
[Loop@0x1400faad0 in func@0x1400fa960],0.001000,0.001000,0.0,0.0,0.0,0.0,0.0,0.0,0.0,0.0,0.0,0.0,0.0,0.0,0.0,0.0,0.0,0.0,0.0,,,0,0.0,0.0
[Loop@0x14010f345 in `vector constructor iterator'],0.001000,0.001000,0.0,0.0,0.0,0.0,0.0,0.0,0.0,0.0,0.0,0.0,0.0,0.0,0.0,0.0,0.0,0.0,0.0,,,5990000,0.0,0.0
[Loop@0x140167971 in func@0x1401677c0],0.001000,0.001000,0.0,0.0,0.0,0.0,0.0,0.0,0.0,0.0,0.0,0.0,0.0,0.0,0.0,0.0,0.0,0.0,0.0,,,2995000,1.000000,2995198607.000000
[Loop@0x1401a06b0 in __builtin_array_init_helper<class chess::Move>],0.001000,0.001000,0.0,0.0,0.0,0.0,0.0,0.0,0.0,0.0,0.0,0.0,0.0,0.0,0.0,0.0,0.0,0.0,0.0,,,2995000,1.000000,2995198607.000000
[Loop@0x140200dc9 in func@0x140200cc0],0.001000,0.001000,0.0,0.0,0.0,0.0,0.0,0.0,0.0,0.0,0.0,0.0,0.0,0.0,0.0,0.0,0.0,0.0,0.0,,,0,,2995198607.000000
[Loop@0x140202660 in func@0x140202640],0.001000,0.001000,0.0,0.0,0.0,0.0,0.0,0.0,0.0,0.0,0.0,0.0,0.0,0.0,0.0,0.0,0.0,0.0,0.0,,,5990000,1.500000,8985595821.000000
[Loop@0x140214d8a in func@0x140214bb0],0.001000,0.001000,0.0,0.0,0.0,0.0,0.0,0.0,0.0,0.0,0.0,0.0,0.0,0.0,0.0,0.0,0.0,0.0,0.0,,,0,0.0,0.0
[Loop@0x140254cb0 in func@0x140254c60],0.001000,0.001000,0.0,0.0,0.0,0.0,0.0,0.0,0.0,0.0,0.0,0.0,0.0,0.0,0.0,0.0,0.0,0.0,0.0,,,0,0.0,0.0
[Loop@0x140255f11 in func@0x140255e80],0.001000,0.001000,0.0,0.0,0.0,0.0,0.0,100.0,0.0,0.0,0.0,0.0,0.0,0.0,0.0,0.0,0.0,0.0,0.0,SSE(128),,0,,2995198607.000000
[Loop@0x140258830 in func@0x1402585aa],0.001000,0.001000,0.0,0.0,0.0,0.0,0.0,,,0.0,0.0,0.0,0.0,0.0,0.0,0.0,0.0,0.0,0.0,,,8985000,0.0,0.0
[Loop@0x1402738a0 in func@0x140273826],0.001000,0.001000,0.0,0.0,0.0,0.0,,0.0,0.0,0.0,0.0,0.0,0.0,0.0,0.0,0.0,0.0,0.0,0.0,,,0,0.0,0.0
[Loop@0x1402945a5 in func@0x140294430],0.001000,0.001000,0.0,0.0,0.0,0.0,100.0,0.0,100.0,0.0,0.0,0.0,0.0,0.0,0.0,0.0,0.0,0.0,0.0,,,0,,2995198607.000000
[Loop@0x140295ff0 in func@0x140295e18],0.001000,0.001000,0.0,0.0,100.0,100.0,100.0,0.0,83.5,0.0,0.0,0.0,0.0,0.0,0.0,0.0,0.0,0.0,0.0,,,8985000,0.666667,5990397214.000000
[Loop@0x140299840 in func@0x1402997f0],0.001000,0.001000,0.0,0.0,0.0,0.0,0.0,0.0,0.0,0.0,0.0,0.0,0.0,0.0,0.0,0.0,0.0,0.0,0.0,,,0,0.0,0.0
[Loop@0x140299855 in func@0x1402997f0],0.001000,0.001000,0.0,0.0,0.0,0.0,0.0,0.0,0.0,0.0,0.0,0.0,0.0,0.0,0.0,0.0,0.0,0.0,0.0,,,0,0.0,0.0
[Loop@0x14029bdd2 in func@0x14029bd64],0.001000,0.001000,0.0,0.0,0.0,0.0,,0.0,,0.0,0.0,0.0,0.0,0.0,0.0,0.0,0.0,0.0,0.0,,,17970000,0.0,0.0
[Loop@0x14029bec9 in func@0x14029bd64],0.001000,0.001000,0.0,0.0,0.0,0.0,0.0,0.0,0.0,0.0,0.0,0.0,0.0,0.0,0.0,0.0,0.0,0.0,0.0,,,8985000,0.666667,5990397214.000000
[Loop@0x14029c2b0 in func@0x14029c140],0.001000,0.001000,0.0,0.0,0.0,0.0,0.0,0.0,0.0,0.0,0.0,0.0,0.0,0.0,0.0,0.0,0.0,0.0,0.0,,,0,,5990397214.000000
[Loop@0x14029c884 in func@0x14029c7cc],0.001000,0.001000,0.0,0.0,0.0,0.0,0.0,0.0,0.0,0.0,0.0,0.0,0.0,0.0,0.0,0.0,0.0,0.0,0.0,,,5990000,0.500000,2995198607.000000
[Loop@0x14029de77 in func@0x14029ddc3],0.001000,0.001000,0.0,0.0,0.0,0.0,0.0,0.0,0.0,0.0,0.0,0.0,0.0,0.0,0.0,0.0,0.0,0.0,0.0,,,0,,2995198607.000000
[Loop@0x14029de90 in func@0x14029ddc3],0.001000,0.001000,0.0,0.0,0.0,0.0,0.0,0.0,0.0,0.0,0.0,0.0,0.0,0.0,0.0,0.0,0.0,0.0,0.0,,,2995000,0.0,0.0
[Loop@0x14029ebf0 in func@0x14029ea20],0.001000,0.001000,0.0,0.0,0.0,0.0,0.0,0.0,0.0,0.0,0.0,0.0,0.0,0.0,0.0,0.0,0.0,0.0,0.0,,,8985000,0.333333,2995198607.000000
[Loop@0x14029ec70 in func@0x14029ea20],0.001000,0.001000,0.0,0.0,50.0,50.0,,0.0,0.0,0.0,0.0,0.0,0.0,0.0,0.0,0.0,0.0,0.0,0.0,,,0,0.0,0.0
[Loop@0x14029ed80 in func@0x14029ea20],0.001000,0.001000,0.0,0.0,0.0,0.0,0.0,0.0,0.0,0.0,0.0,0.0,0.0,0.0,0.0,0.0,0.0,0.0,0.0,,,8985000,0.0,0.0
[Loop@0x1402b3ce1 in func@0x1402b3a60],0.001000,0.001000,0.0,0.0,0.0,0.0,0.0,0.0,0.0,0.0,0.0,0.0,0.0,0.0,0.0,0.0,0.0,0.0,0.0,,,11980000,0.0,0.0
[Loop@0x1402d5830 in func@0x1402d57d0],0.001000,0.001000,0.0,0.0,0.0,0.0,0.0,0.0,,,0.0,0.0,0.0,0.0,0.0,0.0,0.0,0.0,0.0,,,0,0.0,0.0
[Loop@0x1402e4b93 in func@0x1402e4940],0.001000,0.001000,0.0,0.0,0.0,0.0,,0.0,0.0,0.0,0.0,0.0,0.0,0.0,0.0,0.0,0.0,0.0,0.0,,,0,0.0,0.0
[Loop@0x1402e4c80 in func@0x1402e4c76],0.001000,0.001000,0.0,0.0,0.0,0.0,0.0,0.0,0.0,0.0,0.0,0.0,0.0,0.0,0.0,0.0,0.0,0.0,0.0,,,5990000,0.500000,2995198607.000000
[Loop@0x1402e4cba in func@0x1402e4c76],0.001000,0.001000,0.0,0.0,100.0,100.0,0.0,0.0,55.6,0.0,0.0,0.0,0.0,0.0,0.0,0.0,0.0,0.0,0.0,,,2995000,3.000000,8985595821.000000
[Loop@0x1402e4cf0 in func@0x1402e4c76],0.001000,0.001000,0.0,0.0,100.0,100.0,0.0,0.0,41.7,0.0,0.0,0.0,0.0,0.0,0.0,0.0,0.0,0.0,0.0,,,2995000,4.000000,11980794428.000000
[Loop@0x1402ea2a0 in func@0x1402ea260],0.001000,0.001000,0.0,0.0,33.3,33.3,0.0,0.0,0.0,0.0,0.0,0.0,0.0,0.0,0.0,0.0,0.0,0.0,0.0,,,2995000,1.000000,2995198607.000000
[Loop@0x1403199a0 in func@0x140319000],0.001000,0.001000,0.0,0.0,0.0,0.0,83.5,0.0,100.0,0.0,,0.0,0.0,0.0,0.0,0.0,0.0,0.0,0.0,,,5990000,1.000000,5990397214.000000
[Loop@0x140319ad0 in func@0x140319000],0.001000,0.001000,0.0,0.0,0.0,0.0,0.0,0.0,0.0,0.0,0.0,0.0,0.0,0.0,0.0,0.0,0.0,0.0,0.0,,,2995000,1.000000,2995198607.000000
[Loop@0x14033ba03 in func@0x14033b990],0.001000,0.001000,0.0,0.0,0.0,0.0,0.0,0.0,0.0,0.0,0.0,0.0,0.0,0.0,0.0,0.0,0.0,0.0,0.0,,,5990000,0.500000,2995198607.000000
[Loop@0x14033c383 in func@0x14033c2e4],0.001000,0.001000,0.0,0.0,0.0,0.0,0.0,0.0,0.0,0.0,0.0,0.0,0.0,0.0,0.0,0.0,0.0,0.0,0.0,,,0,0.0,0.0
[Loop@0x14033c38f in func@0x14033c2e4],0.001000,0.001000,0.0,0.0,,,0.0,0.0,0.0,0.0,0.0,0.0,0.0,0.0,0.0,0.0,0.0,0.0,0.0,,,8985000,0.666667,5990397214.000000
[Loop@0x14033c535 in func@0x14033c480],0.001000,0.001000,0.0,0.0,0.0,0.0,0.0,0.0,0.0,0.0,0.0,0.0,0.0,0.0,0.0,0.0,0.0,0.0,0.0,,,0,0.0,0.0
[Loop@0x14033da60 in func@0x14033d9d0],0.001000,0.001000,0.0,0.0,,,83.5,0.0,0.0,41.7,0.0,0.0,0.0,0.0,0.0,0.0,0.0,0.0,0.0,,,0,,11980794428.000000
[Loop@0x14033ede0 in func@0x14033eb20],0.001000,0.001000,0.0,0.0,0.0,0.0,,,0.0,0.0,0.0,0.0,0.0,0.0,0.0,0.0,0.0,0.0,0.0,,,0,0.0,0.0
[Loop@0x14033fef0 in func@0x14033fd10],0.001000,0.001000,0.0,0.0,0.0,0.0,0.0,0.0,0.0,0.0,,0.0,0.0,0.0,0.0,0.0,0.0,0.0,0.0,,,0,0.0,0.0
[Loop@0x140345473 in func@0x140345300],0.001000,0.001000,0.0,0.0,0.0,0.0,0.0,0.0,0.0,0.0,0.0,0.0,0.0,0.0,0.0,0.0,0.0,0.0,0.0,,,0,0.0,0.0
[Loop@0x1403b2b3f in func@0x1403b2b10],0.001000,0.001000,0.0,0.0,0.0,0.0,,,0.0,0.0,,0.0,0.0,0.0,0.0,0.0,0.0,0.0,0.0,,,2995000,0.0,0.0
[Loop@0x1403b32a0 in func@0x1403b3250],0.001000,0.001000,0.0,0.0,0.0,0.0,0.0,0.0,0.0,0.0,0.0,0.0,0.0,0.0,0.0,0.0,0.0,0.0,0.0,,,0,0.0,0.0
[Loop@0x1403c6101 in func@0x1403c6090],0.001000,0.001000,0.0,0.0,0.0,0.0,0.0,0.0,0.0,0.0,0.0,0.0,0.0,0.0,0.0,0.0,0.0,0.0,0.0,,,0,0.0,0.0
[Loop@0x1403c6220 in func@0x1403c61e0],0.001000,0.001000,0.0,0.0,0.0,0.0,0.0,0.0,0.0,0.0,0.0,0.0,0.0,0.0,0.0,0.0,0.0,0.0,0.0,,,0,0.0,0.0
[Loop@0x1403cebc5 in func@0x1403ceb90],0.001000,0.001000,0.0,0.0,50.0,50.0,100.0,0.0,0.0,100.0,0.0,0.0,0.0,0.0,0.0,0.0,0.0,0.0,0.0,,,0,,2995198607.000000
[Loop@0x1403d6fd0 in func@0x1403d6ed0],0.001000,0.001000,0.0,0.0,0.0,0.0,0.0,0.0,0.0,0.0,0.0,0.0,0.0,0.0,0.0,0.0,0.0,0.0,0.0,SSE(128),,5990000,0.500000,2995198607.000000
[Loop@0x1404206f0 in func@0x1404206e2],0.001000,0.001000,0.0,0.0,0.0,0.0,0.0,0.0,0.0,0.0,0.0,0.0,0.0,0.0,0.0,0.0,0.0,0.0,0.0,,,5990000,0.0,0.0
[Loop@0x1404e7a20 in func@0x1404e79a0],0.001000,0.001000,0.0,0.0,0.0,0.0,0.0,0.0,0.0,0.0,0.0,0.0,0.0,0.0,0.0,0.0,0.0,0.0,0.0,SSE(128),,0,0.0,0.0
[Loop@0x1406b26d0 in func@0x1406b239f],0.001000,0.001000,0.0,0.0,0.0,0.0,0.0,0.0,0.0,0.0,0.0,0.0,0.0,0.0,0.0,0.0,0.0,0.0,0.0,,,0,,2995198607.000000
[Loop@0x1406bf1a3 in RtlCopyMemory],0.001000,0.001000,0.0,0.0,0.0,0.0,0.0,0.0,0.0,0.0,0.0,0.0,0.0,0.0,0.0,0.0,0.0,0.0,0.0,,,2995000,0.0,0.0
[Loop@0x14084661b in func@0x140846520],0.001000,0.001000,0.0,0.0,0.0,0.0,0.0,0.0,0.0,0.0,0.0,0.0,0.0,0.0,0.0,0.0,0.0,0.0,0.0,,,0,0.0,0.0
[Loop@0x140cb31f0 in func@0x140cb31c0],0.001000,0.001000,0.0,0.0,0.0,0.0,,,0.0,0.0,0.0,0.0,0.0,0.0,0.0,0.0,0.0,0.0,0.0,,,0,0.0,0.0
[Loop@0x18000b660 in func@0x18000b520],0.001000,0.001000,0.0,0.0,0.0,0.0,0.0,0.0,0.0,0.0,0.0,0.0,0.0,0.0,0.0,0.0,0.0,0.0,0.0,SSE(128),,0,0.0,0.0
[Loop@0x18002da89 in func@0x18002d9a0],0.001000,0.001000,0.0,0.0,0.0,0.0,0.0,0.0,0.0,0.0,0.0,0.0,0.0,0.0,0.0,0.0,0.0,0.0,0.0,,,2995000,0.0,0.0
[Loop@0x18002e280 in func@0x18002d9a0],0.001000,0.001000,0.0,0.0,,,0.0,0.0,0.0,0.0,0.0,0.0,0.0,0.0,0.0,0.0,0.0,0.0,0.0,,,2995000,2.000000,5990397214.000000
[Loop@0x1801363c8 in func@0x18013635c],0.001000,0.001000,0.0,0.0,0.0,0.0,0.0,0.0,0.0,0.0,0.0,0.0,0.0,0.0,0.0,0.0,0.0,0.0,0.0,,,2995000,1.000000,2995198607.000000
[Loop@0x18013660b in func@0x1801365a8],0.001000,0.001000,0.0,0.0,0.0,0.0,0.0,0.0,0.0,0.0,0.0,0.0,0.0,0.0,0.0,0.0,0.0,0.0,0.0,,,0,0.0,0.0
__builtin_array_init_helper<class chess::Move>,0.001000,0.001000,0.0,0.0,0.0,0.0,0.0,0.0,0.0,0.0,0.0,0.0,0.0,0.0,0.0,0.0,0.0,0.0,0.0,,,0,0.0,0.0
_chkstk,0.001000,0.001000,0.0,0.0,0.0,0.0,0.0,0.0,0.0,0.0,0.0,0.0,0.0,0.0,0.0,0.0,0.0,0.0,0.0,,,0,0.0,0.0
_std_type_info_compare,0.001000,0.001000,0.0,0.0,0.0,0.0,0.0,0.0,0.0,0.0,0.0,0.0,0.0,0.0,0.0,0.0,0.0,0.0,0.0,,,11980000,0.0,0.0
`engine::Search::launchHelperThreads'::`7'::<lambda_1>::operator(),0.001000,0.001000,0.0,0.0,0.0,0.0,0.0,0.0,0.0,0.0,0.0,0.0,0.0,0.0,0.0,0.0,0.0,0.0,0.0,AVX(128),,0,0.0,0.0
"boost::archive::basic_binary_iprimitive<boost::archive::binary_iarchive,char,std::char_traits<char> >::load_binary",0.001000,0.001000,0.0,0.0,0.0,0.0,0.0,0.0,0.0,0.0,0.0,0.0,0.0,0.0,0.0,0.0,0.0,0.0,0.0,,,2995000,0.0,0.0
boost::archive::detail::basic_iarchive_impl::register_type,0.001000,0.001000,0.0,0.0,0.0,0.0,0.0,0.0,0.0,0.0,0.0,0.0,0.0,0.0,0.0,0.0,0.0,0.0,0.0,SSE(128),,53910000,0.111111,5990397214.000000
boost::archive::detail::basic_serializer::operator<,0.001000,0.001000,0.0,0.0,0.0,0.0,0.0,0.0,0.0,0.0,0.0,0.0,0.0,0.0,0.0,0.0,0.0,0.0,0.0,,,44925000,0.200000,8985595821.000000
boost::archive::detail::basic_serializer::operator<,0.001000,0.001000,0.0,0.0,0.0,0.0,0.0,0.0,0.0,0.0,0.0,0.0,0.0,0.0,0.0,0.0,0.0,0.0,0.0,,,2995000,1.000000,2995198607.000000
boost::archive::detail::common_iarchive<boost::archive::binary_iarchive>::load_override,0.001000,0.001000,0.0,0.0,0.0,0.0,0.0,0.0,0.0,0.0,0.0,0.0,0.0,0.0,0.0,0.0,0.0,0.0,0.0,,,14975000,0.0,0.0
"boost::archive::detail::iserializer<class boost::archive::binary_iarchive,class book::BookEntry>::load_object_data",0.001000,0.001000,0.0,0.0,0.0,0.0,0.0,0.0,0.0,0.0,0.0,0.0,0.0,0.0,0.0,0.0,0.0,0.0,0.0,,,14975000,0.200000,2995198607.000000
boost::archive::object_id_type::{ctor},0.001000,0.001000,0.0,0.0,0.0,0.0,0.0,0.0,0.0,0.0,0.0,0.0,0.0,0.0,0.0,0.0,0.0,0.0,0.0,,,5990000,0.0,0.0
"boost::serialization::free_loader<boost::archive::binary_iarchive,boost::serialization::nvp<int> >::invoke",0.001000,0.001000,0.0,0.0,0.0,0.0,0.0,0.0,0.0,0.0,0.0,0.0,0.0,0.0,0.0,0.0,0.0,0.0,0.0,,,0,0.0,0.0
"boost::serialization::singleton<class boost::archive::detail::iserializer<class boost::archive::binary_iarchive,class chess::Move> >::get_instance",0.001000,0.001000,0.0,0.0,0.0,0.0,0.0,0.0,0.0,0.0,0.0,0.0,0.0,0.0,0.0,0.0,0.0,0.0,0.0,,,5990000,0.0,0.0
"boost::serialization::smart_cast_reference<boost::archive::binary_iarchive &,boost::archive::detail::basic_iarchive>",0.001000,0.001000,0.0,0.0,0.0,0.0,0.0,0.0,0.0,0.0,0.0,0.0,0.0,0.0,0.0,0.0,0.0,0.0,0.0,,,5990000,0.0,0.0
chess::Bitboard::lsb,0.001000,0.001000,0.0,0.0,0.0,0.0,0.0,0.0,0.0,0.0,0.0,0.0,0.0,0.0,0.0,0.0,0.0,0.0,0.0,,,8985000,0.333333,2995198607.000000
chess::Bitboard::operator bool,0.001000,0.001000,0.0,0.0,0.0,0.0,0.0,0.0,0.0,0.0,0.0,0.0,0.0,0.0,0.0,0.0,0.0,0.0,0.0,,,17970000,0.666667,11980794428.000000
chess::Bitboard::operator bool,0.001000,0.001000,0.0,0.0,0.0,0.0,0.0,0.0,0.0,0.0,0.0,0.0,0.0,0.0,0.0,0.0,0.0,0.0,0.0,,,50915000,0.176471,8985595821.000000
chess::Bitboard::operator|=,0.001000,0.001000,0.0,0.0,0.0,0.0,0.0,0.0,0.0,0.0,0.0,0.0,0.0,0.0,0.0,0.0,0.0,0.0,0.0,,,23960000,0.125000,2995198607.000000
chess::Bitboard::operator|=,0.001000,0.001000,0.0,0.0,0.0,0.0,0.0,0.0,0.0,0.0,0.0,0.0,0.0,0.0,0.0,0.0,0.0,0.0,0.0,,,11980000,0.750000,8985595821.000000
chess::Bitboard::operator~,0.001000,0.001000,0.0,0.0,0.0,0.0,0.0,0.0,0.0,0.0,0.0,0.0,,,,0.0,0.0,0.0,0.0,,,11980000,0.0,0.0
chess::Bitboard::popLSB,0.001000,0.001000,0.0,0.0,0.0,0.0,0.0,0.0,0.0,0.0,0.0,0.0,0.0,0.0,0.0,0.0,0.0,0.0,0.0,,,11980000,0.0,0.0
chess::Bitboard::popLSB,0.001000,0.001000,0.0,0.0,0.0,0.0,0.0,0.0,0.0,0.0,0.0,0.0,0.0,0.0,0.0,0.0,0.0,0.0,0.0,,,0,,2995198607.000000
chess::Bitboard::popLSB,0.001000,0.001000,0.0,0.0,0.0,0.0,0.0,0.0,0.0,0.0,0.0,0.0,0.0,0.0,0.0,0.0,0.0,0.0,0.0,,,14975000,0.200000,2995198607.000000
chess::Bitboard::popLSB,0.001000,0.001000,0.0,0.0,0.0,0.0,0.0,0.0,0.0,0.0,0.0,0.0,,0.0,0.0,0.0,0.0,0.0,0.0,,,2995000,0.0,0.0
chess::Bitboard::{ctor},0.001000,0.001000,0.0,0.0,,,83.5,0.0,0.0,0.0,0.0,0.0,0.0,0.0,0.0,0.0,0.0,0.0,0.0,,,38935000,0.384615,14975993035.000000
chess::Bitboard::{ctor},0.001000,0.001000,0.0,0.0,0.0,0.0,0.0,0.0,0.0,0.0,0.0,0.0,0.0,0.0,0.0,0.0,0.0,0.0,0.0,,,0,,2995198607.000000
chess::Color::iterator::{ctor},0.001000,0.001000,0.0,0.0,,,0.0,0.0,0.0,0.0,0.0,0.0,0.0,0.0,0.0,0.0,0.0,0.0,0.0,,,8985000,0.666667,5990397214.000000
chess::Direction::operator int,0.001000,0.001000,0.0,0.0,0.0,0.0,0.0,0.0,0.0,0.0,0.0,0.0,0.0,0.0,0.0,0.0,0.0,0.0,0.0,,,0,0.0,0.0
chess::Direction::pawnPush,0.001000,0.001000,0.0,0.0,0.0,0.0,0.0,0.0,0.0,0.0,0.0,0.0,0.0,0.0,0.0,0.0,0.0,0.0,0.0,,,8985000,0.0,0.0
chess::Direction::pawnPush,0.001000,0.001000,0.0,0.0,0.0,0.0,0.0,0.0,0.0,0.0,0.0,0.0,0.0,0.0,0.0,0.0,0.0,0.0,0.0,,,5990000,0.500000,2995198607.000000
chess::Direction::pawnPush,0.001000,0.001000,0.0,0.0,0.0,0.0,0.0,0.0,0.0,0.0,0.0,0.0,0.0,0.0,0.0,0.0,0.0,0.0,0.0,,,2995000,1.000000,2995198607.000000
chess::Direction::pawnPush,0.001000,0.001000,0.0,0.0,0.0,0.0,0.0,0.0,0.0,0.0,0.0,0.0,0.0,0.0,0.0,0.0,0.0,0.0,0.0,,,0,0.0,0.0
chess::Move::encode,0.001000,0.001000,0.0,0.0,0.0,0.0,0.0,0.0,0.0,0.0,0.0,0.0,0.0,0.0,0.0,0.0,0.0,0.0,0.0,,,0,0.0,0.0
chess::Move::encode,0.001000,0.001000,0.0,0.0,0.0,0.0,0.0,0.0,0.0,0.0,0.0,0.0,0.0,0.0,0.0,0.0,0.0,0.0,0.0,,,8985000,0.0,0.0
chess::Move::from,0.001000,0.001000,0.0,0.0,0.0,0.0,0.0,0.0,0.0,0.0,0.0,0.0,0.0,0.0,0.0,0.0,0.0,0.0,0.0,,,2995000,1.000000,2995198607.000000
chess::Move::from,0.001000,0.001000,0.0,0.0,0.0,0.0,0.0,0.0,0.0,0.0,0.0,0.0,0.0,0.0,0.0,0.0,0.0,0.0,0.0,,,0,0.0,0.0
chess::Move::operator==,0.001000,0.001000,0.0,0.0,0.0,0.0,0.0,0.0,0.0,0.0,0.0,0.0,0.0,0.0,0.0,0.0,0.0,0.0,0.0,,,23960000,0.250000,5990397214.000000
chess::Move::operator==,0.001000,0.001000,0.0,0.0,0.0,0.0,0.0,0.0,0.0,0.0,0.0,0.0,0.0,0.0,0.0,0.0,0.0,0.0,0.0,,,2995000,3.000000,8985595821.000000
chess::Move::stripped,0.001000,0.001000,0.0,0.0,100.0,100.0,0.0,0.0,0.0,0.0,0.0,0.0,0.0,0.0,0.0,0.0,0.0,0.0,0.0,,,14975000,0.0,0.0
chess::Move::to,0.001000,0.001000,0.0,0.0,0.0,0.0,0.0,0.0,0.0,0.0,0.0,0.0,0.0,0.0,0.0,0.0,0.0,0.0,0.0,,,5990000,0.0,0.0
chess::Move::to,0.001000,0.001000,0.0,0.0,50.0,50.0,0.0,0.0,0.0,0.0,0.0,0.0,0.0,0.0,0.0,0.0,0.0,0.0,0.0,,,5990000,1.500000,8985595821.000000
chess::Move::type,0.001000,0.001000,0.0,0.0,0.0,0.0,0.0,0.0,0.0,0.0,0.0,0.0,0.0,0.0,0.0,0.0,0.0,0.0,0.0,,,26955000,0.777778,20966390249.000000
chess::Move::type,0.001000,0.001000,0.0,0.0,0.0,0.0,0.0,0.0,0.0,0.0,0.0,0.0,0.0,0.0,0.0,0.0,0.0,0.0,0.0,,,23960000,0.625000,14975993035.000000
chess::Move::type,0.001000,0.001000,0.0,0.0,0.0,0.0,0.0,0.0,0.0,0.0,0.0,0.0,0.0,0.0,0.0,0.0,0.0,0.0,0.0,,,8985000,0.0,0.0
chess::Move::{ctor},0.001000,0.001000,0.0,0.0,0.0,0.0,0.0,100.0,0.0,0.0,0.0,0.0,0.0,0.0,0.0,0.0,0.0,0.0,0.0,,,0,,2995198607.000000
chess::Move::{ctor},0.001000,0.001000,0.0,0.0,0.0,0.0,0.0,0.0,0.0,0.0,0.0,0.0,0.0,0.0,0.0,0.0,0.0,0.0,0.0,,,5990000,0.0,0.0
chess::Move::{ctor},0.001000,0.001000,0.0,0.0,0.0,0.0,0.0,0.0,0.0,0.0,0.0,0.0,0.0,0.0,0.0,0.0,0.0,0.0,0.0,,,5990000,0.0,0.0
chess::MoveGenerator::generatePseudoLegalMoves,0.001000,0.001000,0.0,0.0,0.0,0.0,0.0,,,0.0,0.0,0.0,0.0,0.0,0.0,0.0,0.0,0.0,0.0,,,5990000,0.0,0.0
chess::MoveGenerator::reset,0.001000,0.001000,0.0,0.0,0.0,0.0,0.0,0.0,0.0,0.0,0.0,0.0,0.0,0.0,0.0,0.0,0.0,0.0,0.0,,,0,,5990397214.000000
chess::MoveGenerator::resetOnDemand,0.001000,0.001000,0.0,0.0,0.0,0.0,0.0,0.0,0.0,0.0,0.0,0.0,0.0,0.0,0.0,0.0,0.0,0.0,0.0,,,0,0.0,0.0
chess::MoveGenerator::validateMove,0.001000,0.001000,0.0,0.0,0.0,0.0,0.0,0.0,0.0,0.0,0.0,0.0,0.0,0.0,0.0,0.0,0.0,0.0,0.0,,,2995000,0.0,0.0
chess::Position::getEnPassantSquare,0.001000,0.001000,0.0,0.0,0.0,0.0,0.0,0.0,0.0,0.0,,0.0,0.0,0.0,0.0,0.0,0.0,0.0,0.0,,,2995000,0.0,0.0
chess::Position::getLastMove,0.001000,0.001000,0.0,0.0,0.0,0.0,0.0,0.0,0.0,0.0,0.0,0.0,0.0,0.0,0.0,0.0,0.0,0.0,0.0,,,23960000,0.250000,5990397214.000000
chess::Position::getPiece,0.001000,0.001000,0.0,0.0,0.0,0.0,100.0,0.0,0.0,0.0,0.0,0.0,0.0,0.0,0.0,0.0,0.0,0.0,0.0,,,2995000,2.000000,5990397214.000000
chess::Position::getPiece,0.001000,0.001000,0.0,0.0,0.0,0.0,0.0,0.0,0.0,0.0,0.0,0.0,0.0,0.0,0.0,0.0,0.0,0.0,0.0,,,14975000,0.400000,5990397214.000000
chess::Position::getPieceBb,0.001000,0.001000,0.0,0.0,0.0,0.0,0.0,0.0,0.0,0.0,0.0,0.0,0.0,0.0,0.0,0.0,0.0,0.0,0.0,,,11980000,1.250000,14975993035.000000
chess::Position::getPieceBb,0.001000,0.001000,0.0,0.0,0.0,0.0,0.0,0.0,0.0,0.0,0.0,0.0,0.0,0.0,0.0,0.0,0.0,0.0,0.0,,,8985000,0.333333,2995198607.000000
chess::Position::getPieceBb,0.001000,0.001000,0.0,0.0,0.0,0.0,0.0,0.0,0.0,0.0,0.0,0.0,0.0,0.0,0.0,0.0,0.0,0.0,0.0,,,38935000,0.230769,8985595821.000000
chess::Position::getPieceBb,0.001000,0.001000,0.0,0.0,0.0,0.0,0.0,0.0,0.0,0.0,0.0,0.0,0.0,0.0,0.0,0.0,0.0,0.0,0.0,,,14975000,0.600000,8985595821.000000
chess::Position::isCapturingMove,0.001000,0.001000,0.0,0.0,0.0,0.0,0.0,0.0,0.0,0.0,0.0,0.0,0.0,0.0,0.0,0.0,0.0,0.0,0.0,,,2995000,0.0,0.0
chess::Position::isLegalMove,0.001000,0.001000,0.0,0.0,0.0,0.0,0.0,0.0,0.0,0.0,0.0,0.0,0.0,0.0,0.0,0.0,0.0,0.0,0.0,,,14975000,0.400000,5990397214.000000
chess::Square::pawnPush,0.001000,0.001000,0.0,0.0,0.0,0.0,0.0,0.0,0.0,0.0,0.0,0.0,0.0,0.0,0.0,0.0,0.0,0.0,0.0,,,0,,2995198607.000000
chess::Square::rank,0.001000,0.001000,0.0,0.0,0.0,0.0,0.0,0.0,0.0,0.0,0.0,0.0,0.0,0.0,0.0,0.0,0.0,0.0,0.0,,,20965000,0.0,0.0
chess::Square::rank,0.001000,0.001000,0.0,0.0,0.0,0.0,55.6,0.0,0.0,0.0,0.0,0.0,0.0,0.0,0.0,0.0,0.0,0.0,0.0,,,20965000,0.857143,17971191642.000000
chess::Square::{ctor},0.001000,0.001000,0.0,0.0,50.0,50.0,0.0,0.0,0.0,0.0,0.0,0.0,0.0,0.0,0.0,0.0,0.0,0.0,0.0,,,47920000,0.437500,20966390249.000000
chess::StaticMoveList<256>::end,0.001000,0.001000,0.0,0.0,0.0,0.0,0.0,0.0,0.0,0.0,0.0,0.0,0.0,0.0,0.0,0.0,0.0,0.0,0.0,,,0,0.0,0.0
chess::StaticMoveList<256>::push_back,0.001000,0.001000,0.0,0.0,0.0,0.0,0.0,0.0,0.0,0.0,0.0,0.0,0.0,0.0,0.0,0.0,0.0,0.0,0.0,,,2995000,0.0,0.0
chess::StaticMoveList<256>::push_back,0.001000,0.001000,0.0,0.0,0.0,0.0,0.0,0.0,0.0,0.0,0.0,0.0,0.0,0.0,0.0,0.0,0.0,0.0,0.0,,,0,0.0,0.0
chess::StaticMoveList<256>::push_back,0.001000,0.001000,0.0,0.0,0.0,0.0,0.0,0.0,0.0,0.0,0.0,0.0,0.0,0.0,0.0,0.0,0.0,0.0,0.0,,,2995000,1.000000,2995198607.000000
chess::Value::isValid,0.001000,0.001000,0.0,0.0,0.0,0.0,0.0,0.0,0.0,0.0,0.0,0.0,0.0,0.0,0.0,0.0,0.0,0.0,0.0,,,2995000,0.0,0.0
chess::Value::operator int,0.001000,0.001000,0.0,0.0,0.0,0.0,,0.0,0.0,0.0,0.0,0.0,0.0,0.0,0.0,0.0,0.0,0.0,0.0,,,2995000,0.0,0.0
chess::Value::operator int,0.001000,0.001000,0.0,0.0,0.0,0.0,0.0,0.0,0.0,0.0,0.0,0.0,0.0,0.0,0.0,0.0,0.0,0.0,0.0,,,2995000,0.0,0.0
chess::Value::{ctor},0.001000,0.001000,0.0,0.0,0.0,0.0,0.0,0.0,0.0,0.0,0.0,0.0,0.0,0.0,0.0,0.0,0.0,0.0,0.0,,,0,0.0,0.0
chess::Value::{ctor},0.001000,0.001000,0.0,0.0,0.0,0.0,0.0,0.0,0.0,0.0,0.0,0.0,0.0,0.0,0.0,0.0,0.0,0.0,0.0,,,8985000,1.000000,8985595821.000000
chess::Value::{ctor},0.001000,0.001000,0.0,0.0,0.0,0.0,0.0,0.0,0.0,0.0,0.0,0.0,0.0,0.0,0.0,0.0,0.0,0.0,0.0,,,26955000,0.444444,11980794428.000000
chess::Value::{ctor},0.001000,0.001000,0.0,0.0,0.0,0.0,0.0,0.0,0.0,0.0,0.0,0.0,0.0,0.0,0.0,0.0,0.0,0.0,0.0,,,2995000,1.000000,2995198607.000000
chess::colorOf,0.001000,0.001000,0.0,0.0,,,0.0,0.0,100.0,100.0,0.0,0.0,0.0,,0.0,0.0,0.0,0.0,0.0,,,8985000,0.333333,2995198607.000000
chess::makePiece,0.001000,0.001000,0.0,0.0,0.0,0.0,0.0,0.0,0.0,0.0,0.0,0.0,0.0,0.0,0.0,0.0,0.0,0.0,0.0,,,8985000,0.0,0.0
chess::operator!=,0.001000,0.001000,0.0,0.0,0.0,0.0,0.0,0.0,0.0,0.0,0.0,0.0,0.0,0.0,0.0,0.0,0.0,0.0,0.0,,,2995000,6.000000,17971191642.000000
chess::operator&,0.001000,0.001000,0.0,0.0,0.0,0.0,0.0,0.0,0.0,0.0,0.0,0.0,0.0,0.0,0.0,0.0,0.0,0.0,0.0,,,2995000,2.000000,5990397214.000000
chess::operator&,0.001000,0.001000,0.0,0.0,0.0,0.0,100.0,0.0,0.0,0.0,0.0,0.0,0.0,0.0,0.0,0.0,0.0,0.0,0.0,,,41930000,0.214286,8985595821.000000
chess::operator&,0.001000,0.001000,0.0,0.0,,,0.0,0.0,0.0,0.0,0.0,0.0,0.0,0.0,0.0,0.0,0.0,0.0,0.0,,,0,0.0,0.0
chess::operator&,0.001000,0.001000,0.0,0.0,0.0,0.0,83.5,0.0,0.0,0.0,0.0,0.0,0.0,0.0,0.0,0.0,0.0,0.0,0.0,,,20965000,0.571429,11980794428.000000
chess::operator&,0.001000,0.001000,0.0,0.0,0.0,0.0,0.0,0.0,0.0,0.0,0.0,0.0,0.0,0.0,0.0,0.0,0.0,0.0,0.0,,,0,0.0,0.0
chess::operator&,0.001000,0.001000,0.0,0.0,0.0,0.0,0.0,0.0,0.0,0.0,0.0,0.0,0.0,0.0,0.0,0.0,0.0,0.0,0.0,,,2995000,1.000000,2995198607.000000
chess::operator&,0.001000,0.001000,0.0,0.0,0.0,0.0,0.0,0.0,0.0,0.0,0.0,0.0,0.0,0.0,0.0,0.0,0.0,0.0,0.0,,,11980000,0.750000,8985595821.000000
chess::operator&,0.001000,0.001000,0.0,0.0,0.0,0.0,0.0,0.0,0.0,0.0,0.0,0.0,0.0,0.0,0.0,0.0,0.0,0.0,0.0,,,0,0.0,0.0
chess::operator&,0.001000,0.001000,0.0,0.0,0.0,0.0,0.0,0.0,0.0,0.0,0.0,0.0,0.0,0.0,0.0,0.0,0.0,0.0,0.0,,,0,,2995198607.000000
chess::operator&,0.001000,0.001000,0.0,0.0,0.0,0.0,0.0,0.0,0.0,0.0,0.0,0.0,0.0,0.0,0.0,0.0,0.0,0.0,0.0,,,2995000,0.0,0.0
chess::operator&,0.001000,0.001000,0.0,0.0,0.0,0.0,0.0,0.0,0.0,0.0,0.0,0.0,0.0,0.0,0.0,0.0,0.0,0.0,0.0,,,8985000,0.333333,2995198607.000000
chess::operator&,0.001000,0.001000,0.0,0.0,0.0,0.0,0.0,0.0,0.0,0.0,0.0,0.0,0.0,0.0,0.0,0.0,0.0,0.0,0.0,,,20965000,0.428571,8985595821.000000
chess::operator&,0.001000,0.001000,0.0,0.0,0.0,0.0,0.0,0.0,0.0,0.0,0.0,0.0,0.0,0.0,0.0,0.0,0.0,0.0,0.0,,,56905000,0.315789,17971191642.000000
chess::operator+,0.001000,0.001000,0.0,0.0,0.0,0.0,55.6,0.0,0.0,0.0,0.0,0.0,0.0,0.0,0.0,0.0,0.0,0.0,0.0,,,23960000,0.750000,17971191642.000000
chess::operator+,0.001000,0.001000,0.0,0.0,0.0,0.0,0.0,,,0.0,0.0,0.0,0.0,0.0,0.0,0.0,0.0,0.0,0.0,,,0,0.0,0.0
chess::operator+,0.001000,0.001000,0.0,0.0,0.0,0.0,0.0,0.0,0.0,0.0,0.0,0.0,0.0,0.0,0.0,0.0,0.0,0.0,0.0,,,14975000,0.0,0.0
chess::operator+,0.001000,0.001000,0.0,0.0,0.0,0.0,0.0,0.0,0.0,0.0,0.0,0.0,0.0,0.0,0.0,0.0,0.0,0.0,0.0,,,2995000,1.000000,2995198607.000000
chess::operator+,0.001000,0.001000,0.0,0.0,0.0,0.0,0.0,0.0,0.0,0.0,0.0,0.0,0.0,0.0,0.0,0.0,0.0,0.0,0.0,,,0,0.0,0.0
chess::operator+=,0.001000,0.001000,0.0,0.0,0.0,0.0,0.0,0.0,0.0,0.0,0.0,0.0,0.0,0.0,0.0,0.0,0.0,0.0,0.0,,,8985000,0.666667,5990397214.000000
chess::operator+=,0.001000,0.001000,0.0,0.0,0.0,0.0,100.0,0.0,0.0,0.0,0.0,0.0,0.0,0.0,0.0,0.0,0.0,0.0,0.0,,,2995000,3.000000,8985595821.000000
chess::operator+=,0.001000,0.001000,0.0,0.0,0.0,0.0,0.0,0.0,0.0,0.0,0.0,0.0,0.0,0.0,0.0,0.0,0.0,0.0,0.0,,,23960000,0.125000,2995198607.000000
chess::operator+=,0.001000,0.001000,0.0,0.0,0.0,0.0,0.0,0.0,0.0,0.0,0.0,0.0,0.0,0.0,0.0,0.0,0.0,0.0,0.0,,,0,0.0,0.0
chess::operator-,0.001000,0.001000,0.0,0.0,0.0,0.0,0.0,0.0,0.0,0.0,0.0,0.0,0.0,0.0,0.0,0.0,0.0,0.0,0.0,,,0,,2995198607.000000
chess::operator-,0.001000,0.001000,0.0,0.0,0.0,0.0,0.0,0.0,0.0,0.0,0.0,0.0,0.0,0.0,0.0,0.0,0.0,0.0,0.0,,,0,0.0,0.0
chess::operator-,0.001000,0.001000,0.0,0.0,0.0,0.0,83.5,0.0,0.0,0.0,0.0,0.0,0.0,0.0,0.0,0.0,0.0,0.0,0.0,,,5990000,2.000000,11980794428.000000
chess::operator-,0.001000,0.001000,0.0,0.0,0.0,0.0,0.0,0.0,0.0,0.0,,0.0,0.0,0.0,0.0,0.0,0.0,0.0,0.0,,,0,0.0,0.0
chess::operator-,0.001000,0.001000,0.0,0.0,0.0,0.0,0.0,0.0,0.0,0.0,0.0,0.0,0.0,0.0,0.0,0.0,0.0,0.0,0.0,,,29950000,0.300000,8985595821.000000
chess::operator-,0.001000,0.001000,0.0,0.0,0.0,0.0,0.0,83.5,0.0,0.0,0.0,0.0,0.0,0.0,0.0,0.0,0.0,0.0,0.0,,,0,,5990397214.000000
chess::operator-,0.001000,0.001000,0.0,0.0,0.0,0.0,0.0,0.0,0.0,0.0,0.0,0.0,0.0,0.0,0.0,0.0,0.0,0.0,0.0,,,0,0.0,0.0
chess::operator-,0.001000,0.001000,0.0,0.0,,,100.0,0.0,0.0,0.0,,0.0,0.0,0.0,0.0,0.0,0.0,0.0,0.0,,,0,,2995198607.000000
chess::operator-,0.001000,0.001000,0.0,0.0,0.0,0.0,0.0,0.0,0.0,0.0,0.0,0.0,0.0,0.0,0.0,0.0,0.0,0.0,0.0,,,0,0.0,0.0
chess::operator-,0.001000,0.001000,0.0,0.0,0.0,0.0,0.0,0.0,0.0,0.0,0.0,0.0,0.0,0.0,0.0,0.0,0.0,0.0,0.0,,,0,0.0,0.0
chess::operator-=,0.001000,0.001000,0.0,0.0,,,0.0,0.0,0.0,0.0,0.0,0.0,0.0,0.0,0.0,0.0,0.0,0.0,0.0,,,0,,11980794428.000000
chess::operator-=,0.001000,0.001000,0.0,0.0,0.0,0.0,0.0,0.0,0.0,0.0,,0.0,0.0,0.0,0.0,0.0,0.0,0.0,0.0,,,2995000,1.000000,2995198607.000000
chess::operator>=,0.001000,0.001000,0.0,0.0,0.0,0.0,0.0,0.0,0.0,0.0,0.0,0.0,0.0,0.0,0.0,0.0,0.0,0.0,0.0,,,2995000,1.000000,2995198607.000000
chess::operator|,0.001000,0.001000,0.0,0.0,0.0,0.0,0.0,0.0,0.0,0.0,0.0,0.0,0.0,0.0,0.0,0.0,0.0,0.0,0.0,,,62895000,0.476190,29951986070.000000
chess::operator|,0.001000,0.001000,0.0,0.0,0.0,0.0,0.0,0.0,0.0,0.0,0.0,0.0,0.0,0.0,0.0,0.0,0.0,0.0,0.0,,,5990000,0.500000,2995198607.000000
chess::operator|,0.001000,0.001000,0.0,0.0,0.0,0.0,0.0,0.0,0.0,0.0,0.0,0.0,0.0,0.0,0.0,0.0,0.0,0.0,0.0,,,5990000,0.0,0.0
chess::operator|,0.001000,0.001000,0.0,0.0,0.0,0.0,0.0,0.0,0.0,0.0,0.0,0.0,0.0,0.0,0.0,0.0,0.0,0.0,0.0,,,95840000,0.281250,26956787463.000000
chess::operator~,0.001000,0.001000,0.0,0.0,0.0,0.0,0.0,0.0,0.0,0.0,0.0,0.0,0.0,0.0,0.0,0.0,0.0,0.0,0.0,,,0,0.0,0.0
chess::operator~,0.001000,0.001000,0.0,0.0,0.0,0.0,0.0,0.0,0.0,0.0,0.0,0.0,0.0,0.0,0.0,0.0,0.0,0.0,0.0,,,5990000,1.000000,5990397214.000000
chess::operator~,0.001000,0.001000,0.0,0.0,0.0,0.0,0.0,0.0,0.0,0.0,0.0,0.0,0.0,0.0,0.0,0.0,0.0,0.0,0.0,,,11980000,0.750000,8985595821.000000
chess::operator~,0.001000,0.001000,0.0,0.0,0.0,0.0,0.0,0.0,0.0,0.0,0.0,0.0,0.0,0.0,0.0,0.0,0.0,0.0,0.0,,,0,,2995198607.000000
chess::operator~,0.001000,0.001000,0.0,0.0,0.0,0.0,0.0,0.0,0.0,0.0,0.0,0.0,0.0,0.0,0.0,0.0,0.0,0.0,0.0,,,5990000,0.0,0.0
chess::operator~,0.001000,0.001000,0.0,0.0,0.0,0.0,0.0,0.0,0.0,0.0,0.0,0.0,0.0,0.0,0.0,0.0,0.0,0.0,0.0,,,0,0.0,0.0
chess::typeOf,0.001000,0.001000,0.0,0.0,0.0,0.0,0.0,0.0,0.0,0.0,0.0,0.0,0.0,0.0,0.0,0.0,0.0,0.0,0.0,,,5990000,0.500000,2995198607.000000
chess::typeOf,0.001000,0.001000,0.0,0.0,0.0,0.0,0.0,0.0,0.0,0.0,0.0,0.0,0.0,0.0,0.0,0.0,0.0,0.0,0.0,,,8985000,0.333333,2995198607.000000
chess::valueOf,0.001000,0.001000,0.0,0.0,0.0,0.0,0.0,0.0,0.0,0.0,0.0,0.0,0.0,0.0,0.0,0.0,0.0,0.0,0.0,,,0,,5990397214.000000
engine::PVTable::update,0.001000,0.001000,0.0,0.0,0.0,0.0,0.0,0.0,0.0,0.0,0.0,0.0,0.0,0.0,0.0,0.0,0.0,0.0,0.0,,,11980000,0.250000,2995198607.000000
engine::PawnTT::Entry::{ctor},0.001000,0.001000,0.0,0.0,0.0,0.0,0.0,0.0,0.0,0.0,0.0,0.0,0.0,0.0,0.0,0.0,0.0,0.0,0.0,,,2995000,1.000000,2995198607.000000
engine::Search::getTotalNodes,0.001000,0.001000,0.0,0.0,0.0,0.0,0.0,0.0,0.0,0.0,0.0,0.0,0.0,0.0,0.0,0.0,0.0,0.0,0.0,,,0,0.0,0.0
engine::Search::thread,0.001000,0.001000,0.0,0.0,0.0,0.0,0.0,0.0,0.0,0.0,0.0,0.0,0.0,0.0,0.0,0.0,0.0,0.0,0.0,,,11980000,0.250000,2995198607.000000
engine::TT::getClusterIndex,0.001000,0.001000,0.0,0.0,0.0,0.0,0.0,0.0,0.0,0.0,0.0,0.0,0.0,0.0,0.0,0.0,0.0,0.0,0.0,,,0,0.0,0.0
free,0.001000,0.001000,0.0,0.0,0.0,0.0,0.0,0.0,0.0,0.0,0.0,0.0,0.0,0.0,0.0,0.0,0.0,0.0,0.0,,,2995000,0.0,0.0
func@0x13574,0.001000,0.001000,0.0,0.0,,,0.0,0.0,0.0,0.0,0.0,0.0,0.0,0.0,0.0,0.0,0.0,0.0,0.0,,,0,0.0,0.0
func@0x140001000,0.001000,0.001000,0.0,0.0,0.0,0.0,,,,,0.0,0.0,0.0,0.0,0.0,0.0,0.0,0.0,0.0,,,0,0.0,0.0
func@0x140002700,0.001000,0.001000,0.0,0.0,0.0,0.0,100.0,0.0,55.6,0.0,0.0,0.0,0.0,0.0,0.0,0.0,0.0,0.0,0.0,,,0,,17971191642.000000
func@0x1400067d0,0.001000,0.001000,0.0,0.0,0.0,0.0,0.0,0.0,0.0,0.0,0.0,0.0,0.0,0.0,0.0,0.0,0.0,0.0,0.0,,,0,,5990397214.000000
func@0x1400079e0,0.001000,0.001000,0.0,0.0,0.0,0.0,0.0,0.0,0.0,0.0,0.0,0.0,0.0,0.0,0.0,0.0,0.0,0.0,0.0,SSE(128),,0,,2995198607.000000
func@0x140007d68,0.001000,0.001000,0.0,0.0,0.0,0.0,0.0,0.0,0.0,0.0,0.0,0.0,0.0,0.0,0.0,0.0,0.0,0.0,0.0,SSE(128),,0,,2995198607.000000
func@0x14000acc0,0.001000,0.001000,0.0,0.0,0.0,0.0,0.0,0.0,0.0,0.0,0.0,0.0,0.0,0.0,0.0,0.0,0.0,0.0,0.0,,,0,,2995198607.000000
func@0x14000bb10,0.001000,0.001000,0.0,0.0,0.0,0.0,0.0,0.0,0.0,0.0,0.0,0.0,0.0,0.0,0.0,0.0,0.0,0.0,0.0,,,0,0.0,0.0
func@0x14000bd0a,0.001000,0.001000,0.0,0.0,0.0,0.0,0.0,0.0,0.0,0.0,0.0,0.0,0.0,0.0,0.0,0.0,0.0,0.0,0.0,,,0,0.0,0.0
func@0x140016117,0.001000,0.001000,0.0,0.0,0.0,0.0,0.0,0.0,0.0,0.0,0.0,0.0,0.0,0.0,0.0,0.0,0.0,0.0,0.0,,,0,0.0,0.0
func@0x14001d468,0.001000,0.001000,0.0,0.0,0.0,0.0,0.0,0.0,0.0,0.0,0.0,0.0,0.0,0.0,0.0,0.0,0.0,0.0,0.0,,,0,0.0,0.0
func@0x14001db80,0.001000,0.001000,0.0,0.0,0.0,0.0,0.0,0.0,0.0,0.0,0.0,0.0,0.0,0.0,0.0,0.0,0.0,0.0,0.0,SSE(128),,0,0.0,0.0
func@0x140020f50,0.001000,0.001000,0.0,0.0,0.0,0.0,0.0,0.0,0.0,0.0,0.0,0.0,0.0,0.0,0.0,0.0,0.0,0.0,0.0,,,0,,2995198607.000000
func@0x140027040,0.001000,0.001000,0.0,0.0,0.0,0.0,0.0,0.0,0.0,83.5,0.0,0.0,0.0,0.0,0.0,0.0,0.0,0.0,0.0,SSE(128),,0,,5990397214.000000
func@0x14002d1b0,0.001000,0.001000,0.0,0.0,0.0,0.0,0.0,0.0,0.0,0.0,0.0,0.0,0.0,0.0,0.0,0.0,0.0,0.0,0.0,,,0,0.0,0.0
func@0x140030a20,0.001000,0.001000,0.0,0.0,0.0,0.0,0.0,0.0,0.0,0.0,0.0,0.0,0.0,0.0,0.0,0.0,0.0,0.0,0.0,SSE(128),,0,0.0,0.0
func@0x140039100,0.001000,0.001000,0.0,0.0,,,,0.0,,,0.0,0.0,0.0,0.0,0.0,0.0,0.0,0.0,0.0,,,0,0.0,0.0
func@0x140047750,0.001000,0.001000,0.0,0.0,0.0,0.0,0.0,0.0,0.0,0.0,0.0,0.0,0.0,0.0,0.0,0.0,0.0,0.0,0.0,,,0,0.0,0.0
func@0x14009b050,0.001000,0.001000,0.0,0.0,0.0,0.0,0.0,0.0,0.0,0.0,0.0,0.0,0.0,0.0,0.0,0.0,0.0,0.0,0.0,,,0,0.0,0.0
func@0x14009dc84,0.001000,0.001000,0.0,0.0,0.0,0.0,0.0,0.0,0.0,0.0,0.0,0.0,0.0,0.0,0.0,0.0,0.0,0.0,0.0,,,0,0.0,0.0
func@0x1400f3f00,0.001000,0.001000,0.0,0.0,0.0,0.0,0.0,0.0,0.0,0.0,0.0,0.0,0.0,0.0,0.0,0.0,0.0,0.0,0.0,,,0,0.0,0.0
func@0x1400fb7a0,0.001000,0.001000,0.0,0.0,0.0,0.0,0.0,0.0,0.0,0.0,0.0,0.0,0.0,0.0,0.0,0.0,0.0,0.0,0.0,,,0,0.0,0.0
func@0x140122800,0.001000,0.001000,0.0,0.0,0.0,0.0,0.0,0.0,0.0,0.0,0.0,0.0,0.0,0.0,0.0,0.0,0.0,0.0,0.0,,,0,0.0,0.0
func@0x1401262a0,0.001000,0.001000,0.0,0.0,0.0,0.0,0.0,0.0,0.0,0.0,0.0,0.0,0.0,0.0,0.0,0.0,0.0,0.0,0.0,,,0,,5990397214.000000
func@0x140126530,0.001000,0.001000,0.0,0.0,0.0,0.0,0.0,0.0,0.0,0.0,0.0,0.0,0.0,0.0,0.0,0.0,0.0,0.0,0.0,,,0,0.0,0.0
func@0x14013ca70,0.001000,0.001000,0.0,0.0,0.0,0.0,0.0,0.0,0.0,0.0,0.0,0.0,0.0,0.0,0.0,0.0,0.0,0.0,0.0,,,0,0.0,0.0
func@0x140169e80,0.001000,0.001000,0.0,0.0,0.0,0.0,0.0,0.0,0.0,0.0,0.0,0.0,0.0,0.0,0.0,0.0,0.0,0.0,0.0,,,0,0.0,0.0
func@0x14017b410,0.001000,0.001000,0.0,0.0,0.0,0.0,0.0,0.0,0.0,0.0,0.0,0.0,0.0,0.0,0.0,0.0,0.0,0.0,0.0,SSE(128),,0,0.0,0.0
func@0x140200e20,0.001000,0.001000,0.0,0.0,0.0,0.0,0.0,0.0,0.0,0.0,0.0,0.0,0.0,0.0,0.0,0.0,0.0,0.0,0.0,,,0,,2995198607.000000
func@0x140201130,0.001000,0.001000,0.0,0.0,0.0,0.0,0.0,0.0,0.0,0.0,0.0,0.0,0.0,0.0,0.0,0.0,0.0,0.0,0.0,,,2995000,0.0,0.0
func@0x140202640,0.001000,0.001000,0.0,0.0,0.0,0.0,0.0,0.0,0.0,0.0,0.0,0.0,0.0,0.0,0.0,0.0,0.0,0.0,0.0,,,5990000,0.500000,2995198607.000000
func@0x140206940,0.001000,0.001000,0.0,0.0,0.0,0.0,0.0,0.0,0.0,0.0,0.0,0.0,0.0,0.0,0.0,0.0,0.0,0.0,0.0,,,2995000,0.0,0.0
func@0x140213020,0.001000,0.001000,0.0,0.0,0.0,0.0,0.0,0.0,0.0,0.0,0.0,0.0,0.0,0.0,0.0,0.0,0.0,0.0,0.0,SSE(128),,0,0.0,0.0
func@0x140216750,0.001000,0.001000,0.0,0.0,0.0,0.0,0.0,0.0,0.0,0.0,0.0,0.0,0.0,0.0,0.0,0.0,0.0,0.0,0.0,SSE(128); SSE2(128),,0,,2995198607.000000
func@0x140222210,0.001000,0.001000,0.0,0.0,0.0,0.0,0.0,0.0,0.0,0.0,0.0,0.0,0.0,0.0,0.0,0.0,0.0,0.0,0.0,SSE(128); SSE2(128),,2995000,1.000000,2995198607.000000
func@0x14023f8c0,0.001000,0.001000,0.0,0.0,0.0,0.0,0.0,0.0,0.0,0.0,0.0,0.0,0.0,0.0,0.0,0.0,0.0,0.0,0.0,,,0,0.0,0.0
func@0x140250bb0,0.001000,0.001000,0.0,0.0,0.0,0.0,0.0,0.0,0.0,0.0,0.0,0.0,0.0,0.0,0.0,0.0,0.0,0.0,0.0,,,0,0.0,0.0
func@0x1402582b0,0.001000,0.001000,0.0,0.0,0.0,0.0,66.8,0.0,0.0,0.0,0.0,0.0,0.0,0.0,0.0,0.0,0.0,0.0,0.0,SSE(128),,0,,14975993035.000000
func@0x14025e090,0.001000,0.001000,0.0,0.0,0.0,0.0,0.0,0.0,0.0,0.0,0.0,0.0,0.0,0.0,0.0,0.0,0.0,0.0,0.0,,,0,0.0,0.0
func@0x14025eb90,0.001000,0.001000,0.0,0.0,0.0,0.0,0.0,0.0,0.0,0.0,0.0,0.0,0.0,0.0,0.0,0.0,0.0,0.0,0.0,,,0,,2995198607.000000
func@0x1402662b0,0.001000,0.001000,0.0,0.0,0.0,0.0,0.0,0.0,0.0,0.0,0.0,0.0,0.0,0.0,0.0,0.0,0.0,0.0,0.0,,,0,0.0,0.0
func@0x140273826,0.001000,0.001000,0.0,0.0,0.0,0.0,0.0,0.0,0.0,0.0,0.0,0.0,0.0,0.0,0.0,0.0,0.0,0.0,0.0,,,0,,2995198607.000000
func@0x1402942c0,0.001000,0.001000,0.0,0.0,0.0,0.0,0.0,0.0,0.0,0.0,,0.0,0.0,0.0,0.0,0.0,0.0,0.0,0.0,,,0,0.0,0.0
func@0x140294a20,0.001000,0.001000,0.0,0.0,0.0,0.0,0.0,0.0,0.0,0.0,0.0,0.0,0.0,0.0,0.0,0.0,0.0,0.0,0.0,SSE(128); SSE2(128),,8985000,0.333333,2995198607.000000
func@0x140294da0,0.001000,0.001000,0.0,0.0,0.0,0.0,0.0,0.0,0.0,0.0,0.0,0.0,0.0,,0.0,0.0,0.0,0.0,0.0,SSE(128),,2995000,0.0,0.0
func@0x14029c140,0.001000,0.001000,0.0,0.0,66.7,66.7,100.0,41.7,0.0,83.5,0.0,0.0,0.0,0.0,0.0,0.0,0.0,0.0,0.0,,,23960000,0.500000,11980794428.000000
func@0x14029c7cc,0.001000,0.001000,0.0,0.0,0.0,0.0,0.0,0.0,0.0,0.0,0.0,0.0,0.0,0.0,0.0,0.0,0.0,0.0,0.0,,,0,0.0,0.0
func@0x14029cf20,0.001000,0.001000,0.0,0.0,0.0,0.0,0.0,0.0,41.7,0.0,0.0,0.0,0.0,0.0,0.0,0.0,0.0,0.0,0.0,,,8985000,1.333333,11980794428.000000
func@0x14029e348,0.001000,0.001000,0.0,0.0,,,0.0,0.0,0.0,0.0,0.0,0.0,0.0,0.0,0.0,0.0,0.0,0.0,0.0,,,0,0.0,0.0
func@0x1402ba0e0,0.001000,0.001000,0.0,0.0,0.0,0.0,100.0,0.0,0.0,0.0,0.0,0.0,0.0,0.0,0.0,0.0,0.0,0.0,0.0,SSE(128),,5990000,0.500000,2995198607.000000
func@0x1402cbed0,0.001000,0.001000,0.0,0.0,0.0,0.0,0.0,0.0,0.0,0.0,0.0,0.0,0.0,0.0,0.0,0.0,0.0,0.0,0.0,SSE(128); SSE2(128),,0,0.0,0.0
func@0x1402cd910,0.001000,0.001000,0.0,0.0,0.0,0.0,,0.0,0.0,0.0,0.0,0.0,0.0,0.0,0.0,0.0,0.0,0.0,0.0,SSE(128),,2995000,0.0,0.0
func@0x1402e4940,0.001000,0.001000,0.0,0.0,0.0,0.0,0.0,0.0,0.0,0.0,0.0,0.0,0.0,0.0,0.0,0.0,0.0,0.0,0.0,SSE(128),,2995000,0.0,0.0
func@0x1402e6875,0.001000,0.001000,0.0,0.0,0.0,0.0,0.0,0.0,0.0,0.0,0.0,0.0,0.0,0.0,0.0,0.0,0.0,0.0,0.0,,,2995000,0.0,0.0
func@0x1402e6e4e,0.001000,0.001000,0.0,0.0,0.0,0.0,0.0,0.0,0.0,0.0,0.0,0.0,0.0,0.0,0.0,0.0,0.0,0.0,0.0,,,2995000,1.000000,2995198607.000000
func@0x1402f1231,0.001000,0.001000,0.0,0.0,0.0,0.0,0.0,0.0,0.0,0.0,0.0,0.0,0.0,0.0,0.0,0.0,0.0,0.0,0.0,,,2995000,0.0,0.0
func@0x1402f3230,0.001000,0.001000,0.0,0.0,0.0,0.0,0.0,0.0,0.0,0.0,0.0,0.0,0.0,0.0,0.0,0.0,0.0,0.0,0.0,SSE(128),,2995000,1.000000,2995198607.000000
func@0x140300ef0,0.001000,0.001000,0.0,0.0,0.0,0.0,0.0,0.0,0.0,0.0,0.0,0.0,0.0,0.0,0.0,0.0,0.0,0.0,0.0,,,2995000,0.0,0.0
func@0x140309a10,0.001000,0.001000,0.0,0.0,0.0,0.0,0.0,0.0,0.0,0.0,0.0,0.0,0.0,0.0,0.0,0.0,0.0,0.0,0.0,,,0,0.0,0.0
func@0x14030dae0,0.001000,0.001000,0.0,0.0,0.0,0.0,,,0.0,0.0,0.0,0.0,0.0,0.0,0.0,0.0,0.0,0.0,0.0,,,2995000,0.0,0.0
func@0x1403168b0,0.001000,0.001000,0.0,0.0,0.0,0.0,0.0,0.0,0.0,0.0,0.0,0.0,0.0,0.0,0.0,0.0,0.0,0.0,0.0,,,0,0.0,0.0
func@0x140318f38,0.001000,0.001000,0.0,0.0,0.0,0.0,0.0,55.6,0.0,55.6,0.0,0.0,0.0,0.0,0.0,0.0,0.0,0.0,0.0,,,8985000,1.000000,8985595821.000000
func@0x14032df50,0.001000,0.001000,0.0,0.0,0.0,0.0,0.0,0.0,0.0,0.0,0.0,0.0,0.0,0.0,0.0,0.0,0.0,0.0,0.0,SSE(128),,2995000,0.0,0.0
func@0x14033c2e4,0.001000,0.001000,0.0,0.0,0.0,0.0,,0.0,0.0,0.0,0.0,0.0,0.0,0.0,0.0,0.0,0.0,0.0,0.0,,,0,0.0,0.0
func@0x14033ccb2,0.001000,0.001000,0.0,0.0,0.0,0.0,0.0,0.0,0.0,0.0,0.0,0.0,0.0,0.0,0.0,0.0,0.0,0.0,0.0,,,0,0.0,0.0
func@0x140340ba8,0.001000,0.001000,0.0,0.0,0.0,0.0,,,,,0.0,0.0,0.0,0.0,0.0,0.0,0.0,0.0,0.0,,,2995000,0.0,0.0
func@0x140342948,0.001000,0.001000,0.0,0.0,0.0,0.0,0.0,0.0,0.0,0.0,0.0,0.0,0.0,,0.0,0.0,0.0,0.0,0.0,,,0,0.0,0.0
func@0x140343680,0.001000,0.001000,0.0,0.0,0.0,0.0,0.0,0.0,100.0,0.0,,0.0,0.0,0.0,0.0,0.0,0.0,0.0,0.0,,,17970000,0.333333,5990397214.000000
func@0x1403b5b08,0.001000,0.001000,0.0,0.0,0.0,0.0,,0.0,0.0,0.0,,0.0,0.0,0.0,0.0,0.0,0.0,0.0,0.0,,,0,0.0,0.0
func@0x1403ceb90,0.001000,0.001000,0.0,0.0,0.0,0.0,0.0,0.0,83.5,0.0,0.0,0.0,0.0,0.0,0.0,0.0,0.0,0.0,0.0,,,0,,5990397214.000000
func@0x1403d6ed0,0.001000,0.001000,0.0,0.0,0.0,0.0,100.0,0.0,0.0,0.0,0.0,0.0,0.0,0.0,0.0,0.0,0.0,0.0,0.0,SSE(128),,14975000,0.400000,5990397214.000000
func@0x1404063e0,0.001000,0.001000,0.0,0.0,0.0,0.0,0.0,0.0,0.0,0.0,0.0,0.0,0.0,0.0,0.0,0.0,0.0,0.0,0.0,SSE(128),,0,,5990397214.000000
func@0x1404206e2,0.001000,0.001000,0.0,0.0,0.0,0.0,0.0,100.0,0.0,0.0,0.0,0.0,0.0,0.0,0.0,0.0,0.0,0.0,0.0,,,8985000,0.333333,2995198607.000000
func@0x1404216d0,0.001000,0.001000,0.0,0.0,0.0,0.0,0.0,0.0,0.0,0.0,0.0,0.0,0.0,0.0,0.0,0.0,0.0,0.0,0.0,,,0,0.0,0.0
func@0x14042b5d0,0.001000,0.001000,0.0,0.0,0.0,0.0,100.0,41.7,0.0,0.0,0.0,0.0,0.0,0.0,0.0,0.0,0.0,0.0,0.0,SSE(128),,0,,11980794428.000000
func@0x140462f4c,0.001000,0.001000,0.0,0.0,0.0,0.0,0.0,0.0,0.0,0.0,0.0,0.0,0.0,0.0,0.0,0.0,0.0,0.0,0.0,,,0,0.0,0.0
func@0x14047ac87,0.001000,0.001000,0.0,0.0,0.0,0.0,0.0,0.0,0.0,0.0,0.0,0.0,0.0,0.0,0.0,0.0,0.0,0.0,0.0,,,0,0.0,0.0
func@0x1404e4cd3,0.001000,0.001000,0.0,0.0,0.0,0.0,0.0,0.0,0.0,0.0,0.0,0.0,0.0,0.0,0.0,0.0,0.0,0.0,0.0,,,0,0.0,0.0
func@0x1404e78e0,0.001000,0.001000,0.0,0.0,0.0,0.0,0.0,0.0,0.0,0.0,0.0,0.0,0.0,0.0,0.0,0.0,0.0,0.0,0.0,,,2995000,0.0,0.0
func@0x1404e7969,0.001000,0.001000,0.0,0.0,0.0,0.0,0.0,0.0,0.0,0.0,,0.0,0.0,0.0,0.0,0.0,0.0,0.0,0.0,,,2995000,2.000000,5990397214.000000
func@0x140543cb0,0.001000,0.001000,0.0,0.0,0.0,0.0,0.0,0.0,0.0,0.0,0.0,0.0,0.0,0.0,0.0,0.0,0.0,0.0,0.0,,,0,0.0,0.0
func@0x1406841d0,0.001000,0.001000,0.0,0.0,0.0,0.0,0.0,0.0,0.0,0.0,0.0,0.0,0.0,0.0,0.0,0.0,0.0,0.0,0.0,,,0,0.0,0.0
func@0x1406b1f90,0.001000,0.001000,0.0,0.0,50.0,50.0,55.6,0.0,100.0,0.0,0.0,0.0,,,,0.0,0.0,0.0,0.0,SSE(128),,2995000,3.000000,8985595821.000000
func@0x1406bd583,0.001000,0.001000,0.0,0.0,0.0,0.0,0.0,0.0,0.0,0.0,0.0,0.0,0.0,0.0,0.0,0.0,0.0,0.0,0.0,SSE(128),,0,,2995198607.000000
func@0x1408487e0,0.001000,0.001000,0.0,0.0,0.0,0.0,0.0,0.0,0.0,0.0,0.0,0.0,0.0,0.0,0.0,0.0,0.0,0.0,0.0,SSE(128); SSE2(128),,0,0.0,0.0
func@0x1408bade0,0.001000,0.001000,0.0,0.0,0.0,0.0,0.0,0.0,0.0,0.0,0.0,0.0,0.0,0.0,0.0,0.0,0.0,0.0,0.0,,,0,0.0,0.0
func@0x1408bc140,0.001000,0.001000,0.0,0.0,0.0,0.0,0.0,0.0,0.0,0.0,0.0,0.0,0.0,0.0,0.0,0.0,0.0,0.0,0.0,SSE(128),,0,0.0,0.0
func@0x1408f9854,0.001000,0.001000,0.0,0.0,0.0,0.0,0.0,0.0,0.0,0.0,0.0,0.0,0.0,0.0,0.0,0.0,0.0,0.0,0.0,,,0,0.0,0.0
func@0x140c31d30,0.001000,0.001000,0.0,0.0,0.0,0.0,0.0,0.0,0.0,0.0,0.0,0.0,0.0,0.0,0.0,0.0,0.0,0.0,0.0,,,2995000,1.000000,2995198607.000000
func@0x140c31d90,0.001000,0.001000,0.0,0.0,0.0,0.0,0.0,0.0,0.0,0.0,0.0,0.0,0.0,0.0,0.0,0.0,0.0,0.0,0.0,,,0,0.0,0.0
func@0x140c8aac0,0.001000,0.001000,0.0,0.0,0.0,0.0,0.0,0.0,0.0,0.0,0.0,0.0,0.0,0.0,0.0,0.0,0.0,0.0,0.0,,,0,0.0,0.0
func@0x140c95380,0.001000,0.001000,0.0,0.0,0.0,0.0,0.0,0.0,0.0,0.0,0.0,0.0,0.0,0.0,0.0,0.0,0.0,0.0,0.0,SSE(128); SSE2(128),,0,,2995198607.000000
func@0x140c97cd0,0.001000,0.001000,0.0,0.0,0.0,0.0,0.0,0.0,0.0,0.0,0.0,0.0,0.0,0.0,0.0,0.0,0.0,0.0,0.0,,,0,0.0,0.0
func@0x140cb5c2f,0.001000,0.001000,0.0,0.0,0.0,0.0,0.0,0.0,0.0,0.0,0.0,0.0,0.0,0.0,0.0,0.0,0.0,0.0,0.0,,,0,0.0,0.0
func@0x140ce4390,0.001000,0.001000,0.0,0.0,0.0,0.0,0.0,0.0,0.0,0.0,0.0,0.0,0.0,0.0,0.0,0.0,0.0,0.0,0.0,,,0,0.0,0.0
func@0x140ce55c0,0.001000,0.001000,0.0,0.0,0.0,0.0,0.0,0.0,0.0,0.0,0.0,0.0,0.0,0.0,0.0,0.0,0.0,0.0,0.0,,,0,0.0,0.0
func@0x140d0ec20,0.001000,0.001000,0.0,0.0,0.0,0.0,0.0,0.0,,,0.0,0.0,0.0,0.0,0.0,0.0,0.0,0.0,0.0,,,0,0.0,0.0
func@0x140d103d0,0.001000,0.001000,0.0,0.0,0.0,0.0,0.0,0.0,0.0,0.0,0.0,0.0,0.0,0.0,0.0,0.0,0.0,0.0,0.0,,,5990000,0.500000,2995198607.000000
func@0x140d38eb0,0.001000,0.001000,0.0,0.0,0.0,0.0,,,0.0,0.0,0.0,0.0,0.0,0.0,0.0,0.0,0.0,0.0,0.0,,,0,0.0,0.0
func@0x140d3bfe0,0.001000,0.001000,0.0,0.0,0.0,0.0,0.0,0.0,0.0,0.0,0.0,0.0,0.0,0.0,0.0,0.0,0.0,0.0,0.0,,,0,0.0,0.0
func@0x1800054b0,0.001000,0.001000,0.0,0.0,0.0,0.0,0.0,0.0,0.0,0.0,0.0,0.0,0.0,0.0,0.0,0.0,0.0,0.0,0.0,,,0,,2995198607.000000
func@0x180016e70,0.001000,0.001000,0.0,0.0,0.0,0.0,0.0,0.0,0.0,0.0,0.0,0.0,0.0,0.0,0.0,0.0,0.0,0.0,0.0,,,0,0.0,0.0
func@0x18001cd70,0.001000,0.001000,0.0,0.0,0.0,0.0,0.0,27.8,0.0,0.0,0.0,0.0,0.0,0.0,0.0,0.0,0.0,0.0,0.0,,,17970000,1.000000,17971191642.000000
func@0x180058e00,0.001000,0.001000,0.0,0.0,0.0,0.0,0.0,0.0,0.0,0.0,0.0,0.0,0.0,0.0,0.0,0.0,0.0,0.0,0.0,,,0,,2995198607.000000
func@0x1800710e0,0.001000,0.001000,0.0,0.0,0.0,0.0,0.0,0.0,0.0,0.0,0.0,0.0,0.0,0.0,0.0,0.0,0.0,0.0,0.0,,,0,0.0,0.0
func@0x18009ba00,0.001000,0.001000,0.0,0.0,0.0,0.0,0.0,0.0,0.0,0.0,0.0,0.0,0.0,0.0,0.0,0.0,0.0,0.0,0.0,,,0,0.0,0.0
func@0x18012c381,0.001000,0.001000,0.0,0.0,0.0,0.0,0.0,0.0,0.0,0.0,0.0,0.0,0.0,0.0,0.0,0.0,0.0,0.0,0.0,,,0,0.0,0.0
func@0x180177d60,0.001000,0.001000,0.0,0.0,0.0,0.0,0.0,0.0,0.0,0.0,0.0,0.0,0.0,0.0,0.0,0.0,0.0,0.0,0.0,,,0,0.0,0.0
std::_Fnv1a_append_value<unsigned __int64>,0.001000,0.001000,0.0,0.0,0.0,0.0,0.0,0.0,0.0,0.0,0.0,0.0,0.0,0.0,0.0,0.0,0.0,0.0,0.0,,,0,0.0,0.0
"std::_Func_impl_no_alloc<``config::ConfigRegistry::initializeSearchDefinitions'::`2'::<lambda_1>::operator()<`config::ConfigRegistry::initializeSearchDefinitions'::`2'::<lambda_85> >'::`2'::<lambda_1>,std::basic_string<char,std::char_traits<char>,std::allocator<char> >,config::SearchConfigData const &,config::EvalConfigData const &>::_Delete_this",0.001000,0.001000,0.0,0.0,0.0,0.0,0.0,0.0,0.0,0.0,0.0,0.0,0.0,0.0,0.0,0.0,0.0,0.0,0.0,,,0,0.0,0.0
"std::_Hash<class std::_Umap_traits<unsigned __int64,class book::BookEntry,class std::_Uhash_compare<unsigned __int64,struct std::hash<unsigned __int64>,struct std::equal_to<unsigned __int64> >,class std::allocator<struct std::pair<unsigned __int64 const ,class book::BookEntry> >,0> >::emplace<struct std::pair<unsigned __int64 const ,class book::BookEntry> >",0.001000,0.001000,0.0,0.0,0.0,0.0,0.0,0.0,0.0,0.0,0.0,0.0,0.0,0.0,0.0,0.0,0.0,0.0,0.0,,,2995000,0.0,0.0
"std::_Tree<std::_Tset_traits<boost::archive::detail::basic_iarchive_impl::cobject_type,std::less<boost::archive::detail::basic_iarchive_impl::cobject_type>,std::allocator<boost::archive::detail::basic_iarchive_impl::cobject_type>,0> >::insert",0.001000,0.001000,0.0,0.0,0.0,0.0,0.0,0.0,0.0,0.0,0.0,0.0,0.0,0.0,0.0,0.0,0.0,0.0,0.0,SSE(128),,23960000,0.500000,11980794428.000000
"std::_Uninitialized_backout<std::_List_unchecked_iterator<std::_List_val<std::_List_simple_types<std::pair<unsigned __int64 const ,book::BookEntry> > > > *>::_Emplace_back",0.001000,0.001000,0.0,0.0,0.0,0.0,0.0,0.0,0.0,0.0,0.0,0.0,0.0,0.0,0.0,0.0,0.0,0.0,0.0,,,2995000,2.000000,5990397214.000000
"std::array<chess::Bitboard,64>::operator[]",0.001000,0.001000,0.0,0.0,0.0,0.0,0.0,0.0,0.0,0.0,,0.0,0.0,0.0,0.0,0.0,0.0,0.0,0.0,,,2995000,0.0,0.0
"std::array<chess::Bitboard,64>::operator[]",0.001000,0.001000,0.0,0.0,0.0,0.0,0.0,0.0,0.0,0.0,0.0,0.0,0.0,0.0,0.0,0.0,0.0,0.0,0.0,,,2995000,0.0,0.0
"std::array<chess::Value,25>::operator[]",0.001000,0.001000,0.0,0.0,0.0,0.0,0.0,0.0,0.0,0.0,0.0,0.0,0.0,0.0,0.0,0.0,0.0,0.0,0.0,,,2995000,1.000000,2995198607.000000
"std::array<chess::Value,25>::operator[]",0.001000,0.001000,0.0,0.0,0.0,0.0,0.0,0.0,0.0,0.0,0.0,0.0,0.0,0.0,0.0,0.0,0.0,0.0,0.0,,,14975000,1.000000,14975993035.000000
"std::array<chess::Value,25>::operator[]",0.001000,0.001000,0.0,0.0,0.0,0.0,0.0,0.0,0.0,0.0,0.0,0.0,0.0,0.0,0.0,0.0,0.0,0.0,0.0,,,5990000,2.000000,11980794428.000000
"std::array<chess::Value,25>::operator[]",0.001000,0.001000,0.0,0.0,0.0,0.0,0.0,0.0,0.0,0.0,0.0,0.0,0.0,0.0,0.0,0.0,0.0,0.0,0.0,,,17970000,0.666667,11980794428.000000
"std::array<int,64>::operator[]",0.001000,0.001000,0.0,0.0,0.0,0.0,0.0,0.0,0.0,0.0,0.0,0.0,0.0,0.0,0.0,0.0,0.0,0.0,0.0,,,2995000,0.0,0.0
"std::array<int,64>::operator[]",0.001000,0.001000,0.0,0.0,0.0,0.0,0.0,0.0,0.0,0.0,0.0,0.0,0.0,0.0,0.0,0.0,0.0,0.0,0.0,,,17970000,0.333333,5990397214.000000
"std::array<int,64>::operator[]",0.001000,0.001000,0.0,0.0,0.0,0.0,0.0,0.0,0.0,0.0,0.0,0.0,0.0,0.0,0.0,0.0,0.0,0.0,0.0,,,5990000,0.500000,2995198607.000000
"std::array<std::array<int,64>,64>::operator[]",0.001000,0.001000,0.0,0.0,0.0,0.0,0.0,0.0,0.0,0.0,0.0,0.0,0.0,0.0,0.0,0.0,0.0,0.0,0.0,,,65890000,0.545455,35942383284.000000
"std::array<std::array<int,64>,64>::operator[]",0.001000,0.001000,0.0,0.0,0.0,0.0,0.0,0.0,0.0,0.0,0.0,0.0,0.0,0.0,0.0,0.0,0.0,0.0,0.0,,,5990000,0.0,0.0
"std::array<std::array<int,64>,64>::operator[]",0.001000,0.001000,0.0,0.0,0.0,0.0,0.0,0.0,0.0,0.0,0.0,0.0,0.0,0.0,0.0,0.0,0.0,0.0,0.0,,,2995000,1.000000,2995198607.000000
std::atomic<unsigned __int64>::{ctor},0.001000,0.001000,0.0,0.0,0.0,0.0,0.0,0.0,0.0,0.0,0.0,0.0,0.0,0.0,0.0,0.0,0.0,0.0,0.0,,,47920000,0.125000,5990397214.000000
"std::basic_streambuf<char,struct std::char_traits<char> >::sgetn",0.001000,0.001000,0.0,0.0,0.0,0.0,0.0,0.0,0.0,0.0,0.0,0.0,0.0,0.0,0.0,0.0,0.0,0.0,0.0,,,32945000,0.272727,8985595821.000000
std::chrono::steady_clock::now,0.001000,0.001000,0.0,0.0,0.0,0.0,0.0,0.0,0.0,0.0,0.0,0.0,0.0,0.0,0.0,0.0,0.0,0.0,0.0,,,0,0.0,0.0
std::countr_zero,0.001000,0.001000,0.0,0.0,0.0,0.0,0.0,0.0,0.0,0.0,0.0,0.0,0.0,0.0,0.0,0.0,0.0,0.0,0.0,,,11980000,1.000000,11980794428.000000
std::countr_zero,0.001000,0.001000,0.0,0.0,0.0,0.0,0.0,0.0,0.0,0.0,0.0,0.0,0.0,0.0,0.0,0.0,0.0,0.0,0.0,,,35940000,0.0,0.0
std::countr_zero,0.001000,0.001000,0.0,0.0,0.0,0.0,0.0,0.0,0.0,0.0,0.0,0.0,0.0,0.0,0.0,0.0,0.0,0.0,0.0,,,29950000,0.400000,11980794428.000000
std::optional<engine::TT::Entry>::{ctor},0.001000,0.001000,0.0,0.0,0.0,0.0,0.0,0.0,0.0,0.0,0.0,0.0,,,,0.0,0.0,0.0,0.0,,,0,0.0,0.0
std::popcount,0.001000,0.001000,0.0,0.0,0.0,0.0,55.6,0.0,0.0,0.0,0.0,0.0,0.0,0.0,0.0,0.0,0.0,0.0,0.0,,,26955000,0.666667,17971191642.000000
std::popcount,0.001000,0.001000,0.0,0.0,0.0,0.0,0.0,0.0,0.0,0.0,0.0,0.0,0.0,0.0,0.0,0.0,0.0,0.0,0.0,,,23960000,0.625000,14975993035.000000
std::popcount,0.001000,0.001000,0.0,0.0,0.0,0.0,0.0,0.0,0.0,0.0,0.0,0.0,0.0,0.0,0.0,0.0,0.0,0.0,0.0,,,17970000,0.166667,2995198607.000000
std::popcount,0.001000,0.001000,0.0,0.0,0.0,0.0,0.0,0.0,0.0,0.0,0.0,0.0,0.0,0.0,0.0,0.0,0.0,0.0,0.0,,,5990000,1.500000,8985595821.000000
std::popcount,0.001000,0.001000,0.0,0.0,0.0,0.0,0.0,0.0,0.0,0.0,0.0,0.0,0.0,0.0,0.0,0.0,0.0,0.0,0.0,,,5990000,0.500000,2995198607.000000
"std::ranges::_Med3_common<chess::Move *,chess::moveValueGreaterComparator,std::identity>",0.001000,0.001000,0.0,0.0,0.0,0.0,83.5,0.0,0.0,0.0,0.0,0.0,0.0,0.0,0.0,0.0,0.0,0.0,0.0,,,8985000,1.333333,11980794428.000000
std::ranges::_Swap::_Cpo::operator(),0.001000,0.001000,0.0,0.0,0.0,0.0,0.0,0.0,0.0,0.0,0.0,0.0,0.0,0.0,0.0,0.0,0.0,0.0,0.0,,,5990000,1.000000,5990397214.000000
std::ranges::_Swap::_Cpo::operator(),0.001000,0.001000,0.0,0.0,0.0,0.0,0.0,0.0,0.0,0.0,0.0,0.0,0.0,0.0,0.0,0.0,0.0,0.0,0.0,,,0,,2995198607.000000
"std::unique_ptr<engine::PawnTT::Entry [0],std::default_delete<engine::PawnTT::Entry [0]> >::operator[]",0.001000,0.001000,0.0,0.0,50.0,50.0,66.8,0.0,33.4,0.0,0.0,0.0,0.0,0.0,0.0,0.0,0.0,0.0,0.0,,,17970000,0.833333,14975993035.000000
CreateRemoteThreadEx,0.0,0.0,0.0,0.0,0.0,0.0,0.0,0.0,0.0,0.0,0.0,0.0,0.0,0.0,0.0,0.0,0.0,0.0,0.0,SSE(128),,0,0.0,0.0
EtwEventEnabled,0.0,0.0,0.0,0.0,0.0,0.0,0.0,0.0,0.0,100.0,0.0,0.0,0.0,0.0,0.0,0.0,0.0,0.0,0.0,,,0,,
EtwWriteEx,0.0,0.0,0.0,0.0,0.0,0.0,0.0,0.0,0.0,83.5,0.0,0.0,0.0,0.0,0.0,0.0,0.0,0.0,0.0,SSE(128),,0,,
ExAcquireResourceExclusiveLite,0.0,0.0,0.0,0.0,0.0,0.0,0.0,0.0,0.0,0.0,0.0,0.0,0.0,0.0,0.0,0.0,0.0,0.0,0.0,SSE(128),,0,,
ExReleaseResourceLite,0.0,0.0,0.0,0.0,0.0,0.0,0.0,0.0,0.0,0.0,0.0,0.0,0.0,0.0,0.0,0.0,0.0,0.0,0.0,SSE(128),,2995000,0.0,0.0
KeAddGroupAffinityEx,0.0,0.0,0.0,0.0,0.0,0.0,0.0,0.0,0.0,0.0,0.0,0.0,0.0,0.0,0.0,0.0,0.0,0.0,0.0,,,2995000,0.0,0.0
KeAddProcessorAffinityEx,0.0,0.0,0.0,0.0,0.0,0.0,0.0,0.0,0.0,0.0,0.0,0.0,0.0,0.0,0.0,0.0,0.0,0.0,0.0,,,5990000,0.0,0.0
KeEnterCriticalRegion,0.0,0.0,0.0,0.0,0.0,0.0,0.0,0.0,0.0,0.0,0.0,0.0,0.0,0.0,0.0,0.0,0.0,0.0,0.0,,,2995000,0.0,0.0
KeEnumerateNextProcessor,0.0,0.0,0.0,0.0,0.0,0.0,0.0,,,0.0,0.0,0.0,0.0,0.0,0.0,0.0,0.0,0.0,0.0,,,2995000,0.0,0.0
KeGetCurrentIrql,0.0,0.0,0.0,0.0,0.0,0.0,0.0,0.0,0.0,0.0,0.0,0.0,0.0,0.0,0.0,0.0,0.0,0.0,0.0,,,2995000,1.000000,
KeQueryPerformanceCounter,0.0,0.0,0.0,0.0,0.0,0.0,0.0,0.0,0.0,0.0,0.0,0.0,0.0,0.0,0.0,0.0,0.0,0.0,0.0,,,2995000,0.0,0.0
KeReleaseSpinLock,0.0,0.0,0.0,0.0,0.0,0.0,0.0,33.4,0.0,0.0,0.0,0.0,,,,0.0,0.0,0.0,0.0,,,2995000,5.000000,
MmUnlockPages,0.0,0.0,0.0,0.0,0.0,0.0,0.0,0.0,0.0,0.0,0.0,0.0,0.0,0.0,0.0,0.0,0.0,0.0,0.0,,,2995000,0.0,0.0
NtAllocateVirtualMemory,0.0,0.0,0.0,0.0,0.0,0.0,0.0,0.0,0.0,0.0,0.0,0.0,0.0,0.0,0.0,0.0,0.0,0.0,0.0,SSE(128),,5990000,0.0,0.0
NtSetInformationProcess,0.0,0.0,0.0,0.0,0.0,0.0,0.0,0.0,0.0,0.0,0.0,0.0,0.0,0.0,0.0,0.0,0.0,0.0,0.0,SSE(128); SSE2(128),,0,0.0,0.0
RtlActivateActivationContextUnsafeFast,0.0,0.0,0.0,0.0,0.0,0.0,0.0,0.0,0.0,0.0,0.0,0.0,0.0,0.0,0.0,0.0,0.0,0.0,0.0,SSE(128),,0,0.0,0.0
RtlAllocateHeap,0.0,0.0,0.0,0.0,0.0,0.0,0.0,0.0,0.0,83.5,0.0,0.0,0.0,0.0,0.0,0.0,0.0,0.0,0.0,,,11980000,0.500000,
RtlCopyMemory,0.0,0.0,0.0,0.0,0.0,0.0,0.0,0.0,,,0.0,0.0,0.0,0.0,0.0,0.0,0.0,0.0,0.0,SSE(128),,0,0.0,0.0
RtlGetNextExpirationTimerWheelTick,0.0,0.0,0.0,0.0,0.0,0.0,0.0,0.0,100.0,0.0,0.0,0.0,0.0,0.0,0.0,0.0,0.0,0.0,0.0,,,0,,
RtlIsTimerWheelSuspended,0.0,0.0,0.0,0.0,0.0,0.0,0.0,0.0,,,0.0,0.0,0.0,0.0,0.0,0.0,0.0,0.0,0.0,,,2995000,0.0,0.0
RtlRbRemoveNode,0.0,0.0,0.0,0.0,0.0,0.0,,0.0,0.0,0.0,0.0,0.0,0.0,0.0,0.0,0.0,0.0,0.0,0.0,,,2995000,0.0,0.0
SleepConditionVariableSRW,0.0,0.0,0.0,0.0,0.0,0.0,0.0,0.0,0.0,0.0,0.0,0.0,0.0,0.0,0.0,0.0,0.0,0.0,0.0,,,2995000,0.0,0.0
WaitForSingleObjectEx,0.0,0.0,0.0,0.0,0.0,0.0,0.0,0.0,0.0,0.0,0.0,0.0,0.0,0.0,0.0,0.0,0.0,0.0,0.0,SSE(128),,0,0.0,0.0
YAML::RegEx::MatchUnchecked<class YAML::StreamCharSource>,0.0,0.0,0.0,0.0,0.0,0.0,0.0,0.0,0.0,0.0,0.0,0.0,0.0,0.0,0.0,0.0,0.0,0.0,0.0,SSE(128); SSE2(128),,2995000,0.0,0.0
YAML::StreamCharSource::operator+,0.0,0.0,0.0,0.0,0.0,0.0,0.0,0.0,0.0,0.0,0.0,0.0,0.0,0.0,0.0,0.0,0.0,0.0,0.0,SSE(128); SSE2(128),,0,0.0,0.0
[Import thunk _std_type_info_compare],0.0,0.0,0.0,0.0,0.0,0.0,0.0,0.0,0.0,0.0,0.0,0.0,0.0,0.0,0.0,0.0,0.0,0.0,0.0,,,14975000,0.200000,
[Import thunk memset],0.0,0.0,0.0,0.0,0.0,0.0,0.0,0.0,0.0,0.0,0.0,0.0,0.0,0.0,0.0,0.0,0.0,0.0,0.0,,,2995000,0.0,0.0
[Loop at line 1090 in engine::Search::aspirationSearch],0.0,0.0,0.0,0.0,0.0,0.0,0.0,0.0,0.0,0.0,0.0,0.0,0.0,0.0,0.0,0.0,0.0,0.0,0.0,AVX(128),,0,0.0,0.0
[Loop at line 1177 in engine::Search::rootSearch],0.0,0.0,0.0,0.0,0.0,0.0,0.0,0.0,0.0,0.0,0.0,0.0,0.0,0.0,0.0,0.0,0.0,0.0,0.0,,,5990000,1.000000,
[Loop at line 275 in engine::Evaluator::evaluate],0.0,0.0,0.0,0.0,0.0,0.0,0.0,0.0,0.0,0.0,0.0,0.0,0.0,0.0,0.0,0.0,0.0,0.0,0.0,,,2995000,0.0,0.0
[Loop at line 278 in engine::Evaluator::evaluate],0.0,0.0,0.0,0.0,0.0,0.0,0.0,0.0,0.0,0.0,0.0,0.0,0.0,0.0,0.0,0.0,0.0,0.0,0.0,,,5990000,0.0,0.0
[Loop at line 3329 in engine::Search::sendMultiPvResultsToUci],0.0,0.0,0.0,0.0,0.0,0.0,0.0,,,0.0,0.0,0.0,0.0,0.0,0.0,0.0,0.0,0.0,0.0,AVX(128); AVX(256),,0,0.0,0.0
[Loop at line 3496 in engine::Search::extractPvWithTT],0.0,0.0,0.0,0.0,0.0,0.0,0.0,0.0,0.0,0.0,0.0,0.0,0.0,0.0,0.0,0.0,0.0,0.0,0.0,,,2995000,0.0,0.0
[Loop at line 35 in chess::Attacks::detail::sliding_attack],0.0,0.0,0.0,0.0,,,0.0,0.0,0.0,0.0,0.0,0.0,0.0,0.0,0.0,0.0,0.0,0.0,0.0,,,2995000,0.0,0.0
[Loop at line 538 in engine::Evaluator::pieceEval],0.0,0.0,0.0,0.0,0.0,0.0,0.0,0.0,0.0,0.0,0.0,0.0,0.0,0.0,0.0,0.0,0.0,0.0,0.0,,,5990000,0.0,0.0
[Loop at line 538 in engine::Search::iterativeDeepening],0.0,0.0,0.0,0.0,0.0,0.0,0.0,0.0,0.0,0.0,0.0,0.0,0.0,0.0,0.0,0.0,0.0,0.0,0.0,AVX(128); AVX(256),,0,0.0,0.0
"[Loop at line 69 in boost::serialization::stl::load_unordered_collection<class boost::archive::binary_iarchive,class std::unordered_map<unsigned __int64,class book::BookEntry,struct std::hash<unsigned __int64>,struct std::equal_to<unsigned __int64>,class std::allocator<struct std::pair<unsigned __int64 const ,class book::BookEntry> > >,struct boost::serialization::stl::archive_input_unordered_map<class boost::archive::binary_iarchive,class std::unordered_map<unsigned __int64,class book::BookEntry,struct std::hash<unsigned __int64>,struct std::equal_to<unsigned __int64>,class std::allocator<struct std::pair<unsigned __int64 const ,class book::BookEntry> > > > >]",0.0,0.0,0.0,0.0,0.0,0.0,0.0,0.0,0.0,0.0,0.0,0.0,0.0,0.0,0.0,0.0,0.0,0.0,0.0,AVX(128); AVX(256),,0,0.0,0.0
[Loop at line 78 in engine::TT::resize],0.0,0.0,0.0,0.0,0.0,0.0,0.0,0.0,0.0,0.0,0.0,0.0,0.0,0.0,0.0,0.0,0.0,0.0,0.0,,,5990000,0.0,0.0
[Loop at line 818 in engine::Search::iterativeDeepening],0.0,0.0,0.0,0.0,0.0,0.0,0.0,0.0,0.0,0.0,0.0,0.0,0.0,0.0,0.0,0.0,0.0,0.0,0.0,AVX(128); AVX(256),,0,0.0,0.0
[Loop at line 8440 in std::ranges::_Insertion_sort_common],0.0,0.0,0.0,0.0,0.0,0.0,0.0,0.0,0.0,0.0,0.0,0.0,0.0,0.0,0.0,0.0,0.0,0.0,0.0,,,2995000,0.0,0.0
[Loop at line 85 in chess::MoveGenerator::generateLegalMoves],0.0,0.0,0.0,0.0,0.0,0.0,0.0,0.0,0.0,0.0,0.0,0.0,0.0,0.0,0.0,0.0,0.0,0.0,0.0,,,2995000,0.0,0.0
[Loop at line 8505 in std::ranges::_Partition_by_median_guess_common],0.0,0.0,0.0,0.0,0.0,0.0,0.0,0.0,0.0,0.0,0.0,0.0,0.0,0.0,0.0,0.0,0.0,0.0,0.0,,,8985000,0.666667,
[Loop at line 8510 in std::ranges::_Partition_by_median_guess_common],0.0,0.0,0.0,0.0,0.0,0.0,0.0,0.0,0.0,0.0,0.0,0.0,0.0,0.0,0.0,0.0,0.0,0.0,0.0,,,2995000,1.000000,
[Loop@0x140002ba0 in func@0x140002b5e],0.0,0.0,0.0,0.0,0.0,0.0,0.0,0.0,0.0,0.0,0.0,0.0,0.0,0.0,0.0,0.0,0.0,0.0,0.0,,,8985000,0.333333,
[Loop@0x140002c30 in func@0x140002b5e],0.0,0.0,0.0,0.0,0.0,0.0,0.0,0.0,0.0,0.0,0.0,0.0,0.0,0.0,0.0,0.0,0.0,0.0,0.0,,,8985000,0.333333,
[Loop@0x140005e80 in func@0x140005e27],0.0,0.0,0.0,0.0,0.0,0.0,0.0,0.0,0.0,100.0,0.0,0.0,0.0,0.0,0.0,0.0,0.0,0.0,0.0,SSE(128),,0,,
[Loop@0x14000d6a0 in func@0x14000d5e0],0.0,0.0,0.0,0.0,0.0,0.0,0.0,0.0,83.5,0.0,0.0,0.0,0.0,0.0,0.0,0.0,0.0,0.0,0.0,,,0,,
[Loop@0x14000e100 in func@0x14000e060],0.0,0.0,0.0,0.0,0.0,0.0,0.0,0.0,0.0,0.0,0.0,0.0,0.0,0.0,0.0,0.0,0.0,0.0,0.0,,,2995000,1.000000,
[Loop@0x14002681a in func@0x140026780],0.0,0.0,0.0,0.0,0.0,0.0,0.0,0.0,0.0,0.0,0.0,0.0,0.0,0.0,0.0,0.0,0.0,0.0,0.0,SSE(128),,0,0.0,0.0
[Loop@0x140026ff0 in func@0x140026fb0],0.0,0.0,0.0,0.0,0.0,0.0,0.0,0.0,83.5,0.0,0.0,0.0,0.0,0.0,0.0,0.0,0.0,0.0,0.0,SSE(128),,0,,
[Loop@0x140026ffd in func@0x140026fb0],0.0,0.0,0.0,0.0,0.0,0.0,0.0,0.0,0.0,100.0,0.0,0.0,0.0,0.0,0.0,0.0,0.0,0.0,0.0,SSE(128),,0,,
[Loop@0x140027206 in func@0x140027040],0.0,0.0,0.0,0.0,0.0,0.0,0.0,0.0,0.0,0.0,0.0,0.0,0.0,0.0,0.0,0.0,0.0,0.0,0.0,SSE(128),,5990000,1.000000,
[Loop@0x140028d10 in func@0x140028980],0.0,0.0,0.0,0.0,0.0,0.0,0.0,100.0,0.0,0.0,0.0,0.0,0.0,0.0,0.0,0.0,0.0,0.0,0.0,,,0,,
[Loop@0x140029a37 in func@0x140029970],0.0,0.0,0.0,0.0,0.0,0.0,0.0,0.0,0.0,0.0,0.0,0.0,0.0,0.0,0.0,0.0,0.0,0.0,0.0,SSE(128),,2995000,0.0,0.0
[Loop@0x140054ed8 in func@0x140054e80],0.0,0.0,0.0,0.0,0.0,0.0,0.0,0.0,0.0,0.0,0.0,0.0,0.0,0.0,0.0,0.0,0.0,0.0,0.0,SSE(128),,0,0.0,0.0
[Loop@0x1400f9df1 in func@0x1400f9dc0],0.0,0.0,0.0,0.0,0.0,0.0,0.0,0.0,0.0,0.0,0.0,0.0,0.0,0.0,0.0,0.0,0.0,0.0,0.0,,,5990000,2.500000,
[Loop@0x1400f9e00 in func@0x1400f9dc0],0.0,0.0,0.0,0.0,0.0,0.0,0.0,0.0,0.0,0.0,0.0,0.0,0.0,0.0,0.0,0.0,0.0,0.0,0.0,,,2995000,0.0,0.0
[Loop@0x1401274d0 in func@0x140127260],0.0,0.0,0.0,0.0,0.0,0.0,0.0,0.0,0.0,0.0,0.0,0.0,0.0,0.0,0.0,0.0,0.0,0.0,0.0,,,8985000,0.666667,
[Loop@0x140168700 in func@0x140168640],0.0,0.0,0.0,0.0,0.0,0.0,0.0,0.0,0.0,83.5,0.0,0.0,0.0,0.0,0.0,0.0,0.0,0.0,0.0,,,0,,
[Loop@0x14016d090 in func@0x14016cf90],0.0,0.0,0.0,0.0,0.0,0.0,0.0,0.0,0.0,0.0,0.0,0.0,0.0,0.0,0.0,0.0,0.0,0.0,0.0,SSE(128); SSE2(128),,0,0.0,0.0
[Loop@0x1402021d0 in func@0x140202192],0.0,0.0,0.0,0.0,0.0,0.0,0.0,0.0,0.0,0.0,0.0,0.0,0.0,0.0,0.0,0.0,0.0,0.0,0.0,,,2995000,0.0,0.0
[Loop@0x140202440 in func@0x140202360],0.0,0.0,0.0,0.0,0.0,0.0,0.0,0.0,0.0,0.0,0.0,0.0,0.0,0.0,0.0,0.0,0.0,0.0,0.0,,,17970000,0.333333,
[Loop@0x1402051e7 in func@0x140205180],0.0,0.0,0.0,0.0,0.0,0.0,0.0,0.0,0.0,0.0,0.0,0.0,0.0,0.0,0.0,0.0,0.0,0.0,0.0,,,5990000,0.0,0.0
[Loop@0x140213350 in func@0x140213020],0.0,0.0,0.0,0.0,0.0,0.0,0.0,0.0,,,0.0,0.0,0.0,0.0,0.0,0.0,0.0,0.0,0.0,,,2995000,0.0,0.0
[Loop@0x140216fd7 in func@0x140216fc3],0.0,0.0,0.0,0.0,0.0,0.0,0.0,0.0,0.0,0.0,,0.0,0.0,0.0,0.0,0.0,0.0,0.0,0.0,,,2995000,0.0,0.0
[Loop@0x140217c43 in func@0x140217b4e],0.0,0.0,0.0,0.0,0.0,0.0,0.0,0.0,0.0,0.0,0.0,0.0,0.0,0.0,0.0,0.0,0.0,0.0,0.0,,,2995000,0.0,0.0
[Loop@0x14021d5d4 in func@0x14021d340],0.0,0.0,0.0,0.0,0.0,0.0,0.0,0.0,0.0,0.0,0.0,0.0,0.0,0.0,0.0,0.0,0.0,0.0,0.0,,,2995000,0.0,0.0
[Loop@0x140231cf0 in func@0x140231af0],0.0,0.0,0.0,0.0,0.0,0.0,0.0,0.0,0.0,0.0,0.0,0.0,0.0,0.0,0.0,0.0,0.0,0.0,0.0,,,2995000,0.0,0.0
[Loop@0x140256c89 in func@0x140256400],0.0,0.0,0.0,0.0,0.0,0.0,0.0,0.0,0.0,0.0,0.0,0.0,0.0,0.0,0.0,0.0,0.0,0.0,0.0,,,2995000,0.0,0.0
[Loop@0x140257978 in func@0x1402578c0],0.0,0.0,0.0,0.0,0.0,0.0,,0.0,0.0,0.0,0.0,0.0,0.0,0.0,0.0,0.0,0.0,0.0,0.0,SSE(128),,0,0.0,0.0
[Loop@0x140257d40 in func@0x1402578c0],0.0,0.0,0.0,0.0,0.0,0.0,0.0,0.0,0.0,0.0,0.0,0.0,0.0,0.0,0.0,0.0,0.0,0.0,0.0,,,2995000,0.0,0.0
[Loop@0x14025e980 in __builtin_array_init_helper<struct chess::HistoryState>],0.0,0.0,0.0,0.0,0.0,0.0,0.0,0.0,0.0,0.0,0.0,0.0,0.0,0.0,0.0,0.0,0.0,0.0,0.0,,,8985000,0.0,0.0
[Loop@0x140269210 in MmUnlockPages],0.0,0.0,0.0,0.0,0.0,0.0,100.0,0.0,0.0,0.0,0.0,0.0,0.0,0.0,0.0,0.0,0.0,0.0,0.0,,,0,,
[Loop@0x14026f1a8 in func@0x14026efa0],0.0,0.0,0.0,0.0,0.0,0.0,0.0,0.0,0.0,0.0,0.0,0.0,0.0,0.0,0.0,0.0,0.0,0.0,0.0,,,2995000,0.0,0.0
[Loop@0x1402739f4 in func@0x140273826],0.0,0.0,0.0,0.0,0.0,0.0,0.0,,,0.0,,0.0,0.0,0.0,0.0,0.0,0.0,0.0,0.0,,,5990000,0.0,0.0
[Loop@0x140276686 in PfFileInfoNotify],0.0,0.0,0.0,0.0,0.0,0.0,0.0,0.0,0.0,0.0,0.0,0.0,0.0,0.0,0.0,0.0,0.0,0.0,0.0,,,2995000,0.0,0.0
[Loop@0x14028ec69 in MmUnmapLockedPages],0.0,0.0,0.0,0.0,0.0,0.0,0.0,0.0,0.0,0.0,0.0,0.0,0.0,0.0,0.0,0.0,0.0,0.0,0.0,,,2995000,2.000000,
[Loop@0x140294310 in func@0x1402942c0],0.0,0.0,0.0,0.0,0.0,0.0,0.0,0.0,0.0,0.0,0.0,0.0,0.0,0.0,0.0,0.0,0.0,0.0,0.0,,,2995000,0.0,0.0
[Loop@0x140294ae0 in func@0x140294a20],0.0,0.0,0.0,0.0,0.0,0.0,0.0,0.0,0.0,0.0,0.0,0.0,0.0,0.0,0.0,0.0,0.0,0.0,0.0,SSE(128); SSE2(128),,0,0.0,0.0
[Loop@0x140294af0 in func@0x140294a20],0.0,0.0,0.0,0.0,0.0,0.0,0.0,0.0,0.0,0.0,0.0,0.0,0.0,0.0,0.0,0.0,0.0,0.0,0.0,SSE(128); SSE2(128),,2995000,1.000000,
[Loop@0x140295d56 in func@0x140295af0],0.0,0.0,0.0,0.0,100.0,100.0,,0.0,0.0,0.0,0.0,0.0,0.0,0.0,0.0,0.0,0.0,0.0,0.0,,,2995000,0.0,0.0
[Loop@0x140296076 in func@0x140295e18],0.0,0.0,0.0,0.0,0.0,0.0,0.0,0.0,0.0,0.0,0.0,0.0,0.0,0.0,0.0,0.0,0.0,0.0,0.0,,,2995000,0.0,0.0
[Loop@0x14029be2f in func@0x14029bd64],0.0,0.0,0.0,0.0,0.0,0.0,0.0,0.0,0.0,0.0,0.0,0.0,0.0,0.0,0.0,0.0,0.0,0.0,0.0,,,8985000,0.0,0.0
[Loop@0x14029c381 in func@0x14029c140],0.0,0.0,0.0,0.0,0.0,0.0,0.0,0.0,0.0,0.0,0.0,0.0,0.0,0.0,0.0,0.0,0.0,0.0,0.0,,,2995000,0.0,0.0
[Loop@0x14029c3dd in func@0x14029c140],0.0,0.0,0.0,0.0,0.0,0.0,0.0,0.0,0.0,0.0,0.0,0.0,0.0,0.0,0.0,0.0,0.0,0.0,0.0,,,2995000,0.0,0.0
[Loop@0x14029c500 in func@0x14029c48c],0.0,0.0,0.0,0.0,0.0,0.0,0.0,0.0,0.0,0.0,0.0,0.0,0.0,0.0,0.0,0.0,0.0,0.0,0.0,,,8985000,1.000000,
[Loop@0x14029c561 in func@0x14029c48c],0.0,0.0,0.0,0.0,0.0,0.0,0.0,0.0,0.0,0.0,0.0,0.0,0.0,0.0,0.0,0.0,0.0,0.0,0.0,,,2995000,0.0,0.0
[Loop@0x14029c580 in func@0x14029c48c],0.0,0.0,0.0,0.0,0.0,0.0,0.0,0.0,0.0,0.0,0.0,0.0,0.0,0.0,0.0,0.0,0.0,0.0,0.0,,,5990000,0.500000,
[Loop@0x1402b2c60 in func@0x1402b2840],0.0,0.0,0.0,0.0,0.0,0.0,0.0,0.0,0.0,0.0,0.0,0.0,0.0,0.0,0.0,0.0,0.0,0.0,0.0,,,5990000,0.0,0.0
[Loop@0x1402c6a4e in func@0x1402c69d0],0.0,0.0,0.0,0.0,0.0,0.0,0.0,0.0,0.0,0.0,0.0,0.0,0.0,0.0,0.0,0.0,0.0,0.0,0.0,,,2995000,1.000000,
[Loop@0x1402e1ba1 in func@0x1402e1b20],0.0,0.0,0.0,0.0,0.0,0.0,100.0,0.0,0.0,0.0,0.0,0.0,0.0,0.0,0.0,0.0,0.0,0.0,0.0,,,0,,
[Loop@0x1402e4af3 in func@0x1402e4940],0.0,0.0,0.0,0.0,0.0,0.0,0.0,100.0,0.0,0.0,0.0,0.0,0.0,0.0,0.0,0.0,0.0,0.0,0.0,,,0,,
[Loop@0x1402e67d1 in func@0x1402e6740],0.0,0.0,0.0,0.0,33.3,33.3,100.0,0.0,0.0,0.0,0.0,0.0,0.0,0.0,0.0,0.0,0.0,0.0,0.0,,,8985000,0.333333,
[Loop@0x1402f94b0 in func@0x1402f91f0],0.0,0.0,0.0,0.0,0.0,0.0,0.0,0.0,0.0,0.0,0.0,0.0,0.0,0.0,0.0,0.0,0.0,0.0,0.0,SSE(128),,11980000,0.0,0.0
[Loop@0x14030f250 in func@0x14030ef30],0.0,0.0,0.0,0.0,0.0,0.0,0.0,0.0,0.0,0.0,0.0,0.0,0.0,0.0,0.0,0.0,0.0,0.0,0.0,,,2995000,0.0,0.0
[Loop@0x140317180 in func@0x140317160],0.0,0.0,0.0,0.0,100.0,100.0,83.5,55.6,27.8,0.0,0.0,0.0,0.0,0.0,0.0,0.0,0.0,0.0,0.0,,,0,,
[Loop@0x140318d1f in func@0x140318ce0],0.0,0.0,0.0,0.0,0.0,0.0,83.5,83.5,0.0,83.5,0.0,0.0,0.0,0.0,0.0,0.0,0.0,0.0,0.0,,,0,,
[Loop@0x140318d54 in func@0x140318ce0],0.0,0.0,0.0,0.0,0.0,0.0,0.0,0.0,0.0,0.0,0.0,0.0,0.0,0.0,0.0,0.0,0.0,0.0,0.0,,,2995000,2.000000,
[Loop@0x140319081 in func@0x140319000],0.0,0.0,0.0,0.0,,,0.0,0.0,100.0,0.0,0.0,0.0,0.0,0.0,0.0,0.0,0.0,0.0,0.0,,,11980000,0.750000,
[Loop@0x1403199c0 in func@0x140319000],0.0,0.0,0.0,0.0,,,0.0,55.6,0.0,0.0,0.0,0.0,0.0,0.0,0.0,0.0,0.0,0.0,0.0,,,0,,
[Loop@0x140322300 in func@0x1403220b0],0.0,0.0,0.0,0.0,0.0,0.0,0.0,0.0,0.0,0.0,0.0,0.0,0.0,0.0,0.0,0.0,0.0,0.0,0.0,SSE(128),,0,0.0,0.0
[Loop@0x14033d2f0 in func@0x14033cf22],0.0,0.0,0.0,0.0,0.0,0.0,0.0,100.0,0.0,0.0,0.0,0.0,0.0,0.0,0.0,0.0,0.0,0.0,0.0,,,0,,
[Loop@0x14033d302 in func@0x14033cf22],0.0,0.0,0.0,0.0,0.0,0.0,0.0,0.0,0.0,0.0,0.0,0.0,0.0,0.0,0.0,0.0,0.0,0.0,0.0,,,8985000,0.333333,
[Loop@0x14033db20 in func@0x14033d9d0],0.0,0.0,0.0,0.0,0.0,0.0,0.0,0.0,0.0,0.0,0.0,0.0,0.0,0.0,0.0,0.0,0.0,0.0,0.0,,,2995000,2.000000,
[Loop@0x14033fad0 in func@0x14033fa70],0.0,0.0,0.0,0.0,,,0.0,100.0,0.0,100.0,0.0,0.0,0.0,0.0,0.0,0.0,0.0,0.0,0.0,,,0,,
[Loop@0x140340c42 in func@0x140340ba8],0.0,0.0,0.0,0.0,,,0.0,0.0,0.0,0.0,0.0,0.0,0.0,0.0,0.0,0.0,0.0,0.0,0.0,,,5990000,0.0,0.0
[Loop@0x140344860 in func@0x1403446c0],0.0,0.0,0.0,0.0,0.0,0.0,100.0,0.0,100.0,0.0,0.0,0.0,0.0,0.0,,0.0,0.0,0.0,0.0,SSE(128),,0,,
[Loop@0x1403b5aa2 in func@0x1403b5a80],0.0,0.0,0.0,0.0,0.0,0.0,0.0,0.0,0.0,0.0,0.0,0.0,0.0,0.0,0.0,0.0,0.0,0.0,0.0,,,2995000,0.0,0.0
[Loop@0x1403b6578 in KeIsEqualAffinityEx],0.0,0.0,0.0,0.0,0.0,0.0,0.0,0.0,0.0,0.0,0.0,0.0,0.0,0.0,0.0,0.0,0.0,0.0,0.0,,,2995000,0.0,0.0
[Loop@0x1403c6ca2 in func@0x1403c6bd0],0.0,0.0,0.0,0.0,100.0,100.0,,,,0.0,0.0,0.0,0.0,0.0,0.0,0.0,0.0,0.0,0.0,,,2995000,0.0,0.0
[Loop@0x1403c7a85 in func@0x1403c7a40],0.0,0.0,0.0,0.0,0.0,0.0,0.0,0.0,0.0,0.0,0.0,0.0,0.0,0.0,0.0,0.0,0.0,0.0,0.0,,,2995000,1.000000,
[Loop@0x1403c8800 in func@0x1403c8760],0.0,0.0,0.0,0.0,0.0,0.0,0.0,0.0,0.0,100.0,0.0,0.0,0.0,0.0,0.0,0.0,0.0,0.0,0.0,,,0,,
[Loop@0x1403d6700 in func@0x1403d66b0],0.0,0.0,0.0,0.0,0.0,0.0,0.0,0.0,0.0,0.0,0.0,0.0,0.0,0.0,0.0,0.0,0.0,0.0,0.0,,,2995000,1.000000,
[Loop@0x1403d6800 in func@0x1403d66b0],0.0,0.0,0.0,0.0,0.0,0.0,0.0,0.0,0.0,0.0,0.0,0.0,0.0,0.0,0.0,0.0,0.0,0.0,0.0,,,2995000,0.0,0.0
[Loop@0x1403ea410 in func@0x1403ea340],0.0,0.0,0.0,0.0,0.0,0.0,0.0,0.0,0.0,0.0,0.0,0.0,0.0,0.0,0.0,0.0,0.0,0.0,0.0,,,2995000,0.0,0.0
[Loop@0x1403f56c7 in func@0x1403f5655],0.0,0.0,0.0,0.0,0.0,0.0,0.0,100.0,0.0,0.0,0.0,0.0,0.0,0.0,0.0,0.0,0.0,0.0,0.0,SSE(128),,0,,
[Loop@0x14040f91b in func@0x14040f6d0],0.0,0.0,0.0,0.0,,,,,0.0,0.0,0.0,0.0,0.0,0.0,0.0,0.0,0.0,0.0,0.0,,,2995000,0.0,0.0
[Loop@0x1404150f0 in func@0x1404150e0],0.0,0.0,0.0,0.0,0.0,0.0,0.0,0.0,0.0,0.0,0.0,0.0,0.0,0.0,0.0,0.0,0.0,0.0,0.0,,,2995000,0.0,0.0
[Loop@0x14044585a in func@0x140445850],0.0,0.0,0.0,0.0,0.0,0.0,0.0,0.0,0.0,0.0,0.0,0.0,0.0,0.0,0.0,0.0,0.0,0.0,0.0,,,2995000,0.0,0.0
[Loop@0x14044fddb in func@0x14044fd9c],0.0,0.0,0.0,0.0,0.0,0.0,0.0,0.0,0.0,0.0,0.0,0.0,0.0,0.0,0.0,0.0,0.0,0.0,0.0,,,2995000,0.0,0.0
[Loop@0x1404e9b5a in func@0x1404e9a08],0.0,0.0,0.0,0.0,0.0,0.0,0.0,0.0,0.0,0.0,0.0,0.0,0.0,0.0,0.0,0.0,0.0,0.0,0.0,,,5990000,0.0,0.0
[Loop@0x1404f07e1 in func@0x1404f0740],0.0,0.0,0.0,0.0,0.0,0.0,0.0,0.0,0.0,0.0,0.0,0.0,0.0,0.0,0.0,0.0,0.0,0.0,0.0,,,2995000,0.0,0.0
[Loop@0x1404fcea9 in wcsnicmp],0.0,0.0,0.0,0.0,0.0,0.0,0.0,0.0,0.0,0.0,0.0,0.0,0.0,0.0,0.0,0.0,0.0,0.0,0.0,,,2995000,0.0,0.0
[Loop@0x1405dfee1 in func@0x1405dfe10],0.0,0.0,0.0,0.0,0.0,0.0,0.0,0.0,0.0,0.0,0.0,0.0,0.0,0.0,0.0,0.0,0.0,0.0,0.0,,,2995000,0.0,0.0
[Loop@0x1405e1c45 in func@0x1405e1574],0.0,0.0,0.0,0.0,0.0,0.0,0.0,0.0,0.0,0.0,0.0,0.0,0.0,0.0,0.0,0.0,0.0,0.0,0.0,,,2995000,0.0,0.0
[Loop@0x1406b448c in func@0x1406b4460],0.0,0.0,0.0,0.0,0.0,0.0,0.0,0.0,0.0,0.0,0.0,0.0,0.0,0.0,0.0,0.0,0.0,0.0,0.0,SSE(128),,0,,
[Loop@0x1406bf240 in RtlCopyMemory],0.0,0.0,0.0,0.0,0.0,0.0,83.5,83.5,0.0,0.0,,0.0,0.0,0.0,0.0,0.0,0.0,0.0,0.0,SSE(128),,2995000,2.000000,
[Loop@0x1406bf280 in RtlCopyMemory],0.0,0.0,0.0,0.0,0.0,0.0,0.0,0.0,0.0,0.0,0.0,0.0,0.0,0.0,0.0,0.0,0.0,0.0,0.0,SSE(128),,5990000,0.0,0.0
[Loop@0x1406bfe98 in func@0x1406bfe40],0.0,0.0,0.0,0.0,0.0,0.0,0.0,0.0,0.0,0.0,0.0,0.0,0.0,0.0,0.0,0.0,0.0,0.0,0.0,SSE(128),,8985000,0.333333,
[Loop@0x14073cd10 in func@0x14073cbd0],0.0,0.0,0.0,0.0,100.0,100.0,100.0,0.0,0.0,0.0,0.0,0.0,0.0,0.0,0.0,0.0,0.0,0.0,0.0,SSE(128),,0,,
[Loop@0x140845a52 in func@0x140845a30],0.0,0.0,0.0,0.0,0.0,0.0,0.0,0.0,0.0,0.0,0.0,0.0,0.0,0.0,0.0,0.0,0.0,0.0,0.0,,,2995000,0.0,0.0
[Loop@0x140898024 in func@0x1408979e0],0.0,0.0,0.0,0.0,0.0,0.0,0.0,0.0,0.0,0.0,0.0,0.0,0.0,0.0,0.0,0.0,0.0,0.0,0.0,,,2995000,0.0,0.0
[Loop@0x140c32100 in func@0x140c32000],0.0,0.0,0.0,0.0,0.0,0.0,,0.0,0.0,0.0,0.0,0.0,0.0,0.0,0.0,0.0,0.0,0.0,0.0,SSE(128),,0,0.0,0.0
[Loop@0x140cabf10 in func@0x140caae60],0.0,0.0,0.0,0.0,0.0,0.0,0.0,0.0,0.0,0.0,0.0,0.0,0.0,0.0,0.0,0.0,0.0,0.0,0.0,SSE(128),,0,,
[Loop@0x140cc4250 in func@0x140cc40b0],0.0,0.0,0.0,0.0,0.0,0.0,0.0,0.0,0.0,0.0,0.0,0.0,0.0,0.0,0.0,0.0,0.0,0.0,0.0,SSE(128),,0,,
[Loop@0x140d01fc0 in func@0x140d01f60],0.0,0.0,0.0,0.0,0.0,0.0,0.0,0.0,0.0,0.0,0.0,0.0,0.0,0.0,0.0,0.0,0.0,0.0,0.0,,,5990000,0.0,0.0
[Loop@0x140d0e400 in func@0x140d0e350],0.0,0.0,0.0,0.0,0.0,0.0,0.0,0.0,0.0,0.0,0.0,0.0,0.0,0.0,0.0,0.0,0.0,0.0,0.0,,,2995000,0.0,0.0
[Loop@0x180003f66 in func@0x180003e40],0.0,0.0,0.0,0.0,0.0,0.0,0.0,0.0,0.0,0.0,0.0,0.0,0.0,0.0,0.0,0.0,0.0,0.0,0.0,,,2995000,0.0,0.0
[Loop@0x18000b805 in func@0x18000b710],0.0,0.0,0.0,0.0,0.0,0.0,0.0,0.0,0.0,0.0,,0.0,0.0,,0.0,0.0,0.0,0.0,0.0,SSE(128),,0,0.0,0.0
[Loop@0x180024598 in func@0x180024540],0.0,0.0,0.0,0.0,0.0,0.0,0.0,0.0,0.0,0.0,0.0,0.0,0.0,0.0,0.0,0.0,0.0,0.0,0.0,SSE(128),,0,0.0,0.0
[Loop@0x18003d797 in func@0x18003d4f0],0.0,0.0,0.0,0.0,0.0,0.0,0.0,0.0,0.0,0.0,0.0,0.0,0.0,0.0,0.0,0.0,0.0,0.0,0.0,SSE(128),,0,0.0,0.0
[Loop@0x18003d843 in func@0x18003d4f0],0.0,0.0,0.0,0.0,0.0,0.0,0.0,0.0,0.0,0.0,0.0,0.0,0.0,0.0,0.0,0.0,0.0,0.0,0.0,,,2995000,1.000000,
[Loop@0x1800846cd in func@0x1800846b1],0.0,0.0,0.0,0.0,0.0,0.0,0.0,0.0,0.0,0.0,0.0,0.0,0.0,0.0,0.0,0.0,0.0,0.0,0.0,,,2995000,0.0,0.0
[Loop@0x18018f9f0 in func@0x18018f9d0],0.0,0.0,0.0,0.0,0.0,0.0,0.0,0.0,0.0,0.0,0.0,0.0,0.0,0.0,0.0,0.0,0.0,0.0,0.0,,,2995000,0.0,0.0
[condrv.sys],0.0,0.0,0.0,0.0,0.0,0.0,0.0,0.0,100.0,0.0,0.0,0.0,0.0,0.0,0.0,0.0,0.0,0.0,0.0,,,0,,
_stdio_common_vsprintf_s,0.0,0.0,0.0,0.0,0.0,0.0,0.0,0.0,0.0,0.0,0.0,0.0,0.0,0.0,0.0,0.0,0.0,0.0,0.0,SSE(128); SSE2(128),,0,0.0,0.0
_uncaught_exceptions,0.0,0.0,0.0,0.0,0.0,0.0,0.0,0.0,0.0,0.0,0.0,0.0,0.0,0.0,0.0,0.0,0.0,0.0,0.0,,,2995000,0.0,0.0
`anonymous-namespace'::_Find_traits_1::_Cmp_sse,0.0,0.0,0.0,0.0,0.0,0.0,0.0,0.0,0.0,0.0,0.0,0.0,0.0,0.0,0.0,0.0,0.0,0.0,0.0,SSE2(128),,0,0.0,0.0
`vector constructor iterator',0.0,0.0,0.0,0.0,0.0,0.0,0.0,0.0,0.0,0.0,0.0,0.0,0.0,0.0,0.0,0.0,0.0,0.0,0.0,,,26955000,0.666667,
book::BookEntry::serialize,0.0,0.0,0.0,0.0,0.0,0.0,0.0,0.0,0.0,0.0,0.0,0.0,0.0,0.0,0.0,0.0,0.0,0.0,0.0,,,5990000,0.500000,
boost::archive::basic_binary_iarchive<boost::archive::binary_iarchive>::load_override,0.0,0.0,0.0,0.0,0.0,0.0,0.0,0.0,0.0,0.0,0.0,0.0,0.0,0.0,0.0,0.0,0.0,0.0,0.0,,,2995000,3.000000,
"boost::archive::basic_binary_iprimitive<boost::archive::binary_iarchive,char,std::char_traits<char> >::load_binary",0.0,0.0,0.0,0.0,0.0,0.0,0.0,0.0,0.0,0.0,0.0,0.0,0.0,0.0,0.0,0.0,0.0,0.0,0.0,,,5990000,1.000000,
"boost::archive::basic_binary_iprimitive<boost::archive::binary_iarchive,char,std::char_traits<char> >::load_binary",0.0,0.0,0.0,0.0,0.0,0.0,0.0,0.0,0.0,0.0,0.0,0.0,0.0,0.0,0.0,0.0,0.0,0.0,0.0,,,2995000,0.0,0.0
"boost::archive::basic_binary_iprimitive<class boost::archive::binary_iarchive,char,struct std::char_traits<char> >::load_binary",0.0,0.0,0.0,0.0,0.0,0.0,0.0,0.0,0.0,0.0,0.0,0.0,0.0,0.0,0.0,0.0,0.0,0.0,0.0,,,14975000,0.0,0.0
boost::archive::detail::basic_iarchive::load_object,0.0,0.0,0.0,0.0,0.0,0.0,0.0,0.0,0.0,0.0,0.0,0.0,0.0,0.0,0.0,0.0,0.0,0.0,0.0,,,59900000,0.100000,
boost::archive::detail::common_iarchive<boost::archive::binary_iarchive>::load_override,0.0,0.0,0.0,0.0,0.0,0.0,0.0,0.0,0.0,0.0,0.0,0.0,0.0,0.0,0.0,0.0,0.0,0.0,0.0,,,2995000,0.0,0.0
boost::archive::detail::common_iarchive<boost::archive::binary_iarchive>::load_override,0.0,0.0,0.0,0.0,0.0,0.0,0.0,0.0,0.0,0.0,0.0,0.0,0.0,0.0,0.0,0.0,0.0,0.0,0.0,,,2995000,0.0,0.0
boost::archive::detail::common_iarchive<boost::archive::binary_iarchive>::load_override,0.0,0.0,0.0,0.0,0.0,0.0,0.0,0.0,0.0,0.0,0.0,0.0,0.0,0.0,0.0,0.0,0.0,0.0,0.0,,,8985000,0.0,0.0
boost::archive::detail::common_iarchive<boost::archive::binary_iarchive>::load_override,0.0,0.0,0.0,0.0,0.0,0.0,0.0,0.0,0.0,0.0,0.0,0.0,0.0,0.0,0.0,0.0,0.0,0.0,0.0,,,5990000,0.0,0.0
boost::archive::detail::common_iarchive<boost::archive::binary_iarchive>::load_override,0.0,0.0,0.0,0.0,0.0,0.0,0.0,0.0,0.0,0.0,0.0,0.0,0.0,0.0,0.0,0.0,0.0,0.0,0.0,,,2995000,0.0,0.0
boost::archive::detail::interface_iarchive<boost::archive::binary_iarchive>::This,0.0,0.0,0.0,0.0,0.0,0.0,0.0,0.0,0.0,0.0,0.0,0.0,0.0,0.0,0.0,0.0,0.0,0.0,0.0,,,2995000,0.0,0.0
boost::archive::detail::interface_iarchive<boost::archive::binary_iarchive>::This,0.0,0.0,0.0,0.0,0.0,0.0,0.0,0.0,0.0,0.0,0.0,0.0,0.0,0.0,0.0,0.0,0.0,0.0,0.0,,,8985000,0.0,0.0
boost::archive::detail::interface_iarchive<boost::archive::binary_iarchive>::operator&,0.0,0.0,0.0,0.0,0.0,0.0,0.0,0.0,0.0,0.0,0.0,0.0,0.0,0.0,0.0,0.0,0.0,0.0,0.0,,,5990000,0.0,0.0
"boost::archive::detail::iserializer<class boost::archive::binary_iarchive,class chess::Move>::load_object_data",0.0,0.0,0.0,0.0,0.0,0.0,0.0,0.0,0.0,0.0,0.0,0.0,0.0,0.0,0.0,0.0,0.0,0.0,0.0,,,11980000,0.0,0.0
"boost::archive::detail::iserializer<class boost::archive::binary_iarchive,class std::vector<class chess::Move,class std::allocator<class chess::Move> > >::load_object_data",0.0,0.0,0.0,0.0,0.0,0.0,0.0,0.0,0.0,0.0,0.0,0.0,0.0,0.0,0.0,0.0,0.0,0.0,0.0,,,2995000,2.000000,
"boost::archive::detail::iserializer<class boost::archive::binary_iarchive,class std::vector<unsigned __int64,class std::allocator<unsigned __int64> > >::load_object_data",0.0,0.0,0.0,0.0,0.0,0.0,0.0,0.0,0.0,0.0,0.0,0.0,0.0,0.0,0.0,0.0,0.0,0.0,0.0,,,14975000,0.200000,
"boost::archive::detail::iserializer<class boost::archive::binary_iarchive,struct std::pair<unsigned __int64 const ,class book::BookEntry> >::load_object_data",0.0,0.0,0.0,0.0,0.0,0.0,0.0,0.0,0.0,0.0,0.0,0.0,0.0,0.0,0.0,0.0,0.0,0.0,0.0,,,23960000,0.0,0.0
boost::archive::detail::load_non_pointer_type<boost::archive::binary_iarchive>::load_standard::invoke,0.0,0.0,0.0,0.0,0.0,0.0,0.0,0.0,0.0,0.0,0.0,0.0,0.0,0.0,0.0,0.0,0.0,0.0,0.0,,,5990000,0.0,0.0
boost::archive::version_type::{ctor},0.0,0.0,0.0,0.0,0.0,0.0,0.0,0.0,0.0,0.0,0.0,0.0,0.0,0.0,0.0,0.0,0.0,0.0,0.0,,,2995000,0.0,0.0
boost::serialization::extended_type_info::operator<,0.0,0.0,0.0,0.0,0.0,0.0,0.0,0.0,0.0,0.0,0.0,0.0,0.0,0.0,0.0,0.0,0.0,0.0,0.0,,,23960000,0.125000,
"boost::serialization::free_loader<boost::archive::binary_iarchive,boost::serialization::nvp<book::BookEntry> >::invoke",0.0,0.0,0.0,0.0,0.0,0.0,0.0,0.0,0.0,0.0,0.0,0.0,0.0,0.0,0.0,0.0,0.0,0.0,0.0,,,2995000,0.0,0.0
"boost::serialization::free_loader<boost::archive::binary_iarchive,boost::serialization::nvp<boost::serialization::collection_size_type> >::invoke",0.0,0.0,0.0,0.0,0.0,0.0,0.0,0.0,0.0,0.0,0.0,0.0,0.0,0.0,0.0,0.0,0.0,0.0,0.0,,,8985000,0.0,0.0
"boost::serialization::free_loader<boost::archive::binary_iarchive,boost::serialization::nvp<boost::serialization::collection_size_type> >::invoke",0.0,0.0,0.0,0.0,0.0,0.0,0.0,0.0,0.0,0.0,0.0,0.0,0.0,0.0,0.0,0.0,0.0,0.0,0.0,,,2995000,0.0,0.0
"boost::serialization::free_loader<boost::archive::binary_iarchive,chess::Move>::invoke",0.0,0.0,0.0,0.0,0.0,0.0,0.0,0.0,0.0,0.0,0.0,0.0,0.0,0.0,0.0,0.0,0.0,0.0,0.0,,,5990000,0.0,0.0
boost::serialization::library_version_type::{ctor},0.0,0.0,0.0,0.0,0.0,0.0,0.0,0.0,0.0,0.0,0.0,0.0,0.0,0.0,0.0,0.0,0.0,0.0,0.0,,,5990000,0.0,0.0
boost::serialization::load,0.0,0.0,0.0,0.0,0.0,0.0,0.0,0.0,0.0,0.0,0.0,0.0,0.0,0.0,0.0,0.0,0.0,0.0,0.0,,,5990000,0.500000,
"boost::serialization::load<class boost::archive::binary_iarchive,class boost::serialization::collection_size_type>",0.0,0.0,0.0,0.0,0.0,0.0,0.0,0.0,0.0,0.0,0.0,0.0,0.0,0.0,0.0,0.0,0.0,0.0,0.0,,,8985000,0.333333,
"boost::serialization::load<class boost::archive::binary_iarchive,class boost::serialization::item_version_type>",0.0,0.0,0.0,0.0,0.0,0.0,0.0,0.0,0.0,0.0,0.0,0.0,0.0,0.0,0.0,0.0,0.0,0.0,0.0,,,2995000,0.0,0.0
"boost::serialization::load<class boost::archive::binary_iarchive,unsigned __int64,class std::allocator<unsigned __int64> >",0.0,0.0,0.0,0.0,0.0,0.0,0.0,0.0,0.0,0.0,0.0,0.0,0.0,0.0,0.0,0.0,0.0,0.0,0.0,,,2995000,2.000000,
"boost::serialization::load<class boost::archive::binary_iarchive,unsigned __int64>",0.0,0.0,0.0,0.0,0.0,0.0,0.0,0.0,0.0,0.0,0.0,0.0,0.0,0.0,0.0,0.0,0.0,0.0,0.0,,,11980000,0.500000,
"boost::serialization::load<class boost::archive::binary_iarchive,unsigned int>",0.0,0.0,0.0,0.0,0.0,0.0,0.0,0.0,0.0,0.0,0.0,0.0,0.0,0.0,0.0,0.0,0.0,0.0,0.0,,,14975000,0.0,0.0
boost::serialization::load<class boost::archive::binary_iarchive>,0.0,0.0,0.0,0.0,0.0,0.0,0.0,0.0,0.0,0.0,0.0,0.0,0.0,0.0,0.0,0.0,0.0,0.0,0.0,,,8985000,0.0,0.0
"boost::serialization::singleton<class boost::archive::detail::iserializer<class boost::archive::binary_iarchive,class book::BookEntry> >::get_instance",0.0,0.0,0.0,0.0,0.0,0.0,0.0,0.0,0.0,0.0,0.0,0.0,0.0,0.0,0.0,0.0,0.0,0.0,0.0,,,5990000,0.0,0.0
"boost::serialization::singleton<class boost::archive::detail::iserializer<class boost::archive::binary_iarchive,class std::vector<class chess::Move,class std::allocator<class chess::Move> > > >::get_instance",0.0,0.0,0.0,0.0,0.0,0.0,0.0,0.0,0.0,0.0,0.0,0.0,0.0,0.0,0.0,0.0,0.0,0.0,0.0,,,5990000,0.500000,
"boost::serialization::singleton<class boost::archive::detail::iserializer<class boost::archive::binary_iarchive,class std::vector<unsigned __int64,class std::allocator<unsigned __int64> > > >::get_instance",0.0,0.0,0.0,0.0,0.0,0.0,0.0,0.0,0.0,0.0,0.0,0.0,0.0,0.0,0.0,0.0,0.0,0.0,0.0,,,17970000,0.333333,
"boost::serialization::stl::collection_load_impl<class boost::archive::binary_iarchive,class std::vector<class chess::Move,class std::allocator<class chess::Move> > >",0.0,0.0,0.0,0.0,0.0,0.0,0.0,0.0,0.0,0.0,0.0,0.0,0.0,0.0,0.0,0.0,0.0,0.0,0.0,,,2995000,0.0,0.0
chess::Attacks::detail::sliding_attack,0.0,0.0,0.0,0.0,0.0,0.0,0.0,0.0,0.0,0.0,0.0,0.0,0.0,0.0,0.0,0.0,0.0,0.0,0.0,,,5990000,0.0,0.0
chess::Bitboard::operator bool,0.0,0.0,0.0,0.0,0.0,0.0,0.0,0.0,0.0,0.0,0.0,0.0,0.0,0.0,0.0,0.0,0.0,0.0,0.0,,,11980000,0.0,0.0
chess::Bitboard::operator bool,0.0,0.0,0.0,0.0,0.0,0.0,0.0,0.0,0.0,0.0,0.0,0.0,0.0,0.0,0.0,0.0,0.0,0.0,0.0,,,20965000,0.857143,
chess::Bitboard::operator^=,0.0,0.0,0.0,0.0,0.0,0.0,0.0,0.0,0.0,0.0,0.0,0.0,0.0,0.0,0.0,0.0,0.0,0.0,0.0,,,2995000,0.0,0.0
chess::Bitboard::operator|=,0.0,0.0,0.0,0.0,0.0,0.0,0.0,0.0,0.0,0.0,0.0,0.0,0.0,0.0,0.0,0.0,0.0,0.0,0.0,,,2995000,0.0,0.0
chess::Bitboard::operator|=,0.0,0.0,0.0,0.0,0.0,0.0,0.0,0.0,0.0,0.0,0.0,0.0,0.0,0.0,0.0,0.0,0.0,0.0,0.0,,,2995000,1.000000,
chess::Bitboard::popLSB,0.0,0.0,0.0,0.0,0.0,0.0,0.0,0.0,0.0,0.0,0.0,0.0,0.0,0.0,0.0,0.0,0.0,0.0,0.0,,,2995000,0.0,0.0
chess::Bitboard::popLSB,0.0,0.0,0.0,0.0,0.0,0.0,0.0,0.0,0.0,0.0,0.0,0.0,0.0,0.0,0.0,0.0,0.0,0.0,0.0,,,2995000,0.0,0.0
chess::Bitboard::popLSB,0.0,0.0,0.0,0.0,0.0,0.0,0.0,0.0,0.0,0.0,0.0,0.0,0.0,0.0,0.0,0.0,0.0,0.0,0.0,,,2995000,0.0,0.0
chess::Bitboard::popLSB,0.0,0.0,0.0,0.0,0.0,0.0,0.0,0.0,0.0,0.0,0.0,0.0,0.0,0.0,0.0,0.0,0.0,0.0,0.0,,,5990000,0.500000,
chess::Bitboard::popLSB,0.0,0.0,0.0,0.0,0.0,0.0,0.0,0.0,0.0,0.0,0.0,0.0,0.0,0.0,0.0,0.0,0.0,0.0,0.0,,,5990000,0.0,0.0
chess::Bitboard::{ctor},0.0,0.0,0.0,0.0,0.0,0.0,0.0,0.0,0.0,0.0,0.0,0.0,0.0,0.0,0.0,0.0,0.0,0.0,0.0,,,8985000,0.0,0.0
chess::CastlingRights::operator-=,0.0,0.0,0.0,0.0,0.0,0.0,0.0,0.0,0.0,0.0,0.0,0.0,0.0,0.0,0.0,0.0,0.0,0.0,0.0,,,8985000,0.666667,
chess::Direction::pawnPush,0.0,0.0,0.0,0.0,0.0,0.0,0.0,0.0,0.0,0.0,0.0,0.0,0.0,0.0,0.0,0.0,0.0,0.0,0.0,,,2995000,0.0,0.0
chess::Direction::pawnPush,0.0,0.0,0.0,0.0,0.0,0.0,0.0,,,0.0,0.0,0.0,0.0,0.0,0.0,0.0,0.0,0.0,0.0,,,5990000,0.0,0.0
chess::Move::encode,0.0,0.0,0.0,0.0,0.0,0.0,0.0,0.0,0.0,0.0,0.0,0.0,0.0,0.0,0.0,0.0,0.0,0.0,0.0,,,2995000,1.000000,
chess::Move::from,0.0,0.0,0.0,0.0,0.0,0.0,0.0,0.0,0.0,0.0,0.0,0.0,0.0,0.0,0.0,0.0,0.0,0.0,0.0,,,2995000,0.0,0.0
chess::Move::from,0.0,0.0,0.0,0.0,0.0,0.0,0.0,0.0,0.0,0.0,0.0,0.0,0.0,0.0,0.0,0.0,0.0,0.0,0.0,,,2995000,0.0,0.0
chess::Move::operator==,0.0,0.0,0.0,0.0,0.0,0.0,0.0,0.0,0.0,0.0,0.0,0.0,0.0,0.0,0.0,0.0,0.0,0.0,0.0,,,14975000,0.0,0.0
chess::Move::operator==,0.0,0.0,0.0,0.0,,,0.0,0.0,0.0,0.0,0.0,0.0,0.0,0.0,0.0,0.0,0.0,0.0,0.0,,,11980000,0.250000,
chess::Move::stripped,0.0,0.0,0.0,0.0,0.0,0.0,0.0,0.0,0.0,0.0,0.0,0.0,0.0,0.0,0.0,0.0,0.0,0.0,0.0,,,17970000,0.666667,
chess::Move::to,0.0,0.0,0.0,0.0,0.0,0.0,0.0,0.0,0.0,0.0,0.0,0.0,0.0,0.0,0.0,0.0,0.0,0.0,0.0,,,2995000,0.0,0.0
chess::Move::to,0.0,0.0,0.0,0.0,0.0,0.0,0.0,27.8,0.0,0.0,0.0,0.0,0.0,0.0,0.0,0.0,0.0,0.0,0.0,,,8985000,2.000000,
chess::Move::type,0.0,0.0,0.0,0.0,0.0,0.0,0.0,0.0,0.0,0.0,0.0,0.0,0.0,0.0,0.0,0.0,0.0,0.0,0.0,,,8985000,0.333333,
chess::Move::type,0.0,0.0,0.0,0.0,0.0,0.0,0.0,0.0,0.0,0.0,0.0,0.0,0.0,0.0,0.0,0.0,0.0,0.0,0.0,,,8985000,1.000000,
chess::Move::type,0.0,0.0,0.0,0.0,0.0,0.0,0.0,0.0,0.0,0.0,0.0,0.0,0.0,0.0,0.0,0.0,0.0,0.0,0.0,,,2995000,0.0,0.0
chess::Move::type,0.0,0.0,0.0,0.0,0.0,0.0,0.0,0.0,0.0,0.0,0.0,0.0,0.0,0.0,0.0,0.0,0.0,0.0,0.0,,,2995000,0.0,0.0
chess::Move::{ctor},0.0,0.0,0.0,0.0,0.0,0.0,0.0,0.0,0.0,0.0,0.0,0.0,0.0,0.0,0.0,0.0,0.0,0.0,0.0,,,2995000,2.000000,
chess::MoveGenerator::generatePseudoLegalMoves::__l17::<lambda_1>::operator(),0.0,0.0,0.0,0.0,0.0,0.0,0.0,0.0,0.0,0.0,0.0,0.0,0.0,0.0,0.0,0.0,0.0,0.0,0.0,,,2995000,0.0,0.0
chess::Position::clearEnPassant,0.0,0.0,0.0,0.0,0.0,0.0,0.0,0.0,0.0,0.0,0.0,0.0,0.0,0.0,0.0,0.0,0.0,0.0,0.0,,,11980000,0.500000,
chess::Position::clearEnPassant,0.0,0.0,0.0,0.0,0.0,0.0,0.0,0.0,0.0,0.0,0.0,0.0,0.0,0.0,0.0,0.0,0.0,0.0,0.0,,,8985000,0.333333,
chess::Position::clearEnPassant,0.0,0.0,0.0,0.0,0.0,0.0,0.0,0.0,0.0,0.0,0.0,0.0,0.0,0.0,0.0,0.0,0.0,0.0,0.0,,,8985000,0.333333,
chess::Position::getKingSquare,0.0,0.0,0.0,0.0,0.0,0.0,0.0,0.0,0.0,0.0,0.0,0.0,0.0,0.0,0.0,0.0,0.0,0.0,0.0,,,38935000,0.0,0.0
chess::Position::getNextPlayer,0.0,0.0,0.0,0.0,0.0,0.0,0.0,0.0,0.0,0.0,0.0,0.0,0.0,0.0,0.0,0.0,0.0,0.0,0.0,,,5990000,1.500000,
chess::Position::getNextPlayer,0.0,0.0,0.0,0.0,0.0,0.0,,,,0.0,0.0,0.0,0.0,0.0,0.0,0.0,0.0,0.0,0.0,,,2995000,0.0,0.0
chess::Position::getPiece,0.0,0.0,0.0,0.0,0.0,0.0,0.0,0.0,0.0,0.0,0.0,0.0,0.0,0.0,0.0,0.0,0.0,0.0,0.0,,,8985000,0.666667,
chess::Position::getPieceBb,0.0,0.0,0.0,0.0,0.0,0.0,0.0,0.0,0.0,0.0,0.0,0.0,0.0,0.0,0.0,0.0,0.0,0.0,0.0,,,11980000,0.250000,
chess::Position::getPieceBb,0.0,0.0,0.0,0.0,0.0,0.0,83.5,83.5,0.0,0.0,0.0,0.0,0.0,0.0,0.0,0.0,0.0,0.0,0.0,,,0,,
chess::Position::isCapturingMove,0.0,0.0,0.0,0.0,0.0,0.0,0.0,100.0,0.0,0.0,0.0,0.0,0.0,0.0,0.0,0.0,0.0,0.0,0.0,,,2995000,1.000000,
chess::Position::isCapturingMove,0.0,0.0,0.0,0.0,0.0,0.0,0.0,0.0,0.0,0.0,0.0,0.0,0.0,0.0,0.0,0.0,0.0,0.0,0.0,,,2995000,1.000000,
chess::Position::strFen,0.0,0.0,0.0,0.0,0.0,0.0,0.0,0.0,0.0,0.0,0.0,0.0,0.0,0.0,0.0,0.0,0.0,0.0,0.0,AVX(128); AVX(256),,0,0.0,0.0
chess::Rank::operator int,0.0,0.0,0.0,0.0,0.0,0.0,0.0,0.0,0.0,0.0,0.0,0.0,0.0,0.0,0.0,0.0,0.0,0.0,0.0,,,2995000,3.000000,
chess::Rank::operator int,0.0,0.0,0.0,0.0,0.0,0.0,100.0,0.0,0.0,0.0,0.0,0.0,0.0,0.0,0.0,0.0,0.0,0.0,0.0,,,0,,
chess::Square::file,0.0,0.0,0.0,0.0,0.0,0.0,0.0,0.0,0.0,0.0,0.0,0.0,0.0,0.0,0.0,0.0,0.0,0.0,0.0,,,5990000,1.500000,
chess::StaticMoveList<128>::pop_back,0.0,0.0,0.0,0.0,0.0,0.0,0.0,0.0,0.0,0.0,0.0,0.0,0.0,0.0,0.0,0.0,0.0,0.0,0.0,,,2995000,0.0,0.0
chess::StaticMoveList<256>::push_back,0.0,0.0,0.0,0.0,0.0,0.0,0.0,0.0,0.0,0.0,0.0,0.0,0.0,0.0,0.0,0.0,0.0,0.0,0.0,,,5990000,0.0,0.0
chess::StaticMoveList<256>::push_back,0.0,0.0,0.0,0.0,0.0,0.0,0.0,0.0,0.0,0.0,0.0,0.0,0.0,0.0,0.0,0.0,0.0,0.0,0.0,,,2995000,0.0,0.0
chess::StaticMoveList<256>::push_back,0.0,0.0,0.0,0.0,0.0,0.0,0.0,0.0,0.0,0.0,0.0,0.0,0.0,0.0,0.0,0.0,0.0,0.0,0.0,,,2995000,1.000000,
chess::StaticMoveList<256>::push_back,0.0,0.0,0.0,0.0,0.0,0.0,0.0,0.0,0.0,0.0,0.0,0.0,0.0,0.0,0.0,0.0,0.0,0.0,0.0,,,2995000,2.000000,
chess::StaticMoveList<256>::push_back,0.0,0.0,0.0,0.0,0.0,0.0,0.0,0.0,0.0,0.0,0.0,0.0,0.0,0.0,0.0,0.0,0.0,0.0,0.0,,,5990000,0.0,0.0
chess::StaticMoveList<256>::push_back,0.0,0.0,0.0,0.0,0.0,0.0,0.0,0.0,0.0,0.0,0.0,0.0,0.0,0.0,0.0,0.0,0.0,0.0,0.0,,,2995000,0.0,0.0
chess::Value::operator int,0.0,0.0,0.0,0.0,0.0,0.0,0.0,0.0,0.0,0.0,0.0,0.0,0.0,0.0,0.0,0.0,0.0,0.0,0.0,,,2995000,1.000000,
chess::Value::operator int,0.0,0.0,0.0,0.0,0.0,0.0,0.0,0.0,0.0,0.0,,0.0,0.0,0.0,0.0,0.0,0.0,0.0,0.0,,,8985000,0.333333,
chess::moveValueGreaterComparator::operator(),0.0,0.0,0.0,0.0,0.0,0.0,0.0,0.0,0.0,0.0,0.0,0.0,0.0,0.0,0.0,0.0,0.0,0.0,0.0,,,5990000,1.500000,
chess::moveValueGreaterComparator::operator(),0.0,0.0,0.0,0.0,0.0,0.0,0.0,0.0,0.0,0.0,0.0,0.0,0.0,0.0,0.0,0.0,0.0,0.0,0.0,,,2995000,2.000000,
chess::moveValueGreaterComparator::operator(),0.0,0.0,0.0,0.0,0.0,0.0,0.0,0.0,0.0,0.0,0.0,0.0,0.0,0.0,0.0,0.0,0.0,0.0,0.0,,,2995000,2.000000,
chess::operator&,0.0,0.0,0.0,0.0,0.0,0.0,0.0,0.0,0.0,0.0,0.0,0.0,0.0,0.0,0.0,0.0,0.0,0.0,0.0,,,2995000,0.0,0.0
chess::operator&,0.0,0.0,0.0,0.0,0.0,0.0,0.0,0.0,0.0,0.0,0.0,0.0,0.0,0.0,0.0,0.0,0.0,0.0,0.0,,,5990000,0.0,0.0
chess::operator&,0.0,0.0,0.0,0.0,0.0,0.0,0.0,0.0,0.0,0.0,0.0,0.0,0.0,0.0,0.0,0.0,0.0,0.0,0.0,,,8985000,0.0,0.0
chess::operator&,0.0,0.0,0.0,0.0,0.0,0.0,0.0,0.0,0.0,0.0,0.0,0.0,0.0,0.0,0.0,0.0,0.0,0.0,0.0,,,2995000,0.0,0.0
chess::operator&,0.0,0.0,0.0,0.0,0.0,0.0,0.0,0.0,0.0,100.0,0.0,0.0,0.0,0.0,0.0,0.0,0.0,0.0,0.0,,,5990000,1.000000,
chess::operator&,0.0,0.0,0.0,0.0,0.0,0.0,0.0,0.0,0.0,0.0,0.0,0.0,0.0,0.0,0.0,0.0,0.0,0.0,0.0,,,2995000,1.000000,
chess::operator&,0.0,0.0,0.0,0.0,0.0,0.0,0.0,0.0,0.0,0.0,0.0,0.0,0.0,0.0,0.0,0.0,0.0,0.0,0.0,,,2995000,0.0,0.0
chess::operator&,0.0,0.0,0.0,0.0,0.0,0.0,0.0,0.0,0.0,0.0,0.0,0.0,0.0,0.0,0.0,0.0,0.0,0.0,0.0,,,5990000,0.500000,
chess::operator&,0.0,0.0,0.0,0.0,0.0,0.0,0.0,0.0,0.0,0.0,0.0,0.0,0.0,0.0,0.0,0.0,0.0,0.0,0.0,,,14975000,0.0,0.0
chess::operator&,0.0,0.0,0.0,0.0,0.0,0.0,0.0,0.0,0.0,0.0,0.0,0.0,0.0,0.0,0.0,0.0,0.0,0.0,0.0,,,11980000,0.750000,
chess::operator&,0.0,0.0,0.0,0.0,0.0,0.0,0.0,0.0,0.0,0.0,0.0,0.0,,,,0.0,0.0,0.0,0.0,,,29950000,0.200000,
chess::operator&,0.0,0.0,0.0,0.0,0.0,0.0,0.0,0.0,0.0,0.0,0.0,0.0,0.0,0.0,0.0,0.0,0.0,0.0,0.0,,,2995000,1.000000,
chess::operator&,0.0,0.0,0.0,0.0,0.0,0.0,0.0,0.0,0.0,0.0,0.0,0.0,0.0,0.0,0.0,0.0,0.0,0.0,0.0,,,14975000,0.200000,
chess::operator+,0.0,0.0,0.0,0.0,0.0,0.0,0.0,0.0,0.0,0.0,0.0,0.0,0.0,0.0,0.0,0.0,0.0,0.0,0.0,,,2995000,0.0,0.0
chess::operator+,0.0,0.0,0.0,0.0,0.0,0.0,0.0,0.0,0.0,0.0,0.0,0.0,0.0,0.0,0.0,0.0,0.0,0.0,0.0,,,2995000,0.0,0.0
chess::operator+,0.0,0.0,0.0,0.0,0.0,0.0,0.0,0.0,0.0,0.0,0.0,0.0,0.0,0.0,0.0,0.0,0.0,0.0,0.0,,,2995000,1.000000,
chess::operator+,0.0,0.0,0.0,0.0,0.0,0.0,0.0,0.0,0.0,0.0,0.0,100.0,0.0,0.0,0.0,0.0,0.0,0.0,0.0,,,0,,
chess::operator+,0.0,0.0,0.0,0.0,0.0,0.0,0.0,0.0,0.0,0.0,0.0,0.0,0.0,0.0,0.0,0.0,0.0,0.0,0.0,,,5990000,0.0,0.0
chess::operator++,0.0,0.0,0.0,0.0,0.0,0.0,0.0,0.0,0.0,0.0,0.0,0.0,0.0,0.0,0.0,0.0,0.0,0.0,0.0,,,2995000,3.000000,
chess::operator+=,0.0,0.0,0.0,0.0,0.0,0.0,0.0,0.0,0.0,0.0,0.0,0.0,0.0,0.0,0.0,0.0,0.0,0.0,0.0,,,2995000,0.0,0.0
chess::operator+=,0.0,0.0,0.0,0.0,0.0,0.0,0.0,0.0,0.0,0.0,0.0,0.0,0.0,0.0,0.0,0.0,0.0,0.0,0.0,,,2995000,0.0,0.0
chess::operator+=,0.0,0.0,0.0,0.0,0.0,0.0,0.0,0.0,0.0,0.0,0.0,0.0,0.0,0.0,0.0,0.0,0.0,0.0,0.0,,,2995000,0.0,0.0
chess::operator+=,0.0,0.0,0.0,0.0,0.0,0.0,0.0,0.0,0.0,0.0,0.0,0.0,0.0,0.0,0.0,0.0,0.0,0.0,0.0,,,2995000,1.000000,
chess::operator+=,0.0,0.0,0.0,0.0,0.0,0.0,0.0,0.0,0.0,0.0,0.0,0.0,0.0,0.0,0.0,0.0,0.0,0.0,0.0,,,2995000,0.0,0.0
chess::operator+=,0.0,0.0,0.0,0.0,0.0,0.0,100.0,0.0,0.0,0.0,0.0,0.0,0.0,0.0,0.0,0.0,0.0,0.0,0.0,,,8985000,0.333333,
chess::operator+=,0.0,0.0,0.0,0.0,0.0,0.0,0.0,0.0,0.0,0.0,0.0,0.0,0.0,0.0,0.0,0.0,0.0,0.0,0.0,,,2995000,0.0,0.0
chess::operator-,0.0,0.0,0.0,0.0,0.0,0.0,0.0,0.0,0.0,0.0,0.0,0.0,0.0,0.0,0.0,0.0,0.0,0.0,0.0,,,2995000,0.0,0.0
chess::operator-,0.0,0.0,0.0,0.0,0.0,0.0,0.0,0.0,0.0,0.0,0.0,0.0,0.0,0.0,0.0,0.0,0.0,0.0,0.0,,,2995000,0.0,0.0
chess::operator-,0.0,0.0,0.0,0.0,0.0,0.0,0.0,0.0,0.0,0.0,0.0,0.0,0.0,0.0,0.0,0.0,0.0,0.0,0.0,,,2995000,0.0,0.0
chess::operator==,0.0,0.0,0.0,0.0,0.0,0.0,0.0,0.0,0.0,0.0,0.0,0.0,0.0,0.0,0.0,0.0,0.0,0.0,0.0,,,5990000,0.0,0.0
chess::operator==,0.0,0.0,0.0,0.0,0.0,0.0,0.0,0.0,0.0,0.0,0.0,0.0,0.0,0.0,0.0,0.0,0.0,0.0,0.0,,,2995000,2.000000,
chess::operator==,0.0,0.0,0.0,0.0,0.0,0.0,0.0,0.0,41.7,0.0,0.0,0.0,0.0,0.0,0.0,0.0,0.0,0.0,0.0,,,5990000,2.000000,
chess::operator>,0.0,0.0,0.0,0.0,0.0,0.0,0.0,0.0,0.0,0.0,0.0,0.0,0.0,0.0,0.0,0.0,0.0,0.0,0.0,,,2995000,0.0,0.0
chess::operator~,0.0,0.0,0.0,0.0,0.0,0.0,0.0,0.0,0.0,0.0,0.0,0.0,0.0,0.0,0.0,0.0,0.0,0.0,0.0,,,5990000,0.500000,
chess::operator~,0.0,0.0,0.0,0.0,0.0,0.0,0.0,0.0,0.0,0.0,0.0,0.0,0.0,0.0,0.0,0.0,0.0,0.0,0.0,,,8985000,0.333333,
chess::operator~,0.0,0.0,0.0,0.0,0.0,0.0,0.0,0.0,0.0,0.0,0.0,0.0,0.0,0.0,0.0,0.0,0.0,0.0,0.0,,,26955000,0.111111,
chess::operator~,0.0,0.0,0.0,0.0,0.0,0.0,0.0,0.0,0.0,0.0,0.0,0.0,0.0,0.0,0.0,0.0,0.0,0.0,0.0,,,2995000,0.0,0.0
chess::operator~,0.0,0.0,0.0,0.0,0.0,0.0,0.0,0.0,0.0,0.0,0.0,0.0,0.0,0.0,0.0,0.0,0.0,0.0,0.0,,,2995000,0.0,0.0
chess::typeOf,0.0,0.0,0.0,0.0,0.0,0.0,0.0,0.0,0.0,0.0,0.0,0.0,0.0,0.0,0.0,0.0,0.0,0.0,0.0,,,2995000,1.000000,
engine::PawnTT::clear,0.0,0.0,0.0,0.0,0.0,0.0,0.0,,,0.0,0.0,0.0,0.0,0.0,0.0,0.0,0.0,0.0,0.0,AVX(128),,0,0.0,0.0
engine::Search::aspirationSearch,0.0,0.0,0.0,0.0,0.0,0.0,0.0,0.0,0.0,0.0,0.0,0.0,0.0,0.0,0.0,0.0,0.0,0.0,0.0,AVX(128),,0,0.0,0.0
engine::Search::rootSearch,0.0,0.0,0.0,0.0,0.0,0.0,0.0,0.0,,,0.0,0.0,0.0,0.0,0.0,0.0,0.0,0.0,0.0,,,2995000,0.0,0.0
engine::Search::thread,0.0,0.0,0.0,0.0,0.0,0.0,0.0,0.0,0.0,0.0,0.0,0.0,0.0,0.0,0.0,0.0,0.0,0.0,0.0,,,8985000,0.666667,
engine::Search::thread,0.0,0.0,0.0,0.0,0.0,0.0,0.0,0.0,0.0,0.0,0.0,0.0,0.0,0.0,0.0,0.0,0.0,0.0,0.0,,,5990000,0.0,0.0
engine::SearchThreadData::lmr_reduction_log,0.0,0.0,0.0,0.0,0.0,0.0,0.0,0.0,0.0,0.0,0.0,0.0,0.0,0.0,0.0,0.0,0.0,0.0,0.0,,,2995000,1.000000,
engine::SearchThreadData::reset,0.0,0.0,0.0,0.0,0.0,0.0,0.0,0.0,0.0,0.0,0.0,0.0,0.0,0.0,0.0,0.0,0.0,0.0,0.0,AVX(128); AVX(256),,0,,
engine::TT::clear,0.0,0.0,0.0,0.0,0.0,0.0,0.0,0.0,0.0,0.0,0.0,0.0,0.0,0.0,0.0,0.0,0.0,0.0,0.0,AVX(128),,0,0.0,0.0
engine::TT::getClusterIndex,0.0,0.0,0.0,0.0,0.0,0.0,0.0,0.0,0.0,0.0,0.0,0.0,,,,0.0,0.0,0.0,0.0,,,5990000,1.500000,
free_base,0.0,0.0,0.0,0.0,0.0,0.0,0.0,0.0,0.0,0.0,0.0,0.0,0.0,0.0,0.0,0.0,0.0,0.0,0.0,,,2995000,1.000000,
func@0x1400040c0,0.0,0.0,0.0,0.0,100.0,100.0,0.0,0.0,0.0,0.0,0.0,0.0,0.0,0.0,0.0,0.0,0.0,0.0,0.0,,,0,,
func@0x140004e50,0.0,0.0,0.0,0.0,0.0,0.0,0.0,0.0,100.0,0.0,0.0,0.0,0.0,0.0,0.0,0.0,0.0,0.0,0.0,,,2995000,1.000000,
func@0x140005e27,0.0,0.0,0.0,0.0,0.0,0.0,,,0.0,0.0,0.0,0.0,0.0,0.0,0.0,0.0,0.0,0.0,0.0,SSE(128),,0,0.0,0.0
func@0x140006780,0.0,0.0,0.0,0.0,0.0,0.0,0.0,0.0,100.0,0.0,0.0,0.0,0.0,0.0,0.0,0.0,0.0,0.0,0.0,,,0,,
func@0x140006960,0.0,0.0,0.0,0.0,0.0,0.0,0.0,0.0,0.0,0.0,0.0,0.0,0.0,0.0,0.0,0.0,0.0,0.0,0.0,SSE(128),,0,0.0,0.0
func@0x140006c62,0.0,0.0,0.0,0.0,0.0,0.0,0.0,0.0,0.0,0.0,0.0,0.0,0.0,0.0,0.0,0.0,0.0,0.0,0.0,SSE(128),,0,0.0,0.0
func@0x14000ac00,0.0,0.0,0.0,0.0,0.0,0.0,0.0,0.0,0.0,0.0,0.0,0.0,0.0,0.0,0.0,0.0,0.0,0.0,0.0,SSE(128),,2995000,0.0,0.0
func@0x14000e060,0.0,0.0,0.0,0.0,0.0,0.0,0.0,0.0,0.0,0.0,0.0,0.0,0.0,0.0,0.0,0.0,0.0,0.0,0.0,SSE(128),,0,,
func@0x14000f6e0,0.0,0.0,0.0,0.0,0.0,0.0,0.0,0.0,0.0,0.0,0.0,0.0,0.0,0.0,0.0,0.0,0.0,0.0,0.0,,,2995000,0.0,0.0
func@0x1400135e0,0.0,0.0,0.0,0.0,0.0,0.0,0.0,0.0,0.0,0.0,0.0,0.0,0.0,0.0,0.0,0.0,0.0,0.0,0.0,SSE(128),,2995000,0.0,0.0
func@0x140015d90,0.0,0.0,0.0,0.0,0.0,0.0,0.0,0.0,0.0,0.0,0.0,0.0,0.0,0.0,0.0,0.0,0.0,0.0,0.0,,,2995000,1.000000,
func@0x140019150,0.0,0.0,0.0,0.0,0.0,0.0,0.0,0.0,0.0,0.0,0.0,0.0,0.0,0.0,0.0,0.0,0.0,0.0,0.0,SSE(128),,0,0.0,0.0
func@0x14001a210,0.0,0.0,0.0,0.0,0.0,0.0,0.0,0.0,0.0,0.0,0.0,0.0,0.0,0.0,0.0,0.0,0.0,0.0,0.0,SSE(128),,0,0.0,0.0
func@0x14001bfd0,0.0,0.0,0.0,0.0,0.0,0.0,0.0,0.0,0.0,0.0,0.0,0.0,0.0,0.0,0.0,0.0,0.0,0.0,0.0,SSE(128),,0,,
func@0x14001e3f0,0.0,0.0,0.0,0.0,,,0.0,83.5,0.0,0.0,0.0,0.0,0.0,0.0,0.0,0.0,0.0,0.0,0.0,,,0,,
func@0x140021e50,0.0,0.0,0.0,0.0,0.0,0.0,0.0,0.0,0.0,0.0,0.0,0.0,0.0,0.0,0.0,0.0,0.0,0.0,0.0,SSE(128),,0,0.0,0.0
func@0x1400223c0,0.0,0.0,0.0,0.0,0.0,0.0,0.0,0.0,0.0,0.0,0.0,0.0,0.0,0.0,0.0,0.0,0.0,0.0,0.0,,,2995000,1.000000,
func@0x140022442,0.0,0.0,0.0,0.0,0.0,0.0,0.0,0.0,0.0,0.0,0.0,0.0,0.0,0.0,0.0,0.0,0.0,0.0,0.0,,,5990000,0.500000,
func@0x140024310,0.0,0.0,0.0,0.0,0.0,0.0,0.0,0.0,0.0,0.0,0.0,0.0,0.0,0.0,0.0,0.0,0.0,0.0,0.0,SSE(128),,0,0.0,0.0
func@0x140024510,0.0,0.0,0.0,0.0,0.0,0.0,0.0,0.0,0.0,0.0,0.0,0.0,0.0,0.0,0.0,0.0,0.0,0.0,0.0,SSE(128),,2995000,0.0,0.0
func@0x140026780,0.0,0.0,0.0,0.0,0.0,0.0,0.0,0.0,0.0,0.0,0.0,0.0,0.0,0.0,0.0,0.0,0.0,0.0,0.0,SSE(128),,0,0.0,0.0
func@0x140028980,0.0,0.0,0.0,0.0,0.0,0.0,,0.0,0.0,0.0,0.0,0.0,0.0,0.0,0.0,0.0,0.0,0.0,0.0,SSE(128),,0,0.0,0.0
func@0x140028da5,0.0,0.0,0.0,0.0,0.0,0.0,0.0,0.0,0.0,0.0,0.0,0.0,0.0,0.0,0.0,0.0,0.0,0.0,0.0,SSE(128),,0,0.0,0.0
func@0x140029970,0.0,0.0,0.0,0.0,0.0,0.0,0.0,0.0,,,0.0,0.0,0.0,0.0,0.0,0.0,0.0,0.0,0.0,SSE(128),,0,0.0,0.0
func@0x14002a1a0,0.0,0.0,0.0,0.0,0.0,0.0,0.0,0.0,0.0,0.0,0.0,0.0,0.0,0.0,0.0,0.0,0.0,0.0,0.0,SSE(128),,0,0.0,0.0
func@0x14002fafc,0.0,0.0,0.0,0.0,0.0,0.0,0.0,0.0,0.0,0.0,0.0,0.0,0.0,0.0,0.0,0.0,0.0,0.0,0.0,SSE(128),,0,0.0,0.0
func@0x140031d20,0.0,0.0,0.0,0.0,0.0,0.0,0.0,0.0,0.0,0.0,0.0,0.0,0.0,0.0,0.0,0.0,0.0,0.0,0.0,SSE(128),,0,0.0,0.0
func@0x140032050,0.0,0.0,0.0,0.0,0.0,0.0,0.0,,,0.0,0.0,0.0,0.0,0.0,0.0,0.0,0.0,0.0,0.0,SSE(128),,0,0.0,0.0
func@0x14003b270,0.0,0.0,0.0,0.0,0.0,0.0,0.0,0.0,0.0,0.0,,0.0,0.0,0.0,0.0,0.0,0.0,0.0,0.0,SSE(128),,0,0.0,0.0
func@0x14003c780,0.0,0.0,0.0,0.0,0.0,0.0,0.0,0.0,0.0,0.0,0.0,0.0,0.0,0.0,0.0,0.0,0.0,0.0,0.0,SSE(128),,0,0.0,0.0
func@0x14003ca83,0.0,0.0,0.0,0.0,0.0,0.0,0.0,0.0,0.0,0.0,0.0,0.0,0.0,0.0,0.0,0.0,0.0,0.0,0.0,SSE(128),,0,,
func@0x140049b80,0.0,0.0,0.0,0.0,0.0,0.0,100.0,0.0,0.0,0.0,0.0,0.0,0.0,0.0,0.0,0.0,0.0,0.0,0.0,,,0,,
func@0x14004c0f0,0.0,0.0,0.0,0.0,0.0,0.0,0.0,0.0,0.0,0.0,0.0,0.0,0.0,0.0,0.0,0.0,0.0,0.0,0.0,SSE(128),,0,0.0,0.0
func@0x140054940,0.0,0.0,0.0,0.0,0.0,0.0,0.0,0.0,0.0,0.0,0.0,0.0,0.0,0.0,0.0,0.0,0.0,0.0,0.0,SSE(128),,2995000,0.0,0.0
func@0x140054e80,0.0,0.0,0.0,0.0,0.0,0.0,0.0,0.0,0.0,0.0,0.0,0.0,0.0,0.0,0.0,0.0,0.0,0.0,0.0,SSE(128); SSE2(128),,0,0.0,0.0
func@0x14007b400,0.0,0.0,0.0,0.0,0.0,0.0,0.0,0.0,0.0,0.0,0.0,0.0,0.0,0.0,0.0,0.0,0.0,0.0,0.0,SSE(128); SSE2(128),,0,0.0,0.0
func@0x14009e61f,0.0,0.0,0.0,0.0,0.0,0.0,0.0,0.0,0.0,55.6,0.0,0.0,0.0,0.0,0.0,0.0,0.0,0.0,0.0,,,0,,
func@0x1400eaaf0,0.0,0.0,0.0,0.0,0.0,0.0,0.0,0.0,0.0,0.0,0.0,0.0,0.0,0.0,0.0,0.0,0.0,0.0,0.0,SSE(128),,0,0.0,0.0
func@0x1400f9ec0,0.0,0.0,0.0,0.0,0.0,0.0,0.0,0.0,0.0,0.0,0.0,0.0,0.0,0.0,0.0,0.0,0.0,0.0,0.0,,,2995000,0.0,0.0
func@0x140100e60,0.0,0.0,0.0,0.0,0.0,0.0,0.0,0.0,0.0,0.0,0.0,0.0,0.0,0.0,0.0,0.0,0.0,0.0,0.0,,,2995000,0.0,0.0
func@0x1401024b0,0.0,0.0,0.0,0.0,0.0,0.0,0.0,0.0,0.0,0.0,0.0,0.0,0.0,0.0,0.0,0.0,0.0,0.0,0.0,,,2995000,0.0,0.0
func@0x140103210,0.0,0.0,0.0,0.0,0.0,0.0,0.0,0.0,0.0,0.0,0.0,0.0,0.0,0.0,0.0,0.0,0.0,0.0,0.0,,,2995000,3.000000,
func@0x140105a30,0.0,0.0,0.0,0.0,0.0,0.0,0.0,0.0,0.0,0.0,0.0,0.0,0.0,0.0,0.0,0.0,0.0,0.0,0.0,,,2995000,1.000000,
func@0x140106140,0.0,0.0,0.0,0.0,0.0,0.0,0.0,0.0,0.0,0.0,0.0,0.0,0.0,0.0,0.0,0.0,0.0,0.0,0.0,,,2995000,0.0,0.0
func@0x14011e010,0.0,0.0,0.0,0.0,0.0,0.0,0.0,0.0,0.0,0.0,0.0,0.0,0.0,0.0,0.0,0.0,0.0,0.0,0.0,,,2995000,1.000000,
func@0x14011fad0,0.0,0.0,0.0,0.0,0.0,0.0,0.0,0.0,0.0,0.0,0.0,0.0,0.0,0.0,0.0,0.0,0.0,0.0,0.0,,,2995000,0.0,0.0
func@0x140124090,0.0,0.0,0.0,0.0,0.0,0.0,0.0,0.0,0.0,0.0,0.0,0.0,0.0,0.0,0.0,0.0,0.0,0.0,0.0,,,2995000,0.0,0.0
func@0x140124f20,0.0,0.0,0.0,0.0,0.0,0.0,0.0,100.0,0.0,0.0,0.0,0.0,0.0,0.0,0.0,0.0,0.0,0.0,0.0,,,2995000,1.000000,
func@0x140127260,0.0,0.0,0.0,0.0,0.0,0.0,0.0,0.0,0.0,0.0,0.0,0.0,0.0,0.0,0.0,0.0,0.0,0.0,0.0,SSE(128),,0,0.0,0.0
func@0x140139e20,0.0,0.0,0.0,0.0,0.0,0.0,0.0,0.0,0.0,0.0,0.0,0.0,0.0,0.0,0.0,0.0,0.0,0.0,0.0,SSE(128),,0,,
func@0x140164db0,0.0,0.0,0.0,0.0,0.0,0.0,0.0,0.0,0.0,0.0,0.0,0.0,0.0,0.0,0.0,0.0,0.0,0.0,0.0,,,5990000,0.500000,
func@0x1401677c0,0.0,0.0,0.0,0.0,0.0,0.0,0.0,0.0,0.0,0.0,0.0,0.0,0.0,0.0,0.0,0.0,0.0,0.0,0.0,SSE(128),,0,,
func@0x14016cf90,0.0,0.0,0.0,0.0,0.0,0.0,0.0,0.0,0.0,0.0,0.0,0.0,0.0,0.0,0.0,0.0,0.0,0.0,0.0,SSE(128); SSE2(128),,0,0.0,0.0
func@0x14017bd80,0.0,0.0,0.0,0.0,0.0,0.0,0.0,0.0,0.0,0.0,0.0,0.0,0.0,0.0,0.0,0.0,0.0,0.0,0.0,,,2995000,2.000000,
func@0x1401853f0,0.0,0.0,0.0,0.0,0.0,0.0,0.0,0.0,0.0,0.0,0.0,0.0,0.0,0.0,0.0,0.0,0.0,0.0,0.0,SSE(128),,0,,
func@0x140200cc0,0.0,0.0,0.0,0.0,0.0,0.0,0.0,0.0,0.0,0.0,0.0,0.0,0.0,0.0,0.0,0.0,0.0,0.0,0.0,,,2995000,2.000000,
func@0x1402021f4,0.0,0.0,0.0,0.0,0.0,0.0,0.0,0.0,0.0,0.0,0.0,0.0,0.0,0.0,0.0,0.0,0.0,0.0,0.0,SSE(128); SSE2(128),,0,0.0,0.0
func@0x140202300,0.0,0.0,0.0,0.0,0.0,0.0,0.0,0.0,0.0,0.0,0.0,0.0,0.0,0.0,0.0,0.0,0.0,0.0,0.0,,,2995000,1.000000,
func@0x1402026a4,0.0,0.0,0.0,0.0,0.0,0.0,0.0,0.0,0.0,0.0,0.0,0.0,0.0,0.0,0.0,0.0,0.0,0.0,0.0,,,5990000,0.0,0.0
func@0x140205818,0.0,0.0,0.0,0.0,0.0,0.0,0.0,0.0,0.0,0.0,0.0,0.0,0.0,0.0,0.0,0.0,0.0,0.0,0.0,SSE(128); SSE2(128),,0,0.0,0.0
func@0x14020fa80,0.0,0.0,0.0,0.0,,,0.0,55.6,0.0,0.0,0.0,0.0,,,,0.0,0.0,0.0,0.0,SSE(128),,2995000,3.000000,
func@0x1402142b0,0.0,0.0,0.0,0.0,0.0,0.0,0.0,0.0,0.0,0.0,0.0,0.0,0.0,0.0,0.0,0.0,0.0,0.0,0.0,SSE(128); SSE2(128),,0,0.0,0.0
func@0x1402176a0,0.0,0.0,0.0,0.0,0.0,0.0,0.0,0.0,0.0,0.0,0.0,0.0,0.0,0.0,0.0,0.0,0.0,0.0,0.0,SSE(128),,0,0.0,0.0
func@0x14021a250,0.0,0.0,0.0,0.0,0.0,0.0,0.0,0.0,0.0,0.0,0.0,0.0,0.0,0.0,0.0,0.0,0.0,0.0,0.0,,,2995000,0.0,0.0
func@0x1402213e0,0.0,0.0,0.0,0.0,0.0,0.0,0.0,100.0,0.0,100.0,0.0,0.0,0.0,0.0,0.0,0.0,0.0,0.0,0.0,,,2995000,1.000000,
func@0x1402238b0,0.0,0.0,0.0,0.0,100.0,100.0,,,,,0.0,0.0,0.0,0.0,0.0,0.0,0.0,0.0,0.0,,,0,0.0,0.0
func@0x140231af0,0.0,0.0,0.0,0.0,0.0,0.0,0.0,0.0,0.0,0.0,0.0,0.0,0.0,0.0,0.0,0.0,0.0,0.0,0.0,SSE(128),,0,,
func@0x140244410,0.0,0.0,0.0,0.0,0.0,0.0,0.0,0.0,0.0,0.0,0.0,0.0,0.0,0.0,0.0,0.0,0.0,0.0,0.0,,,2995000,0.0,0.0
func@0x140250cec,0.0,0.0,0.0,0.0,0.0,0.0,0.0,0.0,0.0,0.0,0.0,0.0,0.0,0.0,0.0,0.0,0.0,0.0,0.0,SSE(128),,0,0.0,0.0
func@0x140255c9d,0.0,0.0,0.0,0.0,0.0,0.0,55.6,0.0,27.8,0.0,0.0,0.0,0.0,0.0,0.0,0.0,0.0,0.0,0.0,,,0,,
func@0x140255e80,0.0,0.0,0.0,0.0,0.0,0.0,0.0,0.0,0.0,0.0,0.0,0.0,0.0,0.0,0.0,0.0,0.0,0.0,0.0,SSE(128),,0,0.0,0.0
func@0x1402578c0,0.0,0.0,0.0,0.0,0.0,0.0,0.0,0.0,0.0,0.0,0.0,0.0,0.0,0.0,0.0,0.0,0.0,0.0,0.0,SSE(128),,0,0.0,0.0
func@0x1402585aa,0.0,0.0,0.0,0.0,0.0,0.0,0.0,0.0,0.0,0.0,0.0,0.0,0.0,0.0,0.0,0.0,0.0,0.0,0.0,SSE(128); SSE2(128),,0,0.0,0.0
func@0x14025a6f0,0.0,0.0,0.0,0.0,0.0,0.0,0.0,0.0,0.0,0.0,0.0,0.0,0.0,0.0,0.0,0.0,0.0,0.0,0.0,,,2995000,0.0,0.0
func@0x14026de10,0.0,0.0,0.0,0.0,0.0,0.0,0.0,0.0,0.0,0.0,0.0,0.0,0.0,0.0,0.0,0.0,0.0,0.0,0.0,SSE2(128),,0,0.0,0.0
func@0x140273340,0.0,0.0,0.0,0.0,50.0,50.0,100.0,0.0,0.0,100.0,0.0,0.0,0.0,0.0,0.0,0.0,0.0,0.0,0.0,,,5990000,0.500000,
func@0x140286820,0.0,0.0,0.0,0.0,0.0,0.0,0.0,0.0,0.0,0.0,0.0,0.0,0.0,0.0,0.0,0.0,0.0,0.0,0.0,,,17970000,0.333333,
func@0x140287510,0.0,0.0,0.0,0.0,0.0,0.0,0.0,0.0,0.0,0.0,0.0,0.0,0.0,0.0,0.0,0.0,0.0,0.0,0.0,,,2995000,0.0,0.0
func@0x1402900b0,0.0,0.0,0.0,0.0,0.0,0.0,0.0,0.0,0.0,0.0,0.0,0.0,0.0,0.0,0.0,0.0,0.0,0.0,0.0,,,2995000,0.0,0.0
func@0x140296150,0.0,0.0,0.0,0.0,0.0,0.0,0.0,0.0,0.0,0.0,0.0,0.0,0.0,0.0,0.0,0.0,0.0,0.0,0.0,SSE(128),,0,0.0,0.0
func@0x140298b20,0.0,0.0,0.0,0.0,0.0,0.0,0.0,0.0,0.0,0.0,0.0,0.0,0.0,0.0,0.0,0.0,0.0,0.0,0.0,,,2995000,0.0,0.0
func@0x140299070,0.0,0.0,0.0,0.0,0.0,0.0,0.0,0.0,0.0,0.0,0.0,0.0,0.0,0.0,0.0,0.0,0.0,0.0,0.0,,,2995000,0.0,0.0
func@0x140299590,0.0,0.0,0.0,0.0,0.0,0.0,100.0,0.0,0.0,0.0,0.0,0.0,0.0,0.0,0.0,0.0,0.0,0.0,0.0,,,2995000,1.000000,
func@0x14029a640,0.0,0.0,0.0,0.0,0.0,0.0,0.0,0.0,0.0,0.0,0.0,0.0,0.0,0.0,0.0,0.0,0.0,0.0,0.0,,,2995000,1.000000,
func@0x14029a67b,0.0,0.0,0.0,0.0,0.0,0.0,0.0,66.8,0.0,0.0,0.0,0.0,0.0,0.0,0.0,0.0,0.0,0.0,0.0,,,14975000,1.000000,
func@0x14029b980,0.0,0.0,0.0,0.0,0.0,0.0,0.0,100.0,0.0,0.0,0.0,0.0,0.0,0.0,0.0,0.0,0.0,0.0,0.0,,,0,,
func@0x14029bb80,0.0,0.0,0.0,0.0,0.0,0.0,0.0,0.0,0.0,0.0,0.0,0.0,0.0,0.0,0.0,0.0,0.0,0.0,0.0,,,2995000,1.000000,
func@0x14029bd64,0.0,0.0,0.0,0.0,0.0,0.0,0.0,0.0,0.0,0.0,0.0,0.0,0.0,0.0,0.0,0.0,0.0,0.0,0.0,SSE(128),,2995000,0.0,0.0
func@0x14029bfad,0.0,0.0,0.0,0.0,0.0,0.0,0.0,0.0,0.0,0.0,0.0,0.0,0.0,0.0,0.0,0.0,0.0,0.0,0.0,SSE(128),,0,0.0,0.0
func@0x14029c48c,0.0,0.0,0.0,0.0,0.0,0.0,0.0,0.0,0.0,0.0,0.0,0.0,0.0,0.0,0.0,0.0,0.0,0.0,0.0,,,8985000,0.0,0.0
func@0x14029d4f0,0.0,0.0,0.0,0.0,0.0,0.0,0.0,0.0,0.0,0.0,0.0,0.0,0.0,0.0,0.0,0.0,0.0,0.0,0.0,,,2995000,0.0,0.0
func@0x14029ddc3,0.0,0.0,0.0,0.0,0.0,0.0,55.6,55.6,0.0,0.0,0.0,0.0,0.0,0.0,0.0,0.0,0.0,0.0,0.0,SSE2(128),,0,,
func@0x1402ace70,0.0,0.0,0.0,0.0,0.0,0.0,0.0,0.0,0.0,0.0,0.0,0.0,0.0,0.0,0.0,0.0,0.0,0.0,0.0,SSE(128),,0,0.0,0.0
func@0x1402b00f0,0.0,0.0,0.0,0.0,0.0,0.0,0.0,0.0,55.6,0.0,0.0,0.0,0.0,0.0,0.0,0.0,0.0,0.0,0.0,SSE(128),,0,,
func@0x1402b1e30,0.0,0.0,0.0,0.0,0.0,0.0,0.0,0.0,0.0,0.0,0.0,0.0,0.0,0.0,0.0,0.0,0.0,0.0,0.0,,,2995000,0.0,0.0
func@0x1402b2840,0.0,0.0,0.0,0.0,0.0,0.0,0.0,0.0,0.0,0.0,0.0,0.0,0.0,0.0,0.0,0.0,0.0,0.0,0.0,,,5990000,0.0,0.0
func@0x1402b4ee0,0.0,0.0,0.0,0.0,0.0,0.0,0.0,0.0,0.0,0.0,0.0,0.0,0.0,0.0,0.0,0.0,0.0,0.0,0.0,,,5990000,0.0,0.0
func@0x1402b8010,0.0,0.0,0.0,0.0,0.0,0.0,0.0,0.0,0.0,0.0,0.0,0.0,0.0,0.0,0.0,0.0,0.0,0.0,0.0,SSE(128),,0,0.0,0.0
func@0x1402b8634,0.0,0.0,0.0,0.0,0.0,0.0,0.0,0.0,0.0,0.0,0.0,0.0,0.0,0.0,0.0,0.0,0.0,0.0,0.0,,,2995000,1.000000,
func@0x1402b8930,0.0,0.0,0.0,0.0,0.0,0.0,0.0,0.0,0.0,0.0,0.0,0.0,0.0,0.0,0.0,0.0,0.0,0.0,0.0,SSE2(128),,0,0.0,0.0
func@0x1402b9770,0.0,0.0,0.0,0.0,0.0,0.0,0.0,0.0,0.0,0.0,0.0,0.0,0.0,0.0,0.0,0.0,0.0,0.0,0.0,,,2995000,0.0,0.0
func@0x1402bd680,0.0,0.0,0.0,0.0,0.0,0.0,0.0,0.0,0.0,0.0,0.0,0.0,0.0,0.0,0.0,0.0,0.0,0.0,0.0,SSE(128),,2995000,0.0,0.0
func@0x1402beaf0,0.0,0.0,0.0,0.0,0.0,0.0,0.0,0.0,0.0,0.0,0.0,0.0,0.0,0.0,0.0,0.0,0.0,0.0,0.0,,,2995000,0.0,0.0
func@0x1402c6e30,0.0,0.0,0.0,0.0,0.0,0.0,0.0,0.0,0.0,0.0,0.0,0.0,0.0,0.0,0.0,0.0,0.0,0.0,0.0,SSE(128); SSE2(128),,2995000,2.000000,
func@0x1402ccd00,0.0,0.0,0.0,0.0,0.0,0.0,0.0,0.0,0.0,0.0,0.0,0.0,0.0,0.0,0.0,0.0,0.0,0.0,0.0,SSE(128),,2995000,1.000000,
func@0x1402cf110,0.0,0.0,0.0,0.0,0.0,0.0,0.0,0.0,0.0,0.0,0.0,0.0,0.0,0.0,0.0,0.0,0.0,0.0,0.0,SSE(128),,0,0.0,0.0
func@0x1402d5d60,0.0,0.0,0.0,0.0,0.0,0.0,0.0,0.0,0.0,0.0,0.0,0.0,0.0,0.0,0.0,0.0,0.0,0.0,0.0,,,2995000,0.0,0.0
func@0x1402d6520,0.0,0.0,0.0,0.0,0.0,0.0,0.0,0.0,0.0,0.0,0.0,0.0,0.0,0.0,0.0,0.0,0.0,0.0,0.0,,,2995000,1.000000,
func@0x1402d77d0,0.0,0.0,0.0,0.0,0.0,0.0,0.0,0.0,0.0,0.0,0.0,0.0,0.0,0.0,0.0,0.0,0.0,0.0,0.0,SSE(128),,0,,
func@0x1402d7ba7,0.0,0.0,0.0,0.0,0.0,0.0,100.0,0.0,0.0,0.0,0.0,0.0,0.0,0.0,0.0,0.0,0.0,0.0,0.0,SSE(128),,0,,
func@0x1402d81b0,0.0,0.0,0.0,0.0,0.0,0.0,0.0,0.0,0.0,0.0,0.0,0.0,0.0,0.0,0.0,0.0,0.0,0.0,0.0,SSE2(128),,2995000,0.0,0.0
func@0x1402d94c0,0.0,0.0,0.0,0.0,0.0,0.0,0.0,0.0,0.0,0.0,0.0,0.0,0.0,0.0,0.0,0.0,0.0,0.0,0.0,SSE(128),,0,0.0,0.0
func@0x1402e6740,0.0,0.0,0.0,0.0,0.0,0.0,0.0,0.0,0.0,0.0,0.0,0.0,0.0,0.0,0.0,0.0,0.0,0.0,0.0,SSE(128),,0,,
func@0x1402e8030,0.0,0.0,0.0,0.0,0.0,0.0,0.0,0.0,83.5,0.0,0.0,0.0,0.0,0.0,0.0,0.0,0.0,0.0,0.0,,,0,,
func@0x1402ea260,0.0,0.0,0.0,0.0,0.0,0.0,0.0,0.0,0.0,0.0,0.0,0.0,0.0,0.0,0.0,0.0,0.0,0.0,0.0,,,2995000,1.000000,
func@0x1402ecb40,0.0,0.0,0.0,0.0,0.0,0.0,0.0,100.0,0.0,0.0,0.0,0.0,0.0,0.0,0.0,0.0,0.0,0.0,0.0,,,0,,
func@0x1402edbc0,0.0,0.0,0.0,0.0,0.0,0.0,0.0,0.0,0.0,0.0,0.0,0.0,0.0,0.0,0.0,0.0,0.0,0.0,0.0,,,2995000,0.0,0.0
func@0x1402efbb4,0.0,0.0,0.0,0.0,,,0.0,0.0,0.0,0.0,0.0,0.0,0.0,0.0,0.0,0.0,0.0,0.0,0.0,SSE(128),,0,0.0,0.0
func@0x1402f0f20,0.0,0.0,0.0,0.0,0.0,0.0,0.0,0.0,0.0,0.0,0.0,0.0,0.0,0.0,0.0,0.0,0.0,0.0,0.0,,,2995000,0.0,0.0
func@0x1402f1180,0.0,0.0,0.0,0.0,0.0,0.0,0.0,0.0,0.0,0.0,0.0,0.0,0.0,0.0,0.0,0.0,0.0,0.0,0.0,,,2995000,0.0,0.0
func@0x1402f1b50,0.0,0.0,0.0,0.0,0.0,0.0,0.0,0.0,0.0,0.0,0.0,0.0,0.0,0.0,0.0,0.0,0.0,0.0,0.0,SSE(128),,0,0.0,0.0
func@0x1402f91f0,0.0,0.0,0.0,0.0,0.0,0.0,0.0,0.0,0.0,0.0,0.0,0.0,0.0,0.0,0.0,0.0,0.0,0.0,0.0,SSE(128),,2995000,0.0,0.0
func@0x14030471c,0.0,0.0,0.0,0.0,0.0,0.0,0.0,0.0,100.0,0.0,0.0,0.0,0.0,0.0,0.0,0.0,0.0,0.0,0.0,,,0,,
func@0x140309300,0.0,0.0,0.0,0.0,,,0.0,0.0,0.0,0.0,0.0,0.0,0.0,0.0,0.0,0.0,0.0,0.0,0.0,,,8985000,0.333333,
func@0x14030f5f0,0.0,0.0,0.0,0.0,0.0,0.0,0.0,0.0,0.0,0.0,0.0,0.0,0.0,0.0,0.0,0.0,0.0,0.0,0.0,SSE(128),,0,0.0,0.0
func@0x140316aa0,0.0,0.0,0.0,0.0,0.0,0.0,0.0,0.0,0.0,0.0,0.0,0.0,0.0,0.0,0.0,0.0,0.0,0.0,0.0,,,2995000,0.0,0.0
func@0x14031a15b,0.0,0.0,0.0,0.0,0.0,0.0,83.5,0.0,0.0,0.0,0.0,0.0,0.0,0.0,0.0,0.0,0.0,0.0,0.0,SSE(128),,2995000,4.000000,
func@0x14031c140,0.0,0.0,0.0,0.0,0.0,0.0,0.0,0.0,0.0,0.0,0.0,0.0,0.0,0.0,0.0,0.0,0.0,0.0,0.0,,,2995000,0.0,0.0
func@0x14031c180,0.0,0.0,0.0,0.0,0.0,0.0,0.0,0.0,0.0,0.0,0.0,0.0,0.0,0.0,0.0,0.0,0.0,0.0,0.0,SSE2(128),,0,0.0,0.0
func@0x1403220b0,0.0,0.0,0.0,0.0,0.0,0.0,,,0.0,0.0,0.0,0.0,0.0,0.0,0.0,0.0,0.0,0.0,0.0,SSE(128),,0,0.0,0.0
func@0x140327628,0.0,0.0,0.0,0.0,0.0,0.0,0.0,0.0,0.0,0.0,0.0,0.0,0.0,0.0,0.0,0.0,0.0,0.0,0.0,SSE(128),,0,0.0,0.0
func@0x140327b30,0.0,0.0,0.0,0.0,0.0,0.0,0.0,0.0,0.0,0.0,0.0,0.0,0.0,,0.0,0.0,0.0,0.0,0.0,,,5990000,0.500000,
func@0x14033b770,0.0,0.0,0.0,0.0,0.0,0.0,0.0,0.0,0.0,0.0,0.0,0.0,0.0,0.0,0.0,0.0,0.0,0.0,0.0,,,2995000,0.0,0.0
func@0x14033ced0,0.0,0.0,0.0,0.0,0.0,0.0,83.5,0.0,100.0,0.0,0.0,0.0,0.0,0.0,0.0,0.0,0.0,0.0,0.0,,,0,,
func@0x14033d620,0.0,0.0,0.0,0.0,0.0,0.0,0.0,0.0,0.0,0.0,0.0,0.0,0.0,0.0,0.0,0.0,0.0,0.0,0.0,,,2995000,0.0,0.0
func@0x14033e830,0.0,0.0,0.0,0.0,0.0,0.0,0.0,0.0,0.0,0.0,0.0,0.0,0.0,0.0,0.0,0.0,0.0,0.0,0.0,,,5990000,0.0,0.0
func@0x1403446c0,0.0,0.0,0.0,0.0,0.0,0.0,0.0,0.0,0.0,0.0,0.0,0.0,0.0,0.0,0.0,0.0,0.0,0.0,0.0,SSE(128),,0,0.0,0.0
func@0x140345300,0.0,0.0,0.0,0.0,0.0,0.0,0.0,0.0,0.0,0.0,0.0,0.0,0.0,0.0,0.0,0.0,0.0,0.0,0.0,,,2995000,0.0,0.0
func@0x140395cf0,0.0,0.0,0.0,0.0,,,0.0,55.6,0.0,55.6,0.0,0.0,0.0,0.0,0.0,0.0,0.0,0.0,0.0,,,0,,
func@0x1403993e0,0.0,0.0,0.0,0.0,0.0,0.0,,,0.0,0.0,0.0,0.0,0.0,0.0,0.0,0.0,0.0,0.0,0.0,,,2995000,0.0,0.0
func@0x140399450,0.0,0.0,0.0,0.0,0.0,0.0,0.0,0.0,0.0,0.0,0.0,0.0,0.0,0.0,0.0,0.0,0.0,0.0,0.0,SSE(128),,0,0.0,0.0
func@0x14039d4e0,0.0,0.0,0.0,0.0,0.0,0.0,0.0,0.0,0.0,0.0,0.0,0.0,0.0,0.0,0.0,0.0,0.0,0.0,0.0,,,2995000,0.0,0.0
func@0x1403b2b52,0.0,0.0,0.0,0.0,0.0,0.0,0.0,0.0,0.0,0.0,0.0,0.0,0.0,0.0,0.0,0.0,0.0,0.0,0.0,,,2995000,0.0,0.0
func@0x1403b39fc,0.0,0.0,0.0,0.0,0.0,0.0,0.0,0.0,0.0,0.0,0.0,0.0,0.0,0.0,0.0,0.0,0.0,0.0,0.0,,,2995000,0.0,0.0
func@0x1403c61e0,0.0,0.0,0.0,0.0,0.0,0.0,0.0,0.0,0.0,0.0,0.0,0.0,0.0,0.0,0.0,0.0,0.0,0.0,0.0,,,2995000,1.000000,
func@0x1403c6bd0,0.0,0.0,0.0,0.0,0.0,0.0,0.0,0.0,0.0,0.0,0.0,0.0,0.0,0.0,0.0,0.0,0.0,0.0,0.0,SSE(128),,0,0.0,0.0
func@0x1403c7560,0.0,0.0,0.0,0.0,0.0,0.0,100.0,0.0,0.0,0.0,0.0,0.0,0.0,0.0,0.0,0.0,0.0,0.0,0.0,SSE(128),,0,,
func@0x1403c76eb,0.0,0.0,0.0,0.0,0.0,0.0,0.0,0.0,0.0,0.0,0.0,0.0,0.0,0.0,0.0,0.0,0.0,0.0,0.0,,,2995000,0.0,0.0
func@0x1403c7b1e,0.0,0.0,0.0,0.0,0.0,0.0,,,0.0,0.0,0.0,0.0,0.0,0.0,0.0,0.0,0.0,0.0,0.0,,,2995000,0.0,0.0
func@0x1403d1190,0.0,0.0,0.0,0.0,0.0,0.0,0.0,,,0.0,0.0,0.0,0.0,0.0,0.0,0.0,0.0,0.0,0.0,SSE(128),,0,0.0,0.0
func@0x1403da5e0,0.0,0.0,0.0,0.0,0.0,0.0,0.0,0.0,0.0,0.0,0.0,0.0,0.0,0.0,0.0,0.0,0.0,0.0,0.0,,,2995000,0.0,0.0
func@0x1403ebe50,0.0,0.0,0.0,0.0,0.0,0.0,100.0,0.0,0.0,0.0,0.0,0.0,0.0,0.0,0.0,0.0,0.0,0.0,0.0,,,0,,
func@0x1403f49c0,0.0,0.0,0.0,0.0,0.0,0.0,0.0,0.0,0.0,0.0,0.0,0.0,0.0,0.0,0.0,0.0,0.0,0.0,0.0,SSE(128),,0,0.0,0.0
func@0x140401110,0.0,0.0,0.0,0.0,0.0,0.0,100.0,0.0,0.0,0.0,,0.0,0.0,0.0,0.0,0.0,0.0,0.0,0.0,,,0,,
func@0x140405581,0.0,0.0,0.0,0.0,0.0,0.0,0.0,0.0,0.0,0.0,0.0,0.0,0.0,0.0,0.0,0.0,0.0,0.0,0.0,,,2995000,1.000000,
func@0x140406f70,0.0,0.0,0.0,0.0,0.0,0.0,0.0,0.0,0.0,0.0,0.0,0.0,0.0,0.0,0.0,0.0,0.0,0.0,0.0,SSE(128); SSE2(128),,0,0.0,0.0
func@0x14040fa41,0.0,0.0,0.0,0.0,0.0,0.0,0.0,0.0,0.0,0.0,0.0,0.0,0.0,0.0,,0.0,0.0,0.0,0.0,,,2995000,0.0,0.0
func@0x140421538,0.0,0.0,0.0,0.0,0.0,0.0,,,,0.0,0.0,0.0,0.0,0.0,0.0,0.0,0.0,0.0,0.0,,,2995000,0.0,0.0
func@0x1404259b0,0.0,0.0,0.0,0.0,0.0,0.0,0.0,0.0,0.0,0.0,0.0,0.0,0.0,0.0,0.0,0.0,0.0,0.0,0.0,,,2995000,0.0,0.0
func@0x140425a67,0.0,0.0,0.0,0.0,0.0,0.0,0.0,0.0,0.0,0.0,0.0,0.0,0.0,0.0,0.0,0.0,0.0,0.0,0.0,,,5990000,0.0,0.0
func@0x14044473c,0.0,0.0,0.0,0.0,0.0,0.0,0.0,0.0,0.0,0.0,0.0,0.0,0.0,0.0,0.0,0.0,0.0,0.0,0.0,,,5990000,0.500000,
func@0x140461d10,0.0,0.0,0.0,0.0,0.0,0.0,0.0,0.0,0.0,0.0,0.0,0.0,0.0,0.0,0.0,0.0,0.0,0.0,0.0,SSE(128),,0,0.0,0.0
func@0x1404e49e0,0.0,0.0,0.0,0.0,0.0,0.0,0.0,0.0,0.0,0.0,0.0,0.0,0.0,0.0,0.0,0.0,0.0,0.0,0.0,,,5990000,0.500000,
func@0x1404e7860,0.0,0.0,0.0,0.0,0.0,0.0,0.0,0.0,0.0,0.0,0.0,0.0,0.0,0.0,0.0,0.0,0.0,0.0,0.0,,,5990000,0.500000,
func@0x1404f0c20,0.0,0.0,0.0,0.0,0.0,0.0,0.0,0.0,0.0,0.0,0.0,0.0,0.0,0.0,0.0,0.0,0.0,0.0,0.0,SSE(128),,2995000,1.000000,
func@0x1404f2aa0,0.0,0.0,0.0,0.0,0.0,0.0,0.0,0.0,0.0,0.0,0.0,0.0,0.0,0.0,0.0,0.0,0.0,0.0,0.0,SSE(128),,0,0.0,0.0
func@0x1405dfe10,0.0,0.0,0.0,0.0,0.0,0.0,0.0,0.0,0.0,0.0,0.0,0.0,0.0,0.0,0.0,0.0,0.0,0.0,0.0,,,2995000,0.0,0.0
func@0x1405e0bcc,0.0,0.0,0.0,0.0,0.0,0.0,0.0,0.0,0.0,0.0,0.0,0.0,0.0,0.0,0.0,0.0,0.0,0.0,0.0,SSE(128),,0,,
func@0x1406a4e50,0.0,0.0,0.0,0.0,0.0,0.0,0.0,0.0,0.0,0.0,0.0,0.0,0.0,0.0,0.0,0.0,0.0,0.0,0.0,,,8985000,0.666667,
func@0x1406b44e3,0.0,0.0,0.0,0.0,0.0,0.0,0.0,0.0,0.0,0.0,0.0,0.0,0.0,0.0,0.0,0.0,0.0,0.0,0.0,SSE(128),,0,0.0,0.0
func@0x1406d6b2b,0.0,0.0,0.0,0.0,0.0,0.0,0.0,0.0,0.0,0.0,0.0,0.0,0.0,0.0,0.0,0.0,0.0,0.0,0.0,,,2995000,0.0,0.0
func@0x14073cbd0,0.0,0.0,0.0,0.0,0.0,0.0,0.0,0.0,0.0,0.0,0.0,0.0,0.0,0.0,0.0,0.0,0.0,0.0,0.0,SSE(128),,0,0.0,0.0
func@0x140842faa,0.0,0.0,0.0,0.0,0.0,0.0,0.0,0.0,0.0,0.0,0.0,0.0,0.0,0.0,0.0,0.0,0.0,0.0,0.0,SSE(128),,0,0.0,0.0
func@0x140846773,0.0,0.0,0.0,0.0,0.0,0.0,0.0,0.0,0.0,0.0,0.0,0.0,0.0,0.0,0.0,0.0,0.0,0.0,0.0,SSE(128),,0,0.0,0.0
func@0x140888fe0,0.0,0.0,0.0,0.0,0.0,0.0,0.0,0.0,0.0,0.0,0.0,0.0,0.0,0.0,0.0,0.0,0.0,0.0,0.0,SSE(128),,0,0.0,0.0
func@0x14088bfdc,0.0,0.0,0.0,0.0,0.0,0.0,0.0,0.0,0.0,0.0,0.0,0.0,0.0,0.0,0.0,0.0,0.0,0.0,0.0,SSE(128),,0,0.0,0.0
func@0x140894970,0.0,0.0,0.0,0.0,0.0,0.0,,0.0,0.0,0.0,0.0,0.0,0.0,0.0,0.0,0.0,0.0,0.0,0.0,SSE(128),,0,0.0,0.0
func@0x1408a3798,0.0,0.0,0.0,0.0,0.0,0.0,0.0,0.0,0.0,0.0,0.0,0.0,0.0,0.0,0.0,0.0,0.0,0.0,0.0,SSE(128),,0,,
func@0x1408bb0a2,0.0,0.0,0.0,0.0,0.0,0.0,0.0,0.0,0.0,0.0,0.0,0.0,0.0,0.0,0.0,0.0,0.0,0.0,0.0,SSE(128),,0,0.0,0.0
func@0x1408bb9ca,0.0,0.0,0.0,0.0,0.0,0.0,,,0.0,0.0,0.0,0.0,0.0,0.0,0.0,0.0,0.0,0.0,0.0,SSE(128),,0,0.0,0.0
func@0x1408bcaff,0.0,0.0,0.0,0.0,0.0,0.0,0.0,0.0,0.0,0.0,0.0,0.0,0.0,0.0,0.0,0.0,0.0,0.0,0.0,SSE(128),,0,0.0,0.0
func@0x1408bf0c0,0.0,0.0,0.0,0.0,0.0,0.0,0.0,0.0,0.0,0.0,0.0,0.0,0.0,0.0,0.0,0.0,0.0,0.0,0.0,SSE(128); SSE2(128),,0,0.0,0.0
func@0x1408d5c60,0.0,0.0,0.0,0.0,0.0,0.0,0.0,0.0,0.0,0.0,0.0,0.0,0.0,0.0,0.0,0.0,0.0,0.0,0.0,SSE(128),,0,0.0,0.0
func@0x1408dc190,0.0,0.0,0.0,0.0,0.0,0.0,0.0,0.0,0.0,0.0,0.0,0.0,0.0,0.0,0.0,0.0,0.0,0.0,0.0,SSE(128),,0,0.0,0.0
func@0x140914a60,0.0,0.0,0.0,0.0,0.0,0.0,0.0,0.0,0.0,0.0,0.0,0.0,0.0,0.0,0.0,0.0,0.0,0.0,0.0,SSE(128),,0,0.0,0.0
func@0x14099fed0,0.0,0.0,0.0,0.0,0.0,0.0,0.0,0.0,0.0,0.0,0.0,0.0,0.0,0.0,0.0,0.0,0.0,0.0,0.0,SSE(128),,0,0.0,0.0
func@0x1409a021e,0.0,0.0,0.0,0.0,0.0,0.0,0.0,0.0,0.0,0.0,0.0,0.0,0.0,0.0,0.0,0.0,0.0,0.0,0.0,SSE(128),,0,0.0,0.0
func@0x1409a0e00,0.0,0.0,0.0,0.0,0.0,0.0,0.0,0.0,0.0,0.0,0.0,0.0,0.0,0.0,0.0,0.0,0.0,0.0,0.0,,,2995000,0.0,0.0
func@0x140bbd780,0.0,0.0,0.0,0.0,0.0,0.0,,,0.0,0.0,0.0,0.0,0.0,0.0,0.0,0.0,0.0,0.0,0.0,,,2995000,0.0,0.0
func@0x140c7e320,0.0,0.0,0.0,0.0,,,0.0,0.0,0.0,0.0,0.0,0.0,0.0,0.0,0.0,0.0,0.0,0.0,0.0,SSE(128); SSE2(128),,0,0.0,0.0
func@0x140c87750,0.0,0.0,0.0,0.0,0.0,0.0,0.0,0.0,0.0,0.0,0.0,0.0,0.0,0.0,0.0,0.0,0.0,0.0,0.0,SSE(128),,0,0.0,0.0
func@0x140c88010,0.0,0.0,0.0,0.0,0.0,0.0,0.0,0.0,0.0,0.0,0.0,0.0,0.0,0.0,0.0,0.0,0.0,0.0,0.0,SSE(128),,0,0.0,0.0
func@0x140c882f0,0.0,0.0,0.0,0.0,0.0,0.0,0.0,0.0,0.0,0.0,0.0,0.0,0.0,0.0,0.0,0.0,0.0,0.0,0.0,SSE(128),,0,,
func@0x140c9b5f0,0.0,0.0,0.0,0.0,0.0,0.0,100.0,0.0,0.0,0.0,0.0,0.0,0.0,0.0,0.0,0.0,0.0,0.0,0.0,,,0,,
func@0x140c9d50f,0.0,0.0,0.0,0.0,0.0,0.0,0.0,0.0,0.0,0.0,0.0,0.0,0.0,0.0,0.0,0.0,0.0,0.0,0.0,SSE(128),,0,0.0,0.0
func@0x140cbb800,0.0,0.0,0.0,0.0,0.0,0.0,0.0,0.0,0.0,0.0,0.0,0.0,0.0,0.0,0.0,0.0,0.0,0.0,0.0,SSE(128),,0,,
func@0x140cc40b0,0.0,0.0,0.0,0.0,0.0,0.0,0.0,0.0,0.0,0.0,0.0,0.0,0.0,0.0,0.0,0.0,0.0,0.0,0.0,SSE(128),,0,0.0,0.0
func@0x140cfe320,0.0,0.0,0.0,0.0,0.0,0.0,0.0,0.0,0.0,0.0,0.0,0.0,0.0,0.0,0.0,0.0,0.0,0.0,0.0,,,2995000,0.0,0.0
func@0x140d0a490,0.0,0.0,0.0,0.0,0.0,0.0,0.0,0.0,0.0,0.0,0.0,0.0,0.0,0.0,0.0,0.0,0.0,0.0,0.0,SSE(128),,2995000,1.000000,
func@0x180001b80,0.0,0.0,0.0,0.0,0.0,0.0,0.0,0.0,0.0,0.0,0.0,0.0,0.0,0.0,0.0,0.0,0.0,0.0,0.0,SSE(128),,2995000,0.0,0.0
func@0x180007f60,0.0,0.0,0.0,0.0,0.0,0.0,0.0,0.0,0.0,0.0,0.0,0.0,0.0,0.0,0.0,0.0,0.0,0.0,0.0,,,2995000,0.0,0.0
func@0x18000b0fc,0.0,0.0,0.0,0.0,0.0,0.0,0.0,0.0,0.0,0.0,0.0,0.0,0.0,0.0,0.0,0.0,0.0,0.0,0.0,,,2995000,0.0,0.0
func@0x18000bb90,0.0,0.0,0.0,0.0,0.0,0.0,0.0,0.0,0.0,0.0,0.0,0.0,0.0,0.0,0.0,0.0,0.0,0.0,0.0,,,2995000,0.0,0.0
func@0x18000d860,0.0,0.0,0.0,0.0,0.0,0.0,0.0,0.0,0.0,0.0,0.0,0.0,0.0,0.0,0.0,0.0,0.0,0.0,0.0,SSE2(128),,0,0.0,0.0
func@0x18000dfa0,0.0,0.0,0.0,0.0,0.0,0.0,0.0,0.0,0.0,0.0,0.0,0.0,0.0,0.0,0.0,0.0,0.0,0.0,0.0,SSE(128),,2995000,0.0,0.0
func@0x18000f710,0.0,0.0,0.0,0.0,0.0,0.0,0.0,0.0,0.0,0.0,0.0,0.0,0.0,0.0,0.0,0.0,0.0,0.0,0.0,,,2995000,0.0,0.0
func@0x180018060,0.0,0.0,0.0,0.0,0.0,0.0,0.0,0.0,0.0,0.0,0.0,0.0,0.0,0.0,0.0,0.0,0.0,0.0,0.0,,,2995000,0.0,0.0
func@0x180018080,0.0,0.0,0.0,0.0,0.0,0.0,0.0,0.0,0.0,0.0,0.0,0.0,0.0,0.0,0.0,0.0,0.0,0.0,0.0,SSE(128),,2995000,0.0,0.0
func@0x180021ff0,0.0,0.0,0.0,0.0,0.0,0.0,0.0,0.0,0.0,0.0,0.0,0.0,0.0,0.0,0.0,0.0,0.0,0.0,0.0,SSE(128),,2995000,0.0,0.0
func@0x18002eac0,0.0,0.0,0.0,0.0,0.0,0.0,0.0,0.0,0.0,0.0,0.0,0.0,0.0,0.0,0.0,0.0,0.0,0.0,0.0,SSE(128); SSE2(128),,0,0.0,0.0
func@0x18003e7f4,0.0,0.0,0.0,0.0,0.0,0.0,0.0,0.0,0.0,0.0,0.0,0.0,0.0,0.0,0.0,0.0,0.0,0.0,0.0,SSE(128),,0,0.0,0.0
func@0x180050860,0.0,0.0,0.0,0.0,0.0,0.0,0.0,0.0,0.0,0.0,0.0,0.0,0.0,0.0,0.0,0.0,0.0,0.0,0.0,SSE(128),,0,0.0,0.0
func@0x1800509e0,0.0,0.0,0.0,0.0,0.0,0.0,,,0.0,0.0,0.0,0.0,0.0,0.0,0.0,0.0,0.0,0.0,0.0,SSE(128); SSE2(128),,0,0.0,0.0
func@0x180078da1,0.0,0.0,0.0,0.0,0.0,0.0,0.0,0.0,0.0,0.0,0.0,0.0,0.0,0.0,0.0,0.0,0.0,0.0,0.0,SSE(128),,23960000,0.250000,
func@0x180135bec,0.0,0.0,0.0,0.0,0.0,0.0,0.0,0.0,0.0,0.0,0.0,0.0,0.0,0.0,0.0,0.0,0.0,0.0,0.0,SSE(128),,0,0.0,0.0
func@0x180135f48,0.0,0.0,0.0,0.0,0.0,0.0,0.0,0.0,0.0,0.0,0.0,0.0,0.0,0.0,0.0,0.0,0.0,0.0,0.0,SSE(128),,0,0.0,0.0
func@0x18013bcc0,0.0,0.0,0.0,0.0,0.0,0.0,0.0,100.0,0.0,0.0,0.0,0.0,0.0,0.0,0.0,0.0,0.0,0.0,0.0,,,0,,
func@0x18013bdfc,0.0,0.0,0.0,0.0,0.0,0.0,0.0,0.0,0.0,0.0,0.0,0.0,0.0,0.0,0.0,0.0,0.0,0.0,0.0,,,2995000,0.0,0.0
func@0x180167fc0,0.0,0.0,0.0,0.0,0.0,0.0,0.0,0.0,0.0,0.0,0.0,0.0,0.0,0.0,0.0,0.0,0.0,0.0,0.0,AVX(256); SSE(128); SSE2(128),,0,0.0,0.0
func@0x1c000bbd0,0.0,0.0,0.0,0.0,0.0,0.0,0.0,0.0,0.0,0.0,0.0,0.0,0.0,0.0,0.0,0.0,0.0,0.0,0.0,SSE(128),,0,,
func@0x29740,0.0,0.0,0.0,0.0,0.0,0.0,0.0,0.0,100.0,0.0,0.0,0.0,0.0,0.0,0.0,0.0,0.0,0.0,0.0,,,0,,
log,0.0,0.0,0.0,0.0,0.0,0.0,0.0,0.0,0.0,0.0,0.0,0.0,0.0,0.0,0.0,0.0,0.0,0.0,0.0,AVX(128); SSE2(128),,23960000,0.125000,
"log<int,0>",0.0,0.0,0.0,0.0,0.0,0.0,0.0,0.0,0.0,0.0,0.0,0.0,0.0,0.0,0.0,0.0,0.0,0.0,0.0,,,5990000,0.0,0.0
lround,0.0,0.0,0.0,0.0,0.0,0.0,0.0,0.0,0.0,0.0,0.0,0.0,0.0,0.0,0.0,0.0,0.0,0.0,0.0,SSE2(128),,20965000,0.0,0.0
malloc_base,0.0,0.0,0.0,0.0,,,0.0,0.0,0.0,0.0,0.0,0.0,0.0,0.0,0.0,0.0,0.0,0.0,0.0,,,2995000,0.0,0.0
memcpy,0.0,0.0,0.0,0.0,0.0,0.0,0.0,0.0,0.0,0.0,0.0,0.0,0.0,0.0,0.0,0.0,0.0,0.0,0.0,AVX(256); SSE(128); SSE2(128),,0,,
memset,0.0,0.0,0.0,0.0,0.0,0.0,,,0.0,0.0,0.0,0.0,0.0,0.0,0.0,0.0,0.0,0.0,0.0,AVX(256); SSE2(128),,0,0.0,0.0
memset,0.0,0.0,0.0,0.0,0.0,0.0,0.0,0.0,0.0,0.0,0.0,0.0,0.0,0.0,0.0,0.0,0.0,0.0,0.0,,,2995000,0.0,0.0
operator delete,0.0,0.0,0.0,0.0,0.0,0.0,0.0,0.0,100.0,0.0,0.0,0.0,0.0,0.0,0.0,0.0,0.0,0.0,0.0,,,2995000,1.000000,
read,0.0,0.0,0.0,0.0,0.0,0.0,0.0,0.0,0.0,0.0,0.0,0.0,0.0,0.0,0.0,0.0,0.0,0.0,0.0,,,2995000,0.0,0.0
round,0.0,0.0,0.0,0.0,0.0,0.0,0.0,0.0,0.0,0.0,0.0,0.0,0.0,0.0,0.0,0.0,0.0,0.0,0.0,SSE2(128),,8985000,1.000000,
spdlog::pattern_formatter::handle_flag_<struct spdlog::details::null_scoped_padder>,0.0,0.0,0.0,0.0,0.0,0.0,0.0,0.0,0.0,0.0,0.0,0.0,0.0,0.0,0.0,0.0,0.0,0.0,0.0,AVX(128),,0,0.0,0.0
std::_Deallocate,0.0,0.0,0.0,0.0,0.0,0.0,0.0,0.0,0.0,0.0,0.0,0.0,0.0,0.0,0.0,0.0,0.0,0.0,0.0,,,2995000,0.0,0.0
std::_Deallocate,0.0,0.0,0.0,0.0,0.0,0.0,0.0,0.0,0.0,0.0,0.0,0.0,0.0,0.0,0.0,0.0,0.0,0.0,0.0,,,2995000,0.0,0.0
std::_Fnv1a_append_bytes,0.0,0.0,0.0,0.0,0.0,0.0,0.0,0.0,0.0,0.0,0.0,0.0,0.0,0.0,0.0,0.0,0.0,0.0,0.0,,,23960000,0.375000,
"std::_Hash<std::_Umap_traits<unsigned __int64,book::BookEntry,std::_Uhash_compare<unsigned __int64,std::hash<unsigned __int64>,std::equal_to<unsigned __int64> >,std::allocator<std::pair<unsigned __int64 const ,book::BookEntry> >,0> >::_Check_rehash_required_1",0.0,0.0,0.0,0.0,0.0,0.0,0.0,0.0,0.0,0.0,0.0,0.0,0.0,0.0,0.0,0.0,0.0,0.0,0.0,,,2995000,0.0,0.0
"std::_Hash<std::_Umap_traits<unsigned __int64,book::BookEntry,std::_Uhash_compare<unsigned __int64,std::hash<unsigned __int64>,std::equal_to<unsigned __int64> >,std::allocator<std::pair<unsigned __int64 const ,book::BookEntry> >,0> >::_Insert_new_node_before",0.0,0.0,0.0,0.0,0.0,0.0,0.0,0.0,0.0,0.0,0.0,0.0,0.0,0.0,0.0,0.0,0.0,0.0,0.0,,,5990000,0.0,0.0
"std::array<chess::Bitboard,64>::operator[]",0.0,0.0,0.0,0.0,0.0,0.0,0.0,0.0,0.0,0.0,0.0,0.0,0.0,0.0,0.0,0.0,0.0,0.0,0.0,,,11980000,0.0,0.0
"std::array<chess::Bitboard,64>::operator[]",0.0,0.0,0.0,0.0,0.0,0.0,0.0,0.0,0.0,0.0,0.0,0.0,0.0,0.0,0.0,0.0,0.0,0.0,0.0,,,2995000,1.000000,
"std::array<chess::Bitboard,64>::operator[]",0.0,0.0,0.0,0.0,0.0,0.0,0.0,0.0,0.0,0.0,0.0,0.0,0.0,0.0,0.0,0.0,0.0,0.0,0.0,,,26955000,0.111111,
"std::array<chess::Bitboard,64>::operator[]",0.0,0.0,0.0,0.0,0.0,0.0,0.0,0.0,0.0,0.0,0.0,0.0,0.0,0.0,0.0,0.0,0.0,0.0,0.0,,,23960000,0.250000,
"std::array<chess::Bitboard,64>::operator[]",0.0,0.0,0.0,0.0,0.0,0.0,0.0,0.0,0.0,0.0,0.0,0.0,0.0,0.0,0.0,0.0,0.0,0.0,0.0,,,2995000,1.000000,
"std::array<chess::HistoryState,1024>::operator[]",0.0,0.0,0.0,0.0,0.0,0.0,0.0,0.0,0.0,0.0,,0.0,0.0,0.0,0.0,0.0,0.0,0.0,0.0,,,8985000,0.333333,
"std::array<chess::HistoryState,1024>::operator[]",0.0,0.0,0.0,0.0,0.0,0.0,0.0,0.0,0.0,0.0,0.0,0.0,0.0,0.0,0.0,0.0,0.0,0.0,0.0,,,5990000,2.000000,
"std::array<chess::Move,256>::operator[]",0.0,0.0,0.0,0.0,0.0,0.0,0.0,0.0,0.0,0.0,0.0,0.0,0.0,0.0,0.0,0.0,0.0,0.0,0.0,,,2995000,1.000000,
"std::array<chess::Value,25>::operator[]",0.0,0.0,0.0,0.0,0.0,0.0,0.0,0.0,0.0,0.0,0.0,0.0,0.0,0.0,0.0,0.0,0.0,0.0,0.0,,,5990000,0.0,0.0
"std::array<chess::Value,25>::operator[]",0.0,0.0,0.0,0.0,0.0,0.0,0.0,0.0,0.0,0.0,0.0,0.0,0.0,0.0,0.0,0.0,0.0,0.0,0.0,,,2995000,0.0,0.0
"std::array<std::array<chess::Bitboard,64>,8>::operator[]",0.0,0.0,0.0,0.0,0.0,0.0,0.0,0.0,0.0,0.0,0.0,0.0,0.0,0.0,0.0,0.0,0.0,0.0,0.0,,,5990000,0.500000,
"std::array<std::array<chess::Move,64>,64>::operator[]",0.0,0.0,0.0,0.0,0.0,0.0,0.0,0.0,100.0,0.0,0.0,0.0,0.0,0.0,0.0,0.0,0.0,0.0,0.0,,,20965000,0.142857,
"std::basic_filebuf<char,std::char_traits<char> >::_Reset_back",0.0,0.0,0.0,0.0,0.0,0.0,0.0,0.0,0.0,0.0,0.0,0.0,0.0,0.0,0.0,0.0,0.0,0.0,0.0,,,8985000,0.333333,
"std::basic_filebuf<char,struct std::char_traits<char> >::xsgetn",0.0,0.0,0.0,0.0,0.0,0.0,0.0,0.0,0.0,0.0,0.0,0.0,0.0,0.0,0.0,0.0,0.0,0.0,0.0,,,29950000,0.800000,
"std::basic_ostream<char,struct std::char_traits<char> >::operator<<",0.0,0.0,0.0,0.0,0.0,0.0,,,0.0,0.0,0.0,0.0,0.0,0.0,0.0,0.0,0.0,0.0,0.0,SSE(128); SSE2(128),,0,0.0,0.0
"std::basic_streambuf<char,std::char_traits<char> >::_Gnavail",0.0,0.0,0.0,0.0,0.0,0.0,0.0,0.0,0.0,0.0,0.0,0.0,0.0,0.0,0.0,0.0,0.0,0.0,0.0,,,2995000,1.000000,
"std::basic_streambuf<char,std::char_traits<char> >::eback",0.0,0.0,0.0,0.0,0.0,0.0,0.0,0.0,0.0,0.0,0.0,0.0,0.0,0.0,0.0,0.0,0.0,0.0,0.0,,,2995000,0.0,0.0
"std::basic_string<char,std::char_traits<char>,std::allocator<char> >::{ctor}",0.0,0.0,0.0,0.0,0.0,0.0,0.0,0.0,0.0,0.0,0.0,0.0,0.0,0.0,0.0,0.0,0.0,0.0,0.0,AVX(128),,0,0.0,0.0
"std::basic_string<char,std::char_traits<char>,std::allocator<char> >::{ctor}",0.0,0.0,0.0,0.0,0.0,0.0,0.0,0.0,0.0,0.0,0.0,0.0,0.0,0.0,0.0,0.0,0.0,0.0,0.0,AVX(128),,0,0.0,0.0
std::countr_zero,0.0,0.0,0.0,0.0,0.0,0.0,0.0,0.0,0.0,0.0,0.0,0.0,0.0,0.0,0.0,0.0,0.0,0.0,0.0,,,2995000,0.0,0.0
std::countr_zero,0.0,0.0,0.0,0.0,0.0,0.0,0.0,0.0,0.0,0.0,0.0,0.0,0.0,0.0,0.0,0.0,0.0,0.0,0.0,,,8985000,0.666667,
std::countr_zero,0.0,0.0,0.0,0.0,0.0,0.0,0.0,0.0,0.0,0.0,0.0,0.0,0.0,0.0,0.0,0.0,0.0,0.0,0.0,,,2995000,1.000000,
std::countr_zero,0.0,0.0,0.0,0.0,0.0,0.0,0.0,0.0,0.0,0.0,0.0,0.0,0.0,0.0,0.0,0.0,0.0,0.0,0.0,,,8985000,0.333333,
std::countr_zero,0.0,0.0,0.0,0.0,0.0,0.0,0.0,0.0,0.0,0.0,0.0,0.0,0.0,0.0,0.0,0.0,0.0,0.0,0.0,,,17970000,0.500000,
std::countr_zero,0.0,0.0,0.0,0.0,0.0,0.0,0.0,0.0,0.0,0.0,0.0,0.0,0.0,0.0,0.0,0.0,0.0,0.0,0.0,,,5990000,0.0,0.0
std::countr_zero,0.0,0.0,0.0,0.0,0.0,0.0,0.0,0.0,0.0,0.0,0.0,0.0,0.0,0.0,0.0,0.0,0.0,0.0,0.0,,,11980000,0.750000,
std::countr_zero,0.0,0.0,0.0,0.0,0.0,0.0,0.0,0.0,0.0,0.0,0.0,0.0,0.0,0.0,0.0,0.0,0.0,0.0,0.0,,,2995000,0.0,0.0
"std::deque<char,class std::allocator<char> >::push_back",0.0,0.0,0.0,0.0,0.0,0.0,0.0,0.0,0.0,0.0,0.0,0.0,0.0,0.0,0.0,0.0,0.0,0.0,0.0,,,2995000,0.0,0.0
std::equal_to<unsigned __int64>::operator(),0.0,0.0,0.0,0.0,0.0,0.0,0.0,0.0,0.0,0.0,0.0,0.0,0.0,0.0,0.0,0.0,0.0,0.0,0.0,,,2995000,0.0,0.0
std::ios_base::good,0.0,0.0,0.0,0.0,0.0,0.0,0.0,0.0,0.0,0.0,0.0,0.0,0.0,0.0,0.0,0.0,0.0,0.0,0.0,,,2995000,0.0,0.0
std::locale::facet::_Decref,0.0,0.0,0.0,0.0,0.0,0.0,0.0,0.0,0.0,0.0,0.0,0.0,0.0,0.0,0.0,0.0,0.0,0.0,0.0,,,2995000,1.000000,
std::min,0.0,0.0,0.0,0.0,0.0,0.0,0.0,0.0,0.0,0.0,0.0,0.0,0.0,0.0,0.0,0.0,0.0,0.0,0.0,,,2995000,1.000000,
"std::num_put<char,class std::ostreambuf_iterator<char,struct std::char_traits<char> > >::_Iput",0.0,0.0,0.0,0.0,0.0,0.0,0.0,0.0,0.0,0.0,0.0,0.0,0.0,0.0,0.0,0.0,0.0,0.0,0.0,SSE(128); SSE2(128),,0,,
"std::num_put<char,class std::ostreambuf_iterator<char,struct std::char_traits<char> > >::do_put",0.0,0.0,0.0,0.0,0.0,0.0,0.0,0.0,0.0,0.0,0.0,0.0,0.0,0.0,0.0,0.0,0.0,0.0,0.0,SSE(128); SSE2(128),,0,0.0,0.0
std::operator<<<struct std::char_traits<char> >,0.0,0.0,0.0,0.0,0.0,0.0,100.0,0.0,0.0,0.0,0.0,0.0,0.0,0.0,0.0,0.0,0.0,0.0,0.0,,,2995000,1.000000,
std::popcount,0.0,0.0,0.0,0.0,0.0,0.0,0.0,0.0,0.0,0.0,0.0,0.0,0.0,0.0,0.0,0.0,0.0,0.0,0.0,,,5990000,0.0,0.0
std::popcount,0.0,0.0,0.0,0.0,0.0,0.0,0.0,0.0,0.0,0.0,0.0,0.0,,,,0.0,0.0,0.0,0.0,,,2995000,0.0,0.0
std::popcount,0.0,0.0,0.0,0.0,0.0,0.0,0.0,0.0,0.0,0.0,,0.0,0.0,0.0,0.0,0.0,0.0,0.0,0.0,,,11980000,0.500000,
std::popcount,0.0,0.0,0.0,0.0,0.0,0.0,0.0,0.0,0.0,0.0,0.0,0.0,0.0,0.0,0.0,0.0,0.0,0.0,0.0,,,5990000,0.500000,
std::ranges::_Find_if_fn::operator(),0.0,0.0,0.0,0.0,0.0,0.0,0.0,0.0,0.0,0.0,0.0,0.0,0.0,0.0,0.0,0.0,0.0,0.0,0.0,,,2995000,1.000000,
"std::ranges::_Stable_sort_fn::_Stable_sort_common<chess::Move *,chess::moveValueGreaterComparator,std::identity>",0.0,0.0,0.0,0.0,0.0,0.0,0.0,0.0,0.0,0.0,0.0,0.0,0.0,0.0,0.0,0.0,0.0,0.0,0.0,,,2995000,1.000000,
std::ranges::_Swap::_Cpo::operator(),0.0,0.0,0.0,0.0,0.0,0.0,0.0,0.0,0.0,0.0,0.0,0.0,0.0,0.0,0.0,0.0,0.0,0.0,0.0,,,2995000,3.000000,
std::shared_ptr<YAML::detail::memory_holder>::{ctor},0.0,0.0,0.0,0.0,0.0,0.0,0.0,0.0,0.0,0.0,0.0,0.0,0.0,0.0,0.0,0.0,0.0,0.0,0.0,AVX(128),,0,0.0,0.0
"std::unique_ptr<engine::TT::TTCluster [0],std::default_delete<engine::TT::TTCluster [0]> >::operator[]",0.0,0.0,0.0,0.0,0.0,0.0,0.0,0.0,0.0,0.0,,0.0,0.0,0.0,0.0,0.0,0.0,0.0,0.0,,,5990000,1.000000,
"std::vector<chess::Move,std::allocator<chess::Move> >::_Tidy",0.0,0.0,0.0,0.0,0.0,0.0,0.0,0.0,0.0,0.0,0.0,0.0,0.0,0.0,0.0,0.0,0.0,0.0,0.0,,,5990000,0.500000,
"std::vector<class chess::Move,class std::allocator<class chess::Move> >::_Change_array",0.0,0.0,0.0,0.0,0.0,0.0,0.0,0.0,0.0,0.0,0.0,0.0,0.0,0.0,0.0,0.0,0.0,0.0,0.0,,,2995000,0.0,0.0
"std::vector<class chess::Move,class std::allocator<class chess::Move> >::~vector<class chess::Move,class std::allocator<class chess::Move> >",0.0,0.0,0.0,0.0,0.0,0.0,0.0,0.0,0.0,0.0,0.0,0.0,0.0,0.0,0.0,0.0,0.0,0.0,0.0,,,2995000,0.0,0.0
"std::vector<engine::Search::MultiPvResult,std::allocator<engine::Search::MultiPvResult> >::push_back",0.0,0.0,0.0,0.0,0.0,0.0,0.0,0.0,,,0.0,0.0,0.0,0.0,0.0,0.0,0.0,0.0,0.0,AVX(128); AVX(256),,0,0.0,0.0
"std::vector<unsigned __int64,std::allocator<unsigned __int64> >::resize",0.0,0.0,0.0,0.0,0.0,0.0,0.0,0.0,0.0,0.0,0.0,0.0,0.0,0.0,0.0,0.0,0.0,0.0,0.0,,,5990000,0.500000,
type_info::before,0.0,0.0,0.0,0.0,0.0,0.0,0.0,0.0,0.0,0.0,0.0,0.0,0.0,0.0,0.0,0.0,0.0,0.0,0.0,,,2995000,0.0,0.0
wcsnicmp,0.0,0.0,0.0,0.0,0.0,0.0,0.0,0.0,0.0,0.0,0.0,0.0,0.0,0.0,0.0,0.0,0.0,0.0,0.0,,,2995000,0.0,0.0
