Function,CPU Time,Performance-core (P-core):Memory Bound(%),Performance-core (P-core):Memory Bound:L1 Bound(%),Performance-core (P-core):Memory Bound:L2 Bound(%),Performance-core (P-core):Memory Bound:L3 Bound(%),Performance-core (P-core):Memory Bound:DRAM Bound(%),Performance-core (P-core):Memory Bound:Store Bound(%),Efficient-core (E-core):Memory Bound(%),Efficient-core (E-core):Memory Bound:L1 Bound(%),Efficient-core (E-core):Memory Bound:L2 Bound(%),Efficient-core (E-core):Memory Bound:L3 Bound(%),Efficient-core (E-core):Memory Bound:DRAM Bound(%),Loads,Stores,LLC Miss Count,Module,Function (Full),Source File,Start Address
engine::TT::probe,5.373644,24.8,2.5,0.4,24.4,9.3,0.1,42.3,0.0,0.0,0.9,0.0,6224786738,5241557242,1100462,frankycpp_v1.8.exe,engine::TT::probe(unsigned __int64 const &),TT.cpp,0x14026d5d0
chess::Attacks::`anonymous namespace'::sliderLookup,4.965671,3.0,6.2,0.0,1.4,1.5,0.4,10.0,5.6,0.5,0.1,0.0,21220736603,10535916068,550231,frankycpp_v1.8.exe,"chess::Attacks::`anonymous namespace'::sliderLookup(const chess::PieceType, const class chess::Square, const class chess::Bitboard)",attacks.cpp,0x14016c950
engine::TT::put,4.852678,26.6,0.7,0.5,39.8,0.1,0.7,32.8,0.0,0.4,2.8,0.0,4448133440,2931087930,0,frankycpp_v1.8.exe,"engine::TT::put(unsigned __int64,enum chess::Depth,class chess::Move,class chess::Value,enum chess::ValueType,class chess::Value)",TT.cpp,0x14026d390
"std::_Atomic_storage<unsigned __int64,8>::load",3.982736,80.6,3.4,3.1,7.7,71.0,0.1,39.7,0.0,0.0,11.4,0.0,1053631608,758822764,550231,frankycpp_v1.8.exe,"std::_Atomic_storage<unsigned __int64,8>::load",atomic,0x14026d603
chess::Attacks::attacks,2.542831,5.8,4.5,0.3,3.1,0.7,0.8,9.6,0.0,0.0,0.0,0.0,11508945258,6546396386,0,frankycpp_v1.8.exe,"chess::Attacks::attacks(enum chess::PieceType,class chess::Square,class chess::Bitboard)",attacks.cpp,0x14016c9b0
engine::PawnTT::probe,2.034865,12.0,0.0,3.4,20.6,1.9,1.0,20.5,0.0,2.0,1.0,0.0,3393001787,3126893804,550231,frankycpp_v1.8.exe,engine::PawnTT::probe(unsigned __int64),PawnTT.cpp,0x140267540
engine::Evaluator::kingEval,1.984868,0.2,7.3,0.2,0.0,0.0,0.0,0.0,0.0,0.0,0.0,0.0,4637239113,1690450712,0,frankycpp_v1.8.exe,"engine::Evaluator::kingEval(class chess::Position const &,struct chess::Score &,class chess::Color)",Evaluator.cpp,0x14026ad90
engine::Search::search,1.409906,3.7,8.1,1.4,2.1,0.5,1.1,7.9,16.7,0.0,0.0,0.0,5660369806,2254967647,0,frankycpp_v1.8.exe,"engine::Search::search(class chess::Position &,enum chess::Depth,enum chess::Depth,class chess::Value,class chess::Value,enum engine::Search::NodeType,enum engine::Search::Do_Null)",Search.cpp,0x14021f280
engine::Search::qsearch,0.946937,5.7,9.1,3.6,4.2,0.8,0.4,15.2,20.5,0.1,0.6,0.0,3149994497,1250237506,0,frankycpp_v1.8.exe,"engine::Search::qsearch(class chess::Position &,enum chess::Depth,class chess::Value,class chess::Value,enum engine::Search::NodeType)",Search.cpp,0x140220ca0
engine::Evaluator::pieceEval,0.924939,7.1,6.3,0.0,4.3,0.0,3.9,3.0,0.0,0.0,0.0,0.0,4423332696,3055891674,0,frankycpp_v1.8.exe,"engine::Evaluator::pieceEval(class chess::Position const &,struct chess::Score &,class chess::Color,enum chess::PieceType)",Evaluator.cpp,0x14026a320
chess::MoveGenerator::updateSortValues,0.897940,0.8,6.0,0.5,2.9,1.2,0.2,0.0,0.0,0.5,0.9,0.0,2560276806,988729661,0,frankycpp_v1.8.exe,"chess::MoveGenerator::updateSortValues(class chess::Position const &,class chess::StaticMoveList<256> *)",MoveGenerator.cpp,0x140262e70
"std::ranges::_Insertion_sort_common<chess::Move *,chess::moveValueGreaterComparator,std::identity>",0.852943,0.4,7.6,0.0,0.2,0.0,0.5,,0.0,0.0,0.0,0.0,1187235616,755622668,0,frankycpp_v1.8.exe,"std::ranges::_Insertion_sort_common<chess::Move *,chess::moveValueGreaterComparator,std::identity>(class chess::Move *, class chess::Move *, struct chess::moveValueGreaterComparator, struct std::identity)",algorithm,0x140236d80
std::_Checked_x86_x64_countr_zero<unsigned __int64>,0.838944,3.0,12.5,0.0,3.3,0.0,1.2,0.0,0.0,0.0,0.0,0.0,3459503782,1902157063,0,frankycpp_v1.8.exe,std::_Checked_x86_x64_countr_zero<unsigned __int64>(unsigned __int64),__msvc_bit_utils.hpp,0x140265580
engine::Evaluator::rookEval,0.812946,3.5,3.1,0.5,0.0,0.0,2.9,0.0,0.0,0.0,0.0,0.0,4124323726,2495274856,0,frankycpp_v1.8.exe,"engine::Evaluator::rookEval(class chess::Position const &,struct chess::Score &,class chess::Color,class chess::Color,class chess::Square)",Evaluator.cpp,0x14026a9c0
std::_Checked_popcount<unsigned __int64>,0.798947,4.2,9.3,0.0,2.1,0.0,0.0,0.0,0.0,0.0,0.0,0.0,3295598865,1626348789,1100462,frankycpp_v1.8.exe,std::_Checked_popcount<unsigned __int64>(unsigned __int64),__msvc_bit_utils.hpp,0x140241510
chess::MoveGenerator::getNextPseudoLegalMove,0.791947,4.6,5.0,0.3,0.5,0.5,1.6,7.6,0.0,0.0,0.0,0.0,3459903794,1740952227,0,frankycpp_v1.8.exe,"chess::MoveGenerator::getNextPseudoLegalMove(class chess::Position const &,enum chess::GenMode,bool)",MoveGenerator.cpp,0x140260df0
engine::Search::thread,0.789948,2.9,3.4,2.8,2.1,0.5,0.0,32.6,59.4,0.0,0.0,0.0,1951058530,531415942,0,frankycpp_v1.8.exe,engine::Search::thread,Search.h,0x1402212c6
engine::Evaluator::coordinationEval,0.730952,0.0,13.4,0.0,0.0,0.3,0.0,0.0,0.0,0.0,0.0,0.0,1720951627,750422512,0,frankycpp_v1.8.exe,"engine::Evaluator::coordinationEval(class chess::Position const &,struct chess::Score &,class chess::Color)",Evaluator.cpp,0x14026b380
"std::_Atomic_storage<unsigned __int64,8>::store",0.728952,71.9,43.2,0.0,43.8,0.0,0.6,66.8,0.0,0.0,0.0,0.0,379911397,268108043,0,frankycpp_v1.8.exe,"std::_Atomic_storage<unsigned __int64,8>::store",atomic,0x14026d593
engine::Evaluator::evaluate,0.726952,10.1,22.2,0.0,6.2,0.3,1.9,0.0,0.0,0.0,0.0,0.0,3584607535,1982759481,550231,frankycpp_v1.8.exe,engine::Evaluator::evaluate(class chess::Position const &),Evaluator.cpp,0x140269890
chess::MoveGenerator::fillOnDemandMoveList,0.724952,1.7,6.7,0.0,1.0,0.0,1.2,0.0,0.0,0.0,0.0,0.0,2810584315,1924257726,0,frankycpp_v1.8.exe,"chess::MoveGenerator::fillOnDemandMoveList(class chess::Position const &,enum chess::GenMode,bool)",MoveGenerator.cpp,0x140262b20
chess::Position::givesCheck,0.712953,3.2,4.3,0.0,0.5,0.0,0.3,0.0,0.0,0.0,0.0,0.0,3486004577,1584847544,0,frankycpp_v1.8.exe,chess::Position::givesCheck(class chess::Move),Position.cpp,0x14025c510
chess::MoveGenerator::generateMoves,0.708953,1.9,5.7,0.5,0.0,0.3,1.9,0.0,0.0,0.5,0.0,0.0,2122363669,1490644718,0,frankycpp_v1.8.exe,"chess::MoveGenerator::generateMoves(class chess::Position const &,class chess::StaticMoveList<256> *,enum chess::GenMode,bool,class chess::Bitboard)",MoveGenerator.cpp,0x140263ad0
engine::Search::thread,0.651957,3.8,4.5,0.0,4.2,0.6,0.0,26.7,50.1,0.0,0.0,0.0,1828954867,449213476,0,frankycpp_v1.8.exe,engine::Search::thread,Search.h,0x140220604
engine::Evaluator::threatEval,0.622959,0.0,18.8,0.0,0.3,0.0,0.3,0.0,0.0,0.0,0.0,0.0,2930587915,1476944307,0,frankycpp_v1.8.exe,"engine::Evaluator::threatEval(class chess::Position const &,struct chess::Score &,class chess::Color)",Evaluator.cpp,0x14026b1e0
chess::Position::doMove,0.503967,1.6,9.9,0.0,0.4,0.0,4.4,0.0,0.0,0.0,0.0,0.0,2229166873,1046831404,0,frankycpp_v1.8.exe,chess::Position::doMove(class chess::Move),Position.cpp,0x14025b980
chess::Position::isAttacked,0.452970,8.2,1.4,0.0,4.6,3.6,0.0,44.5,0.0,0.0,0.0,0.0,1912657378,1254237626,0,frankycpp_v1.8.exe,"chess::Position::isAttacked(class chess::Square,class chess::Color)",Position.cpp,0x14025c1e0
chess::Position::removePiece,0.451970,7.3,20.7,0.0,4.5,0.0,1.4,0.0,0.0,0.0,0.0,0.0,1725051750,1045831374,0,frankycpp_v1.8.exe,chess::Position::removePiece(class chess::Square),Position.cpp,0x14025d720
func@0x1800126c0,0.408973,100.0,0.5,0.5,0.0,0.0,39.8,0.0,0.0,0.0,0.0,0.0,1100033,0,0,vcruntime140.dll,func@0x1800126c0,[Unknown],0x1800126c0
chess::Position::putPiece,0.380975,6.1,16.6,0.0,5.5,0.0,0.0,8.9,0.0,0.0,0.0,0.0,1405042150,976829304,0,frankycpp_v1.8.exe,"chess::Position::putPiece(enum chess::Piece,class chess::Square)",Position.cpp,0x14025d610
"std::_Atomic_storage<unsigned __int64,8>::store",0.372975,45.3,24.4,0.0,31.0,0.0,0.0,0.0,0.0,0.0,0.0,0.0,251207536,135704071,0,frankycpp_v1.8.exe,"std::_Atomic_storage<unsigned __int64,8>::store",atomic,0x14026d478
engine::See::see,0.364976,3.2,4.2,1.0,0.0,0.0,3.1,0.0,0.0,0.0,0.0,0.0,1552346569,755522665,0,frankycpp_v1.8.exe,"engine::See::see(class chess::Position const &,class chess::Move)",See.cpp,0x14029e620
chess::MoveGenerator::generatePawnMoves,0.356976,7.3,12.7,0.0,2.9,0.0,11.0,6.7,0.0,0.0,0.0,0.0,1009530285,1048731461,0,frankycpp_v1.8.exe,"chess::MoveGenerator::generatePawnMoves(class chess::Position const &,class chess::StaticMoveList<256> *,enum chess::GenMode,bool,class chess::Bitboard)",MoveGenerator.cpp,0x1402630a0
"std::_Atomic_storage<unsigned __int64,8>::load",0.324978,69.3,0.0,0.0,28.4,64.5,0.0,9.0,0.0,0.0,0.0,0.0,69702091,48401452,0,frankycpp_v1.8.exe,"std::_Atomic_storage<unsigned __int64,8>::load",atomic,0x140267581
engine::Evaluator::bishopEval,0.285981,3.9,3.5,0.7,0.0,0.0,7.7,,0.0,0.0,0.0,0.0,1728951867,948128443,0,frankycpp_v1.8.exe,engine::Evaluator::bishopEval,Evaluator.cpp,0x14026a5b8
engine::Evaluator::queenEval,0.239984,0.0,9.3,0.0,2.2,0.0,0.0,,0.0,,,,1017330519,783023490,0,frankycpp_v1.8.exe,engine::Evaluator::queenEval,Evaluator.cpp,0x14026a3b9
"std::_Atomic_address_as<__int64,std::_Atomic_padded<unsigned __int64> >",0.233984,30.2,0.0,1.0,27.0,23.0,4.0,,0.0,,,,182305469,103403102,0,frankycpp_v1.8.exe,"std::_Atomic_address_as<__int64,std::_Atomic_padded<unsigned __int64> >",xatomic.h,0x140268d20
std::_Unchecked_popcount<unsigned __int64>,0.216986,0.0,4.5,2.7,0.0,0.0,0.0,0.0,0.0,0.0,0.0,0.0,745022350,314709441,0,frankycpp_v1.8.exe,std::_Unchecked_popcount<unsigned __int64>(unsigned __int64),__msvc_bit_utils.hpp,0x140241500
engine::Evaluator::knightEval,0.207986,20.3,15.7,0.0,18.5,0.0,0.9,0.0,0.0,0.0,0.0,0.0,889626688,768223046,0,frankycpp_v1.8.exe,"engine::Evaluator::knightEval(class chess::Position const &,struct chess::Score &,class chess::Color,class chess::Color,class chess::Square)",Evaluator.cpp,0x14026a6d0
chess::moveValueGreaterComparator::operator(),0.206986,1.6,21.3,0.0,0.0,0.0,0.0,0.0,0.0,,,,344010320,211606348,0,frankycpp_v1.8.exe,chess::moveValueGreaterComparator::operator(),move.h,0x140236da0
chess::Bitboard::shifted,0.201987,0.0,6.5,3.3,1.1,0.0,1.1,,0.0,0.0,0.0,0.0,633118993,959428782,0,frankycpp_v1.8.exe,chess::Bitboard::shifted,bitboard.h,0x14026319d
chess::Position::wasLegalMove,0.199987,0.0,6.3,0.9,0.0,0.0,0.0,0.0,0.0,0.0,0.0,0.0,891626748,604018120,0,frankycpp_v1.8.exe,chess::Position::wasLegalMove(void),Position.cpp,0x14025c6d0
chess::Move::encode,0.188987,1.7,13.3,0.0,0.0,1.1,0.0,0.0,0.0,0.0,0.0,0.0,407912237,335310059,0,frankycpp_v1.8.exe,chess::Move::encode,move.h,0x140263c25
"std::array<int,64>::operator[]",0.169989,0.0,1.2,3.6,0.0,0.0,0.0,0.0,0.0,,,,526215786,147804434,0,frankycpp_v1.8.exe,"std::array<int,64>::operator[]",array,0x140262f37
chess::Position::undoMove,0.164989,15.1,26.7,8.1,4.6,0.0,0.0,0.0,0.0,0.0,0.0,0.0,619418582,348110443,0,frankycpp_v1.8.exe,chess::Position::undoMove(void),Position.cpp,0x14025be60
chess::Bitboard::operator bool,0.163989,0.0,7.6,2.5,0.0,0.0,0.0,0.0,0.0,0.0,0.0,0.0,494314829,308009240,0,frankycpp_v1.8.exe,chess::Bitboard::operator bool,bitboard.h,0x140263bc4
engine::Evaluator::pawnEval,0.162989,10.9,9.9,0.0,12.4,1.2,8.7,0.0,0.0,0.0,33.4,0.0,629318879,326209786,1100462,frankycpp_v1.8.exe,"engine::Evaluator::pawnEval(class chess::Position const &,struct chess::Score &)",Evaluator.cpp,0x140269e60
"std::ranges::_Sort_fn::_Sort_common<chess::Move *,chess::moveValueGreaterComparator,std::identity>",0.159989,0.0,7.2,0.0,0.0,0.0,6.0,0.0,0.0,0.0,0.0,0.0,388311649,162104863,0,frankycpp_v1.8.exe,"std::ranges::_Sort_fn::_Sort_common<chess::Move *,chess::moveValueGreaterComparator,std::identity>(class chess::Move *, class chess::Move *, __int64, struct chess::moveValueGreaterComparator, struct std::identity)",algorithm,0x1402642e0
chess::MoveGenerator::generateKingMoves,0.155990,1.7,0.0,0.0,0.0,0.0,1.3,0.0,0.0,,,,582317469,399011970,0,frankycpp_v1.8.exe,"chess::MoveGenerator::generateKingMoves(class chess::Position const &,class chess::StaticMoveList<256> *,enum chess::GenMode,bool)",MoveGenerator.cpp,0x140263d90
chess::operator&,0.147990,0.0,6.6,0.0,0.0,0.0,1.7,0.0,0.0,0.0,0.0,0.0,617918537,210106303,0,frankycpp_v1.8.exe,chess::operator&,bitboard.h,0x14026b296
"std::array<chess::Bitboard,64>::operator[]",0.143990,6.7,0.0,10.8,0.0,4.6,0.0,0.0,0.0,,,,588217646,407112213,0,frankycpp_v1.8.exe,"std::array<chess::Bitboard,64>::operator[]",array,0x14016ca40
engine::See::revealedAttacks,0.140991,0.0,0.0,0.0,0.0,0.0,0.0,0.0,0.0,0.0,0.0,0.0,607018210,283908517,0,frankycpp_v1.8.exe,"engine::See::revealedAttacks(class chess::Position const &,class chess::Square,class chess::Bitboard,class chess::Color)",See.cpp,0x14029eae0
"std::array<unsigned __int64,64>::operator[]",0.138991,2.5,18.8,1.3,2.5,0.0,1.3,0.0,0.0,0.0,0.0,0.0,550016500,269908097,0,frankycpp_v1.8.exe,"std::array<unsigned __int64,64>::operator[]",array,0x14025d762
chess::Bitboard::operator^=,0.133991,0.0,7.9,0.0,1.3,0.0,6.6,0.0,0.0,0.0,0.0,0.0,555516665,334510035,0,frankycpp_v1.8.exe,chess::Bitboard::operator^=,bitboard.h,0x14025d775
engine::See::attacksTo,0.133991,0.0,2.8,1.4,0.0,1.4,2.8,,0.0,0.0,0.0,0.0,562416872,513915417,0,frankycpp_v1.8.exe,"engine::See::attacksTo(class chess::Position const &,class chess::Square,class chess::Color)",See.cpp,0x14029e990
chess::Square::{ctor},0.130991,2.1,9.6,0.0,0.0,0.0,0.0,0.0,0.0,0.0,0.0,0.0,608318249,251907557,550231,frankycpp_v1.8.exe,chess::Square::{ctor},square.h,0x14025c545
chess::makePiece,0.120992,0.0,17.0,0.0,0.0,0.0,0.0,0.0,0.0,0.0,0.0,0.0,293408802,129103873,0,frankycpp_v1.8.exe,chess::makePiece,piece.h,0x14026ae4c
chess::Move::operator==,0.119992,3.7,14.9,0.0,0.0,0.0,0.0,0.0,0.0,0.0,0.0,0.0,291608748,80302409,0,frankycpp_v1.8.exe,chess::Move::operator==,PVTable.h,0x140262fa6
chess::Position::getPiece,0.119992,0.0,3.5,0.0,0.0,0.0,0.0,0.0,0.0,,,,261107833,139004170,0,frankycpp_v1.8.exe,chess::Position::getPiece,Position.h,0x14026ae45
std::popcount,0.117992,0.0,6.2,0.0,0.0,0.0,0.0,0.0,0.0,,,,587517625,224106723,0,frankycpp_v1.8.exe,std::popcount,bit,0x14026b2af
std::countr_zero,0.116992,3.0,6.1,0.0,2.0,0.0,4.0,0.0,0.0,,,,338110143,229906897,0,frankycpp_v1.8.exe,std::countr_zero,bit,0x140263b72
engine::Search::storeTt,0.113992,11.1,11.1,0.0,2.2,0.0,6.6,0.0,0.0,,,,613518405,234707041,0,frankycpp_v1.8.exe,"engine::Search::storeTt(class chess::Position const &,enum chess::Depth,enum chess::Depth,class chess::Move,class chess::Value,enum chess::ValueType,class chess::Value)",Search.cpp,0x1402216f0
chess::Position::movePiece,0.111993,23.5,38.1,4.5,2.2,0.0,4.5,0.0,0.0,0.0,0.0,0.0,349610488,206906207,0,frankycpp_v1.8.exe,"chess::Position::movePiece(class chess::Square,class chess::Square)",Position.cpp,0x14025d5e0
std::_Countr_zero_tzcnt<unsigned __int64>,0.101993,0.0,13.4,0.0,0.0,0.0,4.5,0.0,0.0,0.0,0.0,0.0,249107473,155604668,0,frankycpp_v1.8.exe,std::_Countr_zero_tzcnt<unsigned __int64>(unsigned __int64),__msvc_bit_utils.hpp,0x140265570
chess::Bitboard::shifted,0.099993,0.0,3.7,3.7,0.0,0.0,1.8,0.0,0.0,0.0,0.0,0.0,278408352,196905907,0,frankycpp_v1.8.exe,chess::Bitboard::shifted(class chess::Direction),bitboard.h,0x140265360
chess::operator*,0.099993,0.0,16.1,0.0,0.0,0.0,0.0,0.0,0.0,0.0,0.0,0.0,382511475,183705511,0,frankycpp_v1.8.exe,chess::operator*,value.h,0x140269d85
chess::operator<,0.093994,0.0,24.2,0.0,0.0,0.0,0.0,0.0,0.0,,,,235907077,124703741,0,frankycpp_v1.8.exe,chess::operator<,rank.h,0x14026ae34
engine::TT::Entry::{ctor},0.091994,65.4,7.2,21.6,12.0,60.0,0.0,,0.0,0.0,0.0,0.0,16900507,9200276,0,frankycpp_v1.8.exe,engine::TT::Entry::{ctor},TT.h,0x14026d60f
"std::_Atomic_storage<unsigned __int64,8>::load",0.088994,17.9,0.0,20.7,22.6,0.0,0.0,,0.0,0.0,0.0,0.0,38501155,26400792,0,frankycpp_v1.8.exe,"std::_Atomic_storage<unsigned __int64,8>::load",atomic,0x14026738b
engine::See::getLeastValuablePiece,0.082994,0.0,0.0,0.0,0.0,0.0,0.0,0.0,0.0,,,,407412222,215006450,0,frankycpp_v1.8.exe,"engine::See::getLeastValuablePiece(class chess::Position const &,class chess::Bitboard,class chess::Color)",See.cpp,0x14029e910
"std::unique_ptr<engine::TT::TTCluster [0],std::default_delete<engine::TT::TTCluster [0]> >::operator[]",0.080995,0.0,4.9,0.0,0.0,0.0,0.0,0.0,0.0,0.0,0.0,0.0,265507965,141204236,0,frankycpp_v1.8.exe,"std::unique_ptr<engine::TT::TTCluster [0],std::default_delete<engine::TT::TTCluster [0]> >::operator[]",memory,0x1402212bb
chess::Position::hasCheck,0.079995,42.9,0.0,0.0,42.9,7.2,0.0,,0.0,,,,159904797,72602178,0,frankycpp_v1.8.exe,chess::Position::hasCheck(void),Position.cpp,0x14025c4c0
engine::PawnTT::Entry::Entry,0.079995,41.9,33.4,0.0,35.6,8.9,42.3,26.7,0.0,0.0,0.0,0.0,59401782,35601068,0,frankycpp_v1.8.exe,engine::PawnTT::Entry::Entry(struct engine::PawnTT::Entry const &),PawnTT.cpp,0x1402665d0
engine::Search::sendSearchUpdateToUci,0.076995,0.0,15.2,3.8,3.8,0.0,0.0,0.0,0.0,,,,72602178,14300429,0,frankycpp_v1.8.exe,engine::Search::sendSearchUpdateToUci(void),Search.cpp,0x14022aa80
"std::array<chess::Value,25>::operator[]",0.073995,0.0,0.0,0.0,0.0,0.0,0.0,0.0,0.0,,,,264007920,140804224,0,frankycpp_v1.8.exe,"std::array<chess::Value,25>::operator[]",array,0x140263c19
std::optional<engine::PawnTT::Entry>::{ctor},0.073995,25.0,13.8,2.8,27.6,5.5,0.0,,0.0,,,,15400462,14300429,550231,frankycpp_v1.8.exe,std::optional<engine::PawnTT::Entry>::{ctor},optional,0x1402675a0
chess::operator<,0.072995,0.0,0.0,3.7,0.0,0.0,0.0,0.0,0.0,,,,271108133,128703861,0,frankycpp_v1.8.exe,chess::operator<,value.h,0x14029e7b8
chess::typeOf,0.072995,13.0,7.4,2.5,0.0,0.0,0.0,0.0,0.0,,,,326009780,163204896,0,frankycpp_v1.8.exe,chess::typeOf,piece.h,0x14025d744
engine::TT::prefetch,0.071995,0.0,0.0,0.0,2.9,0.0,0.0,,0.0,,,,289708691,140804224,0,frankycpp_v1.8.exe,engine::TT::prefetch,TT.h,0x1402205ee
std::countr_zero,0.071995,0.0,25.3,3.2,3.2,0.0,0.0,0.0,0.0,0.0,0.0,0.0,398611958,200606018,0,frankycpp_v1.8.exe,std::countr_zero,bit,0x140269a70
chess::Move::encode,0.070995,0.0,15.5,0.0,2.6,0.0,0.0,0.0,0.0,0.0,0.0,0.0,135304059,102303069,0,frankycpp_v1.8.exe,chess::Move::encode,move.h,0x140263cfd
chess::StaticMoveList<256>::push_back,0.068995,0.0,7.9,2.6,0.0,2.6,2.6,0.0,0.0,0.0,0.0,0.0,121403642,155904677,0,frankycpp_v1.8.exe,chess::StaticMoveList<256>::push_back,staticmovelist.h,0x140263d06
engine::Search::goodCapture,0.067995,5.9,0.0,2.6,0.0,0.0,0.0,,0.0,,,,285708571,100103003,0,frankycpp_v1.8.exe,"engine::Search::goodCapture(class chess::Position const &,class chess::Move,bool)",Search.cpp,0x1402215b0
chess::Bitboard::popLSB,0.065996,0.0,23.5,0.0,0.0,0.0,0.0,0.0,0.0,0.0,0.0,0.0,124303729,48401452,0,frankycpp_v1.8.exe,chess::Bitboard::popLSB,bitboard.h,0x14026b3f0
chess::Position::getPieceBb,0.063996,0.0,18.4,0.0,0.0,0.0,0.0,0.0,0.0,0.0,0.0,0.0,353510605,122103663,0,frankycpp_v1.8.exe,chess::Position::getPieceBb,Position.h,0x14026b28b
chess::Bitboard::operator|=,0.061996,0.0,11.5,0.0,5.7,0.0,0.0,0.0,0.0,,,,229306879,208306249,0,frankycpp_v1.8.exe,chess::Bitboard::operator|=,bitboard.h,0x14025d662
chess::operator&,0.061996,0.0,24.5,0.0,0.0,0.0,0.0,0.0,0.0,,,,99002970,30800924,0,frankycpp_v1.8.exe,chess::operator&,bitboard.h,0x14026af5f
chess::operator&,0.061996,0.0,6.9,0.0,0.0,0.0,0.0,0.0,0.0,0.0,0.0,0.0,183405502,73702211,0,frankycpp_v1.8.exe,chess::operator&,bitboard.h,0x140220268
chess::operator+,0.060996,0.0,14.0,0.0,0.0,0.0,0.0,0.0,0.0,,,,216706501,93502805,0,frankycpp_v1.8.exe,chess::operator+,value.h,0x140269db1
func@0x1400e34a0,0.060996,62.5,0.0,96.3,3.0,0.0,0.0,0.0,0.0,0.0,0.0,0.0,3300099,1100033,0,nvlddmkm.sys,func@0x1400e34a0,[Unknown],0x1400e34a0
chess::Value::{ctor},0.059996,0.0,0.0,0.0,0.0,0.0,0.0,,0.0,0.0,0.0,0.0,190005700,67102013,0,frankycpp_v1.8.exe,chess::Value::{ctor},value.h,0x14029eb80
chess::operator&,0.059996,0.0,5.9,0.0,0.0,0.0,3.0,0.0,0.0,,,,467514025,206106183,0,frankycpp_v1.8.exe,chess::operator&,bitboard.h,0x14026aa85
engine::PawnTT::put,0.059996,35.7,0.0,15.7,31.4,0.0,0.0,0.0,0.0,,,,14700441,6600198,0,frankycpp_v1.8.exe,"engine::PawnTT::put(struct engine::PawnTT::Entry *,unsigned __int64,struct chess::Score,class chess::Bitboard,class chess::Bitboard)",PawnTT.cpp,0x140267360
"std::array<chess::Move,64>::operator[]",0.058996,0.0,12.1,4.0,0.0,0.0,0.0,0.0,0.0,0.0,0.0,0.0,163904917,49501485,0,frankycpp_v1.8.exe,"std::array<chess::Move,64>::operator[]",array,0x140262fa4
chess::MoveGenerator::isPseudoLegal,0.057996,22.2,12.8,21.4,8.5,8.5,0.0,0.0,0.0,,,,86202586,82202466,0,frankycpp_v1.8.exe,"chess::MoveGenerator::isPseudoLegal(class chess::Position const &,class chess::Move)",MoveGenerator.cpp,0x140261080
chess::Position::attacksTo,0.057996,11.1,0.0,0.0,0.0,0.0,3.9,0.0,0.0,,,,197705931,192205766,0,frankycpp_v1.8.exe,"chess::Position::attacksTo(class chess::Square,class chess::Color)",Position.cpp,0x14025c370
std::countr_zero,0.057996,0.0,0.0,0.0,0.0,0.0,0.0,0.0,0.0,,,,158404752,121403642,0,frankycpp_v1.8.exe,std::countr_zero,bit,0x14026a3b1
chess::Move::stripped,0.051997,12.5,9.3,0.0,0.0,0.0,0.0,0.0,0.0,,,,141204236,19800594,0,frankycpp_v1.8.exe,chess::Move::stripped,move.h,0x140262ec0
_security_check_cookie,0.049997,0.0,0.0,13.5,0.0,0.0,0.0,0.0,0.0,,,,106703201,49501485,0,frankycpp_v1.8.exe,_security_check_cookie,amdsecgs.asm,0x140619cf0
chess::operator&,0.049997,0.0,11.1,0.0,0.0,0.0,0.0,0.0,0.0,0.0,0.0,0.0,200206006,126503795,0,frankycpp_v1.8.exe,chess::operator&,bitboard.h,0x14025c688
chess::operator++,0.049997,0.0,6.9,0.0,0.0,0.0,3.4,0.0,0.0,0.0,0.0,0.0,159904797,98302949,0,frankycpp_v1.8.exe,chess::operator++,piecetype.h,0x140263d59
"std::array<int,64>::operator[]",0.049997,0.0,0.0,0.0,0.0,0.0,0.0,0.0,0.0,,,,239807194,141904257,0,frankycpp_v1.8.exe,"std::array<int,64>::operator[]",array,0x14026a45d
chess::StaticMoveList<256>::push_back,0.048997,10.0,28.3,0.0,0.0,0.0,4.7,0.0,0.0,,,,105603168,62701881,0,frankycpp_v1.8.exe,chess::StaticMoveList<256>::push_back,staticmovelist.h,0x140263c4a
chess::operator&,0.048997,0.0,0.0,0.0,0.0,0.0,0.0,,0.0,0.0,0.0,0.0,183705511,56101683,0,frankycpp_v1.8.exe,chess::operator&,bitboard.h,0x14026b27d
chess::operator&,0.048997,0.0,11.8,0.0,0.0,0.0,0.0,0.0,0.0,,,,276108283,222606678,0,frankycpp_v1.8.exe,chess::operator&,bitboard.h,0x14029ea97
chess::operator|,0.048997,0.0,7.9,0.0,0.0,0.0,0.0,0.0,0.0,0.0,0.0,0.0,256307689,197305919,0,frankycpp_v1.8.exe,chess::operator|,bitboard.h,0x14029ea8c
chess::MoveGenerator::resetOnDemand,0.047997,0.0,0.0,9.0,22.4,0.0,0.0,0.0,0.0,0.0,0.0,0.0,182705481,38501155,0,frankycpp_v1.8.exe,chess::MoveGenerator::resetOnDemand,MoveGenerator.h,0x14022109e
chess::Position::checkRepetitions,0.047997,0.0,14.4,0.0,0.0,0.0,0.0,0.0,,,,,44001320,11000330,0,frankycpp_v1.8.exe,chess::Position::checkRepetitions(int),Position.cpp,0x14025c8d0
chess::operator&,0.047997,0.0,0.0,0.0,0.0,0.0,0.0,0.0,0.0,0.0,0.0,0.0,118103543,104503135,0,frankycpp_v1.8.exe,chess::operator&,bitboard.h,0x14026b4b8
chess::typeOf,0.047997,0.0,0.0,0.0,0.0,0.0,0.0,0.0,0.0,,,,128003840,98002940,0,frankycpp_v1.8.exe,chess::typeOf,piece.h,0x140263c2e
std::ranges::_Partition_by_median_guess_common,0.047997,0.0,0.0,0.0,0.0,0.0,0.0,0.0,0.0,0.0,0.0,0.0,49901497,24200726,0,frankycpp_v1.8.exe,std::ranges::_Partition_by_median_guess_common,algorithm,0x14026433f
chess::Position::getLastMove,0.045997,0.0,3.3,3.3,0.0,0.0,0.0,0.0,0.0,,,,179305379,58701761,0,frankycpp_v1.8.exe,chess::Position::getLastMove,Position.h,0x140262f70
std::countr_zero,0.045997,0.0,16.3,8.2,0.0,0.0,4.1,0.0,0.0,,,,227706831,177905337,0,frankycpp_v1.8.exe,std::countr_zero,bit,0x140269a30
chess::operator&,0.044997,0.0,10.3,0.0,0.0,0.0,0.0,0.0,0.0,0.0,0.0,0.0,185905577,124303729,0,frankycpp_v1.8.exe,chess::operator&,bitboard.h,0x14025c62a
"std::_Atomic_storage<unsigned __int64,8>::load",0.044997,0.0,31.9,0.0,31.9,0.0,0.0,0.0,0.0,0.0,0.0,0.0,117703531,71502145,0,frankycpp_v1.8.exe,"std::_Atomic_storage<unsigned __int64,8>::load",atomic,0x14026d3e0
chess::Color::sign,0.043997,11.1,0.0,0.0,0.0,0.0,8.4,0.0,0.0,,,,148504455,186005580,0,frankycpp_v1.8.exe,chess::Color::sign,color.h,0x140263258
chess::Position::getPieceBb,0.043997,0.0,0.0,0.0,0.0,0.0,0.0,0.0,0.0,,0.0,0.0,113303399,44001320,0,frankycpp_v1.8.exe,chess::Position::getPieceBb,Position.h,0x14026adcb
"std::array<chess::Bitboard,64>::operator[]",0.043997,36.4,0.0,0.0,38.0,6.3,0.0,,0.0,,,,112203366,83602508,0,frankycpp_v1.8.exe,"std::array<chess::Bitboard,64>::operator[]",array,0x14025c1ff
chess::Move::from,0.041997,0.0,0.0,0.0,0.0,0.0,0.0,0.0,0.0,,,,257407722,95702871,0,frankycpp_v1.8.exe,chess::Move::from,move.h,0x14021ffed
chess::operator&,0.041997,0.0,4.6,0.0,9.2,0.0,0.0,0.0,0.0,,,,212306369,155104653,0,frankycpp_v1.8.exe,chess::operator&,bitboard.h,0x14025c22c
chess::operator~,0.040997,0.0,10.3,0.0,0.0,0.0,0.0,0.0,0.0,0.0,0.0,0.0,134604038,42901287,0,frankycpp_v1.8.exe,chess::operator~,color.h,0x140220264
chess::operator~,0.040997,0.0,5.8,5.8,0.0,0.0,0.0,0.0,0.0,,,,176805304,115903477,0,frankycpp_v1.8.exe,chess::operator~,color.h,0x14025bdcb
chess::Position::getPieceBb,0.039997,0.0,11.3,0.0,0.0,0.0,0.0,0.0,0.0,,,,93502805,67102013,0,frankycpp_v1.8.exe,chess::Position::getPieceBb,Position.h,0x140263b40
chess::operator&,0.039997,0.0,0.0,0.0,0.0,0.0,0.0,0.0,0.0,,,,56101683,12100363,0,frankycpp_v1.8.exe,chess::operator&,bitboard.h,0x14026b116
std::min,0.039997,0.0,12.0,0.0,0.0,0.0,0.0,0.0,0.0,,,,57201716,3300099,0,frankycpp_v1.8.exe,std::min,utility,0x14026b0c1
chess::Bitboard::operator bool,0.038997,0.0,0.0,0.0,0.0,0.0,0.0,,0.0,,,,158404752,106003180,0,frankycpp_v1.8.exe,chess::Bitboard::operator bool,bitboard.h,0x140263b55
chess::Bitboard::popLSB,0.038997,0.0,0.0,0.0,0.0,0.0,0.0,0.0,0.0,,,,152904587,107803234,0,frankycpp_v1.8.exe,chess::Bitboard::popLSB,bitboard.h,0x14026aee0
chess::Move::operator==,0.038997,0.0,0.0,0.0,0.0,0.0,0.0,0.0,0.0,,,,241307239,98302949,0,frankycpp_v1.8.exe,chess::Move::operator==,PVTable.h,0x14021ffdb
chess::Position::isCapturingMove,0.038997,6.7,0.0,0.0,0.0,0.0,0.0,0.0,0.0,,,,150104503,45901377,0,frankycpp_v1.8.exe,chess::Position::isCapturingMove,Position.h,0x140220264
chess::operator|,0.038997,0.0,0.0,0.0,0.0,0.0,0.0,0.0,0.0,0.0,0.0,0.0,162804884,83602508,0,frankycpp_v1.8.exe,chess::operator|,bitboard.h,0x14026b215
std::ranges::_Sort_fn::operator(),0.038997,0.0,10.6,0.0,0.0,0.0,5.3,0.0,0.0,,,,68602058,28600858,0,frankycpp_v1.8.exe,std::ranges::_Sort_fn::operator(),algorithm,0x140262dee
chess::Bitboard::operator|=,0.036998,6.2,6.0,6.0,0.0,0.0,0.0,0.0,0.0,0.0,0.0,0.0,117703531,98302949,0,frankycpp_v1.8.exe,chess::Bitboard::operator|=,bitboard.h,0x14025d656
chess::StaticMoveList<256>::push_back,0.036998,0.0,17.5,0.0,17.5,0.0,0.0,0.0,0.0,,,,37501125,53601608,0,frankycpp_v1.8.exe,chess::StaticMoveList<256>::push_back,staticmovelist.h,0x140263446
chess::Move::to,0.035998,0.0,27.2,0.0,0.0,0.0,0.0,0.0,0.0,,,,104903147,57201716,0,frankycpp_v1.8.exe,chess::Move::to,move.h,0x140220273
chess::Position::getPieceBb,0.034998,16.7,12.9,0.0,0.0,0.0,0.0,0.0,0.0,0.0,0.0,0.0,40701221,16500495,0,frankycpp_v1.8.exe,chess::Position::getPieceBb,Position.h,0x14026b12f
chess::operator<<,0.034998,0.0,0.0,0.0,0.0,0.0,0.0,0.0,0.0,,,,72602178,27500825,0,frankycpp_v1.8.exe,chess::operator<<,bitboard.h,0x14026af5a
chess::operator|,0.034998,0.0,0.0,0.0,0.0,0.0,0.0,0.0,0.0,0.0,0.0,0.0,134604038,31200936,0,frankycpp_v1.8.exe,chess::operator|,bitboard.h,0x14029eb03
chess::typeOf,0.034998,0.0,0.0,0.0,0.0,0.0,0.0,0.0,0.0,,,,110003300,67102013,0,frankycpp_v1.8.exe,chess::typeOf,piece.h,0x14022121b
chess::Bitboard::operator|=,0.033998,15.4,5.3,0.0,16.0,0.0,0.0,0.0,0.0,0.0,0.0,0.0,150704521,118803564,0,frankycpp_v1.8.exe,chess::Bitboard::operator|=,bitboard.h,0x14026a70b
chess::operator&,0.033998,0.0,0.0,0.0,0.0,0.0,0.0,0.0,0.0,0.0,0.0,0.0,176005280,96802904,0,frankycpp_v1.8.exe,chess::operator&,bitboard.h,0x14025c66f
chess::operator*,0.033998,0.0,12.2,0.0,0.0,0.0,0.0,0.0,0.0,,,,82902487,46201386,0,frankycpp_v1.8.exe,chess::operator*,value.h,0x140269d8d
chess::operator*,0.033998,0.0,28.8,0.0,0.0,0.0,0.0,0.0,0.0,,,,162104863,60501815,0,frankycpp_v1.8.exe,chess::operator*,value.h,0x140269dc7
engine::Search::thread,0.033998,0.0,7.7,0.0,7.7,0.0,0.0,0.0,0.0,,,,64201926,5500165,0,frankycpp_v1.8.exe,engine::Search::thread,Search.h,0x140221095
engine::Search::valueToTt,0.033998,15.4,10.1,0.0,0.0,0.0,0.0,0.0,0.0,,,,169105073,67102013,0,frankycpp_v1.8.exe,"engine::Search::valueToTt(class chess::Value,enum chess::Depth)",Search.cpp,0x140221750
chess::Bitboard::operator bool,0.032998,0.0,7.3,7.3,0.0,0.0,0.0,0.0,0.0,0.0,0.0,0.0,80702421,46201386,0,frankycpp_v1.8.exe,chess::Bitboard::operator bool,bitboard.h,0x14026b45c
chess::Bitboard::popLSB,0.032998,0.0,20.1,0.0,0.0,0.0,0.0,0.0,0.0,0.0,0.0,0.0,129103873,101203036,0,frankycpp_v1.8.exe,chess::Bitboard::popLSB,bitboard.h,0x140263b72
chess::operator&,0.032998,0.0,0.0,0.0,0.0,0.0,0.0,0.0,0.0,,,,144104323,79202376,0,frankycpp_v1.8.exe,chess::operator&,bitboard.h,0x14025c641
std::popcount,0.032998,0.0,17.1,0.0,0.0,0.0,0.0,0.0,0.0,0.0,0.0,0.0,112203366,86902607,0,frankycpp_v1.8.exe,std::popcount,bit,0x14026b247
chess::Bitboard::popLSB,0.031998,0.0,21.2,0.0,35.3,0.0,0.0,0.0,0.0,0.0,0.0,0.0,78502355,78102343,0,frankycpp_v1.8.exe,chess::Bitboard::popLSB,bitboard.h,0x14026a6a0
chess::operator&,0.031998,0.0,34.4,0.0,0.0,0.0,0.0,0.0,0.0,,,,47301419,18700561,0,frankycpp_v1.8.exe,chess::operator&,bitboard.h,0x14026b444
chess::operator&,0.031998,0.0,0.0,0.0,0.0,0.0,0.0,,0.0,0.0,0.0,0.0,88402652,69002070,0,frankycpp_v1.8.exe,chess::operator&,bitboard.h,0x14029eb33
chess::operator&,0.031998,44.4,46.7,0.0,6.7,13.4,0.0,0.0,0.0,0.0,0.0,0.0,130203906,73702211,0,frankycpp_v1.8.exe,chess::operator&,bitboard.h,0x14025c2b7
engine::Search::checkDrawRepAnd50,0.031998,13.3,5.4,0.0,5.4,0.0,0.0,0.0,0.0,0.0,0.0,0.0,15400462,3300099,0,frankycpp_v1.8.exe,"engine::Search::checkDrawRepAnd50(class chess::Position const &,int)",Search.cpp,0x140225ae0
engine::Search::stopConditions,0.031998,8.3,5.8,0.0,5.8,0.0,0.0,0.0,0.0,0.0,0.0,0.0,77202316,32000960,0,frankycpp_v1.8.exe,engine::Search::stopConditions(void),Search.cpp,0x140225a60
"std::array<chess::Bitboard,64>::operator[]",0.030998,16.7,0.0,0.0,31.9,5.3,0.0,0.0,0.0,0.0,0.0,0.0,139704191,78102343,0,frankycpp_v1.8.exe,"std::array<chess::Bitboard,64>::operator[]",array,0x14026a6ee
"std::array<std::array<chess::Move,64>,64>::operator[]",0.030998,0.0,23.8,4.8,0.0,0.0,0.0,0.0,0.0,,,,126503795,42901287,0,frankycpp_v1.8.exe,"std::array<std::array<chess::Move,64>,64>::operator[]",array,0x140262fa0
chess::Bitboard::operator|=,0.029998,40.0,0.0,0.0,0.0,0.0,0.0,0.0,0.0,0.0,0.0,0.0,262207866,172705181,0,frankycpp_v1.8.exe,chess::Bitboard::operator|=,bitboard.h,0x14026a5db
chess::Bitboard::popLSB,0.029998,0.0,14.4,0.0,0.0,0.0,0.0,0.0,0.0,0.0,0.0,0.0,255207656,125103753,0,frankycpp_v1.8.exe,chess::Bitboard::popLSB,bitboard.h,0x14026a5b0
chess::operator&,0.028998,44.4,0.0,30.2,15.1,0.0,0.0,0.0,0.0,0.0,0.0,0.0,146304389,96802904,0,frankycpp_v1.8.exe,chess::operator&,bitboard.h,0x14025c27c
chess::operator~,0.028998,0.0,0.0,0.0,8.7,0.0,0.0,0.0,0.0,0.0,0.0,0.0,89102673,27500825,0,frankycpp_v1.8.exe,chess::operator~,color.h,0x14026adbf
"std::_Atomic_address_as<__int64,std::_Atomic_padded<unsigned __int64> >",0.028998,22.2,18.1,18.1,12.0,0.0,0.0,0.0,0.0,,,,26400792,15400462,0,frankycpp_v1.8.exe,"std::_Atomic_address_as<__int64,std::_Atomic_padded<unsigned __int64> >",xatomic.h,0x140268c10
std::popcount,0.028998,27.3,0.0,0.0,34.0,0.0,0.0,0.0,0.0,0.0,0.0,0.0,145604368,88002640,0,frankycpp_v1.8.exe,std::popcount,bit,0x14026a72d
chess::Bitboard::operator|=,0.027998,0.0,0.0,0.0,0.0,0.0,5.7,0.0,0.0,0.0,0.0,0.0,211606348,79202376,0,frankycpp_v1.8.exe,chess::Bitboard::operator|=,bitboard.h,0x14026aa11
chess::Value::operator int,0.027998,10.0,16.0,0.0,0.0,0.0,0.0,0.0,0.0,,,,90602718,81102433,0,frankycpp_v1.8.exe,chess::Value::operator int,value.h,0x14025d6e6
chess::operator&,0.027998,0.0,0.0,0.0,0.0,0.0,0.0,0.0,0.0,,,,70802124,4400132,0,frankycpp_v1.8.exe,chess::operator&,bitboard.h,0x14026b14d
chess::operator&,0.027998,6.7,0.0,6.8,34.0,0.0,0.0,0.0,0.0,0.0,0.0,0.0,131303939,50601518,0,frankycpp_v1.8.exe,chess::operator&,bitboard.h,0x14025c29b
chess::operator+,0.027998,0.0,0.0,8.5,0.0,0.0,8.5,,0.0,,,,63801914,84402532,0,frankycpp_v1.8.exe,chess::operator+,direction.h,0x140263199
chess::operator+=,0.027998,0.0,0.0,0.0,0.0,0.0,0.0,0.0,0.0,,,,75902277,23100693,0,frankycpp_v1.8.exe,chess::operator+=,value.h,0x14026b1a5
chess::typeOf,0.027998,0.0,0.0,0.0,0.0,0.0,0.0,0.0,0.0,,,,67502025,25700771,0,frankycpp_v1.8.exe,chess::typeOf,piece.h,0x140263c13
std::countr_zero,0.027998,0.0,0.0,0.0,0.0,0.0,0.0,0.0,0.0,,,,107803234,50601518,0,frankycpp_v1.8.exe,std::countr_zero,bit,0x14026aee0
chess::Value::isCheckMate,0.026998,0.0,0.0,0.0,0.0,0.0,6.3,0.0,0.0,0.0,0.0,0.0,219706591,73002190,0,frankycpp_v1.8.exe,chess::Value::isCheckMate,value.h,0x140221754
"std::_Atomic_address_as<char,struct std::_Atomic_padded<bool> >",0.026998,0.0,29.4,0.0,0.0,0.0,0.0,,0.0,0.0,0.0,0.0,46201386,19100573,0,frankycpp_v1.8.exe,"std::_Atomic_address_as<char,struct std::_Atomic_padded<bool> >(struct std::_Atomic_padded<bool> const &)",xatomic.h,0x140160710
std::popcount,0.026998,0.0,0.0,0.0,0.0,0.0,0.0,0.0,0.0,0.0,0.0,0.0,90202706,60501815,0,frankycpp_v1.8.exe,std::popcount,bit,0x14026b4b0
chess::Bitboard::operator bool,0.025998,0.0,12.2,0.0,0.0,0.0,0.0,0.0,0.0,0.0,0.0,0.0,89502685,48401452,0,frankycpp_v1.8.exe,chess::Bitboard::operator bool,bitboard.h,0x140263cb9
chess::Position::clearEnPassant,0.025998,0.0,15.0,0.0,0.0,0.0,7.5,0.0,0.0,0.0,0.0,0.0,111903357,53901617,0,frankycpp_v1.8.exe,chess::Position::clearEnPassant,Position.cpp,0x14025bd1c
chess::Value::operator int,0.025998,8.3,39.7,0.0,0.0,0.0,0.0,0.0,0.0,,,,68202046,64901947,0,frankycpp_v1.8.exe,chess::Value::operator int,value.h,0x14025d7e6
"std::_Atomic_storage<unsigned __int64,8>::store",0.025998,50.0,100.0,0.0,47.4,0.0,0.0,0.0,0.0,,,,18700561,3300099,0,frankycpp_v1.8.exe,"std::_Atomic_storage<unsigned __int64,8>::store",atomic,0x14026d4f6
chess::Bitboard::popLSB,0.024998,0.0,81.6,0.0,0.0,0.0,0.0,0.0,0.0,0.0,0.0,0.0,48401452,9900297,0,frankycpp_v1.8.exe,chess::Bitboard::popLSB,bitboard.h,0x14026a1d4
chess::Value::operator int,0.024998,12.5,0.0,0.0,0.0,0.0,0.0,0.0,0.0,,,,112203366,83602508,0,frankycpp_v1.8.exe,chess::Value::operator int,value.h,0x14025d7f9
chess::operator&,0.024998,0.0,0.0,0.0,0.0,0.0,0.0,0.0,0.0,,,,84702541,17600528,0,frankycpp_v1.8.exe,chess::operator&,bitboard.h,0x14026b482
chess::operator&,0.024998,0.0,0.0,0.0,0.0,0.0,0.0,0.0,0.0,,,,137204116,82902487,0,frankycpp_v1.8.exe,chess::operator&,bitboard.h,0x14026ab03
chess::operator-,0.024998,0.0,20.4,0.0,10.2,0.0,0.0,0.0,0.0,,,,82502475,39601188,0,frankycpp_v1.8.exe,chess::operator-,depth.h,0x14022000a
chess::operator|,0.024998,0.0,6.4,6.4,0.0,0.0,6.4,0.0,0.0,0.0,0.0,0.0,72602178,44001320,0,frankycpp_v1.8.exe,chess::operator|,bitboard.h,0x14029ea27
func@0x140414020,0.024998,0.0,0.0,0.0,0.0,0.0,0.0,0.0,0.0,0.0,0.0,0.0,0,0,0,ntoskrnl.exe,func@0x140414020,[Unknown],0x140414020
"std::_Atomic_reinterpret_as<__int64,unsigned __int64>",0.024998,14.3,0.0,20.4,15.3,0.0,5.1,0.0,0.0,0.0,,0.0,29700891,25300759,0,frankycpp_v1.8.exe,"std::_Atomic_reinterpret_as<__int64,unsigned __int64>(unsigned __int64 const & __ptr64)",atomic,0x140268c00
chess::MoveGenerator::resetOnDemand,0.023998,0.0,21.0,0.0,0.0,0.0,0.0,0.0,0.0,0.0,0.0,0.0,90602718,14300429,0,frankycpp_v1.8.exe,chess::MoveGenerator::resetOnDemand,MoveGenerator.h,0x14021ff2e
chess::Position::getPieceBb,0.023998,0.0,0.0,0.0,0.0,0.0,0.0,0.0,0.0,,,,53901617,18800564,0,frankycpp_v1.8.exe,chess::Position::getPieceBb,Position.h,0x14026b471
chess::operator&,0.023998,0.0,0.0,0.0,0.0,0.0,0.0,0.0,0.0,,,,139004170,62701881,0,frankycpp_v1.8.exe,chess::operator&,bitboard.h,0x14029e92a
chess::operator&,0.023998,0.0,0.0,0.0,0.0,0.0,0.0,0.0,0.0,0.0,0.0,0.0,119603588,69702091,0,frankycpp_v1.8.exe,chess::operator&,bitboard.h,0x14026ab80
func@0x1406b1283,0.023998,40.0,0.0,22.3,0.0,0.0,0.0,0.0,100.0,0.0,0.0,0.0,1100033,400012,0,ntoskrnl.exe,func@0x1406b1283,[Unknown],0x1406b1283
chess::Bitboard::{ctor},0.022998,0.0,0.0,0.0,0.0,0.0,0.0,0.0,0.0,,,,104503135,66001980,0,frankycpp_v1.8.exe,chess::Bitboard::{ctor},bitboard.h,0x14029eb47
chess::MoveGenerator::getEvasionTargets,0.022998,0.0,0.0,18.8,0.0,9.4,0.0,0.0,0.0,0.0,0.0,0.0,97602928,69302079,0,frankycpp_v1.8.exe,chess::MoveGenerator::getEvasionTargets(class chess::Position const &),MoveGenerator.cpp,0x140263010
chess::Position::getPieceBb,0.022998,20.0,0.0,0.0,0.0,0.0,0.0,0.0,0.0,,,,78602358,40401212,0,frankycpp_v1.8.exe,chess::Position::getPieceBb,Position.h,0x14026a337
"std::_Hash<std::_Umap_traits<unsigned __int64,book::BookEntry,std::_Uhash_compare<unsigned __int64,std::hash<unsigned __int64>,std::equal_to<unsigned __int64> >,std::allocator<std::pair<unsigned __int64 const ,book::BookEntry> >,0> >::_Find_last",0.022998,0.0,29.8,19.9,0.0,9.9,0.0,0.0,0.0,0.0,0.0,0.0,6600198,0,0,frankycpp_v1.8.exe,"std::_Hash<std::_Umap_traits<unsigned __int64,book::BookEntry,std::_Uhash_compare<unsigned __int64,std::hash<unsigned __int64>,std::equal_to<unsigned __int64> >,std::allocator<std::pair<unsigned __int64 const ,book::BookEntry> >,0> >::_Find_last",xhash,0x140288080
std::countr_zero,0.022998,0.0,0.0,0.0,0.0,0.0,0.0,0.0,0.0,0.0,0.0,0.0,37801134,18700561,0,frankycpp_v1.8.exe,std::countr_zero,bit,0x14026b3f5
std::popcount,0.022998,0.0,0.0,0.0,0.0,0.0,0.0,0.0,0.0,0.0,0.0,0.0,88402652,19800594,0,frankycpp_v1.8.exe,std::popcount,bit,0x14026b498
chess::Bitboard::operator bool,0.021999,10.0,0.0,0.0,0.0,0.0,0.0,,0.0,0.0,0.0,0.0,62001860,37401122,0,frankycpp_v1.8.exe,chess::Bitboard::operator bool,bitboard.h,0x140263ec0
chess::Bitboard::operator|=,0.021999,16.7,0.0,0.0,0.0,0.0,0.0,0.0,0.0,0.0,0.0,0.0,114103423,44001320,0,frankycpp_v1.8.exe,chess::Bitboard::operator|=,bitboard.h,0x14026aa1e
chess::Move::stripped,0.021999,0.0,0.0,0.0,0.0,0.0,0.0,0.0,0.0,,,,49501485,42601278,0,frankycpp_v1.8.exe,chess::Move::stripped,move.h,0x140260f22
chess::Position::getKingSquare,0.021999,0.0,0.0,0.0,0.0,0.0,0.0,0.0,0.0,0.0,0.0,0.0,63801914,31900957,0,frankycpp_v1.8.exe,chess::Position::getKingSquare,Position.h,0x14026abd8
chess::operator|,0.021999,0.0,0.0,0.0,0.0,0.0,0.0,0.0,0.0,0.0,0.0,0.0,94602838,55001650,0,frankycpp_v1.8.exe,chess::operator|,bitboard.h,0x14029eb16
chess::operator~,0.021999,100.0,9.7,9.7,19.3,0.0,0.0,0.0,0.0,,,,110003300,74802244,0,frankycpp_v1.8.exe,chess::operator~,color.h,0x14026a78c
chess::Move::operator==,0.020999,33.3,36.7,0.0,0.0,0.0,0.0,0.0,0.0,,,,52101563,19800594,0,frankycpp_v1.8.exe,chess::Move::operator==,PVTable.h,0x140262f08
chess::StaticMoveList<128>::pop_back,0.020999,20.0,0.0,0.0,31.9,0.0,0.0,,0.0,,,,39301179,24200726,0,frankycpp_v1.8.exe,chess::StaticMoveList<128>::pop_back,staticmovelist.h,0x140220818
chess::operator&,0.020999,0.0,15.0,0.0,0.0,0.0,0.0,0.0,0.0,0.0,0.0,0.0,99002970,62701881,0,frankycpp_v1.8.exe,chess::operator&,bitboard.h,0x14026b4aa
chess::operator&,0.020999,25.0,0.0,0.0,12.2,0.0,12.2,0.0,0.0,0.0,0.0,0.0,48401452,31200936,0,frankycpp_v1.8.exe,chess::operator&,bitboard.h,0x140263265
"std::_Atomic_storage<unsigned __int64,8>::store",0.020999,12.5,17.1,0.0,76.9,25.6,0.0,0.0,0.0,,,,20200606,9900297,0,frankycpp_v1.8.exe,"std::_Atomic_storage<unsigned __int64,8>::store",atomic,0x14026d64f
"std::array<unsigned __int64,64>::operator[]",0.020999,50.0,0.0,16.7,0.0,0.0,0.0,0.0,0.0,0.0,0.0,0.0,29700891,27500825,0,frankycpp_v1.8.exe,"std::array<unsigned __int64,64>::operator[]",array,0x14025d67a
chess::Attacks::detail::Magic::index,0.019999,0.0,16.7,0.0,0.0,0.0,0.0,0.0,0.0,,,,66501995,40001200,0,frankycpp_v1.8.exe,chess::Attacks::detail::Magic::index,attacks.h,0x14016c985
chess::Position::doNullMove,0.019999,0.0,0.0,0.0,0.0,0.0,0.0,0.0,0.0,,,,38901167,13200396,0,frankycpp_v1.8.exe,chess::Position::doNullMove(void),Position.cpp,0x14025c0a0
chess::Position::getLastMove,0.019999,0.0,0.0,0.0,0.0,0.0,0.0,0.0,0.0,0.0,0.0,0.0,76302289,9900297,0,frankycpp_v1.8.exe,chess::Position::getLastMove,Position.h,0x140262f7b
chess::Position::getPiece,0.019999,0.0,0.0,0.0,0.0,0.0,0.0,0.0,0.0,0.0,0.0,0.0,75902277,66001980,0,frankycpp_v1.8.exe,chess::Position::getPiece,Position.h,0x14029e70d
chess::Square::file,0.019999,0.0,56.5,0.0,0.0,0.0,0.0,0.0,0.0,0.0,0.0,0.0,67102013,20900627,0,frankycpp_v1.8.exe,chess::Square::file,square.h,0x14026ae06
chess::colorOf,0.019999,0.0,21.0,0.0,0.0,0.0,0.0,0.0,0.0,0.0,0.0,0.0,41801254,35201056,0,frankycpp_v1.8.exe,chess::colorOf,piece.h,0x14025d749
chess::operator&,0.019999,0.0,0.0,0.0,0.0,0.0,0.0,0.0,0.0,,,,73702211,44001320,0,frankycpp_v1.8.exe,chess::operator&,bitboard.h,0x14026abde
chess::operator+,0.019999,0.0,29.4,0.0,0.0,0.0,0.0,0.0,0.0,,,,44801344,27500825,0,frankycpp_v1.8.exe,chess::operator+,value.h,0x140221228
"std::array<chess::Value,32>::operator[]",0.019999,0.0,0.0,0.0,14.7,0.0,0.0,0.0,0.0,,,,84802544,31600948,0,frankycpp_v1.8.exe,"std::array<chess::Value,32>::operator[]",array,0x14029e788
std::atomic<bool>::operator bool,0.019999,0.0,23.7,0.0,0.0,0.0,0.0,0.0,0.0,,,,29700891,11000330,0,frankycpp_v1.8.exe,std::atomic<bool>::operator bool,atomic,0x140225acb
std::popcount,0.019999,16.7,56.5,0.0,0.0,0.0,0.0,0.0,0.0,0.0,0.0,0.0,227706831,105603168,0,frankycpp_v1.8.exe,std::popcount,bit,0x14026a55d
chess::Bitboard::operator bool,0.018999,0.0,0.0,11.1,0.0,0.0,0.0,0.0,0.0,,,,51701551,73002190,0,frankycpp_v1.8.exe,chess::Bitboard::operator bool,bitboard.h,0x1402636e1
chess::CastlingRights::operator-=,0.018999,0.0,0.0,0.0,0.0,0.0,0.0,0.0,0.0,,,,70402112,35201056,0,frankycpp_v1.8.exe,chess::CastlingRights::operator-=,castlingrights.h,0x14025bcff
chess::Move::to,0.018999,0.0,0.0,0.0,0.0,0.0,0.0,0.0,0.0,,,,83602508,20900627,0,frankycpp_v1.8.exe,chess::Move::to,move.h,0x1402215cd
chess::operator&,0.018999,0.0,0.0,0.0,0.0,0.0,0.0,0.0,0.0,0.0,0.0,0.0,36301089,15400462,0,frankycpp_v1.8.exe,chess::operator&,bitboard.h,0x14026af65
chess::typeOf,0.018999,0.0,17.9,0.0,0.0,0.0,9.0,0.0,0.0,0.0,0.0,0.0,79202376,41101233,0,frankycpp_v1.8.exe,chess::typeOf,piece.h,0x14025bd51
func@0x1406b239f,0.018999,100.0,24.5,36.7,12.2,0.0,0.0,,,,,,1100033,0,0,ntoskrnl.exe,func@0x1406b239f,[Unknown],0x1406b239f
"std::array<chess::Move,128>::operator[]",0.018999,100.0,0.0,39.4,0.0,0.0,0.0,0.0,0.0,,,,8800264,4400132,0,frankycpp_v1.8.exe,"std::array<chess::Move,128>::operator[]",array,0x140220cfb
chess::Direction::operator int,0.017999,0.0,0.0,0.0,0.0,0.0,0.0,0.0,0.0,,,,67102013,59801794,0,frankycpp_v1.8.exe,chess::Direction::operator int,direction.h,0x140265360
chess::operator+=,0.017999,33.3,43.2,0.0,43.2,0.0,21.6,41.3,0.0,0.0,80.1,0.0,12100363,10700321,0,frankycpp_v1.8.exe,chess::operator+=,value.h,0x140269ecb
chess::operator+=,0.017999,0.0,0.0,0.0,0.0,0.0,0.0,0.0,0.0,0.0,0.0,0.0,36301089,36301089,0,frankycpp_v1.8.exe,chess::operator+=,value.h,0x14026a4e2
chess::Bitboard::operator bool,0.016999,0.0,0.0,0.0,0.0,0.0,0.0,0.0,0.0,,,,48801464,29700891,0,frankycpp_v1.8.exe,chess::Bitboard::operator bool,bitboard.h,0x14026af1d
chess::Bitboard::popLSB,0.016999,0.0,0.0,0.0,0.0,0.0,0.0,0.0,0.0,0.0,0.0,0.0,43301299,22000660,0,frankycpp_v1.8.exe,chess::Bitboard::popLSB,bitboard.h,0x14026b412
chess::Square::pawnPush,0.016999,0.0,0.0,0.0,0.0,0.0,0.0,0.0,0.0,0.0,0.0,0.0,51001530,22000660,0,frankycpp_v1.8.exe,chess::Square::pawnPush,square.h,0x14025bd75
chess::operator&,0.016999,0.0,100.0,0.0,0.0,0.0,0.0,0.0,0.0,,,,35601068,30800924,0,frankycpp_v1.8.exe,chess::operator&,bitboard.h,0x14026b25a
chess::operator&,0.016999,0.0,0.0,0.0,0.0,0.0,0.0,,0.0,0.0,0.0,0.0,52801584,44001320,0,frankycpp_v1.8.exe,chess::operator&,bitboard.h,0x14025c46d
chess::operator-,0.016999,50.0,19.3,0.0,0.0,9.7,0.0,,0.0,0.0,0.0,0.0,14300429,4400132,0,frankycpp_v1.8.exe,chess::operator-,value.h,0x140220d9a
chess::operator-,0.016999,0.0,21.0,0.0,0.0,0.0,0.0,0.0,0.0,0.0,0.0,0.0,81102433,39601188,0,frankycpp_v1.8.exe,chess::operator-,value.h,0x14029e8cd
chess::operator<,0.016999,0.0,0.0,0.0,0.0,0.0,0.0,0.0,0.0,,,,48801464,20900627,0,frankycpp_v1.8.exe,chess::operator<,file.h,0x14026af4a
chess::operator~,0.016999,0.0,0.0,0.0,0.0,0.0,0.0,0.0,0.0,,,,31900957,26800804,0,frankycpp_v1.8.exe,chess::operator~,color.h,0x140263bb0
engine::TT::prefetch,0.016999,0.0,0.0,25.3,12.7,0.0,0.0,0.0,0.0,0.0,0.0,0.0,48801464,18700561,0,frankycpp_v1.8.exe,engine::TT::prefetch,TT.h,0x1402212b3
"std::array<chess::Value,25>::operator[]",0.016999,0.0,21.6,0.0,0.0,0.0,0.0,0.0,0.0,,,,30800924,42901287,0,frankycpp_v1.8.exe,"std::array<chess::Value,25>::operator[]",array,0x14026340a
"std::array<std::array<unsigned __int64,64>,16>::operator[]",0.016999,0.0,23.0,0.0,0.0,0.0,11.5,0.0,0.0,0.0,0.0,0.0,36301089,26800804,0,frankycpp_v1.8.exe,"std::array<std::array<unsigned __int64,64>,16>::operator[]",array,0x14025d75b
std::atomic<unsigned __int64>::{ctor},0.016999,50.0,0.0,0.0,64.8,86.4,0.0,,0.0,,,,6600198,4400132,0,frankycpp_v1.8.exe,std::atomic<unsigned __int64>::{ctor},atomic,0x14026d60f
std::clamp,0.016999,33.3,0.0,0.0,0.0,0.0,0.0,0.0,0.0,0.0,0.0,0.0,78102343,11400342,0,frankycpp_v1.8.exe,std::clamp,algorithm,0x140220581
chess::Bitboard::operator^=,0.015999,0.0,0.0,0.0,0.0,0.0,0.0,0.0,0.0,0.0,0.0,0.0,58801764,34501035,0,frankycpp_v1.8.exe,chess::Bitboard::operator^=,bitboard.h,0x14025d769
chess::Bitboard::operator|=,0.015999,0.0,0.0,0.0,0.0,0.0,11.5,0.0,0.0,,,,89502685,34101023,0,frankycpp_v1.8.exe,chess::Bitboard::operator|=,bitboard.h,0x14026a5e5
chess::Bitboard::popLSB,0.015999,0.0,0.0,0.0,0.0,0.0,0.0,0.0,0.0,,,,39601188,18700561,0,frankycpp_v1.8.exe,chess::Bitboard::popLSB,bitboard.h,0x140263c05
chess::Direction::pawnPush,0.015999,0.0,0.0,0.0,10.8,0.0,0.0,0.0,0.0,,,,39601188,68602058,0,frankycpp_v1.8.exe,chess::Direction::pawnPush,direction.h,0x1402633ca
chess::Move::encode,0.015999,0.0,0.0,0.0,0.0,0.0,0.0,0.0,0.0,,,,29700891,38901167,0,frankycpp_v1.8.exe,chess::Move::encode,move.h,0x14026343d
chess::Position::getPieceBb,0.015999,,0.0,11.8,0.0,0.0,11.8,,0.0,,,,14300429,25700771,0,frankycpp_v1.8.exe,chess::Position::getPieceBb,Position.h,0x1402630d1
chess::Square::rank,0.015999,0.0,0.0,0.0,0.0,0.0,0.0,0.0,0.0,0.0,0.0,0.0,75902277,45101353,0,frankycpp_v1.8.exe,chess::Square::rank,square.h,0x14026aacd
chess::StaticMoveList<256>::empty,0.015999,0.0,0.0,0.0,0.0,0.0,0.0,0.0,0.0,,,,36001080,16500495,0,frankycpp_v1.8.exe,chess::StaticMoveList<256>::empty,staticmovelist.h,0x140260ed3
chess::Value::operator int,0.015999,0.0,0.0,0.0,0.0,0.0,0.0,0.0,0.0,,,,53901617,44001320,0,frankycpp_v1.8.exe,chess::Value::operator int,value.h,0x14025d6be
chess::operator&,0.015999,0.0,0.0,0.0,0.0,0.0,0.0,0.0,0.0,,,,102303069,16500495,0,frankycpp_v1.8.exe,chess::operator&,bitboard.h,0x14026aa36
chess::operator+,0.015999,0.0,0.0,0.0,0.0,0.0,0.0,0.0,0.0,0.0,0.0,0.0,38501155,27500825,0,frankycpp_v1.8.exe,chess::operator+,castlingrights.h,0x14025bce4
chess::operator|,0.015999,0.0,44.5,0.0,0.0,0.0,0.0,0.0,0.0,0.0,0.0,0.0,53901617,37401122,0,frankycpp_v1.8.exe,chess::operator|,bitboard.h,0x14026b436
chess::typeOf,0.015999,0.0,0.0,0.0,0.0,0.0,0.0,0.0,0.0,0.0,0.0,0.0,64901947,58301749,0,frankycpp_v1.8.exe,chess::typeOf,piece.h,0x14029e711
chess::typeOf,0.015999,0.0,0.0,0.0,0.0,0.0,0.0,0.0,0.0,,,,74202226,37401122,0,frankycpp_v1.8.exe,chess::typeOf,piece.h,0x14025c54f
engine::Search::search::__l2::<lambda_1>::operator(),0.015999,0.0,18.4,0.0,18.4,0.0,0.0,0.0,0.0,,,,81102433,35201056,0,frankycpp_v1.8.exe,engine::Search::search::__l2::<lambda_1>::operator(),Search.cpp,0x14021f973
chess::Position::checkInsufficientMaterial,0.014999,0.0,0.0,0.0,0.0,0.0,0.0,0.0,0.0,,,,145204356,80302409,0,frankycpp_v1.8.exe,chess::Position::checkInsufficientMaterial(void),Position.cpp,0x14025c9a0
chess::Position::getPieceBb,0.014999,0.0,0.0,0.0,0.0,0.0,0.0,0.0,0.0,,,,52101563,70402112,0,frankycpp_v1.8.exe,chess::Position::getPieceBb,Position.h,0x14029ea5c
chess::colorOf,0.014999,100.0,36.7,0.0,0.0,0.0,0.0,0.0,0.0,0.0,0.0,0.0,45201356,50601518,0,frankycpp_v1.8.exe,chess::colorOf,piece.h,0x14025d622
chess::operator-,0.014999,0.0,97.9,0.0,0.0,0.0,0.0,0.0,0.0,0.0,0.0,0.0,42901287,11000330,0,frankycpp_v1.8.exe,chess::operator-,value.h,0x1402206d2
engine::Search::thread,0.014999,0.0,38.7,0.0,0.0,0.0,0.0,0.0,0.0,0.0,0.0,0.0,48401452,9900297,0,frankycpp_v1.8.exe,engine::Search::thread,Search.h,0x14021fef1
"std::array<chess::Bitboard,64>::operator[]",0.014999,50.0,0.0,0.0,16.7,0.0,0.0,0.0,0.0,,,,33000990,11000330,0,frankycpp_v1.8.exe,"std::array<chess::Bitboard,64>::operator[]",array,0x140269fe0
"std::array<chess::Value,25>::operator[]",0.014999,0.0,0.0,0.0,0.0,0.0,0.0,0.0,0.0,,,,30800924,29700891,0,frankycpp_v1.8.exe,"std::array<chess::Value,25>::operator[]",array,0x140263cf2
std::atomic<bool>::operator bool,0.014999,0.0,0.0,0.0,0.0,0.0,0.0,0.0,0.0,0.0,0.0,0.0,89202676,31700951,0,frankycpp_v1.8.exe,std::atomic<bool>::operator bool,atomic,0x140225a64
chess::Bitboard::operator|=,0.013999,0.0,0.0,0.0,0.0,0.0,0.0,0.0,0.0,0.0,0.0,0.0,70102103,26400792,0,frankycpp_v1.8.exe,chess::Bitboard::operator|=,bitboard.h,0x14026a3f6
chess::Move::type,0.013999,0.0,31.9,0.0,0.0,0.0,0.0,0.0,0.0,0.0,0.0,0.0,38501155,23900717,0,frankycpp_v1.8.exe,chess::Move::type,move.h,0x1402211e9
chess::Position::getNextPlayer,0.013999,0.0,49.0,0.0,0.0,0.0,0.0,0.0,0.0,,,,27500825,13200396,0,frankycpp_v1.8.exe,chess::Position::getNextPlayer,Position.h,0x140262e7e
chess::StaticMoveList<256>::empty,0.013999,0.0,0.0,0.0,0.0,0.0,0.0,0.0,0.0,,,,18700561,25300759,0,frankycpp_v1.8.exe,chess::StaticMoveList<256>::empty,staticmovelist.h,0x140262b2b
chess::StaticMoveList<256>::push_back,0.013999,0.0,0.0,0.0,0.0,0.0,0.0,0.0,0.0,0.0,0.0,0.0,23100693,17600528,0,frankycpp_v1.8.exe,chess::StaticMoveList<256>::push_back,staticmovelist.h,0x14026390d
chess::operator*,0.013999,0.0,0.0,0.0,0.0,0.0,0.0,0.0,0.0,0.0,0.0,0.0,64201926,196905907,0,frankycpp_v1.8.exe,chess::operator*,value.h,0x14026998c
chess::operator-,0.013999,0.0,0.0,0.0,0.0,0.0,0.0,0.0,0.0,0.0,0.0,0.0,41101233,24200726,0,frankycpp_v1.8.exe,chess::operator-,value.h,0x14029e783
"std::array<chess::HistoryState,1024>::operator[]",0.013999,100.0,0.0,0.0,0.0,0.0,0.0,0.0,0.0,,,,30800924,9900297,0,frankycpp_v1.8.exe,"std::array<chess::HistoryState,1024>::operator[]",array,0x14025b9f8
std::countr_zero,0.013999,0.0,0.0,0.0,0.0,0.0,0.0,0.0,0.0,,,,26400792,33000990,0,frankycpp_v1.8.exe,std::countr_zero,bit,0x140263de4
std::popcount,0.013999,0.0,0.0,0.0,0.0,0.0,0.0,0.0,0.0,0.0,0.0,0.0,22000660,6600198,0,frankycpp_v1.8.exe,std::popcount,bit,0x14026b3cb
std::popcount,0.013999,12.5,70.0,0.0,0.0,0.0,0.0,0.0,0.0,,,,72602178,28600858,0,frankycpp_v1.8.exe,std::popcount,bit,0x14026a607
chess::Bitboard::operator bool,0.012999,0.0,100.0,0.0,0.0,0.0,0.0,0.0,0.0,0.0,0.0,0.0,22400672,7700231,0,frankycpp_v1.8.exe,chess::Bitboard::operator bool,bitboard.h,0x14026b3dc
chess::Position::getPieceBb,0.012999,0.0,23.0,0.0,0.0,0.0,0.0,0.0,0.0,,,,49501485,6600198,0,frankycpp_v1.8.exe,chess::Position::getPieceBb,Position.h,0x14026b48d
chess::StaticMoveList<256>::push_back,0.012999,0.0,0.0,0.0,0.0,0.0,0.0,0.0,0.0,0.0,0.0,0.0,11000330,8800264,0,frankycpp_v1.8.exe,chess::StaticMoveList<256>::push_back,staticmovelist.h,0x1402639bc
chess::StaticMoveList<256>::push_back,0.012999,0.0,0.0,0.0,0.0,0.0,0.0,0.0,0.0,0.0,0.0,0.0,39601188,19800594,0,frankycpp_v1.8.exe,chess::StaticMoveList<256>::push_back,staticmovelist.h,0x140263fff
chess::Value::{ctor},0.012999,0.0,0.0,0.0,0.0,0.0,0.0,0.0,0.0,0.0,0.0,0.0,44001320,23100693,0,frankycpp_v1.8.exe,chess::Value::{ctor},value.h,0x14029e7a5
chess::operator&,0.012999,0.0,0.0,0.0,0.0,0.0,0.0,0.0,0.0,0.0,0.0,0.0,25300759,9900297,0,frankycpp_v1.8.exe,chess::operator&,bitboard.h,0x14026b26f
chess::operator+=,0.012999,0.0,36.7,0.0,0.0,0.0,0.0,0.0,0.0,,,,73002190,25300759,0,frankycpp_v1.8.exe,chess::operator+=,value.h,0x14026996a
chess::operator<,0.012999,0.0,29.4,0.0,0.0,0.0,0.0,0.0,0.0,,,,33801014,34101023,0,frankycpp_v1.8.exe,chess::operator<,file.h,0x14026ae20
chess::operator|,0.012999,0.0,0.0,0.0,0.0,0.0,0.0,0.0,0.0,26.7,0.0,0.0,17600528,4400132,0,frankycpp_v1.8.exe,chess::operator|,bitboard.h,0x14026b0ec
chess::operator~,0.012999,0.0,0.0,0.0,0.0,0.0,0.0,0.0,0.0,0.0,0.0,0.0,129803894,95002850,0,frankycpp_v1.8.exe,chess::operator~,color.h,0x14026a65f
chess::typeOf,0.012999,0.0,0.0,0.0,0.0,0.0,0.0,0.0,0.0,,,,63801914,26400792,0,frankycpp_v1.8.exe,chess::typeOf,piece.h,0x1402202c0
engine::Search::thread,0.012999,0.0,0.0,0.0,11.1,0.0,0.0,,0.0,0.0,0.0,0.0,40001200,22000660,0,frankycpp_v1.8.exe,engine::Search::thread,Search.h,0x14021f2aa
func@0x1406ac320,0.012999,100.0,50.1,0.0,0.0,33.4,0.0,0.0,0.0,,,,1100033,0,0,ntoskrnl.exe,func@0x1406ac320,[Unknown],0x1406ac320
std::popcount,0.012999,0.0,0.0,0.0,0.0,0.0,0.0,0.0,0.0,0.0,0.0,0.0,36301089,6600198,0,frankycpp_v1.8.exe,std::popcount,bit,0x14026b155
chess::Bitboard::operator bool,0.011999,0.0,0.0,0.0,0.0,0.0,0.0,0.0,0.0,0.0,0.0,0.0,19800594,5500165,0,frankycpp_v1.8.exe,chess::Bitboard::operator bool,bitboard.h,0x14026b018
chess::Bitboard::operator|=,0.011999,50.0,19.3,19.3,0.0,0.0,0.0,0.0,0.0,0.0,0.0,0.0,30800924,14300429,0,frankycpp_v1.8.exe,chess::Bitboard::operator|=,bitboard.h,0x14026a078
chess::Bitboard::operator~,0.011999,0.0,30.6,0.0,0.0,0.0,0.0,0.0,0.0,0.0,0.0,0.0,33401002,51001530,0,frankycpp_v1.8.exe,chess::Bitboard::operator~,bitboard.h,0x1402633b2
chess::Move::operator==,0.011999,0.0,56.5,0.0,0.0,0.0,0.0,0.0,0.0,0.0,0.0,0.0,43301299,18700561,0,frankycpp_v1.8.exe,chess::Move::operator==,PVTable.h,0x1402211ce
chess::Move::type,0.011999,0.0,0.0,0.0,0.0,0.0,0.0,0.0,0.0,0.0,0.0,0.0,39601188,8800264,0,frankycpp_v1.8.exe,chess::Move::type,move.h,0x140220250
chess::Square::{ctor},0.011999,0.0,0.0,0.0,0.0,0.0,0.0,0.0,0.0,0.0,0.0,0.0,24600738,8800264,0,frankycpp_v1.8.exe,chess::Square::{ctor},square.h,0x14025b9c5
chess::StaticMoveList<128>::pop_back,0.011999,50.0,23.7,0.0,23.7,0.0,0.0,0.0,0.0,,,,15400462,8800264,0,frankycpp_v1.8.exe,chess::StaticMoveList<128>::pop_back,staticmovelist.h,0x14022137b
chess::moveValueGreaterComparator::operator(),0.011999,0.0,0.0,0.0,0.0,0.0,0.0,0.0,0.0,0.0,0.0,0.0,13200396,4400132,0,frankycpp_v1.8.exe,chess::moveValueGreaterComparator::operator(),move.h,0x140264480
chess::operator+=,0.011999,0.0,0.0,0.0,0.0,0.0,0.0,0.0,0.0,,,,61601848,45101353,0,frankycpp_v1.8.exe,chess::operator+=,value.h,0x14026ac23
chess::operator|,0.011999,0.0,0.0,0.0,0.0,0.0,0.0,0.0,0.0,,,,50601518,33000990,0,frankycpp_v1.8.exe,chess::operator|,bitboard.h,0x14029ea3a
chess::operator|,0.011999,0.0,91.8,0.0,0.0,0.0,0.0,0.0,0.0,0.0,0.0,0.0,26800804,12100363,0,frankycpp_v1.8.exe,chess::operator|,bitboard.h,0x14025c3fd
std::max,0.011999,0.0,0.0,0.0,0.0,0.0,0.0,0.0,0.0,0.0,0.0,0.0,63501905,34101023,0,frankycpp_v1.8.exe,std::max,utility,0x14029e8b5
chess::Bitboard::operator^=,0.010999,0.0,0.0,0.0,0.0,0.0,0.0,0.0,0.0,0.0,0.0,0.0,68602058,42901287,0,frankycpp_v1.8.exe,chess::Bitboard::operator^=,bitboard.h,0x14029e81d
chess::Bitboard::operator~,0.010999,0.0,30.6,0.0,0.0,0.0,0.0,0.0,0.0,0.0,0.0,0.0,15400462,3300099,0,frankycpp_v1.8.exe,chess::Bitboard::operator~,bitboard.h,0x14026b0e7
chess::Move::operator==,0.010999,0.0,61.2,0.0,0.0,0.0,0.0,0.0,0.0,0.0,0.0,0.0,27500825,7700231,0,frankycpp_v1.8.exe,chess::Move::operator==,PVTable.h,0x140260eff
chess::Position::getPieceBb,0.010999,0.0,0.0,0.0,0.0,0.0,0.0,,0.0,,,,44001320,8800264,0,frankycpp_v1.8.exe,chess::Position::getPieceBb,Position.h,0x14026b211
chess::Position::getPieceBb,0.010999,0.0,0.0,0.0,0.0,0.0,0.0,0.0,0.0,,,,58701761,37801134,0,frankycpp_v1.8.exe,chess::Position::getPieceBb,Position.h,0x14029e95a
chess::Value::operator int,0.010999,0.0,20.4,0.0,0.0,0.0,0.0,,0.0,,,,49901497,37401122,0,frankycpp_v1.8.exe,chess::Value::operator int,value.h,0x14025d7be
engine::TT::Entry::Entry,0.010999,0.0,100.0,0.0,0.0,23.0,23.0,0.0,0.0,0.0,0.0,0.0,0,0,0,frankycpp_v1.8.exe,engine::TT::Entry::Entry(void),TT.h,0x14026dd70
func@0x140255da0,0.010999,0.0,0.0,19.3,0.0,0.0,0.0,0.0,0.0,0.0,0.0,0.0,0,0,0,ntoskrnl.exe,func@0x140255da0,[Unknown],0x140255da0
func@0x140cbc720,0.010999,100.0,21.6,64.8,0.0,0.0,0.0,0.0,0.0,0.0,0.0,0.0,0,0,0,nvlddmkm.sys,func@0x140cbc720,[Unknown],0x140cbc720
"std::array<chess::Bitboard,8>::operator[]",0.010999,0.0,0.0,0.0,0.0,0.0,0.0,0.0,0.0,0.0,0.0,0.0,26400792,16500495,0,frankycpp_v1.8.exe,"std::array<chess::Bitboard,8>::operator[]",array,0x1402636ba
chess::Bitboard::operator|=,0.009999,0.0,0.0,0.0,0.0,0.0,0.0,0.0,0.0,,,,106003180,58701761,0,frankycpp_v1.8.exe,chess::Bitboard::operator|=,bitboard.h,0x140269a78
chess::Bitboard::operator~,0.009999,0.0,17.5,17.5,0.0,0.0,0.0,0.0,0.0,,,,30800924,25300759,550231,frankycpp_v1.8.exe,chess::Bitboard::operator~,bitboard.h,0x14026a00a
chess::Direction::{ctor},0.009999,0.0,0.0,0.0,0.0,0.0,0.0,0.0,0.0,,,,26400792,7700231,0,frankycpp_v1.8.exe,chess::Direction::{ctor},direction.h,0x1402636cd
chess::Move::from,0.009999,60.0,12.7,0.0,12.7,0.0,0.0,0.0,0.0,,,,50601518,27500825,0,frankycpp_v1.8.exe,chess::Move::from,move.h,0x14025bfff
chess::Value::operator int,0.009999,0.0,43.2,0.0,0.0,0.0,0.0,0.0,0.0,,,,93902817,51701551,0,frankycpp_v1.8.exe,chess::Value::operator int,value.h,0x14025d6f6
chess::colorOf,0.009999,0.0,0.0,100.0,0.0,0.0,0.0,0.0,0.0,0.0,,0.0,0,3300099,0,frankycpp_v1.8.exe,chess::colorOf,piece.h,0x1402610f1
chess::operator&,0.009999,66.7,0.0,0.0,20.4,0.0,0.0,0.0,0.0,0.0,,0.0,26400792,16500495,0,frankycpp_v1.8.exe,chess::operator&,bitboard.h,0x14026a037
chess::operator&,0.009999,0.0,49.0,0.0,0.0,0.0,0.0,0.0,0.0,0.0,0.0,0.0,84002520,37401122,0,frankycpp_v1.8.exe,chess::operator&,bitboard.h,0x140263bb5
chess::operator+,0.009999,0.0,58.8,0.0,0.0,0.0,0.0,0.0,0.0,0.0,0.0,0.0,41801254,15400462,0,frankycpp_v1.8.exe,chess::operator+,value.h,0x140220311
chess::operator+=,0.009999,0.0,0.0,0.0,0.0,0.0,0.0,0.0,0.0,0.0,0.0,0.0,42901287,28600858,0,frankycpp_v1.8.exe,chess::operator+=,value.h,0x14026a4cf
chess::operator-,0.009999,100.0,91.8,0.0,23.0,0.0,0.0,0.0,0.0,,,,41101233,24200726,0,frankycpp_v1.8.exe,chess::operator-,value.h,0x140221375
chess::operator|,0.009999,0.0,0.0,0.0,0.0,0.0,0.0,0.0,0.0,0.0,0.0,0.0,56101683,24200726,0,frankycpp_v1.8.exe,chess::operator|,bitboard.h,0x14029ea08
chess::operator~,0.009999,0.0,66.8,0.0,0.0,0.0,0.0,0.0,0.0,,,,33401002,8800264,0,frankycpp_v1.8.exe,chess::operator~,color.h,0x14025be8c
chess::typeOf,0.009999,0.0,33.4,0.0,16.7,0.0,0.0,0.0,0.0,0.0,0.0,0.0,24200726,24200726,0,frankycpp_v1.8.exe,chess::typeOf,piece.h,0x14026340e
chess::valueOf,0.009999,0.0,0.0,0.0,0.0,0.0,0.0,0.0,0.0,0.0,0.0,0.0,37401122,14300429,0,frankycpp_v1.8.exe,chess::valueOf,value.h,0x1402202c0
engine::Search::valueFromTt,0.009999,100.0,0.0,0.0,78.7,0.0,0.0,0.0,0.0,,,,6600198,2200066,0,frankycpp_v1.8.exe,"engine::Search::valueFromTt(class chess::Value,enum chess::Depth)",Search.cpp,0x140221790
std::countr_zero,0.009999,0.0,0.0,0.0,0.0,0.0,21.6,0.0,0.0,0.0,0.0,0.0,35201056,41501245,0,frankycpp_v1.8.exe,std::countr_zero,bit,0x14026a520
"std::unique_ptr<engine::PawnTT::Entry [0],std::default_delete<engine::PawnTT::Entry [0]> >::operator[]",0.009999,0.0,36.7,0.0,0.0,0.0,0.0,0.0,0.0,,,,12100363,4400132,0,frankycpp_v1.8.exe,"std::unique_ptr<engine::PawnTT::Entry [0],std::default_delete<engine::PawnTT::Entry [0]> >::operator[]",memory,0x1402212e9
"std::unique_ptr<engine::TT::TTCluster [0],std::default_delete<engine::TT::TTCluster [0]> >::operator[]",0.009999,0.0,35.0,0.0,0.0,0.0,0.0,0.0,0.0,,,,34101023,22000660,0,frankycpp_v1.8.exe,"std::unique_ptr<engine::TT::TTCluster [0],std::default_delete<engine::TT::TTCluster [0]> >::operator[]",memory,0x1402205f9
chess::Bitboard::operator bool,0.008999,0.0,0.0,0.0,0.0,0.0,0.0,0.0,0.0,0.0,0.0,0.0,42901287,27200816,0,frankycpp_v1.8.exe,chess::Bitboard::operator bool,bitboard.h,0x14026a546
chess::Bitboard::operator|=,0.008999,0.0,38.7,38.7,0.0,0.0,0.0,0.0,0.0,,0.0,0.0,23100693,7700231,0,frankycpp_v1.8.exe,chess::Bitboard::operator|=,bitboard.h,0x14026a054
chess::Bitboard::{ctor},0.008999,0.0,0.0,0.0,0.0,0.0,0.0,0.0,0.0,,,,47301419,35201056,0,frankycpp_v1.8.exe,chess::Bitboard::{ctor},bitboard.h,0x14026ab03
chess::Color::iterator::operator++,0.008999,0.0,0.0,0.0,0.0,0.0,0.0,0.0,0.0,0.0,0.0,0.0,11000330,2200066,0,frankycpp_v1.8.exe,chess::Color::iterator::operator++,color.h,0x14026a21c
chess::Move::operator==,0.008999,50.0,52.5,0.0,0.0,0.0,0.0,0.0,0.0,,,,33000990,8100243,0,frankycpp_v1.8.exe,chess::Move::operator==,PVTable.h,0x140262eca
chess::Move::setValue,0.008999,0.0,0.0,0.0,0.0,0.0,0.0,0.0,0.0,,0.0,0.0,30100903,5500165,0,frankycpp_v1.8.exe,chess::Move::setValue,move.h,0x140262fc4
chess::Position::getGamePhaseFactor,0.008999,0.0,0.0,0.0,0.0,0.0,0.0,0.0,0.0,,,,84702541,33000990,0,frankycpp_v1.8.exe,chess::Position::getGamePhaseFactor,Position.h,0x14026991b
chess::Position::getNextPlayer,0.008999,0.0,0.0,0.0,0.0,0.0,0.0,0.0,0.0,0.0,0.0,0.0,16500495,12100363,0,frankycpp_v1.8.exe,chess::Position::getNextPlayer,Position.h,0x140263dae
chess::Position::getPieceBb,0.008999,0.0,0.0,0.0,0.0,0.0,0.0,0.0,0.0,0.0,0.0,0.0,29700891,9200276,0,frankycpp_v1.8.exe,chess::Position::getPieceBb,Position.h,0x14026b3bc
chess::StaticMoveList<256>::empty,0.008999,0.0,0.0,0.0,0.0,0.0,0.0,0.0,0.0,0.0,0.0,0.0,39601188,29700891,0,frankycpp_v1.8.exe,chess::StaticMoveList<256>::empty,staticmovelist.h,0x140262de2
chess::StaticMoveList<256>::end,0.008999,0.0,0.0,0.0,0.0,0.0,0.0,0.0,0.0,,,,33000990,17600528,0,frankycpp_v1.8.exe,chess::StaticMoveList<256>::end,staticmovelist.h,0x140262dee
chess::StaticMoveList<256>::push_back,0.008999,0.0,0.0,10.5,0.0,0.0,0.0,0.0,0.0,,,,16900507,38901167,0,frankycpp_v1.8.exe,chess::StaticMoveList<256>::push_back,staticmovelist.h,0x140263f9a
chess::operator&,0.008999,0.0,0.0,0.0,0.0,0.0,0.0,0.0,0.0,0.0,0.0,0.0,27500825,11000330,0,frankycpp_v1.8.exe,chess::operator&,bitboard.h,0x14029e936
chess::operator&,0.008999,0.0,0.0,0.0,0.0,0.0,0.0,0.0,0.0,,,,111103333,42901287,0,frankycpp_v1.8.exe,chess::operator&,bitboard.h,0x14026aa8d
chess::operator&,0.008999,0.0,0.0,0.0,0.0,0.0,0.0,0.0,0.0,,,,45501365,12500375,0,frankycpp_v1.8.exe,chess::operator&,bitboard.h,0x14026b49d
chess::operator+,0.008999,0.0,0.0,0.0,0.0,0.0,0.0,0.0,0.0,0.0,0.0,0.0,33000990,17600528,0,frankycpp_v1.8.exe,chess::operator+,depth.h,0x140220207
chess::operator+=,0.008999,0.0,0.0,0.0,0.0,0.0,0.0,0.0,0.0,0.0,0.0,0.0,34101023,12100363,0,frankycpp_v1.8.exe,chess::operator+=,value.h,0x14026b348
chess::operator+=,0.008999,0.0,0.0,0.0,0.0,0.0,0.0,0.0,0.0,,,,25300759,11000330,0,frankycpp_v1.8.exe,chess::operator+=,value.h,0x14026b4f9
chess::operator+=,0.008999,0.0,0.0,0.0,0.0,0.0,0.0,0.0,0.0,,,,26800804,23100693,0,frankycpp_v1.8.exe,chess::operator+=,value.h,0x14026ac13
chess::operator-,0.008999,0.0,100.0,0.0,23.0,0.0,0.0,0.0,0.0,0.0,0.0,0.0,13200396,7700231,0,frankycpp_v1.8.exe,chess::operator-,value.h,0x1402639e4
chess::operator-,0.008999,0.0,0.0,0.0,0.0,0.0,0.0,0.0,0.0,0.0,0.0,0.0,29700891,9900297,0,frankycpp_v1.8.exe,chess::operator-,value.h,0x14029e795
chess::operator~,0.008999,0.0,26.2,0.0,26.2,0.0,0.0,0.0,0.0,0.0,0.0,0.0,1100033,2200066,0,frankycpp_v1.8.exe,chess::operator~,color.h,0x14025c4df
engine::Search::evaluate,0.008999,14.3,33.4,0.0,0.0,0.0,0.0,,0.0,,,,120003600,40701221,0,frankycpp_v1.8.exe,engine::Search::evaluate,Search.cpp,0x140220fc7
func@0x14029ea20,0.008999,100.0,0.0,0.0,28.3,0.0,0.0,0.0,0.0,,,,5900177,0,0,ntoskrnl.exe,func@0x14029ea20,[Unknown],0x14029ea20
func@0x1402eb8ad,0.008999,0.0,0.0,0.0,33.4,0.0,0.0,0.0,0.0,0.0,0.0,0.0,8800264,2200066,0,ntoskrnl.exe,func@0x1402eb8ad,[Unknown],0x1402eb8ad
func@0x18001d470,0.008999,20.0,17.5,17.5,0.0,0.0,0.0,0.0,0.0,0.0,0.0,0.0,34101023,42901287,0,ntdll.dll,func@0x18001d470,[Unknown],0x18001d470
std::countr_zero,0.008999,0.0,0.0,0.0,0.0,0.0,24.5,0.0,0.0,0.0,0.0,0.0,31900957,11000330,0,frankycpp_v1.8.exe,std::countr_zero,bit,0x14026a5b0
std::min,0.008999,0.0,0.0,0.0,0.0,0.0,0.0,0.0,0.0,,,,27500825,5500165,0,frankycpp_v1.8.exe,std::min,utility,0x140220437
std::popcount,0.008999,0.0,0.0,0.0,0.0,0.0,0.0,0.0,0.0,,,,36001080,14300429,0,frankycpp_v1.8.exe,std::popcount,bit,0x14026b272
chess::Bitboard::shifted,0.007999,0.0,0.0,24.5,0.0,0.0,0.0,0.0,0.0,0.0,0.0,0.0,12100363,8800264,0,frankycpp_v1.8.exe,chess::Bitboard::shifted,bitboard.h,0x140263537
chess::Bitboard::{ctor},0.007999,0.0,0.0,0.0,0.0,0.0,0.0,0.0,0.0,0.0,0.0,0.0,23100693,40001200,0,frankycpp_v1.8.exe,chess::Bitboard::{ctor},bitboard.h,0x14025c462
chess::Move::encode,0.007999,0.0,0.0,0.0,0.0,0.0,0.0,0.0,0.0,,,,11000330,6600198,0,frankycpp_v1.8.exe,chess::Move::encode,move.h,0x14026401e
chess::Move::operator==,0.007999,0.0,0.0,0.0,0.0,0.0,0.0,0.0,0.0,0.0,0.0,0.0,32300969,11400342,0,frankycpp_v1.8.exe,chess::Move::operator==,PVTable.h,0x140262ee9
chess::Position::getPieceBb,0.007999,0.0,0.0,0.0,0.0,0.0,0.0,0.0,0.0,0.0,0.0,0.0,22000660,2200066,0,frankycpp_v1.8.exe,chess::Position::getPieceBb,Position.h,0x14026b16a
chess::Square::rank,0.007999,0.0,100.0,0.0,0.0,0.0,0.0,0.0,0.0,0.0,0.0,0.0,17600528,2600078,0,frankycpp_v1.8.exe,chess::Square::rank,square.h,0x14026a1ea
chess::StaticMoveList<128>::push_back,0.007999,0.0,73.5,0.0,0.0,0.0,0.0,0.0,0.0,0.0,0.0,0.0,7700231,1100033,0,frankycpp_v1.8.exe,chess::StaticMoveList<128>::push_back,staticmovelist.h,0x140220616
chess::operator&,0.007999,0.0,0.0,0.0,0.0,0.0,0.0,0.0,0.0,0.0,0.0,0.0,17600528,4400132,0,frankycpp_v1.8.exe,chess::operator&,bitboard.h,0x14026a088
chess::operator&,0.007999,0.0,0.0,0.0,0.0,0.0,0.0,0.0,0.0,0.0,0.0,0.0,19800594,9900297,0,frankycpp_v1.8.exe,chess::operator&,bitboard.h,0x14026a5fa
chess::operator-,0.007999,0.0,81.6,0.0,0.0,0.0,0.0,0.0,0.0,0.0,0.0,0.0,27500825,8800264,0,frankycpp_v1.8.exe,chess::operator-,value.h,0x140263c51
chess::operator|,0.007999,0.0,0.0,0.0,0.0,0.0,0.0,0.0,0.0,,,,50301509,22400672,0,frankycpp_v1.8.exe,chess::operator|,bitboard.h,0x14025c5cd
engine::Evaluator::valueFromScore,0.007999,0.0,0.0,0.0,26.2,0.0,0.0,0.0,0.0,0.0,0.0,0.0,56101683,58301749,0,frankycpp_v1.8.exe,engine::Evaluator::valueFromScore,Evaluator.cpp,0x14026998c
func@0x140256400,0.007999,0.0,45.9,45.9,0.0,0.0,0.0,0.0,0.0,0.0,0.0,0.0,2200066,4400132,0,ntoskrnl.exe,func@0x140256400,[Unknown],0x140256400
func@0x140294a20,0.007999,0.0,0.0,0.0,0.0,0.0,0.0,0.0,0.0,0.0,0.0,0.0,9900297,3300099,0,ntoskrnl.exe,func@0x140294a20,[Unknown],0x140294a20
"std::array<chess::HistoryState,1024>::operator[]",0.007999,40.0,73.5,10.5,0.0,0.0,0.0,,0.0,0.0,0.0,0.0,35201056,15400462,0,frankycpp_v1.8.exe,"std::array<chess::HistoryState,1024>::operator[]",array,0x14025be9a
chess::Bitboard::operator bool,0.007000,0.0,0.0,0.0,0.0,0.0,0.0,0.0,0.0,0.0,0.0,0.0,40701221,20900627,0,frankycpp_v1.8.exe,chess::Bitboard::operator bool,bitboard.h,0x14026a68b
chess::Bitboard::operator|=,0.007000,0.0,0.0,0.0,0.0,0.0,0.0,,0.0,,,,20900627,18000540,0,frankycpp_v1.8.exe,chess::Bitboard::operator|=,bitboard.h,0x140269a38
chess::Bitboard::operator|=,0.007000,0.0,0.0,0.0,0.0,0.0,0.0,0.0,0.0,,,,24200726,22800684,0,frankycpp_v1.8.exe,chess::Bitboard::operator|=,bitboard.h,0x140269a95
chess::Move::encode,0.007000,0.0,0.0,0.0,0.0,0.0,0.0,0.0,0.0,,,,13200396,6600198,0,frankycpp_v1.8.exe,chess::Move::encode,move.h,0x140263fa1
chess::Move::operator==,0.007000,0.0,0.0,0.0,0.0,0.0,0.0,0.0,0.0,0.0,0.0,0.0,24200726,17600528,0,frankycpp_v1.8.exe,chess::Move::operator==,PVTable.h,0x1402200fb
chess::Move::type,0.007000,20.0,0.0,0.0,0.0,0.0,0.0,0.0,0.0,0.0,0.0,0.0,30800924,11000330,0,frankycpp_v1.8.exe,chess::Move::type,move.h,0x14029e63d
chess::Position::getKingSquare,0.007000,0.0,0.0,0.0,0.0,0.0,0.0,0.0,0.0,0.0,0.0,0.0,75902277,12100363,0,frankycpp_v1.8.exe,chess::Position::getKingSquare,Position.h,0x140269a05
chess::Position::getPieceBb,0.007000,0.0,0.0,0.0,0.0,0.0,0.0,0.0,0.0,0.0,0.0,0.0,23100693,8800264,0,frankycpp_v1.8.exe,chess::Position::getPieceBb,Position.h,0x14026b23f
chess::Square::file,0.007000,0.0,0.0,0.0,0.0,0.0,0.0,0.0,0.0,0.0,0.0,0.0,19800594,12100363,0,frankycpp_v1.8.exe,chess::Square::file,square.h,0x14025bd93
chess::operator&,0.007000,0.0,0.0,0.0,0.0,0.0,0.0,0.0,0.0,0.0,0.0,0.0,6600198,5500165,0,frankycpp_v1.8.exe,chess::operator&,bitboard.h,0x14025c42f
chess::operator+,0.007000,0.0,45.9,0.0,0.0,0.0,0.0,0.0,0.0,0.0,0.0,0.0,41101233,14700441,0,frankycpp_v1.8.exe,chess::operator+,value.h,0x140220315
chess::operator+=,0.007000,50.0,0.0,0.0,0.0,0.0,0.0,0.0,0.0,0.0,0.0,0.0,50601518,26400792,0,frankycpp_v1.8.exe,chess::operator+=,value.h,0x14026a639
chess::operator-,0.007000,0.0,0.0,0.0,0.0,16.7,0.0,0.0,0.0,,,,27900837,26400792,0,frankycpp_v1.8.exe,chess::operator-,value.h,0x140263931
chess::operator>=,0.007000,0.0,0.0,0.0,0.0,0.0,0.0,,0.0,,,,36301089,13200396,0,frankycpp_v1.8.exe,chess::operator>=,value.h,0x14022162d
chess::operator|,0.007000,0.0,0.0,0.0,0.0,0.0,0.0,0.0,0.0,,,,13200396,3300099,0,frankycpp_v1.8.exe,chess::operator|,bitboard.h,0x14026b224
chess::operator|,0.007000,0.0,0.0,0.0,0.0,0.0,0.0,0.0,0.0,0.0,0.0,0.0,26400792,25300759,0,frankycpp_v1.8.exe,chess::operator|,bitboard.h,0x14025c410
chess::operator~,0.007000,0.0,0.0,0.0,0.0,0.0,0.0,0.0,0.0,,,,20200606,16500495,0,frankycpp_v1.8.exe,chess::operator~,color.h,0x140263fd4
chess::typeOf,0.007000,0.0,0.0,0.0,0.0,0.0,0.0,0.0,0.0,0.0,0.0,0.0,9900297,8800264,0,frankycpp_v1.8.exe,chess::typeOf,piece.h,0x1402633ff
chess::typeOf,0.007000,0.0,0.0,0.0,0.0,0.0,0.0,0.0,0.0,0.0,0.0,0.0,20900627,5500165,0,frankycpp_v1.8.exe,chess::typeOf,piece.h,0x14029e776
engine::PVTable::clear,0.007000,0.0,0.0,0.0,0.0,0.0,0.0,0.0,0.0,0.0,0.0,0.0,9900297,4800144,0,frankycpp_v1.8.exe,engine::PVTable::clear,PVTable.h,0x14021f2b6
engine::Search::thread,0.007000,0.0,0.0,0.0,0.0,0.0,0.0,0.0,0.0,,,,25300759,7700231,0,frankycpp_v1.8.exe,engine::Search::thread,Search.h,0x1402204b9
func@0x1402947e0,0.007000,50.0,0.0,0.0,100.0,0.0,0.0,0.0,0.0,,,,4800144,0,0,ntoskrnl.exe,func@0x1402947e0,[Unknown],0x1402947e0
"std::array<int,64>::operator[]",0.007000,0.0,0.0,0.0,0.0,0.0,73.5,0.0,0.0,0.0,0.0,0.0,13200396,3300099,0,frankycpp_v1.8.exe,"std::array<int,64>::operator[]",array,0x140220419
"std::array<std::array<int,64>,64>::operator[]",0.007000,0.0,0.0,0.0,28.3,0.0,0.0,0.0,0.0,0.0,0.0,0.0,20900627,4400132,0,frankycpp_v1.8.exe,"std::array<std::array<int,64>,64>::operator[]",array,0x140262f45
std::countr_zero,0.007000,33.3,0.0,0.0,0.0,0.0,0.0,0.0,0.0,0.0,0.0,0.0,35201056,27500825,0,frankycpp_v1.8.exe,std::countr_zero,bit,0x14026a6a0
std::popcount,0.007000,0.0,0.0,0.0,0.0,0.0,0.0,0.0,0.0,0.0,0.0,0.0,27500825,14300429,0,frankycpp_v1.8.exe,std::popcount,bit,0x14026a41c
"std::unique_ptr<engine::PawnTT::Entry [0],std::default_delete<engine::PawnTT::Entry [0]> >::operator[]",0.007000,0.0,45.9,45.9,0.0,0.0,0.0,0.0,0.0,0.0,0.0,0.0,5500165,1100033,0,frankycpp_v1.8.exe,"std::unique_ptr<engine::PawnTT::Entry [0],std::default_delete<engine::PawnTT::Entry [0]> >::operator[]",memory,0x14026a2d6
RtlFreeHeap,0.006000,0.0,0.0,40.8,40.8,20.4,0.0,0.0,0.0,0.0,0.0,0.0,0,0,0,ntdll.dll,RtlFreeHeap,[Unknown],0x180078ba0
_std_type_info_compare,0.006000,0.0,0.0,0.0,0.0,0.0,0.0,0.0,0.0,0.0,0.0,0.0,38501155,31900957,0,vcruntime140.dll,_std_type_info_compare,[Unknown],0x180005030
chess::Bitboard::operator|=,0.006000,0.0,0.0,0.0,0.0,0.0,0.0,0.0,0.0,0.0,0.0,0.0,16500495,7700231,0,frankycpp_v1.8.exe,chess::Bitboard::operator|=,bitboard.h,0x14026a007
chess::Move::encode,0.006000,0.0,100.0,0.0,0.0,0.0,0.0,0.0,0.0,0.0,0.0,0.0,7700231,11000330,0,frankycpp_v1.8.exe,chess::Move::encode,move.h,0x140263928
chess::Move::setValue,0.006000,0.0,0.0,0.0,0.0,0.0,0.0,0.0,0.0,,,,20900627,1100033,0,frankycpp_v1.8.exe,chess::Move::setValue,move.h,0x140262ef1
chess::Move::stripped,0.006000,0.0,0.0,0.0,0.0,0.0,0.0,0.0,0.0,0.0,0.0,0.0,27500825,16500495,0,frankycpp_v1.8.exe,chess::Move::stripped,move.h,0x140260efc
chess::Move::to,0.006000,100.0,66.8,0.0,0.0,0.0,0.0,0.0,0.0,0.0,0.0,0.0,2200066,2200066,0,frankycpp_v1.8.exe,chess::Move::to,move.h,0x1402610a2
chess::Move::{ctor},0.006000,0.0,0.0,0.0,0.0,0.0,0.0,0.0,0.0,0.0,0.0,0.0,11000330,11000330,0,frankycpp_v1.8.exe,chess::Move::{ctor},move.h,0x140263f84
chess::Move::{ctor},0.006000,0.0,0.0,0.0,0.0,0.0,0.0,0.0,0.0,0.0,0.0,0.0,21300639,8800264,0,frankycpp_v1.8.exe,chess::Move::{ctor},move.h,0x140264006
chess::Position::getKingSquare,0.006000,0.0,0.0,0.0,0.0,0.0,0.0,0.0,0.0,0.0,0.0,0.0,14300429,10300309,0,frankycpp_v1.8.exe,chess::Position::getKingSquare,Position.h,0x14026adb9
chess::Position::getPieceBb,0.006000,0.0,0.0,0.0,0.0,0.0,0.0,,0.0,0.0,0.0,0.0,33000990,45101353,0,frankycpp_v1.8.exe,chess::Position::getPieceBb,Position.h,0x14026a7b8
chess::Square::rank,0.006000,0.0,0.0,0.0,0.0,0.0,0.0,0.0,0.0,0.0,0.0,0.0,19800594,14700441,0,frankycpp_v1.8.exe,chess::Square::rank,square.h,0x14026aac5
chess::Value::operator int,0.006000,0.0,0.0,0.0,61.2,0.0,0.0,0.0,0.0,0.0,0.0,0.0,2200066,0,0,frankycpp_v1.8.exe,chess::Value::operator int,value.h,0x140220edc
chess::moveValueGreaterComparator::operator(),0.006000,0.0,0.0,0.0,0.0,0.0,0.0,0.0,0.0,0.0,0.0,0.0,5500165,3300099,0,frankycpp_v1.8.exe,chess::moveValueGreaterComparator::operator(),move.h,0x140264440
chess::operator&,0.006000,0.0,0.0,0.0,0.0,0.0,0.0,0.0,0.0,0.0,0.0,0.0,6600198,4400132,0,frankycpp_v1.8.exe,chess::operator&,bitboard.h,0x14026a048
chess::operator&,0.006000,0.0,0.0,0.0,0.0,0.0,0.0,0.0,0.0,0.0,0.0,0.0,16500495,24200726,0,frankycpp_v1.8.exe,chess::operator&,bitboard.h,0x14026a498
chess::operator+=,0.006000,0.0,0.0,0.0,0.0,0.0,0.0,0.0,0.0,,,,14300429,15800474,0,frankycpp_v1.8.exe,chess::operator+=,value.h,0x14026a762
chess::operator|,0.006000,0.0,0.0,0.0,0.0,0.0,0.0,0.0,0.0,0.0,0.0,0.0,23500705,18700561,0,frankycpp_v1.8.exe,chess::operator|,bitboard.h,0x14026a3b9
chess::operator|,0.006000,0.0,0.0,0.0,0.0,0.0,0.0,0.0,0.0,0.0,0.0,0.0,18700561,13200396,0,frankycpp_v1.8.exe,chess::operator|,bitboard.h,0x140264080
chess::operator~,0.006000,0.0,0.0,0.0,0.0,0.0,0.0,0.0,0.0,0.0,0.0,0.0,11000330,3300099,0,frankycpp_v1.8.exe,chess::operator~,color.h,0x1402215da
engine::TT::getClusterIndex,0.006000,0.0,45.9,0.0,0.0,0.0,0.0,0.0,0.0,0.0,0.0,0.0,27500825,18700561,0,frankycpp_v1.8.exe,engine::TT::getClusterIndex,TT.h,0x14026d3a1
func@0x1403220b0,0.006000,0.0,0.0,100.0,0.0,0.0,0.0,0.0,0.0,0.0,0.0,0.0,3300099,1100033,0,ntoskrnl.exe,func@0x1403220b0,[Unknown],0x1403220b0
"std::array<std::array<chess::Bitboard,64>,2>::operator[]",0.006000,0.0,100.0,0.0,0.0,0.0,0.0,0.0,0.0,0.0,0.0,0.0,13200396,13200396,0,frankycpp_v1.8.exe,"std::array<std::array<chess::Bitboard,64>,2>::operator[]",array,0x14026a7e0
"std::array<std::array<int,64>,64>::operator[]",0.006000,0.0,0.0,0.0,0.0,0.0,0.0,0.0,0.0,0.0,0.0,0.0,7700231,5500165,0,frankycpp_v1.8.exe,"std::array<std::array<int,64>,64>::operator[]",array,0x14022090e
std::max,0.006000,0.0,0.0,0.0,0.0,0.0,0.0,0.0,0.0,,,,42901287,19800594,0,frankycpp_v1.8.exe,std::max,utility,0x14029e7af
std::popcount,0.006000,0.0,0.0,0.0,0.0,0.0,0.0,0.0,0.0,0.0,0.0,0.0,34101023,15400462,0,frankycpp_v1.8.exe,std::popcount,bit,0x14026b4a5
chess::Bitboard::operator bool,0.005000,0.0,0.0,0.0,0.0,0.0,0.0,0.0,0.0,,,,12100363,2200066,0,frankycpp_v1.8.exe,chess::Bitboard::operator bool,bitboard.h,0x14026b06b
chess::Bitboard::operator bool,0.005000,0.0,0.0,0.0,0.0,0.0,0.0,0.0,0.0,,0.0,0.0,15800474,9900297,0,frankycpp_v1.8.exe,chess::Bitboard::operator bool,bitboard.h,0x140264054
chess::Bitboard::operator bool,0.005000,0.0,0.0,0.0,0.0,0.0,0.0,0.0,0.0,0.0,0.0,0.0,7700231,4400132,0,frankycpp_v1.8.exe,chess::Bitboard::operator bool,bitboard.h,0x14026a217
chess::Bitboard::operator|=,0.005000,0.0,0.0,52.5,0.0,0.0,0.0,0.0,0.0,0.0,0.0,0.0,28600858,14300429,0,frankycpp_v1.8.exe,chess::Bitboard::operator|=,bitboard.h,0x14029e823
chess::Bitboard::operator|=,0.005000,0.0,0.0,40.8,0.0,0.0,0.0,0.0,0.0,,,,36701101,16900507,0,frankycpp_v1.8.exe,chess::Bitboard::operator|=,bitboard.h,0x14026a3e9
chess::Bitboard::popLSB,0.005000,0.0,0.0,45.9,0.0,0.0,0.0,0.0,0.0,,,,6600198,4400132,0,frankycpp_v1.8.exe,chess::Bitboard::popLSB,bitboard.h,0x140263ce4
chess::Bitboard::popLSB,0.005000,0.0,0.0,0.0,0.0,0.0,0.0,0.0,0.0,0.0,0.0,0.0,11000330,3300099,0,frankycpp_v1.8.exe,chess::Bitboard::popLSB,bitboard.h,0x140269fc0
chess::Direction::pawnPush,0.005000,0.0,0.0,40.8,0.0,0.0,0.0,0.0,0.0,0.0,0.0,0.0,22000660,16500495,0,frankycpp_v1.8.exe,chess::Direction::pawnPush,direction.h,0x1402636a0
chess::Move::setValue,0.005000,0.0,0.0,0.0,0.0,0.0,0.0,0.0,0.0,0.0,0.0,0.0,14300429,4800144,0,frankycpp_v1.8.exe,chess::Move::setValue,move.h,0x140262f10
chess::Move::to,0.005000,0.0,0.0,0.0,0.0,0.0,0.0,0.0,0.0,0.0,0.0,0.0,15400462,4400132,0,frankycpp_v1.8.exe,chess::Move::to,move.h,0x14022053a
chess::Move::value,0.005000,0.0,0.0,61.2,0.0,0.0,0.0,0.0,0.0,0.0,0.0,0.0,22000660,5500165,0,frankycpp_v1.8.exe,chess::Move::value,move.h,0x140262fc8
chess::Square::file,0.005000,0.0,0.0,0.0,0.0,0.0,0.0,0.0,0.0,,,,17600528,4400132,0,frankycpp_v1.8.exe,chess::Square::file,square.h,0x14026af35
chess::Square::rank,0.005000,0.0,0.0,0.0,0.0,0.0,0.0,0.0,0.0,0.0,0.0,0.0,6600198,1100033,0,frankycpp_v1.8.exe,chess::Square::rank,square.h,0x14026a1e2
chess::operator&,0.005000,0.0,0.0,0.0,0.0,0.0,0.0,0.0,0.0,0.0,0.0,0.0,47301419,26400792,0,frankycpp_v1.8.exe,chess::operator&,bitboard.h,0x14029e94e
chess::operator&,0.005000,0.0,0.0,0.0,0.0,0.0,0.0,0.0,0.0,,,,18700561,17600528,0,frankycpp_v1.8.exe,chess::operator&,bitboard.h,0x140263e2b
chess::operator+,0.005000,0.0,0.0,0.0,0.0,0.0,0.0,0.0,0.0,0.0,0.0,0.0,4400132,3300099,0,frankycpp_v1.8.exe,chess::operator+,direction.h,0x14026a07c
chess::operator|,0.005000,0.0,0.0,0.0,0.0,0.0,0.0,0.0,0.0,0.0,0.0,0.0,31900957,9900297,0,frankycpp_v1.8.exe,chess::operator|,bitboard.h,0x14025c3de
engine::Evaluator::valueFromScore,0.005000,0.0,0.0,0.0,0.0,0.0,0.0,0.0,0.0,0.0,0.0,0.0,27500825,6600198,0,frankycpp_v1.8.exe,engine::Evaluator::valueFromScore,Evaluator.cpp,0x140269d85
func@0x1400010e0,0.005000,50.0,100.0,0.0,0.0,0.0,0.0,0.0,0.0,0.0,0.0,0.0,0,0,0,intelppm.sys,func@0x1400010e0,[Unknown],0x1400010e0
func@0x140296b30,0.005000,100.0,0.0,0.0,0.0,0.0,0.0,0.0,0.0,0.0,0.0,0.0,1100033,0,0,ntoskrnl.exe,func@0x140296b30,[Unknown],0x140296b30
func@0x1402e6c70,0.005000,0.0,100.0,0.0,100.0,0.0,0.0,0.0,0.0,0.0,0.0,0.0,0,2200066,0,ntoskrnl.exe,func@0x1402e6c70,[Unknown],0x1402e6c70
func@0x1402ecb40,0.005000,0.0,0.0,0.0,0.0,0.0,0.0,0.0,0.0,0.0,0.0,0.0,0,1100033,0,ntoskrnl.exe,func@0x1402ecb40,[Unknown],0x1402ecb40
func@0x14033c480,0.005000,,0.0,0.0,84.8,0.0,0.0,0.0,0.0,0.0,0.0,0.0,2200066,3300099,0,ntoskrnl.exe,func@0x14033c480,[Unknown],0x14033c480
func@0x140343680,0.005000,0.0,0.0,0.0,0.0,0.0,0.0,0.0,0.0,0.0,0.0,0.0,4400132,1100033,0,ntoskrnl.exe,func@0x140343680,[Unknown],0x140343680
func@0x14040f6d0,0.005000,100.0,100.0,0.0,0.0,100.0,0.0,0.0,0.0,0.0,0.0,0.0,1100033,0,0,ntoskrnl.exe,func@0x14040f6d0,[Unknown],0x14040f6d0
"std::_Atomic_storage<unsigned __int64,8>::load",0.005000,25.0,40.8,0.0,100.0,0.0,0.0,0.0,0.0,,,,1100033,6600198,0,frankycpp_v1.8.exe,"std::_Atomic_storage<unsigned __int64,8>::load",atomic,0x14026d6b7
"std::array<chess::Bitboard,64>::operator[]",0.005000,0.0,0.0,0.0,0.0,0.0,0.0,0.0,0.0,0.0,0.0,0.0,21300639,16900507,0,frankycpp_v1.8.exe,"std::array<chess::Bitboard,64>::operator[]",array,0x14025d640
"std::array<int,64>::operator[]",0.005000,0.0,100.0,0.0,0.0,0.0,0.0,0.0,0.0,,,,20200606,14300429,0,frankycpp_v1.8.exe,"std::array<int,64>::operator[]",array,0x14022091a
"std::array<int,64>::operator[]",0.005000,0.0,66.8,0.0,0.0,0.0,0.0,0.0,0.0,0.0,0.0,0.0,34101023,7700231,0,frankycpp_v1.8.exe,"std::array<int,64>::operator[]",array,0x1402204c5
"std::array<std::array<chess::Bitboard,64>,2>::operator[]",0.005000,0.0,0.0,0.0,0.0,0.0,0.0,0.0,0.0,0.0,0.0,0.0,31200936,22000660,0,frankycpp_v1.8.exe,"std::array<std::array<chess::Bitboard,64>,2>::operator[]",array,0x14026a7bb
"std::array<std::array<chess::Bitboard,64>,8>::operator[]",0.005000,0.0,0.0,0.0,0.0,0.0,0.0,0.0,0.0,0.0,0.0,0.0,16500495,15400462,0,frankycpp_v1.8.exe,"std::array<std::array<chess::Bitboard,64>,8>::operator[]",array,0x14026ab2e
std::countr_zero,0.005000,0.0,0.0,0.0,0.0,0.0,0.0,0.0,0.0,0.0,0.0,0.0,11000330,13200396,0,frankycpp_v1.8.exe,std::countr_zero,bit,0x1402633f8
std::popcount,0.005000,0.0,0.0,0.0,0.0,0.0,0.0,0.0,0.0,0.0,0.0,0.0,23100693,5500165,0,frankycpp_v1.8.exe,std::popcount,bit,0x14026a0dd
boost::archive::detail::basic_iarchive::load_object,0.004000,0.0,0.0,0.0,0.0,0.0,0.0,0.0,0.0,0.0,0.0,0.0,15400462,9900297,0,frankycpp_v1.8.exe,"boost::archive::detail::basic_iarchive::load_object(void *,class boost::archive::detail::basic_iserializer const &)",basic_iarchive.cpp,0x1402aef00
chess::Bitboard::operator bool,0.004000,0.0,81.6,0.0,0.0,0.0,0.0,0.0,0.0,,,,3300099,4800144,0,frankycpp_v1.8.exe,chess::Bitboard::operator bool,bitboard.h,0x140269a25
chess::Bitboard::operator bool,0.004000,0.0,0.0,0.0,0.0,0.0,0.0,0.0,0.0,0.0,0.0,0.0,12100363,3300099,0,frankycpp_v1.8.exe,chess::Bitboard::operator bool,bitboard.h,0x140269f78
chess::Bitboard::operator bool,0.004000,0.0,0.0,0.0,0.0,0.0,0.0,0.0,0.0,0.0,0.0,0.0,7700231,6600198,0,frankycpp_v1.8.exe,chess::Bitboard::operator bool,bitboard.h,0x14026a4ec
chess::Bitboard::popLSB,0.004000,0.0,0.0,0.0,0.0,0.0,0.0,0.0,0.0,0.0,0.0,0.0,3300099,3300099,0,frankycpp_v1.8.exe,chess::Bitboard::popLSB,bitboard.h,0x140263f70
chess::Move::encode,0.004000,0.0,0.0,0.0,0.0,0.0,0.0,0.0,0.0,0.0,0.0,0.0,4400132,1100033,0,frankycpp_v1.8.exe,chess::Move::encode,move.h,0x1402639db
chess::Move::promotionType,0.004000,0.0,0.0,0.0,0.0,0.0,0.0,0.0,0.0,0.0,0.0,0.0,16500495,11000330,0,frankycpp_v1.8.exe,chess::Move::promotionType,move.h,0x14025c5be
chess::Move::setValue,0.004000,,0.0,0.0,0.0,0.0,0.0,0.0,0.0,0.0,0.0,0.0,14300429,4400132,0,frankycpp_v1.8.exe,chess::Move::setValue,move.h,0x140262ed2
chess::Move::to,0.004000,100.0,100.0,0.0,0.0,0.0,0.0,0.0,0.0,0.0,0.0,0.0,18700561,2200066,0,frankycpp_v1.8.exe,chess::Move::to,move.h,0x14029e6bf
chess::Position::getOccupiedBb,0.004000,0.0,0.0,0.0,0.0,0.0,0.0,0.0,0.0,0.0,0.0,0.0,13200396,2200066,0,frankycpp_v1.8.exe,chess::Position::getOccupiedBb,Position.h,0x14026b3e5
chess::Position::undoNullMove,0.004000,0.0,0.0,0.0,0.0,0.0,0.0,0.0,0.0,0.0,0.0,0.0,9200276,4400132,0,frankycpp_v1.8.exe,chess::Position::undoNullMove(void),Position.cpp,0x14025c180
chess::Rank::promotionFor,0.004000,0.0,0.0,0.0,0.0,0.0,0.0,0.0,0.0,0.0,0.0,0.0,17600528,20900627,0,frankycpp_v1.8.exe,chess::Rank::promotionFor,rank.h,0x1402637ff
chess::Square::rank,0.004000,0.0,0.0,0.0,0.0,0.0,0.0,0.0,0.0,,,,11400342,2200066,0,frankycpp_v1.8.exe,chess::Square::rank,square.h,0x14026ae03
chess::Square::{ctor},0.004000,0.0,0.0,0.0,0.0,0.0,0.0,0.0,0.0,0.0,0.0,0.0,21300639,5500165,0,frankycpp_v1.8.exe,chess::Square::{ctor},square.h,0x14026a5cb
chess::Value::isCheckMate,0.004000,0.0,0.0,0.0,73.5,0.0,0.0,0.0,0.0,,,,23500705,16500495,0,frankycpp_v1.8.exe,chess::Value::isCheckMate,value.h,0x140221794
chess::operator&,0.004000,0.0,0.0,0.0,0.0,0.0,0.0,0.0,0.0,0.0,0.0,0.0,5500165,4400132,0,frankycpp_v1.8.exe,chess::operator&,bitboard.h,0x14026a028
chess::operator&,0.004000,0.0,0.0,0.0,0.0,0.0,73.5,0.0,0.0,0.0,0.0,0.0,17600528,7700231,0,frankycpp_v1.8.exe,chess::operator&,bitboard.h,0x1402215e5
chess::operator&,0.004000,0.0,0.0,0.0,0.0,0.0,0.0,0.0,0.0,,,,31900957,8800264,0,frankycpp_v1.8.exe,chess::operator&,bitboard.h,0x14026b188
chess::operator&,0.004000,0.0,0.0,0.0,0.0,0.0,0.0,0.0,0.0,0.0,0.0,0.0,10300309,2200066,0,frankycpp_v1.8.exe,chess::operator&,bitboard.h,0x140261331
chess::operator&,0.004000,0.0,0.0,100.0,0.0,0.0,0.0,0.0,0.0,,,,12100363,6600198,0,frankycpp_v1.8.exe,chess::operator&,bitboard.h,0x14026aed7
chess::operator&,0.004000,0.0,0.0,0.0,0.0,0.0,0.0,0.0,0.0,0.0,0.0,0.0,8800264,3700111,0,frankycpp_v1.8.exe,chess::operator&,bitboard.h,0x14026139a
chess::operator&,0.004000,0.0,0.0,0.0,0.0,0.0,0.0,0.0,0.0,0.0,0.0,0.0,7700231,4400132,0,frankycpp_v1.8.exe,chess::operator&,bitboard.h,0x14026a40f
chess::operator*,0.004000,0.0,0.0,0.0,0.0,0.0,0.0,0.0,0.0,0.0,0.0,0.0,23100693,8800264,0,frankycpp_v1.8.exe,chess::operator*,value.h,0x140269994
chess::operator+,0.004000,0.0,0.0,0.0,0.0,0.0,0.0,0.0,0.0,0.0,0.0,0.0,12100363,1100033,0,frankycpp_v1.8.exe,chess::operator+,direction.h,0x14025c316
chess::operator+=,0.004000,0.0,0.0,61.2,0.0,0.0,0.0,0.0,0.0,0.0,0.0,0.0,24200726,19800594,0,frankycpp_v1.8.exe,chess::operator+=,value.h,0x140269956
chess::operator+=,0.004000,100.0,0.0,0.0,0.0,0.0,0.0,0.0,0.0,,,,2200066,2200066,0,frankycpp_v1.8.exe,chess::operator+=,value.h,0x140269ec3
chess::operator-,0.004000,0.0,0.0,0.0,0.0,0.0,0.0,0.0,0.0,0.0,0.0,0.0,5500165,13200396,0,frankycpp_v1.8.exe,chess::operator-,direction.h,0x140263403
chess::operator|,0.004000,0.0,0.0,0.0,0.0,0.0,0.0,0.0,0.0,0.0,0.0,0.0,3300099,0,0,frankycpp_v1.8.exe,chess::operator|,bitboard.h,0x14026a040
chess::operator|,0.004000,0.0,0.0,0.0,0.0,0.0,0.0,0.0,0.0,,,,19800594,13200396,0,frankycpp_v1.8.exe,chess::operator|,bitboard.h,0x14026a5b8
chess::operator|,0.004000,0.0,0.0,0.0,10.5,0.0,0.0,0.0,0.0,,,,12100363,7700231,0,frankycpp_v1.8.exe,chess::operator|,bitboard.h,0x14026aec7
chess::operator|,0.004000,0.0,0.0,0.0,0.0,0.0,0.0,0.0,0.0,0.0,0.0,0.0,19100573,15400462,0,frankycpp_v1.8.exe,chess::operator|,bitboard.h,0x14026a9e4
chess::operator|,0.004000,0.0,0.0,0.0,30.6,0.0,0.0,0.0,0.0,0.0,0.0,0.0,13200396,18700561,0,frankycpp_v1.8.exe,chess::operator|,bitboard.h,0x140263685
chess::operator~,0.004000,0.0,0.0,30.6,0.0,0.0,0.0,0.0,0.0,0.0,0.0,0.0,32300969,19800594,0,frankycpp_v1.8.exe,chess::operator~,color.h,0x14026a86a
chess::operator~,0.004000,0.0,100.0,0.0,0.0,0.0,0.0,0.0,0.0,0.0,0.0,0.0,14300429,14300429,0,frankycpp_v1.8.exe,chess::operator~,color.h,0x14026302d
chess::typeOf,0.004000,0.0,0.0,0.0,0.0,0.0,0.0,0.0,0.0,,,,7000210,17300519,0,frankycpp_v1.8.exe,chess::typeOf,piece.h,0x14025d61a
engine::PawnTT::prefetch,0.004000,0.0,0.0,0.0,0.0,0.0,0.0,0.0,0.0,,,,5500165,1100033,0,frankycpp_v1.8.exe,engine::PawnTT::prefetch,PawnTT.h,0x1402212e0
func@0x14002706b,0.004000,33.3,0.0,0.0,0.0,100.0,0.0,0.0,0.0,0.0,0.0,0.0,1100033,2200066,0,dxgmms2.sys,func@0x14002706b,[Unknown],0x14002706b
func@0x140222210,0.004000,0.0,0.0,0.0,100.0,0.0,0.0,0.0,0.0,0.0,0.0,0.0,1100033,1100033,0,ntoskrnl.exe,func@0x140222210,[Unknown],0x140222210
func@0x1402e4c76,0.004000,100.0,0.0,28.3,28.3,0.0,0.0,0.0,0.0,0.0,0.0,0.0,11000330,2200066,0,ntoskrnl.exe,func@0x1402e4c76,[Unknown],0x1402e4c76
func@0x1403993e0,0.004000,0.0,0.0,0.0,100.0,0.0,0.0,0.0,0.0,0.0,0.0,0.0,1100033,0,0,nvlddmkm.sys,func@0x1403993e0,[Unknown],0x1403993e0
func@0x1404206e2,0.004000,0.0,0.0,0.0,0.0,0.0,0.0,0.0,0.0,0.0,0.0,0.0,0,0,0,ntoskrnl.exe,func@0x1404206e2,[Unknown],0x1404206e2
func@0x1406b92ae,0.004000,33.3,0.0,0.0,0.0,40.8,0.0,0.0,0.0,0.0,0.0,0.0,2200066,2200066,0,ntoskrnl.exe,func@0x1406b92ae,[Unknown],0x1406b92ae
func@0x140d0e350,0.004000,100.0,0.0,100.0,0.0,0.0,0.0,0.0,0.0,0.0,0.0,0.0,0,0,0,nvlddmkm.sys,func@0x140d0e350,[Unknown],0x140d0e350
"std::array<chess::Bitboard,8>::operator[]",0.004000,0.0,0.0,0.0,0.0,0.0,0.0,0.0,0.0,0.0,0.0,0.0,15400462,11000330,0,frankycpp_v1.8.exe,"std::array<chess::Bitboard,8>::operator[]",array,0x1402637bb
"std::array<engine::PlyInfo,128>::operator[]",0.004000,0.0,100.0,40.8,0.0,0.0,0.0,0.0,0.0,0.0,0.0,0.0,25300759,3300099,0,frankycpp_v1.8.exe,"std::array<engine::PlyInfo,128>::operator[]",array,0x14021ff0c
"std::array<std::array<chess::Bitboard,64>,8>::operator[]",0.004000,0.0,0.0,0.0,0.0,0.0,0.0,0.0,0.0,0.0,0.0,0.0,22000660,14300429,0,frankycpp_v1.8.exe,"std::array<std::array<chess::Bitboard,64>,8>::operator[]",array,0x14026ab90
std::countr_zero,0.004000,0.0,0.0,0.0,0.0,0.0,0.0,0.0,0.0,0.0,0.0,0.0,2200066,0,0,frankycpp_v1.8.exe,std::countr_zero,bit,0x14026b080
std::ranges::_Swap::_Cpo::operator(),0.004000,0.0,0.0,0.0,0.0,0.0,0.0,0.0,0.0,0.0,0.0,0.0,0,2200066,0,frankycpp_v1.8.exe,std::ranges::_Swap::_Cpo::operator(),concepts,0x1402644c8
KeClockInterruptNotify,0.003000,0.0,0.0,0.0,100.0,0.0,0.0,0.0,0.0,0.0,0.0,0.0,2200066,1100033,0,ntoskrnl.exe,KeClockInterruptNotify,[Unknown],0x1402eb510
KeLowerIrql,0.003000,0.0,0.0,0.0,0.0,0.0,0.0,0.0,0.0,0.0,0.0,0.0,3300099,0,0,ntoskrnl.exe,KeLowerIrql,[Unknown],0x1403f5490
[ntoskrnl.exe],0.003000,0.0,0.0,0.0,0.0,100.0,0.0,0.0,0.0,0.0,0.0,0.0,1100033,2200066,0,ntoskrnl.exe,[ntoskrnl.exe],[Unknown],0x0
boost::archive::detail::basic_iarchive::get_library_version,0.003000,0.0,0.0,0.0,0.0,0.0,0.0,0.0,0.0,0.0,0.0,0.0,11000330,3300099,0,frankycpp_v1.8.exe,boost::archive::detail::basic_iarchive::get_library_version(void),basic_iarchive.cpp,0x1402aeea0
boost::archive::detail::basic_iarchive_impl::load_preamble,0.003000,0.0,0.0,0.0,0.0,0.0,0.0,0.0,0.0,0.0,0.0,0.0,5500165,5500165,0,frankycpp_v1.8.exe,"boost::archive::detail::basic_iarchive_impl::load_preamble(class boost::archive::detail::basic_iarchive &,class boost::archive::detail::basic_iarchive_impl::cobject_id &)",basic_iarchive.cpp,0x1402af580
chess::Bitboard::operator&=,0.003000,0.0,0.0,0.0,0.0,0.0,0.0,0.0,0.0,,,,14700441,16900507,0,frankycpp_v1.8.exe,chess::Bitboard::operator&=,bitboard.h,0x1402633ba
chess::Bitboard::operator^=,0.003000,0.0,0.0,0.0,0.0,0.0,0.0,0.0,0.0,0.0,0.0,0.0,3300099,1100033,0,frankycpp_v1.8.exe,chess::Bitboard::operator^=,bitboard.h,0x14025c5e2
chess::Bitboard::operator|=,0.003000,0.0,0.0,0.0,0.0,0.0,0.0,0.0,0.0,0.0,0.0,0.0,12500375,12500375,0,frankycpp_v1.8.exe,chess::Bitboard::operator|=,bitboard.h,0x140269a55
chess::Bitboard::popLSB,0.003000,0.0,0.0,0.0,0.0,0.0,0.0,0.0,0.0,0.0,0.0,0.0,6600198,3300099,0,frankycpp_v1.8.exe,chess::Bitboard::popLSB,bitboard.h,0x14026a3b1
chess::CastlingRights::isEmpty,0.003000,0.0,0.0,0.0,0.0,0.0,0.0,0.0,0.0,,,,2200066,3300099,0,frankycpp_v1.8.exe,chess::CastlingRights::isEmpty,castlingrights.h,0x14025bcd3
chess::Color::sign,0.003000,0.0,0.0,0.0,0.0,0.0,0.0,0.0,0.0,,,,13600408,3300099,0,frankycpp_v1.8.exe,chess::Color::sign,color.h,0x14026adf4
chess::Direction::pawnPush,0.003000,0.0,0.0,0.0,0.0,0.0,0.0,0.0,0.0,0.0,0.0,0.0,6600198,9900297,0,frankycpp_v1.8.exe,chess::Direction::pawnPush,direction.h,0x140263276
chess::Move::to,0.003000,0.0,0.0,0.0,0.0,0.0,0.0,0.0,0.0,0.0,0.0,0.0,2200066,0,0,frankycpp_v1.8.exe,chess::Move::to,move.h,0x14025bfc9
chess::MoveGenerator::generateCastling,0.003000,0.0,0.0,0.0,0.0,0.0,0.0,0.0,0.0,0.0,0.0,0.0,5500165,7700231,0,frankycpp_v1.8.exe,"chess::MoveGenerator::generateCastling(class chess::Position const &,class chess::StaticMoveList<256> *,enum chess::GenMode)",MoveGenerator.cpp,0x140264080
chess::Position::getNextPlayer,0.003000,0.0,0.0,0.0,0.0,0.0,45.9,0.0,0.0,0.0,0.0,0.0,4800144,12100363,0,frankycpp_v1.8.exe,chess::Position::getNextPlayer,Position.h,0x1402630c3
chess::Position::getPiece,0.003000,0.0,0.0,0.0,0.0,0.0,0.0,,0.0,0.0,0.0,0.0,0,0,0,frankycpp_v1.8.exe,chess::Position::getPiece,Position.h,0x1402610e3
chess::Position::getPieceBb,0.003000,0.0,0.0,0.0,0.0,0.0,0.0,0.0,0.0,,,,4400132,2200066,0,frankycpp_v1.8.exe,chess::Position::getPieceBb,Position.h,0x14026b107
chess::StaticMoveList<128>::push_back,0.003000,0.0,0.0,15.3,0.0,0.0,0.0,0.0,0.0,0.0,0.0,0.0,5500165,0,0,frankycpp_v1.8.exe,chess::StaticMoveList<128>::push_back,staticmovelist.h,0x1402212f8
chess::operator&,0.003000,0.0,0.0,0.0,100.0,0.0,0.0,0.0,0.0,0.0,0.0,0.0,2200066,5500165,0,frankycpp_v1.8.exe,chess::operator&,bitboard.h,0x14026a057
chess::operator&,0.003000,0.0,0.0,0.0,0.0,0.0,0.0,0.0,0.0,,,,7000210,1100033,0,frankycpp_v1.8.exe,chess::operator&,bitboard.h,0x14026a66c
chess::operator&,0.003000,0.0,0.0,0.0,0.0,0.0,0.0,0.0,0.0,,,,44001320,27500825,0,frankycpp_v1.8.exe,chess::operator&,bitboard.h,0x14029e942
chess::operator&,0.003000,0.0,0.0,0.0,0.0,0.0,0.0,0.0,0.0,0.0,0.0,0.0,7700231,2200066,0,frankycpp_v1.8.exe,chess::operator&,bitboard.h,0x14026b102
chess::operator+,0.003000,0.0,100.0,0.0,0.0,0.0,0.0,0.0,0.0,0.0,0.0,0.0,3300099,4400132,0,frankycpp_v1.8.exe,chess::operator+,direction.h,0x14026393d
chess::operator+=,0.003000,0.0,100.0,0.0,0.0,0.0,100.0,0.0,0.0,0.0,0.0,0.0,11000330,4400132,0,frankycpp_v1.8.exe,chess::operator+=,value.h,0x14026a64a
chess::operator+=,0.003000,,0.0,0.0,0.0,0.0,0.0,0.0,0.0,0.0,0.0,0.0,9900297,3300099,0,frankycpp_v1.8.exe,chess::operator+=,value.h,0x140269d74
chess::operator+=,0.003000,0.0,0.0,0.0,0.0,0.0,0.0,0.0,0.0,0.0,0.0,0.0,3300099,0,0,frankycpp_v1.8.exe,chess::operator+=,value.h,0x14026b1c7
chess::operator-,0.003000,0.0,0.0,0.0,0.0,0.0,0.0,0.0,0.0,0.0,0.0,0.0,3300099,3300099,0,frankycpp_v1.8.exe,chess::operator-,value.h,0x140263fb5
chess::operator-,0.003000,50.0,52.5,0.0,0.0,0.0,0.0,0.0,0.0,0.0,0.0,0.0,31900957,12100363,0,frankycpp_v1.8.exe,chess::operator-,value.h,0x14022080e
chess::operator-,0.003000,0.0,0.0,0.0,0.0,0.0,0.0,0.0,0.0,0.0,0.0,0.0,25700771,13200396,0,frankycpp_v1.8.exe,chess::operator-,depth.h,0x14022044c
chess::operator-,0.003000,0.0,0.0,0.0,61.2,0.0,0.0,0.0,0.0,0.0,0.0,0.0,9900297,1100033,0,frankycpp_v1.8.exe,chess::operator-,value.h,0x14021f385
chess::operator-,0.003000,0.0,0.0,0.0,0.0,0.0,0.0,0.0,0.0,0.0,0.0,0.0,11000330,2200066,0,frankycpp_v1.8.exe,chess::operator-,value.h,0x14021fbbb
chess::operator-=,0.003000,0.0,0.0,0.0,0.0,0.0,0.0,0.0,0.0,0.0,0.0,0.0,20900627,4400132,0,frankycpp_v1.8.exe,chess::operator-=,depth.h,0x14022047a
chess::operator==,0.003000,0.0,0.0,0.0,100.0,0.0,0.0,0.0,0.0,0.0,0.0,0.0,0,1100033,0,frankycpp_v1.8.exe,chess::operator==,castlingrights.h,0x14021f619
chess::operator|,0.003000,0.0,0.0,0.0,0.0,0.0,0.0,0.0,0.0,0.0,0.0,0.0,19500585,4400132,0,frankycpp_v1.8.exe,chess::operator|,bitboard.h,0x14029eb41
chess::operator|,0.003000,0.0,0.0,0.0,0.0,0.0,0.0,0.0,0.0,0.0,0.0,0.0,4400132,5500165,0,frankycpp_v1.8.exe,chess::operator|,bitboard.h,0x140263f4c
chess::operator~,0.003000,0.0,0.0,0.0,0.0,0.0,0.0,0.0,0.0,0.0,0.0,0.0,14300429,8100243,0,frankycpp_v1.8.exe,chess::operator~,color.h,0x1402208d0
chess::typeOf,0.003000,0.0,0.0,0.0,0.0,0.0,0.0,0.0,0.0,0.0,0.0,0.0,11000330,19800594,0,frankycpp_v1.8.exe,chess::typeOf,piece.h,0x14026305b
chess::valueOf,0.003000,0.0,100.0,0.0,0.0,0.0,0.0,0.0,0.0,0.0,0.0,0.0,16500495,12100363,0,frankycpp_v1.8.exe,chess::valueOf,value.h,0x14029e75e
engine::Search::thread,0.003000,0.0,0.0,36.7,0.0,0.0,0.0,,0.0,,,,9900297,7700231,0,frankycpp_v1.8.exe,engine::Search::thread,Search.h,0x140220e4f
engine::Search::thread,0.003000,0.0,0.0,100.0,0.0,0.0,0.0,0.0,0.0,0.0,0.0,0.0,16900507,4400132,0,frankycpp_v1.8.exe,engine::Search::thread,Search.h,0x14022095c
engine::Search::thread,0.003000,0.0,0.0,0.0,0.0,0.0,0.0,0.0,0.0,0.0,0.0,0.0,5900177,1100033,0,frankycpp_v1.8.exe,engine::Search::thread,Search.h,0x14021fca5
engine::Search::thread,0.003000,0.0,0.0,0.0,0.0,0.0,0.0,0.0,0.0,0.0,0.0,0.0,11000330,4400132,0,frankycpp_v1.8.exe,engine::Search::thread,Search.h,0x14021f9ba
func@0x140018860,0.003000,0.0,100.0,0.0,0.0,0.0,0.0,0.0,0.0,0.0,0.0,0.0,0,0,0,acpi.sys,func@0x140018860,[Unknown],0x140018860
func@0x1400f9dc0,0.003000,0.0,,0.0,0.0,0.0,0.0,0.0,0.0,0.0,0.0,0.0,4400132,0,0,nvlddmkm.sys,func@0x1400f9dc0,[Unknown],0x1400f9dc0
func@0x140202060,0.003000,0.0,0.0,0.0,0.0,0.0,0.0,0.0,0.0,,,,7700231,3300099,0,ntoskrnl.exe,func@0x140202060,[Unknown],0x140202060
func@0x140202640,0.003000,0.0,0.0,0.0,0.0,0.0,0.0,0.0,0.0,0.0,0.0,0.0,0,0,0,ntoskrnl.exe,func@0x140202640,[Unknown],0x140202640
func@0x14021e510,0.003000,0.0,0.0,0.0,0.0,0.0,0.0,0.0,0.0,0.0,0.0,0.0,12100363,9900297,0,ntoskrnl.exe,func@0x14021e510,[Unknown],0x14021e510
func@0x140255440,0.003000,,0.0,0.0,52.5,0.0,0.0,0.0,0.0,0.0,0.0,0.0,0,2200066,0,ntoskrnl.exe,func@0x140255440,[Unknown],0x140255440
func@0x1402578c0,0.003000,0.0,100.0,0.0,0.0,0.0,0.0,0.0,0.0,0.0,0.0,0.0,0,0,0,ntoskrnl.exe,func@0x1402578c0,[Unknown],0x1402578c0
func@0x140294430,0.003000,,0.0,100.0,0.0,0.0,0.0,0.0,0.0,0.0,0.0,0.0,1100033,0,0,ntoskrnl.exe,func@0x140294430,[Unknown],0x140294430
func@0x14029c8f0,0.003000,0.0,0.0,0.0,0.0,0.0,0.0,0.0,0.0,0.0,0.0,0.0,2200066,1100033,0,ntoskrnl.exe,func@0x14029c8f0,[Unknown],0x14029c8f0
func@0x140319000,0.003000,0.0,0.0,0.0,0.0,0.0,0.0,0.0,0.0,0.0,0.0,0.0,6600198,6600198,0,ntoskrnl.exe,func@0x140319000,[Unknown],0x140319000
func@0x14033cf22,0.003000,0.0,0.0,100.0,0.0,100.0,0.0,0.0,0.0,0.0,0.0,0.0,6600198,1100033,0,ntoskrnl.exe,func@0x14033cf22,[Unknown],0x14033cf22
func@0x1404154d0,0.003000,0.0,100.0,0.0,0.0,0.0,0.0,0.0,0.0,0.0,0.0,0.0,0,0,0,ntoskrnl.exe,func@0x1404154d0,[Unknown],0x1404154d0
func@0x1406a4e50,0.003000,0.0,0.0,0.0,0.0,0.0,0.0,0.0,0.0,0.0,0.0,0.0,2200066,2200066,0,ntoskrnl.exe,func@0x1406a4e50,[Unknown],0x1406a4e50
func@0x1406ac1e0,0.003000,0.0,0.0,0.0,61.2,0.0,0.0,0.0,0.0,0.0,0.0,0.0,1100033,0,0,ntoskrnl.exe,func@0x1406ac1e0,[Unknown],0x1406ac1e0
func@0x1406b1eb0,0.003000,0.0,0.0,0.0,0.0,0.0,0.0,0.0,0.0,0.0,0.0,0.0,1100033,0,0,ntoskrnl.exe,func@0x1406b1eb0,[Unknown],0x1406b1eb0
func@0x140ce0a50,0.003000,100.0,0.0,61.2,0.0,0.0,0.0,0.0,0.0,0.0,0.0,0.0,0,0,0,nvlddmkm.sys,func@0x140ce0a50,[Unknown],0x140ce0a50
func@0x180010e40,0.003000,75.0,0.0,73.5,36.7,36.7,0.0,,0.0,0.0,0.0,0.0,0,0,0,vcruntime140.dll,func@0x180010e40,[Unknown],0x180010e40
func@0x18001cd70,0.003000,0.0,0.0,0.0,0.0,0.0,0.0,0.0,0.0,0.0,0.0,0.0,8800264,1100033,0,ntdll.dll,func@0x18001cd70,[Unknown],0x18001cd70
std::_Fnv1a_append_bytes,0.003000,0.0,0.0,0.0,0.0,0.0,0.0,0.0,0.0,0.0,0.0,0.0,11000330,1100033,0,frankycpp_v1.8.exe,std::_Fnv1a_append_bytes,type_traits,0x140282960
"std::_List_node<std::pair<unsigned __int64 const ,book::BookEntry>,void *>::_Freenode",0.003000,,0.0,0.0,0.0,100.0,0.0,0.0,0.0,0.0,0.0,0.0,0,0,0,frankycpp_v1.8.exe,"std::_List_node<std::pair<unsigned __int64 const ,book::BookEntry>,void *>::_Freenode",list,0x140239d73
"std::array<chess::Bitboard,64>::operator[]",0.003000,0.0,0.0,0.0,0.0,0.0,0.0,0.0,0.0,0.0,0.0,0.0,24200726,15400462,0,frankycpp_v1.8.exe,"std::array<chess::Bitboard,64>::operator[]",array,0x14025c63e
"std::array<chess::Bitboard,64>::operator[]",0.003000,0.0,0.0,0.0,61.2,0.0,0.0,0.0,0.0,,,,41801254,17600528,0,frankycpp_v1.8.exe,"std::array<chess::Bitboard,64>::operator[]",array,0x1402699e4
"std::array<chess::Bitboard,8>::operator[]",0.003000,0.0,100.0,0.0,0.0,0.0,0.0,0.0,0.0,0.0,0.0,0.0,5500165,2200066,0,frankycpp_v1.8.exe,"std::array<chess::Bitboard,8>::operator[]",array,0x14026381e
"std::array<int,64>::operator[]",0.003000,0.0,0.0,0.0,0.0,0.0,0.0,0.0,0.0,0.0,0.0,0.0,0,0,0,frankycpp_v1.8.exe,"std::array<int,64>::operator[]",array,0x14026b03d
"std::array<int,64>::operator[]",0.003000,0.0,0.0,0.0,0.0,0.0,0.0,0.0,0.0,0.0,0.0,0.0,5500165,5500165,0,frankycpp_v1.8.exe,"std::array<int,64>::operator[]",array,0x14025bd63
"std::array<std::array<unsigned __int64,64>,16>::operator[]",0.003000,0.0,0.0,0.0,0.0,0.0,0.0,0.0,0.0,,,,22400672,13200396,0,frankycpp_v1.8.exe,"std::array<std::array<unsigned __int64,64>,16>::operator[]",array,0x14025d676
"std::basic_streambuf<char,struct std::char_traits<char> >::sgetn",0.003000,0.0,0.0,0.0,0.0,0.0,0.0,0.0,0.0,0.0,0.0,0.0,20900627,5500165,0,msvcp140.dll,"std::basic_streambuf<char,struct std::char_traits<char> >::sgetn(char * __ptr64,__int64)",[Unknown],0x180009110
std::countr_zero,0.003000,0.0,0.0,0.0,0.0,0.0,0.0,0.0,0.0,0.0,0.0,0.0,1100033,1100033,0,frankycpp_v1.8.exe,std::countr_zero,bit,0x14026b030
std::countr_zero,0.003000,0.0,0.0,0.0,0.0,0.0,0.0,0.0,0.0,0.0,0.0,0.0,15400462,8800264,0,frankycpp_v1.8.exe,std::countr_zero,bit,0x14029e968
std::countr_zero,0.003000,0.0,100.0,0.0,0.0,0.0,0.0,0.0,0.0,0.0,0.0,0.0,27500825,3300099,0,frankycpp_v1.8.exe,std::countr_zero,bit,0x14026a1d4
std::countr_zero,0.003000,0.0,0.0,0.0,0.0,0.0,0.0,0.0,0.0,,,,11000330,4400132,0,frankycpp_v1.8.exe,std::countr_zero,bit,0x140263f70
std::popcount,0.003000,0.0,0.0,0.0,0.0,0.0,0.0,0.0,0.0,0.0,0.0,0.0,12100363,1100033,0,frankycpp_v1.8.exe,std::popcount,bit,0x14026a172
std::popcount,0.003000,0.0,0.0,0.0,0.0,0.0,0.0,0.0,0.0,0.0,0.0,0.0,5500165,0,0,frankycpp_v1.8.exe,std::popcount,bit,0x14026b121
std::ranges::_Swap::_Cpo::operator(),0.003000,0.0,0.0,0.0,0.0,0.0,0.0,0.0,0.0,0.0,0.0,0.0,2200066,1100033,0,frankycpp_v1.8.exe,std::ranges::_Swap::_Cpo::operator(),concepts,0x14026445e
KeInsertQueueApc,0.002000,0.0,0.0,0.0,0.0,0.0,0.0,0.0,0.0,0.0,0.0,0.0,0,0,0,ntoskrnl.exe,KeInsertQueueApc,[Unknown],0x1402e7960
KeReleaseInStackQueuedSpinLock,0.002000,0.0,0.0,0.0,0.0,0.0,0.0,0.0,0.0,0.0,0.0,0.0,0,0,0,ntoskrnl.exe,KeReleaseInStackQueuedSpinLock,[Unknown],0x140276e00
RtlNumberOfSetBitsEx,0.002000,50.0,0.0,0.0,0.0,0.0,0.0,0.0,0.0,0.0,0.0,0.0,1100033,1100033,0,ntoskrnl.exe,RtlNumberOfSetBitsEx,[Unknown],0x140410170
[Outside any known module],0.002000,0.0,0.0,0.0,0.0,0.0,0.0,0.0,0.0,0.0,0.0,0.0,0,0,0,[Unknown],[Outside any known module],[Unknown],0x0
__builtin_array_init_helper<class chess::Value>,0.002000,0.0,81.6,0.0,0.0,0.0,0.0,0.0,0.0,,,,14300429,6600198,0,frankycpp_v1.8.exe,"__builtin_array_init_helper<class chess::Value>(class chess::Value *,unsigned __int64)",[Unknown],0x14029eb80
boost::archive::detail::basic_serializer::operator<,0.002000,0.0,0.0,0.0,0.0,0.0,0.0,0.0,0.0,0.0,0.0,0.0,13200396,11000330,0,frankycpp_v1.8.exe,boost::archive::detail::basic_serializer::operator<,basic_serializer.hpp,0x1402af793
boost::serialization::typeid_system::extended_type_info_typeid_0::is_less_than,0.002000,0.0,0.0,0.0,0.0,0.0,0.0,0.0,0.0,0.0,0.0,0.0,7700231,8800264,0,frankycpp_v1.8.exe,boost::serialization::typeid_system::extended_type_info_typeid_0::is_less_than(class boost::serialization::extended_type_info const &),extended_type_info_typeid.cpp,0x1402b9360
chess::Bitboard::operator bool,0.002000,0.0,0.0,0.0,0.0,0.0,0.0,0.0,0.0,,,,15800474,5900177,0,frankycpp_v1.8.exe,chess::Bitboard::operator bool,bitboard.h,0x140269a64
chess::Bitboard::operator^=,0.002000,0.0,0.0,0.0,0.0,0.0,0.0,,0.0,0.0,0.0,0.0,7700231,6600198,0,frankycpp_v1.8.exe,chess::Bitboard::operator^=,bitboard.h,0x14029e7ec
chess::Bitboard::operator|=,0.002000,0.0,0.0,0.0,0.0,0.0,0.0,0.0,0.0,0.0,0.0,0.0,4400132,1100033,0,frankycpp_v1.8.exe,chess::Bitboard::operator|=,bitboard.h,0x14026a043
chess::Bitboard::operator|=,0.002000,0.0,0.0,0.0,0.0,0.0,0.0,0.0,0.0,0.0,0.0,0.0,13200396,9200276,0,frankycpp_v1.8.exe,chess::Bitboard::operator|=,bitboard.h,0x14026a706
chess::Bitboard::operator|=,0.002000,0.0,0.0,0.0,0.0,0.0,0.0,0.0,0.0,0.0,0.0,0.0,1100033,0,0,frankycpp_v1.8.exe,chess::Bitboard::operator|=,bitboard.h,0x14026a021
chess::Color::iterator::{ctor},0.002000,0.0,100.0,0.0,0.0,0.0,0.0,0.0,0.0,0.0,0.0,0.0,0,0,0,frankycpp_v1.8.exe,chess::Color::iterator::{ctor},color.h,0x140269f21
chess::Move::from,0.002000,0.0,0.0,0.0,0.0,0.0,0.0,0.0,0.0,0.0,0.0,0.0,1100033,0,0,frankycpp_v1.8.exe,chess::Move::from,move.h,0x14026109f
chess::Move::operator==,0.002000,0.0,0.0,0.0,0.0,0.0,0.0,0.0,0.0,,,,9200276,5500165,0,frankycpp_v1.8.exe,chess::Move::operator==,PVTable.h,0x1402211e0
chess::Move::type,0.002000,0.0,0.0,0.0,0.0,0.0,0.0,0.0,0.0,0.0,0.0,0.0,11400342,3300099,0,frankycpp_v1.8.exe,chess::Move::type,move.h,0x1402208fc
chess::Move::type,0.002000,0.0,0.0,0.0,0.0,0.0,0.0,0.0,0.0,,,,5500165,1100033,0,frankycpp_v1.8.exe,chess::Move::type,move.h,0x1402215f7
chess::Move::type,0.002000,0.0,0.0,0.0,91.8,0.0,0.0,0.0,0.0,0.0,0.0,0.0,1100033,0,0,frankycpp_v1.8.exe,chess::Move::type,move.h,0x140261113
chess::MoveGenerator::storeKiller,0.002000,0.0,0.0,0.0,0.0,0.0,0.0,0.0,0.0,0.0,0.0,0.0,5500165,5500165,0,frankycpp_v1.8.exe,chess::MoveGenerator::storeKiller(class chess::Move),MoveGenerator.cpp,0x140260fc0
chess::Position::getKingSquare,0.002000,0.0,0.0,0.0,0.0,0.0,0.0,0.0,0.0,,,,25300759,15400462,0,frankycpp_v1.8.exe,chess::Position::getKingSquare,Position.h,0x14026a448
chess::Position::getKingSquare,0.002000,0.0,0.0,0.0,0.0,0.0,0.0,0.0,0.0,0.0,0.0,0.0,25300759,16500495,0,frankycpp_v1.8.exe,chess::Position::getKingSquare,Position.h,0x14026a48f
chess::Position::getNextPlayer,0.002000,0.0,0.0,0.0,0.0,0.0,0.0,0.0,0.0,,,,3300099,0,0,frankycpp_v1.8.exe,chess::Position::getNextPlayer,Position.h,0x140263af9
chess::Position::getOccupiedBb,0.002000,0.0,0.0,0.0,0.0,0.0,0.0,0.0,0.0,0.0,0.0,0.0,11000330,15400462,0,frankycpp_v1.8.exe,chess::Position::getOccupiedBb,Position.h,0x14025c5cd
chess::Position::getPiece,0.002000,0.0,0.0,0.0,0.0,0.0,0.0,0.0,0.0,0.0,0.0,0.0,12100363,6600198,0,frankycpp_v1.8.exe,chess::Position::getPiece,Position.h,0x14022120e
chess::Position::getPiece,0.002000,0.0,0.0,0.0,0.0,0.0,0.0,0.0,0.0,0.0,0.0,0.0,6600198,4400132,0,frankycpp_v1.8.exe,chess::Position::getPiece,Position.h,0x14029e6ba
chess::Position::getPieceBb,0.002000,0.0,0.0,0.0,0.0,0.0,0.0,0.0,0.0,,,,4400132,4400132,0,frankycpp_v1.8.exe,chess::Position::getPieceBb,Position.h,0x140263dce
chess::Position::getPieceBb,0.002000,0.0,0.0,0.0,0.0,0.0,0.0,0.0,0.0,0.0,0.0,0.0,8100243,1100033,0,frankycpp_v1.8.exe,chess::Position::getPieceBb,Position.h,0x14026aa81
chess::Position::getPieceBb,0.002000,0.0,0.0,0.0,0.0,0.0,0.0,0.0,0.0,0.0,0.0,0.0,9900297,1100033,0,frankycpp_v1.8.exe,chess::Position::getPieceBb,Position.h,0x14026adae
chess::Position::isCapturingMove,0.002000,0.0,0.0,0.0,0.0,0.0,0.0,0.0,0.0,0.0,0.0,0.0,2200066,0,0,frankycpp_v1.8.exe,chess::Position::isCapturingMove,Position.h,0x14022052b
chess::Position::isLegalMove,0.002000,0.0,0.0,0.0,0.0,0.0,0.0,0.0,0.0,0.0,0.0,0.0,9900297,3300099,0,frankycpp_v1.8.exe,chess::Position::isLegalMove(class chess::Move),Position.cpp,0x14025c800
chess::Square::file,0.002000,0.0,0.0,0.0,0.0,0.0,0.0,0.0,0.0,0.0,0.0,0.0,7700231,1100033,0,frankycpp_v1.8.exe,chess::Square::file,square.h,0x14025bd25
chess::StaticMoveList<128>::pop_back,0.002000,0.0,0.0,0.0,0.0,0.0,0.0,0.0,0.0,0.0,0.0,0.0,0,0,0,frankycpp_v1.8.exe,chess::StaticMoveList<128>::pop_back,staticmovelist.h,0x14021f0cc
chess::Value::{ctor},0.002000,0.0,0.0,0.0,0.0,0.0,0.0,0.0,0.0,0.0,0.0,0.0,4400132,1100033,0,frankycpp_v1.8.exe,chess::Value::{ctor},value.h,0x14021fa3d
chess::moveValueGreaterComparator::operator(),0.002000,0.0,0.0,0.0,0.0,0.0,0.0,0.0,0.0,0.0,0.0,0.0,1500045,2200066,0,frankycpp_v1.8.exe,chess::moveValueGreaterComparator::operator(),move.h,0x140265105
chess::operator&,0.002000,0.0,0.0,0.0,0.0,0.0,0.0,0.0,0.0,,,,12100363,3300099,0,frankycpp_v1.8.exe,chess::operator&,bitboard.h,0x14026ab45
chess::operator&,0.002000,0.0,0.0,0.0,0.0,0.0,0.0,0.0,0.0,0.0,0.0,0.0,3300099,6600198,0,frankycpp_v1.8.exe,chess::operator&,bitboard.h,0x14026a876
chess::operator&,0.002000,0.0,0.0,0.0,0.0,0.0,0.0,0.0,0.0,0.0,0.0,0.0,12100363,19800594,0,frankycpp_v1.8.exe,chess::operator&,bitboard.h,0x14029ea59
chess::operator&,0.002000,0.0,0.0,0.0,0.0,0.0,0.0,0.0,0.0,,,,15800474,11400342,0,frankycpp_v1.8.exe,chess::operator&,bitboard.h,0x14026a7c9
chess::operator+=,0.002000,0.0,0.0,0.0,0.0,0.0,0.0,0.0,0.0,0.0,0.0,0.0,1100033,1100033,0,frankycpp_v1.8.exe,chess::operator+=,value.h,0x14026a257
chess::operator+=,0.002000,0.0,0.0,0.0,0.0,0.0,0.0,0.0,0.0,0.0,0.0,0.0,2200066,0,0,frankycpp_v1.8.exe,chess::operator+=,value.h,0x14026b50a
chess::operator-=,0.002000,0.0,0.0,0.0,0.0,0.0,0.0,0.0,0.0,0.0,0.0,0.0,1100033,1100033,0,frankycpp_v1.8.exe,chess::operator-=,depth.h,0x1402204fc
chess::operator^=,0.002000,0.0,0.0,0.0,0.0,0.0,0.0,0.0,0.0,0.0,0.0,0.0,19800594,9900297,0,frankycpp_v1.8.exe,chess::operator^=,bitboards.h,0x14029e7d2
chess::operator|,0.002000,0.0,0.0,0.0,0.0,0.0,0.0,0.0,0.0,0.0,0.0,0.0,9200276,12100363,0,frankycpp_v1.8.exe,chess::operator|,bitboard.h,0x14025c462
chess::operator|,0.002000,0.0,0.0,0.0,0.0,0.0,0.0,0.0,0.0,0.0,0.0,0.0,20900627,11000330,0,frankycpp_v1.8.exe,chess::operator|,bitboard.h,0x14029e6a7
chess::operator|,0.002000,0.0,0.0,0.0,0.0,0.0,0.0,0.0,0.0,,,,7000210,0,0,frankycpp_v1.8.exe,chess::operator|,bitboard.h,0x14016ca06
chess::operator~,0.002000,0.0,0.0,0.0,0.0,0.0,0.0,0.0,0.0,0.0,0.0,0.0,0,0,0,frankycpp_v1.8.exe,chess::operator~,color.h,0x14022052b
chess::operator~,0.002000,0.0,0.0,0.0,0.0,0.0,0.0,0.0,0.0,0.0,0.0,0.0,6600198,400012,0,frankycpp_v1.8.exe,chess::operator~,color.h,0x14026b20a
chess::typeOf,0.002000,0.0,0.0,100.0,0.0,0.0,0.0,0.0,0.0,0.0,0.0,0.0,2200066,1100033,0,frankycpp_v1.8.exe,chess::typeOf,piece.h,0x140261109
engine::PVTable::clear,0.002000,0.0,0.0,0.0,0.0,0.0,0.0,0.0,0.0,0.0,0.0,0.0,9900297,4400132,0,frankycpp_v1.8.exe,engine::PVTable::clear,PVTable.h,0x140220cf9
engine::Search::extractPvWithTT,0.002000,0.0,0.0,0.0,0.0,0.0,0.0,0.0,0.0,0.0,0.0,0.0,0,0,0,frankycpp_v1.8.exe,engine::Search::extractPvWithTT(class chess::Position &),Search.cpp,0x14022b860
engine::Search::isTimeAlmostUp,0.002000,0.0,0.0,0.0,0.0,0.0,0.0,0.0,0.0,0.0,0.0,0.0,3300099,0,0,frankycpp_v1.8.exe,engine::Search::isTimeAlmostUp(void),Search.cpp,0x1402271e0
engine::Search::thread,0.002000,0.0,0.0,0.0,0.0,0.0,0.0,0.0,0.0,0.0,0.0,0.0,4400132,1100033,0,frankycpp_v1.8.exe,engine::Search::thread,Search.h,0x14021f932
engine::Search::thread,0.002000,0.0,0.0,0.0,0.0,0.0,0.0,0.0,0.0,,,,20900627,6600198,0,frankycpp_v1.8.exe,engine::Search::thread,Search.h,0x140221418
engine::Search::thread,0.002000,0.0,0.0,0.0,0.0,0.0,0.0,0.0,0.0,0.0,0.0,0.0,400012,0,0,frankycpp_v1.8.exe,engine::Search::thread,Search.h,0x14022aaae
engine::Search::thread,0.002000,0.0,0.0,0.0,0.0,0.0,0.0,0.0,0.0,0.0,0.0,0.0,6600198,0,0,frankycpp_v1.8.exe,engine::Search::thread,Search.h,0x14021fa66
engine::SearchThreadData::regenerateLmrTable,0.002000,0.0,0.0,0.0,0.0,0.0,0.0,0.0,0.0,0.0,0.0,0.0,1100033,0,0,frankycpp_v1.8.exe,"engine::SearchThreadData::regenerateLmrTable(bool,double)",SearchThreadData.h,0x1402167f0
func@0x140002700,0.002000,0.0,0.0,0.0,91.8,0.0,0.0,0.0,0.0,0.0,0.0,0.0,0,0,0,intelppm.sys,func@0x140002700,[Unknown],0x140002700
func@0x140013c80,0.002000,0.0,100.0,0.0,0.0,0.0,0.0,0.0,0.0,0.0,0.0,0.0,0,0,0,dxgmms2.sys,func@0x140013c80,[Unknown],0x140013c80
func@0x140027040,0.002000,0.0,,,0.0,0.0,0.0,0.0,0.0,0.0,0.0,0.0,2200066,0,0,usbxhci.sys,func@0x140027040,[Unknown],0x140027040
func@0x14005411c,0.002000,0.0,0.0,0.0,0.0,0.0,0.0,0.0,0.0,0.0,0.0,0.0,0,0,0,dxgmms2.sys,func@0x14005411c,[Unknown],0x14005411c
func@0x1400e3530,0.002000,,100.0,0.0,0.0,0.0,0.0,0.0,0.0,0.0,0.0,0.0,3300099,0,0,nvlddmkm.sys,func@0x1400e3530,[Unknown],0x1400e3530
func@0x1400e4520,0.002000,0.0,0.0,0.0,0.0,0.0,0.0,0.0,0.0,0.0,0.0,0.0,0,0,0,nvlddmkm.sys,func@0x1400e4520,[Unknown],0x1400e4520
func@0x140200cc0,0.002000,0.0,0.0,0.0,0.0,0.0,0.0,0.0,0.0,,,,0,0,0,ntoskrnl.exe,func@0x140200cc0,[Unknown],0x140200cc0
func@0x140202360,0.002000,0.0,0.0,0.0,0.0,0.0,0.0,0.0,0.0,0.0,0.0,0.0,2200066,1100033,0,ntoskrnl.exe,func@0x140202360,[Unknown],0x140202360
func@0x140202565,0.002000,0.0,0.0,0.0,0.0,0.0,0.0,0.0,0.0,0.0,0.0,0.0,0,0,0,ntoskrnl.exe,func@0x140202565,[Unknown],0x140202565
func@0x1402026a4,0.002000,0.0,0.0,0.0,0.0,0.0,0.0,0.0,0.0,0.0,0.0,0.0,1100033,0,0,ntoskrnl.exe,func@0x1402026a4,[Unknown],0x1402026a4
func@0x140211cd0,0.002000,0.0,0.0,0.0,0.0,0.0,0.0,0.0,0.0,0.0,0.0,0.0,1100033,0,0,ntoskrnl.exe,func@0x140211cd0,[Unknown],0x140211cd0
func@0x14025e120,0.002000,0.0,0.0,100.0,0.0,0.0,0.0,0.0,0.0,0.0,0.0,0.0,1100033,0,0,nvlddmkm.sys,func@0x14025e120,[Unknown],0x14025e120
func@0x140273826,0.002000,0.0,100.0,0.0,0.0,0.0,0.0,0.0,0.0,0.0,0.0,0.0,0,0,0,ntoskrnl.exe,func@0x140273826,[Unknown],0x140273826
func@0x140279b30,0.002000,0.0,0.0,0.0,0.0,0.0,0.0,0.0,0.0,0.0,0.0,0.0,2200066,0,0,nvlddmkm.sys,func@0x140279b30,[Unknown],0x140279b30
func@0x140289ad0,0.002000,0.0,0.0,100.0,0.0,100.0,0.0,0.0,0.0,0.0,0.0,0.0,0,0,0,ntoskrnl.exe,func@0x140289ad0,[Unknown],0x140289ad0
func@0x140294da0,0.002000,0.0,0.0,0.0,0.0,0.0,0.0,0.0,0.0,0.0,0.0,0.0,1100033,0,0,ntoskrnl.exe,func@0x140294da0,[Unknown],0x140294da0
func@0x14029b580,0.002000,0.0,0.0,0.0,0.0,0.0,0.0,0.0,0.0,0.0,0.0,0.0,0,1100033,0,ntoskrnl.exe,func@0x14029b580,[Unknown],0x14029b580
func@0x14029c140,0.002000,100.0,0.0,0.0,0.0,100.0,0.0,0.0,0.0,0.0,0.0,0.0,0,0,0,ntoskrnl.exe,func@0x14029c140,[Unknown],0x14029c140
func@0x14029ddc3,0.002000,0.0,100.0,0.0,0.0,0.0,0.0,0.0,0.0,0.0,0.0,0.0,0,0,0,ntoskrnl.exe,func@0x14029ddc3,[Unknown],0x14029ddc3
func@0x1402e1b20,0.002000,,0.0,0.0,0.0,0.0,0.0,0.0,0.0,0.0,0.0,0.0,1100033,2200066,0,ntoskrnl.exe,func@0x1402e1b20,[Unknown],0x1402e1b20
func@0x1402ebf80,0.002000,0.0,0.0,73.5,0.0,0.0,0.0,0.0,0.0,0.0,0.0,0.0,0,0,0,ntoskrnl.exe,func@0x1402ebf80,[Unknown],0x1402ebf80
func@0x1402ebfd0,0.002000,0.0,0.0,0.0,0.0,0.0,0.0,0.0,0.0,0.0,0.0,0.0,0,1100033,0,ntoskrnl.exe,func@0x1402ebfd0,[Unknown],0x1402ebfd0
func@0x1402ec11d,0.002000,0.0,100.0,0.0,0.0,0.0,0.0,0.0,0.0,,,,3300099,0,0,ntoskrnl.exe,func@0x1402ec11d,[Unknown],0x1402ec11d
func@0x1402ec260,0.002000,0.0,0.0,0.0,0.0,0.0,0.0,0.0,0.0,0.0,0.0,0.0,0,0,0,ntoskrnl.exe,func@0x1402ec260,[Unknown],0x1402ec260
func@0x1402edbc0,0.002000,0.0,0.0,0.0,0.0,0.0,0.0,0.0,0.0,0.0,0.0,0.0,0,0,0,ntoskrnl.exe,func@0x1402edbc0,[Unknown],0x1402edbc0
func@0x14031a0a0,0.002000,0.0,0.0,0.0,0.0,0.0,0.0,0.0,0.0,0.0,0.0,0.0,1100033,0,0,ntoskrnl.exe,func@0x14031a0a0,[Unknown],0x14031a0a0
func@0x140339b80,0.002000,0.0,0.0,0.0,36.7,0.0,0.0,0.0,0.0,0.0,0.0,0.0,2200066,3300099,0,ntoskrnl.exe,func@0x140339b80,[Unknown],0x140339b80
func@0x140345300,0.002000,0.0,0.0,0.0,0.0,0.0,0.0,0.0,0.0,,,,0,1100033,0,ntoskrnl.exe,func@0x140345300,[Unknown],0x140345300
func@0x140395cf0,0.002000,0.0,100.0,0.0,100.0,0.0,0.0,0.0,0.0,0.0,0.0,0.0,1100033,0,0,nvlddmkm.sys,func@0x140395cf0,[Unknown],0x140395cf0
func@0x1403d1820,0.002000,0.0,0.0,,0.0,,0.0,0.0,0.0,0.0,0.0,0.0,0,0,0,nvlddmkm.sys,func@0x1403d1820,[Unknown],0x1403d1820
func@0x1403e1d50,0.002000,0.0,0.0,0.0,100.0,0.0,0.0,0.0,0.0,0.0,0.0,0.0,0,0,0,ntoskrnl.exe,func@0x1403e1d50,[Unknown],0x1403e1d50
func@0x1403ea474,0.002000,0.0,0.0,100.0,0.0,0.0,0.0,0.0,0.0,0.0,0.0,0.0,0,0,0,ntoskrnl.exe,func@0x1403ea474,[Unknown],0x1403ea474
func@0x1403f5655,0.002000,0.0,0.0,0.0,0.0,0.0,0.0,0.0,0.0,0.0,0.0,0.0,0,0,0,ntoskrnl.exe,func@0x1403f5655,[Unknown],0x1403f5655
func@0x140421538,0.002000,0.0,0.0,0.0,0.0,0.0,0.0,0.0,0.0,0.0,0.0,0.0,1100033,0,0,ntoskrnl.exe,func@0x140421538,[Unknown],0x140421538
func@0x140444600,0.002000,,0.0,0.0,0.0,0.0,0.0,0.0,0.0,0.0,0.0,0.0,0,0,0,ntoskrnl.exe,func@0x140444600,[Unknown],0x140444600
func@0x1406bfe40,0.002000,0.0,0.0,0.0,0.0,0.0,0.0,0.0,0.0,0.0,0.0,0.0,1100033,1100033,0,ntoskrnl.exe,func@0x1406bfe40,[Unknown],0x1406bfe40
func@0x18000b480,0.002000,0.0,0.0,0.0,0.0,0.0,0.0,0.0,0.0,0.0,0.0,0.0,0,0,0,ntdll.dll,func@0x18000b480,[Unknown],0x18000b480
func@0x180011200,0.002000,0.0,0.0,0.0,0.0,0.0,0.0,0.0,0.0,0.0,0.0,0.0,22000660,20900627,0,vcruntime140.dll,func@0x180011200,[Unknown],0x180011200
func@0x18003d4f0,0.002000,0.0,0.0,0.0,0.0,0.0,0.0,0.0,0.0,0.0,0.0,0.0,0,0,0,ntdll.dll,func@0x18003d4f0,[Unknown],0x18003d4f0
"std::_Atomic_storage<unsigned __int64,8>::store",0.002000,0.0,0.0,91.8,0.0,0.0,0.0,0.0,0.0,0.0,0.0,0.0,0,1100033,0,frankycpp_v1.8.exe,"std::_Atomic_storage<unsigned __int64,8>::store",atomic,0x1402674d4
"std::array<chess::Bitboard,64>::operator[]",0.002000,0.0,100.0,0.0,0.0,0.0,0.0,0.0,0.0,0.0,0.0,0.0,7700231,6600198,0,frankycpp_v1.8.exe,"std::array<chess::Bitboard,64>::operator[]",array,0x14026a7e4
"std::array<chess::Bitboard,64>::operator[]",0.002000,0.0,0.0,0.0,0.0,0.0,0.0,0.0,0.0,,,,14700441,2600078,0,frankycpp_v1.8.exe,"std::array<chess::Bitboard,64>::operator[]",array,0x14025c5d4
"std::array<chess::Bitboard,64>::operator[]",0.002000,0.0,0.0,0.0,0.0,0.0,0.0,0.0,0.0,0.0,0.0,0.0,5500165,9900297,0,frankycpp_v1.8.exe,"std::array<chess::Bitboard,64>::operator[]",array,0x14026306a
"std::array<chess::Bitboard,64>::operator[]",0.002000,0.0,0.0,0.0,0.0,0.0,0.0,0.0,0.0,0.0,0.0,0.0,1100033,0,0,frankycpp_v1.8.exe,"std::array<chess::Bitboard,64>::operator[]",array,0x14026a024
"std::array<chess::Move,64>::operator[]",0.002000,0.0,0.0,0.0,0.0,0.0,0.0,0.0,0.0,0.0,0.0,0.0,13200396,11000330,0,frankycpp_v1.8.exe,"std::array<chess::Move,64>::operator[]",array,0x140220aac
"std::array<chess::Value,25>::operator[]",0.002000,0.0,0.0,0.0,0.0,0.0,0.0,0.0,0.0,0.0,0.0,0.0,0,0,0,frankycpp_v1.8.exe,"std::array<chess::Value,25>::operator[]",array,0x1402639c6
"std::array<chess::Value,25>::operator[]",0.002000,0.0,0.0,0.0,0.0,0.0,0.0,0.0,0.0,0.0,0.0,0.0,2200066,1100033,0,frankycpp_v1.8.exe,"std::array<chess::Value,25>::operator[]",array,0x14026391a
"std::array<chess::Value,25>::operator[]",0.002000,0.0,0.0,0.0,0.0,0.0,0.0,0.0,0.0,0.0,0.0,0.0,3300099,1100033,0,frankycpp_v1.8.exe,"std::array<chess::Value,25>::operator[]",array,0x140263f90
"std::array<std::array<int,64>,64>::operator[]",0.002000,0.0,0.0,0.0,0.0,0.0,0.0,0.0,0.0,0.0,0.0,0.0,25300759,12100363,0,frankycpp_v1.8.exe,"std::array<std::array<int,64>,64>::operator[]",array,0x14025bd5f
std::atomic<unsigned __int64>::{ctor},0.002000,0.0,0.0,0.0,100.0,0.0,0.0,0.0,0.0,0.0,0.0,0.0,6600198,3300099,0,frankycpp_v1.8.exe,std::atomic<unsigned __int64>::{ctor},atomic,0x1402665df
std::countr_zero,0.002000,0.0,0.0,0.0,0.0,0.0,0.0,0.0,0.0,0.0,0.0,0.0,7700231,3300099,0,frankycpp_v1.8.exe,std::countr_zero,bit,0x140263e50
std::hash<unsigned __int64>::_Do_hash,0.002000,0.0,0.0,0.0,0.0,0.0,0.0,0.0,0.0,0.0,0.0,0.0,2200066,0,0,frankycpp_v1.8.exe,std::hash<unsigned __int64>::_Do_hash,type_traits,0x140288075
std::popcount,0.002000,0.0,0.0,0.0,0.0,0.0,100.0,0.0,0.0,0.0,0.0,0.0,5500165,2200066,0,frankycpp_v1.8.exe,std::popcount,bit,0x14026aa43
std::popcount,0.002000,0.0,0.0,0.0,0.0,0.0,0.0,0.0,0.0,,,,7700231,1100033,0,frankycpp_v1.8.exe,std::popcount,bit,0x14026b263
std::ranges::_Swap::_Cpo::operator(),0.002000,0.0,0.0,0.0,0.0,0.0,0.0,0.0,0.0,0.0,0.0,0.0,1100033,1100033,0,frankycpp_v1.8.exe,std::ranges::_Swap::_Cpo::operator(),concepts,0x1402644d2
"std::unique_ptr<engine::TT::TTCluster [0],std::default_delete<engine::TT::TTCluster [0]> >::operator[]",0.002000,0.0,0.0,0.0,0.0,0.0,0.0,0.0,0.0,,,,4400132,3300099,0,frankycpp_v1.8.exe,"std::unique_ptr<engine::TT::TTCluster [0],std::default_delete<engine::TT::TTCluster [0]> >::operator[]",memory,0x14026d5f2
"std::vector<unsigned __int64,std::allocator<unsigned __int64> >::_Tidy",0.002000,0.0,,,0.0,0.0,0.0,0.0,0.0,0.0,0.0,0.0,0,0,0,frankycpp_v1.8.exe,"std::vector<unsigned __int64,std::allocator<unsigned __int64> >::_Tidy",vector,0x1402330a9
DpiGetSchedulerCallbackState,0.001000,0.0,0.0,0.0,0.0,0.0,0.0,0.0,0.0,0.0,0.0,0.0,0,0,0,dxgkrnl.sys,DpiGetSchedulerCallbackState,[Unknown],0x140033950
ExReleaseResourceLite,0.001000,0.0,0.0,0.0,0.0,0.0,0.0,0.0,0.0,0.0,0.0,0.0,0,0,0,ntoskrnl.exe,ExReleaseResourceLite,[Unknown],0x14025b580
ExReleaseRundownProtectionCacheAwareEx,0.001000,0.0,0.0,0.0,0.0,0.0,0.0,0.0,0.0,0.0,0.0,0.0,2200066,0,0,ntoskrnl.exe,ExReleaseRundownProtectionCacheAwareEx,[Unknown],0x14025a730
ExpInterlockedPopEntrySList,0.001000,100.0,0.0,0.0,100.0,91.8,0.0,0.0,0.0,0.0,0.0,0.0,0,2200066,0,ntoskrnl.exe,ExpInterlockedPopEntrySList,[Unknown],0x1406b2dc0
FsRtlAcquireEofLock,0.001000,0.0,0.0,0.0,0.0,0.0,0.0,0.0,0.0,0.0,0.0,0.0,0,0,0,ntoskrnl.exe,FsRtlAcquireEofLock,[Unknown],0x140405180
KeAcquireInStackQueuedSpinLock,0.001000,0.0,0.0,0.0,0.0,0.0,0.0,0.0,0.0,0.0,0.0,0.0,0,1100033,0,ntoskrnl.exe,KeAcquireInStackQueuedSpinLock,[Unknown],0x1402b1ca0
KeAddProcessorAffinityEx,0.001000,0.0,0.0,0.0,0.0,0.0,0.0,0.0,0.0,0.0,0.0,0.0,0,0,0,ntoskrnl.exe,KeAddProcessorAffinityEx,[Unknown],0x140258260
KeGetCurrentIrql,0.001000,0.0,0.0,0.0,0.0,0.0,0.0,0.0,0.0,0.0,0.0,0.0,0,0,0,ntoskrnl.exe,KeGetCurrentIrql,[Unknown],0x140415150
KePulseEvent,0.001000,0.0,0.0,0.0,0.0,0.0,0.0,0.0,0.0,0.0,0.0,0.0,0,0,0,ntoskrnl.exe,KePulseEvent,[Unknown],0x140467660
KeReleaseSpinLock,0.001000,100.0,0.0,0.0,0.0,0.0,0.0,0.0,0.0,0.0,0.0,0.0,2200066,1100033,0,ntoskrnl.exe,KeReleaseSpinLock,[Unknown],0x14024ee60
KeSetEvent,0.001000,0.0,0.0,0.0,0.0,0.0,0.0,0.0,0.0,0.0,0.0,0.0,1100033,1100033,0,ntoskrnl.exe,KeSetEvent,[Unknown],0x1402736d0
KfRaiseIrql,0.001000,0.0,0.0,0.0,0.0,0.0,0.0,0.0,0.0,0.0,0.0,0.0,1100033,0,0,ntoskrnl.exe,KfRaiseIrql,[Unknown],0x1403f9650
NtAllocateVirtualMemory,0.001000,0.0,0.0,0.0,0.0,0.0,0.0,0.0,0.0,0.0,0.0,0.0,0,0,0,ntoskrnl.exe,NtAllocateVirtualMemory,[Unknown],0x1408d8ee0
NtQueryInformationThread,0.001000,0.0,0.0,0.0,0.0,0.0,0.0,0.0,0.0,0.0,0.0,0.0,0,0,0,ntoskrnl.exe,NtQueryInformationThread,[Unknown],0x1409a3190
NtWaitForSingleObject,0.001000,0.0,0.0,0.0,0.0,0.0,0.0,0.0,0.0,0.0,0.0,0.0,0,0,0,ntdll.dll,NtWaitForSingleObject,[Unknown],0x180161ad0
ObfReferenceObjectWithTag,0.001000,0.0,,,0.0,0.0,0.0,0.0,0.0,0.0,0.0,0.0,0,0,0,ntoskrnl.exe,ObfReferenceObjectWithTag,[Unknown],0x1402f1310
PfFileInfoNotify,0.001000,0.0,0.0,0.0,0.0,0.0,0.0,0.0,0.0,0.0,0.0,0.0,0,0,0,ntoskrnl.exe,PfFileInfoNotify,[Unknown],0x140276350
RtlAcquireSRWLockExclusive,0.001000,0.0,0.0,0.0,0.0,0.0,0.0,0.0,0.0,0.0,0.0,0.0,0,0,0,ntdll.dll,RtlAcquireSRWLockExclusive,[Unknown],0x18003c0a0
RtlAllocateHeap,0.001000,0.0,0.0,0.0,0.0,0.0,0.0,0.0,0.0,0.0,0.0,0.0,4400132,0,0,ntdll.dll,RtlAllocateHeap,[Unknown],0x18001c240
RtlCopyMemory,0.001000,25.0,0.0,0.0,81.6,0.0,0.0,0.0,0.0,0.0,0.0,0.0,1100033,1100033,0,ntoskrnl.exe,RtlCopyMemory,[Unknown],0x1406bf140
RtlQueryPerformanceCounter,0.001000,0.0,0.0,0.0,0.0,0.0,0.0,0.0,0.0,,,,0,0,0,ntdll.dll,RtlQueryPerformanceCounter,[Unknown],0x180084670
TmCurrentTransaction,0.001000,0.0,0.0,0.0,0.0,0.0,0.0,0.0,0.0,0.0,0.0,0.0,0,0,0,tm.sys,TmCurrentTransaction,[Unknown],0x140016870
[Import thunk memcpy],0.001000,0.0,0.0,0.0,0.0,0.0,0.0,0.0,0.0,0.0,0.0,0.0,5500165,4400132,0,frankycpp_v1.8.exe,[Import thunk memcpy],[Unknown],0x14061b8c2
__builtin_array_init_helper<class chess::Move>,0.001000,0.0,0.0,0.0,0.0,0.0,0.0,0.0,0.0,0.0,0.0,0.0,0,0,0,frankycpp_v1.8.exe,"__builtin_array_init_helper<class chess::Move>(class chess::Move *,unsigned __int64)",[Unknown],0x1401a06a0
`vector constructor iterator',0.001000,0.0,0.0,0.0,0.0,0.0,0.0,0.0,0.0,0.0,0.0,0.0,0,0,0,frankycpp_v1.8.exe,"`vector constructor iterator'(void *,unsigned __int64,unsigned __int64,void * (*)(void *))",[Unknown],0x14010f320
boost::archive::detail::basic_iarchive_impl::load_object,0.001000,0.0,0.0,0.0,0.0,0.0,0.0,0.0,0.0,0.0,0.0,0.0,2200066,4400132,0,frankycpp_v1.8.exe,boost::archive::detail::basic_iarchive_impl::load_object,basic_iarchive.cpp,0x1402aef21
boost::archive::detail::basic_iarchive_impl::register_type,0.001000,0.0,0.0,0.0,0.0,0.0,0.0,0.0,0.0,0.0,0.0,0.0,29700891,8800264,0,frankycpp_v1.8.exe,boost::archive::detail::basic_iarchive_impl::register_type(class boost::archive::detail::basic_iserializer const &),basic_iarchive.cpp,0x1402af740
"boost::archive::detail::iserializer<class boost::archive::binary_iarchive,class chess::Move>::load_object_data",0.001000,0.0,0.0,0.0,0.0,0.0,0.0,0.0,0.0,0.0,0.0,0.0,3300099,1100033,0,frankycpp_v1.8.exe,"boost::archive::detail::iserializer<class boost::archive::binary_iarchive,class chess::Move>::load_object_data(class boost::archive::detail::basic_iarchive &,void *,unsigned int)",iserializer.hpp,0x140294590
boost::archive::object_id_type::operator=,0.001000,0.0,0.0,0.0,0.0,0.0,0.0,0.0,0.0,0.0,0.0,0.0,2200066,1100033,0,frankycpp_v1.8.exe,boost::archive::object_id_type::operator=,basic_archive.hpp,0x1402aeee0
boost::archive::version_type::{ctor},0.001000,0.0,0.0,0.0,0.0,0.0,0.0,0.0,0.0,0.0,0.0,0.0,1100033,0,0,frankycpp_v1.8.exe,boost::archive::version_type::{ctor},basic_archive.hpp,0x1402903e0
boost::serialization::extended_type_info::operator<,0.001000,0.0,0.0,0.0,0.0,0.0,0.0,0.0,0.0,0.0,0.0,0.0,14300429,8800264,0,frankycpp_v1.8.exe,boost::serialization::extended_type_info::operator<(class boost::serialization::extended_type_info const &),extended_type_info.cpp,0x1402ba150
"boost::serialization::load<class boost::archive::binary_iarchive,class boost::serialization::collection_size_type>",0.001000,0.0,0.0,0.0,0.0,0.0,0.0,0.0,0.0,0.0,0.0,0.0,2200066,4400132,0,frankycpp_v1.8.exe,"boost::serialization::load<class boost::archive::binary_iarchive,class boost::serialization::collection_size_type>(class boost::archive::binary_iarchive &,class boost::serialization::nvp<class boost::serialization::collection_size_type> &,unsigned int)",nvp.hpp,0x140288d70
"boost::serialization::load<class boost::archive::binary_iarchive,class boost::serialization::item_version_type>",0.001000,0.0,0.0,0.0,0.0,0.0,0.0,0.0,0.0,0.0,0.0,0.0,3300099,0,0,frankycpp_v1.8.exe,"boost::serialization::load<class boost::archive::binary_iarchive,class boost::serialization::item_version_type>(class boost::archive::binary_iarchive &,class boost::serialization::nvp<class boost::serialization::item_version_type> &,unsigned int)",nvp.hpp,0x140288c60
"boost::serialization::load<class boost::archive::binary_iarchive,class std::vector<unsigned __int64,class std::allocator<unsigned __int64> > >",0.001000,0.0,0.0,0.0,0.0,0.0,0.0,0.0,0.0,0.0,0.0,0.0,1100033,0,0,frankycpp_v1.8.exe,"boost::serialization::load<class boost::archive::binary_iarchive,class std::vector<unsigned __int64,class std::allocator<unsigned __int64> > >(class boost::archive::binary_iarchive &,class boost::serialization::nvp<class std::vector<unsigned __int64,class std::allocator<unsigned __int64> > > &,unsigned int)",nvp.hpp,0x14028ed90
"boost::serialization::load<class boost::archive::binary_iarchive,unsigned __int64,class std::allocator<unsigned __int64> >",0.001000,0.0,0.0,0.0,0.0,0.0,0.0,0.0,0.0,0.0,0.0,0.0,3300099,0,0,frankycpp_v1.8.exe,"boost::serialization::load<class boost::archive::binary_iarchive,unsigned __int64,class std::allocator<unsigned __int64> >(class boost::archive::binary_iarchive &,class std::vector<unsigned __int64,class std::allocator<unsigned __int64> > &,unsigned int,struct boost::mpl::bool_<1>)",vector.hpp,0x140292940
"boost::serialization::nvp<std::vector<chess::Move,std::allocator<chess::Move> > >::{ctor}",0.001000,0.0,0.0,0.0,0.0,0.0,0.0,0.0,0.0,0.0,0.0,0.0,1100033,1100033,0,frankycpp_v1.8.exe,"boost::serialization::nvp<std::vector<chess::Move,std::allocator<chess::Move> > >::{ctor}",nvp.hpp,0x14028d06f
"boost::serialization::singleton<boost::archive::detail::iserializer<boost::archive::binary_iarchive,book::BookEntry> >::get_const_instance",0.001000,0.0,0.0,0.0,0.0,0.0,0.0,0.0,0.0,0.0,0.0,0.0,0,0,0,frankycpp_v1.8.exe,"boost::serialization::singleton<boost::archive::detail::iserializer<boost::archive::binary_iarchive,book::BookEntry> >::get_const_instance",singleton.hpp,0x14028c076
"boost::serialization::singleton<boost::archive::detail::iserializer<boost::archive::binary_iarchive,std::vector<unsigned __int64,std::allocator<unsigned __int64> > > >::get_const_instance",0.001000,0.0,0.0,0.0,0.0,0.0,0.0,0.0,0.0,0.0,0.0,0.0,0,0,0,frankycpp_v1.8.exe,"boost::serialization::singleton<boost::archive::detail::iserializer<boost::archive::binary_iarchive,std::vector<unsigned __int64,std::allocator<unsigned __int64> > > >::get_const_instance",singleton.hpp,0x14028edb6
"boost::serialization::singleton<class boost::archive::detail::iserializer<class boost::archive::binary_iarchive,struct std::pair<unsigned __int64 const ,class book::BookEntry> > >::get_instance",0.001000,0.0,0.0,0.0,0.0,0.0,0.0,0.0,0.0,0.0,0.0,0.0,2200066,0,0,frankycpp_v1.8.exe,"boost::serialization::singleton<class boost::archive::detail::iserializer<class boost::archive::binary_iarchive,struct std::pair<unsigned __int64 const ,class book::BookEntry> > >::get_instance(void)",singleton.hpp,0x14028b150
"boost::serialization::stl::load_unordered_collection<class boost::archive::binary_iarchive,class std::unordered_map<unsigned __int64,class book::BookEntry,struct std::hash<unsigned __int64>,struct std::equal_to<unsigned __int64>,class std::allocator<struct std::pair<unsigned __int64 const ,class book::BookEntry> > >,struct boost::serialization::stl::archive_input_unordered_map<class boost::archive::binary_iarchive,class std::unordered_map<unsigned __int64,class book::BookEntry,struct std::hash<unsigned __int64>,struct std::equal_to<unsigned __int64>,class std::allocator<struct std::pair<unsigned __int64 const ,class book::BookEntry> > > > >",0.001000,0.0,0.0,0.0,0.0,0.0,0.0,0.0,0.0,0.0,0.0,0.0,0,0,0,frankycpp_v1.8.exe,"boost::serialization::stl::load_unordered_collection<class boost::archive::binary_iarchive,class std::unordered_map<unsigned __int64,class book::BookEntry,struct std::hash<unsigned __int64>,struct std::equal_to<unsigned __int64>,class std::allocator<struct std::pair<unsigned __int64 const ,class book::BookEntry> > >,struct boost::serialization::stl::archive_input_unordered_map<class boost::archive::binary_iarchive,class std::unordered_map<unsigned __int64,class book::BookEntry,struct std::hash<unsigned __int64>,struct std::equal_to<unsigned __int64>,class std::allocator<struct std::pair<unsigned __int64 const ,class book::BookEntry> > > > >(class boost::archive::binary_iarchive &,class std::unordered_map<unsigned __int64,class book::BookEntry,struct std::hash<unsigned __int64>,struct std::equal_to<unsigned __int64>,class std::allocator<struct std::pair<unsigned __int64 const ,class book::BookEntry> > > &)",unordered_collections_load_imp.hpp,0x140287420
chess::Attacks::detail::Magic::index,0.001000,,0.0,0.0,0.0,0.0,0.0,0.0,0.0,0.0,0.0,0.0,5900177,1500045,0,frankycpp_v1.8.exe,chess::Attacks::detail::Magic::index,attacks.h,0x14016c964
chess::Bitboard::operator bool,0.001000,0.0,0.0,0.0,0.0,0.0,0.0,0.0,0.0,0.0,0.0,0.0,12100363,3300099,0,frankycpp_v1.8.exe,chess::Bitboard::operator bool,bitboard.h,0x14026a100
chess::Bitboard::operator bool,0.001000,0.0,0.0,0.0,0.0,0.0,0.0,0.0,0.0,0.0,0.0,0.0,3300099,3300099,0,frankycpp_v1.8.exe,chess::Bitboard::operator bool,bitboard.h,0x140263a12
chess::Bitboard::operator bool,0.001000,0.0,0.0,0.0,0.0,0.0,0.0,0.0,0.0,0.0,0.0,0.0,15400462,6600198,0,frankycpp_v1.8.exe,chess::Bitboard::operator bool,bitboard.h,0x14026abbf
chess::Bitboard::operator|=,0.001000,0.0,0.0,0.0,0.0,0.0,0.0,0.0,0.0,0.0,0.0,0.0,1100033,0,0,frankycpp_v1.8.exe,chess::Bitboard::operator|=,bitboard.h,0x14026a0a8
chess::Bitboard::operator~,0.001000,0.0,0.0,0.0,0.0,0.0,0.0,0.0,0.0,0.0,0.0,0.0,3300099,5500165,0,frankycpp_v1.8.exe,chess::Bitboard::operator~,bitboard.h,0x140263cb4
chess::Bitboard::popLSB,0.001000,0.0,0.0,0.0,0.0,0.0,0.0,0.0,0.0,0.0,0.0,0.0,1100033,2200066,0,frankycpp_v1.8.exe,chess::Bitboard::popLSB,bitboard.h,0x1402639b2
chess::Bitboard::popLSB,0.001000,0.0,0.0,0.0,0.0,0.0,0.0,0.0,0.0,0.0,0.0,0.0,0,0,0,frankycpp_v1.8.exe,chess::Bitboard::popLSB,bitboard.h,0x14026ab40
chess::Bitboard::popLSB,0.001000,0.0,0.0,0.0,0.0,0.0,0.0,0.0,0.0,,,,11000330,7000210,0,frankycpp_v1.8.exe,chess::Bitboard::popLSB,bitboard.h,0x140263dda
chess::Bitboard::popLSB,0.001000,0.0,0.0,0.0,0.0,0.0,0.0,0.0,0.0,0.0,0.0,0.0,0,1100033,0,frankycpp_v1.8.exe,chess::Bitboard::popLSB,bitboard.h,0x1402633f3
chess::Bitboard::popLSB,0.001000,0.0,0.0,0.0,0.0,0.0,0.0,0.0,0.0,0.0,0.0,0.0,2200066,0,0,frankycpp_v1.8.exe,chess::Bitboard::popLSB,bitboard.h,0x14026ab97
chess::Bitboard::popLSB,0.001000,0.0,0.0,0.0,0.0,0.0,0.0,0.0,0.0,0.0,0.0,0.0,12100363,4400132,0,frankycpp_v1.8.exe,chess::Bitboard::popLSB,bitboard.h,0x140263e50
chess::Bitboard::{ctor},0.001000,0.0,0.0,0.0,0.0,0.0,0.0,0.0,0.0,0.0,0.0,0.0,3300099,0,0,frankycpp_v1.8.exe,chess::Bitboard::{ctor},bitboard.h,0x1402637ef
chess::Bitboard::{ctor},0.001000,0.0,0.0,0.0,0.0,0.0,0.0,0.0,0.0,,,,9200276,7700231,0,frankycpp_v1.8.exe,chess::Bitboard::{ctor},bitboard.h,0x14029ea8c
chess::Direction::pawnPush,0.001000,0.0,0.0,0.0,0.0,0.0,0.0,0.0,0.0,0.0,0.0,0.0,4400132,0,0,frankycpp_v1.8.exe,chess::Direction::pawnPush,direction.h,0x140263793
chess::Direction::pawnPush,0.001000,0.0,0.0,0.0,0.0,0.0,0.0,0.0,0.0,0.0,0.0,0.0,3300099,1100033,0,frankycpp_v1.8.exe,chess::Direction::pawnPush,direction.h,0x1402636f8
chess::Direction::pawnPush,0.001000,0.0,0.0,0.0,0.0,0.0,0.0,0.0,0.0,0.0,0.0,0.0,2200066,0,0,frankycpp_v1.8.exe,chess::Direction::pawnPush,direction.h,0x14026399d
chess::Move::encode,0.001000,0.0,0.0,0.0,0.0,0.0,0.0,0.0,0.0,0.0,0.0,0.0,1100033,1100033,0,frankycpp_v1.8.exe,chess::Move::encode,move.h,0x1402632b2
chess::Move::encode,0.001000,0.0,0.0,0.0,0.0,0.0,0.0,0.0,0.0,0.0,0.0,0.0,0,2200066,0,frankycpp_v1.8.exe,chess::Move::encode,move.h,0x14026330e
chess::Move::encode,0.001000,0.0,0.0,0.0,0.0,0.0,0.0,0.0,0.0,0.0,0.0,0.0,0,0,0,frankycpp_v1.8.exe,chess::Move::encode,move.h,0x14026336a
chess::Move::from,0.001000,0.0,0.0,0.0,0.0,0.0,0.0,0.0,0.0,0.0,0.0,0.0,6600198,0,0,frankycpp_v1.8.exe,chess::Move::from,move.h,0x14025b9bf
chess::Move::operator==,0.001000,0.0,0.0,0.0,0.0,0.0,0.0,0.0,0.0,0.0,0.0,0.0,17600528,3300099,0,frankycpp_v1.8.exe,chess::Move::operator==,PVTable.h,0x140220508
chess::Move::operator==,0.001000,0.0,0.0,0.0,0.0,0.0,0.0,0.0,0.0,0.0,0.0,0.0,0,0,0,frankycpp_v1.8.exe,chess::Move::operator==,PVTable.h,0x140220515
chess::Move::to,0.001000,0.0,0.0,0.0,0.0,0.0,0.0,0.0,0.0,0.0,0.0,0.0,6600198,0,0,frankycpp_v1.8.exe,chess::Move::to,move.h,0x1402208df
chess::Move::type,0.001000,0.0,0.0,0.0,0.0,0.0,0.0,0.0,0.0,0.0,0.0,0.0,7000210,5500165,0,frankycpp_v1.8.exe,chess::Move::type,move.h,0x14025c542
chess::Move::{ctor},0.001000,0.0,0.0,0.0,0.0,0.0,0.0,0.0,0.0,0.0,0.0,0.0,0,1100033,0,frankycpp_v1.8.exe,chess::Move::{ctor},move.h,0x1402639c3
chess::Move::{ctor},0.001000,0.0,0.0,0.0,0.0,0.0,0.0,0.0,0.0,0.0,0.0,0.0,3300099,0,0,frankycpp_v1.8.exe,chess::Move::{ctor},move.h,0x14026370d
chess::Move::{ctor},0.001000,0.0,0.0,0.0,0.0,0.0,0.0,0.0,0.0,0.0,0.0,0.0,0,0,0,frankycpp_v1.8.exe,chess::Move::{ctor},move.h,0x140263914
chess::MoveGenerator::reset,0.001000,0.0,0.0,0.0,0.0,0.0,0.0,0.0,0.0,0.0,0.0,0.0,0,0,0,frankycpp_v1.8.exe,chess::MoveGenerator::reset,MoveGenerator.h,0x140216694
chess::MoveGenerator::resetOnDemand,0.001000,0.0,0.0,0.0,0.0,0.0,0.0,0.0,0.0,0.0,0.0,0.0,0,0,0,frankycpp_v1.8.exe,chess::MoveGenerator::resetOnDemand,MoveGenerator.h,0x140216258
chess::MoveGenerator::resetOnDemand,0.001000,0.0,0.0,0.0,0.0,0.0,0.0,0.0,0.0,0.0,0.0,0.0,0,0,0,frankycpp_v1.8.exe,chess::MoveGenerator::resetOnDemand,MoveGenerator.h,0x14021629b
chess::Position::getLastMove,0.001000,0.0,0.0,0.0,0.0,0.0,0.0,0.0,0.0,0.0,0.0,0.0,18700561,8800264,0,frankycpp_v1.8.exe,chess::Position::getLastMove,Position.h,0x140220a8f
chess::Position::getPiece,0.001000,,0.0,0.0,0.0,0.0,91.8,0.0,0.0,0.0,0.0,0.0,0,2200066,0,frankycpp_v1.8.exe,chess::Position::getPiece,Position.h,0x14025d72a
chess::Position::getPiece,0.001000,0.0,0.0,0.0,0.0,0.0,0.0,0.0,0.0,0.0,0.0,0.0,1100033,2200066,0,frankycpp_v1.8.exe,chess::Position::getPiece,Position.h,0x140263058
chess::Position::getPieceBb,0.001000,0.0,0.0,0.0,0.0,0.0,0.0,0.0,0.0,0.0,0.0,0.0,7700231,1100033,0,frankycpp_v1.8.exe,chess::Position::getPieceBb,Position.h,0x14029ea1d
chess::Position::getPieceBb,0.001000,0.0,0.0,0.0,0.0,0.0,0.0,0.0,0.0,,,,2200066,1100033,0,frankycpp_v1.8.exe,chess::Position::getPieceBb,Position.h,0x14026aa7d
chess::Position::isCapturingMove,0.001000,0.0,0.0,0.0,0.0,0.0,0.0,0.0,0.0,,,,2200066,3300099,0,frankycpp_v1.8.exe,chess::Position::isCapturingMove,Position.h,0x1402208d0
chess::Position::isCapturingMove,0.001000,0.0,0.0,0.0,0.0,0.0,0.0,0.0,0.0,0.0,0.0,0.0,1100033,0,0,frankycpp_v1.8.exe,chess::Position::isCapturingMove,Position.h,0x140220a13
chess::Rank::operator int,0.001000,0.0,0.0,0.0,0.0,0.0,0.0,0.0,0.0,0.0,0.0,0.0,0,0,0,frankycpp_v1.8.exe,chess::Rank::operator int,rank.h,0x1402612fa
chess::Square::rank,0.001000,0.0,0.0,0.0,0.0,0.0,0.0,0.0,0.0,0.0,0.0,0.0,0,0,0,frankycpp_v1.8.exe,chess::Square::rank,square.h,0x14026a797
chess::Square::rank,0.001000,0.0,0.0,0.0,0.0,0.0,0.0,0.0,0.0,0.0,0.0,0.0,4400132,5500165,0,frankycpp_v1.8.exe,chess::Square::rank,square.h,0x14026a79f
chess::StaticMoveList<256>::push_back,0.001000,0.0,0.0,0.0,0.0,0.0,0.0,0.0,0.0,0.0,0.0,0.0,0,0,0,frankycpp_v1.8.exe,chess::StaticMoveList<256>::push_back,staticmovelist.h,0x1402640af
chess::StaticMoveList<256>::push_back,0.001000,0.0,0.0,0.0,0.0,0.0,0.0,0.0,0.0,0.0,0.0,0.0,2200066,2200066,0,frankycpp_v1.8.exe,chess::StaticMoveList<256>::push_back,staticmovelist.h,0x1402640d3
chess::StaticMoveList<256>::push_back,0.001000,0.0,0.0,0.0,0.0,0.0,0.0,0.0,0.0,0.0,0.0,0.0,2200066,1100033,0,frankycpp_v1.8.exe,chess::StaticMoveList<256>::push_back,staticmovelist.h,0x140263354
chess::StaticMoveList<256>::push_back,0.001000,0.0,0.0,0.0,0.0,0.0,0.0,0.0,0.0,0.0,0.0,0.0,1100033,1100033,0,frankycpp_v1.8.exe,chess::StaticMoveList<256>::push_back,staticmovelist.h,0x140260db0
chess::Value::operator int,0.001000,0.0,0.0,0.0,0.0,0.0,0.0,0.0,0.0,0.0,0.0,0.0,9900297,3300099,0,frankycpp_v1.8.exe,chess::Value::operator int,value.h,0x14025d6d5
chess::Value::operator int,0.001000,0.0,0.0,0.0,0.0,0.0,0.0,0.0,0.0,0.0,0.0,0.0,0,2200066,0,frankycpp_v1.8.exe,chess::Value::operator int,value.h,0x14025d7d5
chess::Value::{ctor},0.001000,0.0,0.0,0.0,0.0,0.0,0.0,0.0,0.0,0.0,0.0,0.0,11000330,2200066,0,frankycpp_v1.8.exe,chess::Value::{ctor},value.h,0x14021fa6f
chess::moveValueGreaterComparator::operator(),0.001000,0.0,0.0,0.0,0.0,0.0,0.0,0.0,0.0,0.0,0.0,0.0,0,0,0,frankycpp_v1.8.exe,chess::moveValueGreaterComparator::operator(),move.h,0x1402643e0
chess::operator&,0.001000,0.0,100.0,0.0,0.0,0.0,0.0,0.0,0.0,,,,33401002,7700231,0,frankycpp_v1.8.exe,chess::operator&,bitboard.h,0x1402208d4
chess::operator&,0.001000,0.0,0.0,0.0,0.0,0.0,0.0,0.0,0.0,0.0,0.0,0.0,6600198,1100033,0,frankycpp_v1.8.exe,chess::operator&,bitboard.h,0x140220a22
chess::operator&,0.001000,0.0,0.0,0.0,0.0,0.0,0.0,0.0,0.0,0.0,0.0,0.0,0,2200066,0,frankycpp_v1.8.exe,chess::operator&,bitboard.h,0x140261353
chess::operator&,0.001000,0.0,0.0,0.0,0.0,0.0,0.0,0.0,0.0,,,,0,2200066,0,frankycpp_v1.8.exe,chess::operator&,bitboard.h,0x14026383b
chess::operator&,0.001000,0.0,0.0,0.0,0.0,0.0,0.0,0.0,0.0,,,,4400132,2200066,0,frankycpp_v1.8.exe,chess::operator&,bitboard.h,0x14025c2d3
chess::operator&,0.001000,0.0,0.0,0.0,0.0,0.0,0.0,0.0,0.0,0.0,0.0,0.0,3300099,0,0,frankycpp_v1.8.exe,chess::operator&,bitboard.h,0x140263974
chess::operator*,0.001000,0.0,0.0,0.0,0.0,0.0,0.0,0.0,0.0,0.0,0.0,0.0,0,0,0,frankycpp_v1.8.exe,chess::operator*,value.h,0x1402699d5
chess::operator+,0.001000,,0.0,0.0,0.0,0.0,0.0,0.0,0.0,0.0,0.0,0.0,0,1100033,0,frankycpp_v1.8.exe,chess::operator+,direction.h,0x1402639d7
chess::operator+,0.001000,0.0,0.0,0.0,0.0,0.0,0.0,0.0,0.0,,,,10700321,6600198,0,frankycpp_v1.8.exe,chess::operator+,value.h,0x140221211
chess::operator+,0.001000,0.0,0.0,0.0,0.0,0.0,0.0,0.0,0.0,0.0,0.0,0.0,1100033,2200066,0,frankycpp_v1.8.exe,chess::operator+,value.h,0x14021f374
chess::operator+,0.001000,0.0,0.0,0.0,0.0,0.0,0.0,0.0,0.0,0.0,0.0,0.0,11400342,7700231,0,frankycpp_v1.8.exe,chess::operator+,direction.h,0x14025c2e5
chess::operator+,0.001000,0.0,0.0,0.0,0.0,0.0,0.0,0.0,0.0,0.0,0.0,0.0,0,0,0,frankycpp_v1.8.exe,chess::operator+,depth.h,0x1402207d0
chess::operator+=,0.001000,0.0,0.0,0.0,0.0,0.0,0.0,0.0,0.0,0.0,0.0,0.0,1100033,1100033,0,frankycpp_v1.8.exe,chess::operator+=,value.h,0x14026a242
chess::operator+=,0.001000,,0.0,0.0,0.0,0.0,0.0,0.0,0.0,0.0,0.0,0.0,3300099,2200066,0,frankycpp_v1.8.exe,chess::operator+=,value.h,0x14026a59d
chess::operator+=,0.001000,0.0,0.0,0.0,0.0,0.0,0.0,0.0,0.0,0.0,0.0,0.0,2200066,3300099,0,frankycpp_v1.8.exe,chess::operator+=,value.h,0x14026a2fd
chess::operator-,0.001000,0.0,0.0,0.0,0.0,0.0,0.0,0.0,0.0,0.0,0.0,0.0,3300099,1100033,0,frankycpp_v1.8.exe,chess::operator-,value.h,0x14021fa54
chess::operator-,0.001000,0.0,0.0,0.0,0.0,0.0,0.0,0.0,0.0,0.0,0.0,0.0,0,0,0,frankycpp_v1.8.exe,chess::operator-,value.h,0x140263d18
chess::operator-,0.001000,0.0,0.0,0.0,0.0,0.0,0.0,0.0,0.0,0.0,0.0,0.0,31900957,6600198,0,frankycpp_v1.8.exe,chess::operator-,value.h,0x14029e8b0
chess::operator-,0.001000,0.0,0.0,0.0,0.0,0.0,0.0,0.0,0.0,0.0,0.0,0.0,16500495,2200066,0,frankycpp_v1.8.exe,chess::operator-,value.h,0x14021fcd7
chess::operator-,0.001000,0.0,0.0,0.0,0.0,0.0,0.0,0.0,0.0,0.0,0.0,0.0,0,0,0,frankycpp_v1.8.exe,chess::operator-,direction.h,0x1402632bb
chess::operator-=,0.001000,0.0,0.0,0.0,0.0,0.0,0.0,0.0,0.0,0.0,0.0,0.0,0,0,0,frankycpp_v1.8.exe,chess::operator-=,depth.h,0x14022044c
chess::operator==,0.001000,0.0,0.0,0.0,0.0,0.0,0.0,0.0,0.0,0.0,0.0,0.0,2600078,0,0,frankycpp_v1.8.exe,chess::operator==,castlingrights.h,0x1402640c9
chess::operator>,0.001000,0.0,0.0,0.0,0.0,0.0,0.0,0.0,0.0,0.0,0.0,0.0,15400462,13200396,0,frankycpp_v1.8.exe,chess::operator>,value.h,0x14021faa1
chess::operator~,0.001000,0.0,0.0,0.0,0.0,0.0,0.0,0.0,0.0,0.0,0.0,0.0,3300099,2200066,0,frankycpp_v1.8.exe,chess::operator~,color.h,0x140220a13
chess::operator~,0.001000,0.0,0.0,0.0,0.0,0.0,0.0,0.0,0.0,0.0,0.0,0.0,1100033,0,0,frankycpp_v1.8.exe,chess::operator~,color.h,0x140262c00
chess::operator~,0.001000,0.0,0.0,0.0,0.0,0.0,0.0,0.0,0.0,,,,1100033,0,0,frankycpp_v1.8.exe,chess::operator~,color.h,0x14029ea88
chess::operator~,0.001000,0.0,0.0,0.0,0.0,0.0,0.0,0.0,0.0,0.0,0.0,0.0,1100033,0,0,frankycpp_v1.8.exe,chess::operator~,color.h,0x14025c6e1
chess::operator~,0.001000,0.0,0.0,0.0,0.0,0.0,0.0,0.0,0.0,0.0,0.0,0.0,4400132,1100033,0,frankycpp_v1.8.exe,chess::operator~,color.h,0x1402209c8
chess::valueOf,0.001000,0.0,0.0,0.0,0.0,0.0,0.0,0.0,0.0,0.0,0.0,0.0,0,1100033,0,frankycpp_v1.8.exe,chess::valueOf,value.h,0x14029e703
engine::BestMoveStability::reset,0.001000,0.0,0.0,0.0,0.0,0.0,0.0,0.0,0.0,0.0,0.0,0.0,0,0,0,frankycpp_v1.8.exe,engine::BestMoveStability::reset,Search.h,0x140217563
engine::PVTable::update,0.001000,0.0,0.0,100.0,0.0,0.0,0.0,0.0,0.0,0.0,0.0,0.0,1100033,0,0,frankycpp_v1.8.exe,"engine::PVTable::update(class chess::Move,enum chess::Depth)",PVTable.h,0x140213c80
engine::PawnTT::Entry::{ctor},0.001000,0.0,0.0,0.0,0.0,0.0,0.0,0.0,0.0,0.0,0.0,0.0,0,0,0,frankycpp_v1.8.exe,engine::PawnTT::Entry::{ctor},PawnTT.h,0x1402677f0
engine::PawnTT::getHash,0.001000,0.0,0.0,0.0,0.0,0.0,0.0,0.0,0.0,0.0,0.0,0.0,0,0,0,frankycpp_v1.8.exe,engine::PawnTT::getHash,PawnTT.h,0x140267572
engine::Search::evaluate,0.001000,0.0,91.8,91.8,0.0,0.0,0.0,0.0,0.0,0.0,0.0,0.0,11000330,6600198,0,frankycpp_v1.8.exe,engine::Search::evaluate,Search.cpp,0x14021f8aa
engine::Search::rootSearch,0.001000,0.0,0.0,0.0,0.0,0.0,0.0,0.0,0.0,0.0,0.0,0.0,3300099,1100033,0,frankycpp_v1.8.exe,"engine::Search::rootSearch(class chess::Position &,enum chess::Depth,class chess::Value,class chess::Value,int)",Search.cpp,0x14021ee80
engine::Search::thread,0.001000,0.0,0.0,100.0,0.0,0.0,0.0,0.0,0.0,0.0,0.0,0.0,4400132,1100033,0,frankycpp_v1.8.exe,engine::Search::thread,Search.h,0x14021faff
engine::Search::thread,0.001000,0.0,0.0,73.5,0.0,0.0,0.0,0.0,0.0,,,,6600198,1500045,0,frankycpp_v1.8.exe,engine::Search::thread,Search.h,0x140221133
engine::Search::thread,0.001000,0.0,0.0,0.0,0.0,0.0,0.0,0.0,0.0,0.0,0.0,0.0,3300099,2200066,0,frankycpp_v1.8.exe,engine::Search::thread,Search.h,0x140220ac1
engine::TT::resize,0.001000,0.0,0.0,0.0,0.0,0.0,0.0,0.0,0.0,0.0,0.0,0.0,0,0,0,frankycpp_v1.8.exe,engine::TT::resize(unsigned __int64),TT.cpp,0x14026c8d0
func@0x140001000,0.001000,0.0,0.0,0.0,0.0,0.0,0.0,0.0,0.0,0.0,0.0,0.0,0,0,0,winhvr.sys,func@0x140001000,[Unknown],0x140001000
func@0x140002ff0,0.001000,0.0,,0.0,0.0,0.0,0.0,0.0,0.0,0.0,0.0,0.0,0,0,0,winhvr.sys,func@0x140002ff0,[Unknown],0x140002ff0
func@0x1400040c0,0.001000,0.0,0.0,0.0,0.0,0.0,0.0,0.0,0.0,0.0,0.0,0.0,0,0,0,usbxhci.sys,func@0x1400040c0,[Unknown],0x1400040c0
func@0x1400067d0,0.001000,0.0,,,0.0,0.0,0.0,0.0,0.0,0.0,0.0,0.0,0,0,0,dxgmms2.sys,func@0x1400067d0,[Unknown],0x1400067d0
func@0x140007c18,0.001000,0.0,0.0,0.0,0.0,0.0,0.0,0.0,0.0,0.0,0.0,0.0,0,0,0,dxgmms2.sys,func@0x140007c18,[Unknown],0x140007c18
func@0x14000b000,0.001000,0.0,0.0,0.0,0.0,0.0,0.0,0.0,0.0,0.0,0.0,0.0,0,0,0,nvlddmkm.sys,func@0x14000b000,[Unknown],0x14000b000
func@0x14000cbe0,0.001000,0.0,0.0,0.0,0.0,0.0,0.0,0.0,0.0,0.0,0.0,0.0,0,0,0,nvlddmkm.sys,func@0x14000cbe0,[Unknown],0x14000cbe0
func@0x14000d928,0.001000,0.0,0.0,0.0,0.0,0.0,0.0,0.0,0.0,0.0,0.0,0.0,0,0,0,dxgmms2.sys,func@0x14000d928,[Unknown],0x14000d928
func@0x14000d936,0.001000,0.0,0.0,0.0,0.0,0.0,0.0,0.0,0.0,0.0,0.0,0.0,0,0,0,dxgmms2.sys,func@0x14000d936,[Unknown],0x14000d936
func@0x140012860,0.001000,0.0,0.0,0.0,0.0,0.0,0.0,0.0,0.0,0.0,0.0,0.0,0,0,0,usbxhci.sys,func@0x140012860,[Unknown],0x140012860
func@0x140012948,0.001000,0.0,0.0,0.0,0.0,100.0,0.0,0.0,0.0,0.0,0.0,0.0,0,0,0,usbxhci.sys,func@0x140012948,[Unknown],0x140012948
func@0x14001672d,0.001000,0.0,100.0,0.0,100.0,0.0,0.0,0.0,0.0,0.0,0.0,0.0,0,0,0,wdf01000.sys,func@0x14001672d,[Unknown],0x14001672d
func@0x14001faff,0.001000,0.0,0.0,0.0,0.0,0.0,0.0,0.0,0.0,0.0,0.0,0.0,0,0,0,nvlddmkm.sys,func@0x14001faff,[Unknown],0x14001faff
func@0x14001fcfc,0.001000,0.0,0.0,0.0,0.0,0.0,0.0,0.0,0.0,0.0,0.0,0.0,0,0,0,netadaptercx.sys,func@0x14001fcfc,[Unknown],0x14001fcfc
func@0x140026fb0,0.001000,,0.0,100.0,0.0,0.0,0.0,0.0,0.0,0.0,0.0,0.0,1100033,0,550231,dxgmms2.sys,func@0x140026fb0,[Unknown],0x140026fb0
func@0x140028980,0.001000,0.0,0.0,0.0,,,0.0,0.0,0.0,0.0,0.0,0.0,0,0,0,dxgmms2.sys,func@0x140028980,[Unknown],0x140028980
func@0x140028da5,0.001000,0.0,0.0,0.0,0.0,0.0,0.0,0.0,0.0,0.0,0.0,0.0,0,0,0,dxgmms2.sys,func@0x140028da5,[Unknown],0x140028da5
func@0x14002d3e0,0.001000,0.0,0.0,,,0.0,0.0,0.0,0.0,0.0,0.0,0.0,0,0,0,dxgkrnl.sys,func@0x14002d3e0,[Unknown],0x14002d3e0
func@0x140035540,0.001000,0.0,0.0,0.0,0.0,0.0,0.0,0.0,0.0,0.0,0.0,0.0,0,0,0,dxgkrnl.sys,func@0x140035540,[Unknown],0x140035540
func@0x14003d1a0,0.001000,0.0,0.0,0.0,0.0,0.0,0.0,0.0,0.0,0.0,0.0,0.0,0,0,0,wdfilter.sys,func@0x14003d1a0,[Unknown],0x14003d1a0
func@0x14004c85e,0.001000,0.0,0.0,0.0,0.0,0.0,0.0,0.0,0.0,0.0,0.0,0.0,0,0,0,wdf01000.sys,func@0x14004c85e,[Unknown],0x14004c85e
func@0x140050c80,0.001000,0.0,0.0,0.0,0.0,0.0,0.0,0.0,0.0,0.0,0.0,0.0,0,0,0,storport.sys,func@0x140050c80,[Unknown],0x140050c80
func@0x140054600,0.001000,0.0,0.0,0.0,0.0,0.0,0.0,0.0,0.0,0.0,0.0,0.0,0,0,0,wdf01000.sys,func@0x140054600,[Unknown],0x140054600
func@0x14009e61f,0.001000,0.0,,0.0,0.0,0.0,0.0,0.0,0.0,0.0,0.0,0.0,2200066,0,0,nvlddmkm.sys,func@0x14009e61f,[Unknown],0x14009e61f
func@0x1400dbec0,0.001000,0.0,0.0,,,0.0,0.0,0.0,0.0,0.0,0.0,0.0,0,0,0,nvlddmkm.sys,func@0x1400dbec0,[Unknown],0x1400dbec0
func@0x1400f9ec0,0.001000,0.0,0.0,0.0,0.0,0.0,0.0,0.0,0.0,0.0,0.0,0.0,1100033,0,0,nvlddmkm.sys,func@0x1400f9ec0,[Unknown],0x1400f9ec0
func@0x140103210,0.001000,0.0,0.0,0.0,0.0,0.0,0.0,0.0,0.0,0.0,0.0,0.0,2200066,0,0,nvlddmkm.sys,func@0x140103210,[Unknown],0x140103210
func@0x140122fc0,0.001000,0.0,0.0,0.0,0.0,0.0,0.0,0.0,0.0,0.0,0.0,0.0,0,0,0,nvlddmkm.sys,func@0x140122fc0,[Unknown],0x140122fc0
func@0x140124f20,0.001000,0.0,0.0,0.0,,,0.0,0.0,0.0,0.0,0.0,0.0,0,0,0,nvlddmkm.sys,func@0x140124f20,[Unknown],0x140124f20
func@0x140126f70,0.001000,0.0,0.0,0.0,0.0,0.0,0.0,0.0,0.0,0.0,0.0,0.0,0,0,0,nvlddmkm.sys,func@0x140126f70,[Unknown],0x140126f70
func@0x140127050,0.001000,0.0,0.0,0.0,0.0,0.0,0.0,0.0,0.0,0.0,0.0,0.0,0,0,0,nvlddmkm.sys,func@0x140127050,[Unknown],0x140127050
func@0x140128400,0.001000,0.0,0.0,0.0,0.0,0.0,0.0,0.0,0.0,0.0,0.0,0.0,0,0,0,nvlddmkm.sys,func@0x140128400,[Unknown],0x140128400
func@0x140144a50,0.001000,0.0,0.0,0.0,0.0,0.0,0.0,0.0,0.0,0.0,0.0,0.0,0,0,0,nvlddmkm.sys,func@0x140144a50,[Unknown],0x140144a50
func@0x140164db0,0.001000,0.0,0.0,0.0,0.0,0.0,0.0,0.0,0.0,0.0,0.0,0.0,2200066,0,0,nvlddmkm.sys,func@0x140164db0,[Unknown],0x140164db0
func@0x14016c7e0,0.001000,0.0,0.0,0.0,0.0,0.0,0.0,0.0,0.0,0.0,0.0,0.0,0,0,0,nvlddmkm.sys,func@0x14016c7e0,[Unknown],0x14016c7e0
func@0x140200e20,0.001000,0.0,0.0,0.0,0.0,0.0,0.0,0.0,0.0,0.0,0.0,0.0,0,0,0,ntoskrnl.exe,func@0x140200e20,[Unknown],0x140200e20
func@0x140201130,0.001000,0.0,0.0,0.0,0.0,0.0,0.0,0.0,0.0,0.0,0.0,0.0,0,0,0,ntoskrnl.exe,func@0x140201130,[Unknown],0x140201130
func@0x1402142b0,0.001000,0.0,0.0,0.0,0.0,0.0,0.0,0.0,0.0,0.0,0.0,0.0,0,0,0,ntoskrnl.exe,func@0x1402142b0,[Unknown],0x1402142b0
func@0x140235f00,0.001000,0.0,0.0,0.0,0.0,0.0,0.0,0.0,0.0,0.0,0.0,0.0,0,0,0,ntoskrnl.exe,func@0x140235f00,[Unknown],0x140235f00
func@0x14024c650,0.001000,0.0,0.0,0.0,0.0,0.0,0.0,0.0,0.0,0.0,0.0,0.0,0,0,0,ntoskrnl.exe,func@0x14024c650,[Unknown],0x14024c650
func@0x140256220,0.001000,0.0,0.0,91.8,0.0,0.0,0.0,0.0,0.0,0.0,0.0,0.0,2200066,2200066,0,ntoskrnl.exe,func@0x140256220,[Unknown],0x140256220
func@0x140256f09,0.001000,0.0,0.0,0.0,0.0,0.0,0.0,0.0,0.0,0.0,0.0,0.0,0,0,0,ntoskrnl.exe,func@0x140256f09,[Unknown],0x140256f09
func@0x14025f8ab,0.001000,0.0,0.0,0.0,0.0,0.0,0.0,0.0,0.0,0.0,0.0,0.0,0,0,0,ntoskrnl.exe,func@0x14025f8ab,[Unknown],0x14025f8ab
func@0x140273680,0.001000,0.0,0.0,0.0,0.0,0.0,0.0,0.0,0.0,0.0,0.0,0.0,0,0,0,ntoskrnl.exe,func@0x140273680,[Unknown],0x140273680
func@0x140275020,0.001000,0.0,0.0,0.0,0.0,0.0,0.0,0.0,0.0,0.0,0.0,0.0,0,1100033,0,ntoskrnl.exe,func@0x140275020,[Unknown],0x140275020
func@0x140286820,0.001000,0.0,0.0,0.0,0.0,0.0,0.0,0.0,0.0,0.0,0.0,0.0,0,0,0,ntoskrnl.exe,func@0x140286820,[Unknown],0x140286820
func@0x140292ac2,0.001000,0.0,0.0,0.0,0.0,0.0,0.0,0.0,0.0,0.0,0.0,0.0,0,0,0,ntoskrnl.exe,func@0x140292ac2,[Unknown],0x140292ac2
func@0x140295af0,0.001000,0.0,0.0,0.0,0.0,0.0,0.0,0.0,0.0,0.0,0.0,0.0,3300099,1100033,0,ntoskrnl.exe,func@0x140295af0,[Unknown],0x140295af0
func@0x14029839c,0.001000,0.0,0.0,0.0,0.0,0.0,0.0,0.0,0.0,0.0,0.0,0.0,0,0,0,ntoskrnl.exe,func@0x14029839c,[Unknown],0x14029839c
func@0x140299705,0.001000,0.0,0.0,0.0,0.0,0.0,0.0,0.0,0.0,0.0,0.0,0.0,0,0,0,ntoskrnl.exe,func@0x140299705,[Unknown],0x140299705
func@0x14029a67b,0.001000,0.0,100.0,0.0,100.0,0.0,0.0,0.0,0.0,,,,2200066,0,0,ntoskrnl.exe,func@0x14029a67b,[Unknown],0x14029a67b
func@0x14029bb80,0.001000,0.0,0.0,0.0,0.0,0.0,0.0,0.0,0.0,0.0,0.0,0.0,0,0,0,ntoskrnl.exe,func@0x14029bb80,[Unknown],0x14029bb80
func@0x14029cf20,0.001000,0.0,100.0,0.0,0.0,0.0,0.0,0.0,0.0,0.0,0.0,0.0,0,0,0,ntoskrnl.exe,func@0x14029cf20,[Unknown],0x14029cf20
func@0x1402ace70,0.001000,0.0,0.0,0.0,0.0,0.0,0.0,0.0,0.0,0.0,0.0,0.0,0,0,0,nvlddmkm.sys,func@0x1402ace70,[Unknown],0x1402ace70
func@0x1402b2840,0.001000,0.0,0.0,0.0,0.0,0.0,0.0,0.0,0.0,0.0,0.0,0.0,0,1100033,0,ntoskrnl.exe,func@0x1402b2840,[Unknown],0x1402b2840
func@0x1402b3a60,0.001000,0.0,0.0,0.0,0.0,0.0,0.0,0.0,0.0,0.0,0.0,0.0,2200066,1100033,0,ntoskrnl.exe,func@0x1402b3a60,[Unknown],0x1402b3a60
func@0x1402b4294,0.001000,0.0,0.0,0.0,0.0,0.0,0.0,0.0,0.0,0.0,0.0,0.0,0,0,0,ntoskrnl.exe,func@0x1402b4294,[Unknown],0x1402b4294
func@0x1402b9b70,0.001000,0.0,0.0,0.0,0.0,0.0,0.0,0.0,0.0,0.0,0.0,0.0,1100033,1100033,0,ntoskrnl.exe,func@0x1402b9b70,[Unknown],0x1402b9b70
func@0x1402ba0e0,0.001000,0.0,0.0,0.0,0.0,0.0,0.0,0.0,0.0,0.0,0.0,0.0,3300099,0,0,ntoskrnl.exe,func@0x1402ba0e0,[Unknown],0x1402ba0e0
func@0x1402ba4de,0.001000,0.0,0.0,0.0,0.0,0.0,0.0,0.0,0.0,0.0,0.0,0.0,0,0,0,ntoskrnl.exe,func@0x1402ba4de,[Unknown],0x1402ba4de
func@0x1402bd420,0.001000,0.0,0.0,0.0,0.0,0.0,0.0,0.0,0.0,0.0,0.0,0.0,0,0,0,ntoskrnl.exe,func@0x1402bd420,[Unknown],0x1402bd420
func@0x1402c6b15,0.001000,0.0,0.0,0.0,0.0,0.0,0.0,0.0,0.0,0.0,0.0,0.0,0,0,0,ntoskrnl.exe,func@0x1402c6b15,[Unknown],0x1402c6b15
func@0x1402c6e30,0.001000,0.0,0.0,0.0,0.0,0.0,0.0,0.0,0.0,0.0,0.0,0.0,0,0,0,ntoskrnl.exe,func@0x1402c6e30,[Unknown],0x1402c6e30
func@0x1402d5120,0.001000,0.0,0.0,0.0,0.0,0.0,0.0,0.0,0.0,0.0,0.0,0.0,0,0,0,ntoskrnl.exe,func@0x1402d5120,[Unknown],0x1402d5120
func@0x1402d6520,0.001000,0.0,0.0,0.0,0.0,0.0,0.0,0.0,0.0,0.0,0.0,0.0,400012,1100033,0,ntoskrnl.exe,func@0x1402d6520,[Unknown],0x1402d6520
func@0x1402d81b0,0.001000,,0.0,0.0,0.0,0.0,0.0,0.0,0.0,0.0,0.0,0.0,1100033,1100033,0,ntoskrnl.exe,func@0x1402d81b0,[Unknown],0x1402d81b0
func@0x1402e720f,0.001000,0.0,0.0,,,0.0,0.0,0.0,0.0,0.0,0.0,0.0,0,0,0,nvlddmkm.sys,func@0x1402e720f,[Unknown],0x1402e720f
func@0x1402ea260,0.001000,0.0,0.0,0.0,0.0,0.0,0.0,0.0,0.0,0.0,0.0,0.0,1100033,0,0,ntoskrnl.exe,func@0x1402ea260,[Unknown],0x1402ea260
func@0x1402f91f0,0.001000,0.0,0.0,100.0,0.0,0.0,0.0,0.0,0.0,0.0,0.0,0.0,4400132,2200066,0,ntoskrnl.exe,func@0x1402f91f0,[Unknown],0x1402f91f0
func@0x1403055c3,0.001000,0.0,0.0,0.0,0.0,0.0,0.0,0.0,0.0,0.0,0.0,0.0,0,0,0,ntoskrnl.exe,func@0x1403055c3,[Unknown],0x1403055c3
func@0x140309a10,0.001000,0.0,0.0,0.0,0.0,0.0,0.0,0.0,0.0,0.0,0.0,0.0,0,0,0,nvlddmkm.sys,func@0x140309a10,[Unknown],0x140309a10
func@0x14030acb0,0.001000,0.0,0.0,0.0,0.0,0.0,0.0,0.0,0.0,0.0,0.0,0.0,0,0,0,ntoskrnl.exe,func@0x14030acb0,[Unknown],0x14030acb0
func@0x14030e75f,0.001000,0.0,0.0,0.0,0.0,0.0,0.0,0.0,0.0,0.0,0.0,0.0,0,0,0,nvlddmkm.sys,func@0x14030e75f,[Unknown],0x14030e75f
func@0x140316a4f,0.001000,0.0,0.0,0.0,0.0,0.0,0.0,0.0,0.0,0.0,0.0,0.0,0,0,0,nvlddmkm.sys,func@0x140316a4f,[Unknown],0x140316a4f
func@0x140317160,0.001000,,73.5,0.0,100.0,73.5,0.0,0.0,0.0,0.0,0.0,0.0,1100033,0,0,ntoskrnl.exe,func@0x140317160,[Unknown],0x140317160
func@0x140318a00,0.001000,0.0,0.0,0.0,0.0,0.0,0.0,0.0,0.0,0.0,0.0,0.0,0,0,0,ntoskrnl.exe,func@0x140318a00,[Unknown],0x140318a00
func@0x140318ce0,0.001000,0.0,0.0,0.0,0.0,100.0,0.0,0.0,0.0,0.0,0.0,0.0,0,1100033,0,ntoskrnl.exe,func@0x140318ce0,[Unknown],0x140318ce0
func@0x14031a15b,0.001000,0.0,0.0,0.0,0.0,0.0,0.0,0.0,0.0,0.0,0.0,0.0,1100033,0,0,ntoskrnl.exe,func@0x14031a15b,[Unknown],0x14031a15b
func@0x14031e1c8,0.001000,0.0,0.0,0.0,0.0,0.0,0.0,0.0,0.0,0.0,0.0,0.0,0,0,0,ntoskrnl.exe,func@0x14031e1c8,[Unknown],0x14031e1c8
func@0x140327b30,0.001000,0.0,0.0,0.0,0.0,0.0,0.0,0.0,0.0,,,,0,0,0,ntoskrnl.exe,func@0x140327b30,[Unknown],0x140327b30
func@0x14032df50,0.001000,0.0,0.0,0.0,0.0,0.0,0.0,0.0,0.0,0.0,0.0,0.0,0,0,0,ntoskrnl.exe,func@0x14032df50,[Unknown],0x14032df50
func@0x14033bfe0,0.001000,0.0,0.0,0.0,0.0,52.5,0.0,,0.0,0.0,0.0,0.0,0,1100033,0,ntoskrnl.exe,func@0x14033bfe0,[Unknown],0x14033bfe0
func@0x14033c2e4,0.001000,0.0,,,0.0,0.0,0.0,0.0,0.0,0.0,0.0,0.0,1100033,0,0,ntoskrnl.exe,func@0x14033c2e4,[Unknown],0x14033c2e4
func@0x1403a900d,0.001000,0.0,0.0,0.0,0.0,0.0,0.0,0.0,0.0,0.0,0.0,0.0,0,0,0,ntoskrnl.exe,func@0x1403a900d,[Unknown],0x1403a900d
func@0x1403b2b10,0.001000,100.0,0.0,0.0,100.0,0.0,0.0,0.0,0.0,0.0,0.0,0.0,2200066,1100033,0,ntoskrnl.exe,func@0x1403b2b10,[Unknown],0x1403b2b10
func@0x1403b3ba0,0.001000,0.0,0.0,0.0,0.0,0.0,0.0,0.0,0.0,0.0,0.0,0.0,0,0,0,ntoskrnl.exe,func@0x1403b3ba0,[Unknown],0x1403b3ba0
func@0x1403b3c74,0.001000,0.0,0.0,0.0,0.0,0.0,0.0,0.0,0.0,0.0,0.0,0.0,0,0,0,ntoskrnl.exe,func@0x1403b3c74,[Unknown],0x1403b3c74
func@0x1403c8760,0.001000,0.0,0.0,0.0,0.0,0.0,0.0,0.0,0.0,0.0,0.0,0.0,0,0,0,ntoskrnl.exe,func@0x1403c8760,[Unknown],0x1403c8760
func@0x1403d66b0,0.001000,0.0,0.0,0.0,0.0,0.0,0.0,0.0,0.0,0.0,0.0,0.0,0,0,0,ntoskrnl.exe,func@0x1403d66b0,[Unknown],0x1403d66b0
func@0x1403d6ed0,0.001000,0.0,0.0,0.0,0.0,0.0,0.0,0.0,0.0,0.0,0.0,0.0,3300099,1100033,0,ntoskrnl.exe,func@0x1403d6ed0,[Unknown],0x1403d6ed0
func@0x140414093,0.001000,0.0,0.0,0.0,0.0,0.0,0.0,0.0,0.0,0.0,0.0,0.0,0,0,0,ntoskrnl.exe,func@0x140414093,[Unknown],0x140414093
func@0x14047ac87,0.001000,0.0,0.0,0.0,0.0,0.0,0.0,0.0,0.0,0.0,0.0,0.0,0,0,0,ntoskrnl.exe,func@0x14047ac87,[Unknown],0x14047ac87
func@0x1404e76a0,0.001000,0.0,0.0,0.0,0.0,0.0,0.0,0.0,0.0,0.0,0.0,0.0,1100033,0,0,ntoskrnl.exe,func@0x1404e76a0,[Unknown],0x1404e76a0
func@0x1404e78e0,0.001000,0.0,,,0.0,0.0,0.0,0.0,0.0,0.0,0.0,0.0,0,0,0,ntoskrnl.exe,func@0x1404e78e0,[Unknown],0x1404e78e0
func@0x1404e8368,0.001000,0.0,0.0,0.0,0.0,0.0,0.0,0.0,0.0,0.0,0.0,0.0,1100033,0,0,ntoskrnl.exe,func@0x1404e8368,[Unknown],0x1404e8368
func@0x1404f0c20,0.001000,0.0,0.0,0.0,0.0,0.0,0.0,0.0,0.0,0.0,0.0,0.0,0,0,0,ntoskrnl.exe,func@0x1404f0c20,[Unknown],0x1404f0c20
func@0x1404f2aa0,0.001000,0.0,0.0,0.0,100.0,0.0,0.0,0.0,0.0,0.0,0.0,0.0,2200066,0,0,ntoskrnl.exe,func@0x1404f2aa0,[Unknown],0x1404f2aa0
func@0x1405dd850,0.001000,0.0,0.0,0.0,0.0,0.0,0.0,0.0,0.0,0.0,0.0,0.0,0,0,0,ntoskrnl.exe,func@0x1405dd850,[Unknown],0x1405dd850
func@0x1405dfe10,0.001000,0.0,0.0,0.0,0.0,0.0,0.0,0.0,0.0,0.0,0.0,0.0,0,2200066,0,ntoskrnl.exe,func@0x1405dfe10,[Unknown],0x1405dfe10
func@0x1406b1730,0.001000,,0.0,0.0,0.0,0.0,0.0,0.0,0.0,0.0,0.0,0.0,2200066,1100033,0,ntoskrnl.exe,func@0x1406b1730,[Unknown],0x1406b1730
func@0x1406b1f90,0.001000,0.0,0.0,0.0,73.5,0.0,0.0,0.0,0.0,,,,0,0,0,ntoskrnl.exe,func@0x1406b1f90,[Unknown],0x1406b1f90
func@0x1406bd583,0.001000,0.0,0.0,0.0,0.0,0.0,0.0,0.0,0.0,0.0,0.0,0.0,0,0,0,ntoskrnl.exe,func@0x1406bd583,[Unknown],0x1406bd583
func@0x1406efb7f,0.001000,0.0,0.0,0.0,0.0,0.0,0.0,0.0,0.0,0.0,0.0,0.0,0,0,0,nvlddmkm.sys,func@0x1406efb7f,[Unknown],0x1406efb7f
func@0x14073cbd0,0.001000,0.0,0.0,0.0,0.0,0.0,0.0,0.0,0.0,0.0,0.0,0.0,0,0,0,nvlddmkm.sys,func@0x14073cbd0,[Unknown],0x14073cbd0
func@0x140845a30,0.001000,0.0,0.0,0.0,0.0,0.0,0.0,0.0,0.0,0.0,0.0,0.0,0,0,0,ntoskrnl.exe,func@0x140845a30,[Unknown],0x140845a30
func@0x1408a2126,0.001000,0.0,0.0,0.0,0.0,0.0,0.0,0.0,0.0,0.0,0.0,0.0,0,0,0,ntoskrnl.exe,func@0x1408a2126,[Unknown],0x1408a2126
func@0x1408d9d10,0.001000,0.0,0.0,0.0,0.0,0.0,0.0,0.0,0.0,0.0,0.0,0.0,0,0,0,ntoskrnl.exe,func@0x1408d9d10,[Unknown],0x1408d9d10
func@0x140903590,0.001000,0.0,0.0,0.0,0.0,0.0,0.0,0.0,0.0,0.0,0.0,0.0,0,0,0,nvlddmkm.sys,func@0x140903590,[Unknown],0x140903590
func@0x140ae433d,0.001000,0.0,0.0,0.0,0.0,0.0,0.0,0.0,0.0,0.0,0.0,0.0,0,0,0,ntoskrnl.exe,func@0x140ae433d,[Unknown],0x140ae433d
func@0x140c31d30,0.001000,0.0,0.0,0.0,0.0,0.0,0.0,0.0,0.0,0.0,0.0,0.0,2200066,0,0,nvlddmkm.sys,func@0x140c31d30,[Unknown],0x140c31d30
func@0x140c31d90,0.001000,0.0,0.0,0.0,0.0,0.0,0.0,0.0,0.0,0.0,0.0,0.0,0,0,0,nvlddmkm.sys,func@0x140c31d90,[Unknown],0x140c31d90
func@0x140c8f100,0.001000,0.0,0.0,0.0,0.0,0.0,0.0,0.0,0.0,0.0,0.0,0.0,0,0,0,nvlddmkm.sys,func@0x140c8f100,[Unknown],0x140c8f100
func@0x140c97cc0,0.001000,0.0,0.0,0.0,0.0,0.0,0.0,0.0,0.0,0.0,0.0,0.0,0,0,0,nvlddmkm.sys,func@0x140c97cc0,[Unknown],0x140c97cc0
func@0x140c97cd0,0.001000,0.0,0.0,0.0,0.0,0.0,0.0,0.0,0.0,0.0,0.0,0.0,0,0,0,nvlddmkm.sys,func@0x140c97cd0,[Unknown],0x140c97cd0
func@0x140cbb800,0.001000,0.0,0.0,0.0,100.0,0.0,0.0,0.0,0.0,0.0,0.0,0.0,0,0,0,nvlddmkm.sys,func@0x140cbb800,[Unknown],0x140cbb800
func@0x140d0ec20,0.001000,0.0,0.0,0.0,0.0,0.0,0.0,0.0,0.0,0.0,0.0,0.0,0,1100033,0,nvlddmkm.sys,func@0x140d0ec20,[Unknown],0x140d0ec20
func@0x18000f5e0,0.001000,0.0,0.0,0.0,0.0,0.0,0.0,0.0,0.0,0.0,0.0,0.0,0,0,0,ntdll.dll,func@0x18000f5e0,[Unknown],0x18000f5e0
func@0x18001a220,0.001000,0.0,0.0,0.0,0.0,0.0,0.0,0.0,0.0,0.0,0.0,0.0,0,0,0,ucrtbase.dll,func@0x18001a220,[Unknown],0x18001a220
func@0x180029054,0.001000,0.0,0.0,0.0,0.0,0.0,0.0,0.0,0.0,0.0,0.0,0.0,0,0,0,msvcp_win.dll,func@0x180029054,[Unknown],0x180029054
func@0x1800509e0,0.001000,0.0,0.0,0.0,0.0,0.0,0.0,0.0,0.0,0.0,0.0,0.0,0,0,0,ntdll.dll,func@0x1800509e0,[Unknown],0x1800509e0
func@0x18005b350,0.001000,0.0,0.0,0.0,0.0,0.0,0.0,0.0,0.0,0.0,0.0,0.0,0,0,0,cng.sys,func@0x18005b350,[Unknown],0x18005b350
func@0x18005deb0,0.001000,0.0,0.0,0.0,0.0,0.0,0.0,0.0,0.0,0.0,0.0,0.0,0,0,0,ucrtbase.dll,func@0x18005deb0,[Unknown],0x18005deb0
func@0x180078da1,0.001000,0.0,0.0,0.0,100.0,0.0,0.0,0.0,0.0,0.0,0.0,0.0,0,0,0,ntdll.dll,func@0x180078da1,[Unknown],0x180078da1
func@0x180094c8b,0.001000,0.0,0.0,0.0,0.0,0.0,0.0,0.0,0.0,0.0,0.0,0.0,400012,0,0,ntdll.dll,func@0x180094c8b,[Unknown],0x180094c8b
func@0x1800a1840,0.001000,0.0,0.0,0.0,0.0,0.0,0.0,0.0,0.0,0.0,0.0,0.0,0,0,0,cng.sys,func@0x1800a1840,[Unknown],0x1800a1840
func@0x1800cfb60,0.001000,0.0,100.0,0.0,100.0,0.0,0.0,0.0,0.0,0.0,0.0,0.0,6600198,4400132,550231,ntdll.dll,func@0x1800cfb60,[Unknown],0x1800cfb60
func@0x18013bdfc,0.001000,0.0,0.0,0.0,0.0,0.0,0.0,0.0,0.0,0.0,0.0,0.0,0,0,0,dbghelp.dll,func@0x18013bdfc,[Unknown],0x18013bdfc
func@0x1c0003100,0.001000,0.0,0.0,0.0,0.0,0.0,0.0,0.0,0.0,0.0,0.0,0.0,0,0,0,iorate.sys,func@0x1c0003100,[Unknown],0x1c0003100
func@0x29740,0.001000,0.0,,0.0,0.0,0.0,0.0,0.0,0.0,0.0,0.0,0.0,0,0,0,vtss.sys,func@0x29740,[Unknown],0x29740
log,0.001000,0.0,0.0,0.0,0.0,0.0,0.0,0.0,0.0,0.0,0.0,0.0,17600528,1100033,0,ucrtbase.dll,log,[Unknown],0x1800a84d0
lround,0.001000,0.0,0.0,0.0,0.0,0.0,0.0,0.0,0.0,0.0,0.0,0.0,5500165,0,0,ucrtbase.dll,lround,[Unknown],0x18002a0a0
malloc_base,0.001000,0.0,0.0,0.0,0.0,0.0,0.0,0.0,0.0,0.0,0.0,0.0,2200066,0,0,ucrtbase.dll,malloc_base,[Unknown],0x180010100
memmove,0.001000,0.0,0.0,0.0,0.0,0.0,0.0,0.0,0.0,0.0,0.0,0.0,2200066,0,0,vcruntime140.dll,memmove,[Unknown],0x180012030
spdlog::logger::flush_,0.001000,0.0,0.0,0.0,0.0,0.0,0.0,,0.0,,,,0,0,0,frankycpp_v1.8.exe,spdlog::logger::flush_(void),logger-inl.h,0x140158230
std::_Copy_memmove_tail<chess::Move *>,0.001000,0.0,0.0,0.0,0.0,0.0,0.0,0.0,0.0,0.0,0.0,0.0,0,0,0,frankycpp_v1.8.exe,"std::_Copy_memmove_tail<chess::Move *>(const char *, class chess::Move *, const unsigned __int64, const unsigned __int64)",xutility,0x1402408e0
"std::_Func_impl_no_alloc<class `void spdlog::details::registry::flush_every<__int64,struct std::ratio<1,1000> >(class std::chrono::duration<__int64,struct std::ratio<1,1000> >)'::`2'::<lambda_1>,void>::_Do_call",0.001000,0.0,0.0,0.0,0.0,0.0,0.0,0.0,0.0,0.0,0.0,0.0,0,0,0,frankycpp_v1.8.exe,"std::_Func_impl_no_alloc<class `void spdlog::details::registry::flush_every<__int64,struct std::ratio<1,1000> >(class std::chrono::duration<__int64,struct std::ratio<1,1000> >)'::`2'::<lambda_1>,void>::_Do_call(void)",functional,0x14019a860
"std::_Tree<std::_Tset_traits<boost::archive::detail::basic_iarchive_impl::cobject_type,std::less<boost::archive::detail::basic_iarchive_impl::cobject_type>,std::allocator<boost::archive::detail::basic_iarchive_impl::cobject_type>,0> >::insert",0.001000,0.0,0.0,0.0,0.0,0.0,0.0,0.0,0.0,0.0,0.0,0.0,11000330,3300099,0,frankycpp_v1.8.exe,"std::_Tree<std::_Tset_traits<boost::archive::detail::basic_iarchive_impl::cobject_type,std::less<boost::archive::detail::basic_iarchive_impl::cobject_type>,std::allocator<boost::archive::detail::basic_iarchive_impl::cobject_type>,0> >::insert",xtree,0x1402af778
"std::_Uninitialized_backout<std::_List_unchecked_iterator<std::_List_val<std::_List_simple_types<std::pair<unsigned __int64 const ,book::BookEntry> > > > *>::_Emplace_back",0.001000,,0.0,0.0,0.0,0.0,0.0,0.0,0.0,0.0,0.0,0.0,0,0,0,frankycpp_v1.8.exe,"std::_Uninitialized_backout<std::_List_unchecked_iterator<std::_List_val<std::_List_simple_types<std::pair<unsigned __int64 const ,book::BookEntry> > > > *>::_Emplace_back",xmemory,0x14027f4c0
"std::array<chess::Bitboard,64>::operator[]",0.001000,0.0,0.0,0.0,0.0,0.0,0.0,0.0,0.0,0.0,0.0,0.0,1100033,0,0,frankycpp_v1.8.exe,"std::array<chess::Bitboard,64>::operator[]",array,0x14026b44c
"std::array<chess::Bitboard,64>::operator[]",0.001000,0.0,100.0,0.0,0.0,0.0,0.0,0.0,0.0,,,,6600198,2200066,0,frankycpp_v1.8.exe,"std::array<chess::Bitboard,64>::operator[]",array,0x14026a871
"std::array<chess::Bitboard,8>::operator[]",0.001000,0.0,0.0,0.0,0.0,0.0,0.0,0.0,0.0,0.0,0.0,0.0,0,0,0,frankycpp_v1.8.exe,"std::array<chess::Bitboard,8>::operator[]",array,0x140263183
"std::array<int,64>::operator[]",0.001000,0.0,0.0,0.0,0.0,0.0,0.0,0.0,0.0,0.0,0.0,0.0,2200066,0,0,frankycpp_v1.8.exe,"std::array<int,64>::operator[]",array,0x14026b08d
"std::array<int,64>::operator[]",0.001000,0.0,0.0,0.0,0.0,0.0,0.0,0.0,0.0,0.0,0.0,0.0,6600198,1100033,0,frankycpp_v1.8.exe,"std::array<int,64>::operator[]",array,0x140220a53
"std::array<std::array<chess::Move,64>,64>::operator[]",0.001000,0.0,0.0,0.0,0.0,0.0,0.0,0.0,0.0,0.0,0.0,0.0,6600198,0,0,frankycpp_v1.8.exe,"std::array<std::array<chess::Move,64>,64>::operator[]",array,0x140220ab6
std::atomic<unsigned __int64>::{ctor},0.001000,0.0,0.0,0.0,0.0,0.0,0.0,0.0,0.0,0.0,0.0,0.0,0,0,0,frankycpp_v1.8.exe,std::atomic<unsigned __int64>::{ctor},atomic,0x14026dd70
std::atomic<unsigned __int64>::{ctor},0.001000,0.0,0.0,0.0,100.0,0.0,0.0,0.0,0.0,0.0,0.0,0.0,4400132,1100033,0,frankycpp_v1.8.exe,std::atomic<unsigned __int64>::{ctor},atomic,0x14026d6cb
std::chrono::steady_clock::now,0.001000,0.0,0.0,0.0,0.0,0.0,0.0,0.0,0.0,0.0,0.0,0.0,0,0,0,frankycpp_v1.8.exe,std::chrono::steady_clock::now(void),__msvc_chrono.hpp,0x14019b1e0
std::countr_zero,0.001000,0.0,0.0,0.0,0.0,0.0,0.0,0.0,0.0,0.0,0.0,0.0,4400132,1100033,0,frankycpp_v1.8.exe,std::countr_zero,bit,0x14026ab40
std::countr_zero,0.001000,0.0,0.0,0.0,0.0,0.0,0.0,0.0,0.0,0.0,0.0,0.0,1100033,1100033,0,frankycpp_v1.8.exe,std::countr_zero,bit,0x1402639b7
std::countr_zero,0.001000,0.0,0.0,0.0,0.0,0.0,0.0,0.0,0.0,0.0,0.0,0.0,0,1100033,0,frankycpp_v1.8.exe,std::countr_zero,bit,0x140263ce4
std::countr_zero,0.001000,0.0,0.0,0.0,0.0,0.0,0.0,0.0,0.0,0.0,0.0,0.0,7700231,1100033,0,frankycpp_v1.8.exe,std::countr_zero,bit,0x140263900
std::countr_zero,0.001000,0.0,0.0,0.0,0.0,0.0,0.0,0.0,0.0,,,,4400132,4400132,0,frankycpp_v1.8.exe,std::countr_zero,bit,0x140263c05
std::countr_zero,0.001000,0.0,0.0,0.0,0.0,0.0,0.0,0.0,0.0,0.0,0.0,0.0,6600198,0,550231,frankycpp_v1.8.exe,std::countr_zero,bit,0x140269fc0
std::ios_base::good,0.001000,0.0,0.0,0.0,0.0,0.0,0.0,0.0,0.0,0.0,0.0,0.0,0,0,0,msvcp140.dll,std::ios_base::good(void),[Unknown],0x180008430
std::min,0.001000,0.0,0.0,0.0,0.0,0.0,0.0,0.0,0.0,,,,13200396,5500165,0,frankycpp_v1.8.exe,std::min,utility,0x14022041e
std::popcount,0.001000,0.0,0.0,0.0,0.0,0.0,0.0,0.0,0.0,0.0,0.0,0.0,3300099,1100033,0,frankycpp_v1.8.exe,std::popcount,bit,0x14026a160
std::popcount,0.001000,0.0,0.0,0.0,0.0,0.0,0.0,0.0,0.0,,,,1100033,0,0,frankycpp_v1.8.exe,std::popcount,bit,0x14026b255
std::popcount,0.001000,0.0,0.0,0.0,0.0,0.0,0.0,0.0,0.0,0.0,0.0,0.0,8800264,0,0,frankycpp_v1.8.exe,std::popcount,bit,0x14026a168
std::popcount,0.001000,0.0,0.0,0.0,0.0,0.0,0.0,0.0,0.0,0.0,0.0,0.0,0,0,0,frankycpp_v1.8.exe,std::popcount,bit,0x14025c9b9
"std::ranges::_Med3_common<chess::Move *,chess::moveValueGreaterComparator,std::identity>",0.001000,0.0,0.0,0.0,0.0,0.0,0.0,0.0,0.0,0.0,0.0,0.0,2200066,3300099,0,frankycpp_v1.8.exe,"std::ranges::_Med3_common<chess::Move *,chess::moveValueGreaterComparator,std::identity>(class chess::Move *, class chess::Move *, class chess::Move *, struct chess::moveValueGreaterComparator, struct std::identity)",algorithm,0x140265100
std::ranges::_Swap::_Cpo::operator(),0.001000,0.0,0.0,0.0,0.0,0.0,0.0,0.0,0.0,0.0,0.0,0.0,0,0,0,frankycpp_v1.8.exe,std::ranges::_Swap::_Cpo::operator(),concepts,0x14026451b
std::ranges::_Swap::_Cpo::operator(),0.001000,0.0,0.0,0.0,0.0,0.0,0.0,0.0,0.0,0.0,0.0,0.0,0,1100033,0,frankycpp_v1.8.exe,std::ranges::_Swap::_Cpo::operator(),concepts,0x1402644fd
std::ranges::_Swap::_Cpo::operator(),0.001000,0.0,0.0,0.0,0.0,0.0,0.0,0.0,0.0,0.0,0.0,0.0,1100033,2200066,0,frankycpp_v1.8.exe,std::ranges::_Swap::_Cpo::operator(),concepts,0x140265125
"std::unique_ptr<tablebase::Tablebase,std::default_delete<tablebase::Tablebase> >::operator bool",0.001000,0.0,0.0,0.0,0.0,0.0,0.0,0.0,0.0,0.0,0.0,0.0,0,0,0,frankycpp_v1.8.exe,"std::unique_ptr<tablebase::Tablebase,std::default_delete<tablebase::Tablebase> >::operator bool",memory,0x14021f631
"std::vector<boost::archive::detail::basic_iarchive_impl::cobject_id,std::allocator<boost::archive::detail::basic_iarchive_impl::cobject_id> >::operator[]",0.001000,0.0,0.0,0.0,0.0,0.0,0.0,0.0,0.0,0.0,0.0,0.0,8800264,0,0,frankycpp_v1.8.exe,"std::vector<boost::archive::detail::basic_iarchive_impl::cobject_id,std::allocator<boost::archive::detail::basic_iarchive_impl::cobject_id> >::operator[]",vector,0x1402aef70
"std::vector<chess::Move,std::allocator<chess::Move> >::reserve",0.001000,0.0,0.0,0.0,0.0,0.0,0.0,0.0,0.0,0.0,0.0,0.0,0,1100033,0,frankycpp_v1.8.exe,"std::vector<chess::Move,std::allocator<chess::Move> >::reserve",vector,0x1402902bf
type_info::before,0.001000,0.0,0.0,0.0,0.0,0.0,0.0,0.0,0.0,0.0,0.0,0.0,2200066,1100033,0,frankycpp_v1.8.exe,type_info::before,vcruntime_typeinfo.h,0x1402b9370
EtwWrite,0.0,0.0,0.0,100.0,0.0,0.0,0.0,0.0,0.0,0.0,0.0,0.0,0,0,0,ntoskrnl.exe,EtwWrite,[Unknown],0x140413fe0
EtwWriteEx,0.0,0.0,0.0,0.0,0.0,0.0,0.0,0.0,0.0,0.0,0.0,0.0,0,2200066,0,ntoskrnl.exe,EtwWriteEx,[Unknown],0x14025a7b0
ExAcquireAutoExpandPushLockShared,0.0,0.0,,,0.0,0.0,0.0,0.0,0.0,0.0,0.0,0.0,1100033,0,0,ntoskrnl.exe,ExAcquireAutoExpandPushLockShared,[Unknown],0x1402f0a90
ExAcquireCacheAwarePushLockSharedEx,0.0,0.0,0.0,0.0,0.0,0.0,0.0,0.0,0.0,0.0,0.0,0.0,1100033,0,0,ntoskrnl.exe,ExAcquireCacheAwarePushLockSharedEx,[Unknown],0x1402f09e0
ExpInterlockedPushEntrySList,0.0,0.0,,,0.0,0.0,0.0,0.0,0.0,0.0,0.0,0.0,1100033,1100033,0,ntoskrnl.exe,ExpInterlockedPushEntrySList,[Unknown],0x1406b2e00
GetLastError,0.0,0.0,0.0,0.0,0.0,0.0,0.0,0.0,0.0,0.0,0.0,0.0,0,1100033,0,kernel32.dll,GetLastError,[Unknown],0x180018640
IoGetRelatedDeviceObject,0.0,0.0,0.0,0.0,0.0,0.0,0.0,0.0,0.0,0.0,0.0,0.0,1100033,0,0,ntoskrnl.exe,IoGetRelatedDeviceObject,[Unknown],0x1403a8fb0
KeAcquireSpinLockRaiseToDpc,0.0,100.0,0.0,0.0,0.0,0.0,0.0,,0.0,0.0,0.0,0.0,0,1100033,0,ntoskrnl.exe,KeAcquireSpinLockRaiseToDpc,[Unknown],0x140255c50
KeAndAffinityEx2,0.0,0.0,0.0,0.0,0.0,0.0,0.0,0.0,0.0,0.0,0.0,0.0,1100033,0,0,ntoskrnl.exe,KeAndAffinityEx2,[Unknown],0x1402052e0
KeFindFirstSetRightAffinityEx,0.0,0.0,0.0,0.0,0.0,0.0,0.0,0.0,0.0,0.0,0.0,0.0,1100033,0,0,ntoskrnl.exe,KeFindFirstSetRightAffinityEx,[Unknown],0x140202700
KeIsEmptyAffinityEx,0.0,0.0,0.0,0.0,0.0,0.0,0.0,0.0,0.0,0.0,0.0,0.0,0,400012,0,ntoskrnl.exe,KeIsEmptyAffinityEx,[Unknown],0x1403baf40
MmUnlockPages,0.0,0.0,0.0,0.0,100.0,0.0,0.0,0.0,0.0,0.0,0.0,0.0,0,0,0,ntoskrnl.exe,MmUnlockPages,[Unknown],0x140269060
NtReadFile,0.0,0.0,0.0,0.0,0.0,0.0,0.0,0.0,0.0,0.0,0.0,0.0,1100033,0,0,ntdll.dll,NtReadFile,[Unknown],0x180161b10
RtlLeaveCriticalSection,0.0,0.0,0.0,0.0,0.0,0.0,0.0,0.0,0.0,0.0,0.0,0.0,1100033,0,0,ntdll.dll,RtlLeaveCriticalSection,[Unknown],0x18000d8f0
RtlRbRemoveNode,0.0,0.0,0.0,0.0,0.0,100.0,0.0,0.0,0.0,0.0,0.0,0.0,0,0,0,ntoskrnl.exe,RtlRbRemoveNode,[Unknown],0x140304310
WdLogSingleEntry2,0.0,0.0,0.0,0.0,0.0,0.0,0.0,0.0,0.0,0.0,0.0,0.0,0,1100033,0,watchdog.sys,WdLogSingleEntry2,[Unknown],0x140001f80
[Import thunk _std_type_info_compare],0.0,0.0,0.0,0.0,0.0,0.0,0.0,0.0,0.0,0.0,0.0,0.0,4400132,5500165,0,frankycpp_v1.8.exe,[Import thunk _std_type_info_compare],[Unknown],0x14061b89e
[Import thunk memset],0.0,0.0,0.0,0.0,0.0,0.0,0.0,0.0,0.0,0.0,0.0,0.0,1100033,0,0,frankycpp_v1.8.exe,[Import thunk memset],[Unknown],0x14061b8d4
_stdio_common_vsprintf_s,0.0,0.0,0.0,0.0,0.0,0.0,0.0,0.0,0.0,0.0,0.0,0.0,1100033,0,0,ucrtbase.dll,_stdio_common_vsprintf_s,[Unknown],0x1800187f0
book::BookEntry::serialize,0.0,0.0,0.0,0.0,0.0,0.0,0.0,0.0,0.0,0.0,0.0,0.0,1100033,1100033,0,frankycpp_v1.8.exe,book::BookEntry::serialize,bookentry.h,0x14028d01b
boost::archive::basic_binary_iarchive<boost::archive::binary_iarchive>::load_override,0.0,0.0,0.0,0.0,0.0,0.0,0.0,0.0,0.0,0.0,0.0,0.0,3300099,2200066,0,frankycpp_v1.8.exe,boost::archive::basic_binary_iarchive<boost::archive::binary_iarchive>::load_override,basic_binary_iarchive.hpp,0x140288d9f
"boost::archive::basic_binary_iprimitive<boost::archive::binary_iarchive,char,std::char_traits<char> >::load_binary",0.0,0.0,0.0,0.0,0.0,0.0,0.0,0.0,0.0,0.0,0.0,0.0,5500165,0,0,frankycpp_v1.8.exe,"boost::archive::basic_binary_iprimitive<boost::archive::binary_iarchive,char,std::char_traits<char> >::load_binary",basic_binary_iprimitive.hpp,0x140281724
"boost::archive::basic_binary_iprimitive<boost::archive::binary_iarchive,char,std::char_traits<char> >::load_binary",0.0,0.0,0.0,0.0,0.0,0.0,0.0,0.0,0.0,0.0,0.0,0.0,1100033,0,0,frankycpp_v1.8.exe,"boost::archive::basic_binary_iprimitive<boost::archive::binary_iarchive,char,std::char_traits<char> >::load_binary",basic_binary_iprimitive.hpp,0x140288cc2
"boost::archive::basic_binary_iprimitive<boost::archive::binary_iarchive,char,std::char_traits<char> >::load_binary",0.0,0.0,0.0,0.0,0.0,0.0,0.0,0.0,0.0,0.0,0.0,0.0,3300099,1100033,0,frankycpp_v1.8.exe,"boost::archive::basic_binary_iprimitive<boost::archive::binary_iarchive,char,std::char_traits<char> >::load_binary",basic_binary_iprimitive.hpp,0x14028ee64
"boost::archive::basic_binary_iprimitive<class boost::archive::binary_iarchive,char,struct std::char_traits<char> >::load_binary",0.0,0.0,0.0,0.0,0.0,0.0,0.0,0.0,0.0,0.0,0.0,0.0,4400132,1100033,0,frankycpp_v1.8.exe,"boost::archive::basic_binary_iprimitive<class boost::archive::binary_iarchive,char,struct std::char_traits<char> >::load_binary(void *,unsigned __int64)",basic_binary_iprimitive.hpp,0x140285820
boost::archive::detail::basic_serializer::operator<,0.0,0.0,0.0,0.0,0.0,0.0,0.0,0.0,0.0,0.0,0.0,0.0,7700231,0,0,frankycpp_v1.8.exe,boost::archive::detail::basic_serializer::operator<,basic_serializer.hpp,0x1402af7d8
boost::archive::detail::common_iarchive<boost::archive::binary_iarchive>::load_override,0.0,0.0,0.0,0.0,0.0,0.0,0.0,0.0,0.0,0.0,0.0,0.0,4400132,0,0,frankycpp_v1.8.exe,boost::archive::detail::common_iarchive<boost::archive::binary_iarchive>::load_override,common_iarchive.hpp,0x14028170b
boost::archive::detail::common_iarchive<boost::archive::binary_iarchive>::load_override,0.0,0.0,0.0,0.0,0.0,0.0,0.0,0.0,0.0,0.0,0.0,0.0,0,1100033,0,frankycpp_v1.8.exe,boost::archive::detail::common_iarchive<boost::archive::binary_iarchive>::load_override,common_iarchive.hpp,0x140294022
boost::archive::detail::common_iarchive<boost::archive::binary_iarchive>::load_override,0.0,0.0,0.0,0.0,0.0,0.0,0.0,0.0,0.0,0.0,0.0,0.0,3300099,0,0,frankycpp_v1.8.exe,boost::archive::detail::common_iarchive<boost::archive::binary_iarchive>::load_override,common_iarchive.hpp,0x14028c0c0
boost::archive::detail::common_iarchive<boost::archive::binary_iarchive>::load_override,0.0,0.0,0.0,0.0,0.0,0.0,0.0,0.0,0.0,0.0,0.0,0.0,2200066,0,0,frankycpp_v1.8.exe,boost::archive::detail::common_iarchive<boost::archive::binary_iarchive>::load_override,common_iarchive.hpp,0x14028eda2
boost::archive::detail::interface_iarchive<boost::archive::binary_iarchive>::This,0.0,0.0,0.0,0.0,0.0,0.0,0.0,0.0,0.0,0.0,0.0,0.0,1100033,0,0,frankycpp_v1.8.exe,boost::archive::detail::interface_iarchive<boost::archive::binary_iarchive>::This,interface_iarchive.hpp,0x140288cbb
boost::archive::detail::interface_iarchive<boost::archive::binary_iarchive>::This,0.0,0.0,0.0,0.0,0.0,0.0,0.0,0.0,0.0,0.0,0.0,0.0,1100033,1100033,0,frankycpp_v1.8.exe,boost::archive::detail::interface_iarchive<boost::archive::binary_iarchive>::This,interface_iarchive.hpp,0x14028ee5d
boost::archive::detail::interface_iarchive<boost::archive::binary_iarchive>::This,0.0,0.0,0.0,0.0,0.0,0.0,0.0,0.0,0.0,0.0,0.0,0.0,4400132,0,0,frankycpp_v1.8.exe,boost::archive::detail::interface_iarchive<boost::archive::binary_iarchive>::This,interface_iarchive.hpp,0x140288dc3
boost::archive::detail::interface_iarchive<class boost::archive::binary_iarchive>::operator>><unsigned int>,0.0,0.0,0.0,0.0,0.0,0.0,0.0,0.0,0.0,0.0,0.0,0.0,0,2200066,0,frankycpp_v1.8.exe,boost::archive::detail::interface_iarchive<class boost::archive::binary_iarchive>::operator>><unsigned int>(unsigned int &),interface_iarchive.hpp,0x1402816f0
"boost::archive::detail::iserializer<class boost::archive::binary_iarchive,class book::BookEntry>::load_object_data",0.0,0.0,0.0,0.0,0.0,0.0,0.0,0.0,0.0,0.0,0.0,0.0,6600198,2200066,0,frankycpp_v1.8.exe,"boost::archive::detail::iserializer<class boost::archive::binary_iarchive,class book::BookEntry>::load_object_data(class boost::archive::detail::basic_iarchive &,void *,unsigned int)",iserializer.hpp,0x14028cfd0
"boost::archive::detail::iserializer<class boost::archive::binary_iarchive,class book::BookEntry>::version",0.0,0.0,0.0,0.0,0.0,0.0,0.0,0.0,0.0,0.0,0.0,0.0,0,1100033,0,frankycpp_v1.8.exe,"boost::archive::detail::iserializer<class boost::archive::binary_iarchive,class book::BookEntry>::version(void)",iserializer.hpp,0x14028d150
"boost::archive::detail::iserializer<class boost::archive::binary_iarchive,class std::vector<class chess::Move,class std::allocator<class chess::Move> > >::load_object_data",0.0,0.0,0.0,0.0,0.0,0.0,0.0,0.0,0.0,0.0,0.0,0.0,1100033,1100033,0,frankycpp_v1.8.exe,"boost::archive::detail::iserializer<class boost::archive::binary_iarchive,class std::vector<class chess::Move,class std::allocator<class chess::Move> > >::load_object_data(class boost::archive::detail::basic_iarchive &,void *,unsigned int)",iserializer.hpp,0x1402901e0
"boost::archive::detail::iserializer<class boost::archive::binary_iarchive,class std::vector<unsigned __int64,class std::allocator<unsigned __int64> > >::load_object_data",0.0,0.0,0.0,0.0,0.0,0.0,0.0,0.0,0.0,0.0,0.0,0.0,2200066,0,0,frankycpp_v1.8.exe,"boost::archive::detail::iserializer<class boost::archive::binary_iarchive,class std::vector<unsigned __int64,class std::allocator<unsigned __int64> > >::load_object_data(class boost::archive::detail::basic_iarchive &,void *,unsigned int)",iserializer.hpp,0x140290920
"boost::archive::detail::iserializer<class boost::archive::binary_iarchive,struct std::pair<unsigned __int64 const ,class book::BookEntry> >::load_object_data",0.0,0.0,0.0,0.0,0.0,0.0,0.0,0.0,0.0,0.0,0.0,0.0,6600198,6600198,0,frankycpp_v1.8.exe,"boost::archive::detail::iserializer<class boost::archive::binary_iarchive,struct std::pair<unsigned __int64 const ,class book::BookEntry> >::load_object_data(class boost::archive::detail::basic_iarchive &,void *,unsigned int)",iserializer.hpp,0x14028ace0
boost::archive::detail::load_non_pointer_type<boost::archive::binary_iarchive>::load_standard::invoke,0.0,0.0,0.0,0.0,0.0,0.0,0.0,0.0,0.0,0.0,0.0,0.0,1100033,0,0,frankycpp_v1.8.exe,boost::archive::detail::load_non_pointer_type<boost::archive::binary_iarchive>::load_standard::invoke,iserializer.hpp,0x14028c076
boost::archive::detail::load_non_pointer_type<boost::archive::binary_iarchive>::load_standard::invoke,0.0,0.0,0.0,0.0,0.0,0.0,0.0,0.0,0.0,0.0,0.0,0.0,2200066,0,0,frankycpp_v1.8.exe,boost::archive::detail::load_non_pointer_type<boost::archive::binary_iarchive>::load_standard::invoke,iserializer.hpp,0x1402893d6
boost::archive::object_id_type::operator=,0.0,0.0,0.0,0.0,0.0,0.0,0.0,0.0,0.0,0.0,0.0,0.0,2200066,0,0,frankycpp_v1.8.exe,boost::archive::object_id_type::operator=,basic_archive.hpp,0x1402af057
boost::archive::object_id_type::{ctor},0.0,0.0,0.0,0.0,0.0,0.0,0.0,0.0,0.0,0.0,0.0,0.0,4400132,1100033,0,frankycpp_v1.8.exe,boost::archive::object_id_type::{ctor},basic_archive.hpp,0x1402aef96
boost::archive::version_type::{ctor},0.0,0.0,0.0,0.0,0.0,0.0,0.0,0.0,0.0,0.0,0.0,0.0,3300099,1100033,0,frankycpp_v1.8.exe,boost::archive::version_type::{ctor},basic_archive.hpp,0x14028d150
boost::archive::version_type::{ctor},0.0,0.0,0.0,0.0,0.0,0.0,0.0,0.0,0.0,0.0,0.0,0.0,1100033,0,0,frankycpp_v1.8.exe,boost::archive::version_type::{ctor},basic_archive.hpp,0x140294710
"boost::serialization::free_loader<boost::archive::binary_iarchive,boost::serialization::nvp<book::BookEntry> >::invoke",0.0,0.0,0.0,0.0,0.0,0.0,0.0,0.0,0.0,0.0,0.0,0.0,1100033,0,0,frankycpp_v1.8.exe,"boost::serialization::free_loader<boost::archive::binary_iarchive,boost::serialization::nvp<book::BookEntry> >::invoke",split_free.hpp,0x14028ad72
"boost::serialization::free_loader<boost::archive::binary_iarchive,boost::serialization::nvp<boost::serialization::collection_size_type> >::invoke",0.0,0.0,0.0,0.0,0.0,0.0,0.0,0.0,0.0,0.0,0.0,0.0,1100033,0,0,frankycpp_v1.8.exe,"boost::serialization::free_loader<boost::archive::binary_iarchive,boost::serialization::nvp<boost::serialization::collection_size_type> >::invoke",split_free.hpp,0x1402929a3
"boost::serialization::free_loader<boost::archive::binary_iarchive,boost::serialization::nvp<boost::serialization::item_version_type> >::invoke",0.0,0.0,0.0,0.0,0.0,0.0,0.0,0.0,0.0,0.0,0.0,0.0,1100033,1100033,0,frankycpp_v1.8.exe,"boost::serialization::free_loader<boost::archive::binary_iarchive,boost::serialization::nvp<boost::serialization::item_version_type> >::invoke",split_free.hpp,0x1402902a9
"boost::serialization::free_loader<boost::archive::binary_iarchive,boost::serialization::nvp<int> >::invoke",0.0,0.0,0.0,0.0,0.0,0.0,0.0,0.0,0.0,0.0,0.0,0.0,1100033,1100033,0,frankycpp_v1.8.exe,"boost::serialization::free_loader<boost::archive::binary_iarchive,boost::serialization::nvp<int> >::invoke",split_free.hpp,0x14028d065
"boost::serialization::free_loader<boost::archive::binary_iarchive,boost::serialization::nvp<std::pair<unsigned __int64 const ,book::BookEntry> > >::invoke",0.0,0.0,0.0,0.0,0.0,0.0,0.0,0.0,0.0,0.0,0.0,0.0,1100033,0,0,frankycpp_v1.8.exe,"boost::serialization::free_loader<boost::archive::binary_iarchive,boost::serialization::nvp<std::pair<unsigned __int64 const ,book::BookEntry> > >::invoke",split_free.hpp,0x1402875e4
boost::serialization::load,0.0,0.0,0.0,0.0,0.0,0.0,0.0,0.0,0.0,0.0,0.0,0.0,2200066,0,0,frankycpp_v1.8.exe,boost::serialization::load,vector.hpp,0x14029022a
"boost::serialization::load<class boost::archive::binary_iarchive,class book::BookEntry>",0.0,0.0,0.0,0.0,0.0,0.0,0.0,0.0,0.0,0.0,0.0,0.0,1100033,0,0,frankycpp_v1.8.exe,"boost::serialization::load<class boost::archive::binary_iarchive,class book::BookEntry>(class boost::archive::binary_iarchive &,class boost::serialization::nvp<class book::BookEntry> &,unsigned int)",nvp.hpp,0x14028c050
"boost::serialization::load<class boost::archive::binary_iarchive,class chess::Move>",0.0,0.0,0.0,0.0,0.0,0.0,0.0,0.0,0.0,0.0,0.0,0.0,0,1100033,0,frankycpp_v1.8.exe,"boost::serialization::load<class boost::archive::binary_iarchive,class chess::Move>(class boost::archive::binary_iarchive &,class boost::serialization::nvp<class chess::Move> &,unsigned int)",nvp.hpp,0x140294010
"boost::serialization::load<class boost::archive::binary_iarchive,class std::vector<class chess::Move,class std::allocator<class chess::Move> > >",0.0,0.0,0.0,0.0,0.0,0.0,0.0,0.0,0.0,0.0,0.0,0.0,1100033,0,0,frankycpp_v1.8.exe,"boost::serialization::load<class boost::archive::binary_iarchive,class std::vector<class chess::Move,class std::allocator<class chess::Move> > >(class boost::archive::binary_iarchive &,class boost::serialization::nvp<class std::vector<class chess::Move,class std::allocator<class chess::Move> > > &,unsigned int)",nvp.hpp,0x14028ede0
"boost::serialization::load<class boost::archive::binary_iarchive,int>",0.0,0.0,0.0,0.0,0.0,0.0,0.0,0.0,0.0,0.0,0.0,0.0,0,2200066,0,frankycpp_v1.8.exe,"boost::serialization::load<class boost::archive::binary_iarchive,int>(class boost::archive::binary_iarchive &,class boost::serialization::nvp<int> &,unsigned int)",nvp.hpp,0x14028ee30
"boost::serialization::load<class boost::archive::binary_iarchive,unsigned __int64>",0.0,0.0,0.0,0.0,0.0,0.0,0.0,0.0,0.0,0.0,0.0,0.0,0,1100033,0,frankycpp_v1.8.exe,"boost::serialization::load<class boost::archive::binary_iarchive,unsigned __int64>(class boost::archive::binary_iarchive &,class boost::serialization::nvp<unsigned __int64> &,unsigned int)",nvp.hpp,0x14028c0a0
boost::serialization::nvp<book::BookEntry>::{ctor},0.0,0.0,0.0,0.0,0.0,0.0,0.0,0.0,0.0,0.0,0.0,0.0,1100033,0,0,frankycpp_v1.8.exe,boost::serialization::nvp<book::BookEntry>::{ctor},nvp.hpp,0x14028ad56
boost::serialization::nvp<boost::serialization::collection_size_type>::{ctor},0.0,0.0,0.0,0.0,0.0,0.0,0.0,0.0,0.0,0.0,0.0,0.0,1100033,0,0,frankycpp_v1.8.exe,boost::serialization::nvp<boost::serialization::collection_size_type>::{ctor},nvp.hpp,0x140290246
boost::serialization::nvp<boost::serialization::collection_size_type>::{ctor},0.0,0.0,0.0,0.0,0.0,0.0,0.0,0.0,0.0,0.0,0.0,0.0,1100033,0,0,frankycpp_v1.8.exe,boost::serialization::nvp<boost::serialization::collection_size_type>::{ctor},nvp.hpp,0x14029297c
boost::serialization::nvp<boost::serialization::item_version_type>::{ctor},0.0,0.0,0.0,0.0,0.0,0.0,0.0,0.0,0.0,0.0,0.0,0.0,0,1100033,0,frankycpp_v1.8.exe,boost::serialization::nvp<boost::serialization::item_version_type>::{ctor},nvp.hpp,0x140290286
boost::serialization::nvp<int>::{ctor},0.0,0.0,0.0,0.0,0.0,0.0,0.0,0.0,0.0,0.0,0.0,0.0,1100033,0,0,frankycpp_v1.8.exe,boost::serialization::nvp<int>::{ctor},nvp.hpp,0x14028d046
"boost::serialization::nvp<std::vector<unsigned __int64,std::allocator<unsigned __int64> > >::{ctor}",0.0,0.0,0.0,0.0,0.0,0.0,0.0,0.0,0.0,0.0,0.0,0.0,0,1100033,0,frankycpp_v1.8.exe,"boost::serialization::nvp<std::vector<unsigned __int64,std::allocator<unsigned __int64> > >::{ctor}",nvp.hpp,0x14028d098
"boost::serialization::singleton<boost::archive::detail::iserializer<boost::archive::binary_iarchive,std::vector<chess::Move,std::allocator<chess::Move> > > >::get_const_instance",0.0,0.0,0.0,0.0,0.0,0.0,0.0,0.0,0.0,0.0,0.0,0.0,1100033,2200066,0,frankycpp_v1.8.exe,"boost::serialization::singleton<boost::archive::detail::iserializer<boost::archive::binary_iarchive,std::vector<chess::Move,std::allocator<chess::Move> > > >::get_const_instance",singleton.hpp,0x14028ee06
"boost::serialization::singleton<class boost::archive::detail::iserializer<class boost::archive::binary_iarchive,class book::BookEntry> >::get_instance",0.0,0.0,0.0,0.0,0.0,0.0,0.0,0.0,0.0,0.0,0.0,0.0,4400132,0,0,frankycpp_v1.8.exe,"boost::serialization::singleton<class boost::archive::detail::iserializer<class boost::archive::binary_iarchive,class book::BookEntry> >::get_instance(void)",singleton.hpp,0x14028d5c0
"boost::serialization::singleton<class boost::archive::detail::iserializer<class boost::archive::binary_iarchive,class chess::Move> >::get_instance",0.0,0.0,0.0,0.0,0.0,0.0,0.0,0.0,0.0,0.0,0.0,0.0,1100033,1100033,0,frankycpp_v1.8.exe,"boost::serialization::singleton<class boost::archive::detail::iserializer<class boost::archive::binary_iarchive,class chess::Move> >::get_instance(void)",singleton.hpp,0x140294890
"boost::serialization::singleton<class boost::archive::detail::iserializer<class boost::archive::binary_iarchive,class std::vector<class chess::Move,class std::allocator<class chess::Move> > > >::get_instance",0.0,0.0,0.0,0.0,0.0,0.0,0.0,0.0,0.0,0.0,0.0,0.0,1100033,0,0,frankycpp_v1.8.exe,"boost::serialization::singleton<class boost::archive::detail::iserializer<class boost::archive::binary_iarchive,class std::vector<class chess::Move,class std::allocator<class chess::Move> > > >::get_instance(void)",singleton.hpp,0x140290ac0
"boost::serialization::singleton<class boost::archive::detail::iserializer<class boost::archive::binary_iarchive,class std::vector<unsigned __int64,class std::allocator<unsigned __int64> > > >::get_instance",0.0,0.0,0.0,0.0,0.0,0.0,0.0,0.0,0.0,0.0,0.0,0.0,7700231,2200066,0,frankycpp_v1.8.exe,"boost::serialization::singleton<class boost::archive::detail::iserializer<class boost::archive::binary_iarchive,class std::vector<unsigned __int64,class std::allocator<unsigned __int64> > > >::get_instance(void)",singleton.hpp,0x140291090
"boost::serialization::smart_cast_reference<boost::archive::binary_iarchive &,boost::archive::detail::basic_iarchive>",0.0,0.0,0.0,0.0,0.0,0.0,0.0,0.0,0.0,0.0,0.0,0.0,2200066,0,0,frankycpp_v1.8.exe,"boost::serialization::smart_cast_reference<boost::archive::binary_iarchive &,boost::archive::detail::basic_iarchive>(class boost::archive::detail::basic_iarchive & const)",smart_cast.hpp,0x140286660
"boost::serialization::stl::collection_load_impl<class boost::archive::binary_iarchive,class std::vector<class chess::Move,class std::allocator<class chess::Move> > >",0.0,0.0,0.0,0.0,0.0,0.0,0.0,0.0,0.0,0.0,0.0,0.0,2200066,1100033,0,frankycpp_v1.8.exe,"boost::serialization::stl::collection_load_impl<class boost::archive::binary_iarchive,class std::vector<class chess::Move,class std::allocator<class chess::Move> > >(class boost::archive::binary_iarchive &,class std::vector<class chess::Move,class std::allocator<class chess::Move> > &,class boost::serialization::collection_size_type,class boost::serialization::item_version_type)",collections_load_imp.hpp,0x140292740
chess::Bitboard::lsb,0.0,0.0,0.0,0.0,0.0,0.0,0.0,0.0,0.0,0.0,0.0,0.0,4400132,1100033,0,frankycpp_v1.8.exe,chess::Bitboard::lsb,bitboard.h,0x14026304a
chess::Bitboard::operator bool,0.0,0.0,0.0,0.0,0.0,0.0,0.0,0.0,0.0,,,,1100033,1100033,0,frankycpp_v1.8.exe,chess::Bitboard::operator bool,bitboard.h,0x1402638c6
chess::Bitboard::operator bool,0.0,0.0,0.0,0.0,0.0,0.0,0.0,0.0,0.0,0.0,0.0,0.0,1100033,0,0,frankycpp_v1.8.exe,chess::Bitboard::operator bool,bitboard.h,0x14026ab69
chess::Bitboard::operator bool,0.0,0.0,0.0,0.0,73.5,0.0,0.0,0.0,0.0,0.0,0.0,0.0,15400462,22000660,0,frankycpp_v1.8.exe,chess::Bitboard::operator bool,bitboard.h,0x14026a6c2
chess::Bitboard::operator bool,0.0,0.0,0.0,0.0,0.0,0.0,0.0,0.0,0.0,0.0,0.0,0.0,0,1100033,0,frankycpp_v1.8.exe,chess::Bitboard::operator bool,bitboard.h,0x140263470
chess::Bitboard::operator|=,0.0,0.0,0.0,0.0,0.0,0.0,,0.0,0.0,0.0,0.0,0.0,2600078,2200066,0,frankycpp_v1.8.exe,chess::Bitboard::operator|=,bitboard.h,0x140263066
chess::Bitboard::operator|=,0.0,0.0,0.0,0.0,0.0,0.0,0.0,0.0,0.0,0.0,0.0,0.0,400012,0,0,frankycpp_v1.8.exe,chess::Bitboard::operator|=,bitboard.h,0x14025c5ed
chess::Bitboard::popLSB,0.0,0.0,0.0,0.0,0.0,0.0,0.0,0.0,0.0,0.0,0.0,0.0,4400132,0,0,frankycpp_v1.8.exe,chess::Bitboard::popLSB,bitboard.h,0x1402632a5
chess::Bitboard::popLSB,0.0,0.0,0.0,0.0,0.0,0.0,0.0,0.0,0.0,0.0,0.0,0.0,400012,0,0,frankycpp_v1.8.exe,chess::Bitboard::popLSB,bitboard.h,0x140269a70
chess::Bitboard::popLSB,0.0,0.0,0.0,0.0,0.0,0.0,0.0,0.0,0.0,0.0,0.0,0.0,2200066,0,0,frankycpp_v1.8.exe,chess::Bitboard::popLSB,bitboard.h,0x14026b080
chess::Bitboard::popLSB,0.0,0.0,0.0,0.0,0.0,0.0,0.0,0.0,0.0,0.0,0.0,0.0,0,1100033,0,frankycpp_v1.8.exe,chess::Bitboard::popLSB,bitboard.h,0x140263900
chess::Bitboard::popLSB,0.0,0.0,0.0,0.0,0.0,0.0,0.0,0.0,0.0,0.0,0.0,0.0,3300099,0,0,frankycpp_v1.8.exe,chess::Bitboard::popLSB,bitboard.h,0x140263703
chess::Bitboard::{ctor},0.0,0.0,0.0,0.0,0.0,0.0,0.0,0.0,0.0,0.0,0.0,0.0,800024,0,0,frankycpp_v1.8.exe,chess::Bitboard::{ctor},bitboard.h,0x14016ca0c
chess::CastlingRights::isEmpty,0.0,0.0,0.0,0.0,0.0,0.0,0.0,0.0,0.0,0.0,0.0,0.0,1100033,0,0,frankycpp_v1.8.exe,chess::CastlingRights::isEmpty,castlingrights.h,0x14025bc37
chess::CastlingRights::operator-=,0.0,0.0,0.0,0.0,0.0,0.0,0.0,0.0,0.0,0.0,0.0,0.0,4400132,1100033,0,frankycpp_v1.8.exe,chess::CastlingRights::operator-=,castlingrights.h,0x14025bc66
chess::Direction::operator int,0.0,0.0,0.0,0.0,0.0,0.0,0.0,0.0,0.0,0.0,0.0,0.0,6600198,3300099,0,frankycpp_v1.8.exe,chess::Direction::operator int,direction.h,0x14026319d
chess::Direction::pawnPush,0.0,0.0,0.0,0.0,0.0,0.0,0.0,0.0,0.0,0.0,0.0,0.0,2200066,0,0,frankycpp_v1.8.exe,chess::Direction::pawnPush,direction.h,0x14025c5a8
chess::Direction::pawnPush,0.0,0.0,0.0,0.0,0.0,0.0,0.0,0.0,0.0,0.0,0.0,0.0,1100033,7700231,0,frankycpp_v1.8.exe,chess::Direction::pawnPush,direction.h,0x140263144
chess::Direction::pawnPush,0.0,0.0,0.0,0.0,0.0,0.0,0.0,0.0,0.0,0.0,0.0,0.0,0,1100033,0,frankycpp_v1.8.exe,chess::Direction::pawnPush,direction.h,0x140263853
chess::Direction::{ctor},0.0,0.0,0.0,0.0,0.0,0.0,0.0,0.0,0.0,0.0,0.0,0.0,0,2200066,0,frankycpp_v1.8.exe,chess::Direction::{ctor},direction.h,0x1402637c0
chess::Move::encode,0.0,0.0,0.0,0.0,0.0,0.0,0.0,0.0,0.0,0.0,0.0,0.0,400012,1100033,0,frankycpp_v1.8.exe,chess::Move::encode,move.h,0x140263732
chess::Move::isNone,0.0,0.0,0.0,0.0,0.0,0.0,0.0,0.0,0.0,0.0,0.0,0.0,2200066,0,0,frankycpp_v1.8.exe,chess::Move::isNone,move.h,0x14021f0f0
chess::Move::operator==,0.0,0.0,0.0,0.0,0.0,0.0,0.0,0.0,0.0,,,,1100033,0,0,frankycpp_v1.8.exe,chess::Move::operator==,PVTable.h,0x140220503
chess::Move::operator==,0.0,0.0,0.0,0.0,0.0,0.0,0.0,0.0,0.0,0.0,0.0,0.0,2200066,3300099,0,frankycpp_v1.8.exe,chess::Move::operator==,PVTable.h,0x14022144b
chess::Move::operator==,0.0,0.0,0.0,0.0,0.0,0.0,0.0,0.0,0.0,0.0,0.0,0.0,1100033,0,0,frankycpp_v1.8.exe,chess::Move::operator==,PVTable.h,0x14022099d
chess::Move::operator==,0.0,0.0,0.0,0.0,100.0,0.0,0.0,0.0,0.0,0.0,0.0,0.0,5500165,3300099,0,frankycpp_v1.8.exe,chess::Move::operator==,PVTable.h,0x140260fc3
chess::Move::setValue,0.0,0.0,0.0,0.0,0.0,0.0,0.0,0.0,0.0,0.0,0.0,0.0,0,1100033,0,frankycpp_v1.8.exe,chess::Move::setValue,move.h,0x14021f0f0
chess::Move::stripped,0.0,0.0,0.0,0.0,0.0,0.0,0.0,0.0,0.0,0.0,0.0,0.0,8800264,5500165,0,frankycpp_v1.8.exe,chess::Move::stripped,move.h,0x140260fb0
chess::Move::stripped,0.0,0.0,0.0,0.0,0.0,0.0,0.0,0.0,0.0,0.0,0.0,0.0,4400132,1100033,0,frankycpp_v1.8.exe,chess::Move::stripped,move.h,0x140260fc0
chess::Move::to,0.0,0.0,0.0,0.0,0.0,0.0,0.0,0.0,0.0,0.0,0.0,0.0,3700111,2600078,0,frankycpp_v1.8.exe,chess::Move::to,move.h,0x14025c55e
chess::Move::to,0.0,0.0,0.0,0.0,0.0,0.0,0.0,0.0,0.0,0.0,0.0,0.0,2200066,1100033,0,frankycpp_v1.8.exe,chess::Move::to,move.h,0x140220a1b
chess::Move::to,0.0,0.0,0.0,0.0,0.0,0.0,0.0,0.0,0.0,0.0,0.0,0.0,1100033,2200066,0,frankycpp_v1.8.exe,chess::Move::to,move.h,0x1402209d0
chess::Move::type,0.0,0.0,0.0,0.0,0.0,0.0,0.0,0.0,0.0,0.0,0.0,0.0,2200066,0,0,frankycpp_v1.8.exe,chess::Move::type,move.h,0x1402209e9
chess::Move::type,0.0,0.0,0.0,0.0,0.0,0.0,0.0,0.0,0.0,0.0,0.0,0.0,5500165,0,0,frankycpp_v1.8.exe,chess::Move::type,move.h,0x140220a34
chess::Move::type,0.0,0.0,0.0,0.0,0.0,0.0,0.0,0.0,0.0,0.0,0.0,0.0,2200066,1100033,0,frankycpp_v1.8.exe,chess::Move::type,move.h,0x140220553
chess::Move::{ctor},0.0,0.0,0.0,0.0,0.0,0.0,0.0,0.0,0.0,0.0,0.0,0.0,0,1100033,0,frankycpp_v1.8.exe,chess::Move::{ctor},move.h,0x1401a06b0
chess::MoveGenerator::generateLegalMoves,0.0,0.0,0.0,0.0,0.0,0.0,0.0,0.0,0.0,0.0,0.0,0.0,2200066,2200066,0,frankycpp_v1.8.exe,"chess::MoveGenerator::generateLegalMoves(class chess::Position const &,enum chess::GenMode)",MoveGenerator.cpp,0x140260d40
chess::MoveGenerator::generatePseudoLegalMoves,0.0,0.0,0.0,0.0,0.0,0.0,0.0,0.0,0.0,0.0,0.0,0.0,0,1100033,0,frankycpp_v1.8.exe,"chess::MoveGenerator::generatePseudoLegalMoves(class chess::Position const &,enum chess::GenMode,bool)",MoveGenerator.cpp,0x140260bd0
chess::MoveGenerator::validateMove,0.0,0.0,0.0,0.0,0.0,0.0,0.0,0.0,0.0,,,,1100033,0,0,frankycpp_v1.8.exe,"chess::MoveGenerator::validateMove(class chess::Position const &,class chess::Move)",MoveGenerator.cpp,0x140260ff0
chess::Position::clearEnPassant,0.0,0.0,0.0,0.0,0.0,0.0,0.0,0.0,0.0,0.0,0.0,0.0,2200066,2200066,0,frankycpp_v1.8.exe,chess::Position::clearEnPassant,Position.cpp,0x14025bb5f
chess::Position::clearEnPassant,0.0,0.0,0.0,0.0,0.0,0.0,0.0,0.0,0.0,0.0,0.0,0.0,1100033,0,0,frankycpp_v1.8.exe,chess::Position::clearEnPassant,Position.cpp,0x14025bc83
chess::Position::getCastlingRights,0.0,0.0,0.0,0.0,0.0,0.0,0.0,0.0,0.0,0.0,0.0,0.0,1100033,0,0,frankycpp_v1.8.exe,chess::Position::getCastlingRights,Position.h,0x140264091
chess::Position::getEnPassantSquare,0.0,0.0,0.0,0.0,0.0,0.0,0.0,0.0,0.0,0.0,0.0,0.0,4400132,5500165,0,frankycpp_v1.8.exe,chess::Position::getEnPassantSquare,Position.h,0x1402634d2
chess::Position::getEnPassantSquare,0.0,0.0,0.0,0.0,0.0,0.0,0.0,0.0,0.0,,,,2200066,0,0,frankycpp_v1.8.exe,chess::Position::getEnPassantSquare,Position.h,0x14029e9a4
chess::Position::getKingSquare,0.0,0.0,0.0,0.0,0.0,0.0,0.0,0.0,0.0,,,,4400132,2200066,0,frankycpp_v1.8.exe,chess::Position::getKingSquare,Position.h,0x14026a666
chess::Position::getNextPlayer,0.0,0.0,0.0,0.0,0.0,0.0,0.0,0.0,0.0,0.0,0.0,0.0,1500045,0,0,frankycpp_v1.8.exe,chess::Position::getNextPlayer,Position.h,0x14029e6bc
chess::Position::getNextPlayer,0.0,0.0,0.0,0.0,0.0,0.0,0.0,0.0,0.0,0.0,0.0,0.0,1100033,1100033,0,frankycpp_v1.8.exe,chess::Position::getNextPlayer,Position.h,0x14021f3c2
chess::Position::getNextPlayer,0.0,0.0,0.0,0.0,0.0,0.0,0.0,0.0,0.0,0.0,0.0,0.0,1100033,1100033,0,frankycpp_v1.8.exe,chess::Position::getNextPlayer,Position.h,0x1402610b8
chess::Position::getPiece,0.0,0.0,0.0,0.0,0.0,0.0,0.0,0.0,0.0,0.0,0.0,0.0,0,1100033,0,frankycpp_v1.8.exe,chess::Position::getPiece,Position.h,0x1402632af
chess::Position::getPieceBb,0.0,0.0,0.0,0.0,0.0,0.0,0.0,0.0,0.0,0.0,0.0,0.0,800024,0,0,frankycpp_v1.8.exe,chess::Position::getPieceBb,Position.h,0x14029eaed
chess::Position::getPieceBb,0.0,0.0,0.0,100.0,0.0,0.0,0.0,0.0,0.0,0.0,0.0,0.0,4400132,2200066,0,frankycpp_v1.8.exe,chess::Position::getPieceBb,Position.h,0x140269a5d
chess::Position::getPieceBb,0.0,0.0,0.0,0.0,0.0,0.0,0.0,0.0,0.0,0.0,0.0,0.0,1500045,2200066,0,frankycpp_v1.8.exe,chess::Position::getPieceBb,Position.h,0x1402699f5
chess::Position::isCapturingMove,0.0,0.0,0.0,0.0,0.0,0.0,0.0,0.0,0.0,0.0,0.0,0.0,1100033,0,0,frankycpp_v1.8.exe,chess::Position::isCapturingMove,Position.h,0x1402209c8
chess::Position::strFen,0.0,0.0,0.0,0.0,0.0,0.0,0.0,0.0,0.0,0.0,0.0,0.0,1100033,0,0,frankycpp_v1.8.exe,chess::Position::strFen(void),Position.cpp,0x14025d0c0
chess::Square::file,0.0,0.0,0.0,0.0,0.0,0.0,0.0,0.0,0.0,0.0,0.0,0.0,0,1100033,0,frankycpp_v1.8.exe,chess::Square::file,square.h,0x14025bc8c
chess::StaticMoveList<256>::end,0.0,0.0,0.0,0.0,0.0,0.0,0.0,0.0,0.0,0.0,0.0,0.0,1100033,0,0,frankycpp_v1.8.exe,chess::StaticMoveList<256>::end,staticmovelist.h,0x14026100b
chess::StaticMoveList<256>::push_back,0.0,0.0,0.0,0.0,0.0,0.0,0.0,0.0,0.0,0.0,0.0,0.0,1100033,1100033,0,frankycpp_v1.8.exe,chess::StaticMoveList<256>::push_back,staticmovelist.h,0x1402632cf
chess::StaticMoveList<256>::push_back,0.0,0.0,0.0,0.0,0.0,0.0,0.0,0.0,0.0,0.0,0.0,0.0,0,1100033,0,frankycpp_v1.8.exe,chess::StaticMoveList<256>::push_back,staticmovelist.h,0x140263718
chess::StaticMoveList<256>::push_back,0.0,0.0,0.0,0.0,0.0,0.0,0.0,0.0,0.0,0.0,0.0,0.0,2200066,0,0,frankycpp_v1.8.exe,chess::StaticMoveList<256>::push_back,staticmovelist.h,0x140263748
chess::StaticMoveList<256>::push_back,0.0,0.0,0.0,0.0,0.0,0.0,0.0,0.0,0.0,0.0,0.0,0.0,0,1100033,0,frankycpp_v1.8.exe,chess::StaticMoveList<256>::push_back,staticmovelist.h,0x140264132
chess::Value::isValid,0.0,,0.0,0.0,0.0,0.0,0.0,0.0,0.0,,,,3300099,1100033,0,frankycpp_v1.8.exe,chess::Value::isValid,value.h,0x140220edc
chess::Value::isValid,0.0,0.0,0.0,0.0,0.0,0.0,0.0,0.0,0.0,,,,2200066,1100033,0,frankycpp_v1.8.exe,chess::Value::isValid,value.h,0x14021f4f7
chess::Value::operator int,0.0,0.0,0.0,0.0,0.0,0.0,0.0,0.0,0.0,0.0,0.0,0.0,1100033,0,0,frankycpp_v1.8.exe,chess::Value::operator int,value.h,0x14021fa1e
chess::Value::operator int,0.0,0.0,0.0,0.0,0.0,0.0,0.0,0.0,0.0,0.0,0.0,0.0,1100033,0,0,frankycpp_v1.8.exe,chess::Value::operator int,value.h,0x14021f548
chess::Value::operator int,0.0,0.0,0.0,0.0,0.0,0.0,0.0,0.0,0.0,0.0,0.0,0.0,2200066,0,0,frankycpp_v1.8.exe,chess::Value::operator int,value.h,0x140220115
chess::Value::{ctor},0.0,0.0,0.0,0.0,0.0,0.0,0.0,0.0,0.0,0.0,0.0,0.0,5500165,3300099,0,frankycpp_v1.8.exe,chess::Value::{ctor},value.h,0x14029e8c0
chess::Value::{ctor},0.0,0.0,0.0,0.0,0.0,0.0,0.0,0.0,0.0,0.0,0.0,0.0,1100033,0,0,frankycpp_v1.8.exe,chess::Value::{ctor},value.h,0x140220b1f
chess::colorOf,0.0,0.0,0.0,0.0,0.0,0.0,0.0,0.0,0.0,0.0,0.0,0.0,1100033,2200066,0,frankycpp_v1.8.exe,chess::colorOf,piece.h,0x1402610ce
chess::makePiece,0.0,0.0,0.0,0.0,0.0,0.0,0.0,0.0,0.0,0.0,0.0,0.0,1100033,1100033,0,frankycpp_v1.8.exe,chess::makePiece,piece.h,0x14025bcab
chess::makePiece,0.0,0.0,0.0,0.0,0.0,0.0,0.0,0.0,0.0,0.0,0.0,0.0,0,1100033,0,frankycpp_v1.8.exe,chess::makePiece,piece.h,0x14025bfe0
chess::moveValueGreaterComparator::operator(),0.0,0.0,0.0,0.0,0.0,0.0,0.0,0.0,0.0,0.0,0.0,0.0,1100033,0,0,frankycpp_v1.8.exe,chess::moveValueGreaterComparator::operator(),move.h,0x140264414
chess::moveValueGreaterComparator::operator(),0.0,0.0,0.0,0.0,0.0,0.0,0.0,0.0,0.0,0.0,0.0,0.0,0,1100033,0,frankycpp_v1.8.exe,chess::moveValueGreaterComparator::operator(),move.h,0x14026512b
chess::moveValueGreaterComparator::operator(),0.0,0.0,0.0,0.0,0.0,0.0,0.0,0.0,0.0,0.0,0.0,0.0,1100033,0,0,frankycpp_v1.8.exe,chess::moveValueGreaterComparator::operator(),move.h,0x14026514e
chess::operator!=,0.0,0.0,0.0,0.0,0.0,0.0,0.0,0.0,0.0,0.0,0.0,0.0,3300099,0,0,frankycpp_v1.8.exe,chess::operator!=,color.h,0x14026a283
chess::operator&,0.0,0.0,0.0,0.0,0.0,0.0,0.0,0.0,0.0,0.0,0.0,0.0,0,1100033,0,frankycpp_v1.8.exe,chess::operator&,bitboard.h,0x1402640ab
chess::operator&,0.0,0.0,0.0,0.0,0.0,0.0,0.0,0.0,0.0,,,,1100033,0,0,frankycpp_v1.8.exe,chess::operator&,bitboard.h,0x14026b23c
chess::operator&,0.0,0.0,0.0,0.0,0.0,0.0,0.0,0.0,0.0,,,,4400132,2200066,0,frankycpp_v1.8.exe,chess::operator&,bitboard.h,0x1402637c7
chess::operator&,0.0,0.0,0.0,0.0,0.0,0.0,0.0,0.0,0.0,,,,5500165,1500045,0,frankycpp_v1.8.exe,chess::operator&,bitboard.h,0x14026b24c
chess::operator&,0.0,0.0,0.0,0.0,0.0,0.0,0.0,0.0,0.0,,,,1100033,3300099,0,frankycpp_v1.8.exe,chess::operator&,bitboard.h,0x14029e91e
chess::operator&,0.0,0.0,0.0,0.0,0.0,0.0,0.0,0.0,0.0,,,,7700231,2200066,0,frankycpp_v1.8.exe,chess::operator&,bitboard.h,0x1402637d5
chess::operator&,0.0,0.0,0.0,0.0,0.0,0.0,0.0,0.0,0.0,0.0,0.0,0.0,0,1100033,0,frankycpp_v1.8.exe,chess::operator&,bitboard.h,0x1402640cf
chess::operator&,0.0,0.0,0.0,0.0,0.0,0.0,0.0,0.0,0.0,,,,3300099,0,0,frankycpp_v1.8.exe,chess::operator&,bitboard.h,0x14025c254
chess::operator&,0.0,0.0,0.0,0.0,0.0,0.0,0.0,0.0,0.0,0.0,0.0,0.0,0,4400132,0,frankycpp_v1.8.exe,chess::operator&,bitboard.h,0x140262c04
chess::operator&,0.0,0.0,0.0,0.0,0.0,0.0,0.0,0.0,0.0,0.0,0.0,0.0,1100033,0,0,frankycpp_v1.8.exe,chess::operator&,bitboard.h,0x14022052f
chess::operator&,0.0,0.0,0.0,0.0,0.0,0.0,0.0,0.0,0.0,0.0,0.0,0.0,9900297,2200066,0,frankycpp_v1.8.exe,chess::operator&,bitboard.h,0x14026ab9c
chess::operator&,0.0,0.0,0.0,0.0,0.0,0.0,0.0,0.0,0.0,0.0,0.0,0.0,26400792,9900297,0,frankycpp_v1.8.exe,chess::operator&,bitboard.h,0x14029e962
chess::operator&,0.0,0.0,0.0,0.0,0.0,0.0,0.0,0.0,0.0,,,,0,3300099,0,frankycpp_v1.8.exe,chess::operator&,bitboard.h,0x14025c6a1
chess::operator&,0.0,0.0,0.0,0.0,0.0,0.0,0.0,0.0,0.0,,,,1100033,3300099,0,frankycpp_v1.8.exe,chess::operator&,bitboard.h,0x14029ea80
chess::operator&,0.0,0.0,,,0.0,0.0,0.0,0.0,0.0,,,,3300099,2200066,0,frankycpp_v1.8.exe,chess::operator&,bitboard.h,0x140269fc9
chess::operator&,0.0,0.0,0.0,0.0,0.0,0.0,0.0,0.0,0.0,,,,3700111,1100033,0,frankycpp_v1.8.exe,chess::operator&,bitboard.h,0x14029ea9e
chess::operator&,0.0,0.0,0.0,0.0,0.0,0.0,0.0,0.0,0.0,0.0,0.0,0.0,1100033,0,0,frankycpp_v1.8.exe,chess::operator&,bitboard.h,0x140263f5a
chess::operator&,0.0,0.0,0.0,0.0,0.0,0.0,0.0,0.0,0.0,0.0,0.0,0.0,5500165,0,0,frankycpp_v1.8.exe,chess::operator&,bitboard.h,0x14026a019
chess::operator&,0.0,0.0,0.0,0.0,0.0,0.0,0.0,0.0,0.0,,,,9900297,7000210,0,frankycpp_v1.8.exe,chess::operator&,bitboard.h,0x14026a720
chess::operator&,0.0,0.0,0.0,0.0,0.0,0.0,0.0,0.0,0.0,0.0,0.0,0.0,1100033,1100033,0,frankycpp_v1.8.exe,chess::operator&,bitboard.h,0x1402209d7
chess::operator&,0.0,0.0,0.0,0.0,0.0,0.0,0.0,0.0,0.0,0.0,0.0,0.0,1100033,0,0,frankycpp_v1.8.exe,chess::operator&,bitboard.h,0x14025c425
chess::operator&,0.0,0.0,0.0,0.0,0.0,0.0,0.0,0.0,0.0,0.0,0.0,0.0,0,1100033,0,frankycpp_v1.8.exe,chess::operator&,bitboard.h,0x1402640f4
chess::operator&,0.0,0.0,0.0,0.0,0.0,0.0,0.0,0.0,0.0,0.0,0.0,0.0,0,1100033,0,frankycpp_v1.8.exe,chess::operator&,bitboard.h,0x140264123
chess::operator&,0.0,0.0,0.0,0.0,0.0,0.0,0.0,0.0,0.0,0.0,0.0,0.0,1100033,1100033,0,frankycpp_v1.8.exe,chess::operator&,bitboard.h,0x14026a7eb
chess::operator*,0.0,0.0,0.0,0.0,0.0,0.0,0.0,0.0,0.0,0.0,0.0,0.0,2200066,4800144,0,frankycpp_v1.8.exe,chess::operator*,direction.h,0x1402638d8
chess::operator+,0.0,0.0,0.0,0.0,0.0,0.0,0.0,0.0,0.0,0.0,0.0,0.0,1100033,2200066,0,frankycpp_v1.8.exe,chess::operator+,castlingrights.h,0x14025bc48
chess::operator+,0.0,0.0,0.0,0.0,0.0,0.0,0.0,0.0,0.0,0.0,0.0,0.0,2200066,1100033,0,frankycpp_v1.8.exe,chess::operator+,value.h,0x140221774
chess::operator+,0.0,0.0,0.0,0.0,0.0,0.0,0.0,,0.0,,,,400012,2200066,0,frankycpp_v1.8.exe,chess::operator+,value.h,0x140220d8c
chess::operator+,0.0,0.0,0.0,0.0,0.0,0.0,0.0,0.0,0.0,0.0,0.0,0.0,3300099,0,0,frankycpp_v1.8.exe,chess::operator+,value.h,0x14021fbd2
chess::operator+,0.0,0.0,0.0,0.0,0.0,0.0,0.0,0.0,0.0,0.0,0.0,0.0,0,1100033,0,frankycpp_v1.8.exe,chess::operator+,direction.h,0x1402612ef
chess::operator+,0.0,0.0,0.0,0.0,0.0,0.0,0.0,0.0,0.0,0.0,0.0,0.0,2200066,0,0,frankycpp_v1.8.exe,chess::operator+,value.h,0x1402699c1
chess::operator+=,0.0,0.0,0.0,0.0,0.0,0.0,0.0,0.0,0.0,0.0,0.0,0.0,2200066,0,0,frankycpp_v1.8.exe,chess::operator+=,value.h,0x14026a836
chess::operator+=,0.0,0.0,0.0,0.0,0.0,0.0,0.0,0.0,0.0,0.0,0.0,0.0,4800144,0,0,frankycpp_v1.8.exe,chess::operator+=,value.h,0x14026a773
chess::operator+=,0.0,0.0,0.0,0.0,0.0,0.0,0.0,0.0,0.0,0.0,0.0,0.0,2200066,2200066,0,frankycpp_v1.8.exe,chess::operator+=,depth.h,0x140220524
chess::operator+=,0.0,0.0,0.0,0.0,0.0,0.0,0.0,0.0,0.0,0.0,0.0,0.0,1100033,0,0,frankycpp_v1.8.exe,chess::operator+=,depth.h,0x14021fc8e
chess::operator+=,0.0,0.0,0.0,0.0,0.0,0.0,0.0,0.0,0.0,,,,3700111,1100033,0,frankycpp_v1.8.exe,chess::operator+=,value.h,0x14026b35f
chess::operator+=,0.0,0.0,0.0,0.0,0.0,0.0,0.0,0.0,0.0,0.0,0.0,0.0,1100033,1100033,0,frankycpp_v1.8.exe,chess::operator+=,value.h,0x14026a57e
chess::operator+=,0.0,0.0,0.0,0.0,0.0,0.0,0.0,0.0,0.0,0.0,0.0,0.0,5500165,1100033,0,frankycpp_v1.8.exe,chess::operator+=,value.h,0x14021fa4d
chess::operator+=,0.0,0.0,0.0,0.0,0.0,0.0,0.0,0.0,0.0,0.0,0.0,0.0,1100033,1100033,0,frankycpp_v1.8.exe,chess::operator+=,value.h,0x14026a80e
chess::operator-,0.0,0.0,0.0,0.0,0.0,0.0,0.0,0.0,0.0,0.0,0.0,0.0,2200066,0,0,frankycpp_v1.8.exe,chess::operator-,value.h,0x14021efee
chess::operator-,0.0,0.0,52.5,52.5,0.0,0.0,0.0,0.0,0.0,0.0,0.0,0.0,0,0,0,frankycpp_v1.8.exe,chess::operator-,value.h,0x1402207e3
chess::operator-,0.0,0.0,0.0,0.0,0.0,0.0,0.0,0.0,0.0,0.0,0.0,0.0,4400132,400012,0,frankycpp_v1.8.exe,chess::operator-,value.h,0x140262fcc
chess::operator-,0.0,0.0,0.0,0.0,0.0,0.0,0.0,0.0,0.0,0.0,0.0,0.0,1100033,0,0,frankycpp_v1.8.exe,chess::operator-,value.h,0x1402632e1
chess::operator-,0.0,0.0,0.0,0.0,0.0,0.0,0.0,0.0,0.0,0.0,0.0,0.0,2200066,0,0,frankycpp_v1.8.exe,chess::operator-,value.h,0x14021fb4a
chess::operator-,0.0,0.0,0.0,0.0,0.0,0.0,0.0,0.0,0.0,0.0,0.0,0.0,1100033,0,0,frankycpp_v1.8.exe,chess::operator-,value.h,0x140221342
chess::operator-,0.0,0.0,0.0,0.0,0.0,0.0,0.0,0.0,0.0,0.0,0.0,0.0,4400132,7700231,0,frankycpp_v1.8.exe,chess::operator-,value.h,0x14029e767
chess::operator-,0.0,0.0,0.0,0.0,0.0,0.0,0.0,0.0,0.0,0.0,0.0,0.0,3300099,1100033,0,frankycpp_v1.8.exe,chess::operator-,value.h,0x140264032
chess::operator-,0.0,0.0,0.0,0.0,0.0,0.0,0.0,0.0,0.0,0.0,0.0,0.0,1100033,0,0,frankycpp_v1.8.exe,chess::operator-,value.h,0x1402207d3
chess::operator-,0.0,0.0,0.0,0.0,0.0,0.0,0.0,0.0,0.0,0.0,0.0,0.0,1100033,0,0,frankycpp_v1.8.exe,chess::operator-,value.h,0x14021fd0f
chess::operator-,0.0,0.0,0.0,0.0,0.0,0.0,0.0,,0.0,0.0,0.0,0.0,3300099,1100033,0,frankycpp_v1.8.exe,chess::operator-,value.h,0x14022068f
chess::operator-,0.0,0.0,0.0,0.0,0.0,0.0,0.0,0.0,0.0,0.0,0.0,0.0,1100033,0,0,frankycpp_v1.8.exe,chess::operator-,value.h,0x140220797
chess::operator-,0.0,0.0,0.0,0.0,0.0,0.0,0.0,0.0,0.0,0.0,0.0,0.0,0,1100033,0,frankycpp_v1.8.exe,chess::operator-,value.h,0x1402217b4
chess::operator-=,0.0,0.0,0.0,0.0,0.0,0.0,91.8,0.0,0.0,0.0,0.0,0.0,3300099,0,0,frankycpp_v1.8.exe,chess::operator-=,depth.h,0x1402204a4
chess::operator==,0.0,0.0,0.0,0.0,0.0,0.0,0.0,0.0,0.0,0.0,0.0,0.0,0,1100033,0,frankycpp_v1.8.exe,chess::operator==,castlingrights.h,0x14026411d
chess::operator==,0.0,0.0,0.0,0.0,0.0,0.0,0.0,0.0,0.0,0.0,0.0,0.0,1100033,0,0,frankycpp_v1.8.exe,chess::operator==,castlingrights.h,0x1402640a5
chess::operator>,0.0,0.0,0.0,0.0,0.0,0.0,0.0,0.0,0.0,0.0,0.0,0.0,1100033,0,0,frankycpp_v1.8.exe,chess::operator>,value.h,0x14021fac6
chess::operator|,0.0,0.0,0.0,0.0,0.0,0.0,0.0,0.0,0.0,0.0,0.0,0.0,3300099,0,0,frankycpp_v1.8.exe,chess::operator|,bitboard.h,0x1402637a8
chess::operator|,0.0,0.0,0.0,0.0,0.0,0.0,0.0,0.0,0.0,0.0,0.0,0.0,2200066,1500045,0,frankycpp_v1.8.exe,chess::operator|,bitboard.h,0x14029e70a
chess::operator|,0.0,0.0,0.0,0.0,100.0,0.0,0.0,0.0,0.0,0.0,0.0,0.0,3300099,1100033,0,frankycpp_v1.8.exe,chess::operator|,bitboard.h,0x140261102
chess::operator|,0.0,,0.0,0.0,0.0,0.0,0.0,0.0,0.0,0.0,0.0,0.0,3300099,1100033,0,frankycpp_v1.8.exe,chess::operator|,bitboard.h,0x140263b0c
chess::operator~,0.0,0.0,0.0,0.0,0.0,0.0,0.0,0.0,0.0,0.0,0.0,0.0,9200276,5900177,0,frankycpp_v1.8.exe,chess::operator~,color.h,0x14025c52f
chess::operator~,0.0,0.0,0.0,0.0,0.0,0.0,0.0,0.0,0.0,0.0,0.0,0.0,2200066,0,0,frankycpp_v1.8.exe,chess::operator~,color.h,0x14025c15d
chess::operator~,0.0,0.0,0.0,0.0,0.0,0.0,0.0,0.0,0.0,0.0,0.0,0.0,1100033,3300099,0,frankycpp_v1.8.exe,chess::operator~,color.h,0x14025c19d
chess::operator~,0.0,0.0,0.0,0.0,0.0,0.0,0.0,0.0,0.0,0.0,0.0,0.0,9900297,3300099,0,frankycpp_v1.8.exe,chess::operator~,color.h,0x140263e7d
chess::typeOf,0.0,0.0,0.0,0.0,0.0,0.0,0.0,0.0,0.0,0.0,0.0,0.0,3300099,0,0,frankycpp_v1.8.exe,chess::typeOf,piece.h,0x140263eb0
chess::typeOf,0.0,0.0,0.0,0.0,0.0,0.0,0.0,0.0,0.0,0.0,0.0,0.0,1100033,0,0,frankycpp_v1.8.exe,chess::typeOf,piece.h,0x140263e6d
engine::Evaluator::prefetch,0.0,0.0,0.0,0.0,0.0,0.0,0.0,,0.0,,,,1100033,0,0,frankycpp_v1.8.exe,engine::Evaluator::prefetch,Evaluator.h,0x1402212d4
engine::PawnTT::getHash,0.0,0.0,0.0,0.0,0.0,0.0,0.0,0.0,0.0,0.0,0.0,0.0,1100033,1100033,0,frankycpp_v1.8.exe,engine::PawnTT::getHash,PawnTT.h,0x14026a2bd
engine::Search::aspirationSearch,0.0,0.0,0.0,0.0,0.0,0.0,0.0,0.0,0.0,0.0,0.0,0.0,1100033,0,0,frankycpp_v1.8.exe,"engine::Search::aspirationSearch(class chess::Position &,enum chess::Depth,class chess::Value)",Search.cpp,0x14021ea70
engine::Search::thread,0.0,0.0,0.0,0.0,0.0,0.0,0.0,0.0,0.0,0.0,0.0,0.0,1100033,0,0,frankycpp_v1.8.exe,engine::Search::thread,Search.h,0x14021fb5b
engine::Search::thread,0.0,0.0,0.0,0.0,0.0,0.0,0.0,0.0,0.0,,,,3300099,400012,0,frankycpp_v1.8.exe,engine::Search::thread,Search.h,0x140220fc7
engine::Search::thread,0.0,0.0,0.0,0.0,0.0,0.0,0.0,0.0,0.0,0.0,0.0,0.0,1100033,1100033,0,frankycpp_v1.8.exe,engine::Search::thread,Search.h,0x140220a56
engine::Search::thread,0.0,0.0,0.0,0.0,0.0,0.0,0.0,0.0,0.0,0.0,0.0,0.0,0,1100033,0,frankycpp_v1.8.exe,engine::Search::thread,Search.h,0x140221487
engine::SearchThreadData::lmr_reduction_log,0.0,0.0,0.0,0.0,0.0,0.0,0.0,0.0,0.0,0.0,0.0,0.0,0,1100033,0,frankycpp_v1.8.exe,engine::SearchThreadData::lmr_reduction_log,SearchThreadData.h,0x140216826
engine::SearchThreadData::resetForNewSearch,0.0,0.0,0.0,0.0,0.0,0.0,0.0,0.0,0.0,0.0,0.0,0.0,0,1100033,0,frankycpp_v1.8.exe,"engine::SearchThreadData::resetForNewSearch(class chess::Position const &,class engine::PawnTT *,bool,double,bool)",SearchThreadData.h,0x140216340
engine::TT::getClusterIndex,0.0,0.0,0.0,0.0,100.0,0.0,0.0,0.0,0.0,0.0,0.0,0.0,1500045,0,0,frankycpp_v1.8.exe,engine::TT::getClusterIndex,TT.h,0x14026d5e5
func@0x140001ea0,0.0,0.0,0.0,0.0,0.0,0.0,0.0,0.0,0.0,0.0,0.0,0.0,1100033,0,0,intelppm.sys,func@0x140001ea0,[Unknown],0x140001ea0
func@0x140002053,0.0,0.0,0.0,0.0,100.0,0.0,0.0,0.0,0.0,0.0,0.0,0.0,0,0,0,usbpcap.sys,func@0x140002053,[Unknown],0x140002053
func@0x14000206e,0.0,0.0,0.0,0.0,0.0,0.0,0.0,0.0,0.0,0.0,0.0,0.0,0,1100033,0,wdfilter.sys,func@0x14000206e,[Unknown],0x14000206e
func@0x140002a10,0.0,0.0,0.0,0.0,0.0,0.0,0.0,0.0,0.0,0.0,0.0,0.0,1100033,0,0,prjflt.sys,func@0x140002a10,[Unknown],0x140002a10
func@0x140002b5e,0.0,0.0,100.0,0.0,0.0,0.0,0.0,0.0,0.0,0.0,0.0,0.0,1100033,0,0,wpprecorder.sys,func@0x140002b5e,[Unknown],0x140002b5e
func@0x140004e50,0.0,0.0,0.0,0.0,0.0,0.0,0.0,0.0,0.0,0.0,0.0,0.0,1100033,1100033,0,wpprecorder.sys,func@0x140004e50,[Unknown],0x140004e50
func@0x140005e27,0.0,0.0,0.0,0.0,100.0,0.0,0.0,0.0,0.0,0.0,0.0,0.0,0,0,0,dxgmms2.sys,func@0x140005e27,[Unknown],0x140005e27
func@0x14000a292,0.0,0.0,0.0,0.0,0.0,0.0,0.0,0.0,0.0,0.0,0.0,0.0,1100033,0,0,dxgmms2.sys,func@0x14000a292,[Unknown],0x14000a292
func@0x14000acc0,0.0,0.0,0.0,0.0,0.0,0.0,0.0,0.0,0.0,0.0,0.0,0.0,1100033,0,0,nvlddmkm.sys,func@0x14000acc0,[Unknown],0x14000acc0
func@0x14000f668,0.0,0.0,0.0,0.0,0.0,0.0,0.0,0.0,0.0,0.0,0.0,0.0,1100033,0,0,ialpss2_i2c_adl.sys,func@0x14000f668,[Unknown],0x14000f668
func@0x140022442,0.0,0.0,0.0,0.0,0.0,0.0,0.0,0.0,0.0,0.0,0.0,0.0,1100033,0,0,usbxhci.sys,func@0x140022442,[Unknown],0x140022442
func@0x140025370,0.0,0.0,0.0,0.0,0.0,0.0,0.0,0.0,0.0,0.0,0.0,0.0,0,1100033,0,wdf01000.sys,func@0x140025370,[Unknown],0x140025370
func@0x140067c00,0.0,0.0,0.0,100.0,0.0,0.0,0.0,0.0,0.0,0.0,0.0,0.0,0,0,0,e2fn.sys,func@0x140067c00,[Unknown],0x140067c00
func@0x14009b120,0.0,0.0,0.0,0.0,0.0,0.0,0.0,0.0,0.0,0.0,0.0,0.0,0,1100033,0,nvlddmkm.sys,func@0x14009b120,[Unknown],0x14009b120
func@0x1400b34ef,0.0,0.0,0.0,0.0,0.0,0.0,0.0,0.0,0.0,0.0,0.0,0.0,1100033,0,0,nvlddmkm.sys,func@0x1400b34ef,[Unknown],0x1400b34ef
func@0x1400f9060,0.0,0.0,0.0,0.0,0.0,0.0,0.0,0.0,0.0,0.0,0.0,0.0,0,1100033,0,nvlddmkm.sys,func@0x1400f9060,[Unknown],0x1400f9060
func@0x1400f9200,0.0,0.0,0.0,0.0,0.0,0.0,0.0,0.0,0.0,0.0,0.0,0.0,0,1100033,0,nvlddmkm.sys,func@0x1400f9200,[Unknown],0x1400f9200
func@0x1400fa320,0.0,0.0,0.0,0.0,0.0,0.0,0.0,0.0,0.0,0.0,0.0,0.0,1100033,0,0,nvlddmkm.sys,func@0x1400fa320,[Unknown],0x1400fa320
func@0x140102710,0.0,0.0,0.0,0.0,0.0,0.0,0.0,0.0,0.0,0.0,0.0,0.0,0,2200066,0,nvlddmkm.sys,func@0x140102710,[Unknown],0x140102710
func@0x14011e010,0.0,0.0,0.0,0.0,0.0,0.0,0.0,0.0,0.0,0.0,0.0,0.0,1100033,0,0,nvlddmkm.sys,func@0x14011e010,[Unknown],0x14011e010
func@0x14011f200,0.0,0.0,0.0,0.0,0.0,0.0,0.0,0.0,0.0,0.0,0.0,0.0,1100033,1100033,0,nvlddmkm.sys,func@0x14011f200,[Unknown],0x14011f200
func@0x14011fad0,0.0,0.0,0.0,0.0,0.0,0.0,0.0,0.0,0.0,0.0,0.0,0.0,0,1100033,0,nvlddmkm.sys,func@0x14011fad0,[Unknown],0x14011fad0
func@0x140123590,0.0,0.0,0.0,0.0,0.0,0.0,0.0,0.0,0.0,0.0,0.0,0.0,1100033,0,0,nvlddmkm.sys,func@0x140123590,[Unknown],0x140123590
func@0x1401262a0,0.0,0.0,0.0,0.0,0.0,0.0,0.0,0.0,0.0,0.0,0.0,0.0,1100033,0,0,nvlddmkm.sys,func@0x1401262a0,[Unknown],0x1401262a0
func@0x140127100,0.0,0.0,0.0,0.0,0.0,0.0,0.0,0.0,0.0,0.0,0.0,0.0,1100033,0,0,nvlddmkm.sys,func@0x140127100,[Unknown],0x140127100
func@0x14014d410,0.0,0.0,0.0,0.0,0.0,0.0,0.0,0.0,0.0,0.0,0.0,0.0,0,1100033,0,nvlddmkm.sys,func@0x14014d410,[Unknown],0x14014d410
func@0x140163d70,0.0,0.0,0.0,0.0,0.0,0.0,0.0,0.0,0.0,0.0,0.0,0.0,0,1100033,0,nvlddmkm.sys,func@0x140163d70,[Unknown],0x140163d70
func@0x1401677c0,0.0,0.0,0.0,0.0,0.0,0.0,0.0,0.0,0.0,0.0,0.0,0.0,0,1100033,0,nvlddmkm.sys,func@0x1401677c0,[Unknown],0x1401677c0
func@0x140206940,0.0,0.0,0.0,0.0,0.0,0.0,0.0,0.0,0.0,0.0,0.0,0.0,0,1100033,0,ntoskrnl.exe,func@0x140206940,[Unknown],0x140206940
func@0x14020fa80,0.0,0.0,0.0,0.0,91.8,0.0,0.0,0.0,0.0,,,,0,0,0,ntoskrnl.exe,func@0x14020fa80,[Unknown],0x14020fa80
func@0x140213020,0.0,0.0,0.0,0.0,0.0,0.0,0.0,0.0,0.0,0.0,0.0,0.0,1100033,0,0,ntoskrnl.exe,func@0x140213020,[Unknown],0x140213020
func@0x140216750,0.0,0.0,0.0,0.0,0.0,0.0,0.0,0.0,0.0,0.0,0.0,0.0,0,1100033,0,ntoskrnl.exe,func@0x140216750,[Unknown],0x140216750
func@0x14021d340,0.0,0.0,0.0,0.0,0.0,0.0,0.0,0.0,0.0,0.0,0.0,0.0,2200066,0,0,ntoskrnl.exe,func@0x14021d340,[Unknown],0x14021d340
func@0x1402213e0,0.0,0.0,0.0,0.0,0.0,0.0,0.0,0.0,0.0,0.0,0.0,0.0,2200066,0,0,ntoskrnl.exe,func@0x1402213e0,[Unknown],0x1402213e0
func@0x1402238b0,0.0,,0.0,100.0,0.0,0.0,0.0,0.0,0.0,0.0,0.0,0.0,0,1100033,0,ntoskrnl.exe,func@0x1402238b0,[Unknown],0x1402238b0
func@0x1402320cf,0.0,0.0,0.0,0.0,0.0,0.0,0.0,0.0,0.0,0.0,0.0,0.0,1100033,0,0,ntoskrnl.exe,func@0x1402320cf,[Unknown],0x1402320cf
func@0x140235920,0.0,0.0,0.0,0.0,0.0,0.0,0.0,0.0,0.0,0.0,0.0,0.0,0,1100033,0,ntoskrnl.exe,func@0x140235920,[Unknown],0x140235920
func@0x140243620,0.0,0.0,0.0,0.0,0.0,0.0,0.0,0.0,0.0,0.0,0.0,0.0,1100033,0,0,ntoskrnl.exe,func@0x140243620,[Unknown],0x140243620
func@0x14025377f,0.0,0.0,0.0,0.0,0.0,0.0,0.0,0.0,0.0,0.0,0.0,0.0,1100033,0,0,ntoskrnl.exe,func@0x14025377f,[Unknown],0x14025377f
func@0x140255c9d,0.0,0.0,0.0,0.0,0.0,0.0,0.0,0.0,0.0,0.0,0.0,0.0,0,1100033,0,ntoskrnl.exe,func@0x140255c9d,[Unknown],0x140255c9d
func@0x140256040,0.0,0.0,0.0,0.0,0.0,0.0,0.0,0.0,0.0,0.0,0.0,0.0,0,1100033,0,ntoskrnl.exe,func@0x140256040,[Unknown],0x140256040
func@0x1402585aa,0.0,0.0,0.0,0.0,0.0,0.0,0.0,0.0,0.0,0.0,0.0,0.0,1100033,0,0,ntoskrnl.exe,func@0x1402585aa,[Unknown],0x1402585aa
func@0x140258f50,0.0,0.0,0.0,0.0,0.0,0.0,0.0,0.0,0.0,0.0,0.0,0.0,1100033,0,0,ntoskrnl.exe,func@0x140258f50,[Unknown],0x140258f50
func@0x14025ad00,0.0,0.0,0.0,0.0,0.0,0.0,0.0,0.0,0.0,0.0,0.0,0.0,1100033,0,0,ntoskrnl.exe,func@0x14025ad00,[Unknown],0x14025ad00
func@0x14025ded0,0.0,0.0,0.0,0.0,0.0,0.0,0.0,0.0,0.0,0.0,0.0,0.0,0,1100033,0,ntoskrnl.exe,func@0x14025ded0,[Unknown],0x14025ded0
func@0x14025f23d,0.0,0.0,0.0,0.0,0.0,0.0,0.0,0.0,0.0,0.0,0.0,0.0,0,1100033,0,ntoskrnl.exe,func@0x14025f23d,[Unknown],0x14025f23d
func@0x14026f460,0.0,0.0,0.0,0.0,0.0,0.0,0.0,0.0,0.0,0.0,0.0,0.0,0,1100033,0,ntoskrnl.exe,func@0x14026f460,[Unknown],0x14026f460
func@0x140273340,0.0,0.0,0.0,0.0,0.0,0.0,0.0,0.0,0.0,0.0,0.0,0.0,1100033,0,0,ntoskrnl.exe,func@0x140273340,[Unknown],0x140273340
func@0x14028b2b0,0.0,0.0,0.0,0.0,0.0,0.0,0.0,0.0,0.0,0.0,0.0,0.0,1100033,0,0,ntoskrnl.exe,func@0x14028b2b0,[Unknown],0x14028b2b0
func@0x1402942c0,0.0,0.0,0.0,0.0,0.0,100.0,0.0,0.0,0.0,0.0,0.0,0.0,0,0,0,ntoskrnl.exe,func@0x1402942c0,[Unknown],0x1402942c0
func@0x140295e18,0.0,0.0,0.0,0.0,0.0,0.0,0.0,0.0,0.0,0.0,0.0,0.0,2200066,0,0,ntoskrnl.exe,func@0x140295e18,[Unknown],0x140295e18
func@0x140299590,0.0,0.0,0.0,0.0,0.0,0.0,0.0,0.0,0.0,0.0,0.0,0.0,0,1100033,0,ntoskrnl.exe,func@0x140299590,[Unknown],0x140299590
func@0x1402997f0,0.0,0.0,0.0,0.0,0.0,0.0,0.0,,0.0,0.0,0.0,0.0,400012,0,0,ntoskrnl.exe,func@0x1402997f0,[Unknown],0x1402997f0
func@0x14029b980,0.0,0.0,0.0,0.0,0.0,0.0,0.0,0.0,0.0,0.0,0.0,0.0,1100033,0,0,ntoskrnl.exe,func@0x14029b980,[Unknown],0x14029b980
func@0x14029bfad,0.0,0.0,0.0,0.0,0.0,0.0,0.0,0.0,0.0,0.0,0.0,0.0,2200066,0,0,ntoskrnl.exe,func@0x14029bfad,[Unknown],0x14029bfad
func@0x14029c48c,0.0,0.0,0.0,0.0,0.0,0.0,0.0,0.0,0.0,0.0,0.0,0.0,1100033,0,0,ntoskrnl.exe,func@0x14029c48c,[Unknown],0x14029c48c
func@0x14029c7cc,0.0,0.0,0.0,0.0,0.0,0.0,0.0,0.0,0.0,0.0,0.0,0.0,1100033,0,0,ntoskrnl.exe,func@0x14029c7cc,[Unknown],0x14029c7cc
func@0x14029d1e0,0.0,0.0,0.0,0.0,0.0,0.0,0.0,0.0,0.0,0.0,0.0,0.0,3300099,0,0,ntoskrnl.exe,func@0x14029d1e0,[Unknown],0x14029d1e0
func@0x14029d4f0,0.0,0.0,0.0,0.0,0.0,0.0,0.0,0.0,0.0,0.0,0.0,0.0,3300099,0,0,ntoskrnl.exe,func@0x14029d4f0,[Unknown],0x14029d4f0
func@0x14029e348,0.0,0.0,,,0.0,0.0,0.0,0.0,0.0,0.0,0.0,0.0,0,1100033,0,ntoskrnl.exe,func@0x14029e348,[Unknown],0x14029e348
func@0x1402b4ee0,0.0,0.0,0.0,0.0,0.0,0.0,0.0,0.0,0.0,0.0,0.0,0.0,1100033,0,0,ntoskrnl.exe,func@0x1402b4ee0,[Unknown],0x1402b4ee0
func@0x1402b8634,0.0,0.0,0.0,0.0,0.0,0.0,0.0,0.0,0.0,0.0,0.0,0.0,1100033,1100033,0,ntoskrnl.exe,func@0x1402b8634,[Unknown],0x1402b8634
func@0x1402b8930,0.0,0.0,0.0,0.0,,,0.0,0.0,0.0,0.0,0.0,0.0,0,1100033,0,ntoskrnl.exe,func@0x1402b8930,[Unknown],0x1402b8930
func@0x1402b9184,0.0,0.0,0.0,0.0,0.0,0.0,0.0,0.0,0.0,0.0,0.0,0.0,1100033,0,0,ntoskrnl.exe,func@0x1402b9184,[Unknown],0x1402b9184
func@0x1402b9d50,0.0,0.0,0.0,0.0,0.0,0.0,0.0,0.0,0.0,0.0,0.0,0.0,1100033,0,0,ntoskrnl.exe,func@0x1402b9d50,[Unknown],0x1402b9d50
func@0x1402ccd00,0.0,0.0,0.0,0.0,0.0,0.0,0.0,0.0,0.0,0.0,0.0,0.0,0,2200066,0,ntoskrnl.exe,func@0x1402ccd00,[Unknown],0x1402ccd00
func@0x1402cd910,0.0,0.0,,0.0,0.0,0.0,0.0,0.0,0.0,0.0,0.0,0.0,1100033,0,0,ntoskrnl.exe,func@0x1402cd910,[Unknown],0x1402cd910
func@0x1402d6cc0,0.0,0.0,0.0,0.0,0.0,0.0,0.0,0.0,0.0,0.0,0.0,0.0,1100033,0,0,ntoskrnl.exe,func@0x1402d6cc0,[Unknown],0x1402d6cc0
func@0x1402d71ff,0.0,0.0,0.0,0.0,0.0,0.0,0.0,0.0,0.0,0.0,0.0,0.0,2200066,0,0,ntoskrnl.exe,func@0x1402d71ff,[Unknown],0x1402d71ff
func@0x1402d77d0,0.0,0.0,0.0,0.0,0.0,0.0,0.0,0.0,0.0,0.0,0.0,0.0,2200066,0,0,ntoskrnl.exe,func@0x1402d77d0,[Unknown],0x1402d77d0
func@0x1402d7ba7,0.0,0.0,0.0,0.0,0.0,0.0,0.0,0.0,0.0,0.0,0.0,0.0,1100033,0,0,ntoskrnl.exe,func@0x1402d7ba7,[Unknown],0x1402d7ba7
func@0x1402e6300,0.0,0.0,0.0,100.0,0.0,100.0,0.0,0.0,0.0,0.0,0.0,0.0,0,0,0,ntoskrnl.exe,func@0x1402e6300,[Unknown],0x1402e6300
func@0x1402e6740,0.0,0.0,0.0,0.0,0.0,0.0,0.0,0.0,0.0,0.0,0.0,0.0,1100033,1100033,0,ntoskrnl.exe,func@0x1402e6740,[Unknown],0x1402e6740
func@0x1402edd42,0.0,0.0,0.0,0.0,0.0,0.0,0.0,0.0,0.0,0.0,0.0,0.0,5500165,1100033,0,ntoskrnl.exe,func@0x1402edd42,[Unknown],0x1402edd42
func@0x1402f1231,0.0,0.0,0.0,0.0,0.0,0.0,0.0,0.0,0.0,0.0,0.0,0.0,1100033,0,0,ntoskrnl.exe,func@0x1402f1231,[Unknown],0x1402f1231
func@0x1402f1b50,0.0,0.0,0.0,0.0,0.0,0.0,0.0,0.0,0.0,0.0,0.0,0.0,1100033,0,0,ntoskrnl.exe,func@0x1402f1b50,[Unknown],0x1402f1b50
func@0x140309300,0.0,0.0,0.0,0.0,0.0,0.0,0.0,0.0,0.0,0.0,0.0,0.0,1100033,1100033,0,nvlddmkm.sys,func@0x140309300,[Unknown],0x140309300
func@0x14030dae0,0.0,0.0,0.0,0.0,0.0,100.0,0.0,0.0,0.0,0.0,0.0,0.0,0,0,0,nvlddmkm.sys,func@0x14030dae0,[Unknown],0x14030dae0
func@0x140318a60,0.0,0.0,0.0,0.0,0.0,0.0,0.0,0.0,0.0,0.0,0.0,0.0,1100033,0,0,ntoskrnl.exe,func@0x140318a60,[Unknown],0x140318a60
func@0x14031e500,0.0,0.0,0.0,0.0,0.0,0.0,0.0,0.0,0.0,0.0,0.0,0.0,0,0,550231,ntoskrnl.exe,func@0x14031e500,[Unknown],0x14031e500
func@0x14033b990,0.0,0.0,0.0,0.0,0.0,0.0,0.0,0.0,0.0,0.0,0.0,0.0,0,1100033,0,ntoskrnl.exe,func@0x14033b990,[Unknown],0x14033b990
func@0x14033ced0,0.0,0.0,0.0,0.0,0.0,0.0,0.0,0.0,0.0,0.0,0.0,0.0,0,1100033,0,ntoskrnl.exe,func@0x14033ced0,[Unknown],0x14033ced0
func@0x14033e6c0,0.0,0.0,0.0,0.0,0.0,0.0,0.0,0.0,0.0,0.0,0.0,0.0,1100033,0,0,ntoskrnl.exe,func@0x14033e6c0,[Unknown],0x14033e6c0
func@0x14033e830,0.0,0.0,0.0,0.0,0.0,0.0,0.0,0.0,0.0,0.0,0.0,0.0,1100033,0,0,ntoskrnl.exe,func@0x14033e830,[Unknown],0x14033e830
func@0x140340ba8,0.0,0.0,0.0,100.0,0.0,0.0,0.0,0.0,0.0,0.0,0.0,0.0,0,2200066,0,ntoskrnl.exe,func@0x140340ba8,[Unknown],0x140340ba8
func@0x1403419a0,0.0,0.0,0.0,0.0,0.0,0.0,0.0,0.0,0.0,0.0,0.0,0.0,1100033,0,0,ntoskrnl.exe,func@0x1403419a0,[Unknown],0x1403419a0
func@0x140342948,0.0,0.0,0.0,0.0,0.0,0.0,0.0,0.0,0.0,0.0,0.0,0.0,1100033,0,0,ntoskrnl.exe,func@0x140342948,[Unknown],0x140342948
func@0x1403446c0,0.0,,0.0,0.0,0.0,0.0,0.0,0.0,0.0,0.0,0.0,0.0,1100033,0,0,ntoskrnl.exe,func@0x1403446c0,[Unknown],0x1403446c0
func@0x14039d4e0,0.0,0.0,0.0,0.0,0.0,0.0,0.0,0.0,0.0,0.0,0.0,0.0,0,1100033,0,nvlddmkm.sys,func@0x14039d4e0,[Unknown],0x14039d4e0
func@0x1403b5b08,0.0,0.0,0.0,0.0,0.0,100.0,0.0,0.0,0.0,0.0,0.0,0.0,1100033,0,0,ntoskrnl.exe,func@0x1403b5b08,[Unknown],0x1403b5b08
func@0x1403c7560,0.0,0.0,0.0,0.0,0.0,0.0,0.0,0.0,0.0,0.0,0.0,0.0,1100033,0,0,ntoskrnl.exe,func@0x1403c7560,[Unknown],0x1403c7560
func@0x1403d68d4,0.0,0.0,0.0,0.0,0.0,0.0,0.0,0.0,0.0,0.0,0.0,0.0,0,1100033,0,ntoskrnl.exe,func@0x1403d68d4,[Unknown],0x1403d68d4
func@0x1403eac51,0.0,0.0,0.0,0.0,0.0,0.0,0.0,0.0,0.0,0.0,0.0,0.0,0,1100033,0,ntoskrnl.exe,func@0x1403eac51,[Unknown],0x1403eac51
func@0x1403f2040,0.0,0.0,0.0,0.0,0.0,0.0,0.0,0.0,0.0,0.0,0.0,0.0,1100033,0,0,ntoskrnl.exe,func@0x1403f2040,[Unknown],0x1403f2040
func@0x140401110,0.0,0.0,0.0,0.0,,,0.0,0.0,0.0,0.0,0.0,0.0,400012,2200066,0,ntoskrnl.exe,func@0x140401110,[Unknown],0x140401110
func@0x1404063e0,0.0,0.0,0.0,0.0,0.0,0.0,0.0,0.0,0.0,0.0,0.0,0.0,0,1100033,0,ntoskrnl.exe,func@0x1404063e0,[Unknown],0x1404063e0
func@0x14040f5c0,0.0,0.0,0.0,100.0,0.0,0.0,0.0,0.0,0.0,0.0,0.0,0.0,0,0,0,ntoskrnl.exe,func@0x14040f5c0,[Unknown],0x14040f5c0
func@0x14042a6f0,0.0,0.0,0.0,0.0,0.0,0.0,0.0,0.0,0.0,0.0,0.0,0.0,0,1100033,0,ntoskrnl.exe,func@0x14042a6f0,[Unknown],0x14042a6f0
func@0x14042b5d0,0.0,0.0,0.0,0.0,100.0,0.0,0.0,0.0,0.0,0.0,0.0,0.0,1100033,0,0,ntoskrnl.exe,func@0x14042b5d0,[Unknown],0x14042b5d0
func@0x140438770,0.0,0.0,100.0,0.0,0.0,0.0,0.0,0.0,0.0,0.0,0.0,0.0,2200066,1100033,0,ntoskrnl.exe,func@0x140438770,[Unknown],0x140438770
func@0x14043dbb0,0.0,0.0,0.0,0.0,0.0,0.0,0.0,0.0,0.0,0.0,0.0,0.0,1100033,0,0,ntoskrnl.exe,func@0x14043dbb0,[Unknown],0x14043dbb0
func@0x1404e7860,0.0,0.0,0.0,0.0,100.0,0.0,0.0,0.0,0.0,0.0,0.0,0.0,0,0,0,ntoskrnl.exe,func@0x1404e7860,[Unknown],0x1404e7860
func@0x1405e1fdc,0.0,0.0,0.0,0.0,0.0,0.0,0.0,0.0,0.0,0.0,0.0,0.0,1100033,0,0,ntoskrnl.exe,func@0x1405e1fdc,[Unknown],0x1405e1fdc
func@0x1406a8ea0,0.0,0.0,0.0,0.0,0.0,0.0,0.0,0.0,0.0,0.0,0.0,0.0,0,1100033,0,nvlddmkm.sys,func@0x1406a8ea0,[Unknown],0x1406a8ea0
func@0x1406b2070,0.0,0.0,0.0,0.0,73.5,0.0,0.0,0.0,0.0,,,,3300099,1100033,0,ntoskrnl.exe,func@0x1406b2070,[Unknown],0x1406b2070
func@0x1406b5220,0.0,0.0,0.0,0.0,0.0,0.0,0.0,0.0,0.0,0.0,0.0,0.0,1100033,0,0,ntoskrnl.exe,func@0x1406b5220,[Unknown],0x1406b5220
func@0x140846520,0.0,0.0,0.0,100.0,0.0,0.0,0.0,0.0,0.0,0.0,0.0,0.0,0,0,0,ntoskrnl.exe,func@0x140846520,[Unknown],0x140846520
func@0x1408d65e0,0.0,0.0,0.0,0.0,0.0,0.0,0.0,0.0,0.0,0.0,0.0,0.0,0,1100033,0,ntoskrnl.exe,func@0x1408d65e0,[Unknown],0x1408d65e0
func@0x1408d93e0,0.0,0.0,0.0,0.0,0.0,0.0,0.0,0.0,0.0,0.0,0.0,0.0,0,1100033,0,ntoskrnl.exe,func@0x1408d93e0,[Unknown],0x1408d93e0
func@0x140916e52,0.0,0.0,0.0,0.0,0.0,0.0,0.0,0.0,0.0,0.0,0.0,0.0,0,1100033,0,ntoskrnl.exe,func@0x140916e52,[Unknown],0x140916e52
func@0x140c75580,0.0,0.0,0.0,0.0,0.0,0.0,0.0,0.0,0.0,0.0,0.0,0.0,1100033,0,0,nvlddmkm.sys,func@0x140c75580,[Unknown],0x140c75580
func@0x140ce4430,0.0,0.0,0.0,0.0,0.0,0.0,0.0,0.0,0.0,0.0,0.0,0.0,1100033,0,0,nvlddmkm.sys,func@0x140ce4430,[Unknown],0x140ce4430
func@0x140d01e7f,0.0,0.0,0.0,0.0,0.0,0.0,0.0,0.0,0.0,0.0,0.0,0.0,2200066,0,0,nvlddmkm.sys,func@0x140d01e7f,[Unknown],0x140d01e7f
func@0x140d01f60,0.0,0.0,0.0,0.0,0.0,0.0,0.0,0.0,0.0,0.0,0.0,0.0,2200066,0,0,nvlddmkm.sys,func@0x140d01f60,[Unknown],0x140d01f60
func@0x140d0a490,0.0,0.0,0.0,0.0,0.0,0.0,0.0,0.0,0.0,0.0,0.0,0.0,0,1100033,0,nvlddmkm.sys,func@0x140d0a490,[Unknown],0x140d0a490
func@0x140d0dc70,0.0,0.0,0.0,0.0,0.0,0.0,0.0,0.0,0.0,0.0,0.0,0.0,0,1100033,0,nvlddmkm.sys,func@0x140d0dc70,[Unknown],0x140d0dc70
func@0x140d0ea10,0.0,0.0,0.0,0.0,0.0,0.0,0.0,0.0,0.0,0.0,0.0,0.0,0,1100033,0,nvlddmkm.sys,func@0x140d0ea10,[Unknown],0x140d0ea10
func@0x180007850,0.0,0.0,0.0,0.0,0.0,0.0,0.0,0.0,0.0,0.0,0.0,0.0,0,400012,0,dbghelp.dll,func@0x180007850,[Unknown],0x180007850
func@0x180007fa0,0.0,0.0,0.0,0.0,0.0,0.0,0.0,0.0,0.0,0.0,0.0,0.0,0,1100033,0,fltmgr.sys,func@0x180007fa0,[Unknown],0x180007fa0
func@0x18000b520,0.0,0.0,0.0,0.0,0.0,0.0,0.0,0.0,0.0,0.0,0.0,0.0,2200066,1100033,0,fltmgr.sys,func@0x18000b520,[Unknown],0x18000b520
func@0x18000b710,0.0,0.0,0.0,0.0,0.0,0.0,0.0,0.0,0.0,,,,1500045,0,0,ntdll.dll,func@0x18000b710,[Unknown],0x18000b710
func@0x18000d860,0.0,0.0,0.0,0.0,0.0,0.0,0.0,0.0,0.0,0.0,0.0,0.0,1100033,0,0,fltmgr.sys,func@0x18000d860,[Unknown],0x18000d860
func@0x18000dfa0,0.0,0.0,0.0,0.0,0.0,0.0,0.0,0.0,0.0,0.0,0.0,0.0,1100033,0,0,fltmgr.sys,func@0x18000dfa0,[Unknown],0x18000dfa0
func@0x180013230,0.0,0.0,0.0,0.0,0.0,0.0,0.0,0.0,0.0,0.0,0.0,0.0,1100033,0,0,ucrtbase.dll,func@0x180013230,[Unknown],0x180013230
func@0x18001cf4a,0.0,0.0,0.0,0.0,0.0,0.0,0.0,0.0,0.0,0.0,0.0,0.0,1100033,0,0,ntdll.dll,func@0x18001cf4a,[Unknown],0x18001cf4a
func@0x18002d9a0,0.0,0.0,0.0,0.0,0.0,0.0,0.0,0.0,0.0,0.0,0.0,0.0,1100033,0,0,cng.sys,func@0x18002d9a0,[Unknown],0x18002d9a0
func@0x180032bf0,0.0,0.0,0.0,0.0,0.0,0.0,0.0,0.0,0.0,0.0,0.0,0.0,1100033,0,0,dbghelp.dll,func@0x180032bf0,[Unknown],0x180032bf0
func@0x18004cdc4,0.0,0.0,0.0,0.0,0.0,0.0,0.0,0.0,0.0,0.0,0.0,0.0,0,1100033,0,msvcp140.dll,func@0x18004cdc4,[Unknown],0x18004cdc4
func@0x18004e258,0.0,0.0,0.0,0.0,0.0,0.0,0.0,0.0,0.0,0.0,0.0,0.0,0,1100033,0,oleaut32.dll,func@0x18004e258,[Unknown],0x18004e258
func@0x1800846b1,0.0,0.0,0.0,0.0,0.0,0.0,0.0,0.0,0.0,0.0,0.0,0.0,0,1100033,0,ntdll.dll,func@0x1800846b1,[Unknown],0x1800846b1
func@0x1c0001dc0,0.0,0.0,0.0,0.0,0.0,0.0,0.0,0.0,0.0,0.0,0.0,0.0,0,1100033,0,fileinfo.sys,func@0x1c0001dc0,[Unknown],0x1c0001dc0
func@0x1d194,0.0,0.0,0.0,100.0,0.0,0.0,0.0,0.0,0.0,0.0,0.0,0.0,0,0,0,sepdrv5.sys,func@0x1d194,[Unknown],0x1d194
"log<int,0>",0.0,0.0,0.0,0.0,0.0,0.0,0.0,0.0,0.0,0.0,0.0,0.0,4400132,1100033,0,frankycpp_v1.8.exe,"log<int,0>(int)",cmath,0x14022e8b0
memset,0.0,0.0,0.0,0.0,0.0,0.0,0.0,0.0,0.0,0.0,0.0,0.0,0,1100033,0,vcruntime140.dll,memset,[Unknown],0x1800126e0
round,0.0,0.0,0.0,0.0,0.0,0.0,0.0,0.0,0.0,0.0,0.0,0.0,3300099,1100033,0,ucrtbase.dll,round,[Unknown],0x1800ab260
"std::_Copy_memmove<unsigned __int64 *,unsigned __int64 *>",0.0,0.0,0.0,0.0,0.0,0.0,0.0,0.0,0.0,0.0,0.0,0.0,0,1100033,0,frankycpp_v1.8.exe,"std::_Copy_memmove<unsigned __int64 *,unsigned __int64 *>(unsigned __int64 *,unsigned __int64 *,unsigned __int64 *)",xutility,0x140281380
std::_Copy_memmove_tail<unsigned __int64 *>,0.0,0.0,0.0,0.0,0.0,0.0,0.0,0.0,0.0,0.0,0.0,0.0,1100033,0,0,frankycpp_v1.8.exe,"std::_Copy_memmove_tail<unsigned __int64 *>(char const * const,unsigned __int64 * const,unsigned __int64,unsigned __int64)",xutility,0x1402825a0
"std::_Hash<class std::_Umap_traits<unsigned __int64,class book::BookEntry,class std::_Uhash_compare<unsigned __int64,struct std::hash<unsigned __int64>,struct std::equal_to<unsigned __int64> >,class std::allocator<struct std::pair<unsigned __int64 const ,class book::BookEntry> >,0> >::emplace<struct std::pair<unsigned __int64 const ,class book::BookEntry> >",0.0,0.0,0.0,0.0,0.0,0.0,0.0,0.0,0.0,0.0,0.0,0.0,0,1100033,0,frankycpp_v1.8.exe,"std::_Hash<class std::_Umap_traits<unsigned __int64,class book::BookEntry,class std::_Uhash_compare<unsigned __int64,struct std::hash<unsigned __int64>,struct std::equal_to<unsigned __int64> >,class std::allocator<struct std::pair<unsigned __int64 const ,class book::BookEntry> >,0> >::emplace<struct std::pair<unsigned __int64 const ,class book::BookEntry> >(struct std::pair<unsigned __int64 const ,class book::BookEntry> &&)",xhash,0x140288050
"std::_Hash<std::_Umap_traits<unsigned __int64,book::BookEntry,std::_Uhash_compare<unsigned __int64,std::hash<unsigned __int64>,std::equal_to<unsigned __int64> >,std::allocator<std::pair<unsigned __int64 const ,book::BookEntry> >,0> >::_Insert_new_node_before",0.0,0.0,0.0,0.0,0.0,0.0,0.0,0.0,0.0,0.0,0.0,0.0,2200066,0,0,frankycpp_v1.8.exe,"std::_Hash<std::_Umap_traits<unsigned __int64,book::BookEntry,std::_Uhash_compare<unsigned __int64,std::hash<unsigned __int64>,std::equal_to<unsigned __int64> >,std::allocator<std::pair<unsigned __int64 const ,book::BookEntry> >,0> >::_Insert_new_node_before",xhash,0x140288226
std::_Uninitialized_value_construct_n<class std::allocator<class chess::Move> >,0.0,0.0,0.0,0.0,0.0,0.0,0.0,0.0,0.0,0.0,0.0,0.0,1100033,0,0,frankycpp_v1.8.exe,"std::_Uninitialized_value_construct_n<class std::allocator<class chess::Move> >(class chess::Move *,unsigned __int64,class std::allocator<class chess::Move> &)",xmemory,0x140293a60
std::_Zero_range<unsigned __int64 *>,0.0,0.0,0.0,0.0,0.0,0.0,0.0,0.0,0.0,0.0,0.0,0.0,1100033,0,0,frankycpp_v1.8.exe,"std::_Zero_range<unsigned __int64 *>(unsigned __int64 * const,unsigned __int64 * const)",xmemory,0x140293b80
"std::array<chess::Bitboard,64>::operator[]",0.0,0.0,0.0,0.0,0.0,0.0,0.0,0.0,0.0,0.0,0.0,0.0,0,1100033,0,frankycpp_v1.8.exe,"std::array<chess::Bitboard,64>::operator[]",array,0x14026ab49
"std::array<chess::Bitboard,64>::operator[]",0.0,,0.0,0.0,0.0,0.0,0.0,0.0,0.0,,,,800024,0,0,frankycpp_v1.8.exe,"std::array<chess::Bitboard,64>::operator[]",array,0x14025d72e
"std::array<chess::Bitboard,64>::operator[]",0.0,0.0,0.0,0.0,0.0,0.0,0.0,0.0,0.0,0.0,0.0,0.0,400012,1100033,0,frankycpp_v1.8.exe,"std::array<chess::Bitboard,64>::operator[]",array,0x14025c46a
"std::array<chess::Bitboard,64>::operator[]",0.0,0.0,0.0,0.0,0.0,0.0,0.0,0.0,0.0,0.0,0.0,0.0,1100033,0,0,frankycpp_v1.8.exe,"std::array<chess::Bitboard,64>::operator[]",array,0x14026a7c2
"std::array<chess::Bitboard,64>::operator[]",0.0,0.0,0.0,0.0,0.0,0.0,0.0,0.0,0.0,,,,3300099,7700231,0,frankycpp_v1.8.exe,"std::array<chess::Bitboard,64>::operator[]",array,0x14029ea94
"std::array<chess::Bitboard,64>::operator[]",0.0,0.0,0.0,0.0,0.0,0.0,0.0,0.0,0.0,,,,1100033,0,0,frankycpp_v1.8.exe,"std::array<chess::Bitboard,64>::operator[]",array,0x1402215c2
"std::array<chess::Bitboard,8>::operator[]",0.0,0.0,0.0,0.0,0.0,0.0,0.0,0.0,0.0,0.0,0.0,0.0,1100033,7700231,0,frankycpp_v1.8.exe,"std::array<chess::Bitboard,8>::operator[]",array,0x140263971
"std::array<chess::HistoryState,1024>::operator[]",0.0,0.0,0.0,0.0,0.0,0.0,0.0,0.0,0.0,0.0,0.0,0.0,5500165,2200066,0,frankycpp_v1.8.exe,"std::array<chess::HistoryState,1024>::operator[]",array,0x14025c1a0
"std::array<chess::HistoryState,1024>::operator[]",0.0,0.0,0.0,0.0,0.0,0.0,0.0,0.0,0.0,0.0,0.0,0.0,2200066,1100033,0,frankycpp_v1.8.exe,"std::array<chess::HistoryState,1024>::operator[]",array,0x14025c0d7
"std::array<chess::Move,128>::operator[]",0.0,0.0,0.0,0.0,0.0,0.0,0.0,,0.0,,,,0,2200066,0,frankycpp_v1.8.exe,"std::array<chess::Move,128>::operator[]",array,0x14021f2d3
"std::array<chess::Value,25>::operator[]",0.0,0.0,0.0,0.0,0.0,0.0,0.0,0.0,0.0,0.0,0.0,0.0,1100033,0,0,frankycpp_v1.8.exe,"std::array<chess::Value,25>::operator[]",array,0x140263eb4
"std::array<chess::Value,25>::operator[]",0.0,0.0,0.0,0.0,0.0,0.0,0.0,0.0,0.0,,,,2200066,0,0,frankycpp_v1.8.exe,"std::array<chess::Value,25>::operator[]",array,0x140264012
"std::array<chess::Value,25>::operator[]",0.0,0.0,0.0,0.0,0.0,0.0,0.0,0.0,0.0,0.0,0.0,0.0,1100033,0,0,frankycpp_v1.8.exe,"std::array<chess::Value,25>::operator[]",array,0x140263e71
"std::array<engine::PlyInfo,128>::operator[]",0.0,0.0,0.0,0.0,0.0,0.0,0.0,0.0,0.0,0.0,0.0,0.0,2200066,1100033,0,frankycpp_v1.8.exe,"std::array<engine::PlyInfo,128>::operator[]",array,0x14021f966
"std::array<std::array<chess::Bitboard,64>,8>::operator[]",0.0,0.0,0.0,0.0,0.0,0.0,0.0,0.0,0.0,0.0,0.0,0.0,1100033,0,0,frankycpp_v1.8.exe,"std::array<std::array<chess::Bitboard,64>,8>::operator[]",array,0x140269f81
"std::array<std::array<chess::Move,128>,128>::operator[]",0.0,0.0,0.0,0.0,0.0,0.0,0.0,0.0,0.0,0.0,0.0,0.0,0,1100033,0,frankycpp_v1.8.exe,"std::array<std::array<chess::Move,128>,128>::operator[]",array,0x140213d22
"std::array<std::array<int,64>,64>::operator[]",0.0,0.0,0.0,0.0,0.0,0.0,0.0,0.0,0.0,0.0,0.0,0.0,2200066,1100033,0,frankycpp_v1.8.exe,"std::array<std::array<int,64>,64>::operator[]",array,0x140220a42
"std::basic_filebuf<char,std::char_traits<char> >::_Reset_back",0.0,0.0,0.0,0.0,0.0,0.0,0.0,0.0,0.0,0.0,0.0,0.0,0,2200066,0,frankycpp_v1.8.exe,"std::basic_filebuf<char,std::char_traits<char> >::_Reset_back",__msvc_filebuf.hpp,0x14011a607
"std::basic_filebuf<char,struct std::char_traits<char> >::xsgetn",0.0,0.0,0.0,0.0,0.0,0.0,0.0,0.0,0.0,0.0,0.0,0.0,12100363,14300429,0,frankycpp_v1.8.exe,"std::basic_filebuf<char,struct std::char_traits<char> >::xsgetn(char * __ptr64,__int64)",__msvc_filebuf.hpp,0x14011a550
"std::basic_streambuf<char,std::char_traits<char> >::_Gnavail",0.0,0.0,0.0,0.0,0.0,0.0,0.0,0.0,0.0,0.0,0.0,0.0,7700231,1100033,0,frankycpp_v1.8.exe,"std::basic_streambuf<char,std::char_traits<char> >::_Gnavail",streambuf,0x14011a59f
"std::basic_streambuf<char,std::char_traits<char> >::eback",0.0,0.0,0.0,0.0,0.0,0.0,0.0,0.0,0.0,0.0,0.0,0.0,1100033,0,0,frankycpp_v1.8.exe,"std::basic_streambuf<char,std::char_traits<char> >::eback",streambuf,0x14011a607
"std::basic_streambuf<char,std::char_traits<char> >::gbump",0.0,0.0,0.0,0.0,0.0,0.0,0.0,0.0,0.0,0.0,0.0,0.0,8800264,2200066,0,frankycpp_v1.8.exe,"std::basic_streambuf<char,std::char_traits<char> >::gbump",streambuf,0x14011a5de
std::equal_to<unsigned __int64>::operator(),0.0,0.0,0.0,0.0,0.0,0.0,0.0,0.0,0.0,0.0,0.0,0.0,1100033,0,0,frankycpp_v1.8.exe,std::equal_to<unsigned __int64>::operator(),xutility,0x1402880a4
std::locale::facet::_Decref,0.0,0.0,0.0,0.0,0.0,0.0,0.0,0.0,0.0,0.0,0.0,0.0,1100033,0,0,msvcp140.dll,std::locale::facet::_Decref(void),[Unknown],0x180005a00
std::max,0.0,0.0,0.0,0.0,0.0,0.0,0.0,0.0,0.0,0.0,0.0,0.0,2600078,2200066,0,frankycpp_v1.8.exe,std::max,utility,0x14021f37c
std::max,0.0,0.0,0.0,0.0,0.0,0.0,0.0,,0.0,,,,400012,0,0,frankycpp_v1.8.exe,std::max,utility,0x140220d93
std::min,0.0,0.0,0.0,0.0,0.0,0.0,0.0,0.0,0.0,0.0,0.0,0.0,5500165,0,0,frankycpp_v1.8.exe,std::min,utility,0x14011a5c9
std::min,0.0,0.0,0.0,0.0,0.0,0.0,0.0,0.0,0.0,0.0,0.0,0.0,1100033,0,0,frankycpp_v1.8.exe,std::min,utility,0x14021f38c
std::min,0.0,0.0,0.0,0.0,0.0,0.0,0.0,0.0,0.0,,,,0,400012,0,frankycpp_v1.8.exe,std::min,utility,0x140220da0
"std::num_put<char,class std::ostreambuf_iterator<char,struct std::char_traits<char> > >::_Iput",0.0,0.0,0.0,0.0,0.0,0.0,0.0,0.0,0.0,0.0,0.0,0.0,2200066,0,0,msvcp140.dll,"std::num_put<char,class std::ostreambuf_iterator<char,struct std::char_traits<char> > >::_Iput(class std::ostreambuf_iterator<char,struct std::char_traits<char> >,class std::ios_base & __ptr64,char,char * __ptr64,unsigned __int64)",[Unknown],0x18000e7c0
std::operator<<<struct std::char_traits<char> >,0.0,0.0,0.0,0.0,0.0,0.0,0.0,0.0,0.0,0.0,0.0,0.0,1100033,0,0,frankycpp_v1.8.exe,"std::operator<<<struct std::char_traits<char> >(class std::basic_ostream<char,struct std::char_traits<char> > &,char)",__msvc_ostream.hpp,0x1401a3a90
std::popcount,0.0,0.0,0.0,0.0,0.0,0.0,0.0,0.0,0.0,,,,400012,1100033,0,frankycpp_v1.8.exe,std::popcount,bit,0x14026b283
std::popcount,0.0,0.0,0.0,0.0,0.0,0.0,0.0,0.0,0.0,0.0,0.0,0.0,1100033,0,0,frankycpp_v1.8.exe,std::popcount,bit,0x14026b190
std::popcount,0.0,0.0,0.0,0.0,0.0,0.0,0.0,0.0,0.0,0.0,0.0,0.0,1100033,2200066,0,frankycpp_v1.8.exe,std::popcount,bit,0x14026a0c8
std::popcount,0.0,0.0,0.0,0.0,0.0,0.0,0.0,0.0,0.0,0.0,0.0,0.0,1100033,4400132,0,frankycpp_v1.8.exe,std::popcount,bit,0x14026303b
std::popcount,0.0,0.0,0.0,0.0,0.0,0.0,0.0,0.0,0.0,0.0,0.0,0.0,0,1100033,0,frankycpp_v1.8.exe,std::popcount,bit,0x14026b4bd
std::ranges::_Guess_median_common,0.0,0.0,0.0,0.0,0.0,0.0,0.0,0.0,0.0,,,,2200066,2200066,0,frankycpp_v1.8.exe,std::ranges::_Guess_median_common,algorithm,0x140264343
std::ranges::_Swap::_Cpo::operator(),0.0,0.0,0.0,0.0,0.0,0.0,0.0,0.0,0.0,0.0,0.0,0.0,1100033,0,0,frankycpp_v1.8.exe,std::ranges::_Swap::_Cpo::operator(),concepts,0x140264507
std::ranges::_Swap::_Cpo::operator(),0.0,0.0,0.0,0.0,0.0,0.0,0.0,0.0,0.0,0.0,0.0,0.0,1100033,0,0,frankycpp_v1.8.exe,std::ranges::_Swap::_Cpo::operator(),concepts,0x140265148
std::ranges::_Swap::_Cpo::operator(),0.0,0.0,0.0,0.0,0.0,0.0,0.0,0.0,0.0,0.0,0.0,0.0,1100033,0,0,frankycpp_v1.8.exe,std::ranges::_Swap::_Cpo::operator(),concepts,0x14026515e
"std::unique_ptr<engine::PawnTT::Entry [0],std::default_delete<engine::PawnTT::Entry [0]> >::operator[]",0.0,0.0,0.0,0.0,100.0,0.0,0.0,,0.0,,,,0,2200066,0,frankycpp_v1.8.exe,"std::unique_ptr<engine::PawnTT::Entry [0],std::default_delete<engine::PawnTT::Entry [0]> >::operator[]",memory,0x140267579
"std::unique_ptr<engine::TT::TTCluster [0],std::default_delete<engine::TT::TTCluster [0]> >::operator[]",0.0,0.0,0.0,0.0,0.0,0.0,0.0,0.0,0.0,,,,6600198,1100033,0,frankycpp_v1.8.exe,"std::unique_ptr<engine::TT::TTCluster [0],std::default_delete<engine::TT::TTCluster [0]> >::operator[]",memory,0x14026d3ad
"std::vector<boost::archive::detail::basic_iarchive_impl::aobject,std::allocator<boost::archive::detail::basic_iarchive_impl::aobject> >::size",0.0,0.0,0.0,0.0,0.0,0.0,0.0,0.0,0.0,0.0,0.0,0.0,1100033,0,0,frankycpp_v1.8.exe,"std::vector<boost::archive::detail::basic_iarchive_impl::aobject,std::allocator<boost::archive::detail::basic_iarchive_impl::aobject> >::size",vector,0x1402aefa7
"std::vector<boost::archive::detail::basic_iarchive_impl::cobject_id,std::allocator<boost::archive::detail::basic_iarchive_impl::cobject_id> >::operator[]",0.0,0.0,0.0,0.0,0.0,0.0,0.0,0.0,0.0,0.0,0.0,0.0,1100033,0,0,frankycpp_v1.8.exe,"std::vector<boost::archive::detail::basic_iarchive_impl::cobject_id,std::allocator<boost::archive::detail::basic_iarchive_impl::cobject_id> >::operator[]",vector,0x1402af8ac
"std::vector<chess::Move,std::allocator<chess::Move> >::resize",0.0,0.0,0.0,0.0,0.0,0.0,0.0,0.0,0.0,0.0,0.0,0.0,2200066,0,0,frankycpp_v1.8.exe,"std::vector<chess::Move,std::allocator<chess::Move> >::resize",vector,0x140292762
"std::vector<class chess::Move,class std::allocator<class chess::Move> >::_Change_array",0.0,0.0,0.0,0.0,0.0,0.0,0.0,0.0,0.0,0.0,0.0,0.0,2200066,0,0,frankycpp_v1.8.exe,"std::vector<class chess::Move,class std::allocator<class chess::Move> >::_Change_array(class chess::Move * const,unsigned __int64,unsigned __int64)",vector,0x1402807c0
"std::vector<unsigned __int64,class std::allocator<unsigned __int64> >::_Change_array",0.0,0.0,0.0,0.0,0.0,0.0,0.0,0.0,0.0,0.0,0.0,0.0,1100033,0,0,frankycpp_v1.8.exe,"std::vector<unsigned __int64,class std::allocator<unsigned __int64> >::_Change_array(unsigned __int64 * const,unsigned __int64,unsigned __int64)",vector,0x140280630
"std::vector<unsigned __int64,std::allocator<unsigned __int64> >::resize",0.0,0.0,0.0,0.0,0.0,0.0,0.0,0.0,0.0,0.0,0.0,0.0,0,2200066,0,frankycpp_v1.8.exe,"std::vector<unsigned __int64,std::allocator<unsigned __int64> >::resize",vector,0x1402929ac
"std::vector<unsigned __int64,std::allocator<unsigned __int64> >::size",0.0,0.0,0.0,0.0,0.0,0.0,0.0,0.0,0.0,0.0,0.0,0.0,1100033,0,0,frankycpp_v1.8.exe,"std::vector<unsigned __int64,std::allocator<unsigned __int64> >::size",vector,0x14029295e
