Function,CPU Time,CPU Time:Effective Time,CPU Time:Spin Time,CPU Time:Overhead Time,Memory Bound(%),Memory Bound:Performance-core (P-core):Memory Bound(%),Memory Bound:Performance-core (P-core):Memory Bound:L1 Bound(%),Memory Bound:Performance-core (P-core):Memory Bound:L2 Bound(%),Memory Bound:Performance-core (P-core):Memory Bound:L3 Bound(%),Memory Bound:Performance-core (P-core):Memory Bound:DRAM Bound(%),Memory Bound:Efficient-core (E-core):Memory Bound(%),Memory Bound:Efficient-core (E-core):Memory Bound:L1 Bound(%),Memory Bound:Efficient-core (E-core):Memory Bound:L2 Bound(%),Memory Bound:Efficient-core (E-core):Memory Bound:L3 Bound(%),Memory Bound:Efficient-core (E-core):Memory Bound:DRAM Bound(%),Vectorization(%),Vectorization:% of FP Ops(%),Vectorization:FP Ops: Packed(%),Vectorization:FP Ops: Scalar(%),Vectorization:Vector Instruction Set,Vectorization:Loop Type,Instructions Retired,CPI Rate,Average CPU Frequency
"std::_Atomic_storage<unsigned __int64,8>::load",2.851807,2.851807,0.0,0.0,61.3,61.3,3.2,0.0,1.8,68.4,67.4,1.4,0.4,0.0,0.0,0.0,0.0,0.0,0.0,,,6864540000,2.261780,5444294663.764376
TT::clear::__l2::<lambda_1>::operator(),1.876873,1.876873,0.0,0.0,70.6,70.6,0.3,1.0,51.7,24.0,59.2,0.3,1.5,1.9,19.4,0.0,0.0,0.0,0.0,,,3324450000,2.800901,4961152767.984017
TT::ageEntries::__l2::<lambda_1>::operator(),1.522897,1.522897,0.0,0.0,78.7,78.7,0.0,1.1,35.5,48.9,88.3,0.7,1.1,1.4,22.4,0.0,0.0,0.0,0.0,,,2210310000,3.252033,4719950992.514773
Attacks::`anonymous namespace'::sliderLookup,1.409905,1.409905,0.0,0.0,10.3,10.3,7.1,0.3,0.0,11.7,21.9,2.8,3.6,0.2,0.2,0.0,0.0,0.0,0.0,,,19497450000,0.393548,5442346186.885107
Attacks::attacks,0.804946,0.804946,0.0,0.0,6.3,6.3,5.1,0.0,0.7,7.2,6.0,0.0,0.9,0.6,9.7,0.0,0.0,0.0,0.0,,,13456535000,0.344981,5767159580.993789
PawnTT::clear::__l2::<lambda_1>::operator(),0.489967,0.489967,0.0,0.0,78.5,78.5,8.7,0.0,0.0,4.7,60.3,0.0,0.0,0.0,0.0,0.0,0.0,0.0,0.0,,,596005000,3.678392,4474465378.138775
"std::_Atomic_address_as<__int64,std::_Atomic_padded<unsigned __int64> >",0.357976,0.357976,0.0,0.0,69.8,69.8,14.0,0.0,5.0,0.8,56.1,0.0,0.3,0.3,4.8,0.0,0.0,0.0,0.0,,,1808980000,1.023179,5170488772.659218
[Loop at line 1542 in Search::search],0.338977,0.338977,0.0,0.0,1.4,1.4,9.1,2.9,0.0,0.9,12.3,6.5,0.0,0.0,0.0,0.0,0.0,0.0,0.0,,,4582350000,0.391503,5292407487.215339
Search::thread,0.322978,0.322978,0.0,0.0,16.5,16.5,3.9,0.0,1.8,19.6,74.0,100.0,0.0,0.0,0.0,0.0,0.0,0.0,0.0,,,2252240000,0.878989,6129500546.978329
Search::thread,0.318978,0.318978,0.0,0.0,21.4,21.4,5.5,0.0,5.2,16.6,56.9,52.7,0.0,0.0,0.0,0.0,0.0,0.0,0.0,,,2132440000,0.705056,4713453045.354232
MoveGenerator::getNextPseudoLegalMove,0.288980,0.288980,0.0,0.0,2.6,2.6,5.9,2.2,0.4,1.1,0.8,3.2,0.0,0.0,0.0,0.0,0.5,0.0,100.0,,,3749740000,0.386581,5016186440.332180
Position::givesCheck,0.251983,0.251983,0.0,0.0,2.0,2.0,5.0,2.3,0.4,0.0,5.0,5.0,3.3,1.1,0.6,0.0,0.0,0.0,0.0,,,3668875000,0.369796,5384232587.309524
Search::qsearch,0.231984,0.231984,0.0,0.0,7.7,7.7,4.5,0.0,3.3,5.7,2.7,0.0,0.0,0.4,6.4,0.0,0.0,0.0,0.0,,,1641260000,0.779197,5512721353.094828
[Loop at line 2076 in Search::qsearch],0.212986,0.212986,0.0,0.0,12.6,12.6,0.0,0.9,0.0,20.6,20.9,25.0,0.0,0.0,0.0,0.0,0.0,0.0,0.0,,,1961725000,0.593893,5470111122.187793
Evaluator::pieceEval,0.198987,0.198987,0.0,0.0,0.8,0.8,10.5,0.5,0.0,1.4,3.2,3.2,4.5,1.3,0.6,0.0,0.6,0.0,100.0,,,4028275000,0.294424,5960301932.984924
Evaluator::rookEval,0.196987,0.196987,0.0,0.0,0.0,0.0,2.2,0.0,0.5,0.5,0.0,0.0,0.0,0.0,0.0,0.0,0.0,0.0,0.0,,,3066880000,0.317383,4941323482.487309
[Loop at line 604 in MoveGenerator::updateSortValues],0.188987,0.188987,0.0,0.0,1.7,1.7,5.6,2.6,2.0,6.1,10.5,0.0,8.4,1.1,1.1,0.0,0.0,0.0,0.0,,,2698495000,0.382908,5467432649.365079
"std::_Atomic_storage<unsigned __int64,8>::store",0.186987,0.186987,0.0,0.0,74.6,74.6,19.0,0.0,0.0,0.0,37.6,0.0,0.0,0.0,0.0,0.0,0.0,0.0,0.0,,,610980000,1.681373,5493873616.374331
MoveGenerator::fillOnDemandMoveList,0.177988,0.177988,0.0,0.0,0.9,0.9,5.1,0.5,0.5,0.5,7.7,0.0,0.0,0.0,1.5,0.0,0.4,0.0,100.0,,,2659560000,0.416667,6225982171.797752
Evaluator::evaluate,0.169989,0.169989,0.0,0.0,13.0,13.0,5.1,0.0,4.4,5.1,14.6,0.0,0.0,0.0,0.0,0.0,0.6,0.0,100.0,AVX(128),,3585015000,0.229741,4845180084.411765
[Loop at line 414 in Evaluator::kingEval],0.168989,0.168989,0.0,0.0,0.0,0.0,2.1,0.0,0.0,0.5,0.0,0.0,0.0,0.0,0.0,0.0,0.0,0.0,0.0,,,2962055000,0.328615,5760004296.153847
Position::removePiece,0.167989,0.167989,0.0,0.0,2.2,2.2,0.0,1.0,0.0,1.5,5.0,8.3,0.0,0.0,1.7,0.0,0.0,0.0,0.0,,,2416965000,0.423792,6097375976.357142
"std::_Atomic_storage<unsigned __int64,8>::load",0.153990,0.153990,0.0,0.0,64.3,64.3,4.8,12.2,0.0,65.0,94.8,26.7,1.3,0.0,0.0,0.0,1.3,0.0,100.0,,,772710000,1.282946,6437739866.584415
Position::doMove,0.151990,0.151990,0.0,0.0,0.9,0.9,4.3,2.5,1.2,0.6,0.0,0.0,0.0,0.0,0.0,0.0,0.0,0.0,0.0,,,2282190000,0.376640,5655414744.460526
TT::put,0.147990,0.147990,0.0,0.0,0.0,0.0,19.3,0.0,1.5,0.0,5.0,0.0,5.0,0.0,0.0,0.0,0.0,0.0,0.0,,,1551410000,0.442085,4634468321.527027
Search::search,0.134991,0.134991,0.0,0.0,9.5,9.5,3.2,0.0,1.3,4.5,25.8,14.3,0.7,2.1,7.9,0.0,1.6,0.0,100.0,,,1305820000,0.612385,5923844418.355556
[Loop at line 827 in MoveGenerator::generateMoves],0.132991,0.132991,0.0,0.0,2.2,2.2,11.2,0.0,0.0,0.0,0.0,0.0,1.4,0.0,1.4,0.0,0.0,0.0,0.0,,,1925785000,0.393468,5697640339.864661
Position::putPiece,0.131991,0.131991,0.0,0.0,0.0,0.0,10.5,0.0,0.6,1.2,8.6,0.0,0.0,0.0,0.0,0.0,0.0,0.0,0.0,,,1904820000,0.448113,6466913914.318182
std::_Checked_x86_x64_countr_zero<unsigned __int64>,0.131991,0.131991,0.0,0.0,2.2,2.2,0.0,2.3,0.0,2.3,0.0,0.0,0.0,0.0,0.0,0.0,0.0,0.0,0.0,,,2452905000,0.272283,5060076501.378788
Position::isAttacked,0.127991,0.127991,0.0,0.0,26.4,26.4,0.0,0.0,4.7,26.1,7.2,0.0,0.0,0.0,8.3,0.0,0.0,0.0,0.0,,,1704155000,0.395431,5265003926.953125
"[Loop at line 8440 in std::ranges::_Insertion_sort_common<Move *,moveValueGreaterComparator,std::identity>]",0.116992,0.116992,0.0,0.0,0.0,0.0,12.6,0.0,0.9,0.0,0.0,0.0,0.0,0.0,0.0,0.0,0.0,0.0,0.0,,,1075205000,0.532033,4889603646.957265
"std::_Atomic_storage<unsigned __int64,8>::store",0.100993,0.100993,0.0,0.0,48.8,48.8,7.0,0.0,7.0,4.2,36.9,4.0,0.2,0.0,45.7,0.0,0.0,0.0,0.0,,,1030280000,0.421512,4300042811.188119
"std::_Atomic_address_as<__int64,std::_Atomic_padded<unsigned __int64> >",0.097993,0.097993,0.0,0.0,31.2,31.2,12.6,0.0,19.4,16.0,26.4,0.0,0.7,0.2,44.8,0.0,0.0,0.0,0.0,,,1084190000,0.466851,5165195689.244898
Evaluator::queenEval,0.089994,0.089994,0.0,0.0,4.9,4.9,4.9,0.0,0.8,2.5,20.0,0.0,8.0,4.0,0.0,0.0,0.0,0.0,0.0,,,2231275000,0.279195,6922245163.022222
"[Loop at line 8440 in std::ranges::_Insertion_sort_common<Move *,moveValueGreaterComparator,std::identity>]",0.087994,0.087994,0.0,0.0,1.6,1.6,6.3,0.0,0.0,0.0,0.0,0.0,3.3,0.0,0.0,0.0,0.0,0.0,0.0,,,928450000,0.532258,5616004188.750000
Position::undoMove,0.086994,0.086994,0.0,0.0,0.0,0.0,7.0,0.0,0.0,0.0,2.2,0.0,0.0,0.0,0.0,0.0,0.0,0.0,0.0,,,922460000,0.496753,5267424618.413793
Evaluator::kingEval,0.082994,0.082994,0.0,0.0,0.0,0.0,11.6,1.1,0.0,0.0,10.0,0.0,0.0,0.0,0.0,0.0,0.0,0.0,0.0,,,1458565000,0.328542,5773883824.578313
Position::wasLegalMove,0.082994,0.082994,0.0,0.0,0.0,0.0,1.2,1.2,0.0,0.0,2.9,0.0,0.0,0.0,0.0,0.0,0.0,0.0,0.0,,,1515470000,0.278656,5088235120.409638
Evaluator::bishopEval,0.080995,0.080995,0.0,0.0,0.0,0.0,7.0,1.0,0.0,0.0,0.0,0.0,3.3,0.0,0.0,0.0,1.1,0.0,100.0,,,1773040000,0.290541,6360182521.580247
MoveGenerator::updateSortValues,0.077995,0.077995,0.0,0.0,0.0,0.0,12.0,1.3,0.0,0.0,,0.0,0.0,0.0,5.0,0.0,0.0,0.0,0.0,,,931445000,0.414791,4953603694.692307
[Loop at line 823 in MoveGenerator::generateMoves],0.075995,0.075995,0.0,0.0,0.0,0.0,13.7,2.0,0.0,0.0,0.0,0.0,0.0,0.0,0.0,0.0,0.0,0.0,0.0,,,640930000,0.434579,3665181681.078947
Move::encode,0.072995,0.072995,0.0,0.0,2.3,2.3,21.1,0.0,0.0,4.9,13.4,0.0,0.0,0.0,0.0,0.0,0.0,0.0,0.0,,,688850000,0.473913,4472288267.205480
MoveGenerator::generatePawnMoves,0.070995,0.070995,0.0,0.0,0.0,0.0,4.1,1.4,0.0,2.7,14.3,0.0,0.0,0.0,0.0,0.0,2.2,0.0,100.0,,,880530000,0.438776,5441987157.549295
Bitboard::operator^=,0.068995,0.068995,0.0,0.0,0.0,0.0,7.1,0.0,0.0,0.0,0.0,0.0,0.0,0.0,0.0,0.0,0.0,0.0,0.0,,,1033275000,0.426087,6381083020.260870
std::_Checked_popcount<unsigned __int64>,0.067995,0.067995,0.0,0.0,8.3,8.3,0.0,1.4,1.4,5.7,0.0,0.0,0.0,0.0,0.0,0.0,0.7,0.0,100.0,,,1464555000,0.247444,5329698092.852941
Bitboard::shifted,0.062996,0.062996,0.0,0.0,0.0,0.0,9.7,1.9,0.0,1.9,0.0,0.0,0.0,0.0,0.0,0.0,0.0,0.0,0.0,,,1096170000,0.245902,4278860334.285714
"std::array<int,64>::operator[]",0.062996,0.062996,0.0,0.0,0.0,0.0,11.3,0.0,1.4,0.0,0.0,0.0,0.0,0.0,0.0,0.0,0.0,0.0,0.0,,,730780000,0.491803,5705147112.380952
TT::probe,0.060996,0.060996,0.0,0.0,28.6,28.6,0.0,13.2,0.0,46.3,50.1,0.0,0.0,0.0,9.4,0.0,0.0,0.0,0.0,,,284525000,1.105263,5155675976.557377
Search::storeTt,0.057996,0.057996,0.0,0.0,4.3,4.3,7.6,0.0,0.0,0.0,0.0,0.0,4.0,0.0,0.0,0.0,0.0,0.0,0.0,,,488185000,0.570552,4802651857.965517
[Loop at line 501 in MoveGenerator::fillOnDemandMoveList],0.055996,0.055996,0.0,0.0,4.5,4.5,3.6,0.0,0.0,0.0,0.0,0.0,0.0,0.0,0.0,0.0,0.0,0.0,0.0,,,718800000,0.395833,5081146646.964286
MoveGenerator::generateKingMoves,0.052996,0.052996,0.0,0.0,0.0,0.0,10.7,0.0,1.8,0.0,0.0,0.0,0.0,0.0,0.0,0.0,0.0,0.0,0.0,,,554075000,0.524324,5481785220.716981
std::popcount,0.050997,0.050997,0.0,0.0,0.0,0.0,10.7,0.0,0.0,0.0,0.0,0.0,0.0,0.0,0.0,0.0,0.0,0.0,0.0,,,685855000,0.410480,5520568823.450980
"[Loop at line 1188 in std::_For_each_ivdep<PawnTT::Entry *,`PawnTT::clear'::`2'::<lambda_1> >]",0.049997,0.049997,0.0,0.0,100.0,100.0,9.8,0.0,0.0,4.9,26.1,0.0,0.9,0.0,0.0,0.0,0.0,0.0,0.0,,,74875000,3.240000,4852227619.080000
"[Loop at line 1188 in std::_For_each_ivdep<TT::Entry *,`TT::clear'::`2'::<lambda_1> >]",0.049997,0.049997,0.0,0.0,38.5,38.5,0.0,18.5,0.0,13.9,60.6,5.4,0.6,0.1,24.3,0.0,0.0,0.0,0.0,,,461230000,0.474026,4372995261.640000
Evaluator::knightEval,0.048997,0.048997,0.0,0.0,0.0,0.0,21.2,0.0,0.0,2.4,0.0,0.0,3.7,3.7,1.9,0.0,0.9,0.0,100.0,,,982360000,0.234756,4706746367.714286
See::see,0.047997,0.047997,0.0,0.0,3.6,3.6,3.7,0.0,0.0,0.0,0.0,0.0,6.7,6.7,13.4,0.0,0.0,0.0,0.0,,,622960000,0.451923,5865604374.916666
Bitboard::operator bool,0.046997,0.046997,0.0,0.0,0.0,0.0,13.6,0.0,0.0,0.0,0.0,0.0,10.0,0.0,0.0,0.0,0.0,0.0,0.0,,,820630000,0.364964,6372770710.638298
Position::getPieceBb,0.046997,0.046997,0.0,0.0,3.0,3.0,4.7,0.0,0.0,2.4,0.0,0.0,0.0,0.0,0.0,0.0,0.0,0.0,0.0,,,1018300000,0.223529,4843305740.085106
Search::sendSearchUpdateToUci,0.046997,0.046997,0.0,0.0,5.0,5.0,0.0,4.8,9.5,0.0,52.1,80.1,0.0,0.0,8.0,0.0,0.0,0.0,0.0,,,107820000,2.083333,4779578032.978724
See::attacksTo,0.045997,0.045997,0.0,0.0,3.1,3.1,0.0,0.0,0.0,1.9,4.2,0.0,0.0,0.0,0.0,0.0,0.0,0.0,0.0,,,1069215000,0.257703,5990404468.000000
[Loop at line 53 in See::see],0.045997,0.045997,0.0,0.0,0.0,0.0,0.0,1.6,0.0,0.0,0.0,0.0,0.0,5.0,5.0,0.0,0.0,0.0,0.0,,,1081195000,0.299169,7032213940.695653
"std::array<Bitboard,64>::operator[]",0.045997,0.045997,0.0,0.0,21.7,21.7,0.0,7.6,0.0,15.2,0.0,0.0,,,,0.0,0.0,0.0,0.0,,,545090000,0.362637,4297464074.869565
MoveGenerator::generateMoves,0.043997,0.043997,0.0,0.0,0.0,0.0,9.3,3.1,0.0,0.0,20.0,0.0,10.0,0.0,0.0,0.0,0.0,0.0,0.0,,,613975000,0.273171,3812075570.545455
Square::{ctor},0.042997,0.042997,0.0,0.0,0.0,0.0,10.0,0.0,0.0,0.0,,0.0,0.0,0.0,0.0,0.0,0.0,0.0,0.0,,,479200000,0.418750,4666943015.767442
makePiece,0.042997,0.042997,0.0,0.0,0.0,0.0,5.0,0.0,0.0,0.0,0.0,0.0,0.0,0.0,0.0,0.0,0.0,0.0,0.0,,,697835000,0.296137,4806254747.581395
moveValueGreaterComparator::operator(),0.042997,0.042997,0.0,0.0,0.0,0.0,19.9,0.0,0.0,0.0,0.0,0.0,0.0,0.0,0.0,0.0,0.0,0.0,0.0,,,715805000,0.364017,6060060333.906977
std::_Unchecked_popcount<unsigned __int64>,0.042997,0.042997,0.0,0.0,0.0,0.0,13.9,0.0,2.3,0.0,0.0,0.0,0.0,20.0,0.0,0.0,0.0,0.0,0.0,,,700830000,0.311966,5084878211.209302
"[Loop at line 1188 in std::_For_each_ivdep<TT::Entry *,`TT::ageEntries'::`2'::<lambda_1> >]",0.041997,0.041997,0.0,0.0,60.0,60.0,62.6,7.0,20.9,7.0,34.5,1.7,0.1,0.1,30.9,0.0,0.0,0.0,0.0,,,338435000,0.725664,5847775790.190476
"std::array<unsigned __int64,64>::operator[]",0.041997,0.041997,0.0,0.0,0.0,0.0,7.8,0.0,0.0,0.0,0.0,0.0,0.0,0.0,0.0,0.0,0.0,0.0,0.0,,,643925000,0.400000,6133033145.809524
Bitboard::operator|=,0.039997,0.039997,0.0,0.0,0.0,0.0,13.9,0.0,0.0,0.0,0.0,0.0,0.0,0.0,0.0,0.0,0.0,0.0,0.0,,,461230000,0.487013,5616004188.750000
operator*,0.038997,0.038997,0.0,0.0,0.0,0.0,0.0,0.0,0.0,0.0,0.0,0.0,0.0,0.0,0.0,0.0,0.0,0.0,0.0,,,766720000,0.246094,4838403608.769231
See::revealedAttacks,0.037997,0.037997,0.0,0.0,0.0,0.0,4.7,0.0,0.0,0.0,0.0,0.0,0.0,0.0,0.0,0.0,0.0,0.0,0.0,,,655905000,0.347032,5990404468.000000
_chkstk,0.035998,0.035998,0.0,0.0,0.0,0.0,0.0,0.0,5.8,0.0,5.0,0.0,0.0,0.0,0.0,0.0,0.0,0.0,0.0,,,356405000,0.504202,4992003723.333334
operator<,0.035998,0.035998,0.0,0.0,4.5,4.5,9.3,0.0,0.0,0.0,0.0,0.0,0.0,0.0,0.0,0.0,0.0,0.0,0.0,,,712810000,0.310924,6156804592.111111
Position::movePiece,0.034998,0.034998,0.0,0.0,4.3,4.3,6.1,0.0,3.0,0.0,1.8,0.0,30.1,0.0,0.0,0.0,0.0,0.0,0.0,,,470215000,0.363057,4877900781.085714
std::countr_zero,0.032998,0.032998,0.0,0.0,0.0,0.0,4.1,4.1,0.0,0.0,0.0,0.0,0.0,0.0,0.0,0.0,0.0,0.0,0.0,,,407320000,0.308824,3812075570.545455
"std::ranges::_Insertion_sort_common<Move *,moveValueGreaterComparator,std::identity>",0.032998,0.032998,0.0,0.0,0.0,0.0,7.8,0.0,0.0,0.0,,0.0,0.0,0.0,0.0,0.0,0.0,0.0,0.0,,,350415000,0.393162,4175130386.787879
_security_check_cookie,0.031998,0.031998,0.0,0.0,0.0,0.0,9.8,0.0,0.0,3.3,20.0,0.0,0.0,0.0,0.0,0.0,0.0,0.0,0.0,,,428285000,0.377622,5054403769.875000
operator&,0.031998,0.031998,0.0,0.0,0.0,0.0,3.8,3.8,0.0,0.0,0.0,0.0,0.0,0.0,0.0,0.0,0.0,0.0,0.0,,,416305000,0.330935,4305603211.375000
"std::array<std::array<unsigned __int64,64>,16>::operator[]",0.029998,0.029998,0.0,0.0,0.0,0.0,5.7,0.0,0.0,0.0,0.0,0.0,0.0,0.0,0.0,0.0,0.0,0.0,0.0,,,320465000,0.551402,5890564393.533333
[Loop at line 692 in MoveGenerator::generatePawnMoves],0.028998,0.028998,0.0,0.0,6.7,6.7,10.6,0.0,2.6,0.0,,0.0,0.0,0.0,0.0,0.0,0.0,0.0,0.0,,,512145000,0.380117,6713384317.586206
MoveGenerator::resetOnDemand,0.027998,0.027998,0.0,0.0,5.6,5.6,0.0,0.0,0.0,10.8,30.1,0.0,0.0,20.0,0.0,0.0,0.0,0.0,0.0,,,98835000,1.000000,3530059775.785714
Position::attacksTo,0.027998,0.027998,0.0,0.0,13.3,13.3,0.0,12.8,0.0,6.4,0.0,0.0,0.0,0.0,0.0,0.0,0.0,0.0,0.0,,,290515000,0.288660,2995202234.000000
"std::_Hash<std::_Umap_traits<unsigned __int64,BookEntry,std::_Uhash_compare<unsigned __int64,std::hash<unsigned __int64>,std::equal_to<unsigned __int64> >,std::allocator<std::pair<unsigned __int64 const ,BookEntry> >,0> >::_Find_last",0.027998,0.027998,0.0,0.0,71.4,71.4,0.0,0.0,34.8,48.7,34.3,14.3,0.0,0.0,0.0,0.0,0.0,0.0,0.0,,,17970000,5.166667,3316116759.071429
MoveGenerator::resetOnDemand,0.026998,0.026998,0.0,0.0,0.0,0.0,0.0,0.0,0.0,0.0,0.0,0.0,10.0,0.0,0.0,0.0,0.0,0.0,0.0,,,257570000,0.337209,3217069066.148149
Search::stopConditions,0.026998,0.026998,0.0,0.0,15.4,15.4,29.5,0.0,3.3,0.0,,0.0,0.0,0.0,0.0,0.0,0.0,0.0,0.0,,,221630000,0.689189,5657604219.777778
TT::prefetch,0.026998,0.026998,0.0,0.0,5.0,5.0,7.3,0.0,0.0,0.0,0.0,0.0,0.0,0.0,0.0,0.0,0.0,0.0,0.0,,,670880000,0.218750,5435737387.629630
operator*,0.026998,0.026998,0.0,0.0,0.0,0.0,0.0,0.0,0.0,0.0,0.0,0.0,0.0,0.0,0.0,0.0,0.0,0.0,0.0,,,425290000,0.323944,5102937139.407408
StaticMoveList<256>::push_back,0.025998,0.025998,0.0,0.0,0.0,0.0,10.4,0.0,0.0,27.8,0.0,50.1,20.0,0.0,0.0,0.0,0.0,0.0,0.0,,,266555000,0.561798,5760004296.153847
std::_Countr_zero_tzcnt<unsigned __int64>,0.025998,0.025998,0.0,0.0,0.0,0.0,9.8,0.0,0.0,0.0,0.0,0.0,10.0,0.0,5.0,0.0,0.0,0.0,0.0,,,290515000,0.391753,4377603265.076922
Bitboard::shifted,0.023998,0.023998,0.0,0.0,0.0,0.0,0.0,0.0,3.1,0.0,0.0,0.0,0.0,0.0,0.0,0.0,0.0,0.0,0.0,,,347420000,0.500000,7238405398.833333
Position::getPiece,0.023998,0.023998,0.0,0.0,0.0,0.0,7.3,0.0,0.0,0.0,0.0,0.0,,,,0.0,0.0,0.0,0.0,,,452245000,0.304636,5740804281.833334
Position::hasCheck,0.023998,0.023998,0.0,0.0,64.7,64.7,0.0,53.9,0.0,75.4,0.0,0.0,20.0,0.0,20.0,0.0,0.0,0.0,0.0,,,101830000,0.941176,3993602978.666667
func@0x1800126c0,0.023998,0.023998,0.0,0.0,25.0,25.0,0.0,0.0,0.0,0.0,47.0,0.0,1.8,0.0,0.0,0.0,0.0,0.0,0.0,,,0,,5241603909.500000
"std::_Atomic_storage<unsigned __int64,8>::load",0.023998,0.023998,0.0,0.0,50.0,50.0,0.0,13.9,7.0,0.0,18.8,0.0,0.0,0.1,24.8,0.0,0.0,0.0,0.0,,,350415000,0.478632,6988805212.666667
Bitboard::operator bool,0.021999,0.021999,0.0,0.0,0.0,0.0,0.0,13.9,0.0,0.0,0.0,0.0,0.0,0.0,0.0,0.0,0.0,0.0,0.0,,,269550000,0.300000,3675930014.454545
Bitboard::operator|=,0.021999,0.021999,0.0,0.0,0.0,0.0,20.9,0.0,0.0,5.2,0.0,0.0,0.0,0.0,0.0,0.0,0.0,0.0,0.0,,,290515000,0.329897,4356657794.909091
Move::encode,0.021999,0.021999,0.0,0.0,0.0,0.0,7.4,0.0,0.0,3.7,0.0,0.0,0.0,0.0,0.0,0.0,0.0,0.0,0.0,,,245590000,0.560976,6262695580.181818
Position::getPieceBb,0.021999,0.021999,0.0,0.0,0.0,0.0,38.5,0.0,0.0,0.0,0.0,0.0,0.0,0.0,0.0,0.0,0.0,0.0,0.0,,,233610000,0.346154,3675930014.454545
Search::goodCapture,0.021999,0.021999,0.0,0.0,0.0,0.0,17.3,5.8,0.0,0.0,0.0,0.0,10.0,0.0,0.0,0.0,0.0,0.0,0.0,,,314475000,0.295238,4220512238.818182
typeOf,0.021999,0.021999,0.0,0.0,0.0,0.0,0.0,0.0,0.0,0.0,0.0,0.0,0.0,0.0,0.0,0.0,0.0,0.0,0.0,,,287520000,0.281250,3675930014.454545
"std::array<Move,64>::operator[]",0.020999,0.020999,0.0,0.0,0.0,0.0,11.1,3.7,0.0,0.0,0.0,0.0,0.0,0.0,0.0,0.0,0.0,0.0,0.0,,,380365000,0.354331,6418290501.428572
Position::getLastMove,0.019999,0.019999,0.0,0.0,0.0,0.0,8.6,0.0,0.0,0.0,0.0,0.0,15.0,5.0,0.0,0.0,0.0,0.0,0.0,,,287520000,0.447917,6439684803.099999
operator<,0.019999,0.019999,0.0,0.0,0.0,0.0,9.5,0.0,0.0,0.0,0.0,0.0,0.0,0.0,0.0,0.0,0.0,0.0,0.0,,,368385000,0.284553,5241603909.500000
operator<,0.019999,0.019999,0.0,0.0,0.0,0.0,9.8,0.0,0.0,0.0,0.0,0.0,0.0,0.0,0.0,0.0,0.0,0.0,0.0,,,350415000,0.290598,5091843797.800000
Evaluator::pawnEval,0.018999,0.018999,0.0,0.0,37.5,37.5,3.9,0.0,0.0,19.4,0.0,0.0,0.0,0.0,0.0,0.0,0.0,0.0,0.0,,,380365000,0.362205,7251542250.736842
Move::operator==,0.018999,0.018999,0.0,0.0,0.0,0.0,11.3,0.0,5.7,0.0,20.0,0.0,10.0,0.0,0.0,0.0,0.0,0.0,0.0,,,440265000,0.442177,10246744484.736841
See::getLeastValuablePiece,0.018999,0.018999,0.0,0.0,0.0,0.0,0.0,0.0,0.0,0.0,0.0,0.0,0.0,0.0,0.0,0.0,0.0,0.0,0.0,,,434275000,0.262069,5990404468.000000
[Loop at line 149 in Evaluator::pawnEval],0.018999,0.018999,0.0,0.0,0.0,0.0,33.4,4.8,0.0,0.0,0.0,0.0,0.0,0.0,0.0,0.0,0.0,0.0,0.0,,,200665000,0.567164,5990404468.000000
[Loop@0x140241830 in func@0x140241690],0.018999,0.018999,0.0,0.0,50.0,50.0,0.0,18.5,0.0,74.2,100.0,12.5,0.0,20.0,35.1,0.0,0.0,0.0,0.0,SSE(128),,11980000,4.250000,2679917788.315790
operator+,0.018999,0.018999,0.0,0.0,0.0,0.0,0.0,0.0,0.0,0.0,,0.0,0.0,0.0,0.0,0.0,0.0,0.0,0.0,,,425290000,0.309859,6936257805.052632
"std::_Atomic_address_as<char,struct std::_Atomic_padded<bool> >",0.018999,0.018999,0.0,0.0,0.0,0.0,0.0,0.0,0.0,11.5,0.0,0.0,0.0,0.0,0.0,0.0,0.0,0.0,0.0,,,155740000,0.557692,4571624462.421053
std::atomic<bool>::operator bool,0.018999,0.018999,0.0,0.0,11.1,11.1,0.0,0.0,0.0,0.0,0.0,0.0,0.0,0.0,0.0,0.0,0.0,0.0,0.0,,,95840000,0.812500,4098697793.894737
TT::prefetch,0.017999,0.017999,0.0,0.0,0.0,0.0,20.2,0.0,0.0,0.0,,0.0,,,,0.0,0.0,0.0,0.0,,,320465000,0.308411,5491204095.666666
"std::array<Value,25>::operator[]",0.017999,0.017999,0.0,0.0,0.0,0.0,14.5,0.0,0.0,0.0,0.0,0.0,0.0,0.0,0.0,0.0,0.0,0.0,0.0,,,416305000,0.330935,7654405709.111111
std::ranges::_Insertion_sort_common,0.017999,0.017999,0.0,0.0,0.0,0.0,0.0,0.0,0.0,0.0,0.0,0.0,0.0,0.0,0.0,0.0,0.0,0.0,0.0,,,83860000,1.250000,5824004343.888888
Move::operator==,0.016999,0.016999,0.0,0.0,0.0,0.0,9.3,9.3,0.0,0.0,0.0,0.0,,,,0.0,0.0,0.0,0.0,,,95840000,0.562500,3171390600.705883
Move::operator==,0.016999,0.016999,0.0,0.0,0.0,0.0,0.0,0.0,0.0,0.0,0.0,0.0,,,,0.0,0.0,0.0,0.0,,,269550000,0.200000,3171390600.705883
func@0x1400e0a60,0.016999,0.016999,0.0,0.0,72.7,72.7,31.3,100.0,0.0,0.0,0.0,0.0,0.0,0.0,0.0,0.0,0.0,0.0,0.0,,,8985000,10.666667,5638027734.588235
std::popcount,0.016999,0.016999,0.0,0.0,0.0,0.0,7.6,0.0,0.0,0.0,,0.0,0.0,0.0,0.0,0.0,0.0,0.0,0.0,,,473210000,0.278481,7752288135.058824
[Loop at line 264 in Evaluator::pieceEval],0.015999,0.015999,0.0,0.0,0.0,0.0,20.9,0.0,0.0,0.0,0.0,0.0,0.0,0.0,0.0,0.0,0.0,0.0,0.0,,,200665000,0.238806,2995202234.000000
[Loop at line 8440 in std::ranges::_Insertion_sort_common],0.015999,0.015999,0.0,0.0,0.0,0.0,0.0,0.0,0.0,0.0,0.0,0.0,0.0,0.0,0.0,0.0,0.0,0.0,0.0,,,164725000,0.672727,6926405166.125000
func@0x1406b27ef,0.015999,0.015999,0.0,0.0,50.0,50.0,83.5,0.0,31.3,10.4,21.5,21.5,4.3,7.2,2.9,0.0,0.0,0.0,0.0,,,2995000,30.000000,5616004188.750000
"std::array<Bitboard,64>::operator[]",0.015999,0.015999,0.0,0.0,60.0,60.0,0.0,37.1,0.0,64.9,,0.0,0.0,0.0,0.0,0.0,0.0,0.0,0.0,,,119800000,0.475000,3556802652.875000
typeOf,0.015999,0.015999,0.0,0.0,0.0,0.0,19.1,0.0,0.0,0.0,0.0,0.0,0.0,0.0,0.0,0.0,0.0,0.0,0.0,,,317470000,0.349057,6926405166.125000
Position::checkRepetitions,0.014999,0.014999,0.0,0.0,0.0,0.0,14.5,0.0,0.0,14.5,100.0,100.0,20.0,0.0,0.0,0.0,0.0,0.0,0.0,,,35940000,2.000000,4792323574.400001
colorOf,0.014999,0.014999,0.0,0.0,0.0,0.0,0.0,0.0,0.0,0.0,,0.0,,,,0.0,0.0,0.0,0.0,,,116805000,0.666667,5191683872.266666
operator&,0.014999,0.014999,0.0,0.0,0.0,0.0,0.0,0.0,7.6,0.0,,,0.0,0.0,0.0,0.0,0.0,0.0,0.0,,,143760000,0.458333,4392963276.533333
operator&,0.014999,0.014999,0.0,0.0,0.0,0.0,0.0,0.0,12.4,0.0,0.0,0.0,0.0,0.0,0.0,0.0,0.0,0.0,0.0,,,332445000,0.243243,5391364021.200000
"std::array<std::array<Move,64>,64>::operator[]",0.014999,0.014999,0.0,0.0,25.0,25.0,0.0,0.0,0.0,0.0,0.0,0.0,0.0,0.0,0.0,0.0,0.0,0.0,0.0,,,254575000,0.352941,5990404468.000000
std::atomic<bool>::operator bool,0.014999,0.014999,0.0,0.0,0.0,0.0,0.0,0.0,0.0,0.0,0.0,0.0,0.0,0.0,0.0,0.0,0.0,0.0,0.0,,,167720000,0.517857,5790724319.066667
Search::checkDrawRepAnd50,0.013999,0.013999,0.0,0.0,0.0,0.0,0.0,0.0,0.0,5.6,60.1,0.0,0.0,0.0,0.0,0.0,0.0,0.0,0.0,,,17970000,5.333333,6846176534.857142
Value::operator int,0.013999,0.013999,0.0,0.0,0.0,0.0,0.0,0.0,0.0,0.0,0.0,0.0,0.0,0.0,0.0,0.0,0.0,0.0,0.0,,,161730000,0.370370,4278860334.285714
Bitboard::popLSB,0.012999,0.012999,0.0,0.0,0.0,0.0,0.0,0.0,0.0,0.0,0.0,0.0,0.0,0.0,0.0,0.0,0.0,0.0,0.0,,,206655000,0.231884,3686402749.538462
StaticMoveList<128>::pop_back,0.012999,0.012999,0.0,0.0,0.0,0.0,0.0,18.5,0.0,0.0,0.0,0.0,0.0,0.0,0.0,0.0,0.0,0.0,0.0,,,128785000,0.441860,4377603265.076922
StaticMoveList<256>::push_back,0.012999,0.012999,0.0,0.0,0.0,0.0,0.0,0.0,0.0,0.0,0.0,0.0,0.0,0.0,0.0,0.0,0.0,0.0,0.0,,,107820000,0.444444,3686402749.538462
Value::{ctor},0.012999,0.012999,0.0,0.0,0.0,0.0,0.0,0.0,0.0,0.0,0.0,0.0,0.0,0.0,0.0,0.0,0.0,0.0,0.0,,,197670000,0.333333,5068803780.615384
operator+,0.012999,0.012999,0.0,0.0,0.0,0.0,0.0,0.0,0.0,0.0,0.0,0.0,0.0,0.0,0.0,0.0,0.0,0.0,0.0,,,206655000,0.376812,5990404468.000000
operator~,0.012999,0.012999,0.0,0.0,0.0,0.0,0.0,0.0,0.0,0.0,0.0,0.0,0.0,0.0,0.0,0.0,0.0,0.0,0.0,,,119800000,0.425000,3916802921.384615
"std::array<Value,25>::operator[]",0.012999,0.012999,0.0,0.0,0.0,0.0,33.4,0.0,0.0,0.0,0.0,0.0,0.0,0.0,0.0,0.0,0.0,0.0,0.0,,,80865000,0.444444,2764802062.153846
"std::array<Value,32>::operator[]",0.012999,0.012999,0.0,0.0,0.0,0.0,41.7,0.0,0.0,0.0,0.0,0.0,0.0,0.0,0.0,0.0,0.0,0.0,0.0,,,101830000,0.235294,1843201374.769231
Position::isCapturingMove,0.011999,0.011999,0.0,0.0,0.0,0.0,0.0,0.0,0.0,0.0,,0.0,0.0,0.0,0.0,0.0,0.0,0.0,0.0,,,107820000,0.083333,748800558.500000
operator++,0.011999,0.011999,0.0,0.0,0.0,0.0,10.4,0.0,0.0,0.0,0.0,0.0,0.0,0.0,0.0,0.0,0.0,0.0,0.0,,,245590000,0.402439,8236806143.500000
operator+=,0.011999,0.011999,0.0,0.0,0.0,0.0,15.9,0.0,0.0,0.0,0.0,0.0,0.0,0.0,0.0,0.0,0.0,0.0,0.0,,,254575000,0.258824,5491204095.666666
operator+=,0.011999,0.011999,0.0,0.0,0.0,0.0,0.0,0.0,0.0,0.0,0.0,0.0,0.0,0.0,0.0,0.0,0.0,0.0,0.0,,,242595000,0.333333,6739205026.500000
operator-,0.011999,0.011999,0.0,0.0,7.7,7.7,0.0,0.0,0.0,0.0,0.0,0.0,,,,0.0,0.0,0.0,0.0,,,170715000,0.578947,8236806143.500000
std::popcount,0.011999,0.011999,0.0,0.0,0.0,0.0,0.0,0.0,0.0,0.0,0.0,0.0,0.0,0.0,0.0,0.0,0.0,0.0,0.0,,,107820000,0.333333,2995202234.000000
std::ranges::_Stable_sort_fn::operator(),0.011999,0.011999,0.0,0.0,10.0,10.0,0.0,0.0,0.0,7.3,0.0,0.0,0.0,0.0,0.0,0.0,0.0,0.0,0.0,,,149750000,0.460000,5740804281.833334
"std::unique_ptr<TT::Entry [0],std::default_delete<TT::Entry [0]> >::operator[]",0.011999,0.011999,0.0,0.0,0.0,0.0,0.0,0.0,0.0,0.0,0.0,0.0,0.0,0.0,0.0,0.0,0.0,0.0,0.0,,,101830000,0.382353,3244802420.166667
Move::to,0.010999,0.010999,0.0,0.0,0.0,0.0,12.4,0.0,0.0,0.0,0.0,0.0,0.0,0.0,0.0,0.0,0.0,0.0,0.0,,,98835000,0.818182,7351860028.909091
MoveGenerator::getEvasionTargets,0.010999,0.010999,0.0,0.0,25.0,25.0,19.6,0.0,0.0,39.3,0.0,0.0,0.0,0.0,0.0,0.0,0.0,0.0,0.0,,,119800000,0.475000,5173531131.454546
Position::getKingSquare,0.010999,0.010999,0.0,0.0,0.0,0.0,0.0,0.0,0.0,0.0,0.0,0.0,0.0,0.0,0.0,0.0,0.0,0.0,0.0,,,188685000,0.333333,5718113355.818182
Position::getPieceBb,0.010999,0.010999,0.0,0.0,0.0,0.0,0.0,0.0,0.0,0.0,0.0,0.0,0.0,0.0,0.0,0.0,0.0,0.0,0.0,,,176705000,0.288136,4628948907.090909
StaticMoveList<256>::push_back,0.010999,0.010999,0.0,0.0,0.0,0.0,0.0,0.0,0.0,0.0,0.0,0.0,,,,0.0,0.0,0.0,0.0,,,125790000,0.690476,7896442253.272727
[Loop@0x18001d522 in func@0x18001d400],0.010999,0.010999,0.0,0.0,0.0,0.0,0.0,0.0,41.7,0.0,0.0,0.0,0.0,0.0,0.0,0.0,0.0,0.0,0.0,,,65890000,0.227273,1361455560.909091
func@0x1406b16d3,0.010999,0.010999,0.0,0.0,50.0,50.0,13.9,0.0,13.9,0.0,37.6,0.0,5.0,2.5,0.0,0.0,0.0,0.0,0.0,SSE(128),,2995000,20.000000,5445822243.636363
operator&,0.010999,0.010999,0.0,0.0,0.0,0.0,47.7,0.0,0.0,0.0,0.0,0.0,0.0,0.0,0.0,0.0,0.0,0.0,0.0,,,224625000,0.293333,5990404468.000000
operator&,0.010999,0.010999,0.0,0.0,0.0,0.0,0.0,11.1,0.0,0.0,0.0,0.0,0.0,0.0,0.0,0.0,0.0,0.0,0.0,,,161730000,0.277778,4084366682.727273
operator-,0.010999,0.010999,0.0,0.0,0.0,0.0,0.0,7.6,0.0,0.0,0.0,0.0,0.0,0.0,0.0,0.0,0.0,0.0,0.0,,,95840000,0.687500,5990404468.000000
Bitboard::popLSB,0.009999,0.009999,0.0,0.0,0.0,0.0,0.0,0.0,0.0,0.0,0.0,0.0,,,,0.0,0.0,0.0,0.0,,,59900000,0.400000,2396161787.200000
Move::stripped,0.009999,0.009999,0.0,0.0,0.0,0.0,24.7,0.0,0.0,0.0,0.0,0.0,0.0,0.0,0.0,0.0,0.0,0.0,0.0,,,128785000,0.674419,8686086478.600000
Search::thread,0.009999,0.009999,0.0,0.0,0.0,0.0,0.0,0.0,0.0,0.0,,0.0,0.0,0.0,0.0,0.0,0.0,0.0,0.0,,,77870000,0.423077,3294722457.400000
StaticMoveList<128>::pop_back,0.009999,0.009999,0.0,0.0,0.0,0.0,0.0,7.9,0.0,0.0,0.0,0.0,0.0,0.0,0.0,0.0,0.0,0.0,0.0,,,197670000,0.318182,6289924691.400001
Value::operator int,0.009999,0.009999,0.0,0.0,0.0,0.0,0.0,0.0,0.0,0.0,0.0,0.0,0.0,0.0,0.0,0.0,0.0,0.0,0.0,,,77870000,0.423077,3294722457.400000
moveValueGreaterComparator::operator(),0.009999,0.009999,0.0,0.0,0.0,0.0,0.0,0.0,0.0,0.0,0.0,0.0,0.0,0.0,0.0,0.0,0.0,0.0,0.0,,,86855000,0.275862,2396161787.200000
operator&,0.009999,0.009999,0.0,0.0,0.0,0.0,16.7,0.0,0.0,0.0,0.0,0.0,,,,0.0,0.0,0.0,0.0,,,191680000,0.312500,5990404468.000000
operator&,0.009999,0.009999,0.0,0.0,100.0,100.0,0.0,0.0,33.4,55.6,0.0,0.0,0.0,0.0,0.0,0.0,0.0,0.0,0.0,,,89850000,0.500000,4492803351.000000
operator*,0.009999,0.009999,0.0,0.0,0.0,0.0,41.7,0.0,0.0,0.0,0.0,0.0,0.0,0.0,0.0,0.0,0.0,0.0,0.0,,,158735000,0.150943,2396161787.200000
operator+,0.009999,0.009999,0.0,0.0,0.0,0.0,0.0,0.0,0.0,0.0,0.0,0.0,0.0,0.0,0.0,0.0,0.0,0.0,0.0,,,149750000,0.400000,5990404468.000000
operator+=,0.009999,0.009999,0.0,0.0,0.0,0.0,0.0,0.0,0.0,33.4,,0.0,0.0,0.0,0.0,0.0,0.0,0.0,0.0,,,101830000,0.147059,1497601117.000000
operator-,0.009999,0.009999,0.0,0.0,0.0,0.0,0.0,0.0,27.8,0.0,0.0,0.0,0.0,0.0,0.0,0.0,0.0,0.0,0.0,,,62895000,0.333333,2096641563.800000
"std::array<PlyInfo,128>::operator[]",0.009999,0.009999,0.0,0.0,0.0,0.0,27.8,0.0,0.0,0.0,0.0,0.0,0.0,0.0,0.0,0.0,0.0,0.0,0.0,,,29950000,1.200000,3594242680.800000
std::max,0.009999,0.009999,0.0,0.0,0.0,0.0,0.0,0.0,0.0,0.0,0.0,0.0,0.0,0.0,0.0,0.0,0.0,0.0,0.0,,,86855000,0.068966,599040446.800000
Bitboard::operator bool,0.008999,0.008999,0.0,0.0,0.0,0.0,0.0,0.0,0.0,0.0,0.0,0.0,,,,0.0,0.0,0.0,0.0,,,98835000,0.454545,4992003723.333334
Bitboard::operator bool,0.008999,0.008999,0.0,0.0,0.0,0.0,0.0,0.0,10.4,0.0,0.0,0.0,0.0,0.0,0.0,0.0,0.0,0.0,0.0,,,83860000,0.607143,5657604219.777778
Color::sign,0.008999,0.008999,0.0,0.0,0.0,0.0,0.0,0.0,0.0,0.0,0.0,0.0,0.0,0.0,0.0,0.0,0.0,0.0,0.0,,,296505000,0.292929,9651207198.444445
[Loop at line 70 in TT::resize],0.008999,0.008999,0.0,0.0,0.0,0.0,0.0,0.0,37.1,37.1,0.0,0.0,0.0,0.0,0.0,0.0,0.0,0.0,0.0,,,83860000,0.642857,5990404468.000000
func@0x1406b96ae,0.008999,0.008999,0.0,0.0,0.0,0.0,25.7,0.0,0.0,0.0,24.0,100.0,20.0,0.0,0.0,0.0,0.0,0.0,0.0,SSE(128),,2995000,14.000000,4659203475.111112
operator&,0.008999,0.008999,0.0,0.0,11.1,11.1,7.6,7.6,0.0,0.0,0.0,0.0,,0.0,0.0,0.0,0.0,0.0,0.0,,,143760000,0.458333,7321605460.888889
operator&,0.008999,0.008999,0.0,0.0,50.0,50.0,19.3,12.8,0.0,38.5,0.0,0.0,0.0,0.0,0.0,0.0,0.0,0.0,0.0,,,107820000,0.722222,8652806453.777777
operator-,0.008999,0.008999,0.0,0.0,0.0,0.0,0.0,0.0,0.0,0.0,0.0,0.0,,,,0.0,0.0,0.0,0.0,,,35940000,1.083333,4326403226.888888
operator|,0.008999,0.008999,0.0,0.0,0.0,0.0,33.4,0.0,0.0,0.0,0.0,0.0,0.0,0.0,0.0,0.0,0.0,0.0,0.0,,,98835000,0.303030,3328002482.222222
operator|,0.008999,0.008999,0.0,0.0,0.0,0.0,41.7,0.0,20.9,0.0,0.0,0.0,0.0,0.0,0.0,0.0,0.0,0.0,0.0,,,89850000,0.300000,2995202234.000000
"std::_Atomic_reinterpret_as<__int64,unsigned __int64>",0.008999,0.008999,0.0,0.0,0.0,0.0,37.1,0.0,0.0,0.0,0.0,0.0,0.0,0.0,0.0,0.0,33.3,0.0,100.0,,,71880000,0.416667,3328002482.222222
Bitboard::operator bool,0.007999,0.007999,0.0,0.0,0.0,0.0,0.0,0.0,0.0,0.0,0.0,0.0,,0.0,0.0,0.0,0.0,0.0,0.0,,,89850000,0.166667,1872001396.250000
Bitboard::operator|=,0.007999,0.007999,0.0,0.0,0.0,0.0,0.0,0.0,23.8,23.8,0.0,0.0,,,,0.0,0.0,0.0,0.0,,,65890000,0.318182,2620801954.750000
Bitboard::operator~,0.007999,0.007999,0.0,0.0,0.0,0.0,0.0,0.0,27.8,0.0,0.0,0.0,0.0,0.0,0.0,0.0,0.0,0.0,0.0,,,59900000,0.350000,2620801954.750000
Direction::pawnPush,0.007999,0.007999,0.0,0.0,0.0,0.0,12.4,0.0,0.0,0.0,0.0,0.0,0.0,0.0,0.0,0.0,0.0,0.0,0.0,,,152745000,0.529412,10108807539.750000
Move::from,0.007999,0.007999,0.0,0.0,0.0,0.0,0.0,0.0,0.0,0.0,0.0,0.0,0.0,0.0,0.0,0.0,0.0,0.0,0.0,,,74875000,0.280000,2620801954.750000
Move::type,0.007999,0.007999,0.0,0.0,0.0,0.0,0.0,0.0,0.0,0.0,0.0,0.0,0.0,0.0,0.0,0.0,0.0,0.0,0.0,,,104825000,0.257143,3369602513.250000
Position::clearEnPassant,0.007999,0.007999,0.0,0.0,0.0,0.0,0.0,0.0,0.0,0.0,0.0,0.0,0.0,0.0,0.0,0.0,0.0,0.0,0.0,,,98835000,0.363636,4492803351.000000
Position::getNextPlayer,0.007999,0.007999,0.0,0.0,0.0,0.0,0.0,0.0,0.0,0.0,,0.0,0.0,0.0,0.0,0.0,0.0,0.0,0.0,,,71880000,0.500000,4492803351.000000
Search::search::__l2::<lambda_1>::operator(),0.007999,0.007999,0.0,0.0,0.0,0.0,0.0,0.0,0.0,0.0,0.0,0.0,0.0,0.0,0.0,0.0,0.0,0.0,0.0,,,95840000,0.375000,4492803351.000000
Value::operator int,0.007999,0.007999,0.0,0.0,0.0,0.0,22.3,0.0,0.0,0.0,0.0,0.0,0.0,0.0,0.0,0.0,0.0,0.0,0.0,,,173710000,0.258621,5616004188.750000
[Loop@0x180005040 in _std_type_info_compare],0.007999,0.007999,0.0,0.0,0.0,0.0,0.0,0.0,0.0,0.0,0.0,0.0,0.0,0.0,0.0,0.0,0.0,0.0,0.0,,,128785000,0.372093,5990404468.000000
operator&,0.007999,0.007999,0.0,0.0,0.0,0.0,0.0,0.0,0.0,0.0,0.0,0.0,0.0,0.0,0.0,0.0,0.0,0.0,0.0,,,284525000,0.126316,4492803351.000000
operator&,0.007999,0.007999,0.0,0.0,20.0,20.0,25.7,12.8,0.0,38.5,,0.0,0.0,0.0,0.0,0.0,0.0,0.0,0.0,,,131780000,0.590909,9734407260.500000
operator+=,0.007999,0.007999,0.0,0.0,0.0,0.0,0.0,0.0,0.0,0.0,0.0,0.0,,,,0.0,0.0,0.0,0.0,,,212645000,0.183099,4867203630.250000
operator|,0.007999,0.007999,0.0,0.0,0.0,0.0,0.0,0.0,0.0,0.0,0.0,0.0,,,,0.0,0.0,0.0,0.0,,,140765000,0.191489,3369602513.250000
operator|,0.007999,0.007999,0.0,0.0,0.0,0.0,0.0,0.0,0.0,0.0,0.0,0.0,0.0,0.0,0.0,0.0,0.0,0.0,0.0,,,149750000,0.320000,5990404468.000000
Attacks::detail::Magic::index,0.007000,0.007000,0.0,0.0,25.0,25.0,47.7,0.0,0.0,0.0,0.0,0.0,0.0,0.0,0.0,0.0,0.0,0.0,0.0,,,95840000,0.281250,3850974300.857143
Direction::pawnPush,0.007000,0.007000,0.0,0.0,0.0,0.0,0.0,0.0,0.0,0.0,0.0,0.0,,0.0,0.0,0.0,0.0,0.0,0.0,,,92845000,0.161290,2139430167.142857
Move::from,0.007000,0.007000,0.0,0.0,0.0,0.0,0.0,0.0,0.0,0.0,,0.0,0.0,0.0,,0.0,0.0,0.0,0.0,,,68885000,0.434783,4278860334.285714
Move::to,0.007000,0.007000,0.0,0.0,50.0,50.0,0.0,12.8,0.0,0.0,,0.0,0.0,0.0,0.0,0.0,0.0,0.0,0.0,,,98835000,0.393939,5562518434.571428
PawnTT::getHash,0.007000,0.007000,0.0,0.0,0.0,0.0,45.5,15.2,0.0,15.2,,0.0,0.0,0.0,0.0,0.0,0.0,0.0,0.0,,,158735000,0.207547,4706746367.714286
Position::getLastMove,0.007000,0.007000,0.0,0.0,0.0,0.0,0.0,0.0,0.0,0.0,0.0,0.0,0.0,0.0,0.0,0.0,0.0,0.0,0.0,,,59900000,0.450000,3850974300.857143
Search::evaluate,0.007000,0.007000,0.0,0.0,80.0,80.0,0.0,0.0,49.1,29.5,0.0,0.0,0.0,0.0,0.0,0.0,0.0,0.0,0.0,,,74875000,0.680000,7274062568.285714
Search::valueToTt,0.007000,0.007000,0.0,0.0,0.0,0.0,0.0,0.0,0.0,0.0,0.0,0.0,0.0,0.0,0.0,0.0,0.0,0.0,0.0,,,107820000,0.361111,5562518434.571428
StaticMoveList<256>::push_back,0.007000,0.007000,0.0,0.0,16.7,16.7,0.0,0.0,30.4,0.0,,0.0,,0.0,0.0,0.0,0.0,0.0,0.0,,,59900000,0.550000,4706746367.714286
Value::isValid,0.007000,0.007000,0.0,0.0,0.0,0.0,0.0,0.0,0.0,0.0,,0.0,0.0,0.0,0.0,0.0,0.0,0.0,0.0,,,23960000,1.250000,4278860334.285714
Value::operator int,0.007000,0.007000,0.0,0.0,0.0,0.0,0.0,0.0,0.0,0.0,0.0,0.0,0.0,0.0,0.0,0.0,0.0,0.0,0.0,,,86855000,0.413793,5134632401.142857
Value::operator int,0.007000,0.007000,0.0,0.0,0.0,0.0,0.0,0.0,0.0,0.0,0.0,0.0,0.0,0.0,0.0,0.0,0.0,0.0,0.0,,,50915000,0.588235,4278860334.285714
[Loop at line 1542 in Search::search],0.007000,0.007000,0.0,0.0,0.0,0.0,0.0,0.0,0.0,0.0,0.0,0.0,0.0,0.0,0.0,0.0,0.0,0.0,0.0,,,62895000,0.190476,1711544133.714286
func@0x1403606c0,0.007000,0.007000,0.0,0.0,0.0,0.0,27.8,0.0,27.8,0.0,66.8,0.0,20.0,6.7,0.0,0.0,0.0,0.0,0.0,,,14975000,1.800000,3850974300.857143
func@0x1406ac770,0.007000,0.007000,0.0,0.0,0.0,0.0,0.0,20.9,0.0,20.9,,,,,,0.0,0.0,0.0,0.0,,,0,,3423088267.428571
operator&,0.007000,0.007000,0.0,0.0,0.0,0.0,20.9,0.0,0.0,0.0,,0.0,0.0,0.0,0.0,0.0,0.0,0.0,0.0,,,140765000,0.340426,6846176534.857142
operator-,0.007000,0.007000,0.0,0.0,0.0,0.0,0.0,0.0,0.0,0.0,0.0,0.0,0.0,0.0,0.0,0.0,0.0,0.0,0.0,,,26955000,1.111111,4278860334.285714
"std::array<Value,25>::operator[]",0.007000,0.007000,0.0,0.0,0.0,0.0,0.0,0.0,0.0,0.0,0.0,0.0,0.0,20.0,0.0,0.0,0.0,0.0,0.0,,,53910000,0.888889,6846176534.857142
"std::array<unsigned __int64,64>::operator[]",0.007000,0.007000,0.0,0.0,0.0,0.0,0.0,0.0,0.0,0.0,0.0,0.0,0.0,0.0,0.0,0.0,0.0,0.0,0.0,,,59900000,0.400000,3423088267.428571
std::popcount,0.007000,0.007000,0.0,0.0,10.0,10.0,0.0,0.0,0.0,0.0,0.0,0.0,0.0,0.0,0.0,0.0,0.0,0.0,0.0,,,176705000,0.288136,7274062568.285714
Bitboard::{ctor},0.006000,0.006000,0.0,0.0,0.0,0.0,33.4,0.0,0.0,0.0,0.0,0.0,0.0,0.0,0.0,0.0,0.0,0.0,0.0,,,164725000,0.181818,4992003723.333334
CastlingRights::operator-=,0.006000,0.006000,0.0,0.0,0.0,0.0,0.0,0.0,0.0,0.0,,0.0,0.0,0.0,0.0,0.0,0.0,0.0,0.0,,,59900000,0.150000,1497601117.000000
Direction::operator int,0.006000,0.006000,0.0,0.0,0.0,0.0,19.6,0.0,0.0,0.0,0.0,0.0,0.0,0.0,0.0,0.0,0.0,0.0,0.0,,,122795000,0.414634,8486406329.666667
Direction::{ctor},0.006000,0.006000,0.0,0.0,0.0,0.0,0.0,0.0,0.0,0.0,0.0,0.0,0.0,0.0,0.0,0.0,0.0,0.0,0.0,,,44925000,0.333333,2496001861.666667
Move::setValue,0.006000,0.006000,0.0,0.0,0.0,0.0,0.0,0.0,0.0,0.0,0.0,0.0,,,,0.0,0.0,0.0,0.0,,,32945000,0.454545,2496001861.666667
Move::stripped,0.006000,0.006000,0.0,0.0,0.0,0.0,0.0,0.0,0.0,0.0,0.0,0.0,,,0.0,0.0,0.0,0.0,0.0,,,59900000,0.500000,4992003723.333334
Position::getNextPlayer,0.006000,0.006000,0.0,0.0,0.0,0.0,0.0,0.0,0.0,0.0,0.0,0.0,0.0,0.0,0.0,0.0,0.0,0.0,0.0,,,38935000,0.384615,2496001861.666667
StaticMoveList<128>::push_back,0.006000,0.006000,0.0,0.0,0.0,0.0,0.0,23.8,0.0,23.8,0.0,0.0,0.0,0.0,0.0,0.0,0.0,0.0,0.0,,,14975000,1.600000,3993602978.666667
StaticMoveList<256>::push_back,0.006000,0.006000,0.0,0.0,0.0,0.0,0.0,0.0,0.0,0.0,0.0,0.0,0.0,0.0,0.0,0.0,0.0,0.0,0.0,,,50915000,0.352941,2995202234.000000
Value::isCheckMate,0.006000,0.006000,0.0,0.0,0.0,0.0,0.0,0.0,0.0,0.0,0.0,0.0,,,,0.0,0.0,0.0,0.0,,,122795000,0.439024,8985606702.000000
[Loop at line 162 in Evaluator::pawnEval],0.006000,0.006000,0.0,0.0,0.0,0.0,0.0,0.0,0.0,0.0,,0.0,0.0,0.0,0.0,0.0,0.0,0.0,0.0,,,110815000,0.270270,4992003723.333334
[Loop at line 272 in Evaluator::pieceEval],0.006000,0.006000,0.0,0.0,0.0,0.0,83.5,0.0,0.0,0.0,,0.0,0.0,0.0,0.0,0.0,0.0,0.0,0.0,,,86855000,0.137931,1996801489.333333
[Loop at line 78 in See::see],0.006000,0.006000,0.0,0.0,0.0,0.0,0.0,0.0,0.0,0.0,0.0,0.0,0.0,0.0,0.0,0.0,0.0,0.0,0.0,,,95840000,0.281250,4492803351.000000
func@0x140295620,0.006000,0.006000,0.0,0.0,0.0,0.0,100.0,55.6,0.0,100.0,,0.0,,,,0.0,0.0,0.0,0.0,,,5990000,1.500000,1497601117.000000
func@0x1406b1b80,0.006000,0.006000,0.0,0.0,0.0,0.0,0.0,0.0,0.0,0.0,,0.0,,,0.0,0.0,0.0,0.0,0.0,,,5990000,3.000000,2995202234.000000
memmove,0.006000,0.006000,0.0,0.0,0.0,0.0,30.4,0.0,0.0,0.0,0.0,0.0,0.0,0.0,0.0,0.0,0.0,0.0,0.0,AVX(256); SSE(128); SSE2(128),,8985000,4.000000,5990404468.000000
operator&,0.006000,0.006000,0.0,0.0,0.0,0.0,7.6,7.6,0.0,0.0,,0.0,0.0,0.0,0.0,0.0,0.0,0.0,0.0,,,158735000,0.433962,11481608563.666668
operator&,0.006000,0.006000,0.0,0.0,0.0,0.0,0.0,0.0,0.0,0.0,0.0,0.0,0.0,0.0,0.0,0.0,0.0,0.0,0.0,,,128785000,0.441860,9484807074.333332
operator&,0.006000,0.006000,0.0,0.0,0.0,0.0,66.8,0.0,0.0,0.0,0.0,0.0,0.0,0.0,0.0,0.0,0.0,0.0,0.0,,,62895000,0.238095,2496001861.666667
operator*,0.006000,0.006000,0.0,0.0,50.0,50.0,0.0,0.0,33.4,0.0,,0.0,0.0,0.0,0.0,0.0,0.0,0.0,0.0,,,71880000,0.208333,2496001861.666667
operator+=,0.006000,0.006000,0.0,0.0,0.0,0.0,0.0,0.0,0.0,0.0,0.0,0.0,0.0,0.0,0.0,0.0,0.0,0.0,0.0,,,128785000,0.093023,1996801489.333333
operator~,0.006000,0.006000,0.0,0.0,0.0,0.0,0.0,0.0,0.0,0.0,0.0,0.0,0.0,0.0,0.0,0.0,0.0,0.0,0.0,,,71880000,0.208333,2496001861.666667
operator~,0.006000,0.006000,0.0,0.0,0.0,0.0,22.3,0.0,0.0,0.0,0.0,0.0,0.0,0.0,0.0,0.0,0.0,0.0,0.0,,,143760000,0.312500,7488005585.000000
"std::array<HistoryState,512>::operator[]",0.006000,0.006000,0.0,0.0,0.0,0.0,0.0,0.0,0.0,0.0,0.0,0.0,0.0,20.0,20.0,0.0,0.0,0.0,0.0,,,92845000,0.387097,5990404468.000000
std::countr_zero,0.006000,0.006000,0.0,0.0,0.0,0.0,0.0,0.0,0.0,0.0,0.0,0.0,0.0,0.0,0.0,0.0,0.0,0.0,0.0,,,77870000,0.269231,3494402606.333333
typeOf,0.006000,0.006000,0.0,0.0,0.0,0.0,0.0,0.0,0.0,0.0,0.0,0.0,0.0,0.0,0.0,0.0,0.0,0.0,0.0,,,53910000,0.444444,3993602978.666667
typeOf,0.006000,0.006000,0.0,0.0,0.0,0.0,0.0,0.0,0.0,0.0,0.0,0.0,0.0,0.0,0.0,0.0,0.0,0.0,0.0,,,92845000,0.354839,5491204095.666666
Bitboard::operator bool,0.005000,0.005000,0.0,0.0,0.0,0.0,0.0,0.0,0.0,0.0,0.0,0.0,0.0,0.0,0.0,0.0,0.0,0.0,0.0,,,89850000,0.233333,4193283127.600000
Bitboard::operator bool,0.005000,0.005000,0.0,0.0,20.0,20.0,0.0,0.0,0.0,0.0,,0.0,0.0,0.0,0.0,0.0,0.0,0.0,0.0,,,74875000,0.520000,7787525808.400001
Bitboard::{ctor},0.005000,0.005000,0.0,0.0,0.0,0.0,100.0,0.0,0.0,0.0,0.0,0.0,0.0,0.0,0.0,0.0,0.0,0.0,0.0,,,26955000,0.333333,1797121340.400000
Move::operator==,0.005000,0.005000,0.0,0.0,0.0,0.0,0.0,0.0,0.0,0.0,0.0,0.0,20.0,0.0,0.0,0.0,0.0,0.0,0.0,,,86855000,0.655172,11381768489.199999
Move::to,0.005000,0.005000,0.0,0.0,0.0,0.0,0.0,0.0,0.0,0.0,0.0,0.0,0.0,0.0,0.0,0.0,0.0,0.0,0.0,,,8985000,0.666667,1198080893.600000
Move::{ctor},0.005000,0.005000,0.0,0.0,0.0,0.0,0.0,0.0,0.0,41.7,0.0,0.0,0.0,0.0,0.0,0.0,0.0,0.0,0.0,,,17970000,0.666667,2396161787.200000
Position::getPieceBb,0.005000,0.005000,0.0,0.0,0.0,0.0,0.0,0.0,0.0,0.0,0.0,0.0,0.0,0.0,0.0,0.0,0.0,0.0,0.0,,,77870000,0.423077,6589444914.800000
StaticMoveList<256>::empty,0.005000,0.005000,0.0,0.0,0.0,0.0,18.5,0.0,0.0,0.0,0.0,0.0,0.0,0.0,0.0,0.0,0.0,0.0,0.0,,,80865000,0.666667,10782728042.400000
StaticMoveList<256>::empty,0.005000,0.005000,0.0,0.0,0.0,0.0,0.0,0.0,0.0,0.0,,0.0,,0.0,0.0,0.0,0.0,0.0,0.0,,,41930000,0.500000,4193283127.600000
StaticMoveList<256>::push_back,0.005000,0.005000,0.0,0.0,0.0,0.0,0.0,0.0,0.0,0.0,,0.0,0.0,0.0,0.0,0.0,0.0,0.0,0.0,,,38935000,0.384615,2995202234.000000
Value::operator int,0.005000,0.005000,0.0,0.0,0.0,0.0,0.0,13.9,0.0,0.0,,0.0,,0.0,0.0,0.0,0.0,0.0,0.0,,,122795000,0.292683,7188485361.599999
[Loop at line 717 in MoveGenerator::generatePawnMoves],0.005000,0.005000,0.0,0.0,0.0,0.0,0.0,83.5,0.0,0.0,0.0,0.0,0.0,0.0,0.0,0.0,0.0,0.0,0.0,,,35940000,0.166667,1198080893.600000
"[Loop at line 7976 in std::ranges::_Inplace_merge_buffer_left<Move *,moveValueGreaterComparator,std::identity>]",0.005000,0.005000,0.0,0.0,0.0,0.0,0.0,0.0,0.0,0.0,0.0,0.0,0.0,0.0,0.0,0.0,0.0,0.0,0.0,,,41930000,0.642857,5391364021.200000
[Loop@0x140864cb5 in func@0x140864ca0],0.005000,0.005000,0.0,0.0,0.0,0.0,0.0,0.0,0.0,0.0,0.0,0.0,0.0,0.0,0.0,0.0,0.0,0.0,0.0,,,35940000,0.083333,599040446.800000
boost::serialization::typeid_system::extended_type_info_typeid_0::is_less_than,0.005000,0.005000,0.0,0.0,,,0.0,0.0,0.0,0.0,0.0,0.0,0.0,0.0,0.0,0.0,0.0,0.0,0.0,,,29950000,0.300000,1797121340.400000
func@0x1403e3700,0.005000,0.005000,0.0,0.0,0.0,0.0,0.0,0.0,83.5,0.0,0.0,0.0,0.0,0.0,0.0,0.0,0.0,0.0,0.0,SSE(128),,5990000,2.500000,2995202234.000000
operator&,0.005000,0.005000,0.0,0.0,0.0,0.0,12.8,12.8,0.0,0.0,0.0,0.0,0.0,0.0,0.0,0.0,0.0,0.0,0.0,,,146755000,0.265306,7787525808.400001
operator&,0.005000,0.005000,0.0,0.0,0.0,0.0,0.0,0.0,0.0,0.0,0.0,0.0,0.0,0.0,0.0,0.0,0.0,0.0,0.0,,,26955000,0.444444,2396161787.200000
operator&,0.005000,0.005000,0.0,0.0,0.0,0.0,0.0,0.0,0.0,0.0,0.0,0.0,0.0,0.0,0.0,0.0,0.0,0.0,0.0,,,110815000,0.270270,5990404468.000000
operator+=,0.005000,0.005000,0.0,0.0,0.0,0.0,0.0,0.0,0.0,0.0,0.0,0.0,0.0,0.0,0.0,0.0,0.0,0.0,0.0,,,20965000,0.571429,2396161787.200000
operator+=,0.005000,0.005000,0.0,0.0,0.0,0.0,0.0,0.0,0.0,0.0,0.0,0.0,0.0,0.0,0.0,0.0,0.0,0.0,0.0,,,71880000,0.625000,8985606702.000000
operator|,0.005000,0.005000,0.0,0.0,0.0,0.0,0.0,0.0,0.0,0.0,0.0,0.0,0.0,0.0,0.0,0.0,0.0,0.0,0.0,,,23960000,0.0,0.0
"std::array<PlyInfo,128>::operator[]",0.005000,0.005000,0.0,0.0,0.0,0.0,0.0,0.0,0.0,0.0,0.0,0.0,0.0,0.0,0.0,0.0,0.0,0.0,0.0,,,32945000,0.363636,2396161787.200000
std::popcount,0.005000,0.005000,0.0,0.0,0.0,0.0,0.0,0.0,0.0,0.0,0.0,0.0,0.0,0.0,0.0,0.0,0.0,0.0,0.0,,,50915000,0.352941,3594242680.800000
"std::unique_ptr<TT::Entry [0],std::default_delete<TT::Entry [0]> >::operator[]",0.005000,0.005000,0.0,0.0,50.0,50.0,17.6,0.0,0.0,0.0,0.0,0.0,0.0,0.0,0.0,0.0,0.0,0.0,0.0,,,41930000,1.357143,11381768489.199999
typeOf,0.005000,0.005000,0.0,0.0,0.0,0.0,0.0,0.0,0.0,0.0,0.0,0.0,20.0,0.0,0.0,0.0,0.0,0.0,0.0,,,77870000,0.307692,4792323574.400001
Bitboard::operator^=,0.004000,0.004000,0.0,0.0,0.0,0.0,0.0,0.0,0.0,0.0,0.0,0.0,0.0,0.0,0.0,0.0,0.0,0.0,0.0,,,86855000,0.103448,2246401675.500000
Move::encode,0.004000,0.004000,0.0,0.0,0.0,0.0,0.0,0.0,0.0,0.0,,0.0,0.0,0.0,0.0,0.0,0.0,0.0,0.0,,,83860000,0.214286,4492803351.000000
Move::type,0.004000,0.004000,0.0,0.0,50.0,50.0,0.0,33.4,0.0,0.0,0.0,0.0,0.0,0.0,0.0,0.0,0.0,0.0,0.0,,,38935000,0.461538,4492803351.000000
Position::checkInsufficientMaterial,0.004000,0.004000,0.0,0.0,50.0,50.0,0.0,18.5,55.6,18.5,0.0,0.0,0.0,0.0,0.0,0.0,0.0,0.0,0.0,,,188685000,0.174603,8236806143.500000
Position::getNextPlayer,0.004000,0.004000,0.0,0.0,0.0,0.0,0.0,0.0,0.0,0.0,0.0,0.0,0.0,0.0,0.0,0.0,0.0,0.0,0.0,,,17970000,0.166667,748800558.500000
Position::getPieceBb,0.004000,0.004000,0.0,0.0,0.0,0.0,0.0,0.0,41.7,0.0,0.0,0.0,0.0,0.0,0.0,0.0,0.0,0.0,0.0,,,53910000,0.277778,3744002792.500000
Search::thread,0.004000,0.004000,0.0,0.0,0.0,0.0,0.0,0.0,0.0,0.0,0.0,0.0,0.0,0.0,0.0,0.0,0.0,0.0,0.0,,,23960000,1.500000,8985606702.000000
[Import thunk memcpy],0.004000,0.004000,0.0,0.0,0.0,0.0,0.0,0.0,0.0,0.0,0.0,0.0,0.0,0.0,0.0,0.0,0.0,0.0,0.0,,,5990000,0.0,0.0
[Loop at line 69 in PawnTT::resize],0.004000,0.004000,0.0,0.0,,,0.0,0.0,0.0,0.0,0.0,0.0,0.0,0.0,0.0,0.0,0.0,0.0,0.0,,,35940000,0.416667,3744002792.500000
[Loop@0x1406b3217 in ExpInterlockedPopEntrySList],0.004000,0.004000,0.0,0.0,0.0,0.0,0.0,83.5,0.0,100.0,,0.0,,,,0.0,0.0,0.0,0.0,,,20965000,0.285714,1497601117.000000
[Loop@0x1800cfc51 in func@0x1800cfb90],0.004000,0.004000,0.0,0.0,75.0,75.0,0.0,0.0,0.0,55.6,,0.0,,,,0.0,0.0,0.0,0.0,,,11980000,2.250000,6739205026.500000
calc_symLen,0.004000,0.004000,0.0,0.0,0.0,0.0,0.0,15.2,0.0,0.0,0.0,0.0,0.0,0.0,0.0,0.0,0.0,0.0,0.0,,,53910000,0.666667,8985606702.000000
func@0x140114cf7,0.004000,0.004000,0.0,0.0,0.0,0.0,0.0,0.0,0.0,0.0,0.0,0.0,0.0,0.0,0.0,0.0,0.0,0.0,0.0,,,32945000,0.181818,1497601117.000000
func@0x140258630,0.004000,0.004000,0.0,0.0,0.0,0.0,0.0,0.0,0.0,0.0,,0.0,,,,0.0,0.0,0.0,0.0,SSE(128),,17970000,0.333333,1497601117.000000
func@0x1402e31ed,0.004000,0.004000,0.0,0.0,0.0,0.0,47.7,0.0,0.0,0.0,0.0,0.0,,,,0.0,0.0,0.0,0.0,,,5990000,3.500000,5241603909.500000
func@0x140300b80,0.004000,0.004000,0.0,0.0,,,100.0,0.0,0.0,100.0,,0.0,0.0,0.0,0.0,0.0,0.0,0.0,0.0,SSE(128),,11980000,0.500000,1497601117.000000
func@0x140363a62,0.004000,0.004000,0.0,0.0,100.0,100.0,,0.0,,0.0,0.0,0.0,0.0,0.0,0.0,0.0,0.0,0.0,0.0,SSE(128),,0,0.0,0.0
func@0x140396000,0.004000,0.004000,0.0,0.0,,,55.6,55.6,0.0,0.0,0.0,0.0,0.0,0.0,0.0,0.0,0.0,0.0,0.0,,,0,,2246401675.500000
func@0x1404e9f58,0.004000,0.004000,0.0,0.0,0.0,0.0,0.0,0.0,0.0,0.0,,0.0,,,,0.0,0.0,0.0,0.0,,,5990000,1.500000,2246401675.500000
operator&,0.004000,0.004000,0.0,0.0,0.0,0.0,0.0,0.0,0.0,0.0,0.0,0.0,0.0,0.0,0.0,0.0,0.0,0.0,0.0,,,8985000,1.333333,2995202234.000000
operator+,0.004000,0.004000,0.0,0.0,0.0,0.0,0.0,0.0,13.9,0.0,,0.0,0.0,0.0,0.0,0.0,0.0,0.0,0.0,,,59900000,0.600000,8985606702.000000
operator+,0.004000,0.004000,0.0,0.0,0.0,0.0,0.0,18.5,0.0,0.0,0.0,0.0,0.0,0.0,0.0,0.0,0.0,0.0,0.0,,,275540000,0.097826,6739205026.500000
operator+,0.004000,0.004000,0.0,0.0,0.0,0.0,0.0,0.0,0.0,0.0,0.0,0.0,0.0,0.0,0.0,0.0,0.0,0.0,0.0,,,68885000,0.347826,5990404468.000000
operator+,0.004000,0.004000,0.0,0.0,100.0,100.0,0.0,0.0,0.0,0.0,0.0,0.0,0.0,0.0,0.0,0.0,0.0,0.0,0.0,,,26955000,0.555556,3744002792.500000
operator+=,0.004000,0.004000,0.0,0.0,0.0,0.0,0.0,0.0,0.0,0.0,0.0,0.0,0.0,0.0,0.0,0.0,0.0,0.0,0.0,,,35940000,0.666667,5990404468.000000
operator+=,0.004000,0.004000,0.0,0.0,0.0,0.0,0.0,83.5,0.0,0.0,,0.0,0.0,0.0,0.0,0.0,0.0,0.0,0.0,,,2995000,4.000000,2995202234.000000
operator+=,0.004000,0.004000,0.0,0.0,0.0,0.0,0.0,0.0,0.0,0.0,,0.0,0.0,0.0,0.0,0.0,0.0,0.0,0.0,,,185690000,0.080645,3744002792.500000
operator+=,0.004000,0.004000,0.0,0.0,0.0,0.0,0.0,0.0,0.0,0.0,0.0,0.0,0.0,0.0,0.0,0.0,0.0,0.0,0.0,,,140765000,0.170213,5990404468.000000
operator-,0.004000,0.004000,0.0,0.0,0.0,0.0,0.0,55.6,0.0,0.0,,0.0,0.0,0.0,0.0,0.0,0.0,0.0,0.0,,,44925000,0.200000,2246401675.500000
operator>=,0.004000,0.004000,0.0,0.0,0.0,0.0,0.0,0.0,0.0,0.0,0.0,0.0,0.0,0.0,0.0,0.0,0.0,0.0,0.0,,,23960000,0.375000,2246401675.500000
std::_Static_partition_team<__int64>::_Get_next_key,0.004000,0.004000,0.0,0.0,100.0,100.0,95.4,0.0,47.7,0.0,40.1,100.0,0.0,10.0,0.0,0.0,0.0,0.0,0.0,,,0,,6739205026.500000
std::_Static_partition_team<__int64>::_Get_next_key,0.004000,0.004000,0.0,0.0,0.0,0.0,,,0.0,0.0,60.1,0.0,0.0,0.0,0.0,0.0,0.0,0.0,0.0,,,0,,748800558.500000
"std::_Tree<std::_Tset_traits<boost::archive::detail::basic_iarchive_impl::cobject_type,std::less<boost::archive::detail::basic_iarchive_impl::cobject_type>,std::allocator<boost::archive::detail::basic_iarchive_impl::cobject_type>,0> >::insert",0.004000,0.004000,0.0,0.0,0.0,0.0,0.0,0.0,0.0,0.0,0.0,0.0,0.0,0.0,0.0,0.0,0.0,0.0,0.0,SSE(128),,131780000,0.295455,9734407260.500000
"std::array<Bitboard,8>::operator[]",0.004000,0.004000,0.0,0.0,0.0,0.0,0.0,0.0,0.0,0.0,0.0,0.0,0.0,0.0,0.0,0.0,0.0,0.0,0.0,,,26955000,0.888889,5990404468.000000
"std::array<int,64>::operator[]",0.004000,0.004000,0.0,0.0,0.0,0.0,0.0,0.0,0.0,0.0,0.0,0.0,0.0,0.0,0.0,0.0,0.0,0.0,0.0,,,137770000,0.239130,8236806143.500000
std::clamp,0.004000,0.004000,0.0,0.0,0.0,0.0,0.0,0.0,0.0,0.0,0.0,0.0,0.0,0.0,0.0,0.0,0.0,0.0,0.0,,,68885000,0.347826,5990404468.000000
typeOf,0.004000,0.004000,0.0,0.0,0.0,0.0,66.8,0.0,0.0,0.0,0.0,0.0,0.0,0.0,0.0,0.0,0.0,0.0,0.0,,,44925000,0.333333,3744002792.500000
Bitboard::operator bool,0.003000,0.003000,0.0,0.0,0.0,0.0,100.0,0.0,0.0,0.0,0.0,0.0,0.0,0.0,0.0,0.0,0.0,0.0,0.0,,,53910000,0.055556,998400744.666667
Bitboard::operator&=,0.003000,0.003000,0.0,0.0,0.0,0.0,0.0,0.0,0.0,0.0,0.0,0.0,0.0,0.0,0.0,0.0,0.0,0.0,0.0,,,23960000,0.125000,998400744.666667
Bitboard::operator^=,0.003000,0.003000,0.0,0.0,20.0,20.0,0.0,0.0,0.0,0.0,0.0,50.1,0.0,0.0,0.0,0.0,0.0,0.0,0.0,,,179700000,0.300000,17971213404.000000
KeClockInterruptNotify,0.003000,0.003000,0.0,0.0,0.0,0.0,0.0,0.0,0.0,0.0,0.0,0.0,0.0,0.0,0.0,0.0,0.0,0.0,0.0,,,0,,2995202234.000000
Move::encode,0.003000,0.003000,0.0,0.0,0.0,0.0,0.0,0.0,0.0,0.0,0.0,0.0,0.0,0.0,0.0,0.0,0.0,0.0,0.0,,,20965000,0.714286,4992003723.333334
Move::operator==,0.003000,0.003000,0.0,0.0,0.0,0.0,0.0,0.0,0.0,0.0,,0.0,,0.0,0.0,0.0,0.0,0.0,0.0,,,41930000,0.642857,8985606702.000000
Move::operator==,0.003000,0.003000,0.0,0.0,0.0,0.0,0.0,0.0,0.0,0.0,0.0,0.0,0.0,0.0,0.0,0.0,0.0,0.0,0.0,,,11980000,0.500000,1996801489.333333
Move::operator==,0.003000,0.003000,0.0,0.0,0.0,0.0,0.0,0.0,12.8,0.0,0.0,0.0,0.0,0.0,0.0,0.0,0.0,0.0,0.0,,,59900000,0.650000,12979209680.666666
Move::type,0.003000,0.003000,0.0,0.0,0.0,0.0,0.0,0.0,0.0,0.0,,0.0,0.0,0.0,0.0,0.0,0.0,0.0,0.0,,,23960000,0.125000,998400744.666667
Position::getPiece,0.003000,0.003000,0.0,0.0,0.0,0.0,0.0,0.0,0.0,0.0,0.0,0.0,0.0,0.0,0.0,0.0,0.0,0.0,0.0,,,2995000,2.000000,1996801489.333333
RtlCopyMemory,0.003000,0.003000,0.0,0.0,0.0,0.0,0.0,83.5,0.0,0.0,20.0,0.0,0.0,0.0,0.0,0.0,0.0,0.0,0.0,SSE(128),,5990000,1.500000,2995202234.000000
Search::thread,0.003000,0.003000,0.0,0.0,0.0,0.0,0.0,0.0,0.0,0.0,0.0,0.0,0.0,0.0,0.0,0.0,0.0,0.0,0.0,,,14975000,0.400000,1996801489.333333
Square::pawnPush,0.003000,0.003000,0.0,0.0,0.0,0.0,0.0,0.0,0.0,0.0,,0.0,,,,0.0,0.0,0.0,0.0,,,47920000,0.312500,4992003723.333334
Square::{ctor},0.003000,0.003000,0.0,0.0,0.0,0.0,0.0,0.0,0.0,0.0,0.0,0.0,0.0,0.0,0.0,0.0,0.0,0.0,0.0,,,2995000,0.0,0.0
StaticMoveList<128>::push_back,0.003000,0.003000,0.0,0.0,0.0,0.0,27.8,27.8,0.0,0.0,0.0,0.0,0.0,0.0,0.0,0.0,0.0,0.0,0.0,,,5990000,3.000000,5990404468.000000
StaticMoveList<256>::empty,0.003000,0.003000,0.0,0.0,0.0,0.0,0.0,0.0,0.0,0.0,0.0,0.0,0.0,0.0,0.0,0.0,0.0,0.0,0.0,,,86855000,0.206897,5990404468.000000
StaticMoveList<256>::push_back,0.003000,0.003000,0.0,0.0,0.0,0.0,0.0,0.0,0.0,0.0,0.0,0.0,0.0,0.0,0.0,0.0,0.0,0.0,0.0,,,41930000,0.214286,2995202234.000000
Value::isCheckMate,0.003000,0.003000,0.0,0.0,0.0,0.0,0.0,0.0,0.0,0.0,,0.0,0.0,0.0,0.0,0.0,0.0,0.0,0.0,,,29950000,0.900000,8985606702.000000
[Loop@0x180075d79 in func@0x180075a90],0.003000,0.003000,0.0,0.0,0.0,0.0,0.0,0.0,0.0,100.0,80.1,0.0,0.0,0.0,0.0,0.0,0.0,0.0,0.0,SSE(128),,0,,1996801489.333333
boost::serialization::extended_type_info::operator<,0.003000,0.003000,0.0,0.0,0.0,0.0,0.0,0.0,0.0,0.0,0.0,0.0,0.0,0.0,0.0,0.0,0.0,0.0,0.0,,,38935000,0.538462,6988805212.666667
func@0x14002706b,0.003000,0.003000,0.0,0.0,0.0,0.0,0.0,27.8,13.9,13.9,0.0,0.0,0.0,0.0,0.0,0.0,0.0,0.0,0.0,,,2995000,12.000000,11980808936.000000
func@0x1402450fb,0.003000,0.003000,0.0,0.0,0.0,0.0,0.0,0.0,0.0,0.0,,0.0,,,,0.0,0.0,0.0,0.0,,,2995000,1.000000,998400744.666667
func@0x1402786e0,0.003000,0.003000,0.0,0.0,100.0,100.0,0.0,0.0,33.4,0.0,0.0,0.0,0.0,0.0,0.0,0.0,0.0,0.0,0.0,SSE(128),,14975000,1.200000,5990404468.000000
func@0x1402a8b00,0.003000,0.003000,0.0,0.0,0.0,0.0,0.0,0.0,0.0,0.0,0.0,0.0,0.0,0.0,0.0,0.0,0.0,0.0,0.0,,,23960000,0.125000,998400744.666667
func@0x1402eab70,0.003000,0.003000,0.0,0.0,0.0,0.0,0.0,0.0,0.0,0.0,0.0,0.0,20.0,0.0,0.0,0.0,0.0,0.0,0.0,SSE(128),,2995000,2.000000,1996801489.333333
func@0x140301c20,0.003000,0.003000,0.0,0.0,0.0,0.0,0.0,0.0,0.0,0.0,,0.0,0.0,0.0,0.0,0.0,0.0,0.0,0.0,SSE(128),,2995000,4.000000,3993602978.666667
func@0x1406bd983,0.003000,0.003000,0.0,0.0,0.0,0.0,0.0,0.0,41.7,0.0,0.0,0.0,0.0,0.0,0.0,0.0,0.0,0.0,0.0,SSE(128),,2995000,6.000000,5990404468.000000
func@0x180011200,0.003000,0.003000,0.0,0.0,0.0,0.0,66.8,0.0,33.4,0.0,,0.0,0.0,0.0,0.0,0.0,0.0,0.0,0.0,AVX(256); SSE2(128),,38935000,0.384615,4992003723.333334
func@0x18001d400,0.003000,0.003000,0.0,0.0,50.0,50.0,0.0,83.5,0.0,0.0,10.0,0.0,0.0,0.0,0.0,0.0,0.0,0.0,0.0,,,59900000,0.300000,5990404468.000000
operator&,0.003000,0.003000,0.0,0.0,0.0,0.0,0.0,0.0,0.0,0.0,0.0,0.0,0.0,0.0,0.0,0.0,0.0,0.0,0.0,,,26955000,0.222222,1996801489.333333
operator&,0.003000,0.003000,0.0,0.0,0.0,0.0,0.0,0.0,0.0,0.0,0.0,0.0,0.0,0.0,0.0,0.0,0.0,0.0,0.0,,,95840000,0.250000,7987205957.333333
operator&,0.003000,0.003000,0.0,0.0,0.0,0.0,0.0,41.7,41.7,0.0,0.0,0.0,0.0,0.0,0.0,0.0,0.0,0.0,0.0,,,20965000,0.571429,3993602978.666667
operator&,0.003000,0.003000,0.0,0.0,0.0,0.0,0.0,0.0,0.0,0.0,0.0,0.0,0.0,0.0,0.0,0.0,0.0,0.0,0.0,,,5990000,0.500000,998400744.666667
operator+,0.003000,0.003000,0.0,0.0,0.0,0.0,0.0,0.0,0.0,0.0,0.0,0.0,0.0,0.0,0.0,0.0,0.0,0.0,0.0,,,44925000,0.333333,4992003723.333334
operator+,0.003000,0.003000,0.0,0.0,0.0,0.0,0.0,0.0,0.0,0.0,0.0,0.0,0.0,0.0,0.0,0.0,0.0,0.0,0.0,,,74875000,0.440000,10982408191.333332
operator-,0.003000,0.003000,0.0,0.0,0.0,0.0,30.4,0.0,0.0,0.0,0.0,0.0,0.0,0.0,0.0,0.0,0.0,0.0,0.0,,,98835000,0.363636,11980808936.000000
operator-,0.003000,0.003000,0.0,0.0,0.0,0.0,0.0,0.0,0.0,0.0,0.0,0.0,0.0,0.0,0.0,0.0,0.0,0.0,0.0,,,2995000,0.0,0.0
operator-,0.003000,0.003000,0.0,0.0,0.0,0.0,83.5,0.0,0.0,0.0,0.0,0.0,20.0,0.0,0.0,0.0,0.0,0.0,0.0,,,11980000,1.250000,4992003723.333334
operator|,0.003000,0.003000,0.0,0.0,0.0,0.0,0.0,0.0,0.0,0.0,0.0,0.0,0.0,0.0,0.0,0.0,0.0,0.0,0.0,,,32945000,0.454545,4992003723.333334
operator|,0.003000,0.003000,0.0,0.0,0.0,0.0,0.0,0.0,0.0,0.0,0.0,0.0,,,,0.0,0.0,0.0,0.0,,,68885000,0.347826,7987205957.333333
operator|,0.003000,0.003000,0.0,0.0,0.0,0.0,0.0,0.0,0.0,0.0,0.0,0.0,0.0,0.0,0.0,0.0,0.0,0.0,0.0,,,23960000,0.625000,4992003723.333334
operator|,0.003000,0.003000,0.0,0.0,0.0,0.0,0.0,0.0,0.0,0.0,0.0,0.0,0.0,0.0,0.0,0.0,0.0,0.0,0.0,,,35940000,0.333333,3993602978.666667
operator~,0.003000,0.003000,0.0,0.0,0.0,0.0,0.0,0.0,0.0,0.0,0.0,0.0,0.0,0.0,0.0,0.0,0.0,0.0,0.0,,,20965000,0.285714,1996801489.333333
"std::_List_node<std::pair<unsigned __int64 const ,BookEntry>,void *>::_Freenode",0.003000,0.003000,0.0,0.0,,,100.0,0.0,0.0,0.0,0.0,0.0,0.0,0.0,0.0,0.0,0.0,0.0,0.0,,,5990000,2.500000,4992003723.333334
std::_Static_partition_team<__int64>::_Get_next_key,0.003000,0.003000,0.0,0.0,0.0,0.0,0.0,83.5,83.5,0.0,,0.0,0.0,,0.0,0.0,0.0,0.0,0.0,,,0,,1996801489.333333
"std::array<Bitboard,64>::operator[]",0.003000,0.003000,0.0,0.0,0.0,0.0,0.0,0.0,0.0,0.0,0.0,0.0,0.0,0.0,0.0,0.0,0.0,0.0,0.0,,,20965000,0.285714,1996801489.333333
"std::array<Bitboard,64>::operator[]",0.003000,0.003000,0.0,0.0,0.0,0.0,0.0,0.0,0.0,0.0,0.0,0.0,0.0,0.0,0.0,0.0,0.0,0.0,0.0,,,20965000,0.285714,1996801489.333333
"std::array<Bitboard,8>::operator[]",0.003000,0.003000,0.0,0.0,0.0,0.0,0.0,0.0,0.0,0.0,0.0,0.0,0.0,0.0,0.0,0.0,0.0,0.0,0.0,,,2995000,0.0,0.0
"std::array<int,64>::operator[]",0.003000,0.003000,0.0,0.0,0.0,0.0,0.0,0.0,0.0,0.0,0.0,0.0,0.0,0.0,0.0,0.0,0.0,0.0,0.0,,,62895000,0.142857,2995202234.000000
std::countr_zero,0.003000,0.003000,0.0,0.0,0.0,0.0,0.0,0.0,0.0,0.0,0.0,0.0,0.0,0.0,0.0,0.0,0.0,0.0,0.0,,,98835000,0.212121,6988805212.666667
std::max,0.003000,0.003000,0.0,0.0,0.0,0.0,0.0,0.0,0.0,0.0,0.0,0.0,0.0,0.0,0.0,0.0,0.0,0.0,0.0,,,20965000,1.428571,9984007446.666668
std::min,0.003000,0.003000,0.0,0.0,0.0,0.0,0.0,0.0,0.0,0.0,0.0,0.0,0.0,0.0,0.0,0.0,0.0,0.0,0.0,,,23960000,0.250000,1996801489.333333
"std::unique_ptr<PawnTT::Entry [0],std::default_delete<PawnTT::Entry [0]> >::operator[]",0.003000,0.003000,0.0,0.0,0.0,0.0,0.0,0.0,0.0,11.9,,0.0,0.0,0.0,0.0,0.0,0.0,0.0,0.0,,,2995000,14.000000,13977610425.333334
"std::unique_ptr<TT::Entry [0],std::default_delete<TT::Entry [0]> >::operator[]",0.003000,0.003000,0.0,0.0,0.0,0.0,0.0,0.0,0.0,0.0,0.0,0.0,0.0,0.0,0.0,0.0,0.0,0.0,0.0,,,38935000,0.307692,3993602978.666667
typeOf,0.003000,0.003000,0.0,0.0,0.0,0.0,0.0,0.0,0.0,0.0,0.0,0.0,0.0,0.0,0.0,0.0,0.0,0.0,0.0,,,23960000,0.250000,1996801489.333333
wcsnicmp,0.003000,0.003000,0.0,0.0,0.0,0.0,0.0,0.0,0.0,0.0,,0.0,0.0,0.0,0.0,0.0,0.0,0.0,0.0,,,44925000,0.200000,2995202234.000000
Attacks::detail::Magic::index,0.002000,0.002000,0.0,0.0,0.0,0.0,0.0,0.0,0.0,0.0,0.0,0.0,40.1,0.0,0.0,0.0,0.0,0.0,0.0,,,8985000,1.000000,4492803351.000000
Bitboard::operator|=,0.002000,0.002000,0.0,0.0,0.0,0.0,0.0,0.0,0.0,0.0,0.0,0.0,0.0,0.0,0.0,0.0,0.0,0.0,0.0,,,50915000,0.235294,5990404468.000000
Bitboard::operator|=,0.002000,0.002000,0.0,0.0,0.0,0.0,0.0,0.0,0.0,0.0,0.0,0.0,0.0,0.0,0.0,0.0,0.0,0.0,0.0,,,14975000,0.400000,2995202234.000000
Bitboard::operator|=,0.002000,0.002000,0.0,0.0,0.0,0.0,0.0,0.0,0.0,0.0,0.0,0.0,0.0,0.0,0.0,0.0,0.0,0.0,0.0,,,14975000,2.000000,14976011170.000000
Bitboard::operator~,0.002000,0.002000,0.0,0.0,0.0,0.0,0.0,0.0,0.0,0.0,0.0,0.0,0.0,0.0,0.0,0.0,0.0,0.0,0.0,,,44925000,0.933333,20966415638.000000
Bitboard::operator~,0.002000,0.002000,0.0,0.0,0.0,0.0,0.0,0.0,0.0,0.0,0.0,0.0,0.0,0.0,0.0,0.0,0.0,0.0,0.0,,,14975000,0.600000,4492803351.000000
Bitboard::shifted,0.002000,0.002000,0.0,0.0,0.0,0.0,0.0,83.5,0.0,0.0,0.0,0.0,,0.0,0.0,0.0,0.0,0.0,0.0,,,20965000,0.285714,2995202234.000000
CastlingRights::isEmpty,0.002000,0.002000,0.0,0.0,0.0,0.0,0.0,0.0,0.0,0.0,0.0,0.0,0.0,0.0,0.0,0.0,0.0,0.0,0.0,,,2995000,1.000000,1497601117.000000
ExAcquireCacheAwarePushLockSharedEx,0.002000,0.002000,0.0,0.0,0.0,0.0,0.0,0.0,0.0,0.0,0.0,0.0,0.0,0.0,0.0,0.0,0.0,0.0,0.0,,,11980000,0.750000,4492803351.000000
KeRemoveQueueEx,0.002000,0.002000,0.0,0.0,0.0,0.0,0.0,,,0.0,0.0,0.0,0.0,60.1,0.0,0.0,0.0,0.0,0.0,,,0,,1497601117.000000
Move::encode,0.002000,0.002000,0.0,0.0,0.0,0.0,0.0,0.0,0.0,0.0,0.0,0.0,0.0,0.0,0.0,0.0,0.0,0.0,0.0,,,14975000,1.000000,7488005585.000000
Move::operator==,0.002000,0.002000,0.0,0.0,0.0,0.0,0.0,0.0,0.0,0.0,0.0,0.0,0.0,0.0,0.0,0.0,0.0,0.0,0.0,,,26955000,0.777778,10483207819.000000
Move::setValue,0.002000,0.002000,0.0,0.0,0.0,0.0,0.0,0.0,0.0,0.0,0.0,0.0,0.0,0.0,0.0,0.0,0.0,0.0,0.0,,,50915000,0.235294,5990404468.000000
Move::stripped,0.002000,0.002000,0.0,0.0,0.0,0.0,0.0,0.0,0.0,0.0,0.0,0.0,0.0,0.0,0.0,0.0,0.0,0.0,0.0,,,26955000,0.111111,1497601117.000000
Move::to,0.002000,0.002000,0.0,0.0,0.0,0.0,0.0,0.0,0.0,0.0,0.0,0.0,0.0,0.0,0.0,0.0,0.0,0.0,0.0,,,35940000,0.333333,5990404468.000000
Move::type,0.002000,0.002000,0.0,0.0,0.0,0.0,0.0,0.0,0.0,0.0,,0.0,0.0,0.0,0.0,0.0,0.0,0.0,0.0,,,0,0.0,0.0
Move::{ctor},0.002000,0.002000,0.0,0.0,0.0,0.0,0.0,0.0,0.0,0.0,0.0,0.0,0.0,0.0,0.0,0.0,0.0,0.0,0.0,,,0,,2995202234.000000
PVTable::clear,0.002000,0.002000,0.0,0.0,0.0,0.0,0.0,0.0,0.0,0.0,0.0,0.0,0.0,0.0,0.0,0.0,0.0,0.0,0.0,,,2995000,1.000000,1497601117.000000
PawnTT::put,0.002000,0.002000,0.0,0.0,0.0,0.0,0.0,0.0,0.0,0.0,0.0,0.0,0.0,0.0,0.0,0.0,0.0,0.0,0.0,AVX(128),,29950000,0.500000,7488005585.000000
Position::doNullMove,0.002000,0.002000,0.0,0.0,0.0,0.0,0.0,0.0,0.0,0.0,0.0,0.0,0.0,0.0,0.0,0.0,0.0,0.0,0.0,,,38935000,0.538462,10483207819.000000
Position::getEndPosValue,0.002000,0.002000,0.0,0.0,50.0,50.0,0.0,0.0,0.0,27.8,0.0,0.0,0.0,0.0,0.0,0.0,0.0,0.0,0.0,,,161730000,0.111111,8985606702.000000
Position::getOccupiedBb,0.002000,0.002000,0.0,0.0,0.0,0.0,0.0,0.0,0.0,0.0,0.0,0.0,0.0,0.0,0.0,0.0,0.0,0.0,0.0,,,8985000,1.000000,4492803351.000000
Position::getPiece,0.002000,0.002000,0.0,0.0,0.0,0.0,0.0,0.0,0.0,0.0,0.0,0.0,0.0,0.0,0.0,0.0,0.0,0.0,0.0,,,14975000,0.0,0.0
Position::getPiece,0.002000,0.002000,0.0,0.0,0.0,0.0,0.0,0.0,0.0,0.0,0.0,0.0,0.0,0.0,0.0,0.0,0.0,0.0,0.0,,,8985000,0.666667,2995202234.000000
Position::getPieceBb,0.002000,0.002000,0.0,0.0,0.0,0.0,0.0,0.0,0.0,0.0,0.0,0.0,0.0,0.0,0.0,0.0,0.0,0.0,0.0,,,44925000,0.333333,7488005585.000000
Position::getPieceBb,0.002000,0.002000,0.0,0.0,0.0,0.0,0.0,0.0,0.0,0.0,0.0,0.0,0.0,0.0,0.0,0.0,0.0,0.0,0.0,,,23960000,0.125000,1497601117.000000
Rank::promotionFor,0.002000,0.002000,0.0,0.0,0.0,0.0,0.0,0.0,0.0,0.0,0.0,0.0,0.0,0.0,0.0,0.0,0.0,0.0,0.0,,,38935000,0.230769,4492803351.000000
RtlFreeHeap,0.002000,0.002000,0.0,0.0,100.0,100.0,0.0,33.4,0.0,0.0,0.0,0.0,0.0,0.0,0.0,0.0,0.0,0.0,0.0,,,56905000,0.315789,8985606702.000000
StaticMoveList<256>::push_back,0.002000,0.002000,0.0,0.0,0.0,0.0,0.0,0.0,0.0,0.0,0.0,0.0,0.0,0.0,0.0,0.0,0.0,0.0,0.0,,,0,0.0,0.0
Value::operator int,0.002000,0.002000,0.0,0.0,0.0,0.0,0.0,0.0,0.0,0.0,0.0,0.0,0.0,0.0,0.0,0.0,0.0,0.0,0.0,,,20965000,0.714286,7488005585.000000
Value::operator int,0.002000,0.002000,0.0,0.0,0.0,0.0,0.0,0.0,0.0,0.0,0.0,0.0,0.0,0.0,0.0,0.0,0.0,0.0,0.0,,,8985000,0.333333,1497601117.000000
Value::{ctor},0.002000,0.002000,0.0,0.0,0.0,0.0,0.0,0.0,0.0,0.0,0.0,0.0,0.0,0.0,0.0,0.0,0.0,0.0,0.0,,,2995000,0.0,0.0
Value::{ctor},0.002000,0.002000,0.0,0.0,0.0,0.0,0.0,0.0,0.0,0.0,0.0,0.0,0.0,0.0,0.0,0.0,0.0,0.0,0.0,,,26955000,0.444444,5990404468.000000
[Loop at line 1704 in decompress_pairs],0.002000,0.002000,0.0,0.0,0.0,0.0,0.0,0.0,0.0,0.0,0.0,0.0,0.0,0.0,0.0,0.0,0.0,0.0,0.0,,,11980000,0.750000,4492803351.000000
[Loop at line 577 in Position::checkRepetitions],0.002000,0.002000,0.0,0.0,0.0,0.0,0.0,100.0,0.0,0.0,,,0.0,0.0,0.0,0.0,0.0,0.0,0.0,,,0,,4492803351.000000
"[Loop at line 8018 in std::ranges::_Inplace_merge_buffer_right<Move *,moveValueGreaterComparator,std::identity>]",0.002000,0.002000,0.0,0.0,0.0,0.0,0.0,0.0,0.0,0.0,0.0,0.0,0.0,0.0,0.0,0.0,0.0,0.0,0.0,,,5990000,3.500000,10483207819.000000
[Loop at line 874 in MoveGenerator::generateKingMoves],0.002000,0.002000,0.0,0.0,0.0,0.0,0.0,0.0,0.0,0.0,0.0,0.0,0.0,0.0,0.0,0.0,0.0,0.0,0.0,,,35940000,0.333333,5990404468.000000
[Loop@0x140115764 in func@0x140115460],0.002000,0.002000,0.0,0.0,0.0,0.0,0.0,0.0,0.0,0.0,0.0,0.0,0.0,0.0,0.0,0.0,0.0,0.0,0.0,,,2995000,0.0,0.0
[Loop@0x140212b18 in func@0x140212a50],0.002000,0.002000,0.0,0.0,0.0,0.0,0.0,0.0,0.0,0.0,0.0,0.0,0.0,0.0,0.0,0.0,0.0,0.0,0.0,SSE(128),,32945000,0.0,0.0
[Loop@0x140258fa2 in func@0x140258630],0.002000,0.002000,0.0,0.0,0.0,0.0,0.0,0.0,0.0,0.0,0.0,0.0,0.0,0.0,0.0,0.0,0.0,0.0,0.0,,,0,0.0,0.0
[Loop@0x1402781f1 in func@0x140278160],0.002000,0.002000,0.0,0.0,0.0,0.0,0.0,0.0,0.0,0.0,,0.0,0.0,0.0,0.0,0.0,0.0,0.0,0.0,SSE(128),,5990000,0.0,0.0
[Loop@0x1402b6e10 in func@0x1402b6d00],0.002000,0.002000,0.0,0.0,0.0,0.0,0.0,0.0,0.0,0.0,0.0,0.0,0.0,0.0,0.0,0.0,0.0,0.0,0.0,SSE(128),,20965000,0.285714,2995202234.000000
[Loop@0x1402ba707 in func@0x1402ba66c],0.002000,0.002000,0.0,0.0,0.0,0.0,0.0,0.0,0.0,0.0,0.0,0.0,0.0,0.0,0.0,0.0,0.0,0.0,0.0,,,0,,2995202234.000000
[Loop@0x1402de71b in func@0x1402de680],0.002000,0.002000,0.0,0.0,,,0.0,83.5,0.0,0.0,0.0,0.0,0.0,0.0,0.0,0.0,0.0,0.0,0.0,,,0,,2995202234.000000
[Loop@0x1402de742 in func@0x1402de680],0.002000,0.002000,0.0,0.0,0.0,0.0,0.0,100.0,0.0,0.0,0.0,0.0,0.0,0.0,0.0,0.0,0.0,0.0,0.0,,,0,,2995202234.000000
[Loop@0x140309c7e in func@0x140309c30],0.002000,0.002000,0.0,0.0,,,0.0,0.0,83.5,0.0,0.0,0.0,,,,0.0,0.0,0.0,0.0,SSE(128),,0,,5990404468.000000
[Loop@0x140399770 in func@0x1403996f0],0.002000,0.002000,0.0,0.0,100.0,100.0,0.0,47.7,0.0,23.8,0.0,0.0,0.0,0.0,0.0,0.0,0.0,0.0,0.0,,,2995000,7.000000,10483207819.000000
[Loop@0x1404018a2 in FsRtlDissectName],0.002000,0.002000,0.0,0.0,0.0,0.0,0.0,0.0,0.0,0.0,,0.0,0.0,,0.0,0.0,0.0,0.0,0.0,,,2995000,0.0,0.0
[Loop@0x1404fe439 in wcsnicmp],0.002000,0.002000,0.0,0.0,0.0,0.0,0.0,0.0,0.0,0.0,0.0,0.0,0.0,0.0,0.0,0.0,0.0,0.0,0.0,,,146755000,0.204082,14976011170.000000
[Loop@0x1406c0298 in func@0x1406c0240],0.002000,0.002000,0.0,0.0,0.0,0.0,0.0,0.0,0.0,0.0,,0.0,0.0,0.0,0.0,0.0,0.0,0.0,0.0,SSE(128),,0,0.0,0.0
[Loop@0x18001d5a0 in func@0x18001d400],0.002000,0.002000,0.0,0.0,50.0,50.0,0.0,0.0,0.0,23.8,,0.0,,,,0.0,0.0,0.0,0.0,,,77870000,0.269231,10483207819.000000
[Loop@0x18007604d in func@0x180075a90],0.002000,0.002000,0.0,0.0,100.0,100.0,0.0,0.0,55.6,0.0,20.0,0.0,0.0,0.0,6.7,0.0,0.0,0.0,0.0,SSE(128),,0,,8985606702.000000
[Loop@0x180094cf0 in func@0x180094c9b],0.002000,0.002000,0.0,0.0,0.0,0.0,0.0,0.0,0.0,0.0,0.0,0.0,0.0,0.0,0.0,0.0,0.0,0.0,0.0,,,0,,1497601117.000000
_std_type_info_compare,0.002000,0.002000,0.0,0.0,0.0,0.0,0.0,0.0,0.0,0.0,0.0,0.0,0.0,0.0,0.0,0.0,0.0,0.0,0.0,,,5990000,1.000000,2995202234.000000
boost::archive::detail::basic_iarchive::load_object,0.002000,0.002000,0.0,0.0,0.0,0.0,0.0,0.0,0.0,0.0,0.0,0.0,0.0,0.0,0.0,0.0,0.0,0.0,0.0,,,23960000,0.500000,5990404468.000000
"boost::archive::detail::iserializer<class boost::archive::binary_iarchive,class std::vector<class Move,class std::allocator<class Move> > >::load_object_data",0.002000,0.002000,0.0,0.0,0.0,0.0,0.0,0.0,0.0,0.0,0.0,0.0,0.0,0.0,0.0,0.0,0.0,0.0,0.0,,,2995000,0.0,0.0
"boost::serialization::stl::collection_load_impl<class boost::archive::binary_iarchive,class std::vector<class Move,class std::allocator<class Move> > >",0.002000,0.002000,0.0,0.0,0.0,0.0,0.0,0.0,0.0,0.0,0.0,0.0,0.0,0.0,0.0,0.0,0.0,0.0,0.0,,,0,,1497601117.000000
func@0x140223cf0,0.002000,0.002000,0.0,0.0,0.0,0.0,0.0,0.0,0.0,0.0,0.0,0.0,0.0,0.0,0.0,0.0,0.0,0.0,0.0,SSE(128); SSE2(128),,0,,2995202234.000000
func@0x140246bc0,0.002000,0.002000,0.0,0.0,0.0,0.0,0.0,0.0,0.0,100.0,0.0,0.0,0.0,0.0,0.0,0.0,0.0,0.0,0.0,,,5990000,1.000000,2995202234.000000
func@0x14024e810,0.002000,0.002000,0.0,0.0,0.0,0.0,0.0,0.0,0.0,0.0,0.0,0.0,0.0,0.0,0.0,0.0,0.0,0.0,0.0,SSE(128),,0,,4492803351.000000
func@0x14024ec3c,0.002000,0.002000,0.0,0.0,0.0,0.0,0.0,0.0,0.0,0.0,0.0,0.0,0.0,0.0,20.0,0.0,0.0,0.0,0.0,SSE(128),,0,,2995202234.000000
func@0x140277720,0.002000,0.002000,0.0,0.0,50.0,50.0,100.0,0.0,41.7,41.7,0.0,0.0,0.0,20.0,0.0,0.0,0.0,0.0,0.0,,,0,,7488005585.000000
func@0x14027a590,0.002000,0.002000,0.0,0.0,0.0,0.0,0.0,0.0,0.0,0.0,0.0,0.0,0.0,,0.0,0.0,0.0,0.0,0.0,SSE(128),,2995000,0.0,0.0
func@0x140281b8b,0.002000,0.002000,0.0,0.0,0.0,0.0,0.0,0.0,0.0,0.0,0.0,0.0,,,,0.0,0.0,0.0,0.0,,,5990000,1.500000,4492803351.000000
func@0x140299133,0.002000,0.002000,0.0,0.0,0.0,0.0,0.0,0.0,0.0,0.0,0.0,0.0,,,,0.0,0.0,0.0,0.0,,,0,0.0,0.0
func@0x1402abdb0,0.002000,0.002000,0.0,0.0,0.0,0.0,100.0,0.0,0.0,23.8,0.0,0.0,0.0,0.0,0.0,0.0,0.0,0.0,0.0,,,8985000,2.333333,10483207819.000000
func@0x1402ba110,0.002000,0.002000,0.0,0.0,0.0,0.0,0.0,,,0.0,0.0,0.0,0.0,0.0,0.0,0.0,0.0,0.0,0.0,,,0,,1497601117.000000
func@0x1402e3a5d,0.002000,0.002000,0.0,0.0,0.0,0.0,,,0.0,0.0,0.0,0.0,0.0,0.0,0.0,0.0,0.0,0.0,0.0,,,0,,1497601117.000000
func@0x14030f980,0.002000,0.002000,0.0,0.0,100.0,100.0,0.0,0.0,0.0,0.0,,0.0,,,,0.0,0.0,0.0,0.0,SSE(128),,14975000,0.0,0.0
func@0x14031d3a0,0.002000,0.002000,0.0,0.0,0.0,0.0,0.0,83.5,0.0,0.0,0.0,0.0,,,,0.0,0.0,0.0,0.0,SSE(128),,0,,2995202234.000000
func@0x14032fb30,0.002000,0.002000,0.0,0.0,0.0,0.0,0.0,0.0,0.0,0.0,0.0,0.0,0.0,0.0,0.0,0.0,0.0,0.0,0.0,SSE(128); SSE2(128),,0,,4492803351.000000
func@0x140362fc0,0.002000,0.002000,0.0,0.0,0.0,0.0,0.0,0.0,0.0,100.0,20.0,0.0,0.0,0.0,0.0,0.0,0.0,0.0,0.0,,,0,,5990404468.000000
func@0x1406c0240,0.002000,0.002000,0.0,0.0,0.0,0.0,0.0,0.0,0.0,0.0,,0.0,,,,0.0,0.0,0.0,0.0,SSE(128); SSE2(128),,0,0.0,0.0
func@0x14084a410,0.002000,0.002000,0.0,0.0,0.0,0.0,0.0,100.0,0.0,0.0,,100.0,0.0,0.0,0.0,0.0,0.0,0.0,0.0,,,5990000,1.000000,2995202234.000000
func@0x140def930,0.002000,0.002000,0.0,0.0,100.0,100.0,100.0,0.0,0.0,0.0,0.0,0.0,0.0,0.0,0.0,0.0,0.0,0.0,0.0,,,0,,4492803351.000000
func@0x180074d70,0.002000,0.002000,0.0,0.0,0.0,0.0,0.0,0.0,100.0,100.0,,0.0,0.0,0.0,,0.0,0.0,0.0,0.0,SSE2(128),,0,,1497601117.000000
moveValueGreaterComparator::operator(),0.002000,0.002000,0.0,0.0,0.0,0.0,0.0,0.0,0.0,0.0,0.0,0.0,0.0,0.0,0.0,0.0,0.0,0.0,0.0,,,29950000,1.000000,14976011170.000000
operator&,0.002000,0.002000,0.0,0.0,0.0,0.0,0.0,0.0,0.0,0.0,0.0,0.0,0.0,0.0,0.0,0.0,0.0,0.0,0.0,,,44925000,0.333333,7488005585.000000
operator&,0.002000,0.002000,0.0,0.0,0.0,0.0,0.0,0.0,0.0,0.0,0.0,0.0,0.0,0.0,0.0,0.0,0.0,0.0,0.0,,,38935000,0.076923,1497601117.000000
operator&,0.002000,0.002000,0.0,0.0,0.0,0.0,0.0,0.0,0.0,0.0,0.0,0.0,0.0,0.0,0.0,0.0,0.0,0.0,0.0,,,0,,1497601117.000000
operator&,0.002000,0.002000,0.0,0.0,0.0,0.0,0.0,0.0,0.0,0.0,,0.0,0.0,0.0,0.0,0.0,0.0,0.0,0.0,,,5990000,0.0,0.0
operator+,0.002000,0.002000,0.0,0.0,0.0,0.0,0.0,,,0.0,0.0,0.0,0.0,0.0,0.0,0.0,0.0,0.0,0.0,,,8985000,0.0,0.0
operator+=,0.002000,0.002000,0.0,0.0,0.0,0.0,0.0,0.0,0.0,0.0,0.0,0.0,0.0,0.0,0.0,0.0,0.0,0.0,0.0,,,44925000,0.133333,2995202234.000000
operator+=,0.002000,0.002000,0.0,0.0,0.0,0.0,0.0,0.0,0.0,0.0,0.0,0.0,0.0,0.0,0.0,0.0,0.0,0.0,0.0,,,35940000,0.416667,7488005585.000000
operator-,0.002000,0.002000,0.0,0.0,0.0,0.0,0.0,0.0,0.0,0.0,0.0,0.0,0.0,0.0,0.0,0.0,0.0,0.0,0.0,,,5990000,0.0,0.0
operator-,0.002000,0.002000,0.0,0.0,0.0,0.0,0.0,0.0,0.0,0.0,0.0,0.0,0.0,0.0,0.0,0.0,0.0,0.0,0.0,,,11980000,0.0,0.0
operator-,0.002000,0.002000,0.0,0.0,0.0,0.0,0.0,0.0,0.0,0.0,0.0,0.0,0.0,0.0,0.0,0.0,0.0,0.0,0.0,,,11980000,0.250000,1497601117.000000
operator-,0.002000,0.002000,0.0,0.0,0.0,0.0,0.0,0.0,0.0,0.0,0.0,0.0,0.0,0.0,0.0,0.0,0.0,0.0,0.0,,,14975000,0.400000,2995202234.000000
operator-,0.002000,0.002000,0.0,0.0,0.0,0.0,0.0,0.0,0.0,0.0,0.0,0.0,0.0,0.0,0.0,0.0,0.0,0.0,0.0,,,80865000,0.222222,8985606702.000000
operator-,0.002000,0.002000,0.0,0.0,0.0,0.0,0.0,0.0,0.0,0.0,0.0,0.0,0.0,0.0,0.0,0.0,0.0,0.0,0.0,,,59900000,0.450000,13478410053.000000
operator-,0.002000,0.002000,0.0,0.0,0.0,0.0,0.0,0.0,0.0,0.0,0.0,0.0,0.0,0.0,0.0,0.0,0.0,0.0,0.0,,,8985000,0.333333,1497601117.000000
operator-=,0.002000,0.002000,0.0,0.0,0.0,0.0,0.0,0.0,0.0,0.0,0.0,0.0,0.0,0.0,0.0,0.0,0.0,0.0,0.0,,,11980000,0.250000,1497601117.000000
operator^=,0.002000,0.002000,0.0,0.0,0.0,0.0,0.0,0.0,0.0,0.0,0.0,0.0,0.0,0.0,0.0,0.0,0.0,0.0,0.0,,,29950000,0.400000,5990404468.000000
operator|,0.002000,0.002000,0.0,0.0,0.0,0.0,0.0,0.0,0.0,0.0,0.0,0.0,0.0,0.0,0.0,0.0,0.0,0.0,0.0,,,11980000,0.500000,2995202234.000000
operator|,0.002000,0.002000,0.0,0.0,0.0,0.0,0.0,0.0,0.0,0.0,0.0,0.0,0.0,0.0,0.0,0.0,0.0,0.0,0.0,,,14975000,0.400000,2995202234.000000
operator|,0.002000,0.002000,0.0,0.0,0.0,0.0,0.0,0.0,0.0,0.0,0.0,0.0,,,,0.0,0.0,0.0,0.0,,,38935000,0.461538,8985606702.000000
operator|,0.002000,0.002000,0.0,0.0,0.0,0.0,0.0,0.0,0.0,55.6,,0.0,,,,0.0,0.0,0.0,0.0,,,59900000,0.150000,4492803351.000000
operator~,0.002000,0.002000,0.0,0.0,0.0,0.0,0.0,0.0,0.0,0.0,0.0,0.0,0.0,0.0,0.0,0.0,0.0,0.0,0.0,,,0,,2995202234.000000
operator~,0.002000,0.002000,0.0,0.0,0.0,0.0,0.0,0.0,0.0,0.0,0.0,0.0,0.0,0.0,0.0,0.0,0.0,0.0,0.0,,,110815000,0.432432,23961617872.000000
std::_Fnv1a_append_bytes,0.002000,0.002000,0.0,0.0,0.0,0.0,0.0,0.0,0.0,0.0,0.0,0.0,0.0,0.0,0.0,0.0,0.0,0.0,0.0,,,14975000,0.600000,4492803351.000000
"std::_For_each_ivdep<PawnTT::Entry *,`PawnTT::clear'::`2'::<lambda_1> >",0.002000,0.002000,0.0,0.0,0.0,0.0,100.0,0.0,0.0,0.0,0.0,0.0,0.0,0.0,0.0,0.0,0.0,0.0,0.0,,,0,,1497601117.000000
"std::array<Bitboard,64>::operator[]",0.002000,0.002000,0.0,0.0,0.0,0.0,0.0,0.0,0.0,0.0,0.0,0.0,0.0,0.0,0.0,0.0,0.0,0.0,0.0,,,5990000,1.500000,4492803351.000000
"std::array<Move,128>::operator[]",0.002000,0.002000,0.0,0.0,0.0,0.0,0.0,0.0,27.8,0.0,,0.0,0.0,0.0,0.0,0.0,0.0,0.0,0.0,,,11980000,1.500000,8985606702.000000
"std::array<Move,64>::operator[]",0.002000,0.002000,0.0,0.0,0.0,0.0,0.0,0.0,0.0,0.0,0.0,0.0,0.0,0.0,0.0,0.0,0.0,0.0,0.0,,,2995000,0.0,0.0
"std::array<int,64>::operator[]",0.002000,0.002000,0.0,0.0,0.0,0.0,0.0,0.0,0.0,0.0,,0.0,0.0,0.0,0.0,0.0,0.0,0.0,0.0,,,23960000,0.625000,7488005585.000000
"std::basic_filebuf<char,struct std::char_traits<char> >::xsgetn",0.002000,0.002000,0.0,0.0,0.0,0.0,0.0,0.0,0.0,0.0,0.0,0.0,0.0,0.0,0.0,0.0,0.0,0.0,0.0,,,41930000,0.357143,7488005585.000000
"std::basic_streambuf<char,struct std::char_traits<char> >::sgetn",0.002000,0.002000,0.0,0.0,0.0,0.0,0.0,0.0,0.0,0.0,0.0,0.0,0.0,0.0,0.0,0.0,0.0,0.0,0.0,,,11980000,0.500000,2995202234.000000
std::countr_zero,0.002000,0.002000,0.0,0.0,0.0,0.0,0.0,0.0,0.0,0.0,0.0,0.0,0.0,0.0,0.0,0.0,0.0,0.0,0.0,,,11980000,0.250000,1497601117.000000
std::countr_zero,0.002000,0.002000,0.0,0.0,0.0,0.0,0.0,0.0,0.0,0.0,0.0,0.0,0.0,0.0,0.0,0.0,0.0,0.0,0.0,,,26955000,0.333333,4492803351.000000
std::countr_zero,0.002000,0.002000,0.0,0.0,0.0,0.0,100.0,0.0,0.0,0.0,0.0,0.0,0.0,0.0,0.0,0.0,0.0,0.0,0.0,,,20965000,0.142857,1497601117.000000
std::countr_zero,0.002000,0.002000,0.0,0.0,0.0,0.0,0.0,0.0,0.0,0.0,0.0,0.0,0.0,0.0,0.0,0.0,0.0,0.0,0.0,,,17970000,0.0,0.0
"std::ranges::_Buffered_inplace_merge_common<Move *,moveValueGreaterComparator,std::identity>",0.002000,0.002000,0.0,0.0,0.0,0.0,0.0,0.0,0.0,0.0,0.0,0.0,0.0,0.0,0.0,0.0,0.0,0.0,0.0,,,2995000,2.000000,2995202234.000000
"std::ranges::_Stable_sort_fn::_Buffered_merge_sort_common<Move *,moveValueGreaterComparator,std::identity>",0.002000,0.002000,0.0,0.0,0.0,0.0,0.0,0.0,0.0,0.0,0.0,0.0,0.0,0.0,0.0,0.0,0.0,0.0,0.0,,,23960000,0.625000,7488005585.000000
"std::unique_ptr<PawnTT::Entry [0],std::default_delete<PawnTT::Entry [0]> >::operator[]",0.002000,0.002000,0.0,0.0,0.0,0.0,0.0,0.0,0.0,0.0,0.0,0.0,0.0,0.0,0.0,0.0,0.0,0.0,0.0,,,0,,1497601117.000000
"std::vector<unsigned __int64,class std::allocator<unsigned __int64> >::_Change_array",0.002000,0.002000,0.0,0.0,0.0,0.0,0.0,0.0,0.0,0.0,0.0,0.0,0.0,0.0,0.0,0.0,0.0,0.0,0.0,,,8985000,0.333333,1497601117.000000
"std::vector<unsigned __int64,std::allocator<unsigned __int64> >::_Tidy",0.002000,0.002000,0.0,0.0,,,0.0,0.0,0.0,100.0,0.0,0.0,0.0,0.0,0.0,0.0,0.0,0.0,0.0,,,5990000,0.500000,1497601117.000000
typeOf,0.002000,0.002000,0.0,0.0,0.0,0.0,0.0,0.0,0.0,0.0,0.0,0.0,0.0,0.0,0.0,0.0,0.0,0.0,0.0,,,41930000,0.071429,1497601117.000000
typeOf,0.002000,0.002000,0.0,0.0,0.0,0.0,0.0,30.4,0.0,0.0,0.0,0.0,0.0,0.0,0.0,0.0,0.0,0.0,0.0,,,239600000,0.137500,16473612287.000000
typeOf,0.002000,0.002000,0.0,0.0,0.0,0.0,30.4,0.0,0.0,0.0,0.0,0.0,0.0,0.0,0.0,0.0,0.0,0.0,0.0,,,56905000,0.578947,16473612287.000000
Bitboard::operator bool,0.001000,0.001000,0.0,0.0,0.0,0.0,83.5,0.0,0.0,0.0,0.0,0.0,0.0,0.0,0.0,0.0,0.0,0.0,0.0,,,2995000,4.000000,11980808936.000000
Bitboard::operator bool,0.001000,0.001000,0.0,0.0,0.0,0.0,0.0,0.0,23.8,0.0,0.0,0.0,0.0,0.0,,0.0,0.0,0.0,0.0,,,26955000,0.777778,20966415638.000000
Bitboard::operator|=,0.001000,0.001000,0.0,0.0,0.0,0.0,0.0,0.0,0.0,0.0,0.0,0.0,0.0,0.0,0.0,0.0,0.0,0.0,0.0,,,17970000,0.333333,5990404468.000000
Bitboard::operator|=,0.001000,0.001000,0.0,0.0,0.0,0.0,0.0,0.0,0.0,0.0,,0.0,0.0,0.0,0.0,0.0,0.0,0.0,0.0,,,29950000,0.500000,14976011170.000000
Bitboard::operator|=,0.001000,0.001000,0.0,0.0,0.0,0.0,0.0,0.0,0.0,0.0,0.0,0.0,,0.0,0.0,0.0,0.0,0.0,0.0,,,5990000,0.500000,2995202234.000000
Bitboard::popLSB,0.001000,0.001000,0.0,0.0,0.0,0.0,0.0,0.0,0.0,0.0,0.0,0.0,0.0,0.0,0.0,0.0,0.0,0.0,0.0,,,11980000,1.000000,11980808936.000000
Bitboard::popLSB,0.001000,0.001000,0.0,0.0,0.0,0.0,0.0,0.0,0.0,0.0,0.0,0.0,0.0,0.0,0.0,0.0,0.0,0.0,0.0,,,14975000,0.400000,5990404468.000000
Bitboard::popLSB,0.001000,0.001000,0.0,0.0,0.0,0.0,0.0,0.0,0.0,0.0,0.0,0.0,0.0,0.0,0.0,0.0,0.0,0.0,0.0,,,0,0.0,0.0
Bitboard::popLSB,0.001000,0.001000,0.0,0.0,0.0,0.0,0.0,0.0,0.0,0.0,0.0,0.0,0.0,0.0,0.0,0.0,0.0,0.0,0.0,,,2995000,0.0,0.0
Bitboard::popLSB,0.001000,0.001000,0.0,0.0,0.0,0.0,0.0,0.0,0.0,0.0,0.0,0.0,0.0,0.0,0.0,0.0,0.0,0.0,0.0,,,5990000,0.500000,2995202234.000000
Bitboard::popLSB,0.001000,0.001000,0.0,0.0,0.0,0.0,0.0,0.0,0.0,0.0,0.0,0.0,0.0,0.0,0.0,0.0,0.0,0.0,0.0,,,0,0.0,0.0
CastlingRights::isEmpty,0.001000,0.001000,0.0,0.0,0.0,0.0,0.0,0.0,0.0,0.0,0.0,0.0,0.0,0.0,0.0,0.0,0.0,0.0,0.0,,,0,,2995202234.000000
Color::iterator::operator++,0.001000,0.001000,0.0,0.0,0.0,0.0,0.0,0.0,0.0,0.0,0.0,0.0,0.0,0.0,0.0,0.0,0.0,0.0,0.0,,,11980000,0.500000,5990404468.000000
Color::iterator::{ctor},0.001000,0.001000,0.0,0.0,0.0,0.0,0.0,0.0,0.0,100.0,,0.0,,,,0.0,0.0,0.0,0.0,,,5990000,0.500000,2995202234.000000
Color::sign,0.001000,0.001000,0.0,0.0,0.0,0.0,0.0,0.0,0.0,0.0,0.0,0.0,0.0,0.0,0.0,0.0,0.0,0.0,0.0,,,5990000,1.000000,5990404468.000000
Direction::pawnPush,0.001000,0.001000,0.0,0.0,0.0,0.0,100.0,0.0,0.0,0.0,0.0,0.0,0.0,0.0,0.0,0.0,0.0,0.0,0.0,,,8985000,0.333333,2995202234.000000
Direction::pawnPush,0.001000,0.001000,0.0,0.0,0.0,0.0,0.0,0.0,0.0,0.0,,0.0,0.0,0.0,0.0,0.0,0.0,0.0,0.0,,,2995000,1.000000,2995202234.000000
Evaluator::valueFromScore,0.001000,0.001000,0.0,0.0,0.0,0.0,0.0,0.0,0.0,0.0,0.0,0.0,0.0,0.0,0.0,0.0,0.0,0.0,0.0,,,5990000,1.500000,8985606702.000000
Evaluator::valueFromScore,0.001000,0.001000,0.0,0.0,0.0,0.0,0.0,0.0,0.0,0.0,0.0,0.0,0.0,0.0,0.0,0.0,0.0,0.0,0.0,,,26955000,0.333333,8985606702.000000
ExAcquireAutoExpandPushLockShared,0.001000,0.001000,0.0,0.0,0.0,0.0,100.0,0.0,0.0,0.0,0.0,0.0,0.0,0.0,0.0,0.0,0.0,0.0,0.0,,,2995000,2.000000,5990404468.000000
ExAcquireFastMutex,0.001000,0.001000,0.0,0.0,,,0.0,0.0,0.0,0.0,0.0,0.0,0.0,0.0,0.0,0.0,0.0,0.0,0.0,,,5990000,0.0,0.0
ExReleasePushLockEx,0.001000,0.001000,0.0,0.0,0.0,0.0,0.0,0.0,0.0,0.0,0.0,0.0,,,,0.0,0.0,0.0,0.0,,,0,,2995202234.000000
ExReleaseResourceLite,0.001000,0.001000,0.0,0.0,0.0,0.0,0.0,0.0,0.0,0.0,0.0,0.0,0.0,0.0,0.0,0.0,0.0,0.0,0.0,SSE(128),,14975000,0.600000,8985606702.000000
FsRtlDissectName,0.001000,0.001000,0.0,0.0,0.0,0.0,0.0,0.0,0.0,0.0,0.0,0.0,0.0,0.0,0.0,0.0,0.0,0.0,0.0,,,5990000,0.500000,2995202234.000000
GetFileSizeEx,0.001000,0.001000,0.0,0.0,0.0,0.0,0.0,0.0,0.0,0.0,0.0,0.0,0.0,0.0,0.0,0.0,0.0,0.0,0.0,,,0,0.0,0.0
IoRemoveIoCompletion,0.001000,0.001000,0.0,0.0,0.0,0.0,0.0,0.0,0.0,0.0,0.0,0.0,,0.0,0.0,0.0,0.0,0.0,0.0,SSE(128),,0,0.0,0.0
KeAcquireInStackQueuedSpinLock,0.001000,0.001000,0.0,0.0,100.0,100.0,0.0,0.0,0.0,0.0,0.0,0.0,0.0,0.0,0.0,0.0,0.0,0.0,0.0,,,11980000,0.500000,5990404468.000000
KeAcquireSpinLockRaiseToDpc,0.001000,0.001000,0.0,0.0,0.0,0.0,0.0,100.0,0.0,0.0,0.0,0.0,0.0,0.0,0.0,0.0,0.0,0.0,0.0,,,5990000,0.500000,2995202234.000000
KeLowerIrql,0.001000,0.001000,0.0,0.0,0.0,0.0,0.0,0.0,0.0,0.0,0.0,0.0,0.0,0.0,0.0,0.0,0.0,0.0,0.0,,,0,0.0,0.0
KfRaiseIrql,0.001000,0.001000,0.0,0.0,0.0,0.0,0.0,0.0,0.0,0.0,0.0,0.0,0.0,0.0,0.0,0.0,0.0,0.0,0.0,,,0,0.0,0.0
Move::encode,0.001000,0.001000,0.0,0.0,0.0,0.0,100.0,0.0,0.0,0.0,0.0,0.0,0.0,0.0,0.0,0.0,0.0,0.0,0.0,,,17970000,0.500000,8985606702.000000
Move::encode,0.001000,0.001000,0.0,0.0,0.0,0.0,0.0,0.0,0.0,0.0,0.0,0.0,0.0,0.0,0.0,0.0,0.0,0.0,0.0,,,0,0.0,0.0
Move::encode,0.001000,0.001000,0.0,0.0,0.0,0.0,0.0,41.7,0.0,0.0,,0.0,0.0,0.0,0.0,0.0,0.0,0.0,0.0,,,20965000,0.571429,11980808936.000000
Move::from,0.001000,0.001000,0.0,0.0,0.0,0.0,0.0,0.0,0.0,0.0,0.0,0.0,0.0,0.0,0.0,0.0,0.0,0.0,0.0,,,5990000,0.0,0.0
Move::operator==,0.001000,0.001000,0.0,0.0,0.0,0.0,0.0,0.0,0.0,0.0,0.0,0.0,0.0,0.0,0.0,0.0,0.0,0.0,0.0,,,2995000,2.000000,5990404468.000000
Move::to,0.001000,0.001000,0.0,0.0,0.0,0.0,0.0,0.0,0.0,0.0,0.0,0.0,0.0,0.0,0.0,0.0,0.0,0.0,0.0,,,11980000,0.500000,5990404468.000000
Move::type,0.001000,0.001000,0.0,0.0,0.0,0.0,0.0,0.0,0.0,0.0,0.0,0.0,0.0,0.0,0.0,0.0,0.0,0.0,0.0,,,5990000,0.500000,2995202234.000000
Move::{ctor},0.001000,0.001000,0.0,0.0,0.0,0.0,0.0,0.0,0.0,0.0,0.0,0.0,0.0,0.0,0.0,0.0,0.0,0.0,0.0,,,2995000,0.0,0.0
Move::{ctor},0.001000,0.001000,0.0,0.0,0.0,0.0,0.0,0.0,0.0,0.0,0.0,0.0,0.0,0.0,0.0,0.0,0.0,0.0,0.0,,,0,0.0,0.0
MoveGenerator::generateCastling,0.001000,0.001000,0.0,0.0,0.0,0.0,0.0,0.0,0.0,0.0,0.0,0.0,0.0,0.0,0.0,0.0,0.0,0.0,0.0,,,2995000,0.0,0.0
NtWaitForWorkViaWorkerFactory,0.001000,0.001000,0.0,0.0,0.0,0.0,,0.0,0.0,0.0,0.0,0.0,0.0,0.0,0.0,0.0,0.0,0.0,0.0,,,0,,2995202234.000000
Position::getOccupiedBb,0.001000,0.001000,0.0,0.0,0.0,0.0,0.0,0.0,0.0,0.0,0.0,0.0,0.0,0.0,0.0,0.0,0.0,0.0,0.0,,,2995000,1.000000,2995202234.000000
Position::getPiece,0.001000,0.001000,0.0,0.0,0.0,0.0,0.0,0.0,0.0,0.0,0.0,0.0,0.0,0.0,0.0,0.0,0.0,0.0,0.0,,,5990000,0.0,0.0
Position::getPieceBb,0.001000,0.001000,0.0,0.0,0.0,0.0,0.0,0.0,0.0,0.0,0.0,0.0,0.0,0.0,0.0,0.0,0.0,0.0,0.0,,,2995000,2.000000,5990404468.000000
Position::getPieceBb,0.001000,0.001000,0.0,0.0,0.0,0.0,0.0,0.0,,,0.0,0.0,0.0,0.0,0.0,0.0,0.0,0.0,0.0,,,0,0.0,0.0
Position::isCapturingMove,0.001000,0.001000,0.0,0.0,0.0,0.0,,0.0,0.0,0.0,0.0,0.0,0.0,0.0,0.0,0.0,0.0,0.0,0.0,,,0,0.0,0.0
Position::undoNullMove,0.001000,0.001000,0.0,0.0,0.0,0.0,0.0,0.0,0.0,0.0,0.0,0.0,0.0,0.0,0.0,0.0,0.0,0.0,0.0,,,35940000,0.500000,17971213404.000000
QueryPerformanceCounter,0.001000,0.001000,0.0,0.0,0.0,0.0,0.0,0.0,0.0,0.0,0.0,0.0,0.0,,,0.0,0.0,0.0,0.0,,,0,0.0,0.0
RtlAllocateHeap,0.001000,0.001000,0.0,0.0,0.0,0.0,0.0,0.0,0.0,0.0,0.0,0.0,0.0,0.0,0.0,0.0,0.0,0.0,0.0,,,8985000,0.666667,5990404468.000000
RtlCompareMemory,0.001000,0.001000,0.0,0.0,0.0,0.0,0.0,0.0,0.0,0.0,0.0,0.0,0.0,0.0,0.0,0.0,0.0,0.0,0.0,,,0,,2995202234.000000
RtlEnterCriticalSection,0.001000,0.0,0.001000,0.0,0.0,0.0,0.0,,,0.0,,0.0,0.0,0.0,0.0,0.0,0.0,0.0,0.0,,,0,0.0,0.0
RtlRbRemoveNode,0.001000,0.001000,0.0,0.0,0.0,0.0,0.0,0.0,0.0,0.0,0.0,0.0,0.0,0.0,0.0,0.0,0.0,0.0,0.0,,,0,0.0,0.0
Search::evaluate,0.001000,0.001000,0.0,0.0,100.0,100.0,0.0,,0.0,,0.0,0.0,0.0,0.0,0.0,0.0,0.0,0.0,0.0,,,38935000,0.0,0.0
Search::thread,0.001000,0.001000,0.0,0.0,0.0,0.0,0.0,0.0,0.0,0.0,0.0,0.0,0.0,0.0,0.0,0.0,0.0,0.0,0.0,,,29950000,0.200000,5990404468.000000
Search::thread,0.001000,0.001000,0.0,0.0,0.0,0.0,0.0,0.0,0.0,0.0,0.0,0.0,0.0,0.0,0.0,0.0,0.0,0.0,0.0,,,2995000,0.0,0.0
Search::thread,0.001000,0.001000,0.0,0.0,0.0,0.0,0.0,0.0,0.0,0.0,0.0,0.0,0.0,0.0,0.0,0.0,0.0,0.0,0.0,,,5990000,0.0,0.0
Search::thread,0.001000,0.001000,0.0,0.0,0.0,0.0,0.0,0.0,0.0,0.0,0.0,0.0,0.0,0.0,0.0,0.0,0.0,0.0,0.0,,,8985000,0.0,0.0
Square::file,0.001000,0.001000,0.0,0.0,0.0,0.0,0.0,0.0,0.0,0.0,0.0,0.0,0.0,0.0,0.0,0.0,0.0,0.0,0.0,,,8985000,2.333333,20966415638.000000
StaticMoveList<256>::push_back,0.001000,0.001000,0.0,0.0,0.0,0.0,0.0,0.0,0.0,0.0,0.0,0.0,0.0,0.0,0.0,0.0,0.0,0.0,0.0,,,0,0.0,0.0
Value::operator int,0.001000,0.001000,0.0,0.0,0.0,0.0,0.0,0.0,0.0,0.0,0.0,0.0,0.0,0.0,0.0,0.0,0.0,0.0,0.0,,,2995000,0.0,0.0
Value::operator int,0.001000,0.001000,0.0,0.0,0.0,0.0,0.0,0.0,0.0,0.0,0.0,0.0,0.0,0.0,0.0,0.0,0.0,0.0,0.0,,,0,0.0,0.0
[Import thunk memset],0.001000,0.001000,0.0,0.0,0.0,0.0,0.0,0.0,0.0,0.0,0.0,0.0,0.0,0.0,0.0,0.0,0.0,0.0,0.0,,,0,0.0,0.0
[Loop at line 1745 in decompress_pairs],0.001000,0.001000,0.0,0.0,0.0,0.0,0.0,0.0,0.0,41.7,0.0,0.0,0.0,0.0,0.0,0.0,0.0,0.0,0.0,,,2995000,4.000000,11980808936.000000
[Loop at line 256 in Evaluator::pieceEval],0.001000,0.001000,0.0,0.0,0.0,0.0,0.0,0.0,0.0,0.0,0.0,0.0,0.0,0.0,0.0,0.0,0.0,0.0,0.0,,,0,0.0,0.0
[Loop at line 315 in open_tb],0.001000,0.001000,0.0,0.0,0.0,0.0,0.0,0.0,0.0,0.0,0.0,0.0,0.0,0.0,0.0,0.0,0.0,0.0,0.0,,,0,0.0,0.0
[Loop at line 340 in bishop_attacks_init],0.001000,0.001000,0.0,0.0,0.0,0.0,0.0,0.0,0.0,0.0,0.0,0.0,0.0,0.0,0.0,0.0,0.0,0.0,0.0,,,0,0.0,0.0
[Loop at line 729 in MoveGenerator::generatePawnMoves],0.001000,0.001000,0.0,0.0,0.0,0.0,0.0,0.0,0.0,0.0,0.0,0.0,0.0,0.0,0.0,0.0,0.0,0.0,0.0,,,0,0.0,0.0
[Loop at line 891 in MoveGenerator::generateKingMoves],0.001000,0.001000,0.0,0.0,0.0,0.0,0.0,0.0,0.0,0.0,0.0,0.0,,0.0,,0.0,0.0,0.0,0.0,,,62895000,0.476190,29952022340.000000
"[Loop at line 8928 in std::ranges::_Stable_sort_fn::_Buffered_merge_sort_common<Move *,moveValueGreaterComparator,std::identity>]",0.001000,0.001000,0.0,0.0,0.0,0.0,0.0,0.0,0.0,0.0,0.0,0.0,0.0,0.0,0.0,0.0,0.0,0.0,0.0,,,8985000,0.666667,5990404468.000000
[Loop@0x14000115b in func@0x1400010e0],0.001000,0.001000,0.0,0.0,0.0,0.0,0.0,0.0,0.0,0.0,,0.0,0.0,0.0,0.0,0.0,0.0,0.0,0.0,,,0,,5990404468.000000
[Loop@0x140001240 in func@0x1400010e0],0.001000,0.001000,0.0,0.0,0.0,0.0,0.0,,,0.0,0.0,0.0,0.0,0.0,0.0,0.0,0.0,0.0,0.0,,,0,0.0,0.0
[Loop@0x14000efa1 in func@0x14000ef50],0.001000,0.001000,0.0,0.0,0.0,0.0,0.0,0.0,0.0,0.0,0.0,0.0,0.0,0.0,0.0,0.0,0.0,0.0,0.0,,,0,0.0,0.0
[Loop@0x1400259d5 in func@0x140025820],0.001000,0.001000,0.0,0.0,0.0,0.0,,,0.0,0.0,0.0,0.0,0.0,0.0,0.0,0.0,0.0,0.0,0.0,SSE(128),,0,0.0,0.0
[Loop@0x14002701b in func@0x140026fb0],0.001000,0.001000,0.0,0.0,0.0,0.0,,,,,0.0,0.0,0.0,0.0,0.0,0.0,0.0,0.0,0.0,,,0,0.0,0.0
[Loop@0x140032981 in func@0x140032920],0.001000,0.001000,0.0,0.0,0.0,0.0,0.0,0.0,0.0,0.0,0.0,0.0,0.0,0.0,0.0,0.0,0.0,0.0,0.0,,,0,0.0,0.0
[Loop@0x14012c9c0 in func@0x14012c8f5],0.001000,0.001000,0.0,0.0,0.0,0.0,0.0,0.0,0.0,0.0,0.0,0.0,0.0,0.0,0.0,0.0,0.0,0.0,0.0,,,2995000,0.0,0.0
[Loop@0x1401411e0 in func@0x1401411d0],0.001000,0.001000,0.0,0.0,0.0,0.0,0.0,0.0,0.0,0.0,0.0,0.0,0.0,0.0,0.0,0.0,0.0,0.0,0.0,,,0,0.0,0.0
[Loop@0x14015e6bc in func@0x14015e5e8],0.001000,0.001000,0.0,0.0,0.0,0.0,0.0,,,0.0,,0.0,0.0,0.0,,0.0,0.0,0.0,0.0,,,0,0.0,0.0
[Loop@0x140170f59 in func@0x140170960],0.001000,0.001000,0.0,0.0,0.0,0.0,0.0,0.0,0.0,0.0,0.0,0.0,0.0,0.0,0.0,0.0,0.0,0.0,0.0,SSE(128),,0,0.0,0.0
[Loop@0x1402336fb in func@0x1402333e0],0.001000,0.001000,0.0,0.0,0.0,0.0,0.0,0.0,0.0,0.0,0.0,0.0,0.0,0.0,0.0,0.0,0.0,0.0,0.0,,,0,0.0,0.0
[Loop@0x1402360a2 in func@0x140236040],0.001000,0.001000,0.0,0.0,0.0,0.0,0.0,0.0,0.0,0.0,0.0,0.0,0.0,0.0,0.0,0.0,0.0,0.0,0.0,,,0,0.0,0.0
[Loop@0x14023650d in func@0x140236487],0.001000,0.001000,0.0,0.0,0.0,0.0,0.0,0.0,0.0,0.0,0.0,0.0,0.0,0.0,0.0,0.0,0.0,0.0,0.0,,,5990000,0.500000,2995202234.000000
[Loop@0x1402442c0 in func@0x140244270],0.001000,0.001000,0.0,0.0,0.0,0.0,0.0,0.0,0.0,0.0,0.0,0.0,0.0,60.1,0.0,0.0,0.0,0.0,0.0,,,5990000,0.500000,2995202234.000000
[Loop@0x140246f80 in func@0x140246f0c],0.001000,0.001000,0.0,0.0,0.0,0.0,0.0,0.0,0.0,0.0,0.0,0.0,0.0,0.0,0.0,0.0,0.0,0.0,0.0,,,0,0.0,0.0
[Loop@0x1402496f0 in func@0x1402494a0],0.001000,0.001000,0.0,0.0,0.0,0.0,0.0,0.0,0.0,0.0,0.0,0.0,0.0,,,0.0,0.0,0.0,0.0,,,0,0.0,0.0
[Loop@0x140264643 in func@0x1402645a0],0.001000,0.001000,0.0,0.0,0.0,0.0,0.0,0.0,0.0,0.0,0.0,0.0,0.0,0.0,0.0,0.0,0.0,0.0,0.0,,,0,,2995202234.000000
[Loop@0x140278090 in func@0x140278080],0.001000,0.001000,0.0,0.0,100.0,100.0,0.0,0.0,0.0,0.0,0.0,0.0,0.0,0.0,0.0,0.0,0.0,0.0,0.0,,,0,,5990404468.000000
[Loop@0x140278f69 in func@0x1402786e0],0.001000,0.001000,0.0,0.0,0.0,0.0,0.0,,,0.0,0.0,0.0,0.0,0.0,0.0,0.0,0.0,0.0,0.0,,,2995000,0.0,0.0
[Loop@0x14027ca35 in ExReleaseRundownProtectionCacheAwareEx],0.001000,0.001000,0.0,0.0,0.0,0.0,,0.0,0.0,0.0,0.0,0.0,0.0,0.0,0.0,0.0,0.0,0.0,0.0,,,2995000,0.0,0.0
[Loop@0x140283030 in func@0x140282f50],0.001000,0.001000,0.0,0.0,0.0,0.0,0.0,0.0,0.0,0.0,,0.0,0.0,0.0,0.0,0.0,0.0,0.0,0.0,,,2995000,0.0,0.0
[Loop@0x140295b80 in func@0x140295b06],0.001000,0.001000,0.0,0.0,0.0,0.0,0.0,0.0,0.0,0.0,0.0,0.0,0.0,0.0,0.0,0.0,0.0,0.0,0.0,,,0,0.0,0.0
[Loop@0x1402a4597 in func@0x1402a43ca],0.001000,0.001000,0.0,0.0,0.0,0.0,0.0,0.0,0.0,0.0,0.0,0.0,0.0,0.0,0.0,0.0,0.0,0.0,0.0,,,0,0.0,0.0
[Loop@0x1402b1a18 in func@0x1402b18f0],0.001000,0.001000,0.0,0.0,0.0,0.0,0.0,0.0,0.0,0.0,0.0,0.0,0.0,0.0,0.0,0.0,0.0,0.0,0.0,,,0,0.0,0.0
[Loop@0x1402b65f0 in func@0x1402b65a0],0.001000,0.001000,0.0,0.0,0.0,0.0,0.0,0.0,0.0,0.0,,0.0,,,,0.0,0.0,0.0,0.0,,,0,,5990404468.000000
[Loop@0x1402b6e50 in func@0x1402b6d00],0.001000,0.001000,0.0,0.0,0.0,0.0,0.0,0.0,0.0,0.0,0.0,0.0,0.0,0.0,0.0,0.0,0.0,0.0,0.0,,,0,0.0,0.0
[Loop@0x1402b7295 in func@0x1402b7070],0.001000,0.001000,0.0,0.0,0.0,0.0,0.0,0.0,0.0,0.0,0.0,0.0,0.0,0.0,0.0,0.0,0.0,0.0,0.0,,,0,0.0,0.0
[Loop@0x1402b8e70 in func@0x1402b8e00],0.001000,0.001000,0.0,0.0,0.0,0.0,0.0,83.5,0.0,0.0,40.1,0.0,0.0,0.0,0.0,0.0,0.0,0.0,0.0,,,2995000,3.000000,8985606702.000000
[Loop@0x140301650 in func@0x140300b80],0.001000,0.001000,0.0,0.0,0.0,0.0,0.0,0.0,0.0,0.0,,0.0,0.0,0.0,0.0,0.0,0.0,0.0,0.0,,,0,,5990404468.000000
[Loop@0x14030675f in func@0x140306730],0.001000,0.001000,0.0,0.0,0.0,0.0,0.0,0.0,0.0,0.0,0.0,0.0,0.0,0.0,0.0,0.0,0.0,0.0,0.0,,,0,0.0,0.0
[Loop@0x140306aa0 in func@0x140306a80],0.001000,0.001000,0.0,0.0,0.0,0.0,,,0.0,0.0,,0.0,0.0,0.0,0.0,0.0,0.0,0.0,0.0,,,0,0.0,0.0
[Loop@0x140309e80 in func@0x140309c30],0.001000,0.001000,0.0,0.0,0.0,0.0,0.0,0.0,0.0,0.0,0.0,0.0,0.0,0.0,0.0,0.0,0.0,0.0,0.0,SSE(128),,0,0.0,0.0
[Loop@0x14030fd60 in func@0x14030fc80],0.001000,0.001000,0.0,0.0,0.0,0.0,0.0,0.0,0.0,0.0,0.0,0.0,0.0,0.0,0.0,0.0,0.0,0.0,0.0,,,5990000,0.0,0.0
[Loop@0x1403226a0 in func@0x1403224d0],0.001000,0.001000,0.0,0.0,0.0,0.0,0.0,0.0,83.5,0.0,0.0,0.0,0.0,0.0,0.0,0.0,0.0,0.0,0.0,,,0,,5990404468.000000
[Loop@0x140362ecf in func@0x140362e24],0.001000,0.001000,0.0,0.0,0.0,0.0,0.0,0.0,0.0,0.0,0.0,0.0,0.0,0.0,0.0,0.0,0.0,0.0,0.0,,,2995000,0.0,0.0
[Loop@0x1403645a0 in func@0x140364510],0.001000,0.001000,0.0,0.0,0.0,0.0,0.0,0.0,0.0,0.0,0.0,0.0,0.0,0.0,0.0,0.0,0.0,0.0,0.0,,,0,0.0,0.0
[Loop@0x1403cc8ea in func@0x1403cc85c],0.001000,0.001000,0.0,0.0,0.0,0.0,0.0,0.0,0.0,0.0,0.0,0.0,0.0,0.0,0.0,0.0,0.0,0.0,0.0,,,0,,2995202234.000000
[Loop@0x14042dc60 in func@0x14042dbc0],0.001000,0.001000,0.0,0.0,0.0,0.0,0.0,0.0,0.0,0.0,,0.0,0.0,0.0,0.0,0.0,0.0,0.0,0.0,,,2995000,0.0,0.0
[Loop@0x1406b3264 in ExpInterlockedPushEntrySList],0.001000,0.001000,0.0,0.0,0.0,0.0,0.0,0.0,0.0,0.0,0.0,0.0,0.0,0.0,0.0,0.0,0.0,0.0,0.0,,,14975000,0.800000,11980808936.000000
[Loop@0x1406bf640 in RtlCopyMemory],0.001000,0.001000,0.0,0.0,0.0,0.0,0.0,0.0,0.0,0.0,0.0,0.0,0.0,0.0,0.0,0.0,0.0,0.0,0.0,SSE(128),,0,,2995202234.000000
[Loop@0x14083ad30 in func@0x14083ac00],0.001000,0.001000,0.0,0.0,0.0,0.0,,,0.0,0.0,0.0,0.0,0.0,0.0,0.0,0.0,0.0,0.0,0.0,,,0,0.0,0.0
[Loop@0x140849dce in func@0x140849cc0],0.001000,0.001000,0.0,0.0,0.0,0.0,0.0,0.0,0.0,0.0,,0.0,0.0,0.0,0.0,0.0,0.0,0.0,0.0,,,0,0.0,0.0
[Loop@0x140849fc0 in func@0x140849f13],0.001000,0.001000,0.0,0.0,0.0,0.0,0.0,0.0,0.0,0.0,0.0,0.0,0.0,0.0,0.0,0.0,0.0,0.0,0.0,,,0,0.0,0.0
[Loop@0x140865198 in func@0x1408650b0],0.001000,0.001000,0.0,0.0,0.0,0.0,0.0,0.0,0.0,0.0,0.0,0.0,0.0,0.0,0.0,0.0,0.0,0.0,0.0,,,2995000,0.0,0.0
[Loop@0x1409fcc0d in func@0x1409fcbe8],0.001000,0.001000,0.0,0.0,0.0,0.0,,0.0,,0.0,0.0,0.0,0.0,0.0,0.0,0.0,0.0,0.0,0.0,,,0,0.0,0.0
[Loop@0x140d85120 in func@0x140d85090],0.001000,0.001000,0.0,0.0,0.0,0.0,0.0,0.0,0.0,0.0,0.0,0.0,0.0,0.0,0.0,0.0,0.0,0.0,0.0,,,0,0.0,0.0
[Loop@0x140dc2a20 in func@0x140dc295f],0.001000,0.001000,0.0,0.0,0.0,0.0,0.0,0.0,0.0,0.0,0.0,0.0,0.0,0.0,0.0,0.0,0.0,0.0,0.0,,,2995000,1.000000,2995202234.000000
[Loop@0x140dd2860 in func@0x140dd26e0],0.001000,0.001000,0.0,0.0,0.0,0.0,0.0,0.0,0.0,0.0,0.0,0.0,0.0,0.0,0.0,0.0,0.0,0.0,0.0,SSE(128),,0,0.0,0.0
[Loop@0x140e1c2a0 in func@0x140e1c190],0.001000,0.001000,0.0,0.0,0.0,0.0,0.0,0.0,0.0,0.0,0.0,0.0,0.0,0.0,0.0,0.0,0.0,0.0,0.0,,,0,,5990404468.000000
[Loop@0x180006254 in func@0x1800060f0],0.001000,0.001000,0.0,0.0,0.0,0.0,0.0,0.0,0.0,0.0,0.0,0.0,0.0,0.0,0.0,0.0,0.0,0.0,0.0,,,2995000,1.000000,2995202234.000000
[Loop@0x180012810 in memset],0.001000,0.001000,0.0,0.0,0.0,0.0,0.0,0.0,0.0,0.0,0.0,0.0,0.0,0.0,0.0,0.0,0.0,0.0,0.0,AVX(256),,0,,2995202234.000000
[Loop@0x180022570 in func@0x180021f80],0.001000,0.001000,0.0,0.0,0.0,0.0,,,0.0,0.0,0.0,0.0,0.0,0.0,0.0,0.0,0.0,0.0,0.0,,,0,0.0,0.0
[Loop@0x18003dc20 in func@0x18003d480],0.001000,0.001000,0.0,0.0,0.0,0.0,0.0,0.0,0.0,0.0,0.0,0.0,0.0,0.0,0.0,0.0,0.0,0.0,0.0,,,0,0.0,0.0
[Loop@0x180078d10 in RtlFreeHeap],0.001000,0.001000,0.0,0.0,0.0,0.0,0.0,0.0,0.0,0.0,0.0,0.0,0.0,0.0,0.0,0.0,0.0,0.0,0.0,,,23960000,0.500000,11980808936.000000
[Loop@0x180094e13 in func@0x180094c9b],0.001000,0.001000,0.0,0.0,0.0,0.0,0.0,0.0,0.0,0.0,0.0,0.0,0.0,0.0,0.0,0.0,0.0,0.0,0.0,,,0,0.0,0.0
[Loop@0x1c000f913 in func@0x1c000f8a0],0.001000,0.001000,0.0,0.0,0.0,0.0,0.0,0.0,0.0,0.0,0.0,0.0,0.0,0.0,0.0,0.0,0.0,0.0,0.0,,,0,0.0,0.0
[Outside any known module],0.001000,0.001000,0.0,0.0,0.0,0.0,0.0,0.0,0.0,0.0,0.0,0.0,0.0,0.0,0.0,0.0,0.0,0.0,0.0,,,0,,2995202234.000000
[wdfilter.sys],0.001000,0.001000,0.0,0.0,0.0,0.0,0.0,0.0,0.0,0.0,0.0,0.0,0.0,0.0,0.0,0.0,0.0,0.0,0.0,,,2995000,0.0,0.0
__builtin_array_init_helper<class Value>,0.001000,0.001000,0.0,0.0,0.0,0.0,0.0,0.0,0.0,0.0,,0.0,0.0,0.0,0.0,0.0,0.0,0.0,0.0,,,20965000,0.285714,5990404468.000000
_std_parallel_algorithms_hw_threads,0.001000,0.001000,0.0,0.0,0.0,0.0,0.0,0.0,0.0,0.0,0.0,0.0,0.0,0.0,0.0,0.0,0.0,0.0,0.0,,,0,0.0,0.0
"boost::archive::basic_binary_iprimitive<class boost::archive::binary_iarchive,char,struct std::char_traits<char> >::load_binary",0.001000,0.001000,0.0,0.0,0.0,0.0,0.0,0.0,0.0,0.0,0.0,0.0,0.0,0.0,0.0,0.0,0.0,0.0,0.0,,,8985000,0.0,0.0
boost::archive::detail::basic_iarchive::get_library_version,0.001000,0.001000,0.0,0.0,0.0,0.0,0.0,0.0,0.0,0.0,0.0,0.0,0.0,0.0,0.0,0.0,0.0,0.0,0.0,,,14975000,0.400000,5990404468.000000
boost::archive::detail::basic_iarchive_impl::load_preamble,0.001000,0.001000,0.0,0.0,0.0,0.0,0.0,0.0,0.0,0.0,,0.0,0.0,0.0,0.0,0.0,0.0,0.0,0.0,,,20965000,0.571429,11980808936.000000
boost::archive::detail::common_iarchive<boost::archive::binary_iarchive>::load_override,0.001000,0.001000,0.0,0.0,0.0,0.0,0.0,0.0,0.0,0.0,0.0,0.0,0.0,0.0,0.0,0.0,0.0,0.0,0.0,,,0,,2995202234.000000
"boost::archive::detail::iserializer<class boost::archive::binary_iarchive,class std::vector<unsigned __int64,class std::allocator<unsigned __int64> > >::load_object_data",0.001000,0.001000,0.0,0.0,0.0,0.0,0.0,0.0,0.0,0.0,0.0,0.0,0.0,0.0,0.0,0.0,0.0,0.0,0.0,,,0,,5990404468.000000
boost::archive::version_type::{ctor},0.001000,0.001000,0.0,0.0,0.0,0.0,0.0,0.0,0.0,0.0,0.0,0.0,0.0,0.0,0.0,0.0,0.0,0.0,0.0,,,2995000,0.0,0.0
"boost::serialization::load<class boost::archive::binary_iarchive,class std::vector<class Move,class std::allocator<class Move> > >",0.001000,0.001000,0.0,0.0,0.0,0.0,0.0,0.0,0.0,0.0,0.0,0.0,0.0,0.0,0.0,0.0,0.0,0.0,0.0,,,8985000,0.333333,2995202234.000000
"boost::serialization::load<class boost::archive::binary_iarchive,unsigned __int64>",0.001000,0.001000,0.0,0.0,0.0,0.0,0.0,0.0,0.0,0.0,0.0,0.0,0.0,0.0,0.0,0.0,0.0,0.0,0.0,,,2995000,0.0,0.0
"boost::serialization::singleton<class boost::archive::detail::iserializer<class boost::archive::binary_iarchive,class Move> >::get_instance",0.001000,0.001000,0.0,0.0,0.0,0.0,0.0,0.0,0.0,0.0,0.0,0.0,0.0,0.0,0.0,0.0,0.0,0.0,0.0,,,5990000,0.0,0.0
boost::serialization::state_saver<bool>::{ctor},0.001000,0.001000,0.0,0.0,0.0,0.0,0.0,0.0,0.0,0.0,0.0,0.0,0.0,0.0,0.0,0.0,0.0,0.0,0.0,,,0,0.0,0.0
func@0x140001000,0.001000,0.001000,0.0,0.0,0.0,0.0,0.0,0.0,100.0,0.0,0.0,0.0,0.0,0.0,0.0,0.0,0.0,0.0,0.0,,,0,,2995202234.000000
func@0x1400016b3,0.001000,0.001000,0.0,0.0,0.0,0.0,0.0,0.0,0.0,0.0,0.0,0.0,0.0,0.0,0.0,0.0,0.0,0.0,0.0,,,0,0.0,0.0
func@0x140002700,0.001000,0.001000,0.0,0.0,0.0,0.0,0.0,0.0,0.0,0.0,0.0,0.0,0.0,0.0,0.0,0.0,0.0,0.0,0.0,,,0,,8985606702.000000
func@0x140003550,0.001000,0.001000,0.0,0.0,0.0,0.0,0.0,0.0,0.0,0.0,0.0,0.0,0.0,0.0,0.0,0.0,0.0,0.0,0.0,,,0,0.0,0.0
func@0x140003a60,0.001000,0.001000,0.0,0.0,0.0,0.0,0.0,0.0,0.0,0.0,0.0,0.0,0.0,0.0,0.0,0.0,0.0,0.0,0.0,,,0,0.0,0.0
func@0x140004820,0.001000,0.001000,0.0,0.0,0.0,0.0,0.0,0.0,0.0,0.0,0.0,0.0,0.0,0.0,0.0,0.0,0.0,0.0,0.0,,,0,0.0,0.0
func@0x140004cb0,0.001000,0.001000,0.0,0.0,0.0,0.0,0.0,0.0,0.0,0.0,,0.0,0.0,0.0,0.0,0.0,0.0,0.0,0.0,,,0,0.0,0.0
func@0x1400054bc,0.001000,0.001000,0.0,0.0,0.0,0.0,0.0,0.0,0.0,0.0,0.0,0.0,0.0,0.0,0.0,0.0,0.0,0.0,0.0,,,0,0.0,0.0
func@0x14000a7cf,0.001000,0.001000,0.0,0.0,0.0,0.0,0.0,0.0,0.0,0.0,0.0,0.0,0.0,0.0,0.0,0.0,0.0,0.0,0.0,SSE(128); SSE2(128),,0,0.0,0.0
func@0x14000c844,0.001000,0.001000,0.0,0.0,0.0,0.0,0.0,0.0,0.0,0.0,0.0,0.0,0.0,0.0,0.0,0.0,0.0,0.0,0.0,,,0,0.0,0.0
func@0x14000f280,0.001000,0.001000,0.0,0.0,0.0,0.0,0.0,0.0,0.0,0.0,0.0,0.0,0.0,0.0,0.0,0.0,0.0,0.0,0.0,SSE(128),,0,0.0,0.0
func@0x140014f60,0.001000,0.001000,0.0,0.0,0.0,0.0,0.0,0.0,0.0,0.0,0.0,0.0,0.0,0.0,0.0,0.0,0.0,0.0,0.0,,,0,0.0,0.0
func@0x140017bc0,0.001000,0.001000,0.0,0.0,0.0,0.0,0.0,0.0,0.0,0.0,0.0,0.0,0.0,0.0,0.0,0.0,0.0,0.0,0.0,SSE(128); SSE2(128),,0,0.0,0.0
func@0x14001aa50,0.001000,0.001000,0.0,0.0,0.0,0.0,0.0,0.0,0.0,0.0,0.0,0.0,0.0,0.0,0.0,0.0,0.0,0.0,0.0,,,0,0.0,0.0
func@0x14001ce6f,0.001000,0.001000,0.0,0.0,0.0,0.0,0.0,0.0,0.0,0.0,0.0,0.0,0.0,0.0,0.0,0.0,0.0,0.0,0.0,,,0,0.0,0.0
func@0x14001ff60,0.001000,0.001000,0.0,0.0,0.0,0.0,0.0,0.0,0.0,0.0,0.0,0.0,0.0,0.0,0.0,0.0,0.0,0.0,0.0,,,0,0.0,0.0
func@0x140025370,0.001000,0.001000,0.0,0.0,0.0,0.0,0.0,0.0,0.0,0.0,0.0,0.0,0.0,0.0,0.0,0.0,0.0,0.0,0.0,SSE(128),,0,0.0,0.0
func@0x1400258c0,0.001000,0.001000,0.0,0.0,0.0,0.0,0.0,0.0,0.0,0.0,0.0,0.0,0.0,0.0,0.0,0.0,0.0,0.0,0.0,,,0,,2995202234.000000
func@0x14002bdf0,0.001000,0.001000,0.0,0.0,0.0,0.0,0.0,0.0,0.0,0.0,0.0,0.0,0.0,0.0,0.0,0.0,0.0,0.0,0.0,,,0,,2995202234.000000
func@0x140040070,0.001000,0.001000,0.0,0.0,0.0,0.0,0.0,0.0,0.0,0.0,0.0,0.0,0.0,0.0,0.0,0.0,0.0,0.0,0.0,,,0,0.0,0.0
func@0x14005934d,0.001000,0.001000,0.0,0.0,0.0,0.0,0.0,0.0,0.0,0.0,0.0,0.0,0.0,0.0,0.0,0.0,0.0,0.0,0.0,,,0,0.0,0.0
func@0x140060a60,0.001000,0.001000,0.0,0.0,0.0,0.0,0.0,0.0,0.0,0.0,0.0,0.0,0.0,0.0,0.0,0.0,0.0,0.0,0.0,,,0,,5990404468.000000
func@0x14009dc84,0.001000,0.001000,0.0,0.0,0.0,0.0,0.0,0.0,0.0,0.0,0.0,0.0,0.0,0.0,0.0,0.0,0.0,0.0,0.0,,,0,,2995202234.000000
func@0x1400de9f0,0.001000,0.001000,0.0,0.0,0.0,0.0,0.0,0.0,0.0,0.0,0.0,0.0,0.0,0.0,0.0,0.0,0.0,0.0,0.0,,,0,0.0,0.0
func@0x1400e0af0,0.001000,0.001000,0.0,0.0,100.0,100.0,0.0,0.0,0.0,0.0,0.0,0.0,0.0,0.0,0.0,0.0,0.0,0.0,0.0,,,2995000,3.000000,8985606702.000000
func@0x1400f7bd0,0.001000,0.001000,0.0,0.0,0.0,0.0,0.0,0.0,0.0,0.0,0.0,0.0,0.0,0.0,0.0,0.0,0.0,0.0,0.0,,,5990000,0.500000,2995202234.000000
func@0x140115460,0.001000,0.001000,0.0,0.0,0.0,0.0,0.0,0.0,0.0,0.0,0.0,0.0,0.0,0.0,0.0,0.0,0.0,0.0,0.0,,,0,0.0,0.0
func@0x140129170,0.001000,0.001000,0.0,0.0,0.0,0.0,0.0,0.0,0.0,0.0,0.0,0.0,0.0,0.0,0.0,0.0,0.0,0.0,0.0,,,0,0.0,0.0
func@0x14012c3f2,0.001000,0.001000,0.0,0.0,0.0,0.0,0.0,0.0,0.0,0.0,0.0,0.0,0.0,0.0,0.0,0.0,0.0,0.0,0.0,,,0,0.0,0.0
func@0x140165ba0,0.001000,0.001000,0.0,0.0,0.0,0.0,0.0,0.0,0.0,0.0,0.0,0.0,0.0,0.0,0.0,0.0,0.0,0.0,0.0,,,0,0.0,0.0
func@0x14016b220,0.001000,0.001000,0.0,0.0,0.0,0.0,0.0,0.0,0.0,0.0,,0.0,0.0,0.0,0.0,0.0,0.0,0.0,0.0,,,0,0.0,0.0
func@0x140171d70,0.001000,0.001000,0.0,0.0,0.0,0.0,0.0,0.0,0.0,0.0,0.0,0.0,0.0,0.0,0.0,0.0,0.0,0.0,0.0,,,0,0.0,0.0
func@0x140172430,0.001000,0.001000,0.0,0.0,0.0,0.0,0.0,0.0,0.0,0.0,0.0,0.0,0.0,0.0,0.0,0.0,0.0,0.0,0.0,SSE(128),,0,0.0,0.0
func@0x140178c40,0.001000,0.001000,0.0,0.0,0.0,0.0,0.0,0.0,0.0,0.0,0.0,0.0,0.0,0.0,0.0,0.0,0.0,0.0,0.0,,,0,,2995202234.000000
func@0x1401ad430,0.001000,0.001000,0.0,0.0,0.0,0.0,0.0,0.0,0.0,0.0,0.0,0.0,0.0,0.0,0.0,0.0,0.0,0.0,0.0,,,0,0.0,0.0
func@0x14020cfb0,0.001000,0.001000,0.0,0.0,0.0,0.0,0.0,,,0.0,,0.0,0.0,0.0,0.0,0.0,0.0,0.0,0.0,SSE(128),,0,0.0,0.0
func@0x14020ed68,0.001000,0.001000,0.0,0.0,0.0,0.0,0.0,0.0,0.0,0.0,0.0,0.0,0.0,0.0,0.0,0.0,0.0,0.0,0.0,,,0,0.0,0.0
func@0x140213c64,0.001000,0.001000,0.0,0.0,0.0,0.0,0.0,0.0,0.0,0.0,0.0,0.0,0.0,0.0,0.0,0.0,0.0,0.0,0.0,,,2995000,0.0,0.0
func@0x140214ed0,0.001000,0.001000,0.0,0.0,0.0,0.0,0.0,0.0,0.0,0.0,0.0,0.0,0.0,0.0,0.0,0.0,0.0,0.0,0.0,SSE(128),,8985000,0.666667,5990404468.000000
func@0x1402157f0,0.001000,0.001000,0.0,0.0,,,0.0,0.0,0.0,0.0,0.0,0.0,,,,0.0,0.0,0.0,0.0,SSE2(128),,0,,2995202234.000000
func@0x140216fa0,0.001000,0.001000,0.0,0.0,0.0,0.0,0.0,0.0,0.0,0.0,,0.0,0.0,0.0,0.0,0.0,0.0,0.0,0.0,SSE(128),,17970000,0.166667,2995202234.000000
func@0x140234690,0.001000,0.001000,0.0,0.0,0.0,0.0,0.0,0.0,0.0,0.0,0.0,0.0,0.0,0.0,0.0,0.0,0.0,0.0,0.0,SSE(128),,2995000,0.0,0.0
func@0x140241c24,0.001000,0.001000,0.0,0.0,0.0,0.0,0.0,0.0,0.0,0.0,0.0,0.0,0.0,0.0,0.0,0.0,0.0,0.0,0.0,,,0,,2995202234.000000
func@0x140244270,0.001000,0.001000,0.0,0.0,0.0,0.0,0.0,0.0,0.0,0.0,0.0,0.0,0.0,0.0,0.0,0.0,0.0,0.0,0.0,,,0,,2995202234.000000
func@0x140247370,0.001000,0.001000,0.0,0.0,,,,,,0.0,0.0,0.0,0.0,0.0,0.0,0.0,0.0,0.0,0.0,,,0,0.0,0.0
func@0x1402479a0,0.001000,0.001000,0.0,0.0,0.0,0.0,0.0,0.0,0.0,0.0,,0.0,,,,0.0,0.0,0.0,0.0,,,2995000,1.000000,2995202234.000000
func@0x140247c60,0.001000,0.001000,0.0,0.0,0.0,0.0,0.0,0.0,0.0,0.0,,0.0,0.0,0.0,,0.0,0.0,0.0,0.0,SSE2(128),,2995000,3.000000,8985606702.000000
func@0x1402494a0,0.001000,0.001000,0.0,0.0,0.0,0.0,0.0,0.0,0.0,0.0,,0.0,,,,0.0,0.0,0.0,0.0,SSE(128),,8985000,0.333333,2995202234.000000
func@0x140249ae0,0.001000,0.001000,0.0,0.0,0.0,0.0,0.0,0.0,0.0,0.0,0.0,0.0,0.0,,0.0,0.0,0.0,0.0,0.0,,,0,0.0,0.0
func@0x14024f9b0,0.001000,0.001000,0.0,0.0,0.0,0.0,0.0,0.0,0.0,0.0,0.0,0.0,0.0,0.0,0.0,0.0,0.0,0.0,0.0,,,0,0.0,0.0
func@0x140250635,0.001000,0.001000,0.0,0.0,0.0,0.0,0.0,0.0,0.0,0.0,0.0,0.0,,,,0.0,0.0,0.0,0.0,,,0,0.0,0.0
func@0x1402599f0,0.001000,0.001000,0.0,0.0,0.0,0.0,,,0.0,0.0,0.0,0.0,0.0,0.0,0.0,0.0,0.0,0.0,0.0,,,0,0.0,0.0
func@0x140259a80,0.001000,0.001000,0.0,0.0,0.0,0.0,0.0,,,0.0,0.0,0.0,0.0,0.0,0.0,0.0,0.0,0.0,0.0,,,0,0.0,0.0
func@0x140264696,0.001000,0.001000,0.0,0.0,0.0,0.0,0.0,0.0,0.0,0.0,0.0,0.0,0.0,0.0,0.0,0.0,0.0,0.0,0.0,,,0,0.0,0.0
func@0x140267df7,0.001000,0.001000,0.0,0.0,0.0,0.0,0.0,0.0,0.0,0.0,0.0,0.0,0.0,0.0,0.0,0.0,0.0,0.0,0.0,,,0,0.0,0.0
func@0x14026b66c,0.001000,0.001000,0.0,0.0,0.0,0.0,0.0,0.0,0.0,0.0,0.0,0.0,0.0,0.0,0.0,0.0,0.0,0.0,0.0,,,0,0.0,0.0
func@0x1402720f0,0.001000,0.001000,0.0,0.0,0.0,0.0,0.0,0.0,0.0,0.0,,0.0,,,,0.0,0.0,0.0,0.0,SSE(128),,0,0.0,0.0
func@0x1402801b0,0.001000,0.001000,0.0,0.0,0.0,0.0,100.0,0.0,0.0,0.0,,0.0,0.0,0.0,0.0,0.0,0.0,0.0,0.0,,,14975000,0.600000,8985606702.000000
func@0x140281f00,0.001000,0.001000,0.0,0.0,0.0,0.0,0.0,0.0,0.0,0.0,0.0,0.0,0.0,0.0,0.0,0.0,0.0,0.0,0.0,,,0,0.0,0.0
func@0x14028b170,0.001000,0.001000,0.0,0.0,0.0,0.0,0.0,0.0,0.0,0.0,0.0,0.0,0.0,0.0,0.0,0.0,0.0,0.0,0.0,,,11980000,0.0,0.0
func@0x14028e640,0.001000,0.001000,0.0,0.0,0.0,0.0,0.0,0.0,0.0,0.0,,0.0,0.0,0.0,0.0,0.0,0.0,0.0,0.0,SSE(128),,0,0.0,0.0
func@0x1402992d0,0.001000,0.001000,0.0,0.0,0.0,0.0,0.0,0.0,0.0,0.0,0.0,0.0,0.0,0.0,0.0,0.0,0.0,0.0,0.0,SSE(128),,0,0.0,0.0
func@0x14029c7f5,0.001000,0.001000,0.0,0.0,0.0,0.0,0.0,0.0,0.0,0.0,0.0,0.0,0.0,0.0,0.0,0.0,0.0,0.0,0.0,,,0,0.0,0.0
func@0x1402b661d,0.001000,0.001000,0.0,0.0,0.0,0.0,0.0,0.0,0.0,0.0,0.0,0.0,0.0,0.0,0.0,0.0,0.0,0.0,0.0,,,0,0.0,0.0
func@0x1402b6ac0,0.001000,0.001000,0.0,0.0,0.0,0.0,0.0,0.0,0.0,0.0,,0.0,,0.0,0.0,0.0,0.0,0.0,0.0,,,8985000,1.000000,8985606702.000000
func@0x1402b7dc0,0.001000,0.001000,0.0,0.0,0.0,0.0,0.0,0.0,55.6,0.0,0.0,0.0,0.0,0.0,0.0,0.0,0.0,0.0,0.0,,,5990000,1.500000,8985606702.000000
func@0x1402b83c0,0.001000,0.001000,0.0,0.0,0.0,0.0,0.0,0.0,,,0.0,0.0,0.0,0.0,0.0,0.0,0.0,0.0,0.0,,,0,,5990404468.000000
func@0x1402bfac0,0.001000,0.001000,0.0,0.0,0.0,0.0,0.0,0.0,0.0,0.0,0.0,0.0,0.0,0.0,0.0,0.0,0.0,0.0,0.0,,,0,0.0,0.0
func@0x1402bfb80,0.001000,0.001000,0.0,0.0,0.0,0.0,0.0,0.0,0.0,0.0,0.0,0.0,0.0,0.0,0.0,0.0,0.0,0.0,0.0,,,0,0.0,0.0
func@0x1402e38e3,0.001000,0.001000,0.0,0.0,0.0,0.0,0.0,0.0,0.0,0.0,0.0,0.0,0.0,0.0,0.0,0.0,0.0,0.0,0.0,,,0,0.0,0.0
func@0x1402e3910,0.001000,0.001000,0.0,0.0,0.0,0.0,100.0,100.0,0.0,100.0,,0.0,0.0,0.0,0.0,0.0,0.0,0.0,0.0,,,0,,2995202234.000000
func@0x1402e5682,0.001000,0.001000,0.0,0.0,0.0,0.0,0.0,0.0,0.0,0.0,0.0,0.0,0.0,0.0,0.0,0.0,0.0,0.0,0.0,,,0,0.0,0.0
func@0x1402e8ac0,0.001000,0.001000,0.0,0.0,0.0,0.0,0.0,0.0,0.0,0.0,,0.0,0.0,0.0,0.0,0.0,0.0,0.0,0.0,,,2995000,1.000000,2995202234.000000
func@0x1402e8b71,0.001000,0.001000,0.0,0.0,0.0,0.0,0.0,0.0,0.0,0.0,0.0,0.0,,,,0.0,0.0,0.0,0.0,,,2995000,1.000000,2995202234.000000
func@0x1402e9490,0.001000,0.001000,0.0,0.0,0.0,0.0,0.0,0.0,100.0,0.0,,0.0,,,,0.0,0.0,0.0,0.0,SSE(128),,0,,2995202234.000000
func@0x140301350,0.001000,0.001000,0.0,0.0,0.0,0.0,0.0,0.0,0.0,0.0,0.0,0.0,0.0,0.0,0.0,0.0,0.0,0.0,0.0,,,5990000,0.500000,2995202234.000000
func@0x140302951,0.001000,0.001000,0.0,0.0,0.0,0.0,0.0,0.0,0.0,0.0,,0.0,0.0,0.0,0.0,0.0,0.0,0.0,0.0,,,0,,5990404468.000000
func@0x140303d00,0.001000,0.001000,0.0,0.0,0.0,0.0,0.0,0.0,0.0,0.0,0.0,0.0,0.0,0.0,0.0,0.0,0.0,0.0,0.0,SSE2(128),,2995000,3.000000,8985606702.000000
func@0x140305d48,0.001000,0.001000,0.0,0.0,0.0,0.0,0.0,0.0,0.0,0.0,0.0,0.0,0.0,0.0,0.0,0.0,0.0,0.0,0.0,,,0,0.0,0.0
func@0x14030600c,0.001000,0.001000,0.0,0.0,0.0,0.0,0.0,0.0,0.0,0.0,,0.0,0.0,0.0,0.0,0.0,0.0,0.0,0.0,,,0,0.0,0.0
func@0x140306a80,0.001000,0.001000,0.0,0.0,0.0,0.0,0.0,0.0,0.0,100.0,,0.0,,,,0.0,0.0,0.0,0.0,,,0,,2995202234.000000
func@0x14030ebdf,0.001000,0.001000,0.0,0.0,0.0,0.0,0.0,0.0,0.0,0.0,0.0,0.0,0.0,0.0,0.0,0.0,0.0,0.0,0.0,,,0,0.0,0.0
func@0x14031f5f0,0.001000,0.001000,0.0,0.0,,,0.0,0.0,0.0,83.5,,0.0,,,,0.0,0.0,0.0,0.0,,,14975000,0.400000,5990404468.000000
func@0x1403224d0,0.001000,0.001000,0.0,0.0,0.0,0.0,,,0.0,0.0,0.0,0.0,0.0,0.0,0.0,0.0,0.0,0.0,0.0,,,0,0.0,0.0
func@0x14032ac60,0.001000,0.001000,0.0,0.0,0.0,0.0,0.0,0.0,0.0,0.0,0.0,0.0,0.0,0.0,0.0,0.0,0.0,0.0,0.0,,,0,0.0,0.0
func@0x14032be30,0.001000,0.001000,0.0,0.0,0.0,0.0,0.0,0.0,0.0,0.0,0.0,0.0,0.0,0.0,0.0,0.0,0.0,0.0,0.0,,,23960000,0.750000,17971213404.000000
func@0x14032f1dd,0.001000,0.001000,0.0,0.0,0.0,0.0,0.0,0.0,0.0,0.0,0.0,0.0,,,,0.0,0.0,0.0,0.0,,,0,0.0,0.0
func@0x1403300ea,0.001000,0.001000,0.0,0.0,0.0,0.0,0.0,0.0,0.0,0.0,0.0,0.0,0.0,0.0,0.0,0.0,0.0,0.0,0.0,,,5990000,0.0,0.0
func@0x140330ff0,0.001000,0.001000,0.0,0.0,0.0,0.0,0.0,0.0,0.0,0.0,0.0,0.0,0.0,0.0,0.0,0.0,0.0,0.0,0.0,,,0,0.0,0.0
func@0x14034c411,0.001000,0.001000,0.0,0.0,0.0,0.0,0.0,0.0,0.0,0.0,0.0,0.0,0.0,0.0,0.0,0.0,0.0,0.0,0.0,,,0,0.0,0.0
func@0x140350e11,0.001000,0.001000,0.0,0.0,0.0,0.0,0.0,0.0,0.0,0.0,0.0,0.0,0.0,0.0,0.0,0.0,0.0,0.0,0.0,,,0,0.0,0.0
func@0x14036ab90,0.001000,0.001000,0.0,0.0,0.0,0.0,0.0,0.0,0.0,0.0,0.0,0.0,0.0,0.0,0.0,0.0,0.0,0.0,0.0,,,0,0.0,0.0
func@0x14039d870,0.001000,0.001000,0.0,0.0,0.0,0.0,0.0,0.0,0.0,0.0,0.0,0.0,0.0,0.0,0.0,0.0,0.0,0.0,0.0,,,2995000,0.0,0.0
func@0x1403b2e40,0.001000,0.001000,0.0,0.0,0.0,0.0,0.0,0.0,0.0,0.0,0.0,0.0,0.0,0.0,0.0,0.0,0.0,0.0,0.0,,,0,0.0,0.0
func@0x1403bbe80,0.001000,0.001000,0.0,0.0,,,0.0,0.0,0.0,0.0,0.0,0.0,0.0,0.0,0.0,0.0,0.0,0.0,0.0,,,0,0.0,0.0
func@0x1403bd960,0.001000,0.001000,0.0,0.0,0.0,0.0,,,,0.0,,0.0,0.0,0.0,0.0,0.0,0.0,0.0,0.0,,,0,0.0,0.0
func@0x1403be84c,0.001000,0.001000,0.0,0.0,0.0,0.0,0.0,0.0,0.0,0.0,,0.0,0.0,0.0,0.0,0.0,0.0,0.0,0.0,,,0,,2995202234.000000
func@0x1403c0ac8,0.001000,0.001000,0.0,0.0,0.0,0.0,0.0,0.0,0.0,0.0,0.0,0.0,0.0,0.0,0.0,0.0,0.0,0.0,0.0,,,0,0.0,0.0
func@0x1403cdaf0,0.001000,0.001000,0.0,0.0,0.0,0.0,0.0,0.0,0.0,0.0,0.0,0.0,0.0,0.0,0.0,0.0,0.0,0.0,0.0,,,0,0.0,0.0
func@0x1403ed984,0.001000,0.001000,0.0,0.0,0.0,0.0,0.0,0.0,0.0,0.0,,0.0,0.0,0.0,0.0,0.0,0.0,0.0,0.0,SSE(128),,5990000,0.0,0.0
func@0x1403ee420,0.001000,0.001000,0.0,0.0,0.0,0.0,0.0,,,0.0,0.0,0.0,0.0,0.0,0.0,0.0,0.0,0.0,0.0,,,0,0.0,0.0
func@0x1403fd970,0.001000,0.001000,0.0,0.0,0.0,0.0,0.0,0.0,0.0,0.0,0.0,0.0,0.0,0.0,0.0,0.0,0.0,0.0,0.0,,,0,0.0,0.0
func@0x140402ad0,0.001000,0.001000,0.0,0.0,0.0,0.0,0.0,0.0,0.0,0.0,0.0,0.0,0.0,0.0,0.0,0.0,0.0,0.0,0.0,,,0,0.0,0.0
func@0x1404113d0,0.001000,0.001000,0.0,0.0,0.0,0.0,,,0.0,0.0,,0.0,,,,0.0,0.0,0.0,0.0,SSE(128),,0,0.0,0.0
func@0x1404233e2,0.001000,0.001000,0.0,0.0,0.0,0.0,0.0,0.0,0.0,0.0,0.0,0.0,0.0,0.0,0.0,0.0,0.0,0.0,0.0,,,0,0.0,0.0
func@0x14042dbc0,0.001000,0.001000,0.0,0.0,0.0,0.0,0.0,0.0,0.0,0.0,0.0,0.0,0.0,0.0,0.0,0.0,0.0,0.0,0.0,SSE(128),,0,,2995202234.000000
func@0x140447cc0,0.001000,0.001000,0.0,0.0,0.0,0.0,0.0,0.0,0.0,0.0,0.0,0.0,0.0,0.0,0.0,0.0,0.0,0.0,0.0,,,0,0.0,0.0
func@0x1404e9290,0.001000,0.001000,0.0,0.0,0.0,0.0,100.0,0.0,0.0,0.0,0.0,0.0,0.0,,0.0,0.0,0.0,0.0,0.0,SSE(128),,5990000,0.500000,2995202234.000000
func@0x1404e9559,0.001000,0.001000,0.0,0.0,0.0,0.0,0.0,0.0,0.0,0.0,0.0,0.0,0.0,0.0,0.0,0.0,0.0,0.0,0.0,,,2995000,0.0,0.0
func@0x1406a52a0,0.001000,0.001000,0.0,0.0,,,0.0,0.0,0.0,0.0,0.0,0.0,0.0,,0.0,0.0,0.0,0.0,0.0,,,2995000,1.000000,2995202234.000000
func@0x1406ac630,0.001000,0.001000,0.0,0.0,0.0,0.0,0.0,0.0,0.0,0.0,0.0,0.0,0.0,0.0,0.0,0.0,0.0,0.0,0.0,,,2995000,3.000000,8985606702.000000
func@0x1406b23e0,0.001000,0.001000,0.0,0.0,0.0,0.0,100.0,0.0,0.0,55.6,100.0,0.0,0.0,0.0,0.0,0.0,0.0,0.0,0.0,SSE(128),,0,,11980808936.000000
func@0x1406b24c0,0.001000,0.001000,0.0,0.0,0.0,0.0,0.0,0.0,0.0,0.0,0.0,0.0,0.0,0.0,0.0,0.0,0.0,0.0,0.0,,,2995000,6.000000,17971213404.000000
func@0x1406b4933,0.001000,0.001000,0.0,0.0,0.0,0.0,0.0,0.0,0.0,0.0,0.0,0.0,0.0,0.0,0.0,0.0,0.0,0.0,0.0,SSE(128),,0,0.0,0.0
func@0x140849cc0,0.001000,0.001000,0.0,0.0,0.0,0.0,0.0,0.0,0.0,0.0,,0.0,0.0,0.0,0.0,0.0,0.0,0.0,0.0,,,0,,2995202234.000000
func@0x140849f13,0.001000,0.001000,0.0,0.0,0.0,0.0,0.0,0.0,0.0,0.0,0.0,0.0,0.0,0.0,0.0,0.0,0.0,0.0,0.0,SSE(128),,0,,5990404468.000000
func@0x14084e040,0.001000,0.001000,0.0,0.0,0.0,0.0,0.0,0.0,0.0,0.0,0.0,0.0,0.0,0.0,0.0,0.0,0.0,0.0,0.0,SSE(128),,0,0.0,0.0
func@0x14086113e,0.001000,0.001000,0.0,0.0,0.0,0.0,0.0,0.0,0.0,0.0,0.0,0.0,0.0,0.0,0.0,0.0,0.0,0.0,0.0,,,0,0.0,0.0
func@0x1409af0b0,0.001000,0.001000,0.0,0.0,0.0,0.0,0.0,0.0,0.0,0.0,0.0,0.0,0.0,0.0,0.0,0.0,0.0,0.0,0.0,,,0,0.0,0.0
func@0x140a8be8f,0.001000,0.001000,0.0,0.0,0.0,0.0,0.0,0.0,0.0,0.0,0.0,0.0,0.0,0.0,0.0,0.0,0.0,0.0,0.0,,,0,0.0,0.0
func@0x140b543a0,0.001000,0.001000,0.0,0.0,0.0,0.0,0.0,0.0,0.0,0.0,0.0,0.0,0.0,0.0,0.0,0.0,0.0,0.0,0.0,,,0,0.0,0.0
func@0x140d3e880,0.001000,0.001000,0.0,0.0,0.0,0.0,0.0,0.0,0.0,0.0,0.0,0.0,0.0,0.0,0.0,0.0,0.0,0.0,0.0,,,0,,2995202234.000000
func@0x140d3e8e0,0.001000,0.001000,0.0,0.0,0.0,0.0,0.0,0.0,0.0,0.0,0.0,0.0,0.0,0.0,0.0,0.0,0.0,0.0,0.0,,,0,0.0,0.0
func@0x140da8ef0,0.001000,0.001000,0.0,0.0,0.0,0.0,0.0,0.0,0.0,0.0,0.0,0.0,0.0,0.0,0.0,0.0,0.0,0.0,0.0,,,0,,2995202234.000000
func@0x140df61e0,0.001000,0.001000,0.0,0.0,0.0,0.0,0.0,0.0,0.0,0.0,0.0,0.0,0.0,0.0,0.0,0.0,0.0,0.0,0.0,,,0,0.0,0.0
func@0x140e11bbf,0.001000,0.001000,0.0,0.0,0.0,0.0,0.0,0.0,,,0.0,0.0,0.0,0.0,0.0,0.0,0.0,0.0,0.0,,,0,0.0,0.0
func@0x1800069a0,0.001000,0.001000,0.0,0.0,0.0,0.0,0.0,0.0,0.0,0.0,0.0,0.0,0.0,0.0,0.0,0.0,0.0,0.0,0.0,,,0,0.0,0.0
func@0x180007f40,0.001000,0.001000,0.0,0.0,0.0,0.0,0.0,0.0,0.0,0.0,0.0,0.0,0.0,0.0,0.0,0.0,0.0,0.0,0.0,,,0,0.0,0.0
func@0x18000bba0,0.001000,0.001000,0.0,0.0,0.0,0.0,0.0,0.0,0.0,0.0,0.0,0.0,0.0,0.0,0.0,0.0,0.0,0.0,0.0,,,0,0.0,0.0
func@0x18000d860,0.001000,0.001000,0.0,0.0,0.0,0.0,0.0,0.0,0.0,0.0,0.0,0.0,0.0,0.0,0.0,0.0,0.0,0.0,0.0,SSE2(128),,0,0.0,0.0
func@0x18000ed79,0.001000,0.001000,0.0,0.0,0.0,0.0,0.0,0.0,0.0,0.0,0.0,0.0,0.0,0.0,0.0,0.0,0.0,0.0,0.0,,,0,0.0,0.0
func@0x180019e70,0.001000,0.001000,0.0,0.0,0.0,0.0,0.0,0.0,0.0,0.0,0.0,0.0,0.0,0.0,0.0,0.0,0.0,0.0,0.0,,,2995000,0.0,0.0
func@0x18001b8e0,0.001000,0.001000,0.0,0.0,0.0,0.0,0.0,0.0,0.0,0.0,0.0,0.0,0.0,0.0,0.0,0.0,0.0,0.0,0.0,SSE2(128),,0,0.0,0.0
func@0x18001cd00,0.001000,0.001000,0.0,0.0,0.0,0.0,0.0,0.0,0.0,0.0,0.0,0.0,0.0,0.0,0.0,0.0,0.0,0.0,0.0,,,26955000,0.333333,8985606702.000000
func@0x180041f70,0.001000,0.001000,0.0,0.0,0.0,0.0,0.0,0.0,0.0,0.0,0.0,0.0,0.0,0.0,0.0,0.0,0.0,0.0,0.0,SSE(128); SSE2(128),,0,0.0,0.0
func@0x18004d6c2,0.001000,0.001000,0.0,0.0,0.0,0.0,0.0,0.0,0.0,0.0,0.0,0.0,0.0,0.0,0.0,0.0,0.0,0.0,0.0,,,0,0.0,0.0
func@0x1800506f0,0.001000,0.001000,0.0,0.0,0.0,0.0,0.0,0.0,0.0,0.0,0.0,0.0,0.0,0.0,0.0,0.0,0.0,0.0,0.0,SSE(128),,0,,2995202234.000000
func@0x180050970,0.001000,0.001000,0.0,0.0,0.0,0.0,0.0,0.0,0.0,0.0,0.0,,0.0,0.0,0.0,0.0,0.0,0.0,0.0,SSE(128); SSE2(128),,0,0.0,0.0
func@0x1800539c0,0.001000,0.001000,0.0,0.0,0.0,0.0,0.0,0.0,0.0,0.0,0.0,0.0,0.0,0.0,0.0,0.0,0.0,0.0,0.0,SSE(128),,0,0.0,0.0
func@0x18006e190,0.001000,0.001000,0.0,0.0,0.0,0.0,0.0,0.0,0.0,0.0,0.0,0.0,0.0,0.0,0.0,0.0,0.0,0.0,0.0,,,0,0.0,0.0
func@0x180074480,0.001000,0.001000,0.0,0.0,0.0,0.0,0.0,0.0,100.0,0.0,0.0,0.0,0.0,0.0,0.0,0.0,0.0,0.0,0.0,SSE(128),,0,,5990404468.000000
func@0x180074643,0.001000,0.001000,0.0,0.0,0.0,0.0,0.0,0.0,0.0,0.0,20.0,0.0,0.0,0.0,0.0,0.0,0.0,0.0,0.0,SSE(128); SSE2(128),,0,,5990404468.000000
func@0x180077040,0.001000,0.001000,0.0,0.0,0.0,0.0,,,0.0,0.0,,0.0,0.0,0.0,0.0,0.0,0.0,0.0,0.0,SSE(128),,0,0.0,0.0
func@0x180077168,0.001000,0.001000,0.0,0.0,0.0,0.0,0.0,100.0,0.0,0.0,,0.0,,,,0.0,0.0,0.0,0.0,SSE(128),,0,,2995202234.000000
func@0x180126000,0.001000,0.001000,0.0,0.0,0.0,0.0,0.0,0.0,0.0,0.0,0.0,0.0,0.0,0.0,0.0,0.0,0.0,0.0,0.0,,,0,0.0,0.0
func@0x1c000f390,0.001000,0.001000,0.0,0.0,0.0,0.0,0.0,0.0,0.0,0.0,0.0,0.0,0.0,0.0,0.0,0.0,0.0,0.0,0.0,,,0,0.0,0.0
fwrite,0.001000,0.001000,0.0,0.0,0.0,0.0,0.0,0.0,0.0,0.0,0.0,0.0,0.0,0.0,0.0,0.0,0.0,0.0,0.0,SSE(128),,0,0.0,0.0
init_tb,0.001000,0.001000,0.0,0.0,0.0,0.0,0.0,0.0,0.0,0.0,0.0,0.0,0.0,0.0,0.0,0.0,0.0,0.0,0.0,SSE(128); SSE2(128),,0,0.0,0.0
log,0.001000,0.001000,0.0,0.0,0.0,0.0,0.0,0.0,0.0,0.0,0.0,0.0,,,,0.0,100.0,0.0,100.0,AVX(128); SSE2(128),,14975000,0.0,0.0
memcpy,0.001000,0.001000,0.0,0.0,0.0,0.0,0.0,41.7,0.0,0.0,0.0,0.0,0.0,0.0,0.0,0.0,0.0,0.0,0.0,,,5990000,2.000000,11980808936.000000
moveValueGreaterComparator::operator(),0.001000,0.001000,0.0,0.0,0.0,0.0,0.0,0.0,0.0,0.0,0.0,0.0,0.0,0.0,0.0,0.0,0.0,0.0,0.0,,,5990000,1.000000,5990404468.000000
operator delete,0.001000,0.001000,0.0,0.0,0.0,0.0,0.0,0.0,0.0,0.0,0.0,0.0,0.0,0.0,0.0,0.0,0.0,0.0,0.0,,,0,0.0,0.0
operator new,0.001000,0.001000,0.0,0.0,0.0,0.0,0.0,0.0,0.0,0.0,,0.0,0.0,0.0,0.0,0.0,0.0,0.0,0.0,,,2995000,1.000000,2995202234.000000
operator&,0.001000,0.001000,0.0,0.0,0.0,0.0,0.0,0.0,0.0,0.0,0.0,0.0,0.0,0.0,0.0,0.0,0.0,0.0,0.0,,,0,0.0,0.0
operator&,0.001000,0.001000,0.0,0.0,0.0,0.0,100.0,0.0,0.0,0.0,0.0,0.0,0.0,0.0,0.0,0.0,0.0,0.0,0.0,,,11980000,0.250000,2995202234.000000
operator&,0.001000,0.001000,0.0,0.0,0.0,0.0,0.0,0.0,0.0,0.0,0.0,0.0,0.0,0.0,0.0,0.0,0.0,0.0,0.0,,,8985000,0.333333,2995202234.000000
operator&,0.001000,0.001000,0.0,0.0,0.0,0.0,0.0,0.0,0.0,0.0,0.0,0.0,0.0,0.0,0.0,0.0,0.0,0.0,0.0,,,8985000,1.000000,8985606702.000000
operator&,0.001000,0.001000,0.0,0.0,0.0,0.0,0.0,55.6,0.0,0.0,0.0,0.0,0.0,0.0,0.0,0.0,0.0,0.0,0.0,,,20965000,0.571429,11980808936.000000
operator&,0.001000,0.001000,0.0,0.0,0.0,0.0,0.0,0.0,0.0,0.0,0.0,0.0,0.0,0.0,0.0,0.0,0.0,0.0,0.0,,,56905000,0.263158,14976011170.000000
operator&,0.001000,0.001000,0.0,0.0,0.0,0.0,0.0,0.0,0.0,0.0,0.0,0.0,0.0,0.0,0.0,0.0,0.0,0.0,0.0,,,2995000,1.000000,2995202234.000000
operator&,0.001000,0.001000,0.0,0.0,0.0,0.0,0.0,0.0,0.0,0.0,0.0,0.0,0.0,,0.0,0.0,0.0,0.0,0.0,,,8985000,0.333333,2995202234.000000
operator&,0.001000,0.001000,0.0,0.0,0.0,0.0,0.0,0.0,0.0,0.0,0.0,0.0,0.0,0.0,0.0,0.0,0.0,0.0,0.0,,,17970000,0.166667,2995202234.000000
operator&,0.001000,0.001000,0.0,0.0,50.0,50.0,0.0,0.0,0.0,0.0,0.0,0.0,0.0,0.0,0.0,0.0,0.0,0.0,0.0,,,68885000,0.260870,17971213404.000000
operator&,0.001000,0.001000,0.0,0.0,0.0,0.0,0.0,0.0,0.0,0.0,0.0,0.0,0.0,0.0,0.0,0.0,0.0,0.0,0.0,,,8985000,0.0,0.0
operator&,0.001000,0.001000,0.0,0.0,0.0,0.0,0.0,0.0,0.0,0.0,0.0,0.0,0.0,0.0,0.0,0.0,0.0,0.0,0.0,,,0,0.0,0.0
operator+,0.001000,0.001000,0.0,0.0,0.0,0.0,0.0,0.0,0.0,0.0,,0.0,0.0,0.0,0.0,0.0,0.0,0.0,0.0,,,0,0.0,0.0
operator+,0.001000,0.001000,0.0,0.0,0.0,0.0,0.0,0.0,0.0,0.0,0.0,0.0,0.0,0.0,0.0,0.0,0.0,0.0,0.0,,,11980000,0.250000,2995202234.000000
operator+,0.001000,0.001000,0.0,0.0,0.0,0.0,0.0,0.0,0.0,0.0,0.0,0.0,0.0,0.0,0.0,0.0,0.0,0.0,0.0,,,8985000,0.333333,2995202234.000000
operator+,0.001000,0.001000,0.0,0.0,0.0,0.0,0.0,0.0,0.0,0.0,0.0,0.0,0.0,0.0,0.0,0.0,0.0,0.0,0.0,,,0,0.0,0.0
operator+,0.001000,0.001000,0.0,0.0,0.0,0.0,0.0,0.0,0.0,0.0,0.0,0.0,0.0,0.0,0.0,0.0,0.0,0.0,0.0,,,11980000,1.250000,14976011170.000000
operator+=,0.001000,0.001000,0.0,0.0,0.0,0.0,100.0,0.0,0.0,0.0,0.0,0.0,0.0,0.0,0.0,0.0,0.0,0.0,0.0,,,5990000,0.500000,2995202234.000000
operator+=,0.001000,0.001000,0.0,0.0,0.0,0.0,0.0,0.0,0.0,0.0,0.0,0.0,0.0,0.0,0.0,0.0,0.0,0.0,0.0,,,11980000,0.500000,5990404468.000000
operator+=,0.001000,0.001000,0.0,0.0,0.0,0.0,0.0,0.0,0.0,0.0,0.0,0.0,0.0,0.0,0.0,0.0,0.0,0.0,0.0,,,0,0.0,0.0
operator-,0.001000,0.001000,0.0,0.0,0.0,0.0,0.0,0.0,0.0,0.0,,0.0,0.0,0.0,0.0,0.0,0.0,0.0,0.0,,,0,0.0,0.0
operator-,0.001000,0.001000,0.0,0.0,0.0,0.0,0.0,0.0,0.0,0.0,0.0,0.0,0.0,0.0,0.0,0.0,0.0,0.0,0.0,,,14975000,0.0,0.0
operator-,0.001000,0.001000,0.0,0.0,0.0,0.0,0.0,0.0,0.0,0.0,,0.0,0.0,0.0,0.0,0.0,0.0,0.0,0.0,,,0,0.0,0.0
operator-,0.001000,0.001000,0.0,0.0,0.0,0.0,0.0,0.0,0.0,0.0,0.0,0.0,0.0,0.0,0.0,0.0,0.0,0.0,0.0,,,38935000,0.307692,11980808936.000000
operator-,0.001000,0.001000,0.0,0.0,0.0,0.0,0.0,0.0,0.0,0.0,0.0,0.0,0.0,0.0,0.0,0.0,0.0,0.0,0.0,,,2995000,4.000000,11980808936.000000
operator-,0.001000,0.001000,0.0,0.0,0.0,0.0,0.0,0.0,0.0,0.0,0.0,0.0,0.0,0.0,0.0,0.0,0.0,0.0,0.0,,,2995000,1.000000,2995202234.000000
operator-,0.001000,0.001000,0.0,0.0,0.0,0.0,0.0,0.0,0.0,0.0,0.0,0.0,0.0,0.0,0.0,0.0,0.0,0.0,0.0,,,17970000,0.333333,5990404468.000000
operator-,0.001000,0.001000,0.0,0.0,0.0,0.0,0.0,0.0,0.0,0.0,0.0,0.0,0.0,0.0,0.0,0.0,0.0,0.0,0.0,,,0,0.0,0.0
operator-=,0.001000,0.001000,0.0,0.0,0.0,0.0,0.0,0.0,0.0,0.0,0.0,0.0,0.0,0.0,0.0,0.0,0.0,0.0,0.0,,,0,0.0,0.0
operator-=,0.001000,0.001000,0.0,0.0,0.0,0.0,0.0,0.0,0.0,0.0,0.0,0.0,0.0,0.0,0.0,0.0,0.0,0.0,0.0,,,8985000,0.666667,5990404468.000000
operator==,0.001000,0.001000,0.0,0.0,0.0,0.0,0.0,0.0,0.0,0.0,0.0,0.0,,,,0.0,0.0,0.0,0.0,,,2995000,2.000000,5990404468.000000
operator>,0.001000,0.001000,0.0,0.0,0.0,0.0,0.0,0.0,0.0,0.0,0.0,0.0,0.0,0.0,0.0,0.0,0.0,0.0,0.0,,,0,0.0,0.0
operator>=,0.001000,0.001000,0.0,0.0,0.0,0.0,0.0,0.0,0.0,0.0,0.0,0.0,0.0,0.0,0.0,0.0,0.0,0.0,0.0,,,0,0.0,0.0
operator|,0.001000,0.001000,0.0,0.0,0.0,0.0,0.0,0.0,0.0,0.0,,0.0,0.0,0.0,0.0,0.0,0.0,0.0,0.0,,,0,,2995202234.000000
operator|,0.001000,0.001000,0.0,0.0,0.0,0.0,0.0,0.0,0.0,0.0,0.0,0.0,0.0,0.0,0.0,0.0,0.0,0.0,0.0,,,8985000,1.000000,8985606702.000000
operator|,0.001000,0.001000,0.0,0.0,0.0,0.0,0.0,0.0,0.0,0.0,0.0,0.0,0.0,0.0,0.0,0.0,0.0,0.0,0.0,,,26955000,0.555556,14976011170.000000
operator|,0.001000,0.001000,0.0,0.0,0.0,0.0,0.0,0.0,0.0,0.0,0.0,0.0,0.0,0.0,0.0,0.0,0.0,0.0,0.0,,,11980000,0.250000,2995202234.000000
operator|,0.001000,0.001000,0.0,0.0,0.0,0.0,0.0,0.0,0.0,0.0,0.0,0.0,0.0,0.0,0.0,0.0,0.0,0.0,0.0,,,5990000,1.500000,8985606702.000000
operator|,0.001000,0.001000,0.0,0.0,0.0,0.0,0.0,0.0,0.0,0.0,0.0,0.0,0.0,0.0,0.0,0.0,0.0,0.0,0.0,,,26955000,0.444444,11980808936.000000
operator~,0.001000,0.001000,0.0,0.0,0.0,0.0,0.0,0.0,0.0,0.0,,0.0,,,,0.0,0.0,0.0,0.0,,,0,0.0,0.0
operator~,0.001000,0.001000,0.0,0.0,0.0,0.0,0.0,0.0,0.0,0.0,0.0,0.0,,,,0.0,0.0,0.0,0.0,,,14975000,0.0,0.0
operator~,0.001000,0.001000,0.0,0.0,0.0,0.0,0.0,0.0,0.0,0.0,,0.0,0.0,0.0,0.0,0.0,0.0,0.0,0.0,,,0,0.0,0.0
operator~,0.001000,0.001000,0.0,0.0,0.0,0.0,0.0,100.0,0.0,0.0,0.0,0.0,0.0,0.0,0.0,0.0,0.0,0.0,0.0,,,8985000,0.333333,2995202234.000000
operator~,0.001000,0.001000,0.0,0.0,0.0,0.0,0.0,0.0,0.0,0.0,0.0,0.0,0.0,0.0,0.0,0.0,0.0,0.0,0.0,,,0,,5990404468.000000
probe_table,0.001000,0.001000,0.0,0.0,0.0,0.0,0.0,0.0,0.0,0.0,0.0,0.0,0.0,0.0,0.0,0.0,0.0,0.0,0.0,,,2995000,1.000000,2995202234.000000
rook_attacks,0.001000,0.001000,0.0,0.0,0.0,0.0,0.0,0.0,0.0,0.0,0.0,0.0,0.0,0.0,0.0,0.0,0.0,0.0,0.0,,,0,0.0,0.0
"std::_Atomic_storage<unsigned __int64,8>::load",0.001000,0.001000,0.0,0.0,0.0,0.0,0.0,0.0,0.0,0.0,0.0,0.0,0.0,0.0,0.0,0.0,0.0,0.0,0.0,,,26955000,0.222222,5990404468.000000
std::_Copy_memmove_tail<Move *>,0.001000,0.001000,0.0,0.0,0.0,0.0,0.0,0.0,0.0,0.0,0.0,0.0,,0.0,0.0,0.0,0.0,0.0,0.0,,,0,0.0,0.0
"std::_Hash<std::_Umap_traits<unsigned __int64,BookEntry,std::_Uhash_compare<unsigned __int64,std::hash<unsigned __int64>,std::equal_to<unsigned __int64> >,std::allocator<std::pair<unsigned __int64 const ,BookEntry> >,0> >::insert",0.001000,0.001000,0.0,0.0,0.0,0.0,0.0,0.0,0.0,0.0,0.0,0.0,0.0,0.0,0.0,0.0,0.0,0.0,0.0,,,5990000,0.0,0.0
std::_Tree_val<struct std::_Tree_simple_types<struct boost::archive::detail::basic_iarchive_impl::cobject_type> >::_Insert_node,0.001000,0.001000,0.0,0.0,0.0,0.0,0.0,0.0,0.0,0.0,0.0,0.0,0.0,0.0,0.0,0.0,0.0,0.0,0.0,,,0,0.0,0.0
"std::_Uninitialized_backout<std::_List_unchecked_iterator<std::_List_val<std::_List_simple_types<std::pair<unsigned __int64 const ,BookEntry> > > > *>::_Emplace_back",0.001000,0.001000,0.0,0.0,0.0,0.0,0.0,0.0,0.0,0.0,0.0,0.0,0.0,0.0,0.0,0.0,0.0,0.0,0.0,,,2995000,1.000000,2995202234.000000
"std::array<Bitboard,64>::operator[]",0.001000,0.001000,0.0,0.0,0.0,0.0,0.0,0.0,0.0,0.0,0.0,0.0,0.0,0.0,0.0,0.0,0.0,0.0,0.0,,,26955000,0.222222,5990404468.000000
"std::array<Bitboard,64>::operator[]",0.001000,0.001000,0.0,0.0,0.0,0.0,0.0,0.0,0.0,0.0,,0.0,0.0,0.0,0.0,0.0,0.0,0.0,0.0,,,2995000,0.0,0.0
"std::array<Bitboard,64>::operator[]",0.001000,0.001000,0.0,0.0,0.0,0.0,100.0,0.0,0.0,41.7,0.0,0.0,0.0,0.0,0.0,0.0,0.0,0.0,0.0,,,23960000,0.500000,11980808936.000000
"std::array<Bitboard,64>::operator[]",0.001000,0.001000,0.0,0.0,0.0,0.0,0.0,0.0,0.0,0.0,,0.0,0.0,0.0,0.0,0.0,0.0,0.0,0.0,,,0,0.0,0.0
"std::array<HistoryState,512>::operator[]",0.001000,0.001000,0.0,0.0,0.0,0.0,,,0.0,0.0,0.0,0.0,0.0,0.0,0.0,0.0,0.0,0.0,0.0,,,11980000,0.0,0.0
"std::array<HistoryState,512>::operator[]",0.001000,0.001000,0.0,0.0,0.0,0.0,0.0,0.0,0.0,0.0,0.0,0.0,0.0,0.0,0.0,0.0,0.0,0.0,0.0,,,2995000,0.0,0.0
"std::array<int,64>::operator[]",0.001000,0.001000,0.0,0.0,0.0,0.0,100.0,0.0,0.0,0.0,0.0,0.0,0.0,0.0,0.0,0.0,0.0,0.0,0.0,,,11980000,0.250000,2995202234.000000
"std::array<std::array<Move,128>,128>::operator[]",0.001000,0.001000,0.0,0.0,0.0,0.0,0.0,0.0,0.0,0.0,0.0,0.0,0.0,0.0,0.0,0.0,0.0,0.0,0.0,,,0,0.0,0.0
"std::array<std::array<Move,64>,64>::operator[]",0.001000,0.001000,0.0,0.0,0.0,0.0,0.0,0.0,0.0,0.0,0.0,0.0,0.0,0.0,0.0,0.0,0.0,0.0,0.0,,,5990000,0.0,0.0
"std::array<std::array<int,64>,64>::operator[]",0.001000,0.001000,0.0,0.0,0.0,0.0,0.0,0.0,0.0,0.0,0.0,0.0,0.0,0.0,0.0,0.0,0.0,0.0,0.0,,,23960000,0.500000,11980808936.000000
"std::basic_streambuf<char,std::char_traits<char> >::gbump",0.001000,0.001000,0.0,0.0,0.0,0.0,0.0,0.0,0.0,0.0,0.0,0.0,0.0,0.0,0.0,0.0,0.0,0.0,0.0,,,11980000,0.0,0.0
std::countr_zero,0.001000,0.001000,0.0,0.0,0.0,0.0,0.0,0.0,0.0,0.0,0.0,0.0,0.0,0.0,0.0,0.0,0.0,0.0,0.0,,,5990000,0.0,0.0
std::countr_zero,0.001000,0.001000,0.0,0.0,0.0,0.0,0.0,0.0,0.0,0.0,0.0,0.0,0.0,0.0,0.0,0.0,0.0,0.0,0.0,,,14975000,0.400000,5990404468.000000
std::countr_zero,0.001000,0.001000,0.0,0.0,0.0,0.0,0.0,0.0,0.0,0.0,0.0,0.0,0.0,0.0,0.0,0.0,0.0,0.0,0.0,,,47920000,0.375000,17971213404.000000
std::countr_zero,0.001000,0.001000,0.0,0.0,0.0,0.0,0.0,0.0,0.0,0.0,0.0,0.0,0.0,0.0,0.0,0.0,0.0,0.0,0.0,,,11980000,0.250000,2995202234.000000
std::countr_zero,0.001000,0.001000,0.0,0.0,0.0,0.0,0.0,0.0,0.0,0.0,0.0,0.0,0.0,0.0,0.0,0.0,0.0,0.0,0.0,,,23960000,0.375000,8985606702.000000
std::make_unique,0.001000,0.001000,0.0,0.0,,,0.0,0.0,0.0,0.0,0.0,0.0,0.0,0.0,0.0,0.0,0.0,0.0,0.0,,,0,,5990404468.000000
std::min,0.001000,0.001000,0.0,0.0,0.0,0.0,0.0,0.0,0.0,0.0,0.0,0.0,0.0,0.0,0.0,0.0,0.0,0.0,0.0,,,5990000,1.500000,8985606702.000000
std::popcount,0.001000,0.001000,0.0,0.0,0.0,0.0,0.0,0.0,0.0,0.0,0.0,0.0,0.0,0.0,0.0,0.0,0.0,0.0,0.0,,,0,0.0,0.0
std::popcount,0.001000,0.001000,0.0,0.0,0.0,0.0,0.0,0.0,0.0,0.0,0.0,0.0,0.0,0.0,0.0,0.0,0.0,0.0,0.0,,,0,,2995202234.000000
std::popcount,0.001000,0.001000,0.0,0.0,0.0,0.0,0.0,0.0,0.0,0.0,0.0,0.0,0.0,0.0,0.0,0.0,0.0,0.0,0.0,,,23960000,0.250000,5990404468.000000
std::ranges::_Find_if_fn::operator(),0.001000,0.001000,0.0,0.0,0.0,0.0,0.0,0.0,0.0,0.0,0.0,0.0,0.0,0.0,0.0,0.0,0.0,0.0,0.0,,,0,0.0,0.0
std::shared_ptr<YAML::detail::memory_holder>::{ctor},0.001000,0.001000,0.0,0.0,0.0,0.0,0.0,0.0,0.0,0.0,0.0,0.0,0.0,0.0,0.0,0.0,0.0,0.0,0.0,AVX(128),,0,0.0,0.0
"std::vector<boost::archive::detail::basic_iarchive_impl::cobject_id,std::allocator<boost::archive::detail::basic_iarchive_impl::cobject_id> >::operator[]",0.001000,0.001000,0.0,0.0,0.0,0.0,0.0,0.0,0.0,0.0,0.0,0.0,0.0,0.0,0.0,0.0,0.0,0.0,0.0,,,8985000,0.0,0.0
typeOf,0.001000,0.001000,0.0,0.0,0.0,0.0,0.0,0.0,0.0,0.0,0.0,0.0,0.0,0.0,0.0,0.0,0.0,0.0,0.0,,,14975000,0.800000,11980808936.000000
typeOf,0.001000,0.001000,0.0,0.0,0.0,0.0,0.0,0.0,0.0,0.0,0.0,0.0,0.0,0.0,0.0,0.0,0.0,0.0,0.0,,,5990000,0.500000,2995202234.000000
valueOf,0.001000,0.001000,0.0,0.0,0.0,0.0,0.0,0.0,0.0,0.0,0.0,0.0,0.0,0.0,0.0,0.0,0.0,0.0,0.0,,,20965000,0.571429,11980808936.000000
Attacks::detail::Magic::index,0.0,0.0,0.0,0.0,0.0,0.0,0.0,0.0,0.0,0.0,0.0,0.0,0.0,0.0,0.0,0.0,0.0,0.0,0.0,,,2995000,0.0,0.0
Bitboard::lsb,0.0,0.0,0.0,0.0,0.0,0.0,0.0,0.0,0.0,0.0,0.0,0.0,0.0,0.0,0.0,0.0,0.0,0.0,0.0,,,2995000,0.0,0.0
Bitboard::operator bool,0.0,0.0,0.0,0.0,0.0,0.0,0.0,0.0,0.0,0.0,0.0,0.0,,,,0.0,0.0,0.0,0.0,,,38935000,0.230769,
Bitboard::operator bool,0.0,0.0,0.0,0.0,0.0,0.0,0.0,0.0,0.0,0.0,0.0,0.0,,0.0,0.0,0.0,0.0,0.0,0.0,,,23960000,0.250000,
Bitboard::operator^=,0.0,0.0,0.0,0.0,0.0,0.0,0.0,0.0,0.0,0.0,0.0,0.0,0.0,0.0,0.0,0.0,0.0,0.0,0.0,,,2995000,4.000000,
Bitboard::operator^=,0.0,0.0,0.0,0.0,0.0,0.0,0.0,0.0,0.0,0.0,0.0,0.0,0.0,0.0,0.0,0.0,0.0,0.0,0.0,,,2995000,0.0,0.0
Bitboard::operator^=,0.0,0.0,0.0,0.0,0.0,0.0,0.0,0.0,0.0,0.0,0.0,0.0,0.0,0.0,0.0,0.0,0.0,0.0,0.0,,,14975000,0.0,0.0
Bitboard::operator|=,0.0,0.0,0.0,0.0,0.0,0.0,0.0,0.0,0.0,0.0,0.0,0.0,0.0,0.0,0.0,0.0,0.0,0.0,0.0,,,5990000,0.0,0.0
Bitboard::operator|=,0.0,0.0,0.0,0.0,0.0,0.0,0.0,0.0,0.0,0.0,0.0,0.0,0.0,0.0,0.0,0.0,0.0,0.0,0.0,,,2995000,0.0,0.0
Bitboard::operator|=,0.0,0.0,0.0,0.0,0.0,0.0,0.0,0.0,0.0,0.0,0.0,0.0,0.0,0.0,0.0,0.0,0.0,0.0,0.0,,,14975000,0.0,0.0
Bitboard::popLSB,0.0,0.0,0.0,0.0,0.0,0.0,0.0,0.0,0.0,0.0,0.0,0.0,0.0,0.0,0.0,0.0,0.0,0.0,0.0,,,11980000,0.250000,
Bitboard::popLSB,0.0,0.0,0.0,0.0,0.0,0.0,66.8,0.0,0.0,0.0,0.0,0.0,0.0,0.0,0.0,0.0,0.0,0.0,0.0,,,35940000,0.583333,
Bitboard::popLSB,0.0,0.0,0.0,0.0,0.0,0.0,0.0,0.0,0.0,0.0,,0.0,0.0,0.0,0.0,0.0,0.0,0.0,0.0,,,5990000,0.500000,
Bitboard::popLSB,0.0,0.0,0.0,0.0,0.0,0.0,0.0,0.0,0.0,0.0,0.0,0.0,0.0,0.0,0.0,0.0,0.0,0.0,0.0,,,2995000,2.000000,
Bitboard::popLSB,0.0,0.0,0.0,0.0,0.0,0.0,0.0,0.0,0.0,0.0,0.0,0.0,0.0,0.0,0.0,0.0,0.0,0.0,0.0,,,8985000,0.333333,
Bitboard::{ctor},0.0,0.0,0.0,0.0,0.0,0.0,0.0,0.0,0.0,0.0,0.0,0.0,0.0,0.0,0.0,0.0,0.0,0.0,0.0,,,2995000,0.0,0.0
Bitboard::{ctor},0.0,0.0,0.0,0.0,0.0,0.0,0.0,0.0,0.0,0.0,0.0,0.0,0.0,0.0,0.0,0.0,0.0,0.0,0.0,,,2995000,0.0,0.0
CreateFileA,0.0,0.0,0.0,0.0,0.0,0.0,0.0,0.0,0.0,0.0,0.0,0.0,0.0,0.0,0.0,0.0,0.0,0.0,0.0,,,2995000,0.0,0.0
Direction::operator int,0.0,0.0,0.0,0.0,0.0,0.0,0.0,0.0,0.0,0.0,0.0,0.0,0.0,0.0,0.0,0.0,0.0,0.0,0.0,,,2995000,0.0,0.0
Direction::operator int,0.0,0.0,0.0,0.0,0.0,0.0,0.0,0.0,0.0,0.0,0.0,0.0,0.0,0.0,0.0,0.0,0.0,0.0,0.0,,,8985000,0.333333,
Direction::pawnPush,0.0,0.0,0.0,0.0,0.0,0.0,0.0,0.0,0.0,0.0,0.0,0.0,0.0,0.0,0.0,0.0,0.0,0.0,0.0,,,2995000,0.0,0.0
Direction::pawnPush,0.0,0.0,0.0,0.0,0.0,0.0,0.0,0.0,0.0,0.0,0.0,0.0,0.0,0.0,0.0,0.0,0.0,0.0,0.0,,,8985000,0.666667,
Direction::pawnPush,0.0,0.0,0.0,0.0,0.0,0.0,0.0,0.0,0.0,0.0,0.0,0.0,0.0,0.0,0.0,0.0,0.0,0.0,0.0,,,2995000,1.000000,
EtwEventEnabled,0.0,0.0,0.0,0.0,0.0,0.0,0.0,0.0,0.0,0.0,0.0,0.0,0.0,0.0,,0.0,0.0,0.0,0.0,,,2995000,0.0,0.0
EtwWriteEx,0.0,0.0,0.0,0.0,0.0,0.0,,,0.0,0.0,0.0,0.0,0.0,0.0,0.0,0.0,0.0,0.0,0.0,SSE(128),,0,0.0,0.0
ExAcquireAutoExpandPushLockExclusive,0.0,0.0,0.0,0.0,0.0,0.0,0.0,0.0,0.0,0.0,0.0,0.0,0.0,0.0,0.0,0.0,0.0,0.0,0.0,,,2995000,1.000000,
ExAcquireFastResourceShared,0.0,0.0,0.0,0.0,0.0,0.0,0.0,0.0,0.0,0.0,0.0,0.0,0.0,0.0,0.0,0.0,0.0,0.0,0.0,,,2995000,0.0,0.0
ExAcquirePushLockSharedEx,0.0,0.0,0.0,0.0,0.0,0.0,0.0,0.0,,,,0.0,0.0,0.0,0.0,0.0,0.0,0.0,0.0,,,2995000,0.0,0.0
ExAcquireResourceExclusiveLite,0.0,0.0,0.0,0.0,0.0,0.0,0.0,0.0,0.0,0.0,0.0,0.0,0.0,0.0,0.0,0.0,0.0,0.0,0.0,SSE(128),,0,0.0,0.0
ExAllocateFromLookasideListEx,0.0,0.0,0.0,0.0,0.0,0.0,0.0,0.0,0.0,0.0,0.0,0.0,0.0,0.0,0.0,0.0,0.0,0.0,0.0,,,5990000,0.0,0.0
ExAllocatePoolWithTag,0.0,0.0,0.0,0.0,0.0,0.0,0.0,0.0,0.0,0.0,0.0,0.0,0.0,0.0,0.0,0.0,0.0,0.0,0.0,,,2995000,0.0,0.0
ExInitializeFastOwnerEntry,0.0,0.0,0.0,0.0,0.0,0.0,0.0,0.0,0.0,0.0,,0.0,0.0,0.0,0.0,0.0,0.0,0.0,0.0,SSE(128),,0,0.0,0.0
ExReleaseFastMutex,0.0,0.0,0.0,0.0,0.0,0.0,0.0,0.0,0.0,0.0,,0.0,0.0,0.0,0.0,0.0,0.0,0.0,0.0,,,5990000,0.0,0.0
ExReleaseFastResource,0.0,0.0,0.0,0.0,0.0,0.0,0.0,0.0,0.0,0.0,0.0,0.0,0.0,0.0,0.0,0.0,0.0,0.0,0.0,SSE(128),,0,0.0,0.0
ExReleaseSpinLockSharedFromDpcLevel,0.0,0.0,0.0,0.0,0.0,0.0,0.0,0.0,0.0,0.0,0.0,0.0,0.0,0.0,0.0,0.0,0.0,0.0,0.0,,,2995000,0.0,0.0
ExpInterlockedPushEntrySList,0.0,0.0,0.0,0.0,0.0,0.0,0.0,0.0,0.0,0.0,0.0,0.0,0.0,0.0,0.0,0.0,0.0,0.0,0.0,,,2995000,0.0,0.0
FltObjectReference,0.0,0.0,0.0,0.0,0.0,0.0,0.0,0.0,0.0,0.0,0.0,0.0,0.0,0.0,0.0,0.0,0.0,0.0,0.0,,,2995000,0.0,0.0
IoGetAttachedDeviceReference,0.0,0.0,0.0,0.0,0.0,0.0,0.0,0.0,0.0,0.0,0.0,0.0,0.0,0.0,0.0,0.0,0.0,0.0,0.0,,,2995000,0.0,0.0
IoRemoveLinkShareAccessEx,0.0,0.0,0.0,0.0,0.0,0.0,0.0,0.0,0.0,0.0,0.0,0.0,0.0,0.0,0.0,0.0,0.0,0.0,0.0,,,2995000,0.0,0.0
KeEnterGuardedRegion,0.0,0.0,0.0,0.0,0.0,0.0,0.0,0.0,0.0,0.0,0.0,0.0,,0.0,0.0,0.0,0.0,0.0,0.0,,,2995000,0.0,0.0
KeEnumerateNextProcessor,0.0,0.0,0.0,0.0,0.0,0.0,0.0,0.0,0.0,0.0,0.0,0.0,0.0,0.0,0.0,0.0,0.0,0.0,0.0,,,2995000,0.0,0.0
KeReleaseInStackQueuedSpinLock,0.0,0.0,0.0,0.0,0.0,0.0,0.0,0.0,0.0,0.0,20.0,0.0,0.0,0.0,0.0,0.0,0.0,0.0,0.0,,,2995000,1.000000,
KeSetEvent,0.0,0.0,0.0,0.0,0.0,0.0,0.0,0.0,100.0,0.0,0.0,0.0,0.0,0.0,0.0,0.0,0.0,0.0,0.0,,,0,,
Move::encode,0.0,0.0,0.0,0.0,0.0,0.0,0.0,0.0,0.0,0.0,0.0,0.0,0.0,0.0,0.0,0.0,0.0,0.0,0.0,,,2995000,0.0,0.0
Move::operator==,0.0,0.0,0.0,0.0,0.0,0.0,0.0,0.0,100.0,0.0,0.0,0.0,0.0,0.0,0.0,0.0,0.0,0.0,0.0,,,0,,
Move::operator==,0.0,0.0,0.0,0.0,0.0,0.0,0.0,0.0,0.0,0.0,0.0,0.0,0.0,0.0,0.0,0.0,0.0,0.0,0.0,,,11980000,0.500000,
Move::operator==,0.0,0.0,0.0,0.0,0.0,0.0,0.0,0.0,0.0,0.0,0.0,0.0,0.0,0.0,0.0,0.0,0.0,0.0,0.0,,,2995000,0.0,0.0
Move::promotionType,0.0,0.0,0.0,0.0,0.0,0.0,0.0,0.0,0.0,0.0,0.0,0.0,0.0,0.0,0.0,0.0,0.0,0.0,0.0,,,8985000,0.666667,
Move::setValue,0.0,0.0,0.0,0.0,0.0,0.0,0.0,0.0,0.0,0.0,0.0,0.0,0.0,0.0,0.0,0.0,0.0,0.0,0.0,,,11980000,0.500000,
Move::setValue,0.0,0.0,0.0,0.0,0.0,0.0,0.0,0.0,0.0,55.6,0.0,0.0,0.0,0.0,0.0,0.0,0.0,0.0,0.0,,,8985000,1.000000,
Move::stripped,0.0,0.0,0.0,0.0,0.0,0.0,0.0,0.0,0.0,0.0,0.0,0.0,0.0,0.0,0.0,0.0,0.0,0.0,0.0,,,2995000,2.000000,
Move::to,0.0,0.0,0.0,0.0,0.0,0.0,0.0,0.0,0.0,0.0,0.0,0.0,0.0,0.0,0.0,0.0,0.0,0.0,0.0,,,2995000,2.000000,
Move::to,0.0,0.0,0.0,0.0,0.0,0.0,0.0,0.0,0.0,0.0,0.0,0.0,0.0,0.0,0.0,0.0,0.0,0.0,0.0,,,2995000,0.0,0.0
Move::type,0.0,0.0,0.0,0.0,0.0,0.0,0.0,0.0,0.0,0.0,0.0,0.0,0.0,0.0,0.0,0.0,0.0,0.0,0.0,,,20965000,0.428571,
Move::value,0.0,0.0,0.0,0.0,0.0,0.0,0.0,0.0,0.0,0.0,0.0,0.0,0.0,0.0,0.0,0.0,0.0,0.0,0.0,,,20965000,0.571429,
Move::{ctor},0.0,0.0,0.0,0.0,0.0,0.0,0.0,0.0,0.0,0.0,0.0,0.0,0.0,0.0,0.0,0.0,0.0,0.0,0.0,,,2995000,0.0,0.0
Move::{ctor},0.0,0.0,0.0,0.0,0.0,0.0,0.0,0.0,0.0,0.0,0.0,0.0,0.0,0.0,0.0,0.0,0.0,0.0,0.0,,,5990000,0.0,0.0
MoveGenerator::storeKiller,0.0,0.0,0.0,0.0,0.0,0.0,0.0,0.0,0.0,0.0,0.0,0.0,0.0,0.0,0.0,0.0,0.0,0.0,0.0,,,2995000,3.000000,
NtAllocateVirtualMemory,0.0,0.0,0.0,0.0,0.0,0.0,0.0,0.0,0.0,0.0,0.0,0.0,0.0,0.0,0.0,0.0,0.0,0.0,0.0,SSE(128),,0,0.0,0.0
NtQueryInformationFile,0.0,0.0,0.0,0.0,0.0,0.0,0.0,0.0,0.0,0.0,0.0,0.0,,0.0,0.0,0.0,0.0,0.0,0.0,SSE(128),,0,0.0,0.0
NtQueryInformationProcess,0.0,0.0,0.0,0.0,0.0,0.0,0.0,0.0,0.0,0.0,0.0,0.0,0.0,0.0,0.0,0.0,0.0,0.0,0.0,SSE(128); SSE2(128),,0,0.0,0.0
NtQueryInformationThread,0.0,0.0,0.0,0.0,0.0,0.0,0.0,0.0,0.0,0.0,0.0,0.0,0.0,0.0,0.0,0.0,0.0,0.0,0.0,SSE(128); SSE2(128),,0,0.0,0.0
NtSetInformationProcess,0.0,0.0,0.0,0.0,0.0,0.0,0.0,0.0,0.0,0.0,0.0,0.0,0.0,0.0,0.0,0.0,0.0,0.0,0.0,SSE(128); SSE2(128),,0,0.0,0.0
NtSetInformationThread,0.0,0.0,0.0,0.0,0.0,0.0,0.0,0.0,0.0,0.0,0.0,0.0,0.0,0.0,0.0,0.0,0.0,0.0,0.0,SSE(128); SSE2(128),,0,,
ObOpenObjectByNameEx,0.0,0.0,0.0,0.0,0.0,0.0,0.0,0.0,0.0,0.0,0.0,0.0,0.0,0.0,0.0,0.0,0.0,0.0,0.0,SSE(128); SSE2(128),,0,,
ObOpenObjectByPointer,0.0,0.0,0.0,0.0,0.0,0.0,0.0,0.0,0.0,0.0,0.0,0.0,0.0,0.0,0.0,0.0,0.0,0.0,0.0,SSE2(128),,0,,
ObfReferenceObjectWithTag,0.0,0.0,0.0,0.0,0.0,0.0,0.0,0.0,100.0,0.0,0.0,0.0,0.0,0.0,0.0,0.0,0.0,0.0,0.0,,,2995000,2.000000,
PVTable::clear,0.0,0.0,0.0,0.0,0.0,0.0,0.0,0.0,0.0,0.0,0.0,0.0,0.0,0.0,0.0,0.0,0.0,0.0,0.0,,,11980000,0.750000,
PVTable::update,0.0,0.0,0.0,0.0,0.0,0.0,,0.0,0.0,0.0,0.0,0.0,0.0,0.0,0.0,0.0,0.0,0.0,0.0,,,2995000,0.0,0.0
Position::Position,0.0,0.0,0.0,0.0,0.0,0.0,0.0,0.0,0.0,0.0,0.0,0.0,0.0,0.0,0.0,0.0,0.0,0.0,0.0,AVX(128); AVX(256),,0,0.0,0.0
Position::clearEnPassant,0.0,0.0,0.0,0.0,0.0,0.0,0.0,0.0,0.0,0.0,0.0,0.0,,0.0,0.0,0.0,0.0,0.0,0.0,,,2995000,1.000000,
Position::getCastlingRights,0.0,0.0,0.0,0.0,0.0,0.0,0.0,0.0,0.0,0.0,0.0,0.0,0.0,0.0,0.0,0.0,0.0,0.0,0.0,,,5990000,0.0,0.0
Position::getEnPassantSquare,0.0,0.0,0.0,0.0,0.0,0.0,0.0,0.0,0.0,0.0,0.0,0.0,0.0,0.0,0.0,0.0,0.0,0.0,0.0,,,2995000,2.000000,
Position::getGamePhaseFactor,0.0,0.0,0.0,0.0,0.0,0.0,0.0,0.0,0.0,0.0,0.0,0.0,0.0,0.0,0.0,0.0,0.0,0.0,0.0,,,5990000,0.0,0.0
Position::getKingSquare,0.0,0.0,0.0,0.0,0.0,0.0,0.0,0.0,0.0,0.0,0.0,0.0,0.0,0.0,0.0,0.0,0.0,0.0,0.0,,,5990000,1.000000,
Position::getLastMove,0.0,0.0,0.0,0.0,0.0,0.0,,0.0,0.0,0.0,0.0,0.0,0.0,0.0,0.0,0.0,0.0,0.0,0.0,,,5990000,0.0,0.0
Position::getMaterialNonPawn,0.0,0.0,0.0,0.0,0.0,0.0,0.0,0.0,0.0,0.0,0.0,0.0,0.0,0.0,0.0,0.0,0.0,0.0,0.0,,,8985000,0.333333,
Position::getNextPlayer,0.0,0.0,0.0,0.0,0.0,0.0,0.0,0.0,0.0,0.0,0.0,0.0,0.0,0.0,0.0,0.0,0.0,0.0,0.0,,,2995000,0.0,0.0
Position::getNextPlayer,0.0,0.0,0.0,0.0,0.0,0.0,0.0,0.0,0.0,0.0,0.0,0.0,0.0,0.0,0.0,0.0,0.0,0.0,0.0,,,5990000,0.0,0.0
Position::getOccupiedBb,0.0,0.0,0.0,0.0,0.0,0.0,0.0,0.0,0.0,0.0,0.0,0.0,0.0,0.0,0.0,0.0,0.0,0.0,0.0,,,20965000,0.142857,
Position::getOccupiedBb,0.0,0.0,0.0,0.0,0.0,0.0,0.0,0.0,0.0,0.0,0.0,0.0,0.0,0.0,0.0,0.0,0.0,0.0,0.0,,,2995000,0.0,0.0
Position::getPieceBb,0.0,0.0,0.0,0.0,0.0,0.0,0.0,0.0,0.0,0.0,0.0,0.0,0.0,0.0,0.0,0.0,0.0,0.0,0.0,,,2995000,0.0,0.0
Position::getPieceBb,0.0,0.0,0.0,0.0,0.0,0.0,0.0,0.0,0.0,0.0,,0.0,0.0,0.0,0.0,0.0,0.0,0.0,0.0,,,5990000,0.0,0.0
Position::isLegalMove,0.0,0.0,0.0,0.0,0.0,0.0,0.0,0.0,0.0,0.0,0.0,0.0,0.0,0.0,0.0,0.0,0.0,0.0,0.0,,,2995000,0.0,0.0
Position::setupBoard,0.0,0.0,0.0,0.0,0.0,0.0,0.0,0.0,0.0,0.0,0.0,0.0,0.0,0.0,0.0,0.0,0.0,0.0,0.0,AVX(128),,0,0.0,0.0
Query_perf_frequency,0.0,0.0,0.0,0.0,0.0,0.0,100.0,0.0,100.0,0.0,0.0,0.0,0.0,0.0,0.0,0.0,0.0,0.0,0.0,,,0,,
ReadFile,0.0,0.0,0.0,0.0,0.0,0.0,0.0,0.0,0.0,0.0,0.0,0.0,0.0,0.0,0.0,0.0,0.0,0.0,0.0,SSE(128),,0,0.0,0.0
RtlCopyMemory,0.0,0.0,0.0,0.0,0.0,0.0,0.0,0.0,0.0,100.0,0.0,0.0,0.0,0.0,0.0,0.0,0.0,0.0,0.0,SSE(128),,0,,
RtlDeactivateActivationContextUnsafeFast,0.0,0.0,0.0,0.0,0.0,0.0,0.0,0.0,0.0,0.0,0.0,0.0,0.0,0.0,0.0,0.0,0.0,0.0,0.0,SSE(128),,0,0.0,0.0
RtlQueryInformationActivationContext,0.0,0.0,0.0,0.0,0.0,0.0,0.0,0.0,,,0.0,0.0,0.0,0.0,0.0,0.0,0.0,0.0,0.0,SSE(128),,0,0.0,0.0
RtlReleaseSRWLockExclusive,0.0,0.0,0.0,0.0,0.0,0.0,0.0,0.0,0.0,0.0,0.0,0.0,0.0,0.0,0.0,0.0,0.0,0.0,0.0,,,2995000,1.000000,
RtlValidSid,0.0,0.0,0.0,0.0,0.0,0.0,0.0,0.0,0.0,0.0,0.0,0.0,0.0,0.0,0.0,0.0,0.0,0.0,0.0,,,2995000,0.0,0.0
SbSelectProcedure,0.0,0.0,0.0,0.0,0.0,0.0,0.0,0.0,0.0,0.0,0.0,0.0,0.0,0.0,0.0,0.0,0.0,0.0,0.0,SSE(128),,0,,
Search::aspirationSearch,0.0,0.0,0.0,0.0,0.0,0.0,0.0,0.0,0.0,0.0,0.0,0.0,,0.0,0.0,0.0,0.0,0.0,0.0,AVX(128),,0,0.0,0.0
Search::isTimeAlmostUp,0.0,0.0,0.0,0.0,0.0,0.0,0.0,0.0,0.0,0.0,0.0,0.0,0.0,0.0,0.0,0.0,0.0,0.0,0.0,,,8985000,1.666667,
Search::iterativeDeepening,0.0,0.0,0.0,0.0,0.0,0.0,0.0,0.0,0.0,0.0,0.0,0.0,0.0,0.0,0.0,0.0,0.0,0.0,0.0,AVX(128),,0,0.0,0.0
Search::run,0.0,0.0,0.0,0.0,0.0,0.0,0.0,0.0,0.0,0.0,0.0,0.0,0.0,0.0,0.0,0.0,0.0,0.0,0.0,AVX(128); AVX(256),,0,0.0,0.0
Search::sendIterationEndInfoToUci,0.0,0.0,0.0,0.0,0.0,0.0,0.0,0.0,0.0,0.0,0.0,0.0,0.0,0.0,0.0,0.0,0.0,0.0,0.0,AVX(128),,0,0.0,0.0
Search::thread,0.0,0.0,0.0,0.0,0.0,0.0,0.0,0.0,0.0,0.0,0.0,0.0,0.0,0.0,0.0,0.0,0.0,0.0,0.0,,,5990000,0.0,0.0
Search::thread,0.0,0.0,0.0,0.0,0.0,0.0,0.0,0.0,0.0,0.0,0.0,0.0,0.0,0.0,0.0,0.0,0.0,0.0,0.0,,,17970000,0.0,0.0
Search::thread,0.0,0.0,0.0,0.0,0.0,0.0,0.0,0.0,0.0,0.0,0.0,0.0,0.0,0.0,0.0,0.0,0.0,0.0,0.0,,,2995000,1.000000,
Search::thread,0.0,0.0,0.0,0.0,0.0,0.0,0.0,0.0,0.0,0.0,0.0,0.0,0.0,0.0,0.0,0.0,0.0,0.0,0.0,,,2995000,0.0,0.0
Search::valueFromTt,0.0,0.0,0.0,0.0,33.3,33.3,0.0,83.5,83.5,0.0,0.0,0.0,0.0,0.0,0.0,0.0,0.0,0.0,0.0,,,35940000,0.166667,
Square::file,0.0,0.0,0.0,0.0,0.0,0.0,0.0,0.0,0.0,0.0,0.0,0.0,0.0,0.0,0.0,0.0,0.0,0.0,0.0,,,11980000,0.250000,
Square::file,0.0,0.0,0.0,0.0,0.0,0.0,0.0,0.0,0.0,0.0,0.0,0.0,0.0,0.0,0.0,0.0,0.0,0.0,0.0,,,8985000,0.0,0.0
Square::rank,0.0,0.0,0.0,0.0,0.0,0.0,0.0,0.0,0.0,0.0,0.0,0.0,0.0,0.0,0.0,0.0,0.0,0.0,0.0,,,5990000,1.500000,
StaticMoveList<256>::end,0.0,0.0,0.0,0.0,50.0,50.0,0.0,0.0,33.4,0.0,0.0,0.0,0.0,0.0,0.0,0.0,0.0,0.0,0.0,,,20965000,0.714286,
StaticMoveList<256>::push_back,0.0,0.0,0.0,0.0,0.0,0.0,0.0,0.0,0.0,0.0,0.0,0.0,0.0,0.0,0.0,0.0,0.0,0.0,0.0,,,2995000,1.000000,
StaticMoveList<256>::push_back,0.0,0.0,0.0,0.0,0.0,0.0,0.0,0.0,0.0,0.0,0.0,0.0,0.0,0.0,0.0,0.0,0.0,0.0,0.0,,,2995000,0.0,0.0
TT::getHash,0.0,0.0,0.0,0.0,0.0,0.0,0.0,0.0,0.0,0.0,,0.0,0.0,0.0,0.0,0.0,0.0,0.0,0.0,,,2995000,0.0,0.0
TT::getHash,0.0,0.0,0.0,0.0,0.0,0.0,0.0,0.0,0.0,0.0,0.0,0.0,0.0,0.0,0.0,0.0,0.0,0.0,0.0,,,5990000,0.0,0.0
Value::isValid,0.0,0.0,0.0,0.0,0.0,0.0,0.0,0.0,0.0,0.0,0.0,0.0,0.0,0.0,0.0,0.0,0.0,0.0,0.0,,,2995000,0.0,0.0
Value::operator int,0.0,0.0,0.0,0.0,0.0,0.0,,0.0,0.0,0.0,0.0,0.0,0.0,0.0,0.0,0.0,0.0,0.0,0.0,,,2995000,0.0,0.0
Value::{ctor},0.0,0.0,0.0,0.0,0.0,0.0,0.0,0.0,0.0,0.0,0.0,0.0,0.0,0.0,0.0,0.0,0.0,0.0,0.0,,,8985000,0.333333,
Value::{ctor},0.0,0.0,0.0,0.0,0.0,0.0,0.0,0.0,0.0,0.0,0.0,0.0,0.0,0.0,0.0,0.0,0.0,0.0,0.0,,,20965000,0.428571,
YAML::RegEx::MatchUnchecked<class YAML::StreamCharSource>,0.0,0.0,0.0,0.0,0.0,0.0,0.0,0.0,0.0,0.0,0.0,0.0,0.0,0.0,0.0,0.0,0.0,0.0,0.0,SSE(128); SSE2(128),,5990000,0.500000,
[Import thunk _std_type_info_compare],0.0,0.0,0.0,0.0,0.0,0.0,0.0,0.0,0.0,0.0,0.0,0.0,0.0,0.0,0.0,0.0,0.0,0.0,0.0,,,2995000,3.000000,
[Loop at line 1043 in Search::rootSearch],0.0,0.0,0.0,0.0,0.0,0.0,0.0,0.0,0.0,0.0,0.0,0.0,0.0,0.0,0.0,0.0,0.0,0.0,0.0,,,2995000,0.0,0.0
[Loop at line 1369 in encode],0.0,0.0,0.0,0.0,0.0,0.0,0.0,0.0,0.0,0.0,0.0,0.0,0.0,0.0,0.0,0.0,0.0,0.0,0.0,SSE(128); SSE2(128),,2995000,0.0,0.0
[Loop at line 1375 in encode],0.0,0.0,0.0,0.0,0.0,0.0,0.0,0.0,0.0,0.0,0.0,0.0,0.0,0.0,0.0,0.0,0.0,0.0,0.0,SSE(128); SSE2(128),,2995000,0.0,0.0
[Loop at line 1378 in encode],0.0,0.0,0.0,0.0,0.0,0.0,0.0,0.0,0.0,0.0,0.0,0.0,0.0,0.0,0.0,0.0,0.0,0.0,0.0,,,2995000,0.0,0.0
[Loop at line 1521 in setup_pairs],0.0,0.0,0.0,0.0,0.0,0.0,0.0,0.0,0.0,0.0,0.0,0.0,0.0,0.0,0.0,0.0,0.0,0.0,0.0,,,17970000,0.166667,
[Loop at line 1542 in Search::search],0.0,0.0,0.0,0.0,0.0,0.0,0.0,0.0,0.0,0.0,,0.0,0.0,0.0,0.0,0.0,0.0,0.0,0.0,,,14975000,0.0,0.0
[Loop at line 1685 in decompress_pairs],0.0,0.0,0.0,0.0,0.0,0.0,0.0,100.0,0.0,0.0,0.0,0.0,0.0,0.0,0.0,0.0,0.0,0.0,0.0,,,0,,
[Loop at line 242 in Evaluator::pieceEval],0.0,0.0,0.0,0.0,0.0,0.0,0.0,0.0,0.0,0.0,0.0,0.0,0.0,0.0,0.0,0.0,0.0,0.0,0.0,,,2995000,0.0,0.0
[Loop at line 257 in Search::run],0.0,0.0,0.0,0.0,0.0,0.0,0.0,0.0,0.0,0.0,0.0,0.0,0.0,0.0,0.0,0.0,0.0,0.0,0.0,AVX(128); AVX(256),,0,0.0,0.0
[Loop at line 33 in Attacks::detail::sliding_attack],0.0,0.0,0.0,0.0,0.0,0.0,0.0,0.0,0.0,0.0,0.0,0.0,0.0,0.0,0.0,0.0,0.0,0.0,0.0,,,2995000,0.0,0.0
[Loop at line 537 in Search::iterativeDeepening],0.0,0.0,0.0,0.0,0.0,0.0,0.0,0.0,0.0,0.0,0.0,0.0,0.0,0.0,0.0,0.0,0.0,0.0,0.0,AVX(128),,0,0.0,0.0
"[Loop at line 69 in boost::serialization::stl::load_unordered_collection<class boost::archive::binary_iarchive,class std::unordered_map<unsigned __int64,class BookEntry,struct std::hash<unsigned __int64>,struct std::equal_to<unsigned __int64>,class std::allocator<struct std::pair<unsigned __int64 const ,class BookEntry> > >,struct boost::serialization::stl::archive_input_unordered_map<class boost::archive::binary_iarchive,class std::unordered_map<unsigned __int64,class BookEntry,struct std::hash<unsigned __int64>,struct std::equal_to<unsigned __int64>,class std::allocator<struct std::pair<unsigned __int64 const ,class BookEntry> > > > >]",0.0,0.0,0.0,0.0,0.0,0.0,0.0,0.0,0.0,0.0,0.0,0.0,0.0,0.0,0.0,0.0,0.0,0.0,0.0,AVX(128); AVX(256),,2995000,0.0,0.0
[Loop at line 803 in MoveGenerator::generatePawnMoves],0.0,0.0,0.0,0.0,0.0,0.0,0.0,0.0,0.0,0.0,0.0,0.0,,,,0.0,0.0,0.0,0.0,,,23960000,0.750000,
"[Loop at line 8111 in std::ranges::_Buffered_inplace_merge_common<Move *,moveValueGreaterComparator,std::identity>]",0.0,0.0,0.0,0.0,0.0,0.0,0.0,0.0,0.0,0.0,0.0,0.0,0.0,0.0,0.0,0.0,0.0,0.0,0.0,,,2995000,0.0,0.0
[Loop at line 98 in engine::Benchmark::run],0.0,0.0,0.0,0.0,0.0,0.0,0.0,0.0,0.0,0.0,0.0,0.0,0.0,0.0,0.0,0.0,0.0,0.0,0.0,AVX(128); AVX(256),,0,0.0,0.0
[Loop@0x140002ba0 in func@0x140002b5e],0.0,0.0,0.0,0.0,0.0,0.0,0.0,0.0,0.0,0.0,0.0,0.0,0.0,0.0,0.0,0.0,0.0,0.0,0.0,,,2995000,0.0,0.0
[Loop@0x140002c40 in func@0x140002b5e],0.0,0.0,0.0,0.0,0.0,0.0,0.0,0.0,0.0,0.0,0.0,0.0,0.0,0.0,0.0,0.0,0.0,0.0,0.0,,,2995000,0.0,0.0
[Loop@0x140013240 in func@0x140013160],0.0,0.0,0.0,0.0,0.0,0.0,0.0,0.0,0.0,0.0,0.0,0.0,0.0,0.0,0.0,0.0,0.0,0.0,0.0,SSE(128); SSE2(128),,0,0.0,0.0
[Loop@0x14002681a in func@0x140026780],0.0,0.0,0.0,0.0,0.0,0.0,0.0,0.0,0.0,0.0,0.0,0.0,0.0,0.0,0.0,0.0,0.0,0.0,0.0,SSE(128),,0,0.0,0.0
[Loop@0x140026ff0 in func@0x140026fb0],0.0,0.0,0.0,0.0,0.0,0.0,,,0.0,0.0,0.0,0.0,0.0,0.0,0.0,0.0,0.0,0.0,0.0,SSE(128),,0,0.0,0.0
[Loop@0x14002a2f0 in func@0x14002a240],0.0,0.0,0.0,0.0,0.0,0.0,0.0,0.0,0.0,0.0,0.0,0.0,0.0,0.0,0.0,0.0,0.0,0.0,0.0,,,2995000,0.0,0.0
[Loop@0x140048b73 in func@0x140048b20],0.0,0.0,0.0,0.0,0.0,0.0,0.0,0.0,0.0,0.0,0.0,0.0,0.0,0.0,0.0,0.0,0.0,0.0,0.0,,,2995000,0.0,0.0
[Loop@0x140055018 in func@0x140054fc0],0.0,0.0,0.0,0.0,0.0,0.0,0.0,0.0,0.0,0.0,0.0,0.0,,0.0,0.0,0.0,0.0,0.0,0.0,SSE(128),,0,0.0,0.0
[Loop@0x14011435c in func@0x1401142a0],0.0,0.0,0.0,0.0,0.0,0.0,0.0,0.0,0.0,0.0,0.0,0.0,0.0,0.0,0.0,0.0,0.0,0.0,0.0,SSE(128),,0,0.0,0.0
[Loop@0x140114a25 in func@0x140114980],0.0,0.0,0.0,0.0,0.0,0.0,0.0,0.0,0.0,0.0,0.0,0.0,0.0,0.0,0.0,0.0,0.0,0.0,0.0,,,2995000,0.0,0.0
[Loop@0x140114a7f in func@0x140114980],0.0,0.0,0.0,0.0,0.0,0.0,0.0,0.0,0.0,0.0,0.0,0.0,0.0,0.0,0.0,0.0,0.0,0.0,0.0,SSE(128),,0,,
[Loop@0x1401158b4 in func@0x14011582f],0.0,0.0,0.0,0.0,0.0,0.0,0.0,0.0,0.0,0.0,0.0,0.0,0.0,0.0,0.0,0.0,0.0,0.0,0.0,,,2995000,0.0,0.0
[Loop@0x140115930 in func@0x14011582f],0.0,0.0,0.0,0.0,0.0,0.0,0.0,0.0,0.0,0.0,0.0,0.0,0.0,0.0,0.0,0.0,0.0,0.0,0.0,SSE(128),,8985000,0.0,0.0
[Loop@0x14015e550 in func@0x14015e490],0.0,0.0,0.0,0.0,0.0,0.0,0.0,0.0,0.0,0.0,0.0,0.0,0.0,0.0,0.0,0.0,0.0,0.0,0.0,,,2995000,0.0,0.0
[Loop@0x14015e660 in func@0x14015e5e8],0.0,0.0,0.0,0.0,,,0.0,0.0,0.0,0.0,0.0,0.0,0.0,0.0,0.0,0.0,0.0,0.0,0.0,SSE(128),,0,0.0,0.0
[Loop@0x14020f8b7 in func@0x14020f700],0.0,0.0,0.0,0.0,0.0,0.0,0.0,0.0,0.0,0.0,0.0,0.0,0.0,0.0,0.0,0.0,0.0,0.0,0.0,,,5990000,0.0,0.0
[Loop@0x14020fb20 in func@0x14020f700],0.0,0.0,0.0,0.0,0.0,0.0,0.0,0.0,0.0,0.0,0.0,0.0,0.0,0.0,0.0,0.0,0.0,0.0,0.0,,,5990000,0.500000,
[Loop@0x140210ba1 in func@0x140210920],0.0,0.0,0.0,0.0,0.0,0.0,0.0,0.0,0.0,0.0,0.0,0.0,0.0,0.0,0.0,0.0,0.0,0.0,0.0,,,11980000,0.250000,
[Loop@0x140217270 in func@0x140216fa0],0.0,0.0,0.0,0.0,,,0.0,0.0,0.0,0.0,0.0,0.0,0.0,0.0,0.0,0.0,0.0,0.0,0.0,,,8985000,0.333333,
[Loop@0x14021a5ba in func@0x14021a540],0.0,0.0,0.0,0.0,0.0,0.0,0.0,0.0,0.0,0.0,0.0,0.0,0.0,0.0,0.0,0.0,0.0,0.0,0.0,,,11980000,0.0,0.0
[Loop@0x14023ea61 in func@0x14023e9e0],0.0,0.0,0.0,0.0,0.0,0.0,,,,,20.0,0.0,0.0,0.0,0.0,0.0,0.0,0.0,0.0,,,2995000,1.000000,
[Loop@0x140246949 in func@0x1402467e4],0.0,0.0,0.0,0.0,0.0,0.0,0.0,0.0,0.0,0.0,0.0,0.0,0.0,0.0,0.0,0.0,0.0,0.0,0.0,,,2995000,1.000000,
[Loop@0x140247304 in func@0x14024724c],0.0,0.0,0.0,0.0,0.0,0.0,0.0,0.0,0.0,0.0,0.0,0.0,0.0,0.0,0.0,0.0,0.0,0.0,0.0,,,2995000,0.0,0.0
[Loop@0x140249670 in func@0x1402494a0],0.0,0.0,0.0,0.0,0.0,0.0,0.0,0.0,0.0,0.0,0.0,0.0,0.0,0.0,0.0,0.0,0.0,0.0,0.0,,,14975000,0.600000,
[Loop@0x140258ecd in func@0x140258630],0.0,0.0,0.0,0.0,0.0,0.0,0.0,0.0,0.0,0.0,0.0,0.0,0.0,0.0,0.0,0.0,0.0,0.0,0.0,,,5990000,0.500000,
[Loop@0x140258ff7 in func@0x140258630],0.0,0.0,0.0,0.0,0.0,0.0,0.0,0.0,0.0,0.0,0.0,0.0,0.0,0.0,0.0,0.0,0.0,0.0,0.0,,,2995000,0.0,0.0
[Loop@0x14025b1b7 in func@0x14025ae82],0.0,0.0,0.0,0.0,0.0,0.0,0.0,100.0,0.0,0.0,0.0,0.0,0.0,0.0,0.0,0.0,0.0,0.0,0.0,,,0,,
[Loop@0x140261491 in func@0x1402613f0],0.0,0.0,0.0,0.0,0.0,0.0,0.0,0.0,0.0,83.5,0.0,0.0,,,,0.0,0.0,0.0,0.0,,,0,,
[Loop@0x1402615a3 in func@0x1402613f0],0.0,0.0,0.0,0.0,0.0,0.0,0.0,0.0,0.0,0.0,,0.0,0.0,0.0,0.0,0.0,0.0,0.0,0.0,,,2995000,0.0,0.0
[Loop@0x140266cc9 in func@0x140266180],0.0,0.0,0.0,0.0,0.0,0.0,0.0,0.0,0.0,0.0,0.0,0.0,0.0,0.0,0.0,0.0,0.0,0.0,0.0,SSE(128),,0,0.0,0.0
[Loop@0x140279c58 in func@0x140279ba0],0.0,0.0,0.0,0.0,0.0,0.0,0.0,0.0,0.0,0.0,0.0,0.0,0.0,0.0,0.0,0.0,0.0,0.0,0.0,SSE(128),,2995000,0.0,0.0
[Loop@0x14027a8b5 in func@0x14027a888],0.0,0.0,0.0,0.0,0.0,0.0,0.0,0.0,0.0,0.0,0.0,0.0,0.0,0.0,0.0,0.0,0.0,0.0,0.0,,,2995000,0.0,0.0
[Loop@0x14027f3a4 in ExReleaseFastResource],0.0,0.0,0.0,0.0,0.0,0.0,0.0,0.0,0.0,0.0,0.0,0.0,0.0,0.0,0.0,0.0,0.0,0.0,0.0,,,2995000,1.000000,
[Loop@0x140291488 in func@0x140291280],0.0,0.0,0.0,0.0,0.0,0.0,0.0,0.0,0.0,0.0,0.0,0.0,0.0,0.0,0.0,0.0,0.0,0.0,0.0,,,2995000,0.0,0.0
[Loop@0x1402914d4 in func@0x140291280],0.0,0.0,0.0,0.0,0.0,0.0,0.0,0.0,0.0,0.0,0.0,0.0,0.0,0.0,0.0,0.0,0.0,0.0,0.0,,,5990000,0.500000,
[Loop@0x1402b6620 in func@0x1402b661d],0.0,0.0,0.0,0.0,0.0,0.0,100.0,0.0,0.0,0.0,0.0,0.0,0.0,0.0,0.0,0.0,0.0,0.0,0.0,,,0,,
[Loop@0x1402b6dd0 in func@0x1402b6d00],0.0,0.0,0.0,0.0,0.0,0.0,0.0,0.0,0.0,0.0,0.0,0.0,0.0,0.0,0.0,0.0,0.0,0.0,0.0,SSE(128); SSE2(128),,2995000,0.0,0.0
[Loop@0x1402ba6bf in func@0x1402ba66c],0.0,0.0,0.0,0.0,0.0,0.0,0.0,0.0,,,0.0,0.0,0.0,0.0,0.0,0.0,0.0,0.0,0.0,,,2995000,0.0,0.0
[Loop@0x1402df061 in func@0x1402defb6],0.0,0.0,0.0,0.0,0.0,0.0,100.0,83.5,0.0,0.0,0.0,0.0,0.0,0.0,0.0,0.0,0.0,0.0,0.0,,,0,,
[Loop@0x1402e1be0 in func@0x1402e1ba0],0.0,0.0,0.0,0.0,0.0,0.0,,0.0,0.0,0.0,0.0,0.0,0.0,0.0,0.0,0.0,0.0,0.0,0.0,,,5990000,0.0,0.0
[Loop@0x1402e56dd in func@0x1402e5682],0.0,0.0,0.0,0.0,0.0,0.0,0.0,0.0,0.0,0.0,0.0,0.0,0.0,0.0,0.0,0.0,0.0,0.0,0.0,,,5990000,0.0,0.0
[Loop@0x1402f092e in FsRtlAreNamesEqual],0.0,0.0,0.0,0.0,0.0,0.0,,,0.0,0.0,0.0,0.0,0.0,0.0,0.0,0.0,0.0,0.0,0.0,,,2995000,0.0,0.0
[Loop@0x140300c01 in func@0x140300b80],0.0,0.0,0.0,0.0,0.0,0.0,,,0.0,0.0,0.0,0.0,0.0,0.0,0.0,0.0,0.0,0.0,0.0,,,5990000,0.0,0.0
[Loop@0x140301540 in func@0x140300b80],0.0,0.0,0.0,0.0,0.0,0.0,0.0,0.0,0.0,0.0,0.0,0.0,0.0,0.0,0.0,0.0,0.0,0.0,0.0,,,2995000,1.000000,
[Loop@0x14030fa7f in func@0x14030fa4c],0.0,0.0,0.0,0.0,0.0,0.0,0.0,0.0,0.0,0.0,0.0,0.0,0.0,0.0,0.0,0.0,0.0,0.0,0.0,SSE(128),,0,0.0,0.0
[Loop@0x14030faf0 in func@0x14030fab2],0.0,0.0,0.0,0.0,0.0,0.0,0.0,0.0,0.0,0.0,0.0,0.0,,,,0.0,0.0,0.0,0.0,,,5990000,0.0,0.0
[Loop@0x14030fde0 in func@0x14030fd85],0.0,0.0,0.0,0.0,0.0,0.0,0.0,0.0,0.0,0.0,0.0,0.0,0.0,0.0,0.0,0.0,0.0,0.0,0.0,,,2995000,5.000000,
[Loop@0x140312c61 in KeAndAffinityEx2],0.0,0.0,0.0,0.0,0.0,0.0,0.0,0.0,0.0,0.0,0.0,0.0,0.0,0.0,0.0,0.0,0.0,0.0,0.0,,,2995000,0.0,0.0
[Loop@0x1403257e5 in func@0x14032546e],0.0,0.0,0.0,0.0,0.0,0.0,0.0,0.0,0.0,0.0,0.0,0.0,0.0,0.0,0.0,0.0,0.0,0.0,0.0,,,2995000,0.0,0.0
[Loop@0x14032aef4 in func@0x14032ac60],0.0,0.0,0.0,0.0,0.0,0.0,0.0,0.0,0.0,0.0,0.0,0.0,0.0,0.0,0.0,0.0,0.0,0.0,0.0,,,5990000,0.500000,
[Loop@0x14033b6c4 in func@0x14033b380],0.0,0.0,0.0,0.0,0.0,0.0,0.0,0.0,0.0,0.0,0.0,0.0,0.0,0.0,0.0,0.0,0.0,0.0,0.0,,,2995000,0.0,0.0
[Loop@0x14033fb00 in func@0x14033f900],0.0,0.0,0.0,0.0,0.0,0.0,0.0,0.0,0.0,0.0,0.0,0.0,0.0,0.0,0.0,0.0,0.0,0.0,0.0,,,2995000,1.000000,
[Loop@0x14033fd80 in func@0x14033f900],0.0,0.0,0.0,0.0,0.0,0.0,0.0,0.0,0.0,0.0,0.0,0.0,0.0,0.0,0.0,0.0,0.0,0.0,0.0,,,5990000,0.0,0.0
[Loop@0x140362543 in func@0x1403624d0],0.0,0.0,0.0,0.0,0.0,0.0,0.0,0.0,0.0,0.0,0.0,0.0,,,,0.0,0.0,0.0,0.0,,,2995000,1.000000,
[Loop@0x140363e42 in func@0x140363a62],0.0,0.0,0.0,0.0,0.0,0.0,0.0,0.0,0.0,0.0,0.0,0.0,0.0,0.0,0.0,0.0,0.0,0.0,0.0,,,5990000,0.0,0.0
[Loop@0x140367772 in func@0x1403676d8],0.0,0.0,0.0,0.0,0.0,0.0,0.0,0.0,0.0,0.0,0.0,0.0,0.0,0.0,0.0,0.0,0.0,0.0,0.0,,,5990000,0.0,0.0
[Loop@0x1403bea50 in func@0x1403be9f0],0.0,0.0,0.0,0.0,0.0,0.0,0.0,0.0,0.0,0.0,,0.0,,,,0.0,0.0,0.0,0.0,,,2995000,0.0,0.0
[Loop@0x1403d5270 in func@0x1403d50e0],0.0,0.0,0.0,0.0,0.0,0.0,100.0,100.0,0.0,0.0,0.0,0.0,0.0,0.0,0.0,0.0,0.0,0.0,0.0,,,0,,
[Loop@0x1403db270 in func@0x1403db170],0.0,0.0,0.0,0.0,0.0,0.0,,0.0,0.0,0.0,0.0,0.0,0.0,0.0,0.0,0.0,0.0,0.0,0.0,SSE(128),,2995000,0.0,0.0
[Loop@0x1403f79c7 in func@0x1403f7955],0.0,0.0,0.0,0.0,0.0,0.0,0.0,0.0,0.0,0.0,,0.0,0.0,0.0,0.0,0.0,0.0,0.0,0.0,SSE(128),,0,,
[Loop@0x140400af7 in func@0x140400a24],0.0,0.0,0.0,0.0,0.0,0.0,0.0,0.0,0.0,0.0,,0.0,0.0,0.0,0.0,0.0,0.0,0.0,0.0,SSE(128),,0,0.0,0.0
[Loop@0x140406941 in ExAcquireRundownProtectionCacheAwareEx],0.0,0.0,0.0,0.0,0.0,0.0,0.0,0.0,0.0,0.0,0.0,0.0,0.0,0.0,20.0,0.0,0.0,0.0,0.0,,,2995000,2.000000,
[Loop@0x1404106ff in func@0x140410610],0.0,0.0,0.0,0.0,0.0,0.0,0.0,0.0,0.0,0.0,0.0,0.0,0.0,0.0,0.0,0.0,0.0,0.0,0.0,SSE(128); SSE2(128),,0,0.0,0.0
[Loop@0x140416960 in func@0x140416952],0.0,0.0,0.0,0.0,0.0,0.0,0.0,0.0,0.0,0.0,0.0,0.0,0.0,,0.0,0.0,0.0,0.0,0.0,,,5990000,0.0,0.0
[Loop@0x140422e80 in FsRtlDoesNameContainWildCards],0.0,0.0,0.0,0.0,0.0,0.0,0.0,0.0,0.0,0.0,0.0,0.0,0.0,0.0,0.0,0.0,0.0,0.0,0.0,,,2995000,0.0,0.0
[Loop@0x1404233f0 in func@0x1404233e2],0.0,0.0,0.0,0.0,0.0,0.0,0.0,0.0,0.0,0.0,0.0,0.0,0.0,0.0,0.0,0.0,0.0,0.0,0.0,,,2995000,0.0,0.0
[Loop@0x1404e9610 in func@0x1404e9590],0.0,0.0,0.0,0.0,0.0,0.0,0.0,0.0,0.0,0.0,0.0,0.0,0.0,,0.0,0.0,0.0,0.0,0.0,SSE(128),,2995000,0.0,0.0
[Loop@0x1404f2196 in func@0x1404f20e0],0.0,0.0,0.0,0.0,0.0,0.0,0.0,0.0,0.0,0.0,0.0,0.0,0.0,0.0,0.0,0.0,0.0,0.0,0.0,,,2995000,0.0,0.0
[Loop@0x1405e24e5 in func@0x1405e1e14],0.0,0.0,0.0,0.0,0.0,0.0,0.0,0.0,0.0,0.0,0.0,0.0,0.0,0.0,0.0,0.0,0.0,0.0,0.0,,,2995000,0.0,0.0
[Loop@0x1406b2df0 in func@0x1406b2de0],0.0,0.0,0.0,0.0,0.0,0.0,0.0,0.0,0.0,0.0,0.0,0.0,0.0,0.0,0.0,0.0,0.0,0.0,0.0,SSE2(128); SSE4(128),,0,0.0,0.0
[Loop@0x1406b48dc in func@0x1406b48b0],0.0,0.0,0.0,0.0,0.0,0.0,0.0,0.0,0.0,0.0,0.0,0.0,0.0,0.0,0.0,0.0,0.0,0.0,0.0,SSE(128),,0,,
[Loop@0x1406bf680 in RtlCopyMemory],0.0,0.0,0.0,0.0,0.0,0.0,0.0,0.0,0.0,0.0,,0.0,0.0,0.0,0.0,0.0,0.0,0.0,0.0,SSE(128),,0,0.0,0.0
[Loop@0x140863f46 in func@0x140863dca],0.0,0.0,0.0,0.0,0.0,0.0,0.0,0.0,0.0,0.0,0.0,0.0,0.0,0.0,0.0,0.0,0.0,0.0,0.0,SSE(128),,5990000,0.0,0.0
[Loop@0x140863f46 in func@0x140863dca],0.0,0.0,0.0,0.0,0.0,0.0,0.0,0.0,0.0,0.0,0.0,0.0,0.0,0.0,0.0,0.0,0.0,0.0,0.0,SSE(128),,0,0.0,0.0
[Loop@0x140863f87 in func@0x140863dca],0.0,0.0,0.0,0.0,0.0,0.0,0.0,0.0,0.0,0.0,0.0,0.0,0.0,0.0,0.0,0.0,0.0,0.0,0.0,,,11980000,0.0,0.0
[Loop@0x14089b94b in func@0x14089b6f0],0.0,0.0,0.0,0.0,0.0,0.0,0.0,0.0,0.0,0.0,0.0,0.0,0.0,0.0,0.0,0.0,0.0,0.0,0.0,SSE(128); SSE2(128),,0,0.0,0.0
[Loop@0x14089be5c in func@0x14089b6f0],0.0,0.0,0.0,0.0,0.0,0.0,0.0,0.0,0.0,0.0,0.0,0.0,0.0,0.0,0.0,0.0,0.0,0.0,0.0,SSE(128); SSE2(128),,2995000,0.0,0.0
[Loop@0x14089de89 in func@0x14089dd60],0.0,0.0,0.0,0.0,0.0,0.0,0.0,0.0,0.0,0.0,0.0,0.0,0.0,0.0,0.0,0.0,0.0,0.0,0.0,SSE(128); SSE2(128),,0,,
[Loop@0x1408a143e in func@0x1408a1350],0.0,0.0,0.0,0.0,0.0,0.0,0.0,0.0,0.0,0.0,0.0,0.0,0.0,0.0,0.0,0.0,0.0,0.0,0.0,SSE(128); SSE2(128),,2995000,0.0,0.0
[Loop@0x14091b420 in RtlValidAcl],0.0,0.0,0.0,0.0,0.0,0.0,0.0,0.0,0.0,0.0,0.0,0.0,0.0,0.0,0.0,0.0,0.0,0.0,0.0,,,2995000,0.0,0.0
[Loop@0x140b54020 in func@0x140b53e10],0.0,0.0,0.0,0.0,0.0,0.0,0.0,0.0,0.0,0.0,0.0,0.0,0.0,0.0,0.0,0.0,0.0,0.0,0.0,,,2995000,0.0,0.0
[Loop@0x140d3ec40 in func@0x140d3eb40],0.0,0.0,0.0,0.0,,,0.0,0.0,0.0,0.0,0.0,0.0,0.0,0.0,0.0,0.0,0.0,0.0,0.0,SSE(128),,0,0.0,0.0
[Loop@0x140d8b410 in func@0x140d8b2b0],0.0,0.0,0.0,0.0,0.0,0.0,,,0.0,0.0,0.0,0.0,0.0,0.0,0.0,0.0,0.0,0.0,0.0,SSE(128); SSE2(128),,0,0.0,0.0
[Loop@0x140dcb600 in func@0x140dcaf40],0.0,0.0,0.0,0.0,0.0,0.0,0.0,0.0,0.0,100.0,0.0,0.0,0.0,0.0,0.0,0.0,0.0,0.0,0.0,SSE(128),,0,,
[Loop@0x140dcf790 in func@0x140dcf580],0.0,0.0,0.0,0.0,0.0,0.0,0.0,0.0,0.0,0.0,0.0,0.0,0.0,0.0,0.0,0.0,0.0,0.0,0.0,,,2995000,0.0,0.0
[Loop@0x140dd3a80 in func@0x140dd3800],0.0,0.0,0.0,0.0,0.0,0.0,0.0,,,0.0,0.0,0.0,0.0,0.0,0.0,0.0,0.0,0.0,0.0,SSE(128),,0,0.0,0.0
[Loop@0x18000b660 in func@0x18000b520],0.0,0.0,0.0,0.0,0.0,0.0,0.0,0.0,0.0,0.0,,0.0,0.0,0.0,0.0,0.0,0.0,0.0,0.0,SSE(128),,23960000,0.125000,
[Loop@0x18000b815 in func@0x18000b720],0.0,0.0,0.0,0.0,0.0,0.0,0.0,0.0,0.0,0.0,0.0,0.0,0.0,0.0,0.0,0.0,0.0,0.0,0.0,SSE(128),,0,0.0,0.0
[Loop@0x1800177d0 in func@0x180017695],0.0,0.0,0.0,0.0,0.0,0.0,0.0,0.0,0.0,0.0,0.0,0.0,0.0,0.0,0.0,0.0,0.0,0.0,0.0,SSE(128),,0,0.0,0.0
[Loop@0x18001dbaf in func@0x18001dba7],0.0,0.0,0.0,0.0,0.0,0.0,0.0,0.0,0.0,0.0,0.0,0.0,0.0,0.0,0.0,0.0,0.0,0.0,0.0,,,2995000,0.0,0.0
[Loop@0x18002e190 in func@0x18002d8b0],0.0,0.0,0.0,0.0,0.0,0.0,0.0,0.0,0.0,0.0,,0.0,0.0,0.0,0.0,0.0,0.0,0.0,0.0,,,2995000,0.0,0.0
[Loop@0x18003d727 in func@0x18003d480],0.0,0.0,0.0,0.0,0.0,0.0,0.0,0.0,0.0,0.0,0.0,0.0,0.0,0.0,0.0,0.0,0.0,0.0,0.0,SSE(128),,0,0.0,0.0
[Loop@0x18003d7d3 in func@0x18003d480],0.0,0.0,0.0,0.0,0.0,0.0,0.0,0.0,0.0,0.0,0.0,0.0,0.0,0.0,0.0,0.0,0.0,0.0,0.0,,,2995000,0.0,0.0
[Loop@0x180056b77 in func@0x180056850],0.0,0.0,0.0,0.0,0.0,0.0,0.0,0.0,0.0,0.0,0.0,0.0,0.0,0.0,0.0,0.0,0.0,0.0,0.0,SSE(128),,0,0.0,0.0
[Loop@0x1800744e1 in func@0x180074480],0.0,0.0,0.0,0.0,0.0,0.0,0.0,0.0,,,0.0,0.0,0.0,0.0,0.0,0.0,0.0,0.0,0.0,,,2995000,0.0,0.0
[Loop@0x180075d5e in func@0x180075a90],0.0,0.0,0.0,0.0,0.0,0.0,0.0,0.0,0.0,0.0,,0.0,0.0,0.0,0.0,0.0,0.0,0.0,0.0,SSE(128),,0,0.0,0.0
[Loop@0x180076b35 in func@0x180076aa0],0.0,0.0,0.0,0.0,0.0,0.0,0.0,0.0,0.0,0.0,,0.0,0.0,0.0,0.0,0.0,0.0,0.0,0.0,SSE(128),,0,0.0,0.0
[Loop@0x180076b9d in func@0x180076aa0],0.0,0.0,0.0,0.0,0.0,0.0,0.0,0.0,0.0,0.0,0.0,0.0,,,,0.0,0.0,0.0,0.0,,,5990000,0.0,0.0
[Loop@0x18008c818 in LdrShutdownThread],0.0,0.0,0.0,0.0,0.0,0.0,0.0,0.0,0.0,0.0,0.0,0.0,0.0,0.0,0.0,0.0,0.0,0.0,0.0,SSE(128),,0,0.0,0.0
[Loop@0x180136338 in func@0x1801362cc],0.0,0.0,0.0,0.0,0.0,0.0,0.0,0.0,0.0,0.0,0.0,0.0,0.0,0.0,0.0,0.0,0.0,0.0,0.0,,,2995000,0.0,0.0
[Loop@0x18016802d in func@0x180167fc0],0.0,0.0,0.0,0.0,0.0,0.0,0.0,0.0,0.0,0.0,0.0,0.0,0.0,0.0,0.0,0.0,0.0,0.0,0.0,AVX(256),,0,0.0,0.0
[Loop@0x1c000fa00 in func@0x1c000f8a0],0.0,0.0,0.0,0.0,0.0,0.0,0.0,0.0,0.0,0.0,0.0,0.0,0.0,0.0,0.0,0.0,0.0,0.0,0.0,,,2995000,0.0,0.0
[Loop@0x1c000fcf0 in func@0x1c000fca0],0.0,0.0,0.0,0.0,0.0,0.0,,,,,0.0,0.0,0.0,0.0,0.0,0.0,0.0,0.0,0.0,SSE(128); SSE2(128),,0,0.0,0.0
[ntoskrnl.exe],0.0,0.0,0.0,0.0,0.0,0.0,41.7,0.0,0.0,13.9,0.0,0.0,20.0,0.0,0.0,0.0,0.0,0.0,0.0,,,5990000,6.500000,
_stdio_common_vsprintf,0.0,0.0,0.0,0.0,0.0,0.0,0.0,0.0,0.0,0.0,0.0,0.0,0.0,0.0,0.0,0.0,0.0,0.0,0.0,SSE(128); SSE2(128),,0,,
_stdio_common_vsprintf_s,0.0,0.0,0.0,0.0,0.0,0.0,0.0,0.0,0.0,0.0,0.0,0.0,0.0,0.0,0.0,0.0,0.0,0.0,0.0,SSE(128); SSE2(128),,2995000,0.0,0.0
boost::archive::basic_binary_iarchive<boost::archive::binary_iarchive>::load_override,0.0,0.0,0.0,0.0,0.0,0.0,0.0,0.0,0.0,0.0,0.0,0.0,0.0,0.0,0.0,0.0,0.0,0.0,0.0,,,5990000,0.0,0.0
boost::archive::class_id_type::operator=,0.0,0.0,0.0,0.0,0.0,0.0,0.0,0.0,0.0,0.0,0.0,0.0,0.0,0.0,0.0,0.0,0.0,0.0,0.0,,,2995000,0.0,0.0
boost::archive::detail::basic_iarchive_impl::load_object,0.0,0.0,0.0,0.0,0.0,0.0,0.0,0.0,0.0,0.0,0.0,0.0,0.0,0.0,0.0,0.0,0.0,0.0,0.0,,,14975000,0.0,0.0
boost::archive::detail::basic_iarchive_impl::register_type,0.0,0.0,0.0,0.0,0.0,0.0,0.0,0.0,0.0,0.0,0.0,0.0,0.0,0.0,0.0,0.0,0.0,0.0,0.0,SSE(128),,47920000,0.312500,
boost::archive::detail::basic_serializer::operator<,0.0,0.0,0.0,0.0,0.0,0.0,0.0,0.0,0.0,0.0,,0.0,0.0,0.0,0.0,0.0,0.0,0.0,0.0,,,59900000,0.250000,
boost::archive::detail::basic_serializer::operator<,0.0,0.0,0.0,0.0,0.0,0.0,0.0,0.0,0.0,0.0,0.0,0.0,0.0,0.0,0.0,0.0,0.0,0.0,0.0,,,5990000,0.0,0.0
boost::archive::detail::common_iarchive<boost::archive::binary_iarchive>::load_override,0.0,0.0,0.0,0.0,0.0,0.0,0.0,0.0,0.0,0.0,0.0,0.0,0.0,0.0,0.0,0.0,0.0,0.0,0.0,,,2995000,0.0,0.0
boost::archive::detail::common_iarchive<boost::archive::binary_iarchive>::load_override,0.0,0.0,0.0,0.0,0.0,0.0,0.0,0.0,0.0,0.0,0.0,0.0,0.0,0.0,0.0,0.0,0.0,0.0,0.0,,,2995000,0.0,0.0
boost::archive::detail::common_iarchive<boost::archive::binary_iarchive>::load_override,0.0,0.0,0.0,0.0,0.0,0.0,0.0,0.0,0.0,0.0,0.0,0.0,0.0,0.0,0.0,0.0,0.0,0.0,0.0,,,2995000,0.0,0.0
boost::archive::detail::interface_iarchive<boost::archive::binary_iarchive>::This,0.0,0.0,0.0,0.0,0.0,0.0,0.0,0.0,0.0,0.0,0.0,0.0,0.0,0.0,0.0,0.0,0.0,0.0,0.0,,,2995000,0.0,0.0
"boost::archive::detail::iserializer<class boost::archive::binary_iarchive,class Move>::load_object_data",0.0,0.0,0.0,0.0,0.0,0.0,0.0,0.0,0.0,0.0,0.0,0.0,0.0,0.0,0.0,0.0,0.0,0.0,0.0,,,8985000,0.0,0.0
"boost::archive::detail::iserializer<class boost::archive::binary_iarchive,struct std::pair<unsigned __int64 const ,class BookEntry> >::load_object_data",0.0,0.0,0.0,0.0,0.0,0.0,0.0,0.0,0.0,0.0,0.0,0.0,0.0,0.0,0.0,0.0,0.0,0.0,0.0,,,8985000,0.333333,
boost::archive::detail::load_non_pointer_type<boost::archive::binary_iarchive>::load_standard::invoke,0.0,0.0,0.0,0.0,0.0,0.0,0.0,0.0,0.0,0.0,0.0,0.0,0.0,0.0,0.0,0.0,0.0,0.0,0.0,,,2995000,0.0,0.0
boost::archive::object_id_type::operator=,0.0,0.0,0.0,0.0,0.0,0.0,0.0,0.0,0.0,0.0,0.0,0.0,0.0,0.0,0.0,0.0,0.0,0.0,0.0,,,5990000,0.500000,
boost::archive::object_id_type::{ctor},0.0,0.0,0.0,0.0,0.0,0.0,0.0,0.0,0.0,0.0,0.0,0.0,0.0,0.0,0.0,0.0,0.0,0.0,0.0,,,2995000,0.0,0.0
boost::archive::version_type::{ctor},0.0,0.0,0.0,0.0,0.0,0.0,0.0,0.0,0.0,0.0,0.0,0.0,0.0,0.0,0.0,0.0,0.0,0.0,0.0,,,2995000,0.0,0.0
boost::archive::version_type::{ctor},0.0,0.0,0.0,0.0,0.0,0.0,0.0,0.0,0.0,0.0,0.0,0.0,0.0,0.0,0.0,0.0,0.0,0.0,0.0,,,2995000,0.0,0.0
"boost::serialization::free_loader<boost::archive::binary_iarchive,boost::serialization::nvp<BookEntry> >::invoke",0.0,0.0,0.0,0.0,0.0,0.0,0.0,0.0,0.0,0.0,0.0,0.0,0.0,0.0,0.0,0.0,0.0,0.0,0.0,,,2995000,0.0,0.0
"boost::serialization::free_loader<boost::archive::binary_iarchive,boost::serialization::nvp<int> >::invoke",0.0,0.0,0.0,0.0,0.0,0.0,0.0,0.0,0.0,0.0,0.0,0.0,0.0,0.0,0.0,0.0,0.0,0.0,0.0,,,2995000,0.0,0.0
"boost::serialization::free_loader<boost::archive::binary_iarchive,boost::serialization::nvp<std::vector<Move,std::allocator<Move> > > >::invoke",0.0,0.0,0.0,0.0,0.0,0.0,0.0,0.0,0.0,0.0,0.0,0.0,0.0,0.0,0.0,0.0,0.0,0.0,0.0,,,2995000,0.0,0.0
"boost::serialization::load<class boost::archive::binary_iarchive,class BookEntry>",0.0,0.0,0.0,0.0,0.0,0.0,0.0,0.0,0.0,0.0,0.0,0.0,0.0,0.0,0.0,0.0,0.0,0.0,0.0,,,5990000,0.500000,
"boost::serialization::load<class boost::archive::binary_iarchive,class boost::serialization::collection_size_type>",0.0,0.0,0.0,0.0,0.0,0.0,0.0,0.0,0.0,0.0,0.0,0.0,0.0,0.0,0.0,0.0,0.0,0.0,0.0,,,8985000,0.0,0.0
"boost::serialization::load<class boost::archive::binary_iarchive,class boost::serialization::item_version_type>",0.0,0.0,0.0,0.0,0.0,0.0,0.0,0.0,0.0,0.0,0.0,0.0,0.0,0.0,0.0,0.0,0.0,0.0,0.0,,,5990000,0.0,0.0
"boost::serialization::load<class boost::archive::binary_iarchive,class std::vector<unsigned __int64,class std::allocator<unsigned __int64> > >",0.0,0.0,0.0,0.0,0.0,0.0,0.0,0.0,0.0,0.0,0.0,0.0,0.0,0.0,0.0,0.0,0.0,0.0,0.0,,,5990000,0.0,0.0
"boost::serialization::load<class boost::archive::binary_iarchive,int>",0.0,0.0,0.0,0.0,0.0,0.0,0.0,0.0,0.0,0.0,0.0,0.0,0.0,0.0,0.0,0.0,0.0,0.0,0.0,,,2995000,2.000000,
"boost::serialization::load<class boost::archive::binary_iarchive,struct std::pair<unsigned __int64 const ,class BookEntry> >",0.0,0.0,0.0,0.0,0.0,0.0,0.0,0.0,0.0,0.0,,0.0,0.0,0.0,0.0,0.0,0.0,0.0,0.0,,,2995000,0.0,0.0
"boost::serialization::load<class boost::archive::binary_iarchive,unsigned __int64,class std::allocator<unsigned __int64> >",0.0,0.0,0.0,0.0,0.0,0.0,0.0,0.0,0.0,0.0,0.0,0.0,0.0,0.0,0.0,0.0,0.0,0.0,0.0,,,8985000,0.333333,
boost::serialization::nvp<Move>::{ctor},0.0,0.0,0.0,0.0,0.0,0.0,0.0,0.0,0.0,0.0,0.0,0.0,0.0,0.0,0.0,0.0,0.0,0.0,0.0,,,2995000,0.0,0.0
"boost::serialization::singleton<boost::archive::detail::iserializer<boost::archive::binary_iarchive,std::vector<Move,std::allocator<Move> > > >::get_const_instance",0.0,0.0,0.0,0.0,0.0,0.0,0.0,0.0,0.0,0.0,0.0,0.0,0.0,0.0,0.0,0.0,0.0,0.0,0.0,,,2995000,0.0,0.0
"boost::serialization::singleton<class boost::archive::detail::iserializer<class boost::archive::binary_iarchive,class BookEntry> >::get_instance",0.0,0.0,0.0,0.0,0.0,0.0,0.0,0.0,0.0,0.0,0.0,0.0,0.0,0.0,0.0,0.0,0.0,0.0,0.0,,,2995000,2.000000,
"boost::serialization::singleton<class boost::archive::detail::iserializer<class boost::archive::binary_iarchive,class std::vector<class Move,class std::allocator<class Move> > > >::get_instance",0.0,0.0,0.0,0.0,0.0,0.0,0.0,0.0,0.0,0.0,0.0,0.0,0.0,0.0,0.0,0.0,0.0,0.0,0.0,,,8985000,0.0,0.0
"boost::serialization::singleton<class boost::archive::detail::iserializer<class boost::archive::binary_iarchive,class std::vector<unsigned __int64,class std::allocator<unsigned __int64> > > >::get_instance",0.0,0.0,0.0,0.0,0.0,0.0,0.0,0.0,0.0,0.0,0.0,0.0,0.0,0.0,0.0,0.0,0.0,0.0,0.0,,,11980000,0.0,0.0
"boost::serialization::singleton<class boost::archive::detail::iserializer<class boost::archive::binary_iarchive,struct std::pair<unsigned __int64 const ,class BookEntry> > >::get_instance",0.0,0.0,0.0,0.0,0.0,0.0,0.0,0.0,0.0,0.0,,0.0,0.0,0.0,0.0,0.0,0.0,0.0,0.0,,,2995000,1.000000,
colorOf,0.0,0.0,0.0,0.0,0.0,0.0,0.0,0.0,0.0,0.0,,0.0,0.0,0.0,0.0,0.0,0.0,0.0,0.0,,,59900000,0.300000,
decompress_pairs,0.0,0.0,0.0,0.0,100.0,100.0,,,,,0.0,0.0,0.0,0.0,0.0,0.0,0.0,0.0,0.0,,,5990000,0.0,0.0
encode,0.0,0.0,0.0,0.0,0.0,0.0,0.0,0.0,0.0,0.0,0.0,0.0,0.0,0.0,0.0,0.0,0.0,0.0,0.0,SSE(128); SSE2(128),,2995000,0.0,0.0
fill_squares,0.0,0.0,0.0,0.0,0.0,0.0,0.0,0.0,0.0,0.0,0.0,0.0,0.0,0.0,0.0,0.0,0.0,0.0,0.0,,,2995000,0.0,0.0
free_base,0.0,0.0,0.0,0.0,0.0,0.0,0.0,0.0,0.0,0.0,0.0,0.0,0.0,0.0,0.0,0.0,0.0,0.0,0.0,,,8985000,0.0,0.0
func@0x140001d2c,0.0,0.0,0.0,0.0,0.0,0.0,0.0,0.0,0.0,0.0,0.0,0.0,0.0,0.0,0.0,0.0,0.0,0.0,0.0,,,2995000,0.0,0.0
func@0x1400022c0,0.0,0.0,0.0,0.0,0.0,0.0,0.0,0.0,0.0,0.0,0.0,0.0,0.0,0.0,0.0,0.0,0.0,0.0,0.0,SSE(128); SSE2(128),,0,0.0,0.0
func@0x140003850,0.0,0.0,0.0,0.0,0.0,0.0,0.0,0.0,0.0,0.0,0.0,0.0,0.0,0.0,0.0,0.0,0.0,0.0,0.0,SSE(128),,0,0.0,0.0
func@0x140004160,0.0,0.0,0.0,0.0,0.0,0.0,0.0,0.0,0.0,0.0,0.0,0.0,0.0,0.0,0.0,0.0,0.0,0.0,0.0,SSE(128); SSE2(128),,0,0.0,0.0
func@0x140005900,0.0,0.0,0.0,0.0,0.0,0.0,0.0,0.0,0.0,0.0,0.0,0.0,0.0,0.0,0.0,0.0,0.0,0.0,0.0,SSE(128),,0,,
func@0x140006550,0.0,0.0,0.0,0.0,0.0,0.0,0.0,0.0,0.0,0.0,0.0,0.0,0.0,0.0,0.0,0.0,0.0,0.0,0.0,,,2995000,1.000000,
func@0x140006960,0.0,0.0,0.0,0.0,0.0,0.0,0.0,0.0,0.0,0.0,0.0,0.0,0.0,0.0,0.0,0.0,0.0,0.0,0.0,SSE(128),,0,0.0,0.0
func@0x1400079e0,0.0,0.0,0.0,0.0,0.0,0.0,0.0,0.0,0.0,0.0,0.0,0.0,0.0,0.0,0.0,0.0,0.0,0.0,0.0,SSE(128),,0,0.0,0.0
func@0x140007c60,0.0,0.0,0.0,0.0,0.0,0.0,0.0,0.0,0.0,0.0,0.0,0.0,0.0,0.0,0.0,0.0,0.0,0.0,0.0,SSE(128),,0,0.0,0.0
func@0x140007d68,0.0,0.0,0.0,0.0,0.0,0.0,0.0,0.0,0.0,0.0,0.0,0.0,0.0,0.0,0.0,0.0,0.0,0.0,0.0,SSE(128),,0,0.0,0.0
func@0x1400082c0,0.0,0.0,0.0,0.0,0.0,0.0,,,0.0,0.0,0.0,0.0,0.0,0.0,0.0,0.0,0.0,0.0,0.0,SSE(128),,0,0.0,0.0
func@0x140008b04,0.0,0.0,0.0,0.0,0.0,0.0,0.0,0.0,0.0,0.0,0.0,0.0,0.0,0.0,0.0,0.0,0.0,0.0,0.0,SSE(128),,0,,
func@0x140008bd0,0.0,0.0,0.0,0.0,0.0,0.0,0.0,0.0,0.0,0.0,0.0,0.0,0.0,0.0,0.0,0.0,0.0,0.0,0.0,SSE(128),,0,0.0,0.0
func@0x140009afc,0.0,0.0,0.0,0.0,0.0,0.0,0.0,0.0,0.0,0.0,0.0,0.0,0.0,0.0,0.0,0.0,0.0,0.0,0.0,SSE(128),,0,0.0,0.0
func@0x14000ac00,0.0,0.0,0.0,0.0,0.0,0.0,,0.0,0.0,0.0,0.0,0.0,0.0,0.0,0.0,0.0,0.0,0.0,0.0,SSE(128),,2995000,0.0,0.0
func@0x14000b630,0.0,0.0,0.0,0.0,0.0,0.0,0.0,0.0,0.0,0.0,0.0,0.0,0.0,0.0,0.0,0.0,0.0,0.0,0.0,,,2995000,1.000000,
func@0x14000cf40,0.0,0.0,0.0,0.0,0.0,0.0,0.0,0.0,0.0,0.0,0.0,0.0,0.0,0.0,0.0,0.0,0.0,0.0,0.0,,,2995000,0.0,0.0
func@0x14000e8b0,0.0,0.0,0.0,0.0,0.0,0.0,0.0,0.0,0.0,0.0,0.0,0.0,0.0,0.0,0.0,0.0,0.0,0.0,0.0,SSE(128),,0,,
func@0x140013160,0.0,0.0,0.0,0.0,0.0,0.0,0.0,0.0,0.0,0.0,0.0,0.0,0.0,0.0,0.0,0.0,0.0,0.0,0.0,SSE(128); SSE2(128),,0,0.0,0.0
func@0x1400135e0,0.0,0.0,0.0,0.0,0.0,0.0,0.0,0.0,0.0,0.0,0.0,0.0,0.0,0.0,0.0,0.0,0.0,0.0,0.0,SSE(128),,0,0.0,0.0
func@0x140013c80,0.0,0.0,0.0,0.0,0.0,0.0,0.0,0.0,0.0,0.0,0.0,0.0,0.0,0.0,0.0,0.0,0.0,0.0,0.0,SSE(128),,0,,
func@0x1400142f0,0.0,0.0,0.0,0.0,0.0,0.0,0.0,0.0,0.0,0.0,0.0,0.0,0.0,0.0,0.0,0.0,0.0,0.0,0.0,,,2995000,1.000000,
func@0x140014fe0,0.0,0.0,0.0,0.0,0.0,0.0,0.0,0.0,0.0,0.0,0.0,0.0,0.0,0.0,0.0,0.0,0.0,0.0,0.0,,,2995000,1.000000,
func@0x14001672d,0.0,0.0,0.0,0.0,0.0,0.0,100.0,0.0,0.0,0.0,0.0,0.0,,,,0.0,0.0,0.0,0.0,,,0,,
func@0x140017a20,0.0,0.0,0.0,0.0,0.0,0.0,0.0,0.0,0.0,0.0,0.0,0.0,0.0,0.0,0.0,0.0,0.0,0.0,0.0,,,2995000,0.0,0.0
func@0x14001b070,0.0,0.0,0.0,0.0,0.0,0.0,0.0,0.0,0.0,0.0,0.0,0.0,0.0,0.0,0.0,0.0,0.0,0.0,0.0,SSE(128),,0,0.0,0.0
func@0x14001d560,0.0,0.0,0.0,0.0,0.0,0.0,0.0,0.0,0.0,0.0,0.0,0.0,0.0,0.0,0.0,0.0,0.0,0.0,0.0,SSE(128),,0,0.0,0.0
func@0x140024770,0.0,0.0,0.0,0.0,0.0,0.0,0.0,0.0,0.0,0.0,0.0,0.0,0.0,0.0,0.0,0.0,0.0,0.0,0.0,SSE(128),,0,0.0,0.0
func@0x140025820,0.0,0.0,0.0,0.0,0.0,0.0,0.0,0.0,0.0,0.0,0.0,0.0,0.0,0.0,0.0,0.0,0.0,0.0,0.0,SSE(128),,0,,
func@0x140026780,0.0,0.0,0.0,0.0,0.0,0.0,0.0,0.0,0.0,0.0,0.0,0.0,0.0,0.0,0.0,0.0,0.0,0.0,0.0,SSE(128),,0,,
func@0x140027780,0.0,0.0,0.0,0.0,0.0,0.0,0.0,,,0.0,0.0,0.0,0.0,0.0,0.0,0.0,0.0,0.0,0.0,SSE(128),,0,0.0,0.0
func@0x140028980,0.0,0.0,0.0,0.0,0.0,0.0,0.0,0.0,0.0,0.0,0.0,0.0,0.0,0.0,0.0,0.0,0.0,0.0,0.0,SSE(128),,0,0.0,0.0
func@0x140028c90,0.0,0.0,0.0,0.0,0.0,0.0,0.0,0.0,0.0,0.0,0.0,0.0,0.0,0.0,0.0,0.0,0.0,0.0,0.0,SSE(128),,0,0.0,0.0
func@0x140028da5,0.0,0.0,0.0,0.0,0.0,0.0,0.0,0.0,0.0,0.0,0.0,0.0,0.0,0.0,0.0,0.0,0.0,0.0,0.0,SSE(128),,0,0.0,0.0
func@0x14002f460,0.0,0.0,0.0,0.0,0.0,0.0,0.0,0.0,0.0,0.0,0.0,0.0,0.0,0.0,0.0,0.0,0.0,0.0,0.0,SSE(128),,0,0.0,0.0
func@0x14002fc68,0.0,0.0,0.0,0.0,0.0,0.0,0.0,0.0,0.0,0.0,0.0,0.0,0.0,0.0,0.0,0.0,0.0,0.0,0.0,SSE(128),,0,0.0,0.0
func@0x140030b10,0.0,0.0,0.0,0.0,0.0,0.0,0.0,0.0,0.0,0.0,0.0,0.0,0.0,0.0,0.0,0.0,0.0,0.0,0.0,SSE(128),,0,0.0,0.0
func@0x140033390,0.0,0.0,0.0,0.0,0.0,0.0,0.0,0.0,0.0,0.0,0.0,0.0,0.0,0.0,0.0,0.0,0.0,0.0,0.0,SSE(128),,0,0.0,0.0
func@0x140035344,0.0,0.0,0.0,0.0,0.0,0.0,0.0,0.0,0.0,0.0,0.0,0.0,0.0,0.0,0.0,0.0,0.0,0.0,0.0,,,2995000,0.0,0.0
func@0x14003705d,0.0,0.0,0.0,0.0,0.0,0.0,0.0,0.0,0.0,0.0,0.0,0.0,0.0,0.0,0.0,0.0,0.0,0.0,0.0,SSE(128),,0,0.0,0.0
func@0x14003e03c,0.0,0.0,0.0,0.0,0.0,0.0,0.0,0.0,0.0,0.0,0.0,0.0,0.0,0.0,0.0,0.0,0.0,0.0,0.0,SSE(128); SSE2(128),,0,0.0,0.0
func@0x14004161b,0.0,0.0,0.0,0.0,0.0,0.0,0.0,0.0,0.0,0.0,0.0,0.0,0.0,0.0,0.0,0.0,0.0,0.0,0.0,SSE(128),,0,0.0,0.0
func@0x1400421b0,0.0,0.0,0.0,0.0,0.0,0.0,0.0,0.0,0.0,0.0,0.0,0.0,0.0,0.0,0.0,0.0,0.0,0.0,0.0,SSE(128),,0,0.0,0.0
func@0x1400445a0,0.0,0.0,0.0,0.0,0.0,0.0,0.0,0.0,0.0,0.0,0.0,0.0,0.0,0.0,0.0,0.0,0.0,0.0,0.0,SSE(128),,0,0.0,0.0
func@0x14004c800,0.0,0.0,0.0,0.0,0.0,0.0,,,0.0,0.0,0.0,0.0,0.0,0.0,0.0,0.0,0.0,0.0,0.0,,,2995000,0.0,0.0
func@0x140051440,0.0,0.0,0.0,0.0,0.0,0.0,0.0,0.0,0.0,0.0,0.0,0.0,0.0,0.0,0.0,0.0,0.0,0.0,0.0,SSE(128),,2995000,0.0,0.0
func@0x140054fc0,0.0,0.0,0.0,0.0,0.0,0.0,0.0,0.0,0.0,0.0,0.0,0.0,0.0,0.0,0.0,0.0,0.0,0.0,0.0,SSE(128); SSE2(128),,0,0.0,0.0
func@0x140055100,0.0,0.0,0.0,0.0,0.0,0.0,0.0,0.0,0.0,0.0,0.0,0.0,0.0,0.0,0.0,0.0,0.0,0.0,0.0,SSE(128); SSE2(128),,5990000,0.0,0.0
func@0x140060c4b,0.0,0.0,0.0,0.0,0.0,0.0,0.0,0.0,0.0,0.0,0.0,0.0,0.0,0.0,0.0,0.0,0.0,0.0,0.0,SSE(128),,0,0.0,0.0
func@0x1400a9470,0.0,0.0,0.0,0.0,0.0,0.0,0.0,0.0,0.0,0.0,0.0,0.0,0.0,0.0,0.0,0.0,0.0,0.0,0.0,SSE(128); SSE2(128),,0,0.0,0.0
func@0x1400e1c30,0.0,0.0,0.0,0.0,0.0,0.0,0.0,0.0,0.0,100.0,0.0,0.0,0.0,0.0,0.0,0.0,0.0,0.0,0.0,,,0,,
func@0x140113a60,0.0,0.0,0.0,0.0,0.0,0.0,0.0,0.0,0.0,0.0,0.0,0.0,0.0,0.0,0.0,0.0,0.0,0.0,0.0,,,2995000,0.0,0.0
func@0x140113d10,0.0,0.0,0.0,0.0,0.0,0.0,0.0,0.0,0.0,0.0,0.0,0.0,0.0,0.0,0.0,0.0,0.0,0.0,0.0,,,2995000,0.0,0.0
func@0x1401145bd,0.0,0.0,0.0,0.0,0.0,0.0,0.0,0.0,0.0,0.0,0.0,0.0,0.0,0.0,0.0,0.0,0.0,0.0,0.0,SSE(128),,0,0.0,0.0
func@0x140114980,0.0,0.0,0.0,0.0,0.0,0.0,0.0,0.0,0.0,0.0,0.0,0.0,0.0,0.0,0.0,0.0,0.0,0.0,0.0,SSE(128),,0,0.0,0.0
func@0x140114c90,0.0,0.0,0.0,0.0,0.0,0.0,0.0,0.0,0.0,0.0,0.0,0.0,0.0,0.0,0.0,0.0,0.0,0.0,0.0,,,8985000,0.0,0.0
func@0x140115380,0.0,0.0,0.0,0.0,0.0,0.0,0.0,0.0,100.0,0.0,0.0,0.0,0.0,0.0,0.0,0.0,0.0,0.0,0.0,,,0,,
func@0x14011582f,0.0,0.0,0.0,0.0,0.0,0.0,0.0,0.0,0.0,0.0,0.0,0.0,0.0,0.0,0.0,0.0,0.0,0.0,0.0,SSE(128),,0,0.0,0.0
func@0x140115d00,0.0,0.0,0.0,0.0,0.0,0.0,0.0,0.0,0.0,0.0,0.0,0.0,0.0,0.0,0.0,0.0,0.0,0.0,0.0,,,2995000,1.000000,
func@0x140116390,0.0,0.0,0.0,0.0,0.0,0.0,0.0,0.0,0.0,0.0,0.0,0.0,0.0,0.0,0.0,0.0,0.0,0.0,0.0,SSE(128),,0,,
func@0x140119fe0,0.0,0.0,0.0,0.0,0.0,0.0,0.0,0.0,0.0,0.0,0.0,0.0,0.0,0.0,0.0,0.0,0.0,0.0,0.0,SSE(128),,0,,
func@0x14011b1d0,0.0,0.0,0.0,0.0,0.0,0.0,0.0,0.0,0.0,100.0,0.0,0.0,0.0,0.0,0.0,0.0,0.0,0.0,0.0,,,0,,
func@0x14011ebc0,0.0,0.0,0.0,0.0,0.0,0.0,0.0,0.0,0.0,0.0,0.0,0.0,0.0,0.0,0.0,0.0,0.0,0.0,0.0,SSE(128),,0,0.0,0.0
func@0x14012cda0,0.0,0.0,0.0,0.0,0.0,0.0,0.0,0.0,0.0,0.0,0.0,0.0,0.0,0.0,0.0,0.0,0.0,0.0,0.0,SSE(128),,0,0.0,0.0
func@0x14012eef0,0.0,0.0,0.0,0.0,0.0,0.0,0.0,0.0,0.0,0.0,0.0,0.0,0.0,0.0,0.0,0.0,0.0,0.0,0.0,SSE(128),,0,0.0,0.0
func@0x140138970,0.0,0.0,0.0,0.0,0.0,0.0,0.0,0.0,0.0,0.0,0.0,0.0,0.0,0.0,0.0,0.0,0.0,0.0,0.0,,,2995000,0.0,0.0
func@0x14013fc30,0.0,0.0,0.0,0.0,0.0,0.0,0.0,0.0,0.0,0.0,0.0,0.0,0.0,0.0,0.0,0.0,0.0,0.0,0.0,,,2995000,0.0,0.0
func@0x140141290,0.0,0.0,0.0,0.0,0.0,0.0,0.0,0.0,0.0,0.0,0.0,0.0,0.0,0.0,0.0,0.0,0.0,0.0,0.0,,,2995000,0.0,0.0
func@0x140141d90,0.0,0.0,0.0,0.0,0.0,0.0,0.0,0.0,0.0,0.0,0.0,0.0,0.0,0.0,0.0,0.0,0.0,0.0,0.0,,,2995000,0.0,0.0
func@0x1401446a4,0.0,0.0,0.0,0.0,0.0,0.0,0.0,0.0,0.0,0.0,0.0,0.0,0.0,0.0,0.0,0.0,0.0,0.0,0.0,SSE(128); SSE2(128),,2995000,0.0,0.0
func@0x1401450f0,0.0,0.0,0.0,0.0,0.0,0.0,0.0,0.0,0.0,0.0,0.0,0.0,0.0,0.0,0.0,0.0,0.0,0.0,0.0,,,2995000,0.0,0.0
func@0x14014dd20,0.0,0.0,0.0,0.0,0.0,0.0,,0.0,0.0,0.0,0.0,0.0,0.0,0.0,0.0,0.0,0.0,0.0,0.0,SSE(128),,0,0.0,0.0
func@0x14015e490,0.0,0.0,0.0,0.0,0.0,0.0,0.0,0.0,0.0,0.0,,0.0,0.0,0.0,0.0,0.0,0.0,0.0,0.0,SSE(128),,0,0.0,0.0
func@0x14015e5e8,0.0,0.0,0.0,0.0,0.0,0.0,0.0,0.0,0.0,0.0,0.0,0.0,0.0,0.0,0.0,0.0,0.0,0.0,0.0,SSE(128),,0,0.0,0.0
func@0x140162fb0,0.0,0.0,0.0,0.0,,,0.0,0.0,0.0,0.0,0.0,0.0,0.0,0.0,0.0,0.0,0.0,0.0,0.0,,,2995000,0.0,0.0
func@0x140169340,0.0,0.0,0.0,0.0,0.0,0.0,0.0,0.0,0.0,0.0,0.0,0.0,0.0,0.0,0.0,0.0,0.0,0.0,0.0,SSE(128),,0,0.0,0.0
func@0x140170960,0.0,0.0,0.0,0.0,0.0,0.0,0.0,0.0,0.0,0.0,0.0,0.0,0.0,0.0,0.0,0.0,0.0,0.0,0.0,SSE(128),,0,0.0,0.0
func@0x140173ee0,0.0,0.0,0.0,0.0,0.0,0.0,0.0,0.0,0.0,0.0,0.0,0.0,0.0,0.0,0.0,0.0,0.0,0.0,0.0,SSE(128); SSE2(128),,0,,
func@0x140191760,0.0,0.0,0.0,0.0,0.0,0.0,0.0,0.0,0.0,0.0,0.0,0.0,0.0,0.0,0.0,0.0,0.0,0.0,0.0,SSE(128),,0,0.0,0.0
func@0x140191b30,0.0,0.0,0.0,0.0,0.0,0.0,0.0,0.0,0.0,0.0,0.0,0.0,0.0,0.0,0.0,0.0,0.0,0.0,0.0,SSE(128),,2995000,0.0,0.0
func@0x1401bb4a0,0.0,0.0,0.0,0.0,0.0,0.0,0.0,0.0,0.0,0.0,0.0,0.0,0.0,0.0,0.0,0.0,0.0,0.0,0.0,SSE(128),,0,0.0,0.0
func@0x140211da0,0.0,0.0,0.0,0.0,0.0,0.0,0.0,0.0,0.0,0.0,0.0,0.0,0.0,0.0,0.0,0.0,0.0,0.0,0.0,,,14975000,0.200000,
func@0x140211e8c,0.0,0.0,0.0,0.0,0.0,0.0,0.0,0.0,0.0,0.0,0.0,0.0,0.0,0.0,0.0,0.0,0.0,0.0,0.0,,,2995000,0.0,0.0
func@0x140212a50,0.0,0.0,0.0,0.0,0.0,0.0,0.0,0.0,0.0,0.0,0.0,0.0,0.0,0.0,0.0,0.0,0.0,0.0,0.0,SSE(128),,0,0.0,0.0
func@0x140215518,0.0,0.0,0.0,0.0,0.0,0.0,0.0,0.0,0.0,0.0,0.0,0.0,0.0,0.0,0.0,0.0,0.0,0.0,0.0,,,2995000,0.0,0.0
func@0x140215f90,0.0,0.0,0.0,0.0,0.0,0.0,0.0,0.0,0.0,0.0,0.0,0.0,0.0,0.0,0.0,0.0,0.0,0.0,0.0,,,2995000,0.0,0.0
func@0x140216a30,0.0,0.0,0.0,0.0,0.0,0.0,,0.0,0.0,0.0,0.0,0.0,0.0,0.0,0.0,0.0,0.0,0.0,0.0,,,5990000,0.0,0.0
func@0x14021a540,0.0,0.0,0.0,0.0,0.0,0.0,0.0,0.0,0.0,0.0,0.0,0.0,0.0,0.0,0.0,0.0,0.0,0.0,0.0,SSE(128),,2995000,0.0,0.0
func@0x140222340,0.0,0.0,0.0,0.0,0.0,0.0,0.0,0.0,0.0,0.0,0.0,0.0,0.0,0.0,0.0,0.0,0.0,0.0,0.0,,,2995000,0.0,0.0
func@0x140224770,0.0,0.0,0.0,0.0,0.0,0.0,0.0,0.0,0.0,0.0,0.0,0.0,0.0,0.0,0.0,0.0,0.0,0.0,0.0,,,2995000,1.000000,
func@0x140228d90,0.0,0.0,0.0,0.0,0.0,0.0,0.0,0.0,0.0,0.0,0.0,0.0,0.0,0.0,0.0,0.0,0.0,0.0,0.0,SSE(128); SSE2(128),,0,0.0,0.0
func@0x140229bc0,0.0,0.0,0.0,0.0,0.0,0.0,0.0,0.0,0.0,0.0,0.0,0.0,0.0,0.0,0.0,0.0,0.0,0.0,0.0,SSE(128),,2995000,1.000000,
func@0x14022a7d0,0.0,0.0,0.0,0.0,0.0,0.0,,,0.0,0.0,0.0,0.0,0.0,0.0,0.0,0.0,0.0,0.0,0.0,SSE(128),,0,0.0,0.0
func@0x14022bfd0,0.0,0.0,0.0,0.0,0.0,0.0,0.0,0.0,0.0,0.0,0.0,0.0,,,,0.0,0.0,0.0,0.0,SSE(128),,0,0.0,0.0
func@0x14022c1f3,0.0,0.0,0.0,0.0,0.0,0.0,0.0,0.0,0.0,0.0,0.0,0.0,0.0,0.0,0.0,0.0,0.0,0.0,0.0,,,2995000,0.0,0.0
func@0x140232e9a,0.0,0.0,0.0,0.0,0.0,0.0,0.0,0.0,0.0,0.0,0.0,0.0,0.0,0.0,0.0,0.0,0.0,0.0,0.0,,,2995000,0.0,0.0
func@0x1402333e0,0.0,0.0,0.0,0.0,0.0,0.0,0.0,0.0,0.0,0.0,,0.0,0.0,0.0,0.0,0.0,0.0,0.0,0.0,,,8985000,0.0,0.0
func@0x140233b80,0.0,0.0,0.0,0.0,,,0.0,0.0,0.0,0.0,0.0,0.0,0.0,0.0,,0.0,0.0,0.0,0.0,,,5990000,1.000000,
func@0x140234a67,0.0,0.0,0.0,0.0,0.0,0.0,0.0,0.0,0.0,0.0,,0.0,0.0,0.0,0.0,0.0,0.0,0.0,0.0,SSE(128),,0,0.0,0.0
func@0x140235070,0.0,0.0,0.0,0.0,0.0,0.0,0.0,0.0,0.0,0.0,0.0,0.0,0.0,0.0,0.0,0.0,0.0,0.0,0.0,SSE2(128),,0,0.0,0.0
func@0x140241690,0.0,0.0,0.0,0.0,0.0,0.0,0.0,0.0,0.0,0.0,,0.0,0.0,0.0,0.0,0.0,0.0,0.0,0.0,SSE(128),,0,0.0,0.0
func@0x140241ec0,0.0,0.0,0.0,0.0,,,0.0,0.0,0.0,55.6,10.0,0.0,0.0,0.0,0.0,0.0,0.0,0.0,0.0,,,14975000,1.000000,
func@0x140246000,0.0,0.0,0.0,0.0,0.0,0.0,0.0,0.0,55.6,0.0,,,,,,0.0,0.0,0.0,0.0,,,2995000,3.000000,
func@0x140246400,0.0,0.0,0.0,0.0,0.0,0.0,0.0,0.0,0.0,0.0,0.0,0.0,0.0,0.0,0.0,0.0,0.0,0.0,0.0,,,2995000,0.0,0.0
func@0x1402467e4,0.0,0.0,0.0,0.0,0.0,0.0,0.0,0.0,0.0,0.0,0.0,0.0,0.0,0.0,0.0,0.0,0.0,0.0,0.0,SSE(128),,0,0.0,0.0
func@0x140247f70,0.0,0.0,0.0,0.0,0.0,0.0,0.0,0.0,0.0,0.0,0.0,0.0,0.0,0.0,0.0,0.0,0.0,0.0,0.0,,,2995000,0.0,0.0
func@0x140248690,0.0,0.0,0.0,0.0,0.0,0.0,0.0,0.0,0.0,0.0,,0.0,,,,0.0,0.0,0.0,0.0,SSE(128),,0,0.0,0.0
func@0x140248843,0.0,0.0,0.0,0.0,0.0,0.0,,,0.0,0.0,0.0,0.0,0.0,0.0,0.0,0.0,0.0,0.0,0.0,SSE2(128),,0,0.0,0.0
func@0x14024fafc,0.0,0.0,0.0,0.0,0.0,0.0,100.0,0.0,0.0,0.0,,0.0,0.0,0.0,0.0,0.0,0.0,0.0,0.0,SSE(128),,0,,
func@0x140252210,0.0,0.0,0.0,0.0,0.0,0.0,,,0.0,0.0,0.0,0.0,0.0,40.1,0.0,0.0,0.0,0.0,0.0,,,0,,
func@0x140256c00,0.0,0.0,0.0,0.0,0.0,0.0,0.0,0.0,0.0,0.0,0.0,0.0,0.0,0.0,0.0,0.0,0.0,0.0,0.0,SSE(128),,2995000,1.000000,
func@0x1402582f0,0.0,0.0,0.0,0.0,0.0,0.0,0.0,0.0,0.0,0.0,0.0,0.0,0.0,0.0,0.0,0.0,0.0,0.0,0.0,SSE(128),,0,0.0,0.0
func@0x14025a92f,0.0,0.0,0.0,0.0,0.0,0.0,0.0,0.0,0.0,0.0,0.0,0.0,0.0,0.0,0.0,0.0,0.0,0.0,0.0,SSE(128),,0,0.0,0.0
func@0x14025ae82,0.0,0.0,0.0,0.0,0.0,0.0,0.0,0.0,0.0,55.6,0.0,0.0,0.0,0.0,0.0,0.0,0.0,0.0,0.0,SSE(128),,8985000,1.333333,
func@0x1402645a0,0.0,0.0,0.0,0.0,0.0,0.0,0.0,0.0,0.0,0.0,0.0,0.0,0.0,0.0,0.0,0.0,0.0,0.0,0.0,,,5990000,0.0,0.0
func@0x140266180,0.0,0.0,0.0,0.0,0.0,0.0,0.0,0.0,0.0,0.0,,0.0,0.0,0.0,0.0,0.0,0.0,0.0,0.0,SSE(128),,0,,
func@0x1402703f0,0.0,0.0,0.0,0.0,0.0,0.0,0.0,0.0,0.0,0.0,0.0,0.0,0.0,0.0,0.0,0.0,0.0,0.0,0.0,SSE(128),,0,,
func@0x140274f10,0.0,0.0,0.0,0.0,0.0,0.0,0.0,0.0,0.0,0.0,0.0,0.0,0.0,0.0,0.0,0.0,0.0,0.0,0.0,SSE(128),,2995000,0.0,0.0
func@0x140275f0f,0.0,0.0,0.0,0.0,,,0.0,0.0,0.0,0.0,0.0,0.0,0.0,0.0,0.0,0.0,0.0,0.0,0.0,,,2995000,2.000000,
func@0x140277070,0.0,0.0,0.0,0.0,0.0,0.0,0.0,0.0,0.0,0.0,0.0,0.0,,,,0.0,0.0,0.0,0.0,,,5990000,0.0,0.0
func@0x140277220,0.0,0.0,0.0,0.0,0.0,0.0,0.0,0.0,0.0,0.0,0.0,0.0,0.0,0.0,0.0,0.0,0.0,0.0,0.0,,,2995000,0.0,0.0
func@0x140277447,0.0,0.0,0.0,0.0,0.0,0.0,0.0,0.0,0.0,0.0,0.0,0.0,0.0,0.0,0.0,0.0,0.0,0.0,0.0,,,2995000,0.0,0.0
func@0x1402775d0,0.0,0.0,0.0,0.0,0.0,0.0,0.0,0.0,0.0,0.0,0.0,0.0,0.0,0.0,0.0,0.0,0.0,0.0,0.0,,,2995000,0.0,0.0
func@0x140278160,0.0,0.0,0.0,0.0,0.0,0.0,0.0,0.0,0.0,0.0,,0.0,0.0,0.0,0.0,0.0,0.0,0.0,0.0,SSE(128),,0,0.0,0.0
func@0x140278500,0.0,0.0,0.0,0.0,0.0,0.0,0.0,100.0,0.0,0.0,0.0,0.0,0.0,0.0,0.0,0.0,0.0,0.0,0.0,,,0,,
func@0x140279ba0,0.0,0.0,0.0,0.0,0.0,0.0,0.0,0.0,0.0,0.0,0.0,0.0,0.0,0.0,0.0,0.0,0.0,0.0,0.0,SSE(128),,0,0.0,0.0
func@0x14027a888,0.0,0.0,0.0,0.0,0.0,0.0,0.0,0.0,0.0,0.0,0.0,0.0,0.0,0.0,0.0,0.0,0.0,0.0,0.0,SSE(128); SSE2(128),,0,0.0,0.0
func@0x14027b230,0.0,0.0,0.0,0.0,0.0,0.0,0.0,0.0,0.0,0.0,0.0,0.0,0.0,0.0,0.0,0.0,0.0,0.0,0.0,,,8985000,0.0,0.0
func@0x14027c9b0,0.0,0.0,0.0,0.0,0.0,0.0,0.0,0.0,0.0,0.0,0.0,0.0,0.0,0.0,0.0,0.0,0.0,0.0,0.0,,,2995000,0.0,0.0
func@0x14027cfe0,0.0,0.0,0.0,0.0,0.0,0.0,0.0,0.0,0.0,0.0,0.0,0.0,0.0,0.0,0.0,0.0,0.0,0.0,0.0,,,2995000,2.000000,
func@0x14028151d,0.0,0.0,0.0,0.0,0.0,0.0,0.0,100.0,0.0,0.0,0.0,0.0,0.0,0.0,0.0,0.0,0.0,0.0,0.0,,,0,,
func@0x14028f030,0.0,0.0,0.0,0.0,0.0,0.0,0.0,0.0,0.0,0.0,0.0,0.0,0.0,0.0,0.0,0.0,0.0,0.0,0.0,,,2995000,0.0,0.0
func@0x140291280,0.0,0.0,0.0,0.0,0.0,0.0,,0.0,0.0,0.0,0.0,0.0,0.0,0.0,0.0,0.0,0.0,0.0,0.0,SSE2(128),,0,0.0,0.0
func@0x140291740,0.0,0.0,0.0,0.0,0.0,0.0,0.0,0.0,0.0,0.0,0.0,0.0,0.0,0.0,0.0,0.0,0.0,0.0,0.0,SSE2(128),,2995000,0.0,0.0
func@0x140297300,0.0,0.0,0.0,0.0,0.0,0.0,100.0,0.0,0.0,0.0,0.0,0.0,0.0,0.0,0.0,0.0,0.0,0.0,0.0,,,2995000,1.000000,
func@0x14029a009,0.0,0.0,0.0,0.0,0.0,0.0,0.0,0.0,0.0,0.0,0.0,0.0,0.0,0.0,0.0,0.0,0.0,0.0,0.0,SSE(128),,0,0.0,0.0
func@0x14029fc50,0.0,0.0,0.0,0.0,0.0,0.0,0.0,0.0,0.0,0.0,0.0,0.0,0.0,0.0,0.0,0.0,0.0,0.0,0.0,SSE(128),,0,0.0,0.0
func@0x1402a30c0,0.0,0.0,0.0,0.0,0.0,0.0,0.0,0.0,0.0,0.0,,0.0,0.0,0.0,0.0,0.0,0.0,0.0,0.0,SSE(128),,0,0.0,0.0
func@0x1402a42a0,0.0,0.0,0.0,0.0,0.0,0.0,0.0,0.0,0.0,0.0,,0.0,0.0,0.0,0.0,0.0,0.0,0.0,0.0,SSE(128),,0,0.0,0.0
func@0x1402b6710,0.0,0.0,0.0,0.0,0.0,0.0,0.0,0.0,0.0,0.0,,0.0,0.0,0.0,0.0,0.0,0.0,0.0,0.0,,,2995000,1.000000,
func@0x1402b6d00,0.0,0.0,0.0,0.0,0.0,0.0,0.0,0.0,0.0,0.0,0.0,0.0,,,,0.0,0.0,0.0,0.0,SSE(128); SSE2(128),,2995000,0.0,0.0
func@0x1402b7070,0.0,0.0,0.0,0.0,0.0,0.0,0.0,0.0,0.0,0.0,,0.0,,,,0.0,0.0,0.0,0.0,SSE(128),,0,,
func@0x1402b8e00,0.0,0.0,0.0,0.0,0.0,0.0,0.0,0.0,0.0,0.0,,0.0,,,,0.0,0.0,0.0,0.0,,,2995000,3.000000,
func@0x1402bc430,0.0,0.0,0.0,0.0,0.0,0.0,0.0,0.0,0.0,0.0,0.0,0.0,,,,0.0,0.0,0.0,0.0,SSE(128),,0,0.0,0.0
func@0x1402bf748,0.0,0.0,0.0,0.0,0.0,0.0,0.0,0.0,0.0,0.0,0.0,0.0,0.0,0.0,0.0,0.0,0.0,0.0,0.0,SSE(128),,0,,
func@0x1402dd010,0.0,0.0,0.0,0.0,0.0,0.0,0.0,0.0,0.0,0.0,0.0,0.0,0.0,0.0,0.0,0.0,0.0,0.0,0.0,SSE(128),,0,0.0,0.0
func@0x1402de680,0.0,0.0,0.0,0.0,,,0.0,0.0,0.0,0.0,0.0,0.0,0.0,0.0,0.0,0.0,0.0,0.0,0.0,SSE(128),,2995000,1.000000,
func@0x1402dec80,0.0,0.0,0.0,0.0,0.0,0.0,0.0,0.0,0.0,0.0,0.0,0.0,0.0,0.0,0.0,0.0,0.0,0.0,0.0,SSE(128),,0,0.0,0.0
func@0x1402e1ba0,0.0,0.0,0.0,0.0,0.0,0.0,0.0,0.0,0.0,0.0,0.0,0.0,0.0,0.0,0.0,0.0,0.0,0.0,0.0,,,2995000,0.0,0.0
func@0x1402e38c0,0.0,0.0,0.0,0.0,,,100.0,100.0,0.0,0.0,,0.0,0.0,,0.0,0.0,0.0,0.0,0.0,,,0,,
func@0x1402e9c23,0.0,0.0,0.0,0.0,0.0,0.0,0.0,0.0,0.0,0.0,0.0,0.0,0.0,0.0,0.0,0.0,0.0,0.0,0.0,,,5990000,0.500000,
func@0x1402fece0,0.0,0.0,0.0,0.0,0.0,0.0,0.0,0.0,0.0,83.5,,0.0,0.0,0.0,0.0,0.0,0.0,0.0,0.0,,,0,,
func@0x1402ff360,0.0,0.0,0.0,0.0,0.0,0.0,0.0,0.0,0.0,0.0,0.0,0.0,0.0,0.0,0.0,0.0,0.0,0.0,0.0,,,2995000,1.000000,
func@0x1403005e0,0.0,0.0,0.0,0.0,0.0,0.0,0.0,0.0,0.0,0.0,0.0,0.0,0.0,0.0,0.0,0.0,0.0,0.0,0.0,,,2995000,0.0,0.0
func@0x140300860,0.0,0.0,0.0,0.0,0.0,0.0,83.5,0.0,83.5,0.0,,0.0,0.0,0.0,0.0,0.0,0.0,0.0,0.0,,,0,,
func@0x140301cdb,0.0,0.0,0.0,0.0,0.0,0.0,0.0,0.0,0.0,0.0,0.0,0.0,0.0,0.0,0.0,0.0,0.0,0.0,0.0,SSE(128),,2995000,1.000000,
func@0x140306960,0.0,0.0,0.0,0.0,0.0,0.0,0.0,0.0,0.0,0.0,22.3,0.0,0.0,0.0,0.0,0.0,0.0,0.0,0.0,,,0,,
func@0x140307869,0.0,0.0,0.0,0.0,,,0.0,0.0,0.0,0.0,0.0,0.0,0.0,0.0,0.0,0.0,0.0,0.0,0.0,SSE(128),,0,0.0,0.0
func@0x140309c30,0.0,0.0,0.0,0.0,0.0,0.0,0.0,0.0,100.0,0.0,,0.0,0.0,0.0,0.0,0.0,0.0,0.0,0.0,SSE(128),,0,,
func@0x14030f1f0,0.0,0.0,0.0,0.0,0.0,0.0,0.0,0.0,0.0,0.0,0.0,0.0,0.0,0.0,0.0,0.0,0.0,0.0,0.0,SSE(128),,0,,
func@0x14030fb14,0.0,0.0,0.0,0.0,0.0,0.0,0.0,0.0,0.0,0.0,,0.0,0.0,0.0,0.0,0.0,0.0,0.0,0.0,SSE(128); SSE2(128),,0,0.0,0.0
func@0x14030fd85,0.0,0.0,0.0,0.0,0.0,0.0,0.0,0.0,0.0,0.0,0.0,0.0,0.0,0.0,0.0,0.0,0.0,0.0,0.0,,,2995000,1.000000,
func@0x140321bd0,0.0,0.0,0.0,0.0,0.0,0.0,0.0,0.0,0.0,0.0,0.0,0.0,0.0,0.0,0.0,0.0,0.0,0.0,0.0,SSE(128); SSE2(128),,0,0.0,0.0
func@0x140324070,0.0,0.0,0.0,0.0,0.0,0.0,0.0,0.0,0.0,0.0,0.0,0.0,0.0,0.0,0.0,0.0,0.0,0.0,0.0,SSE(128); SSE2(128),,5990000,0.0,0.0
func@0x14032d2a0,0.0,0.0,0.0,0.0,0.0,0.0,0.0,0.0,0.0,0.0,0.0,0.0,0.0,0.0,0.0,0.0,0.0,0.0,0.0,SSE(128),,0,,
func@0x14032d637,0.0,0.0,0.0,0.0,0.0,0.0,0.0,0.0,0.0,0.0,0.0,0.0,0.0,0.0,0.0,0.0,0.0,0.0,0.0,SSE(128),,0,,
func@0x14032ed00,0.0,0.0,0.0,0.0,0.0,0.0,0.0,0.0,0.0,0.0,0.0,0.0,,,,0.0,0.0,0.0,0.0,,,2995000,0.0,0.0
func@0x1403311d0,0.0,0.0,0.0,0.0,0.0,0.0,0.0,100.0,0.0,0.0,0.0,0.0,0.0,0.0,0.0,0.0,0.0,0.0,0.0,,,2995000,1.000000,
func@0x14033a914,0.0,0.0,0.0,0.0,0.0,0.0,0.0,0.0,0.0,0.0,0.0,0.0,0.0,0.0,0.0,0.0,0.0,0.0,0.0,,,2995000,0.0,0.0
func@0x14034c120,0.0,0.0,0.0,0.0,0.0,0.0,,,0.0,0.0,0.0,0.0,0.0,0.0,0.0,0.0,0.0,0.0,0.0,,,2995000,0.0,0.0
func@0x140350c70,0.0,0.0,0.0,0.0,0.0,0.0,0.0,0.0,0.0,0.0,0.0,0.0,0.0,0.0,0.0,0.0,0.0,0.0,0.0,,,2995000,0.0,0.0
func@0x140362b20,0.0,0.0,0.0,0.0,0.0,0.0,100.0,0.0,0.0,100.0,0.0,0.0,0.0,0.0,0.0,0.0,0.0,0.0,0.0,SSE(128),,2995000,2.000000,
func@0x140364510,0.0,0.0,0.0,0.0,0.0,0.0,0.0,0.0,0.0,0.0,0.0,0.0,0.0,0.0,0.0,0.0,0.0,0.0,0.0,SSE(128),,0,,
func@0x140365370,0.0,0.0,0.0,0.0,0.0,0.0,0.0,0.0,0.0,0.0,0.0,0.0,0.0,0.0,0.0,0.0,0.0,0.0,0.0,,,2995000,0.0,0.0
func@0x14036e610,0.0,0.0,0.0,0.0,0.0,0.0,0.0,0.0,0.0,0.0,0.0,0.0,0.0,0.0,0.0,0.0,0.0,0.0,0.0,SSE(128),,0,0.0,0.0
func@0x1403aeca4,0.0,0.0,0.0,0.0,0.0,0.0,0.0,0.0,0.0,0.0,,0.0,,,,0.0,0.0,0.0,0.0,,,2995000,0.0,0.0
func@0x1403d5330,0.0,0.0,0.0,0.0,0.0,0.0,0.0,0.0,0.0,0.0,0.0,0.0,0.0,0.0,0.0,0.0,0.0,0.0,0.0,SSE(128),,2995000,0.0,0.0
func@0x1403db170,0.0,0.0,0.0,0.0,0.0,0.0,0.0,0.0,0.0,0.0,,0.0,,,,0.0,0.0,0.0,0.0,SSE(128),,2995000,0.0,0.0
func@0x1403e12b0,0.0,0.0,0.0,0.0,0.0,0.0,0.0,0.0,0.0,0.0,0.0,0.0,,0.0,0.0,0.0,0.0,0.0,0.0,SSE(128),,2995000,0.0,0.0
func@0x1403e4a20,0.0,0.0,0.0,0.0,0.0,0.0,0.0,0.0,0.0,0.0,,0.0,0.0,0.0,0.0,0.0,0.0,0.0,0.0,SSE(128),,0,0.0,0.0
func@0x1403e7ad0,0.0,0.0,0.0,0.0,0.0,0.0,0.0,0.0,0.0,0.0,0.0,0.0,0.0,0.0,0.0,0.0,0.0,0.0,0.0,,,2995000,0.0,0.0
func@0x1403eac80,0.0,0.0,0.0,0.0,0.0,0.0,0.0,0.0,0.0,0.0,0.0,0.0,0.0,0.0,0.0,0.0,0.0,0.0,0.0,,,2995000,0.0,0.0
func@0x140400e80,0.0,0.0,0.0,0.0,0.0,0.0,0.0,0.0,0.0,0.0,0.0,0.0,0.0,0.0,0.0,0.0,0.0,0.0,0.0,SSE(128),,0,0.0,0.0
func@0x140410610,0.0,0.0,0.0,0.0,0.0,0.0,0.0,0.0,0.0,0.0,0.0,0.0,0.0,0.0,0.0,0.0,0.0,0.0,0.0,SSE(128); SSE2(128),,0,0.0,0.0
func@0x140423430,0.0,0.0,0.0,0.0,0.0,0.0,0.0,0.0,0.0,0.0,0.0,0.0,0.0,0.0,0.0,0.0,0.0,0.0,0.0,,,2995000,0.0,0.0
func@0x140426c27,0.0,0.0,0.0,0.0,0.0,0.0,0.0,0.0,0.0,0.0,0.0,0.0,0.0,0.0,0.0,0.0,0.0,0.0,0.0,,,8985000,0.0,0.0
func@0x14043d710,0.0,0.0,0.0,0.0,0.0,0.0,100.0,0.0,0.0,0.0,0.0,0.0,0.0,,,0.0,0.0,0.0,0.0,SSE(128),,8985000,0.666667,
func@0x14045f860,0.0,0.0,0.0,0.0,0.0,0.0,0.0,0.0,0.0,0.0,0.0,0.0,0.0,0.0,0.0,0.0,0.0,0.0,0.0,SSE(128); SSE2(128),,0,0.0,0.0
func@0x140464550,0.0,0.0,0.0,0.0,0.0,0.0,0.0,0.0,0.0,0.0,0.0,0.0,0.0,0.0,0.0,0.0,0.0,0.0,0.0,SSE(128),,2995000,0.0,0.0
func@0x14047cb77,0.0,0.0,0.0,0.0,0.0,0.0,0.0,0.0,100.0,0.0,,0.0,0.0,0.0,0.0,0.0,0.0,0.0,0.0,,,0,,
func@0x1404e9450,0.0,0.0,0.0,0.0,0.0,0.0,0.0,0.0,0.0,0.0,0.0,0.0,0.0,0.0,0.0,0.0,0.0,0.0,0.0,,,2995000,1.000000,
func@0x1404e94d0,0.0,0.0,0.0,0.0,0.0,0.0,0.0,0.0,100.0,0.0,0.0,0.0,,,,0.0,0.0,0.0,0.0,,,2995000,1.000000,
func@0x1404e9590,0.0,0.0,0.0,0.0,0.0,0.0,0.0,0.0,100.0,0.0,,0.0,0.0,0.0,,0.0,0.0,0.0,0.0,SSE(128),,0,,
func@0x1404f20e0,0.0,0.0,0.0,0.0,0.0,0.0,0.0,0.0,0.0,0.0,0.0,0.0,0.0,0.0,0.0,0.0,0.0,0.0,0.0,SSE(128),,0,0.0,0.0
func@0x1405e146c,0.0,0.0,0.0,0.0,0.0,0.0,0.0,0.0,0.0,0.0,0.0,0.0,0.0,0.0,0.0,0.0,0.0,0.0,0.0,SSE(128),,0,,
func@0x1406aed33,0.0,0.0,0.0,0.0,0.0,0.0,0.0,0.0,0.0,0.0,0.0,0.0,0.0,0.0,0.0,0.0,0.0,0.0,0.0,SSE(128),,0,,
func@0x1406b2300,0.0,0.0,0.0,0.0,100.0,100.0,0.0,0.0,0.0,0.0,0.0,0.0,0.0,0.0,0.0,0.0,0.0,0.0,0.0,,,0,,
func@0x1406b48b0,0.0,0.0,0.0,0.0,0.0,0.0,0.0,0.0,0.0,0.0,0.0,0.0,0.0,0.0,0.0,0.0,0.0,0.0,0.0,SSE(128),,2995000,0.0,0.0
func@0x1406bd6c0,0.0,0.0,0.0,0.0,0.0,0.0,,0.0,0.0,0.0,0.0,0.0,0.0,0.0,0.0,0.0,0.0,0.0,0.0,,,5990000,0.0,0.0
func@0x1406c0380,0.0,0.0,0.0,0.0,0.0,0.0,0.0,0.0,0.0,0.0,,0.0,0.0,0.0,0.0,0.0,0.0,0.0,0.0,SSE(128); SSE2(128),,0,0.0,0.0
func@0x140840290,0.0,0.0,0.0,0.0,0.0,0.0,0.0,0.0,0.0,0.0,0.0,0.0,0.0,0.0,0.0,0.0,0.0,0.0,0.0,SSE(128),,0,0.0,0.0
func@0x140840550,0.0,0.0,0.0,0.0,0.0,0.0,0.0,0.0,0.0,0.0,0.0,0.0,0.0,0.0,0.0,0.0,0.0,0.0,0.0,SSE(128),,0,0.0,0.0
func@0x1408441b0,0.0,0.0,0.0,0.0,0.0,0.0,0.0,0.0,0.0,0.0,0.0,0.0,0.0,0.0,0.0,0.0,0.0,0.0,0.0,SSE(128),,0,0.0,0.0
func@0x14084a480,0.0,0.0,0.0,0.0,0.0,0.0,0.0,0.0,0.0,0.0,0.0,0.0,0.0,0.0,0.0,0.0,0.0,0.0,0.0,SSE(128),,0,0.0,0.0
func@0x14084bf80,0.0,0.0,0.0,0.0,0.0,0.0,0.0,0.0,0.0,0.0,0.0,0.0,,,,0.0,0.0,0.0,0.0,SSE(128); SSE2(128),,0,,
func@0x140862680,0.0,0.0,0.0,0.0,0.0,0.0,0.0,0.0,0.0,0.0,0.0,0.0,0.0,0.0,0.0,0.0,0.0,0.0,0.0,SSE(128),,2995000,0.0,0.0
func@0x140863dca,0.0,0.0,0.0,0.0,0.0,0.0,0.0,0.0,0.0,0.0,0.0,0.0,0.0,0.0,0.0,0.0,0.0,0.0,0.0,SSE(128),,0,0.0,0.0
func@0x140864ca0,0.0,0.0,0.0,0.0,0.0,0.0,0.0,0.0,0.0,0.0,0.0,0.0,0.0,0.0,0.0,0.0,0.0,0.0,0.0,,,2995000,0.0,0.0
func@0x140864e30,0.0,0.0,0.0,0.0,0.0,0.0,0.0,0.0,0.0,0.0,0.0,0.0,0.0,0.0,0.0,0.0,0.0,0.0,0.0,,,2995000,0.0,0.0
func@0x14088fcec,0.0,0.0,0.0,0.0,0.0,0.0,0.0,0.0,0.0,0.0,0.0,0.0,0.0,0.0,0.0,0.0,0.0,0.0,0.0,SSE(128),,0,,
func@0x140898e90,0.0,0.0,0.0,0.0,0.0,0.0,0.0,0.0,0.0,0.0,0.0,0.0,0.0,0.0,0.0,0.0,0.0,0.0,0.0,SSE(128); SSE2(128),,0,,
func@0x140899770,0.0,0.0,0.0,0.0,0.0,0.0,0.0,0.0,0.0,0.0,0.0,0.0,0.0,0.0,,0.0,0.0,0.0,0.0,SSE(128),,2995000,0.0,0.0
func@0x14089dd60,0.0,0.0,0.0,0.0,0.0,0.0,0.0,0.0,0.0,0.0,0.0,0.0,0.0,0.0,0.0,0.0,0.0,0.0,0.0,SSE(128); SSE2(128),,0,0.0,0.0
func@0x1408a1350,0.0,0.0,0.0,0.0,0.0,0.0,0.0,0.0,0.0,0.0,0.0,0.0,0.0,0.0,0.0,0.0,0.0,0.0,0.0,SSE(128); SSE2(128),,2995000,0.0,0.0
func@0x1408a2e9c,0.0,0.0,0.0,0.0,0.0,0.0,0.0,0.0,0.0,0.0,0.0,0.0,0.0,0.0,0.0,0.0,0.0,0.0,0.0,SSE(128); SSE2(128),,0,0.0,0.0
func@0x1408a6280,0.0,0.0,0.0,0.0,0.0,0.0,0.0,0.0,0.0,0.0,0.0,0.0,0.0,0.0,0.0,0.0,0.0,0.0,0.0,SSE(128),,0,0.0,0.0
func@0x1408bee32,0.0,0.0,0.0,0.0,0.0,0.0,0.0,0.0,0.0,0.0,0.0,0.0,0.0,0.0,0.0,0.0,0.0,0.0,0.0,SSE(128),,0,0.0,0.0
func@0x1408bfed0,0.0,0.0,0.0,0.0,0.0,0.0,,0.0,0.0,0.0,0.0,0.0,0.0,0.0,0.0,0.0,0.0,0.0,0.0,SSE(128),,0,0.0,0.0
func@0x1408c2e50,0.0,0.0,0.0,0.0,0.0,0.0,0.0,0.0,0.0,0.0,0.0,0.0,0.0,0.0,0.0,0.0,0.0,0.0,0.0,SSE(128); SSE2(128),,0,0.0,0.0
func@0x1408dff30,0.0,0.0,0.0,0.0,0.0,0.0,0.0,0.0,0.0,0.0,0.0,0.0,0.0,0.0,0.0,0.0,0.0,0.0,0.0,SSE(128),,0,0.0,0.0
func@0x140975606,0.0,0.0,0.0,0.0,0.0,0.0,0.0,0.0,0.0,0.0,0.0,0.0,0.0,0.0,0.0,0.0,0.0,0.0,0.0,SSE(128),,0,0.0,0.0
func@0x140accc10,0.0,0.0,0.0,0.0,0.0,0.0,0.0,0.0,0.0,0.0,,0.0,,,,0.0,0.0,0.0,0.0,SSE(128),,0,0.0,0.0
func@0x140b51550,0.0,0.0,0.0,0.0,0.0,0.0,0.0,0.0,0.0,0.0,0.0,0.0,0.0,0.0,0.0,0.0,0.0,0.0,0.0,SSE(128),,0,0.0,0.0
func@0x140b53e10,0.0,0.0,0.0,0.0,0.0,0.0,0.0,0.0,0.0,0.0,0.0,0.0,0.0,0.0,0.0,0.0,0.0,0.0,0.0,SSE(128),,0,0.0,0.0
func@0x140bbc780,0.0,0.0,0.0,0.0,0.0,0.0,0.0,0.0,0.0,0.0,0.0,0.0,0.0,0.0,0.0,0.0,0.0,0.0,0.0,,,2995000,0.0,0.0
func@0x140d3eb40,0.0,0.0,0.0,0.0,0.0,0.0,0.0,0.0,0.0,0.0,0.0,0.0,0.0,0.0,0.0,0.0,0.0,0.0,0.0,SSE(128),,0,0.0,0.0
func@0x140d83010,0.0,0.0,0.0,0.0,0.0,0.0,,0.0,0.0,0.0,0.0,0.0,0.0,0.0,0.0,0.0,0.0,0.0,0.0,SSE(128),,0,0.0,0.0
func@0x140da2c40,0.0,0.0,0.0,0.0,0.0,0.0,0.0,0.0,0.0,0.0,0.0,0.0,0.0,0.0,0.0,0.0,0.0,0.0,0.0,SSE(128); SSE2(128),,0,0.0,0.0
func@0x140dac1d0,0.0,0.0,0.0,0.0,0.0,0.0,0.0,0.0,0.0,0.0,0.0,0.0,0.0,0.0,0.0,0.0,0.0,0.0,0.0,SSE(128); SSE2(128),,0,0.0,0.0
func@0x140dba5f0,0.0,0.0,0.0,0.0,0.0,0.0,0.0,0.0,0.0,0.0,0.0,0.0,0.0,0.0,0.0,0.0,0.0,0.0,0.0,SSE(128),,0,,
func@0x140dcbe50,0.0,0.0,0.0,0.0,0.0,0.0,,0.0,0.0,0.0,0.0,0.0,0.0,0.0,0.0,0.0,0.0,0.0,0.0,SSE(128),,0,0.0,0.0
func@0x140dd3230,0.0,0.0,0.0,0.0,0.0,0.0,0.0,0.0,0.0,0.0,0.0,0.0,0.0,0.0,0.0,0.0,0.0,0.0,0.0,SSE(128),,0,0.0,0.0
func@0x140e09ae0,0.0,0.0,0.0,0.0,0.0,0.0,0.0,0.0,0.0,0.0,0.0,0.0,0.0,0.0,0.0,0.0,0.0,0.0,0.0,SSE(128),,0,0.0,0.0
func@0x140e186d0,0.0,0.0,0.0,0.0,0.0,0.0,0.0,,,0.0,0.0,0.0,0.0,0.0,0.0,0.0,0.0,0.0,0.0,SSE(128),,0,0.0,0.0
func@0x140e1c850,0.0,0.0,0.0,0.0,0.0,0.0,0.0,0.0,0.0,0.0,0.0,0.0,0.0,0.0,0.0,0.0,0.0,0.0,0.0,,,2995000,0.0,0.0
func@0x140e4a2d0,0.0,0.0,0.0,0.0,0.0,0.0,0.0,0.0,0.0,0.0,0.0,0.0,0.0,0.0,0.0,0.0,0.0,0.0,0.0,,,2995000,0.0,0.0
func@0x180001510,0.0,0.0,0.0,0.0,,,0.0,0.0,0.0,0.0,0.0,0.0,0.0,0.0,0.0,0.0,0.0,0.0,0.0,SSE(128),,0,0.0,0.0
func@0x180003b00,0.0,0.0,0.0,0.0,0.0,0.0,0.0,100.0,0.0,0.0,0.0,0.0,0.0,0.0,0.0,0.0,0.0,0.0,0.0,,,2995000,1.000000,
func@0x1800060f0,0.0,0.0,0.0,0.0,0.0,0.0,0.0,0.0,0.0,0.0,0.0,0.0,0.0,0.0,0.0,0.0,0.0,0.0,0.0,SSE(128),,2995000,0.0,0.0
func@0x180007fa0,0.0,0.0,0.0,0.0,0.0,0.0,0.0,0.0,0.0,0.0,,0.0,0.0,0.0,0.0,0.0,0.0,0.0,0.0,,,2995000,1.000000,
func@0x1800083e0,0.0,0.0,0.0,0.0,0.0,0.0,0.0,0.0,0.0,0.0,0.0,0.0,0.0,0.0,0.0,0.0,0.0,0.0,0.0,SSE(128),,0,0.0,0.0
func@0x18000b0e0,0.0,0.0,0.0,0.0,0.0,0.0,0.0,0.0,0.0,0.0,0.0,0.0,0.0,0.0,0.0,0.0,0.0,0.0,0.0,SSE(128),,0,0.0,0.0
func@0x18000b520,0.0,0.0,0.0,0.0,0.0,0.0,0.0,0.0,0.0,0.0,0.0,0.0,0.0,0.0,0.0,0.0,0.0,0.0,0.0,SSE(128),,0,0.0,0.0
func@0x18000b720,0.0,0.0,0.0,0.0,0.0,0.0,0.0,0.0,0.0,0.0,0.0,0.0,0.0,0.0,0.0,0.0,0.0,0.0,0.0,SSE(128),,0,0.0,0.0
func@0x18000c0f0,0.0,0.0,0.0,0.0,0.0,0.0,0.0,0.0,0.0,0.0,0.0,0.0,0.0,0.0,0.0,0.0,0.0,0.0,0.0,SSE(128),,0,0.0,0.0
func@0x18000dfa0,0.0,0.0,0.0,0.0,0.0,0.0,0.0,0.0,0.0,0.0,0.0,0.0,0.0,0.0,0.0,0.0,0.0,0.0,0.0,SSE(128),,0,0.0,0.0
func@0x18000e04a,0.0,0.0,0.0,0.0,0.0,0.0,0.0,0.0,0.0,0.0,0.0,0.0,0.0,0.0,0.0,0.0,0.0,0.0,0.0,,,5990000,0.0,0.0
func@0x18000e4e0,0.0,0.0,0.0,0.0,0.0,0.0,0.0,0.0,0.0,0.0,0.0,0.0,,,,0.0,0.0,0.0,0.0,SSE(128),,0,,
func@0x18000f1c0,0.0,0.0,0.0,0.0,0.0,0.0,0.0,0.0,0.0,0.0,0.0,0.0,0.0,0.0,0.0,0.0,0.0,0.0,0.0,SSE(128),,2995000,0.0,0.0
func@0x18000f31e,0.0,0.0,0.0,0.0,0.0,0.0,0.0,0.0,0.0,0.0,0.0,0.0,0.0,0.0,0.0,0.0,0.0,0.0,0.0,SSE(128),,0,0.0,0.0
func@0x18000ff34,0.0,0.0,0.0,0.0,0.0,0.0,0.0,0.0,0.0,0.0,0.0,0.0,0.0,0.0,0.0,0.0,0.0,0.0,0.0,SSE(128); SSE2(128),,0,0.0,0.0
func@0x1800102a0,0.0,0.0,0.0,0.0,0.0,0.0,0.0,0.0,0.0,0.0,0.0,0.0,0.0,0.0,0.0,0.0,0.0,0.0,0.0,SSE(128),,0,0.0,0.0
func@0x180010c20,0.0,0.0,0.0,0.0,0.0,0.0,0.0,0.0,0.0,0.0,0.0,0.0,0.0,0.0,0.0,0.0,0.0,0.0,0.0,SSE(128),,0,0.0,0.0
func@0x180013090,0.0,0.0,0.0,0.0,0.0,0.0,0.0,0.0,0.0,0.0,0.0,0.0,0.0,0.0,0.0,0.0,0.0,0.0,0.0,,,2995000,0.0,0.0
func@0x180018010,0.0,0.0,0.0,0.0,0.0,0.0,0.0,0.0,0.0,0.0,0.0,0.0,0.0,0.0,0.0,0.0,0.0,0.0,0.0,SSE(128),,0,0.0,0.0
func@0x18001b730,0.0,0.0,0.0,0.0,0.0,0.0,0.0,0.0,0.0,0.0,0.0,0.0,0.0,0.0,0.0,0.0,0.0,0.0,0.0,,,2995000,0.0,0.0
func@0x18001be50,0.0,0.0,0.0,0.0,0.0,0.0,0.0,0.0,0.0,0.0,0.0,0.0,0.0,0.0,0.0,0.0,0.0,0.0,0.0,SSE(128),,0,0.0,0.0
func@0x18001e8d0,0.0,0.0,0.0,0.0,0.0,0.0,0.0,0.0,0.0,0.0,,0.0,0.0,0.0,0.0,0.0,0.0,0.0,0.0,SSE(128),,0,0.0,0.0
func@0x180021f80,0.0,0.0,0.0,0.0,0.0,0.0,0.0,0.0,0.0,0.0,,0.0,0.0,0.0,0.0,0.0,0.0,0.0,0.0,SSE(128),,0,0.0,0.0
func@0x180024980,0.0,0.0,0.0,0.0,0.0,0.0,0.0,0.0,0.0,0.0,0.0,0.0,0.0,0.0,0.0,0.0,0.0,0.0,0.0,SSE(128); SSE2(128),,0,,
func@0x180040190,0.0,0.0,0.0,0.0,0.0,0.0,0.0,0.0,0.0,0.0,0.0,0.0,0.0,0.0,0.0,0.0,0.0,0.0,0.0,SSE(128); SSE2(128),,5990000,0.0,0.0
func@0x1800435a0,0.0,0.0,0.0,0.0,0.0,0.0,0.0,0.0,0.0,0.0,0.0,0.0,0.0,0.0,0.0,0.0,0.0,0.0,0.0,SSE(128); SSE2(128),,2995000,0.0,0.0
func@0x180045c64,0.0,0.0,0.0,0.0,0.0,0.0,0.0,0.0,0.0,0.0,0.0,0.0,0.0,0.0,0.0,0.0,0.0,0.0,0.0,SSE(128),,0,0.0,0.0
func@0x180055490,0.0,0.0,0.0,0.0,0.0,0.0,0.0,0.0,0.0,0.0,0.0,0.0,0.0,0.0,0.0,0.0,0.0,0.0,0.0,SSE(128),,0,0.0,0.0
func@0x180055e60,0.0,0.0,0.0,0.0,0.0,0.0,0.0,0.0,0.0,0.0,0.0,0.0,0.0,0.0,0.0,0.0,0.0,0.0,0.0,,,2995000,0.0,0.0
func@0x180056850,0.0,0.0,0.0,0.0,0.0,0.0,0.0,0.0,0.0,0.0,0.0,0.0,0.0,0.0,0.0,0.0,0.0,0.0,0.0,SSE(128); SSE2(128),,0,,
func@0x1800590a0,0.0,0.0,0.0,0.0,0.0,0.0,0.0,0.0,0.0,0.0,0.0,0.0,0.0,0.0,0.0,0.0,0.0,0.0,0.0,SSE(128),,0,0.0,0.0
func@0x18005e3c0,0.0,0.0,0.0,0.0,0.0,0.0,0.0,0.0,0.0,0.0,0.0,0.0,0.0,0.0,0.0,0.0,0.0,0.0,0.0,SSE2(128),,0,,
func@0x180066670,0.0,0.0,0.0,0.0,0.0,0.0,0.0,0.0,0.0,0.0,0.0,0.0,0.0,0.0,0.0,0.0,0.0,0.0,0.0,SSE2(128),,2995000,0.0,0.0
func@0x18007502f,0.0,0.0,0.0,0.0,0.0,0.0,0.0,0.0,0.0,0.0,0.0,0.0,0.0,0.0,,0.0,0.0,0.0,0.0,SSE2(128),,0,0.0,0.0
func@0x1800752c0,0.0,0.0,0.0,0.0,0.0,0.0,0.0,100.0,0.0,0.0,,,,,,0.0,0.0,0.0,0.0,SSE(128),,0,,
func@0x180076aa0,0.0,0.0,0.0,0.0,0.0,0.0,0.0,0.0,0.0,0.0,0.0,0.0,0.0,0.0,0.0,0.0,0.0,0.0,0.0,SSE(128),,0,,
func@0x1800773cc,0.0,0.0,0.0,0.0,0.0,0.0,0.0,0.0,0.0,0.0,0.0,0.0,0.0,0.0,0.0,0.0,0.0,0.0,0.0,SSE(128); SSE2(128),,0,0.0,0.0
func@0x180077530,0.0,0.0,0.0,0.0,0.0,0.0,0.0,0.0,0.0,0.0,,0.0,,,,0.0,0.0,0.0,0.0,SSE(128),,0,,
func@0x180078db1,0.0,0.0,0.0,0.0,0.0,0.0,0.0,100.0,0.0,0.0,0.0,0.0,0.0,0.0,0.0,0.0,0.0,0.0,0.0,SSE(128),,26955000,0.111111,
func@0x1800a0380,0.0,0.0,0.0,0.0,0.0,0.0,0.0,0.0,0.0,0.0,0.0,0.0,0.0,0.0,0.0,0.0,0.0,0.0,0.0,SSE(128),,2995000,0.0,0.0
func@0x180165770,0.0,0.0,0.0,0.0,0.0,0.0,0.0,0.0,0.0,0.0,0.0,0.0,0.0,0.0,0.0,0.0,0.0,0.0,0.0,,,2995000,0.0,0.0
func@0x180167fc0,0.0,0.0,0.0,0.0,0.0,0.0,0.0,0.0,0.0,0.0,,0.0,0.0,0.0,0.0,0.0,0.0,0.0,0.0,AVX(256); SSE(128); SSE2(128),,0,0.0,0.0
func@0x1c0001dc0,0.0,0.0,0.0,0.0,0.0,0.0,0.0,0.0,0.0,0.0,0.0,0.0,0.0,0.0,0.0,0.0,0.0,0.0,0.0,SSE(128),,0,0.0,0.0
func@0x1c0002860,0.0,0.0,0.0,0.0,0.0,0.0,0.0,0.0,0.0,0.0,0.0,0.0,0.0,0.0,0.0,0.0,0.0,0.0,0.0,,,2995000,0.0,0.0
func@0x1c000bbd0,0.0,0.0,0.0,0.0,0.0,0.0,0.0,0.0,0.0,0.0,,0.0,0.0,0.0,0.0,0.0,0.0,0.0,0.0,SSE(128),,0,0.0,0.0
func@0x1c000e9a0,0.0,0.0,0.0,0.0,0.0,0.0,0.0,0.0,0.0,0.0,,0.0,0.0,0.0,0.0,0.0,0.0,0.0,0.0,SSE(128),,0,0.0,0.0
func@0x1c000f8a0,0.0,0.0,0.0,0.0,0.0,0.0,0.0,0.0,0.0,0.0,,0.0,0.0,0.0,0.0,0.0,0.0,0.0,0.0,SSE(128),,0,0.0,0.0
func@0x1c0010f80,0.0,0.0,0.0,0.0,0.0,0.0,0.0,0.0,0.0,0.0,0.0,0.0,0.0,0.0,0.0,0.0,0.0,0.0,0.0,SSE(128),,0,0.0,0.0
func@0x1c0018ed0,0.0,0.0,0.0,0.0,0.0,0.0,0.0,0.0,0.0,0.0,0.0,0.0,0.0,0.0,0.0,0.0,0.0,0.0,0.0,SSE(128),,0,0.0,0.0
lround,0.0,0.0,0.0,0.0,0.0,0.0,0.0,0.0,0.0,0.0,0.0,0.0,0.0,0.0,0.0,0.0,0.0,0.0,0.0,SSE2(128),,2995000,1.000000,
makePiece,0.0,0.0,0.0,0.0,0.0,0.0,0.0,0.0,0.0,0.0,0.0,0.0,0.0,0.0,0.0,0.0,0.0,0.0,0.0,,,2995000,0.0,0.0
malloc_base,0.0,0.0,0.0,0.0,0.0,0.0,0.0,0.0,0.0,0.0,0.0,0.0,0.0,0.0,0.0,0.0,0.0,0.0,0.0,,,2995000,2.000000,
memcpy,0.0,0.0,0.0,0.0,0.0,0.0,0.0,0.0,0.0,0.0,0.0,0.0,0.0,0.0,0.0,0.0,0.0,0.0,0.0,AVX(256); SSE(128); SSE2(128),,0,0.0,0.0
memset,0.0,0.0,0.0,0.0,0.0,0.0,0.0,0.0,0.0,0.0,0.0,0.0,0.0,0.0,0.0,0.0,0.0,0.0,0.0,AVX(256); SSE2(128),,2995000,2.000000,
moveValueGreaterComparator::operator(),0.0,0.0,0.0,0.0,0.0,0.0,0.0,100.0,0.0,0.0,0.0,0.0,0.0,0.0,0.0,0.0,0.0,0.0,0.0,,,11980000,0.250000,
operator&,0.0,0.0,0.0,0.0,0.0,0.0,0.0,0.0,0.0,0.0,0.0,0.0,0.0,0.0,0.0,0.0,0.0,0.0,0.0,,,2995000,1.000000,
operator&,0.0,0.0,0.0,0.0,0.0,0.0,0.0,0.0,0.0,0.0,0.0,0.0,0.0,0.0,0.0,0.0,0.0,0.0,0.0,,,2995000,0.0,0.0
operator&,0.0,0.0,0.0,0.0,0.0,0.0,,0.0,0.0,0.0,,0.0,0.0,0.0,0.0,0.0,0.0,0.0,0.0,,,11980000,0.0,0.0
operator&,0.0,0.0,0.0,0.0,0.0,0.0,0.0,0.0,0.0,0.0,0.0,0.0,0.0,0.0,0.0,0.0,0.0,0.0,0.0,,,2995000,0.0,0.0
operator&,0.0,0.0,0.0,0.0,0.0,0.0,0.0,0.0,0.0,0.0,0.0,0.0,0.0,0.0,0.0,0.0,0.0,0.0,0.0,,,2995000,1.000000,
operator&,0.0,0.0,0.0,0.0,0.0,0.0,0.0,0.0,0.0,0.0,0.0,0.0,0.0,0.0,0.0,0.0,0.0,0.0,0.0,,,2995000,0.0,0.0
operator&,0.0,0.0,0.0,0.0,100.0,100.0,0.0,0.0,0.0,0.0,0.0,0.0,0.0,0.0,,0.0,0.0,0.0,0.0,,,20965000,0.428571,
operator&,0.0,0.0,0.0,0.0,0.0,0.0,0.0,0.0,0.0,0.0,0.0,0.0,0.0,0.0,0.0,0.0,0.0,0.0,0.0,,,17970000,0.166667,
operator&,0.0,0.0,0.0,0.0,0.0,0.0,0.0,0.0,0.0,0.0,0.0,0.0,0.0,0.0,0.0,0.0,0.0,0.0,0.0,,,2995000,0.0,0.0
operator&,0.0,0.0,0.0,0.0,0.0,0.0,0.0,0.0,0.0,0.0,0.0,0.0,0.0,0.0,0.0,0.0,0.0,0.0,0.0,,,2995000,1.000000,
operator&,0.0,0.0,0.0,0.0,0.0,0.0,0.0,0.0,0.0,0.0,0.0,0.0,0.0,0.0,0.0,0.0,0.0,0.0,0.0,,,2995000,0.0,0.0
operator&,0.0,0.0,0.0,0.0,0.0,0.0,0.0,0.0,0.0,0.0,0.0,0.0,0.0,0.0,0.0,0.0,0.0,0.0,0.0,,,2995000,1.000000,
operator&,0.0,0.0,0.0,0.0,0.0,0.0,0.0,0.0,0.0,0.0,0.0,0.0,0.0,0.0,0.0,0.0,0.0,0.0,0.0,,,2995000,0.0,0.0
operator*,0.0,0.0,0.0,0.0,0.0,0.0,0.0,0.0,0.0,0.0,0.0,0.0,0.0,0.0,0.0,0.0,0.0,0.0,0.0,,,2995000,0.0,0.0
operator*,0.0,0.0,0.0,0.0,0.0,0.0,0.0,0.0,0.0,0.0,,0.0,0.0,0.0,0.0,0.0,0.0,0.0,0.0,,,23960000,0.0,0.0
operator+,0.0,0.0,0.0,0.0,0.0,0.0,0.0,0.0,0.0,0.0,0.0,0.0,0.0,0.0,0.0,0.0,0.0,0.0,0.0,,,2995000,1.000000,
operator+,0.0,0.0,0.0,0.0,0.0,0.0,0.0,0.0,0.0,0.0,0.0,0.0,0.0,0.0,0.0,0.0,0.0,0.0,0.0,,,2995000,1.000000,
operator+,0.0,0.0,0.0,0.0,0.0,0.0,0.0,0.0,0.0,0.0,0.0,0.0,0.0,0.0,0.0,0.0,0.0,0.0,0.0,,,5990000,0.500000,
operator+,0.0,0.0,0.0,0.0,0.0,0.0,0.0,0.0,0.0,0.0,0.0,0.0,0.0,0.0,0.0,0.0,0.0,0.0,0.0,,,5990000,1.000000,
operator+,0.0,0.0,0.0,0.0,0.0,0.0,0.0,0.0,0.0,0.0,0.0,0.0,0.0,0.0,0.0,0.0,0.0,0.0,0.0,,,5990000,0.500000,
operator+,0.0,0.0,0.0,0.0,0.0,0.0,0.0,0.0,83.5,0.0,0.0,0.0,0.0,0.0,0.0,0.0,0.0,0.0,0.0,,,0,,
operator+=,0.0,0.0,0.0,0.0,0.0,0.0,0.0,0.0,0.0,0.0,0.0,0.0,0.0,0.0,0.0,0.0,0.0,0.0,0.0,,,8985000,0.333333,
operator+=,0.0,0.0,0.0,0.0,0.0,0.0,0.0,0.0,0.0,0.0,0.0,0.0,0.0,0.0,0.0,0.0,0.0,0.0,0.0,,,14975000,0.0,0.0
operator+=,0.0,0.0,0.0,0.0,0.0,0.0,0.0,0.0,0.0,0.0,0.0,0.0,0.0,0.0,0.0,0.0,0.0,0.0,0.0,,,14975000,0.400000,
operator+=,0.0,0.0,0.0,0.0,0.0,0.0,0.0,0.0,0.0,0.0,,0.0,0.0,0.0,0.0,0.0,0.0,0.0,0.0,,,5990000,0.0,0.0
operator+=,0.0,0.0,0.0,0.0,0.0,0.0,0.0,0.0,0.0,0.0,0.0,0.0,0.0,0.0,0.0,0.0,0.0,0.0,0.0,,,2995000,0.0,0.0
operator-,0.0,0.0,0.0,0.0,50.0,50.0,0.0,16.7,0.0,16.7,0.0,0.0,0.0,0.0,0.0,0.0,0.0,0.0,0.0,,,0,,
operator-,0.0,0.0,0.0,0.0,0.0,0.0,0.0,0.0,0.0,0.0,0.0,0.0,0.0,0.0,0.0,0.0,0.0,0.0,0.0,,,2995000,0.0,0.0
operator-,0.0,0.0,0.0,0.0,0.0,0.0,0.0,0.0,0.0,0.0,0.0,0.0,0.0,0.0,0.0,0.0,0.0,0.0,0.0,,,2995000,1.000000,
operator-,0.0,0.0,0.0,0.0,0.0,0.0,0.0,0.0,0.0,0.0,0.0,0.0,0.0,0.0,0.0,0.0,0.0,0.0,0.0,,,5990000,0.0,0.0
operator-,0.0,0.0,0.0,0.0,0.0,0.0,0.0,0.0,0.0,0.0,0.0,0.0,0.0,0.0,0.0,0.0,0.0,0.0,0.0,,,5990000,0.0,0.0
operator-,0.0,0.0,0.0,0.0,0.0,0.0,0.0,0.0,0.0,0.0,0.0,0.0,0.0,0.0,0.0,0.0,0.0,0.0,0.0,,,8985000,0.0,0.0
operator-,0.0,0.0,0.0,0.0,0.0,0.0,0.0,0.0,0.0,0.0,0.0,0.0,0.0,0.0,0.0,0.0,0.0,0.0,0.0,,,2995000,0.0,0.0
operator-=,0.0,0.0,0.0,0.0,0.0,0.0,0.0,0.0,0.0,0.0,0.0,0.0,0.0,0.0,0.0,0.0,0.0,0.0,0.0,,,2995000,0.0,0.0
operator==,0.0,0.0,0.0,0.0,0.0,0.0,0.0,0.0,0.0,0.0,0.0,0.0,0.0,0.0,0.0,0.0,0.0,0.0,0.0,,,2995000,0.0,0.0
operator>,0.0,0.0,0.0,0.0,0.0,0.0,0.0,0.0,0.0,0.0,0.0,0.0,0.0,0.0,0.0,0.0,0.0,0.0,0.0,,,5990000,1.000000,
operator|,0.0,0.0,0.0,0.0,0.0,0.0,0.0,0.0,0.0,0.0,0.0,0.0,0.0,0.0,0.0,0.0,0.0,0.0,0.0,,,8985000,1.666667,
operator|,0.0,0.0,0.0,0.0,0.0,0.0,0.0,0.0,0.0,0.0,0.0,0.0,0.0,0.0,0.0,0.0,0.0,0.0,0.0,,,14975000,0.200000,
operator|,0.0,0.0,0.0,0.0,0.0,0.0,0.0,0.0,0.0,0.0,0.0,0.0,0.0,0.0,0.0,0.0,0.0,0.0,0.0,,,23960000,0.375000,
operator|,0.0,0.0,0.0,0.0,0.0,0.0,0.0,0.0,0.0,0.0,0.0,0.0,0.0,0.0,0.0,0.0,0.0,0.0,0.0,,,65890000,0.318182,
operator~,0.0,0.0,0.0,0.0,0.0,0.0,0.0,0.0,0.0,0.0,0.0,0.0,,,,0.0,0.0,0.0,0.0,,,26955000,0.111111,
operator~,0.0,0.0,0.0,0.0,0.0,0.0,0.0,0.0,0.0,0.0,0.0,0.0,0.0,0.0,0.0,0.0,0.0,0.0,0.0,,,2995000,0.0,0.0
operator~,0.0,0.0,0.0,0.0,0.0,0.0,0.0,0.0,0.0,0.0,0.0,0.0,0.0,0.0,0.0,0.0,0.0,0.0,0.0,,,11980000,0.250000,
operator~,0.0,0.0,0.0,0.0,0.0,0.0,0.0,0.0,0.0,0.0,0.0,0.0,0.0,0.0,0.0,0.0,0.0,0.0,0.0,,,2995000,0.0,0.0
operator~,0.0,0.0,0.0,0.0,0.0,0.0,0.0,0.0,0.0,0.0,0.0,0.0,0.0,0.0,0.0,0.0,0.0,0.0,0.0,,,5990000,0.500000,
operator~,0.0,0.0,0.0,0.0,0.0,0.0,0.0,0.0,0.0,0.0,0.0,0.0,0.0,0.0,0.0,0.0,0.0,0.0,0.0,,,5990000,1.000000,
operator~,0.0,0.0,0.0,0.0,0.0,0.0,0.0,0.0,0.0,0.0,0.0,0.0,0.0,0.0,0.0,0.0,0.0,0.0,0.0,,,26955000,0.111111,
operator~,0.0,0.0,0.0,0.0,0.0,0.0,0.0,0.0,0.0,0.0,0.0,0.0,0.0,0.0,0.0,0.0,0.0,0.0,0.0,,,2995000,1.000000,
pieces_by_type,0.0,0.0,0.0,0.0,0.0,0.0,0.0,100.0,0.0,0.0,0.0,0.0,0.0,0.0,0.0,0.0,0.0,0.0,0.0,,,0,,
probe_wdl,0.0,0.0,0.0,0.0,0.0,0.0,0.0,0.0,0.0,0.0,0.0,0.0,0.0,0.0,0.0,0.0,0.0,0.0,0.0,,,2995000,1.000000,
round,0.0,0.0,0.0,0.0,0.0,0.0,0.0,0.0,0.0,0.0,0.0,0.0,0.0,0.0,0.0,0.0,0.0,0.0,0.0,SSE2(128),,5990000,0.500000,
"std::_Char_traits<char,int>::copy",0.0,0.0,0.0,0.0,0.0,0.0,0.0,0.0,0.0,0.0,0.0,0.0,0.0,0.0,0.0,0.0,0.0,0.0,0.0,AVX(128),,0,0.0,0.0
"std::_Copy_backward_memmove<Move *,Move *>",0.0,0.0,0.0,0.0,0.0,0.0,0.0,0.0,0.0,0.0,0.0,0.0,0.0,0.0,0.0,0.0,0.0,0.0,0.0,,,2995000,0.0,0.0
"std::_Copy_memmove<Move *,Move *>",0.0,0.0,0.0,0.0,0.0,0.0,0.0,0.0,0.0,0.0,0.0,0.0,0.0,0.0,0.0,0.0,0.0,0.0,0.0,,,11980000,0.0,0.0
"std::_Hash<class std::_Umap_traits<unsigned __int64,class BookEntry,class std::_Uhash_compare<unsigned __int64,struct std::hash<unsigned __int64>,struct std::equal_to<unsigned __int64> >,class std::allocator<struct std::pair<unsigned __int64 const ,class BookEntry> >,0> >::emplace<struct std::pair<unsigned __int64 const ,class BookEntry> >",0.0,0.0,0.0,0.0,0.0,0.0,0.0,0.0,0.0,0.0,0.0,0.0,0.0,0.0,0.0,0.0,0.0,0.0,0.0,,,8985000,0.333333,
"std::_Hash<std::_Umap_traits<unsigned __int64,BookEntry,std::_Uhash_compare<unsigned __int64,std::hash<unsigned __int64>,std::equal_to<unsigned __int64> >,std::allocator<std::pair<unsigned __int64 const ,BookEntry> >,0> >::_Insert_new_node_before",0.0,0.0,0.0,0.0,0.0,0.0,0.0,0.0,0.0,0.0,,0.0,0.0,0.0,0.0,0.0,0.0,0.0,0.0,,,5990000,0.500000,
std::_Hash_representation<unsigned __int64>,0.0,0.0,0.0,0.0,0.0,0.0,0.0,0.0,0.0,0.0,0.0,0.0,0.0,0.0,0.0,0.0,0.0,0.0,0.0,,,2995000,0.0,0.0
std::_Static_partition_team<__int64>::_Get_chunk_key,0.0,0.0,0.0,0.0,0.0,0.0,0.0,0.0,100.0,0.0,0.0,0.0,0.0,0.0,0.0,0.0,0.0,0.0,0.0,,,0,,
"std::_Tree<std::_Tset_traits<std::shared_ptr<YAML::detail::node>,std::less<std::shared_ptr<YAML::detail::node> >,std::allocator<std::shared_ptr<YAML::detail::node> >,0> >::insert",0.0,0.0,0.0,0.0,0.0,0.0,0.0,0.0,0.0,0.0,0.0,0.0,0.0,0.0,0.0,0.0,0.0,0.0,0.0,SSE(128),,2995000,0.0,0.0
std::_Uninitialized_value_construct_n<class std::allocator<class Move> >,0.0,0.0,0.0,0.0,0.0,0.0,0.0,0.0,0.0,0.0,,0.0,0.0,0.0,0.0,0.0,0.0,0.0,0.0,,,2995000,0.0,0.0
"std::array<Bitboard,64>::operator[]",0.0,0.0,0.0,0.0,0.0,0.0,0.0,0.0,0.0,0.0,0.0,0.0,0.0,0.0,0.0,0.0,0.0,0.0,0.0,,,5990000,0.0,0.0
"std::array<Bitboard,8>::operator[]",0.0,0.0,0.0,0.0,0.0,0.0,0.0,0.0,0.0,0.0,0.0,0.0,0.0,0.0,0.0,0.0,0.0,0.0,0.0,,,5990000,1.000000,
"std::array<Bitboard,8>::operator[]",0.0,0.0,0.0,0.0,0.0,0.0,0.0,0.0,0.0,0.0,0.0,0.0,0.0,0.0,0.0,0.0,0.0,0.0,0.0,,,11980000,0.500000,
"std::array<Bitboard,8>::operator[]",0.0,0.0,0.0,0.0,0.0,0.0,0.0,0.0,0.0,0.0,0.0,0.0,0.0,0.0,0.0,0.0,0.0,0.0,0.0,,,2995000,0.0,0.0
"std::array<HistoryState,512>::operator[]",0.0,0.0,0.0,0.0,0.0,0.0,0.0,0.0,0.0,0.0,0.0,0.0,0.0,0.0,0.0,0.0,0.0,0.0,0.0,,,2995000,0.0,0.0
"std::array<Move,128>::operator[]",0.0,0.0,0.0,0.0,0.0,0.0,0.0,0.0,0.0,0.0,0.0,0.0,0.0,0.0,0.0,0.0,0.0,0.0,0.0,,,2995000,0.0,0.0
"std::array<Value,25>::operator[]",0.0,0.0,0.0,0.0,0.0,0.0,0.0,0.0,0.0,0.0,0.0,0.0,0.0,0.0,0.0,0.0,0.0,0.0,0.0,,,8985000,0.0,0.0
"std::array<Value,25>::operator[]",0.0,0.0,0.0,0.0,0.0,0.0,0.0,0.0,0.0,0.0,0.0,0.0,0.0,0.0,0.0,0.0,0.0,0.0,0.0,,,5990000,0.500000,
"std::array<Value,25>::operator[]",0.0,0.0,0.0,0.0,0.0,0.0,0.0,0.0,0.0,0.0,0.0,0.0,0.0,0.0,0.0,0.0,0.0,0.0,0.0,,,14975000,0.200000,
"std::array<Value,25>::operator[]",0.0,0.0,0.0,0.0,0.0,0.0,0.0,0.0,0.0,0.0,0.0,0.0,0.0,0.0,0.0,0.0,0.0,0.0,0.0,,,5990000,0.0,0.0
"std::array<int,64>::operator[]",0.0,0.0,0.0,0.0,0.0,0.0,0.0,0.0,0.0,0.0,0.0,0.0,0.0,0.0,0.0,0.0,0.0,0.0,0.0,,,29950000,0.500000,
"std::array<int,64>::operator[]",0.0,0.0,0.0,0.0,0.0,0.0,0.0,0.0,0.0,0.0,0.0,0.0,0.0,0.0,0.0,0.0,0.0,0.0,0.0,,,2995000,0.0,0.0
"std::array<std::array<Bitboard,64>,8>::operator[]",0.0,0.0,0.0,0.0,0.0,0.0,0.0,0.0,0.0,0.0,0.0,0.0,0.0,0.0,0.0,0.0,0.0,0.0,0.0,,,5990000,0.0,0.0
"std::array<std::array<int,64>,64>::operator[]",0.0,0.0,0.0,0.0,0.0,0.0,0.0,0.0,0.0,0.0,0.0,0.0,0.0,0.0,0.0,0.0,0.0,0.0,0.0,,,2995000,0.0,0.0
"std::array<std::array<int,64>,64>::operator[]",0.0,0.0,0.0,0.0,0.0,0.0,0.0,0.0,0.0,0.0,0.0,0.0,,,,0.0,0.0,0.0,0.0,,,41930000,0.214286,
"std::array<std::array<int,64>,64>::operator[]",0.0,0.0,0.0,0.0,0.0,0.0,0.0,0.0,0.0,0.0,0.0,0.0,0.0,0.0,0.0,0.0,0.0,0.0,0.0,,,17970000,0.500000,
"std::array<std::array<unsigned __int64,64>,16>::operator[]",0.0,0.0,0.0,0.0,0.0,0.0,0.0,0.0,0.0,0.0,0.0,0.0,,,,0.0,0.0,0.0,0.0,,,35940000,0.166667,
"std::array<unsigned __int64,9>::operator[]",0.0,0.0,0.0,0.0,0.0,0.0,0.0,0.0,0.0,0.0,0.0,0.0,0.0,0.0,0.0,0.0,0.0,0.0,0.0,,,2995000,0.0,0.0
"std::basic_filebuf<char,std::char_traits<char> >::_Reset_back",0.0,0.0,0.0,0.0,0.0,0.0,0.0,0.0,0.0,0.0,0.0,0.0,0.0,0.0,0.0,0.0,0.0,0.0,0.0,,,2995000,0.0,0.0
"std::basic_ostream<char,struct std::char_traits<char> >::operator<<",0.0,0.0,0.0,0.0,0.0,0.0,0.0,0.0,0.0,0.0,,0.0,0.0,0.0,0.0,0.0,0.0,0.0,0.0,SSE(128); SSE2(128),,2995000,0.0,0.0
"std::basic_streambuf<char,std::char_traits<char> >::_Gnavail",0.0,0.0,0.0,0.0,0.0,0.0,0.0,0.0,0.0,0.0,0.0,0.0,0.0,0.0,0.0,0.0,0.0,0.0,0.0,,,2995000,0.0,0.0
"std::basic_string<char,struct std::char_traits<char>,class std::allocator<char> >::_Tidy_deallocate",0.0,0.0,0.0,0.0,0.0,0.0,0.0,0.0,0.0,0.0,0.0,0.0,0.0,0.0,0.0,0.0,0.0,0.0,0.0,,,2995000,0.0,0.0
std::countr_zero,0.0,0.0,0.0,0.0,0.0,0.0,0.0,0.0,0.0,0.0,0.0,0.0,0.0,0.0,0.0,0.0,0.0,0.0,0.0,,,8985000,0.333333,
std::countr_zero,0.0,0.0,0.0,0.0,0.0,0.0,0.0,0.0,0.0,0.0,0.0,0.0,0.0,0.0,0.0,0.0,0.0,0.0,0.0,,,17970000,0.0,0.0
std::countr_zero,0.0,0.0,0.0,0.0,0.0,0.0,0.0,0.0,0.0,0.0,0.0,0.0,0.0,0.0,0.0,0.0,0.0,0.0,0.0,,,2995000,0.0,0.0
std::ios_base::good,0.0,0.0,0.0,0.0,0.0,0.0,0.0,0.0,0.0,0.0,0.0,0.0,0.0,0.0,0.0,0.0,0.0,0.0,0.0,,,2995000,0.0,0.0
std::locale::facet::_Incref,0.0,0.0,0.0,0.0,0.0,0.0,0.0,0.0,0.0,0.0,0.0,0.0,0.0,0.0,0.0,0.0,0.0,0.0,0.0,,,2995000,0.0,0.0
std::make_unique,0.0,0.0,0.0,0.0,0.0,0.0,0.0,0.0,0.0,0.0,0.0,0.0,0.0,0.0,0.0,0.0,0.0,0.0,0.0,,,5990000,0.0,0.0
std::max,0.0,0.0,0.0,0.0,0.0,0.0,0.0,0.0,0.0,0.0,0.0,0.0,0.0,0.0,0.0,0.0,0.0,0.0,0.0,,,2995000,1.000000,
std::min,0.0,0.0,0.0,0.0,0.0,0.0,0.0,0.0,0.0,0.0,0.0,0.0,0.0,0.0,0.0,0.0,0.0,0.0,0.0,,,2995000,1.000000,
std::min,0.0,0.0,0.0,0.0,0.0,0.0,0.0,0.0,0.0,0.0,0.0,0.0,0.0,0.0,0.0,0.0,0.0,0.0,0.0,,,2995000,0.0,0.0
"std::num_put<char,class std::ostreambuf_iterator<char,struct std::char_traits<char> > >::_Iput",0.0,0.0,0.0,0.0,0.0,0.0,0.0,0.0,0.0,0.0,0.0,0.0,0.0,0.0,0.0,0.0,0.0,0.0,0.0,SSE(128); SSE2(128),,0,0.0,0.0
"std::num_put<char,class std::ostreambuf_iterator<char,struct std::char_traits<char> > >::do_put",0.0,0.0,0.0,0.0,0.0,0.0,0.0,0.0,0.0,0.0,0.0,0.0,0.0,0.0,0.0,0.0,0.0,0.0,0.0,SSE(128); SSE2(128),,0,0.0,0.0
"std::pair<unsigned __int64 const ,BookEntry>::{ctor}",0.0,0.0,0.0,0.0,0.0,0.0,0.0,0.0,0.0,0.0,,0.0,0.0,0.0,0.0,0.0,0.0,0.0,0.0,AVX(128); AVX(256),,0,0.0,0.0
std::popcount,0.0,0.0,0.0,0.0,0.0,0.0,0.0,0.0,0.0,0.0,0.0,0.0,0.0,0.0,0.0,0.0,0.0,0.0,0.0,,,2995000,0.0,0.0
std::popcount,0.0,0.0,0.0,0.0,0.0,0.0,0.0,0.0,0.0,0.0,0.0,0.0,0.0,0.0,0.0,0.0,0.0,0.0,0.0,,,5990000,0.500000,
std::popcount,0.0,0.0,0.0,0.0,0.0,0.0,0.0,0.0,0.0,0.0,0.0,0.0,0.0,0.0,0.0,0.0,0.0,0.0,0.0,,,2995000,0.0,0.0
std::popcount,0.0,0.0,0.0,0.0,0.0,0.0,0.0,0.0,0.0,0.0,0.0,0.0,0.0,0.0,0.0,0.0,0.0,0.0,0.0,,,2995000,1.000000,
std::popcount,0.0,0.0,0.0,0.0,0.0,0.0,0.0,0.0,0.0,0.0,0.0,0.0,0.0,0.0,0.0,0.0,0.0,0.0,0.0,,,2995000,0.0,0.0
"std::ranges::_Inplace_merge_buffer_right<Move *,moveValueGreaterComparator,std::identity>",0.0,0.0,0.0,0.0,0.0,0.0,0.0,0.0,0.0,0.0,0.0,0.0,0.0,0.0,0.0,0.0,0.0,0.0,0.0,,,5990000,0.0,0.0
std::ranges::_Move_unchecked,0.0,0.0,0.0,0.0,0.0,0.0,0.0,0.0,0.0,0.0,0.0,0.0,0.0,0.0,0.0,0.0,0.0,0.0,0.0,,,2995000,1.000000,
"std::ranges::_Stable_sort_fn::_Stable_sort_common_buffered<Move *,moveValueGreaterComparator,std::identity>",0.0,0.0,0.0,0.0,0.0,0.0,0.0,0.0,0.0,0.0,0.0,0.0,0.0,0.0,0.0,0.0,0.0,0.0,0.0,,,8985000,2.000000,
"std::ranges::_Uninitialized_move_unchecked<Move *,Move *,Move *,Move *>",0.0,0.0,0.0,0.0,0.0,0.0,0.0,0.0,0.0,0.0,0.0,0.0,0.0,0.0,0.0,0.0,0.0,0.0,0.0,,,2995000,1.000000,
std::shared_ptr<YAML::detail::memory_holder>::{ctor},0.0,0.0,0.0,0.0,0.0,0.0,0.0,0.0,0.0,0.0,0.0,0.0,0.0,0.0,0.0,0.0,0.0,0.0,0.0,,,2995000,0.0,0.0
std::shared_ptr<YAML::detail::memory_holder>::{ctor},0.0,0.0,0.0,0.0,0.0,0.0,0.0,0.0,0.0,0.0,0.0,0.0,0.0,0.0,0.0,0.0,0.0,0.0,0.0,,,2995000,0.0,0.0
"std::unique_ptr<TT::Entry [0],std::default_delete<TT::Entry [0]> >::operator[]",0.0,0.0,0.0,0.0,0.0,0.0,0.0,0.0,0.0,0.0,0.0,0.0,0.0,0.0,0.0,0.0,0.0,0.0,0.0,,,23960000,0.250000,
"std::vector<Move,std::allocator<Move> >::reserve",0.0,0.0,0.0,0.0,0.0,0.0,0.0,0.0,0.0,0.0,0.0,0.0,,,,0.0,0.0,0.0,0.0,,,2995000,1.000000,
"std::vector<Move,std::allocator<Move> >::resize",0.0,0.0,0.0,0.0,0.0,0.0,0.0,0.0,0.0,0.0,0.0,0.0,0.0,0.0,0.0,0.0,0.0,0.0,0.0,,,2995000,0.0,0.0
"std::vector<boost::archive::detail::basic_iarchive_impl::aobject,std::allocator<boost::archive::detail::basic_iarchive_impl::aobject> >::size",0.0,0.0,0.0,0.0,0.0,0.0,0.0,0.0,0.0,0.0,0.0,0.0,0.0,0.0,0.0,0.0,0.0,0.0,0.0,,,5990000,0.0,0.0
"std::vector<class Move,class std::allocator<class Move> >::_Change_array",0.0,0.0,0.0,0.0,0.0,0.0,0.0,0.0,0.0,0.0,0.0,0.0,0.0,0.0,0.0,0.0,0.0,0.0,0.0,,,5990000,0.0,0.0
"std::vector<unsigned __int64,std::allocator<unsigned __int64> >::resize",0.0,0.0,0.0,0.0,0.0,0.0,0.0,0.0,0.0,0.0,0.0,0.0,0.0,0.0,0.0,0.0,0.0,0.0,0.0,,,14975000,0.200000,
"std::vector<unsigned __int64,std::allocator<unsigned __int64> >::{ctor}",0.0,0.0,0.0,0.0,0.0,0.0,0.0,0.0,0.0,0.0,0.0,0.0,0.0,0.0,0.0,0.0,0.0,0.0,0.0,AVX(128),,0,0.0,0.0
tablebase::Tablebase::isAvailable,0.0,0.0,0.0,0.0,,,0.0,0.0,0.0,0.0,0.0,0.0,0.0,0.0,0.0,0.0,0.0,0.0,0.0,,,5990000,1.500000,
tablebase::`anonymous namespace'::convertWDL,0.0,0.0,0.0,0.0,0.0,0.0,0.0,0.0,0.0,0.0,0.0,0.0,0.0,0.0,0.0,0.0,0.0,0.0,0.0,,,2995000,0.0,0.0
"trimFast<class std::basic_string<char,struct std::char_traits<char>,class std::allocator<char> > >",0.0,0.0,0.0,0.0,0.0,0.0,0.0,0.0,0.0,0.0,0.0,0.0,0.0,0.0,0.0,0.0,0.0,0.0,0.0,AVX(128),,0,0.0,0.0
typeOf,0.0,0.0,0.0,0.0,0.0,0.0,0.0,0.0,0.0,0.0,0.0,0.0,0.0,0.0,0.0,0.0,0.0,0.0,0.0,,,2995000,0.0,0.0
typeOf,0.0,0.0,0.0,0.0,0.0,0.0,0.0,0.0,0.0,0.0,0.0,0.0,0.0,0.0,0.0,0.0,0.0,0.0,0.0,,,11980000,0.500000,
typeOf,0.0,0.0,0.0,0.0,0.0,0.0,0.0,0.0,0.0,0.0,0.0,0.0,0.0,0.0,0.0,0.0,0.0,0.0,0.0,,,2995000,1.000000,
type_info::before,0.0,0.0,0.0,0.0,0.0,0.0,0.0,0.0,0.0,0.0,0.0,0.0,0.0,0.0,0.0,0.0,0.0,0.0,0.0,,,8985000,0.0,0.0
valueOf,0.0,0.0,0.0,0.0,0.0,0.0,0.0,0.0,0.0,0.0,0.0,0.0,0.0,0.0,0.0,0.0,0.0,0.0,0.0,,,2995000,0.0,0.0
valueOf,0.0,0.0,0.0,0.0,0.0,0.0,0.0,0.0,0.0,0.0,0.0,0.0,0.0,0.0,0.0,0.0,0.0,0.0,0.0,,,2995000,1.000000,
wcslen,0.0,0.0,0.0,0.0,0.0,0.0,0.0,0.0,0.0,0.0,0.0,0.0,0.0,0.0,0.0,0.0,0.0,0.0,0.0,AVX(128); AVX2(256); SSE2(128),,0,0.0,0.0
