Function,CPU Time,Performance-core (P-core):Memory Bound(%),Performance-core (P-core):Memory Bound:L1 Bound(%),Performance-core (P-core):Memory Bound:L2 Bound(%),Performance-core (P-core):Memory Bound:L3 Bound(%),Performance-core (P-core):Memory Bound:DRAM Bound(%),Performance-core (P-core):Memory Bound:Store Bound(%),Efficient-core (E-core):Memory Bound(%),Efficient-core (E-core):Memory Bound:L1 Bound(%),Efficient-core (E-core):Memory Bound:L2 Bound(%),Efficient-core (E-core):Memory Bound:L3 Bound(%),Efficient-core (E-core):Memory Bound:DRAM Bound(%),Loads,Stores,LLC Miss Count,Module,Function (Full),Source File,Start Address
"std::_Atomic_storage<unsigned __int64,8>::load",2.731816,72.2,0.4,4.3,0.0,73.2,0.1,78.4,0.0,0.4,0.0,0.0,1955858674,1409742291,0,frankycpp_v1.4.exe,"std::_Atomic_storage<unsigned __int64,8>::load",atomic,0x1402471bd
TT::clear::__l2::<lambda_1>::operator(),1.970867,87.6,0.0,0.0,54.5,27.0,6.6,57.6,0.5,1.6,1.6,9.2,896526895,1566046980,2200924,frankycpp_v1.4.exe,TT::clear::__l2::<lambda_1>::operator(),TT.cpp,0x140247e2c
TT::ageEntries::__l2::<lambda_1>::operator(),1.558895,74.2,4.8,0.5,44.0,50.2,0.0,73.2,1.1,0.9,1.1,15.6,545516365,266307989,2200924,frankycpp_v1.4.exe,TT::ageEntries::__l2::<lambda_1>::operator(),TT.cpp,0x140247f30
Attacks::`anonymous namespace'::sliderLookup,1.342909,11.2,7.7,0.4,1.5,9.3,0.0,27.4,7.1,1.8,0.0,0.2,5100453009,2784083520,1650693,frankycpp_v1.4.exe,"Attacks::`anonymous namespace'::sliderLookup(const PieceType, const class Square, const class Bitboard)",attacks.cpp,0x140166d80
Attacks::attacks,0.810945,6.5,3.6,0.0,0.0,9.8,0.0,15.1,2.0,0.5,0.2,5.7,3589907694,1934258026,0,frankycpp_v1.4.exe,"Attacks::attacks(enum PieceType,class Square,class Bitboard)",attacks.cpp,0x140166de0
PawnTT::clear::__l2::<lambda_1>::operator(),0.523965,100.0,0.7,0.7,0.7,2.1,79.0,67.4,0.8,0.0,0.0,0.0,58001740,169005070,0,frankycpp_v1.4.exe,PawnTT::clear::__l2::<lambda_1>::operator(),PawnTT.cpp,0x1402444a7
Search::search,0.493967,3.2,9.6,0.0,1.4,0.0,0.0,14.8,0.0,0.2,0.1,0.6,1642749281,752022560,550231,frankycpp_v1.4.exe,"Search::search(class Position &,enum Depth,enum Depth,class Value,class Value,enum Search::NodeType,enum Search::Do_Null)",Search.cpp,0x140208cd0
Search::qsearch,0.402973,14.2,12.5,0.0,0.5,13.5,0.5,24.3,15.3,0.0,0.0,0.0,1058531755,455713671,0,frankycpp_v1.4.exe,"Search::qsearch(class Position &,enum Depth,class Value,class Value,enum Search::NodeType)",Search.cpp,0x14020a630
"std::_Atomic_address_as<__int64,std::_Atomic_padded<unsigned __int64> >",0.347977,83.8,11.0,0.0,7.3,1.8,62.3,64.1,0.6,0.1,0.1,0.6,306009180,566116983,1100462,frankycpp_v1.4.exe,"std::_Atomic_address_as<__int64,std::_Atomic_padded<unsigned __int64> >",xatomic.h,0x140245090
Search::thread,0.337977,16.7,13.7,0.0,0.0,17.5,0.0,39.6,51.7,0.0,0.0,0.0,680920427,194605838,0,frankycpp_v1.4.exe,Search::thread,Search.h,0x14020abc3
MoveGenerator::getNextPseudoLegalMove,0.306979,0.0,4.7,0.0,3.1,0.0,0.0,15.4,0.0,0.0,0.0,0.0,1062131863,516315489,0,frankycpp_v1.4.exe,"MoveGenerator::getNextPseudoLegalMove(class Position const &,enum GenMode,bool)",MoveGenerator.cpp,0x14023e320
Search::thread,0.305979,14.7,0.0,0.0,5.9,11.8,0.0,53.4,36.4,0.0,0.0,0.0,581517445,175905277,0,frankycpp_v1.4.exe,Search::thread,Search.h,0x140209fbf
MoveGenerator::updateSortValues,0.269982,4.0,10.1,0.0,3.9,0.0,0.0,23.4,0.0,7.5,0.6,0.0,802024060,302309069,0,frankycpp_v1.4.exe,"MoveGenerator::updateSortValues(class Position const &,class StaticMoveList<256> *)",MoveGenerator.cpp,0x140240160
MoveGenerator::fillOnDemandMoveList,0.261982,1.7,10.2,0.0,0.0,0.0,0.0,4.3,0.0,0.0,0.0,0.0,776523295,594117823,0,frankycpp_v1.4.exe,"MoveGenerator::fillOnDemandMoveList(class Position const &,enum GenMode,bool)",MoveGenerator.cpp,0x14023fd00
Position::givesCheck,0.256983,0.0,9.6,2.6,0.0,0.0,0.0,7.4,0.0,0.1,0.4,0.1,918927567,384011520,0,frankycpp_v1.4.exe,Position::givesCheck(class Move),Position.cpp,0x140239960
Evaluator::kingEval,0.245983,0.0,8.1,0.0,0.0,0.0,0.0,0.0,0.0,0.0,0.0,0.0,781123433,319009570,0,frankycpp_v1.4.exe,"Evaluator::kingEval(class Position const &,struct Score &,class Color)",Evaluator.cpp,0x1402461e0
MoveGenerator::generateMoves,0.240984,0.0,15.0,0.0,0.0,0.0,0.0,3.8,9.5,0.7,0.0,0.0,661219836,418612558,0,frankycpp_v1.4.exe,"MoveGenerator::generateMoves(class Position const &,class StaticMoveList<256> *,enum GenMode,bool,class Bitboard)",MoveGenerator.cpp,0x140240dc0
"std::ranges::_Insertion_sort_common<Move *,moveValueGreaterComparator,std::identity>",0.235984,0.0,19.4,0.0,0.0,0.0,0.0,0.0,0.0,0.0,0.0,0.0,309709291,158504755,0,frankycpp_v1.4.exe,"std::ranges::_Insertion_sort_common<Move *,moveValueGreaterComparator,std::identity>(class Move *, class Move *, struct moveValueGreaterComparator, struct std::identity)",algorithm,0x140219000
Evaluator::rookEval,0.206986,0.0,5.8,1.2,0.0,0.0,0.0,6.2,0.0,0.0,0.0,0.0,705321159,366610998,0,frankycpp_v1.4.exe,Evaluator::rookEval,Evaluator.cpp,0x140245b38
Position::removePiece,0.184988,0.0,9.0,0.0,1.3,1.3,0.0,13.4,0.0,1.1,0.0,0.0,717821534,380911427,0,frankycpp_v1.4.exe,Position::removePiece(class Square),Position.cpp,0x14023ab70
"std::_Atomic_storage<unsigned __int64,8>::store",0.183988,80.0,17.1,0.0,0.0,0.0,54.9,49.3,0.0,0.0,0.0,0.0,58301749,183305499,0,frankycpp_v1.4.exe,"std::_Atomic_storage<unsigned __int64,8>::store",atomic,0x1402444a7
Evaluator::pieceEval,0.180988,1.7,10.7,0.0,0.0,1.1,0.0,0.0,6.1,0.0,0.0,0.0,939028170,588117643,400012,frankycpp_v1.4.exe,"Evaluator::pieceEval(class Position const &,struct Score &,class Color,enum PieceType)",Evaluator.cpp,0x140245990
Evaluator::evaluate,0.165989,10.4,1.3,0.0,9.3,4.0,0.0,10.3,0.0,0.0,0.0,0.0,698520955,351710551,0,frankycpp_v1.4.exe,Evaluator::evaluate(class Position const &),Evaluator.cpp,0x140245250
"std::_Atomic_storage<unsigned __int64,8>::load",0.164989,76.3,18.4,0.0,24.9,60.3,0.0,78.1,20.5,2.2,0.0,0.0,168705061,105803174,0,frankycpp_v1.4.exe,"std::_Atomic_storage<unsigned __int64,8>::load",atomic,0x1402455ef
Position::doMove,0.158989,0.0,11.8,1.3,0.0,1.3,0.0,0.0,0.0,1.4,0.3,0.0,599517985,301009030,0,frankycpp_v1.4.exe,Position::doMove(class Move),Position.cpp,0x140238dd0
Position::putPiece,0.157989,0.0,15.3,0.0,0.0,0.0,0.0,2.0,0.0,0.9,0.0,0.0,467814034,402512075,0,frankycpp_v1.4.exe,"Position::putPiece(enum Piece,class Square)",Position.cpp,0x14023aa60
std::_Checked_x86_x64_countr_zero<unsigned __int64>,0.143990,4.9,9.7,0.0,1.4,1.4,0.0,0.0,0.0,0.0,0.0,0.0,553516605,301609048,0,frankycpp_v1.4.exe,std::_Checked_x86_x64_countr_zero<unsigned __int64>(unsigned __int64),__msvc_bit_utils.hpp,0x140241ac0
TT::put,0.126991,0.0,3.0,3.0,0.0,1.5,0.0,0.0,22.3,0.0,0.0,0.0,615018450,291708751,0,frankycpp_v1.4.exe,"TT::put(unsigned __int64,enum Depth,class Move,class Value,enum ValueType,class Value)",TT.cpp,0x140247020
Position::isAttacked,0.123992,24.1,1.7,0.0,13.7,10.3,0.0,26.7,0.0,1.2,1.2,5.9,503915117,338510155,0,frankycpp_v1.4.exe,"Position::isAttacked(class Square,class Color)",Position.cpp,0x140239630
Evaluator::queenEval,0.117992,0.0,14.5,0.0,5.4,0.0,0.0,2.2,0.0,0.0,0.0,0.0,446313389,249207476,0,frankycpp_v1.4.exe,Evaluator::queenEval,Evaluator.cpp,0x140245a18
"std::_Atomic_address_as<__int64,std::_Atomic_padded<unsigned __int64> >",0.109993,47.4,3.0,0.0,23.9,23.9,0.0,22.3,0.0,0.1,0.0,10.1,318509555,130403912,3301386,frankycpp_v1.4.exe,"std::_Atomic_address_as<__int64,std::_Atomic_padded<unsigned __int64> >",xatomic.h,0x1402451a0
See::see,0.107993,2.5,3.9,0.0,0.0,0.0,0.0,0.0,0.0,0.0,0.0,0.0,509115273,259307779,0,frankycpp_v1.4.exe,"See::see(class Position const &,class Move)",See.cpp,0x1402776b0
MoveGenerator::generatePawnMoves,0.086994,4.2,4.2,4.2,0.0,2.1,2.1,53.4,0.0,0.0,0.0,0.0,297108913,295408862,0,frankycpp_v1.4.exe,"MoveGenerator::generatePawnMoves(class Position const &,class StaticMoveList<256> *,enum GenMode,bool,class Bitboard)",MoveGenerator.cpp,0x140240390
Evaluator::bishopEval,0.085994,0.0,14.3,0.0,0.0,0.0,0.0,0.0,0.0,0.0,0.0,0.0,500815024,271308139,0,frankycpp_v1.4.exe,Evaluator::bishopEval,Evaluator.cpp,0x140245c88
"std::_Atomic_storage<unsigned __int64,8>::store",0.083994,22.2,0.0,0.0,5.7,5.7,17.2,39.0,0.0,0.0,0.2,5.6,251507545,496814904,1650693,frankycpp_v1.4.exe,"std::_Atomic_storage<unsigned __int64,8>::store",atomic,0x140247e2c
Position::undoMove,0.082994,0.0,4.8,0.0,0.0,0.0,0.0,0.0,0.0,0.0,0.0,0.0,280708421,198905967,0,frankycpp_v1.4.exe,Position::undoMove(void),Position.cpp,0x1402392b0
std::_Checked_popcount<unsigned __int64>,0.081994,7.1,5.1,0.0,0.0,10.3,0.0,0.0,0.0,0.0,,0.0,391311739,206506195,0,frankycpp_v1.4.exe,std::_Checked_popcount<unsigned __int64>(unsigned __int64),__msvc_bit_utils.hpp,0x14021e6d0
TT::probe,0.074995,41.2,0.0,0.0,36.3,56.5,0.0,0.0,0.0,6.7,0.0,13.4,68702061,51601548,0,frankycpp_v1.4.exe,TT::probe(unsigned __int64 const &),TT.cpp,0x1402471a0
Bitboard::shifted,0.072995,0.0,14.4,0.0,0.0,0.0,0.0,0.0,0.0,0.0,0.0,0.0,194705841,278008340,0,frankycpp_v1.4.exe,Bitboard::shifted,bitboard.h,0x14024048d
Bitboard::operator^=,0.067995,0.0,2.9,2.9,0.0,0.0,0.0,0.0,0.0,0.0,0.0,0.0,305709171,152004560,0,frankycpp_v1.4.exe,Bitboard::operator^=,bitboard.h,0x14023abc5
Position::wasLegalMove,0.062996,0.0,0.0,0.0,0.0,0.0,0.0,0.0,0.0,0.0,0.0,0.0,323709711,229806894,0,frankycpp_v1.4.exe,Position::wasLegalMove(void),Position.cpp,0x140239b20
Evaluator::pawnEval,0.059996,12.5,0.0,9.1,0.0,9.1,0.0,0.0,0.0,7.4,0.0,7.4,170805124,44301329,550231,frankycpp_v1.4.exe,"Evaluator::pawnEval(class Position const &,struct Score &)",Evaluator.cpp,0x140245590
See::attacksTo,0.059996,0.0,8.4,0.0,8.4,0.0,0.0,0.0,0.0,0.0,0.0,0.0,198705961,197905937,0,frankycpp_v1.4.exe,"See::attacksTo(class Position const &,class Square,class Color)",See.cpp,0x140277a20
moveValueGreaterComparator::operator(),0.059996,5.6,19.2,0.0,0.0,0.0,0.0,0.0,0.0,0.0,0.0,0.0,80102403,33100993,0,frankycpp_v1.4.exe,moveValueGreaterComparator::operator(),move.h,0x140219020
Move::encode,0.058996,15.0,0.0,12.5,0.0,3.1,0.0,7.6,0.0,0.0,0.0,0.0,134604038,94802844,0,frankycpp_v1.4.exe,Move::encode,move.h,0x140240f15
"std::_For_each_ivdep<TT::Entry *,`TT::clear'::`2'::<lambda_1> >",0.056996,50.0,24.0,8.0,0.0,0.0,39.9,42.9,3.1,0.7,0.2,10.8,124003720,187005610,0,frankycpp_v1.4.exe,"std::_For_each_ivdep<TT::Entry *,`TT::clear'::`2'::<lambda_1> >(struct TT::Entry *, struct TT::Entry *, class TT::clear::__l2::<lambda_1>)",execution,0x140247e10
Evaluator::knightEval,0.053996,0.0,0.0,5.2,0.0,0.0,0.0,,0.0,0.0,0.0,0.0,292508775,184005520,550231,frankycpp_v1.4.exe,Evaluator::knightEval,Evaluator.cpp,0x140245d40
MoveGenerator::generateKingMoves,0.052996,0.0,4.8,4.8,0.0,0.0,0.0,0.0,0.0,0.0,0.0,0.0,151304539,137704131,0,frankycpp_v1.4.exe,"MoveGenerator::generateKingMoves(class Position const &,class StaticMoveList<256> *,enum GenMode,bool)",MoveGenerator.cpp,0x140241080
std::popcount,0.052996,0.0,0.0,0.0,0.0,0.0,0.0,0.0,0.0,,,,177105313,89502685,0,frankycpp_v1.4.exe,std::popcount,bit,0x140245b81
Bitboard::operator bool,0.050997,0.0,8.3,0.0,0.0,0.0,0.0,0.0,0.0,0.0,0.0,0.0,171705151,105703171,0,frankycpp_v1.4.exe,Bitboard::operator bool,bitboard.h,0x140240eb4
"std::_For_each_ivdep<PawnTT::Entry *,`PawnTT::clear'::`2'::<lambda_1> >",0.047997,100.0,50.7,0.0,0.0,0.0,76.0,33.4,0.0,0.0,0.0,0.0,10200306,15900477,0,frankycpp_v1.4.exe,"std::_For_each_ivdep<PawnTT::Entry *,`PawnTT::clear'::`2'::<lambda_1> >(struct PawnTT::Entry *, struct PawnTT::Entry *, class PawnTT::clear::__l2::<lambda_1>)",execution,0x140244490
Search::storeTt,0.044997,0.0,5.0,5.0,0.0,0.0,0.0,0.0,0.0,0.0,0.0,0.0,159804794,57401722,0,frankycpp_v1.4.exe,"Search::storeTt(class Position const &,enum Depth,enum Depth,class Move,class Value,enum ValueType,class Value)",Search.cpp,0x14020aff0
makePiece,0.044997,0.0,0.0,0.0,0.0,0.0,0.0,0.0,0.0,0.0,0.0,0.0,131803954,40101203,0,frankycpp_v1.4.exe,makePiece,piece.h,0x140246269
"std::array<unsigned __int64,64>::operator[]",0.044997,0.0,0.0,0.0,0.0,0.0,0.0,0.0,0.0,0.0,0.0,0.0,231806954,98302949,0,frankycpp_v1.4.exe,"std::array<unsigned __int64,64>::operator[]",array,0x14023abb2
Search::sendSearchUpdateToUci,0.043997,0.0,0.0,35.0,0.0,17.5,0.0,100.0,44.5,0.0,0.0,0.0,23500705,7700231,0,frankycpp_v1.4.exe,Search::sendSearchUpdateToUci(void),Search.cpp,0x1402110b0
std::_Unchecked_popcount<unsigned __int64>,0.043997,0.0,16.9,0.0,4.2,0.0,0.0,0.0,0.0,0.0,0.0,0.0,177105313,79802394,0,frankycpp_v1.4.exe,std::_Unchecked_popcount<unsigned __int64>(unsigned __int64),__msvc_bit_utils.hpp,0x14021e6c0
"std::array<int,64>::operator[]",0.043997,0.0,28.5,0.0,3.6,0.0,0.0,0.0,0.0,0.0,0.0,0.0,155304659,47701431,0,frankycpp_v1.4.exe,"std::array<int,64>::operator[]",array,0x140240227
Square::{ctor},0.041997,0.0,9.3,0.0,0.0,0.0,0.0,0.0,0.0,0.0,0.0,0.0,160304809,64901947,0,frankycpp_v1.4.exe,Square::{ctor},square.h,0x140239995
_chkstk,0.040997,0.0,11.1,0.0,0.0,0.0,0.0,0.0,0.0,0.0,0.0,0.0,116503495,60501815,0,frankycpp_v1.4.exe,_chkstk,chkstk.asm,0x1405eed50
See::revealedAttacks,0.039997,0.0,20.1,0.0,0.0,0.0,0.0,0.0,0.0,0.0,0.0,0.0,184505535,101303039,550231,frankycpp_v1.4.exe,"See::revealedAttacks(class Position const &,class Square,class Bitboard,class Color)",See.cpp,0x140277b70
Position::movePiece,0.038997,0.0,0.0,0.0,0.0,0.0,0.0,0.0,0.0,0.0,0.0,0.0,129703891,99002970,0,frankycpp_v1.4.exe,"Position::movePiece(class Square,class Square)",Position.cpp,0x14023aa30
"std::_For_each_ivdep<TT::Entry *,`TT::ageEntries'::`2'::<lambda_1> >",0.038997,100.0,100.0,0.0,0.0,45.9,0.0,47.3,2.8,0.2,0.2,50.8,49701491,15500465,1100462,frankycpp_v1.4.exe,"std::_For_each_ivdep<TT::Entry *,`TT::ageEntries'::`2'::<lambda_1> >(struct TT::Entry *, struct TT::Entry *, class TT::ageEntries::__l2::<lambda_1>)",execution,0x140247f20
"std::array<Bitboard,64>::operator[]",0.038997,27.3,5.7,0.0,0.0,28.7,0.0,0.0,0.0,0.0,0.0,0.0,165604968,96302889,0,frankycpp_v1.4.exe,"std::array<Bitboard,64>::operator[]",array,0x140166e70
Bitboard::operator|=,0.037997,0.0,0.0,0.0,0.0,0.0,0.0,0.0,0.0,0.0,0.0,0.0,112003360,91502745,0,frankycpp_v1.4.exe,Bitboard::operator|=,bitboard.h,0x14023aab2
TT::prefetch,0.036998,0.0,0.0,6.8,0.0,0.0,0.0,0.0,0.0,0.0,0.0,0.0,120403612,62801884,0,frankycpp_v1.4.exe,TT::prefetch,TT.h,0x14020abb1
Position::getPieceBb,0.034998,0.0,3.7,3.7,0.0,0.0,0.0,0.0,0.0,0.0,0.0,0.0,209306279,162604878,0,frankycpp_v1.4.exe,Position::getPieceBb,Position.h,0x1402459a2
operator<,0.034998,0.0,13.9,0.0,0.0,0.0,0.0,0.0,0.0,0.0,0.0,0.0,121803654,54301629,0,frankycpp_v1.4.exe,operator<,rank.h,0x140246251
_security_check_cookie,0.033998,0.0,0.0,0.0,7.1,0.0,0.0,0.0,33.4,0.0,0.0,0.0,86402592,47901437,0,frankycpp_v1.4.exe,_security_check_cookie,amdsecgs.asm,0x1405ee000
Move::encode,0.028998,0.0,19.3,0.0,0.0,0.0,0.0,0.0,0.0,0.0,0.0,0.0,49201476,37801134,0,frankycpp_v1.4.exe,Move::encode,move.h,0x140240fed
StaticMoveList<256>::push_back,0.028998,0.0,26.2,26.2,0.0,0.0,0.0,0.0,0.0,0.0,0.0,0.0,40601218,48501455,0,frankycpp_v1.4.exe,StaticMoveList<256>::push_back,staticmovelist.h,0x140240ff6
operator*,0.027998,0.0,0.0,0.0,0.0,0.0,0.0,0.0,0.0,,,,42201266,13200396,0,frankycpp_v1.4.exe,operator*,value.h,0x1402454b5
"std::array<Move,64>::operator[]",0.027998,0.0,16.0,0.0,0.0,0.0,0.0,0.0,0.0,,,,71902157,23100693,0,frankycpp_v1.4.exe,"std::array<Move,64>::operator[]",array,0x140240294
operator&,0.026998,0.0,0.0,0.0,0.0,0.0,0.0,0.0,0.0,0.0,0.0,0.0,74702241,31900957,0,frankycpp_v1.4.exe,operator&,bitboard.h,0x140209c5a
"std::array<Value,25>::operator[]",0.026998,0.0,0.0,0.0,0.0,0.0,0.0,0.0,0.0,,,,94602838,66001980,0,frankycpp_v1.4.exe,"std::array<Value,25>::operator[]",array,0x140240f09
TT::prefetch,0.025998,0.0,10.2,10.2,0.0,0.0,0.0,0.0,,,,,78202346,45901377,0,frankycpp_v1.4.exe,TT::prefetch,TT.h,0x140209fa9
std::countr_zero,0.025998,0.0,0.0,0.0,6.2,0.0,0.0,0.0,0.0,,,,96202886,74502235,0,frankycpp_v1.4.exe,std::countr_zero,bit,0x140240e62
Move::operator==,0.024998,0.0,0.0,0.0,0.0,0.0,0.0,0.0,0.0,0.0,0.0,0.0,87302619,18900567,0,frankycpp_v1.4.exe,Move::operator==,PVTable.h,0x140240296
MoveGenerator::resetOnDemand,0.024998,33.3,0.0,0.0,0.0,0.0,0.0,0.0,0.0,0.0,0.0,0.0,64001920,12500375,0,frankycpp_v1.4.exe,MoveGenerator::resetOnDemand,MoveGenerator.h,0x14020a991
typeOf,0.024998,0.0,52.5,0.0,0.0,0.0,0.0,0.0,0.0,0.0,0.0,0.0,79402382,37501125,0,frankycpp_v1.4.exe,typeOf,piece.h,0x14023ab94
std::_Countr_zero_tzcnt<unsigned __int64>,0.022998,0.0,0.0,0.0,0.0,0.0,0.0,0.0,0.0,0.0,0.0,0.0,60201806,58401752,0,frankycpp_v1.4.exe,std::_Countr_zero_tzcnt<unsigned __int64>(unsigned __int64),__msvc_bit_utils.hpp,0x140241ab0
"std::array<std::array<unsigned __int64,64>,16>::operator[]",0.022998,0.0,0.0,0.0,0.0,0.0,0.0,0.0,0.0,,,,102303069,56201686,0,frankycpp_v1.4.exe,"std::array<std::array<unsigned __int64,64>,16>::operator[]",array,0x14023abab
std::ranges::_Insertion_sort_common,0.022998,0.0,14.4,0.0,0.0,0.0,0.0,0.0,0.0,0.0,0.0,0.0,20600618,28000840,0,frankycpp_v1.4.exe,std::ranges::_Insertion_sort_common,algorithm,0x14021af3a
Bitboard::popLSB,0.021999,0.0,0.0,0.0,0.0,28.3,0.0,0.0,0.0,,,,40701221,32700981,0,frankycpp_v1.4.exe,Bitboard::popLSB,bitboard.h,0x140240e62
Position::checkRepetitions,0.021999,0.0,0.0,0.0,0.0,0.0,0.0,,0.0,,,,12500375,4800144,0,frankycpp_v1.4.exe,Position::checkRepetitions(int),Position.cpp,0x140239d20
func@0x1800126c0,0.021999,,0.0,0.0,0.0,0.0,82.6,0.0,0.0,0.0,0.0,0.0,0,0,0,vcruntime140.dll,func@0x1800126c0,[Unknown],0x1800126c0
operator*,0.021999,0.0,0.0,0.0,0.0,0.0,0.0,0.0,0.0,0.0,0.0,0.0,49601488,42901287,0,frankycpp_v1.4.exe,operator*,value.h,0x1402454ad
operator+,0.021999,0.0,0.0,0.0,0.0,0.0,0.0,0.0,0.0,0.0,0.0,0.0,23100693,1100033,0,frankycpp_v1.4.exe,operator+,value.h,0x1402454d9
"std::_Atomic_storage<unsigned __int64,8>::load",0.021999,50.0,38.0,0.0,12.7,12.7,0.0,29.0,0.0,0.4,0.4,20.1,70002100,43101293,0,frankycpp_v1.4.exe,"std::_Atomic_storage<unsigned __int64,8>::load",atomic,0x140247f30
std::popcount,0.021999,0.0,0.0,0.0,0.0,0.0,0.0,0.0,0.0,,,,139004170,63801914,0,frankycpp_v1.4.exe,std::popcount,bit,0x140245ccb
Bitboard::operator bool,0.020999,0.0,0.0,0.0,0.0,0.0,0.0,0.0,0.0,0.0,0.0,0.0,48501455,42601278,0,frankycpp_v1.4.exe,Bitboard::operator bool,bitboard.h,0x140240e45
MoveGenerator::resetOnDemand,0.020999,0.0,0.0,0.0,0.0,0.0,0.0,0.0,0.0,,,,53701611,25300759,0,frankycpp_v1.4.exe,MoveGenerator::resetOnDemand,MoveGenerator.h,0x1402098b1
Bitboard::shifted,0.019999,0.0,6.8,6.8,0.0,0.0,0.0,0.0,66.8,0.0,0.0,0.0,69202076,53301599,0,frankycpp_v1.4.exe,Bitboard::shifted(class Direction),bitboard.h,0x1402418a0
Position::attacksTo,0.019999,0.0,23.7,0.0,0.0,0.0,0.0,40.1,0.0,0.0,0.0,0.0,42001260,59901797,0,frankycpp_v1.4.exe,"Position::attacksTo(class Square,class Color)",Position.cpp,0x1402397c0
Position::hasCheck,0.019999,22.2,0.0,21.6,21.6,54.0,0.0,0.0,0.0,0.0,0.0,0.0,16900507,8500255,0,frankycpp_v1.4.exe,Position::hasCheck(void),Position.cpp,0x140239910
Position::getLastMove,0.018999,0.0,18.8,0.0,0.0,0.0,0.0,0.0,0.0,0.0,0.0,0.0,50101503,13200396,0,frankycpp_v1.4.exe,Position::getLastMove,Position.h,0x140240260
Search::goodCapture,0.018999,0.0,0.0,0.0,0.0,0.0,0.0,0.0,0.0,0.0,0.0,0.0,73502205,32300969,0,frankycpp_v1.4.exe,"Search::goodCapture(class Position const &,class Move,bool)",Search.cpp,0x14020aeb0
Search::stopConditions,0.018999,0.0,24.5,0.0,0.0,12.2,0.0,32.9,0.0,0.0,0.0,0.0,60201806,36201086,0,frankycpp_v1.4.exe,Search::stopConditions(void),Search.cpp,0x14020d1b0
func@0x1400e0a60,0.018999,100.0,0.0,100.0,0.0,0.0,0.0,0.0,0.0,0.0,0.0,0.0,2200066,2200066,0,nvlddmkm.sys,func@0x1400e0a60,[Unknown],0x1400e0a60
colorOf,0.017999,0.0,0.0,0.0,0.0,0.0,0.0,,0.0,,,,39701191,34301029,0,frankycpp_v1.4.exe,colorOf,piece.h,0x14023ab99
"std::_Atomic_address_as<char,struct std::_Atomic_padded<bool> >",0.017999,0.0,0.0,0.0,0.0,0.0,0.0,,0.0,,,,56901707,30500915,0,frankycpp_v1.4.exe,"std::_Atomic_address_as<char,struct std::_Atomic_padded<bool> >(struct std::_Atomic_padded<bool> const &)",xatomic.h,0x14015c7e0
Bitboard::operator|=,0.016999,0.0,23.0,0.0,0.0,0.0,0.0,0.0,0.0,0.0,0.0,0.0,89502685,51701551,0,frankycpp_v1.4.exe,Bitboard::operator|=,bitboard.h,0x14023aaa6
See::getLeastValuablePiece,0.016999,0.0,0.0,0.0,0.0,0.0,0.0,0.0,0.0,0.0,0.0,0.0,112803384,42901287,0,frankycpp_v1.4.exe,"See::getLeastValuablePiece(class Position const &,class Bitboard,class Color)",See.cpp,0x1402779a0
operator<,0.016999,9.1,0.0,0.0,0.0,0.0,0.0,0.0,0.0,,,,71202136,25300759,0,frankycpp_v1.4.exe,operator<,file.h,0x140246240
operator<,0.016999,0.0,16.0,0.0,0.0,0.0,0.0,0.0,0.0,,,,77802334,46201386,0,frankycpp_v1.4.exe,operator<,value.h,0x140277848
Color::sign,0.015999,0.0,0.0,0.0,0.0,0.0,0.0,0.0,0.0,,,,48901467,60201806,0,frankycpp_v1.4.exe,Color::sign,color.h,0x140240548
MoveGenerator::getEvasionTargets,0.015999,0.0,0.0,36.7,0.0,36.7,0.0,,0.0,0.0,0.0,0.0,29200876,24300729,0,frankycpp_v1.4.exe,MoveGenerator::getEvasionTargets(class Position const &),MoveGenerator.cpp,0x140240300
Position::getKingSquare,0.015999,0.0,0.0,0.0,0.0,0.0,0.0,0.0,0.0,,,,37401122,24200726,0,frankycpp_v1.4.exe,Position::getKingSquare,Position.h,0x140246229
operator&,0.015999,0.0,0.0,23.0,0.0,0.0,0.0,0.0,0.0,,,,50601518,23900717,0,frankycpp_v1.4.exe,operator&,bitboard.h,0x140239a7a
operator++,0.015999,0.0,0.0,0.0,0.0,0.0,0.0,0.0,0.0,,,,56901707,32100963,0,frankycpp_v1.4.exe,operator++,piecetype.h,0x140241049
operator+=,0.015999,0.0,0.0,0.0,0.0,0.0,0.0,0.0,0.0,,,,49901497,31200936,0,frankycpp_v1.4.exe,operator+=,value.h,0x140245c22
typeOf,0.015999,0.0,24.5,0.0,0.0,0.0,0.0,0.0,0.0,0.0,0.0,0.0,47401422,37501125,0,frankycpp_v1.4.exe,typeOf,piece.h,0x140240f1e
Position::getPiece,0.014999,0.0,0.0,0.0,0.0,0.0,0.0,0.0,0.0,0.0,0.0,0.0,72502175,26100783,0,frankycpp_v1.4.exe,Position::getPiece,Position.h,0x140246262
Position::getPieceBb,0.014999,0.0,0.0,0.0,21.6,0.0,0.0,0.0,0.0,0.0,0.0,0.0,29700891,20200606,0,frankycpp_v1.4.exe,Position::getPieceBb,Position.h,0x140245bde
StaticMoveList<128>::pop_back,0.014999,0.0,0.0,0.0,0.0,0.0,0.0,0.0,0.0,0.0,0.0,0.0,36301089,11400342,0,frankycpp_v1.4.exe,StaticMoveList<128>::pop_back,staticmovelist.h,0x14020a1c8
func@0x140241690,0.014999,,0.0,0.0,43.2,86.4,0.0,42.7,17.8,0.0,7.1,8.5,1900057,2700081,400012,ntoskrnl.exe,func@0x140241690,[Unknown],0x140241690
operator&,0.014999,0.0,0.0,0.0,0.0,0.0,0.0,,0.0,,,,47801434,54301629,0,frankycpp_v1.4.exe,operator&,bitboard.h,0x140277b27
operator~,0.014999,0.0,40.8,0.0,0.0,0.0,0.0,0.0,0.0,,,,30600918,33801014,0,frankycpp_v1.4.exe,operator~,color.h,0x14023921b
Bitboard::operator^=,0.013999,0.0,0.0,0.0,0.0,0.0,0.0,0.0,0.0,,,,46701401,29700891,0,frankycpp_v1.4.exe,Bitboard::operator^=,bitboard.h,0x14023abb9
"std::_Hash<std::_Umap_traits<unsigned __int64,BookEntry,std::_Uhash_compare<unsigned __int64,std::hash<unsigned __int64>,std::equal_to<unsigned __int64> >,std::allocator<std::pair<unsigned __int64 const ,BookEntry> >,0> >::_Find_last",0.013999,60.0,0.0,0.0,59.2,59.2,0.0,0.0,0.0,0.0,0.0,0.0,8800264,2200066,0,frankycpp_v1.4.exe,"std::_Hash<std::_Umap_traits<unsigned __int64,BookEntry,std::_Uhash_compare<unsigned __int64,std::hash<unsigned __int64>,std::equal_to<unsigned __int64> >,std::allocator<std::pair<unsigned __int64 const ,BookEntry> >,0> >::_Find_last",xhash,0x140261b50
Move::operator==,0.012999,0.0,0.0,0.0,0.0,0.0,0.0,0.0,0.0,0.0,0.0,0.0,55901677,24200726,0,frankycpp_v1.4.exe,Move::operator==,PVTable.h,0x14020998c
Position::getPieceBb,0.012999,0.0,38.7,0.0,0.0,0.0,0.0,0.0,0.0,0.0,0.0,0.0,30200906,27900837,0,frankycpp_v1.4.exe,Position::getPieceBb,Position.h,0x140240e30
StaticMoveList<128>::pop_back,0.012999,0.0,30.6,0.0,0.0,0.0,0.0,0.0,0.0,0.0,0.0,0.0,29400882,16500495,0,frankycpp_v1.4.exe,StaticMoveList<128>::pop_back,staticmovelist.h,0x14020ac73
StaticMoveList<256>::push_back,0.012999,0.0,0.0,0.0,14.1,0.0,0.0,0.0,0.0,0.0,0.0,0.0,48901467,11800354,0,frankycpp_v1.4.exe,StaticMoveList<256>::push_back,staticmovelist.h,0x140240f3a
func@0x1406b27ef,0.012999,33.3,56.5,56.5,0.0,56.5,0.0,,9.5,0.0,0.0,0.0,1900057,0,0,ntoskrnl.exe,func@0x1406b27ef,[Unknown],0x1406b27ef
operator&,0.012999,0.0,0.0,0.0,0.0,0.0,0.0,0.0,0.0,0.0,0.0,0.0,67502025,36301089,0,frankycpp_v1.4.exe,operator&,bitboard.h,0x140245cc4
operator&,0.012999,0.0,0.0,0.0,0.0,0.0,0.0,0.0,0.0,0.0,0.0,0.0,43801314,11400342,0,frankycpp_v1.4.exe,operator&,bitboard.h,0x140239a91
operator&,0.012999,0.0,0.0,0.0,0.0,0.0,0.0,0.0,0.0,0.0,0.0,0.0,53901617,16900507,0,frankycpp_v1.4.exe,operator&,bitboard.h,0x140245bd7
std::atomic<bool>::operator bool,0.012999,0.0,13.1,13.1,0.0,0.0,0.0,0.0,0.0,0.0,0.0,0.0,63601908,44301329,0,frankycpp_v1.4.exe,std::atomic<bool>::operator bool,atomic,0x14020d1b4
typeOf,0.012999,0.0,0.0,0.0,0.0,0.0,0.0,0.0,0.0,0.0,0.0,0.0,18800564,12900387,0,frankycpp_v1.4.exe,typeOf,piece.h,0x1402391a1
TT::resize,0.011999,33.3,0.0,20.4,100.0,61.2,0.0,0.0,0.0,0.0,0.0,0.0,0,0,0,frankycpp_v1.4.exe,TT::resize(unsigned __int64),TT.cpp,0x140246790
Value::operator int,0.011999,0.0,0.0,0.0,0.0,0.0,0.0,0.0,0.0,0.0,0.0,0.0,26400792,24600738,0,frankycpp_v1.4.exe,Value::operator int,value.h,0x14023ab36
Value::operator int,0.011999,0.0,49.0,0.0,0.0,0.0,0.0,0.0,0.0,0.0,0.0,0.0,54301629,36301089,0,frankycpp_v1.4.exe,Value::operator int,value.h,0x14023ac49
func@0x1406b16d3,0.011999,0.0,84.8,0.0,28.3,0.0,0.0,33.4,100.0,0.0,0.0,0.0,1900057,5200156,0,ntoskrnl.exe,func@0x1406b16d3,[Unknown],0x1406b16d3
func@0x18001d400,0.011999,0.0,0.0,0.0,0.0,30.6,0.0,,0.0,,,,52801584,53901617,0,ntdll.dll,func@0x18001d400,[Unknown],0x18001d400
operator&,0.011999,0.0,0.0,0.0,0.0,0.0,0.0,0.0,0.0,,,,43701311,45901377,0,frankycpp_v1.4.exe,operator&,bitboard.h,0x14023967c
operator&,0.011999,33.3,0.0,73.5,0.0,73.5,0.0,0.0,0.0,0.0,0.0,0.0,45901377,30100903,0,frankycpp_v1.4.exe,operator&,bitboard.h,0x1402396cc
operator-,0.011999,0.0,0.0,0.0,0.0,0.0,0.0,0.0,0.0,0.0,0.0,0.0,30800924,22400672,0,frankycpp_v1.4.exe,operator-,value.h,0x14020ac6d
"std::_Atomic_reinterpret_as<__int64,unsigned __int64>",0.011999,0.0,0.0,0.0,0.0,0.0,0.0,0.0,0.0,0.0,0.0,0.0,27900837,8800264,0,frankycpp_v1.4.exe,"std::_Atomic_reinterpret_as<__int64,unsigned __int64>(unsigned __int64 const & __ptr64)",atomic,0x140245080
Value::{ctor},0.010999,0.0,0.0,0.0,0.0,0.0,0.0,0.0,0.0,0.0,0.0,0.0,42301269,22800684,0,frankycpp_v1.4.exe,Value::{ctor},value.h,0x140277c10
_std_type_info_compare,0.010999,0.0,0.0,0.0,0.0,0.0,0.0,0.0,0.0,0.0,0.0,0.0,47301419,17600528,0,vcruntime140.dll,_std_type_info_compare,[Unknown],0x180005030
boost::archive::detail::basic_iarchive_impl::register_type,0.010999,0.0,0.0,0.0,0.0,0.0,0.0,0.0,0.0,0.0,0.0,0.0,58301749,26400792,0,frankycpp_v1.4.exe,boost::archive::detail::basic_iarchive_impl::register_type(class boost::archive::detail::basic_iserializer const &),basic_iarchive.cpp,0x140283750
operator&,0.010999,0.0,0.0,0.0,0.0,0.0,0.0,0.0,0.0,0.0,0.0,0.0,39601188,16500495,0,frankycpp_v1.4.exe,operator&,bitboard.h,0x140239abf
operator&,0.010999,50.0,20.4,0.0,20.4,20.4,0.0,0.0,0.0,0.0,0.0,0.0,49901497,11000330,0,frankycpp_v1.4.exe,operator&,bitboard.h,0x140239707
operator-,0.010999,0.0,27.2,0.0,0.0,0.0,0.0,0.0,0.0,0.0,0.0,0.0,38901167,23100693,0,frankycpp_v1.4.exe,operator-,depth.h,0x1402099b9
"std::array<std::array<Move,64>,64>::operator[]",0.010999,0.0,0.0,0.0,0.0,0.0,0.0,0.0,0.0,,,,43301299,10300309,0,frankycpp_v1.4.exe,"std::array<std::array<Move,64>,64>::operator[]",array,0x140240290
std::ranges::_Stable_sort_fn::operator(),0.010999,0.0,0.0,0.0,0.0,0.0,0.0,,0.0,0.0,0.0,0.0,46601398,7700231,0,frankycpp_v1.4.exe,std::ranges::_Stable_sort_fn::operator(),algorithm,0x140240027
Bitboard::operator bool,0.009999,50.0,30.6,30.6,0.0,30.6,0.0,0.0,0.0,,,,14400432,11400342,0,frankycpp_v1.4.exe,Bitboard::operator bool,bitboard.h,0x1402411b0
Bitboard::operator bool,0.009999,0.0,0.0,0.0,0.0,0.0,0.0,0.0,0.0,,,,20200606,9900297,0,frankycpp_v1.4.exe,Bitboard::operator bool,bitboard.h,0x140240fa9
Direction::operator int,0.009999,0.0,0.0,0.0,0.0,0.0,0.0,0.0,0.0,0.0,0.0,0.0,22000660,19800594,0,frankycpp_v1.4.exe,Direction::operator int,direction.h,0x1402418a0
Direction::pawnPush,0.009999,0.0,0.0,0.0,0.0,0.0,0.0,0.0,0.0,,,,18700561,33100993,0,frankycpp_v1.4.exe,Direction::pawnPush,direction.h,0x1402406ba
Move::stripped,0.009999,0.0,29.4,0.0,0.0,0.0,0.0,0.0,0.0,0.0,0.0,26.7,33100993,5900177,0,frankycpp_v1.4.exe,Move::stripped,move.h,0x1402401b0
Position::isCapturingMove,0.009999,0.0,56.5,0.0,0.0,0.0,0.0,0.0,0.0,0.0,0.0,0.0,21400642,8800264,0,frankycpp_v1.4.exe,Position::isCapturingMove,Position.h,0x140209c56
Value::isCheckMate,0.009999,0.0,0.0,0.0,0.0,0.0,0.0,0.0,0.0,0.0,0.0,0.0,43401302,21300639,0,frankycpp_v1.4.exe,Value::isCheckMate,value.h,0x14020b054
operator&,0.009999,0.0,0.0,0.0,61.2,30.6,0.0,,0.0,0.0,0.0,0.0,46201386,21700651,0,frankycpp_v1.4.exe,operator&,bitboard.h,0x1402396eb
operator+,0.009999,0.0,0.0,0.0,0.0,0.0,0.0,0.0,0.0,0.0,0.0,0.0,44801344,19800594,0,frankycpp_v1.4.exe,operator+,value.h,0x14020ab03
operator|,0.009999,0.0,0.0,0.0,0.0,0.0,0.0,0.0,0.0,,,,46601398,10300309,0,frankycpp_v1.4.exe,operator|,bitboard.h,0x140277b93
std::atomic<bool>::operator bool,0.009999,0.0,0.0,16.0,0.0,0.0,0.0,0.0,0.0,26.7,0.0,0.0,30900927,17300519,0,frankycpp_v1.4.exe,std::atomic<bool>::operator bool,atomic,0x14020d21b
Position::clearEnPassant,0.008999,0.0,0.0,0.0,0.0,0.0,0.0,0.0,0.0,0.0,0.0,0.0,34101023,11400342,0,frankycpp_v1.4.exe,Position::clearEnPassant,Position.cpp,0x14023916c
Value::operator int,0.008999,0.0,0.0,0.0,0.0,0.0,0.0,,0.0,0.0,0.0,0.0,29000870,3700111,0,frankycpp_v1.4.exe,Value::operator int,value.h,0x14023ab0e
func@0x1406b24c0,0.008999,,0.0,100.0,0.0,0.0,0.0,26.7,0.0,0.0,0.0,0.0,400012,1500045,0,ntoskrnl.exe,func@0x1406b24c0,[Unknown],0x1406b24c0
operator&,0.008999,0.0,0.0,0.0,0.0,0.0,0.0,0.0,0.0,,,,42901287,23100693,0,frankycpp_v1.4.exe,operator&,bitboard.h,0x140245b7a
operator-,0.008999,0.0,0.0,100.0,0.0,0.0,0.0,0.0,0.0,,,,18400552,8800264,0,frankycpp_v1.4.exe,operator-,value.h,0x14020a078
operator|,0.008999,0.0,0.0,0.0,0.0,0.0,0.0,0.0,0.0,0.0,0.0,0.0,24600738,10300309,0,frankycpp_v1.4.exe,operator|,bitboard.h,0x140277ba6
operator|,0.008999,0.0,0.0,0.0,0.0,0.0,0.0,0.0,0.0,0.0,0.0,0.0,23100693,26800804,0,frankycpp_v1.4.exe,operator|,bitboard.h,0x140277ab7
Bitboard::{ctor},0.007999,0.0,0.0,0.0,0.0,0.0,0.0,0.0,0.0,,,,36301089,20900627,0,frankycpp_v1.4.exe,Bitboard::{ctor},bitboard.h,0x140277bd7
Move::operator==,0.007999,0.0,0.0,0.0,0.0,0.0,0.0,0.0,0.0,0.0,0.0,0.0,22000660,9900297,0,frankycpp_v1.4.exe,Move::operator==,PVTable.h,0x1402401f8
Move::to,0.007999,0.0,0.0,0.0,13.6,0.0,0.0,0.0,0.0,0.0,0.0,0.0,42901287,20900627,0,frankycpp_v1.4.exe,Move::to,move.h,0x140209c65
Move::type,0.007999,0.0,0.0,0.0,0.0,0.0,0.0,0.0,0.0,0.0,0.0,0.0,28700861,6600198,0,frankycpp_v1.4.exe,Move::type,move.h,0x140209c42
Move::type,0.007999,0.0,0.0,73.5,0.0,0.0,0.0,0.0,0.0,0.0,0.0,0.0,13600408,4400132,0,frankycpp_v1.4.exe,Move::type,move.h,0x1402776cd
Search::thread,0.007999,0.0,81.6,0.0,0.0,0.0,0.0,0.0,0.0,,,,15800474,6600198,0,frankycpp_v1.4.exe,Search::thread,Search.h,0x14020a988
Value::operator int,0.007999,0.0,0.0,0.0,0.0,0.0,0.0,0.0,0.0,0.0,0.0,0.0,37801134,29400882,0,frankycpp_v1.4.exe,Value::operator int,value.h,0x14023ab46
func@0x1403606c0,0.007999,,0.0,73.5,0.0,0.0,0.0,,,,,,2700081,1100033,0,ntoskrnl.exe,func@0x1403606c0,[Unknown],0x1403606c0
operator*,0.007999,0.0,0.0,0.0,0.0,0.0,0.0,0.0,0.0,0.0,0.0,0.0,17600528,1100033,0,frankycpp_v1.4.exe,operator*,value.h,0x1402454fa
operator+,0.007999,0.0,0.0,0.0,0.0,0.0,0.0,0.0,0.0,,,,20200606,18700561,0,frankycpp_v1.4.exe,operator+,direction.h,0x140240489
operator+,0.007999,0.0,0.0,0.0,0.0,0.0,0.0,0.0,0.0,,,,17300519,7000210,0,frankycpp_v1.4.exe,operator+,value.h,0x140209d01
operator+=,0.007999,0.0,100.0,0.0,0.0,0.0,0.0,,0.0,0.0,0.0,0.0,19800594,12100363,0,frankycpp_v1.4.exe,operator+=,value.h,0x140245608
operator+=,0.007999,0.0,0.0,0.0,0.0,0.0,0.0,0.0,0.0,,,,18700561,11000330,0,frankycpp_v1.4.exe,operator+=,value.h,0x140245c6a
operator|,0.007999,0.0,0.0,0.0,0.0,0.0,0.0,0.0,0.0,0.0,0.0,0.0,10300309,15400462,0,frankycpp_v1.4.exe,operator|,bitboard.h,0x140277a98
std::popcount,0.007999,0.0,0.0,33.4,0.0,0.0,0.0,0.0,0.0,,,,23100693,6300189,0,frankycpp_v1.4.exe,std::popcount,bit,0x140245a5e
std::popcount,0.007999,0.0,73.5,0.0,0.0,0.0,0.0,0.0,0.0,,,,53201596,26400792,0,frankycpp_v1.4.exe,std::popcount,bit,0x140245c5d
Bitboard::operator bool,0.007000,0.0,0.0,0.0,0.0,0.0,0.0,0.0,0.0,0.0,0.0,0.0,14000420,13600408,0,frankycpp_v1.4.exe,Bitboard::operator bool,bitboard.h,0x140245d1e
Bitboard::operator~,0.007000,0.0,0.0,0.0,0.0,0.0,0.0,,0.0,,,,4500135,3300099,0,frankycpp_v1.4.exe,Bitboard::operator~,bitboard.h,0x140245718
PawnTT::getHash,0.007000,0.0,0.0,45.9,0.0,0.0,0.0,0.0,0.0,0.0,0.0,0.0,4400132,34101023,0,frankycpp_v1.4.exe,PawnTT::getHash,PawnTT.h,0x1402455d1
Position::checkInsufficientMaterial,0.007000,0.0,0.0,52.5,0.0,100.0,0.0,0.0,0.0,0.0,0.0,0.0,20900627,2200066,0,frankycpp_v1.4.exe,Position::checkInsufficientMaterial(void),Position.cpp,0x140239df0
Position::getNextPlayer,0.007000,0.0,0.0,0.0,0.0,0.0,0.0,0.0,0.0,0.0,0.0,0.0,13600408,12500375,0,frankycpp_v1.4.exe,Position::getNextPlayer,Position.h,0x14024016e
Search::evaluate,0.007000,100.0,0.0,0.0,56.5,0.0,0.0,0.0,0.0,,,,13000390,7000210,0,frankycpp_v1.4.exe,Search::evaluate,Search.cpp,0x14020a8b8
Search::valueToTt,0.007000,0.0,49.0,0.0,0.0,0.0,0.0,0.0,0.0,0.0,0.0,0.0,43301299,8100243,0,frankycpp_v1.4.exe,"Search::valueToTt(class Value,enum Depth)",Search.cpp,0x14020b050
Square::pawnPush,0.007000,0.0,0.0,0.0,0.0,0.0,0.0,,0.0,,,,15400462,3300099,0,frankycpp_v1.4.exe,Square::pawnPush,square.h,0x1402391c5
StaticMoveList<256>::empty,0.007000,0.0,0.0,0.0,0.0,0.0,0.0,0.0,0.0,53.4,0.0,0.0,5900177,8100243,0,frankycpp_v1.4.exe,StaticMoveList<256>::empty,staticmovelist.h,0x14023e403
StaticMoveList<256>::push_back,0.007000,0.0,0.0,0.0,0.0,26.2,0.0,0.0,0.0,13.4,0.0,0.0,27500825,10300309,0,frankycpp_v1.4.exe,StaticMoveList<256>::push_back,staticmovelist.h,0x140240736
func@0x1406b96ae,0.007000,0.0,66.8,0.0,0.0,0.0,33.4,0.0,,0.0,0.0,0.0,0,3300099,0,ntoskrnl.exe,func@0x1406b96ae,[Unknown],0x1406b96ae
moveValueGreaterComparator::operator(),0.007000,0.0,0.0,0.0,0.0,0.0,0.0,0.0,0.0,,,,5900177,5500165,0,frankycpp_v1.4.exe,moveValueGreaterComparator::operator(),move.h,0x14021af50
operator&,0.007000,0.0,0.0,0.0,0.0,0.0,0.0,0.0,0.0,,,,40701221,27500825,0,frankycpp_v1.4.exe,operator&,bitboard.h,0x1402779ba
operator&,0.007000,0.0,100.0,0.0,0.0,0.0,0.0,0.0,0.0,0.0,0.0,0.0,8800264,13200396,0,frankycpp_v1.4.exe,operator&,bitboard.h,0x1402398bd
operator&,0.007000,0.0,0.0,0.0,0.0,0.0,0.0,0.0,0.0,0.0,0.0,0.0,21300639,19200576,0,frankycpp_v1.4.exe,operator&,bitboard.h,0x140240555
operator&,0.007000,25.0,0.0,0.0,0.0,0.0,0.0,,0.0,,,,46201386,14300429,0,frankycpp_v1.4.exe,operator&,bitboard.h,0x140239ad8
operator-,0.007000,0.0,0.0,30.6,0.0,0.0,0.0,,0.0,0.0,0.0,0.0,7000210,3300099,0,frankycpp_v1.4.exe,operator-,value.h,0x14020a734
operator~,0.007000,0.0,0.0,0.0,0.0,0.0,0.0,0.0,0.0,0.0,0.0,0.0,29000870,6300189,0,frankycpp_v1.4.exe,operator~,color.h,0x140240ea0
"std::array<Bitboard,64>::operator[]",0.007000,50.0,36.7,0.0,0.0,73.5,0.0,0.0,0.0,,,,45101353,29700891,0,frankycpp_v1.4.exe,"std::array<Bitboard,64>::operator[]",array,0x14023964f
"std::array<Value,25>::operator[]",0.007000,0.0,91.8,0.0,0.0,0.0,0.0,0.0,0.0,,,,12900387,12100363,0,frankycpp_v1.4.exe,"std::array<Value,25>::operator[]",array,0x1402406fa
"std::array<Value,32>::operator[]",0.007000,0.0,36.7,0.0,0.0,0.0,0.0,0.0,0.0,,,,23500705,20900627,0,frankycpp_v1.4.exe,"std::array<Value,32>::operator[]",array,0x140277818
Bitboard::operator bool,0.006000,0.0,0.0,0.0,0.0,0.0,0.0,,0.0,0.0,0.0,0.0,15400462,20900627,0,frankycpp_v1.4.exe,Bitboard::operator bool,bitboard.h,0x1402409d1
Move::from,0.006000,0.0,0.0,0.0,0.0,0.0,0.0,0.0,0.0,0.0,0.0,0.0,22100663,5500165,0,frankycpp_v1.4.exe,Move::from,move.h,0x14020999c
Search::checkDrawRepAnd50,0.006000,100.0,0.0,0.0,0.0,0.0,0.0,,0.0,,,,7000210,0,0,frankycpp_v1.4.exe,"Search::checkDrawRepAnd50(class Position const &,int)",Search.cpp,0x14020d230
StaticMoveList<256>::empty,0.006000,0.0,0.0,0.0,0.0,0.0,0.0,,0.0,0.0,0.0,0.0,11000330,2200066,0,frankycpp_v1.4.exe,StaticMoveList<256>::empty,staticmovelist.h,0x140240010
Value::operator int,0.006000,0.0,0.0,0.0,0.0,0.0,0.0,0.0,0.0,0.0,0.0,0.0,19800594,18400552,0,frankycpp_v1.4.exe,Value::operator int,value.h,0x14023ac36
calc_symLen,0.006000,0.0,0.0,0.0,81.6,0.0,0.0,0.0,0.0,0.0,0.0,0.0,11000330,5500165,0,frankycpp_v1.4.exe,"calc_symLen(struct PairsData *, unsigned int, char *)",tbprobe.c,0x14027d630
func@0x140258630,0.006000,0.0,0.0,0.0,100.0,0.0,0.0,0.0,0.0,13.4,13.4,0.0,2200066,0,0,ntoskrnl.exe,func@0x140258630,[Unknown],0x140258630
func@0x1402e31ed,0.006000,0.0,0.0,100.0,0.0,0.0,0.0,0.0,0.0,0.0,0.0,0.0,0,1500045,0,ntoskrnl.exe,func@0x1402e31ed,[Unknown],0x1402e31ed
func@0x1403e3700,0.006000,0.0,0.0,0.0,100.0,0.0,0.0,0.0,0.0,0.0,0.0,0.0,0,0,0,ntoskrnl.exe,func@0x1403e3700,[Unknown],0x1403e3700
func@0x180075a90,0.006000,0.0,61.2,0.0,100.0,0.0,0.0,0.0,0.0,0.0,0.0,0.0,0,0,0,ntdll.dll,func@0x180075a90,[Unknown],0x180075a90
operator&,0.006000,0.0,0.0,0.0,0.0,0.0,0.0,0.0,0.0,0.0,0.0,0.0,15800474,5500165,0,frankycpp_v1.4.exe,operator&,bitboard.h,0x1402779d2
operator&,0.006000,0.0,0.0,0.0,0.0,0.0,0.0,0.0,0.0,,,,20600618,12100363,0,frankycpp_v1.4.exe,operator&,bitboard.h,0x140240ea5
operator+,0.006000,0.0,0.0,0.0,0.0,0.0,0.0,0.0,0.0,0.0,0.0,0.0,11400342,4400132,0,frankycpp_v1.4.exe,operator+,depth.h,0x140209bfc
operator+,0.006000,0.0,0.0,0.0,0.0,0.0,0.0,0.0,0.0,0.0,0.0,0.0,4800144,95702871,0,frankycpp_v1.4.exe,operator+,value.h,0x140245345
operator+=,0.006000,0.0,0.0,0.0,0.0,0.0,0.0,0.0,0.0,0.0,0.0,0.0,31900957,22000660,0,frankycpp_v1.4.exe,operator+=,value.h,0x140245ae1
operator+=,0.006000,0.0,0.0,0.0,0.0,0.0,0.0,0.0,0.0,0.0,0.0,0.0,9200276,3300099,0,frankycpp_v1.4.exe,operator+=,value.h,0x1402462e6
operator+=,0.006000,0.0,0.0,0.0,0.0,0.0,0.0,0.0,0.0,,,,40701221,25700771,0,frankycpp_v1.4.exe,operator+=,value.h,0x140245d0a
operator~,0.006000,0.0,0.0,0.0,0.0,0.0,0.0,,0.0,0.0,0.0,0.0,11500345,2200066,0,frankycpp_v1.4.exe,operator~,color.h,0x140209c56
"std::array<HistoryState,512>::operator[]",0.006000,0.0,0.0,0.0,0.0,0.0,0.0,0.0,0.0,,,,25300759,12900387,0,frankycpp_v1.4.exe,"std::array<HistoryState,512>::operator[]",array,0x1402392ea
"std::array<PlyInfo,128>::operator[]",0.006000,0.0,0.0,0.0,0.0,0.0,0.0,,0.0,,,,17300519,2200066,0,frankycpp_v1.4.exe,"std::array<PlyInfo,128>::operator[]",array,0x14020a994
std::countr_zero,0.006000,0.0,0.0,0.0,0.0,0.0,0.0,0.0,0.0,0.0,0.0,0.0,22000660,8800264,0,frankycpp_v1.4.exe,std::countr_zero,bit,0x140245c80
typeOf,0.006000,0.0,0.0,0.0,0.0,0.0,0.0,0.0,0.0,,,,36901107,10300309,0,frankycpp_v1.4.exe,typeOf,piece.h,0x14023999f
wcsnicmp,0.006000,0.0,0.0,0.0,0.0,0.0,0.0,,0.0,0.0,0.0,0.0,19800594,7700231,0,ntoskrnl.exe,wcsnicmp,[Unknown],0x1404fe420
Bitboard::operator bool,0.005000,0.0,0.0,0.0,0.0,0.0,0.0,0.0,0.0,0.0,0.0,0.0,11000330,16500495,0,frankycpp_v1.4.exe,Bitboard::operator bool,bitboard.h,0x140245c45
Bitboard::operator~,0.005000,0.0,0.0,0.0,0.0,0.0,0.0,0.0,0.0,0.0,0.0,0.0,12500375,15800474,0,frankycpp_v1.4.exe,Bitboard::operator~,bitboard.h,0x1402406a2
Bitboard::popLSB,0.005000,0.0,0.0,0.0,0.0,0.0,0.0,0.0,0.0,0.0,0.0,0.0,14300429,9900297,0,frankycpp_v1.4.exe,Bitboard::popLSB,bitboard.h,0x140245b30
CastlingRights::operator-=,0.005000,0.0,36.7,36.7,0.0,0.0,0.0,0.0,0.0,0.0,0.0,0.0,19500585,5200156,0,frankycpp_v1.4.exe,CastlingRights::operator-=,castlingrights.h,0x14023914f
Move::to,0.005000,0.0,0.0,0.0,0.0,0.0,0.0,0.0,0.0,0.0,0.0,0.0,23100693,6600198,0,frankycpp_v1.4.exe,Move::to,move.h,0x14020aecd
Position::getPieceBb,0.005000,0.0,0.0,0.0,0.0,0.0,0.0,0.0,0.0,0.0,0.0,0.0,7000210,9600288,0,frankycpp_v1.4.exe,Position::getPieceBb,Position.h,0x140277aec
Rank::promotionFor,0.005000,0.0,0.0,0.0,0.0,0.0,0.0,0.0,0.0,0.0,0.0,0.0,5500165,3300099,0,frankycpp_v1.4.exe,Rank::promotionFor,rank.h,0x140240aef
Search::search::__l2::<lambda_1>::operator(),0.005000,0.0,61.2,0.0,0.0,0.0,0.0,0.0,0.0,,,,28600858,7000210,0,frankycpp_v1.4.exe,Search::search::__l2::<lambda_1>::operator(),Search.cpp,0x14020929c
StaticMoveList<256>::empty,0.005000,0.0,0.0,0.0,0.0,0.0,0.0,0.0,0.0,0.0,0.0,0.0,15400462,7700231,0,frankycpp_v1.4.exe,StaticMoveList<256>::empty,staticmovelist.h,0x14023fd3d
colorOf,0.005000,0.0,0.0,0.0,0.0,0.0,0.0,0.0,0.0,,,,20600618,9600288,0,frankycpp_v1.4.exe,colorOf,piece.h,0x14023aa72
func@0x140300b80,0.005000,0.0,0.0,0.0,0.0,0.0,0.0,0.0,0.0,0.0,0.0,0.0,0,2600078,0,ntoskrnl.exe,func@0x140300b80,[Unknown],0x140300b80
func@0x1406ac770,0.005000,100.0,0.0,0.0,73.5,0.0,0.0,100.0,0.0,0.0,0.0,0.0,3300099,0,0,ntoskrnl.exe,func@0x1406ac770,[Unknown],0x1406ac770
operator&,0.005000,0.0,0.0,0.0,0.0,0.0,0.0,0.0,0.0,0.0,0.0,0.0,35201056,25700771,0,frankycpp_v1.4.exe,operator&,bitboard.h,0x140277bc3
operator+,0.005000,0.0,0.0,0.0,0.0,0.0,0.0,0.0,0.0,0.0,0.0,0.0,17600528,1100033,0,frankycpp_v1.4.exe,operator+,castlingrights.h,0x140239134
operator+=,0.005000,0.0,33.4,0.0,0.0,0.0,0.0,0.0,0.0,0.0,0.0,0.0,65401962,38201146,0,frankycpp_v1.4.exe,operator+=,value.h,0x140245cfe
operator+=,0.005000,0.0,0.0,0.0,0.0,0.0,0.0,0.0,0.0,,,,26800804,12500375,0,frankycpp_v1.4.exe,operator+=,value.h,0x140245c72
operator-,0.005000,0.0,0.0,0.0,0.0,0.0,0.0,0.0,0.0,,,,27500825,18700561,0,frankycpp_v1.4.exe,operator-,value.h,0x14027795d
operator-,0.005000,0.0,0.0,0.0,36.7,0.0,0.0,,0.0,0.0,0.0,0.0,2200066,0,0,frankycpp_v1.4.exe,operator-,value.h,0x14020ac44
operator-,0.005000,0.0,0.0,45.9,0.0,0.0,0.0,,0.0,,,,7700231,4800144,0,frankycpp_v1.4.exe,operator-,value.h,0x140240c21
operator|,0.005000,0.0,0.0,0.0,0.0,0.0,0.0,0.0,0.0,0.0,0.0,0.0,3300099,3300099,0,frankycpp_v1.4.exe,operator|,bitboard.h,0x14024123c
operator|,0.005000,0.0,0.0,0.0,0.0,0.0,0.0,0.0,0.0,0.0,0.0,0.0,12100363,2200066,0,frankycpp_v1.4.exe,operator|,bitboard.h,0x14024574a
"std::array<PlyInfo,128>::operator[]",0.005000,0.0,0.0,0.0,0.0,0.0,0.0,0.0,0.0,,,,1100033,3700111,0,frankycpp_v1.4.exe,"std::array<PlyInfo,128>::operator[]",array,0x1402098ba
"std::array<int,64>::operator[]",0.005000,0.0,0.0,0.0,0.0,0.0,0.0,0.0,0.0,0.0,0.0,0.0,19800594,17600528,0,frankycpp_v1.4.exe,"std::array<int,64>::operator[]",array,0x140245aa7
std::max,0.005000,0.0,0.0,0.0,0.0,0.0,0.0,0.0,0.0,,,,18700561,11000330,0,frankycpp_v1.4.exe,std::max,utility,0x14027783f
typeOf,0.005000,0.0,0.0,0.0,0.0,0.0,0.0,0.0,0.0,,,,18700561,2200066,0,frankycpp_v1.4.exe,typeOf,piece.h,0x140240f03
typeOf,0.005000,0.0,0.0,0.0,0.0,0.0,0.0,0.0,0.0,0.0,0.0,0.0,63801914,36301089,0,frankycpp_v1.4.exe,typeOf,piece.h,0x1402777a1
Color::iterator::operator++,0.004000,0.0,100.0,0.0,0.0,0.0,0.0,0.0,0.0,0.0,0.0,0.0,2600078,2200066,0,frankycpp_v1.4.exe,Color::iterator::operator++,color.h,0x1402458a4
Direction::{ctor},0.004000,0.0,0.0,0.0,0.0,0.0,0.0,0.0,0.0,0.0,0.0,0.0,5500165,1100033,0,frankycpp_v1.4.exe,Direction::{ctor},direction.h,0x1402409bd
Move::from,0.004000,0.0,0.0,0.0,0.0,0.0,0.0,0.0,0.0,0.0,0.0,0.0,25400762,9200276,0,frankycpp_v1.4.exe,Move::from,move.h,0x14023944f
Move::operator==,0.004000,0.0,0.0,0.0,0.0,0.0,0.0,0.0,0.0,0.0,0.0,0.0,19600588,2600078,0,frankycpp_v1.4.exe,Move::operator==,PVTable.h,0x1402401d9
Move::operator==,0.004000,0.0,0.0,0.0,0.0,0.0,0.0,0.0,0.0,,,,1900057,5200156,0,frankycpp_v1.4.exe,Move::operator==,PVTable.h,0x140209aa3
Move::setValue,0.004000,0.0,0.0,0.0,0.0,0.0,0.0,0.0,0.0,,,,16500495,3300099,0,frankycpp_v1.4.exe,Move::setValue,move.h,0x1402402b4
Move::type,0.004000,0.0,0.0,0.0,0.0,0.0,0.0,0.0,0.0,0.0,0.0,0.0,3400102,4400132,0,frankycpp_v1.4.exe,Move::type,move.h,0x14020a2ac
PawnTT::resize,0.004000,0.0,0.0,0.0,0.0,0.0,0.0,0.0,0.0,0.0,0.0,0.0,0,0,0,frankycpp_v1.4.exe,PawnTT::resize(unsigned __int64),PawnTT.cpp,0x140242cc0
Position::getEndPosValue,0.004000,0.0,0.0,0.0,0.0,0.0,0.0,0.0,0.0,,,,11400342,12100363,0,frankycpp_v1.4.exe,Position::getEndPosValue,Position.h,0x1402452ef
Position::getLastMove,0.004000,0.0,0.0,0.0,0.0,0.0,0.0,0.0,0.0,26.7,0.0,0.0,11100333,5500165,0,frankycpp_v1.4.exe,Position::getLastMove,Position.h,0x14024026b
Position::getPieceBb,0.004000,0.0,0.0,0.0,0.0,0.0,0.0,0.0,0.0,0.0,0.0,,4800144,0,0,frankycpp_v1.4.exe,Position::getPieceBb,Position.h,0x140245bc7
Position::undoNullMove,0.004000,0.0,0.0,0.0,0.0,0.0,0.0,0.0,0.0,0.0,0.0,0.0,3300099,5900177,0,frankycpp_v1.4.exe,Position::undoNullMove(void),Position.cpp,0x1402395d0
RtlFreeHeap,0.004000,0.0,0.0,0.0,0.0,0.0,0.0,0.0,0.0,0.0,0.0,0.0,90202706,38501155,0,ntdll.dll,RtlFreeHeap,[Unknown],0x180078bb0
Search::isTimeAlmostUp,0.004000,0.0,0.0,0.0,0.0,0.0,0.0,0.0,0.0,,,,3300099,0,0,frankycpp_v1.4.exe,Search::isTimeAlmostUp(void),Search.cpp,0x14020e8f0
StaticMoveList<128>::push_back,0.004000,0.0,0.0,73.5,0.0,0.0,0.0,,,0.0,0.0,0.0,3300099,2200066,0,frankycpp_v1.4.exe,StaticMoveList<128>::push_back,staticmovelist.h,0x140209fd0
StaticMoveList<256>::push_back,0.004000,0.0,0.0,0.0,0.0,0.0,0.0,0.0,0.0,,,,15400462,10000300,0,frankycpp_v1.4.exe,StaticMoveList<256>::push_back,staticmovelist.h,0x14024128a
Value::isCheckMate,0.004000,0.0,0.0,0.0,0.0,0.0,0.0,,0.0,0.0,0.0,0.0,4400132,1100033,0,frankycpp_v1.4.exe,Value::isCheckMate,value.h,0x14020b094
Value::isValid,0.004000,0.0,0.0,0.0,0.0,0.0,0.0,0.0,0.0,0.0,0.0,0.0,3300099,0,0,frankycpp_v1.4.exe,Value::isValid,value.h,0x14020a7dd
[ntoskrnl.exe],0.004000,100.0,0.0,0.0,0.0,0.0,0.0,0.0,0.0,0.0,0.0,0.0,4400132,3300099,0,ntoskrnl.exe,[ntoskrnl.exe],[Unknown],0x0
func@0x14002706b,0.004000,,0.0,0.0,0.0,84.8,0.0,0.0,0.0,0.0,0.0,0.0,3300099,2200066,0,dxgmms2.sys,func@0x14002706b,[Unknown],0x14002706b
func@0x14025ae82,0.004000,0.0,0.0,0.0,0.0,100.0,0.0,,0.0,0.0,0.0,0.0,2200066,2200066,0,ntoskrnl.exe,func@0x14025ae82,[Unknown],0x14025ae82
func@0x1402de680,0.004000,0.0,0.0,91.8,100.0,0.0,0.0,0.0,0.0,0.0,0.0,0.0,1100033,0,0,ntoskrnl.exe,func@0x1402de680,[Unknown],0x1402de680
func@0x1403996f0,0.004000,0.0,100.0,100.0,0.0,0.0,0.0,0.0,0.0,0.0,0.0,0.0,1100033,0,0,nvlddmkm.sys,func@0x1403996f0,[Unknown],0x1403996f0
func@0x1406b1b80,0.004000,0.0,0.0,0.0,0.0,0.0,0.0,,0.0,0.0,,0.0,1100033,0,0,ntoskrnl.exe,func@0x1406b1b80,[Unknown],0x1406b1b80
func@0x180011200,0.004000,0.0,0.0,0.0,0.0,0.0,0.0,0.0,0.0,,,,2200066,6600198,0,vcruntime140.dll,func@0x180011200,[Unknown],0x180011200
operator*,0.004000,0.0,0.0,0.0,0.0,0.0,0.0,0.0,0.0,0.0,0.0,0.0,19800594,4800144,0,frankycpp_v1.4.exe,operator*,value.h,0x140245313
operator+,0.004000,0.0,0.0,0.0,0.0,0.0,0.0,0.0,0.0,0.0,0.0,0.0,13600408,6600198,0,frankycpp_v1.4.exe,operator+,value.h,0x140209d05
operator+=,0.004000,0.0,0.0,0.0,0.0,0.0,0.0,0.0,0.0,,,,8800264,4400132,0,frankycpp_v1.4.exe,operator+=,value.h,0x140245c34
operator-,0.004000,0.0,0.0,0.0,0.0,0.0,0.0,0.0,0.0,,,,3300099,0,0,frankycpp_v1.4.exe,operator-,value.h,0x140240f41
operator-,0.004000,0.0,0.0,0.0,0.0,0.0,0.0,0.0,0.0,0.0,0.0,0.0,2600078,0,0,frankycpp_v1.4.exe,operator-,depth.h,0x140209e20
operator~,0.004000,0.0,36.7,0.0,0.0,0.0,0.0,0.0,0.0,,,,30900927,32300969,0,frankycpp_v1.4.exe,operator~,color.h,0x1402392dc
"std::_List_node<std::pair<unsigned __int64 const ,BookEntry>,void *>::_Freenode",0.004000,0.0,0.0,0.0,0.0,0.0,0.0,0.0,0.0,0.0,0.0,0.0,14300429,4400132,0,frankycpp_v1.4.exe,"std::_List_node<std::pair<unsigned __int64 const ,BookEntry>,void *>::_Freenode",list,0x14021aa73
"std::array<Value,25>::operator[]",0.004000,0.0,100.0,0.0,0.0,0.0,0.0,0.0,0.0,0.0,0.0,0.0,12500375,13600408,0,frankycpp_v1.4.exe,"std::array<Value,25>::operator[]",array,0x140240fe2
"std::ranges::_Inplace_merge_buffer_left<Move *,moveValueGreaterComparator,std::identity>",0.004000,0.0,0.0,0.0,0.0,0.0,0.0,0.0,0.0,0.0,0.0,0.0,6600198,0,0,frankycpp_v1.4.exe,"std::ranges::_Inplace_merge_buffer_left<Move *,moveValueGreaterComparator,std::identity>(class Move *, class Move *, class Move *, class Move *, const __int64, struct moveValueGreaterComparator, struct std::identity)",algorithm,0x14021cf60
"std::ranges::_Stable_sort_fn::_Buffered_merge_sort_common<Move *,moveValueGreaterComparator,std::identity>",0.004000,0.0,0.0,0.0,0.0,0.0,0.0,0.0,0.0,0.0,0.0,0.0,2200066,2600078,0,frankycpp_v1.4.exe,"std::ranges::_Stable_sort_fn::_Buffered_merge_sort_common<Move *,moveValueGreaterComparator,std::identity>(class Move *, class Move *, const __int64, class Move *, struct moveValueGreaterComparator, struct std::identity)",algorithm,0x14021ae60
"std::unique_ptr<PawnTT::Entry [0],std::default_delete<PawnTT::Entry [0]> >::operator[]",0.004000,0.0,0.0,0.0,0.0,0.0,0.0,,0.0,0.0,0.0,0.0,4400132,1100033,0,frankycpp_v1.4.exe,"std::unique_ptr<PawnTT::Entry [0],std::default_delete<PawnTT::Entry [0]> >::operator[]",memory,0x14020abe6
Attacks::detail::Magic::index,0.003000,0.0,73.5,0.0,0.0,0.0,0.0,0.0,0.0,,,,22700681,11900357,0,frankycpp_v1.4.exe,Attacks::detail::Magic::index,attacks.h,0x140166db5
Bitboard::operator|=,0.003000,0.0,0.0,0.0,0.0,0.0,0.0,0.0,0.0,0.0,0.0,0.0,5500165,3300099,0,frankycpp_v1.4.exe,Bitboard::operator|=,bitboard.h,0x140245787
Bitboard::operator|=,0.003000,0.0,0.0,0.0,0.0,0.0,0.0,0.0,0.0,0.0,0.0,0.0,1100033,1100033,0,frankycpp_v1.4.exe,Bitboard::operator|=,bitboard.h,0x14024574d
Bitboard::popLSB,0.003000,0.0,0.0,0.0,0.0,0.0,0.0,0.0,0.0,,,,5900177,2200066,0,frankycpp_v1.4.exe,Bitboard::popLSB,bitboard.h,0x140240ef5
Bitboard::{ctor},0.003000,0.0,0.0,0.0,0.0,0.0,0.0,0.0,0.0,0.0,0.0,0.0,5900177,7000210,0,frankycpp_v1.4.exe,Bitboard::{ctor},bitboard.h,0x1402398b2
Evaluator::valueFromScore,0.003000,0.0,0.0,0.0,0.0,0.0,0.0,0.0,0.0,0.0,0.0,0.0,7700231,3300099,0,frankycpp_v1.4.exe,Evaluator::valueFromScore,Evaluator.cpp,0x140245313
FltGetStreamContext,0.003000,0.0,0.0,0.0,0.0,0.0,0.0,,0.0,0.0,0.0,0.0,0,0,0,fltmgr.sys,FltGetStreamContext,[Unknown],0x180007ca0
FsRtlDissectName,0.003000,0.0,0.0,0.0,0.0,0.0,0.0,0.0,0.0,0.0,0.0,0.0,1100033,2200066,0,ntoskrnl.exe,FsRtlDissectName,[Unknown],0x140401860
Move::{ctor},0.003000,0.0,0.0,0.0,0.0,0.0,0.0,0.0,0.0,,,,5500165,0,0,frankycpp_v1.4.exe,Move::{ctor},move.h,0x1402412f6
Position::getPieceBb,0.003000,0.0,0.0,0.0,0.0,0.0,0.0,0.0,0.0,0.0,0.0,,6300189,5500165,0,frankycpp_v1.4.exe,Position::getPieceBb,Position.h,0x1402403c1
Position::getPieceBb,0.003000,0.0,0.0,0.0,0.0,0.0,0.0,0.0,0.0,0.0,0.0,0.0,18700561,8800264,0,frankycpp_v1.4.exe,Position::getPieceBb,Position.h,0x1402779ea
Search::evaluate,0.003000,0.0,0.0,100.0,0.0,0.0,0.0,0.0,0.0,0.0,0.0,0.0,7000210,1100033,0,frankycpp_v1.4.exe,Search::evaluate,Search.cpp,0x1402091f0
Search::thread,0.003000,0.0,0.0,0.0,0.0,0.0,0.0,,0.0,0.0,0.0,0.0,11100333,2300069,0,frankycpp_v1.4.exe,Search::thread,Search.h,0x140208d02
StaticMoveList<256>::push_back,0.003000,0.0,0.0,0.0,0.0,0.0,0.0,0.0,0.0,0.0,0.0,0.0,5900177,4400132,0,frankycpp_v1.4.exe,StaticMoveList<256>::push_back,staticmovelist.h,0x140240bfd
Value::operator int,0.003000,0.0,0.0,0.0,0.0,0.0,0.0,0.0,0.0,,,,20200606,7000210,0,frankycpp_v1.4.exe,Value::operator int,value.h,0x14023ac0e
boost::serialization::extended_type_info::operator<,0.003000,0.0,0.0,0.0,0.0,0.0,0.0,0.0,0.0,0.0,0.0,0.0,24200726,4400132,0,frankycpp_v1.4.exe,boost::serialization::extended_type_info::operator<(class boost::serialization::extended_type_info const &),extended_type_info.cpp,0x14028e1a0
decompress_pairs,0.003000,,0.0,0.0,26.2,0.0,0.0,0.0,0.0,0.0,0.0,0.0,3700111,1100033,0,frankycpp_v1.4.exe,"decompress_pairs(struct PairsData *, unsigned __int64)",tbprobe.c,0x14027e290
func@0x1400010e0,0.003000,0.0,100.0,0.0,0.0,0.0,0.0,,0.0,0.0,0.0,0.0,0,0,0,intelppm.sys,func@0x1400010e0,[Unknown],0x1400010e0
func@0x140241ec0,0.003000,0.0,0.0,0.0,0.0,0.0,0.0,0.0,0.0,0.0,17.8,0.0,1500045,1100033,0,ntoskrnl.exe,func@0x140241ec0,[Unknown],0x140241ec0
func@0x14024ec3c,0.003000,0.0,0.0,0.0,0.0,0.0,0.0,0.0,0.0,0.0,13.4,0.0,400012,0,0,ntoskrnl.exe,func@0x14024ec3c,[Unknown],0x14024ec3c
func@0x140252210,0.003000,0.0,0.0,0.0,0.0,0.0,0.0,,0.0,,,,0,0,0,ntoskrnl.exe,func@0x140252210,[Unknown],0x140252210
func@0x1402786e0,0.003000,,0.0,0.0,0.0,61.2,0.0,0.0,0.0,0.0,0.0,0.0,1100033,1100033,0,ntoskrnl.exe,func@0x1402786e0,[Unknown],0x1402786e0
func@0x1402801b0,0.003000,0.0,0.0,0.0,0.0,0.0,0.0,0.0,0.0,0.0,0.0,0.0,0,2200066,0,ntoskrnl.exe,func@0x1402801b0,[Unknown],0x1402801b0
func@0x140295b06,0.003000,,0.0,0.0,0.0,0.0,0.0,,0.0,0.0,0.0,0.0,0,0,0,ntoskrnl.exe,func@0x140295b06,[Unknown],0x140295b06
func@0x1402abdb0,0.003000,0.0,0.0,0.0,0.0,0.0,0.0,0.0,0.0,0.0,0.0,0.0,13200396,6600198,0,ntoskrnl.exe,func@0x1402abdb0,[Unknown],0x1402abdb0
func@0x1402b7070,0.003000,0.0,0.0,0.0,0.0,0.0,0.0,0.0,0.0,0.0,0.0,0.0,1100033,0,0,ntoskrnl.exe,func@0x1402b7070,[Unknown],0x1402b7070
func@0x1402b8e00,0.003000,0.0,0.0,0.0,0.0,0.0,0.0,,0.0,0.0,0.0,0.0,1100033,400012,0,ntoskrnl.exe,func@0x1402b8e00,[Unknown],0x1402b8e00
func@0x1402e3a5d,0.003000,100.0,0.0,0.0,0.0,0.0,0.0,0.0,0.0,0.0,0.0,0.0,2600078,0,0,ntoskrnl.exe,func@0x1402e3a5d,[Unknown],0x1402e3a5d
func@0x14030f980,0.003000,0.0,0.0,0.0,0.0,0.0,0.0,0.0,0.0,0.0,0.0,0.0,0,400012,0,ntoskrnl.exe,func@0x14030f980,[Unknown],0x14030f980
func@0x140def930,0.003000,50.0,100.0,0.0,0.0,0.0,0.0,0.0,0.0,0.0,0.0,0.0,0,0,0,nvlddmkm.sys,func@0x140def930,[Unknown],0x140def930
func@0x180078db1,0.003000,0.0,0.0,0.0,0.0,0.0,0.0,0.0,0.0,0.0,0.0,0.0,36301089,8800264,0,ntdll.dll,func@0x180078db1,[Unknown],0x180078db1
memmove,0.003000,0.0,0.0,52.5,0.0,0.0,0.0,0.0,0.0,0.0,0.0,0.0,1100033,1100033,0,vcruntime140.dll,memmove,[Unknown],0x180012030
operator&,0.003000,0.0,0.0,0.0,0.0,0.0,0.0,0.0,0.0,,,,7000210,2300069,0,frankycpp_v1.4.exe,operator&,bitboard.h,0x1402456e9
operator&,0.003000,0.0,0.0,0.0,0.0,0.0,0.0,0.0,0.0,0.0,0.0,0.0,13600408,7700231,0,frankycpp_v1.4.exe,operator&,bitboard.h,0x1402779de
operator&,0.003000,0.0,0.0,0.0,0.0,0.0,0.0,0.0,0.0,,,,4400132,5500165,0,frankycpp_v1.4.exe,operator&,bitboard.h,0x140277ae9
operator&,0.003000,0.0,0.0,0.0,0.0,0.0,0.0,0.0,0.0,,,,0,2200066,0,frankycpp_v1.4.exe,operator&,bitboard.h,0x140240c64
operator+,0.003000,0.0,0.0,0.0,33.4,0.0,0.0,0.0,0.0,0.0,0.0,0.0,5900177,8100243,0,frankycpp_v1.4.exe,operator+,direction.h,0x140245782
operator+=,0.003000,0.0,0.0,0.0,0.0,0.0,0.0,0.0,0.0,,,,1100033,1100033,0,frankycpp_v1.4.exe,operator+=,value.h,0x1402462f9
operator+=,0.003000,0.0,0.0,0.0,0.0,0.0,0.0,0.0,0.0,0.0,0.0,0.0,2600078,0,0,frankycpp_v1.4.exe,operator+=,value.h,0x14024596c
operator-,0.003000,0.0,0.0,0.0,0.0,0.0,0.0,0.0,0.0,0.0,0.0,0.0,0,3300099,0,frankycpp_v1.4.exe,operator-,value.h,0x1402412a5
operator>,0.003000,0.0,0.0,0.0,0.0,100.0,0.0,0.0,0.0,0.0,0.0,0.0,800024,0,0,frankycpp_v1.4.exe,operator>,value.h,0x140209397
operator|,0.003000,0.0,0.0,0.0,0.0,0.0,0.0,0.0,0.0,0.0,0.0,0.0,20200606,9200276,0,frankycpp_v1.4.exe,operator|,bitboard.h,0x140277aca
operator|,0.003000,0.0,0.0,0.0,0.0,0.0,0.0,0.0,0.0,0.0,0.0,0.0,9600288,7700231,0,frankycpp_v1.4.exe,operator|,bitboard.h,0x140277b1c
operator|,0.003000,0.0,0.0,0.0,0.0,0.0,0.0,0.0,0.0,0.0,0.0,0.0,17400522,9600288,0,frankycpp_v1.4.exe,operator|,bitboard.h,0x140239a1d
std::_Static_partition_team<__int64>::_Get_next_key,0.003000,0.0,0.0,100.0,0.0,0.0,0.0,,0.0,,,,1500045,0,0,frankycpp_v1.4.exe,std::_Static_partition_team<__int64>::_Get_next_key,execution,0x140248320
"std::array<Bitboard,64>::operator[]",0.003000,0.0,100.0,0.0,0.0,0.0,0.0,0.0,0.0,0.0,0.0,0.0,7000210,2600078,0,frankycpp_v1.4.exe,"std::array<Bitboard,64>::operator[]",array,0x14023aa90
"std::array<Bitboard,64>::operator[]",0.003000,0.0,0.0,0.0,0.0,0.0,0.0,0.0,0.0,,,,5200156,1100033,0,frankycpp_v1.4.exe,"std::array<Bitboard,64>::operator[]",array,0x1402456f9
"std::array<Move,128>::operator[]",0.003000,0.0,0.0,0.0,100.0,0.0,0.0,0.0,0.0,0.0,0.0,0.0,3000090,800024,0,frankycpp_v1.4.exe,"std::array<Move,128>::operator[]",array,0x140208d07
std::max,0.003000,0.0,0.0,0.0,0.0,0.0,0.0,0.0,0.0,0.0,0.0,0.0,13200396,6600198,0,frankycpp_v1.4.exe,std::max,utility,0x140277945
std::popcount,0.003000,0.0,0.0,0.0,0.0,0.0,0.0,,0.0,0.0,0.0,0.0,9600288,7700231,0,frankycpp_v1.4.exe,std::popcount,bit,0x140245d79
"std::unique_ptr<TT::Entry [0],std::default_delete<TT::Entry [0]> >::operator[]",0.003000,33.3,0.0,0.0,0.0,0.0,0.0,0.0,0.0,0.0,0.0,0.0,10400312,1100033,0,frankycpp_v1.4.exe,"std::unique_ptr<TT::Entry [0],std::default_delete<TT::Entry [0]> >::operator[]",memory,0x1402471b5
"std::unique_ptr<TT::Entry [0],std::default_delete<TT::Entry [0]> >::operator[]",0.003000,0.0,0.0,0.0,0.0,0.0,0.0,0.0,0.0,0.0,0.0,0.0,38201146,13600408,0,frankycpp_v1.4.exe,"std::unique_ptr<TT::Entry [0],std::default_delete<TT::Entry [0]> >::operator[]",memory,0x140247037
typeOf,0.003000,0.0,100.0,0.0,0.0,0.0,0.0,0.0,0.0,0.0,0.0,0.0,5500165,6600198,0,frankycpp_v1.4.exe,typeOf,piece.h,0x1402406fe
typeOf,0.003000,0.0,0.0,0.0,0.0,0.0,0.0,0.0,0.0,0.0,0.0,0.0,3300099,2200066,0,frankycpp_v1.4.exe,typeOf,piece.h,0x1402406ef
Bitboard::operator bool,0.002000,100.0,0.0,0.0,0.0,0.0,0.0,0.0,0.0,0.0,0.0,0.0,11000330,5500165,0,frankycpp_v1.4.exe,Bitboard::operator bool,bitboard.h,0x14024569b
Bitboard::operator bool,0.002000,0.0,0.0,0.0,0.0,0.0,0.0,0.0,0.0,,,,7700231,0,0,frankycpp_v1.4.exe,Bitboard::operator bool,bitboard.h,0x140241344
Bitboard::operator&=,0.002000,0.0,0.0,0.0,0.0,0.0,0.0,0.0,0.0,0.0,0.0,0.0,1500045,6300189,0,frankycpp_v1.4.exe,Bitboard::operator&=,bitboard.h,0x1402406aa
Bitboard::operator^=,0.002000,0.0,0.0,0.0,0.0,0.0,0.0,0.0,0.0,0.0,0.0,0.0,5500165,2200066,0,frankycpp_v1.4.exe,Bitboard::operator^=,bitboard.h,0x14027787c
Bitboard::operator|=,0.002000,0.0,0.0,0.0,0.0,0.0,0.0,0.0,0.0,0.0,0.0,0.0,15100453,10700321,0,frankycpp_v1.4.exe,Bitboard::operator|=,bitboard.h,0x14024575e
Bitboard::popLSB,0.002000,0.0,0.0,0.0,0.0,0.0,0.0,0.0,0.0,0.0,0.0,0.0,2200066,4400132,0,frankycpp_v1.4.exe,Bitboard::popLSB,bitboard.h,0x140240fd4
Bitboard::popLSB,0.002000,0.0,0.0,0.0,100.0,0.0,0.0,0.0,0.0,,,,2600078,0,0,frankycpp_v1.4.exe,Bitboard::popLSB,bitboard.h,0x1402456e0
Bitboard::popLSB,0.002000,0.0,0.0,0.0,0.0,0.0,0.0,0.0,0.0,0.0,0.0,0.0,3300099,3300099,0,frankycpp_v1.4.exe,Bitboard::popLSB,bitboard.h,0x140241260
Bitboard::shifted,0.002000,0.0,0.0,0.0,0.0,0.0,0.0,,0.0,0.0,0.0,0.0,5500165,1100033,0,frankycpp_v1.4.exe,Bitboard::shifted,bitboard.h,0x140240827
Direction::pawnPush,0.002000,0.0,0.0,0.0,0.0,0.0,0.0,0.0,0.0,26.7,0.0,0.0,18000540,14300429,0,frankycpp_v1.4.exe,Direction::pawnPush,direction.h,0x140240990
ExAcquireFastMutex,0.002000,0.0,0.0,0.0,0.0,0.0,0.0,0.0,0.0,0.0,0.0,0.0,1100033,2200066,0,ntoskrnl.exe,ExAcquireFastMutex,[Unknown],0x1402e70c0
ExpInterlockedPopEntrySList,0.002000,50.0,0.0,45.9,0.0,91.8,0.0,,0.0,,,,5500165,5500165,0,ntoskrnl.exe,ExpInterlockedPopEntrySList,[Unknown],0x1406b3210
KeLowerIrql,0.002000,0.0,0.0,0.0,0.0,0.0,0.0,0.0,0.0,0.0,0.0,0.0,0,0,0,ntoskrnl.exe,KeLowerIrql,[Unknown],0x1403f7790
KeReleaseInStackQueuedSpinLock,0.002000,0.0,0.0,0.0,0.0,0.0,0.0,0.0,0.0,0.0,0.0,0.0,0,0,0,ntoskrnl.exe,KeReleaseInStackQueuedSpinLock,[Unknown],0x1402990e0
Move::encode,0.002000,0.0,0.0,0.0,0.0,0.0,0.0,0.0,0.0,0.0,0.0,0.0,400012,1100033,0,frankycpp_v1.4.exe,Move::encode,move.h,0x140240ccb
Move::encode,0.002000,0.0,0.0,0.0,0.0,0.0,0.0,0.0,0.0,0.0,0.0,0.0,9600288,12500375,0,frankycpp_v1.4.exe,Move::encode,move.h,0x14024072d
Move::operator==,0.002000,0.0,0.0,0.0,0.0,0.0,0.0,0.0,0.0,,,,18400552,6600198,0,frankycpp_v1.4.exe,Move::operator==,PVTable.h,0x1402401ba
Move::setValue,0.002000,0.0,0.0,0.0,0.0,0.0,0.0,0.0,0.0,0.0,0.0,0.0,1100033,0,0,frankycpp_v1.4.exe,Move::setValue,move.h,0x1402401e1
Move::setValue,0.002000,0.0,0.0,0.0,0.0,0.0,0.0,0.0,0.0,0.0,0.0,0.0,6600198,2200066,0,frankycpp_v1.4.exe,Move::setValue,move.h,0x140240200
Move::stripped,0.002000,0.0,0.0,0.0,0.0,0.0,0.0,0.0,0.0,0.0,0.0,0.0,3300099,1100033,0,frankycpp_v1.4.exe,Move::stripped,move.h,0x14023e42c
Move::stripped,0.002000,0.0,0.0,0.0,0.0,0.0,0.0,0.0,0.0,0.0,0.0,0.0,20200606,11000330,0,frankycpp_v1.4.exe,Move::stripped,move.h,0x14023e452
PawnTT::put,0.002000,0.0,0.0,0.0,0.0,0.0,0.0,0.0,0.0,0.0,0.0,0.0,3000090,1100033,0,frankycpp_v1.4.exe,"PawnTT::put(struct PawnTT::Entry *,unsigned __int64,struct Score)",PawnTT.cpp,0x140243730
Position::doNullMove,0.002000,0.0,0.0,0.0,0.0,0.0,0.0,0.0,0.0,0.0,0.0,0.0,4400132,4400132,0,frankycpp_v1.4.exe,Position::doNullMove(void),Position.cpp,0x1402394f0
Position::getPiece,0.002000,0.0,0.0,0.0,0.0,0.0,0.0,0.0,0.0,,,,3700111,1100033,0,frankycpp_v1.4.exe,Position::getPiece,Position.h,0x14027774a
Search::rootSearch,0.002000,0.0,0.0,0.0,0.0,0.0,0.0,0.0,0.0,0.0,0.0,0.0,0,0,0,frankycpp_v1.4.exe,"Search::rootSearch(class Position &,enum Depth,class Value,class Value)",Search.cpp,0x1402088f0
Search::thread,0.002000,0.0,100.0,0.0,0.0,0.0,0.0,0.0,0.0,0.0,0.0,0.0,16600498,1100033,0,frankycpp_v1.4.exe,Search::thread,Search.h,0x140209e8a
Search::thread,0.002000,0.0,0.0,0.0,0.0,0.0,0.0,0.0,0.0,,,,1100033,0,0,frankycpp_v1.4.exe,Search::thread,Search.h,0x1402098ac
Search::valueFromTt,0.002000,0.0,0.0,0.0,0.0,73.5,0.0,0.0,0.0,,,,5500165,4800144,0,frankycpp_v1.4.exe,"Search::valueFromTt(class Value,enum Depth)",Search.cpp,0x14020b090
Square::rank,0.002000,0.0,0.0,0.0,0.0,0.0,0.0,0.0,0.0,,,,400012,1100033,0,frankycpp_v1.4.exe,Square::rank,square.h,0x14024622c
StaticMoveList<256>::push_back,0.002000,0.0,0.0,0.0,0.0,0.0,0.0,0.0,0.0,,,,1100033,1100033,0,frankycpp_v1.4.exe,StaticMoveList<256>::push_back,staticmovelist.h,0x140240cac
[Outside any known module],0.002000,0.0,0.0,0.0,0.0,0.0,0.0,0.0,0.0,0.0,0.0,0.0,0,0,0,[Unknown],[Outside any known module],[Unknown],0x0
__builtin_array_init_helper<class Value>,0.002000,0.0,0.0,0.0,0.0,0.0,0.0,0.0,0.0,0.0,0.0,0.0,6600198,0,0,frankycpp_v1.4.exe,"__builtin_array_init_helper<class Value>(class Value *,unsigned __int64)",[Unknown],0x140277c10
boost::archive::detail::basic_iarchive::load_object,0.002000,0.0,0.0,0.0,0.0,0.0,0.0,0.0,0.0,0.0,0.0,0.0,15400462,15400462,0,frankycpp_v1.4.exe,"boost::archive::detail::basic_iarchive::load_object(void *,class boost::archive::detail::basic_iserializer const &)",basic_iarchive.cpp,0x140282f10
func@0x1400f7bd0,0.002000,0.0,0.0,0.0,0.0,0.0,0.0,0.0,0.0,0.0,0.0,0.0,2200066,0,0,nvlddmkm.sys,func@0x1400f7bd0,[Unknown],0x1400f7bd0
func@0x14015e5e8,0.002000,0.0,,,0.0,0.0,0.0,0.0,0.0,0.0,0.0,0.0,0,0,0,ntfs.sys,func@0x14015e5e8,[Unknown],0x14015e5e8
func@0x140211da0,0.002000,0.0,0.0,0.0,0.0,0.0,0.0,0.0,0.0,0.0,0.0,0.0,1100033,2200066,0,ntoskrnl.exe,func@0x140211da0,[Unknown],0x140211da0
func@0x140216fa0,0.002000,0.0,0.0,0.0,0.0,0.0,0.0,0.0,0.0,,,,1500045,4400132,0,ntoskrnl.exe,func@0x140216fa0,[Unknown],0x140216fa0
func@0x140223cf0,0.002000,0.0,0.0,0.0,0.0,0.0,0.0,0.0,0.0,0.0,0.0,0.0,1100033,2200066,0,ntoskrnl.exe,func@0x140223cf0,[Unknown],0x140223cf0
func@0x140246000,0.002000,0.0,0.0,0.0,,,0.0,0.0,0.0,0.0,0.0,0.0,0,0,0,ntoskrnl.exe,func@0x140246000,[Unknown],0x140246000
func@0x140246bc0,0.002000,0.0,0.0,0.0,0.0,0.0,0.0,53.4,0.0,0.0,0.0,0.0,800024,3000090,0,ntoskrnl.exe,func@0x140246bc0,[Unknown],0x140246bc0
func@0x1402479a0,0.002000,0.0,0.0,0.0,0.0,0.0,0.0,0.0,0.0,0.0,0.0,0.0,0,0,0,ntoskrnl.exe,func@0x1402479a0,[Unknown],0x1402479a0
func@0x140250635,0.002000,0.0,0.0,0.0,0.0,100.0,0.0,13.4,0.0,0.0,0.0,0.0,0,0,0,ntoskrnl.exe,func@0x140250635,[Unknown],0x140250635
func@0x1402599f0,0.002000,0.0,0.0,0.0,0.0,0.0,0.0,0.0,0.0,0.0,0.0,0.0,0,0,0,nvlddmkm.sys,func@0x1402599f0,[Unknown],0x1402599f0
func@0x140273260,0.002000,0.0,0.0,0.0,0.0,0.0,0.0,0.0,0.0,0.0,0.0,0.0,0,0,0,ntoskrnl.exe,func@0x140273260,[Unknown],0x140273260
func@0x140274f10,0.002000,0.0,0.0,0.0,0.0,0.0,0.0,0.0,0.0,0.0,0.0,0.0,0,0,0,ntoskrnl.exe,func@0x140274f10,[Unknown],0x140274f10
func@0x1402b4da2,0.002000,0.0,0.0,0.0,0.0,0.0,0.0,0.0,0.0,0.0,0.0,0.0,0,0,0,ntoskrnl.exe,func@0x1402b4da2,[Unknown],0x1402b4da2
func@0x1402b661d,0.002000,0.0,0.0,0.0,0.0,0.0,0.0,0.0,0.0,0.0,0.0,0.0,0,0,0,ntoskrnl.exe,func@0x1402b661d,[Unknown],0x1402b661d
func@0x1402ba66c,0.002000,0.0,0.0,61.2,0.0,0.0,0.0,0.0,0.0,0.0,0.0,0.0,0,0,0,ntoskrnl.exe,func@0x1402ba66c,[Unknown],0x1402ba66c
func@0x140300860,0.002000,0.0,0.0,0.0,91.8,0.0,0.0,0.0,0.0,0.0,0.0,0.0,1100033,0,0,ntoskrnl.exe,func@0x140300860,[Unknown],0x140300860
func@0x140309c30,0.002000,0.0,0.0,0.0,100.0,0.0,0.0,,0.0,,,,2200066,1100033,0,ntoskrnl.exe,func@0x140309c30,[Unknown],0x140309c30
func@0x1403224d0,0.002000,0.0,0.0,91.8,0.0,100.0,0.0,0.0,0.0,0.0,0.0,0.0,1100033,0,0,ntoskrnl.exe,func@0x1403224d0,[Unknown],0x1403224d0
func@0x14032ac60,0.002000,0.0,0.0,0.0,0.0,0.0,0.0,0.0,0.0,0.0,0.0,0.0,1100033,0,0,ntoskrnl.exe,func@0x14032ac60,[Unknown],0x14032ac60
func@0x14033a4a0,0.002000,0.0,,0.0,0.0,0.0,0.0,0.0,0.0,0.0,0.0,0.0,0,0,0,ntoskrnl.exe,func@0x14033a4a0,[Unknown],0x14033a4a0
func@0x140359bc0,0.002000,0.0,0.0,0.0,0.0,0.0,0.0,0.0,0.0,0.0,0.0,0.0,0,0,0,ntoskrnl.exe,func@0x140359bc0,[Unknown],0x140359bc0
func@0x140362fc0,0.002000,0.0,0.0,0.0,0.0,0.0,0.0,0.0,0.0,0.0,0.0,0.0,1100033,0,550231,ntoskrnl.exe,func@0x140362fc0,[Unknown],0x140362fc0
func@0x140396000,0.002000,,0.0,0.0,100.0,100.0,0.0,0.0,0.0,0.0,0.0,0.0,0,0,0,nvlddmkm.sys,func@0x140396000,[Unknown],0x140396000
func@0x1403d50e0,0.002000,0.0,0.0,0.0,0.0,100.0,0.0,0.0,0.0,0.0,0.0,0.0,0,0,0,nvlddmkm.sys,func@0x1403d50e0,[Unknown],0x1403d50e0
func@0x140402e60,0.002000,0.0,0.0,0.0,0.0,0.0,0.0,0.0,0.0,0.0,0.0,0.0,400012,0,0,ntoskrnl.exe,func@0x140402e60,[Unknown],0x140402e60
func@0x14047cb77,0.002000,0.0,0.0,0.0,0.0,0.0,0.0,,0.0,,,,0,0,0,ntoskrnl.exe,func@0x14047cb77,[Unknown],0x14047cb77
func@0x1405e06b0,0.002000,0.0,0.0,0.0,0.0,0.0,0.0,0.0,0.0,,,,1100033,1100033,0,ntoskrnl.exe,func@0x1405e06b0,[Unknown],0x1405e06b0
func@0x1406b23e0,0.002000,0.0,0.0,0.0,0.0,0.0,0.0,,0.0,,,,0,0,0,ntoskrnl.exe,func@0x1406b23e0,[Unknown],0x1406b23e0
func@0x1406bd983,0.002000,0.0,0.0,0.0,0.0,0.0,0.0,0.0,0.0,0.0,0.0,0.0,3700111,2200066,0,ntoskrnl.exe,func@0x1406bd983,[Unknown],0x1406bd983
func@0x1406c0240,0.002000,0.0,0.0,0.0,0.0,0.0,0.0,0.0,0.0,0.0,0.0,0.0,2600078,1900057,0,ntoskrnl.exe,func@0x1406c0240,[Unknown],0x1406c0240
func@0x14084a410,0.002000,0.0,0.0,0.0,0.0,0.0,0.0,,0.0,0.0,,0.0,0,0,0,ntoskrnl.exe,func@0x14084a410,[Unknown],0x14084a410
func@0x14084bf80,0.002000,0.0,0.0,0.0,0.0,0.0,0.0,0.0,0.0,0.0,0.0,0.0,1100033,0,0,ntoskrnl.exe,func@0x14084bf80,[Unknown],0x14084bf80
func@0x140863dca,0.002000,0.0,0.0,0.0,0.0,0.0,0.0,0.0,0.0,0.0,0.0,0.0,4400132,1100033,0,ntoskrnl.exe,func@0x140863dca,[Unknown],0x140863dca
func@0x140da8c2f,0.002000,0.0,0.0,0.0,0.0,0.0,0.0,0.0,0.0,0.0,0.0,0.0,0,0,0,nvlddmkm.sys,func@0x140da8c2f,[Unknown],0x140da8c2f
func@0x140e1c190,0.002000,0.0,100.0,0.0,0.0,0.0,0.0,0.0,0.0,0.0,0.0,0.0,1100033,0,0,nvlddmkm.sys,func@0x140e1c190,[Unknown],0x140e1c190
func@0x140e1c7d0,0.002000,0.0,0.0,0.0,0.0,0.0,0.0,0.0,0.0,0.0,0.0,0.0,0,0,0,nvlddmkm.sys,func@0x140e1c7d0,[Unknown],0x140e1c7d0
func@0x18002d8b0,0.002000,,0.0,0.0,,,0.0,0.0,0.0,,,,0,0,0,cng.sys,func@0x18002d8b0,[Unknown],0x18002d8b0
func@0x18003d480,0.002000,0.0,0.0,0.0,0.0,0.0,0.0,0.0,0.0,0.0,0.0,0.0,0,0,0,ntdll.dll,func@0x18003d480,[Unknown],0x18003d480
func@0x180074643,0.002000,0.0,0.0,0.0,0.0,0.0,0.0,40.1,0.0,0.0,0.0,0.0,400012,1100033,0,ntdll.dll,func@0x180074643,[Unknown],0x180074643
func@0x180074d70,0.002000,0.0,0.0,100.0,0.0,0.0,0.0,,0.0,,,,0,0,0,ntdll.dll,func@0x180074d70,[Unknown],0x180074d70
memset,0.002000,0.0,0.0,0.0,0.0,0.0,0.0,0.0,0.0,0.0,0.0,0.0,1100033,0,0,vcruntime140.dll,memset,[Unknown],0x1800126e0
moveValueGreaterComparator::operator(),0.002000,0.0,0.0,0.0,0.0,0.0,0.0,0.0,0.0,0.0,0.0,0.0,1100033,0,0,frankycpp_v1.4.exe,moveValueGreaterComparator::operator(),move.h,0x14021cfc0
operator&,0.002000,0.0,0.0,0.0,0.0,0.0,0.0,0.0,0.0,0.0,0.0,0.0,16500495,7700231,0,frankycpp_v1.4.exe,operator&,bitboard.h,0x1402779c6
operator&,0.002000,0.0,0.0,100.0,0.0,0.0,0.0,0.0,0.0,0.0,0.0,0.0,6600198,5500165,0,frankycpp_v1.4.exe,operator&,bitboard.h,0x140245723
operator+,0.002000,0.0,0.0,0.0,0.0,0.0,0.0,0.0,0.0,0.0,0.0,0.0,1100033,3300099,0,frankycpp_v1.4.exe,operator+,direction.h,0x140239766
operator+=,0.002000,0.0,0.0,0.0,0.0,0.0,0.0,0.0,0.0,,,,4400132,4400132,0,frankycpp_v1.4.exe,operator+=,value.h,0x14024549c
operator+=,0.002000,0.0,0.0,0.0,0.0,0.0,0.0,0.0,0.0,0.0,0.0,0.0,13600408,7700231,0,frankycpp_v1.4.exe,operator+=,value.h,0x140245dc7
operator-,0.002000,0.0,0.0,0.0,0.0,0.0,0.0,0.0,0.0,0.0,0.0,0.0,0,0,0,frankycpp_v1.4.exe,operator-,value.h,0x14020b07d
operator-,0.002000,0.0,0.0,0.0,0.0,0.0,0.0,0.0,0.0,0.0,0.0,0.0,2200066,2200066,0,frankycpp_v1.4.exe,operator-,value.h,0x1402777f7
operator-,0.002000,0.0,0.0,0.0,0.0,0.0,0.0,0.0,0.0,0.0,0.0,0.0,28600858,4400132,0,frankycpp_v1.4.exe,operator-,value.h,0x140277813
operator-,0.002000,0.0,0.0,0.0,0.0,0.0,0.0,0.0,0.0,0.0,0.0,0.0,9600288,8100243,0,frankycpp_v1.4.exe,operator-,value.h,0x140277825
operator-,0.002000,0.0,0.0,0.0,0.0,0.0,0.0,0.0,0.0,0.0,0.0,0.0,6600198,8800264,0,frankycpp_v1.4.exe,operator-,value.h,0x140277940
operator|,0.002000,0.0,0.0,0.0,0.0,0.0,0.0,,0.0,0.0,0.0,0.0,6600198,3300099,0,frankycpp_v1.4.exe,operator|,bitboard.h,0x14023984d
operator|,0.002000,0.0,0.0,0.0,0.0,0.0,0.0,0.0,0.0,0.0,0.0,0.0,1900057,400012,0,frankycpp_v1.4.exe,operator|,bitboard.h,0x140166e36
operator~,0.002000,0.0,0.0,0.0,0.0,0.0,0.0,0.0,0.0,,,,5600168,4400132,0,frankycpp_v1.4.exe,operator~,color.h,0x14023997f
std::_Static_partition_team<__int64>::_Get_next_key,0.002000,0.0,,0.0,0.0,0.0,0.0,,,,,,400012,0,0,frankycpp_v1.4.exe,std::_Static_partition_team<__int64>::_Get_next_key,execution,0x1402483e0
"std::array<Bitboard,64>::operator[]",0.002000,0.0,0.0,0.0,0.0,0.0,0.0,0.0,0.0,0.0,0.0,0.0,3300099,3000090,0,frankycpp_v1.4.exe,"std::array<Bitboard,64>::operator[]",array,0x140239a8e
"std::array<Bitboard,64>::operator[]",0.002000,0.0,0.0,0.0,0.0,0.0,0.0,0.0,0.0,0.0,0.0,0.0,1500045,1100033,0,frankycpp_v1.4.exe,"std::array<Bitboard,64>::operator[]",array,0x140239a24
"std::array<Bitboard,8>::operator[]",0.002000,0.0,0.0,0.0,0.0,0.0,0.0,0.0,0.0,0.0,0.0,0.0,0,4800144,0,frankycpp_v1.4.exe,"std::array<Bitboard,8>::operator[]",array,0x140240b0e
"std::array<Bitboard,8>::operator[]",0.002000,0.0,0.0,0.0,0.0,0.0,0.0,0.0,0.0,0.0,0.0,0.0,0,7000210,0,frankycpp_v1.4.exe,"std::array<Bitboard,8>::operator[]",array,0x1402409aa
"std::array<Value,25>::operator[]",0.002000,0.0,0.0,0.0,0.0,0.0,0.0,0.0,0.0,0.0,0.0,26.7,0,0,0,frankycpp_v1.4.exe,"std::array<Value,25>::operator[]",array,0x1402411a4
"std::array<int,64>::operator[]",0.002000,0.0,0.0,0.0,0.0,0.0,0.0,0.0,0.0,0.0,0.0,0.0,7000210,2200066,0,frankycpp_v1.4.exe,"std::array<int,64>::operator[]",array,0x140209e96
"std::array<int,64>::operator[]",0.002000,0.0,100.0,0.0,0.0,0.0,0.0,0.0,0.0,0.0,0.0,0.0,3300099,0,0,frankycpp_v1.4.exe,"std::array<int,64>::operator[]",array,0x1402391b3
"std::array<int,64>::operator[]",0.002000,0.0,0.0,0.0,0.0,0.0,0.0,0.0,0.0,,,,5500165,2200066,0,frankycpp_v1.4.exe,"std::array<int,64>::operator[]",array,0x140209df3
"std::array<std::array<int,64>,64>::operator[]",0.002000,0.0,0.0,0.0,0.0,0.0,0.0,0.0,0.0,0.0,0.0,0.0,9200276,3300099,0,frankycpp_v1.4.exe,"std::array<std::array<int,64>,64>::operator[]",array,0x140240235
"std::basic_filebuf<char,struct std::char_traits<char> >::xsgetn",0.002000,0.0,0.0,0.0,0.0,0.0,0.0,0.0,0.0,0.0,0.0,0.0,9900297,4400132,0,frankycpp_v1.4.exe,"std::basic_filebuf<char,struct std::char_traits<char> >::xsgetn(char * __ptr64,__int64)",__msvc_filebuf.hpp,0x14011aaf0
std::countr_zero,0.002000,0.0,0.0,0.0,0.0,0.0,0.0,0.0,0.0,0.0,0.0,0.0,4500135,2200066,0,frankycpp_v1.4.exe,std::countr_zero,bit,0x1402410d4
std::countr_zero,0.002000,0.0,0.0,0.0,0.0,0.0,0.0,0.0,0.0,0.0,0.0,0.0,3300099,2200066,0,frankycpp_v1.4.exe,std::countr_zero,bit,0x1402779f8
std::countr_zero,0.002000,0.0,0.0,0.0,0.0,0.0,0.0,0.0,0.0,0.0,0.0,0.0,8500255,10700321,0,frankycpp_v1.4.exe,std::countr_zero,bit,0x140245d38
std::min,0.002000,0.0,0.0,0.0,0.0,0.0,0.0,0.0,0.0,0.0,0.0,0.0,3300099,0,0,frankycpp_v1.4.exe,std::min,utility,0x140209df8
std::popcount,0.002000,0.0,0.0,0.0,0.0,0.0,0.0,0.0,0.0,,,,7700231,0,0,frankycpp_v1.4.exe,std::popcount,bit,0x140245803
"std::ranges::_Stable_sort_fn::_Stable_sort_common_buffered<Move *,moveValueGreaterComparator,std::identity>",0.002000,0.0,0.0,0.0,0.0,0.0,0.0,0.0,0.0,0.0,0.0,0.0,3300099,0,0,frankycpp_v1.4.exe,"std::ranges::_Stable_sort_fn::_Stable_sort_common_buffered<Move *,moveValueGreaterComparator,std::identity>(class Move *, class Move *, const __int64, class Move *, const __int64, struct moveValueGreaterComparator, struct std::identity)",algorithm,0x140219120
"std::unique_ptr<TT::Entry [0],std::default_delete<TT::Entry [0]> >::operator[]",0.002000,0.0,0.0,0.0,0.0,0.0,0.0,0.0,0.0,0.0,0.0,0.0,2200066,1100033,0,frankycpp_v1.4.exe,"std::unique_ptr<TT::Entry [0],std::default_delete<TT::Entry [0]> >::operator[]",memory,0x140209fb4
tablebase::Tablebase::isAvailable,0.002000,0.0,0.0,0.0,0.0,100.0,0.0,0.0,,0.0,0.0,0.0,4800144,3300099,0,frankycpp_v1.4.exe,tablebase::Tablebase::isAvailable,Tablebase.h,0x140208f91
typeOf,0.002000,0.0,0.0,0.0,0.0,0.0,0.0,0.0,0.0,0.0,0.0,0.0,11000330,6600198,0,frankycpp_v1.4.exe,typeOf,piece.h,0x140209cb2
typeOf,0.002000,0.0,0.0,0.0,0.0,0.0,0.0,0.0,0.0,0.0,0.0,0.0,3300099,2200066,0,frankycpp_v1.4.exe,typeOf,piece.h,0x14024034b
typeOf,0.002000,0.0,0.0,0.0,0.0,0.0,0.0,0.0,0.0,0.0,0.0,0.0,3300099,1100033,0,frankycpp_v1.4.exe,typeOf,piece.h,0x140277806
Attacks::detail::Magic::index,0.001000,0.0,0.0,0.0,0.0,0.0,0.0,0.0,0.0,0.0,0.0,0.0,3800114,2000060,0,frankycpp_v1.4.exe,Attacks::detail::Magic::index,attacks.h,0x140166d94
Attacks::detail::sliding_attack,0.001000,0.0,0.0,0.0,0.0,0.0,0.0,0.0,0.0,0.0,0.0,0.0,0,0,0,frankycpp_v1.4.exe,"Attacks::detail::sliding_attack(class Direction const * const,class Square,class Bitboard)",attacks.cpp,0x140166b00
Bitboard::operator bool,0.001000,0.0,0.0,0.0,0.0,0.0,0.0,0.0,0.0,0.0,0.0,0.0,0,0,0,frankycpp_v1.4.exe,Bitboard::operator bool,bitboard.h,0x140240bb6
Bitboard::operator|=,0.001000,0.0,0.0,0.0,0.0,0.0,0.0,0.0,0.0,,,,5500165,4400132,0,frankycpp_v1.4.exe,Bitboard::operator|=,bitboard.h,0x1402778b3
Bitboard::operator|=,0.001000,0.0,0.0,0.0,0.0,0.0,0.0,0.0,0.0,0.0,0.0,0.0,2200066,3300099,0,frankycpp_v1.4.exe,Bitboard::operator|=,bitboard.h,0x140245720
Bitboard::operator|=,0.001000,0.0,0.0,0.0,0.0,0.0,0.0,0.0,0.0,0.0,0.0,0.0,0,0,0,frankycpp_v1.4.exe,Bitboard::operator|=,bitboard.h,0x1402457af
Bitboard::popLSB,0.001000,0.0,0.0,0.0,0.0,0.0,0.0,0.0,0.0,0.0,0.0,0.0,4800144,0,0,frankycpp_v1.4.exe,Bitboard::popLSB,bitboard.h,0x1402410ca
CastlingRights::isEmpty,0.001000,0.0,0.0,0.0,0.0,0.0,0.0,0.0,0.0,0.0,0.0,0.0,0,0,0,frankycpp_v1.4.exe,CastlingRights::isEmpty,castlingrights.h,0x140239087
Direction::pawnPush,0.001000,0.0,0.0,0.0,0.0,0.0,0.0,0.0,0.0,0.0,0.0,0.0,4400132,2200066,0,frankycpp_v1.4.exe,Direction::pawnPush,direction.h,0x140240434
Direction::pawnPush,0.001000,0.0,0.0,0.0,0.0,0.0,0.0,0.0,0.0,0.0,0.0,0.0,1100033,1100033,0,frankycpp_v1.4.exe,Direction::pawnPush,direction.h,0x140240566
Direction::pawnPush,0.001000,0.0,0.0,0.0,0.0,0.0,0.0,0.0,0.0,0.0,0.0,0.0,2600078,0,0,frankycpp_v1.4.exe,Direction::pawnPush,direction.h,0x140240a83
Evaluator::prefetch,0.001000,0.0,0.0,0.0,0.0,0.0,0.0,0.0,0.0,0.0,0.0,0.0,0,0,0,frankycpp_v1.4.exe,Evaluator::prefetch,Evaluator.h,0x14020abd2
Evaluator::valueFromScore,0.001000,0.0,0.0,0.0,0.0,0.0,0.0,0.0,0.0,0.0,0.0,0.0,0,0,0,frankycpp_v1.4.exe,Evaluator::valueFromScore,Evaluator.cpp,0x1402454ad
ExAcquireAutoExpandPushLockShared,0.001000,0.0,0.0,0.0,0.0,0.0,0.0,0.0,0.0,0.0,0.0,0.0,0,1100033,0,ntoskrnl.exe,ExAcquireAutoExpandPushLockShared,[Unknown],0x1402e83d0
ExAcquireResourceExclusiveLite,0.001000,0.0,0.0,0.0,0.0,0.0,0.0,,0.0,0.0,0.0,0.0,0,0,0,ntoskrnl.exe,ExAcquireResourceExclusiveLite,[Unknown],0x140299dd0
ExAcquireRundownProtectionCacheAwareEx,0.001000,0.0,100.0,0.0,0.0,0.0,0.0,0.0,0.0,0.0,0.0,0.0,1100033,0,0,ntoskrnl.exe,ExAcquireRundownProtectionCacheAwareEx,[Unknown],0x140406920
ExReleaseFastMutex,0.001000,,0.0,0.0,0.0,0.0,0.0,0.0,0.0,0.0,0.0,0.0,0,0,0,ntoskrnl.exe,ExReleaseFastMutex,[Unknown],0x1403002b0
ExReleaseResourceLite,0.001000,0.0,0.0,0.0,0.0,0.0,0.0,0.0,0.0,0.0,0.0,0.0,2200066,2200066,0,ntoskrnl.exe,ExReleaseResourceLite,[Unknown],0x14027d860
ExReleaseRundownProtectionCacheAwareEx,0.001000,0.0,0.0,0.0,0.0,0.0,0.0,0.0,0.0,0.0,0.0,0.0,2200066,1100033,0,ntoskrnl.exe,ExReleaseRundownProtectionCacheAwareEx,[Unknown],0x14027ca10
ExpInterlockedPushEntrySList,0.001000,,0.0,0.0,0.0,0.0,0.0,0.0,0.0,0.0,0.0,0.0,3300099,0,0,ntoskrnl.exe,ExpInterlockedPushEntrySList,[Unknown],0x1406b3250
KeAcquireInStackQueuedSpinLock,0.001000,0.0,0.0,0.0,0.0,0.0,0.0,0.0,0.0,0.0,0.0,0.0,3300099,3300099,0,ntoskrnl.exe,KeAcquireInStackQueuedSpinLock,[Unknown],0x14020eb60
KeAcquireSpinLockRaiseToDpc,0.001000,0.0,0.0,0.0,0.0,0.0,0.0,,0.0,0.0,0.0,0.0,0,1100033,0,ntoskrnl.exe,KeAcquireSpinLockRaiseToDpc,[Unknown],0x140277f30
KeAndAffinityEx2,0.001000,0.0,0.0,0.0,0.0,0.0,0.0,0.0,0.0,0.0,0.0,0.0,2200066,0,0,ntoskrnl.exe,KeAndAffinityEx2,[Unknown],0x140312c00
KeOrAffinityEx2,0.001000,0.0,0.0,0.0,0.0,0.0,0.0,0.0,0.0,0.0,0.0,0.0,0,0,0,ntoskrnl.exe,KeOrAffinityEx2,[Unknown],0x140314110
Move::encode,0.001000,0.0,100.0,0.0,0.0,0.0,0.0,0.0,0.0,0.0,0.0,0.0,3000090,2200066,0,frankycpp_v1.4.exe,Move::encode,move.h,0x140240c18
Move::encode,0.001000,0.0,0.0,0.0,0.0,0.0,0.0,0.0,0.0,0.0,0.0,0.0,7000210,0,0,frankycpp_v1.4.exe,Move::encode,move.h,0x140241291
Move::operator==,0.001000,0.0,0.0,0.0,0.0,0.0,0.0,0.0,0.0,0.0,0.0,0.0,12200366,1100033,0,frankycpp_v1.4.exe,Move::operator==,PVTable.h,0x14023e42f
Move::operator==,0.001000,0.0,0.0,0.0,0.0,0.0,0.0,0.0,0.0,0.0,0.0,0.0,400012,0,0,frankycpp_v1.4.exe,Move::operator==,PVTable.h,0x140209ed4
Move::operator==,0.001000,0.0,0.0,0.0,0.0,0.0,0.0,0.0,0.0,0.0,0.0,0.0,14300429,7700231,0,frankycpp_v1.4.exe,Move::operator==,PVTable.h,0x14020aada
Move::operator==,0.001000,0.0,0.0,0.0,0.0,0.0,0.0,0.0,0.0,,,,0,0,0,frankycpp_v1.4.exe,Move::operator==,PVTable.h,0x1401fded3
Move::to,0.001000,0.0,0.0,0.0,0.0,0.0,0.0,0.0,0.0,0.0,0.0,0.0,7000210,2600078,0,frankycpp_v1.4.exe,Move::to,move.h,0x14020a28f
Move::to,0.001000,0.0,0.0,0.0,0.0,0.0,0.0,0.0,0.0,0.0,0.0,0.0,2200066,0,0,frankycpp_v1.4.exe,Move::to,move.h,0x140209f0a
Move::to,0.001000,0.0,0.0,0.0,0.0,0.0,0.0,0.0,0.0,0.0,0.0,0.0,3300099,4400132,0,frankycpp_v1.4.exe,Move::to,move.h,0x140239419
Move::type,0.001000,0.0,0.0,0.0,0.0,0.0,0.0,0.0,0.0,,,,6000180,1500045,0,frankycpp_v1.4.exe,Move::type,move.h,0x140239992
Move::type,0.001000,0.0,0.0,0.0,0.0,0.0,0.0,0.0,0.0,,,,4400132,2200066,0,frankycpp_v1.4.exe,Move::type,move.h,0x14020aae2
Move::{ctor},0.001000,0.0,0.0,0.0,0.0,0.0,0.0,0.0,0.0,0.0,0.0,0.0,0,0,0,frankycpp_v1.4.exe,Move::{ctor},move.h,0x14019ba30
MoveGenerator::generateCastling,0.001000,0.0,0.0,0.0,0.0,0.0,0.0,0.0,0.0,0.0,0.0,0.0,1100033,2200066,0,frankycpp_v1.4.exe,"MoveGenerator::generateCastling(class Position const &,class StaticMoveList<256> *,enum GenMode)",MoveGenerator.cpp,0x140241370
MoveGenerator::generateLegalMoves,0.001000,0.0,0.0,0.0,0.0,0.0,0.0,0.0,0.0,0.0,0.0,0.0,0,0,0,frankycpp_v1.4.exe,"MoveGenerator::generateLegalMoves(class Position const &,enum GenMode)",MoveGenerator.cpp,0x14023e270
MoveGenerator::storeKiller,0.001000,0.0,0.0,0.0,0.0,0.0,0.0,0.0,0.0,0.0,0.0,0.0,1100033,1100033,0,frankycpp_v1.4.exe,MoveGenerator::storeKiller(class Move),MoveGenerator.cpp,0x14023e4f0
ObfDereferenceObject,0.001000,0.0,0.0,0.0,0.0,0.0,0.0,0.0,0.0,0.0,0.0,0.0,1100033,0,0,ntoskrnl.exe,ObfDereferenceObject,[Unknown],0x1403074c0
ObfDereferenceObjectWithTag,0.001000,0.0,0.0,0.0,0.0,0.0,0.0,,0.0,0.0,0.0,0.0,0,0,0,ntoskrnl.exe,ObfDereferenceObjectWithTag,[Unknown],0x1403072e0
ObfReferenceObjectWithTag,0.001000,0.0,0.0,0.0,0.0,0.0,0.0,0.0,0.0,,,,0,0,0,ntoskrnl.exe,ObfReferenceObjectWithTag,[Unknown],0x1402e8c50
PVTable::clear,0.001000,0.0,0.0,0.0,0.0,0.0,0.0,,0.0,0.0,0.0,0.0,3300099,400012,0,frankycpp_v1.4.exe,PVTable::clear,PVTable.h,0x140208cf8
PVTable::update,0.001000,0.0,0.0,0.0,0.0,0.0,0.0,0.0,0.0,,,,1100033,2200066,0,frankycpp_v1.4.exe,"PVTable::update(class Move,enum Depth)",PVTable.h,0x1401fdea0
Position::getCastlingRights,0.001000,0.0,0.0,0.0,0.0,0.0,0.0,0.0,0.0,0.0,0.0,0.0,1100033,1100033,0,frankycpp_v1.4.exe,Position::getCastlingRights,Position.h,0x140241381
Position::getEnPassantSquare,0.001000,0.0,100.0,0.0,0.0,0.0,0.0,0.0,0.0,,,,1500045,0,0,frankycpp_v1.4.exe,Position::getEnPassantSquare,Position.h,0x140277a34
Position::getEnPassantSquare,0.001000,0.0,0.0,0.0,0.0,0.0,0.0,0.0,0.0,0.0,0.0,0.0,1100033,2600078,0,frankycpp_v1.4.exe,Position::getEnPassantSquare,Position.h,0x1402407c2
Position::getKingSquare,0.001000,0.0,0.0,0.0,0.0,0.0,0.0,0.0,0.0,0.0,0.0,0.0,2000060,0,0,frankycpp_v1.4.exe,Position::getKingSquare,Position.h,0x140245a91
Position::getLastMove,0.001000,0.0,0.0,0.0,0.0,0.0,0.0,0.0,0.0,0.0,0.0,0.0,4400132,4400132,0,frankycpp_v1.4.exe,Position::getLastMove,Position.h,0x14020a422
Position::getNextPlayer,0.001000,0.0,0.0,0.0,0.0,0.0,0.0,,0.0,,,,4400132,800024,0,frankycpp_v1.4.exe,Position::getNextPlayer,Position.h,0x1402403b3
Position::getNextPlayer,0.001000,0.0,0.0,0.0,0.0,0.0,0.0,0.0,0.0,0.0,0.0,0.0,6600198,6600198,0,frankycpp_v1.4.exe,Position::getNextPlayer,Position.h,0x14024109e
Position::getPiece,0.001000,0.0,0.0,0.0,0.0,0.0,0.0,0.0,0.0,,,,400012,1200036,0,frankycpp_v1.4.exe,Position::getPiece,Position.h,0x14023ab7a
Position::getPieceBb,0.001000,0.0,0.0,0.0,100.0,0.0,0.0,0.0,0.0,,,,1100033,0,0,frankycpp_v1.4.exe,Position::getPieceBb,Position.h,0x140245670
PsGetCurrentSilo,0.001000,0.0,0.0,0.0,0.0,0.0,0.0,0.0,0.0,0.0,0.0,0.0,0,0,0,ntoskrnl.exe,PsGetCurrentSilo,[Unknown],0x1403fadd0
RtlAcquireSRWLockExclusive,0.001000,0.0,0.0,0.0,0.0,0.0,0.0,0.0,0.0,0.0,0.0,0.0,0,0,0,ntdll.dll,RtlAcquireSRWLockExclusive,[Unknown],0x18003c030
RtlAnsiStringToUnicodeString,0.001000,,0.0,0.0,0.0,0.0,0.0,0.0,0.0,0.0,0.0,0.0,0,0,0,ntdll.dll,RtlAnsiStringToUnicodeString,[Unknown],0x180017c90
RtlNumberOfSetBitsEx,0.001000,0.0,0.0,0.0,0.0,0.0,0.0,0.0,0.0,0.0,0.0,0.0,1100033,0,0,ntoskrnl.exe,RtlNumberOfSetBitsEx,[Unknown],0x140411e70
RtlQueryPerformanceCounter,0.001000,0.0,0.0,0.0,0.0,0.0,0.0,0.0,0.0,0.0,0.0,0.0,0,0,0,ntdll.dll,RtlQueryPerformanceCounter,[Unknown],0x180084680
SePrivilegeCheck,0.001000,0.0,0.0,0.0,0.0,0.0,0.0,0.0,0.0,0.0,0.0,0.0,0,0,0,ntoskrnl.exe,SePrivilegeCheck,[Unknown],0x1409b8220
Search::launchHelperThreads,0.001000,0.0,0.0,0.0,0.0,0.0,0.0,0.0,0.0,0.0,0.0,0.0,0,0,0,frankycpp_v1.4.exe,Search::launchHelperThreads(void),Search.cpp,0x140205560
Search::thread,0.001000,0.0,0.0,0.0,0.0,0.0,0.0,0.0,0.0,0.0,0.0,0.0,3300099,1100033,0,frankycpp_v1.4.exe,Search::thread,Search.h,0x14020ad21
Search::thread,0.001000,0.0,0.0,0.0,0.0,0.0,0.0,0.0,100.0,0.0,0.0,0.0,0,0,0,frankycpp_v1.4.exe,Search::thread,Search.h,0x1402110de
Square::file,0.001000,0.0,0.0,0.0,0.0,0.0,0.0,0.0,0.0,0.0,0.0,0.0,2200066,3300099,0,frankycpp_v1.4.exe,Square::file,square.h,0x1402391e3
Square::file,0.001000,0.0,0.0,0.0,0.0,0.0,0.0,0.0,0.0,0.0,0.0,0.0,1100033,0,0,frankycpp_v1.4.exe,Square::file,square.h,0x140246236
Square::{ctor},0.001000,0.0,0.0,0.0,0.0,0.0,0.0,0.0,0.0,0.0,0.0,0.0,3300099,1500045,0,frankycpp_v1.4.exe,Square::{ctor},square.h,0x140238e15
StaticMoveList<128>::push_back,0.001000,0.0,0.0,0.0,0.0,0.0,0.0,53.4,0.0,0.0,0.0,0.0,0,0,0,frankycpp_v1.4.exe,StaticMoveList<128>::push_back,staticmovelist.h,0x14020abf5
StaticMoveList<256>::end,0.001000,0.0,0.0,0.0,0.0,0.0,0.0,0.0,0.0,,,,6600198,2600078,0,frankycpp_v1.4.exe,StaticMoveList<256>::end,staticmovelist.h,0x140240027
StaticMoveList<256>::push_back,0.001000,0.0,0.0,40.8,0.0,0.0,0.0,0.0,0.0,,,,10300309,3300099,0,frankycpp_v1.4.exe,StaticMoveList<256>::push_back,staticmovelist.h,0x1402412ef
StaticMoveList<256>::push_back,0.001000,0.0,0.0,0.0,0.0,0.0,0.0,0.0,0.0,0.0,0.0,0.0,0,0,0,frankycpp_v1.4.exe,StaticMoveList<256>::push_back,staticmovelist.h,0x140241422
Value::operator int,0.001000,0.0,0.0,0.0,0.0,0.0,0.0,0.0,0.0,0.0,0.0,0.0,800024,0,0,frankycpp_v1.4.exe,Value::operator int,value.h,0x14023ac25
Value::{ctor},0.001000,0.0,0.0,0.0,0.0,0.0,0.0,0.0,0.0,0.0,0.0,0.0,0,0,0,frankycpp_v1.4.exe,Value::{ctor},value.h,0x140209370
Value::{ctor},0.001000,0.0,0.0,0.0,0.0,0.0,0.0,0.0,0.0,0.0,0.0,0.0,3300099,3300099,0,frankycpp_v1.4.exe,Value::{ctor},value.h,0x140277950
YAML::Stream::GetNextByte,0.001000,0.0,0.0,0.0,0.0,0.0,0.0,0.0,0.0,0.0,0.0,0.0,0,0,0,frankycpp_v1.4.exe,YAML::Stream::GetNextByte(void),stream.cpp,0x1402d38b0
YAML::Stream::_ReadAheadTo,0.001000,0.0,0.0,0.0,0.0,0.0,0.0,0.0,0.0,0.0,0.0,0.0,0,1100033,0,frankycpp_v1.4.exe,YAML::Stream::_ReadAheadTo(unsigned __int64),stream.cpp,0x1402d3dc0
[Import thunk _std_type_info_compare],0.001000,0.0,0.0,0.0,0.0,0.0,0.0,0.0,0.0,0.0,0.0,0.0,4400132,1100033,0,frankycpp_v1.4.exe,[Import thunk _std_type_info_compare],[Unknown],0x1405efb48
[Import thunk memcpy],0.001000,0.0,0.0,0.0,0.0,91.8,0.0,0.0,0.0,,,,8800264,0,0,frankycpp_v1.4.exe,[Import thunk memcpy],[Unknown],0x1405efb6c
[Import thunk memmove],0.001000,0.0,0.0,0.0,0.0,0.0,0.0,0.0,0.0,0.0,0.0,0.0,1100033,0,0,frankycpp_v1.4.exe,[Import thunk memmove],[Unknown],0x1405efb8a
[gameflt.sys],0.001000,0.0,0.0,0.0,0.0,0.0,0.0,0.0,0.0,0.0,0.0,0.0,0,0,0,gameflt.sys,[gameflt.sys],[Unknown],0x0
[nvlddmkm.sys],0.001000,0.0,0.0,0.0,0.0,0.0,0.0,0.0,0.0,0.0,0.0,0.0,0,0,0,nvlddmkm.sys,[nvlddmkm.sys],[Unknown],0x0
[wdfilter.sys],0.001000,0.0,0.0,0.0,0.0,0.0,0.0,0.0,0.0,0.0,0.0,0.0,0,0,0,wdfilter.sys,[wdfilter.sys],[Unknown],0x0
_dyn_tls_init,0.001000,0.0,0.0,0.0,0.0,0.0,0.0,0.0,0.0,0.0,0.0,0.0,0,0,0,frankycpp_v1.4.exe,_dyn_tls_init,tlsdyn.cpp,0x1405edf54
_std_wait_for_threadpool_work_callbacks,0.001000,0.0,0.0,0.0,0.0,0.0,0.0,0.0,0.0,0.0,0.0,0.0,0,0,0,msvcp140_atomic_wait.dll,_std_wait_for_threadpool_work_callbacks,[Unknown],0x1800014c0
boost::archive::detail::basic_iarchive::get_library_version,0.001000,0.0,0.0,0.0,0.0,0.0,0.0,0.0,0.0,0.0,0.0,0.0,1100033,1100033,0,frankycpp_v1.4.exe,boost::archive::detail::basic_iarchive::get_library_version(void),basic_iarchive.cpp,0x140282eb0
boost::archive::detail::basic_iarchive_impl::load_object,0.001000,0.0,0.0,0.0,0.0,0.0,0.0,0.0,0.0,0.0,0.0,0.0,5500165,2200066,0,frankycpp_v1.4.exe,boost::archive::detail::basic_iarchive_impl::load_object,basic_iarchive.cpp,0x140282f31
boost::archive::detail::basic_iarchive_impl::load_preamble,0.001000,0.0,0.0,0.0,0.0,0.0,0.0,0.0,0.0,0.0,0.0,0.0,6600198,2200066,0,frankycpp_v1.4.exe,"boost::archive::detail::basic_iarchive_impl::load_preamble(class boost::archive::detail::basic_iarchive &,class boost::archive::detail::basic_iarchive_impl::cobject_id &)",basic_iarchive.cpp,0x140283590
"boost::archive::detail::iserializer<class boost::archive::binary_iarchive,class std::vector<unsigned __int64,class std::allocator<unsigned __int64> > >::load_object_data",0.001000,0.0,0.0,0.0,0.0,0.0,0.0,0.0,0.0,0.0,0.0,0.0,2200066,0,0,frankycpp_v1.4.exe,"boost::archive::detail::iserializer<class boost::archive::binary_iarchive,class std::vector<unsigned __int64,class std::allocator<unsigned __int64> > >::load_object_data(class boost::archive::detail::basic_iarchive &,void *,unsigned int)",iserializer.hpp,0x14026a3f0
"boost::archive::detail::iserializer<class boost::archive::binary_iarchive,struct std::pair<unsigned __int64 const ,class BookEntry> >::load_object_data",0.001000,0.0,0.0,0.0,0.0,0.0,0.0,0.0,0.0,0.0,0.0,0.0,8800264,4400132,0,frankycpp_v1.4.exe,"boost::archive::detail::iserializer<class boost::archive::binary_iarchive,struct std::pair<unsigned __int64 const ,class BookEntry> >::load_object_data(class boost::archive::detail::basic_iarchive &,void *,unsigned int)",iserializer.hpp,0x1402647b0
boost::archive::object_id_type::{ctor},0.001000,0.0,0.0,0.0,0.0,0.0,0.0,0.0,0.0,0.0,0.0,0.0,1100033,1100033,0,frankycpp_v1.4.exe,boost::archive::object_id_type::{ctor},basic_archive.hpp,0x140282fa6
boost::archive::version_type::{ctor},0.001000,0.0,0.0,0.0,0.0,0.0,0.0,0.0,0.0,0.0,0.0,0.0,3300099,0,0,frankycpp_v1.4.exe,boost::archive::version_type::{ctor},basic_archive.hpp,0x14026a530
boost::serialization::load,0.001000,0.0,0.0,0.0,0.0,0.0,0.0,0.0,0.0,0.0,0.0,0.0,1100033,0,0,frankycpp_v1.4.exe,boost::serialization::load,vector.hpp,0x140269cfa
"boost::serialization::load<class boost::archive::binary_iarchive,class boost::serialization::item_version_type>",0.001000,0.0,,0.0,0.0,0.0,0.0,0.0,0.0,0.0,0.0,0.0,1100033,5500165,0,frankycpp_v1.4.exe,"boost::serialization::load<class boost::archive::binary_iarchive,class boost::serialization::item_version_type>(class boost::archive::binary_iarchive &,class boost::serialization::nvp<class boost::serialization::item_version_type> &,unsigned int)",nvp.hpp,0x140262730
"boost::serialization::load<class boost::archive::binary_iarchive,unsigned __int64,class std::allocator<unsigned __int64> >",0.001000,0.0,0.0,0.0,0.0,0.0,0.0,0.0,0.0,0.0,0.0,0.0,1100033,0,0,frankycpp_v1.4.exe,"boost::serialization::load<class boost::archive::binary_iarchive,unsigned __int64,class std::allocator<unsigned __int64> >(class boost::archive::binary_iarchive &,class std::vector<unsigned __int64,class std::allocator<unsigned __int64> > &,unsigned int,struct boost::mpl::bool_<1>)",vector.hpp,0x14026c410
"boost::serialization::singleton<class boost::archive::detail::iserializer<class boost::archive::binary_iarchive,class BookEntry> >::get_instance",0.001000,0.0,0.0,0.0,0.0,0.0,0.0,0.0,0.0,0.0,0.0,0.0,2200066,1100033,0,frankycpp_v1.4.exe,"boost::serialization::singleton<class boost::archive::detail::iserializer<class boost::archive::binary_iarchive,class BookEntry> >::get_instance(void)",singleton.hpp,0x140267090
"boost::serialization::singleton<class boost::archive::detail::iserializer<class boost::archive::binary_iarchive,class Move> >::get_instance",0.001000,0.0,0.0,0.0,0.0,0.0,0.0,0.0,0.0,0.0,0.0,0.0,2200066,1100033,0,frankycpp_v1.4.exe,"boost::serialization::singleton<class boost::archive::detail::iserializer<class boost::archive::binary_iarchive,class Move> >::get_instance(void)",singleton.hpp,0x14026e380
"boost::serialization::smart_cast_reference<boost::archive::binary_iarchive &,boost::archive::detail::basic_iarchive>",0.001000,0.0,0.0,0.0,0.0,0.0,0.0,0.0,0.0,0.0,0.0,0.0,0,0,0,frankycpp_v1.4.exe,"boost::serialization::smart_cast_reference<boost::archive::binary_iarchive &,boost::archive::detail::basic_iarchive>(class boost::archive::detail::basic_iarchive & const)",smart_cast.hpp,0x140260130
boost::serialization::typeid_system::extended_type_info_typeid_0::is_less_than,0.001000,0.0,0.0,0.0,0.0,0.0,0.0,0.0,0.0,0.0,0.0,0.0,12100363,12100363,0,frankycpp_v1.4.exe,boost::serialization::typeid_system::extended_type_info_typeid_0::is_less_than(class boost::serialization::extended_type_info const &),extended_type_info_typeid.cpp,0x14028d3b0
encode,0.001000,0.0,0.0,0.0,0.0,0.0,0.0,0.0,0.0,0.0,0.0,0.0,1100033,0,0,frankycpp_v1.4.exe,encode,tbprobe.c,0x14027cb00
fflush,0.001000,0.0,0.0,0.0,0.0,0.0,0.0,0.0,0.0,0.0,0.0,0.0,0,0,0,ucrtbase.dll,fflush,[Unknown],0x1800368d0
func@0x140001ea0,0.001000,0.0,0.0,0.0,0.0,0.0,0.0,0.0,0.0,0.0,0.0,0.0,0,0,0,intelppm.sys,func@0x140001ea0,[Unknown],0x140001ea0
func@0x140002700,0.001000,,100.0,100.0,0.0,0.0,0.0,0.0,0.0,0.0,0.0,0.0,0,0,0,intelppm.sys,func@0x140002700,[Unknown],0x140002700
func@0x140005440,0.001000,0.0,0.0,0.0,0.0,0.0,0.0,0.0,0.0,0.0,0.0,0.0,0,0,0,ntfs.sys,func@0x140005440,[Unknown],0x140005440
func@0x1400055f0,0.001000,0.0,0.0,0.0,0.0,0.0,0.0,0.0,0.0,0.0,0.0,0.0,0,0,0,ntfs.sys,func@0x1400055f0,[Unknown],0x1400055f0
func@0x140005720,0.001000,0.0,0.0,0.0,0.0,0.0,0.0,0.0,0.0,0.0,0.0,0.0,0,0,0,dxgmms2.sys,func@0x140005720,[Unknown],0x140005720
func@0x140009430,0.001000,0.0,0.0,0.0,0.0,0.0,0.0,0.0,0.0,0.0,0.0,0.0,0,0,0,tcpip.sys,func@0x140009430,[Unknown],0x140009430
func@0x14000acd0,0.001000,0.0,0.0,0.0,0.0,0.0,0.0,0.0,0.0,0.0,0.0,0.0,0,1100033,0,nvlddmkm.sys,func@0x14000acd0,[Unknown],0x14000acd0
func@0x14000d928,0.001000,0.0,0.0,0.0,0.0,0.0,0.0,0.0,0.0,0.0,0.0,0.0,0,0,0,dxgmms2.sys,func@0x14000d928,[Unknown],0x14000d928
func@0x14000e4e0,0.001000,0.0,0.0,0.0,0.0,0.0,0.0,0.0,0.0,0.0,0.0,0.0,0,0,0,dxgmms2.sys,func@0x14000e4e0,[Unknown],0x14000e4e0
func@0x140014fe0,0.001000,0.0,0.0,0.0,0.0,0.0,0.0,0.0,0.0,0.0,0.0,0.0,0,0,0,ntfs.sys,func@0x140014fe0,[Unknown],0x140014fe0
func@0x140022440,0.001000,0.0,0.0,0.0,0.0,0.0,0.0,0.0,0.0,0.0,0.0,0.0,0,0,0,usbxhci.sys,func@0x140022440,[Unknown],0x140022440
func@0x140026fb0,0.001000,,0.0,0.0,0.0,0.0,0.0,0.0,0.0,0.0,0.0,0.0,0,1100033,0,dxgmms2.sys,func@0x140026fb0,[Unknown],0x140026fb0
func@0x140027f17,0.001000,0.0,0.0,0.0,0.0,0.0,0.0,0.0,0.0,0.0,0.0,0.0,0,0,0,dxgmms2.sys,func@0x140027f17,[Unknown],0x140027f17
func@0x14002a27d,0.001000,0.0,0.0,0.0,0.0,0.0,0.0,0.0,0.0,0.0,0.0,0.0,0,0,0,dxgmms2.sys,func@0x14002a27d,[Unknown],0x14002a27d
func@0x140035458,0.001000,0.0,0.0,0.0,0.0,0.0,0.0,0.0,0.0,0.0,0.0,0.0,0,0,0,dxgmms2.sys,func@0x140035458,[Unknown],0x140035458
func@0x1400412a0,0.001000,0.0,,0.0,0.0,0.0,0.0,0.0,0.0,0.0,0.0,0.0,0,0,0,wdfilter.sys,func@0x1400412a0,[Unknown],0x1400412a0
func@0x14004c800,0.001000,0.0,0.0,0.0,0.0,0.0,0.0,0.0,0.0,0.0,0.0,0.0,0,0,0,wdf01000.sys,func@0x14004c800,[Unknown],0x14004c800
func@0x1400de9f0,0.001000,0.0,0.0,0.0,0.0,0.0,0.0,0.0,0.0,0.0,0.0,0.0,0,0,0,nvlddmkm.sys,func@0x1400de9f0,[Unknown],0x1400de9f0
func@0x1400e0af0,0.001000,,0.0,0.0,0.0,0.0,0.0,0.0,0.0,0.0,0.0,0.0,1100033,1100033,0,nvlddmkm.sys,func@0x1400e0af0,[Unknown],0x1400e0af0
func@0x1400e2480,0.001000,0.0,0.0,0.0,100.0,0.0,0.0,0.0,0.0,0.0,0.0,0.0,0,0,0,nvlddmkm.sys,func@0x1400e2480,[Unknown],0x1400e2480
func@0x1400fa080,0.001000,0.0,0.0,0.0,0.0,0.0,0.0,0.0,0.0,0.0,0.0,0.0,0,0,0,nvlddmkm.sys,func@0x1400fa080,[Unknown],0x1400fa080
func@0x1400fa8e0,0.001000,0.0,0.0,0.0,0.0,0.0,0.0,0.0,0.0,0.0,0.0,0.0,0,0,0,nvlddmkm.sys,func@0x1400fa8e0,[Unknown],0x1400fa8e0
func@0x140114cf7,0.001000,0.0,0.0,0.0,0.0,0.0,0.0,0.0,0.0,0.0,0.0,0.0,6600198,2200066,0,ntfs.sys,func@0x140114cf7,[Unknown],0x140114cf7
func@0x14011582f,0.001000,0.0,0.0,0.0,0.0,0.0,0.0,0.0,0.0,0.0,0.0,0.0,0,1100033,0,ntfs.sys,func@0x14011582f,[Unknown],0x14011582f
func@0x140119240,0.001000,,0.0,0.0,0.0,0.0,0.0,0.0,0.0,0.0,0.0,0.0,0,0,0,nvlddmkm.sys,func@0x140119240,[Unknown],0x140119240
func@0x140119f50,0.001000,0.0,0.0,0.0,0.0,0.0,0.0,0.0,0.0,0.0,0.0,0.0,0,0,0,nvlddmkm.sys,func@0x140119f50,[Unknown],0x140119f50
func@0x14011b1d0,0.001000,0.0,0.0,0.0,0.0,0.0,0.0,0.0,0.0,0.0,0.0,0.0,0,0,0,nvlddmkm.sys,func@0x14011b1d0,[Unknown],0x14011b1d0
func@0x1401284a0,0.001000,0.0,0.0,0.0,0.0,0.0,0.0,0.0,0.0,0.0,0.0,0.0,0,0,0,ntfs.sys,func@0x1401284a0,[Unknown],0x1401284a0
func@0x14012c8f5,0.001000,0.0,0.0,100.0,0.0,0.0,0.0,0.0,0.0,0.0,0.0,0.0,1100033,0,0,ntfs.sys,func@0x14012c8f5,[Unknown],0x14012c8f5
func@0x14013fc30,0.001000,0.0,0.0,0.0,0.0,0.0,0.0,0.0,0.0,0.0,0.0,0.0,0,0,0,nvlddmkm.sys,func@0x14013fc30,[Unknown],0x14013fc30
func@0x1401456d0,0.001000,0.0,0.0,0.0,0.0,0.0,0.0,0.0,0.0,0.0,0.0,0.0,0,0,0,ntfs.sys,func@0x1401456d0,[Unknown],0x1401456d0
func@0x14018093a,0.001000,0.0,0.0,0.0,0.0,0.0,0.0,0.0,0.0,0.0,0.0,0.0,0,0,0,ntfs.sys,func@0x14018093a,[Unknown],0x14018093a
func@0x1401bb670,0.001000,0.0,0.0,0.0,0.0,0.0,0.0,0.0,0.0,0.0,0.0,0.0,0,0,0,ntfs.sys,func@0x1401bb670,[Unknown],0x1401bb670
func@0x140216a30,0.001000,0.0,0.0,0.0,0.0,0.0,0.0,0.0,0.0,0.0,0.0,0.0,0,1100033,0,ntoskrnl.exe,func@0x140216a30,[Unknown],0x140216a30
func@0x140232740,0.001000,0.0,0.0,0.0,0.0,0.0,0.0,0.0,0.0,0.0,0.0,0.0,0,0,0,ntoskrnl.exe,func@0x140232740,[Unknown],0x140232740
func@0x140232c20,0.001000,0.0,0.0,0.0,0.0,0.0,0.0,0.0,0.0,0.0,0.0,0.0,1100033,0,0,ntoskrnl.exe,func@0x140232c20,[Unknown],0x140232c20
func@0x140233b80,0.001000,0.0,0.0,0.0,0.0,0.0,0.0,0.0,0.0,0.0,0.0,0.0,0,0,0,ntoskrnl.exe,func@0x140233b80,[Unknown],0x140233b80
func@0x140235070,0.001000,0.0,100.0,0.0,0.0,0.0,0.0,0.0,0.0,0.0,0.0,0.0,0,0,0,ntoskrnl.exe,func@0x140235070,[Unknown],0x140235070
func@0x14023e9e0,0.001000,0.0,0.0,0.0,0.0,100.0,0.0,0.0,0.0,0.0,0.0,0.0,4400132,1100033,0,ntoskrnl.exe,func@0x14023e9e0,[Unknown],0x14023e9e0
func@0x1402450fb,0.001000,0.0,0.0,0.0,0.0,0.0,0.0,8.9,0.0,0.0,0.0,0.0,0,1100033,0,ntoskrnl.exe,func@0x1402450fb,[Unknown],0x1402450fb
func@0x140245860,0.001000,0.0,0.0,0.0,0.0,0.0,0.0,0.0,0.0,0.0,0.0,0.0,0,0,0,ntoskrnl.exe,func@0x140245860,[Unknown],0x140245860
func@0x140247370,0.001000,0.0,0.0,0.0,0.0,0.0,0.0,0.0,0.0,0.0,0.0,0.0,1100033,0,0,ntoskrnl.exe,func@0x140247370,[Unknown],0x140247370
func@0x1402494a0,0.001000,0.0,0.0,0.0,0.0,0.0,0.0,0.0,0.0,0.0,0.0,0.0,2200066,0,0,ntoskrnl.exe,func@0x1402494a0,[Unknown],0x1402494a0
func@0x1402665f0,0.001000,0.0,0.0,0.0,0.0,0.0,0.0,0.0,0.0,0.0,0.0,0.0,0,0,0,ntoskrnl.exe,func@0x1402665f0,[Unknown],0x1402665f0
func@0x140277220,0.001000,0.0,0.0,0.0,0.0,0.0,0.0,0.0,0.0,0.0,0.0,0.0,0,0,0,ntoskrnl.exe,func@0x140277220,[Unknown],0x140277220
func@0x1402775d0,0.001000,0.0,0.0,0.0,0.0,0.0,0.0,0.0,0.0,0.0,0.0,0.0,0,0,0,ntoskrnl.exe,func@0x1402775d0,[Unknown],0x1402775d0
func@0x140277720,0.001000,0.0,0.0,73.5,0.0,0.0,0.0,,0.0,,,,0,0,0,ntoskrnl.exe,func@0x140277720,[Unknown],0x140277720
func@0x140277f7d,0.001000,0.0,0.0,0.0,0.0,0.0,0.0,0.0,0.0,0.0,0.0,0.0,0,0,0,ntoskrnl.exe,func@0x140277f7d,[Unknown],0x140277f7d
func@0x140278080,0.001000,0.0,0.0,0.0,0.0,0.0,0.0,0.0,0.0,0.0,0.0,0.0,400012,0,0,ntoskrnl.exe,func@0x140278080,[Unknown],0x140278080
func@0x140278500,0.001000,0.0,100.0,100.0,0.0,0.0,0.0,0.0,0.0,0.0,0.0,0.0,0,1100033,0,ntoskrnl.exe,func@0x140278500,[Unknown],0x140278500
func@0x14028151d,0.001000,0.0,0.0,0.0,0.0,0.0,0.0,,0.0,0.0,0.0,0.0,1100033,1100033,0,ntoskrnl.exe,func@0x14028151d,[Unknown],0x14028151d
func@0x140291280,0.001000,0.0,0.0,0.0,0.0,0.0,0.0,0.0,0.0,0.0,0.0,0.0,1100033,0,0,ntoskrnl.exe,func@0x140291280,[Unknown],0x140291280
func@0x140295620,0.001000,0.0,0.0,0.0,100.0,0.0,0.0,,0.0,,,,0,0,0,ntoskrnl.exe,func@0x140295620,[Unknown],0x140295620
func@0x140295960,0.001000,0.0,0.0,0.0,0.0,0.0,0.0,0.0,0.0,0.0,0.0,0.0,1100033,1100033,0,ntoskrnl.exe,func@0x140295960,[Unknown],0x140295960
func@0x140297300,0.001000,0.0,0.0,0.0,0.0,0.0,0.0,0.0,0.0,0.0,0.0,0.0,0,1100033,0,ntoskrnl.exe,func@0x140297300,[Unknown],0x140297300
func@0x1402b6ac0,0.001000,0.0,0.0,0.0,0.0,0.0,0.0,53.4,0.0,0.0,0.0,0.0,1100033,0,0,ntoskrnl.exe,func@0x1402b6ac0,[Unknown],0x1402b6ac0
func@0x1402b6d00,0.001000,0.0,0.0,0.0,0.0,0.0,0.0,0.0,0.0,,,,2200066,400012,0,ntoskrnl.exe,func@0x1402b6d00,[Unknown],0x1402b6d00
func@0x1402b7dc0,0.001000,0.0,0.0,100.0,0.0,0.0,0.0,,0.0,,,,0,400012,0,ntoskrnl.exe,func@0x1402b7dc0,[Unknown],0x1402b7dc0
func@0x1402b80e8,0.001000,0.0,0.0,0.0,0.0,0.0,0.0,0.0,0.0,0.0,0.0,0.0,0,0,0,ntoskrnl.exe,func@0x1402b80e8,[Unknown],0x1402b80e8
func@0x1402b83c0,0.001000,0.0,0.0,0.0,0.0,0.0,0.0,,0.0,0.0,0.0,0.0,0,0,0,ntoskrnl.exe,func@0x1402b83c0,[Unknown],0x1402b83c0
func@0x1402bf748,0.001000,0.0,0.0,0.0,0.0,0.0,0.0,0.0,0.0,0.0,0.0,0.0,0,0,0,ntoskrnl.exe,func@0x1402bf748,[Unknown],0x1402bf748
func@0x1402d7b50,0.001000,0.0,0.0,0.0,0.0,0.0,0.0,0.0,0.0,0.0,0.0,0.0,0,0,0,ntoskrnl.exe,func@0x1402d7b50,[Unknown],0x1402d7b50
func@0x1402defb6,0.001000,0.0,0.0,100.0,0.0,0.0,0.0,0.0,0.0,0.0,0.0,0.0,2200066,1100033,0,ntoskrnl.exe,func@0x1402defb6,[Unknown],0x1402defb6
func@0x1402e9490,0.001000,0.0,0.0,0.0,0.0,0.0,0.0,0.0,66.8,0.0,0.0,0.0,0,0,0,ntoskrnl.exe,func@0x1402e9490,[Unknown],0x1402e9490
func@0x1402eab70,0.001000,0.0,0.0,0.0,0.0,0.0,0.0,,0.0,0.0,0.0,0.0,1100033,0,0,ntoskrnl.exe,func@0x1402eab70,[Unknown],0x1402eab70
func@0x1402fece0,0.001000,,0.0,0.0,100.0,0.0,0.0,0.0,0.0,0.0,0.0,0.0,0,0,0,ntoskrnl.exe,func@0x1402fece0,[Unknown],0x1402fece0
func@0x140301c20,0.001000,0.0,0.0,0.0,0.0,0.0,0.0,,0.0,,,,2200066,400012,0,ntoskrnl.exe,func@0x140301c20,[Unknown],0x140301c20
func@0x140302951,0.001000,0.0,100.0,0.0,0.0,0.0,0.0,0.0,0.0,,,,1100033,0,0,ntoskrnl.exe,func@0x140302951,[Unknown],0x140302951
func@0x140306960,0.001000,0.0,0.0,0.0,0.0,0.0,0.0,17.8,0.0,0.0,0.0,0.0,0,0,0,ntoskrnl.exe,func@0x140306960,[Unknown],0x140306960
func@0x14030fc80,0.001000,0.0,0.0,0.0,0.0,0.0,0.0,0.0,0.0,,,,1100033,0,0,ntoskrnl.exe,func@0x14030fc80,[Unknown],0x14030fc80
func@0x14031d3a0,0.001000,0.0,100.0,0.0,100.0,0.0,0.0,,0.0,,,,0,0,0,ntoskrnl.exe,func@0x14031d3a0,[Unknown],0x14031d3a0
func@0x14031f5f0,0.001000,0.0,0.0,0.0,100.0,0.0,0.0,0.0,0.0,0.0,0.0,0.0,3300099,1100033,0,ntoskrnl.exe,func@0x14031f5f0,[Unknown],0x14031f5f0
func@0x140320940,0.001000,0.0,0.0,0.0,0.0,0.0,0.0,0.0,0.0,0.0,0.0,0.0,1100033,0,0,ntoskrnl.exe,func@0x140320940,[Unknown],0x140320940
func@0x14032be30,0.001000,100.0,0.0,0.0,0.0,0.0,0.0,,0.0,0.0,0.0,0.0,3300099,6600198,0,ntoskrnl.exe,func@0x14032be30,[Unknown],0x14032be30
func@0x14032d637,0.001000,0.0,0.0,0.0,0.0,0.0,0.0,0.0,0.0,0.0,0.0,0.0,1100033,0,0,ntoskrnl.exe,func@0x14032d637,[Unknown],0x14032d637
func@0x1403311d0,0.001000,0.0,0.0,0.0,0.0,0.0,0.0,0.0,0.0,0.0,0.0,0.0,1100033,1100033,0,ntoskrnl.exe,func@0x1403311d0,[Unknown],0x1403311d0
func@0x140336c60,0.001000,0.0,0.0,0.0,0.0,0.0,0.0,0.0,0.0,0.0,0.0,0.0,0,0,0,ntoskrnl.exe,func@0x140336c60,[Unknown],0x140336c60
func@0x14034c120,0.001000,0.0,0.0,0.0,0.0,0.0,0.0,0.0,0.0,0.0,0.0,0.0,0,0,0,ntoskrnl.exe,func@0x14034c120,[Unknown],0x14034c120
func@0x14035c4bc,0.001000,0.0,0.0,0.0,0.0,0.0,0.0,0.0,0.0,0.0,0.0,0.0,0,0,0,ntoskrnl.exe,func@0x14035c4bc,[Unknown],0x14035c4bc
func@0x140362b20,0.001000,0.0,0.0,0.0,0.0,0.0,0.0,,0.0,0.0,0.0,0.0,1100033,0,0,ntoskrnl.exe,func@0x140362b20,[Unknown],0x140362b20
func@0x140362e24,0.001000,0.0,,0.0,0.0,0.0,0.0,0.0,0.0,0.0,0.0,0.0,0,0,0,ntoskrnl.exe,func@0x140362e24,[Unknown],0x140362e24
func@0x140363a62,0.001000,0.0,0.0,0.0,0.0,0.0,0.0,0.0,0.0,,,,1100033,0,0,ntoskrnl.exe,func@0x140363a62,[Unknown],0x140363a62
func@0x140364160,0.001000,0.0,0.0,0.0,0.0,0.0,0.0,,0.0,0.0,,,0,0,0,ntoskrnl.exe,func@0x140364160,[Unknown],0x140364160
func@0x140366130,0.001000,0.0,0.0,0.0,0.0,0.0,0.0,0.0,0.0,0.0,0.0,0.0,0,0,0,ntoskrnl.exe,func@0x140366130,[Unknown],0x140366130
func@0x1403665a0,0.001000,0.0,100.0,0.0,0.0,0.0,0.0,,0.0,0.0,0.0,0.0,0,0,0,ntoskrnl.exe,func@0x1403665a0,[Unknown],0x1403665a0
func@0x140366840,0.001000,0.0,0.0,0.0,0.0,0.0,0.0,,0.0,0.0,0.0,,0,0,0,ntoskrnl.exe,func@0x140366840,[Unknown],0x140366840
func@0x1403acd4b,0.001000,0.0,0.0,0.0,0.0,0.0,0.0,,0.0,0.0,0.0,0.0,0,0,0,ntoskrnl.exe,func@0x1403acd4b,[Unknown],0x1403acd4b
func@0x1403d4840,0.001000,0.0,0.0,0.0,0.0,0.0,0.0,0.0,0.0,0.0,0.0,0.0,0,0,0,nvlddmkm.sys,func@0x1403d4840,[Unknown],0x1403d4840
func@0x1403db170,0.001000,0.0,0.0,0.0,0.0,0.0,0.0,0.0,0.0,,,,1100033,1100033,0,ntoskrnl.exe,func@0x1403db170,[Unknown],0x1403db170
func@0x1403e03b0,0.001000,0.0,0.0,0.0,0.0,0.0,0.0,0.0,0.0,0.0,0.0,0.0,0,0,0,ntoskrnl.exe,func@0x1403e03b0,[Unknown],0x1403e03b0
func@0x1403e7ad0,0.001000,0.0,0.0,,,0.0,0.0,0.0,0.0,0.0,0.0,0.0,0,0,0,ntoskrnl.exe,func@0x1403e7ad0,[Unknown],0x1403e7ad0
func@0x1403eac80,0.001000,0.0,0.0,0.0,0.0,0.0,0.0,0.0,0.0,0.0,0.0,0.0,1100033,0,0,ntoskrnl.exe,func@0x1403eac80,[Unknown],0x1403eac80
func@0x1403ed984,0.001000,0.0,0.0,0.0,0.0,0.0,0.0,,0.0,,,,1100033,0,0,ntoskrnl.exe,func@0x1403ed984,[Unknown],0x1403ed984
func@0x140402ad0,0.001000,0.0,0.0,0.0,0.0,0.0,0.0,0.0,0.0,0.0,0.0,0.0,0,0,0,ntoskrnl.exe,func@0x140402ad0,[Unknown],0x140402ad0
func@0x1404113d0,0.001000,,0.0,0.0,0.0,0.0,0.0,,0.0,,,,1100033,1100033,0,ntoskrnl.exe,func@0x1404113d0,[Unknown],0x1404113d0
func@0x140416930,0.001000,0.0,0.0,0.0,0.0,0.0,0.0,0.0,0.0,,,,0,0,0,ntoskrnl.exe,func@0x140416930,[Unknown],0x140416930
func@0x140416952,0.001000,0.0,0.0,0.0,0.0,0.0,0.0,0.0,0.0,0.0,0.0,0.0,0,0,0,ntoskrnl.exe,func@0x140416952,[Unknown],0x140416952
func@0x1404233e2,0.001000,0.0,0.0,0.0,0.0,0.0,0.0,0.0,0.0,0.0,0.0,0.0,0,0,0,ntoskrnl.exe,func@0x1404233e2,[Unknown],0x1404233e2
func@0x14042dbc0,0.001000,0.0,0.0,0.0,0.0,0.0,0.0,0.0,0.0,,,,0,0,0,ntoskrnl.exe,func@0x14042dbc0,[Unknown],0x14042dbc0
func@0x14043d710,0.001000,0.0,,0.0,,0.0,0.0,0.0,0.0,0.0,0.0,0.0,2600078,1100033,0,ntoskrnl.exe,func@0x14043d710,[Unknown],0x14043d710
func@0x140448f10,0.001000,0.0,0.0,0.0,0.0,0.0,0.0,0.0,0.0,0.0,0.0,0.0,0,0,0,ntoskrnl.exe,func@0x140448f10,[Unknown],0x140448f10
func@0x1404e94d0,0.001000,0.0,0.0,0.0,0.0,0.0,0.0,0.0,0.0,0.0,0.0,0.0,0,400012,0,ntoskrnl.exe,func@0x1404e94d0,[Unknown],0x1404e94d0
func@0x1404e9559,0.001000,0.0,0.0,0.0,0.0,0.0,0.0,,0.0,,,,0,1100033,0,ntoskrnl.exe,func@0x1404e9559,[Unknown],0x1404e9559
func@0x1404e9590,0.001000,0.0,0.0,0.0,0.0,0.0,0.0,0.0,0.0,0.0,0.0,26.7,0,0,0,ntoskrnl.exe,func@0x1404e9590,[Unknown],0x1404e9590
func@0x1404e9f58,0.001000,0.0,0.0,0.0,0.0,0.0,0.0,,0.0,,,,0,1100033,0,ntoskrnl.exe,func@0x1404e9f58,[Unknown],0x1404e9f58
func@0x1404ed8e0,0.001000,0.0,0.0,0.0,0.0,0.0,0.0,0.0,0.0,0.0,0.0,0.0,0,0,0,ntoskrnl.exe,func@0x1404ed8e0,[Unknown],0x1404ed8e0
func@0x1406ac630,0.001000,0.0,0.0,0.0,0.0,0.0,0.0,0.0,0.0,,,,0,0,0,ntoskrnl.exe,func@0x1406ac630,[Unknown],0x1406ac630
func@0x1406b2300,0.001000,0.0,0.0,0.0,100.0,0.0,0.0,0.0,0.0,0.0,0.0,0.0,0,400012,0,ntoskrnl.exe,func@0x1406b2300,[Unknown],0x1406b2300
func@0x1406b4933,0.001000,0.0,0.0,0.0,0.0,0.0,0.0,0.0,0.0,0.0,0.0,0.0,0,0,0,ntoskrnl.exe,func@0x1406b4933,[Unknown],0x1406b4933
func@0x1406cfe90,0.001000,0.0,0.0,0.0,0.0,0.0,0.0,0.0,0.0,0.0,0.0,0.0,0,0,0,nvlddmkm.sys,func@0x1406cfe90,[Unknown],0x1406cfe90
func@0x14086cc90,0.001000,0.0,0.0,0.0,0.0,0.0,0.0,0.0,0.0,0.0,0.0,0.0,0,0,0,ntoskrnl.exe,func@0x14086cc90,[Unknown],0x14086cc90
func@0x140899770,0.001000,0.0,0.0,0.0,0.0,0.0,0.0,0.0,0.0,0.0,0.0,0.0,0,0,0,ntoskrnl.exe,func@0x140899770,[Unknown],0x140899770
func@0x14089dd60,0.001000,0.0,0.0,0.0,0.0,0.0,0.0,,0.0,0.0,0.0,0.0,0,0,0,ntoskrnl.exe,func@0x14089dd60,[Unknown],0x14089dd60
func@0x140930bc3,0.001000,0.0,0.0,0.0,0.0,0.0,0.0,0.0,0.0,0.0,0.0,0.0,1100033,0,0,ntoskrnl.exe,func@0x140930bc3,[Unknown],0x140930bc3
func@0x140975606,0.001000,0.0,0.0,0.0,0.0,0.0,0.0,,0.0,0.0,0.0,0.0,0,0,0,ntoskrnl.exe,func@0x140975606,[Unknown],0x140975606
func@0x1409adbd0,0.001000,0.0,0.0,0.0,0.0,0.0,0.0,0.0,0.0,,,,0,0,0,ntoskrnl.exe,func@0x1409adbd0,[Unknown],0x1409adbd0
func@0x1409c06c4,0.001000,0.0,0.0,0.0,0.0,0.0,0.0,0.0,0.0,0.0,0.0,0.0,0,0,0,ntoskrnl.exe,func@0x1409c06c4,[Unknown],0x1409c06c4
func@0x140a8be8f,0.001000,0.0,0.0,0.0,0.0,0.0,0.0,0.0,0.0,0.0,0.0,0.0,0,0,0,nvlddmkm.sys,func@0x140a8be8f,[Unknown],0x140a8be8f
func@0x140b52d50,0.001000,0.0,0.0,0.0,0.0,0.0,0.0,0.0,0.0,0.0,0.0,0.0,0,0,0,nvlddmkm.sys,func@0x140b52d50,[Unknown],0x140b52d50
func@0x140b53d5f,0.001000,0.0,0.0,0.0,0.0,0.0,0.0,0.0,0.0,0.0,0.0,0.0,0,0,0,nvlddmkm.sys,func@0x140b53d5f,[Unknown],0x140b53d5f
func@0x140b53e10,0.001000,0.0,0.0,0.0,0.0,0.0,0.0,0.0,0.0,0.0,0.0,0.0,0,2200066,0,nvlddmkm.sys,func@0x140b53e10,[Unknown],0x140b53e10
func@0x140d859f0,0.001000,0.0,0.0,0.0,0.0,0.0,0.0,0.0,0.0,0.0,0.0,0.0,0,0,0,nvlddmkm.sys,func@0x140d859f0,[Unknown],0x140d859f0
func@0x140d91710,0.001000,0.0,0.0,0.0,0.0,0.0,0.0,0.0,0.0,0.0,0.0,0.0,0,0,0,nvlddmkm.sys,func@0x140d91710,[Unknown],0x140d91710
func@0x140dba5f0,0.001000,0.0,0.0,0.0,0.0,0.0,0.0,0.0,0.0,0.0,0.0,0.0,0,0,0,nvlddmkm.sys,func@0x140dba5f0,[Unknown],0x140dba5f0
func@0x140df3140,0.001000,0.0,0.0,0.0,0.0,0.0,0.0,0.0,0.0,0.0,0.0,0.0,0,0,0,nvlddmkm.sys,func@0x140df3140,[Unknown],0x140df3140
func@0x140e1bc30,0.001000,0.0,0.0,0.0,0.0,0.0,0.0,0.0,0.0,0.0,0.0,0.0,0,0,0,nvlddmkm.sys,func@0x140e1bc30,[Unknown],0x140e1bc30
func@0x140e3f3bf,0.001000,0.0,0.0,0.0,0.0,0.0,0.0,0.0,0.0,0.0,0.0,0.0,0,0,0,nvlddmkm.sys,func@0x140e3f3bf,[Unknown],0x140e3f3bf
func@0x1800060f0,0.001000,0.0,0.0,0.0,0.0,0.0,0.0,0.0,0.0,0.0,0.0,0.0,2200066,2200066,0,fltmgr.sys,func@0x1800060f0,[Unknown],0x1800060f0
func@0x18000b520,0.001000,0.0,0.0,0.0,0.0,0.0,0.0,0.0,0.0,0.0,0.0,0.0,3300099,1100033,0,fltmgr.sys,func@0x18000b520,[Unknown],0x18000b520
func@0x1800102a0,0.001000,0.0,0.0,0.0,0.0,0.0,0.0,0.0,0.0,0.0,0.0,0.0,0,0,0,fltmgr.sys,func@0x1800102a0,[Unknown],0x1800102a0
func@0x180010f42,0.001000,0.0,0.0,0.0,0.0,0.0,0.0,0.0,0.0,0.0,0.0,0.0,0,0,0,fltmgr.sys,func@0x180010f42,[Unknown],0x180010f42
func@0x180012c82,0.001000,0.0,0.0,0.0,0.0,0.0,0.0,0.0,0.0,0.0,0.0,0.0,0,0,0,fltmgr.sys,func@0x180012c82,[Unknown],0x180012c82
func@0x180013230,0.001000,0.0,0.0,0.0,0.0,0.0,0.0,0.0,0.0,0.0,0.0,0.0,0,0,0,ucrtbase.dll,func@0x180013230,[Unknown],0x180013230
func@0x18001cd00,0.001000,0.0,0.0,0.0,0.0,0.0,0.0,0.0,0.0,0.0,0.0,0.0,8800264,6600198,0,ntdll.dll,func@0x18001cd00,[Unknown],0x18001cd00
func@0x180021f80,0.001000,0.0,0.0,0.0,0.0,0.0,0.0,0.0,0.0,,,,0,1100033,0,ntdll.dll,func@0x180021f80,[Unknown],0x180021f80
func@0x18003c090,0.001000,0.0,0.0,0.0,0.0,0.0,0.0,,0.0,0.0,0.0,0.0,0,0,0,ntdll.dll,func@0x18003c090,[Unknown],0x18003c090
func@0x180050970,0.001000,0.0,0.0,0.0,0.0,0.0,0.0,0.0,0.0,0.0,0.0,0.0,0,0,0,ntdll.dll,func@0x180050970,[Unknown],0x180050970
func@0x180056850,0.001000,0.0,0.0,0.0,0.0,0.0,0.0,0.0,0.0,0.0,0.0,0.0,0,0,0,fltmgr.sys,func@0x180056850,[Unknown],0x180056850
func@0x180063c10,0.001000,0.0,0.0,0.0,0.0,0.0,0.0,0.0,0.0,0.0,0.0,0.0,0,0,0,ucrtbase.dll,func@0x180063c10,[Unknown],0x180063c10
func@0x180071f52,0.001000,0.0,0.0,0.0,0.0,0.0,0.0,0.0,0.0,0.0,0.0,0.0,0,0,0,ntdll.dll,func@0x180071f52,[Unknown],0x180071f52
func@0x180073b40,0.001000,0.0,0.0,0.0,0.0,0.0,0.0,0.0,0.0,0.0,0.0,0.0,0,0,0,ntdll.dll,func@0x180073b40,[Unknown],0x180073b40
func@0x180076aa0,0.001000,0.0,0.0,0.0,0.0,0.0,0.0,0.0,0.0,,,,400012,1100033,0,ntdll.dll,func@0x180076aa0,[Unknown],0x180076aa0
func@0x180077040,0.001000,0.0,0.0,0.0,0.0,0.0,0.0,0.0,0.0,0.0,0.0,0.0,800024,0,0,ntdll.dll,func@0x180077040,[Unknown],0x180077040
func@0x180086000,0.001000,0.0,0.0,0.0,0.0,0.0,0.0,0.0,0.0,0.0,0.0,0.0,0,0,0,kernel32.dll,func@0x180086000,[Unknown],0x180086000
func@0x180093b90,0.001000,0.0,0.0,0.0,0.0,0.0,0.0,0.0,0.0,0.0,0.0,0.0,0,0,0,crypt32.dll,func@0x180093b90,[Unknown],0x180093b90
func@0x180094c9b,0.001000,0.0,0.0,0.0,0.0,0.0,0.0,,0.0,0.0,0.0,0.0,0,0,0,ntdll.dll,func@0x180094c9b,[Unknown],0x180094c9b
func@0x1800cfb90,0.001000,0.0,0.0,0.0,40.8,40.8,0.0,0.0,0.0,0.0,0.0,0.0,3300099,2200066,0,ntdll.dll,func@0x1800cfb90,[Unknown],0x1800cfb90
func@0x1c000bbd0,0.001000,0.0,0.0,0.0,0.0,0.0,0.0,,0.0,0.0,0.0,0.0,0,0,0,condrv.sys,func@0x1c000bbd0,[Unknown],0x1c000bbd0
malloc_base,0.001000,0.0,0.0,0.0,0.0,100.0,0.0,0.0,0.0,0.0,0.0,0.0,2200066,1100033,0,ucrtbase.dll,malloc_base,[Unknown],0x180010100
memcpy,0.001000,0.0,0.0,0.0,0.0,0.0,0.0,0.0,0.0,0.0,0.0,0.0,0,0,0,ucrtbase.dll,memcpy,[Unknown],0x1800edb00
memcpy,0.001000,0.0,0.0,0.0,0.0,0.0,0.0,0.0,0.0,,,,0,2200066,0,vcruntime140.dll,memcpy,[Unknown],0x180013010
operator new,0.001000,0.0,0.0,0.0,0.0,0.0,0.0,0.0,0.0,0.0,0.0,0.0,1100033,1100033,0,frankycpp_v1.4.exe,operator new(unsigned __int64),new_scalar.cpp,0x1405ee020
operator&,0.001000,0.0,0.0,0.0,0.0,0.0,0.0,0.0,0.0,0.0,0.0,0.0,0,1500045,0,frankycpp_v1.4.exe,operator&,bitboard.h,0x140240ac5
operator&,0.001000,0.0,100.0,0.0,0.0,0.0,0.0,0.0,0.0,0.0,0.0,0.0,9200276,1100033,0,frankycpp_v1.4.exe,operator&,bitboard.h,0x14020a370
operator&,0.001000,0.0,0.0,0.0,0.0,0.0,0.0,0.0,0.0,0.0,0.0,0.0,5200156,2200066,0,frankycpp_v1.4.exe,operator&,bitboard.h,0x14020a284
operator&,0.001000,0.0,0.0,0.0,0.0,100.0,0.0,0.0,0.0,,,,4800144,0,0,frankycpp_v1.4.exe,operator&,bitboard.h,0x140245741
operator&,0.001000,0.0,0.0,0.0,0.0,0.0,0.0,0.0,0.0,0.0,0.0,0.0,400012,0,0,frankycpp_v1.4.exe,operator&,bitboard.h,0x14020aee5
operator&,0.001000,0.0,0.0,0.0,0.0,0.0,0.0,0.0,0.0,0.0,0.0,0.0,3300099,0,0,frankycpp_v1.4.exe,operator&,bitboard.h,0x140245a57
operator&,0.001000,0.0,0.0,0.0,0.0,0.0,0.0,0.0,0.0,0.0,0.0,0.0,1100033,1100033,0,frankycpp_v1.4.exe,operator&,bitboard.h,0x140240ab7
operator&,0.001000,0.0,0.0,0.0,0.0,0.0,0.0,0.0,0.0,0.0,0.0,0.0,0,0,0,frankycpp_v1.4.exe,operator&,bitboard.h,0x1402408df
operator*,0.001000,0.0,0.0,0.0,0.0,0.0,0.0,0.0,0.0,0.0,0.0,0.0,1500045,2200066,0,frankycpp_v1.4.exe,operator*,value.h,0x140245318
operator+,0.001000,0.0,0.0,0.0,0.0,0.0,0.0,0.0,0.0,0.0,0.0,0.0,0,0,0,frankycpp_v1.4.exe,operator+,direction.h,0x140240823
operator+=,0.001000,0.0,100.0,0.0,0.0,0.0,0.0,,0.0,,,,6300189,5900177,0,frankycpp_v1.4.exe,operator+=,value.h,0x140245dbb
operator+=,0.001000,0.0,0.0,0.0,0.0,0.0,0.0,0.0,0.0,0.0,0.0,0.0,1100033,1100033,0,frankycpp_v1.4.exe,operator+=,value.h,0x140245600
operator+=,0.001000,0.0,0.0,0.0,0.0,0.0,0.0,0.0,0.0,0.0,0.0,0.0,4400132,0,0,frankycpp_v1.4.exe,operator+=,depth.h,0x140209ef4
operator-,0.001000,0.0,0.0,0.0,0.0,0.0,0.0,,0.0,,,,3700111,400012,0,frankycpp_v1.4.exe,operator-,value.h,0x140240cd4
operator-,0.001000,0.0,0.0,0.0,0.0,0.0,0.0,0.0,0.0,0.0,0.0,0.0,0,3300099,0,frankycpp_v1.4.exe,operator-,direction.h,0x1402406f3
operator-,0.001000,0.0,0.0,0.0,0.0,0.0,0.0,0.0,0.0,0.0,0.0,0.0,4400132,1100033,0,frankycpp_v1.4.exe,operator-,value.h,0x140241322
operator-,0.001000,0.0,0.0,0.0,0.0,0.0,0.0,0.0,0.0,,,,1100033,2200066,0,frankycpp_v1.4.exe,operator-,value.h,0x1402095b2
operator-,0.001000,0.0,0.0,0.0,0.0,0.0,0.0,0.0,0.0,,,,1100033,5500165,0,frankycpp_v1.4.exe,operator-,value.h,0x14020a1be
operator-=,0.001000,0.0,0.0,0.0,0.0,0.0,0.0,0.0,0.0,0.0,0.0,0.0,5500165,1100033,0,frankycpp_v1.4.exe,operator-=,depth.h,0x140209e4e
operator==,0.001000,0.0,0.0,0.0,0.0,0.0,0.0,0.0,0.0,0.0,0.0,0.0,0,0,0,frankycpp_v1.4.exe,operator==,castlingrights.h,0x14024140d
operator>=,0.001000,0.0,0.0,0.0,0.0,0.0,0.0,0.0,0.0,0.0,0.0,0.0,2600078,2200066,0,frankycpp_v1.4.exe,operator>=,value.h,0x14020af2d
operator^=,0.001000,0.0,0.0,0.0,0.0,0.0,0.0,0.0,0.0,0.0,0.0,0.0,400012,0,0,frankycpp_v1.4.exe,operator^=,bitboards.h,0x140277862
operator|,0.001000,0.0,0.0,0.0,0.0,0.0,0.0,0.0,0.0,,0.0,0.0,6700201,3700111,0,frankycpp_v1.4.exe,operator|,bitboard.h,0x140245c9e
operator|,0.001000,0.0,0.0,0.0,0.0,0.0,0.0,0.0,0.0,0.0,0.0,0.0,0,0,0,frankycpp_v1.4.exe,operator|,bitboard.h,0x14027779a
operator|,0.001000,0.0,0.0,0.0,0.0,0.0,0.0,0.0,0.0,0.0,0.0,0.0,4100123,3300099,0,frankycpp_v1.4.exe,operator|,bitboard.h,0x140277bd1
operator|,0.001000,0.0,0.0,0.0,0.0,0.0,0.0,0.0,0.0,0.0,0.0,0.0,3300099,3300099,0,frankycpp_v1.4.exe,operator|,bitboard.h,0x140240975
operator|,0.001000,0.0,0.0,0.0,0.0,0.0,0.0,0.0,0.0,,,,4400132,4400132,0,frankycpp_v1.4.exe,operator|,bitboard.h,0x140241370
operator|,0.001000,0.0,0.0,0.0,0.0,0.0,0.0,0.0,0.0,,,,6300189,3700111,0,frankycpp_v1.4.exe,operator|,bitboard.h,0x140245a31
operator|,0.001000,0.0,0.0,0.0,0.0,0.0,0.0,0.0,0.0,,,,4400132,3300099,0,frankycpp_v1.4.exe,operator|,bitboard.h,0x14023982e
operator|,0.001000,0.0,0.0,0.0,0.0,0.0,0.0,0.0,0.0,,,,6600198,3300099,0,frankycpp_v1.4.exe,operator|,bitboard.h,0x140277737
operator~,0.001000,0.0,0.0,0.0,0.0,0.0,0.0,0.0,0.0,,,,3300099,2200066,0,frankycpp_v1.4.exe,operator~,color.h,0x1402412c4
operator~,0.001000,0.0,0.0,100.0,0.0,0.0,0.0,0.0,0.0,0.0,0.0,0.0,0,1100033,0,frankycpp_v1.4.exe,operator~,color.h,0x14024031d
operator~,0.001000,0.0,0.0,0.0,0.0,0.0,0.0,0.0,0.0,,,,0,3300099,0,frankycpp_v1.4.exe,operator~,color.h,0x14024116d
operator~,0.001000,0.0,0.0,0.0,0.0,0.0,0.0,0.0,0.0,0.0,0.0,0.0,2200066,0,0,frankycpp_v1.4.exe,operator~,color.h,0x1402395ed
operator~,0.001000,0.0,0.0,0.0,0.0,0.0,0.0,,0.0,0.0,0.0,0.0,7400222,400012,0,frankycpp_v1.4.exe,operator~,color.h,0x14020aeda
operator~,0.001000,0.0,0.0,0.0,0.0,0.0,0.0,0.0,0.0,0.0,0.0,0.0,1100033,1100033,0,frankycpp_v1.4.exe,operator~,color.h,0x140245679
probe_table,0.001000,,0.0,0.0,0.0,0.0,0.0,0.0,0.0,0.0,0.0,0.0,2200066,0,0,frankycpp_v1.4.exe,"probe_table(const struct Pos *, int, int *, const int)",tbprobe.c,0x14027e530
setup_pairs,0.001000,0.0,0.0,0.0,0.0,0.0,0.0,0.0,0.0,0.0,0.0,0.0,2200066,0,0,frankycpp_v1.4.exe,"setup_pairs(unsigned char * *, unsigned __int64, unsigned __int64 *, unsigned char *, int)",tbprobe.c,0x14027d6f0
"std::_Atomic_integral<unsigned __int64,8>::operator++",0.001000,0.0,0.0,0.0,0.0,0.0,0.0,0.0,0.0,0.0,0.0,0.0,0,400012,0,frankycpp_v1.4.exe,"std::_Atomic_integral<unsigned __int64,8>::operator++",atomic,0x1402449d0
"std::_Atomic_integral<unsigned __int64,8>::operator++",0.001000,0.0,0.0,0.0,0.0,0.0,0.0,0.0,0.0,,,,0,400012,0,frankycpp_v1.4.exe,"std::_Atomic_integral<unsigned __int64,8>::operator++",atomic,0x140248320
"std::_Atomic_storage<unsigned __int64,8>::load",0.001000,0.0,0.0,0.0,0.0,0.0,0.0,0.0,0.0,0.0,0.0,0.0,1100033,0,0,frankycpp_v1.4.exe,"std::_Atomic_storage<unsigned __int64,8>::load",atomic,0x14024375b
"std::_Copy_memmove<Move *,Move *>",0.001000,0.0,0.0,0.0,0.0,0.0,0.0,0.0,0.0,0.0,0.0,0.0,400012,1100033,0,frankycpp_v1.4.exe,"std::_Copy_memmove<Move *,Move *>(class Move *, class Move *, class Move *)",xutility,0x14021dd40
std::_Deallocate,0.001000,0.0,0.0,0.0,0.0,0.0,0.0,0.0,0.0,0.0,0.0,0.0,1100033,0,0,frankycpp_v1.4.exe,std::_Deallocate,xmemory,0x14021659c
std::_Fnv1a_append_bytes,0.001000,0.0,0.0,0.0,0.0,0.0,0.0,0.0,0.0,0.0,0.0,0.0,19800594,7700231,0,frankycpp_v1.4.exe,std::_Fnv1a_append_bytes,type_traits,0x14025bee0
std::_Static_partition_team<__int64>::_Get_next_key,0.001000,33.3,91.8,91.8,0.0,0.0,0.0,,0.0,,,,0,0,0,frankycpp_v1.4.exe,std::_Static_partition_team<__int64>::_Get_next_key,execution,0x1402449d0
"std::_Static_partitioned_for_each2<PawnTT::Entry *,__int64,`PawnTT::clear'::`2'::<lambda_1> >::_Threadpool_callback",0.001000,0.0,0.0,0.0,0.0,0.0,0.0,0.0,0.0,0.0,0.0,0.0,0,0,0,frankycpp_v1.4.exe,"std::_Static_partitioned_for_each2<PawnTT::Entry *,__int64,`PawnTT::clear'::`2'::<lambda_1> >::_Threadpool_callback(struct __std_TP_CALLBACK_INSTANCE *, void *, struct __std_TP_WORK *)",execution,0x140244ea0
"std::_Static_partitioned_for_each2<TT::Entry *,__int64,`TT::ageEntries'::`2'::<lambda_1> >::_Process_chunk",0.001000,0.0,0.0,0.0,0.0,0.0,0.0,0.0,0.0,,,,1100033,0,0,frankycpp_v1.4.exe,"std::_Static_partitioned_for_each2<TT::Entry *,__int64,`TT::ageEntries'::`2'::<lambda_1> >::_Process_chunk",execution,0x1402483e0
"std::_Uninitialized_backout<std::_List_unchecked_iterator<std::_List_val<std::_List_simple_types<std::pair<unsigned __int64 const ,BookEntry> > > > *>::_Emplace_back",0.001000,0.0,0.0,0.0,0.0,0.0,0.0,0.0,0.0,0.0,0.0,0.0,0,0,0,frankycpp_v1.4.exe,"std::_Uninitialized_backout<std::_List_unchecked_iterator<std::_List_val<std::_List_simple_types<std::pair<unsigned __int64 const ,BookEntry> > > > *>::_Emplace_back",xmemory,0x1402589b0
"std::array<Bitboard,64>::operator[]",0.001000,0.0,0.0,0.0,0.0,0.0,0.0,0.0,0.0,,,,2200066,4400132,0,frankycpp_v1.4.exe,"std::array<Bitboard,64>::operator[]",array,0x14024035a
"std::array<Bitboard,8>::operator[]",0.001000,0.0,0.0,0.0,0.0,0.0,0.0,0.0,0.0,0.0,0.0,0.0,1100033,8800264,0,frankycpp_v1.4.exe,"std::array<Bitboard,8>::operator[]",array,0x140240aab
"std::array<HistoryState,512>::operator[]",0.001000,0.0,0.0,0.0,0.0,0.0,0.0,0.0,0.0,0.0,0.0,0.0,2600078,0,0,frankycpp_v1.4.exe,"std::array<HistoryState,512>::operator[]",array,0x140238e48
"std::array<int,64>::operator[]",0.001000,0.0,100.0,0.0,0.0,0.0,0.0,0.0,0.0,0.0,0.0,0.0,17300519,7700231,0,frankycpp_v1.4.exe,"std::array<int,64>::operator[]",array,0x14020a2ca
"std::array<int,64>::operator[]",0.001000,0.0,0.0,0.0,0.0,0.0,0.0,0.0,0.0,0.0,0.0,0.0,1100033,0,0,frankycpp_v1.4.exe,"std::array<int,64>::operator[]",array,0x14020a3f6
"std::array<std::array<int,64>,64>::operator[]",0.001000,0.0,0.0,0.0,0.0,0.0,0.0,0.0,0.0,0.0,0.0,0.0,4400132,1100033,0,frankycpp_v1.4.exe,"std::array<std::array<int,64>,64>::operator[]",array,0x1402391af
"std::array<std::array<int,64>,64>::operator[]",0.001000,0.0,0.0,0.0,0.0,0.0,0.0,0.0,0.0,0.0,0.0,0.0,7000210,2200066,0,frankycpp_v1.4.exe,"std::array<std::array<int,64>,64>::operator[]",array,0x14020a2be
"std::array<std::array<unsigned __int64,64>,16>::operator[]",0.001000,0.0,0.0,0.0,0.0,0.0,0.0,0.0,0.0,,,,7400222,8100243,0,frankycpp_v1.4.exe,"std::array<std::array<unsigned __int64,64>,16>::operator[]",array,0x14023aac6
"std::array<unsigned __int64,64>::operator[]",0.001000,0.0,0.0,0.0,0.0,0.0,0.0,0.0,0.0,0.0,0.0,0.0,15800474,17300519,0,frankycpp_v1.4.exe,"std::array<unsigned __int64,64>::operator[]",array,0x14023aaca
std::countr_zero,0.001000,0.0,91.8,0.0,0.0,0.0,0.0,0.0,0.0,0.0,0.0,0.0,5500165,10300309,0,frankycpp_v1.4.exe,std::countr_zero,bit,0x1402406e8
std::countr_zero,0.001000,0.0,0.0,0.0,0.0,0.0,0.0,0.0,0.0,0.0,0.0,0.0,3300099,2200066,0,frankycpp_v1.4.exe,std::countr_zero,bit,0x140240ef5
std::countr_zero,0.001000,0.0,0.0,0.0,0.0,0.0,0.0,0.0,0.0,,,,0,1500045,0,frankycpp_v1.4.exe,std::countr_zero,bit,0x140241140
std::countr_zero,0.001000,0.0,0.0,0.0,0.0,0.0,0.0,0.0,0.0,0.0,0.0,0.0,6600198,1500045,0,frankycpp_v1.4.exe,std::countr_zero,bit,0x140245a10
std::countr_zero,0.001000,0.0,0.0,0.0,0.0,0.0,0.0,0.0,0.0,,,,3300099,3300099,0,frankycpp_v1.4.exe,std::countr_zero,bit,0x140241260
std::countr_zero,0.001000,0.0,0.0,0.0,0.0,0.0,0.0,0.0,0.0,0.0,0.0,0.0,8100243,2600078,0,frankycpp_v1.4.exe,std::countr_zero,bit,0x140245b30
std::max,0.001000,0.0,0.0,0.0,0.0,0.0,0.0,0.0,0.0,0.0,0.0,0.0,0,0,0,frankycpp_v1.4.exe,std::max,utility,0x140208dc0
std::operator<<<struct std::char_traits<char> >,0.001000,0.0,0.0,0.0,0.0,0.0,0.0,0.0,0.0,0.0,0.0,0.0,0,0,0,frankycpp_v1.4.exe,"std::operator<<<struct std::char_traits<char> >(class std::basic_ostream<char,struct std::char_traits<char> > &,char const *)",__msvc_ostream.hpp,0x14015fb50
std::popcount,0.001000,0.0,0.0,0.0,0.0,0.0,0.0,0.0,0.0,0.0,0.0,0.0,0,2200066,0,frankycpp_v1.4.exe,std::popcount,bit,0x1402457d8
"std::ranges::_Buffered_inplace_merge_common<Move *,moveValueGreaterComparator,std::identity>",0.001000,0.0,0.0,0.0,0.0,0.0,0.0,0.0,0.0,0.0,0.0,0.0,2200066,0,0,frankycpp_v1.4.exe,"std::ranges::_Buffered_inplace_merge_common<Move *,moveValueGreaterComparator,std::identity>(class Move *, class Move *, class Move *, __int64, __int64, class Move *, const __int64, struct moveValueGreaterComparator, struct std::identity)",algorithm,0x14021b260
std::ranges::_Move_unchecked,0.001000,0.0,0.0,0.0,0.0,0.0,0.0,0.0,0.0,0.0,0.0,0.0,1100033,0,0,frankycpp_v1.4.exe,std::ranges::_Move_unchecked,algorithm,0x14021cfe4
"std::ranges::_Uninitialized_move_unchecked<Move *,Move *,Move *,Move *>",0.001000,0.0,0.0,0.0,0.0,0.0,0.0,0.0,0.0,0.0,0.0,0.0,1100033,0,0,frankycpp_v1.4.exe,"std::ranges::_Uninitialized_move_unchecked<Move *,Move *,Move *,Move *>(class Move *, class Move *, class Move *, class Move *)",xmemory,0x14021d820
std::shared_ptr<YAML::detail::memory_holder>::{ctor},0.001000,0.0,0.0,0.0,0.0,0.0,0.0,0.0,0.0,0.0,0.0,0.0,0,0,0,frankycpp_v1.4.exe,std::shared_ptr<YAML::detail::memory_holder>::{ctor},memory,0x14016894a
"std::unique_ptr<TT::Entry [0],std::default_delete<TT::Entry [0]> >::operator[]",0.001000,0.0,0.0,0.0,0.0,0.0,0.0,0.0,0.0,,,,5900177,1100033,0,frankycpp_v1.4.exe,"std::unique_ptr<TT::Entry [0],std::default_delete<TT::Entry [0]> >::operator[]",memory,0x14020abb8
"std::unique_ptr<tablebase::Tablebase,std::default_delete<tablebase::Tablebase> >::operator bool",0.001000,0.0,0.0,0.0,0.0,0.0,0.0,0.0,0.0,0.0,0.0,0.0,1100033,0,0,frankycpp_v1.4.exe,"std::unique_ptr<tablebase::Tablebase,std::default_delete<tablebase::Tablebase> >::operator bool",memory,0x140208f84
"std::vector<class Move,class std::allocator<class Move> >::_Change_array",0.001000,0.0,0.0,0.0,0.0,0.0,0.0,0.0,0.0,0.0,0.0,0.0,1100033,0,0,frankycpp_v1.4.exe,"std::vector<class Move,class std::allocator<class Move> >::_Change_array(class Move * const,unsigned __int64,unsigned __int64)",vector,0x140259af0
strlen,0.001000,0.0,0.0,0.0,0.0,0.0,0.0,0.0,0.0,0.0,0.0,0.0,0,0,0,ucrtbase.dll,strlen,[Unknown],0x1800ed120
tablebase::Tablebase::tbValueToScore,0.001000,0.0,0.0,0.0,0.0,0.0,0.0,0.0,0.0,0.0,0.0,0.0,0,0,0,frankycpp_v1.4.exe,"tablebase::Tablebase::tbValueToScore(enum tablebase::TBResult,enum Depth)",Tablebase.cpp,0x140276c40
valueOf,0.001000,0.0,0.0,0.0,0.0,0.0,0.0,0.0,0.0,0.0,0.0,0.0,400012,2200066,0,frankycpp_v1.4.exe,valueOf,value.h,0x140209cb2
Bitboard::operator bool,0.0,0.0,0.0,0.0,0.0,0.0,0.0,0.0,0.0,0.0,0.0,0.0,1100033,4400132,0,frankycpp_v1.4.exe,Bitboard::operator bool,bitboard.h,0x140240d02
Bitboard::operator bool,0.0,0.0,100.0,0.0,0.0,0.0,0.0,0.0,0.0,0.0,0.0,0.0,9600288,9900297,0,frankycpp_v1.4.exe,Bitboard::operator bool,bitboard.h,0x140245ddb
Bitboard::operator bool,0.0,0.0,0.0,0.0,0.0,0.0,0.0,0.0,0.0,0.0,0.0,0.0,3300099,3300099,0,frankycpp_v1.4.exe,Bitboard::operator bool,bitboard.h,0x140245afd
Bitboard::operator^=,0.0,0.0,0.0,0.0,0.0,0.0,0.0,,0.0,0.0,0.0,0.0,8100243,3300099,0,frankycpp_v1.4.exe,Bitboard::operator^=,bitboard.h,0x1402778ad
Bitboard::operator|=,0.0,0.0,0.0,0.0,0.0,0.0,0.0,0.0,0.0,0.0,0.0,0.0,400012,0,0,frankycpp_v1.4.exe,Bitboard::operator|=,bitboard.h,0x140240356
Bitboard::operator|=,0.0,0.0,0.0,0.0,0.0,0.0,0.0,0.0,0.0,0.0,0.0,0.0,1100033,2200066,0,frankycpp_v1.4.exe,Bitboard::operator|=,bitboard.h,0x14024572b
Bitboard::operator|=,0.0,0.0,0.0,0.0,0.0,0.0,0.0,0.0,0.0,0.0,0.0,0.0,800024,400012,0,frankycpp_v1.4.exe,Bitboard::operator|=,bitboard.h,0x140239a3d
Bitboard::operator~,0.0,0.0,0.0,0.0,0.0,0.0,0.0,0.0,0.0,0.0,0.0,0.0,1100033,2200066,0,frankycpp_v1.4.exe,Bitboard::operator~,bitboard.h,0x140240fa4
Bitboard::popLSB,0.0,0.0,0.0,0.0,0.0,0.0,0.0,0.0,0.0,0.0,0.0,0.0,2200066,4100123,0,frankycpp_v1.4.exe,Bitboard::popLSB,bitboard.h,0x140245c80
Bitboard::popLSB,0.0,0.0,0.0,0.0,0.0,0.0,0.0,0.0,0.0,,,,0,400012,0,frankycpp_v1.4.exe,Bitboard::popLSB,bitboard.h,0x1402406e3
Bitboard::popLSB,0.0,0.0,0.0,0.0,0.0,0.0,0.0,0.0,0.0,0.0,0.0,0.0,2200066,3300099,0,frankycpp_v1.4.exe,Bitboard::popLSB,bitboard.h,0x140241140
Bitboard::popLSB,0.0,0.0,0.0,0.0,0.0,0.0,0.0,0.0,0.0,0.0,0.0,0.0,1100033,1100033,0,frankycpp_v1.4.exe,Bitboard::popLSB,bitboard.h,0x140245d38
Bitboard::popLSB,0.0,0.0,0.0,0.0,0.0,0.0,0.0,0.0,0.0,0.0,0.0,0.0,1100033,0,0,frankycpp_v1.4.exe,Bitboard::popLSB,bitboard.h,0x140240595
Bitboard::popLSB,0.0,0.0,0.0,0.0,0.0,0.0,0.0,0.0,0.0,0.0,0.0,0.0,0,1100033,0,frankycpp_v1.4.exe,Bitboard::popLSB,bitboard.h,0x140240ca2
Bitboard::{ctor},0.0,0.0,0.0,0.0,0.0,0.0,0.0,0.0,0.0,0.0,0.0,0.0,0,1100033,0,frankycpp_v1.4.exe,Bitboard::{ctor},bitboard.h,0x140240adf
Bitboard::{ctor},0.0,0.0,0.0,0.0,0.0,0.0,0.0,0.0,0.0,0.0,0.0,0.0,1500045,0,0,frankycpp_v1.4.exe,Bitboard::{ctor},bitboard.h,0x140277b1c
Bitboard::{ctor},0.0,0.0,0.0,0.0,0.0,0.0,0.0,0.0,0.0,0.0,0.0,0.0,800024,800024,0,frankycpp_v1.4.exe,Bitboard::{ctor},bitboard.h,0x140166e3c
CastlingRights::operator-=,0.0,0.0,0.0,0.0,0.0,0.0,0.0,0.0,0.0,0.0,0.0,0.0,1100033,0,0,frankycpp_v1.4.exe,CastlingRights::operator-=,castlingrights.h,0x1402390b6
Color::iterator::{ctor},0.0,0.0,0.0,0.0,,,0.0,0.0,0.0,,,,1100033,1100033,0,frankycpp_v1.4.exe,Color::iterator::{ctor},color.h,0x140245648
Color::sign,0.0,0.0,0.0,0.0,0.0,0.0,0.0,0.0,0.0,0.0,0.0,0.0,3800114,0,0,frankycpp_v1.4.exe,Color::sign,color.h,0x14024620e
Direction::operator int,0.0,0.0,0.0,0.0,0.0,0.0,0.0,0.0,0.0,0.0,0.0,0.0,1100033,400012,0,frankycpp_v1.4.exe,Direction::operator int,direction.h,0x14024048d
Direction::pawnPush,0.0,0.0,0.0,0.0,0.0,0.0,0.0,0.0,0.0,0.0,0.0,0.0,0,1100033,0,frankycpp_v1.4.exe,Direction::pawnPush,direction.h,0x1402409e8
Direction::pawnPush,0.0,0.0,0.0,0.0,0.0,0.0,0.0,0.0,0.0,0.0,0.0,0.0,0,1100033,0,frankycpp_v1.4.exe,Direction::pawnPush,direction.h,0x1402407e8
EtwWrite,0.0,0.0,0.0,0.0,0.0,0.0,0.0,0.0,0.0,0.0,0.0,0.0,0,1100033,0,ntoskrnl.exe,EtwWrite,[Unknown],0x140415af0
ExAcquireAutoExpandPushLockExclusive,0.0,0.0,0.0,0.0,0.0,0.0,0.0,0.0,0.0,0.0,0.0,0.0,1100033,1100033,0,ntoskrnl.exe,ExAcquireAutoExpandPushLockExclusive,[Unknown],0x1402e6d30
ExAcquireCacheAwarePushLockSharedEx,0.0,0.0,0.0,0.0,0.0,0.0,0.0,0.0,0.0,0.0,0.0,0.0,2200066,2200066,0,ntoskrnl.exe,ExAcquireCacheAwarePushLockSharedEx,[Unknown],0x1402e8320
ExAcquirePushLockSharedEx,0.0,0.0,0.0,0.0,0.0,0.0,0.0,0.0,0.0,0.0,0.0,0.0,0,1100033,0,ntoskrnl.exe,ExAcquirePushLockSharedEx,[Unknown],0x1402e8cf0
ExAllocateFromNPagedLookasideList,0.0,0.0,0.0,0.0,0.0,0.0,0.0,0.0,0.0,0.0,0.0,0.0,1100033,0,0,ntoskrnl.exe,ExAllocateFromNPagedLookasideList,[Unknown],0x140356520
ExReleaseAutoExpandPushLockShared,0.0,0.0,0.0,0.0,0.0,0.0,0.0,0.0,0.0,0.0,0.0,0.0,0,1100033,0,ntoskrnl.exe,ExReleaseAutoExpandPushLockShared,[Unknown],0x140281400
ExReleaseFastResource,0.0,0.0,0.0,0.0,0.0,0.0,0.0,0.0,0.0,0.0,0.0,0.0,0,2200066,0,ntoskrnl.exe,ExReleaseFastResource,[Unknown],0x14027f260
ExReleaseSpinLockSharedFromDpcLevel,0.0,0.0,0.0,0.0,0.0,0.0,0.0,0.0,0.0,0.0,0.0,0.0,2200066,0,0,ntoskrnl.exe,ExReleaseSpinLockSharedFromDpcLevel,[Unknown],0x14031e5a0
FltReleaseContext,0.0,0.0,0.0,0.0,0.0,0.0,0.0,0.0,0.0,0.0,0.0,0.0,0,1100033,0,fltmgr.sys,FltReleaseContext,[Unknown],0x180003820
FsRtlAcquireHeaderMutex,0.0,0.0,0.0,0.0,0.0,0.0,0.0,0.0,0.0,0.0,0.0,0.0,1100033,0,0,ntoskrnl.exe,FsRtlAcquireHeaderMutex,[Unknown],0x1402e6b60
FsRtlAllocateExtraCreateParameterFromLookasideList,0.0,0.0,0.0,0.0,0.0,0.0,0.0,0.0,0.0,0.0,0.0,0.0,1100033,0,0,ntoskrnl.exe,FsRtlAllocateExtraCreateParameterFromLookasideList,[Unknown],0x1409a5f40
FsRtlReleaseHeaderMutex,0.0,0.0,0.0,0.0,0.0,0.0,0.0,0.0,0.0,0.0,0.0,0.0,2200066,0,0,ntoskrnl.exe,FsRtlReleaseHeaderMutex,[Unknown],0x1402fffb0
GetLastError,0.0,0.0,0.0,0.0,0.0,0.0,0.0,0.0,0.0,0.0,0.0,0.0,400012,0,0,kernel32.dll,GetLastError,[Unknown],0x180018640
IoFreeIrp,0.0,0.0,0.0,0.0,0.0,0.0,0.0,0.0,0.0,0.0,0.0,0.0,1100033,0,0,ntoskrnl.exe,IoFreeIrp,[Unknown],0x1402fc360
IoGetStackLimits,0.0,0.0,0.0,0.0,0.0,0.0,0.0,0.0,0.0,0.0,0.0,0.0,0,1100033,0,ntoskrnl.exe,IoGetStackLimits,[Unknown],0x1402a5150
KeClearEvent,0.0,0.0,0.0,0.0,0.0,0.0,0.0,0.0,0.0,0.0,0.0,0.0,1100033,0,0,ntoskrnl.exe,KeClearEvent,[Unknown],0x1402b22d0
KeClockInterruptNotify,0.0,0.0,0.0,0.0,0.0,0.0,0.0,,0.0,0.0,0.0,0.0,1100033,1100033,0,ntoskrnl.exe,KeClockInterruptNotify,[Unknown],0x1402e2e50
KeEnterGuardedRegion,0.0,0.0,0.0,0.0,0.0,0.0,0.0,0.0,0.0,0.0,0.0,0.0,2200066,0,0,ntoskrnl.exe,KeEnterGuardedRegion,[Unknown],0x140415be0
KeEnumerateNextProcessor,0.0,0.0,0.0,0.0,0.0,0.0,0.0,0.0,0.0,0.0,0.0,0.0,1100033,0,0,ntoskrnl.exe,KeEnumerateNextProcessor,[Unknown],0x140407170
KeGetCurrentIrql,0.0,0.0,0.0,0.0,0.0,0.0,0.0,0.0,0.0,0.0,0.0,0.0,1100033,0,0,ntoskrnl.exe,KeGetCurrentIrql,[Unknown],0x1404169a0
KeRemoveQueueEx,0.0,0.0,0.0,0.0,0.0,0.0,0.0,,0.0,0.0,13.4,0.0,0,0,0,ntoskrnl.exe,KeRemoveQueueEx,[Unknown],0x1402501d0
KeSetEvent,0.0,0.0,0.0,0.0,100.0,0.0,0.0,0.0,0.0,0.0,0.0,0.0,0,0,0,ntoskrnl.exe,KeSetEvent,[Unknown],0x1402959b0
KfRaiseIrql,0.0,0.0,0.0,0.0,0.0,0.0,0.0,0.0,0.0,0.0,0.0,0.0,1100033,1100033,0,ntoskrnl.exe,KfRaiseIrql,[Unknown],0x1403fa130
Move::encode,0.0,0.0,0.0,0.0,0.0,0.0,0.0,0.0,0.0,0.0,0.0,0.0,1100033,1100033,0,frankycpp_v1.4.exe,Move::encode,move.h,0x1402405fe
Move::encode,0.0,0.0,0.0,0.0,0.0,0.0,0.0,0.0,0.0,0.0,0.0,0.0,0,1100033,0,frankycpp_v1.4.exe,Move::encode,move.h,0x140240a04
Move::encode,0.0,0.0,0.0,0.0,0.0,0.0,0.0,0.0,0.0,0.0,0.0,0.0,5500165,2200066,0,frankycpp_v1.4.exe,Move::encode,move.h,0x14024130e
Move::from,0.0,0.0,0.0,0.0,0.0,0.0,0.0,0.0,0.0,0.0,0.0,0.0,400012,0,0,frankycpp_v1.4.exe,Move::from,move.h,0x140238e0f
Move::from,0.0,0.0,0.0,0.0,0.0,0.0,0.0,0.0,0.0,0.0,0.0,0.0,0,1100033,0,frankycpp_v1.4.exe,Move::from,move.h,0x14023943d
Move::operator==,0.0,0.0,0.0,0.0,0.0,0.0,0.0,0.0,0.0,0.0,0.0,0.0,2600078,1100033,0,frankycpp_v1.4.exe,Move::operator==,PVTable.h,0x14023e4f3
Move::operator==,0.0,0.0,0.0,0.0,0.0,0.0,0.0,0.0,0.0,0.0,0.0,0.0,1100033,0,0,frankycpp_v1.4.exe,Move::operator==,PVTable.h,0x1401fdf05
Move::operator==,0.0,0.0,0.0,0.0,0.0,0.0,0.0,0.0,0.0,0.0,0.0,0.0,3300099,0,0,frankycpp_v1.4.exe,Move::operator==,PVTable.h,0x140209ed9
Move::operator==,0.0,0.0,0.0,0.0,0.0,0.0,0.0,0.0,0.0,0.0,0.0,0.0,1100033,0,0,frankycpp_v1.4.exe,Move::operator==,PVTable.h,0x140209ee5
Move::promotionType,0.0,0.0,0.0,0.0,0.0,0.0,0.0,0.0,0.0,0.0,0.0,0.0,2200066,1100033,0,frankycpp_v1.4.exe,Move::promotionType,move.h,0x140239a0e
Move::setValue,0.0,0.0,0.0,0.0,0.0,0.0,0.0,0.0,0.0,0.0,0.0,0.0,5500165,2200066,0,frankycpp_v1.4.exe,Move::setValue,move.h,0x1402401c2
Move::stripped,0.0,0.0,0.0,0.0,0.0,0.0,0.0,0.0,0.0,0.0,0.0,0.0,4400132,0,0,frankycpp_v1.4.exe,Move::stripped,move.h,0x14023e4e0
Move::to,0.0,0.0,0.0,0.0,0.0,0.0,0.0,0.0,0.0,0.0,0.0,0.0,6000180,0,0,frankycpp_v1.4.exe,Move::to,move.h,0x1402399ae
Move::to,0.0,0.0,0.0,0.0,0.0,0.0,0.0,0.0,0.0,0.0,0.0,0.0,8100243,4400132,0,frankycpp_v1.4.exe,Move::to,move.h,0x14027774f
Move::type,0.0,0.0,0.0,0.0,0.0,0.0,0.0,0.0,0.0,0.0,0.0,0.0,2200066,0,0,frankycpp_v1.4.exe,Move::type,move.h,0x140209f23
Move::type,0.0,0.0,0.0,0.0,0.0,0.0,0.0,0.0,0.0,0.0,0.0,0.0,1100033,0,0,frankycpp_v1.4.exe,Move::type,move.h,0x14020a38b
Move::value,0.0,0.0,0.0,0.0,0.0,0.0,0.0,0.0,0.0,0.0,0.0,0.0,3300099,1100033,0,frankycpp_v1.4.exe,Move::value,move.h,0x1402402b8
Move::{ctor},0.0,0.0,0.0,0.0,0.0,0.0,0.0,0.0,0.0,0.0,0.0,0.0,3300099,2200066,0,frankycpp_v1.4.exe,Move::{ctor},move.h,0x140241274
NtQueryInformationFile,0.0,0.0,0.0,0.0,0.0,0.0,0.0,0.0,0.0,0.0,0.0,0.0,1100033,0,0,ntoskrnl.exe,NtQueryInformationFile,[Unknown],0x140977520
NtQueryInformationProcess,0.0,0.0,0.0,0.0,0.0,0.0,0.0,0.0,0.0,0.0,0.0,0.0,0,1100033,0,ntoskrnl.exe,NtQueryInformationProcess,[Unknown],0x1409b3730
NtReadFile,0.0,0.0,0.0,0.0,0.0,0.0,0.0,0.0,0.0,0.0,0.0,0.0,1100033,0,0,ntdll.dll,NtReadFile,[Unknown],0x180161b00
ObOpenObjectByNameEx,0.0,0.0,0.0,0.0,0.0,0.0,0.0,0.0,0.0,0.0,0.0,0.0,1100033,1100033,0,ntoskrnl.exe,ObOpenObjectByNameEx,[Unknown],0x14089a020
ObWaitForSingleObject,0.0,0.0,0.0,0.0,0.0,0.0,0.0,0.0,0.0,0.0,0.0,0.0,1100033,0,0,ntoskrnl.exe,ObWaitForSingleObject,[Unknown],0x1408492c0
PVTable::clear,0.0,0.0,0.0,0.0,0.0,0.0,0.0,,0.0,0.0,0.0,0.0,2600078,0,0,frankycpp_v1.4.exe,PVTable::clear,PVTable.h,0x14020a699
Position::clearEnPassant,0.0,0.0,0.0,0.0,0.0,0.0,0.0,0.0,0.0,0.0,0.0,0.0,400012,1100033,0,frankycpp_v1.4.exe,Position::clearEnPassant,Position.cpp,0x140239574
Position::clearEnPassant,0.0,0.0,0.0,0.0,0.0,0.0,0.0,0.0,0.0,0.0,0.0,0.0,1100033,0,0,frankycpp_v1.4.exe,Position::clearEnPassant,Position.cpp,0x1402390d3
Position::clearEnPassant,0.0,0.0,0.0,0.0,0.0,0.0,0.0,0.0,0.0,0.0,0.0,0.0,3300099,1100033,0,frankycpp_v1.4.exe,Position::clearEnPassant,Position.cpp,0x140238faf
Position::getGamePhaseFactor,0.0,0.0,0.0,0.0,0.0,0.0,0.0,0.0,0.0,0.0,0.0,0.0,400012,0,0,frankycpp_v1.4.exe,Position::getGamePhaseFactor,Position.h,0x140245293
Position::getKingSquare,0.0,0.0,0.0,0.0,0.0,0.0,0.0,0.0,0.0,0.0,0.0,0.0,400012,0,0,frankycpp_v1.4.exe,Position::getKingSquare,Position.h,0x140240317
Position::getMaterialNonPawn,0.0,0.0,0.0,0.0,0.0,0.0,0.0,0.0,0.0,0.0,0.0,0.0,0,2200066,0,frankycpp_v1.4.exe,Position::getMaterialNonPawn,Position.h,0x1402094ba
Position::getOccupiedBb,0.0,0.0,0.0,0.0,0.0,0.0,0.0,0.0,0.0,0.0,0.0,0.0,0,2200066,0,frankycpp_v1.4.exe,Position::getOccupiedBb,Position.h,0x140245cb5
Position::getOccupiedBb,0.0,0.0,0.0,0.0,0.0,0.0,0.0,0.0,0.0,0.0,0.0,0.0,400012,400012,0,frankycpp_v1.4.exe,Position::getOccupiedBb,Position.h,0x140245a48
Position::getOccupiedBb,0.0,0.0,0.0,0.0,0.0,0.0,0.0,0.0,0.0,0.0,0.0,0.0,2300069,2200066,0,frankycpp_v1.4.exe,Position::getOccupiedBb,Position.h,0x140239a1d
Position::getOccupiedBb,0.0,0.0,0.0,0.0,0.0,0.0,0.0,0.0,0.0,,,,800024,400012,0,frankycpp_v1.4.exe,Position::getOccupiedBb,Position.h,0x140245d5f
Position::getPiece,0.0,0.0,0.0,0.0,0.0,0.0,0.0,0.0,0.0,0.0,0.0,0.0,3300099,1500045,0,frankycpp_v1.4.exe,Position::getPiece,Position.h,0x14027779d
Position::getPiece,0.0,0.0,0.0,0.0,0.0,0.0,0.0,0.0,0.0,0.0,0.0,0.0,1100033,0,0,frankycpp_v1.4.exe,Position::getPiece,Position.h,0x140240348
Position::getPiece,0.0,0.0,0.0,0.0,0.0,0.0,0.0,0.0,0.0,0.0,0.0,0.0,1100033,1100033,0,frankycpp_v1.4.exe,Position::getPiece,Position.h,0x14024059f
Position::getPiece,0.0,0.0,0.0,0.0,0.0,0.0,0.0,0.0,0.0,0.0,0.0,0.0,1100033,0,0,frankycpp_v1.4.exe,Position::getPiece,Position.h,0x14020ab00
Position::getPieceBb,0.0,0.0,0.0,0.0,0.0,0.0,0.0,0.0,0.0,0.0,0.0,0.0,800024,0,0,frankycpp_v1.4.exe,Position::getPieceBb,Position.h,0x140277b7d
Position::getPieceBb,0.0,0.0,0.0,0.0,0.0,0.0,0.0,0.0,0.0,0.0,0.0,0.0,800024,0,0,frankycpp_v1.4.exe,Position::getPieceBb,Position.h,0x1402779a4
Position::getPieceBb,0.0,0.0,0.0,0.0,0.0,0.0,0.0,0.0,0.0,0.0,0.0,0.0,2600078,0,0,frankycpp_v1.4.exe,Position::getPieceBb,Position.h,0x140277aad
Position::getPieceBb,0.0,0.0,0.0,0.0,0.0,0.0,0.0,0.0,0.0,0.0,0.0,0.0,1100033,0,0,frankycpp_v1.4.exe,Position::getPieceBb,Position.h,0x1402410be
Position::initializeBoard,0.0,0.0,0.0,0.0,0.0,0.0,0.0,0.0,0.0,0.0,0.0,0.0,0,1100033,0,frankycpp_v1.4.exe,Position::initializeBoard(void),Position.cpp,0x14023ac90
Position::isCapturingMove,0.0,0.0,0.0,0.0,0.0,0.0,0.0,0.0,0.0,0.0,0.0,0.0,2300069,0,0,frankycpp_v1.4.exe,Position::isCapturingMove,Position.h,0x14020a280
Position::isLegalMove,0.0,0.0,0.0,0.0,0.0,0.0,0.0,0.0,0.0,0.0,0.0,0.0,3300099,2200066,0,frankycpp_v1.4.exe,Position::isLegalMove(class Move),Position.cpp,0x140239c50
Position::strFen,0.0,0.0,0.0,0.0,0.0,0.0,0.0,0.0,0.0,0.0,0.0,0.0,1100033,0,0,frankycpp_v1.4.exe,Position::strFen(void),Position.cpp,0x14023a510
RtlAllocateHeap,0.0,,0.0,0.0,0.0,0.0,0.0,0.0,0.0,0.0,0.0,0.0,5500165,2200066,0,ntdll.dll,RtlAllocateHeap,[Unknown],0x18001c1d0
RtlCopyMemory,0.0,0.0,0.0,100.0,0.0,0.0,0.0,,0.0,,,,3300099,3300099,0,ntoskrnl.exe,RtlCopyMemory,[Unknown],0x1406bf540
SbSelectProcedure,0.0,0.0,0.0,0.0,0.0,0.0,0.0,,0.0,,,,0,1100033,0,ntdll.dll,SbSelectProcedure,[Unknown],0x1800696f0
Search::aspirationSearch,0.0,0.0,0.0,0.0,0.0,0.0,0.0,0.0,0.0,0.0,0.0,0.0,1100033,0,0,frankycpp_v1.4.exe,"Search::aspirationSearch(class Position &,enum Depth,class Value)",Search.cpp,0x1402085f0
Search::thread,0.0,0.0,0.0,0.0,0.0,0.0,0.0,0.0,0.0,0.0,0.0,0.0,0,1100033,0,frankycpp_v1.4.exe,Search::thread,Search.h,0x14020a454
Search::thread,0.0,0.0,0.0,0.0,0.0,0.0,0.0,0.0,0.0,0.0,0.0,0.0,1100033,400012,0,frankycpp_v1.4.exe,Search::thread,Search.h,0x14020a8b8
Search::thread,0.0,0.0,0.0,0.0,0.0,0.0,0.0,0.0,0.0,0.0,0.0,0.0,1100033,1100033,0,frankycpp_v1.4.exe,Search::thread,Search.h,0x1402091f0
Search::thread,0.0,0.0,0.0,0.0,0.0,0.0,0.0,0.0,0.0,0.0,0.0,0.0,5500165,4400132,0,frankycpp_v1.4.exe,Search::thread,Search.h,0x14020a316
SearchThreadData::lmr_reduction_log,0.0,0.0,0.0,0.0,0.0,0.0,0.0,0.0,0.0,0.0,0.0,0.0,1100033,0,0,frankycpp_v1.4.exe,SearchThreadData::lmr_reduction_log,SearchThreadData.h,0x1401ff9c6
Square::file,0.0,0.0,0.0,0.0,0.0,0.0,0.0,0.0,0.0,0.0,0.0,0.0,1100033,1100033,0,frankycpp_v1.4.exe,Square::file,square.h,0x140239175
StaticMoveList<256>::push_back,0.0,0.0,0.0,0.0,0.0,0.0,0.0,0.0,0.0,0.0,0.0,0.0,1100033,0,0,frankycpp_v1.4.exe,StaticMoveList<256>::push_back,staticmovelist.h,0x1402413f3
StaticMoveList<256>::push_back,0.0,0.0,0.0,0.0,0.0,0.0,0.0,0.0,0.0,0.0,0.0,0.0,1100033,0,0,frankycpp_v1.4.exe,StaticMoveList<256>::push_back,staticmovelist.h,0x14024139f
StaticMoveList<256>::push_back,0.0,0.0,0.0,0.0,0.0,0.0,0.0,0.0,0.0,0.0,0.0,0.0,1100033,400012,0,frankycpp_v1.4.exe,StaticMoveList<256>::push_back,staticmovelist.h,0x14023e2e0
StaticMoveList<256>::push_back,0.0,0.0,0.0,0.0,0.0,0.0,0.0,0.0,0.0,0.0,0.0,0.0,1100033,0,0,frankycpp_v1.4.exe,StaticMoveList<256>::push_back,staticmovelist.h,0x140240617
TT::getHash,0.0,0.0,0.0,0.0,0.0,0.0,0.0,0.0,0.0,0.0,0.0,0.0,0,800024,0,frankycpp_v1.4.exe,TT::getHash,TT.h,0x1402471ab
TT::getHash,0.0,0.0,0.0,0.0,0.0,0.0,0.0,0.0,0.0,0.0,0.0,0.0,1200036,0,0,frankycpp_v1.4.exe,TT::getHash,TT.h,0x14024702a
Value::operator int,0.0,0.0,0.0,0.0,0.0,0.0,0.0,0.0,0.0,0.0,0.0,0.0,1100033,1100033,0,frankycpp_v1.4.exe,Value::operator int,value.h,0x14020a7dd
Value::operator int,0.0,0.0,0.0,0.0,0.0,0.0,0.0,0.0,0.0,0.0,0.0,0.0,2200066,2200066,0,frankycpp_v1.4.exe,Value::operator int,value.h,0x14020932b
Value::operator int,0.0,0.0,0.0,0.0,0.0,0.0,0.0,0.0,0.0,0.0,0.0,0.0,8100243,11000330,0,frankycpp_v1.4.exe,Value::operator int,value.h,0x14023ab25
Value::operator int,0.0,0.0,0.0,0.0,0.0,0.0,0.0,0.0,0.0,0.0,0.0,0.0,1100033,0,0,frankycpp_v1.4.exe,Value::operator int,value.h,0x140208ee2
Value::{ctor},0.0,0.0,0.0,0.0,0.0,0.0,0.0,0.0,0.0,0.0,0.0,0.0,8800264,3700111,0,frankycpp_v1.4.exe,Value::{ctor},value.h,0x140277835
Value::{ctor},0.0,0.0,0.0,0.0,0.0,0.0,0.0,0.0,0.0,,,,1500045,0,0,frankycpp_v1.4.exe,Value::{ctor},value.h,0x140209346
WdLogSingleEntry1,0.0,0.0,0.0,0.0,0.0,0.0,0.0,0.0,0.0,0.0,0.0,0.0,1100033,0,0,watchdog.sys,WdLogSingleEntry1,[Unknown],0x140003440
YAML::Exp::Break,0.0,0.0,0.0,0.0,0.0,0.0,0.0,0.0,0.0,0.0,0.0,0.0,0,1100033,0,frankycpp_v1.4.exe,YAML::Exp::Break,exp.h,0x1402db883
YAML::RegEx::MatchUnchecked<class YAML::StreamCharSource>,0.0,0.0,0.0,0.0,0.0,0.0,0.0,0.0,0.0,0.0,0.0,0.0,7700231,2200066,0,frankycpp_v1.4.exe,YAML::RegEx::MatchUnchecked<class YAML::StreamCharSource>(class YAML::StreamCharSource const &),regeximpl.h,0x1402c72f0
YAML::ScanScalar,0.0,0.0,0.0,0.0,0.0,0.0,0.0,0.0,0.0,0.0,0.0,0.0,1100033,0,0,frankycpp_v1.4.exe,"YAML::ScanScalar(class YAML::Stream &,struct YAML::ScanScalarParams &)",scanscalar.cpp,0x1402db760
YAML::Stream::CharAt,0.0,0.0,0.0,0.0,0.0,0.0,0.0,0.0,0.0,0.0,0.0,0.0,0,1100033,0,frankycpp_v1.4.exe,YAML::Stream::CharAt,stream.h,0x1402c7361
YAML::Stream::StreamInUtf8,0.0,0.0,0.0,0.0,0.0,0.0,0.0,0.0,0.0,0.0,0.0,0.0,1100033,1100033,0,frankycpp_v1.4.exe,YAML::Stream::StreamInUtf8,stream.cpp,0x1402d3e2a
YAML::Stream::operator bool,0.0,0.0,0.0,0.0,0.0,0.0,0.0,0.0,0.0,0.0,0.0,0.0,0,1100033,0,frankycpp_v1.4.exe,YAML::Stream::operator bool(void),stream.cpp,0x1402d3810
YAML::StreamCharSource::operator bool,0.0,0.0,0.0,0.0,0.0,0.0,0.0,0.0,0.0,0.0,0.0,0.0,2200066,0,0,frankycpp_v1.4.exe,YAML::StreamCharSource::operator bool(void),streamcharsource.h,0x1402c92e0
YAML::StreamCharSource::operator+,0.0,0.0,0.0,0.0,0.0,0.0,0.0,0.0,0.0,0.0,0.0,0.0,0,1100033,0,frankycpp_v1.4.exe,YAML::StreamCharSource::operator+,streamcharsource.h,0x1402c74d0
[Import thunk malloc],0.0,0.0,0.0,0.0,0.0,0.0,0.0,0.0,0.0,0.0,0.0,0.0,2200066,1100033,0,frankycpp_v1.4.exe,[Import thunk malloc],[Unknown],0x1405efd10
[Import thunk memset],0.0,0.0,0.0,0.0,0.0,0.0,0.0,0.0,0.0,0.0,0.0,0.0,0,1100033,0,frankycpp_v1.4.exe,[Import thunk memset],[Unknown],0x1405efb7e
bishop_attacks,0.0,0.0,0.0,0.0,100.0,0.0,0.0,0.0,0.0,0.0,0.0,0.0,0,0,0,frankycpp_v1.4.exe,"bishop_attacks(unsigned int, unsigned __int64)",tbchess.c,0x140278960
"boost::archive::basic_binary_iprimitive<class boost::archive::binary_iarchive,char,struct std::char_traits<char> >::load_binary",0.0,0.0,0.0,0.0,0.0,0.0,0.0,0.0,0.0,0.0,0.0,0.0,2200066,0,0,frankycpp_v1.4.exe,"boost::archive::basic_binary_iprimitive<class boost::archive::binary_iarchive,char,struct std::char_traits<char> >::load_binary(void *,unsigned __int64)",basic_binary_iprimitive.hpp,0x14025f1a0
boost::archive::class_id_type::{ctor},0.0,0.0,0.0,0.0,0.0,0.0,0.0,0.0,0.0,0.0,0.0,0.0,0,1100033,0,frankycpp_v1.4.exe,boost::archive::class_id_type::{ctor},basic_archive.hpp,0x140283775
boost::archive::detail::basic_serializer::operator<,0.0,0.0,0.0,0.0,0.0,0.0,0.0,0.0,0.0,0.0,0.0,0.0,25300759,13200396,0,frankycpp_v1.4.exe,boost::archive::detail::basic_serializer::operator<,basic_serializer.hpp,0x1402837a3
boost::archive::detail::basic_serializer::operator<,0.0,0.0,0.0,0.0,0.0,0.0,0.0,0.0,0.0,0.0,0.0,0.0,1100033,0,0,frankycpp_v1.4.exe,boost::archive::detail::basic_serializer::operator<,basic_serializer.hpp,0x1402837f7
boost::archive::detail::common_iarchive<boost::archive::binary_iarchive>::load_override,0.0,0.0,0.0,0.0,0.0,0.0,0.0,0.0,0.0,0.0,0.0,0.0,0,2200066,0,frankycpp_v1.4.exe,boost::archive::detail::common_iarchive<boost::archive::binary_iarchive>::load_override,common_iarchive.hpp,0x140265b90
boost::archive::detail::common_iarchive<boost::archive::binary_iarchive>::load_override,0.0,0.0,0.0,0.0,0.0,0.0,0.0,0.0,0.0,0.0,0.0,0.0,1100033,0,0,frankycpp_v1.4.exe,boost::archive::detail::common_iarchive<boost::archive::binary_iarchive>::load_override,common_iarchive.hpp,0x14026db12
boost::archive::detail::common_iarchive<boost::archive::binary_iarchive>::load_override,0.0,0.0,0.0,0.0,0.0,0.0,0.0,0.0,0.0,0.0,0.0,0.0,1100033,0,0,frankycpp_v1.4.exe,boost::archive::detail::common_iarchive<boost::archive::binary_iarchive>::load_override,common_iarchive.hpp,0x1402688c2
boost::archive::detail::interface_iarchive<boost::archive::binary_iarchive>::This,0.0,0.0,0.0,0.0,0.0,0.0,0.0,0.0,0.0,0.0,0.0,0.0,1100033,0,0,frankycpp_v1.4.exe,boost::archive::detail::interface_iarchive<boost::archive::binary_iarchive>::This,interface_iarchive.hpp,0x140264810
boost::archive::detail::interface_iarchive<class boost::archive::binary_iarchive>::operator>><unsigned int>,0.0,0.0,0.0,0.0,0.0,0.0,0.0,0.0,0.0,0.0,0.0,0.0,1100033,0,0,frankycpp_v1.4.exe,boost::archive::detail::interface_iarchive<class boost::archive::binary_iarchive>::operator>><unsigned int>(unsigned int &),interface_iarchive.hpp,0x14025ab60
"boost::archive::detail::iserializer<class boost::archive::binary_iarchive,class BookEntry>::load_object_data",0.0,0.0,0.0,0.0,0.0,0.0,0.0,0.0,0.0,0.0,0.0,0.0,4400132,1100033,0,frankycpp_v1.4.exe,"boost::archive::detail::iserializer<class boost::archive::binary_iarchive,class BookEntry>::load_object_data(class boost::archive::detail::basic_iarchive &,void *,unsigned int)",iserializer.hpp,0x140266aa0
"boost::archive::detail::iserializer<class boost::archive::binary_iarchive,class Move>::load_object_data",0.0,0.0,0.0,0.0,0.0,0.0,0.0,0.0,0.0,0.0,0.0,0.0,2200066,0,0,frankycpp_v1.4.exe,"boost::archive::detail::iserializer<class boost::archive::binary_iarchive,class Move>::load_object_data(class boost::archive::detail::basic_iarchive &,void *,unsigned int)",iserializer.hpp,0x14026e080
"boost::archive::detail::iserializer<class boost::archive::binary_iarchive,class std::vector<class Move,class std::allocator<class Move> > >::load_object_data",0.0,0.0,0.0,0.0,0.0,0.0,0.0,0.0,0.0,0.0,0.0,0.0,1100033,0,0,frankycpp_v1.4.exe,"boost::archive::detail::iserializer<class boost::archive::binary_iarchive,class std::vector<class Move,class std::allocator<class Move> > >::load_object_data(class boost::archive::detail::basic_iarchive &,void *,unsigned int)",iserializer.hpp,0x140269cb0
boost::archive::detail::load_non_pointer_type<boost::archive::binary_iarchive>::load_standard::invoke,0.0,0.0,0.0,0.0,0.0,0.0,0.0,0.0,0.0,0.0,0.0,0.0,2200066,2200066,0,frankycpp_v1.4.exe,boost::archive::detail::load_non_pointer_type<boost::archive::binary_iarchive>::load_standard::invoke,iserializer.hpp,0x140262ea6
boost::archive::detail::load_non_pointer_type<boost::archive::binary_iarchive>::load_standard::invoke,0.0,0.0,0.0,0.0,0.0,0.0,0.0,0.0,0.0,0.0,0.0,0.0,1100033,0,0,frankycpp_v1.4.exe,boost::archive::detail::load_non_pointer_type<boost::archive::binary_iarchive>::load_standard::invoke,iserializer.hpp,0x140268886
boost::archive::object_id_type::operator=,0.0,0.0,0.0,0.0,0.0,0.0,0.0,0.0,0.0,0.0,0.0,0.0,4400132,1100033,0,frankycpp_v1.4.exe,boost::archive::object_id_type::operator=,basic_archive.hpp,0x140282ef0
boost::archive::object_id_type::operator=,0.0,0.0,0.0,0.0,0.0,0.0,0.0,0.0,0.0,0.0,0.0,0.0,0,1100033,0,frankycpp_v1.4.exe,boost::archive::object_id_type::operator=,basic_archive.hpp,0x140283067
boost::archive::version_type::{ctor},0.0,0.0,0.0,0.0,0.0,0.0,0.0,0.0,0.0,0.0,0.0,0.0,2200066,0,0,frankycpp_v1.4.exe,boost::archive::version_type::{ctor},basic_archive.hpp,0x14026e200
boost::archive::version_type::{ctor},0.0,0.0,0.0,0.0,0.0,0.0,0.0,0.0,0.0,0.0,0.0,0.0,3300099,0,0,frankycpp_v1.4.exe,boost::archive::version_type::{ctor},basic_archive.hpp,0x1402648e0
boost::archive::version_type::{ctor},0.0,0.0,0.0,0.0,0.0,0.0,0.0,0.0,0.0,0.0,0.0,0.0,2200066,0,0,frankycpp_v1.4.exe,boost::archive::version_type::{ctor},basic_archive.hpp,0x140269eb0
"boost::serialization::free_loader<boost::archive::binary_iarchive,boost::serialization::nvp<BookEntry> >::invoke",0.0,0.0,0.0,0.0,0.0,0.0,0.0,0.0,0.0,0.0,0.0,0.0,1100033,0,0,frankycpp_v1.4.exe,"boost::serialization::free_loader<boost::archive::binary_iarchive,boost::serialization::nvp<BookEntry> >::invoke",split_free.hpp,0x140264842
"boost::serialization::free_loader<boost::archive::binary_iarchive,boost::serialization::nvp<std::vector<Move,std::allocator<Move> > > >::invoke",0.0,0.0,0.0,0.0,0.0,0.0,0.0,0.0,0.0,0.0,0.0,0.0,1100033,0,0,frankycpp_v1.4.exe,"boost::serialization::free_loader<boost::archive::binary_iarchive,boost::serialization::nvp<std::vector<Move,std::allocator<Move> > > >::invoke",split_free.hpp,0x140266b5e
"boost::serialization::load<class boost::archive::binary_iarchive,class BookEntry>",0.0,0.0,0.0,0.0,0.0,0.0,0.0,0.0,0.0,0.0,0.0,0.0,2200066,0,0,frankycpp_v1.4.exe,"boost::serialization::load<class boost::archive::binary_iarchive,class BookEntry>(class boost::archive::binary_iarchive &,class boost::serialization::nvp<class BookEntry> &,unsigned int)",nvp.hpp,0x140265b20
"boost::serialization::load<class boost::archive::binary_iarchive,class std::vector<class Move,class std::allocator<class Move> > >",0.0,0.0,0.0,0.0,0.0,0.0,0.0,0.0,0.0,0.0,0.0,0.0,1100033,1100033,0,frankycpp_v1.4.exe,"boost::serialization::load<class boost::archive::binary_iarchive,class std::vector<class Move,class std::allocator<class Move> > >(class boost::archive::binary_iarchive &,class boost::serialization::nvp<class std::vector<class Move,class std::allocator<class Move> > > &,unsigned int)",nvp.hpp,0x1402688b0
"boost::serialization::load<class boost::archive::binary_iarchive,class std::vector<unsigned __int64,class std::allocator<unsigned __int64> > >",0.0,0.0,0.0,0.0,0.0,0.0,0.0,0.0,0.0,0.0,0.0,0.0,4400132,1100033,0,frankycpp_v1.4.exe,"boost::serialization::load<class boost::archive::binary_iarchive,class std::vector<unsigned __int64,class std::allocator<unsigned __int64> > >(class boost::archive::binary_iarchive &,class boost::serialization::nvp<class std::vector<unsigned __int64,class std::allocator<unsigned __int64> > > &,unsigned int)",nvp.hpp,0x140268860
"boost::serialization::load<class boost::archive::binary_iarchive,unsigned __int64>",0.0,0.0,0.0,0.0,0.0,0.0,0.0,0.0,0.0,0.0,0.0,0.0,1100033,2200066,0,frankycpp_v1.4.exe,"boost::serialization::load<class boost::archive::binary_iarchive,unsigned __int64>(class boost::archive::binary_iarchive &,class boost::serialization::nvp<unsigned __int64> &,unsigned int)",nvp.hpp,0x140265b70
boost::serialization::nvp<BookEntry>::{ctor},0.0,0.0,0.0,0.0,0.0,0.0,0.0,0.0,0.0,0.0,0.0,0.0,1100033,0,0,frankycpp_v1.4.exe,boost::serialization::nvp<BookEntry>::{ctor},nvp.hpp,0x140264826
boost::serialization::nvp<Move>::{ctor},0.0,0.0,0.0,0.0,0.0,0.0,0.0,0.0,0.0,0.0,0.0,0.0,1100033,0,0,frankycpp_v1.4.exe,boost::serialization::nvp<Move>::{ctor},nvp.hpp,0x14026c344
boost::serialization::nvp<boost::serialization::collection_size_type>::{ctor},0.0,0.0,0.0,0.0,0.0,0.0,0.0,0.0,0.0,0.0,0.0,0.0,1100033,0,0,frankycpp_v1.4.exe,boost::serialization::nvp<boost::serialization::collection_size_type>::{ctor},nvp.hpp,0x14026c44c
"boost::serialization::nvp<std::vector<Move,std::allocator<Move> > >::{ctor}",0.0,0.0,0.0,0.0,0.0,0.0,0.0,0.0,0.0,0.0,0.0,0.0,0,1100033,0,frankycpp_v1.4.exe,"boost::serialization::nvp<std::vector<Move,std::allocator<Move> > >::{ctor}",nvp.hpp,0x140266b3f
"boost::serialization::singleton<boost::archive::detail::iserializer<boost::archive::binary_iarchive,Move> >::get_const_instance",0.0,0.0,0.0,0.0,0.0,0.0,0.0,0.0,0.0,0.0,0.0,0.0,2200066,0,0,frankycpp_v1.4.exe,"boost::serialization::singleton<boost::archive::detail::iserializer<boost::archive::binary_iarchive,Move> >::get_const_instance",singleton.hpp,0x14026db26
"boost::serialization::singleton<boost::archive::detail::iserializer<boost::archive::binary_iarchive,std::vector<unsigned __int64,std::allocator<unsigned __int64> > > >::get_const_instance",0.0,0.0,0.0,0.0,0.0,0.0,0.0,0.0,0.0,0.0,0.0,0.0,0,1100033,0,frankycpp_v1.4.exe,"boost::serialization::singleton<boost::archive::detail::iserializer<boost::archive::binary_iarchive,std::vector<unsigned __int64,std::allocator<unsigned __int64> > > >::get_const_instance",singleton.hpp,0x140268886
"boost::serialization::singleton<class boost::archive::detail::iserializer<class boost::archive::binary_iarchive,class std::vector<class Move,class std::allocator<class Move> > > >::get_instance",0.0,0.0,0.0,0.0,0.0,0.0,0.0,0.0,0.0,0.0,0.0,0.0,2200066,5500165,0,frankycpp_v1.4.exe,"boost::serialization::singleton<class boost::archive::detail::iserializer<class boost::archive::binary_iarchive,class std::vector<class Move,class std::allocator<class Move> > > >::get_instance(void)",singleton.hpp,0x14026a590
"boost::serialization::singleton<class boost::archive::detail::iserializer<class boost::archive::binary_iarchive,class std::vector<unsigned __int64,class std::allocator<unsigned __int64> > > >::get_instance",0.0,0.0,0.0,0.0,0.0,0.0,0.0,0.0,0.0,0.0,0.0,0.0,4400132,3300099,0,frankycpp_v1.4.exe,"boost::serialization::singleton<class boost::archive::detail::iserializer<class boost::archive::binary_iarchive,class std::vector<unsigned __int64,class std::allocator<unsigned __int64> > > >::get_instance(void)",singleton.hpp,0x14026ab60
"boost::serialization::singleton<class boost::archive::detail::iserializer<class boost::archive::binary_iarchive,struct std::pair<unsigned __int64 const ,class BookEntry> > >::get_instance",0.0,0.0,0.0,0.0,0.0,0.0,0.0,0.0,0.0,0.0,0.0,0.0,1100033,0,0,frankycpp_v1.4.exe,"boost::serialization::singleton<class boost::archive::detail::iserializer<class boost::archive::binary_iarchive,struct std::pair<unsigned __int64 const ,class BookEntry> > >::get_instance(void)",singleton.hpp,0x140264c20
boost::serialization::state_saver<boost::archive::object_id_type>::{ctor},0.0,0.0,0.0,0.0,0.0,0.0,0.0,0.0,0.0,0.0,0.0,0.0,1100033,0,0,frankycpp_v1.4.exe,boost::serialization::state_saver<boost::archive::object_id_type>::{ctor},state_saver.hpp,0x140282fa6
"boost::serialization::stl::collection_load_impl<class boost::archive::binary_iarchive,class std::vector<class Move,class std::allocator<class Move> > >",0.0,0.0,0.0,0.0,0.0,0.0,0.0,0.0,0.0,0.0,0.0,0.0,3300099,2200066,0,frankycpp_v1.4.exe,"boost::serialization::stl::collection_load_impl<class boost::archive::binary_iarchive,class std::vector<class Move,class std::allocator<class Move> > >(class boost::archive::binary_iarchive &,class std::vector<class Move,class std::allocator<class Move> > &,class boost::serialization::collection_size_type,class boost::serialization::item_version_type)",collections_load_imp.hpp,0x14026c210
"boost::serialization::stl::load_unordered_collection<class boost::archive::binary_iarchive,class std::unordered_map<unsigned __int64,class BookEntry,struct std::hash<unsigned __int64>,struct std::equal_to<unsigned __int64>,class std::allocator<struct std::pair<unsigned __int64 const ,class BookEntry> > >,struct boost::serialization::stl::archive_input_unordered_map<class boost::archive::binary_iarchive,class std::unordered_map<unsigned __int64,class BookEntry,struct std::hash<unsigned __int64>,struct std::equal_to<unsigned __int64>,class std::allocator<struct std::pair<unsigned __int64 const ,class BookEntry> > > > >",0.0,0.0,0.0,0.0,0.0,0.0,0.0,0.0,0.0,0.0,0.0,0.0,2200066,0,0,frankycpp_v1.4.exe,"boost::serialization::stl::load_unordered_collection<class boost::archive::binary_iarchive,class std::unordered_map<unsigned __int64,class BookEntry,struct std::hash<unsigned __int64>,struct std::equal_to<unsigned __int64>,class std::allocator<struct std::pair<unsigned __int64 const ,class BookEntry> > >,struct boost::serialization::stl::archive_input_unordered_map<class boost::archive::binary_iarchive,class std::unordered_map<unsigned __int64,class BookEntry,struct std::hash<unsigned __int64>,struct std::equal_to<unsigned __int64>,class std::allocator<struct std::pair<unsigned __int64 const ,class BookEntry> > > > >(class boost::archive::binary_iarchive &,class std::unordered_map<unsigned __int64,class BookEntry,struct std::hash<unsigned __int64>,struct std::equal_to<unsigned __int64>,class std::allocator<struct std::pair<unsigned __int64 const ,class BookEntry> > > &)",unordered_collections_load_imp.hpp,0x140260ef0
do_move,0.0,0.0,0.0,0.0,0.0,0.0,0.0,0.0,0.0,0.0,0.0,0.0,1100033,0,0,frankycpp_v1.4.exe,"do_move(struct Pos *, const struct Pos *, unsigned short)",tbchess.c,0x14027a580
fill_squares,0.0,0.0,0.0,0.0,0.0,0.0,0.0,0.0,0.0,0.0,0.0,0.0,0,1100033,0,frankycpp_v1.4.exe,fill_squares,tbprobe.c,0x14027e86a
free,0.0,0.0,0.0,0.0,0.0,0.0,0.0,0.0,0.0,0.0,0.0,0.0,400012,0,0,ucrtbase.dll,free,[Unknown],0x180015de0
free_base,0.0,0.0,0.0,0.0,0.0,0.0,0.0,0.0,0.0,0.0,0.0,0.0,2200066,0,0,ucrtbase.dll,free_base,[Unknown],0x18001e0e0
func@0x1400016b3,0.0,0.0,0.0,0.0,0.0,0.0,0.0,0.0,0.0,0.0,0.0,0.0,1100033,0,0,wdfilter.sys,func@0x1400016b3,[Unknown],0x1400016b3
func@0x140002b5e,0.0,0.0,0.0,0.0,0.0,0.0,0.0,0.0,0.0,0.0,0.0,0.0,1100033,0,0,wpprecorder.sys,func@0x140002b5e,[Unknown],0x140002b5e
func@0x140007c60,0.0,0.0,0.0,0.0,0.0,0.0,0.0,0.0,0.0,0.0,0.0,0.0,1100033,0,0,ntfs.sys,func@0x140007c60,[Unknown],0x140007c60
func@0x140009ed0,0.0,0.0,0.0,0.0,0.0,0.0,0.0,0.0,0.0,0.0,0.0,0.0,1100033,0,0,ksld.sys,func@0x140009ed0,[Unknown],0x140009ed0
func@0x14000ac00,0.0,0.0,0.0,0.0,0.0,0.0,0.0,0.0,0.0,0.0,0.0,0.0,0,1100033,0,ntfs.sys,func@0x14000ac00,[Unknown],0x14000ac00
func@0x14000ad90,0.0,0.0,0.0,0.0,0.0,0.0,0.0,0.0,0.0,0.0,0.0,0.0,0,1100033,0,nvlddmkm.sys,func@0x14000ad90,[Unknown],0x14000ad90
func@0x14000cbf0,0.0,0.0,0.0,0.0,0.0,0.0,0.0,0.0,0.0,0.0,0.0,0.0,1100033,0,0,nvlddmkm.sys,func@0x14000cbf0,[Unknown],0x14000cbf0
func@0x14000cebe,0.0,0.0,0.0,0.0,0.0,0.0,0.0,0.0,0.0,0.0,0.0,0.0,1100033,0,0,nvlddmkm.sys,func@0x14000cebe,[Unknown],0x14000cebe
func@0x140013160,0.0,0.0,0.0,0.0,0.0,0.0,0.0,0.0,0.0,0.0,0.0,0.0,1100033,0,0,stornvme.sys,func@0x140013160,[Unknown],0x140013160
func@0x140013540,0.0,0.0,0.0,0.0,0.0,0.0,0.0,0.0,0.0,0.0,0.0,0.0,1100033,1100033,0,ntfs.sys,func@0x140013540,[Unknown],0x140013540
func@0x140015039,0.0,0.0,0.0,0.0,0.0,0.0,0.0,0.0,0.0,0.0,0.0,0.0,1100033,0,0,ntfs.sys,func@0x140015039,[Unknown],0x140015039
func@0x14001d560,0.0,0.0,0.0,0.0,0.0,0.0,0.0,0.0,0.0,,,,400012,0,0,classpnp.sys,func@0x14001d560,[Unknown],0x14001d560
func@0x140025370,0.0,0.0,0.0,0.0,0.0,0.0,0.0,0.0,0.0,0.0,0.0,0.0,0,1100033,0,wdf01000.sys,func@0x140025370,[Unknown],0x140025370
func@0x140028c90,0.0,0.0,0.0,,,0.0,0.0,0.0,0.0,0.0,0.0,0.0,0,1100033,0,dxgkrnl.sys,func@0x140028c90,[Unknown],0x140028c90
func@0x14002e7c0,0.0,0.0,0.0,0.0,0.0,0.0,0.0,0.0,0.0,0.0,0.0,0.0,1100033,0,0,wdfilter.sys,func@0x14002e7c0,[Unknown],0x14002e7c0
func@0x140055100,0.0,0.0,0.0,0.0,0.0,0.0,0.0,0.0,0.0,0.0,0.0,0.0,1100033,0,0,ntfs.sys,func@0x140055100,[Unknown],0x140055100
func@0x14005d0c0,0.0,0.0,0.0,0.0,0.0,0.0,0.0,0.0,0.0,0.0,0.0,0.0,1100033,0,0,wdfilter.sys,func@0x14005d0c0,[Unknown],0x14005d0c0
func@0x14009bd0f,0.0,0.0,100.0,0.0,0.0,0.0,0.0,0.0,0.0,0.0,0.0,0.0,1100033,0,0,nvlddmkm.sys,func@0x14009bd0f,[Unknown],0x14009bd0f
func@0x14009bfa0,0.0,0.0,0.0,0.0,0.0,0.0,0.0,0.0,0.0,0.0,0.0,0.0,0,1100033,0,nvlddmkm.sys,func@0x14009bfa0,[Unknown],0x14009bfa0
func@0x1400f7ad0,0.0,0.0,0.0,0.0,0.0,0.0,0.0,0.0,0.0,0.0,0.0,0.0,2200066,2200066,0,nvlddmkm.sys,func@0x1400f7ad0,[Unknown],0x1400f7ad0
func@0x140114c90,0.0,0.0,0.0,0.0,0.0,0.0,0.0,0.0,0.0,0.0,0.0,0.0,2200066,2200066,0,ntfs.sys,func@0x140114c90,[Unknown],0x140114c90
func@0x140114da0,0.0,0.0,0.0,0.0,0.0,0.0,0.0,0.0,0.0,0.0,0.0,0.0,1100033,1100033,0,ntfs.sys,func@0x140114da0,[Unknown],0x140114da0
func@0x140115460,0.0,100.0,0.0,0.0,100.0,0.0,0.0,0.0,0.0,,,,1100033,0,0,ntfs.sys,func@0x140115460,[Unknown],0x140115460
func@0x14012182f,0.0,0.0,0.0,0.0,0.0,0.0,0.0,0.0,0.0,0.0,0.0,0.0,1100033,0,0,ntfs.sys,func@0x14012182f,[Unknown],0x14012182f
func@0x140141290,0.0,0.0,0.0,0.0,0.0,0.0,0.0,0.0,0.0,0.0,0.0,0.0,0,1100033,0,nvlddmkm.sys,func@0x140141290,[Unknown],0x140141290
func@0x140141d90,0.0,0.0,0.0,0.0,0.0,0.0,0.0,0.0,0.0,0.0,0.0,0.0,0,1100033,0,nvlddmkm.sys,func@0x140141d90,[Unknown],0x140141d90
func@0x1401421e0,0.0,0.0,0.0,0.0,0.0,0.0,0.0,0.0,0.0,0.0,0.0,0.0,1100033,0,0,ntfs.sys,func@0x1401421e0,[Unknown],0x1401421e0
func@0x14014bff0,0.0,0.0,0.0,0.0,0.0,0.0,0.0,0.0,0.0,0.0,0.0,0.0,1100033,0,0,ntfs.sys,func@0x14014bff0,[Unknown],0x14014bff0
func@0x14015e490,0.0,0.0,0.0,0.0,0.0,0.0,0.0,0.0,0.0,0.0,0.0,0.0,0,1100033,0,ntfs.sys,func@0x14015e490,[Unknown],0x14015e490
func@0x140162fb0,0.0,0.0,0.0,0.0,0.0,0.0,0.0,0.0,0.0,0.0,0.0,0.0,3300099,2200066,0,nvlddmkm.sys,func@0x140162fb0,[Unknown],0x140162fb0
func@0x14016b220,0.0,0.0,0.0,0.0,0.0,0.0,0.0,0.0,0.0,0.0,0.0,0.0,2200066,0,0,ntfs.sys,func@0x14016b220,[Unknown],0x14016b220
func@0x140170960,0.0,0.0,0.0,0.0,0.0,0.0,0.0,0.0,0.0,0.0,0.0,0.0,0,1100033,0,ntfs.sys,func@0x140170960,[Unknown],0x140170960
func@0x140173ee0,0.0,0.0,0.0,0.0,0.0,0.0,0.0,0.0,0.0,0.0,0.0,0.0,1100033,0,0,ntfs.sys,func@0x140173ee0,[Unknown],0x140173ee0
func@0x1401c7df0,0.0,0.0,0.0,0.0,0.0,0.0,0.0,0.0,0.0,0.0,0.0,0.0,1100033,0,0,ntfs.sys,func@0x1401c7df0,[Unknown],0x1401c7df0
func@0x140207cb4,0.0,0.0,0.0,0.0,0.0,0.0,0.0,0.0,0.0,0.0,0.0,0.0,0,1100033,0,ntoskrnl.exe,func@0x140207cb4,[Unknown],0x140207cb4
func@0x14020f700,0.0,0.0,0.0,0.0,0.0,0.0,0.0,0.0,0.0,0.0,0.0,0.0,1100033,0,0,ntoskrnl.exe,func@0x14020f700,[Unknown],0x14020f700
func@0x140210920,0.0,0.0,0.0,0.0,0.0,0.0,0.0,0.0,0.0,0.0,0.0,0.0,2200066,2200066,0,ntoskrnl.exe,func@0x140210920,[Unknown],0x140210920
func@0x140212494,0.0,0.0,0.0,0.0,0.0,0.0,0.0,0.0,0.0,0.0,0.0,0.0,0,1100033,0,ntoskrnl.exe,func@0x140212494,[Unknown],0x140212494
func@0x140212a50,0.0,0.0,0.0,0.0,0.0,0.0,0.0,0.0,0.0,0.0,0.0,0.0,4400132,2200066,0,ntoskrnl.exe,func@0x140212a50,[Unknown],0x140212a50
func@0x140213c64,0.0,0.0,0.0,0.0,0.0,0.0,0.0,0.0,0.0,0.0,0.0,0.0,3300099,1100033,0,ntoskrnl.exe,func@0x140213c64,[Unknown],0x140213c64
func@0x140214ed0,0.0,0.0,0.0,0.0,0.0,0.0,0.0,0.0,0.0,0.0,0.0,0.0,3300099,2200066,0,ntoskrnl.exe,func@0x140214ed0,[Unknown],0x140214ed0
func@0x1402154f4,0.0,0.0,0.0,0.0,0.0,0.0,0.0,,0.0,0.0,0.0,0.0,0,1100033,0,ntoskrnl.exe,func@0x1402154f4,[Unknown],0x1402154f4
func@0x140215518,0.0,0.0,0.0,0.0,0.0,0.0,0.0,0.0,0.0,0.0,,0.0,0,400012,0,ntoskrnl.exe,func@0x140215518,[Unknown],0x140215518
func@0x1402157f0,0.0,,0.0,0.0,,,0.0,0.0,0.0,,,,0,0,550231,ntoskrnl.exe,func@0x1402157f0,[Unknown],0x1402157f0
func@0x140216c10,0.0,0.0,0.0,0.0,0.0,0.0,0.0,0.0,0.0,0.0,0.0,0.0,2200066,0,0,ntoskrnl.exe,func@0x140216c10,[Unknown],0x140216c10
func@0x14021a540,0.0,0.0,0.0,0.0,0.0,0.0,0.0,0.0,0.0,0.0,0.0,0.0,2200066,0,0,ntoskrnl.exe,func@0x14021a540,[Unknown],0x14021a540
func@0x14021b9b0,0.0,0.0,0.0,0.0,0.0,0.0,0.0,0.0,0.0,0.0,0.0,0.0,1100033,0,0,ntoskrnl.exe,func@0x14021b9b0,[Unknown],0x14021b9b0
func@0x140222340,0.0,,0.0,0.0,0.0,0.0,0.0,0.0,0.0,0.0,0.0,0.0,1100033,0,0,ntoskrnl.exe,func@0x140222340,[Unknown],0x140222340
func@0x140223890,0.0,0.0,0.0,0.0,0.0,0.0,0.0,0.0,0.0,0.0,0.0,0.0,1100033,0,0,ntoskrnl.exe,func@0x140223890,[Unknown],0x140223890
func@0x1402239d5,0.0,0.0,0.0,0.0,0.0,0.0,0.0,0.0,0.0,0.0,0.0,0.0,0,1100033,0,ntoskrnl.exe,func@0x1402239d5,[Unknown],0x1402239d5
func@0x140224770,0.0,0.0,100.0,0.0,100.0,0.0,0.0,0.0,0.0,0.0,0.0,0.0,1100033,0,0,ntoskrnl.exe,func@0x140224770,[Unknown],0x140224770
func@0x140229bc0,0.0,0.0,0.0,0.0,0.0,0.0,0.0,0.0,0.0,0.0,0.0,0.0,0,1100033,0,ntoskrnl.exe,func@0x140229bc0,[Unknown],0x140229bc0
func@0x14022bfd0,0.0,0.0,100.0,0.0,0.0,0.0,0.0,0.0,0.0,0.0,0.0,0.0,0,0,0,ntoskrnl.exe,func@0x14022bfd0,[Unknown],0x14022bfd0
func@0x140231fe0,0.0,0.0,0.0,0.0,0.0,0.0,0.0,0.0,0.0,0.0,0.0,0.0,1100033,0,0,ntoskrnl.exe,func@0x140231fe0,[Unknown],0x140231fe0
func@0x1402333e0,0.0,0.0,0.0,0.0,0.0,0.0,0.0,0.0,0.0,0.0,0.0,0.0,1100033,0,0,ntoskrnl.exe,func@0x1402333e0,[Unknown],0x1402333e0
func@0x1402340bf,0.0,0.0,0.0,0.0,0.0,0.0,0.0,0.0,0.0,0.0,0.0,0.0,1100033,0,0,ntoskrnl.exe,func@0x1402340bf,[Unknown],0x1402340bf
func@0x140234a67,0.0,0.0,0.0,0.0,0.0,0.0,0.0,0.0,0.0,,,,1100033,0,0,ntoskrnl.exe,func@0x140234a67,[Unknown],0x140234a67
func@0x14023539f,0.0,0.0,0.0,0.0,0.0,0.0,0.0,0.0,0.0,0.0,0.0,0.0,1100033,0,0,ntoskrnl.exe,func@0x14023539f,[Unknown],0x14023539f
func@0x140244270,0.0,0.0,0.0,0.0,0.0,0.0,0.0,0.0,0.0,,,,400012,1900057,0,ntoskrnl.exe,func@0x140244270,[Unknown],0x140244270
func@0x140245000,0.0,0.0,0.0,0.0,0.0,0.0,0.0,0.0,0.0,0.0,0.0,0.0,0,400012,0,ntoskrnl.exe,func@0x140245000,[Unknown],0x140245000
func@0x1402467e4,0.0,0.0,0.0,0.0,0.0,0.0,0.0,,0.0,0.0,,0.0,0,2200066,0,ntoskrnl.exe,func@0x1402467e4,[Unknown],0x1402467e4
func@0x140246a2d,0.0,0.0,0.0,0.0,0.0,0.0,0.0,0.0,0.0,0.0,0.0,0.0,0,1100033,0,ntoskrnl.exe,func@0x140246a2d,[Unknown],0x140246a2d
func@0x140246f0c,0.0,0.0,0.0,0.0,0.0,0.0,0.0,0.0,0.0,0.0,0.0,0.0,1100033,0,0,ntoskrnl.exe,func@0x140246f0c,[Unknown],0x140246f0c
func@0x140247c60,0.0,0.0,0.0,0.0,0.0,0.0,0.0,0.0,0.0,0.0,0.0,0.0,0,2200066,0,ntoskrnl.exe,func@0x140247c60,[Unknown],0x140247c60
func@0x140247f70,0.0,0.0,0.0,0.0,0.0,0.0,0.0,0.0,0.0,0.0,0.0,0.0,0,1100033,0,ntoskrnl.exe,func@0x140247f70,[Unknown],0x140247f70
func@0x1402480a9,0.0,0.0,0.0,0.0,0.0,0.0,0.0,0.0,0.0,0.0,0.0,0.0,1100033,0,0,ntoskrnl.exe,func@0x1402480a9,[Unknown],0x1402480a9
func@0x140248843,0.0,0.0,0.0,100.0,0.0,0.0,0.0,0.0,0.0,0.0,0.0,0.0,1100033,0,0,ntoskrnl.exe,func@0x140248843,[Unknown],0x140248843
func@0x14024e810,0.0,0.0,0.0,0.0,0.0,0.0,0.0,,,,,,800024,0,0,ntoskrnl.exe,func@0x14024e810,[Unknown],0x14024e810
func@0x14024fafc,0.0,0.0,0.0,0.0,0.0,0.0,0.0,,0.0,,,,1100033,0,0,ntoskrnl.exe,func@0x14024fafc,[Unknown],0x14024fafc
func@0x140254d20,0.0,0.0,0.0,0.0,0.0,0.0,0.0,0.0,0.0,0.0,0.0,0.0,0,1100033,0,ntoskrnl.exe,func@0x140254d20,[Unknown],0x140254d20
func@0x1402595e0,0.0,0.0,0.0,0.0,,,0.0,0.0,0.0,0.0,0.0,0.0,2200066,0,0,nvlddmkm.sys,func@0x1402595e0,[Unknown],0x1402595e0
func@0x140259a80,0.0,100.0,0.0,0.0,0.0,0.0,0.0,0.0,0.0,0.0,0.0,0.0,0,0,0,nvlddmkm.sys,func@0x140259a80,[Unknown],0x140259a80
func@0x14025e6f0,0.0,0.0,0.0,0.0,0.0,0.0,0.0,0.0,0.0,0.0,0.0,0.0,1100033,0,0,nvlddmkm.sys,func@0x14025e6f0,[Unknown],0x14025e6f0
func@0x1402613f0,0.0,0.0,0.0,0.0,100.0,0.0,0.0,0.0,0.0,0.0,0.0,0.0,1100033,0,0,ntoskrnl.exe,func@0x1402613f0,[Unknown],0x1402613f0
func@0x14027509b,0.0,0.0,0.0,0.0,0.0,100.0,0.0,0.0,0.0,0.0,0.0,0.0,0,0,0,ntoskrnl.exe,func@0x14027509b,[Unknown],0x14027509b
func@0x140277070,0.0,0.0,0.0,0.0,0.0,0.0,0.0,,0.0,0.0,0.0,0.0,1100033,0,0,ntoskrnl.exe,func@0x140277070,[Unknown],0x140277070
func@0x140278160,0.0,0.0,0.0,0.0,0.0,0.0,0.0,,0.0,,,,1900057,400012,0,ntoskrnl.exe,func@0x140278160,[Unknown],0x140278160
func@0x14027a888,0.0,0.0,100.0,0.0,0.0,0.0,0.0,0.0,0.0,,0.0,0.0,2200066,0,0,ntoskrnl.exe,func@0x14027a888,[Unknown],0x14027a888
func@0x140281b8b,0.0,0.0,0.0,0.0,0.0,0.0,0.0,0.0,0.0,0.0,0.0,0.0,1100033,2200066,0,ntoskrnl.exe,func@0x140281b8b,[Unknown],0x140281b8b
func@0x140281f00,0.0,0.0,0.0,0.0,0.0,0.0,0.0,0.0,0.0,0.0,0.0,0.0,1100033,0,0,ntoskrnl.exe,func@0x140281f00,[Unknown],0x140281f00
func@0x1402895a0,0.0,0.0,0.0,0.0,0.0,0.0,0.0,0.0,0.0,0.0,0.0,0.0,1100033,0,0,nvlddmkm.sys,func@0x1402895a0,[Unknown],0x1402895a0
func@0x14028b170,0.0,0.0,0.0,0.0,0.0,0.0,0.0,0.0,0.0,0.0,0.0,0.0,2200066,0,0,nvlddmkm.sys,func@0x14028b170,[Unknown],0x14028b170
func@0x14028f030,0.0,0.0,0.0,0.0,0.0,0.0,0.0,0.0,0.0,0.0,0.0,0.0,1100033,0,0,ntoskrnl.exe,func@0x14028f030,[Unknown],0x14028f030
func@0x1402925a0,0.0,0.0,0.0,0.0,0.0,0.0,0.0,0.0,0.0,0.0,0.0,0.0,1100033,0,0,ntoskrnl.exe,func@0x1402925a0,[Unknown],0x1402925a0
func@0x1402992d0,0.0,0.0,0.0,0.0,0.0,0.0,0.0,0.0,0.0,0.0,0.0,0.0,0,1100033,0,ntoskrnl.exe,func@0x1402992d0,[Unknown],0x1402992d0
func@0x1402a8b00,0.0,0.0,0.0,0.0,0.0,0.0,0.0,0.0,0.0,0.0,0.0,0.0,3300099,4400132,0,ntoskrnl.exe,func@0x1402a8b00,[Unknown],0x1402a8b00
func@0x1402ac990,0.0,0.0,0.0,0.0,0.0,0.0,0.0,0.0,0.0,0.0,0.0,0.0,0,1100033,0,ntoskrnl.exe,func@0x1402ac990,[Unknown],0x1402ac990
func@0x1402b65a0,0.0,0.0,0.0,0.0,0.0,0.0,0.0,0.0,0.0,0.0,0.0,0.0,400012,800024,0,ntoskrnl.exe,func@0x1402b65a0,[Unknown],0x1402b65a0
func@0x1402b6710,0.0,0.0,0.0,0.0,100.0,0.0,0.0,0.0,0.0,0.0,0.0,0.0,0,0,0,ntoskrnl.exe,func@0x1402b6710,[Unknown],0x1402b6710
func@0x1402b8420,0.0,0.0,0.0,0.0,0.0,0.0,0.0,0.0,0.0,0.0,0.0,0.0,400012,0,0,ntoskrnl.exe,func@0x1402b8420,[Unknown],0x1402b8420
func@0x1402bfac0,0.0,0.0,0.0,0.0,0.0,0.0,0.0,0.0,0.0,0.0,0.0,0.0,2200066,0,0,ntoskrnl.exe,func@0x1402bfac0,[Unknown],0x1402bfac0
func@0x1402dc09f,0.0,0.0,0.0,0.0,0.0,100.0,0.0,0.0,0.0,0.0,0.0,0.0,0,0,0,nvlddmkm.sys,func@0x1402dc09f,[Unknown],0x1402dc09f
func@0x1402dd6d0,0.0,0.0,100.0,0.0,0.0,0.0,0.0,,0.0,0.0,0.0,0.0,0,0,0,ntoskrnl.exe,func@0x1402dd6d0,[Unknown],0x1402dd6d0
func@0x1402dec80,0.0,0.0,0.0,0.0,0.0,0.0,0.0,0.0,0.0,0.0,0.0,0.0,1100033,0,0,ntoskrnl.exe,func@0x1402dec80,[Unknown],0x1402dec80
func@0x1402e0180,0.0,0.0,0.0,100.0,0.0,0.0,0.0,0.0,0.0,0.0,0.0,0.0,0,0,0,ntoskrnl.exe,func@0x1402e0180,[Unknown],0x1402e0180
func@0x1402e1ba0,0.0,0.0,0.0,0.0,0.0,0.0,0.0,0.0,0.0,,,,0,1100033,0,ntoskrnl.exe,func@0x1402e1ba0,[Unknown],0x1402e1ba0
func@0x1402e38c0,0.0,0.0,0.0,0.0,100.0,0.0,0.0,0.0,0.0,0.0,0.0,0.0,0,0,0,ntoskrnl.exe,func@0x1402e38c0,[Unknown],0x1402e38c0
func@0x1402e3910,0.0,0.0,0.0,73.5,0.0,0.0,0.0,,0.0,0.0,0.0,0.0,0,1100033,0,ntoskrnl.exe,func@0x1402e3910,[Unknown],0x1402e3910
func@0x1402e5682,0.0,0.0,0.0,0.0,0.0,0.0,0.0,0.0,0.0,0.0,0.0,0.0,1100033,0,0,ntoskrnl.exe,func@0x1402e5682,[Unknown],0x1402e5682
func@0x1402e8ac0,0.0,0.0,0.0,0.0,0.0,0.0,0.0,0.0,0.0,0.0,0.0,0.0,1100033,1100033,0,ntoskrnl.exe,func@0x1402e8ac0,[Unknown],0x1402e8ac0
func@0x1402e8b71,0.0,0.0,0.0,0.0,0.0,0.0,0.0,0.0,0.0,0.0,0.0,0.0,1100033,1100033,0,ntoskrnl.exe,func@0x1402e8b71,[Unknown],0x1402e8b71
func@0x1402e9c23,0.0,0.0,0.0,0.0,0.0,0.0,0.0,0.0,0.0,0.0,0.0,0.0,0,1100033,0,ntoskrnl.exe,func@0x1402e9c23,[Unknown],0x1402e9c23
func@0x1402ec100,0.0,0.0,0.0,0.0,0.0,0.0,0.0,0.0,0.0,0.0,0.0,0.0,0,1100033,0,ntoskrnl.exe,func@0x1402ec100,[Unknown],0x1402ec100
func@0x1403005e0,0.0,0.0,0.0,0.0,0.0,0.0,0.0,0.0,0.0,0.0,0.0,0.0,400012,0,0,ntoskrnl.exe,func@0x1403005e0,[Unknown],0x1403005e0
func@0x140301350,0.0,0.0,0.0,100.0,0.0,0.0,0.0,0.0,0.0,0.0,0.0,0.0,3300099,1100033,0,nvlddmkm.sys,func@0x140301350,[Unknown],0x140301350
func@0x140301cdb,0.0,0.0,0.0,0.0,0.0,0.0,0.0,0.0,0.0,0.0,0.0,0.0,0,1100033,0,ntoskrnl.exe,func@0x140301cdb,[Unknown],0x140301cdb
func@0x140302820,0.0,0.0,0.0,0.0,0.0,0.0,0.0,0.0,0.0,0.0,0.0,0.0,0,1100033,0,ntoskrnl.exe,func@0x140302820,[Unknown],0x140302820
func@0x140302eb0,0.0,0.0,0.0,0.0,0.0,0.0,0.0,0.0,0.0,0.0,0.0,0.0,1100033,0,0,ntoskrnl.exe,func@0x140302eb0,[Unknown],0x140302eb0
func@0x140306030,0.0,0.0,0.0,0.0,0.0,0.0,0.0,0.0,0.0,0.0,0.0,0.0,1100033,0,0,nvlddmkm.sys,func@0x140306030,[Unknown],0x140306030
func@0x140306a80,0.0,0.0,0.0,0.0,0.0,0.0,0.0,80.1,0.0,26.7,0.0,26.7,0,0,0,ntoskrnl.exe,func@0x140306a80,[Unknown],0x140306a80
func@0x14030fab2,0.0,0.0,0.0,0.0,0.0,0.0,0.0,,0.0,0.0,0.0,0.0,400012,0,0,ntoskrnl.exe,func@0x14030fab2,[Unknown],0x14030fab2
func@0x14030fb14,0.0,0.0,0.0,0.0,0.0,0.0,0.0,0.0,0.0,,,,0,1100033,0,ntoskrnl.exe,func@0x14030fb14,[Unknown],0x14030fb14
func@0x14030ffc4,0.0,0.0,0.0,0.0,0.0,0.0,0.0,0.0,0.0,,,,1100033,0,0,ntoskrnl.exe,func@0x14030ffc4,[Unknown],0x14030ffc4
func@0x140320240,0.0,0.0,0.0,0.0,0.0,0.0,0.0,0.0,0.0,0.0,0.0,0.0,1100033,0,0,ntoskrnl.exe,func@0x140320240,[Unknown],0x140320240
func@0x140321bd0,0.0,0.0,0.0,0.0,0.0,0.0,0.0,0.0,0.0,0.0,0.0,0.0,1100033,0,0,ntoskrnl.exe,func@0x140321bd0,[Unknown],0x140321bd0
func@0x140328ac0,0.0,0.0,0.0,0.0,0.0,0.0,0.0,0.0,0.0,0.0,0.0,0.0,1100033,0,0,ntoskrnl.exe,func@0x140328ac0,[Unknown],0x140328ac0
func@0x14032d2a0,0.0,0.0,0.0,0.0,0.0,0.0,0.0,0.0,0.0,0.0,0.0,0.0,400012,0,0,ntoskrnl.exe,func@0x14032d2a0,[Unknown],0x14032d2a0
func@0x14032ed00,0.0,0.0,100.0,0.0,0.0,0.0,0.0,0.0,0.0,0.0,0.0,0.0,0,0,0,ntoskrnl.exe,func@0x14032ed00,[Unknown],0x14032ed00
func@0x14032fb30,0.0,0.0,0.0,0.0,0.0,0.0,0.0,0.0,0.0,0.0,0.0,0.0,1100033,3300099,0,ntoskrnl.exe,func@0x14032fb30,[Unknown],0x14032fb30
func@0x1403300ea,0.0,0.0,0.0,0.0,0.0,0.0,0.0,0.0,0.0,0.0,0.0,0.0,1100033,0,0,ntoskrnl.exe,func@0x1403300ea,[Unknown],0x1403300ea
func@0x14033f900,0.0,0.0,0.0,0.0,0.0,0.0,0.0,0.0,0.0,0.0,0.0,0.0,1100033,1100033,0,ntoskrnl.exe,func@0x14033f900,[Unknown],0x14033f900
func@0x140340130,0.0,0.0,0.0,0.0,0.0,0.0,0.0,0.0,0.0,0.0,0.0,0.0,0,1100033,0,ntoskrnl.exe,func@0x140340130,[Unknown],0x140340130
func@0x14034640c,0.0,0.0,0.0,0.0,0.0,0.0,0.0,0.0,0.0,0.0,0.0,0.0,1100033,0,0,ntoskrnl.exe,func@0x14034640c,[Unknown],0x14034640c
func@0x14034bad0,0.0,0.0,0.0,0.0,0.0,0.0,0.0,0.0,0.0,0.0,0.0,0.0,1100033,1100033,0,ntoskrnl.exe,func@0x14034bad0,[Unknown],0x14034bad0
func@0x14035b3c0,0.0,0.0,0.0,0.0,0.0,0.0,0.0,,0.0,0.0,0.0,0.0,0,1100033,0,ntoskrnl.exe,func@0x14035b3c0,[Unknown],0x14035b3c0
func@0x140364510,0.0,0.0,0.0,100.0,0.0,0.0,0.0,0.0,0.0,0.0,0.0,0.0,0,0,0,ntoskrnl.exe,func@0x140364510,[Unknown],0x140364510
func@0x1403676d8,0.0,0.0,0.0,0.0,0.0,0.0,0.0,,0.0,,,,0,400012,0,ntoskrnl.exe,func@0x1403676d8,[Unknown],0x1403676d8
func@0x140379ad0,0.0,0.0,0.0,0.0,0.0,0.0,0.0,0.0,0.0,0.0,0.0,0.0,1100033,0,0,ntoskrnl.exe,func@0x140379ad0,[Unknown],0x140379ad0
func@0x14039d870,0.0,,0.0,0.0,0.0,0.0,0.0,0.0,0.0,0.0,0.0,0.0,0,1100033,0,nvlddmkm.sys,func@0x14039d870,[Unknown],0x14039d870
func@0x1403bd960,0.0,0.0,0.0,0.0,0.0,0.0,0.0,0.0,0.0,,,,0,2600078,0,ntoskrnl.exe,func@0x1403bd960,[Unknown],0x1403bd960
func@0x1403be84c,0.0,0.0,0.0,0.0,0.0,0.0,0.0,0.0,0.0,0.0,0.0,0.0,400012,1100033,0,ntoskrnl.exe,func@0x1403be84c,[Unknown],0x1403be84c
func@0x1403be9f0,0.0,0.0,0.0,0.0,0.0,0.0,0.0,0.0,0.0,0.0,53.4,0.0,0,0,0,ntoskrnl.exe,func@0x1403be9f0,[Unknown],0x1403be9f0
func@0x1403d524f,0.0,0.0,0.0,0.0,0.0,0.0,0.0,0.0,0.0,0.0,0.0,0.0,0,1100033,0,ntoskrnl.exe,func@0x1403d524f,[Unknown],0x1403d524f
func@0x1403d5330,0.0,0.0,0.0,0.0,0.0,0.0,0.0,0.0,0.0,0.0,0.0,0.0,2200066,0,0,ntoskrnl.exe,func@0x1403d5330,[Unknown],0x1403d5330
func@0x1403da950,0.0,0.0,0.0,0.0,0.0,0.0,0.0,,0.0,0.0,0.0,0.0,0,1100033,0,ntoskrnl.exe,func@0x1403da950,[Unknown],0x1403da950
func@0x1403dab00,0.0,0.0,0.0,0.0,0.0,0.0,0.0,0.0,0.0,0.0,0.0,0.0,0,400012,0,ntoskrnl.exe,func@0x1403dab00,[Unknown],0x1403dab00
func@0x1403dcf70,0.0,0.0,0.0,0.0,0.0,0.0,0.0,0.0,0.0,0.0,0.0,0.0,1100033,0,0,ntoskrnl.exe,func@0x1403dcf70,[Unknown],0x1403dcf70
func@0x1403e4b26,0.0,0.0,0.0,0.0,0.0,0.0,0.0,0.0,0.0,0.0,0.0,0.0,1100033,0,0,ntoskrnl.exe,func@0x1403e4b26,[Unknown],0x1403e4b26
func@0x1403ebd6c,0.0,0.0,0.0,0.0,0.0,0.0,0.0,0.0,0.0,0.0,0.0,0.0,1100033,0,0,ntoskrnl.exe,func@0x1403ebd6c,[Unknown],0x1403ebd6c
func@0x140411f41,0.0,0.0,0.0,0.0,0.0,0.0,0.0,0.0,0.0,0.0,0.0,0.0,400012,0,0,ntoskrnl.exe,func@0x140411f41,[Unknown],0x140411f41
func@0x140426b70,0.0,0.0,0.0,0.0,0.0,0.0,0.0,0.0,0.0,0.0,0.0,0.0,2200066,0,0,ntoskrnl.exe,func@0x140426b70,[Unknown],0x140426b70
func@0x140426c27,0.0,0.0,0.0,0.0,0.0,0.0,0.0,0.0,0.0,0.0,0.0,0.0,1100033,0,0,ntoskrnl.exe,func@0x140426c27,[Unknown],0x140426c27
func@0x14042c230,0.0,0.0,0.0,0.0,0.0,0.0,0.0,0.0,0.0,0.0,0.0,0.0,400012,0,0,ntoskrnl.exe,func@0x14042c230,[Unknown],0x14042c230
func@0x14042d030,0.0,0.0,0.0,0.0,0.0,0.0,0.0,,0.0,0.0,,0.0,1100033,0,0,ntoskrnl.exe,func@0x14042d030,[Unknown],0x14042d030
func@0x140439990,0.0,0.0,0.0,0.0,0.0,0.0,0.0,0.0,0.0,,,,0,400012,0,ntoskrnl.exe,func@0x140439990,[Unknown],0x140439990
func@0x140448d30,0.0,0.0,0.0,0.0,0.0,0.0,0.0,,0.0,0.0,0.0,0.0,400012,0,0,ntoskrnl.exe,func@0x140448d30,[Unknown],0x140448d30
func@0x1404e738c,0.0,0.0,0.0,0.0,0.0,0.0,0.0,0.0,0.0,0.0,0.0,0.0,400012,0,0,ntoskrnl.exe,func@0x1404e738c,[Unknown],0x1404e738c
func@0x1404e9450,0.0,0.0,0.0,0.0,0.0,0.0,0.0,0.0,0.0,,,,400012,0,0,ntoskrnl.exe,func@0x1404e9450,[Unknown],0x1404e9450
func@0x1404e9be0,0.0,0.0,0.0,0.0,0.0,0.0,0.0,,0.0,0.0,0.0,0.0,1100033,0,0,ntoskrnl.exe,func@0x1404e9be0,[Unknown],0x1404e9be0
func@0x1404f20e0,0.0,0.0,0.0,0.0,0.0,0.0,0.0,0.0,0.0,0.0,0.0,0.0,4400132,0,0,ntoskrnl.exe,func@0x1404f20e0,[Unknown],0x1404f20e0
func@0x1404f3fa0,0.0,0.0,0.0,0.0,0.0,100.0,0.0,0.0,0.0,0.0,0.0,0.0,0,0,0,ntoskrnl.exe,func@0x1404f3fa0,[Unknown],0x1404f3fa0
func@0x1405c4e64,0.0,0.0,0.0,0.0,0.0,0.0,0.0,0.0,0.0,0.0,0.0,0.0,1100033,0,0,ntoskrnl.exe,func@0x1405c4e64,[Unknown],0x1405c4e64
func@0x1405e1e14,0.0,0.0,0.0,0.0,0.0,0.0,0.0,0.0,0.0,,,,400012,0,0,ntoskrnl.exe,func@0x1405e1e14,[Unknown],0x1405e1e14
func@0x1406a52a0,0.0,0.0,0.0,0.0,0.0,0.0,0.0,0.0,0.0,,,,400012,0,0,ntoskrnl.exe,func@0x1406a52a0,[Unknown],0x1406a52a0
func@0x1406b1570,0.0,0.0,0.0,0.0,0.0,0.0,0.0,0.0,0.0,0.0,0.0,0.0,0,1100033,0,nvlddmkm.sys,func@0x1406b1570,[Unknown],0x1406b1570
func@0x1406bdfcc,0.0,0.0,0.0,0.0,0.0,0.0,0.0,0.0,0.0,0.0,0.0,0.0,1100033,0,0,ntoskrnl.exe,func@0x1406bdfcc,[Unknown],0x1406bdfcc
func@0x140849cc0,0.0,0.0,0.0,,,0.0,0.0,0.0,0.0,0.0,0.0,0.0,0,1100033,0,ntoskrnl.exe,func@0x140849cc0,[Unknown],0x140849cc0
func@0x14084a480,0.0,0.0,0.0,0.0,0.0,0.0,0.0,0.0,0.0,0.0,0.0,0.0,0,1100033,0,ntoskrnl.exe,func@0x14084a480,[Unknown],0x14084a480
func@0x140863c30,0.0,0.0,0.0,0.0,0.0,0.0,0.0,0.0,0.0,0.0,0.0,0.0,1100033,1100033,0,ntoskrnl.exe,func@0x140863c30,[Unknown],0x140863c30
func@0x140864ca0,0.0,0.0,0.0,0.0,0.0,0.0,0.0,0.0,0.0,0.0,0.0,0.0,2200066,1100033,0,ntoskrnl.exe,func@0x140864ca0,[Unknown],0x140864ca0
func@0x14089b6f0,0.0,0.0,0.0,100.0,0.0,0.0,0.0,,,0.0,0.0,0.0,1100033,0,0,ntoskrnl.exe,func@0x14089b6f0,[Unknown],0x14089b6f0
func@0x1408c2e50,0.0,0.0,0.0,0.0,0.0,0.0,0.0,0.0,0.0,0.0,0.0,0.0,0,1100033,0,ntoskrnl.exe,func@0x1408c2e50,[Unknown],0x1408c2e50
func@0x1408fc878,0.0,0.0,0.0,0.0,0.0,0.0,0.0,0.0,100.0,0.0,0.0,0.0,0,0,0,ntoskrnl.exe,func@0x1408fc878,[Unknown],0x1408fc878
func@0x140974c70,0.0,0.0,0.0,0.0,0.0,0.0,0.0,0.0,0.0,0.0,0.0,0.0,1100033,0,0,ntoskrnl.exe,func@0x140974c70,[Unknown],0x140974c70
func@0x140a2a1c0,0.0,0.0,0.0,0.0,0.0,0.0,0.0,0.0,0.0,0.0,0.0,0.0,0,400012,0,ntoskrnl.exe,func@0x140a2a1c0,[Unknown],0x140a2a1c0
func@0x140b51550,0.0,0.0,0.0,0.0,0.0,0.0,0.0,0.0,0.0,0.0,0.0,0.0,1100033,0,0,nvlddmkm.sys,func@0x140b51550,[Unknown],0x140b51550
func@0x140b551bf,0.0,0.0,0.0,0.0,0.0,0.0,0.0,0.0,0.0,0.0,0.0,0.0,1100033,0,0,nvlddmkm.sys,func@0x140b551bf,[Unknown],0x140b551bf
func@0x140d3e880,0.0,0.0,0.0,0.0,0.0,0.0,0.0,0.0,0.0,0.0,0.0,0.0,2200066,0,0,nvlddmkm.sys,func@0x140d3e880,[Unknown],0x140d3e880
func@0x140d3eb40,0.0,0.0,0.0,0.0,0.0,100.0,0.0,0.0,0.0,0.0,0.0,0.0,0,0,0,nvlddmkm.sys,func@0x140d3eb40,[Unknown],0x140d3eb40
func@0x140dc295f,0.0,0.0,0.0,0.0,0.0,0.0,0.0,0.0,0.0,0.0,0.0,0.0,0,1100033,0,nvlddmkm.sys,func@0x140dc295f,[Unknown],0x140dc295f
func@0x140de5520,0.0,0.0,0.0,,,0.0,0.0,0.0,0.0,0.0,0.0,0.0,0,1100033,0,nvlddmkm.sys,func@0x140de5520,[Unknown],0x140de5520
func@0x180004b20,0.0,0.0,0.0,0.0,0.0,0.0,0.0,0.0,0.0,0.0,0.0,0.0,0,1100033,0,fltmgr.sys,func@0x180004b20,[Unknown],0x180004b20
func@0x1800073e0,0.0,0.0,0.0,0.0,0.0,0.0,0.0,0.0,0.0,0.0,0.0,0.0,1100033,0,0,fltmgr.sys,func@0x1800073e0,[Unknown],0x1800073e0
func@0x180007fa0,0.0,0.0,0.0,0.0,0.0,0.0,0.0,,0.0,0.0,0.0,0.0,0,1100033,0,fltmgr.sys,func@0x180007fa0,[Unknown],0x180007fa0
func@0x180008044,0.0,0.0,0.0,0.0,0.0,0.0,0.0,0.0,0.0,0.0,0.0,0.0,1100033,0,0,fltmgr.sys,func@0x180008044,[Unknown],0x180008044
func@0x1800083e0,0.0,0.0,0.0,0.0,0.0,0.0,0.0,0.0,0.0,0.0,0.0,0.0,0,1100033,0,fltmgr.sys,func@0x1800083e0,[Unknown],0x1800083e0
func@0x18000d63e,0.0,0.0,0.0,0.0,0.0,0.0,0.0,0.0,0.0,0.0,0.0,0.0,1100033,0,0,fltmgr.sys,func@0x18000d63e,[Unknown],0x18000d63e
func@0x18000dfa0,0.0,0.0,0.0,0.0,0.0,0.0,0.0,0.0,0.0,,,,1100033,0,0,fltmgr.sys,func@0x18000dfa0,[Unknown],0x18000dfa0
func@0x18000e4e0,0.0,0.0,0.0,0.0,0.0,0.0,0.0,0.0,0.0,0.0,0.0,0.0,1100033,0,0,fltmgr.sys,func@0x18000e4e0,[Unknown],0x18000e4e0
func@0x180010e40,0.0,0.0,0.0,0.0,0.0,100.0,0.0,,0.0,0.0,0.0,,0,0,0,vcruntime140.dll,func@0x180010e40,[Unknown],0x180010e40
func@0x18001d8f0,0.0,0.0,0.0,0.0,0.0,0.0,0.0,0.0,0.0,0.0,0.0,0.0,2200066,0,0,fltmgr.sys,func@0x18001d8f0,[Unknown],0x18001d8f0
func@0x180024980,0.0,0.0,0.0,0.0,0.0,0.0,0.0,0.0,0.0,0.0,0.0,0.0,1100033,0,0,fltmgr.sys,func@0x180024980,[Unknown],0x180024980
func@0x1800260eb,0.0,0.0,0.0,0.0,0.0,0.0,0.0,0.0,0.0,0.0,0.0,0.0,0,1100033,0,ntdll.dll,func@0x1800260eb,[Unknown],0x1800260eb
func@0x180040190,0.0,0.0,0.0,0.0,0.0,0.0,0.0,0.0,0.0,0.0,0.0,0.0,0,1100033,0,ntdll.dll,func@0x180040190,[Unknown],0x180040190
func@0x180044310,0.0,0.0,0.0,0.0,0.0,0.0,0.0,0.0,0.0,0.0,0.0,0.0,0,400012,0,ucrtbase.dll,func@0x180044310,[Unknown],0x180044310
func@0x18005e020,0.0,0.0,0.0,0.0,0.0,0.0,0.0,0.0,0.0,0.0,0.0,0.0,1100033,1100033,0,fltmgr.sys,func@0x18005e020,[Unknown],0x18005e020
func@0x180074480,0.0,0.0,0.0,0.0,0.0,0.0,0.0,0.0,0.0,0.0,0.0,0.0,400012,0,0,ntdll.dll,func@0x180074480,[Unknown],0x180074480
func@0x1800752c0,0.0,,0.0,0.0,0.0,0.0,0.0,0.0,0.0,0.0,0.0,0.0,1100033,1100033,0,ntdll.dll,func@0x1800752c0,[Unknown],0x1800752c0
func@0x1800be370,0.0,0.0,0.0,0.0,0.0,0.0,0.0,0.0,0.0,0.0,0.0,0.0,0,0,400012,crypt32.dll,func@0x1800be370,[Unknown],0x1800be370
func@0x1c000f8a0,0.0,0.0,0.0,0.0,0.0,0.0,0.0,0.0,0.0,0.0,0.0,0.0,1100033,0,0,filecrypt.sys,func@0x1c000f8a0,[Unknown],0x1c000f8a0
func@0x1c000fca0,0.0,0.0,0.0,0.0,0.0,0.0,0.0,0.0,0.0,0.0,0.0,0.0,1100033,1100033,0,filecrypt.sys,func@0x1c000fca0,[Unknown],0x1c000fca0
func@0x1c001a350,0.0,0.0,0.0,0.0,0.0,0.0,0.0,0.0,0.0,0.0,0.0,0.0,1100033,0,0,gameflt.sys,func@0x1c001a350,[Unknown],0x1c001a350
gen_captures,0.0,0.0,0.0,0.0,0.0,0.0,0.0,0.0,0.0,0.0,0.0,0.0,0,1100033,0,frankycpp_v1.4.exe,"gen_captures(const struct Pos *, unsigned short *)",tbchess.c,0x140279c60
log,0.0,0.0,0.0,0.0,0.0,0.0,0.0,0.0,0.0,0.0,0.0,0.0,3000090,400012,0,ucrtbase.dll,log,[Unknown],0x1800a84b0
lround,0.0,0.0,0.0,0.0,0.0,0.0,0.0,0.0,0.0,0.0,0.0,0.0,1200036,400012,0,ucrtbase.dll,lround,[Unknown],0x18002a0a0
moveValueGreaterComparator::operator(),0.0,0.0,0.0,0.0,0.0,0.0,0.0,0.0,0.0,0.0,0.0,0.0,1100033,0,0,frankycpp_v1.4.exe,moveValueGreaterComparator::operator(),move.h,0x14021b279
open_tb,0.0,0.0,0.0,0.0,0.0,0.0,0.0,0.0,0.0,0.0,0.0,0.0,1100033,0,0,frankycpp_v1.4.exe,"open_tb(const char *, const char *)",tbprobe.c,0x140277e00
operator delete,0.0,0.0,0.0,0.0,0.0,0.0,0.0,0.0,0.0,0.0,0.0,0.0,4400132,4400132,0,frankycpp_v1.4.exe,"operator delete(void *,unsigned __int64)",delete_scalar_size.cpp,0x1405ee498
operator&,0.0,0.0,0.0,0.0,0.0,0.0,0.0,0.0,0.0,0.0,0.0,0.0,3300099,3000090,0,frankycpp_v1.4.exe,operator&,bitboard.h,0x140245795
operator&,0.0,0.0,0.0,0.0,0.0,0.0,0.0,,0.0,0.0,0.0,0.0,400012,0,0,frankycpp_v1.4.exe,operator&,bitboard.h,0x140239875
operator&,0.0,0.0,0.0,0.0,0.0,0.0,0.0,0.0,0.0,0.0,0.0,0.0,1500045,400012,0,frankycpp_v1.4.exe,operator&,bitboard.h,0x14023987f
operator&,0.0,0.0,0.0,0.0,0.0,0.0,0.0,0.0,0.0,0.0,0.0,0.0,1100033,0,0,frankycpp_v1.4.exe,operator&,bitboard.h,0x1402779ae
operator&,0.0,0.0,0.0,0.0,0.0,0.0,0.0,0.0,0.0,0.0,0.0,0.0,3300099,3300099,0,frankycpp_v1.4.exe,operator&,bitboard.h,0x14024111b
operator&,0.0,0.0,0.0,0.0,0.0,0.0,0.0,0.0,0.0,0.0,0.0,0.0,1100033,0,0,frankycpp_v1.4.exe,operator&,bitboard.h,0x140240b2b
operator&,0.0,0.0,0.0,0.0,0.0,0.0,0.0,0.0,0.0,,,,1100033,0,0,frankycpp_v1.4.exe,operator&,bitboard.h,0x1402396a4
operator&,0.0,0.0,0.0,0.0,0.0,0.0,0.0,0.0,0.0,,,,0,1100033,0,frankycpp_v1.4.exe,operator&,bitboard.h,0x1402398a6
operator&,0.0,0.0,0.0,0.0,0.0,0.0,0.0,,0.0,,,,2200066,0,0,frankycpp_v1.4.exe,operator&,bitboard.h,0x140245be5
operator&,0.0,0.0,0.0,0.0,0.0,0.0,0.0,0.0,0.0,0.0,0.0,0.0,1100033,1100033,0,frankycpp_v1.4.exe,operator&,bitboard.h,0x14024124a
operator&,0.0,0.0,0.0,0.0,0.0,0.0,0.0,0.0,0.0,0.0,0.0,0.0,9200276,1500045,0,frankycpp_v1.4.exe,operator&,bitboard.h,0x1402779f2
operator&,0.0,0.0,0.0,0.0,0.0,0.0,0.0,,0.0,0.0,0.0,,2200066,0,0,frankycpp_v1.4.exe,operator&,bitboard.h,0x140245732
operator&,0.0,0.0,0.0,0.0,0.0,0.0,0.0,0.0,0.0,0.0,0.0,0.0,1100033,400012,0,frankycpp_v1.4.exe,operator&,bitboard.h,0x140239af1
operator&,0.0,0.0,0.0,0.0,0.0,0.0,0.0,0.0,0.0,,,,1500045,0,0,frankycpp_v1.4.exe,operator&,bitboard.h,0x140277b2e
operator&,0.0,0.0,0.0,0.0,0.0,0.0,0.0,0.0,0.0,0.0,0.0,0.0,5500165,0,0,frankycpp_v1.4.exe,operator&,bitboard.h,0x140245761
operator&,0.0,0.0,0.0,0.0,0.0,0.0,0.0,0.0,0.0,0.0,0.0,0.0,1500045,0,0,frankycpp_v1.4.exe,operator&,bitboard.h,0x140239723
operator&,0.0,0.0,0.0,0.0,0.0,0.0,0.0,0.0,0.0,0.0,0.0,0.0,1900057,0,0,frankycpp_v1.4.exe,operator&,bitboard.h,0x140245752
operator&,0.0,0.0,0.0,0.0,0.0,0.0,0.0,0.0,0.0,0.0,0.0,0.0,800024,1100033,0,frankycpp_v1.4.exe,operator&,bitboard.h,0x140245d72
operator+,0.0,0.0,0.0,0.0,0.0,0.0,0.0,0.0,0.0,0.0,0.0,0.0,1100033,0,0,frankycpp_v1.4.exe,operator+,direction.h,0x140239773
operator+,0.0,0.0,0.0,0.0,0.0,0.0,0.0,0.0,0.0,0.0,0.0,0.0,1100033,0,0,frankycpp_v1.4.exe,operator+,depth.h,0x140209564
operator+,0.0,0.0,0.0,0.0,,,0.0,0.0,0.0,0.0,0.0,0.0,1100033,0,0,frankycpp_v1.4.exe,operator+,value.h,0x14020b0bc
operator+,0.0,0.0,0.0,0.0,0.0,0.0,0.0,0.0,0.0,0.0,0.0,0.0,11800354,3300099,0,frankycpp_v1.4.exe,operator+,value.h,0x14020ab1a
operator+,0.0,0.0,0.0,0.0,0.0,0.0,0.0,,0.0,,,,1200036,0,0,frankycpp_v1.4.exe,operator+,value.h,0x14020a726
operator+,0.0,0.0,0.0,0.0,0.0,0.0,0.0,0.0,0.0,0.0,0.0,0.0,4400132,1100033,0,frankycpp_v1.4.exe,operator+,direction.h,0x140239735
operator+,0.0,0.0,,0.0,0.0,0.0,0.0,0.0,0.0,0.0,0.0,0.0,0,400012,0,frankycpp_v1.4.exe,operator+,direction.h,0x140240cc7
operator+,0.0,0.0,0.0,0.0,0.0,0.0,0.0,0.0,0.0,0.0,0.0,0.0,0,1100033,0,frankycpp_v1.4.exe,operator+,value.h,0x140209499
operator++,0.0,0.0,0.0,0.0,0.0,0.0,0.0,0.0,0.0,0.0,0.0,0.0,1100033,0,0,frankycpp_v1.4.exe,operator++,depth.h,0x140209531
operator+=,0.0,0.0,0.0,0.0,0.0,0.0,0.0,0.0,0.0,0.0,0.0,0.0,4400132,1100033,0,frankycpp_v1.4.exe,operator+=,value.h,0x1402458c4
operator+=,0.0,0.0,0.0,0.0,0.0,0.0,0.0,0.0,0.0,0.0,0.0,0.0,2600078,0,0,frankycpp_v1.4.exe,operator+=,value.h,0x140245af3
operator+=,0.0,0.0,0.0,0.0,0.0,0.0,0.0,0.0,0.0,0.0,0.0,0.0,3300099,1100033,0,frankycpp_v1.4.exe,operator+=,value.h,0x1402452fd
operator+=,0.0,0.0,0.0,0.0,0.0,0.0,0.0,0.0,0.0,0.0,0.0,0.0,1100033,0,0,frankycpp_v1.4.exe,operator+=,value.h,0x140209358
operator-,0.0,0.0,0.0,0.0,0.0,0.0,0.0,0.0,0.0,0.0,0.0,0.0,1100033,1100033,0,frankycpp_v1.4.exe,operator-,value.h,0x14020935f
operator-,0.0,0.0,0.0,0.0,0.0,0.0,0.0,0.0,0.0,0.0,0.0,0.0,1100033,0,0,frankycpp_v1.4.exe,operator-,value.h,0x140209573
operator-,0.0,0.0,0.0,0.0,0.0,0.0,0.0,0.0,0.0,0.0,0.0,0.0,2200066,1100033,0,frankycpp_v1.4.exe,operator-,value.h,0x140209486
operator-,0.0,,0.0,91.8,0.0,0.0,0.0,0.0,0.0,0.0,0.0,0.0,0,0,0,frankycpp_v1.4.exe,operator-,value.h,0x140208dc9
operator-,0.0,0.0,0.0,0.0,0.0,0.0,0.0,0.0,0.0,,,,4400132,1100033,0,frankycpp_v1.4.exe,operator-,value.h,0x1402095ef
operator-,0.0,0.0,0.0,0.0,0.0,0.0,0.0,0.0,0.0,0.0,0.0,0.0,1100033,0,0,frankycpp_v1.4.exe,operator-,value.h,0x1402402bc
operator-,0.0,0.0,0.0,0.0,0.0,0.0,0.0,0.0,0.0,0.0,0.0,0.0,1100033,1100033,0,frankycpp_v1.4.exe,operator-,value.h,0x14020a035
operator-,0.0,0.0,0.0,0.0,0.0,0.0,0.0,,0.0,0.0,0.0,0.0,400012,0,0,frankycpp_v1.4.exe,operator-,value.h,0x140241008
operator-,0.0,0.0,0.0,0.0,0.0,0.0,0.0,,0.0,0.0,0.0,0.0,400012,0,0,frankycpp_v1.4.exe,operator-,value.h,0x14020a193
operator-,0.0,0.0,0.0,0.0,0.0,0.0,0.0,0.0,0.0,0.0,0.0,0.0,1100033,0,0,frankycpp_v1.4.exe,operator-,value.h,0x14020a0d2
operator-,0.0,0.0,0.0,0.0,0.0,0.0,0.0,0.0,0.0,0.0,0.0,0.0,2200066,0,0,frankycpp_v1.4.exe,operator-,value.h,0x140209426
operator-=,0.0,0.0,0.0,0.0,0.0,0.0,0.0,0.0,0.0,0.0,0.0,0.0,1100033,0,0,frankycpp_v1.4.exe,operator-=,depth.h,0x140209e75
operator-=,0.0,0.0,0.0,0.0,0.0,0.0,0.0,0.0,0.0,,,,2300069,0,0,frankycpp_v1.4.exe,operator-=,depth.h,0x140209ecd
operator-=,0.0,0.0,0.0,0.0,0.0,0.0,0.0,0.0,0.0,,,,3300099,0,0,frankycpp_v1.4.exe,operator-=,depth.h,0x140209e20
operator==,0.0,0.0,0.0,0.0,0.0,0.0,0.0,0.0,0.0,0.0,0.0,0.0,0,400012,0,frankycpp_v1.4.exe,operator==,castlingrights.h,0x1402413de
operator==,0.0,0.0,,,0.0,0.0,0.0,0.0,0.0,,,,400012,1100033,0,frankycpp_v1.4.exe,operator==,castlingrights.h,0x140208f6c
operator==,0.0,0.0,0.0,0.0,0.0,0.0,0.0,0.0,0.0,0.0,0.0,0.0,1100033,0,0,frankycpp_v1.4.exe,operator==,castlingrights.h,0x140241395
operator|,0.0,0.0,0.0,0.0,0.0,0.0,0.0,,0.0,,,,1200036,0,0,frankycpp_v1.4.exe,operator|,bitboard.h,0x140239648
operator|,0.0,0.0,0.0,0.0,0.0,0.0,0.0,0.0,0.0,0.0,0.0,0.0,4400132,3700111,0,frankycpp_v1.4.exe,operator|,bitboard.h,0x140239860
operator|,0.0,0.0,0.0,0.0,0.0,0.0,0.0,0.0,0.0,,,,3400102,0,0,frankycpp_v1.4.exe,operator|,bitboard.h,0x140240dfc
operator|,0.0,0.0,0.0,,,0.0,0.0,0.0,0.0,0.0,0.0,0.0,0,400012,0,frankycpp_v1.4.exe,operator|,bitboard.h,0x140208fb7
operator|,0.0,0.0,0.0,0.0,0.0,0.0,0.0,0.0,0.0,0.0,0.0,0.0,3700111,3300099,0,frankycpp_v1.4.exe,operator|,bitboard.h,0x1402398b2
operator|,0.0,0.0,0.0,0.0,0.0,0.0,0.0,0.0,0.0,,,,1100033,3900117,0,frankycpp_v1.4.exe,operator|,bitboard.h,0x140245b54
operator|,0.0,0.0,0.0,0.0,0.0,0.0,0.0,0.0,0.0,0.0,0.0,0.0,0,400012,0,frankycpp_v1.4.exe,operator|,bitboard.h,0x140240a98
operator~,0.0,0.0,0.0,0.0,0.0,0.0,0.0,,0.0,,,,800024,800024,0,frankycpp_v1.4.exe,operator~,color.h,0x140239667
operator~,0.0,0.0,0.0,0.0,0.0,0.0,0.0,0.0,0.0,0.0,0.0,0.0,2600078,4800144,0,frankycpp_v1.4.exe,operator~,color.h,0x14020a280
operator~,0.0,0.0,0.0,0.0,0.0,0.0,0.0,0.0,0.0,0.0,0.0,0.0,2200066,0,0,frankycpp_v1.4.exe,operator~,color.h,0x14020a3bb
operator~,0.0,0.0,0.0,0.0,100.0,0.0,0.0,0.0,0.0,,,,2200066,0,0,frankycpp_v1.4.exe,operator~,color.h,0x14023992f
operator~,0.0,0.0,0.0,0.0,0.0,0.0,0.0,0.0,0.0,0.0,0.0,0.0,1500045,400012,0,frankycpp_v1.4.exe,operator~,color.h,0x140239b31
"std::_Atomic_storage<unsigned __int64,8>::load",0.0,0.0,0.0,0.0,0.0,0.0,0.0,0.0,0.0,0.0,0.0,0.0,4100123,2600078,0,frankycpp_v1.4.exe,"std::_Atomic_storage<unsigned __int64,8>::load",atomic,0x140247043
"std::_Atomic_storage<unsigned __int64,8>::store",0.0,0.0,0.0,0.0,0.0,0.0,0.0,0.0,0.0,0.0,0.0,0.0,1100033,0,0,frankycpp_v1.4.exe,"std::_Atomic_storage<unsigned __int64,8>::store",atomic,0x14024388c
std::_Deallocate,0.0,0.0,0.0,0.0,0.0,0.0,0.0,0.0,0.0,0.0,0.0,0.0,0,1100033,0,frankycpp_v1.4.exe,std::_Deallocate,xmemory,0x14021aa85
std::_Deque_val<std::_Deque_simple_types<char> >::_Getblock,0.0,0.0,0.0,0.0,0.0,0.0,0.0,0.0,0.0,0.0,0.0,0.0,1100033,0,0,frankycpp_v1.4.exe,std::_Deque_val<std::_Deque_simple_types<char> >::_Getblock,deque,0x1402d42c6
std::_Fnv1a_append_value<unsigned __int64>,0.0,0.0,0.0,0.0,0.0,0.0,0.0,0.0,0.0,0.0,0.0,0.0,0,1100033,0,frankycpp_v1.4.exe,"std::_Fnv1a_append_value<unsigned __int64>(unsigned __int64,unsigned __int64 const &)",type_traits,0x14025bee0
"std::_Hash<class std::_Umap_traits<unsigned __int64,class BookEntry,class std::_Uhash_compare<unsigned __int64,struct std::hash<unsigned __int64>,struct std::equal_to<unsigned __int64> >,class std::allocator<struct std::pair<unsigned __int64 const ,class BookEntry> >,0> >::emplace<struct std::pair<unsigned __int64 const ,class BookEntry> >",0.0,0.0,0.0,0.0,0.0,0.0,0.0,0.0,0.0,0.0,0.0,0.0,2200066,1100033,0,frankycpp_v1.4.exe,"std::_Hash<class std::_Umap_traits<unsigned __int64,class BookEntry,class std::_Uhash_compare<unsigned __int64,struct std::hash<unsigned __int64>,struct std::equal_to<unsigned __int64> >,class std::allocator<struct std::pair<unsigned __int64 const ,class BookEntry> >,0> >::emplace<struct std::pair<unsigned __int64 const ,class BookEntry> >(struct std::pair<unsigned __int64 const ,class BookEntry> &&)",xhash,0x140261b20
std::_Hash_representation<unsigned __int64>,0.0,0.0,0.0,0.0,0.0,0.0,0.0,0.0,0.0,0.0,0.0,0.0,5500165,2200066,0,frankycpp_v1.4.exe,std::_Hash_representation<unsigned __int64>(unsigned __int64 const &),type_traits,0x14025ad60
"std::_Static_partitioned_for_each2<TT::Entry *,__int64,`TT::clear'::`2'::<lambda_1> >::_Process_chunk",0.0,0.0,0.0,0.0,0.0,0.0,0.0,0.0,0.0,,,,400012,0,0,frankycpp_v1.4.exe,"std::_Static_partitioned_for_each2<TT::Entry *,__int64,`TT::clear'::`2'::<lambda_1> >::_Process_chunk",execution,0x140248320
"std::_Tree<std::_Tset_traits<boost::archive::detail::basic_iarchive_impl::cobject_type,std::less<boost::archive::detail::basic_iarchive_impl::cobject_type>,std::allocator<boost::archive::detail::basic_iarchive_impl::cobject_type>,0> >::insert",0.0,0.0,0.0,0.0,0.0,0.0,0.0,0.0,0.0,0.0,0.0,0.0,6600198,1100033,0,frankycpp_v1.4.exe,"std::_Tree<std::_Tset_traits<boost::archive::detail::basic_iarchive_impl::cobject_type,std::less<boost::archive::detail::basic_iarchive_impl::cobject_type>,std::allocator<boost::archive::detail::basic_iarchive_impl::cobject_type>,0> >::insert",xtree,0x140283788
"std::array<Bitboard,64>::operator[]",0.0,0.0,0.0,0.0,0.0,0.0,0.0,0.0,0.0,,,,2000060,400012,0,frankycpp_v1.4.exe,"std::array<Bitboard,64>::operator[]",array,0x14023ab7e
"std::array<Bitboard,8>::operator[]",0.0,0.0,0.0,0.0,0.0,0.0,0.0,0.0,0.0,0.0,0.0,0.0,0,1100033,0,frankycpp_v1.4.exe,"std::array<Bitboard,8>::operator[]",array,0x140240473
"std::array<HistoryState,512>::operator[]",0.0,0.0,0.0,0.0,0.0,0.0,0.0,0.0,0.0,0.0,0.0,0.0,2200066,0,0,frankycpp_v1.4.exe,"std::array<HistoryState,512>::operator[]",array,0x1402395f0
"std::array<Move,128>::operator[]",0.0,0.0,0.0,0.0,0.0,0.0,0.0,0.0,0.0,0.0,0.0,0.0,1200036,0,0,frankycpp_v1.4.exe,"std::array<Move,128>::operator[]",array,0x14020a69c
"std::array<Move,64>::operator[]",0.0,0.0,0.0,0.0,0.0,0.0,0.0,0.0,0.0,0.0,0.0,0.0,7700231,3300099,0,frankycpp_v1.4.exe,"std::array<Move,64>::operator[]",array,0x14020a43f
"std::array<Value,25>::operator[]",0.0,0.0,0.0,0.0,0.0,0.0,0.0,0.0,0.0,0.0,0.0,0.0,0,1100033,0,frankycpp_v1.4.exe,"std::array<Value,25>::operator[]",array,0x140241302
"std::array<Value,25>::operator[]",0.0,0.0,0.0,0.0,0.0,0.0,0.0,0.0,0.0,0.0,0.0,0.0,0,1100033,0,frankycpp_v1.4.exe,"std::array<Value,25>::operator[]",array,0x140240c0a
"std::array<Value,25>::operator[]",0.0,0.0,0.0,0.0,0.0,0.0,0.0,0.0,0.0,,,,0,1100033,0,frankycpp_v1.4.exe,"std::array<Value,25>::operator[]",array,0x140241161
"std::array<Value,25>::operator[]",0.0,0.0,100.0,0.0,0.0,0.0,0.0,0.0,0.0,,,,1100033,2200066,0,frankycpp_v1.4.exe,"std::array<Value,25>::operator[]",array,0x140241280
"std::array<std::array<Bitboard,64>,8>::operator[]",0.0,0.0,0.0,0.0,0.0,0.0,0.0,0.0,0.0,0.0,0.0,0.0,1100033,0,0,frankycpp_v1.4.exe,"std::array<std::array<Bitboard,64>,8>::operator[]",array,0x1402456a4
"std::array<std::array<Move,64>,64>::operator[]",0.0,0.0,0.0,0.0,0.0,0.0,0.0,0.0,0.0,0.0,0.0,0.0,1100033,3300099,0,frankycpp_v1.4.exe,"std::array<std::array<Move,64>,64>::operator[]",array,0x14020a449
"std::basic_ios<char,struct std::char_traits<char> >::basic_ios<char,struct std::char_traits<char> >",0.0,0.0,0.0,0.0,0.0,0.0,0.0,0.0,0.0,0.0,0.0,0.0,400012,0,0,msvcp140.dll,"std::basic_ios<char,struct std::char_traits<char> >::basic_ios<char,struct std::char_traits<char> >(void)",[Unknown],0x180003c70
"std::basic_streambuf<char,std::char_traits<char> >::_Gnavail",0.0,0.0,0.0,0.0,0.0,0.0,0.0,0.0,0.0,0.0,0.0,0.0,1100033,0,0,frankycpp_v1.4.exe,"std::basic_streambuf<char,std::char_traits<char> >::_Gnavail",streambuf,0x14011ab3f
"std::basic_streambuf<char,std::char_traits<char> >::gbump",0.0,0.0,0.0,0.0,0.0,0.0,0.0,0.0,0.0,0.0,0.0,0.0,5500165,2200066,0,frankycpp_v1.4.exe,"std::basic_streambuf<char,std::char_traits<char> >::gbump",streambuf,0x14011ab7e
"std::basic_streambuf<char,struct std::char_traits<char> >::sgetn",0.0,0.0,0.0,0.0,0.0,0.0,0.0,0.0,0.0,0.0,0.0,0.0,6600198,1100033,0,msvcp140.dll,"std::basic_streambuf<char,struct std::char_traits<char> >::sgetn(char * __ptr64,__int64)",[Unknown],0x180009110
std::clamp,0.0,0.0,0.0,0.0,0.0,0.0,0.0,0.0,0.0,0.0,0.0,0.0,16900507,0,0,frankycpp_v1.4.exe,std::clamp,algorithm,0x140209f4a
std::countr_zero,0.0,0.0,0.0,0.0,0.0,0.0,0.0,0.0,0.0,0.0,0.0,0.0,2200066,0,0,frankycpp_v1.4.exe,std::countr_zero,bit,0x140240bf0
std::countr_zero,0.0,0.0,0.0,0.0,0.0,0.0,0.0,0.0,0.0,0.0,0.0,0.0,4400132,1100033,0,frankycpp_v1.4.exe,std::countr_zero,bit,0x1402456e0
"std::deque<char,std::allocator<char> >::_Emplace_back_internal",0.0,0.0,0.0,0.0,0.0,0.0,0.0,0.0,0.0,0.0,0.0,0.0,1100033,0,0,frankycpp_v1.4.exe,"std::deque<char,std::allocator<char> >::_Emplace_back_internal",deque,0x1402d4250
"std::deque<char,std::allocator<char> >::operator[]",0.0,0.0,0.0,0.0,0.0,0.0,0.0,0.0,0.0,0.0,0.0,0.0,2200066,0,0,frankycpp_v1.4.exe,"std::deque<char,std::allocator<char> >::operator[]",deque,0x1402c736a
std::hash<unsigned __int64>::_Do_hash,0.0,0.0,0.0,0.0,0.0,0.0,0.0,0.0,0.0,0.0,0.0,0.0,0,1100033,0,frankycpp_v1.4.exe,std::hash<unsigned __int64>::_Do_hash,type_traits,0x140261b45
std::ios_base::good,0.0,0.0,0.0,0.0,0.0,0.0,0.0,0.0,0.0,0.0,0.0,0.0,3300099,1100033,0,msvcp140.dll,std::ios_base::good(void),[Unknown],0x180008430
std::locale::facet::_Decref,0.0,0.0,0.0,0.0,0.0,0.0,0.0,0.0,0.0,0.0,0.0,0.0,0,1100033,0,msvcp140.dll,std::locale::facet::_Decref(void),[Unknown],0x180005a00
std::min,0.0,0.0,0.0,0.0,0.0,0.0,0.0,0.0,0.0,0.0,0.0,0.0,1100033,0,0,frankycpp_v1.4.exe,std::min,utility,0x14011ab69
std::min,0.0,0.0,0.0,0.0,0.0,0.0,0.0,0.0,0.0,0.0,0.0,0.0,1100033,1100033,0,frankycpp_v1.4.exe,std::min,utility,0x140208dcf
std::min,0.0,0.0,0.0,0.0,0.0,0.0,0.0,0.0,0.0,0.0,0.0,0.0,6600198,1100033,0,frankycpp_v1.4.exe,std::min,utility,0x140209e0b
"std::num_put<char,class std::ostreambuf_iterator<char,struct std::char_traits<char> > >::_Iput",0.0,0.0,0.0,0.0,0.0,0.0,0.0,0.0,0.0,0.0,0.0,0.0,1100033,0,0,msvcp140.dll,"std::num_put<char,class std::ostreambuf_iterator<char,struct std::char_traits<char> > >::_Iput(class std::ostreambuf_iterator<char,struct std::char_traits<char> >,class std::ios_base & __ptr64,char,char * __ptr64,unsigned __int64)",[Unknown],0x18000e7c0
std::popcount,0.0,0.0,0.0,0.0,0.0,0.0,0.0,0.0,0.0,0.0,0.0,0.0,1100033,0,0,frankycpp_v1.4.exe,std::popcount,bit,0x1402457cb
std::popcount,0.0,0.0,0.0,0.0,0.0,0.0,0.0,0.0,0.0,,,,0,400012,0,frankycpp_v1.4.exe,std::popcount,bit,0x14024032b
std::popcount,0.0,0.0,0.0,0.0,0.0,0.0,0.0,0.0,0.0,0.0,0.0,0.0,3300099,0,0,frankycpp_v1.4.exe,std::popcount,bit,0x1402457e3
std::popcount,0.0,0.0,0.0,0.0,0.0,0.0,0.0,0.0,0.0,0.0,0.0,0.0,1100033,0,0,frankycpp_v1.4.exe,std::popcount,bit,0x1402457ed
std::popcount,0.0,0.0,0.0,0.0,0.0,0.0,0.0,0.0,0.0,,,,4800144,0,0,frankycpp_v1.4.exe,std::popcount,bit,0x1402457f8
"std::ranges::_Copy_memcpy_common<Move *,Move *>",0.0,0.0,0.0,0.0,0.0,0.0,0.0,0.0,0.0,0.0,0.0,0.0,1100033,0,0,frankycpp_v1.4.exe,"std::ranges::_Copy_memcpy_common<Move *,Move *>(class Move *, class Move *, class Move *, class Move *)",xmemory,0x14021dcc0
"std::ranges::_Inplace_merge_buffer_right<Move *,moveValueGreaterComparator,std::identity>",0.0,0.0,0.0,0.0,0.0,0.0,0.0,0.0,0.0,0.0,0.0,0.0,1100033,0,0,frankycpp_v1.4.exe,"std::ranges::_Inplace_merge_buffer_right<Move *,moveValueGreaterComparator,std::identity>(class Move *, class Move *, class Move *, class Move *, const __int64, struct moveValueGreaterComparator, struct std::identity)",algorithm,0x14021d030
std::ranges::_Move_unchecked,0.0,0.0,0.0,0.0,0.0,0.0,0.0,0.0,0.0,0.0,0.0,0.0,1100033,0,0,frankycpp_v1.4.exe,std::ranges::_Move_unchecked,algorithm,0x14021d007
std::shared_ptr<YAML::detail::memory_holder>::{ctor},0.0,0.0,0.0,0.0,0.0,0.0,0.0,0.0,0.0,0.0,0.0,0.0,0,1100033,0,frankycpp_v1.4.exe,std::shared_ptr<YAML::detail::memory_holder>::{ctor},memory,0x1402c4c0d
"std::unique_ptr<PawnTT::Entry [0],std::default_delete<PawnTT::Entry [0]> >::operator[]",0.0,0.0,0.0,0.0,0.0,0.0,0.0,0.0,0.0,0.0,0.0,0.0,400012,1600048,0,frankycpp_v1.4.exe,"std::unique_ptr<PawnTT::Entry [0],std::default_delete<PawnTT::Entry [0]> >::operator[]",memory,0x1402455dd
"std::vector<Move,std::allocator<Move> >::_Tidy",0.0,0.0,0.0,0.0,0.0,0.0,0.0,0.0,0.0,0.0,0.0,0.0,0,4400132,0,frankycpp_v1.4.exe,"std::vector<Move,std::allocator<Move> >::_Tidy",vector,0x1402165f9
"std::vector<Move,std::allocator<Move> >::reserve",0.0,0.0,0.0,0.0,0.0,0.0,0.0,0.0,0.0,0.0,0.0,0.0,1100033,1100033,0,frankycpp_v1.4.exe,"std::vector<Move,std::allocator<Move> >::reserve",vector,0x140269d8f
"std::vector<boost::archive::detail::basic_iarchive_impl::cobject_id,std::allocator<boost::archive::detail::basic_iarchive_impl::cobject_id> >::operator[]",0.0,0.0,0.0,0.0,0.0,0.0,0.0,0.0,0.0,0.0,0.0,0.0,2200066,0,0,frankycpp_v1.4.exe,"std::vector<boost::archive::detail::basic_iarchive_impl::cobject_id,std::allocator<boost::archive::detail::basic_iarchive_impl::cobject_id> >::operator[]",vector,0x140282f80
"std::vector<class Move,class std::allocator<class Move> >::~vector<class Move,class std::allocator<class Move> >",0.0,0.0,0.0,0.0,0.0,0.0,0.0,0.0,0.0,0.0,0.0,0.0,1100033,1100033,0,frankycpp_v1.4.exe,"std::vector<class Move,class std::allocator<class Move> >::~vector<class Move,class std::allocator<class Move> >(void)",vector,0x1402165f0
"std::vector<unsigned __int64,class std::allocator<unsigned __int64> >::_Change_array",0.0,0.0,0.0,0.0,0.0,0.0,0.0,0.0,0.0,0.0,0.0,0.0,1100033,0,0,frankycpp_v1.4.exe,"std::vector<unsigned __int64,class std::allocator<unsigned __int64> >::_Change_array(unsigned __int64 * const,unsigned __int64,unsigned __int64)",vector,0x140259960
"std::vector<unsigned __int64,class std::allocator<unsigned __int64> >::~vector<unsigned __int64,class std::allocator<unsigned __int64> >",0.0,0.0,0.0,0.0,0.0,0.0,0.0,0.0,0.0,0.0,0.0,0.0,5500165,0,0,frankycpp_v1.4.exe,"std::vector<unsigned __int64,class std::allocator<unsigned __int64> >::~vector<unsigned __int64,class std::allocator<unsigned __int64> >(void)",vector,0x140216580
"std::vector<unsigned __int64,std::allocator<unsigned __int64> >::_Tidy",0.0,0.0,0.0,0.0,0.0,0.0,0.0,0.0,0.0,0.0,0.0,0.0,7700231,2200066,0,frankycpp_v1.4.exe,"std::vector<unsigned __int64,std::allocator<unsigned __int64> >::_Tidy",vector,0x140216589
"std::vector<unsigned __int64,std::allocator<unsigned __int64> >::resize",0.0,0.0,0.0,0.0,0.0,0.0,0.0,0.0,0.0,0.0,0.0,0.0,1100033,0,0,frankycpp_v1.4.exe,"std::vector<unsigned __int64,std::allocator<unsigned __int64> >::resize",vector,0x14026c47c
"std::vector<unsigned __int64,std::allocator<unsigned __int64> >::size",0.0,0.0,0.0,0.0,0.0,0.0,0.0,0.0,0.0,0.0,0.0,0.0,1100033,0,0,frankycpp_v1.4.exe,"std::vector<unsigned __int64,std::allocator<unsigned __int64> >::size",vector,0x14026c42e
"std::vector<unsigned __int64,std::allocator<unsigned __int64> >::{dtor}",0.0,0.0,0.0,0.0,0.0,0.0,0.0,0.0,0.0,0.0,0.0,0.0,0,1100033,0,frankycpp_v1.4.exe,"std::vector<unsigned __int64,std::allocator<unsigned __int64> >::{dtor}",vector,0x1402610eb
typeOf,0.0,0.0,0.0,0.0,0.0,0.0,0.0,0.0,0.0,0.0,0.0,0.0,3000090,1900057,0,frankycpp_v1.4.exe,typeOf,piece.h,0x14023aa6a
typeOf,0.0,0.0,0.0,0.0,0.0,0.0,0.0,0.0,0.0,0.0,0.0,0.0,1100033,0,0,frankycpp_v1.4.exe,typeOf,piece.h,0x14024115d
typeOf,0.0,0.0,0.0,0.0,0.0,0.0,0.0,0.0,0.0,0.0,0.0,0.0,2200066,0,0,frankycpp_v1.4.exe,typeOf,piece.h,0x1402411a0
typeOf,0.0,0.0,0.0,0.0,0.0,0.0,0.0,0.0,0.0,,,,3700111,1100033,0,frankycpp_v1.4.exe,typeOf,piece.h,0x14020ab0a
type_info::before,0.0,0.0,0.0,0.0,0.0,0.0,0.0,0.0,0.0,0.0,0.0,0.0,1100033,0,0,frankycpp_v1.4.exe,type_info::before,vcruntime_typeinfo.h,0x14028d3c0
valueOf,0.0,0.0,0.0,0.0,0.0,0.0,0.0,0.0,0.0,0.0,0.0,0.0,0,400012,0,frankycpp_v1.4.exe,valueOf,value.h,0x140277793
valueOf,0.0,0.0,0.0,0.0,0.0,0.0,0.0,0.0,0.0,0.0,0.0,0.0,3300099,1100033,0,frankycpp_v1.4.exe,valueOf,value.h,0x1402777ee
